Débit en amont du tronçon (m3/s);ONDE CINEMATIQUE MODIFIEE ( VERSION 4.4.0.0000 )
date heure\troncon;1;2;3;4;5;6;7;8;9;10;11;12;13;14;15;16;17;18;19;20;21;22;23;24;25;26;27;28;29;30;31;32;33;34;35;36;37;38;39;40;41;42;43;44;45;46;47;48;49;50;51;52;53;54;55;56;57;58;59;60;61;62;63;64;65;66;67;68;69;70;71;72;73;74;75;76;77;78;79;80;81;82;83;84;85;86;87;88;89;90;91;92;93;94;95;96;97;98;99;100;101;102;103;104;105;106;107;108;109;110;111;112;113;114;115;116;117;118;119;120;121;122;123;124;125;126;127;128;129;130;131;132;133;134;135;136;137;138;139;140;141;142;143;144;145;146;147;148;149;150;151;152;153;154;155;156;157;158;159;160;161;162;163;164;165;166;167;168;169;170;171;172;173;174;175;176;177;178;179;180;181;182;183;184;185;186;187;188;189;190;191;192;193;194;195;196
2020-01-01 00:00;13.01557;13.01536;0.00000;13.00481;0.03564;0.00000;0.00000;12.93777;0.00000;12.93421;0.00000;12.92820;0.00000;12.92188;0.00000;12.92157;12.91459;0.00000;12.90565;12.89555;0.00000;12.89246;0.00042;0.00000;0.00000;12.88830;0.00000;12.88525;12.86259;0.00000;12.84904;0.00000;12.84483;0.00000;12.84168;0.00000;12.84078;12.80976;12.80563;12.71359;12.69428;11.29253;11.27489;0.00000;8.29926;8.25090;0.00000;7.46766;7.41573;7.21558;7.10497;6.92783;6.18521;0.00000;6.14514;0.00000;6.09345;5.99285;5.93158;0.00000;5.86445;5.83081;0.00000;5.73680;4.43936;0.00000;4.04186;3.79910;0.00000;3.16067;0.00000;2.16936;0.45899;0.41305;0.03013;0.00000;0.00000;0.00000;0.00000;1.56222;1.55298;0.00000;1.47560;1.44339;1.37065;1.31993;1.25795;0.00000;1.22678;1.05159;1.04840;1.00407;0.00000;0.94239;0.00000;0.87263;0.51762;0.32970;0.26929;0.24925;0.20380;0.17409;0.00000;0.14888;0.00000;0.13745;0.00000;0.12979;0.00000;0.12025;0.00606;0.00000;0.00104;0.00000;0.00000;0.11353;0.00000;0.10814;0.09976;0.07268;0.01310;0.00000;0.00182;0.00000;0.00000;0.00000;0.00000;0.00533;0.00000;0.00000;0.00000;0.03272;0.00000;0.00796;0.00000;0.00000;0.00000;0.03068;0.00000;0.01729;0.00000;0.00892;0.00529;0.00279;0.00000;0.00000;0.00000;0.00000;0.00000;0.25523;0.19881;0.13586;0.16738;0.16638;0.01151;0.00326;0.00000;0.14203;0.01287;0.00000;0.00000;0.00000;0.00000;0.00000;0.00000;0.00000;0.00000;0.05296;0.00000;0.00000;0.00000;0.00000;0.00000;1.22494;1.18006;0.00000;0.00000;0.00000;0.00000;0.00000;0.00000;0.00000;0.00000;0.00000;0.00000;0.00000;0.00000;0.00000;0.00000;0.00000;0.00000;0.00000;0.00000;0.00000;0.00000;0.00000
2020-01-02 00:00;7.71914;7.71806;0.00000;7.69595;0.04037;0.00000;0.00000;7.56244;0.00000;7.54942;0.00000;7.53359;0.00000;7.50868;0.00000;7.50747;7.47938;0.00000;7.44196;7.41219;0.00000;7.40000;0.00053;0.00000;0.00000;7.38280;0.00000;7.37248;7.30386;0.00000;7.26134;0.00000;7.24449;0.00000;7.22991;0.00000;7.22804;7.15274;7.14393;7.01849;6.93267;6.30861;6.25422;0.00000;4.03644;3.95393;0.00000;3.25799;3.16887;2.93216;2.73392;2.69185;2.49130;0.00000;2.46702;0.00000;2.44587;2.39483;2.38473;0.00000;2.35292;2.33915;0.00000;2.29846;1.98073;0.00000;1.88780;1.82726;0.00000;1.67594;0.00000;1.39708;0.11259;0.09904;0.02568;0.00000;0.00000;0.00000;0.00000;1.21637;1.20680;0.00000;1.13966;1.10802;1.05403;1.00390;0.95291;0.00000;0.92595;0.81130;0.80806;0.78300;0.00000;0.74263;0.00000;0.67288;0.39220;0.25939;0.20483;0.18732;0.15315;0.13001;0.00000;0.10586;0.00000;0.09646;0.00000;0.09096;0.00000;0.08435;0.00475;0.00000;0.00045;0.00000;0.00000;0.07917;0.00000;0.07474;0.06716;0.04465;0.00664;0.00000;0.00126;0.00000;0.00000;0.00000;0.00000;0.00378;0.00000;0.00000;0.00000;0.02300;0.00000;0.00638;0.00000;0.00000;0.00000;0.02456;0.00000;0.01389;0.00000;0.00593;0.00391;0.00232;0.00000;0.00000;0.00000;0.00000;0.00000;0.24165;0.20707;0.15178;0.16064;0.16006;0.01108;0.00294;0.00000;0.14356;0.00896;0.00000;0.00000;0.00000;0.00000;0.00000;0.00000;0.00000;0.00000;0.03801;0.00000;0.00000;0.00000;0.00000;0.00000;0.27648;0.26970;0.00000;0.00000;0.00000;0.00000;0.00000;0.00000;0.00000;0.00000;0.00000;0.00000;0.00000;0.00000;0.00000;0.00000;0.00000;0.00000;0.00000;0.00000;0.00000;0.00000;0.00000
2020-01-03 00:00;5.98471;5.98450;0.00000;5.95843;0.11928;0.00000;0.00000;5.76978;0.00000;5.76260;0.00000;5.75168;0.00000;5.73944;0.00000;5.73893;5.72685;0.00000;5.71200;5.69066;0.00000;5.68500;0.00135;0.00000;0.00000;5.67686;0.00000;5.66726;5.59322;0.00000;5.55453;0.00000;5.54540;0.00000;5.54087;0.00000;5.53890;5.48621;5.47712;5.35150;5.31922;5.13124;5.11150;0.00000;2.49760;2.34951;0.00000;1.88012;1.74214;1.57520;1.28737;1.28066;1.25090;0.00000;1.24315;0.00000;1.23682;1.22085;1.21911;0.00000;1.20874;1.20435;0.00000;1.19117;1.13688;0.00000;1.11474;1.09850;0.00000;1.07370;0.00000;1.00835;0.05736;0.05001;0.02202;0.00000;0.00000;0.00000;0.00000;0.90437;0.89704;0.00000;0.85026;0.82633;0.79146;0.75500;0.71429;0.00000;0.69867;0.62042;0.61762;0.60100;0.00000;0.56761;0.00000;0.51383;0.26673;0.16042;0.11514;0.10061;0.08079;0.07296;0.00000;0.05433;0.00000;0.04944;0.00000;0.04625;0.00000;0.04255;0.00309;0.00000;0.00037;0.00000;0.00000;0.03913;0.00000;0.03609;0.03039;0.01741;0.00416;0.00000;0.00109;0.00000;0.00000;0.00000;0.00000;0.00194;0.00000;0.00000;0.00000;0.01130;0.00000;0.00202;0.00000;0.00000;0.00000;0.02067;0.00000;0.01121;0.00000;0.00421;0.00326;0.00196;0.00000;0.00000;0.00000;0.00000;0.00000;0.22312;0.19926;0.15793;0.15102;0.15065;0.00887;0.00225;0.00000;0.13872;0.00509;0.00000;0.00000;0.00000;0.00000;0.00000;0.00000;0.00000;0.00000;0.02303;0.00000;0.00000;0.00000;0.00000;0.00000;0.04010;0.03860;0.00000;0.00000;0.00000;0.00000;0.00000;0.00000;0.00000;0.00000;0.00000;0.00000;0.00000;0.00000;0.00000;0.00000;0.00000;0.00000;0.00000;0.00000;0.00000;0.00000;0.00000
2020-01-04 00:00;3.04049;3.03973;0.00000;3.01845;0.05833;0.00000;0.00000;2.88129;0.00000;2.87127;0.00000;2.85468;0.00000;2.83577;0.00000;2.83491;2.81376;0.00000;2.78650;2.76112;0.00000;2.75201;0.00053;0.00000;0.00000;2.73968;0.00000;2.73238;2.67980;0.00000;2.64588;0.00000;2.63374;0.00000;2.62373;0.00000;2.62202;2.55750;2.54735;2.42703;2.36661;2.31314;2.27301;0.00000;1.19507;1.14260;0.00000;1.06488;1.01937;0.98947;0.92054;0.91894;0.90989;0.00000;0.90774;0.00000;0.90588;0.90137;0.90080;0.00000;0.89759;0.89618;0.00000;0.89162;0.87041;0.00000;0.86142;0.85446;0.00000;0.84135;0.00000;0.80418;0.04912;0.04260;0.01807;0.00000;0.00000;0.00000;0.00000;0.72232;0.71697;0.00000;0.68235;0.66511;0.63845;0.61430;0.58708;0.00000;0.57561;0.51650;0.51407;0.50001;0.00000;0.47017;0.00000;0.43059;0.20274;0.11749;0.08383;0.07353;0.05884;0.04948;0.00000;0.03881;0.00000;0.03557;0.00000;0.03335;0.00000;0.02992;0.00184;0.00000;0.00027;0.00000;0.00000;0.02783;0.00000;0.02623;0.02230;0.01488;0.00373;0.00000;0.00083;0.00000;0.00000;0.00000;0.00000;0.00209;0.00000;0.00000;0.00000;0.00967;0.00000;0.00186;0.00000;0.00000;0.00000;0.01814;0.00000;0.00990;0.00000;0.00400;0.00293;0.00174;0.00000;0.00000;0.00000;0.00000;0.00000;0.20738;0.18813;0.15762;0.14295;0.14257;0.00665;0.00126;0.00000;0.13302;0.00459;0.00000;0.00000;0.00000;0.00000;0.00000;0.00000;0.00000;0.00000;0.01780;0.00000;0.00000;0.00000;0.00000;0.00000;0.01652;0.01594;0.00000;0.00000;0.00000;0.00000;0.00000;0.00000;0.00000;0.00000;0.00000;0.00000;0.00000;0.00000;0.00000;0.00000;0.00000;0.00000;0.00000;0.00000;0.00000;0.00000;0.00000
2020-01-05 00:00;1.55053;1.55013;0.00000;1.53733;0.02131;0.00000;0.00000;1.47437;0.00000;1.46885;0.00000;1.45863;0.00000;1.44940;0.00000;1.44892;1.43739;0.00000;1.42262;1.40929;0.00000;1.40458;0.00036;0.00000;0.00000;1.39805;0.00000;1.39453;1.37030;0.00000;1.35473;0.00000;1.34856;0.00000;1.34325;0.00000;1.34227;1.29913;1.29257;1.21403;1.18405;1.15945;1.13910;0.00000;0.86281;0.85423;0.00000;0.84285;0.83793;0.82917;0.81868;0.81721;0.80990;0.00000;0.80878;0.00000;0.80783;0.80552;0.80513;0.00000;0.80329;0.80235;0.00000;0.79928;0.78006;0.00000;0.77394;0.76916;0.00000;0.75692;0.00000;0.72512;0.04829;0.04153;0.01713;0.00000;0.00000;0.00000;0.00000;0.65067;0.64708;0.00000;0.62068;0.60615;0.58153;0.55882;0.54378;0.00000;0.53350;0.47820;0.47588;0.46171;0.00000;0.43277;0.00000;0.40659;0.18872;0.10683;0.07392;0.06296;0.04947;0.04265;0.00000;0.03750;0.00000;0.03450;0.00000;0.03218;0.00000;0.02909;0.00172;0.00000;0.00038;0.00000;0.00000;0.02711;0.00000;0.02501;0.02130;0.01403;0.00402;0.00000;0.00111;0.00000;0.00000;0.00000;0.00000;0.00176;0.00000;0.00000;0.00000;0.00843;0.00000;0.00147;0.00000;0.00000;0.00000;0.01753;0.00000;0.00852;0.00000;0.00384;0.00297;0.00184;0.00000;0.00000;0.00000;0.00000;0.00000;0.19645;0.18062;0.15545;0.13638;0.13602;0.00507;0.00098;0.00000;0.12783;0.00465;0.00000;0.00000;0.00000;0.00000;0.00000;0.00000;0.00000;0.00000;0.01650;0.00000;0.00000;0.00000;0.00000;0.00000;0.01648;0.01596;0.00000;0.00000;0.00000;0.00000;0.00000;0.00000;0.00000;0.00000;0.00000;0.00000;0.00000;0.00000;0.00000;0.00000;0.00000;0.00000;0.00000;0.00000;0.00000;0.00000;0.00000
2020-01-06 00:00;1.11574;1.11562;0.00000;1.10668;0.01820;0.00000;0.00000;1.06666;0.00000;1.06411;0.00000;1.05984;0.00000;1.05629;0.00000;1.05608;1.05111;0.00000;1.04522;1.03904;0.00000;1.03718;0.00035;0.00000;0.00000;1.03466;0.00000;1.03322;1.02219;0.00000;1.01579;0.00000;1.01339;0.00000;1.01153;0.00000;1.01083;0.98160;0.97854;0.92477;0.91503;0.89536;0.88855;0.00000;0.80532;0.80312;0.00000;0.79460;0.79268;0.78786;0.78023;0.77869;0.77169;0.00000;0.77094;0.00000;0.77028;0.76867;0.76834;0.00000;0.76696;0.76621;0.00000;0.76373;0.74428;0.00000;0.73939;0.73557;0.00000;0.72389;0.00000;0.69507;0.04619;0.03930;0.01526;0.00000;0.00000;0.00000;0.00000;0.62540;0.62176;0.00000;0.60002;0.58699;0.56323;0.54462;0.53040;0.00000;0.51963;0.46627;0.46408;0.44987;0.00000;0.42244;0.00000;0.39166;0.18335;0.10761;0.08021;0.07085;0.05686;0.04710;0.00000;0.03960;0.00000;0.03639;0.00000;0.03415;0.00000;0.03060;0.00187;0.00000;0.00029;0.00000;0.00000;0.02848;0.00000;0.02689;0.02339;0.01572;0.00395;0.00000;0.00087;0.00000;0.00000;0.00000;0.00000;0.00220;0.00000;0.00000;0.00000;0.00964;0.00000;0.00205;0.00000;0.00000;0.00000;0.01514;0.00000;0.00726;0.00000;0.00394;0.00279;0.00172;0.00000;0.00000;0.00000;0.00000;0.00000;0.18805;0.17392;0.15262;0.13060;0.13021;0.00409;0.00075;0.00000;0.12295;0.00479;0.00000;0.00000;0.00000;0.00000;0.00000;0.00000;0.00000;0.00000;0.01566;0.00000;0.00000;0.00000;0.00000;0.00000;0.01745;0.01693;0.00000;0.00000;0.00000;0.00000;0.00000;0.00000;0.00000;0.00000;0.00000;0.00000;0.00000;0.00000;0.00000;0.00000;0.00000;0.00000;0.00000;0.00000;0.00000;0.00000;0.00000
2020-01-07 00:00;0.99942;0.99937;0.00000;0.99176;0.01736;0.00000;0.00000;0.95792;0.00000;0.95609;0.00000;0.95292;0.00000;0.95066;0.00000;0.95050;0.94707;0.00000;0.94330;0.93925;0.00000;0.93806;0.00034;0.00000;0.00000;0.93644;0.00000;0.93547;0.92755;0.00000;0.92354;0.00000;0.92199;0.00000;0.92089;0.00000;0.92026;0.89473;0.89252;0.85903;0.85368;0.83504;0.83121;0.00000;0.78589;0.78438;0.00000;0.77580;0.77388;0.76892;0.76282;0.76127;0.75443;0.00000;0.75358;0.00000;0.75282;0.75099;0.75064;0.00000;0.74910;0.74829;0.00000;0.74563;0.72596;0.00000;0.72064;0.71646;0.00000;0.70508;0.00000;0.67590;0.04656;0.03978;0.01678;0.00000;0.00000;0.00000;0.00000;0.60521;0.60192;0.00000;0.57853;0.56510;0.54333;0.52213;0.50954;0.00000;0.49913;0.44852;0.44627;0.43197;0.00000;0.40476;0.00000;0.37709;0.17761;0.10285;0.07478;0.06390;0.05025;0.04325;0.00000;0.03757;0.00000;0.03448;0.00000;0.03215;0.00000;0.02904;0.00173;0.00000;0.00036;0.00000;0.00000;0.02704;0.00000;0.02499;0.02155;0.01410;0.00398;0.00000;0.00106;0.00000;0.00000;0.00000;0.00000;0.00178;0.00000;0.00000;0.00000;0.00855;0.00000;0.00153;0.00000;0.00000;0.00000;0.01345;0.00000;0.00502;0.00000;0.00366;0.00280;0.00180;0.00000;0.00000;0.00000;0.00000;0.00000;0.18079;0.16857;0.14930;0.12497;0.12461;0.00342;0.00106;0.00000;0.11802;0.00467;0.00000;0.00000;0.00000;0.00000;0.00000;0.00000;0.00000;0.00000;0.01339;0.00000;0.00000;0.00000;0.00000;0.00000;0.01740;0.01687;0.00000;0.00000;0.00000;0.00000;0.00000;0.00000;0.00000;0.00000;0.00000;0.00000;0.00000;0.00000;0.00000;0.00000;0.00000;0.00000;0.00000;0.00000;0.00000;0.00000;0.00000
2020-01-08 00:00;0.95628;0.95626;0.00000;0.94939;0.01638;0.00000;0.00000;0.91881;0.00000;0.91730;0.00000;0.91516;0.00000;0.91333;0.00000;0.91319;0.91045;0.00000;0.90760;0.90392;0.00000;0.90301;0.00035;0.00000;0.00000;0.90179;0.00000;0.90099;0.89434;0.00000;0.89088;0.00000;0.88971;0.00000;0.88896;0.00000;0.88834;0.86497;0.86341;0.82847;0.82455;0.80617;0.80337;0.00000;0.76127;0.76017;0.00000;0.75180;0.75038;0.74598;0.74084;0.73919;0.73276;0.00000;0.73212;0.00000;0.73159;0.73025;0.72995;0.00000;0.72875;0.72805;0.00000;0.72576;0.70621;0.00000;0.70183;0.69843;0.00000;0.68714;0.00000;0.66069;0.04519;0.03826;0.01504;0.00000;0.00000;0.00000;0.00000;0.59381;0.59037;0.00000;0.56942;0.55757;0.53477;0.51738;0.50308;0.00000;0.49236;0.44284;0.44073;0.42657;0.00000;0.40058;0.00000;0.36969;0.17614;0.10704;0.08115;0.07185;0.05752;0.04744;0.00000;0.03975;0.00000;0.03652;0.00000;0.03424;0.00000;0.03065;0.00191;0.00000;0.00029;0.00000;0.00000;0.02849;0.00000;0.02696;0.02373;0.01593;0.00397;0.00000;0.00084;0.00000;0.00000;0.00000;0.00000;0.00224;0.00000;0.00000;0.00000;0.00991;0.00000;0.00214;0.00000;0.00000;0.00000;0.01406;0.00000;0.00679;0.00000;0.00387;0.00269;0.00168;0.00000;0.00000;0.00000;0.00000;0.00000;0.17506;0.16466;0.14566;0.11993;0.11953;0.00298;0.00084;0.00000;0.11330;0.00486;0.00000;0.00000;0.00000;0.00000;0.00000;0.00000;0.00000;0.00000;0.01506;0.00000;0.00000;0.00000;0.00000;0.00000;0.01782;0.01727;0.00000;0.00000;0.00000;0.00000;0.00000;0.00000;0.00000;0.00000;0.00000;0.00000;0.00000;0.00000;0.00000;0.00000;0.00000;0.00000;0.00000;0.00000;0.00000;0.00000;0.00000
2020-01-09 00:00;0.93566;0.93564;0.00000;0.92950;0.01456;0.00000;0.00000;0.90209;0.00000;0.90069;0.00000;0.89787;0.00000;0.89608;0.00000;0.89594;0.89332;0.00000;0.89060;0.88734;0.00000;0.88647;0.00033;0.00000;0.00000;0.88532;0.00000;0.88461;0.87883;0.00000;0.87580;0.00000;0.87467;0.00000;0.87387;0.00000;0.87327;0.85061;0.84845;0.81734;0.81310;0.79547;0.79238;0.00000;0.75090;0.74945;0.00000;0.74108;0.73919;0.73452;0.72983;0.72836;0.72197;0.00000;0.72111;0.00000;0.72033;0.71843;0.71808;0.00000;0.71652;0.71572;0.00000;0.71310;0.69369;0.00000;0.68835;0.68413;0.00000;0.67314;0.00000;0.64526;0.04476;0.03812;0.01619;0.00000;0.00000;0.00000;0.00000;0.57664;0.57305;0.00000;0.54995;0.53699;0.51480;0.49398;0.48134;0.00000;0.47086;0.42541;0.42319;0.40902;0.00000;0.38297;0.00000;0.35539;0.16977;0.10262;0.07415;0.06330;0.04972;0.04264;0.00000;0.03695;0.00000;0.03384;0.00000;0.03159;0.00000;0.02850;0.00170;0.00000;0.00035;0.00000;0.00000;0.02655;0.00000;0.02455;0.02117;0.01383;0.00388;0.00000;0.00103;0.00000;0.00000;0.00000;0.00000;0.00177;0.00000;0.00000;0.00000;0.00850;0.00000;0.00154;0.00000;0.00000;0.00000;0.01394;0.00000;0.00618;0.00000;0.00354;0.00270;0.00176;0.00000;0.00000;0.00000;0.00000;0.00000;0.16983;0.15975;0.14179;0.11488;0.11452;0.00262;0.00105;0.00000;0.10881;0.00462;0.00000;0.00000;0.00000;0.00000;0.00000;0.00000;0.00000;0.00000;0.01405;0.00000;0.00000;0.00000;0.00000;0.00000;0.01714;0.01663;0.00000;0.00000;0.00000;0.00000;0.00000;0.00000;0.00000;0.00000;0.00000;0.00000;0.00000;0.00000;0.00000;0.00000;0.00000;0.00000;0.00000;0.00000;0.00000;0.00000;0.00000
2020-01-10 00:00;0.90067;0.90065;0.00000;0.89473;0.01429;0.00000;0.00000;0.86790;0.00000;0.86652;0.00000;0.86436;0.00000;0.86247;0.00000;0.86234;0.85980;0.00000;0.85716;0.85363;0.00000;0.85277;0.00034;0.00000;0.00000;0.85161;0.00000;0.85083;0.84457;0.00000;0.84114;0.00000;0.84000;0.00000;0.83922;0.00000;0.83861;0.81674;0.81514;0.78286;0.77868;0.76139;0.75838;0.00000;0.71827;0.71696;0.00000;0.70895;0.70727;0.70282;0.69779;0.69630;0.69048;0.00000;0.68976;0.00000;0.68914;0.68762;0.68730;0.00000;0.68600;0.68529;0.00000;0.68297;0.66423;0.00000;0.65967;0.65613;0.00000;0.64541;0.00000;0.62019;0.04271;0.03606;0.01429;0.00000;0.00000;0.00000;0.00000;0.55574;0.55243;0.00000;0.53203;0.52060;0.49854;0.48152;0.46811;0.00000;0.45772;0.41422;0.41213;0.39828;0.00000;0.37367;0.00000;0.34414;0.16332;0.10155;0.07727;0.06805;0.05424;0.04490;0.00000;0.03774;0.00000;0.03470;0.00000;0.03250;0.00000;0.02904;0.00182;0.00000;0.00028;0.00000;0.00000;0.02697;0.00000;0.02548;0.02239;0.01491;0.00386;0.00000;0.00081;0.00000;0.00000;0.00000;0.00000;0.00214;0.00000;0.00000;0.00000;0.00944;0.00000;0.00196;0.00000;0.00000;0.00000;0.01242;0.00000;0.00573;0.00000;0.00370;0.00260;0.00163;0.00000;0.00000;0.00000;0.00000;0.00000;0.16477;0.15549;0.13770;0.11047;0.11008;0.00238;0.00081;0.00000;0.10455;0.00467;0.00000;0.00000;0.00000;0.00000;0.00000;0.00000;0.00000;0.00000;0.01428;0.00000;0.00000;0.00000;0.00000;0.00000;0.01686;0.01634;0.00000;0.00000;0.00000;0.00000;0.00000;0.00000;0.00000;0.00000;0.00000;0.00000;0.00000;0.00000;0.00000;0.00000;0.00000;0.00000;0.00000;0.00000;0.00000;0.00000;0.00000
2020-01-11 00:00;12.02361;12.02609;0.00000;12.02626;0.13794;0.00000;0.00000;11.97831;0.00000;11.99583;0.00000;12.01405;0.00000;12.05909;0.00000;12.06101;12.10543;0.00000;12.16906;12.19952;0.00000;12.21873;0.00167;0.00000;0.00000;12.24960;0.00000;12.25637;12.28051;0.00000;12.31185;0.00000;12.33880;0.00000;12.36604;0.00000;12.36642;12.42950;12.43435;12.38005;12.53270;11.63820;11.73583;0.00000;9.19947;9.13419;0.00000;8.32190;8.28006;8.08923;7.89240;7.60444;7.00064;0.00000;6.97013;0.00000;6.90538;6.80789;6.69184;0.00000;6.59934;6.54017;0.00000;6.42112;5.01102;0.00000;4.52011;4.23029;0.00000;3.58850;0.00000;2.68969;0.75938;0.72515;0.03227;0.00000;0.00000;0.00000;0.00000;1.79441;1.79497;0.00000;1.78119;1.78703;1.71261;1.70922;1.65446;0.00000;1.63823;1.36700;1.36594;1.31521;0.00000;1.21704;0.00000;1.16665;0.64304;0.33370;0.26349;0.24276;0.19015;0.17415;0.00000;0.15263;0.00000;0.14636;0.00000;0.13718;0.00000;0.12558;0.00762;0.00000;0.00198;0.00000;0.00000;0.11709;0.00000;0.11120;0.10305;0.06615;0.02409;0.00000;0.00253;0.00000;0.00000;0.00000;0.00000;0.00589;0.00000;0.00000;0.00000;0.03494;0.00000;0.00719;0.00000;0.00000;0.00000;0.03975;0.00000;0.02278;0.00000;0.01592;0.00912;0.00370;0.00000;0.00000;0.00000;0.00000;0.00000;0.24820;0.20112;0.13797;0.15967;0.15806;0.00799;0.00332;0.00000;0.13302;0.01460;0.00000;0.00000;0.00000;0.00000;0.00000;0.00000;0.00000;0.00000;0.05490;0.00000;0.00000;0.00000;0.00000;0.00000;1.34143;1.24499;0.00000;0.00000;0.00000;0.00000;0.00000;0.00000;0.00000;0.00000;0.00000;0.00000;0.00000;0.00000;0.00000;0.00000;0.00000;0.00000;0.00000;0.00000;0.00000;0.00000;0.00000
2020-01-12 00:00;13.12925;13.12874;0.00000;13.10968;0.06454;0.00000;0.00000;12.98031;0.00000;12.97240;0.00000;12.95771;0.00000;12.94336;0.00000;12.94269;12.92654;0.00000;12.90695;12.88596;0.00000;12.87943;0.00067;0.00000;0.00000;12.87055;0.00000;12.86502;12.82428;0.00000;12.79746;0.00000;12.78861;0.00000;12.78156;0.00000;12.77984;12.72525;12.71542;12.55753;12.51204;11.30995;11.27609;0.00000;7.17429;7.09649;0.00000;6.25884;6.17682;5.97076;5.82118;5.71205;5.16396;0.00000;5.13396;0.00000;5.09949;5.02735;4.99235;0.00000;4.94880;4.92861;0.00000;4.86526;3.89798;0.00000;3.63385;3.47307;0.00000;3.02297;0.00000;2.31478;0.32098;0.28096;0.03557;0.00000;0.00000;0.00000;0.00000;1.87186;1.86071;0.00000;1.77147;1.73120;1.65717;1.59256;1.52188;0.00000;1.48697;1.28791;1.28370;1.23388;0.00000;1.13893;0.00000;1.05316;0.67688;0.43895;0.35756;0.32348;0.26871;0.23791;0.00000;0.20824;0.00000;0.19286;0.00000;0.18282;0.00000;0.17071;0.00852;0.00000;0.00216;0.00000;0.00000;0.16120;0.00000;0.14999;0.13822;0.10108;0.02008;0.00000;0.00603;0.00000;0.00000;0.00000;0.00000;0.00644;0.00000;0.00000;0.00000;0.03961;0.00000;0.00899;0.00000;0.00000;0.00000;0.04470;0.00000;0.02028;0.00000;0.01066;0.00685;0.00420;0.00000;0.00000;0.00000;0.00000;0.00000;0.29682;0.23045;0.15499;0.19376;0.19257;0.01356;0.00416;0.00000;0.16291;0.01708;0.00000;0.00000;0.00000;0.00000;0.00000;0.00000;0.00000;0.00000;0.05245;0.00000;0.00000;0.00000;0.00000;0.00000;0.91591;0.89210;0.00000;0.00000;0.00000;0.00000;0.00000;0.00000;0.00000;0.00000;0.00000;0.00000;0.00000;0.00000;0.00000;0.00000;0.00000;0.00000;0.00000;0.00000;0.00000;0.00000;0.00000
2020-01-13 00:00;4.87863;4.87689;0.00000;4.84930;0.01868;0.00000;0.00000;4.69906;0.00000;4.67915;0.00000;4.65117;0.00000;4.61354;0.00000;4.61167;4.56765;0.00000;4.50975;4.46635;0.00000;4.44783;0.00044;0.00000;0.00000;4.42190;0.00000;4.40855;4.32438;0.00000;4.26730;0.00000;4.24241;0.00000;4.21938;0.00000;4.21691;4.10756;4.09165;3.93783;3.80221;3.57652;3.49088;0.00000;2.62422;2.57013;0.00000;2.40627;2.35104;2.26376;2.17265;2.16337;2.06810;0.00000;2.04904;0.00000;2.03372;1.99497;1.99090;0.00000;1.96646;1.95625;0.00000;1.92642;1.77915;0.00000;1.73163;1.69839;0.00000;1.63260;0.00000;1.48276;0.07622;0.06436;0.02773;0.00000;0.00000;0.00000;0.00000;1.33741;1.32704;0.00000;1.25813;1.22386;1.17493;1.11978;1.06835;0.00000;1.04378;0.93609;0.93217;0.90490;0.00000;0.84517;0.00000;0.76581;0.47115;0.31123;0.24035;0.21309;0.17661;0.15732;0.00000;0.13153;0.00000;0.12084;0.00000;0.11299;0.00000;0.10615;0.00580;0.00000;0.00082;0.00000;0.00000;0.09982;0.00000;0.09109;0.08173;0.05519;0.00864;0.00000;0.00306;0.00000;0.00000;0.00000;0.00000;0.00361;0.00000;0.00000;0.00000;0.02323;0.00000;0.00545;0.00000;0.00000;0.00000;0.03537;0.00000;0.01698;0.00000;0.00764;0.00577;0.00389;0.00000;0.00000;0.00000;0.00000;0.00000;0.26867;0.24093;0.17109;0.17710;0.17652;0.01201;0.00365;0.00000;0.15845;0.01105;0.00000;0.00000;0.00000;0.00000;0.00000;0.00000;0.00000;0.00000;0.03306;0.00000;0.00000;0.00000;0.00000;0.00000;0.11470;0.11197;0.00000;0.00000;0.00000;0.00000;0.00000;0.00000;0.00000;0.00000;0.00000;0.00000;0.00000;0.00000;0.00000;0.00000;0.00000;0.00000;0.00000;0.00000;0.00000;0.00000;0.00000
2020-01-14 00:00;2.11256;2.11221;0.00000;2.10117;0.01535;0.00000;0.00000;2.04819;0.00000;2.04281;0.00000;2.03325;0.00000;2.02426;0.00000;2.02376;2.01261;0.00000;1.99909;1.98732;0.00000;1.98301;0.00044;0.00000;0.00000;1.97700;0.00000;1.97392;1.95383;0.00000;1.93992;0.00000;1.93419;0.00000;1.92910;0.00000;1.92799;1.88623;1.87981;1.78598;1.75516;1.72066;1.70186;0.00000;1.40269;1.39479;0.00000;1.38207;1.37468;1.36281;1.35105;1.34973;1.33952;0.00000;1.33704;0.00000;1.33489;1.32967;1.32905;0.00000;1.32541;1.32384;0.00000;1.31879;1.29105;0.00000;1.28245;1.27577;0.00000;1.26173;0.00000;1.22768;0.06835;0.05738;0.03213;0.00000;0.00000;0.00000;0.00000;1.12046;1.11339;0.00000;1.06930;1.04606;1.00141;0.96114;0.91975;0.00000;0.90264;0.81997;0.81670;0.78320;0.00000;0.72479;0.00000;0.65662;0.38081;0.23807;0.17622;0.15644;0.12576;0.10845;0.00000;0.08498;0.00000;0.07765;0.00000;0.07142;0.00000;0.06537;0.00448;0.00000;0.00069;0.00000;0.00000;0.06032;0.00000;0.05579;0.04809;0.03131;0.00732;0.00000;0.00208;0.00000;0.00000;0.00000;0.00000;0.00382;0.00000;0.00000;0.00000;0.01887;0.00000;0.00402;0.00000;0.00000;0.00000;0.02936;0.00000;0.01643;0.00000;0.00748;0.00563;0.00356;0.00000;0.00000;0.00000;0.00000;0.00000;0.25397;0.23918;0.17700;0.16880;0.16807;0.00950;0.00308;0.00000;0.15266;0.00963;0.00000;0.00000;0.00000;0.00000;0.00000;0.00000;0.00000;0.00000;0.02911;0.00000;0.00000;0.00000;0.00000;0.00000;0.02272;0.02183;0.00000;0.00000;0.00000;0.00000;0.00000;0.00000;0.00000;0.00000;0.00000;0.00000;0.00000;0.00000;0.00000;0.00000;0.00000;0.00000;0.00000;0.00000;0.00000;0.00000;0.00000
2020-01-15 00:00;1.55178;1.55162;0.00000;1.54345;0.01466;0.00000;0.00000;1.50541;0.00000;1.50216;0.00000;1.49738;0.00000;1.49242;0.00000;1.49212;1.48567;0.00000;1.47844;1.47165;0.00000;1.46933;0.00043;0.00000;0.00000;1.46609;0.00000;1.46442;1.45322;0.00000;1.44565;0.00000;1.44253;0.00000;1.43986;0.00000;1.43897;1.40715;1.40372;1.32676;1.30996;1.28812;1.27667;0.00000;1.22138;1.21776;0.00000;1.20913;1.20477;1.19764;1.19067;1.18963;1.18214;0.00000;1.18034;0.00000;1.17874;1.17488;1.17437;0.00000;1.17158;1.17037;0.00000;1.16636;1.14535;0.00000;1.13701;1.13049;0.00000;1.11823;0.00000;1.08209;0.05918;0.05095;0.02613;0.00000;0.00000;0.00000;0.00000;0.98506;0.97899;0.00000;0.93537;0.91366;0.87648;0.84223;0.81168;0.00000;0.79534;0.72569;0.72252;0.69443;0.00000;0.64456;0.00000;0.58151;0.31674;0.18946;0.13469;0.11763;0.09434;0.08314;0.00000;0.06453;0.00000;0.05944;0.00000;0.05436;0.00000;0.04910;0.00303;0.00000;0.00045;0.00000;0.00000;0.04570;0.00000;0.04172;0.03574;0.02224;0.00591;0.00000;0.00137;0.00000;0.00000;0.00000;0.00000;0.00269;0.00000;0.00000;0.00000;0.01446;0.00000;0.00243;0.00000;0.00000;0.00000;0.02762;0.00000;0.01459;0.00000;0.00653;0.00480;0.00298;0.00000;0.00000;0.00000;0.00000;0.00000;0.24525;0.23269;0.17788;0.15912;0.15857;0.00757;0.00256;0.00000;0.14647;0.00673;0.00000;0.00000;0.00000;0.00000;0.00000;0.00000;0.00000;0.00000;0.02458;0.00000;0.00000;0.00000;0.00000;0.00000;0.01690;0.01648;0.00000;0.00000;0.00000;0.00000;0.00000;0.00000;0.00000;0.00000;0.00000;0.00000;0.00000;0.00000;0.00000;0.00000;0.00000;0.00000;0.00000;0.00000;0.00000;0.00000;0.00000
2020-01-16 00:00;1.33087;1.33082;0.00000;1.32451;0.01306;0.00000;0.00000;1.29688;0.00000;1.29497;0.00000;1.29071;0.00000;1.28806;0.00000;1.28788;1.28440;0.00000;1.28107;1.27667;0.00000;1.27559;0.00043;0.00000;0.00000;1.27413;0.00000;1.27335;1.26799;0.00000;1.26400;0.00000;1.26261;0.00000;1.26156;0.00000;1.26077;1.23601;1.23253;1.17181;1.16493;1.14579;1.14124;0.00000;1.10261;1.10154;0.00000;1.09596;1.09471;1.09264;1.09110;1.09037;1.08499;0.00000;1.08456;0.00000;1.08406;1.08305;1.08278;0.00000;1.08183;1.08139;0.00000;1.07964;1.06153;0.00000;1.05800;1.05519;0.00000;1.04448;0.00000;1.01877;0.06318;0.05273;0.02919;0.00000;0.00000;0.00000;0.00000;0.92581;0.92065;0.00000;0.88626;0.86856;0.83025;0.80232;0.78392;0.00000;0.76758;0.70506;0.70199;0.66766;0.00000;0.61629;0.00000;0.56060;0.30560;0.19228;0.14120;0.12372;0.09795;0.08158;0.00000;0.06702;0.00000;0.06122;0.00000;0.05648;0.00000;0.05060;0.00324;0.00000;0.00067;0.00000;0.00000;0.04685;0.00000;0.04383;0.03765;0.02588;0.00684;0.00000;0.00191;0.00000;0.00000;0.00000;0.00000;0.00384;0.00000;0.00000;0.00000;0.01690;0.00000;0.00339;0.00000;0.00000;0.00000;0.02662;0.00000;0.01442;0.00000;0.00688;0.00507;0.00305;0.00000;0.00000;0.00000;0.00000;0.00000;0.23739;0.22615;0.17575;0.15331;0.15259;0.00621;0.00202;0.00000;0.14058;0.00907;0.00000;0.00000;0.00000;0.00000;0.00000;0.00000;0.00000;0.00000;0.02515;0.00000;0.00000;0.00000;0.00000;0.00000;0.01689;0.01651;0.00000;0.00000;0.00000;0.00000;0.00000;0.00000;0.00000;0.00000;0.00000;0.00000;0.00000;0.00000;0.00000;0.00000;0.00000;0.00000;0.00000;0.00000;0.00000;0.00000;0.00000
2020-01-17 00:00;1.28540;1.28536;0.00000;1.27964;0.01261;0.00000;0.00000;1.25384;0.00000;1.25206;0.00000;1.24896;0.00000;1.24647;0.00000;1.24629;1.24303;0.00000;1.23992;1.23596;0.00000;1.23494;0.00041;0.00000;0.00000;1.23352;0.00000;1.23275;1.22751;0.00000;1.22370;0.00000;1.22229;0.00000;1.22120;0.00000;1.22044;1.19639;1.19391;1.14215;1.13464;1.11608;1.11090;0.00000;1.07273;1.07078;0.00000;1.06427;1.06180;1.05762;1.05360;1.05275;1.04692;0.00000;1.04581;0.00000;1.04477;1.04234;1.04196;0.00000;1.04007;1.03925;0.00000;1.03637;1.01766;0.00000;1.01162;1.00686;0.00000;0.99663;0.00000;0.96643;0.05727;0.04922;0.02628;0.00000;0.00000;0.00000;0.00000;0.87685;0.87193;0.00000;0.83760;0.81814;0.78322;0.75267;0.73263;0.00000;0.71652;0.65773;0.65462;0.62609;0.00000;0.58156;0.00000;0.52745;0.28092;0.17178;0.12254;0.10567;0.08463;0.07364;0.00000;0.06082;0.00000;0.05596;0.00000;0.05169;0.00000;0.04647;0.00268;0.00000;0.00044;0.00000;0.00000;0.04344;0.00000;0.04024;0.03464;0.02171;0.00574;0.00000;0.00133;0.00000;0.00000;0.00000;0.00000;0.00271;0.00000;0.00000;0.00000;0.01342;0.00000;0.00228;0.00000;0.00000;0.00000;0.02553;0.00000;0.01278;0.00000;0.00622;0.00453;0.00279;0.00000;0.00000;0.00000;0.00000;0.00000;0.23034;0.21919;0.17273;0.14521;0.14468;0.00525;0.00152;0.00000;0.13505;0.00658;0.00000;0.00000;0.00000;0.00000;0.00000;0.00000;0.00000;0.00000;0.02303;0.00000;0.00000;0.00000;0.00000;0.00000;0.01597;0.01558;0.00000;0.00000;0.00000;0.00000;0.00000;0.00000;0.00000;0.00000;0.00000;0.00000;0.00000;0.00000;0.00000;0.00000;0.00000;0.00000;0.00000;0.00000;0.00000;0.00000;0.00000
2020-01-18 00:00;1.20568;1.20565;0.00000;1.20050;0.01139;0.00000;0.00000;1.17759;0.00000;1.17605;0.00000;1.17231;0.00000;1.17003;0.00000;1.16986;1.16711;0.00000;1.16459;1.16075;0.00000;1.15991;0.00042;0.00000;0.00000;1.15880;0.00000;1.15818;1.15408;0.00000;1.15079;0.00000;1.14970;0.00000;1.14890;0.00000;1.14813;1.12617;1.12306;1.07449;1.06889;1.05124;1.04750;0.00000;1.01137;1.01084;0.00000;1.00607;1.00545;1.00438;1.00386;1.00321;0.99880;0.00000;0.99862;0.00000;0.99833;0.99784;0.99762;0.00000;0.99701;0.99671;0.00000;0.99540;0.97859;0.00000;0.97598;0.97390;0.00000;0.96428;0.00000;0.94185;0.06200;0.05182;0.02952;0.00000;0.00000;0.00000;0.00000;0.85190;0.84734;0.00000;0.82037;0.80348;0.76648;0.73889;0.72175;0.00000;0.70545;0.65055;0.64739;0.61547;0.00000;0.56865;0.00000;0.51862;0.28039;0.17867;0.13334;0.11604;0.09162;0.07527;0.00000;0.06598;0.00000;0.06024;0.00000;0.05578;0.00000;0.05000;0.00323;0.00000;0.00066;0.00000;0.00000;0.04627;0.00000;0.04356;0.03766;0.02592;0.00670;0.00000;0.00190;0.00000;0.00000;0.00000;0.00000;0.00382;0.00000;0.00000;0.00000;0.01604;0.00000;0.00330;0.00000;0.00000;0.00000;0.02433;0.00000;0.01260;0.00000;0.00659;0.00488;0.00298;0.00000;0.00000;0.00000;0.00000;0.00000;0.22322;0.21279;0.16911;0.14075;0.14004;0.00449;0.00132;0.00000;0.12978;0.00906;0.00000;0.00000;0.00000;0.00000;0.00000;0.00000;0.00000;0.00000;0.02360;0.00000;0.00000;0.00000;0.00000;0.00000;0.01612;0.01575;0.00000;0.00000;0.00000;0.00000;0.00000;0.00000;0.00000;0.00000;0.00000;0.00000;0.00000;0.00000;0.00000;0.00000;0.00000;0.00000;0.00000;0.00000;0.00000;0.00000;0.00000
2020-01-19 00:00;1.19572;1.19570;0.00000;1.19097;0.01118;0.00000;0.00000;1.16904;0.00000;1.16754;0.00000;1.16479;0.00000;1.16255;0.00000;1.16238;1.15968;0.00000;1.15716;1.15360;0.00000;1.15275;0.00041;0.00000;0.00000;1.15159;0.00000;1.15094;1.14670;0.00000;1.14337;0.00000;1.14217;0.00000;1.14126;0.00000;1.14052;1.11893;1.11671;1.06969;1.06310;1.04565;1.04104;0.00000;1.00486;1.00325;0.00000;0.99724;0.99517;0.99163;0.98826;0.98746;0.98236;0.00000;0.98142;0.00000;0.98050;0.97840;0.97804;0.00000;0.97638;0.97564;0.00000;0.97306;0.95521;0.00000;0.94978;0.94545;0.00000;0.93573;0.00000;0.90814;0.05476;0.04691;0.02493;0.00000;0.00000;0.00000;0.00000;0.82285;0.81806;0.00000;0.78544;0.76669;0.73313;0.70323;0.68378;0.00000;0.66780;0.61534;0.61221;0.58605;0.00000;0.54508;0.00000;0.49399;0.26387;0.16557;0.12008;0.10377;0.08374;0.07283;0.00000;0.05981;0.00000;0.05499;0.00000;0.05085;0.00000;0.04573;0.00266;0.00000;0.00044;0.00000;0.00000;0.04272;0.00000;0.03961;0.03425;0.02145;0.00565;0.00000;0.00132;0.00000;0.00000;0.00000;0.00000;0.00268;0.00000;0.00000;0.00000;0.01283;0.00000;0.00222;0.00000;0.00000;0.00000;0.02301;0.00000;0.01098;0.00000;0.00597;0.00434;0.00272;0.00000;0.00000;0.00000;0.00000;0.00000;0.21615;0.20514;0.16513;0.13365;0.13312;0.00399;0.00150;0.00000;0.12480;0.00653;0.00000;0.00000;0.00000;0.00000;0.00000;0.00000;0.00000;0.00000;0.02196;0.00000;0.00000;0.00000;0.00000;0.00000;0.01544;0.01507;0.00000;0.00000;0.00000;0.00000;0.00000;0.00000;0.00000;0.00000;0.00000;0.00000;0.00000;0.00000;0.00000;0.00000;0.00000;0.00000;0.00000;0.00000;0.00000;0.00000;0.00000
2020-01-20 00:00;1.13506;1.13504;0.00000;1.13075;0.01008;0.00000;0.00000;1.11101;0.00000;1.10967;0.00000;1.10628;0.00000;1.10413;0.00000;1.10397;1.10162;0.00000;1.09948;1.09593;0.00000;1.09521;0.00042;0.00000;0.00000;1.09426;0.00000;1.09371;1.09031;0.00000;1.08734;0.00000;1.08638;0.00000;1.08569;0.00000;1.08494;1.06515;1.06233;1.01728;1.01239;0.99575;0.99244;0.00000;0.95810;0.95782;0.00000;0.95343;0.95311;0.95253;0.95252;0.95191;0.94812;0.00000;0.94807;0.00000;0.94789;0.94767;0.94748;0.00000;0.94706;0.94684;0.00000;0.94580;0.92953;0.00000;0.92745;0.92578;0.00000;0.91658;0.00000;0.89677;0.05795;0.04794;0.02686;0.00000;0.00000;0.00000;0.00000;0.81268;0.80778;0.00000;0.77968;0.76359;0.72838;0.70171;0.68485;0.00000;0.66889;0.61954;0.61639;0.58365;0.00000;0.54010;0.00000;0.49184;0.27032;0.17892;0.13501;0.11797;0.09427;0.07810;0.00000;0.06466;0.00000;0.05902;0.00000;0.05469;0.00000;0.04897;0.00317;0.00000;0.00065;0.00000;0.00000;0.04530;0.00000;0.04263;0.03698;0.02536;0.00663;0.00000;0.00190;0.00000;0.00000;0.00000;0.00000;0.00380;0.00000;0.00000;0.00000;0.01564;0.00000;0.00328;0.00000;0.00000;0.00000;0.02192;0.00000;0.01089;0.00000;0.00638;0.00475;0.00293;0.00000;0.00000;0.00000;0.00000;0.00000;0.20848;0.19788;0.16085;0.13000;0.12929;0.00361;0.00144;0.00000;0.11998;0.00896;0.00000;0.00000;0.00000;0.00000;0.00000;0.00000;0.00000;0.00000;0.02228;0.00000;0.00000;0.00000;0.00000;0.00000;0.01589;0.01553;0.00000;0.00000;0.00000;0.00000;0.00000;0.00000;0.00000;0.00000;0.00000;0.00000;0.00000;0.00000;0.00000;0.00000;0.00000;0.00000;0.00000;0.00000;0.00000;0.00000;0.00000
2020-01-21 00:00;1.13649;1.13646;0.00000;1.13251;0.00983;0.00000;0.00000;1.11351;0.00000;1.11217;0.00000;1.10966;0.00000;1.10749;0.00000;1.10733;1.10494;0.00000;1.10267;1.09930;0.00000;1.09851;0.00040;0.00000;0.00000;1.09744;0.00000;1.09682;1.09307;0.00000;1.08993;0.00000;1.08879;0.00000;1.08791;0.00000;1.08719;1.06753;1.06550;1.02223;1.01599;0.99954;0.99509;0.00000;0.96054;0.95887;0.00000;0.95291;0.95075;0.94703;0.94342;0.94262;0.93776;0.00000;0.93675;0.00000;0.93579;0.93355;0.93320;0.00000;0.93146;0.93069;0.00000;0.92805;0.91033;0.00000;0.90474;0.90031;0.00000;0.89096;0.00000;0.86470;0.05305;0.04540;0.02491;0.00000;0.00000;0.00000;0.00000;0.78081;0.77610;0.00000;0.74453;0.72597;0.69345;0.66369;0.64462;0.00000;0.62898;0.58157;0.57841;0.55116;0.00000;0.51292;0.00000;0.46315;0.24997;0.15938;0.11648;0.10017;0.08050;0.06971;0.00000;0.05790;0.00000;0.05324;0.00000;0.04927;0.00000;0.04425;0.00259;0.00000;0.00043;0.00000;0.00000;0.04132;0.00000;0.03835;0.03323;0.02080;0.00556;0.00000;0.00131;0.00000;0.00000;0.00000;0.00000;0.00265;0.00000;0.00000;0.00000;0.01247;0.00000;0.00220;0.00000;0.00000;0.00000;0.02066;0.00000;0.00949;0.00000;0.00579;0.00423;0.00268;0.00000;0.00000;0.00000;0.00000;0.00000;0.20099;0.19027;0.15644;0.12348;0.12297;0.00333;0.00149;0.00000;0.11542;0.00641;0.00000;0.00000;0.00000;0.00000;0.00000;0.00000;0.00000;0.00000;0.02111;0.00000;0.00000;0.00000;0.00000;0.00000;0.01518;0.01482;0.00000;0.00000;0.00000;0.00000;0.00000;0.00000;0.00000;0.00000;0.00000;0.00000;0.00000;0.00000;0.00000;0.00000;0.00000;0.00000;0.00000;0.00000;0.00000;0.00000;0.00000
2020-01-22 00:00;1.06819;1.06817;0.00000;1.06449;0.00879;0.00000;0.00000;1.04700;0.00000;1.04575;0.00000;1.04264;0.00000;1.04044;0.00000;1.04028;1.03808;0.00000;1.03596;1.03247;0.00000;1.03175;0.00041;0.00000;0.00000;1.03079;0.00000;1.03023;1.02702;0.00000;1.02407;0.00000;1.02310;0.00000;1.02238;0.00000;1.02164;1.00356;1.00102;0.95963;0.95477;0.93915;0.93581;0.00000;0.90319;0.90267;0.00000;0.89823;0.89766;0.89669;0.89624;0.89563;0.89191;0.00000;0.89178;0.00000;0.89153;0.89113;0.89093;0.00000;0.89042;0.89016;0.00000;0.88905;0.87346;0.00000;0.87124;0.86948;0.00000;0.86069;0.00000;0.84238;0.05743;0.04790;0.02804;0.00000;0.00000;0.00000;0.00000;0.75926;0.75500;0.00000;0.73020;0.71432;0.67960;0.65346;0.63711;0.00000;0.62151;0.57713;0.57399;0.54134;0.00000;0.50114;0.00000;0.45513;0.25035;0.16625;0.12641;0.10958;0.08645;0.07120;0.00000;0.06269;0.00000;0.05735;0.00000;0.05313;0.00000;0.04753;0.00310;0.00000;0.00062;0.00000;0.00000;0.04395;0.00000;0.04138;0.03602;0.02449;0.00646;0.00000;0.00181;0.00000;0.00000;0.00000;0.00000;0.00371;0.00000;0.00000;0.00000;0.01534;0.00000;0.00314;0.00000;0.00000;0.00000;0.02001;0.00000;0.00975;0.00000;0.00619;0.00463;0.00285;0.00000;0.00000;0.00000;0.00000;0.00000;0.19336;0.18275;0.15190;0.12059;0.11990;0.00311;0.00140;0.00000;0.11107;0.00861;0.00000;0.00000;0.00000;0.00000;0.00000;0.00000;0.00000;0.00000;0.02203;0.00000;0.00000;0.00000;0.00000;0.00000;0.01505;0.01471;0.00000;0.00000;0.00000;0.00000;0.00000;0.00000;0.00000;0.00000;0.00000;0.00000;0.00000;0.00000;0.00000;0.00000;0.00000;0.00000;0.00000;0.00000;0.00000;0.00000;0.00000
2020-01-23 00:00;1.05794;1.05792;0.00000;1.05454;0.00853;0.00000;0.00000;1.03807;0.00000;1.03688;0.00000;1.03462;0.00000;1.03253;0.00000;1.03237;1.03026;0.00000;1.02818;1.02499;0.00000;1.02426;0.00039;0.00000;0.00000;1.02327;0.00000;1.02268;1.01935;0.00000;1.01647;0.00000;1.01540;0.00000;1.01457;0.00000;1.01387;0.99626;0.99445;0.95736;0.95173;0.93651;0.93246;0.00000;0.90025;0.89873;0.00000;0.89321;0.89125;0.88787;0.88458;0.88383;0.87926;0.00000;0.87835;0.00000;0.87747;0.87543;0.87510;0.00000;0.87351;0.87281;0.00000;0.87039;0.85385;0.00000;0.84871;0.84464;0.00000;0.83583;0.00000;0.81241;0.04983;0.04250;0.02298;0.00000;0.00000;0.00000;0.00000;0.73374;0.72910;0.00000;0.69775;0.67983;0.64803;0.61948;0.60099;0.00000;0.58569;0.54325;0.54013;0.51365;0.00000;0.47856;0.00000;0.43117;0.23460;0.15355;0.11296;0.09733;0.07838;0.06828;0.00000;0.05640;0.00000;0.05192;0.00000;0.04810;0.00000;0.04320;0.00251;0.00000;0.00041;0.00000;0.00000;0.04036;0.00000;0.03741;0.03247;0.02020;0.00536;0.00000;0.00125;0.00000;0.00000;0.00000;0.00000;0.00257;0.00000;0.00000;0.00000;0.01219;0.00000;0.00211;0.00000;0.00000;0.00000;0.01927;0.00000;0.00873;0.00000;0.00559;0.00410;0.00261;0.00000;0.00000;0.00000;0.00000;0.00000;0.18591;0.17523;0.14743;0.11459;0.11410;0.00297;0.00144;0.00000;0.10699;0.00611;0.00000;0.00000;0.00000;0.00000;0.00000;0.00000;0.00000;0.00000;0.02055;0.00000;0.00000;0.00000;0.00000;0.00000;0.01421;0.01388;0.00000;0.00000;0.00000;0.00000;0.00000;0.00000;0.00000;0.00000;0.00000;0.00000;0.00000;0.00000;0.00000;0.00000;0.00000;0.00000;0.00000;0.00000;0.00000;0.00000;0.00000
2020-01-24 00:00;0.99937;0.99935;0.00000;0.99621;0.00762;0.00000;0.00000;0.98122;0.00000;0.98013;0.00000;0.97736;0.00000;0.97530;0.00000;0.97514;0.97326;0.00000;0.97141;0.96817;0.00000;0.96752;0.00039;0.00000;0.00000;0.96667;0.00000;0.96616;0.96342;0.00000;0.96080;0.00000;0.95993;0.00000;0.95928;0.00000;0.95857;0.94263;0.94037;0.90323;0.89896;0.88455;0.88159;0.00000;0.85136;0.85096;0.00000;0.84689;0.84646;0.84571;0.84547;0.84491;0.84144;0.00000;0.84136;0.00000;0.84117;0.84090;0.84072;0.00000;0.84031;0.84010;0.00000;0.83915;0.82434;0.00000;0.82245;0.82095;0.00000;0.81267;0.00000;0.79718;0.05372;0.04440;0.02553;0.00000;0.00000;0.00000;0.00000;0.71882;0.71404;0.00000;0.68753;0.67198;0.63863;0.61301;0.59713;0.00000;0.58178;0.54172;0.53857;0.50696;0.00000;0.47038;0.00000;0.42617;0.23752;0.16335;0.12414;0.10765;0.08486;0.06991;0.00000;0.06080;0.00000;0.05545;0.00000;0.05143;0.00000;0.04586;0.00302;0.00000;0.00061;0.00000;0.00000;0.04237;0.00000;0.03982;0.03453;0.02355;0.00632;0.00000;0.00174;0.00000;0.00000;0.00000;0.00000;0.00368;0.00000;0.00000;0.00000;0.01507;0.00000;0.00310;0.00000;0.00000;0.00000;0.01888;0.00000;0.00932;0.00000;0.00604;0.00451;0.00281;0.00000;0.00000;0.00000;0.00000;0.00000;0.17862;0.16872;0.14297;0.11223;0.11154;0.00285;0.00136;0.00000;0.10310;0.00858;0.00000;0.00000;0.00000;0.00000;0.00000;0.00000;0.00000;0.00000;0.02058;0.00000;0.00000;0.00000;0.00000;0.00000;0.01442;0.01411;0.00000;0.00000;0.00000;0.00000;0.00000;0.00000;0.00000;0.00000;0.00000;0.00000;0.00000;0.00000;0.00000;0.00000;0.00000;0.00000;0.00000;0.00000;0.00000;0.00000;0.00000
2020-01-25 00:00;0.99324;0.99322;0.00000;0.99030;0.00744;0.00000;0.00000;0.97598;0.00000;0.97491;0.00000;0.97288;0.00000;0.97089;0.00000;0.97073;0.96885;0.00000;0.96695;0.96394;0.00000;0.96327;0.00037;0.00000;0.00000;0.96235;0.00000;0.96178;0.95879;0.00000;0.95608;0.00000;0.95509;0.00000;0.95430;0.00000;0.95362;0.93804;0.93641;0.90484;0.89969;0.88558;0.88179;0.00000;0.85187;0.85040;0.00000;0.84516;0.84325;0.83996;0.83670;0.83597;0.83159;0.00000;0.83069;0.00000;0.82982;0.82781;0.82749;0.00000;0.82593;0.82524;0.00000;0.82289;0.80697;0.00000;0.80193;0.79795;0.00000;0.78960;0.00000;0.76917;0.04912;0.04197;0.02378;0.00000;0.00000;0.00000;0.00000;0.69164;0.68718;0.00000;0.65720;0.63953;0.60853;0.58035;0.56252;0.00000;0.54742;0.50843;0.50529;0.47938;0.00000;0.44697;0.00000;0.40083;0.21951;0.14703;0.10875;0.09343;0.07490;0.06502;0.00000;0.05410;0.00000;0.04975;0.00000;0.04613;0.00000;0.04133;0.00242;0.00000;0.00039;0.00000;0.00000;0.03859;0.00000;0.03576;0.03096;0.01938;0.00521;0.00000;0.00121;0.00000;0.00000;0.00000;0.00000;0.00252;0.00000;0.00000;0.00000;0.01188;0.00000;0.00205;0.00000;0.00000;0.00000;0.01810;0.00000;0.00839;0.00000;0.00542;0.00399;0.00256;0.00000;0.00000;0.00000;0.00000;0.00000;0.17186;0.16187;0.13866;0.10673;0.10624;0.00278;0.00139;0.00000;0.09945;0.00600;0.00000;0.00000;0.00000;0.00000;0.00000;0.00000;0.00000;0.00000;0.02003;0.00000;0.00000;0.00000;0.00000;0.00000;0.01363;0.01331;0.00000;0.00000;0.00000;0.00000;0.00000;0.00000;0.00000;0.00000;0.00000;0.00000;0.00000;0.00000;0.00000;0.00000;0.00000;0.00000;0.00000;0.00000;0.00000;0.00000;0.00000
2020-01-26 00:00;15.85393;15.85686;0.00000;15.85252;0.19167;0.00000;0.00000;15.75283;0.00000;15.77150;0.00000;15.79043;0.00000;15.83981;0.00000;15.84217;15.89165;0.00000;15.96257;15.99199;0.00000;16.01297;0.00245;0.00000;0.00000;16.04803;0.00000;16.05305;16.06589;0.00000;16.08914;0.00000;16.11940;0.00000;16.15043;0.00000;16.15029;16.22317;16.22659;16.11495;16.28192;15.06908;15.17464;0.00000;11.92467;11.83270;0.00000;10.73134;10.66724;10.37628;10.07501;9.68055;8.85036;0.00000;8.79841;0.00000;8.70357;8.55348;8.39488;0.00000;8.25811;8.17155;0.00000;7.99349;6.21037;0.00000;5.52044;5.10953;0.00000;4.24209;0.00000;3.01779;0.84474;0.80723;0.04402;0.00000;0.00000;0.00000;0.00000;1.99017;1.98719;0.00000;1.95654;1.95573;1.86221;1.84861;1.78709;0.00000;1.76394;1.51266;1.51005;1.44019;0.00000;1.27791;0.00000;1.20609;0.70016;0.37994;0.30415;0.28209;0.22322;0.19635;0.00000;0.16879;0.00000;0.15984;0.00000;0.14987;0.00000;0.13691;0.00822;0.00000;0.00213;0.00000;0.00000;0.12771;0.00000;0.12339;0.11412;0.07656;0.02609;0.00000;0.00314;0.00000;0.00000;0.00000;0.00000;0.00725;0.00000;0.00000;0.00000;0.03909;0.00000;0.00947;0.00000;0.00000;0.00000;0.04118;0.00000;0.02576;0.00000;0.01798;0.01027;0.00409;0.00000;0.00000;0.00000;0.00000;0.00000;0.25717;0.20847;0.13949;0.15902;0.15720;0.00894;0.00345;0.00000;0.13000;0.01719;0.00000;0.00000;0.00000;0.00000;0.00000;0.00000;0.00000;0.00000;0.06849;0.00000;0.00000;0.00000;0.00000;0.00000;1.67173;1.54139;0.00000;0.00000;0.00000;0.00000;0.00000;0.00000;0.00000;0.00000;0.00000;0.00000;0.00000;0.00000;0.00000;0.00000;0.00000;0.00000;0.00000;0.00000;0.00000;0.00000;0.00000
2020-01-27 00:00;24.36309;24.36355;0.00000;24.33889;0.17526;0.00000;0.00000;24.11875;0.00000;24.11642;0.00000;24.10560;0.00000;24.10131;0.00000;24.10130;24.09844;0.00000;24.10356;24.08717;0.00000;24.08752;0.00217;0.00000;0.00000;24.08873;0.00000;24.08341;24.02880;0.00000;23.99976;0.00000;23.99894;0.00000;24.00282;0.00000;24.00016;23.97094;23.95955;23.66987;23.67584;21.45729;21.45259;0.00000;14.54247;14.39395;0.00000;12.73757;12.59908;12.19253;11.86354;11.53088;10.38480;0.00000;10.32188;0.00000;10.23068;10.06511;9.94197;0.00000;9.81867;9.75126;0.00000;9.58073;7.52641;0.00000;6.83866;6.42429;0.00000;5.40610;0.00000;3.87669;0.77420;0.71796;0.05733;0.00000;0.00000;0.00000;0.00000;2.84421;2.83180;0.00000;2.72467;2.68674;2.57197;2.50852;2.41497;0.00000;2.37047;2.02681;2.00343;1.91170;0.00000;1.61210;0.00000;1.47820;0.94303;0.59695;0.48941;0.45362;0.37778;0.32224;0.00000;0.27493;0.00000;0.25446;0.00000;0.24089;0.00000;0.22428;0.01127;0.00000;0.00320;0.00000;0.00000;0.21168;0.00000;0.20311;0.18835;0.14067;0.03278;0.00000;0.00810;0.00000;0.00000;0.00000;0.00000;0.00964;0.00000;0.00000;0.00000;0.05349;0.00000;0.01471;0.00000;0.00000;0.00000;0.05982;0.00000;0.03410;0.00000;0.01827;0.01035;0.00470;0.00000;0.00000;0.00000;0.00000;0.00000;0.34701;0.26761;0.16178;0.21850;0.21654;0.01748;0.00473;0.00000;0.17658;0.02398;0.00000;0.00000;0.00000;0.00000;0.00000;0.00000;0.00000;0.00000;0.08315;0.00000;0.00000;0.00000;0.00000;0.00000;1.93383;1.83936;0.00000;0.00000;0.00000;0.00000;0.00000;0.00000;0.00000;0.00000;0.00000;0.00000;0.00000;0.00000;0.00000;0.00000;0.00000;0.00000;0.00000;0.00000;0.00000;0.00000;0.00000
2020-01-28 00:00;13.19156;13.18974;0.00000;13.15506;0.05964;0.00000;0.00000;12.94319;0.00000;12.92039;0.00000;12.88552;0.00000;12.83811;0.00000;12.83591;12.78741;0.00000;12.72465;12.66926;0.00000;12.64846;0.00157;0.00000;0.00000;12.62011;0.00000;12.60465;12.50656;0.00000;12.43388;0.00000;12.40605;0.00000;12.38153;0.00000;12.37736;12.25595;12.23406;11.93327;11.77943;10.73601;10.63509;0.00000;6.96353;6.87050;0.00000;6.13830;6.04212;5.84311;5.67596;5.59929;5.13260;0.00000;5.09855;0.00000;5.06440;4.98818;4.96244;0.00000;4.91545;4.89460;0.00000;4.83082;4.09888;0.00000;3.89217;3.76364;0.00000;3.39487;0.00000;2.79655;0.26175;0.21724;0.05443;0.00000;0.00000;0.00000;0.00000;2.40971;2.39436;0.00000;2.28247;2.23489;2.13982;2.06309;1.97916;0.00000;1.93127;1.72767;1.71328;1.64205;0.00000;1.47726;0.00000;1.31726;0.91620;0.64081;0.53701;0.49612;0.42221;0.35430;0.00000;0.30240;0.00000;0.27646;0.00000;0.26178;0.00000;0.24589;0.01166;0.00000;0.00322;0.00000;0.00000;0.23298;0.00000;0.22140;0.20507;0.16070;0.02992;0.00000;0.01028;0.00000;0.00000;0.00000;0.00000;0.01000;0.00000;0.00000;0.00000;0.05421;0.00000;0.01665;0.00000;0.00000;0.00000;0.05801;0.00000;0.03139;0.00000;0.01577;0.00942;0.00508;0.00000;0.00000;0.00000;0.00000;0.00000;0.34665;0.30782;0.19714;0.22879;0.22714;0.01870;0.00503;0.00000;0.18895;0.02591;0.00000;0.00000;0.00000;0.00000;0.00000;0.00000;0.00000;0.00000;0.06688;0.00000;0.00000;0.00000;0.00000;0.00000;0.67425;0.65690;0.00000;0.00000;0.00000;0.00000;0.00000;0.00000;0.00000;0.00000;0.00000;0.00000;0.00000;0.00000;0.00000;0.00000;0.00000;0.00000;0.00000;0.00000;0.00000;0.00000;0.00000
2020-01-29 00:00;5.21262;5.21124;0.00000;5.18592;0.02361;0.00000;0.00000;5.05227;0.00000;5.03463;0.00000;5.00695;0.00000;4.97080;0.00000;4.96904;4.93254;0.00000;4.88448;4.84171;0.00000;4.82594;0.00145;0.00000;0.00000;4.80413;0.00000;4.79265;4.72495;0.00000;4.66991;0.00000;4.64854;0.00000;4.62956;0.00000;4.62601;4.52886;4.51071;4.27488;4.15428;3.97861;3.90254;0.00000;3.00311;2.96354;0.00000;2.85047;2.81148;2.74940;2.68487;2.67783;2.61152;0.00000;2.59842;0.00000;2.58781;2.56109;2.55816;0.00000;2.54117;2.53405;0.00000;2.51307;2.39552;0.00000;2.36210;2.33860;0.00000;2.28509;0.00000;2.17587;0.10945;0.08700;0.04999;0.00000;0.00000;0.00000;0.00000;1.98875;1.97516;0.00000;1.88349;1.84325;1.76146;1.69555;1.62820;0.00000;1.58671;1.45616;1.44686;1.38619;0.00000;1.29736;0.00000;1.13605;0.77135;0.55744;0.46172;0.42607;0.35969;0.29816;0.00000;0.24911;0.00000;0.22512;0.00000;0.21015;0.00000;0.19624;0.01028;0.00000;0.00202;0.00000;0.00000;0.18488;0.00000;0.17678;0.16094;0.12033;0.02323;0.00000;0.00639;0.00000;0.00000;0.00000;0.00000;0.00903;0.00000;0.00000;0.00000;0.04665;0.00000;0.01499;0.00000;0.00000;0.00000;0.04840;0.00000;0.02891;0.00000;0.01458;0.00912;0.00507;0.00000;0.00000;0.00000;0.00000;0.00000;0.33865;0.33347;0.22620;0.22071;0.21927;0.01678;0.00490;0.00000;0.18760;0.02391;0.00000;0.00000;0.00000;0.00000;0.00000;0.00000;0.00000;0.00000;0.05696;0.00000;0.00000;0.00000;0.00000;0.00000;0.09487;0.09259;0.00000;0.00000;0.00000;0.00000;0.00000;0.00000;0.00000;0.00000;0.00000;0.00000;0.00000;0.00000;0.00000;0.00000;0.00000;0.00000;0.00000;0.00000;0.00000;0.00000;0.00000
2020-01-30 00:00;2.92471;2.92439;0.00000;2.91214;0.02076;0.00000;0.00000;2.85326;0.00000;2.84683;0.00000;2.83296;0.00000;2.81918;0.00000;2.81847;2.80712;0.00000;2.79300;2.77441;0.00000;2.76969;0.00139;0.00000;0.00000;2.76306;0.00000;2.75940;2.74032;0.00000;2.71802;0.00000;2.71130;0.00000;2.70592;0.00000;2.70350;2.65805;2.64693;2.46055;2.42006;2.37626;2.34970;0.00000;2.12717;2.12074;0.00000;2.10880;2.10223;2.09155;2.08092;2.07962;2.06971;0.00000;2.06726;0.00000;2.06513;2.05994;2.05931;0.00000;2.05566;2.05408;0.00000;2.04899;2.00891;0.00000;1.99921;1.99164;0.00000;1.97310;0.00000;1.93253;0.09527;0.07567;0.04547;0.00000;0.00000;0.00000;0.00000;1.77402;1.76292;0.00000;1.68696;1.65227;1.57863;1.52204;1.45979;0.00000;1.42600;1.32071;1.31259;1.25431;0.00000;1.17501;0.00000;1.02086;0.65494;0.45659;0.36387;0.32951;0.27314;0.22714;0.00000;0.18200;0.00000;0.16622;0.00000;0.15134;0.00000;0.14004;0.00908;0.00000;0.00122;0.00000;0.00000;0.12996;0.00000;0.12182;0.10855;0.06965;0.01895;0.00000;0.00374;0.00000;0.00000;0.00000;0.00000;0.00691;0.00000;0.00000;0.00000;0.03708;0.00000;0.01047;0.00000;0.00000;0.00000;0.04645;0.00000;0.02740;0.00000;0.01355;0.00894;0.00501;0.00000;0.00000;0.00000;0.00000;0.00000;0.34362;0.34353;0.24050;0.21228;0.21093;0.01424;0.00469;0.00000;0.18391;0.01974;0.00000;0.00000;0.00000;0.00000;0.00000;0.00000;0.00000;0.00000;0.05104;0.00000;0.00000;0.00000;0.00000;0.00000;0.03478;0.03406;0.00000;0.00000;0.00000;0.00000;0.00000;0.00000;0.00000;0.00000;0.00000;0.00000;0.00000;0.00000;0.00000;0.00000;0.00000;0.00000;0.00000;0.00000;0.00000;0.00000;0.00000
2020-01-31 00:00;2.39463;2.39451;0.00000;2.38546;0.01890;0.00000;0.00000;2.34356;0.00000;2.33951;0.00000;2.32919;0.00000;2.32015;0.00000;2.31966;2.31346;0.00000;2.30626;2.29300;0.00000;2.29042;0.00133;0.00000;0.00000;2.28687;0.00000;2.28479;2.27546;0.00000;2.26018;0.00000;2.25643;0.00000;2.25383;0.00000;2.25172;2.21760;2.20851;2.03915;2.01566;1.98241;1.96630;0.00000;1.91198;1.90915;0.00000;1.90121;1.89782;1.89223;1.88695;1.88596;1.87888;0.00000;1.87748;0.00000;1.87619;1.87316;1.87271;0.00000;1.87043;1.86943;0.00000;1.86603;1.83282;0.00000;1.82573;1.82015;0.00000;1.80395;0.00000;1.76752;0.08977;0.07336;0.04424;0.00000;0.00000;0.00000;0.00000;1.61791;1.60810;0.00000;1.54287;1.51042;1.44652;1.39478;1.33934;0.00000;1.31478;1.22062;1.21318;1.15721;0.00000;1.07999;0.00000;0.93443;0.56784;0.38349;0.29816;0.26922;0.22389;0.19807;0.00000;0.15559;0.00000;0.14089;0.00000;0.12638;0.00000;0.11743;0.00879;0.00000;0.00149;0.00000;0.00000;0.10771;0.00000;0.10136;0.09097;0.05908;0.01841;0.00000;0.00402;0.00000;0.00000;0.00000;0.00000;0.00494;0.00000;0.00000;0.00000;0.02757;0.00000;0.00499;0.00000;0.00000;0.00000;0.04197;0.00000;0.02567;0.00000;0.01232;0.00867;0.00487;0.00000;0.00000;0.00000;0.00000;0.00000;0.34634;0.34203;0.24369;0.20199;0.20078;0.01138;0.00446;0.00000;0.17745;0.01633;0.00000;0.00000;0.00000;0.00000;0.00000;0.00000;0.00000;0.00000;0.04353;0.00000;0.00000;0.00000;0.00000;0.00000;0.02991;0.02947;0.00000;0.00000;0.00000;0.00000;0.00000;0.00000;0.00000;0.00000;0.00000;0.00000;0.00000;0.00000;0.00000;0.00000;0.00000;0.00000;0.00000;0.00000;0.00000;0.00000;0.00000
2020-02-01 00:00;2.19151;2.19145;0.00000;2.18381;0.01726;0.00000;0.00000;2.14899;0.00000;2.14578;0.00000;2.13729;0.00000;2.12974;0.00000;2.12932;2.12480;0.00000;2.11974;2.10853;0.00000;2.10670;0.00127;0.00000;0.00000;2.10413;0.00000;2.10254;2.09620;0.00000;2.08343;0.00000;2.08063;0.00000;2.07885;0.00000;2.07686;2.04693;2.03897;1.88114;1.86327;1.83228;1.82002;0.00000;1.77758;1.77545;0.00000;1.76844;1.76586;1.76157;1.75761;1.75671;1.75043;0.00000;1.74937;0.00000;1.74834;1.74599;1.74560;0.00000;1.74377;1.74295;0.00000;1.74011;1.70911;0.00000;1.70320;1.69854;0.00000;1.68395;0.00000;1.65053;0.08495;0.06960;0.04138;0.00000;0.00000;0.00000;0.00000;1.51562;1.50694;0.00000;1.44660;1.41778;1.35928;1.31337;1.26222;0.00000;1.23799;1.15896;1.15210;1.09915;0.00000;1.02694;0.00000;0.89064;0.52860;0.36191;0.28221;0.25471;0.21274;0.18149;0.00000;0.14229;0.00000;0.13257;0.00000;0.11859;0.00000;0.10910;0.00773;0.00000;0.00112;0.00000;0.00000;0.10052;0.00000;0.09376;0.08411;0.05501;0.01665;0.00000;0.00344;0.00000;0.00000;0.00000;0.00000;0.00488;0.00000;0.00000;0.00000;0.02654;0.00000;0.00569;0.00000;0.00000;0.00000;0.04226;0.00000;0.02487;0.00000;0.01211;0.00827;0.00464;0.00000;0.00000;0.00000;0.00000;0.00000;0.34335;0.33343;0.24038;0.19228;0.19113;0.00969;0.00417;0.00000;0.17051;0.01408;0.00000;0.00000;0.00000;0.00000;0.00000;0.00000;0.00000;0.00000;0.03889;0.00000;0.00000;0.00000;0.00000;0.00000;0.02838;0.02796;0.00000;0.00000;0.00000;0.00000;0.00000;0.00000;0.00000;0.00000;0.00000;0.00000;0.00000;0.00000;0.00000;0.00000;0.00000;0.00000;0.00000;0.00000;0.00000;0.00000;0.00000
2020-02-02 00:00;2.10654;2.10653;0.00000;2.10002;0.01582;0.00000;0.00000;2.07077;0.00000;2.06820;0.00000;2.06133;0.00000;2.05510;0.00000;2.05473;2.05145;0.00000;2.04803;2.03846;0.00000;2.03709;0.00122;0.00000;0.00000;2.03523;0.00000;2.03401;2.02986;0.00000;2.01907;0.00000;2.01695;0.00000;2.01579;0.00000;2.01393;1.98733;1.98038;1.83326;1.81967;1.79066;1.78128;0.00000;1.74167;1.74160;0.00000;1.73704;1.73688;1.73647;1.73656;1.73590;1.73120;0.00000;1.73114;0.00000;1.73091;1.73060;1.73039;0.00000;1.72986;1.72958;0.00000;1.72833;1.70052;0.00000;1.69797;1.69586;0.00000;1.68290;0.00000;1.65681;0.08573;0.07036;0.04271;0.00000;0.00000;0.00000;0.00000;1.51537;1.50623;0.00000;1.44200;1.41028;1.34787;1.29956;1.25372;0.00000;1.22638;1.14900;1.14264;1.08653;0.00000;1.01845;0.00000;0.88974;0.53690;0.36820;0.28404;0.25572;0.21087;0.18636;0.00000;0.14887;0.00000;0.13622;0.00000;0.12286;0.00000;0.11308;0.00794;0.00000;0.00146;0.00000;0.00000;0.10417;0.00000;0.09823;0.08723;0.06007;0.01792;0.00000;0.00417;0.00000;0.00000;0.00000;0.00000;0.00614;0.00000;0.00000;0.00000;0.02759;0.00000;0.00432;0.00000;0.00000;0.00000;0.04127;0.00000;0.02494;0.00000;0.01224;0.00878;0.00512;0.00000;0.00000;0.00000;0.00000;0.00000;0.33556;0.32428;0.23623;0.18574;0.18432;0.00857;0.00404;0.00000;0.16408;0.01671;0.00000;0.00000;0.00000;0.00000;0.00000;0.00000;0.00000;0.00000;0.04033;0.00000;0.00000;0.00000;0.00000;0.00000;0.02724;0.02683;0.00000;0.00000;0.00000;0.00000;0.00000;0.00000;0.00000;0.00000;0.00000;0.00000;0.00000;0.00000;0.00000;0.00000;0.00000;0.00000;0.00000;0.00000;0.00000;0.00000;0.00000
2020-02-03 00:00;2.07491;2.07486;0.00000;2.06857;0.01458;0.00000;0.00000;2.03956;0.00000;2.03682;0.00000;2.03054;0.00000;2.02386;0.00000;2.02347;2.01960;0.00000;2.01525;2.00558;0.00000;2.00398;0.00116;0.00000;0.00000;2.00171;0.00000;2.00027;1.99473;0.00000;1.98348;0.00000;1.98098;0.00000;1.97937;0.00000;1.97754;1.95041;1.94399;1.80491;1.78927;1.76107;1.75015;0.00000;1.70989;1.70773;0.00000;1.70093;1.69828;1.69384;1.68964;1.68877;1.68311;0.00000;1.68198;0.00000;1.68091;1.67843;1.67804;0.00000;1.67614;1.67530;0.00000;1.67240;1.64325;0.00000;1.63722;1.63247;0.00000;1.62035;0.00000;1.58790;0.08567;0.06604;0.03925;0.00000;0.00000;0.00000;0.00000;1.44967;1.44148;0.00000;1.37657;1.34501;1.28452;1.23705;1.19409;0.00000;1.16563;1.09789;1.09182;1.04031;0.00000;0.97730;0.00000;0.85467;0.51163;0.35780;0.27777;0.24845;0.20495;0.17338;0.00000;0.13903;0.00000;0.12992;0.00000;0.11725;0.00000;0.10749;0.00713;0.00000;0.00109;0.00000;0.00000;0.09949;0.00000;0.09305;0.08189;0.05497;0.01591;0.00000;0.00339;0.00000;0.00000;0.00000;0.00000;0.00620;0.00000;0.00000;0.00000;0.02852;0.00000;0.00582;0.00000;0.00000;0.00000;0.04146;0.00000;0.02405;0.00000;0.01228;0.00843;0.00496;0.00000;0.00000;0.00000;0.00000;0.00000;0.32704;0.31334;0.23082;0.17819;0.17694;0.00809;0.00386;0.00000;0.15813;0.01555;0.00000;0.00000;0.00000;0.00000;0.00000;0.00000;0.00000;0.00000;0.04052;0.00000;0.00000;0.00000;0.00000;0.00000;0.02642;0.02603;0.00000;0.00000;0.00000;0.00000;0.00000;0.00000;0.00000;0.00000;0.00000;0.00000;0.00000;0.00000;0.00000;0.00000;0.00000;0.00000;0.00000;0.00000;0.00000;0.00000;0.00000
2020-02-04 00:00;1.95368;1.95363;0.00000;1.94794;0.01357;0.00000;0.00000;1.92133;0.00000;1.91880;0.00000;1.91328;0.00000;1.90715;0.00000;1.90677;1.90326;0.00000;1.89934;1.89049;0.00000;1.88898;0.00110;0.00000;0.00000;1.88691;0.00000;1.88558;1.88057;0.00000;1.87021;0.00000;1.86790;0.00000;1.86645;0.00000;1.86470;1.83914;1.83350;1.70381;1.68969;1.66293;1.65302;0.00000;1.61402;1.61226;0.00000;1.60605;1.60391;1.60033;1.59705;1.59625;1.59119;0.00000;1.59031;0.00000;1.58945;1.58748;1.58714;0.00000;1.58559;1.58489;0.00000;1.58244;1.55517;0.00000;1.55010;1.54611;0.00000;1.53517;0.00000;1.50542;0.08630;0.06746;0.04177;0.00000;0.00000;0.00000;0.00000;1.36929;1.36101;0.00000;1.30421;1.27484;1.21925;1.17491;1.13842;0.00000;1.11371;1.04817;1.04258;0.99070;0.00000;0.93144;0.00000;0.81644;0.48339;0.33207;0.25566;0.22909;0.18895;0.16625;0.00000;0.13383;0.00000;0.12227;0.00000;0.11039;0.00000;0.10174;0.00673;0.00000;0.00126;0.00000;0.00000;0.09417;0.00000;0.08875;0.07971;0.05561;0.01619;0.00000;0.00371;0.00000;0.00000;0.00000;0.00000;0.00503;0.00000;0.00000;0.00000;0.02490;0.00000;0.00431;0.00000;0.00000;0.00000;0.03793;0.00000;0.02285;0.00000;0.01154;0.00828;0.00485;0.00000;0.00000;0.00000;0.00000;0.00000;0.31642;0.30143;0.22457;0.17148;0.17031;0.00759;0.00358;0.00000;0.15242;0.01438;0.00000;0.00000;0.00000;0.00000;0.00000;0.00000;0.00000;0.00000;0.03646;0.00000;0.00000;0.00000;0.00000;0.00000;0.02507;0.02469;0.00000;0.00000;0.00000;0.00000;0.00000;0.00000;0.00000;0.00000;0.00000;0.00000;0.00000;0.00000;0.00000;0.00000;0.00000;0.00000;0.00000;0.00000;0.00000;0.00000;0.00000
2020-02-05 00:00;1.85711;1.85707;0.00000;1.85189;0.01269;0.00000;0.00000;1.82732;0.00000;1.82497;0.00000;1.81981;0.00000;1.81394;0.00000;1.81359;1.81036;0.00000;1.80673;1.79855;0.00000;1.79719;0.00106;0.00000;0.00000;1.79527;0.00000;1.79401;1.78943;0.00000;1.77979;0.00000;1.77765;0.00000;1.77629;0.00000;1.77461;1.75041;1.74536;1.62450;1.61148;1.58594;1.57673;0.00000;1.53914;1.53759;0.00000;1.53177;1.52987;1.52668;1.52378;1.52301;1.51832;0.00000;1.51753;0.00000;1.51674;1.51498;1.51466;0.00000;1.51324;1.51260;0.00000;1.51034;1.48246;0.00000;1.47776;1.47404;0.00000;1.46397;0.00000;1.43554;0.07820;0.06394;0.03882;0.00000;0.00000;0.00000;0.00000;1.31207;1.30473;0.00000;1.24990;1.22187;1.16565;1.12279;1.09005;0.00000;1.06492;1.00506;0.99977;0.94942;0.00000;0.89432;0.00000;0.78515;0.46564;0.32637;0.25267;0.22567;0.18534;0.15680;0.00000;0.12694;0.00000;0.11868;0.00000;0.10757;0.00000;0.09835;0.00617;0.00000;0.00099;0.00000;0.00000;0.09138;0.00000;0.08509;0.07498;0.05012;0.01493;0.00000;0.00325;0.00000;0.00000;0.00000;0.00000;0.00518;0.00000;0.00000;0.00000;0.02593;0.00000;0.00571;0.00000;0.00000;0.00000;0.03825;0.00000;0.02195;0.00000;0.01126;0.00798;0.00470;0.00000;0.00000;0.00000;0.00000;0.00000;0.30506;0.28889;0.21789;0.16506;0.16390;0.00718;0.00337;0.00000;0.14694;0.01355;0.00000;0.00000;0.00000;0.00000;0.00000;0.00000;0.00000;0.00000;0.03779;0.00000;0.00000;0.00000;0.00000;0.00000;0.02587;0.02552;0.00000;0.00000;0.00000;0.00000;0.00000;0.00000;0.00000;0.00000;0.00000;0.00000;0.00000;0.00000;0.00000;0.00000;0.00000;0.00000;0.00000;0.00000;0.00000;0.00000;0.00000
2020-02-06 00:00;1.77425;1.77421;0.00000;1.76943;0.01192;0.00000;0.00000;1.74627;0.00000;1.74401;0.00000;1.73901;0.00000;1.73340;0.00000;1.73304;1.72990;0.00000;1.72631;1.71849;0.00000;1.71709;0.00103;0.00000;0.00000;1.71518;0.00000;1.71393;1.70939;0.00000;1.70011;0.00000;1.69796;0.00000;1.69657;0.00000;1.69491;1.67156;1.66681;1.55377;1.54096;1.51626;1.50711;0.00000;1.47005;1.46816;0.00000;1.46205;1.45975;1.45592;1.45231;1.45152;1.44671;0.00000;1.44574;0.00000;1.44483;1.44270;1.44236;0.00000;1.44073;1.44000;0.00000;1.43750;1.41035;0.00000;1.40513;1.40102;0.00000;1.39128;0.00000;1.36260;0.07784;0.06438;0.04042;0.00000;0.00000;0.00000;0.00000;1.23967;1.23257;0.00000;1.18128;1.15379;1.10226;1.06080;1.02913;0.00000;1.00679;0.94887;0.94375;0.89594;0.00000;0.84350;0.00000;0.73841;0.43336;0.29996;0.23040;0.20628;0.16987;0.14943;0.00000;0.12168;0.00000;0.11091;0.00000;0.10050;0.00000;0.09252;0.00609;0.00000;0.00119;0.00000;0.00000;0.08565;0.00000;0.08053;0.07230;0.05052;0.01488;0.00000;0.00353;0.00000;0.00000;0.00000;0.00000;0.00438;0.00000;0.00000;0.00000;0.02262;0.00000;0.00400;0.00000;0.00000;0.00000;0.03427;0.00000;0.02027;0.00000;0.01012;0.00766;0.00449;0.00000;0.00000;0.00000;0.00000;0.00000;0.29171;0.27608;0.21121;0.15867;0.15763;0.00665;0.00315;0.00000;0.14160;0.01268;0.00000;0.00000;0.00000;0.00000;0.00000;0.00000;0.00000;0.00000;0.03439;0.00000;0.00000;0.00000;0.00000;0.00000;0.02480;0.02444;0.00000;0.00000;0.00000;0.00000;0.00000;0.00000;0.00000;0.00000;0.00000;0.00000;0.00000;0.00000;0.00000;0.00000;0.00000;0.00000;0.00000;0.00000;0.00000;0.00000;0.00000
2020-02-07 00:00;1.68017;1.68013;0.00000;1.67580;0.01119;0.00000;0.00000;1.65453;0.00000;1.65245;0.00000;1.64774;0.00000;1.64240;0.00000;1.64206;1.63926;0.00000;1.63608;1.62880;0.00000;1.62759;0.00100;0.00000;0.00000;1.62588;0.00000;1.62474;1.62088;0.00000;1.61234;0.00000;1.61042;0.00000;1.60920;0.00000;1.60759;1.58582;1.58141;1.47628;1.46497;1.44123;1.43313;0.00000;1.39764;1.39644;0.00000;1.39119;1.38973;1.38725;1.38508;1.38437;1.38009;0.00000;1.37949;0.00000;1.37887;1.37750;1.37721;0.00000;1.37606;1.37553;0.00000;1.37362;1.34726;0.00000;1.34328;1.34015;0.00000;1.33075;0.00000;1.30526;0.07450;0.06120;0.03738;0.00000;0.00000;0.00000;0.00000;1.19002;1.18348;0.00000;1.13435;1.10831;1.05773;1.01822;0.98966;0.00000;0.96678;0.91367;0.90877;0.86196;0.00000;0.81294;0.00000;0.71298;0.42137;0.29561;0.22814;0.20416;0.16789;0.14216;0.00000;0.11698;0.00000;0.10938;0.00000;0.09963;0.00000;0.09117;0.00570;0.00000;0.00093;0.00000;0.00000;0.08472;0.00000;0.07892;0.06960;0.04687;0.01384;0.00000;0.00312;0.00000;0.00000;0.00000;0.00000;0.00476;0.00000;0.00000;0.00000;0.02348;0.00000;0.00510;0.00000;0.00000;0.00000;0.03516;0.00000;0.02006;0.00000;0.01051;0.00742;0.00437;0.00000;0.00000;0.00000;0.00000;0.00000;0.27906;0.26321;0.20439;0.15276;0.15168;0.00617;0.00295;0.00000;0.13642;0.01220;0.00000;0.00000;0.00000;0.00000;0.00000;0.00000;0.00000;0.00000;0.03322;0.00000;0.00000;0.00000;0.00000;0.00000;0.02477;0.02443;0.00000;0.00000;0.00000;0.00000;0.00000;0.00000;0.00000;0.00000;0.00000;0.00000;0.00000;0.00000;0.00000;0.00000;0.00000;0.00000;0.00000;0.00000;0.00000;0.00000;0.00000
2020-02-08 00:00;1.62847;1.62844;0.00000;1.62454;0.01058;0.00000;0.00000;1.60491;0.00000;1.60298;0.00000;1.59848;0.00000;1.59351;0.00000;1.59318;1.59064;0.00000;1.58772;1.58079;0.00000;1.57962;0.00099;0.00000;0.00000;1.57801;0.00000;1.57692;1.57345;0.00000;1.56535;0.00000;1.56352;0.00000;1.56236;0.00000;1.56077;1.54013;1.53593;1.43775;1.42707;1.40398;1.39624;0.00000;1.36146;1.36029;0.00000;1.35509;1.35363;1.35115;1.34894;1.34823;1.34398;0.00000;1.34336;0.00000;1.34273;1.34131;1.34103;0.00000;1.33986;1.33933;0.00000;1.33741;1.31210;0.00000;1.30807;1.30490;0.00000;1.29564;0.00000;1.27086;0.07491;0.06130;0.03869;0.00000;0.00000;0.00000;0.00000;1.15237;1.14547;0.00000;1.09696;1.07013;1.02224;0.98122;0.95128;0.00000;0.92909;0.87567;0.87100;0.82441;0.00000;0.77765;0.00000;0.68159;0.40364;0.28122;0.21493;0.19111;0.15669;0.13763;0.00000;0.11430;0.00000;0.10405;0.00000;0.09490;0.00000;0.08695;0.00551;0.00000;0.00111;0.00000;0.00000;0.08073;0.00000;0.07603;0.06807;0.04726;0.01400;0.00000;0.00342;0.00000;0.00000;0.00000;0.00000;0.00433;0.00000;0.00000;0.00000;0.02116;0.00000;0.00374;0.00000;0.00000;0.00000;0.03204;0.00000;0.01875;0.00000;0.00973;0.00733;0.00430;0.00000;0.00000;0.00000;0.00000;0.00000;0.26608;0.25099;0.19786;0.14678;0.14582;0.00571;0.00276;0.00000;0.13149;0.01197;0.00000;0.00000;0.00000;0.00000;0.00000;0.00000;0.00000;0.00000;0.03045;0.00000;0.00000;0.00000;0.00000;0.00000;0.02368;0.02334;0.00000;0.00000;0.00000;0.00000;0.00000;0.00000;0.00000;0.00000;0.00000;0.00000;0.00000;0.00000;0.00000;0.00000;0.00000;0.00000;0.00000;0.00000;0.00000;0.00000;0.00000
2020-02-09 00:00;1.56921;1.56918;0.00000;1.56551;0.00994;0.00000;0.00000;1.54675;0.00000;1.54486;0.00000;1.54049;0.00000;1.53552;0.00000;1.53519;1.53269;0.00000;1.52973;1.52296;0.00000;1.52183;0.00096;0.00000;0.00000;1.52024;0.00000;1.51915;1.51577;0.00000;1.50792;0.00000;1.50612;0.00000;1.50496;0.00000;1.50340;1.48369;1.47970;1.38786;1.37757;1.35510;1.34764;0.00000;1.31374;1.31260;0.00000;1.30749;1.30609;1.30371;1.30165;1.30096;1.29682;0.00000;1.29625;0.00000;1.29565;1.29434;1.29407;0.00000;1.29296;1.29245;0.00000;1.29063;1.26498;0.00000;1.26115;1.25813;0.00000;1.24907;0.00000;1.22538;0.07244;0.06010;0.03771;0.00000;0.00000;0.00000;0.00000;1.11486;1.10895;0.00000;1.06361;1.03836;0.98964;0.95176;0.92279;0.00000;0.90079;0.85326;0.84855;0.80473;0.00000;0.76003;0.00000;0.66484;0.39936;0.28373;0.22144;0.19846;0.16327;0.13689;0.00000;0.11569;0.00000;0.10817;0.00000;0.09945;0.00000;0.09047;0.00598;0.00000;0.00092;0.00000;0.00000;0.08365;0.00000;0.07781;0.06901;0.04724;0.01379;0.00000;0.00311;0.00000;0.00000;0.00000;0.00000;0.00452;0.00000;0.00000;0.00000;0.02375;0.00000;0.00522;0.00000;0.00000;0.00000;0.03238;0.00000;0.01804;0.00000;0.00974;0.00694;0.00414;0.00000;0.00000;0.00000;0.00000;0.00000;0.25418;0.23902;0.19146;0.14353;0.14227;0.00549;0.00284;0.00000;0.12692;0.01250;0.00000;0.00000;0.00000;0.00000;0.00000;0.00000;0.00000;0.00000;0.03272;0.00000;0.00000;0.00000;0.00000;0.00000;0.02414;0.02381;0.00000;0.00000;0.00000;0.00000;0.00000;0.00000;0.00000;0.00000;0.00000;0.00000;0.00000;0.00000;0.00000;0.00000;0.00000;0.00000;0.00000;0.00000;0.00000;0.00000;0.00000
2020-02-10 00:00;1.53439;1.53438;0.00000;1.53120;0.00932;0.00000;0.00000;1.51512;0.00000;1.51356;0.00000;1.50970;0.00000;1.50549;0.00000;1.50519;1.50334;0.00000;1.50122;1.49525;0.00000;1.49434;0.00093;0.00000;0.00000;1.49312;0.00000;1.49222;1.49005;0.00000;1.48322;0.00000;1.48178;0.00000;1.48092;0.00000;1.47942;1.46181;1.45820;1.37350;1.36538;1.34399;1.33800;0.00000;1.30587;1.30576;0.00000;1.30190;1.30170;1.30122;1.30111;1.30053;1.29704;0.00000;1.29694;0.00000;1.29672;1.29638;1.29619;0.00000;1.29571;1.29546;0.00000;1.29442;1.27134;0.00000;1.26915;1.26737;0.00000;1.25870;0.00000;1.23915;0.07424;0.05981;0.03877;0.00000;0.00000;0.00000;0.00000;1.12445;1.11682;0.00000;1.06890;1.04320;0.99264;0.95225;0.92675;0.00000;0.90227;0.84822;0.84388;0.79631;0.00000;0.75386;0.00000;0.66115;0.40817;0.28705;0.22017;0.19519;0.15886;0.13797;0.00000;0.11812;0.00000;0.10791;0.00000;0.09965;0.00000;0.09108;0.00580;0.00000;0.00110;0.00000;0.00000;0.08449;0.00000;0.07913;0.07076;0.04867;0.01358;0.00000;0.00340;0.00000;0.00000;0.00000;0.00000;0.00485;0.00000;0.00000;0.00000;0.02217;0.00000;0.00393;0.00000;0.00000;0.00000;0.03089;0.00000;0.01787;0.00000;0.00985;0.00744;0.00437;0.00000;0.00000;0.00000;0.00000;0.00000;0.24232;0.22856;0.18571;0.13776;0.13679;0.00532;0.00280;0.00000;0.12268;0.01329;0.00000;0.00000;0.00000;0.00000;0.00000;0.00000;0.00000;0.00000;0.03199;0.00000;0.00000;0.00000;0.00000;0.00000;0.02252;0.02218;0.00000;0.00000;0.00000;0.00000;0.00000;0.00000;0.00000;0.00000;0.00000;0.00000;0.00000;0.00000;0.00000;0.00000;0.00000;0.00000;0.00000;0.00000;0.00000;0.00000;0.00000
2020-02-11 00:00;1.52243;1.52240;0.00000;1.51919;0.00867;0.00000;0.00000;1.50273;0.00000;1.50101;0.00000;1.49702;0.00000;1.49245;0.00000;1.49214;1.48984;0.00000;1.48702;1.48080;0.00000;1.47973;0.00090;0.00000;0.00000;1.47820;0.00000;1.47716;1.47397;0.00000;1.46674;0.00000;1.46502;0.00000;1.46387;0.00000;1.46239;1.44463;1.44109;1.36163;1.35204;1.33117;1.32413;0.00000;1.29202;1.29061;0.00000;1.28539;1.28366;1.28072;1.27800;1.27730;1.27314;0.00000;1.27242;0.00000;1.27170;1.27007;1.26977;0.00000;1.26847;1.26789;0.00000;1.26587;1.24047;0.00000;1.23621;1.23284;0.00000;1.22421;0.00000;1.20139;0.07136;0.05936;0.03766;0.00000;0.00000;0.00000;0.00000;1.09117;1.08476;0.00000;1.03620;1.00995;0.95839;0.91830;0.88765;0.00000;0.86196;0.81379;0.80941;0.76805;0.00000;0.72523;0.00000;0.63483;0.39285;0.28181;0.21965;0.19522;0.15752;0.13033;0.00000;0.11284;0.00000;0.10514;0.00000;0.09725;0.00000;0.08835;0.00570;0.00000;0.00093;0.00000;0.00000;0.08184;0.00000;0.07619;0.06665;0.04638;0.01317;0.00000;0.00308;0.00000;0.00000;0.00000;0.00000;0.00509;0.00000;0.00000;0.00000;0.02578;0.00000;0.00511;0.00000;0.00000;0.00000;0.03060;0.00000;0.01673;0.00000;0.00977;0.00691;0.00424;0.00000;0.00000;0.00000;0.00000;0.00000;0.23184;0.21768;0.17982;0.13468;0.13341;0.00523;0.00289;0.00000;0.11866;0.01290;0.00000;0.00000;0.00000;0.00000;0.00000;0.00000;0.00000;0.00000;0.03513;0.00000;0.00000;0.00000;0.00000;0.00000;0.02357;0.02327;0.00000;0.00000;0.00000;0.00000;0.00000;0.00000;0.00000;0.00000;0.00000;0.00000;0.00000;0.00000;0.00000;0.00000;0.00000;0.00000;0.00000;0.00000;0.00000;0.00000;0.00000
2020-02-12 00:00;1.46566;1.46564;0.00000;1.46279;0.00808;0.00000;0.00000;1.44824;0.00000;1.44676;0.00000;1.44327;0.00000;1.43928;0.00000;1.43899;1.43714;0.00000;1.43490;1.42933;0.00000;1.42842;0.00086;0.00000;0.00000;1.42715;0.00000;1.42626;1.42393;0.00000;1.41757;0.00000;1.41613;0.00000;1.41521;0.00000;1.41379;1.39793;1.39476;1.32140;1.31361;1.29387;1.28810;0.00000;1.25777;1.25725;0.00000;1.25315;1.25249;1.25129;1.25039;1.24981;1.24629;0.00000;1.24601;0.00000;1.24566;1.24496;1.24475;0.00000;1.24407;1.24375;0.00000;1.24248;1.21997;0.00000;1.21732;1.21520;0.00000;1.20697;0.00000;1.18850;0.07539;0.05827;0.03807;0.00000;0.00000;0.00000;0.00000;1.07274;1.06608;0.00000;1.02005;0.99403;0.94209;0.90378;0.86865;0.00000;0.84516;0.79444;0.79034;0.73936;0.00000;0.69927;0.00000;0.61210;0.38142;0.27303;0.21076;0.18598;0.14946;0.12953;0.00000;0.11266;0.00000;0.10254;0.00000;0.09504;0.00000;0.08683;0.00545;0.00000;0.00107;0.00000;0.00000;0.08066;0.00000;0.07583;0.06723;0.04555;0.01286;0.00000;0.00342;0.00000;0.00000;0.00000;0.00000;0.00471;0.00000;0.00000;0.00000;0.02369;0.00000;0.00378;0.00000;0.00000;0.00000;0.02785;0.00000;0.01572;0.00000;0.00933;0.00715;0.00434;0.00000;0.00000;0.00000;0.00000;0.00000;0.22099;0.20806;0.17454;0.12911;0.12816;0.00513;0.00282;0.00000;0.11483;0.01253;0.00000;0.00000;0.00000;0.00000;0.00000;0.00000;0.00000;0.00000;0.03378;0.00000;0.00000;0.00000;0.00000;0.00000;0.02163;0.02131;0.00000;0.00000;0.00000;0.00000;0.00000;0.00000;0.00000;0.00000;0.00000;0.00000;0.00000;0.00000;0.00000;0.00000;0.00000;0.00000;0.00000;0.00000;0.00000;0.00000;0.00000
2020-02-13 00:00;1.43432;1.43429;0.00000;1.43140;0.00754;0.00000;0.00000;1.41653;0.00000;1.41493;0.00000;1.41119;0.00000;1.40691;0.00000;1.40661;1.40440;0.00000;1.40156;1.39578;0.00000;1.39474;0.00083;0.00000;0.00000;1.39324;0.00000;1.39223;1.38903;0.00000;1.38233;0.00000;1.38066;0.00000;1.37948;0.00000;1.37810;1.36229;1.35909;1.28965;1.28056;1.26131;1.25465;0.00000;1.22452;1.22284;0.00000;1.21753;1.21547;1.21201;1.20873;1.20803;1.20388;0.00000;1.20302;0.00000;1.20220;1.20030;1.19999;0.00000;1.19854;1.19790;0.00000;1.19573;1.17143;0.00000;1.16679;1.16316;0.00000;1.15495;0.00000;1.13362;0.07243;0.05718;0.03670;0.00000;0.00000;0.00000;0.00000;1.02290;1.01669;0.00000;0.97017;0.94427;0.89344;0.85381;0.82374;0.00000;0.80157;0.75685;0.75286;0.70884;0.00000;0.66859;0.00000;0.58289;0.36198;0.26177;0.20421;0.18081;0.14602;0.12192;0.00000;0.10631;0.00000;0.09882;0.00000;0.09150;0.00000;0.08311;0.00541;0.00000;0.00085;0.00000;0.00000;0.07693;0.00000;0.07156;0.06367;0.04324;0.01257;0.00000;0.00304;0.00000;0.00000;0.00000;0.00000;0.00465;0.00000;0.00000;0.00000;0.02343;0.00000;0.00488;0.00000;0.00000;0.00000;0.02762;0.00000;0.01475;0.00000;0.00938;0.00661;0.00411;0.00000;0.00000;0.00000;0.00000;0.00000;0.21161;0.19882;0.16912;0.12644;0.12528;0.00505;0.00280;0.00000;0.11113;0.01191;0.00000;0.00000;0.00000;0.00000;0.00000;0.00000;0.00000;0.00000;0.03480;0.00000;0.00000;0.00000;0.00000;0.00000;0.02221;0.02192;0.00000;0.00000;0.00000;0.00000;0.00000;0.00000;0.00000;0.00000;0.00000;0.00000;0.00000;0.00000;0.00000;0.00000;0.00000;0.00000;0.00000;0.00000;0.00000;0.00000;0.00000
2020-02-14 00:00;1.36194;1.36192;0.00000;1.35937;0.00717;0.00000;0.00000;1.34608;0.00000;1.34470;0.00000;1.34223;0.00000;1.33851;0.00000;1.33823;1.33647;0.00000;1.33425;1.32911;0.00000;1.32824;0.00080;0.00000;0.00000;1.32700;0.00000;1.32615;1.32394;0.00000;1.31809;0.00000;1.31672;0.00000;1.31580;0.00000;1.31448;1.30070;1.29800;1.23331;1.22610;1.20787;1.20252;0.00000;1.17428;1.17363;0.00000;1.16955;1.16874;1.16732;1.16621;1.16564;1.16222;0.00000;1.16189;0.00000;1.16151;1.16073;1.16051;0.00000;1.15978;1.15943;0.00000;1.15816;1.13657;0.00000;1.13382;1.13165;0.00000;1.12382;0.00000;1.10778;0.07012;0.05568;0.03677;0.00000;0.00000;0.00000;0.00000;1.00002;0.99362;0.00000;0.95001;0.92519;0.87510;0.83646;0.81089;0.00000;0.78900;0.74282;0.73860;0.68739;0.00000;0.65095;0.00000;0.56629;0.35488;0.25416;0.19701;0.17339;0.14062;0.12235;0.00000;0.10702;0.00000;0.09743;0.00000;0.09041;0.00000;0.08272;0.00512;0.00000;0.00099;0.00000;0.00000;0.07690;0.00000;0.07233;0.06399;0.04331;0.01221;0.00000;0.00331;0.00000;0.00000;0.00000;0.00000;0.00444;0.00000;0.00000;0.00000;0.02063;0.00000;0.00359;0.00000;0.00000;0.00000;0.02497;0.00000;0.01371;0.00000;0.00893;0.00687;0.00421;0.00000;0.00000;0.00000;0.00000;0.00000;0.20241;0.19162;0.16420;0.12098;0.12010;0.00492;0.00264;0.00000;0.10759;0.01183;0.00000;0.00000;0.00000;0.00000;0.00000;0.00000;0.00000;0.00000;0.03233;0.00000;0.00000;0.00000;0.00000;0.00000;0.02064;0.02033;0.00000;0.00000;0.00000;0.00000;0.00000;0.00000;0.00000;0.00000;0.00000;0.00000;0.00000;0.00000;0.00000;0.00000;0.00000;0.00000;0.00000;0.00000;0.00000;0.00000;0.00000
2020-02-15 00:00;1.33498;1.33495;0.00000;1.33242;0.00639;0.00000;0.00000;1.31973;0.00000;1.31832;0.00000;1.31468;0.00000;1.31085;0.00000;1.31057;1.30868;0.00000;1.30620;1.30103;0.00000;1.30010;0.00078;0.00000;0.00000;1.29876;0.00000;1.29785;1.29511;0.00000;1.28915;0.00000;1.28768;0.00000;1.28662;0.00000;1.28533;1.27210;1.26919;1.20751;1.19960;1.18181;1.17593;0.00000;1.14813;1.14672;0.00000;1.14184;1.14010;1.13717;1.13442;1.13376;1.12990;0.00000;1.12916;0.00000;1.12844;1.12681;1.12652;0.00000;1.12523;1.12466;0.00000;1.12274;1.09884;0.00000;1.09463;1.09133;0.00000;1.08354;0.00000;1.06544;0.06833;0.05534;0.03611;0.00000;0.00000;0.00000;0.00000;0.96152;0.95567;0.00000;0.91138;0.88611;0.83745;0.79892;0.77060;0.00000;0.74884;0.70715;0.70333;0.66018;0.00000;0.62379;0.00000;0.54198;0.33818;0.24566;0.19195;0.16980;0.13722;0.11451;0.00000;0.10041;0.00000;0.09318;0.00000;0.08639;0.00000;0.07844;0.00505;0.00000;0.00081;0.00000;0.00000;0.07266;0.00000;0.06765;0.05994;0.04077;0.01198;0.00000;0.00296;0.00000;0.00000;0.00000;0.00000;0.00444;0.00000;0.00000;0.00000;0.02181;0.00000;0.00469;0.00000;0.00000;0.00000;0.02471;0.00000;0.01287;0.00000;0.00895;0.00634;0.00398;0.00000;0.00000;0.00000;0.00000;0.00000;0.19518;0.18510;0.15967;0.11894;0.11782;0.00480;0.00256;0.00000;0.10421;0.01137;0.00000;0.00000;0.00000;0.00000;0.00000;0.00000;0.00000;0.00000;0.03310;0.00000;0.00000;0.00000;0.00000;0.00000;0.02207;0.02179;0.00000;0.00000;0.00000;0.00000;0.00000;0.00000;0.00000;0.00000;0.00000;0.00000;0.00000;0.00000;0.00000;0.00000;0.00000;0.00000;0.00000;0.00000;0.00000;0.00000;0.00000
2020-02-16 00:00;1.27444;1.27442;0.00000;1.27226;0.00646;0.00000;0.00000;1.26021;0.00000;1.25897;0.00000;1.25643;0.00000;1.25304;0.00000;1.25277;1.25119;0.00000;1.24911;1.24446;0.00000;1.24364;0.00075;0.00000;0.00000;1.24249;0.00000;1.24170;1.23968;0.00000;1.23443;0.00000;1.23316;0.00000;1.23228;0.00000;1.23104;1.21971;1.21780;1.16065;1.15428;1.13747;1.13271;0.00000;1.10662;1.10602;0.00000;1.10211;1.10138;1.10009;1.09911;1.09855;1.09528;0.00000;1.09498;0.00000;1.09462;1.09391;1.09370;0.00000;1.09303;1.09271;0.00000;1.09154;1.07014;0.00000;1.06757;1.06553;0.00000;1.05809;0.00000;1.04456;0.06716;0.05355;0.03582;0.00000;0.00000;0.00000;0.00000;0.94275;0.93664;0.00000;0.89497;0.87062;0.82251;0.78555;0.75982;0.00000;0.73851;0.69482;0.69092;0.64048;0.00000;0.60679;0.00000;0.52694;0.33021;0.23999;0.18728;0.16477;0.13365;0.11654;0.00000;0.10066;0.00000;0.09168;0.00000;0.08498;0.00000;0.07748;0.00472;0.00000;0.00091;0.00000;0.00000;0.07210;0.00000;0.06782;0.05993;0.04038;0.01149;0.00000;0.00306;0.00000;0.00000;0.00000;0.00000;0.00432;0.00000;0.00000;0.00000;0.01968;0.00000;0.00350;0.00000;0.00000;0.00000;0.02246;0.00000;0.01218;0.00000;0.00847;0.00658;0.00409;0.00000;0.00000;0.00000;0.00000;0.00000;0.18820;0.17965;0.15507;0.11369;0.11285;0.00464;0.00237;0.00000;0.10097;0.01137;0.00000;0.00000;0.00000;0.00000;0.00000;0.00000;0.00000;0.00000;0.03093;0.00000;0.00000;0.00000;0.00000;0.00000;0.02052;0.02022;0.00000;0.00000;0.00000;0.00000;0.00000;0.00000;0.00000;0.00000;0.00000;0.00000;0.00000;0.00000;0.00000;0.00000;0.00000;0.00000;0.00000;0.00000;0.00000;0.00000;0.00000
2020-02-17 00:00;1.24920;1.24917;0.00000;1.24689;0.00574;0.00000;0.00000;1.23538;0.00000;1.23411;0.00000;1.23080;0.00000;1.22732;0.00000;1.22705;1.22532;0.00000;1.22293;1.21816;0.00000;1.21726;0.00071;0.00000;0.00000;1.21600;0.00000;1.21516;1.21258;0.00000;1.20724;0.00000;1.20585;0.00000;1.20484;0.00000;1.20362;1.19301;1.19012;1.13665;1.12947;1.11322;1.10783;0.00000;1.08231;1.08086;0.00000;1.07606;1.07428;1.07128;1.06843;1.06778;1.06402;0.00000;1.06326;0.00000;1.06253;1.06086;1.06057;0.00000;1.05928;1.05870;0.00000;1.05681;1.03421;0.00000;1.03004;1.02678;0.00000;1.01943;0.00000;1.00365;0.06447;0.05232;0.03434;0.00000;0.00000;0.00000;0.00000;0.90496;0.89932;0.00000;0.85686;0.83275;0.78639;0.74898;0.72240;0.00000;0.70144;0.66100;0.65715;0.61490;0.00000;0.58026;0.00000;0.50608;0.31577;0.23212;0.18196;0.16057;0.12954;0.10756;0.00000;0.09544;0.00000;0.08882;0.00000;0.08228;0.00000;0.07454;0.00474;0.00000;0.00078;0.00000;0.00000;0.06912;0.00000;0.06432;0.05701;0.03877;0.01105;0.00000;0.00276;0.00000;0.00000;0.00000;0.00000;0.00434;0.00000;0.00000;0.00000;0.02102;0.00000;0.00448;0.00000;0.00000;0.00000;0.02283;0.00000;0.01182;0.00000;0.00857;0.00609;0.00387;0.00000;0.00000;0.00000;0.00000;0.00000;0.18224;0.17303;0.15002;0.11224;0.11118;0.00451;0.00240;0.00000;0.09790;0.01085;0.00000;0.00000;0.00000;0.00000;0.00000;0.00000;0.00000;0.00000;0.03133;0.00000;0.00000;0.00000;0.00000;0.00000;0.02076;0.02048;0.00000;0.00000;0.00000;0.00000;0.00000;0.00000;0.00000;0.00000;0.00000;0.00000;0.00000;0.00000;0.00000;0.00000;0.00000;0.00000;0.00000;0.00000;0.00000;0.00000;0.00000
2020-02-18 00:00;1.18916;1.18914;0.00000;1.18720;0.00573;0.00000;0.00000;1.17648;0.00000;1.17539;0.00000;1.17311;0.00000;1.17006;0.00000;1.16981;1.16842;0.00000;1.16651;1.16257;0.00000;1.16182;0.00069;0.00000;0.00000;1.16078;0.00000;1.16008;1.15834;0.00000;1.15371;0.00000;1.15258;0.00000;1.15179;0.00000;1.15063;1.14222;1.14039;1.09036;1.08489;1.06962;1.06550;0.00000;1.04203;1.04157;0.00000;1.03796;1.03739;1.03638;1.03572;1.03519;1.03214;0.00000;1.03193;0.00000;1.03164;1.03108;1.03089;0.00000;1.03031;1.03003;0.00000;1.02907;1.00906;0.00000;1.00676;1.00496;0.00000;0.99801;0.00000;0.98810;0.06406;0.05070;0.03447;0.00000;0.00000;0.00000;0.00000;0.89050;0.88456;0.00000;0.84510;0.82219;0.77592;0.73988;0.71531;0.00000;0.69452;0.65326;0.64947;0.60212;0.00000;0.57066;0.00000;0.49748;0.31338;0.22957;0.17881;0.15712;0.12718;0.11067;0.00000;0.09540;0.00000;0.08705;0.00000;0.08064;0.00000;0.07340;0.00439;0.00000;0.00084;0.00000;0.00000;0.06839;0.00000;0.06425;0.05668;0.03803;0.01057;0.00000;0.00288;0.00000;0.00000;0.00000;0.00000;0.00421;0.00000;0.00000;0.00000;0.01904;0.00000;0.00334;0.00000;0.00000;0.00000;0.02101;0.00000;0.01156;0.00000;0.00813;0.00628;0.00396;0.00000;0.00000;0.00000;0.00000;0.00000;0.17582;0.16782;0.14553;0.10723;0.10645;0.00438;0.00225;0.00000;0.09497;0.01074;0.00000;0.00000;0.00000;0.00000;0.00000;0.00000;0.00000;0.00000;0.02974;0.00000;0.00000;0.00000;0.00000;0.00000;0.01930;0.01901;0.00000;0.00000;0.00000;0.00000;0.00000;0.00000;0.00000;0.00000;0.00000;0.00000;0.00000;0.00000;0.00000;0.00000;0.00000;0.00000;0.00000;0.00000;0.00000;0.00000;0.00000
2020-02-19 00:00;1.16983;1.16981;0.00000;1.16774;0.00509;0.00000;0.00000;1.15724;0.00000;1.15608;0.00000;1.15311;0.00000;1.14991;0.00000;1.14966;1.14806;0.00000;1.14574;1.14119;0.00000;1.14032;0.00065;0.00000;0.00000;1.13912;0.00000;1.13834;1.13588;0.00000;1.13107;0.00000;1.12973;0.00000;1.12873;0.00000;1.12758;1.11997;1.11741;1.07093;1.06431;1.04940;1.04440;0.00000;1.02141;1.01988;0.00000;1.01509;1.01320;1.01003;1.00698;1.00632;1.00264;0.00000;1.00183;0.00000;1.00106;0.99929;0.99900;0.00000;0.99764;0.99704;0.00000;0.99516;0.97416;0.00000;0.96989;0.96654;0.00000;0.95958;0.00000;0.94771;0.06081;0.04904;0.03279;0.00000;0.00000;0.00000;0.00000;0.85438;0.84891;0.00000;0.80837;0.78456;0.73940;0.70309;0.67775;0.00000;0.65756;0.61940;0.61578;0.57671;0.00000;0.54355;0.00000;0.47605;0.29743;0.21853;0.17117;0.15072;0.12106;0.10006;0.00000;0.08915;0.00000;0.08302;0.00000;0.07677;0.00000;0.06947;0.00449;0.00000;0.00073;0.00000;0.00000;0.06436;0.00000;0.05979;0.05276;0.03577;0.01054;0.00000;0.00254;0.00000;0.00000;0.00000;0.00000;0.00419;0.00000;0.00000;0.00000;0.02007;0.00000;0.00435;0.00000;0.00000;0.00000;0.02104;0.00000;0.01094;0.00000;0.00820;0.00581;0.00371;0.00000;0.00000;0.00000;0.00000;0.00000;0.17058;0.16256;0.14110;0.10555;0.10451;0.00426;0.00226;0.00000;0.09218;0.01022;0.00000;0.00000;0.00000;0.00000;0.00000;0.00000;0.00000;0.00000;0.03090;0.00000;0.00000;0.00000;0.00000;0.00000;0.01904;0.01876;0.00000;0.00000;0.00000;0.00000;0.00000;0.00000;0.00000;0.00000;0.00000;0.00000;0.00000;0.00000;0.00000;0.00000;0.00000;0.00000;0.00000;0.00000;0.00000;0.00000;0.00000
2020-02-20 00:00;1.10808;1.10806;0.00000;1.10629;0.00519;0.00000;0.00000;1.09636;0.00000;1.09533;0.00000;1.09326;0.00000;1.09050;0.00000;1.09025;1.08895;0.00000;1.08709;1.08330;0.00000;1.08256;0.00063;0.00000;0.00000;1.08158;0.00000;1.08091;1.07926;0.00000;1.07500;0.00000;1.07391;0.00000;1.07314;0.00000;1.07204;1.06657;1.06493;1.02026;1.01522;1.00104;0.99723;0.00000;0.97703;0.97654;0.00000;0.97299;0.97241;0.97139;0.97071;0.97019;0.96729;0.00000;0.96708;0.00000;0.96680;0.96626;0.96607;0.00000;0.96552;0.96526;0.00000;0.96442;0.94599;0.00000;0.94379;0.94206;0.00000;0.93551;0.00000;0.92885;0.06068;0.04789;0.03345;0.00000;0.00000;0.00000;0.00000;0.83824;0.83263;0.00000;0.79510;0.77283;0.72809;0.69430;0.67024;0.00000;0.65040;0.61097;0.60726;0.56262;0.00000;0.53223;0.00000;0.46558;0.29266;0.21801;0.17052;0.14974;0.12159;0.10581;0.00000;0.09092;0.00000;0.08285;0.00000;0.07684;0.00000;0.06998;0.00416;0.00000;0.00083;0.00000;0.00000;0.06524;0.00000;0.06137;0.05423;0.03667;0.01015;0.00000;0.00275;0.00000;0.00000;0.00000;0.00000;0.00403;0.00000;0.00000;0.00000;0.01795;0.00000;0.00323;0.00000;0.00000;0.00000;0.02021;0.00000;0.01150;0.00000;0.00768;0.00596;0.00379;0.00000;0.00000;0.00000;0.00000;0.00000;0.16509;0.15783;0.13711;0.10088;0.10014;0.00412;0.00204;0.00000;0.08950;0.01028;0.00000;0.00000;0.00000;0.00000;0.00000;0.00000;0.00000;0.00000;0.02874;0.00000;0.00000;0.00000;0.00000;0.00000;0.01775;0.01746;0.00000;0.00000;0.00000;0.00000;0.00000;0.00000;0.00000;0.00000;0.00000;0.00000;0.00000;0.00000;0.00000;0.00000;0.00000;0.00000;0.00000;0.00000;0.00000;0.00000;0.00000
2020-02-21 00:00;1.09558;1.09556;0.00000;1.09372;0.00466;0.00000;0.00000;1.08441;0.00000;1.08339;0.00000;1.08080;0.00000;1.07792;0.00000;1.07768;1.07635;0.00000;1.07434;1.07015;0.00000;1.06937;0.00062;0.00000;0.00000;1.06833;0.00000;1.06763;1.06565;0.00000;1.06150;0.00000;1.06030;0.00000;1.05943;0.00000;1.05831;1.05266;1.05039;1.00828;1.00258;0.98867;0.98430;0.00000;0.96548;0.96430;0.00000;0.95998;0.95849;0.95596;0.95358;0.95297;0.94959;0.00000;0.94895;0.00000;0.94831;0.94686;0.94660;0.00000;0.94545;0.94493;0.00000;0.94346;0.92397;0.00000;0.92020;0.91726;0.00000;0.91080;0.00000;0.90099;0.05827;0.04700;0.03256;0.00000;0.00000;0.00000;0.00000;0.81212;0.80688;0.00000;0.76802;0.74523;0.70074;0.66533;0.64053;0.00000;0.62125;0.58519;0.58162;0.54375;0.00000;0.51140;0.00000;0.45012;0.28188;0.21195;0.16675;0.14736;0.11928;0.09983;0.00000;0.08546;0.00000;0.07946;0.00000;0.07366;0.00000;0.06656;0.00436;0.00000;0.00072;0.00000;0.00000;0.06157;0.00000;0.05724;0.05048;0.03425;0.01002;0.00000;0.00242;0.00000;0.00000;0.00000;0.00000;0.00399;0.00000;0.00000;0.00000;0.01908;0.00000;0.00406;0.00000;0.00000;0.00000;0.02000;0.00000;0.01063;0.00000;0.00776;0.00555;0.00355;0.00000;0.00000;0.00000;0.00000;0.00000;0.16064;0.15399;0.13317;0.09969;0.09869;0.00399;0.00215;0.00000;0.08692;0.00984;0.00000;0.00000;0.00000;0.00000;0.00000;0.00000;0.00000;0.00000;0.03061;0.00000;0.00000;0.00000;0.00000;0.00000;0.01787;0.01760;0.00000;0.00000;0.00000;0.00000;0.00000;0.00000;0.00000;0.00000;0.00000;0.00000;0.00000;0.00000;0.00000;0.00000;0.00000;0.00000;0.00000;0.00000;0.00000;0.00000;0.00000
2020-02-22 00:00;1.05010;1.05008;0.00000;1.04847;0.00470;0.00000;0.00000;1.03949;0.00000;1.03856;0.00000;1.03672;0.00000;1.03416;0.00000;1.03393;1.03279;0.00000;1.03108;1.02748;0.00000;1.02680;0.00060;0.00000;0.00000;1.02590;0.00000;1.02528;1.02386;0.00000;1.01999;0.00000;1.01898;0.00000;1.01827;0.00000;1.01720;1.01255;1.01109;0.97051;0.96606;0.95291;0.94952;0.00000;0.93270;0.93231;0.00000;0.92898;0.92852;0.92770;0.92719;0.92670;0.92398;0.00000;0.92381;0.00000;0.92357;0.92313;0.92296;0.00000;0.92248;0.92225;0.00000;0.92160;0.90424;0.00000;0.90224;0.90067;0.00000;0.89460;0.00000;0.88861;0.05588;0.04393;0.03191;0.00000;0.00000;0.00000;0.00000;0.80379;0.79839;0.00000;0.76237;0.74093;0.69686;0.66294;0.63992;0.00000;0.62069;0.58296;0.57953;0.53600;0.00000;0.50632;0.00000;0.44315;0.27930;0.20854;0.16258;0.14187;0.11456;0.09975;0.00000;0.08662;0.00000;0.07882;0.00000;0.07316;0.00000;0.06633;0.00403;0.00000;0.00079;0.00000;0.00000;0.06173;0.00000;0.05805;0.05110;0.03480;0.00971;0.00000;0.00260;0.00000;0.00000;0.00000;0.00000;0.00393;0.00000;0.00000;0.00000;0.01725;0.00000;0.00304;0.00000;0.00000;0.00000;0.01898;0.00000;0.01092;0.00000;0.00731;0.00569;0.00366;0.00000;0.00000;0.00000;0.00000;0.00000;0.15624;0.15000;0.12955;0.09525;0.09454;0.00388;0.00192;0.00000;0.08444;0.01004;0.00000;0.00000;0.00000;0.00000;0.00000;0.00000;0.00000;0.00000;0.02800;0.00000;0.00000;0.00000;0.00000;0.00000;0.01679;0.01652;0.00000;0.00000;0.00000;0.00000;0.00000;0.00000;0.00000;0.00000;0.00000;0.00000;0.00000;0.00000;0.00000;0.00000;0.00000;0.00000;0.00000;0.00000;0.00000;0.00000;0.00000
2020-02-23 00:00;1.34380;1.34407;0.00000;1.34556;0.00420;0.00000;0.00000;1.35587;0.00000;1.35790;0.00000;1.35907;0.00000;1.36248;0.00000;1.36253;1.36811;0.00000;1.37541;1.37789;0.00000;1.38013;0.00058;0.00000;0.00000;1.38340;0.00000;1.38490;1.39661;0.00000;1.40198;0.00000;1.40500;0.00000;1.40803;0.00000;1.40726;1.41649;1.41628;1.38534;1.40318;1.36853;1.38006;0.00000;1.35609;1.36921;0.00000;1.35952;1.37450;1.37959;1.39849;1.38397;1.37048;0.00000;1.37042;0.00000;1.37296;1.37533;1.37562;0.00000;1.37680;1.37414;0.00000;1.37102;1.31250;0.00000;1.30915;1.30867;0.00000;1.28313;0.00000;1.27470;0.09002;0.07130;0.03383;0.00000;0.00000;0.00000;0.00000;1.15965;1.15504;0.00000;1.11504;1.09866;1.03566;1.00595;0.96659;0.00000;0.94291;0.86085;0.85539;0.80217;0.00000;0.75514;0.00000;0.68793;0.43588;0.29008;0.23260;0.20735;0.16625;0.13980;0.00000;0.12576;0.00000;0.11975;0.00000;0.11212;0.00000;0.10205;0.00577;0.00000;0.00105;0.00000;0.00000;0.09550;0.00000;0.08940;0.08110;0.05499;0.01654;0.00000;0.00308;0.00000;0.00000;0.00000;0.00000;0.00586;0.00000;0.00000;0.00000;0.02815;0.00000;0.00701;0.00000;0.00000;0.00000;0.02792;0.00000;0.01501;0.00000;0.01173;0.00748;0.00418;0.00000;0.00000;0.00000;0.00000;0.00000;0.17915;0.16784;0.12715;0.10972;0.10845;0.00553;0.00274;0.00000;0.09093;0.01289;0.00000;0.00000;0.00000;0.00000;0.00000;0.00000;0.00000;0.00000;0.04384;0.00000;0.00000;0.00000;0.00000;0.00000;0.05861;0.05607;0.00000;0.00000;0.00000;0.00000;0.00000;0.00000;0.00000;0.00000;0.00000;0.00000;0.00000;0.00000;0.00000;0.00000;0.00000;0.00000;0.00000;0.00000;0.00000;0.00000;0.00000
2020-02-24 00:00;16.19050;16.19321;0.00000;16.19603;0.14112;0.00000;0.00000;16.15798;0.00000;16.17700;0.00000;16.19790;0.00000;16.24397;0.00000;16.24613;16.29530;0.00000;16.36339;16.39559;0.00000;16.41618;0.00226;0.00000;0.00000;16.45002;0.00000;16.45701;16.49069;0.00000;16.52063;0.00000;16.54968;0.00000;16.57910;0.00000;16.57878;16.66347;16.66915;16.55431;16.71278;15.45594;15.55584;0.00000;13.00996;13.01804;0.00000;12.03466;12.05768;11.82176;11.66132;11.21997;10.26565;0.00000;10.20099;0.00000;10.08847;9.90611;9.72380;0.00000;9.56197;9.46134;0.00000;9.25156;7.19866;0.00000;6.41535;5.95119;0.00000;4.99586;0.00000;3.64867;0.89968;0.85510;0.05377;0.00000;0.00000;0.00000;0.00000;2.50685;2.49335;0.00000;2.40678;2.38289;2.25476;2.20609;2.10771;0.00000;2.06322;1.81988;1.80681;1.69778;0.00000;1.56140;0.00000;1.43794;0.93189;0.58248;0.47544;0.43787;0.36198;0.31571;0.00000;0.27468;0.00000;0.25912;0.00000;0.24596;0.00000;0.22826;0.01121;0.00000;0.00288;0.00000;0.00000;0.21574;0.00000;0.20465;0.18995;0.13419;0.03894;0.00000;0.00607;0.00000;0.00000;0.00000;0.00000;0.00963;0.00000;0.00000;0.00000;0.05120;0.00000;0.01499;0.00000;0.00000;0.00000;0.05541;0.00000;0.03316;0.00000;0.02249;0.01276;0.00583;0.00000;0.00000;0.00000;0.00000;0.00000;0.27904;0.21354;0.13611;0.16814;0.16580;0.01466;0.00458;0.00000;0.12935;0.02247;0.00000;0.00000;0.00000;0.00000;0.00000;0.00000;0.00000;0.00000;0.09294;0.00000;0.00000;0.00000;0.00000;0.00000;1.91948;1.77440;0.00000;0.00000;0.00000;0.00000;0.00000;0.00000;0.00000;0.00000;0.00000;0.00000;0.00000;0.00000;0.00000;0.00000;0.00000;0.00000;0.00000;0.00000;0.00000;0.00000;0.00000
2020-02-25 00:00;24.88298;24.88362;0.00000;24.87437;0.09921;0.00000;0.00000;24.77825;0.00000;24.78109;0.00000;24.77918;0.00000;24.78250;0.00000;24.78260;24.79308;0.00000;24.80795;24.80390;0.00000;24.80760;0.00206;0.00000;0.00000;24.81361;0.00000;24.81306;24.80647;0.00000;24.79776;0.00000;24.80209;0.00000;24.80899;0.00000;24.80649;24.80867;24.80377;24.55062;24.58095;22.35804;22.37298;0.00000;16.73570;16.67855;0.00000;15.19327;15.14173;14.81158;14.63453;14.25909;12.95210;0.00000;12.88486;0.00000;12.78382;12.60506;12.46358;0.00000;12.32853;12.25340;0.00000;12.06610;9.63503;0.00000;8.86894;8.41432;0.00000;7.27641;0.00000;5.60013;0.91377;0.84074;0.08103;0.00000;0.00000;0.00000;0.00000;4.39917;4.38273;0.00000;4.25738;4.22028;4.03718;3.96913;3.83144;0.00000;3.76665;3.44598;3.40151;2.84711;0.00000;2.37252;0.00000;2.08645;1.48374;1.08367;0.93137;0.88017;0.77641;0.70415;0.00000;0.61689;0.00000;0.58401;0.00000;0.55550;0.00000;0.53046;0.02021;0.00000;0.00740;0.00000;0.00000;0.50804;0.00000;0.49064;0.46864;0.37050;0.14644;0.00000;0.02681;0.00000;0.00000;0.00000;0.00000;0.01342;0.00000;0.00000;0.00000;0.07343;0.00000;0.02496;0.00000;0.00000;0.00000;0.08754;0.00000;0.05366;0.00000;0.03220;0.01802;0.00746;0.00000;0.00000;0.00000;0.00000;0.00000;0.37279;0.29198;0.17170;0.24106;0.23745;0.02444;0.00658;0.00000;0.17908;0.03334;0.00000;0.00000;0.00000;0.00000;0.00000;0.00000;0.00000;0.00000;0.13690;0.00000;0.00000;0.00000;0.00000;0.00000;2.30375;2.19503;0.00000;0.00000;0.00000;0.00000;0.00000;0.00000;0.00000;0.00000;0.00000;0.00000;0.00000;0.00000;0.00000;0.00000;0.00000;0.00000;0.00000;0.00000;0.00000;0.00000;0.00000
2020-02-26 00:00;15.40883;15.40729;0.00000;15.38285;0.03060;0.00000;0.00000;15.23467;0.00000;15.21640;0.00000;15.18909;0.00000;15.14963;0.00000;15.14755;15.10889;0.00000;15.05621;15.01011;0.00000;14.99257;0.00178;0.00000;0.00000;14.96844;0.00000;14.95505;14.87661;0.00000;14.81572;0.00000;14.79178;0.00000;14.77075;0.00000;14.76637;14.67050;14.65407;14.38838;14.26098;13.14129;13.05851;0.00000;9.94852;9.87808;0.00000;9.20394;9.13030;8.94666;8.81519;8.70263;8.10779;0.00000;8.06897;0.00000;8.02615;7.93579;7.89534;0.00000;7.83673;7.80860;0.00000;7.72839;6.65178;0.00000;6.37371;6.20381;0.00000;5.72264;0.00000;4.96664;0.40059;0.33169;0.08187;0.00000;0.00000;0.00000;0.00000;4.35231;4.32640;0.00000;4.13112;4.05312;3.86974;3.74562;3.60599;0.00000;3.52148;3.26634;3.24360;2.78252;0.00000;2.51432;0.00000;2.17700;1.70128;1.26179;1.08511;1.01180;0.89160;0.79751;0.00000;0.70258;0.00000;0.65705;0.00000;0.62420;0.00000;0.59379;0.02345;0.00000;0.00708;0.00000;0.00000;0.56706;0.00000;0.54194;0.51047;0.40385;0.13927;0.00000;0.03462;0.00000;0.00000;0.00000;0.00000;0.01618;0.00000;0.00000;0.00000;0.08081;0.00000;0.02516;0.00000;0.00000;0.00000;0.08899;0.00000;0.05039;0.00000;0.03060;0.01741;0.00899;0.00000;0.00000;0.00000;0.00000;0.00000;0.39251;0.35118;0.22403;0.27230;0.26784;0.02638;0.00805;0.00000;0.20026;0.04187;0.00000;0.00000;0.00000;0.00000;0.00000;0.00000;0.00000;0.00000;0.13190;0.00000;0.00000;0.00000;0.00000;0.00000;1.00960;0.98043;0.00000;0.00000;0.00000;0.00000;0.00000;0.00000;0.00000;0.00000;0.00000;0.00000;0.00000;0.00000;0.00000;0.00000;0.00000;0.00000;0.00000;0.00000;0.00000;0.00000;0.00000
2020-02-27 00:00;8.35355;8.35249;0.00000;8.33166;0.03762;0.00000;0.00000;8.20412;0.00000;8.19011;0.00000;8.16858;0.00000;8.13775;0.00000;8.13606;8.10773;0.00000;8.06907;8.03172;0.00000;8.01870;0.00205;0.00000;0.00000;8.00037;0.00000;7.98910;7.92337;0.00000;7.87259;0.00000;7.85407;0.00000;7.83871;0.00000;7.83448;7.75774;7.74372;7.51593;7.42108;7.10262;7.04224;0.00000;5.96382;5.90394;0.00000;5.68530;5.62629;5.52216;5.40517;5.37058;5.21296;0.00000;5.19539;0.00000;5.17837;5.13993;5.12759;0.00000;5.10206;5.08998;0.00000;5.05716;4.68990;0.00000;4.60617;4.55298;0.00000;4.42075;0.00000;4.19029;0.21986;0.17080;0.07859;0.00000;0.00000;0.00000;0.00000;3.79987;3.77509;0.00000;3.57818;3.49654;3.32710;3.19944;3.06788;0.00000;2.98026;2.77226;2.75756;2.53168;0.00000;2.39979;0.00000;2.08191;1.63628;1.23951;1.05851;0.97893;0.85306;0.75206;0.00000;0.66668;0.00000;0.62040;0.00000;0.58820;0.00000;0.55559;0.02466;0.00000;0.00637;0.00000;0.00000;0.52721;0.00000;0.50027;0.46646;0.36517;0.11505;0.00000;0.03146;0.00000;0.00000;0.00000;0.00000;0.01756;0.00000;0.00000;0.00000;0.08497;0.00000;0.02517;0.00000;0.00000;0.00000;0.08707;0.00000;0.04767;0.00000;0.02966;0.01807;0.01007;0.00000;0.00000;0.00000;0.00000;0.00000;0.40081;0.40041;0.27390;0.27919;0.27436;0.02568;0.00892;0.00000;0.20545;0.04599;0.00000;0.00000;0.00000;0.00000;0.00000;0.00000;0.00000;0.00000;0.11640;0.00000;0.00000;0.00000;0.00000;0.00000;0.33621;0.32680;0.00000;0.00000;0.00000;0.00000;0.00000;0.00000;0.00000;0.00000;0.00000;0.00000;0.00000;0.00000;0.00000;0.00000;0.00000;0.00000;0.00000;0.00000;0.00000;0.00000;0.00000
2020-02-28 00:00;5.78824;5.78789;0.00000;5.77805;0.02246;0.00000;0.00000;5.72040;0.00000;5.71450;0.00000;5.70291;0.00000;5.68792;0.00000;5.68695;5.67637;0.00000;5.66140;5.64183;0.00000;5.63650;0.00194;0.00000;0.00000;5.62926;0.00000;5.62476;5.60352;0.00000;5.57977;0.00000;5.57213;0.00000;5.56625;0.00000;5.56275;5.52434;5.51561;5.32233;5.28355;5.14224;5.11655;0.00000;4.46661;4.44764;0.00000;4.33341;4.31391;4.27752;4.24297;4.23407;4.18646;0.00000;4.18126;0.00000;4.17638;4.16504;4.16218;0.00000;4.15482;4.15157;0.00000;4.14150;3.97853;0.00000;3.95332;3.93640;0.00000;3.89092;0.00000;3.80768;0.17203;0.12549;0.07768;0.00000;0.00000;0.00000;0.00000;3.49707;3.47621;0.00000;3.29573;3.22080;3.06083;2.94246;2.82030;0.00000;2.73542;2.56233;2.55071;2.38637;0.00000;2.27610;0.00000;1.98084;1.52955;1.18325;1.00619;0.92690;0.80090;0.69951;0.00000;0.62269;0.00000;0.57843;0.00000;0.54707;0.00000;0.51418;0.02481;0.00000;0.00577;0.00000;0.00000;0.48557;0.00000;0.45925;0.42577;0.33094;0.09836;0.00000;0.02609;0.00000;0.00000;0.00000;0.00000;0.01791;0.00000;0.00000;0.00000;0.08646;0.00000;0.02432;0.00000;0.00000;0.00000;0.08384;0.00000;0.04586;0.00000;0.02849;0.01809;0.01071;0.00000;0.00000;0.00000;0.00000;0.00000;0.42450;0.43879;0.31395;0.28118;0.27625;0.02489;0.00944;0.00000;0.20792;0.04750;0.00000;0.00000;0.00000;0.00000;0.00000;0.00000;0.00000;0.00000;0.10769;0.00000;0.00000;0.00000;0.00000;0.00000;0.15339;0.15114;0.00000;0.00000;0.00000;0.00000;0.00000;0.00000;0.00000;0.00000;0.00000;0.00000;0.00000;0.00000;0.00000;0.00000;0.00000;0.00000;0.00000;0.00000;0.00000;0.00000;0.00000
2020-02-29 00:00;4.47845;4.47819;0.00000;4.47066;0.01306;0.00000;0.00000;4.43186;0.00000;4.42709;0.00000;4.41789;0.00000;4.40527;0.00000;4.40441;4.39620;0.00000;4.38439;4.36803;0.00000;4.36382;0.00186;0.00000;0.00000;4.35798;0.00000;4.35438;4.33961;0.00000;4.32025;0.00000;4.31404;0.00000;4.30930;0.00000;4.30601;4.27339;4.26599;4.09243;4.06140;4.00870;3.98796;0.00000;3.84533;3.83875;0.00000;3.81470;3.80833;3.79800;3.78741;3.78559;3.77269;0.00000;3.77043;0.00000;3.76842;3.76362;3.76293;0.00000;3.75952;3.75805;0.00000;3.75329;3.66090;0.00000;3.65191;3.64510;0.00000;3.62634;0.00000;3.58363;0.15637;0.11199;0.07545;0.00000;0.00000;0.00000;0.00000;3.30251;3.28369;0.00000;3.11409;3.04301;2.89238;2.77979;2.66730;0.00000;2.58667;2.43452;2.42406;2.27897;0.00000;2.18038;0.00000;1.90410;1.43215;1.11843;0.94908;0.87307;0.74921;0.65018;0.00000;0.57934;0.00000;0.53764;0.00000;0.50692;0.00000;0.47466;0.02453;0.00000;0.00519;0.00000;0.00000;0.44640;0.00000;0.42120;0.38872;0.30120;0.08834;0.00000;0.02283;0.00000;0.00000;0.00000;0.00000;0.01750;0.00000;0.00000;0.00000;0.08616;0.00000;0.02326;0.00000;0.00000;0.00000;0.07995;0.00000;0.04422;0.00000;0.02758;0.01803;0.01102;0.00000;0.00000;0.00000;0.00000;0.00000;0.45025;0.46467;0.34241;0.27928;0.27443;0.02380;0.00972;0.00000;0.20825;0.04734;0.00000;0.00000;0.00000;0.00000;0.00000;0.00000;0.00000;0.00000;0.10018;0.00000;0.00000;0.00000;0.00000;0.00000;0.08759;0.08686;0.00000;0.00000;0.00000;0.00000;0.00000;0.00000;0.00000;0.00000;0.00000;0.00000;0.00000;0.00000;0.00000;0.00000;0.00000;0.00000;0.00000;0.00000;0.00000;0.00000;0.00000
2020-03-01 00:00;4.02740;4.02733;0.00000;4.02236;0.01175;0.00000;0.00000;3.99831;0.00000;3.99563;0.00000;3.99000;0.00000;3.98190;0.00000;3.98124;3.97767;0.00000;3.97198;3.96050;0.00000;3.95821;0.00179;0.00000;0.00000;3.95519;0.00000;3.95305;3.94722;0.00000;3.93429;0.00000;3.93080;0.00000;3.92856;0.00000;3.92556;3.90308;3.89758;3.74030;3.72430;3.69067;3.67945;0.00000;3.61118;3.60860;0.00000;3.60097;3.59801;3.59311;3.58854;3.58759;3.58043;0.00000;3.57922;0.00000;3.57807;3.57542;3.57500;0.00000;3.57295;3.57204;0.00000;3.56890;3.49137;0.00000;3.48497;3.47990;0.00000;3.46542;0.00000;3.42985;0.15055;0.10758;0.07264;0.00000;0.00000;0.00000;0.00000;3.16677;3.14883;0.00000;2.98987;2.92255;2.77607;2.66673;2.56129;0.00000;2.48490;2.34525;2.33562;2.19902;0.00000;2.10831;0.00000;1.84781;1.35722;1.05575;0.89364;0.82066;0.70047;0.60495;0.00000;0.53831;0.00000;0.49965;0.00000;0.46951;0.00000;0.43844;0.02409;0.00000;0.00465;0.00000;0.00000;0.41077;0.00000;0.38698;0.35581;0.27300;0.08136;0.00000;0.02079;0.00000;0.00000;0.00000;0.00000;0.01681;0.00000;0.00000;0.00000;0.08434;0.00000;0.02199;0.00000;0.00000;0.00000;0.07654;0.00000;0.04294;0.00000;0.02686;0.01795;0.01119;0.00000;0.00000;0.00000;0.00000;0.00000;0.47101;0.47871;0.35962;0.27528;0.27064;0.02258;0.00984;0.00000;0.20756;0.04632;0.00000;0.00000;0.00000;0.00000;0.00000;0.00000;0.00000;0.00000;0.09886;0.00000;0.00000;0.00000;0.00000;0.00000;0.07459;0.07412;0.00000;0.00000;0.00000;0.00000;0.00000;0.00000;0.00000;0.00000;0.00000;0.00000;0.00000;0.00000;0.00000;0.00000;0.00000;0.00000;0.00000;0.00000;0.00000;0.00000;0.00000
2020-03-02 00:00;3.79976;3.79969;0.00000;3.79513;0.01096;0.00000;0.00000;3.77261;0.00000;3.77008;0.00000;3.76492;0.00000;3.75716;0.00000;3.75653;3.75312;0.00000;3.74779;3.73707;0.00000;3.73497;0.00169;0.00000;0.00000;3.73208;0.00000;3.73004;3.72447;0.00000;3.71230;0.00000;3.70899;0.00000;3.70683;0.00000;3.70399;3.68268;3.67791;3.53065;3.51557;3.48437;3.47364;0.00000;3.43345;3.43051;0.00000;3.42264;3.41910;3.41328;3.40771;3.40673;3.39982;0.00000;3.39835;0.00000;3.39701;3.39383;3.39338;0.00000;3.39101;3.38997;0.00000;3.38649;3.31407;0.00000;3.30681;3.30112;0.00000;3.28792;0.00000;3.25118;0.14213;0.10303;0.06924;0.00000;0.00000;0.00000;0.00000;3.00280;2.98653;0.00000;2.83543;2.77005;2.63228;2.52837;2.42796;0.00000;2.35805;2.23204;2.22311;2.09279;0.00000;2.00843;0.00000;1.76312;1.26236;0.98264;0.83143;0.76304;0.64810;0.55706;0.00000;0.49473;0.00000;0.45932;0.00000;0.42993;0.00000;0.40044;0.02345;0.00000;0.00412;0.00000;0.00000;0.37357;0.00000;0.35136;0.32191;0.24361;0.07390;0.00000;0.01845;0.00000;0.00000;0.00000;0.00000;0.01572;0.00000;0.00000;0.00000;0.08103;0.00000;0.02043;0.00000;0.00000;0.00000;0.07165;0.00000;0.04088;0.00000;0.02556;0.01754;0.01112;0.00000;0.00000;0.00000;0.00000;0.00000;0.48274;0.48237;0.36709;0.26948;0.26511;0.02133;0.00985;0.00000;0.20579;0.04463;0.00000;0.00000;0.00000;0.00000;0.00000;0.00000;0.00000;0.00000;0.09176;0.00000;0.00000;0.00000;0.00000;0.00000;0.06897;0.06852;0.00000;0.00000;0.00000;0.00000;0.00000;0.00000;0.00000;0.00000;0.00000;0.00000;0.00000;0.00000;0.00000;0.00000;0.00000;0.00000;0.00000;0.00000;0.00000;0.00000;0.00000
2020-03-03 00:00;11.11093;11.11236;0.00000;11.10511;0.12146;0.00000;0.00000;11.02541;0.00000;11.03355;0.00000;11.04046;0.00000;11.05778;0.00000;11.05822;11.08362;0.00000;11.11819;11.12398;0.00000;11.13349;0.00336;0.00000;0.00000;11.14838;0.00000;11.14872;11.14933;0.00000;11.14970;0.00000;11.16174;0.00000;11.17697;0.00000;11.17354;11.20022;11.19870;11.01049;11.08978;10.51731;10.56529;0.00000;8.84916;8.78193;0.00000;8.23459;8.18192;8.02782;7.84335;7.66942;7.30960;0.00000;7.28847;0.00000;7.24844;7.18590;7.11803;0.00000;7.05954;7.02252;0.00000;6.94682;6.07490;0.00000;5.77592;5.59716;0.00000;5.21623;0.00000;4.66532;0.50286;0.44564;0.09251;0.00000;0.00000;0.00000;0.00000;3.98798;3.97107;0.00000;3.82303;3.76556;3.58155;3.48692;3.36719;0.00000;3.29458;3.10889;3.08044;2.56592;0.00000;2.35591;0.00000;2.08942;1.47074;1.09200;0.92663;0.86144;0.73935;0.65159;0.00000;0.58264;0.00000;0.54890;0.00000;0.51730;0.00000;0.48703;0.02588;0.00000;0.00565;0.00000;0.00000;0.45789;0.00000;0.43586;0.40661;0.31956;0.13134;0.00000;0.03336;0.00000;0.00000;0.00000;0.00000;0.01596;0.00000;0.00000;0.00000;0.08380;0.00000;0.02275;0.00000;0.00000;0.00000;0.07863;0.00000;0.04826;0.00000;0.03115;0.02020;0.01177;0.00000;0.00000;0.00000;0.00000;0.00000;0.51801;0.48908;0.36939;0.28173;0.27709;0.02260;0.01000;0.00000;0.21554;0.04542;0.00000;0.00000;0.00000;0.00000;0.00000;0.00000;0.00000;0.00000;0.13076;0.00000;0.00000;0.00000;0.00000;0.00000;0.82424;0.76790;0.00000;0.00000;0.00000;0.00000;0.00000;0.00000;0.00000;0.00000;0.00000;0.00000;0.00000;0.00000;0.00000;0.00000;0.00000;0.00000;0.00000;0.00000;0.00000;0.00000;0.00000
2020-03-04 00:00;35.25313;35.25569;0.00000;35.23923;0.26673;0.00000;0.00000;35.03997;0.00000;35.04123;0.00000;35.02890;0.00000;35.05483;0.00000;35.05531;35.09177;0.00000;35.15385;35.16181;0.00000;35.17918;0.00805;0.00000;0.00000;35.20509;0.00000;35.20603;35.19876;0.00000;35.15037;0.00000;35.17130;0.00000;35.19918;0.00000;35.19097;35.23262;35.21899;34.26744;34.38501;32.00819;32.04903;0.00000;25.94812;25.80515;0.00000;24.17220;24.06529;23.70028;23.35519;22.91408;21.78759;0.00000;21.73662;0.00000;21.63468;21.48003;21.30757;0.00000;21.16756;21.08148;0.00000;20.89122;17.97886;0.00000;17.20127;16.74070;0.00000;15.61409;0.00000;14.10712;1.60181;1.35778;0.31739;0.00000;0.00000;0.00000;0.00000;12.09558;12.06881;0.00000;11.35114;11.10214;10.67407;10.43965;10.11407;0.00000;9.91010;9.29489;9.19146;6.94448;0.00000;5.97585;0.00000;4.86554;3.84544;2.85095;2.50617;2.41282;2.10734;1.95549;0.00000;1.69722;0.00000;1.59119;0.00000;1.51417;0.00000;1.43385;0.09377;0.00000;0.04530;0.00000;0.00000;1.35176;0.00000;1.25939;1.14409;0.93665;0.26803;0.00000;0.24736;0.00000;0.00000;0.00000;0.00000;0.04146;0.00000;0.00000;0.00000;0.17861;0.00000;0.08145;0.00000;0.00000;0.00000;0.14487;0.00000;0.14774;0.00000;0.10924;0.05662;0.02249;0.00000;0.00000;0.00000;0.00000;0.00000;0.64688;0.58097;0.39195;0.36848;0.35836;0.03154;0.01357;0.00000;0.26614;0.09933;0.00000;0.00000;0.00000;0.00000;0.00000;0.00000;0.00000;0.00000;0.30121;0.00000;0.00000;0.00000;0.00000;0.00000;2.80732;2.66587;0.00000;0.00000;0.00000;0.00000;0.00000;0.00000;0.00000;0.00000;0.00000;0.00000;0.00000;0.00000;0.00000;0.00000;0.00000;0.00000;0.00000;0.00000;0.00000;0.00000;0.00000
2020-03-05 00:00;30.51136;30.51016;0.00000;30.47593;0.10905;0.00000;0.00000;30.24037;0.00000;30.21927;0.00000;30.17612;0.00000;30.12085;0.00000;30.11687;30.08025;0.00000;30.02584;29.95682;0.00000;29.93731;0.00769;0.00000;0.00000;29.91133;0.00000;29.89419;29.81344;0.00000;29.71422;0.00000;29.68655;0.00000;29.66496;0.00000;29.65048;29.54795;29.52295;28.59840;28.46703;26.51817;26.41867;0.00000;20.44692;20.33861;0.00000;19.10550;18.99391;18.70696;18.50242;18.31353;17.43718;0.00000;17.38528;0.00000;17.32272;17.19648;17.12908;0.00000;17.04577;17.00493;0.00000;16.88811;14.87425;0.00000;14.41623;14.13422;0.00000;13.38424;0.00000;12.20880;0.90402;0.71771;0.25549;0.00000;0.00000;0.00000;0.00000;10.67773;10.60586;0.00000;9.84355;9.44109;8.88870;8.40970;8.09285;0.00000;7.80626;7.34679;7.30243;5.95067;0.00000;5.44385;0.00000;4.58060;3.74112;2.89593;2.45931;2.30034;2.01939;1.83786;0.00000;1.63230;0.00000;1.53043;0.00000;1.46592;0.00000;1.38346;0.06745;0.00000;0.02550;0.00000;0.00000;1.30682;0.00000;1.22921;1.12857;0.84506;0.22500;0.00000;0.14965;0.00000;0.00000;0.00000;0.00000;0.04927;0.00000;0.00000;0.00000;0.17284;0.00000;0.05052;0.00000;0.00000;0.00000;0.16313;0.00000;0.10333;0.00000;0.06607;0.03950;0.02225;0.00000;0.00000;0.00000;0.00000;0.00000;0.70854;0.63491;0.45020;0.43337;0.41972;0.03908;0.01685;0.00000;0.31439;0.10268;0.00000;0.00000;0.00000;0.00000;0.00000;0.00000;0.00000;0.00000;0.35736;0.00000;0.00000;0.00000;0.00000;0.00000;1.91916;1.87078;0.00000;0.00000;0.00000;0.00000;0.00000;0.00000;0.00000;0.00000;0.00000;0.00000;0.00000;0.00000;0.00000;0.00000;0.00000;0.00000;0.00000;0.00000;0.00000;0.00000;0.00000
2020-03-06 00:00;14.03540;14.03319;0.00000;13.99683;0.02979;0.00000;0.00000;13.79741;0.00000;13.76925;0.00000;13.72661;0.00000;13.65427;0.00000;13.64933;13.59270;0.00000;13.50702;13.42107;0.00000;13.39172;0.00733;0.00000;0.00000;13.35201;0.00000;13.32922;13.22255;0.00000;13.12821;0.00000;13.08770;0.00000;13.05276;0.00000;13.03753;12.89582;12.86877;12.47702;12.28252;11.84181;11.71755;0.00000;10.40799;10.33642;0.00000;10.08221;10.00665;9.87863;9.75173;9.72328;9.50686;0.00000;9.47680;0.00000;9.45092;9.38784;9.37674;0.00000;9.33718;9.32030;0.00000;9.27022;8.79102;0.00000;8.67784;8.60128;0.00000;8.43590;0.00000;8.08752;0.38360;0.25243;0.15131;0.00000;0.00000;0.00000;0.00000;7.29559;7.23146;0.00000;6.74213;6.44197;5.95319;5.53360;5.32025;0.00000;5.07763;4.78185;4.76430;4.44292;0.00000;4.29187;0.00000;3.80539;3.06648;2.36138;1.97424;1.80373;1.54840;1.36581;0.00000;1.24699;0.00000;1.16380;0.00000;1.11247;0.00000;1.03579;0.04867;0.00000;0.01140;0.00000;0.00000;0.97782;0.00000;0.92241;0.84217;0.65936;0.20776;0.00000;0.05139;0.00000;0.00000;0.00000;0.00000;0.04547;0.00000;0.00000;0.00000;0.17309;0.00000;0.04267;0.00000;0.00000;0.00000;0.15224;0.00000;0.08018;0.00000;0.05308;0.03442;0.02186;0.00000;0.00000;0.00000;0.00000;0.00000;0.70084;0.69022;0.51248;0.44654;0.43251;0.04040;0.01754;0.00000;0.32475;0.09800;0.00000;0.00000;0.00000;0.00000;0.00000;0.00000;0.00000;0.00000;0.31664;0.00000;0.00000;0.00000;0.00000;0.00000;0.42526;0.41801;0.00000;0.00000;0.00000;0.00000;0.00000;0.00000;0.00000;0.00000;0.00000;0.00000;0.00000;0.00000;0.00000;0.00000;0.00000;0.00000;0.00000;0.00000;0.00000;0.00000;0.00000
2020-03-07 00:00;8.65553;8.65499;0.00000;8.63916;0.02509;0.00000;0.00000;8.55983;0.00000;8.54950;0.00000;8.52840;0.00000;8.49337;0.00000;8.49024;8.47349;0.00000;8.44229;8.39645;0.00000;8.38468;0.00687;0.00000;0.00000;8.36947;0.00000;8.35951;8.33056;0.00000;8.28895;0.00000;8.27220;0.00000;8.25919;0.00000;8.24641;8.18665;8.17051;7.91312;7.84377;7.76398;7.72005;0.00000;7.31019;7.29428;0.00000;7.26662;7.24953;7.22182;7.19366;7.19017;7.16290;0.00000;7.15664;0.00000;7.15145;7.13851;7.13701;0.00000;7.12850;7.12491;0.00000;7.11400;6.98467;0.00000;6.96541;6.95114;0.00000;6.92142;0.00000;6.84746;0.29698;0.19736;0.14608;0.00000;0.00000;0.00000;0.00000;6.28500;6.24005;0.00000;5.85484;5.61696;5.23531;4.90087;4.70598;0.00000;4.49309;4.24830;4.23641;4.06456;0.00000;3.95843;0.00000;3.54349;2.79401;2.17079;1.83081;1.67056;1.42432;1.24449;0.00000;1.14412;0.00000;1.06843;0.00000;1.01931;0.00000;0.94419;0.04636;0.00000;0.00976;0.00000;0.00000;0.88888;0.00000;0.83868;0.76591;0.60498;0.19471;0.00000;0.04022;0.00000;0.00000;0.00000;0.00000;0.04354;0.00000;0.00000;0.00000;0.17562;0.00000;0.04179;0.00000;0.00000;0.00000;0.14528;0.00000;0.07541;0.00000;0.05031;0.03363;0.02198;0.00000;0.00000;0.00000;0.00000;0.00000;0.72327;0.73798;0.56231;0.45169;0.43804;0.04085;0.01762;0.00000;0.32952;0.09583;0.00000;0.00000;0.00000;0.00000;0.00000;0.00000;0.00000;0.00000;0.23480;0.00000;0.00000;0.00000;0.00000;0.00000;0.11715;0.11569;0.00000;0.00000;0.00000;0.00000;0.00000;0.00000;0.00000;0.00000;0.00000;0.00000;0.00000;0.00000;0.00000;0.00000;0.00000;0.00000;0.00000;0.00000;0.00000;0.00000;0.00000
2020-03-08 00:00;18.82780;18.82962;0.00000;18.84080;0.02524;0.00000;0.00000;18.91758;0.00000;18.93159;0.00000;18.93966;0.00000;18.95795;0.00000;18.95734;18.99529;0.00000;19.03881;19.04679;0.00000;19.05911;0.00641;0.00000;0.00000;19.07969;0.00000;19.08702;19.16343;0.00000;19.19382;0.00000;19.21132;0.00000;19.22881;0.00000;19.21918;19.27296;19.27152;19.04954;19.15716;18.52714;18.59865;0.00000;17.57758;17.65787;0.00000;17.27614;17.36647;17.37052;17.47530;17.24541;16.73125;0.00000;16.70939;0.00000;16.65720;16.58422;16.48714;0.00000;16.41334;16.36550;0.00000;16.26814;14.84486;0.00000;14.44363;14.20908;0.00000;13.65178;0.00000;12.92379;1.12391;0.88728;0.29713;0.00000;0.00000;0.00000;0.00000;11.37510;11.31425;0.00000;10.56689;10.04356;9.36379;8.76902;8.46117;0.00000;8.08672;7.64154;7.58724;6.40979;0.00000;5.91396;0.00000;5.17103;4.15445;3.18255;2.69253;2.49334;2.14460;1.92506;0.00000;1.74293;0.00000;1.62567;0.00000;1.56019;0.00000;1.43150;0.07716;0.00000;0.02810;0.00000;0.00000;1.34868;0.00000;1.26075;1.13880;0.84062;0.23746;0.00000;0.13891;0.00000;0.00000;0.00000;0.00000;0.07110;0.00000;0.00000;0.00000;0.22308;0.00000;0.06901;0.00000;0.00000;0.00000;0.18190;0.00000;0.13412;0.00000;0.09777;0.05934;0.03076;0.00000;0.00000;0.00000;0.00000;0.00000;0.82056;0.79924;0.60437;0.48548;0.47113;0.04541;0.01854;0.00000;0.35894;0.13746;0.00000;0.00000;0.00000;0.00000;0.00000;0.00000;0.00000;0.00000;0.38655;0.00000;0.00000;0.00000;0.00000;0.00000;1.37532;1.29436;0.00000;0.00000;0.00000;0.00000;0.00000;0.00000;0.00000;0.00000;0.00000;0.00000;0.00000;0.00000;0.00000;0.00000;0.00000;0.00000;0.00000;0.00000;0.00000;0.00000;0.00000
2020-03-09 00:00;102.64673;102.65377;0.00000;102.60904;0.53742;0.00000;0.00000;102.22559;0.00000;102.19918;0.00000;102.15464;0.00000;102.02993;0.00000;101.97907;102.05540;0.00000;102.02085;101.79587;0.00000;101.76151;0.14426;0.00000;0.00000;101.70402;0.00000;101.60810;101.64918;0.00000;101.42136;0.00000;101.36920;0.00000;101.33540;0.00000;101.12073;101.17703;101.11073;99.10663;99.09424;94.65522;94.68218;0.00000;85.23099;85.08237;0.00000;82.12393;82.04942;81.43913;80.95847;80.10975;78.01351;0.00000;77.94399;0.00000;77.76455;77.51466;77.16477;0.00000;76.91743;76.75626;0.00000;76.41952;70.05146;0.00000;68.52687;67.60027;0.00000;65.25495;0.00000;62.18811;5.67496;4.73531;2.10636;0.00000;0.00000;0.00000;0.00000;53.66063;53.10858;0.00000;48.86084;45.85070;40.65456;36.86237;34.80457;0.00000;32.40560;30.28277;30.00798;23.80945;0.00000;21.19668;0.00000;16.95112;14.82312;7.81306;4.46576;3.89434;2.98151;3.11528;0.00000;2.30390;0.00000;2.05982;0.00000;1.92902;0.00000;3.37660;0.17044;0.00000;0.12410;0.00000;0.00000;3.33192;0.00000;3.10172;2.63220;1.99342;0.88222;0.00000;0.58279;0.00000;0.00000;0.00000;0.00000;0.18188;0.00000;0.00000;0.00000;0.35982;0.00000;0.20635;0.00000;0.00000;0.00000;1.03580;0.00000;0.73913;0.00000;0.54399;0.30704;0.11713;0.00000;0.00000;0.00000;0.00000;0.00000;1.17177;1.05496;0.69070;0.66473;0.64452;0.06900;0.02467;0.00000;0.51092;0.34647;0.00000;0.00000;0.00000;0.00000;0.00000;0.00000;0.00000;0.00000;3.08005;0.00000;0.00000;0.00000;0.00000;0.00000;6.19553;5.89670;0.00000;0.00000;0.00000;0.00000;0.00000;0.00000;0.00000;0.00000;0.00000;0.00000;0.00000;0.00000;0.00000;0.00000;0.00000;0.00000;0.00000;0.00000;0.00000;0.00000;0.00000
2020-03-10 00:00;98.70815;98.70681;0.00000;98.61132;0.39037;0.00000;0.00000;97.94605;0.00000;97.88198;0.00000;97.77451;0.00000;97.53706;0.00000;97.49960;97.42886;0.00000;97.21817;96.87110;0.00000;96.77738;0.09028;0.00000;0.00000;96.66181;0.00000;96.54462;96.36353;0.00000;96.00458;0.00000;95.86912;0.00000;95.76923;0.00000;95.59283;95.36649;95.28598;92.78042;92.38895;87.59135;87.33178;0.00000;72.77495;72.47675;0.00000;69.26147;68.96758;68.22765;67.54743;67.14431;65.33644;0.00000;65.23774;0.00000;65.11325;64.86562;64.72030;0.00000;64.55349;64.47017;0.00000;64.23346;59.45414;0.00000;58.46771;57.83248;0.00000;56.11697;0.00000;53.36677;4.19375;2.85597;1.47049;0.00000;0.00000;0.00000;0.00000;47.04871;46.63881;0.00000;43.05035;40.56134;36.24184;33.30489;31.31416;0.00000;28.98634;27.10068;26.90055;22.53001;0.00000;20.72826;0.00000;16.57284;14.33637;9.43466;6.34227;7.44649;6.29141;6.00527;0.00000;5.30837;0.00000;5.37509;0.00000;5.19261;0.00000;4.51899;0.24688;0.00000;0.09377;0.00000;0.00000;4.29025;0.00000;3.90406;3.46024;1.91209;0.88902;0.00000;0.49885;0.00000;0.00000;0.00000;0.00000;0.15869;0.00000;0.00000;0.00000;0.49179;0.00000;0.19767;0.00000;0.00000;0.00000;1.03606;0.00000;0.63574;0.00000;0.48719;0.35020;0.19836;0.00000;0.00000;0.00000;0.00000;0.00000;1.71460;1.75195;0.85573;0.86692;0.84137;0.08518;0.03104;0.00000;0.69217;0.27780;0.00000;0.00000;0.00000;0.00000;0.00000;0.00000;0.00000;0.00000;2.91964;0.00000;0.00000;0.00000;0.00000;0.00000;4.59077;4.48306;0.00000;0.00000;0.00000;0.00000;0.00000;0.00000;0.00000;0.00000;0.00000;0.00000;0.00000;0.00000;0.00000;0.00000;0.00000;0.00000;0.00000;0.00000;0.00000;0.00000;0.00000
2020-03-11 00:00;43.99581;43.99042;0.00000;43.90341;0.09801;0.00000;0.00000;43.39225;0.00000;43.32549;0.00000;43.22744;0.00000;43.04824;0.00000;43.03527;42.89963;0.00000;42.68177;42.45042;0.00000;42.37215;0.02029;0.00000;0.00000;42.27377;0.00000;42.20831;41.94619;0.00000;41.70031;0.00000;41.59414;0.00000;41.50387;0.00000;41.45131;41.12588;41.06725;39.90952;39.44768;38.16635;37.85820;0.00000;32.48849;32.24547;0.00000;31.16711;30.89936;30.45046;29.98160;29.91082;29.39815;0.00000;29.29910;0.00000;29.21623;29.00968;28.97975;0.00000;28.85017;28.79538;0.00000;28.62612;27.40984;0.00000;27.03284;26.76157;0.00000;26.36463;0.00000;25.24866;1.15512;0.72680;0.41676;0.00000;0.00000;0.00000;0.00000;22.83748;22.63019;0.00000;21.01359;19.83477;18.40581;16.87057;15.88905;0.00000;14.89959;13.78238;13.69086;12.67898;0.00000;12.07471;0.00000;10.11459;8.20402;6.61099;5.36456;4.56063;3.88604;3.45231;0.00000;3.16325;0.00000;2.89443;0.00000;2.72460;0.00000;2.41039;0.24651;0.00000;0.02933;0.00000;0.00000;2.14950;0.00000;1.97610;1.74833;1.23487;0.41275;0.00000;0.16752;0.00000;0.00000;0.00000;0.00000;0.10959;0.00000;0.00000;0.00000;0.41006;0.00000;0.13557;0.00000;0.00000;0.00000;0.47101;0.00000;0.30155;0.00000;0.23208;0.19312;0.13872;0.00000;0.00000;0.00000;0.00000;0.00000;1.79972;1.64415;1.01803;0.90770;0.88072;0.08306;0.03454;0.00000;0.74700;0.19780;0.00000;0.00000;0.00000;0.00000;0.00000;0.00000;0.00000;0.00000;0.96543;0.00000;0.00000;0.00000;0.00000;0.00000;1.02476;1.01005;0.00000;0.00000;0.00000;0.00000;0.00000;0.00000;0.00000;0.00000;0.00000;0.00000;0.00000;0.00000;0.00000;0.00000;0.00000;0.00000;0.00000;0.00000;0.00000;0.00000;0.00000
2020-03-12 00:00;20.77990;20.77816;0.00000;20.73937;0.05245;0.00000;0.00000;20.53609;0.00000;20.51103;0.00000;20.46824;0.00000;20.39344;0.00000;20.38791;20.34105;0.00000;20.26283;20.17003;0.00000;20.14251;0.00890;0.00000;0.00000;20.10721;0.00000;20.08616;19.99373;0.00000;19.90766;0.00000;19.87091;0.00000;19.83855;0.00000;19.81903;19.67834;19.64759;19.20763;19.04840;18.83200;18.72605;0.00000;17.09855;17.02672;0.00000;16.81699;16.74279;16.61356;16.46459;16.43668;16.33510;0.00000;16.30792;0.00000;16.28496;16.22803;16.21688;0.00000;16.18023;16.16317;0.00000;16.11732;15.83626;0.00000;15.73678;15.66854;0.00000;15.58503;0.00000;15.31676;0.76435;0.38627;0.29050;0.00000;0.00000;0.00000;0.00000;14.08270;13.99932;0.00000;13.34972;12.94633;11.99982;11.27503;10.80262;0.00000;10.36273;9.70182;9.68303;9.40882;0.00000;9.24891;0.00000;8.37883;6.77227;5.84100;4.98938;4.11993;3.50117;3.02301;0.00000;2.84041;0.00000;2.60558;0.00000;2.44301;0.00000;2.07383;0.21549;0.00000;0.01482;0.00000;0.00000;1.83041;0.00000;1.67470;1.50736;0.97892;0.33871;0.00000;0.07245;0.00000;0.00000;0.00000;0.00000;0.09842;0.00000;0.00000;0.00000;0.41111;0.00000;0.11927;0.00000;0.00000;0.00000;0.35942;0.00000;0.22887;0.00000;0.17772;0.15278;0.12435;0.00000;0.00000;0.00000;0.00000;0.00000;1.54330;1.39930;1.13147;0.90746;0.88068;0.08071;0.03488;0.00000;0.74891;0.18097;0.00000;0.00000;0.00000;0.00000;0.00000;0.00000;0.00000;0.00000;0.54576;0.00000;0.00000;0.00000;0.00000;0.00000;0.22872;0.22104;0.00000;0.00000;0.00000;0.00000;0.00000;0.00000;0.00000;0.00000;0.00000;0.00000;0.00000;0.00000;0.00000;0.00000;0.00000;0.00000;0.00000;0.00000;0.00000;0.00000;0.00000
2020-03-13 00:00;32.47681;32.47851;0.00000;32.45729;0.21167;0.00000;0.00000;32.24193;0.00000;32.21389;0.00000;32.16284;0.00000;32.04557;0.00000;32.01365;32.01646;0.00000;31.92824;31.70668;0.00000;31.66430;0.08500;0.00000;0.00000;31.59425;0.00000;31.52284;31.46356;0.00000;31.27597;0.00000;31.20298;0.00000;31.13231;0.00000;30.96384;30.85540;30.78613;30.15659;29.94993;28.93598;28.80751;0.00000;26.08526;25.88369;0.00000;25.23166;25.07292;24.84792;24.52914;24.34083;23.91997;0.00000;23.90381;0.00000;23.86352;23.80781;23.73235;0.00000;23.67570;23.63924;0.00000;23.56374;22.32896;0.00000;22.01171;21.82468;0.00000;21.37036;0.00000;20.73539;1.43831;1.09138;0.49837;0.00000;0.00000;0.00000;0.00000;18.74817;18.61810;0.00000;17.70690;17.07692;16.04347;15.14902;14.43067;0.00000;13.81003;12.93773;12.86330;11.51070;0.00000;10.85748;0.00000;9.53321;7.66238;6.05687;4.86376;4.16224;3.51957;3.10681;0.00000;2.80068;0.00000;2.56749;0.00000;2.40051;0.00000;2.19313;0.21117;0.00000;0.04075;0.00000;0.00000;1.96803;0.00000;1.81372;1.57453;1.26864;0.48354;0.00000;0.21766;0.00000;0.00000;0.00000;0.00000;0.11679;0.00000;0.00000;0.00000;0.42214;0.00000;0.15837;0.00000;0.00000;0.00000;0.53655;0.00000;0.32723;0.00000;0.24807;0.18534;0.12529;0.00000;0.00000;0.00000;0.00000;0.00000;1.63480;1.64046;1.21297;0.90880;0.88193;0.08656;0.03639;0.00000;0.78708;0.22110;0.00000;0.00000;0.00000;0.00000;0.00000;0.00000;0.00000;0.00000;0.73928;0.00000;0.00000;0.00000;0.00000;0.00000;1.19732;1.13363;0.00000;0.00000;0.00000;0.00000;0.00000;0.00000;0.00000;0.00000;0.00000;0.00000;0.00000;0.00000;0.00000;0.00000;0.00000;0.00000;0.00000;0.00000;0.00000;0.00000;0.00000
2020-03-14 00:00;27.74023;27.73912;0.00000;27.70457;0.09748;0.00000;0.00000;27.47872;0.00000;27.45535;0.00000;27.40601;0.00000;27.31040;0.00000;27.30048;27.26353;0.00000;27.17367;27.00824;0.00000;26.96765;0.02534;0.00000;0.00000;26.92398;0.00000;26.87876;26.80192;0.00000;26.65357;0.00000;26.59312;0.00000;26.54964;0.00000;26.47986;26.33903;26.29976;25.68500;25.50564;24.56857;24.44335;0.00000;21.41973;21.30950;0.00000;20.72705;20.61451;20.43456;20.25019;20.17836;19.80962;0.00000;19.78165;0.00000;19.75238;19.68798;19.66385;0.00000;19.62374;19.60573;0.00000;19.55011;18.66233;0.00000;18.45897;18.32781;0.00000;18.01637;0.00000;17.43810;0.93194;0.57802;0.33888;0.00000;0.00000;0.00000;0.00000;15.91287;15.81699;0.00000;14.99231;14.48377;13.46891;12.68758;12.12295;0.00000;11.57899;10.84626;10.81617;10.03819;0.00000;9.71154;0.00000;8.64440;6.82576;5.69794;4.76787;4.15772;3.52833;3.03057;0.00000;2.79533;0.00000;2.58576;0.00000;2.42469;0.00000;2.12853;0.19703;0.00000;0.02311;0.00000;0.00000;1.91157;0.00000;1.75638;1.56898;1.15365;0.40258;0.00000;0.13245;0.00000;0.00000;0.00000;0.00000;0.11005;0.00000;0.00000;0.00000;0.43369;0.00000;0.12923;0.00000;0.00000;0.00000;0.37792;0.00000;0.23158;0.00000;0.17361;0.14210;0.10963;0.00000;0.00000;0.00000;0.00000;0.00000;1.72014;1.62433;1.27117;0.92038;0.89326;0.08791;0.03797;0.00000;0.82378;0.20450;0.00000;0.00000;0.00000;0.00000;0.00000;0.00000;0.00000;0.00000;0.64503;0.00000;0.00000;0.00000;0.00000;0.00000;0.83538;0.81961;0.00000;0.00000;0.00000;0.00000;0.00000;0.00000;0.00000;0.00000;0.00000;0.00000;0.00000;0.00000;0.00000;0.00000;0.00000;0.00000;0.00000;0.00000;0.00000;0.00000;0.00000
2020-03-15 00:00;17.09011;17.08879;0.00000;17.05974;0.03086;0.00000;0.00000;16.91414;0.00000;16.89404;0.00000;16.85682;0.00000;16.79324;0.00000;16.78829;16.75160;0.00000;16.68701;16.60463;0.00000;16.58159;0.00851;0.00000;0.00000;16.55259;0.00000;16.53568;16.47125;0.00000;16.40102;0.00000;16.37078;0.00000;16.34345;0.00000;16.32469;16.20102;16.17343;15.79322;15.66563;15.48383;15.39882;0.00000;14.72025;14.67870;0.00000;14.56199;14.51801;14.44802;14.37411;14.36672;14.29842;0.00000;14.28235;0.00000;14.26938;14.23656;14.23314;0.00000;14.21222;14.20347;0.00000;14.17770;13.97282;0.00000;13.92512;13.89026;0.00000;13.83530;0.00000;13.65902;0.65838;0.35605;0.28533;0.00000;0.00000;0.00000;0.00000;12.64680;12.57398;0.00000;12.01884;11.68737;10.82330;10.26694;9.84901;0.00000;9.48354;8.90313;8.88982;8.68256;0.00000;8.56938;0.00000;7.82251;6.16773;5.39627;4.63454;4.00280;3.41548;2.86328;0.00000;2.69533;0.00000;2.50930;0.00000;2.35659;0.00000;1.97137;0.16351;0.00000;0.01400;0.00000;0.00000;1.78294;0.00000;1.64593;1.48751;0.99419;0.34267;0.00000;0.06885;0.00000;0.00000;0.00000;0.00000;0.10015;0.00000;0.00000;0.00000;0.41813;0.00000;0.11423;0.00000;0.00000;0.00000;0.31309;0.00000;0.18518;0.00000;0.13841;0.11604;0.09701;0.00000;0.00000;0.00000;0.00000;0.00000;1.62620;1.57960;1.31006;0.93918;0.91238;0.08427;0.03761;0.00000;0.81843;0.19428;0.00000;0.00000;0.00000;0.00000;0.00000;0.00000;0.00000;0.00000;0.51415;0.00000;0.00000;0.00000;0.00000;0.00000;0.17397;0.17170;0.00000;0.00000;0.00000;0.00000;0.00000;0.00000;0.00000;0.00000;0.00000;0.00000;0.00000;0.00000;0.00000;0.00000;0.00000;0.00000;0.00000;0.00000;0.00000;0.00000;0.00000
2020-03-16 00:00;13.86523;13.86493;0.00000;13.84944;0.02738;0.00000;0.00000;13.78001;0.00000;13.77122;0.00000;13.74758;0.00000;13.70848;0.00000;13.70483;13.69286;0.00000;13.66284;13.61057;0.00000;13.59854;0.00780;0.00000;0.00000;13.58505;0.00000;13.57615;13.55787;0.00000;13.52005;0.00000;13.50456;0.00000;13.49113;0.00000;13.47478;13.40448;13.38392;13.07543;13.02278;12.97241;12.93525;0.00000;12.67293;12.66300;0.00000;12.64619;12.63488;12.61652;12.59768;12.59598;12.58361;0.00000;12.57900;0.00000;12.57517;12.56557;12.56460;0.00000;12.55819;12.55546;0.00000;12.54705;12.44786;0.00000;12.43096;12.41792;0.00000;12.39893;0.00000;12.32046;0.54974;0.32058;0.26215;0.00000;0.00000;0.00000;0.00000;11.51068;11.44962;0.00000;10.98542;10.70688;10.04711;9.58616;9.21602;0.00000;8.91157;8.38690;8.37577;8.21212;0.00000;8.11417;0.00000;7.46250;5.82705;5.13317;4.45514;3.80370;3.25087;2.72218;0.00000;2.57889;0.00000;2.37473;0.00000;2.23202;0.00000;1.80104;0.12223;0.00000;0.01341;0.00000;0.00000;1.64080;0.00000;1.51758;1.37163;0.96484;0.31586;0.00000;0.06342;0.00000;0.00000;0.00000;0.00000;0.09757;0.00000;0.00000;0.00000;0.40500;0.00000;0.10518;0.00000;0.00000;0.00000;0.30550;0.00000;0.16990;0.00000;0.12846;0.10867;0.08849;0.00000;0.00000;0.00000;0.00000;0.00000;1.61170;1.59548;1.33107;0.93675;0.91043;0.08216;0.03673;0.00000;0.81066;0.18811;0.00000;0.00000;0.00000;0.00000;0.00000;0.00000;0.00000;0.00000;0.43105;0.00000;0.00000;0.00000;0.00000;0.00000;0.08933;0.08862;0.00000;0.00000;0.00000;0.00000;0.00000;0.00000;0.00000;0.00000;0.00000;0.00000;0.00000;0.00000;0.00000;0.00000;0.00000;0.00000;0.00000;0.00000;0.00000;0.00000;0.00000
2020-03-17 00:00;15.24653;15.24682;0.00000;15.23392;0.05752;0.00000;0.00000;15.16164;0.00000;15.15774;0.00000;15.13990;0.00000;15.11174;0.00000;15.10830;15.10873;0.00000;15.09570;15.05342;0.00000;15.04658;0.00879;0.00000;0.00000;15.03969;0.00000;15.03197;15.02208;0.00000;14.99276;0.00000;14.98361;0.00000;14.97720;0.00000;14.96039;14.91447;14.89619;14.58511;14.57156;14.41024;14.39891;0.00000;13.98540;13.97694;0.00000;13.85714;13.85061;13.81019;13.76599;13.72389;13.63966;0.00000;13.63472;0.00000;13.62741;13.61446;13.60012;0.00000;13.58901;13.58048;0.00000;13.56372;13.26058;0.00000;13.20037;13.16665;0.00000;13.07037;0.00000;12.91666;0.63974;0.45278;0.26193;0.00000;0.00000;0.00000;0.00000;12.02086;11.96298;0.00000;11.51249;11.23950;10.62516;10.17357;9.79776;0.00000;9.50137;8.95950;8.92212;8.42514;0.00000;8.13351;0.00000;7.41673;5.64073;4.89964;4.26368;3.66632;3.12723;2.65247;0.00000;2.47506;0.00000;2.26451;0.00000;2.12959;0.00000;1.78790;0.12912;0.00000;0.02229;0.00000;0.00000;1.64385;0.00000;1.52618;1.36027;1.04932;0.33185;0.00000;0.11887;0.00000;0.00000;0.00000;0.00000;0.10045;0.00000;0.00000;0.00000;0.40479;0.00000;0.11275;0.00000;0.00000;0.00000;0.30730;0.00000;0.18292;0.00000;0.13862;0.11120;0.08542;0.00000;0.00000;0.00000;0.00000;0.00000;1.66062;1.61375;1.34150;0.94066;0.91474;0.08373;0.03629;0.00000;0.82217;0.18607;0.00000;0.00000;0.00000;0.00000;0.00000;0.00000;0.00000;0.00000;0.41850;0.00000;0.00000;0.00000;0.00000;0.00000;0.29382;0.28162;0.00000;0.00000;0.00000;0.00000;0.00000;0.00000;0.00000;0.00000;0.00000;0.00000;0.00000;0.00000;0.00000;0.00000;0.00000;0.00000;0.00000;0.00000;0.00000;0.00000;0.00000
2020-03-18 00:00;14.58895;14.58867;0.00000;14.57336;0.03869;0.00000;0.00000;14.49143;0.00000;14.48292;0.00000;14.45988;0.00000;14.42244;0.00000;14.41876;14.40722;0.00000;14.37843;14.32788;0.00000;14.31623;0.00795;0.00000;0.00000;14.30306;0.00000;14.29354;14.27192;0.00000;14.23312;0.00000;14.21795;0.00000;14.20509;0.00000;14.18868;14.12408;14.10410;13.78205;13.73002;13.52982;13.49300;0.00000;12.88510;12.86553;0.00000;12.73191;12.71048;12.65859;12.61585;12.59740;12.51184;0.00000;12.50361;0.00000;12.49583;12.47741;12.47197;0.00000;12.46047;12.45509;0.00000;12.43881;12.18472;0.00000;12.13578;12.10402;0.00000;12.03054;0.00000;11.87300;0.52016;0.36211;0.26228;0.00000;0.00000;0.00000;0.00000;11.08255;11.02244;0.00000;10.55699;10.27659;9.69819;9.24524;8.88659;0.00000;8.59478;8.15326;8.13500;7.78397;0.00000;7.60883;0.00000;6.94587;5.23814;4.53117;3.90449;3.54199;3.01189;2.53377;0.00000;2.37262;0.00000;2.18222;0.00000;2.05242;0.00000;1.71462;0.10754;0.00000;0.01665;0.00000;0.00000;1.56756;0.00000;1.45284;1.30322;0.99403;0.31797;0.00000;0.08561;0.00000;0.00000;0.00000;0.00000;0.09762;0.00000;0.00000;0.00000;0.40258;0.00000;0.09829;0.00000;0.00000;0.00000;0.30995;0.00000;0.16627;0.00000;0.12491;0.10290;0.07920;0.00000;0.00000;0.00000;0.00000;0.00000;1.66231;1.61520;1.34949;0.95583;0.93775;0.08265;0.03592;0.00000;0.83199;0.18498;0.00000;0.00000;0.00000;0.00000;0.00000;0.00000;0.00000;0.00000;0.39151;0.00000;0.00000;0.00000;0.00000;0.00000;0.23818;0.23459;0.00000;0.00000;0.00000;0.00000;0.00000;0.00000;0.00000;0.00000;0.00000;0.00000;0.00000;0.00000;0.00000;0.00000;0.00000;0.00000;0.00000;0.00000;0.00000;0.00000;0.00000
2020-03-19 00:00;12.13458;12.13420;0.00000;12.12028;0.02477;0.00000;0.00000;12.05227;0.00000;12.04353;0.00000;12.02098;0.00000;11.98480;0.00000;11.98133;11.96848;0.00000;11.93877;11.89093;0.00000;11.87918;0.00721;0.00000;0.00000;11.86573;0.00000;11.85668;11.83492;0.00000;11.79766;0.00000;11.78236;0.00000;11.76891;0.00000;11.75379;11.69123;11.67201;11.37575;11.32054;11.24886;11.21127;0.00000;11.01375;11.00026;0.00000;10.96487;10.95008;10.92590;10.90113;10.89791;10.87551;0.00000;10.86993;0.00000;10.86530;10.85373;10.85240;0.00000;10.84475;10.84150;0.00000;10.83164;10.72021;0.00000;10.70096;10.68654;0.00000;10.66377;0.00000;10.58564;0.41623;0.29346;0.24021;0.00000;0.00000;0.00000;0.00000;9.94477;9.89204;0.00000;9.48021;9.23602;8.72315;8.32731;8.00619;0.00000;7.74571;7.39981;7.38933;7.21402;0.00000;7.12013;0.00000;6.54637;4.88313;4.25065;3.66795;3.37550;2.87093;2.40045;0.00000;2.26974;0.00000;2.09011;0.00000;1.97215;0.00000;1.64366;0.07028;0.00000;0.01328;0.00000;0.00000;1.51742;0.00000;1.41312;1.27569;0.93610;0.29621;0.00000;0.05887;0.00000;0.00000;0.00000;0.00000;0.09364;0.00000;0.00000;0.00000;0.39312;0.00000;0.08888;0.00000;0.00000;0.00000;0.29901;0.00000;0.15030;0.00000;0.11446;0.09541;0.07347;0.00000;0.00000;0.00000;0.00000;0.00000;1.63919;1.61514;1.35412;0.96142;0.94578;0.07920;0.03503;0.00000;0.82084;0.18029;0.00000;0.00000;0.00000;0.00000;0.00000;0.00000;0.00000;0.00000;0.34711;0.00000;0.00000;0.00000;0.00000;0.00000;0.09994;0.09891;0.00000;0.00000;0.00000;0.00000;0.00000;0.00000;0.00000;0.00000;0.00000;0.00000;0.00000;0.00000;0.00000;0.00000;0.00000;0.00000;0.00000;0.00000;0.00000;0.00000;0.00000
2020-03-20 00:00;14.84496;14.84548;0.00000;14.83391;0.07310;0.00000;0.00000;14.75589;0.00000;14.75399;0.00000;14.73966;0.00000;14.71910;0.00000;14.71597;14.72121;0.00000;14.71615;14.68039;0.00000;14.67592;0.00871;0.00000;0.00000;14.67205;0.00000;14.66469;14.65378;0.00000;14.62755;0.00000;14.62147;0.00000;14.61825;0.00000;14.60211;14.57185;14.55561;14.25227;14.25465;13.98787;13.98726;0.00000;13.16689;13.13442;0.00000;12.89307;12.86542;12.78578;12.69147;12.61821;12.46733;0.00000;12.45653;0.00000;12.43943;12.41005;12.38242;0.00000;12.35583;12.33927;0.00000;12.30402;11.90038;0.00000;11.77349;11.69777;0.00000;11.53144;0.00000;11.26754;0.60665;0.43860;0.21671;0.00000;0.00000;0.00000;0.00000;10.42380;10.37451;0.00000;9.96718;9.72501;9.21643;8.83377;8.50561;0.00000;8.25030;7.85452;7.82614;7.30559;0.00000;7.08074;0.00000;6.50463;4.73735;4.09060;3.50309;3.20603;2.71187;2.32037;0.00000;2.17729;0.00000;2.00173;0.00000;1.88399;0.00000;1.61501;0.11423;0.00000;0.02283;0.00000;0.00000;1.50018;0.00000;1.39569;1.24266;1.00849;0.31300;0.00000;0.10334;0.00000;0.00000;0.00000;0.00000;0.09328;0.00000;0.00000;0.00000;0.37916;0.00000;0.09576;0.00000;0.00000;0.00000;0.29287;0.00000;0.15179;0.00000;0.11539;0.09339;0.06987;0.00000;0.00000;0.00000;0.00000;0.00000;1.66566;1.61770;1.35412;0.96141;0.94720;0.07942;0.03462;0.00000;0.82355;0.17649;0.00000;0.00000;0.00000;0.00000;0.00000;0.00000;0.00000;0.00000;0.33807;0.00000;0.00000;0.00000;0.00000;0.00000;0.38050;0.35732;0.00000;0.00000;0.00000;0.00000;0.00000;0.00000;0.00000;0.00000;0.00000;0.00000;0.00000;0.00000;0.00000;0.00000;0.00000;0.00000;0.00000;0.00000;0.00000;0.00000;0.00000
2020-03-21 00:00;14.16427;14.16398;0.00000;14.14906;0.04438;0.00000;0.00000;14.06145;0.00000;14.05318;0.00000;14.03135;0.00000;13.99628;0.00000;13.99267;13.98133;0.00000;13.95373;13.90574;0.00000;13.89452;0.00782;0.00000;0.00000;13.88162;0.00000;13.87199;13.84838;0.00000;13.80934;0.00000;13.79462;0.00000;13.78216;0.00000;13.76611;13.70808;13.68920;13.36769;13.31690;12.97992;12.94429;0.00000;11.73346;11.70481;0.00000;11.46125;11.43118;11.36005;11.30233;11.27275;11.13262;0.00000;11.12279;0.00000;11.11249;11.08960;11.08054;0.00000;11.06623;11.05957;0.00000;11.03905;10.73377;0.00000;10.66151;10.61586;0.00000;10.49598;0.00000;10.28275;0.45798;0.31691;0.21291;0.00000;0.00000;0.00000;0.00000;9.60029;9.55018;0.00000;9.13956;8.89782;8.42412;8.04785;7.73647;0.00000;7.48642;7.12256;7.10784;6.75094;0.00000;6.60844;0.00000;6.05882;4.35932;3.74449;3.18370;2.89247;2.41344;2.10673;0.00000;1.97147;0.00000;1.84734;0.00000;1.75350;0.00000;1.60094;0.08142;0.00000;0.01656;0.00000;0.00000;1.48958;0.00000;1.38482;1.24725;0.97040;0.29558;0.00000;0.07594;0.00000;0.00000;0.00000;0.00000;0.09066;0.00000;0.00000;0.00000;0.37140;0.00000;0.08284;0.00000;0.00000;0.00000;0.28540;0.00000;0.14011;0.00000;0.10586;0.08606;0.06010;0.00000;0.00000;0.00000;0.00000;0.00000;1.65708;1.60990;1.35161;0.96141;0.94765;0.07808;0.03399;0.00000;0.82462;0.17090;0.00000;0.00000;0.00000;0.00000;0.00000;0.00000;0.00000;0.00000;0.31379;0.00000;0.00000;0.00000;0.00000;0.00000;0.28718;0.28097;0.00000;0.00000;0.00000;0.00000;0.00000;0.00000;0.00000;0.00000;0.00000;0.00000;0.00000;0.00000;0.00000;0.00000;0.00000;0.00000;0.00000;0.00000;0.00000;0.00000;0.00000
2020-03-22 00:00;11.09344;11.09293;0.00000;11.07817;0.02624;0.00000;0.00000;11.00133;0.00000;10.99140;0.00000;10.96854;0.00000;10.93169;0.00000;10.92810;10.91235;0.00000;10.87926;10.83086;0.00000;10.81812;0.00725;0.00000;0.00000;10.80287;0.00000;10.79266;10.76359;0.00000;10.72213;0.00000;10.70539;0.00000;10.69065;0.00000;10.67558;10.61223;10.59320;10.29934;10.23505;10.13764;10.09531;0.00000;9.78273;9.76672;0.00000;9.71428;9.69763;9.66953;9.63950;9.63531;9.60520;0.00000;9.59912;0.00000;9.59417;9.58171;9.58020;0.00000;9.57204;9.56850;0.00000;9.55796;9.44170;0.00000;9.42187;9.40738;0.00000;9.38019;0.00000;9.30250;0.36135;0.24861;0.20094;0.00000;0.00000;0.00000;0.00000;8.74845;8.70287;0.00000;8.33023;8.11340;7.70015;7.35859;7.07359;0.00000;6.84667;6.52083;6.51134;6.33679;0.00000;6.24818;0.00000;5.74733;4.09457;3.53341;3.00886;2.72652;2.26656;1.96549;0.00000;1.84384;0.00000;1.72881;0.00000;1.66336;0.00000;1.52307;0.06496;0.00000;0.01290;0.00000;0.00000;1.42104;0.00000;1.32140;1.19407;0.90522;0.27767;0.00000;0.05519;0.00000;0.00000;0.00000;0.00000;0.08731;0.00000;0.00000;0.00000;0.35578;0.00000;0.07558;0.00000;0.00000;0.00000;0.27285;0.00000;0.12460;0.00000;0.09405;0.07571;0.04934;0.00000;0.00000;0.00000;0.00000;0.00000;1.62655;1.59626;1.34688;0.96141;0.94033;0.07474;0.03253;0.00000;0.81088;0.16773;0.00000;0.00000;0.00000;0.00000;0.00000;0.00000;0.00000;0.00000;0.26718;0.00000;0.00000;0.00000;0.00000;0.00000;0.10411;0.10288;0.00000;0.00000;0.00000;0.00000;0.00000;0.00000;0.00000;0.00000;0.00000;0.00000;0.00000;0.00000;0.00000;0.00000;0.00000;0.00000;0.00000;0.00000;0.00000;0.00000;0.00000
2020-03-23 00:00;9.87816;9.87802;0.00000;9.86799;0.02585;0.00000;0.00000;9.81662;0.00000;9.81075;0.00000;9.79319;0.00000;9.76587;0.00000;9.76280;9.75591;0.00000;9.73544;9.69725;0.00000;9.68868;0.00690;0.00000;0.00000;9.67907;0.00000;9.67176;9.65896;0.00000;9.62929;0.00000;9.61820;0.00000;9.60874;0.00000;9.59477;9.55117;9.53502;9.26343;9.22844;9.18215;9.15854;0.00000;9.01433;9.00920;0.00000;8.99601;8.99005;8.97813;8.96486;8.96276;8.95344;0.00000;8.95089;0.00000;8.94886;8.94362;8.94301;0.00000;8.93933;8.93758;0.00000;8.93220;8.84807;0.00000;8.83747;8.82928;0.00000;8.81527;0.00000;8.76725;0.32459;0.21776;0.17170;0.00000;0.00000;0.00000;0.00000;8.26929;8.22848;0.00000;7.88747;7.69138;7.30924;7.00233;6.73144;0.00000;6.52286;6.21173;6.20317;6.04562;0.00000;5.96171;0.00000;5.50102;3.86415;3.34652;2.85888;2.58399;2.14705;1.85217;0.00000;1.73604;0.00000;1.62506;0.00000;1.56065;0.00000;1.42310;0.06384;0.00000;0.01246;0.00000;0.00000;1.33441;0.00000;1.24195;1.12046;0.87880;0.26734;0.00000;0.05473;0.00000;0.00000;0.00000;0.00000;0.08475;0.00000;0.00000;0.00000;0.33190;0.00000;0.07264;0.00000;0.00000;0.00000;0.25797;0.00000;0.10900;0.00000;0.08039;0.06309;0.03923;0.00000;0.00000;0.00000;0.00000;0.00000;1.60953;1.58453;1.33978;0.95768;0.93298;0.07259;0.03235;0.00000;0.79703;0.16347;0.00000;0.00000;0.00000;0.00000;0.00000;0.00000;0.00000;0.00000;0.24903;0.00000;0.00000;0.00000;0.00000;0.00000;0.07839;0.07776;0.00000;0.00000;0.00000;0.00000;0.00000;0.00000;0.00000;0.00000;0.00000;0.00000;0.00000;0.00000;0.00000;0.00000;0.00000;0.00000;0.00000;0.00000;0.00000;0.00000;0.00000
2020-03-24 00:00;13.87077;13.87146;0.00000;13.86170;0.07975;0.00000;0.00000;13.78822;0.00000;13.78798;0.00000;13.77718;0.00000;13.76286;0.00000;13.75988;13.76902;0.00000;13.76973;13.74081;0.00000;13.73851;0.00901;0.00000;0.00000;13.73692;0.00000;13.73004;13.72269;0.00000;13.70016;0.00000;13.69625;0.00000;13.69560;0.00000;13.68011;13.66327;13.64907;13.35838;13.37092;13.03420;13.04204;0.00000;12.05333;12.01433;0.00000;11.70703;11.67518;11.58156;11.47186;11.37518;11.17184;0.00000;11.15820;0.00000;11.13483;11.09675;11.05923;0.00000;11.02494;11.00350;0.00000;10.95842;10.46126;0.00000;10.28951;10.18688;0.00000;9.96992;0.00000;9.63230;0.54814;0.41262;0.17845;0.00000;0.00000;0.00000;0.00000;8.87522;8.83395;0.00000;8.48386;8.27929;7.85209;7.53898;7.25191;0.00000;7.03711;6.67941;6.65904;6.20857;0.00000;6.04213;0.00000;5.56385;3.84901;3.30733;2.82538;2.55062;2.12545;1.83208;0.00000;1.70949;0.00000;1.59665;0.00000;1.53046;0.00000;1.39204;0.06810;0.00000;0.01606;0.00000;0.00000;1.30873;0.00000;1.21910;1.09587;0.88929;0.26541;0.00000;0.07792;0.00000;0.00000;0.00000;0.00000;0.08252;0.00000;0.00000;0.00000;0.33570;0.00000;0.07450;0.00000;0.00000;0.00000;0.25030;0.00000;0.10826;0.00000;0.07893;0.05906;0.04292;0.00000;0.00000;0.00000;0.00000;0.00000;1.62558;1.57695;1.33108;0.95831;0.93568;0.07347;0.03206;0.00000;0.79662;0.16318;0.00000;0.00000;0.00000;0.00000;0.00000;0.00000;0.00000;0.00000;0.28498;0.00000;0.00000;0.00000;0.00000;0.00000;0.46786;0.43668;0.00000;0.00000;0.00000;0.00000;0.00000;0.00000;0.00000;0.00000;0.00000;0.00000;0.00000;0.00000;0.00000;0.00000;0.00000;0.00000;0.00000;0.00000;0.00000;0.00000;0.00000
2020-03-25 00:00;13.62733;13.62707;0.00000;13.61327;0.04402;0.00000;0.00000;13.52862;0.00000;13.52077;0.00000;13.50104;0.00000;13.46848;0.00000;13.46489;13.45453;0.00000;13.42844;13.38310;0.00000;13.37255;0.00801;0.00000;0.00000;13.36010;0.00000;13.35056;13.32868;0.00000;13.29078;0.00000;13.27657;0.00000;13.26471;0.00000;13.24865;13.19704;13.17960;12.86628;12.81780;12.39525;12.36169;0.00000;10.82632;10.79465;0.00000;10.48956;10.45667;10.37762;10.31575;10.27799;10.09395;0.00000;10.08313;0.00000;10.07102;10.04518;10.03345;0.00000;10.01746;10.00999;0.00000;9.98671;9.62381;0.00000;9.53245;9.47602;0.00000;9.32186;0.00000;9.06197;0.39218;0.27198;0.16610;0.00000;0.00000;0.00000;0.00000;8.46337;8.41964;0.00000;8.05694;7.84619;7.43701;7.11481;6.83338;0.00000;6.61253;6.28142;6.26930;5.95975;0.00000;5.84178;0.00000;5.37743;3.73144;3.22050;2.74776;2.47481;2.05743;1.76683;0.00000;1.64807;0.00000;1.53806;0.00000;1.47367;0.00000;1.33766;0.06462;0.00000;0.01344;0.00000;0.00000;1.25888;0.00000;1.17115;1.05669;0.86162;0.25838;0.00000;0.06148;0.00000;0.00000;0.00000;0.00000;0.07827;0.00000;0.00000;0.00000;0.33129;0.00000;0.07189;0.00000;0.00000;0.00000;0.23875;0.00000;0.10086;0.00000;0.07227;0.05443;0.04064;0.00000;0.00000;0.00000;0.00000;0.00000;1.61039;1.56655;1.32441;0.96054;0.93818;0.07239;0.03179;0.00000;0.79512;0.16072;0.00000;0.00000;0.00000;0.00000;0.00000;0.00000;0.00000;0.00000;0.26818;0.00000;0.00000;0.00000;0.00000;0.00000;0.34348;0.33534;0.00000;0.00000;0.00000;0.00000;0.00000;0.00000;0.00000;0.00000;0.00000;0.00000;0.00000;0.00000;0.00000;0.00000;0.00000;0.00000;0.00000;0.00000;0.00000;0.00000;0.00000
2020-03-26 00:00;10.08319;10.08258;0.00000;10.06795;0.02234;0.00000;0.00000;9.99030;0.00000;9.97960;0.00000;9.95758;0.00000;9.92107;0.00000;9.91745;9.89970;0.00000;9.86427;9.81581;0.00000;9.80252;0.00713;0.00000;0.00000;9.78613;0.00000;9.77537;9.74293;0.00000;9.69944;0.00000;9.68185;0.00000;9.66620;0.00000;9.65126;9.58652;9.56838;9.28331;9.21334;9.10338;9.05814;0.00000;8.68864;8.67056;0.00000;8.60950;8.59112;8.56128;8.52995;8.52566;8.49012;0.00000;8.48362;0.00000;8.47828;8.46495;8.46332;0.00000;8.45464;8.45095;0.00000;8.43990;8.31963;0.00000;8.29947;8.28493;0.00000;8.25530;0.00000;8.17634;0.29670;0.19337;0.14950;0.00000;0.00000;0.00000;0.00000;7.70318;7.66454;0.00000;7.33900;7.15416;6.79284;6.50629;6.24741;0.00000;6.04561;5.74944;5.74099;5.59586;0.00000;5.50894;0.00000;5.08520;3.47937;3.06537;2.63596;2.37259;1.96653;1.68265;0.00000;1.57100;0.00000;1.46556;0.00000;1.40303;0.00000;1.27085;0.06204;0.00000;0.01172;0.00000;0.00000;1.19489;0.00000;1.11235;1.00222;0.82214;0.24109;0.00000;0.05102;0.00000;0.00000;0.00000;0.00000;0.07662;0.00000;0.00000;0.00000;0.32643;0.00000;0.06996;0.00000;0.00000;0.00000;0.22721;0.00000;0.09160;0.00000;0.06506;0.04885;0.03680;0.00000;0.00000;0.00000;0.00000;0.00000;1.58217;1.55436;1.31552;0.95305;0.92983;0.06966;0.03147;0.00000;0.77999;0.15722;0.00000;0.00000;0.00000;0.00000;0.00000;0.00000;0.00000;0.00000;0.23594;0.00000;0.00000;0.00000;0.00000;0.00000;0.10763;0.10630;0.00000;0.00000;0.00000;0.00000;0.00000;0.00000;0.00000;0.00000;0.00000;0.00000;0.00000;0.00000;0.00000;0.00000;0.00000;0.00000;0.00000;0.00000;0.00000;0.00000;0.00000
2020-03-27 00:00;9.41164;9.41165;0.00000;9.40105;0.04156;0.00000;0.00000;9.33734;0.00000;9.33224;0.00000;9.31743;0.00000;9.29394;0.00000;9.29082;9.28650;0.00000;9.26996;9.23421;0.00000;9.22687;0.00724;0.00000;0.00000;9.21837;0.00000;9.21049;9.19367;0.00000;9.16246;0.00000;9.15264;0.00000;9.14490;0.00000;9.13066;9.09140;9.07651;8.80822;8.78182;8.72110;8.70348;0.00000;8.54220;8.54188;0.00000;8.52712;8.52645;8.50953;8.48205;8.47645;8.46644;0.00000;8.46492;0.00000;8.46486;8.46363;8.46339;0.00000;8.46220;8.46064;0.00000;8.45699;8.35402;0.00000;8.34946;8.34635;0.00000;8.32974;0.00000;8.29489;0.31659;0.21158;0.14665;0.00000;0.00000;0.00000;0.00000;7.82633;7.79137;0.00000;7.47934;7.30585;6.94708;6.67960;6.41996;0.00000;6.22274;5.90437;5.89365;5.68715;0.00000;5.57654;0.00000;5.15221;3.49435;3.04244;2.63871;2.37950;1.97743;1.69724;0.00000;1.58191;0.00000;1.47734;0.00000;1.41387;0.00000;1.28210;0.06312;0.00000;0.01274;0.00000;0.00000;1.20531;0.00000;1.12765;1.01825;0.83071;0.24558;0.00000;0.07710;0.00000;0.00000;0.00000;0.00000;0.07624;0.00000;0.00000;0.00000;0.32373;0.00000;0.07048;0.00000;0.00000;0.00000;0.21848;0.00000;0.09588;0.00000;0.06876;0.05116;0.03822;0.00000;0.00000;0.00000;0.00000;0.00000;1.58343;1.53533;1.30270;0.94004;0.91740;0.06956;0.03113;0.00000;0.77460;0.15713;0.00000;0.00000;0.00000;0.00000;0.00000;0.00000;0.00000;0.00000;0.23802;0.00000;0.00000;0.00000;0.00000;0.00000;0.10025;0.09912;0.00000;0.00000;0.00000;0.00000;0.00000;0.00000;0.00000;0.00000;0.00000;0.00000;0.00000;0.00000;0.00000;0.00000;0.00000;0.00000;0.00000;0.00000;0.00000;0.00000;0.00000
2020-03-28 00:00;9.01789;9.01776;0.00000;9.00845;0.02745;0.00000;0.00000;8.95639;0.00000;8.95087;0.00000;8.93596;0.00000;8.91119;0.00000;8.90823;8.90172;0.00000;8.88267;8.84726;0.00000;8.83939;0.00665;0.00000;0.00000;8.83028;0.00000;8.82317;8.81092;0.00000;8.78202;0.00000;8.77167;0.00000;8.76284;0.00000;8.74940;8.70816;8.69387;8.43180;8.39870;8.34463;8.32230;0.00000;8.23818;8.23247;0.00000;8.21215;8.20543;8.18680;8.17061;8.16745;8.15484;0.00000;8.15224;0.00000;8.15015;8.14458;8.14394;0.00000;8.14016;8.13836;0.00000;8.13291;8.03679;0.00000;8.02591;8.01749;0.00000;8.00305;0.00000;7.95458;0.29003;0.19015;0.14322;0.00000;0.00000;0.00000;0.00000;7.50060;7.46492;0.00000;7.15794;6.98612;6.63984;6.37385;6.12179;0.00000;5.92684;5.63006;5.62102;5.45043;0.00000;5.35312;0.00000;4.94653;3.35704;2.95250;2.56506;2.30809;1.92146;1.64548;0.00000;1.53462;0.00000;1.43185;0.00000;1.36985;0.00000;1.24117;0.06136;0.00000;0.01173;0.00000;0.00000;1.16636;0.00000;1.09110;0.98352;0.80383;0.23634;0.00000;0.06015;0.00000;0.00000;0.00000;0.00000;0.07426;0.00000;0.00000;0.00000;0.30905;0.00000;0.06808;0.00000;0.00000;0.00000;0.20579;0.00000;0.09020;0.00000;0.06399;0.04801;0.03612;0.00000;0.00000;0.00000;0.00000;0.00000;1.55825;1.51449;1.28739;0.93279;0.91074;0.06820;0.03079;0.00000;0.76846;0.15460;0.00000;0.00000;0.00000;0.00000;0.00000;0.00000;0.00000;0.00000;0.22907;0.00000;0.00000;0.00000;0.00000;0.00000;0.09038;0.08976;0.00000;0.00000;0.00000;0.00000;0.00000;0.00000;0.00000;0.00000;0.00000;0.00000;0.00000;0.00000;0.00000;0.00000;0.00000;0.00000;0.00000;0.00000;0.00000;0.00000;0.00000
2020-03-29 00:00;13.74238;13.74320;0.00000;13.73448;0.08430;0.00000;0.00000;13.66456;0.00000;13.66558;0.00000;13.65872;0.00000;13.64898;0.00000;13.64631;13.65822;0.00000;13.66345;13.63928;0.00000;13.63870;0.00899;0.00000;0.00000;13.63896;0.00000;13.63254;13.62714;0.00000;13.60760;0.00000;13.60636;0.00000;13.60778;0.00000;13.59225;13.58251;13.57059;13.29128;13.31321;12.88768;12.90263;0.00000;11.78796;11.74302;0.00000;11.38076;11.34426;11.23669;11.11384;11.00088;10.76737;0.00000;10.75186;0.00000;10.72556;10.68130;10.63806;0.00000;10.59916;10.57413;0.00000;10.52248;9.93912;0.00000;9.74519;9.62932;0.00000;9.38241;0.00000;9.00546;0.58122;0.44723;0.17259;0.00000;0.00000;0.00000;0.00000;8.22334;8.18801;0.00000;7.86993;7.69624;7.30622;7.03756;6.76760;0.00000;6.56602;6.22158;6.20018;5.79029;0.00000;5.61485;0.00000;5.19663;3.53493;3.04570;2.64741;2.39071;2.00416;1.72950;0.00000;1.60872;0.00000;1.50298;0.00000;1.43841;0.00000;1.30826;0.06732;0.00000;0.01609;0.00000;0.00000;1.22762;0.00000;1.14148;1.03162;0.82873;0.24458;0.00000;0.07522;0.00000;0.00000;0.00000;0.00000;0.07424;0.00000;0.00000;0.00000;0.31267;0.00000;0.07435;0.00000;0.00000;0.00000;0.20383;0.00000;0.10035;0.00000;0.07271;0.05385;0.03946;0.00000;0.00000;0.00000;0.00000;0.00000;1.56138;1.50031;1.27135;0.92110;0.89954;0.06862;0.03046;0.00000;0.77034;0.15594;0.00000;0.00000;0.00000;0.00000;0.00000;0.00000;0.00000;0.00000;0.26647;0.00000;0.00000;0.00000;0.00000;0.00000;0.54928;0.51312;0.00000;0.00000;0.00000;0.00000;0.00000;0.00000;0.00000;0.00000;0.00000;0.00000;0.00000;0.00000;0.00000;0.00000;0.00000;0.00000;0.00000;0.00000;0.00000;0.00000;0.00000
2020-03-30 00:00;39.71468;39.71755;0.00000;39.70243;0.26824;0.00000;0.00000;39.50521;0.00000;39.48446;0.00000;39.44476;0.00000;39.39025;0.00000;39.35730;39.39023;0.00000;39.34035;39.22430;0.00000;39.19518;0.08356;0.00000;0.00000;39.14705;0.00000;39.08254;39.07994;0.00000;38.94968;0.00000;38.91289;0.00000;38.87432;0.00000;38.73864;38.74835;38.71529;37.81974;37.80974;35.80670;35.80715;0.00000;30.67556;30.55353;0.00000;29.12758;29.04116;28.72249;28.41760;28.00278;27.00263;0.00000;26.95631;0.00000;26.86098;26.71798;26.55368;0.00000;26.42160;26.33964;0.00000;26.16328;23.62569;0.00000;22.90175;22.47231;0.00000;21.45708;0.00000;20.06117;1.79733;1.53887;0.47279;0.00000;0.00000;0.00000;0.00000;17.85456;17.76712;0.00000;16.75467;15.96884;15.08733;14.26444;13.72247;0.00000;13.14038;12.40294;12.29415;10.36392;0.00000;9.37074;0.00000;7.83642;5.80456;4.46231;3.68329;3.30122;2.76123;2.48780;0.00000;2.15138;0.00000;1.93851;0.00000;1.83028;0.00000;1.69370;0.15761;0.00000;0.04843;0.00000;0.00000;1.62846;0.00000;1.51118;1.30503;1.20372;0.34942;0.00000;0.25436;0.00000;0.00000;0.00000;0.00000;0.09665;0.00000;0.00000;0.00000;0.35876;0.00000;0.12309;0.00000;0.00000;0.00000;0.28356;0.00000;0.24283;0.00000;0.17957;0.10882;0.08441;0.00000;0.00000;0.00000;0.00000;0.00000;1.66198;1.54509;1.27052;0.94982;0.92887;0.07603;0.03105;0.00000;0.82218;0.20725;0.00000;0.00000;0.00000;0.00000;0.00000;0.00000;0.00000;0.00000;0.56353;0.00000;0.00000;0.00000;0.00000;0.00000;2.43884;2.30258;0.00000;0.00000;0.00000;0.00000;0.00000;0.00000;0.00000;0.00000;0.00000;0.00000;0.00000;0.00000;0.00000;0.00000;0.00000;0.00000;0.00000;0.00000;0.00000;0.00000;0.00000
2020-03-31 00:00;48.11604;48.11631;0.00000;48.08469;0.20837;0.00000;0.00000;47.79286;0.00000;47.76340;0.00000;47.70595;0.00000;47.58490;0.00000;47.56038;47.54177;0.00000;47.43917;47.25023;0.00000;47.20143;0.06045;0.00000;0.00000;47.14049;0.00000;47.07201;47.00541;0.00000;46.82234;0.00000;46.75454;0.00000;46.70044;0.00000;46.58325;46.48221;46.43639;45.22805;45.07054;42.61255;42.51099;0.00000;35.26349;35.12593;0.00000;33.50327;33.37970;33.02018;32.72687;32.42178;31.33439;0.00000;31.28181;0.00000;31.20227;31.06097;30.94902;0.00000;30.84308;30.78483;0.00000;30.64005;27.93858;0.00000;27.31948;26.94612;0.00000;25.94862;0.00000;24.48776;1.89516;1.54632;0.72182;0.00000;0.00000;0.00000;0.00000;21.59112;21.41653;0.00000;19.84176;18.69798;16.88556;15.53596;14.72366;0.00000;13.77293;12.85357;12.77367;10.75943;0.00000;9.97701;0.00000;8.41194;6.49606;4.82417;3.79523;3.38814;2.83339;2.48666;0.00000;2.19494;0.00000;1.98084;0.00000;1.86426;0.00000;1.86066;0.14404;0.00000;0.03029;0.00000;0.00000;1.73489;0.00000;1.60912;1.42659;1.10494;0.39568;0.00000;0.17075;0.00000;0.00000;0.00000;0.00000;0.10032;0.00000;0.00000;0.00000;0.38782;0.00000;0.11415;0.00000;0.00000;0.00000;0.41028;0.00000;0.24988;0.00000;0.18609;0.13131;0.09006;0.00000;0.00000;0.00000;0.00000;0.00000;1.69329;1.56930;1.28823;0.96140;0.98657;0.07903;0.03221;0.00000;0.87556;0.20534;0.00000;0.00000;0.00000;0.00000;0.00000;0.00000;0.00000;0.00000;1.20812;0.00000;0.00000;0.00000;0.00000;0.00000;2.60115;2.51381;0.00000;0.00000;0.00000;0.00000;0.00000;0.00000;0.00000;0.00000;0.00000;0.00000;0.00000;0.00000;0.00000;0.00000;0.00000;0.00000;0.00000;0.00000;0.00000;0.00000;0.00000
2020-04-01 00:00;28.40110;28.39867;0.00000;28.35431;0.06667;0.00000;0.00000;28.08388;0.00000;28.04969;0.00000;27.99404;0.00000;27.88763;0.00000;27.87887;27.81414;0.00000;27.69959;27.55579;0.00000;27.51291;0.01639;0.00000;0.00000;27.46086;0.00000;27.42322;27.29931;0.00000;27.15992;0.00000;27.10149;0.00000;27.05293;0.00000;27.01298;26.83353;26.79611;26.04905;25.81522;24.67976;24.52392;0.00000;20.91443;20.80013;0.00000;20.09257;19.97012;19.73238;19.52011;19.44803;19.00849;0.00000;18.96240;0.00000;18.91952;18.81907;18.79345;0.00000;18.73086;18.70364;0.00000;18.61869;17.53641;0.00000;17.29626;17.13703;0.00000;16.78152;0.00000;16.09125;0.94635;0.57157;0.34925;0.00000;0.00000;0.00000;0.00000;14.39692;14.28841;0.00000;13.31644;12.70134;11.61392;10.72916;10.21430;0.00000;9.58745;8.96785;8.94123;8.22381;0.00000;7.96763;0.00000;7.04903;5.35588;4.42812;3.64375;3.31345;2.78075;2.31892;0.00000;2.15098;0.00000;2.01068;0.00000;1.90073;0.00000;1.77047;0.11404;0.00000;0.01489;0.00000;0.00000;1.62588;0.00000;1.49975;1.35648;0.91255;0.33736;0.00000;0.07104;0.00000;0.00000;0.00000;0.00000;0.08926;0.00000;0.00000;0.00000;0.38987;0.00000;0.09284;0.00000;0.00000;0.00000;0.33064;0.00000;0.18699;0.00000;0.14497;0.11857;0.08129;0.00000;0.00000;0.00000;0.00000;0.00000;1.63563;1.57124;1.30235;0.96143;1.01463;0.07523;0.03259;0.00000;0.87749;0.18289;0.00000;0.00000;0.00000;0.00000;0.00000;0.00000;0.00000;0.00000;0.69800;0.00000;0.00000;0.00000;0.00000;0.00000;0.99656;0.98051;0.00000;0.00000;0.00000;0.00000;0.00000;0.00000;0.00000;0.00000;0.00000;0.00000;0.00000;0.00000;0.00000;0.00000;0.00000;0.00000;0.00000;0.00000;0.00000;0.00000;0.00000
2020-04-02 00:00;15.50742;15.50598;0.00000;15.47745;0.02932;0.00000;0.00000;15.32757;0.00000;15.30658;0.00000;15.27092;0.00000;15.20609;0.00000;15.20104;15.16189;0.00000;15.09480;15.01354;0.00000;14.98995;0.00841;0.00000;0.00000;14.95974;0.00000;14.94205;14.87032;0.00000;14.79668;0.00000;14.76503;0.00000;14.73661;0.00000;14.71803;14.59605;14.56966;14.19433;14.05565;13.86442;13.77385;0.00000;12.86469;12.81775;0.00000;12.69988;12.64953;12.56842;12.48299;12.47490;12.40617;0.00000;12.38715;0.00000;12.37191;12.33307;12.32917;0.00000;12.30444;12.29405;0.00000;12.26350;12.04831;0.00000;11.99205;11.95051;0.00000;11.89632;0.00000;11.71928;0.66600;0.34763;0.28012;0.00000;0.00000;0.00000;0.00000;10.67303;10.59663;0.00000;10.07794;9.76581;8.87915;8.34867;8.00670;0.00000;7.66674;7.25164;7.23824;7.03403;0.00000;6.92160;0.00000;6.28785;4.66237;3.92413;3.27234;2.97284;2.47285;2.15110;0.00000;2.02385;0.00000;1.90555;0.00000;1.81328;0.00000;1.62180;0.07793;0.00000;0.01239;0.00000;0.00000;1.49400;0.00000;1.38529;1.25769;0.85545;0.30825;0.00000;0.05273;0.00000;0.00000;0.00000;0.00000;0.08581;0.00000;0.00000;0.00000;0.38100;0.00000;0.08196;0.00000;0.00000;0.00000;0.30878;0.00000;0.15595;0.00000;0.12141;0.10108;0.07558;0.00000;0.00000;0.00000;0.00000;0.00000;1.59786;1.57142;1.30881;0.96146;1.02307;0.07210;0.03248;0.00000;0.85820;0.17679;0.00000;0.00000;0.00000;0.00000;0.00000;0.00000;0.00000;0.00000;0.50041;0.00000;0.00000;0.00000;0.00000;0.00000;0.17863;0.17606;0.00000;0.00000;0.00000;0.00000;0.00000;0.00000;0.00000;0.00000;0.00000;0.00000;0.00000;0.00000;0.00000;0.00000;0.00000;0.00000;0.00000;0.00000;0.00000;0.00000;0.00000
2020-04-03 00:00;18.33078;18.33148;0.00000;18.31583;0.09266;0.00000;0.00000;18.22048;0.00000;18.21672;0.00000;18.20086;0.00000;18.17301;0.00000;18.16719;18.17439;0.00000;18.16578;18.12273;0.00000;18.11612;0.01524;0.00000;0.00000;18.10818;0.00000;18.09508;18.08707;0.00000;18.05385;0.00000;18.04664;0.00000;18.04164;0.00000;18.01592;17.98250;17.96520;17.62748;17.62708;17.19720;17.19422;0.00000;15.91846;15.88755;0.00000;15.52806;15.50555;15.40718;15.30699;15.18045;14.90853;0.00000;14.89059;0.00000;14.85954;14.80899;14.75859;0.00000;14.71293;14.68453;0.00000;14.62458;13.88470;0.00000;13.65835;13.52182;0.00000;13.22771;0.00000;12.77499;0.94269;0.67452;0.31517;0.00000;0.00000;0.00000;0.00000;11.48870;11.41754;0.00000;10.77116;10.34703;9.56241;9.00990;8.62725;0.00000;8.24640;7.77652;7.74113;7.26346;0.00000;6.98057;0.00000;6.23295;4.51311;3.76781;3.14391;2.84789;2.34984;2.03086;0.00000;1.88183;0.00000;1.75205;0.00000;1.68132;0.00000;1.52843;0.08396;0.00000;0.01754;0.00000;0.00000;1.42058;0.00000;1.31949;1.18518;0.88563;0.30286;0.00000;0.07596;0.00000;0.00000;0.00000;0.00000;0.08453;0.00000;0.00000;0.00000;0.37602;0.00000;0.08640;0.00000;0.00000;0.00000;0.30494;0.00000;0.16365;0.00000;0.12669;0.10086;0.07364;0.00000;0.00000;0.00000;0.00000;0.00000;1.62028;1.57916;1.31046;0.96149;1.01858;0.07280;0.03246;0.00000;0.85207;0.17697;0.00000;0.00000;0.00000;0.00000;0.00000;0.00000;0.00000;0.00000;0.48203;0.00000;0.00000;0.00000;0.00000;0.00000;0.70086;0.65886;0.00000;0.00000;0.00000;0.00000;0.00000;0.00000;0.00000;0.00000;0.00000;0.00000;0.00000;0.00000;0.00000;0.00000;0.00000;0.00000;0.00000;0.00000;0.00000;0.00000;0.00000
2020-04-04 00:00;17.20679;17.20635;0.00000;17.18624;0.05360;0.00000;0.00000;17.07300;0.00000;17.06193;0.00000;17.03703;0.00000;16.99077;0.00000;16.98605;16.97018;0.00000;16.93312;16.87203;0.00000;16.85712;0.01021;0.00000;0.00000;16.83961;0.00000;16.82567;16.79467;0.00000;16.74429;0.00000;16.72504;0.00000;16.70864;0.00000;16.68763;16.61365;16.59269;16.23279;16.16253;15.66271;15.61327;0.00000;13.85020;13.81211;0.00000;13.44277;13.40227;13.30076;13.22442;13.17498;12.92856;0.00000;12.91285;0.00000;12.89569;12.85860;12.84277;0.00000;12.81984;12.80927;0.00000;12.77649;12.24246;0.00000;12.11704;12.03788;0.00000;11.82840;0.00000;11.46576;0.72600;0.45377;0.29723;0.00000;0.00000;0.00000;0.00000;10.40388;10.33338;0.00000;9.76644;9.41832;8.72212;8.23252;7.88273;0.00000;7.52398;7.12362;7.10632;6.76995;0.00000;6.60094;0.00000;5.94020;4.28363;3.59180;2.99035;2.69769;2.21429;1.91075;0.00000;1.77501;0.00000;1.65690;0.00000;1.58957;0.00000;1.44419;0.06739;0.00000;0.01382;0.00000;0.00000;1.34495;0.00000;1.24949;1.12554;0.86308;0.27982;0.00000;0.06130;0.00000;0.00000;0.00000;0.00000;0.08135;0.00000;0.00000;0.00000;0.36891;0.00000;0.07463;0.00000;0.00000;0.00000;0.29534;0.00000;0.14661;0.00000;0.11299;0.09219;0.06900;0.00000;0.00000;0.00000;0.00000;0.00000;1.61472;1.57516;1.31270;0.98515;1.01333;0.07191;0.03238;0.00000;0.84561;0.17346;0.00000;0.00000;0.00000;0.00000;0.00000;0.00000;0.00000;0.00000;0.46191;0.00000;0.00000;0.00000;0.00000;0.00000;0.50538;0.49464;0.00000;0.00000;0.00000;0.00000;0.00000;0.00000;0.00000;0.00000;0.00000;0.00000;0.00000;0.00000;0.00000;0.00000;0.00000;0.00000;0.00000;0.00000;0.00000;0.00000;0.00000
2020-04-05 00:00;12.17327;12.17250;0.00000;12.15288;0.02847;0.00000;0.00000;12.05266;0.00000;12.03922;0.00000;12.01313;0.00000;11.96526;0.00000;11.96102;11.93823;0.00000;11.89401;11.83228;0.00000;11.81607;0.00809;0.00000;0.00000;11.79601;0.00000;11.78348;11.74229;0.00000;11.68994;0.00000;11.66798;0.00000;11.64870;0.00000;11.63141;11.54821;11.52696;11.20981;11.12076;10.99721;10.93895;0.00000;10.50290;10.47789;0.00000;10.40067;10.37435;10.33137;10.28603;10.28042;10.23254;0.00000;10.22286;0.00000;10.21504;10.19528;10.19302;0.00000;10.18030;10.17488;0.00000;10.15887;10.00771;0.00000;9.97851;9.95739;0.00000;9.91556;0.00000;9.80342;0.46538;0.31831;0.25631;0.00000;0.00000;0.00000;0.00000;9.06343;9.00125;0.00000;8.57406;8.31853;7.73531;7.32580;7.02259;0.00000;6.74836;6.40521;6.39324;6.19966;0.00000;6.09969;0.00000;5.55868;3.93164;3.30866;2.75940;2.47799;2.01503;1.72186;0.00000;1.60483;0.00000;1.49698;0.00000;1.43227;0.00000;1.29483;0.06223;0.00000;0.01147;0.00000;0.00000;1.20805;0.00000;1.11929;1.00449;0.81681;0.26394;0.00000;0.05088;0.00000;0.00000;0.00000;0.00000;0.07903;0.00000;0.00000;0.00000;0.35330;0.00000;0.07083;0.00000;0.00000;0.00000;0.27978;0.00000;0.13207;0.00000;0.10217;0.08382;0.05685;0.00000;0.00000;0.00000;0.00000;0.00000;1.59835;1.57753;1.31933;0.99548;0.99741;0.06946;0.03215;0.00000;0.82600;0.16996;0.00000;0.00000;0.00000;0.00000;0.00000;0.00000;0.00000;0.00000;0.40309;0.00000;0.00000;0.00000;0.00000;0.00000;0.13250;0.13076;0.00000;0.00000;0.00000;0.00000;0.00000;0.00000;0.00000;0.00000;0.00000;0.00000;0.00000;0.00000;0.00000;0.00000;0.00000;0.00000;0.00000;0.00000;0.00000;0.00000;0.00000
2020-04-06 00:00;10.24545;10.24522;0.00000;10.23309;0.02652;0.00000;0.00000;10.17322;0.00000;10.16610;0.00000;10.14794;0.00000;10.11483;0.00000;10.11146;10.10220;0.00000;10.07750;10.03241;0.00000;10.02256;0.00738;0.00000;0.00000;10.01125;0.00000;10.00329;9.98745;0.00000;9.95373;0.00000;9.94036;0.00000;9.92911;0.00000;9.91379;9.86179;9.84497;9.56376;9.51922;9.47229;9.44262;0.00000;9.25184;9.24400;0.00000;9.22874;9.21987;9.20434;9.18798;9.18608;9.17470;0.00000;9.17115;0.00000;9.16827;9.16096;9.16018;0.00000;9.15526;9.15309;0.00000;9.14636;9.05869;0.00000;9.04550;9.03539;0.00000;9.01756;0.00000;8.95993;0.39834;0.28008;0.22759;0.00000;0.00000;0.00000;0.00000;8.34430;8.29206;0.00000;7.91852;7.69940;7.22259;6.87343;6.59393;0.00000;6.36069;6.04644;6.03676;5.86299;0.00000;5.77098;0.00000;5.28918;3.67403;3.11894;2.62208;2.35287;1.91430;1.62925;0.00000;1.51976;0.00000;1.41672;0.00000;1.35339;0.00000;1.21999;0.06065;0.00000;0.01073;0.00000;0.00000;1.14510;0.00000;1.06766;0.95890;0.78310;0.25136;0.00000;0.04768;0.00000;0.00000;0.00000;0.00000;0.07551;0.00000;0.00000;0.00000;0.33340;0.00000;0.06872;0.00000;0.00000;0.00000;0.26595;0.00000;0.11509;0.00000;0.08703;0.07052;0.04144;0.00000;0.00000;0.00000;0.00000;0.00000;1.59191;1.57209;1.31839;0.98768;0.98170;0.06778;0.03185;0.00000;0.80660;0.16437;0.00000;0.00000;0.00000;0.00000;0.00000;0.00000;0.00000;0.00000;0.32096;0.00000;0.00000;0.00000;0.00000;0.00000;0.08013;0.07948;0.00000;0.00000;0.00000;0.00000;0.00000;0.00000;0.00000;0.00000;0.00000;0.00000;0.00000;0.00000;0.00000;0.00000;0.00000;0.00000;0.00000;0.00000;0.00000;0.00000;0.00000
2020-04-07 00:00;9.29542;9.29526;0.00000;9.28510;0.02258;0.00000;0.00000;9.23580;0.00000;9.22988;0.00000;9.21385;0.00000;9.18529;0.00000;9.18232;9.17503;0.00000;9.15415;9.11486;0.00000;9.10643;0.00657;0.00000;0.00000;9.09694;0.00000;9.09017;9.07842;0.00000;9.04924;0.00000;9.03793;0.00000;9.02841;0.00000;9.01476;8.96968;8.95449;8.69131;8.65466;8.61697;8.59227;0.00000;8.51084;8.50470;0.00000;8.49244;8.48520;8.47302;8.46078;8.45937;8.45034;0.00000;8.44739;0.00000;8.44493;8.43878;8.43810;0.00000;8.43394;8.43215;0.00000;8.42647;8.35264;0.00000;8.34113;8.33229;0.00000;8.31709;0.00000;8.26570;0.35631;0.24976;0.20239;0.00000;0.00000;0.00000;0.00000;7.71789;7.67231;0.00000;7.34147;7.15281;6.77036;6.46771;6.20933;0.00000;6.00293;5.71189;5.70383;5.55752;0.00000;5.47766;0.00000;5.04802;3.45113;2.95972;2.50921;2.25051;1.83887;1.56220;0.00000;1.45937;0.00000;1.36095;0.00000;1.29907;0.00000;1.17002;0.05905;0.00000;0.01002;0.00000;0.00000;1.09701;0.00000;1.02529;0.92090;0.75617;0.22778;0.00000;0.04480;0.00000;0.00000;0.00000;0.00000;0.07328;0.00000;0.00000;0.00000;0.32196;0.00000;0.06675;0.00000;0.00000;0.00000;0.24626;0.00000;0.09065;0.00000;0.06450;0.04957;0.03396;0.00000;0.00000;0.00000;0.00000;0.00000;1.57787;1.55413;1.31039;0.98114;0.96588;0.06617;0.03150;0.00000;0.78723;0.15880;0.00000;0.00000;0.00000;0.00000;0.00000;0.00000;0.00000;0.00000;0.24966;0.00000;0.00000;0.00000;0.00000;0.00000;0.06753;0.06712;0.00000;0.00000;0.00000;0.00000;0.00000;0.00000;0.00000;0.00000;0.00000;0.00000;0.00000;0.00000;0.00000;0.00000;0.00000;0.00000;0.00000;0.00000;0.00000;0.00000;0.00000
2020-04-08 00:00;8.60217;8.60204;0.00000;8.59330;0.01973;0.00000;0.00000;8.55112;0.00000;8.54600;0.00000;8.53165;0.00000;8.50647;0.00000;8.50381;8.49758;0.00000;8.47929;8.44445;0.00000;8.43701;0.00592;0.00000;0.00000;8.42867;0.00000;8.42265;8.41262;0.00000;8.38632;0.00000;8.37640;0.00000;8.36800;0.00000;8.35574;8.31409;8.30014;8.05311;8.02090;7.98738;7.96577;0.00000;7.89854;7.89250;0.00000;7.88143;7.87426;7.86261;7.85074;7.84952;7.84137;0.00000;7.83842;0.00000;7.83595;7.82981;7.82915;0.00000;7.82502;7.82325;0.00000;7.81764;7.75289;0.00000;7.74150;7.73273;0.00000;7.71931;0.00000;7.67047;0.30807;0.20949;0.16571;0.00000;0.00000;0.00000;0.00000;7.19216;7.15196;0.00000;6.85372;6.68790;6.34600;6.07868;5.83739;0.00000;5.65082;5.37671;5.36968;5.24623;0.00000;5.17608;0.00000;4.78917;3.21180;2.81001;2.41173;2.16256;1.77023;1.50171;0.00000;1.40418;0.00000;1.30998;0.00000;1.24945;0.00000;1.12431;0.05754;0.00000;0.00939;0.00000;0.00000;1.05309;0.00000;0.98691;0.88610;0.73052;0.21650;0.00000;0.04275;0.00000;0.00000;0.00000;0.00000;0.07120;0.00000;0.00000;0.00000;0.31758;0.00000;0.06536;0.00000;0.00000;0.00000;0.22192;0.00000;0.07878;0.00000;0.05441;0.04082;0.03091;0.00000;0.00000;0.00000;0.00000;0.00000;1.56065;1.53765;1.29817;0.97397;0.94978;0.06446;0.03109;0.00000;0.76774;0.15228;0.00000;0.00000;0.00000;0.00000;0.00000;0.00000;0.00000;0.00000;0.22570;0.00000;0.00000;0.00000;0.00000;0.00000;0.05847;0.05810;0.00000;0.00000;0.00000;0.00000;0.00000;0.00000;0.00000;0.00000;0.00000;0.00000;0.00000;0.00000;0.00000;0.00000;0.00000;0.00000;0.00000;0.00000;0.00000;0.00000;0.00000
2020-04-09 00:00;8.38053;8.38051;0.00000;8.37102;0.03533;0.00000;0.00000;8.31431;0.00000;8.30974;0.00000;8.29682;0.00000;8.27453;0.00000;8.27202;8.26773;0.00000;8.25273;8.22014;0.00000;8.21368;0.00598;0.00000;0.00000;8.20634;0.00000;8.19994;8.18496;0.00000;8.15749;0.00000;8.14855;0.00000;8.14159;0.00000;8.12951;8.09095;8.07761;7.82809;7.80381;7.75778;7.74127;0.00000;7.66854;7.66589;0.00000;7.64977;7.64621;7.63277;7.61231;7.60774;7.59749;0.00000;7.59560;0.00000;7.59454;7.59129;7.59061;0.00000;7.58817;7.58640;0.00000;7.58177;7.50587;0.00000;7.49765;7.49190;0.00000;7.47478;0.00000;7.43291;0.28613;0.18915;0.14005;0.00000;0.00000;0.00000;0.00000;6.99520;6.95870;0.00000;6.68036;6.52769;6.19762;5.95047;5.71202;0.00000;5.53573;5.24865;5.24120;5.09886;0.00000;5.02129;0.00000;4.65794;3.05717;2.70237;2.35300;2.10969;1.73968;1.47757;0.00000;1.38129;0.00000;1.28939;0.00000;1.22965;0.00000;1.10620;0.05705;0.00000;0.00942;0.00000;0.00000;1.03575;0.00000;0.97076;0.87289;0.71798;0.21289;0.00000;0.04313;0.00000;0.00000;0.00000;0.00000;0.07056;0.00000;0.00000;0.00000;0.30518;0.00000;0.06550;0.00000;0.00000;0.00000;0.19948;0.00000;0.07791;0.00000;0.05375;0.03995;0.03004;0.00000;0.00000;0.00000;0.00000;0.00000;1.55678;1.51915;1.28164;0.96314;0.93040;0.06374;0.03066;0.00000;0.75598;0.14992;0.00000;0.00000;0.00000;0.00000;0.00000;0.00000;0.00000;0.00000;0.22088;0.00000;0.00000;0.00000;0.00000;0.00000;0.07188;0.07085;0.00000;0.00000;0.00000;0.00000;0.00000;0.00000;0.00000;0.00000;0.00000;0.00000;0.00000;0.00000;0.00000;0.00000;0.00000;0.00000;0.00000;0.00000;0.00000;0.00000;0.00000
2020-04-10 00:00;8.62068;8.62071;0.00000;8.61023;0.04656;0.00000;0.00000;8.54132;0.00000;8.53690;0.00000;8.52454;0.00000;8.50285;0.00000;8.50029;8.49667;0.00000;8.48249;8.44926;0.00000;8.44301;0.00624;0.00000;0.00000;8.43583;0.00000;8.42915;8.41180;0.00000;8.38295;0.00000;8.37404;0.00000;8.36747;0.00000;8.35507;8.31699;8.30367;8.04256;8.01928;7.95649;7.94091;0.00000;7.85121;7.84950;0.00000;7.82503;7.82255;7.79981;7.76184;7.75492;7.74060;0.00000;7.73862;0.00000;7.73815;7.73556;7.73513;0.00000;7.73320;7.73129;0.00000;7.72663;7.63527;0.00000;7.62833;7.62362;0.00000;7.60389;0.00000;7.56263;0.29351;0.19397;0.14006;0.00000;0.00000;0.00000;0.00000;7.11537;7.07891;0.00000;6.79518;6.63589;6.29713;6.04344;5.79652;0.00000;5.61648;5.31656;5.30864;5.10203;0.00000;5.01544;0.00000;4.65328;3.05238;2.67873;2.33808;2.09674;1.73464;1.47551;0.00000;1.37714;0.00000;1.28507;0.00000;1.22583;0.00000;1.10306;0.05700;0.00000;0.00962;0.00000;0.00000;1.03290;0.00000;0.96754;0.86967;0.71100;0.21092;0.00000;0.04393;0.00000;0.00000;0.00000;0.00000;0.07056;0.00000;0.00000;0.00000;0.30081;0.00000;0.06526;0.00000;0.00000;0.00000;0.18623;0.00000;0.08071;0.00000;0.05622;0.04171;0.03129;0.00000;0.00000;0.00000;0.00000;0.00000;1.54637;1.49506;1.26219;0.95115;0.92045;0.06319;0.03022;0.00000;0.74994;0.14932;0.00000;0.00000;0.00000;0.00000;0.00000;0.00000;0.00000;0.00000;0.22746;0.00000;0.00000;0.00000;0.00000;0.00000;0.08752;0.08634;0.00000;0.00000;0.00000;0.00000;0.00000;0.00000;0.00000;0.00000;0.00000;0.00000;0.00000;0.00000;0.00000;0.00000;0.00000;0.00000;0.00000;0.00000;0.00000;0.00000;0.00000
2020-04-11 00:00;8.28093;8.28081;0.00000;8.27160;0.02852;0.00000;0.00000;8.21904;0.00000;8.21392;0.00000;8.20119;0.00000;8.17795;0.00000;8.17530;8.16929;0.00000;8.15173;8.11808;0.00000;8.11099;0.00601;0.00000;0.00000;8.10271;0.00000;8.09639;8.08394;0.00000;8.05676;0.00000;8.04702;0.00000;8.03898;0.00000;8.02677;7.98649;7.97362;7.72194;7.69147;7.63953;7.61925;0.00000;7.53618;7.53065;0.00000;7.50886;7.50245;7.48420;7.46615;7.46286;7.44999;0.00000;7.44763;0.00000;7.44580;7.44078;7.44019;0.00000;7.43681;7.43514;0.00000;7.43011;7.34908;0.00000;7.33939;7.33196;0.00000;7.31700;0.00000;7.27095;0.27610;0.17938;0.13637;0.00000;0.00000;0.00000;0.00000;6.83893;6.80341;0.00000;6.52236;6.36481;6.03558;5.78500;5.54630;0.00000;5.36649;5.08938;5.08210;4.91449;0.00000;4.83856;0.00000;4.49022;2.95669;2.61620;2.29357;2.05536;1.69713;1.44145;0.00000;1.34598;0.00000;1.25570;0.00000;1.19761;0.00000;1.07691;0.05580;0.00000;0.00919;0.00000;0.00000;1.00821;0.00000;0.94454;0.84793;0.69354;0.20601;0.00000;0.04232;0.00000;0.00000;0.00000;0.00000;0.06940;0.00000;0.00000;0.00000;0.29847;0.00000;0.06385;0.00000;0.00000;0.00000;0.17309;0.00000;0.07739;0.00000;0.05356;0.04001;0.03019;0.00000;0.00000;0.00000;0.00000;0.00000;1.50930;1.46772;1.24327;0.94049;0.91033;0.06109;0.02980;0.00000;0.73622;0.14631;0.00000;0.00000;0.00000;0.00000;0.00000;0.00000;0.00000;0.00000;0.21981;0.00000;0.00000;0.00000;0.00000;0.00000;0.07585;0.07521;0.00000;0.00000;0.00000;0.00000;0.00000;0.00000;0.00000;0.00000;0.00000;0.00000;0.00000;0.00000;0.00000;0.00000;0.00000;0.00000;0.00000;0.00000;0.00000;0.00000;0.00000
2020-04-12 00:00;7.72876;7.72865;0.00000;7.72129;0.01776;0.00000;0.00000;7.68460;0.00000;7.68009;0.00000;7.66899;0.00000;7.64790;0.00000;7.64545;7.64015;0.00000;7.62415;7.59360;0.00000;7.58720;0.00550;0.00000;0.00000;7.57974;0.00000;7.57416;7.56547;0.00000;7.54159;0.00000;7.53281;0.00000;7.52542;0.00000;7.51415;7.47640;7.46460;7.23539;7.20801;7.17205;7.15405;0.00000;7.08965;7.08510;0.00000;7.07353;7.06825;7.05921;7.05018;7.04877;7.04115;0.00000;7.03909;0.00000;7.03731;7.03295;7.03241;0.00000;7.02934;7.02798;0.00000;7.02366;6.95925;0.00000;6.95044;6.94362;0.00000;6.93241;0.00000;6.89057;0.26137;0.16844;0.13098;0.00000;0.00000;0.00000;0.00000;6.48396;6.45106;0.00000;6.19038;6.04629;5.73755;5.50264;5.27704;0.00000;5.10611;4.84728;4.84050;4.71909;0.00000;4.65386;0.00000;4.32987;2.83986;2.52836;2.22108;1.98794;1.63557;1.38608;0.00000;1.29550;0.00000;1.20840;0.00000;1.15165;0.00000;1.03399;0.05432;0.00000;0.00856;0.00000;0.00000;0.96704;0.00000;0.90607;0.81160;0.66401;0.19540;0.00000;0.04011;0.00000;0.00000;0.00000;0.00000;0.06732;0.00000;0.00000;0.00000;0.29488;0.00000;0.06250;0.00000;0.00000;0.00000;0.16640;0.00000;0.07335;0.00000;0.05045;0.03779;0.02846;0.00000;0.00000;0.00000;0.00000;0.00000;1.47380;1.44334;1.22216;0.92762;0.89804;0.05862;0.02936;0.00000;0.71689;0.14366;0.00000;0.00000;0.00000;0.00000;0.00000;0.00000;0.00000;0.00000;0.20620;0.00000;0.00000;0.00000;0.00000;0.00000;0.05983;0.05933;0.00000;0.00000;0.00000;0.00000;0.00000;0.00000;0.00000;0.00000;0.00000;0.00000;0.00000;0.00000;0.00000;0.00000;0.00000;0.00000;0.00000;0.00000;0.00000;0.00000;0.00000
2020-04-13 00:00;13.71637;13.71742;0.00000;13.70763;0.10689;0.00000;0.00000;13.62160;0.00000;13.62487;0.00000;13.62348;0.00000;13.62114;0.00000;13.61912;13.63568;0.00000;13.64939;13.63040;0.00000;13.63270;0.00762;0.00000;0.00000;13.63709;0.00000;13.63218;13.62355;0.00000;13.60659;0.00000;13.60841;0.00000;13.61396;0.00000;13.60136;13.59872;13.58905;13.32824;13.37130;12.90537;12.93171;0.00000;11.62653;11.57274;0.00000;11.12967;11.08695;10.94408;10.78259;10.64353;10.37354;0.00000;10.35525;0.00000;10.32682;10.27697;10.22790;0.00000;10.18499;10.15518;0.00000;10.09552;9.43207;0.00000;9.21603;9.09172;0.00000;8.81118;0.00000;8.40197;0.57792;0.46856;0.14324;0.00000;0.00000;0.00000;0.00000;7.64159;7.60873;0.00000;7.34478;7.19715;6.83836;6.60455;6.35105;0.00000;6.17317;5.81953;5.80274;5.32311;0.00000;5.17075;0.00000;4.80894;3.14673;2.69648;2.34774;2.11545;1.75528;1.50842;0.00000;1.40258;0.00000;1.31340;0.00000;1.25412;0.00000;1.13276;0.05904;0.00000;0.01197;0.00000;0.00000;1.06132;0.00000;0.99281;0.89407;0.71979;0.22495;0.00000;0.07283;0.00000;0.00000;0.00000;0.00000;0.06902;0.00000;0.00000;0.00000;0.29491;0.00000;0.06600;0.00000;0.00000;0.00000;0.18344;0.00000;0.08888;0.00000;0.06316;0.04576;0.03350;0.00000;0.00000;0.00000;0.00000;0.00000;1.50663;1.42500;1.20073;0.93027;0.90123;0.06116;0.02895;0.00000;0.72582;0.14518;0.00000;0.00000;0.00000;0.00000;0.00000;0.00000;0.00000;0.00000;0.24804;0.00000;0.00000;0.00000;0.00000;0.00000;0.62511;0.58340;0.00000;0.00000;0.00000;0.00000;0.00000;0.00000;0.00000;0.00000;0.00000;0.00000;0.00000;0.00000;0.00000;0.00000;0.00000;0.00000;0.00000;0.00000;0.00000;0.00000;0.00000
2020-04-14 00:00;21.87422;21.87515;0.00000;21.86374;0.11450;0.00000;0.00000;21.75870;0.00000;21.75993;0.00000;21.75377;0.00000;21.74333;0.00000;21.73893;21.75263;0.00000;21.75975;21.73083;0.00000;21.73049;0.01014;0.00000;0.00000;21.73122;0.00000;21.72239;21.71798;0.00000;21.69427;0.00000;21.69245;0.00000;21.69393;0.00000;21.67616;21.66815;21.65663;21.33059;21.35253;20.27262;20.28723;0.00000;17.11505;17.05803;0.00000;16.27101;16.22563;16.05132;15.90495;15.72194;15.20547;0.00000;15.18337;0.00000;15.14251;15.07671;15.00898;0.00000;14.95308;14.91923;0.00000;14.84316;13.65151;0.00000;13.32699;13.13485;0.00000;12.64444;0.00000;11.94679;0.97351;0.75272;0.22130;0.00000;0.00000;0.00000;0.00000;10.70711;10.66432;0.00000;10.30535;10.05900;9.53979;9.20795;8.86181;0.00000;8.60588;8.12215;8.07006;7.13615;0.00000;6.66876;0.00000;6.03098;4.24830;3.54742;3.05252;2.77903;2.35540;2.06922;0.00000;1.87662;0.00000;1.73744;0.00000;1.65498;0.00000;1.49072;0.09668;0.00000;0.03485;0.00000;0.00000;1.40643;0.00000;1.30197;1.16311;0.97865;0.27899;0.00000;0.19910;0.00000;0.00000;0.00000;0.00000;0.08065;0.00000;0.00000;0.00000;0.32417;0.00000;0.09297;0.00000;0.00000;0.00000;0.21473;0.00000;0.14900;0.00000;0.11262;0.07860;0.06545;0.00000;0.00000;0.00000;0.00000;0.00000;1.55448;1.43400;1.19354;0.93481;0.90599;0.06572;0.02894;0.00000;0.76557;0.16668;0.00000;0.00000;0.00000;0.00000;0.00000;0.00000;0.00000;0.00000;0.35137;0.00000;0.00000;0.00000;0.00000;0.00000;1.14654;1.09122;0.00000;0.00000;0.00000;0.00000;0.00000;0.00000;0.00000;0.00000;0.00000;0.00000;0.00000;0.00000;0.00000;0.00000;0.00000;0.00000;0.00000;0.00000;0.00000;0.00000;0.00000
2020-04-15 00:00;17.74328;17.74237;0.00000;17.72042;0.04772;0.00000;0.00000;17.58729;0.00000;17.57229;0.00000;17.54706;0.00000;17.50003;0.00000;17.49521;17.46922;0.00000;17.42117;17.35802;0.00000;17.34057;0.00876;0.00000;0.00000;17.31812;0.00000;17.30220;17.25007;0.00000;17.18909;0.00000;17.16484;0.00000;17.14367;0.00000;17.12505;17.04188;17.02220;16.68344;16.58277;15.89541;15.82956;0.00000;13.56202;13.50937;0.00000;13.05784;13.00318;12.88120;12.78304;12.72978;12.43820;0.00000;12.41814;0.00000;12.39710;12.35102;12.33338;0.00000;12.30475;12.29189;0.00000;12.25224;11.62266;0.00000;11.48148;11.39189;0.00000;11.15329;0.00000;10.74640;0.58612;0.39709;0.22033;0.00000;0.00000;0.00000;0.00000;9.85291;9.79543;0.00000;9.34582;9.06454;8.54041;8.13350;7.80698;0.00000;7.52475;7.11662;7.09351;6.60939;0.00000;6.36508;0.00000;5.75536;4.17713;3.48918;2.95696;2.67773;2.25455;1.97206;0.00000;1.80804;0.00000;1.69129;0.00000;1.62072;0.00000;1.47412;0.08931;0.00000;0.01907;0.00000;0.00000;1.39011;0.00000;1.28621;1.16481;0.86879;0.27478;0.00000;0.10595;0.00000;0.00000;0.00000;0.00000;0.07675;0.00000;0.00000;0.00000;0.31821;0.00000;0.07416;0.00000;0.00000;0.00000;0.23017;0.00000;0.13604;0.00000;0.10181;0.07848;0.05639;0.00000;0.00000;0.00000;0.00000;0.00000;1.51005;1.42975;1.19806;0.93981;0.91110;0.06376;0.02909;0.00000;0.77681;0.15804;0.00000;0.00000;0.00000;0.00000;0.00000;0.00000;0.00000;0.00000;0.34465;0.00000;0.00000;0.00000;0.00000;0.00000;0.59383;0.58170;0.00000;0.00000;0.00000;0.00000;0.00000;0.00000;0.00000;0.00000;0.00000;0.00000;0.00000;0.00000;0.00000;0.00000;0.00000;0.00000;0.00000;0.00000;0.00000;0.00000;0.00000
2020-04-16 00:00;11.61087;11.60997;0.00000;11.59065;0.02906;0.00000;0.00000;11.48351;0.00000;11.46886;0.00000;11.44533;0.00000;11.40047;0.00000;11.39615;11.37070;0.00000;11.32365;11.26445;0.00000;11.24758;0.00833;0.00000;0.00000;11.22556;0.00000;11.21149;11.16191;0.00000;11.10517;0.00000;11.08192;0.00000;11.06134;0.00000;11.04388;10.96280;10.94402;10.64621;10.54975;10.40589;10.34396;0.00000;9.77728;9.74819;0.00000;9.66385;9.63318;9.58221;9.52667;9.52040;9.46889;0.00000;9.45773;0.00000;9.44878;9.42604;9.42355;0.00000;9.40894;9.40269;0.00000;9.38429;9.21928;0.00000;9.18614;9.16206;0.00000;9.12144;0.00000;9.01063;0.37377;0.25565;0.20456;0.00000;0.00000;0.00000;0.00000;8.38101;8.32926;0.00000;7.92963;7.69298;7.23420;6.87096;6.58922;0.00000;6.34541;6.01218;5.99923;5.80877;0.00000;5.69691;0.00000;5.20339;3.71502;3.10450;2.60567;2.33870;1.92533;1.65728;0.00000;1.53788;0.00000;1.43506;0.00000;1.37290;0.00000;1.24494;0.06059;0.00000;0.01108;0.00000;0.00000;1.17041;0.00000;1.07646;0.96717;0.74767;0.25519;0.00000;0.04767;0.00000;0.00000;0.00000;0.00000;0.07227;0.00000;0.00000;0.00000;0.32086;0.00000;0.06686;0.00000;0.00000;0.00000;0.22928;0.00000;0.11978;0.00000;0.09037;0.07149;0.04641;0.00000;0.00000;0.00000;0.00000;0.00000;1.45931;1.42893;1.20248;0.93898;0.91067;0.06004;0.02893;0.00000;0.75678;0.15153;0.00000;0.00000;0.00000;0.00000;0.00000;0.00000;0.00000;0.00000;0.29562;0.00000;0.00000;0.00000;0.00000;0.00000;0.14361;0.14167;0.00000;0.00000;0.00000;0.00000;0.00000;0.00000;0.00000;0.00000;0.00000;0.00000;0.00000;0.00000;0.00000;0.00000;0.00000;0.00000;0.00000;0.00000;0.00000;0.00000;0.00000
2020-04-17 00:00;9.45895;9.45874;0.00000;9.44773;0.02714;0.00000;0.00000;9.39022;0.00000;9.38315;0.00000;9.36901;0.00000;9.34057;0.00000;9.33711;9.32815;0.00000;9.30431;9.26318;0.00000;9.25386;0.00786;0.00000;0.00000;9.24225;0.00000;9.23365;9.21684;0.00000;9.18300;0.00000;9.16996;0.00000;9.15887;0.00000;9.14314;9.09654;9.08283;8.82115;8.77851;8.72679;8.69858;0.00000;8.50878;8.50171;0.00000;8.48642;8.47840;8.46377;8.44763;8.44580;8.43481;0.00000;8.43179;0.00000;8.42928;8.42299;8.42229;0.00000;8.41798;8.41607;0.00000;8.41011;8.31873;0.00000;8.30709;8.29812;0.00000;8.28319;0.00000;8.23560;0.32778;0.21768;0.17493;0.00000;0.00000;0.00000;0.00000;7.71255;7.67035;0.00000;7.32790;7.12683;6.72679;6.41734;6.15554;0.00000;5.93818;5.63402;5.62267;5.45969;0.00000;5.36120;0.00000;4.91966;3.44883;2.90618;2.45847;2.20663;1.81414;1.55435;0.00000;1.44607;0.00000;1.34973;0.00000;1.28904;0.00000;1.16535;0.05935;0.00000;0.01062;0.00000;0.00000;1.09239;0.00000;1.01323;0.91080;0.72790;0.24173;0.00000;0.04763;0.00000;0.00000;0.00000;0.00000;0.07095;0.00000;0.00000;0.00000;0.29722;0.00000;0.06503;0.00000;0.00000;0.00000;0.21903;0.00000;0.10482;0.00000;0.07716;0.05997;0.03889;0.00000;0.00000;0.00000;0.00000;0.00000;1.44436;1.42521;1.20132;0.93773;0.90993;0.05812;0.02865;0.00000;0.73689;0.14847;0.00000;0.00000;0.00000;0.00000;0.00000;0.00000;0.00000;0.00000;0.25815;0.00000;0.00000;0.00000;0.00000;0.00000;0.08484;0.08417;0.00000;0.00000;0.00000;0.00000;0.00000;0.00000;0.00000;0.00000;0.00000;0.00000;0.00000;0.00000;0.00000;0.00000;0.00000;0.00000;0.00000;0.00000;0.00000;0.00000;0.00000
2020-04-18 00:00;8.63634;8.63620;0.00000;8.62741;0.02130;0.00000;0.00000;8.58269;0.00000;8.57695;0.00000;8.56509;0.00000;8.54036;0.00000;8.53727;8.53054;0.00000;8.51069;8.47439;0.00000;8.46659;0.00712;0.00000;0.00000;8.45693;0.00000;8.44970;8.43876;0.00000;8.41010;0.00000;8.39915;0.00000;8.38979;0.00000;8.37556;8.33455;8.32237;8.08050;8.04605;8.00503;7.98207;0.00000;7.91118;7.90584;0.00000;7.89424;7.88794;7.87732;7.86662;7.86529;7.85665;0.00000;7.85415;0.00000;7.85201;7.84676;7.84614;0.00000;7.84249;7.84092;0.00000;7.83586;7.75824;0.00000;7.74788;7.73984;0.00000;7.72706;0.00000;7.68207;0.28423;0.18284;0.14347;0.00000;0.00000;0.00000;0.00000;7.22171;7.18348;0.00000;6.87348;6.69380;6.33265;6.05361;5.80948;0.00000;5.61032;5.32595;5.31625;5.16612;0.00000;5.07487;0.00000;4.67390;3.21746;2.74213;2.34413;2.10241;1.74037;1.48844;0.00000;1.38647;0.00000;1.29464;0.00000;1.23517;0.00000;1.11536;0.05777;0.00000;0.00981;0.00000;0.00000;1.04423;0.00000;0.97783;0.87961;0.70787;0.22559;0.00000;0.04447;0.00000;0.00000;0.00000;0.00000;0.06856;0.00000;0.00000;0.00000;0.29322;0.00000;0.06362;0.00000;0.00000;0.00000;0.20375;0.00000;0.08811;0.00000;0.06274;0.04727;0.03490;0.00000;0.00000;0.00000;0.00000;0.00000;1.43476;1.41530;1.19424;0.92621;0.89895;0.05646;0.02832;0.00000;0.71736;0.14518;0.00000;0.00000;0.00000;0.00000;0.00000;0.00000;0.00000;0.00000;0.23570;0.00000;0.00000;0.00000;0.00000;0.00000;0.07216;0.07170;0.00000;0.00000;0.00000;0.00000;0.00000;0.00000;0.00000;0.00000;0.00000;0.00000;0.00000;0.00000;0.00000;0.00000;0.00000;0.00000;0.00000;0.00000;0.00000;0.00000;0.00000
2020-04-19 00:00;8.20535;8.20529;0.00000;8.19783;0.02211;0.00000;0.00000;8.15736;0.00000;8.15266;0.00000;8.14292;0.00000;8.12198;0.00000;8.11920;8.11450;0.00000;8.09821;8.06623;0.00000;8.05971;0.00663;0.00000;0.00000;8.05160;0.00000;8.04509;8.03572;0.00000;8.00988;0.00000;8.00055;0.00000;7.99276;0.00000;7.97969;7.94311;7.93224;7.70365;7.67665;7.63689;7.61916;0.00000;7.56022;7.55718;0.00000;7.54748;7.54379;7.53572;7.52595;7.52424;7.51689;0.00000;7.51527;0.00000;7.51401;7.51076;7.51033;0.00000;7.50796;7.50677;0.00000;7.50301;7.43072;0.00000;7.42358;7.41812;0.00000;7.40615;0.00000;7.36814;0.27051;0.17382;0.13398;0.00000;0.00000;0.00000;0.00000;6.94739;6.91447;0.00000;6.63462;6.47670;6.14602;5.89639;5.66354;0.00000;5.48199;5.20059;5.19082;5.01846;0.00000;4.92589;0.00000;4.55526;3.08114;2.67140;2.29845;2.06620;1.71376;1.46791;0.00000;1.36667;0.00000;1.27759;0.00000;1.21850;0.00000;1.09993;0.05782;0.00000;0.01003;0.00000;0.00000;1.02901;0.00000;0.96379;0.86580;0.69149;0.21558;0.00000;0.05060;0.00000;0.00000;0.00000;0.00000;0.06754;0.00000;0.00000;0.00000;0.28651;0.00000;0.06370;0.00000;0.00000;0.00000;0.19723;0.00000;0.08528;0.00000;0.06044;0.04522;0.03334;0.00000;0.00000;0.00000;0.00000;0.00000;1.42954;1.39731;1.17777;0.90644;0.87974;0.05530;0.02796;0.00000;0.70244;0.14341;0.00000;0.00000;0.00000;0.00000;0.00000;0.00000;0.00000;0.00000;0.21967;0.00000;0.00000;0.00000;0.00000;0.00000;0.06864;0.06813;0.00000;0.00000;0.00000;0.00000;0.00000;0.00000;0.00000;0.00000;0.00000;0.00000;0.00000;0.00000;0.00000;0.00000;0.00000;0.00000;0.00000;0.00000;0.00000;0.00000;0.00000
2020-04-20 00:00;8.41032;8.41037;0.00000;8.40207;0.03745;0.00000;0.00000;8.34680;0.00000;8.34266;0.00000;8.33414;0.00000;8.31550;0.00000;8.31286;8.30986;0.00000;8.29615;8.26571;0.00000;8.26008;0.00684;0.00000;0.00000;8.25266;0.00000;8.24571;8.23149;0.00000;8.20450;0.00000;8.19592;0.00000;8.18949;0.00000;8.17683;8.14232;8.13182;7.90054;7.88000;7.82763;7.81363;0.00000;7.74940;7.74888;0.00000;7.73342;7.73237;7.71583;7.68397;7.67870;7.66871;0.00000;7.66738;0.00000;7.66717;7.66553;7.66528;0.00000;7.66388;7.66232;0.00000;7.65853;7.57376;0.00000;7.56864;7.56513;0.00000;7.54966;0.00000;7.51514;0.28002;0.17862;0.13122;0.00000;0.00000;0.00000;0.00000;7.09386;7.06228;0.00000;6.78867;6.63080;6.30422;6.06049;5.82780;0.00000;5.64936;5.35358;5.34184;5.06936;0.00000;4.95357;0.00000;4.58153;3.10255;2.67672;2.31058;2.08001;1.72628;1.48376;0.00000;1.38120;0.00000;1.29267;0.00000;1.23346;0.00000;1.11566;0.05820;0.00000;0.01071;0.00000;0.00000;1.04458;0.00000;0.97781;0.87963;0.70425;0.22114;0.00000;0.06305;0.00000;0.00000;0.00000;0.00000;0.06707;0.00000;0.00000;0.00000;0.28728;0.00000;0.06332;0.00000;0.00000;0.00000;0.18884;0.00000;0.08693;0.00000;0.06195;0.04617;0.03383;0.00000;0.00000;0.00000;0.00000;0.00000;1.41948;1.37053;1.15783;0.89560;0.86945;0.05481;0.02761;0.00000;0.69365;0.14282;0.00000;0.00000;0.00000;0.00000;0.00000;0.00000;0.00000;0.00000;0.21805;0.00000;0.00000;0.00000;0.00000;0.00000;0.08195;0.08092;0.00000;0.00000;0.00000;0.00000;0.00000;0.00000;0.00000;0.00000;0.00000;0.00000;0.00000;0.00000;0.00000;0.00000;0.00000;0.00000;0.00000;0.00000;0.00000;0.00000;0.00000
2020-04-21 00:00;10.14711;10.14745;0.00000;10.14142;0.04477;0.00000;0.00000;10.09540;0.00000;10.09388;0.00000;10.08823;0.00000;10.07501;0.00000;10.07254;10.07602;0.00000;10.07104;10.04537;0.00000;10.04252;0.00695;0.00000;0.00000;10.03907;0.00000;10.03388;10.03045;0.00000;10.01107;0.00000;10.00631;0.00000;10.00355;0.00000;9.99104;9.96968;9.96086;9.73100;9.73101;9.54501;9.54440;0.00000;9.15188;9.13994;0.00000;9.00627;8.99721;8.95234;8.90961;8.86836;8.79093;0.00000;8.78691;0.00000;8.78181;8.77061;8.75846;0.00000;8.75060;8.74312;0.00000;8.72976;8.47779;0.00000;8.43327;8.41224;0.00000;8.33745;0.00000;8.23761;0.35695;0.24398;0.13277;0.00000;0.00000;0.00000;0.00000;7.74213;7.71046;0.00000;7.42849;7.26580;6.91861;6.66690;6.42148;0.00000;6.23904;5.91933;5.89693;5.47532;0.00000;5.30293;0.00000;4.90664;3.40242;2.91000;2.52650;2.29382;1.93028;1.68695;0.00000;1.57155;0.00000;1.47752;0.00000;1.41315;0.00000;1.29241;0.07189;0.00000;0.01926;0.00000;0.00000;1.20873;0.00000;1.12065;1.00638;0.77836;0.23985;0.00000;0.08695;0.00000;0.00000;0.00000;0.00000;0.06993;0.00000;0.00000;0.00000;0.29059;0.00000;0.07004;0.00000;0.00000;0.00000;0.18843;0.00000;0.09706;0.00000;0.07034;0.05235;0.03770;0.00000;0.00000;0.00000;0.00000;0.00000;1.41431;1.35207;1.14048;0.89349;0.86783;0.05528;0.02731;0.00000;0.69315;0.14438;0.00000;0.00000;0.00000;0.00000;0.00000;0.00000;0.00000;0.00000;0.23165;0.00000;0.00000;0.00000;0.00000;0.00000;0.24556;0.23537;0.00000;0.00000;0.00000;0.00000;0.00000;0.00000;0.00000;0.00000;0.00000;0.00000;0.00000;0.00000;0.00000;0.00000;0.00000;0.00000;0.00000;0.00000;0.00000;0.00000;0.00000
2020-04-22 00:00;10.16331;10.16316;0.00000;10.15416;0.02968;0.00000;0.00000;10.09826;0.00000;10.09261;0.00000;10.08170;0.00000;10.05975;0.00000;10.05692;10.05016;0.00000;10.03132;9.99774;0.00000;9.99038;0.00655;0.00000;0.00000;9.98110;0.00000;9.97379;9.95824;0.00000;9.92932;0.00000;9.91898;0.00000;9.91038;0.00000;9.89737;9.85705;9.84644;9.61094;9.57806;9.34995;9.32762;0.00000;8.74028;8.72541;0.00000;8.59152;8.57575;8.53379;8.49945;8.48157;8.40598;0.00000;8.40051;0.00000;8.39531;8.38279;8.37839;0.00000;8.37084;8.36684;0.00000;8.35499;8.14546;0.00000;8.11067;8.09003;0.00000;8.03344;0.00000;7.93091;0.30083;0.19591;0.13141;0.00000;0.00000;0.00000;0.00000;7.46155;7.42618;0.00000;7.12731;6.95193;6.60838;6.34060;6.09780;0.00000;5.90926;5.60295;5.58861;5.28945;0.00000;5.15413;0.00000;4.75510;3.31853;2.85575;2.45703;2.22035;1.85512;1.61184;0.00000;1.50006;0.00000;1.40587;0.00000;1.34388;0.00000;1.22383;0.07089;0.00000;0.01486;0.00000;0.00000;1.14217;0.00000;1.05986;0.95134;0.73735;0.22614;0.00000;0.06202;0.00000;0.00000;0.00000;0.00000;0.06887;0.00000;0.00000;0.00000;0.28967;0.00000;0.06546;0.00000;0.00000;0.00000;0.19105;0.00000;0.09434;0.00000;0.06811;0.05119;0.03709;0.00000;0.00000;0.00000;0.00000;0.00000;1.38856;1.33781;1.12861;0.88645;0.86122;0.05413;0.02703;0.00000;0.68801;0.14352;0.00000;0.00000;0.00000;0.00000;0.00000;0.00000;0.00000;0.00000;0.22776;0.00000;0.00000;0.00000;0.00000;0.00000;0.19919;0.19596;0.00000;0.00000;0.00000;0.00000;0.00000;0.00000;0.00000;0.00000;0.00000;0.00000;0.00000;0.00000;0.00000;0.00000;0.00000;0.00000;0.00000;0.00000;0.00000;0.00000;0.00000
2020-04-23 00:00;8.59833;8.59803;0.00000;8.58864;0.02146;0.00000;0.00000;8.53390;0.00000;8.52698;0.00000;8.51506;0.00000;8.49141;0.00000;8.48858;8.47853;0.00000;8.45595;8.42172;0.00000;8.41315;0.00619;0.00000;0.00000;8.40212;0.00000;8.39419;8.37393;0.00000;8.34233;0.00000;8.33041;0.00000;8.32009;0.00000;8.30760;8.26158;8.25085;8.02717;7.98454;7.90675;7.87929;0.00000;7.70209;7.69188;0.00000;7.65698;7.64611;7.62564;7.60351;7.59983;7.57945;0.00000;7.57542;0.00000;7.57216;7.56385;7.56281;0.00000;7.55723;7.55469;0.00000;7.54707;7.44908;0.00000;7.43484;7.42423;0.00000;7.40625;0.00000;7.35173;0.26425;0.16755;0.12669;0.00000;0.00000;0.00000;0.00000;6.92869;6.89544;0.00000;6.61457;6.44790;6.12205;5.86633;5.63602;0.00000;5.45375;5.17079;5.16038;4.98369;0.00000;4.88443;0.00000;4.50676;3.11665;2.69128;2.31558;2.08384;1.72620;1.48710;0.00000;1.38353;0.00000;1.29356;0.00000;1.23476;0.00000;1.11807;0.06018;0.00000;0.01138;0.00000;0.00000;1.04508;0.00000;0.97085;0.87059;0.68197;0.21352;0.00000;0.04565;0.00000;0.00000;0.00000;0.00000;0.06646;0.00000;0.00000;0.00000;0.28773;0.00000;0.06262;0.00000;0.00000;0.00000;0.18417;0.00000;0.08827;0.00000;0.06325;0.04752;0.03465;0.00000;0.00000;0.00000;0.00000;0.00000;1.35579;1.32113;1.11436;0.86719;0.84247;0.05188;0.02673;0.00000;0.67109;0.14137;0.00000;0.00000;0.00000;0.00000;0.00000;0.00000;0.00000;0.00000;0.21636;0.00000;0.00000;0.00000;0.00000;0.00000;0.08962;0.08855;0.00000;0.00000;0.00000;0.00000;0.00000;0.00000;0.00000;0.00000;0.00000;0.00000;0.00000;0.00000;0.00000;0.00000;0.00000;0.00000;0.00000;0.00000;0.00000;0.00000;0.00000
2020-04-24 00:00;7.72304;7.72291;0.00000;7.71648;0.01628;0.00000;0.00000;7.68106;0.00000;7.67639;0.00000;7.66771;0.00000;7.64904;0.00000;7.64655;7.64093;0.00000;7.62507;7.59694;0.00000;7.59069;0.00568;0.00000;0.00000;7.58281;0.00000;7.57683;7.56721;0.00000;7.54334;0.00000;7.53456;0.00000;7.52698;0.00000;7.51567;7.47972;7.47091;7.26929;7.24141;7.20188;7.18368;0.00000;7.09073;7.08554;0.00000;7.07323;7.06724;7.05675;7.04639;7.04488;7.03661;0.00000;7.03425;0.00000;7.03220;7.02718;7.02657;0.00000;7.02304;7.02149;0.00000;7.01658;6.94672;0.00000;6.93664;6.92877;0.00000;6.91740;0.00000;6.87543;0.24758;0.15787;0.12168;0.00000;0.00000;0.00000;0.00000;6.48364;6.45328;0.00000;6.19305;6.04086;5.73469;5.49611;5.27852;0.00000;5.10783;4.84706;4.83880;4.70867;0.00000;4.62565;0.00000;4.27361;2.92378;2.54592;2.20457;1.98156;1.63239;1.40027;0.00000;1.30341;0.00000;1.21826;0.00000;1.16108;0.00000;1.04851;0.05727;0.00000;0.00970;0.00000;0.00000;0.97872;0.00000;0.91339;0.81855;0.64731;0.19933;0.00000;0.04254;0.00000;0.00000;0.00000;0.00000;0.06415;0.00000;0.00000;0.00000;0.28482;0.00000;0.06095;0.00000;0.00000;0.00000;0.16819;0.00000;0.08075;0.00000;0.05708;0.04291;0.03153;0.00000;0.00000;0.00000;0.00000;0.00000;1.32798;1.29824;1.09429;0.84695;0.82280;0.05008;0.02640;0.00000;0.65327;0.13851;0.00000;0.00000;0.00000;0.00000;0.00000;0.00000;0.00000;0.00000;0.20379;0.00000;0.00000;0.00000;0.00000;0.00000;0.06458;0.06402;0.00000;0.00000;0.00000;0.00000;0.00000;0.00000;0.00000;0.00000;0.00000;0.00000;0.00000;0.00000;0.00000;0.00000;0.00000;0.00000;0.00000;0.00000;0.00000;0.00000;0.00000
2020-04-25 00:00;7.17677;7.17666;0.00000;7.17124;0.01357;0.00000;0.00000;7.14189;0.00000;7.13786;0.00000;7.13068;0.00000;7.11451;0.00000;7.11229;7.10761;0.00000;7.09382;7.06883;0.00000;7.06337;0.00510;0.00000;0.00000;7.05650;0.00000;7.05124;7.04352;0.00000;7.02227;0.00000;7.01460;0.00000;7.00798;0.00000;6.99777;6.96460;6.95698;6.77076;6.74695;6.71470;6.69911;0.00000;6.64385;6.63950;0.00000;6.62993;6.62477;6.61633;6.60797;6.60682;6.60018;0.00000;6.59807;0.00000;6.59623;6.59175;6.59120;0.00000;6.58802;6.58666;0.00000;6.58225;6.52278;0.00000;6.51358;6.50643;0.00000;6.49604;0.00000;6.45671;0.23279;0.14922;0.11546;0.00000;0.00000;0.00000;0.00000;6.09633;6.06931;0.00000;5.83029;5.69314;5.41034;5.19179;4.98856;0.00000;4.83202;4.58910;4.58197;4.47109;0.00000;4.39887;0.00000;4.07175;2.75496;2.41819;2.10681;1.89303;1.55132;1.32648;0.00000;1.23684;0.00000;1.15641;0.00000;1.10056;0.00000;0.99255;0.05520;0.00000;0.00861;0.00000;0.00000;0.92511;0.00000;0.86532;0.77114;0.61356;0.18818;0.00000;0.04024;0.00000;0.00000;0.00000;0.00000;0.06178;0.00000;0.00000;0.00000;0.28230;0.00000;0.05948;0.00000;0.00000;0.00000;0.15703;0.00000;0.07328;0.00000;0.05102;0.03825;0.02824;0.00000;0.00000;0.00000;0.00000;0.00000;1.29884;1.26893;1.06789;0.82665;0.80311;0.04830;0.02602;0.00000;0.63558;0.13457;0.00000;0.00000;0.00000;0.00000;0.00000;0.00000;0.00000;0.00000;0.18967;0.00000;0.00000;0.00000;0.00000;0.00000;0.05477;0.05432;0.00000;0.00000;0.00000;0.00000;0.00000;0.00000;0.00000;0.00000;0.00000;0.00000;0.00000;0.00000;0.00000;0.00000;0.00000;0.00000;0.00000;0.00000;0.00000;0.00000;0.00000
2020-04-26 00:00;6.71305;6.71296;0.00000;6.70825;0.01206;0.00000;0.00000;6.68206;0.00000;6.67846;0.00000;6.67213;0.00000;6.65818;0.00000;6.65622;6.65201;0.00000;6.63977;6.61768;0.00000;6.61283;0.00453;0.00000;0.00000;6.60668;0.00000;6.60194;6.59488;0.00000;6.57553;0.00000;6.56874;0.00000;6.56288;0.00000;6.55380;6.52247;6.51608;6.34326;6.32220;6.29338;6.27956;0.00000;6.23069;6.22642;0.00000;6.21756;6.21250;6.20423;6.19598;6.19493;6.18872;0.00000;6.18663;0.00000;6.18482;6.18042;6.17989;0.00000;6.17682;6.17549;0.00000;6.17122;6.11901;0.00000;6.11017;6.10329;0.00000;6.09354;0.00000;6.05565;0.21765;0.13996;0.10836;0.00000;0.00000;0.00000;0.00000;5.72830;5.70404;0.00000;5.48679;5.36452;5.10819;4.91243;4.72419;0.00000;4.58130;4.35332;4.34719;4.24902;0.00000;4.18607;0.00000;3.88220;2.60213;2.30175;2.01868;1.81441;1.47767;1.26063;0.00000;1.17723;0.00000;1.10162;0.00000;1.04718;0.00000;0.94345;0.05346;0.00000;0.00783;0.00000;0.00000;0.87803;0.00000;0.82190;0.73137;0.58461;0.18366;0.00000;0.03774;0.00000;0.00000;0.00000;0.00000;0.05930;0.00000;0.00000;0.00000;0.28195;0.00000;0.05784;0.00000;0.00000;0.00000;0.14901;0.00000;0.06929;0.00000;0.04838;0.03695;0.02761;0.00000;0.00000;0.00000;0.00000;0.00000;1.26372;1.22835;1.03502;0.80583;0.78293;0.04619;0.02560;0.00000;0.61761;0.13032;0.00000;0.00000;0.00000;0.00000;0.00000;0.00000;0.00000;0.00000;0.17520;0.00000;0.00000;0.00000;0.00000;0.00000;0.04760;0.04721;0.00000;0.00000;0.00000;0.00000;0.00000;0.00000;0.00000;0.00000;0.00000;0.00000;0.00000;0.00000;0.00000;0.00000;0.00000;0.00000;0.00000;0.00000;0.00000;0.00000;0.00000
2020-04-27 00:00;6.30045;6.30036;0.00000;6.29630;0.01104;0.00000;0.00000;6.27274;0.00000;6.26950;0.00000;6.26369;0.00000;6.25134;0.00000;6.24957;6.24586;0.00000;6.23496;6.21522;0.00000;6.21086;0.00411;0.00000;0.00000;6.20533;0.00000;6.20102;6.19474;0.00000;6.17708;0.00000;6.17103;0.00000;6.16575;0.00000;6.15755;6.12798;6.12269;5.96243;5.94375;5.91734;5.90507;0.00000;5.85994;5.85618;0.00000;5.84823;5.84378;5.83647;5.82922;5.82827;5.82258;0.00000;5.82074;0.00000;5.81915;5.81527;5.81480;0.00000;5.81208;5.81090;0.00000;5.80708;5.76085;0.00000;5.75298;5.74689;0.00000;5.73769;0.00000;5.70266;0.20586;0.13328;0.10335;0.00000;0.00000;0.00000;0.00000;5.39609;5.37450;0.00000;5.17856;5.06972;4.83531;4.65818;4.48233;0.00000;4.35223;4.13787;4.13246;4.04456;0.00000;3.98864;0.00000;3.70424;2.46613;2.19534;1.93645;1.74123;1.40870;1.19929;0.00000;1.12123;0.00000;1.05018;0.00000;0.99708;0.00000;0.89716;0.05188;0.00000;0.00714;0.00000;0.00000;0.83361;0.00000;0.78082;0.69435;0.55610;0.17941;0.00000;0.03550;0.00000;0.00000;0.00000;0.00000;0.05698;0.00000;0.00000;0.00000;0.28162;0.00000;0.05632;0.00000;0.00000;0.00000;0.14173;0.00000;0.06601;0.00000;0.04628;0.03589;0.02705;0.00000;0.00000;0.00000;0.00000;0.00000;1.22309;1.18936;1.00129;0.78447;0.76225;0.04380;0.02515;0.00000;0.59934;0.12633;0.00000;0.00000;0.00000;0.00000;0.00000;0.00000;0.00000;0.00000;0.16152;0.00000;0.00000;0.00000;0.00000;0.00000;0.04217;0.04181;0.00000;0.00000;0.00000;0.00000;0.00000;0.00000;0.00000;0.00000;0.00000;0.00000;0.00000;0.00000;0.00000;0.00000;0.00000;0.00000;0.00000;0.00000;0.00000;0.00000;0.00000
2020-04-28 00:00;5.96747;5.96741;0.00000;5.96387;0.01003;0.00000;0.00000;5.94311;0.00000;5.94027;0.00000;5.93504;0.00000;5.92412;0.00000;5.92253;5.91934;0.00000;5.90980;5.89215;0.00000;5.88829;0.00374;0.00000;0.00000;5.88339;0.00000;5.87951;5.87422;0.00000;5.85822;0.00000;5.85287;0.00000;5.84823;0.00000;5.84078;5.81310;5.80855;5.65988;5.64370;5.61920;5.60856;0.00000;5.56653;5.56352;0.00000;5.55664;5.55307;5.54718;5.54138;5.54053;5.53545;0.00000;5.53397;0.00000;5.53267;5.52955;5.52914;0.00000;5.52692;5.52595;0.00000;5.52274;5.48117;0.00000;5.47463;5.46951;0.00000;5.46079;0.00000;5.42899;0.19638;0.12729;0.09860;0.00000;0.00000;0.00000;0.00000;5.14226;5.12098;0.00000;4.94104;4.84175;4.62027;4.45138;4.28548;0.00000;4.16276;3.95780;3.95283;3.87209;0.00000;3.82066;0.00000;3.55122;2.35188;2.10039;1.85723;1.66967;1.33982;1.13753;0.00000;1.06388;0.00000;0.99685;0.00000;0.94505;0.00000;0.84860;0.05037;0.00000;0.00653;0.00000;0.00000;0.78686;0.00000;0.73713;0.65430;0.52277;0.16998;0.00000;0.03350;0.00000;0.00000;0.00000;0.00000;0.05481;0.00000;0.00000;0.00000;0.28130;0.00000;0.05487;0.00000;0.00000;0.00000;0.13559;0.00000;0.06352;0.00000;0.04473;0.03509;0.02660;0.00000;0.00000;0.00000;0.00000;0.00000;1.18534;1.15152;0.96649;0.75978;0.73828;0.04150;0.02467;0.00000;0.58092;0.12255;0.00000;0.00000;0.00000;0.00000;0.00000;0.00000;0.00000;0.00000;0.15317;0.00000;0.00000;0.00000;0.00000;0.00000;0.03826;0.03793;0.00000;0.00000;0.00000;0.00000;0.00000;0.00000;0.00000;0.00000;0.00000;0.00000;0.00000;0.00000;0.00000;0.00000;0.00000;0.00000;0.00000;0.00000;0.00000;0.00000;0.00000
2020-04-29 00:00;5.66327;5.66320;0.00000;5.65999;0.00900;0.00000;0.00000;5.64076;0.00000;5.63817;0.00000;5.63353;0.00000;5.62393;0.00000;5.62253;5.61950;0.00000;5.61090;5.59519;0.00000;5.59170;0.00326;0.00000;0.00000;5.58725;0.00000;5.58374;5.57865;0.00000;5.56393;0.00000;5.55914;0.00000;5.55496;0.00000;5.54842;5.52189;5.51796;5.38148;5.36673;5.34419;5.33442;0.00000;5.29465;5.29155;0.00000;5.28468;5.28099;5.27494;5.26895;5.26811;5.26307;0.00000;5.26155;0.00000;5.26022;5.25700;5.25659;0.00000;5.25431;5.25333;0.00000;5.25007;5.21179;0.00000;5.20511;5.19994;0.00000;5.19147;0.00000;5.16037;0.18624;0.12144;0.09379;0.00000;0.00000;0.00000;0.00000;4.88450;4.86561;0.00000;4.69806;4.60677;4.39810;4.24007;4.08323;0.00000;3.97067;3.77674;3.77201;3.69819;0.00000;3.65164;0.00000;3.39806;2.23966;2.00888;1.77729;1.59686;1.27037;1.07588;0.00000;1.00690;0.00000;0.94441;0.00000;0.89402;0.00000;0.80124;0.04869;0.00000;0.00581;0.00000;0.00000;0.74149;0.00000;0.69507;0.61614;0.49261;0.16588;0.00000;0.03113;0.00000;0.00000;0.00000;0.00000;0.05247;0.00000;0.00000;0.00000;0.28093;0.00000;0.05325;0.00000;0.00000;0.00000;0.12870;0.00000;0.06080;0.00000;0.04292;0.03415;0.02605;0.00000;0.00000;0.00000;0.00000;0.00000;1.14539;1.10977;0.92919;0.73663;0.71587;0.03942;0.02416;0.00000;0.56228;0.11859;0.00000;0.00000;0.00000;0.00000;0.00000;0.00000;0.00000;0.00000;0.14348;0.00000;0.00000;0.00000;0.00000;0.00000;0.03490;0.03458;0.00000;0.00000;0.00000;0.00000;0.00000;0.00000;0.00000;0.00000;0.00000;0.00000;0.00000;0.00000;0.00000;0.00000;0.00000;0.00000;0.00000;0.00000;0.00000;0.00000;0.00000
2020-04-30 00:00;5.49529;5.49525;0.00000;5.49064;0.01957;0.00000;0.00000;5.45797;0.00000;5.45537;0.00000;5.45074;0.00000;5.44190;0.00000;5.44064;5.43770;0.00000;5.43008;5.41478;0.00000;5.41158;0.00304;0.00000;0.00000;5.40729;0.00000;5.40330;5.39235;0.00000;5.37577;0.00000;5.37106;0.00000;5.36741;0.00000;5.36146;5.33442;5.33057;5.19878;5.18508;5.15644;5.14713;0.00000;5.10092;5.09720;0.00000;5.08411;5.07932;5.06727;5.04991;5.04699;5.03924;0.00000;5.03717;0.00000;5.03572;5.03175;5.03119;0.00000;5.02835;5.02679;0.00000;5.02227;4.98130;0.00000;4.97266;4.96676;0.00000;4.95553;0.00000;4.92153;0.18299;0.12059;0.09002;0.00000;0.00000;0.00000;0.00000;4.65432;4.63530;0.00000;4.47852;4.39398;4.19507;4.04606;3.89842;0.00000;3.79223;3.60143;3.59697;3.52765;0.00000;3.48342;0.00000;3.24540;2.12222;1.90279;1.68427;1.51176;1.18725;1.00196;0.00000;0.93871;0.00000;0.88167;0.00000;0.83275;0.00000;0.74430;0.04684;0.00000;0.00501;0.00000;0.00000;0.68674;0.00000;0.64400;0.56923;0.45370;0.15785;0.00000;0.02862;0.00000;0.00000;0.00000;0.00000;0.04981;0.00000;0.00000;0.00000;0.28048;0.00000;0.05158;0.00000;0.00000;0.00000;0.12117;0.00000;0.05820;0.00000;0.04120;0.03330;0.02552;0.00000;0.00000;0.00000;0.00000;0.00000;1.10407;1.06313;0.88796;0.71147;0.69149;0.03720;0.02363;0.00000;0.54382;0.11451;0.00000;0.00000;0.00000;0.00000;0.00000;0.00000;0.00000;0.00000;0.13763;0.00000;0.00000;0.00000;0.00000;0.00000;0.03648;0.03586;0.00000;0.00000;0.00000;0.00000;0.00000;0.00000;0.00000;0.00000;0.00000;0.00000;0.00000;0.00000;0.00000;0.00000;0.00000;0.00000;0.00000;0.00000;0.00000;0.00000;0.00000
2020-05-01 00:00;6.14108;6.14129;0.00000;6.13595;0.05432;0.00000;0.00000;6.06678;0.00000;6.06488;0.00000;6.05997;0.00000;6.05261;0.00000;6.05140;6.05168;0.00000;6.04868;6.03246;0.00000;6.03028;0.00367;0.00000;0.00000;6.02726;0.00000;6.02191;5.99860;0.00000;5.97706;0.00000;5.97311;0.00000;5.97165;0.00000;5.96511;5.94044;5.93484;5.77291;5.76969;5.70824;5.70539;0.00000;5.64039;5.64266;0.00000;5.61887;5.62025;5.60117;5.55007;5.54141;5.53017;0.00000;5.53021;0.00000;5.53175;5.53355;5.53359;0.00000;5.53438;5.53305;0.00000;5.53089;5.46380;0.00000;5.46370;5.46469;0.00000;5.44702;0.00000;5.42804;0.20285;0.13520;0.09014;0.00000;0.00000;0.00000;0.00000;5.14286;5.12381;0.00000;4.96436;4.87949;4.66326;4.51396;4.34653;0.00000;4.23999;3.97236;3.96501;3.88025;0.00000;3.80964;0.00000;3.56250;2.33318;1.98336;1.74357;1.57412;1.24343;1.06281;0.00000;0.99125;0.00000;0.93453;0.00000;0.88468;0.00000;0.79543;0.04891;0.00000;0.00666;0.00000;0.00000;0.73612;0.00000;0.69122;0.61419;0.47935;0.17727;0.00000;0.04534;0.00000;0.00000;0.00000;0.00000;0.05021;0.00000;0.00000;0.00000;0.28070;0.00000;0.05427;0.00000;0.00000;0.00000;0.12780;0.00000;0.06629;0.00000;0.04717;0.03595;0.02591;0.00000;0.00000;0.00000;0.00000;0.00000;1.11171;1.02836;0.85488;0.71570;0.69653;0.03936;0.02309;0.00000;0.55126;0.11406;0.00000;0.00000;0.00000;0.00000;0.00000;0.00000;0.00000;0.00000;0.15047;0.00000;0.00000;0.00000;0.00000;0.00000;0.06705;0.06564;0.00000;0.00000;0.00000;0.00000;0.00000;0.00000;0.00000;0.00000;0.00000;0.00000;0.00000;0.00000;0.00000;0.00000;0.00000;0.00000;0.00000;0.00000;0.00000;0.00000;0.00000
2020-05-02 00:00;6.12062;6.12049;0.00000;6.11515;0.02471;0.00000;0.00000;6.06983;0.00000;6.06631;0.00000;6.05820;0.00000;6.04602;0.00000;6.04450;6.03976;0.00000;6.02898;6.01033;0.00000;6.00597;0.00345;0.00000;0.00000;6.00049;0.00000;5.99609;5.98356;0.00000;5.96440;0.00000;5.95849;0.00000;5.95361;0.00000;5.94675;5.91636;5.90999;5.74791;5.72767;5.67042;5.65689;0.00000;5.57877;5.57255;0.00000;5.54396;5.53677;5.51595;5.49426;5.49020;5.47539;0.00000;5.47306;0.00000;5.47128;5.46613;5.46555;0.00000;5.46219;5.46049;0.00000;5.45553;5.38871;0.00000;5.37916;5.37188;0.00000;5.35790;0.00000;5.31952;0.18541;0.12043;0.08742;0.00000;0.00000;0.00000;0.00000;5.03558;5.01521;0.00000;4.83887;4.73974;4.52546;4.35997;4.19204;0.00000;4.07910;3.84803;3.84202;3.75467;0.00000;3.68782;0.00000;3.42709;2.30684;2.00773;1.76004;1.58838;1.25761;1.07495;0.00000;1.00113;0.00000;0.94024;0.00000;0.89139;0.00000;0.80107;0.04840;0.00000;0.00670;0.00000;0.00000;0.74248;0.00000;0.69590;0.61697;0.47952;0.16986;0.00000;0.03919;0.00000;0.00000;0.00000;0.00000;0.05105;0.00000;0.00000;0.00000;0.28067;0.00000;0.05249;0.00000;0.00000;0.00000;0.12739;0.00000;0.06448;0.00000;0.04528;0.03499;0.02588;0.00000;0.00000;0.00000;0.00000;0.00000;1.08258;1.01768;0.84727;0.71895;0.70053;0.03987;0.02264;0.00000;0.55704;0.11398;0.00000;0.00000;0.00000;0.00000;0.00000;0.00000;0.00000;0.00000;0.14802;0.00000;0.00000;0.00000;0.00000;0.00000;0.06168;0.06107;0.00000;0.00000;0.00000;0.00000;0.00000;0.00000;0.00000;0.00000;0.00000;0.00000;0.00000;0.00000;0.00000;0.00000;0.00000;0.00000;0.00000;0.00000;0.00000;0.00000;0.00000
2020-05-03 00:00;5.52838;5.52824;0.00000;5.52428;0.01043;0.00000;0.00000;5.49838;0.00000;5.49523;0.00000;5.49004;0.00000;5.48021;0.00000;5.47889;5.47441;0.00000;5.46450;5.44882;0.00000;5.44501;0.00293;0.00000;0.00000;5.43995;0.00000;5.43608;5.42654;0.00000;5.41045;0.00000;5.40511;0.00000;5.40053;0.00000;5.39458;5.36597;5.36116;5.23351;5.21533;5.18419;5.17234;0.00000;5.12219;5.11671;0.00000;5.10337;5.09709;5.08564;5.07287;5.07104;5.06299;0.00000;5.06052;0.00000;5.05854;5.05351;5.05294;0.00000;5.04951;5.04794;0.00000;5.04316;4.99863;0.00000;4.98928;4.98218;0.00000;4.97264;0.00000;4.93858;0.16953;0.10969;0.08208;0.00000;0.00000;0.00000;0.00000;4.68194;4.66316;0.00000;4.50438;4.41572;4.21852;4.06707;3.91725;0.00000;3.81207;3.61620;3.61128;3.53534;0.00000;3.48580;0.00000;3.24199;2.17804;1.92237;1.69390;1.52933;1.20286;1.02538;0.00000;0.95705;0.00000;0.89895;0.00000;0.85169;0.00000;0.76436;0.04694;0.00000;0.00609;0.00000;0.00000;0.70749;0.00000;0.66262;0.58587;0.45650;0.16163;0.00000;0.03210;0.00000;0.00000;0.00000;0.00000;0.04969;0.00000;0.00000;0.00000;0.28029;0.00000;0.05150;0.00000;0.00000;0.00000;0.12024;0.00000;0.06013;0.00000;0.04248;0.03349;0.02516;0.00000;0.00000;0.00000;0.00000;0.00000;1.03989;1.00659;0.83928;0.69625;0.67860;0.03710;0.02218;0.00000;0.53736;0.10974;0.00000;0.00000;0.00000;0.00000;0.00000;0.00000;0.00000;0.00000;0.13555;0.00000;0.00000;0.00000;0.00000;0.00000;0.03926;0.03873;0.00000;0.00000;0.00000;0.00000;0.00000;0.00000;0.00000;0.00000;0.00000;0.00000;0.00000;0.00000;0.00000;0.00000;0.00000;0.00000;0.00000;0.00000;0.00000;0.00000;0.00000
2020-05-04 00:00;5.10367;5.10359;0.00000;5.10078;0.00890;0.00000;0.00000;5.08089;0.00000;5.07854;0.00000;5.07389;0.00000;5.06565;0.00000;5.06457;5.06147;0.00000;5.05401;5.04149;0.00000;5.03843;0.00249;0.00000;0.00000;5.03457;0.00000;5.03158;5.02539;0.00000;5.01249;0.00000;5.00838;0.00000;5.00482;0.00000;4.99977;4.97492;4.97224;4.86401;4.85057;4.82758;4.81870;0.00000;4.77853;4.77484;0.00000;4.76592;4.76157;4.75358;4.74545;4.74424;4.73837;0.00000;4.73659;0.00000;4.73511;4.73140;4.73095;0.00000;4.72837;4.72721;0.00000;4.72357;4.68889;0.00000;4.68151;4.67583;0.00000;4.66753;0.00000;4.63849;0.15856;0.10282;0.07732;0.00000;0.00000;0.00000;0.00000;4.40262;4.38549;0.00000;4.24230;4.16228;3.97820;3.83833;3.70015;0.00000;3.60348;3.42308;3.41870;3.35085;0.00000;3.30625;0.00000;3.07984;2.05063;1.82363;1.61125;1.45501;1.13209;0.96345;0.00000;0.90064;0.00000;0.84708;0.00000;0.80127;0.00000;0.71812;0.04517;0.00000;0.00528;0.00000;0.00000;0.66333;0.00000;0.62207;0.54893;0.42848;0.15754;0.00000;0.02934;0.00000;0.00000;0.00000;0.00000;0.04762;0.00000;0.00000;0.00000;0.27972;0.00000;0.04961;0.00000;0.00000;0.00000;0.11254;0.00000;0.05699;0.00000;0.04038;0.03246;0.02461;0.00000;0.00000;0.00000;0.00000;0.00000;1.01241;0.98324;0.81919;0.67355;0.65673;0.03438;0.02167;0.00000;0.51804;0.10540;0.00000;0.00000;0.00000;0.00000;0.00000;0.00000;0.00000;0.00000;0.12647;0.00000;0.00000;0.00000;0.00000;0.00000;0.03079;0.03040;0.00000;0.00000;0.00000;0.00000;0.00000;0.00000;0.00000;0.00000;0.00000;0.00000;0.00000;0.00000;0.00000;0.00000;0.00000;0.00000;0.00000;0.00000;0.00000;0.00000;0.00000
2020-05-05 00:00;4.81713;4.81707;0.00000;4.81465;0.00680;0.00000;0.00000;4.79937;0.00000;4.79743;0.00000;4.79417;0.00000;4.78754;0.00000;4.78656;4.78418;0.00000;4.77799;4.76741;0.00000;4.76494;0.00226;0.00000;0.00000;4.76169;0.00000;4.75916;4.75487;0.00000;4.74393;0.00000;4.74051;0.00000;4.73754;0.00000;4.73300;4.71050;4.70727;4.61374;4.60289;4.58327;4.57603;0.00000;4.54187;4.53931;0.00000;4.53269;4.52966;4.52446;4.51939;4.51853;4.51383;0.00000;4.51259;0.00000;4.51149;4.50885;4.50848;0.00000;4.50657;4.50572;0.00000;4.50298;4.47310;0.00000;4.46737;4.46293;0.00000;4.45538;0.00000;4.43072;0.15099;0.09770;0.07358;0.00000;0.00000;0.00000;0.00000;4.20880;4.19268;0.00000;4.05889;3.98295;3.80594;3.67199;3.54147;0.00000;3.44977;3.27926;3.27513;3.21079;0.00000;3.16897;0.00000;2.95185;1.95493;1.74065;1.53703;1.38758;1.07107;0.91008;0.00000;0.85099;0.00000;0.80108;0.00000;0.75661;0.00000;0.67673;0.04360;0.00000;0.00460;0.00000;0.00000;0.62383;0.00000;0.58576;0.51557;0.40129;0.15403;0.00000;0.02679;0.00000;0.00000;0.00000;0.00000;0.04591;0.00000;0.00000;0.00000;0.27488;0.00000;0.04802;0.00000;0.00000;0.00000;0.10679;0.00000;0.05514;0.00000;0.03923;0.03183;0.02419;0.00000;0.00000;0.00000;0.00000;0.00000;0.98289;0.95418;0.79338;0.64721;0.63127;0.03199;0.02114;0.00000;0.49850;0.10191;0.00000;0.00000;0.00000;0.00000;0.00000;0.00000;0.00000;0.00000;0.12151;0.00000;0.00000;0.00000;0.00000;0.00000;0.02705;0.02673;0.00000;0.00000;0.00000;0.00000;0.00000;0.00000;0.00000;0.00000;0.00000;0.00000;0.00000;0.00000;0.00000;0.00000;0.00000;0.00000;0.00000;0.00000;0.00000;0.00000;0.00000
2020-05-06 00:00;4.58195;4.58189;0.00000;4.57972;0.00623;0.00000;0.00000;4.56528;0.00000;4.56344;0.00000;4.55993;0.00000;4.55356;0.00000;4.55268;4.55033;0.00000;4.54458;4.53525;0.00000;4.53287;0.00202;0.00000;0.00000;4.52982;0.00000;4.52746;4.52335;0.00000;4.51318;0.00000;4.50999;0.00000;4.50722;0.00000;4.50314;4.48154;4.47935;4.39879;4.38848;4.37061;4.36367;0.00000;4.33204;4.32930;0.00000;4.32290;4.31964;4.31427;4.30897;4.30818;4.30362;0.00000;4.30228;0.00000;4.30110;4.29825;4.29787;0.00000;4.29583;4.29494;0.00000;4.29208;4.26405;0.00000;4.25799;4.25329;0.00000;4.24602;0.00000;4.22182;0.14309;0.09252;0.06927;0.00000;0.00000;0.00000;0.00000;4.01048;3.99498;0.00000;3.86874;3.79621;3.62714;3.49887;3.37592;0.00000;3.28895;3.12651;3.12260;3.06166;0.00000;3.02237;0.00000;2.81337;1.84851;1.64796;1.45417;1.31220;1.00410;0.85212;0.00000;0.79717;0.00000;0.75127;0.00000;0.70820;0.00000;0.63195;0.04188;0.00000;0.00385;0.00000;0.00000;0.58110;0.00000;0.54602;0.47900;0.37198;0.15046;0.00000;0.02406;0.00000;0.00000;0.00000;0.00000;0.04393;0.00000;0.00000;0.00000;0.26839;0.00000;0.04631;0.00000;0.00000;0.00000;0.10065;0.00000;0.05276;0.00000;0.03767;0.03101;0.02368;0.00000;0.00000;0.00000;0.00000;0.00000;0.95189;0.92279;0.76550;0.62407;0.60905;0.02949;0.02058;0.00000;0.47865;0.09787;0.00000;0.00000;0.00000;0.00000;0.00000;0.00000;0.00000;0.00000;0.11610;0.00000;0.00000;0.00000;0.00000;0.00000;0.02500;0.02470;0.00000;0.00000;0.00000;0.00000;0.00000;0.00000;0.00000;0.00000;0.00000;0.00000;0.00000;0.00000;0.00000;0.00000;0.00000;0.00000;0.00000;0.00000;0.00000;0.00000;0.00000
2020-05-07 00:00;4.33632;4.33625;0.00000;4.33409;0.00530;0.00000;0.00000;4.32075;0.00000;4.31904;0.00000;4.31632;0.00000;4.31083;0.00000;4.31006;4.30777;0.00000;4.30234;4.29464;0.00000;4.29254;0.00176;0.00000;0.00000;4.28975;0.00000;4.28761;4.28347;0.00000;4.27416;0.00000;4.27125;0.00000;4.26873;0.00000;4.26516;4.24457;4.24205;4.17911;4.16953;4.15337;4.14686;0.00000;4.11700;4.11423;0.00000;4.10804;4.10476;4.09935;4.09399;4.09323;4.08883;0.00000;4.08748;0.00000;4.08631;4.08346;4.08309;0.00000;4.08108;4.08021;0.00000;4.07740;4.05032;0.00000;4.04441;4.03988;0.00000;4.03307;0.00000;4.01048;0.13689;0.08924;0.06735;0.00000;0.00000;0.00000;0.00000;3.80489;3.78943;0.00000;3.66949;3.59779;3.43545;3.30994;3.19351;0.00000;3.11075;2.95535;2.95168;2.89574;0.00000;2.86003;0.00000;2.66100;1.72961;1.54307;1.35887;1.22550;0.92655;0.78415;0.00000;0.73444;0.00000;0.69366;0.00000;0.65221;0.00000;0.58077;0.03991;0.00000;0.00301;0.00000;0.00000;0.53226;0.00000;0.50016;0.43689;0.33874;0.14556;0.00000;0.02006;0.00000;0.00000;0.00000;0.00000;0.04175;0.00000;0.00000;0.00000;0.26135;0.00000;0.04446;0.00000;0.00000;0.00000;0.09532;0.00000;0.05011;0.00000;0.03597;0.03011;0.02310;0.00000;0.00000;0.00000;0.00000;0.00000;0.91901;0.88841;0.73497;0.59788;0.58385;0.02689;0.01999;0.00000;0.45819;0.09346;0.00000;0.00000;0.00000;0.00000;0.00000;0.00000;0.00000;0.00000;0.11043;0.00000;0.00000;0.00000;0.00000;0.00000;0.02410;0.02384;0.00000;0.00000;0.00000;0.00000;0.00000;0.00000;0.00000;0.00000;0.00000;0.00000;0.00000;0.00000;0.00000;0.00000;0.00000;0.00000;0.00000;0.00000;0.00000;0.00000;0.00000
2020-05-08 00:00;4.20792;4.20788;0.00000;4.20332;0.02098;0.00000;0.00000;4.16915;0.00000;4.16708;0.00000;4.16274;0.00000;4.15660;0.00000;4.15588;4.15322;0.00000;4.14780;4.13850;0.00000;4.13612;0.00178;0.00000;0.00000;4.13296;0.00000;4.12986;4.11728;0.00000;4.10432;0.00000;4.10088;0.00000;4.09846;0.00000;4.09501;4.07262;4.07006;4.01839;4.00803;3.98490;3.97753;0.00000;3.94340;3.93938;0.00000;3.92650;3.92130;3.90670;3.88583;3.88282;3.87575;0.00000;3.87344;0.00000;3.87198;3.86772;3.86727;0.00000;3.86434;3.86263;0.00000;3.85795;3.82515;0.00000;3.81668;3.81048;0.00000;3.80124;0.00000;3.77486;0.13283;0.08868;0.06424;0.00000;0.00000;0.00000;0.00000;3.57638;3.56177;0.00000;3.45138;3.38515;3.23297;3.11604;3.00844;0.00000;2.93208;2.78296;2.77931;2.72646;0.00000;2.69225;0.00000;2.50217;1.60270;1.42398;1.24883;1.12441;0.83447;0.70308;0.00000;0.65773;0.00000;0.62348;0.00000;0.58363;0.00000;0.51690;0.03766;0.00000;0.00189;0.00000;0.00000;0.47099;0.00000;0.44346;0.38367;0.29370;0.14111;0.00000;0.01647;0.00000;0.00000;0.00000;0.00000;0.03937;0.00000;0.00000;0.00000;0.25381;0.00000;0.04237;0.00000;0.00000;0.00000;0.08968;0.00000;0.04783;0.00000;0.03455;0.02932;0.02252;0.00000;0.00000;0.00000;0.00000;0.00000;0.88529;0.85462;0.70512;0.57122;0.55826;0.02486;0.01937;0.00000;0.43598;0.08852;0.00000;0.00000;0.00000;0.00000;0.00000;0.00000;0.00000;0.00000;0.10426;0.00000;0.00000;0.00000;0.00000;0.00000;0.02795;0.02735;0.00000;0.00000;0.00000;0.00000;0.00000;0.00000;0.00000;0.00000;0.00000;0.00000;0.00000;0.00000;0.00000;0.00000;0.00000;0.00000;0.00000;0.00000;0.00000;0.00000;0.00000
2020-05-09 00:00;3.94532;3.94526;0.00000;3.94203;0.01189;0.00000;0.00000;3.92003;0.00000;3.91829;0.00000;3.91459;0.00000;3.90917;0.00000;3.90845;3.90609;0.00000;3.90089;3.89267;0.00000;3.89063;0.00164;0.00000;0.00000;3.88793;0.00000;3.88576;3.87971;0.00000;3.87018;0.00000;3.86737;0.00000;3.86504;0.00000;3.86174;3.84191;3.83886;3.78223;3.77248;3.75055;3.74387;0.00000;3.70602;3.70280;0.00000;3.69068;3.68688;3.67734;3.66807;3.66625;3.65938;0.00000;3.65799;0.00000;3.65687;3.65389;3.65351;0.00000;3.65147;3.65048;0.00000;3.64749;3.61885;0.00000;3.61286;3.60829;0.00000;3.60024;0.00000;3.57943;0.12651;0.08448;0.06289;0.00000;0.00000;0.00000;0.00000;3.39513;3.38167;0.00000;3.28231;3.22140;3.07765;2.96813;2.86932;0.00000;2.79826;2.65920;2.65571;2.60551;0.00000;2.57329;0.00000;2.39133;1.52832;1.35994;1.18949;1.07504;0.79469;0.67387;0.00000;0.63196;0.00000;0.59557;0.00000;0.55731;0.00000;0.49493;0.03679;0.00000;0.00218;0.00000;0.00000;0.45033;0.00000;0.42318;0.36680;0.28023;0.14021;0.00000;0.01631;0.00000;0.00000;0.00000;0.00000;0.03759;0.00000;0.00000;0.00000;0.24622;0.00000;0.04044;0.00000;0.00000;0.00000;0.08887;0.00000;0.04596;0.00000;0.03341;0.02859;0.02197;0.00000;0.00000;0.00000;0.00000;0.00000;0.85170;0.82144;0.67609;0.54584;0.53401;0.02351;0.01872;0.00000;0.41428;0.08528;0.00000;0.00000;0.00000;0.00000;0.00000;0.00000;0.00000;0.00000;0.09843;0.00000;0.00000;0.00000;0.00000;0.00000;0.02556;0.02518;0.00000;0.00000;0.00000;0.00000;0.00000;0.00000;0.00000;0.00000;0.00000;0.00000;0.00000;0.00000;0.00000;0.00000;0.00000;0.00000;0.00000;0.00000;0.00000;0.00000;0.00000
2020-05-10 00:00;3.70373;3.70366;0.00000;3.70130;0.00622;0.00000;0.00000;3.68669;0.00000;3.68503;0.00000;3.68262;0.00000;3.67738;0.00000;3.67670;3.67438;0.00000;3.66932;3.66240;0.00000;3.66038;0.00153;0.00000;0.00000;3.65775;0.00000;3.65575;3.65102;0.00000;3.64269;0.00000;3.63998;0.00000;3.63763;0.00000;3.63453;3.61570;3.61375;3.56025;3.55082;3.53430;3.52792;0.00000;3.49848;3.49542;0.00000;3.48775;3.48419;3.47789;3.47130;3.47025;3.46527;0.00000;3.46385;0.00000;3.46264;3.45968;3.45930;0.00000;3.45721;3.45628;0.00000;3.45339;3.42880;0.00000;3.42277;3.41815;0.00000;3.41157;0.00000;3.39281;0.11858;0.07939;0.05932;0.00000;0.00000;0.00000;0.00000;3.21788;3.20457;0.00000;3.11182;3.05283;2.91625;2.81002;2.71910;0.00000;2.65207;2.52017;2.51664;2.46858;0.00000;2.43712;0.00000;2.26202;1.43273;1.26862;1.10609;1.00049;0.72875;0.61945;0.00000;0.58125;0.00000;0.54896;0.00000;0.51226;0.00000;0.45357;0.03499;0.00000;0.00151;0.00000;0.00000;0.41117;0.00000;0.38611;0.33197;0.24856;0.13803;0.00000;0.01476;0.00000;0.00000;0.00000;0.00000;0.03579;0.00000;0.00000;0.00000;0.23851;0.00000;0.03853;0.00000;0.00000;0.00000;0.08230;0.00000;0.04389;0.00000;0.03208;0.02785;0.02140;0.00000;0.00000;0.00000;0.00000;0.00000;0.81795;0.78851;0.64748;0.52234;0.51174;0.02246;0.01806;0.00000;0.39467;0.08065;0.00000;0.00000;0.00000;0.00000;0.00000;0.00000;0.00000;0.00000;0.09330;0.00000;0.00000;0.00000;0.00000;0.00000;0.02147;0.02115;0.00000;0.00000;0.00000;0.00000;0.00000;0.00000;0.00000;0.00000;0.00000;0.00000;0.00000;0.00000;0.00000;0.00000;0.00000;0.00000;0.00000;0.00000;0.00000;0.00000;0.00000
2020-05-11 00:00;3.47780;3.47775;0.00000;3.47595;0.00479;0.00000;0.00000;3.46425;0.00000;3.46285;0.00000;3.46020;0.00000;3.45579;0.00000;3.45517;3.45329;0.00000;3.44889;3.44243;0.00000;3.44074;0.00140;0.00000;0.00000;3.43847;0.00000;3.43675;3.43330;0.00000;3.42623;0.00000;3.42389;0.00000;3.42186;0.00000;3.41901;3.40200;3.39987;3.36407;3.35639;3.34231;3.33704;0.00000;3.31176;3.30949;0.00000;3.30375;3.30107;3.29648;3.29199;3.29123;3.28723;0.00000;3.28613;0.00000;3.28516;3.28283;3.28250;0.00000;3.28083;3.28008;0.00000;3.27776;3.25535;0.00000;3.25030;3.24641;0.00000;3.24050;0.00000;3.22606;0.11405;0.07671;0.05784;0.00000;0.00000;0.00000;0.00000;3.05978;3.04721;0.00000;2.96466;2.90866;2.77903;2.67812;2.59585;0.00000;2.53330;2.41052;2.40710;2.36080;0.00000;2.33084;0.00000;2.16352;1.36860;1.21275;1.05316;0.95500;0.69312;0.59704;0.00000;0.56207;0.00000;0.52864;0.00000;0.49357;0.00000;0.43910;0.03422;0.00000;0.00196;0.00000;0.00000;0.39792;0.00000;0.37342;0.32194;0.24257;0.13690;0.00000;0.01428;0.00000;0.00000;0.00000;0.00000;0.03431;0.00000;0.00000;0.00000;0.23046;0.00000;0.03649;0.00000;0.00000;0.00000;0.08266;0.00000;0.04183;0.00000;0.03080;0.02708;0.02080;0.00000;0.00000;0.00000;0.00000;0.00000;0.78480;0.75587;0.61940;0.49962;0.49035;0.02113;0.01738;0.00000;0.37607;0.07705;0.00000;0.00000;0.00000;0.00000;0.00000;0.00000;0.00000;0.00000;0.08837;0.00000;0.00000;0.00000;0.00000;0.00000;0.01994;0.01966;0.00000;0.00000;0.00000;0.00000;0.00000;0.00000;0.00000;0.00000;0.00000;0.00000;0.00000;0.00000;0.00000;0.00000;0.00000;0.00000;0.00000;0.00000;0.00000;0.00000;0.00000
2020-05-12 00:00;3.30674;3.30668;0.00000;3.30464;0.00513;0.00000;0.00000;3.29241;0.00000;3.29102;0.00000;3.28887;0.00000;3.28451;0.00000;3.28394;3.28201;0.00000;3.27779;3.27191;0.00000;3.27022;0.00128;0.00000;0.00000;3.26801;0.00000;3.26634;3.26244;0.00000;3.25578;0.00000;3.25350;0.00000;3.25154;0.00000;3.24892;3.23273;3.23120;3.19447;3.18656;3.17337;3.16791;0.00000;3.14530;3.14261;0.00000;3.13665;3.13345;3.12808;3.12247;3.12174;3.11772;0.00000;3.11643;0.00000;3.11531;3.11258;3.11223;0.00000;3.11030;3.10946;0.00000;3.10689;3.08500;0.00000;3.07934;3.07499;0.00000;3.06939;0.00000;3.05583;0.10694;0.07245;0.05442;0.00000;0.00000;0.00000;0.00000;2.89726;2.88464;0.00000;2.80020;2.74583;2.62330;2.52539;2.45217;0.00000;2.39399;2.27855;2.27508;2.23046;0.00000;2.20085;0.00000;2.04031;1.27923;1.12777;0.97593;0.88422;0.63160;0.55154;0.00000;0.52112;0.00000;0.49162;0.00000;0.45821;0.00000;0.40750;0.03243;0.00000;0.00135;0.00000;0.00000;0.36854;0.00000;0.34618;0.29679;0.22206;0.13472;0.00000;0.01277;0.00000;0.00000;0.00000;0.00000;0.03248;0.00000;0.00000;0.00000;0.22215;0.00000;0.03433;0.00000;0.00000;0.00000;0.07596;0.00000;0.03955;0.00000;0.02936;0.02636;0.02025;0.00000;0.00000;0.00000;0.00000;0.00000;0.75151;0.72357;0.59192;0.47704;0.46925;0.02036;0.01668;0.00000;0.35789;0.07193;0.00000;0.00000;0.00000;0.00000;0.00000;0.00000;0.00000;0.00000;0.08360;0.00000;0.00000;0.00000;0.00000;0.00000;0.01903;0.01877;0.00000;0.00000;0.00000;0.00000;0.00000;0.00000;0.00000;0.00000;0.00000;0.00000;0.00000;0.00000;0.00000;0.00000;0.00000;0.00000;0.00000;0.00000;0.00000;0.00000;0.00000
2020-05-13 00:00;3.11337;3.11333;0.00000;3.11165;0.00425;0.00000;0.00000;3.10101;0.00000;3.09977;0.00000;3.09760;0.00000;3.09380;0.00000;3.09329;3.09157;0.00000;3.08773;3.08213;0.00000;3.08066;0.00115;0.00000;0.00000;3.07870;0.00000;3.07723;3.07406;0.00000;3.06867;0.00000;3.06665;0.00000;3.06490;0.00000;3.06253;3.04786;3.04613;3.01440;3.00745;2.99539;2.99058;0.00000;2.97124;2.96896;0.00000;2.96359;2.96088;2.95636;2.95184;2.95116;2.94742;0.00000;2.94630;0.00000;2.94531;2.94293;2.94260;0.00000;2.94089;2.94014;0.00000;2.93786;2.91708;0.00000;2.91193;2.90795;0.00000;2.90266;0.00000;2.89032;0.10195;0.06948;0.05250;0.00000;0.00000;0.00000;0.00000;2.74065;2.72878;0.00000;2.65132;2.60065;2.48630;2.39532;2.33047;0.00000;2.27786;2.16790;2.16453;2.12185;0.00000;2.09381;0.00000;1.94206;1.21402;1.07180;0.92443;0.84036;0.59869;0.52517;0.00000;0.49806;0.00000;0.46824;0.00000;0.43661;0.00000;0.39074;0.03141;0.00000;0.00165;0.00000;0.00000;0.35330;0.00000;0.33212;0.28541;0.21303;0.13298;0.00000;0.01182;0.00000;0.00000;0.00000;0.00000;0.03086;0.00000;0.00000;0.00000;0.21346;0.00000;0.03212;0.00000;0.00000;0.00000;0.07490;0.00000;0.03740;0.00000;0.02814;0.02552;0.01961;0.00000;0.00000;0.00000;0.00000;0.00000;0.71853;0.69085;0.56433;0.45522;0.44908;0.01955;0.01596;0.00000;0.34083;0.06800;0.00000;0.00000;0.00000;0.00000;0.00000;0.00000;0.00000;0.00000;0.07805;0.00000;0.00000;0.00000;0.00000;0.00000;0.01826;0.01799;0.00000;0.00000;0.00000;0.00000;0.00000;0.00000;0.00000;0.00000;0.00000;0.00000;0.00000;0.00000;0.00000;0.00000;0.00000;0.00000;0.00000;0.00000;0.00000;0.00000;0.00000
2020-05-14 00:00;2.94653;2.94648;0.00000;2.94487;0.00362;0.00000;0.00000;2.93494;0.00000;2.93376;0.00000;2.93200;0.00000;2.92835;0.00000;2.92789;2.92616;0.00000;2.92252;2.91750;0.00000;2.91610;0.00099;0.00000;0.00000;2.91425;0.00000;2.91291;2.90969;0.00000;2.90524;0.00000;2.90333;0.00000;2.90166;0.00000;2.89958;2.88606;2.88480;2.85650;2.84967;2.83869;2.83396;0.00000;2.81754;2.81508;0.00000;2.80970;2.80678;2.80198;2.79721;2.79653;2.79292;0.00000;2.79175;0.00000;2.79073;2.78825;2.78793;0.00000;2.78620;2.78546;0.00000;2.78328;2.76340;0.00000;2.75837;2.75453;0.00000;2.74984;0.00000;2.73800;0.09290;0.06315;0.04798;0.00000;0.00000;0.00000;0.00000;2.59811;2.58613;0.00000;2.50465;2.45327;2.34331;2.25167;2.19398;0.00000;2.14557;2.04168;2.03830;1.99770;0.00000;1.96983;0.00000;1.82415;1.12985;0.98487;0.84321;0.76927;0.53690;0.47809;0.00000;0.45628;0.00000;0.42983;0.00000;0.40002;0.00000;0.35848;0.02956;0.00000;0.00113;0.00000;0.00000;0.32337;0.00000;0.30495;0.26062;0.19281;0.13029;0.00000;0.00992;0.00000;0.00000;0.00000;0.00000;0.02871;0.00000;0.00000;0.00000;0.20389;0.00000;0.02935;0.00000;0.00000;0.00000;0.06946;0.00000;0.03612;0.00000;0.02783;0.02499;0.01914;0.00000;0.00000;0.00000;0.00000;0.00000;0.68527;0.65751;0.53648;0.43399;0.42981;0.01864;0.01520;0.00000;0.32491;0.06302;0.00000;0.00000;0.00000;0.00000;0.00000;0.00000;0.00000;0.00000;0.07305;0.00000;0.00000;0.00000;0.00000;0.00000;0.01732;0.01709;0.00000;0.00000;0.00000;0.00000;0.00000;0.00000;0.00000;0.00000;0.00000;0.00000;0.00000;0.00000;0.00000;0.00000;0.00000;0.00000;0.00000;0.00000;0.00000;0.00000;0.00000
2020-05-15 00:00;2.98921;2.98923;0.00000;2.98527;0.02500;0.00000;0.00000;2.94849;0.00000;2.94707;0.00000;2.94383;0.00000;2.94027;0.00000;2.93987;2.93838;0.00000;2.93547;2.92852;0.00000;2.92718;0.00115;0.00000;0.00000;2.92518;0.00000;2.92253;2.90819;0.00000;2.89825;0.00000;2.89592;0.00000;2.89478;0.00000;2.89267;2.87810;2.87505;2.83272;2.82674;2.80254;2.79781;0.00000;2.77458;2.77134;0.00000;2.75724;2.75314;2.73684;2.71074;2.70671;2.69973;0.00000;2.69767;0.00000;2.69671;2.69332;2.69297;0.00000;2.69061;2.68888;0.00000;2.68467;2.65339;0.00000;2.64626;2.64124;0.00000;2.63299;0.00000;2.61561;0.09353;0.06555;0.04679;0.00000;0.00000;0.00000;0.00000;2.47520;2.46376;0.00000;2.38752;2.33880;2.23625;2.15167;2.10437;0.00000;2.06376;1.95477;1.95150;1.91204;0.00000;1.88484;0.00000;1.75042;1.07673;0.93777;0.80074;0.73191;0.51192;0.44592;0.00000;0.43302;0.00000;0.40544;0.00000;0.37754;0.00000;0.34154;0.02853;0.00000;0.00154;0.00000;0.00000;0.30802;0.00000;0.29139;0.24946;0.18520;0.12825;0.00000;0.00859;0.00000;0.00000;0.00000;0.00000;0.02740;0.00000;0.00000;0.00000;0.19416;0.00000;0.02672;0.00000;0.00000;0.00000;0.06987;0.00000;0.03394;0.00000;0.02681;0.02411;0.01842;0.00000;0.00000;0.00000;0.00000;0.00000;0.65591;0.62659;0.51097;0.41511;0.41278;0.01791;0.01443;0.00000;0.31143;0.05966;0.00000;0.00000;0.00000;0.00000;0.00000;0.00000;0.00000;0.00000;0.06805;0.00000;0.00000;0.00000;0.00000;0.00000;0.02703;0.02634;0.00000;0.00000;0.00000;0.00000;0.00000;0.00000;0.00000;0.00000;0.00000;0.00000;0.00000;0.00000;0.00000;0.00000;0.00000;0.00000;0.00000;0.00000;0.00000;0.00000;0.00000
2020-05-16 00:00;6.59390;6.59473;0.00000;6.57678;0.15477;0.00000;0.00000;6.41170;0.00000;6.41343;0.00000;6.41245;0.00000;6.41715;0.00000;6.41709;6.42764;0.00000;6.44241;6.43453;0.00000;6.43738;0.00296;0.00000;0.00000;6.44131;0.00000;6.43489;6.38686;0.00000;6.36360;0.00000;6.36541;0.00000;6.37239;0.00000;6.36869;6.36460;6.35911;6.22275;6.25702;5.98579;6.00497;0.00000;5.18082;5.13536;0.00000;4.84066;4.79841;4.63046;4.39282;4.30418;4.14472;0.00000;4.12805;0.00000;4.11127;4.07940;4.05280;0.00000;4.02467;4.00420;0.00000;3.96105;3.67434;0.00000;3.54147;3.45999;0.00000;3.28920;0.00000;3.04559;0.16338;0.12910;0.05248;0.00000;0.00000;0.00000;0.00000;2.81091;2.79668;0.00000;2.70570;2.65490;2.52881;2.43628;2.36632;0.00000;2.32465;2.15986;2.15648;2.09822;0.00000;2.05070;0.00000;1.91060;1.15794;0.93516;0.78837;0.72353;0.50687;0.44486;0.00000;0.42354;0.00000;0.39834;0.00000;0.37166;0.00000;0.33877;0.02749;0.00000;0.00150;0.00000;0.00000;0.30684;0.00000;0.28961;0.24874;0.18089;0.12725;0.00000;0.00715;0.00000;0.00000;0.00000;0.00000;0.02612;0.00000;0.00000;0.00000;0.18644;0.00000;0.02554;0.00000;0.00000;0.00000;0.07111;0.00000;0.03806;0.00000;0.03013;0.02535;0.01832;0.00000;0.00000;0.00000;0.00000;0.00000;0.66293;0.60915;0.49238;0.41338;0.41134;0.01985;0.01368;0.00000;0.31350;0.05635;0.00000;0.00000;0.00000;0.00000;0.00000;0.00000;0.00000;0.00000;0.08475;0.00000;0.00000;0.00000;0.00000;0.00000;0.25508;0.23047;0.00000;0.00000;0.00000;0.00000;0.00000;0.00000;0.00000;0.00000;0.00000;0.00000;0.00000;0.00000;0.00000;0.00000;0.00000;0.00000;0.00000;0.00000;0.00000;0.00000;0.00000
2020-05-17 00:00;6.48081;6.48051;0.00000;6.46767;0.06325;0.00000;0.00000;6.36165;0.00000;6.35654;0.00000;6.34478;0.00000;6.33001;0.00000;6.32879;6.31997;0.00000;6.30598;6.28496;0.00000;6.27945;0.00247;0.00000;0.00000;6.27257;0.00000;6.26712;6.23862;0.00000;6.21385;0.00000;6.20658;0.00000;6.20102;0.00000;6.19605;6.16075;6.15257;5.97374;5.94293;5.61954;5.59785;0.00000;4.30492;4.27064;0.00000;3.98641;3.95059;3.84348;3.75750;3.72439;3.57804;0.00000;3.56826;0.00000;3.55863;3.53613;3.52752;0.00000;3.51394;3.50720;0.00000;3.48735;3.29766;0.00000;3.22852;3.18498;0.00000;3.06771;0.00000;2.88794;0.12163;0.09134;0.05189;0.00000;0.00000;0.00000;0.00000;2.69109;2.67669;0.00000;2.57041;2.50956;2.38701;2.28526;2.20449;0.00000;2.15567;2.01819;2.01438;1.95672;0.00000;1.91526;0.00000;1.77362;1.09903;0.93372;0.79237;0.73296;0.52772;0.46127;0.00000;0.43388;0.00000;0.40671;0.00000;0.38192;0.00000;0.35269;0.02647;0.00000;0.00172;0.00000;0.00000;0.32234;0.00000;0.30392;0.26522;0.20024;0.12693;0.00000;0.00800;0.00000;0.00000;0.00000;0.00000;0.02493;0.00000;0.00000;0.00000;0.17814;0.00000;0.02400;0.00000;0.00000;0.00000;0.06992;0.00000;0.03602;0.00000;0.02767;0.02370;0.01783;0.00000;0.00000;0.00000;0.00000;0.00000;0.64793;0.60096;0.48588;0.41089;0.40890;0.02130;0.01302;0.00000;0.31464;0.05365;0.00000;0.00000;0.00000;0.00000;0.00000;0.00000;0.00000;0.00000;0.08059;0.00000;0.00000;0.00000;0.00000;0.00000;0.17249;0.16615;0.00000;0.00000;0.00000;0.00000;0.00000;0.00000;0.00000;0.00000;0.00000;0.00000;0.00000;0.00000;0.00000;0.00000;0.00000;0.00000;0.00000;0.00000;0.00000;0.00000;0.00000
2020-05-18 00:00;3.83069;3.83003;0.00000;3.81950;0.01090;0.00000;0.00000;3.75886;0.00000;3.75076;0.00000;3.73699;0.00000;3.71818;0.00000;3.71669;3.70029;0.00000;3.67555;3.65174;0.00000;3.64325;0.00210;0.00000;0.00000;3.63166;0.00000;3.62483;3.59251;0.00000;3.56498;0.00000;3.55354;0.00000;3.54315;0.00000;3.53843;3.48933;3.48057;3.35227;3.29763;3.22020;3.18554;0.00000;2.88773;2.86922;0.00000;2.81242;2.79435;2.76596;2.73652;2.73268;2.70402;0.00000;2.69822;0.00000;2.69346;2.68155;2.68013;0.00000;2.67242;2.66915;0.00000;2.65952;2.60480;0.00000;2.58712;2.57457;0.00000;2.55398;0.00000;2.50094;0.08934;0.06507;0.04519;0.00000;0.00000;0.00000;0.00000;2.34954;2.33632;0.00000;2.24478;2.19082;2.08718;1.99674;1.92881;0.00000;1.88537;1.78113;1.77746;1.73443;0.00000;1.70559;0.00000;1.57793;0.95379;0.81969;0.68863;0.63978;0.44609;0.39402;0.00000;0.37202;0.00000;0.34949;0.00000;0.32682;0.00000;0.30318;0.02447;0.00000;0.00113;0.00000;0.00000;0.27536;0.00000;0.25959;0.22336;0.16551;0.12129;0.00000;0.00581;0.00000;0.00000;0.00000;0.00000;0.02214;0.00000;0.00000;0.00000;0.16842;0.00000;0.02179;0.00000;0.00000;0.00000;0.06177;0.00000;0.03249;0.00000;0.02518;0.02244;0.01714;0.00000;0.00000;0.00000;0.00000;0.00000;0.61354;0.58545;0.47577;0.39317;0.39150;0.01958;0.01228;0.00000;0.30140;0.04794;0.00000;0.00000;0.00000;0.00000;0.00000;0.00000;0.00000;0.00000;0.06584;0.00000;0.00000;0.00000;0.00000;0.00000;0.04367;0.04262;0.00000;0.00000;0.00000;0.00000;0.00000;0.00000;0.00000;0.00000;0.00000;0.00000;0.00000;0.00000;0.00000;0.00000;0.00000;0.00000;0.00000;0.00000;0.00000;0.00000;0.00000
2020-05-19 00:00;2.82421;2.82410;0.00000;2.82035;0.00793;0.00000;0.00000;2.80048;0.00000;2.79830;0.00000;2.79443;0.00000;2.78776;0.00000;2.78695;2.78368;0.00000;2.77698;2.76705;0.00000;2.76448;0.00178;0.00000;0.00000;2.76110;0.00000;2.75863;2.75192;0.00000;2.74240;0.00000;2.73893;0.00000;2.73592;0.00000;2.73234;2.71081;2.70747;2.61864;2.60615;2.58436;2.57641;0.00000;2.46667;2.46465;0.00000;2.45861;2.45669;2.45348;2.45057;2.44983;2.44543;0.00000;2.44475;0.00000;2.44410;2.44259;2.44232;0.00000;2.44111;2.44055;0.00000;2.43869;2.41241;0.00000;2.40869;2.40588;0.00000;2.39929;0.00000;2.38241;0.09368;0.06865;0.05101;0.00000;0.00000;0.00000;0.00000;2.24188;2.23032;0.00000;2.15434;2.10569;2.00092;1.91627;1.85829;0.00000;1.82235;1.72944;1.72594;1.67134;0.00000;1.63719;0.00000;1.51598;0.92063;0.78306;0.65213;0.60664;0.42461;0.37123;0.00000;0.35431;0.00000;0.32989;0.00000;0.30923;0.00000;0.29035;0.02352;0.00000;0.00140;0.00000;0.00000;0.26413;0.00000;0.24818;0.21449;0.15982;0.11444;0.00000;0.00478;0.00000;0.00000;0.00000;0.00000;0.02091;0.00000;0.00000;0.00000;0.15675;0.00000;0.01791;0.00000;0.00000;0.00000;0.06307;0.00000;0.03174;0.00000;0.02527;0.02256;0.01704;0.00000;0.00000;0.00000;0.00000;0.00000;0.58573;0.56230;0.45815;0.37545;0.37373;0.01700;0.01148;0.00000;0.28802;0.04525;0.00000;0.00000;0.00000;0.00000;0.00000;0.00000;0.00000;0.00000;0.06816;0.00000;0.00000;0.00000;0.00000;0.00000;0.02460;0.02417;0.00000;0.00000;0.00000;0.00000;0.00000;0.00000;0.00000;0.00000;0.00000;0.00000;0.00000;0.00000;0.00000;0.00000;0.00000;0.00000;0.00000;0.00000;0.00000;0.00000;0.00000
2020-05-20 00:00;2.55281;2.55269;0.00000;2.54918;0.00698;0.00000;0.00000;2.53002;0.00000;2.52788;0.00000;2.52450;0.00000;2.51849;0.00000;2.51780;2.51432;0.00000;2.50782;2.49954;0.00000;2.49712;0.00145;0.00000;0.00000;2.49386;0.00000;2.49158;2.48437;0.00000;2.47574;0.00000;2.47240;0.00000;2.46949;0.00000;2.46652;2.44548;2.44343;2.37337;2.36045;2.34402;2.33517;0.00000;2.30023;2.29583;0.00000;2.28750;2.28228;2.27377;2.26524;2.26424;2.25887;0.00000;2.25671;0.00000;2.25489;2.25039;2.24988;0.00000;2.24679;2.24547;0.00000;2.24135;2.21608;0.00000;2.20740;2.20075;0.00000;2.19441;0.00000;2.16865;0.07859;0.05837;0.04225;0.00000;0.00000;0.00000;0.00000;2.03986;2.02834;0.00000;1.95089;1.90222;1.81359;1.73328;1.68379;0.00000;1.64935;1.56063;1.55705;1.51173;0.00000;1.48346;0.00000;1.37350;0.80376;0.68408;0.56691;0.53039;0.36220;0.31958;0.00000;0.30755;0.00000;0.28796;0.00000;0.26975;0.00000;0.25485;0.02160;0.00000;0.00090;0.00000;0.00000;0.23121;0.00000;0.21709;0.18720;0.13727;0.10683;0.00000;0.00332;0.00000;0.00000;0.00000;0.00000;0.01789;0.00000;0.00000;0.00000;0.14527;0.00000;0.01448;0.00000;0.00000;0.00000;0.05415;0.00000;0.02768;0.00000;0.02366;0.02116;0.01617;0.00000;0.00000;0.00000;0.00000;0.00000;0.56061;0.53728;0.43943;0.35735;0.35606;0.01509;0.01068;0.00000;0.27506;0.03902;0.00000;0.00000;0.00000;0.00000;0.00000;0.00000;0.00000;0.00000;0.05463;0.00000;0.00000;0.00000;0.00000;0.00000;0.02063;0.02031;0.00000;0.00000;0.00000;0.00000;0.00000;0.00000;0.00000;0.00000;0.00000;0.00000;0.00000;0.00000;0.00000;0.00000;0.00000;0.00000;0.00000;0.00000;0.00000;0.00000;0.00000
2020-05-21 00:00;2.24940;2.24934;0.00000;2.24703;0.00589;0.00000;0.00000;2.23319;0.00000;2.23181;0.00000;2.22976;0.00000;2.22558;0.00000;2.22507;2.22306;0.00000;2.21891;2.21297;0.00000;2.21139;0.00112;0.00000;0.00000;2.20929;0.00000;2.20774;2.20351;0.00000;2.19824;0.00000;2.19606;0.00000;2.19421;0.00000;2.19191;2.17519;2.17350;2.13391;2.12673;2.11384;2.10892;0.00000;2.08437;2.08217;0.00000;2.07672;2.07413;2.06984;2.06566;2.06496;2.06114;0.00000;2.06008;0.00000;2.05913;2.05687;2.05655;0.00000;2.05491;2.05419;0.00000;2.05186;2.02857;0.00000;2.02353;2.01968;0.00000;2.01425;0.00000;1.99922;0.07187;0.05287;0.03939;0.00000;0.00000;0.00000;0.00000;1.88536;1.87470;0.00000;1.80721;1.76322;1.68292;1.60971;1.57449;0.00000;1.54431;1.46643;1.46298;1.41355;0.00000;1.38450;0.00000;1.28759;0.74406;0.63414;0.52361;0.49189;0.33733;0.29993;0.00000;0.29106;0.00000;0.27151;0.00000;0.25575;0.00000;0.24294;0.02083;0.00000;0.00108;0.00000;0.00000;0.22068;0.00000;0.20670;0.18004;0.13328;0.10034;0.00000;0.00343;0.00000;0.00000;0.00000;0.00000;0.01590;0.00000;0.00000;0.00000;0.13323;0.00000;0.01118;0.00000;0.00000;0.00000;0.05099;0.00000;0.02477;0.00000;0.02265;0.02065;0.01572;0.00000;0.00000;0.00000;0.00000;0.00000;0.53501;0.51240;0.42001;0.34105;0.33974;0.01356;0.00978;0.00000;0.26216;0.03481;0.00000;0.00000;0.00000;0.00000;0.00000;0.00000;0.00000;0.00000;0.04777;0.00000;0.00000;0.00000;0.00000;0.00000;0.02089;0.02063;0.00000;0.00000;0.00000;0.00000;0.00000;0.00000;0.00000;0.00000;0.00000;0.00000;0.00000;0.00000;0.00000;0.00000;0.00000;0.00000;0.00000;0.00000;0.00000;0.00000;0.00000
2020-05-22 00:00;2.06603;2.06595;0.00000;2.06394;0.00491;0.00000;0.00000;2.05048;0.00000;2.04907;0.00000;2.04716;0.00000;2.04324;0.00000;2.04281;2.04046;0.00000;2.03618;2.03083;0.00000;2.02926;0.00087;0.00000;0.00000;2.02714;0.00000;2.02569;2.02090;0.00000;2.01564;0.00000;2.01344;0.00000;2.01153;0.00000;2.00967;1.99336;1.99200;1.96521;1.95669;1.94583;1.93996;0.00000;1.91730;1.91365;0.00000;1.90688;1.90255;1.89547;1.88829;1.88748;1.88297;0.00000;1.88116;0.00000;1.87963;1.87586;1.87542;0.00000;1.87284;1.87174;0.00000;1.86829;1.84640;0.00000;1.83911;1.83356;0.00000;1.82847;0.00000;1.81164;0.06305;0.04836;0.03678;0.00000;0.00000;0.00000;0.00000;1.70683;1.69710;0.00000;1.63439;1.59262;1.52308;1.45849;1.42422;0.00000;1.39874;1.32720;1.32382;1.28591;0.00000;1.26234;0.00000;1.17503;0.65578;0.55768;0.45741;0.43348;0.28966;0.25914;0.00000;0.25040;0.00000;0.23461;0.00000;0.22180;0.00000;0.21144;0.01911;0.00000;0.00070;0.00000;0.00000;0.19144;0.00000;0.17887;0.15678;0.11489;0.09306;0.00000;0.00243;0.00000;0.00000;0.00000;0.00000;0.01245;0.00000;0.00000;0.00000;0.12440;0.00000;0.01177;0.00000;0.00000;0.00000;0.04569;0.00000;0.02353;0.00000;0.02105;0.01935;0.01487;0.00000;0.00000;0.00000;0.00000;0.00000;0.51071;0.48836;0.40116;0.32618;0.32527;0.01215;0.00882;0.00000;0.24965;0.02799;0.00000;0.00000;0.00000;0.00000;0.00000;0.00000;0.00000;0.00000;0.04135;0.00000;0.00000;0.00000;0.00000;0.00000;0.01798;0.01772;0.00000;0.00000;0.00000;0.00000;0.00000;0.00000;0.00000;0.00000;0.00000;0.00000;0.00000;0.00000;0.00000;0.00000;0.00000;0.00000;0.00000;0.00000;0.00000;0.00000;0.00000
2020-05-23 00:00;1.84910;1.84905;0.00000;1.84746;0.00417;0.00000;0.00000;1.83695;0.00000;1.83596;0.00000;1.83464;0.00000;1.83162;0.00000;1.83129;1.82973;0.00000;1.82672;1.82247;0.00000;1.82137;0.00065;0.00000;0.00000;1.81991;0.00000;1.81888;1.81579;0.00000;1.81226;0.00000;1.81073;0.00000;1.80943;0.00000;1.80802;1.79505;1.79381;1.77443;1.76892;1.76006;1.75625;0.00000;1.73937;1.73732;0.00000;1.73252;1.73011;1.72620;1.72243;1.72178;1.71844;0.00000;1.71749;0.00000;1.71664;1.71459;1.71430;0.00000;1.71284;1.71221;0.00000;1.71017;1.69270;0.00000;1.68840;1.68503;0.00000;1.68085;0.00000;1.67037;0.05821;0.04454;0.03376;0.00000;0.00000;0.00000;0.00000;1.57658;1.56765;0.00000;1.51356;1.47646;1.41233;1.35478;1.32559;0.00000;1.30318;1.24073;1.23755;1.20516;0.00000;1.18237;0.00000;1.10577;0.61042;0.51963;0.42427;0.40125;0.27129;0.24141;0.00000;0.23425;0.00000;0.21887;0.00000;0.20935;0.00000;0.20054;0.01821;0.00000;0.00084;0.00000;0.00000;0.18166;0.00000;0.16930;0.15244;0.11410;0.08775;0.00000;0.00285;0.00000;0.00000;0.00000;0.00000;0.00958;0.00000;0.00000;0.00000;0.11154;0.00000;0.00934;0.00000;0.00000;0.00000;0.04416;0.00000;0.02195;0.00000;0.02023;0.01876;0.01437;0.00000;0.00000;0.00000;0.00000;0.00000;0.48794;0.46892;0.38369;0.31408;0.31309;0.01085;0.00772;0.00000;0.23753;0.02380;0.00000;0.00000;0.00000;0.00000;0.00000;0.00000;0.00000;0.00000;0.03699;0.00000;0.00000;0.00000;0.00000;0.00000;0.01535;0.01508;0.00000;0.00000;0.00000;0.00000;0.00000;0.00000;0.00000;0.00000;0.00000;0.00000;0.00000;0.00000;0.00000;0.00000;0.00000;0.00000;0.00000;0.00000;0.00000;0.00000;0.00000
2020-05-24 00:00;1.71685;1.71679;0.00000;1.71526;0.00353;0.00000;0.00000;1.70504;0.00000;1.70399;0.00000;1.70261;0.00000;1.69959;0.00000;1.69929;1.69748;0.00000;1.69418;1.69011;0.00000;1.68887;0.00061;0.00000;0.00000;1.68726;0.00000;1.68623;1.68254;0.00000;1.67861;0.00000;1.67695;0.00000;1.67550;0.00000;1.67413;1.66179;1.66074;1.64381;1.63706;1.62892;1.62423;0.00000;1.61013;1.60705;0.00000;1.60116;1.59747;1.59140;1.58527;1.58453;1.58058;0.00000;1.57902;0.00000;1.57770;1.57445;1.57406;0.00000;1.57183;1.57087;0.00000;1.56792;1.55103;0.00000;1.54465;1.53986;0.00000;1.53641;0.00000;1.52198;0.05187;0.04122;0.03103;0.00000;0.00000;0.00000;0.00000;1.43395;1.42568;0.00000;1.37481;1.33962;1.28418;1.23069;1.20212;0.00000;1.18224;1.12638;1.12319;1.09799;0.00000;1.07809;0.00000;1.01097;0.53422;0.45138;0.36497;0.34669;0.23074;0.20566;0.00000;0.19887;0.00000;0.18673;0.00000;0.18108;0.00000;0.17383;0.01661;0.00000;0.00054;0.00000;0.00000;0.15671;0.00000;0.14549;0.13419;0.10000;0.08196;0.00000;0.00205;0.00000;0.00000;0.00000;0.00000;0.00563;0.00000;0.00000;0.00000;0.09883;0.00000;0.00812;0.00000;0.00000;0.00000;0.03900;0.00000;0.02075;0.00000;0.01889;0.01761;0.01358;0.00000;0.00000;0.00000;0.00000;0.00000;0.46854;0.45061;0.36749;0.30101;0.30033;0.00960;0.00649;0.00000;0.22594;0.01837;0.00000;0.00000;0.00000;0.00000;0.00000;0.00000;0.00000;0.00000;0.03136;0.00000;0.00000;0.00000;0.00000;0.00000;0.01352;0.01328;0.00000;0.00000;0.00000;0.00000;0.00000;0.00000;0.00000;0.00000;0.00000;0.00000;0.00000;0.00000;0.00000;0.00000;0.00000;0.00000;0.00000;0.00000;0.00000;0.00000;0.00000
2020-05-25 00:00;1.55948;1.55944;0.00000;1.55759;0.00534;0.00000;0.00000;1.54615;0.00000;1.54528;0.00000;1.54417;0.00000;1.54161;0.00000;1.54136;1.53997;0.00000;1.53739;1.53371;0.00000;1.53272;0.00053;0.00000;0.00000;1.53144;0.00000;1.53049;1.52679;0.00000;1.52333;0.00000;1.52199;0.00000;1.52091;0.00000;1.51975;1.51014;1.50904;1.49390;1.48906;1.48056;1.47721;0.00000;1.46376;1.46169;0.00000;1.45620;1.45368;1.44853;1.44276;1.44163;1.43791;0.00000;1.43679;0.00000;1.43594;1.43368;1.43339;0.00000;1.43182;1.43105;0.00000;1.42880;1.41303;0.00000;1.40839;1.40496;0.00000;1.40198;0.00000;1.39067;0.04690;0.03814;0.02738;0.00000;0.00000;0.00000;0.00000;1.31303;1.30565;0.00000;1.26430;1.23312;1.18429;1.13860;1.11427;0.00000;1.09703;1.04977;1.04679;1.02507;0.00000;1.00668;0.00000;0.95334;0.49157;0.41493;0.33595;0.31900;0.21969;0.19519;0.00000;0.18939;0.00000;0.17829;0.00000;0.17498;0.00000;0.16858;0.01583;0.00000;0.00071;0.00000;0.00000;0.15227;0.00000;0.14117;0.13169;0.10061;0.07702;0.00000;0.00229;0.00000;0.00000;0.00000;0.00000;0.00426;0.00000;0.00000;0.00000;0.08359;0.00000;0.00589;0.00000;0.00000;0.00000;0.03650;0.00000;0.01937;0.00000;0.01803;0.01692;0.01300;0.00000;0.00000;0.00000;0.00000;0.00000;0.45174;0.43597;0.35211;0.28977;0.28907;0.00830;0.00495;0.00000;0.21486;0.01536;0.00000;0.00000;0.00000;0.00000;0.00000;0.00000;0.00000;0.00000;0.02635;0.00000;0.00000;0.00000;0.00000;0.00000;0.01336;0.01307;0.00000;0.00000;0.00000;0.00000;0.00000;0.00000;0.00000;0.00000;0.00000;0.00000;0.00000;0.00000;0.00000;0.00000;0.00000;0.00000;0.00000;0.00000;0.00000;0.00000;0.00000
2020-05-26 00:00;1.44350;1.44345;0.00000;1.44201;0.00366;0.00000;0.00000;1.43240;0.00000;1.43151;0.00000;1.43042;0.00000;1.42790;0.00000;1.42766;1.42612;0.00000;1.42339;1.41995;0.00000;1.41897;0.00047;0.00000;0.00000;1.41764;0.00000;1.41676;1.41352;0.00000;1.41031;0.00000;1.40893;0.00000;1.40773;0.00000;1.40669;1.40033;1.39945;1.38707;1.38147;1.37313;1.36921;0.00000;1.35449;1.35178;0.00000;1.34565;1.34240;1.33651;1.33071;1.32978;1.32572;0.00000;1.32437;0.00000;1.32324;1.32040;1.32005;0.00000;1.31812;1.31727;0.00000;1.31481;1.29963;0.00000;1.29411;1.28989;0.00000;1.28730;0.00000;1.27436;0.04246;0.03476;0.02573;0.00000;0.00000;0.00000;0.00000;1.19947;1.19230;0.00000;1.15376;1.12253;1.08080;1.03380;1.01145;0.00000;0.99569;0.95567;0.95261;0.93233;0.00000;0.91394;0.00000;0.87534;0.43208;0.36125;0.28797;0.27245;0.18978;0.16946;0.00000;0.16433;0.00000;0.15619;0.00000;0.15341;0.00000;0.14766;0.01441;0.00000;0.00047;0.00000;0.00000;0.13279;0.00000;0.12260;0.11447;0.08720;0.07066;0.00000;0.00164;0.00000;0.00000;0.00000;0.00000;0.00342;0.00000;0.00000;0.00000;0.06736;0.00000;0.00468;0.00000;0.00000;0.00000;0.03155;0.00000;0.01825;0.00000;0.01694;0.01597;0.01232;0.00000;0.00000;0.00000;0.00000;0.00000;0.43605;0.41992;0.33759;0.27870;0.27812;0.00669;0.00289;0.00000;0.20431;0.01057;0.00000;0.00000;0.00000;0.00000;0.00000;0.00000;0.00000;0.00000;0.02123;0.00000;0.00000;0.00000;0.00000;0.00000;0.01226;0.01203;0.00000;0.00000;0.00000;0.00000;0.00000;0.00000;0.00000;0.00000;0.00000;0.00000;0.00000;0.00000;0.00000;0.00000;0.00000;0.00000;0.00000;0.00000;0.00000;0.00000;0.00000
2020-05-27 00:00;1.27905;1.27898;0.00000;1.27759;0.00228;0.00000;0.00000;1.26849;0.00000;1.26746;0.00000;1.26623;0.00000;1.26360;0.00000;1.26338;1.26143;0.00000;1.25827;1.25488;0.00000;1.25379;0.00038;0.00000;0.00000;1.25227;0.00000;1.25134;1.24748;0.00000;1.24402;0.00000;1.24247;0.00000;1.24111;0.00000;1.24025;1.23547;1.23467;1.22446;1.21769;1.21116;1.20650;0.00000;1.19392;1.19039;0.00000;1.18426;1.18011;1.17314;1.16599;1.16514;1.16151;0.00000;1.15975;0.00000;1.15833;1.15472;1.15432;0.00000;1.15193;1.15089;0.00000;1.14787;1.13458;0.00000;1.12803;1.12307;0.00000;1.12080;0.00000;1.10636;0.03560;0.02989;0.02209;0.00000;0.00000;0.00000;0.00000;1.03852;1.03199;0.00000;0.99784;0.96824;0.93647;0.89323;0.87436;0.00000;0.86134;0.83323;0.83019;0.81390;0.00000;0.79726;0.00000;0.77092;0.34508;0.28509;0.22352;0.21184;0.15086;0.13516;0.00000;0.13125;0.00000;0.12737;0.00000;0.12530;0.00000;0.12100;0.01282;0.00000;0.00026;0.00000;0.00000;0.10783;0.00000;0.09907;0.09283;0.07097;0.06361;0.00000;0.00090;0.00000;0.00000;0.00000;0.00000;0.00234;0.00000;0.00000;0.00000;0.04697;0.00000;0.00379;0.00000;0.00000;0.00000;0.02561;0.00000;0.01644;0.00000;0.01556;0.01489;0.01153;0.00000;0.00000;0.00000;0.00000;0.00000;0.41912;0.40211;0.32293;0.26682;0.26638;0.00486;0.00093;0.00000;0.19368;0.00498;0.00000;0.00000;0.00000;0.00000;0.00000;0.00000;0.00000;0.00000;0.01392;0.00000;0.00000;0.00000;0.00000;0.00000;0.00961;0.00940;0.00000;0.00000;0.00000;0.00000;0.00000;0.00000;0.00000;0.00000;0.00000;0.00000;0.00000;0.00000;0.00000;0.00000;0.00000;0.00000;0.00000;0.00000;0.00000;0.00000;0.00000
2020-05-28 00:00;1.10048;1.10043;0.00000;1.09930;0.00185;0.00000;0.00000;1.09197;0.00000;1.09118;0.00000;1.09023;0.00000;1.08818;0.00000;1.08800;1.08655;0.00000;1.08416;1.08152;0.00000;1.08070;0.00032;0.00000;0.00000;1.07957;0.00000;1.07886;1.07612;0.00000;1.07351;0.00000;1.07238;0.00000;1.07138;0.00000;1.07072;1.06701;1.06641;1.05771;1.05297;1.04800;1.04478;0.00000;1.03505;1.03283;0.00000;1.02860;1.02606;1.02181;1.01759;1.01702;1.01466;0.00000;1.01364;0.00000;1.01279;1.01069;1.01043;0.00000;1.00902;1.00841;0.00000;1.00664;0.99679;0.00000;0.99287;0.98995;0.00000;0.98824;0.00000;0.97937;0.03248;0.02734;0.02120;0.00000;0.00000;0.00000;0.00000;0.92216;0.91793;0.00000;0.88888;0.86235;0.83386;0.79431;0.77512;0.00000;0.76322;0.74157;0.73877;0.72543;0.00000;0.71105;0.00000;0.69040;0.28354;0.23290;0.17621;0.16669;0.13028;0.11555;0.00000;0.11154;0.00000;0.10953;0.00000;0.10778;0.00000;0.10402;0.01147;0.00000;0.00022;0.00000;0.00000;0.09226;0.00000;0.08423;0.07908;0.06203;0.05701;0.00000;0.00071;0.00000;0.00000;0.00000;0.00000;0.00198;0.00000;0.00000;0.00000;0.02395;0.00000;0.00377;0.00000;0.00000;0.00000;0.02381;0.00000;0.01569;0.00000;0.01461;0.01388;0.01078;0.00000;0.00000;0.00000;0.00000;0.00000;0.40099;0.38302;0.30856;0.25282;0.25244;0.00351;0.00062;0.00000;0.18336;0.00388;0.00000;0.00000;0.00000;0.00000;0.00000;0.00000;0.00000;0.00000;0.01220;0.00000;0.00000;0.00000;0.00000;0.00000;0.00775;0.00758;0.00000;0.00000;0.00000;0.00000;0.00000;0.00000;0.00000;0.00000;0.00000;0.00000;0.00000;0.00000;0.00000;0.00000;0.00000;0.00000;0.00000;0.00000;0.00000;0.00000;0.00000
2020-05-29 00:00;1.03674;1.03674;0.00000;1.03605;0.00409;0.00000;0.00000;1.02913;0.00000;1.02884;0.00000;1.02848;0.00000;1.02757;0.00000;1.02746;1.02723;0.00000;1.02663;1.02495;0.00000;1.02468;0.00031;0.00000;0.00000;1.02429;0.00000;1.02381;1.02186;0.00000;1.02025;0.00000;1.01982;0.00000;1.01960;0.00000;1.01904;1.01795;1.01750;1.00895;1.00841;1.00229;1.00190;0.00000;0.99383;0.99408;0.00000;0.99119;0.99145;0.99000;0.98758;0.98658;0.98502;0.00000;0.98499;0.00000;0.98509;0.98519;0.98512;0.00000;0.98510;0.98491;0.00000;0.98451;0.97410;0.00000;0.97354;0.97327;0.00000;0.97118;0.00000;0.96878;0.03258;0.02679;0.01919;0.00000;0.00000;0.00000;0.00000;0.91872;0.91618;0.00000;0.89219;0.86955;0.84167;0.80836;0.78904;0.00000;0.77838;0.75137;0.74889;0.73506;0.00000;0.72122;0.00000;0.69664;0.28955;0.23162;0.17725;0.16659;0.13327;0.11647;0.00000;0.11193;0.00000;0.10845;0.00000;0.10605;0.00000;0.10196;0.01062;0.00000;0.00039;0.00000;0.00000;0.09101;0.00000;0.08294;0.07704;0.06368;0.05125;0.00000;0.00095;0.00000;0.00000;0.00000;0.00000;0.00270;0.00000;0.00000;0.00000;0.02158;0.00000;0.00334;0.00000;0.00000;0.00000;0.02442;0.00000;0.01531;0.00000;0.01422;0.01322;0.01012;0.00000;0.00000;0.00000;0.00000;0.00000;0.38815;0.37155;0.29514;0.24060;0.24011;0.00278;0.00122;0.00000;0.17411;0.00537;0.00000;0.00000;0.00000;0.00000;0.00000;0.00000;0.00000;0.00000;0.01243;0.00000;0.00000;0.00000;0.00000;0.00000;0.01031;0.01008;0.00000;0.00000;0.00000;0.00000;0.00000;0.00000;0.00000;0.00000;0.00000;0.00000;0.00000;0.00000;0.00000;0.00000;0.00000;0.00000;0.00000;0.00000;0.00000;0.00000;0.00000
2020-05-30 00:00;1.13775;1.13780;0.00000;1.13629;0.01066;0.00000;0.00000;1.12391;0.00000;1.12396;0.00000;1.12349;0.00000;1.12331;0.00000;1.12324;1.12388;0.00000;1.12456;1.12330;0.00000;1.12337;0.00034;0.00000;0.00000;1.12342;0.00000;1.12290;1.11991;0.00000;1.11791;0.00000;1.11781;0.00000;1.11810;0.00000;1.11756;1.11480;1.11438;1.09744;1.09899;1.08904;1.08990;0.00000;1.07924;1.08048;0.00000;1.07613;1.07733;1.07535;1.07060;1.06909;1.06704;0.00000;1.06744;0.00000;1.06795;1.06895;1.06896;0.00000;1.06951;1.06947;0.00000;1.06961;1.05705;0.00000;1.05787;1.05865;0.00000;1.05577;0.00000;1.05565;0.03649;0.02948;0.02013;0.00000;0.00000;0.00000;0.00000;1.00301;1.00005;0.00000;0.97306;0.95040;0.91672;0.88169;0.85042;0.00000;0.83738;0.79582;0.79336;0.77762;0.00000;0.76202;0.00000;0.73465;0.32351;0.24875;0.18950;0.17874;0.14032;0.12257;0.00000;0.11268;0.00000;0.10985;0.00000;0.10629;0.00000;0.10001;0.00970;0.00000;0.00045;0.00000;0.00000;0.08988;0.00000;0.08235;0.07632;0.05967;0.04532;0.00000;0.00081;0.00000;0.00000;0.00000;0.00000;0.00289;0.00000;0.00000;0.00000;0.02644;0.00000;0.00574;0.00000;0.00000;0.00000;0.02583;0.00000;0.01784;0.00000;0.01431;0.01249;0.00938;0.00000;0.00000;0.00000;0.00000;0.00000;0.38145;0.36028;0.28324;0.23019;0.22967;0.00271;0.00123;0.00000;0.16622;0.00559;0.00000;0.00000;0.00000;0.00000;0.00000;0.00000;0.00000;0.00000;0.01820;0.00000;0.00000;0.00000;0.00000;0.00000;0.01326;0.01296;0.00000;0.00000;0.00000;0.00000;0.00000;0.00000;0.00000;0.00000;0.00000;0.00000;0.00000;0.00000;0.00000;0.00000;0.00000;0.00000;0.00000;0.00000;0.00000;0.00000;0.00000
2020-05-31 00:00;1.57596;1.57612;0.00000;1.56954;0.04706;0.00000;0.00000;1.51245;0.00000;1.51209;0.00000;1.51114;0.00000;1.51045;0.00000;1.51041;1.51143;0.00000;1.51306;1.50841;0.00000;1.50833;0.00072;0.00000;0.00000;1.50807;0.00000;1.50549;1.48581;0.00000;1.47585;0.00000;1.47495;0.00000;1.47589;0.00000;1.47497;1.46713;1.46422;1.41979;1.42252;1.39031;1.39107;0.00000;1.36347;1.36433;0.00000;1.34530;1.34497;1.32620;1.28910;1.28192;1.27372;0.00000;1.27276;0.00000;1.27338;1.27301;1.27297;0.00000;1.27256;1.27096;0.00000;1.26796;1.23492;0.00000;1.23247;1.23138;0.00000;1.22188;0.00000;1.21263;0.05103;0.04123;0.01996;0.00000;0.00000;0.00000;0.00000;1.13709;1.13296;0.00000;1.09823;1.07468;1.03436;0.99909;0.96154;0.00000;0.94719;0.89015;0.88763;0.86629;0.00000;0.84331;0.00000;0.80704;0.37896;0.28516;0.22159;0.20653;0.16977;0.14701;0.00000;0.13383;0.00000;0.12636;0.00000;0.12220;0.00000;0.11639;0.00902;0.00000;0.00080;0.00000;0.00000;0.10694;0.00000;0.09837;0.09088;0.07316;0.03835;0.00000;0.00177;0.00000;0.00000;0.00000;0.00000;0.00411;0.00000;0.00000;0.00000;0.02525;0.00000;0.00429;0.00000;0.00000;0.00000;0.03032;0.00000;0.01869;0.00000;0.01398;0.01209;0.00882;0.00000;0.00000;0.00000;0.00000;0.00000;0.38237;0.35342;0.27526;0.22638;0.22568;0.00339;0.00188;0.00000;0.16392;0.00881;0.00000;0.00000;0.00000;0.00000;0.00000;0.00000;0.00000;0.00000;0.02388;0.00000;0.00000;0.00000;0.00000;0.00000;0.03107;0.02998;0.00000;0.00000;0.00000;0.00000;0.00000;0.00000;0.00000;0.00000;0.00000;0.00000;0.00000;0.00000;0.00000;0.00000;0.00000;0.00000;0.00000;0.00000;0.00000;0.00000;0.00000
2020-06-01 00:00;1.59754;1.59743;0.00000;1.59294;0.02039;0.00000;0.00000;1.55750;0.00000;1.55588;0.00000;1.55224;0.00000;1.54818;0.00000;1.54795;1.54480;0.00000;1.54040;1.53387;0.00000;1.53225;0.00038;0.00000;0.00000;1.53010;0.00000;1.52842;1.51746;0.00000;1.50943;0.00000;1.50718;0.00000;1.50552;0.00000;1.50470;1.48920;1.48649;1.42762;1.41693;1.38728;1.37980;0.00000;1.33500;1.32859;0.00000;1.30359;1.29601;1.27491;1.25396;1.25015;1.23823;0.00000;1.23558;0.00000;1.23368;1.22806;1.22752;0.00000;1.22402;1.22225;0.00000;1.21730;1.18610;0.00000;1.17683;1.16988;0.00000;1.16227;0.00000;1.13839;0.04183;0.03412;0.02019;0.00000;0.00000;0.00000;0.00000;1.05608;1.04986;0.00000;1.00221;0.97013;0.93103;0.88390;0.84609;0.00000;0.82868;0.78152;0.77842;0.75905;0.00000;0.73771;0.00000;0.69275;0.30586;0.23552;0.17402;0.15893;0.12686;0.10971;0.00000;0.09919;0.00000;0.09361;0.00000;0.09055;0.00000;0.08527;0.00703;0.00000;0.00043;0.00000;0.00000;0.07783;0.00000;0.07015;0.06307;0.04899;0.02637;0.00000;0.00127;0.00000;0.00000;0.00000;0.00000;0.00290;0.00000;0.00000;0.00000;0.02095;0.00000;0.00347;0.00000;0.00000;0.00000;0.02528;0.00000;0.01660;0.00000;0.01177;0.01046;0.00790;0.00000;0.00000;0.00000;0.00000;0.00000;0.37102;0.33916;0.26875;0.22054;0.22004;0.00395;0.00187;0.00000;0.16172;0.00639;0.00000;0.00000;0.00000;0.00000;0.00000;0.00000;0.00000;0.00000;0.02297;0.00000;0.00000;0.00000;0.00000;0.00000;0.02567;0.02521;0.00000;0.00000;0.00000;0.00000;0.00000;0.00000;0.00000;0.00000;0.00000;0.00000;0.00000;0.00000;0.00000;0.00000;0.00000;0.00000;0.00000;0.00000;0.00000;0.00000;0.00000
2020-06-02 00:00;1.19576;1.19559;0.00000;1.19289;0.00340;0.00000;0.00000;1.17695;0.00000;1.17510;0.00000;1.17230;0.00000;1.16820;0.00000;1.16793;1.16406;0.00000;1.15845;1.15335;0.00000;1.15150;0.00027;0.00000;0.00000;1.14892;0.00000;1.14746;1.13947;0.00000;1.13350;0.00000;1.13099;0.00000;1.12872;0.00000;1.12805;1.11181;1.11030;1.07939;1.06758;1.05593;1.04815;0.00000;1.02520;1.01888;0.00000;1.00738;1.00032;0.98854;0.97634;0.97499;0.96903;0.00000;0.96638;0.00000;0.96424;0.95878;0.95823;0.00000;0.95470;0.95319;0.00000;0.94874;0.93253;0.00000;0.92357;0.91680;0.00000;0.91347;0.00000;0.89425;0.02817;0.02300;0.01525;0.00000;0.00000;0.00000;0.00000;0.83107;0.82563;0.00000;0.78702;0.75828;0.72943;0.68922;0.66609;0.00000;0.65234;0.62420;0.62129;0.60743;0.00000;0.59191;0.00000;0.56228;0.21148;0.16504;0.11495;0.10245;0.07795;0.06605;0.00000;0.06059;0.00000;0.05649;0.00000;0.05465;0.00000;0.05071;0.00501;0.00000;0.00031;0.00000;0.00000;0.04537;0.00000;0.03880;0.03239;0.02298;0.00939;0.00000;0.00100;0.00000;0.00000;0.00000;0.00000;0.00234;0.00000;0.00000;0.00000;0.01570;0.00000;0.00199;0.00000;0.00000;0.00000;0.01935;0.00000;0.01209;0.00000;0.00990;0.00919;0.00701;0.00000;0.00000;0.00000;0.00000;0.00000;0.34349;0.31405;0.25887;0.20908;0.20872;0.00356;0.00097;0.00000;0.15458;0.00471;0.00000;0.00000;0.00000;0.00000;0.00000;0.00000;0.00000;0.00000;0.01475;0.00000;0.00000;0.00000;0.00000;0.00000;0.01082;0.01051;0.00000;0.00000;0.00000;0.00000;0.00000;0.00000;0.00000;0.00000;0.00000;0.00000;0.00000;0.00000;0.00000;0.00000;0.00000;0.00000;0.00000;0.00000;0.00000;0.00000;0.00000
2020-06-03 00:00;0.89995;0.89988;0.00000;0.89851;0.00237;0.00000;0.00000;0.88911;0.00000;0.88812;0.00000;0.88681;0.00000;0.88448;0.00000;0.88430;0.88239;0.00000;0.87948;0.87647;0.00000;0.87550;0.00026;0.00000;0.00000;0.87414;0.00000;0.87331;0.86930;0.00000;0.86610;0.00000;0.86478;0.00000;0.86362;0.00000;0.86306;0.85270;0.85187;0.84020;0.83492;0.82944;0.82594;0.00000;0.81354;0.81098;0.00000;0.80622;0.80338;0.79850;0.79339;0.79274;0.79021;0.00000;0.78913;0.00000;0.78826;0.78608;0.78581;0.00000;0.78435;0.78371;0.00000;0.78185;0.77227;0.00000;0.76831;0.76538;0.00000;0.76351;0.00000;0.75488;0.02450;0.01945;0.01435;0.00000;0.00000;0.00000;0.00000;0.70809;0.70484;0.00000;0.67867;0.65490;0.63032;0.59668;0.57800;0.00000;0.56624;0.54299;0.54046;0.52868;0.00000;0.51567;0.00000;0.49086;0.16443;0.12765;0.08433;0.07433;0.05355;0.04476;0.00000;0.03980;0.00000;0.03737;0.00000;0.03560;0.00000;0.03182;0.00279;0.00000;0.00025;0.00000;0.00000;0.02876;0.00000;0.02336;0.01888;0.01162;0.00377;0.00000;0.00079;0.00000;0.00000;0.00000;0.00000;0.00201;0.00000;0.00000;0.00000;0.01450;0.00000;0.00201;0.00000;0.00000;0.00000;0.01521;0.00000;0.00967;0.00000;0.00888;0.00803;0.00609;0.00000;0.00000;0.00000;0.00000;0.00000;0.31926;0.29642;0.24779;0.19771;0.19733;0.00294;0.00090;0.00000;0.14734;0.00406;0.00000;0.00000;0.00000;0.00000;0.00000;0.00000;0.00000;0.00000;0.01177;0.00000;0.00000;0.00000;0.00000;0.00000;0.00740;0.00720;0.00000;0.00000;0.00000;0.00000;0.00000;0.00000;0.00000;0.00000;0.00000;0.00000;0.00000;0.00000;0.00000;0.00000;0.00000;0.00000;0.00000;0.00000;0.00000;0.00000;0.00000
2020-06-04 00:00;0.78933;0.78929;0.00000;0.78841;0.00180;0.00000;0.00000;0.78225;0.00000;0.78164;0.00000;0.78086;0.00000;0.77928;0.00000;0.77914;0.77802;0.00000;0.77618;0.77404;0.00000;0.77340;0.00025;0.00000;0.00000;0.77251;0.00000;0.77194;0.76965;0.00000;0.76754;0.00000;0.76662;0.00000;0.76583;0.00000;0.76532;0.76037;0.75984;0.75177;0.74806;0.74371;0.74111;0.00000;0.73185;0.72996;0.00000;0.72608;0.72386;0.72005;0.71617;0.71563;0.71346;0.00000;0.71255;0.00000;0.71178;0.70989;0.70965;0.00000;0.70837;0.70781;0.00000;0.70618;0.69747;0.00000;0.69381;0.69107;0.00000;0.68944;0.00000;0.68143;0.02054;0.01599;0.01091;0.00000;0.00000;0.00000;0.00000;0.64037;0.63690;0.00000;0.61068;0.58793;0.56664;0.53622;0.52066;0.00000;0.51007;0.49084;0.48838;0.47729;0.00000;0.46495;0.00000;0.44358;0.13766;0.10693;0.06907;0.06012;0.04370;0.03786;0.00000;0.03392;0.00000;0.03172;0.00000;0.03011;0.00000;0.02681;0.00153;0.00000;0.00022;0.00000;0.00000;0.02503;0.00000;0.02037;0.01608;0.01006;0.00352;0.00000;0.00069;0.00000;0.00000;0.00000;0.00000;0.00195;0.00000;0.00000;0.00000;0.01213;0.00000;0.00138;0.00000;0.00000;0.00000;0.01292;0.00000;0.00843;0.00000;0.00741;0.00679;0.00511;0.00000;0.00000;0.00000;0.00000;0.00000;0.29969;0.27891;0.23651;0.18648;0.18614;0.00244;0.00066;0.00000;0.14043;0.00383;0.00000;0.00000;0.00000;0.00000;0.00000;0.00000;0.00000;0.00000;0.01033;0.00000;0.00000;0.00000;0.00000;0.00000;0.00678;0.00664;0.00000;0.00000;0.00000;0.00000;0.00000;0.00000;0.00000;0.00000;0.00000;0.00000;0.00000;0.00000;0.00000;0.00000;0.00000;0.00000;0.00000;0.00000;0.00000;0.00000;0.00000
2020-06-05 00:00;0.70654;0.70651;0.00000;0.70570;0.00145;0.00000;0.00000;0.70021;0.00000;0.69966;0.00000;0.69899;0.00000;0.69754;0.00000;0.69742;0.69639;0.00000;0.69470;0.69281;0.00000;0.69222;0.00022;0.00000;0.00000;0.69141;0.00000;0.69090;0.68887;0.00000;0.68704;0.00000;0.68622;0.00000;0.68550;0.00000;0.68504;0.68250;0.68207;0.67652;0.67322;0.66942;0.66715;0.00000;0.65911;0.65745;0.00000;0.65412;0.65220;0.64902;0.64578;0.64533;0.64346;0.00000;0.64268;0.00000;0.64202;0.64039;0.64017;0.00000;0.63906;0.63858;0.00000;0.63718;0.62940;0.00000;0.62621;0.62381;0.00000;0.62239;0.00000;0.61561;0.01682;0.01277;0.00854;0.00000;0.00000;0.00000;0.00000;0.58117;0.57829;0.00000;0.55567;0.53422;0.51577;0.48803;0.47472;0.00000;0.46563;0.44836;0.44599;0.43572;0.00000;0.42427;0.00000;0.40610;0.11999;0.09172;0.05821;0.05009;0.03654;0.03230;0.00000;0.02906;0.00000;0.02723;0.00000;0.02577;0.00000;0.02276;0.00130;0.00000;0.00019;0.00000;0.00000;0.02123;0.00000;0.01727;0.01351;0.00846;0.00324;0.00000;0.00061;0.00000;0.00000;0.00000;0.00000;0.00172;0.00000;0.00000;0.00000;0.00984;0.00000;0.00091;0.00000;0.00000;0.00000;0.00962;0.00000;0.00676;0.00000;0.00605;0.00549;0.00404;0.00000;0.00000;0.00000;0.00000;0.00000;0.28092;0.26045;0.22506;0.17539;0.17507;0.00197;0.00064;0.00000;0.13388;0.00345;0.00000;0.00000;0.00000;0.00000;0.00000;0.00000;0.00000;0.00000;0.00873;0.00000;0.00000;0.00000;0.00000;0.00000;0.00613;0.00599;0.00000;0.00000;0.00000;0.00000;0.00000;0.00000;0.00000;0.00000;0.00000;0.00000;0.00000;0.00000;0.00000;0.00000;0.00000;0.00000;0.00000;0.00000;0.00000;0.00000;0.00000
2020-06-06 00:00;0.74733;0.74738;0.00000;0.74500;0.01452;0.00000;0.00000;0.72647;0.00000;0.72627;0.00000;0.72596;0.00000;0.72542;0.00000;0.72536;0.72562;0.00000;0.72592;0.72414;0.00000;0.72403;0.00035;0.00000;0.00000;0.72382;0.00000;0.72289;0.71663;0.00000;0.71330;0.00000;0.71290;0.00000;0.71309;0.00000;0.71258;0.70969;0.70906;0.69479;0.69547;0.68439;0.68457;0.00000;0.67393;0.67445;0.00000;0.66824;0.66846;0.66288;0.65179;0.64935;0.64651;0.00000;0.64623;0.00000;0.64646;0.64640;0.64634;0.00000;0.64622;0.64568;0.00000;0.64459;0.63059;0.00000;0.62953;0.62906;0.00000;0.62543;0.00000;0.62258;0.02202;0.01686;0.00747;0.00000;0.00000;0.00000;0.00000;0.58786;0.58513;0.00000;0.56322;0.54476;0.52489;0.50206;0.48813;0.00000;0.47993;0.45687;0.45478;0.44352;0.00000;0.43258;0.00000;0.41663;0.13524;0.09996;0.06919;0.06187;0.04927;0.04292;0.00000;0.03922;0.00000;0.03668;0.00000;0.03465;0.00000;0.03148;0.00186;0.00000;0.00036;0.00000;0.00000;0.02938;0.00000;0.02572;0.02205;0.01612;0.00433;0.00000;0.00091;0.00000;0.00000;0.00000;0.00000;0.00211;0.00000;0.00000;0.00000;0.00916;0.00000;0.00105;0.00000;0.00000;0.00000;0.01094;0.00000;0.00722;0.00000;0.00525;0.00449;0.00302;0.00000;0.00000;0.00000;0.00000;0.00000;0.26610;0.24698;0.21421;0.16509;0.16474;0.00165;0.00070;0.00000;0.12791;0.00437;0.00000;0.00000;0.00000;0.00000;0.00000;0.00000;0.00000;0.00000;0.01171;0.00000;0.00000;0.00000;0.00000;0.00000;0.01338;0.01296;0.00000;0.00000;0.00000;0.00000;0.00000;0.00000;0.00000;0.00000;0.00000;0.00000;0.00000;0.00000;0.00000;0.00000;0.00000;0.00000;0.00000;0.00000;0.00000;0.00000;0.00000
2020-06-07 00:00;0.80511;0.80511;0.00000;0.80236;0.01215;0.00000;0.00000;0.78519;0.00000;0.78477;0.00000;0.78367;0.00000;0.78247;0.00000;0.78237;0.78180;0.00000;0.78088;0.77837;0.00000;0.77794;0.00027;0.00000;0.00000;0.77735;0.00000;0.77663;0.77224;0.00000;0.76910;0.00000;0.76841;0.00000;0.76805;0.00000;0.76755;0.76071;0.75965;0.73662;0.73414;0.72105;0.71913;0.00000;0.70080;0.69928;0.00000;0.68974;0.68778;0.68030;0.67159;0.66975;0.66510;0.00000;0.66438;0.00000;0.66392;0.66245;0.66225;0.00000;0.66127;0.66067;0.00000;0.65908;0.64459;0.00000;0.64169;0.63954;0.00000;0.63592;0.00000;0.62820;0.01987;0.01524;0.00869;0.00000;0.00000;0.00000;0.00000;0.59140;0.58838;0.00000;0.56399;0.54312;0.52336;0.49623;0.47799;0.00000;0.46801;0.44388;0.44163;0.43072;0.00000;0.41932;0.00000;0.39819;0.13869;0.10282;0.07262;0.06475;0.05107;0.04512;0.00000;0.03941;0.00000;0.03723;0.00000;0.03522;0.00000;0.03151;0.00194;0.00000;0.00028;0.00000;0.00000;0.02931;0.00000;0.02635;0.02248;0.01385;0.00411;0.00000;0.00074;0.00000;0.00000;0.00000;0.00000;0.00188;0.00000;0.00000;0.00000;0.00978;0.00000;0.00206;0.00000;0.00000;0.00000;0.00819;0.00000;0.00523;0.00000;0.00413;0.00333;0.00212;0.00000;0.00000;0.00000;0.00000;0.00000;0.25043;0.22602;0.20398;0.15455;0.15421;0.00156;0.00088;0.00000;0.12241;0.00363;0.00000;0.00000;0.00000;0.00000;0.00000;0.00000;0.00000;0.00000;0.01227;0.00000;0.00000;0.00000;0.00000;0.00000;0.01287;0.01259;0.00000;0.00000;0.00000;0.00000;0.00000;0.00000;0.00000;0.00000;0.00000;0.00000;0.00000;0.00000;0.00000;0.00000;0.00000;0.00000;0.00000;0.00000;0.00000;0.00000;0.00000
2020-06-08 00:00;0.71239;0.71232;0.00000;0.71072;0.00383;0.00000;0.00000;0.70054;0.00000;0.69967;0.00000;0.69839;0.00000;0.69633;0.00000;0.69618;0.69442;0.00000;0.69178;0.68900;0.00000;0.68811;0.00021;0.00000;0.00000;0.68685;0.00000;0.68609;0.68220;0.00000;0.67911;0.00000;0.67786;0.00000;0.67675;0.00000;0.67628;0.66956;0.66875;0.65418;0.64854;0.64150;0.63768;0.00000;0.62361;0.62054;0.00000;0.61386;0.61034;0.60394;0.59723;0.59633;0.59282;0.00000;0.59146;0.00000;0.59036;0.58753;0.58721;0.00000;0.58535;0.58454;0.00000;0.58219;0.57204;0.00000;0.56711;0.56338;0.00000;0.56120;0.00000;0.55073;0.01372;0.00999;0.00571;0.00000;0.00000;0.00000;0.00000;0.51719;0.51400;0.00000;0.48989;0.46865;0.45418;0.42732;0.41320;0.00000;0.40413;0.38604;0.38374;0.37462;0.00000;0.36384;0.00000;0.34511;0.11148;0.08347;0.05704;0.04913;0.03811;0.03340;0.00000;0.02937;0.00000;0.02725;0.00000;0.02580;0.00000;0.02282;0.00144;0.00000;0.00019;0.00000;0.00000;0.02114;0.00000;0.01945;0.01575;0.00953;0.00323;0.00000;0.00059;0.00000;0.00000;0.00000;0.00000;0.00169;0.00000;0.00000;0.00000;0.00735;0.00000;0.00130;0.00000;0.00000;0.00000;0.00617;0.00000;0.00404;0.00000;0.00313;0.00262;0.00171;0.00000;0.00000;0.00000;0.00000;0.00000;0.22868;0.20162;0.19350;0.14344;0.14315;0.00148;0.00058;0.00000;0.11705;0.00316;0.00000;0.00000;0.00000;0.00000;0.00000;0.00000;0.00000;0.00000;0.00841;0.00000;0.00000;0.00000;0.00000;0.00000;0.00730;0.00709;0.00000;0.00000;0.00000;0.00000;0.00000;0.00000;0.00000;0.00000;0.00000;0.00000;0.00000;0.00000;0.00000;0.00000;0.00000;0.00000;0.00000;0.00000;0.00000;0.00000;0.00000
2020-06-09 00:00;0.61213;0.61210;0.00000;0.61040;0.00637;0.00000;0.00000;0.59835;0.00000;0.59768;0.00000;0.59663;0.00000;0.59510;0.00000;0.59498;0.59386;0.00000;0.59219;0.58973;0.00000;0.58911;0.00024;0.00000;0.00000;0.58821;0.00000;0.58739;0.58262;0.00000;0.57943;0.00000;0.57849;0.00000;0.57785;0.00000;0.57739;0.57402;0.57317;0.56090;0.55771;0.55175;0.54956;0.00000;0.53923;0.53769;0.00000;0.53312;0.53130;0.52685;0.52025;0.51942;0.51737;0.00000;0.51675;0.00000;0.51632;0.51515;0.51498;0.00000;0.51419;0.51376;0.00000;0.51258;0.50463;0.00000;0.50233;0.50071;0.00000;0.49889;0.00000;0.49406;0.01291;0.00912;0.00510;0.00000;0.00000;0.00000;0.00000;0.46789;0.46535;0.00000;0.44575;0.42747;0.41332;0.38980;0.37629;0.00000;0.36802;0.35007;0.34804;0.33996;0.00000;0.33108;0.00000;0.31392;0.09904;0.07278;0.04936;0.04282;0.03233;0.02791;0.00000;0.02412;0.00000;0.02265;0.00000;0.02125;0.00000;0.01838;0.00128;0.00000;0.00018;0.00000;0.00000;0.01689;0.00000;0.01601;0.01319;0.00779;0.00307;0.00000;0.00052;0.00000;0.00000;0.00000;0.00000;0.00150;0.00000;0.00000;0.00000;0.00734;0.00000;0.00144;0.00000;0.00000;0.00000;0.00533;0.00000;0.00352;0.00000;0.00290;0.00227;0.00154;0.00000;0.00000;0.00000;0.00000;0.00000;0.20911;0.18909;0.18276;0.13149;0.13120;0.00136;0.00068;0.00000;0.11192;0.00288;0.00000;0.00000;0.00000;0.00000;0.00000;0.00000;0.00000;0.00000;0.00887;0.00000;0.00000;0.00000;0.00000;0.00000;0.00672;0.00653;0.00000;0.00000;0.00000;0.00000;0.00000;0.00000;0.00000;0.00000;0.00000;0.00000;0.00000;0.00000;0.00000;0.00000;0.00000;0.00000;0.00000;0.00000;0.00000;0.00000;0.00000
2020-06-10 00:00;0.58172;0.58170;0.00000;0.58073;0.00585;0.00000;0.00000;0.57086;0.00000;0.57046;0.00000;0.56979;0.00000;0.56872;0.00000;0.56863;0.56802;0.00000;0.56703;0.56516;0.00000;0.56475;0.00023;0.00000;0.00000;0.56417;0.00000;0.56357;0.56027;0.00000;0.55793;0.00000;0.55727;0.00000;0.55686;0.00000;0.55645;0.55146;0.55089;0.53815;0.53581;0.52862;0.52685;0.00000;0.51568;0.51431;0.00000;0.50880;0.50705;0.50195;0.49526;0.49411;0.49143;0.00000;0.49062;0.00000;0.49008;0.48852;0.48832;0.00000;0.48727;0.48668;0.00000;0.48508;0.47535;0.00000;0.47217;0.46984;0.00000;0.46758;0.00000;0.46056;0.01224;0.00873;0.00475;0.00000;0.00000;0.00000;0.00000;0.43310;0.43052;0.00000;0.41042;0.39215;0.37938;0.35659;0.34505;0.00000;0.33741;0.32036;0.31833;0.31047;0.00000;0.30193;0.00000;0.28649;0.08629;0.06159;0.04109;0.03518;0.02611;0.02304;0.00000;0.01997;0.00000;0.01869;0.00000;0.01747;0.00000;0.01505;0.00109;0.00000;0.00015;0.00000;0.00000;0.01377;0.00000;0.01306;0.01080;0.00646;0.00280;0.00000;0.00046;0.00000;0.00000;0.00000;0.00000;0.00128;0.00000;0.00000;0.00000;0.00607;0.00000;0.00097;0.00000;0.00000;0.00000;0.00447;0.00000;0.00307;0.00000;0.00242;0.00196;0.00139;0.00000;0.00000;0.00000;0.00000;0.00000;0.19482;0.17748;0.17162;0.11624;0.11598;0.00125;0.00049;0.00000;0.10701;0.00254;0.00000;0.00000;0.00000;0.00000;0.00000;0.00000;0.00000;0.00000;0.00787;0.00000;0.00000;0.00000;0.00000;0.00000;0.00798;0.00778;0.00000;0.00000;0.00000;0.00000;0.00000;0.00000;0.00000;0.00000;0.00000;0.00000;0.00000;0.00000;0.00000;0.00000;0.00000;0.00000;0.00000;0.00000;0.00000;0.00000;0.00000
2020-06-11 00:00;0.56122;0.56123;0.00000;0.56054;0.00544;0.00000;0.00000;0.55257;0.00000;0.55244;0.00000;0.55203;0.00000;0.55158;0.00000;0.55152;0.55164;0.00000;0.55171;0.55055;0.00000;0.55054;0.00022;0.00000;0.00000;0.55051;0.00000;0.55019;0.54856;0.00000;0.54751;0.00000;0.54751;0.00000;0.54775;0.00000;0.54738;0.54665;0.54627;0.53357;0.53584;0.52758;0.52937;0.00000;0.52056;0.52290;0.00000;0.52084;0.52384;0.52580;0.52711;0.52592;0.52523;0.00000;0.52656;0.00000;0.52781;0.53077;0.53095;0.00000;0.53280;0.53333;0.00000;0.53513;0.52598;0.00000;0.53043;0.53407;0.00000;0.53193;0.00000;0.54003;0.02145;0.01560;0.00725;0.00000;0.00000;0.00000;0.00000;0.51669;0.51560;0.00000;0.50231;0.48990;0.46930;0.45252;0.43185;0.00000;0.42359;0.39042;0.38891;0.37850;0.00000;0.36977;0.00000;0.34808;0.13231;0.08458;0.06288;0.05761;0.04201;0.03624;0.00000;0.02963;0.00000;0.02869;0.00000;0.02636;0.00000;0.02267;0.00199;0.00000;0.00026;0.00000;0.00000;0.02044;0.00000;0.01974;0.01770;0.00953;0.00417;0.00000;0.00046;0.00000;0.00000;0.00000;0.00000;0.00176;0.00000;0.00000;0.00000;0.01151;0.00000;0.00274;0.00000;0.00000;0.00000;0.00718;0.00000;0.00454;0.00000;0.00367;0.00235;0.00141;0.00000;0.00000;0.00000;0.00000;0.00000;0.18999;0.17858;0.16077;0.10841;0.10799;0.00139;0.00121;0.00000;0.10271;0.00358;0.00000;0.00000;0.00000;0.00000;0.00000;0.00000;0.00000;0.00000;0.01480;0.00000;0.00000;0.00000;0.00000;0.00000;0.01197;0.01172;0.00000;0.00000;0.00000;0.00000;0.00000;0.00000;0.00000;0.00000;0.00000;0.00000;0.00000;0.00000;0.00000;0.00000;0.00000;0.00000;0.00000;0.00000;0.00000;0.00000;0.00000
2020-06-12 00:00;0.66358;0.66361;0.00000;0.66349;0.00250;0.00000;0.00000;0.66105;0.00000;0.66110;0.00000;0.66101;0.00000;0.66077;0.00000;0.66072;0.66093;0.00000;0.66091;0.66003;0.00000;0.65992;0.00018;0.00000;0.00000;0.65977;0.00000;0.65957;0.65908;0.00000;0.65820;0.00000;0.65787;0.00000;0.65761;0.00000;0.65726;0.65469;0.65433;0.64418;0.64247;0.63488;0.63324;0.00000;0.62189;0.62030;0.00000;0.61488;0.61262;0.60741;0.60187;0.60087;0.59733;0.00000;0.59609;0.00000;0.59508;0.59242;0.59211;0.00000;0.59032;0.58951;0.00000;0.58718;0.57475;0.00000;0.56967;0.56571;0.00000;0.56339;0.00000;0.55188;0.01559;0.01157;0.00621;0.00000;0.00000;0.00000;0.00000;0.51315;0.50935;0.00000;0.48162;0.46083;0.44332;0.41668;0.39862;0.00000;0.38884;0.36236;0.36022;0.34948;0.00000;0.33776;0.00000;0.31263;0.12063;0.08397;0.06081;0.05362;0.04174;0.03584;0.00000;0.03042;0.00000;0.02807;0.00000;0.02647;0.00000;0.02364;0.00154;0.00000;0.00023;0.00000;0.00000;0.02190;0.00000;0.02067;0.01759;0.01156;0.00336;0.00000;0.00061;0.00000;0.00000;0.00000;0.00000;0.00171;0.00000;0.00000;0.00000;0.00830;0.00000;0.00162;0.00000;0.00000;0.00000;0.00832;0.00000;0.00509;0.00000;0.00272;0.00211;0.00146;0.00000;0.00000;0.00000;0.00000;0.00000;0.18348;0.16221;0.15156;0.10324;0.10296;0.00159;0.00085;0.00000;0.09887;0.00339;0.00000;0.00000;0.00000;0.00000;0.00000;0.00000;0.00000;0.00000;0.01160;0.00000;0.00000;0.00000;0.00000;0.00000;0.00957;0.00940;0.00000;0.00000;0.00000;0.00000;0.00000;0.00000;0.00000;0.00000;0.00000;0.00000;0.00000;0.00000;0.00000;0.00000;0.00000;0.00000;0.00000;0.00000;0.00000;0.00000;0.00000
2020-06-13 00:00;0.57238;0.57230;0.00000;0.57117;0.00121;0.00000;0.00000;0.56396;0.00000;0.56309;0.00000;0.56203;0.00000;0.56002;0.00000;0.55988;0.55809;0.00000;0.55543;0.55294;0.00000;0.55206;0.00017;0.00000;0.00000;0.55083;0.00000;0.55013;0.54664;0.00000;0.54391;0.00000;0.54270;0.00000;0.54161;0.00000;0.54120;0.53681;0.53617;0.52943;0.52388;0.51923;0.51550;0.00000;0.50588;0.50283;0.00000;0.49794;0.49444;0.48875;0.48282;0.48219;0.47946;0.00000;0.47806;0.00000;0.47691;0.47402;0.47371;0.00000;0.47182;0.47102;0.00000;0.46868;0.46017;0.00000;0.45517;0.45140;0.00000;0.44985;0.00000;0.43970;0.01206;0.00874;0.00608;0.00000;0.00000;0.00000;0.00000;0.40804;0.40497;0.00000;0.38351;0.36500;0.35183;0.32740;0.31763;0.00000;0.30964;0.29272;0.29073;0.28278;0.00000;0.27381;0.00000;0.25821;0.08678;0.06378;0.04643;0.03968;0.03048;0.02621;0.00000;0.02340;0.00000;0.02164;0.00000;0.02051;0.00000;0.01809;0.00105;0.00000;0.00016;0.00000;0.00000;0.01685;0.00000;0.01580;0.01335;0.00869;0.00272;0.00000;0.00052;0.00000;0.00000;0.00000;0.00000;0.00133;0.00000;0.00000;0.00000;0.00608;0.00000;0.00115;0.00000;0.00000;0.00000;0.00535;0.00000;0.00341;0.00000;0.00234;0.00184;0.00135;0.00000;0.00000;0.00000;0.00000;0.00000;0.16744;0.14739;0.14288;0.09847;0.09823;0.00146;0.00042;0.00000;0.09498;0.00263;0.00000;0.00000;0.00000;0.00000;0.00000;0.00000;0.00000;0.00000;0.00766;0.00000;0.00000;0.00000;0.00000;0.00000;0.00562;0.00546;0.00000;0.00000;0.00000;0.00000;0.00000;0.00000;0.00000;0.00000;0.00000;0.00000;0.00000;0.00000;0.00000;0.00000;0.00000;0.00000;0.00000;0.00000;0.00000;0.00000;0.00000
2020-06-14 00:00;0.45751;0.45746;0.00000;0.45658;0.00105;0.00000;0.00000;0.45081;0.00000;0.45015;0.00000;0.44934;0.00000;0.44779;0.00000;0.44767;0.44634;0.00000;0.44433;0.44241;0.00000;0.44174;0.00015;0.00000;0.00000;0.44081;0.00000;0.44027;0.43770;0.00000;0.43566;0.00000;0.43476;0.00000;0.43395;0.00000;0.43361;0.43066;0.43020;0.42523;0.42124;0.41809;0.41543;0.00000;0.40788;0.40578;0.00000;0.40234;0.40000;0.39628;0.39253;0.39211;0.39031;0.00000;0.38945;0.00000;0.38874;0.38698;0.38676;0.00000;0.38562;0.38513;0.00000;0.38372;0.37761;0.00000;0.37451;0.37224;0.00000;0.37108;0.00000;0.36496;0.00820;0.00553;0.00311;0.00000;0.00000;0.00000;0.00000;0.34354;0.34124;0.00000;0.32467;0.30934;0.29945;0.28056;0.27371;0.00000;0.26769;0.25469;0.25297;0.24623;0.00000;0.23937;0.00000;0.22620;0.06857;0.04964;0.03714;0.03201;0.02477;0.02148;0.00000;0.01873;0.00000;0.01733;0.00000;0.01631;0.00000;0.01425;0.00093;0.00000;0.00014;0.00000;0.00000;0.01316;0.00000;0.01238;0.01044;0.00679;0.00257;0.00000;0.00048;0.00000;0.00000;0.00000;0.00000;0.00120;0.00000;0.00000;0.00000;0.00495;0.00000;0.00081;0.00000;0.00000;0.00000;0.00398;0.00000;0.00256;0.00000;0.00198;0.00162;0.00121;0.00000;0.00000;0.00000;0.00000;0.00000;0.15419;0.13889;0.13477;0.09427;0.09406;0.00126;0.00045;0.00000;0.09115;0.00223;0.00000;0.00000;0.00000;0.00000;0.00000;0.00000;0.00000;0.00000;0.00591;0.00000;0.00000;0.00000;0.00000;0.00000;0.00442;0.00431;0.00000;0.00000;0.00000;0.00000;0.00000;0.00000;0.00000;0.00000;0.00000;0.00000;0.00000;0.00000;0.00000;0.00000;0.00000;0.00000;0.00000;0.00000;0.00000;0.00000;0.00000
2020-06-15 00:00;0.39480;0.39477;0.00000;0.39412;0.00106;0.00000;0.00000;0.39022;0.00000;0.38981;0.00000;0.38934;0.00000;0.38810;0.00000;0.38798;0.38728;0.00000;0.38601;0.38439;0.00000;0.38396;0.00023;0.00000;0.00000;0.38337;0.00000;0.38300;0.38175;0.00000;0.38045;0.00000;0.37984;0.00000;0.37931;0.00000;0.37885;0.37735;0.37703;0.37345;0.37119;0.36845;0.36686;0.00000;0.36065;0.35971;0.00000;0.35752;0.35649;0.35479;0.35316;0.35284;0.35163;0.00000;0.35126;0.00000;0.35092;0.35015;0.35001;0.00000;0.34946;0.34921;0.00000;0.34850;0.34308;0.00000;0.34138;0.34015;0.00000;0.33909;0.00000;0.33572;0.00856;0.00559;0.00404;0.00000;0.00000;0.00000;0.00000;0.31650;0.31462;0.00000;0.30061;0.28670;0.27625;0.25814;0.25255;0.00000;0.24660;0.23400;0.23243;0.22615;0.00000;0.22050;0.00000;0.20905;0.06191;0.04588;0.03565;0.03038;0.02273;0.01982;0.00000;0.01743;0.00000;0.01635;0.00000;0.01537;0.00000;0.01322;0.00092;0.00000;0.00014;0.00000;0.00000;0.01214;0.00000;0.01145;0.00958;0.00599;0.00247;0.00000;0.00043;0.00000;0.00000;0.00000;0.00000;0.00121;0.00000;0.00000;0.00000;0.00518;0.00000;0.00075;0.00000;0.00000;0.00000;0.00381;0.00000;0.00249;0.00000;0.00207;0.00167;0.00121;0.00000;0.00000;0.00000;0.00000;0.00000;0.14401;0.13158;0.12738;0.09060;0.09036;0.00109;0.00040;0.00000;0.08745;0.00242;0.00000;0.00000;0.00000;0.00000;0.00000;0.00000;0.00000;0.00000;0.00633;0.00000;0.00000;0.00000;0.00000;0.00000;0.00465;0.00454;0.00000;0.00000;0.00000;0.00000;0.00000;0.00000;0.00000;0.00000;0.00000;0.00000;0.00000;0.00000;0.00000;0.00000;0.00000;0.00000;0.00000;0.00000;0.00000;0.00000;0.00000
2020-06-16 00:00;0.36673;0.36671;0.00000;0.36627;0.00097;0.00000;0.00000;0.36321;0.00000;0.36293;0.00000;0.36259;0.00000;0.36177;0.00000;0.36169;0.36120;0.00000;0.36031;0.35913;0.00000;0.35881;0.00015;0.00000;0.00000;0.35836;0.00000;0.35807;0.35704;0.00000;0.35598;0.00000;0.35549;0.00000;0.35508;0.00000;0.35476;0.35354;0.35329;0.35013;0.34822;0.34562;0.34425;0.00000;0.33815;0.33710;0.00000;0.33479;0.33351;0.33133;0.32896;0.32861;0.32718;0.00000;0.32659;0.00000;0.32608;0.32482;0.32464;0.00000;0.32379;0.32341;0.00000;0.32233;0.31691;0.00000;0.31438;0.31246;0.00000;0.31138;0.00000;0.30605;0.00668;0.00438;0.00255;0.00000;0.00000;0.00000;0.00000;0.28756;0.28555;0.00000;0.27149;0.25791;0.24956;0.23280;0.22899;0.00000;0.22396;0.21283;0.21130;0.20557;0.00000;0.20013;0.00000;0.19019;0.05185;0.03689;0.02800;0.02376;0.01785;0.01600;0.00000;0.01405;0.00000;0.01309;0.00000;0.01226;0.00000;0.01057;0.00072;0.00000;0.00010;0.00000;0.00000;0.00972;0.00000;0.00921;0.00777;0.00500;0.00227;0.00000;0.00037;0.00000;0.00000;0.00000;0.00000;0.00090;0.00000;0.00000;0.00000;0.00392;0.00000;0.00052;0.00000;0.00000;0.00000;0.00284;0.00000;0.00188;0.00000;0.00159;0.00131;0.00097;0.00000;0.00000;0.00000;0.00000;0.00000;0.13547;0.12418;0.12067;0.08651;0.08634;0.00094;0.00030;0.00000;0.08391;0.00169;0.00000;0.00000;0.00000;0.00000;0.00000;0.00000;0.00000;0.00000;0.00494;0.00000;0.00000;0.00000;0.00000;0.00000;0.00411;0.00401;0.00000;0.00000;0.00000;0.00000;0.00000;0.00000;0.00000;0.00000;0.00000;0.00000;0.00000;0.00000;0.00000;0.00000;0.00000;0.00000;0.00000;0.00000;0.00000;0.00000;0.00000
2020-06-17 00:00;0.33700;0.33698;0.00000;0.33637;0.00095;0.00000;0.00000;0.33272;0.00000;0.33230;0.00000;0.33183;0.00000;0.33056;0.00000;0.33044;0.32971;0.00000;0.32842;0.32678;0.00000;0.32633;0.00022;0.00000;0.00000;0.32574;0.00000;0.32535;0.32410;0.00000;0.32280;0.00000;0.32219;0.00000;0.32160;0.00000;0.32114;0.31974;0.31939;0.31574;0.31325;0.31052;0.30874;0.00000;0.30267;0.30163;0.00000;0.29941;0.29827;0.29643;0.29464;0.29433;0.29315;0.00000;0.29276;0.00000;0.29241;0.29160;0.29146;0.00000;0.29091;0.29067;0.00000;0.28997;0.28461;0.00000;0.28297;0.28180;0.00000;0.28084;0.00000;0.27769;0.00643;0.00396;0.00245;0.00000;0.00000;0.00000;0.00000;0.26216;0.26057;0.00000;0.24940;0.23780;0.22992;0.21552;0.21190;0.00000;0.20770;0.19726;0.19595;0.19060;0.00000;0.18624;0.00000;0.17773;0.04726;0.03625;0.02857;0.02474;0.01842;0.01656;0.00000;0.01465;0.00000;0.01386;0.00000;0.01294;0.00000;0.01096;0.00088;0.00000;0.00013;0.00000;0.00000;0.00993;0.00000;0.00940;0.00789;0.00493;0.00226;0.00000;0.00038;0.00000;0.00000;0.00000;0.00000;0.00107;0.00000;0.00000;0.00000;0.00436;0.00000;0.00039;0.00000;0.00000;0.00000;0.00301;0.00000;0.00202;0.00000;0.00174;0.00141;0.00101;0.00000;0.00000;0.00000;0.00000;0.00000;0.12808;0.11846;0.11454;0.08328;0.08307;0.00082;0.00035;0.00000;0.08052;0.00209;0.00000;0.00000;0.00000;0.00000;0.00000;0.00000;0.00000;0.00000;0.00442;0.00000;0.00000;0.00000;0.00000;0.00000;0.00459;0.00449;0.00000;0.00000;0.00000;0.00000;0.00000;0.00000;0.00000;0.00000;0.00000;0.00000;0.00000;0.00000;0.00000;0.00000;0.00000;0.00000;0.00000;0.00000;0.00000;0.00000;0.00000
2020-06-18 00:00;0.30852;0.30851;0.00000;0.30811;0.00085;0.00000;0.00000;0.30540;0.00000;0.30515;0.00000;0.30483;0.00000;0.30408;0.00000;0.30401;0.30357;0.00000;0.30277;0.30169;0.00000;0.30140;0.00014;0.00000;0.00000;0.30101;0.00000;0.30074;0.29986;0.00000;0.29893;0.00000;0.29850;0.00000;0.29814;0.00000;0.29784;0.29683;0.29660;0.29360;0.29196;0.28952;0.28838;0.00000;0.28272;0.28189;0.00000;0.27990;0.27887;0.27710;0.27516;0.27484;0.27359;0.00000;0.27309;0.00000;0.27266;0.27160;0.27144;0.00000;0.27071;0.27039;0.00000;0.26947;0.26439;0.00000;0.26219;0.26050;0.00000;0.25953;0.00000;0.25479;0.00488;0.00308;0.00169;0.00000;0.00000;0.00000;0.00000;0.23972;0.23810;0.00000;0.22716;0.21584;0.20975;0.19589;0.19316;0.00000;0.18972;0.18059;0.17932;0.17464;0.00000;0.17090;0.00000;0.16357;0.03956;0.02968;0.02280;0.01934;0.01452;0.01322;0.00000;0.01151;0.00000;0.01068;0.00000;0.01004;0.00000;0.00861;0.00056;0.00000;0.00009;0.00000;0.00000;0.00793;0.00000;0.00749;0.00624;0.00395;0.00191;0.00000;0.00030;0.00000;0.00000;0.00000;0.00000;0.00076;0.00000;0.00000;0.00000;0.00319;0.00000;0.00024;0.00000;0.00000;0.00000;0.00220;0.00000;0.00142;0.00000;0.00122;0.00101;0.00075;0.00000;0.00000;0.00000;0.00000;0.00000;0.12135;0.11167;0.10893;0.07944;0.07931;0.00071;0.00020;0.00000;0.07732;0.00137;0.00000;0.00000;0.00000;0.00000;0.00000;0.00000;0.00000;0.00000;0.00341;0.00000;0.00000;0.00000;0.00000;0.00000;0.00395;0.00386;0.00000;0.00000;0.00000;0.00000;0.00000;0.00000;0.00000;0.00000;0.00000;0.00000;0.00000;0.00000;0.00000;0.00000;0.00000;0.00000;0.00000;0.00000;0.00000;0.00000;0.00000
2020-06-19 00:00;0.28488;0.28486;0.00000;0.28433;0.00077;0.00000;0.00000;0.28111;0.00000;0.28072;0.00000;0.28029;0.00000;0.27915;0.00000;0.27905;0.27839;0.00000;0.27715;0.27563;0.00000;0.27522;0.00019;0.00000;0.00000;0.27467;0.00000;0.27433;0.27312;0.00000;0.27190;0.00000;0.27132;0.00000;0.27077;0.00000;0.27035;0.26899;0.26869;0.26503;0.26272;0.26032;0.25862;0.00000;0.25289;0.25183;0.00000;0.24967;0.24852;0.24665;0.24484;0.24454;0.24342;0.00000;0.24302;0.00000;0.24268;0.24189;0.24176;0.00000;0.24123;0.24100;0.00000;0.24034;0.23563;0.00000;0.23413;0.23308;0.00000;0.23221;0.00000;0.22941;0.00471;0.00293;0.00176;0.00000;0.00000;0.00000;0.00000;0.21750;0.21634;0.00000;0.20861;0.19974;0.19430;0.18355;0.18069;0.00000;0.17804;0.16821;0.16721;0.16304;0.00000;0.16036;0.00000;0.15440;0.03721;0.02783;0.02257;0.02000;0.01518;0.01383;0.00000;0.01220;0.00000;0.01165;0.00000;0.01082;0.00000;0.00925;0.00083;0.00000;0.00013;0.00000;0.00000;0.00829;0.00000;0.00787;0.00675;0.00451;0.00208;0.00000;0.00035;0.00000;0.00000;0.00000;0.00000;0.00084;0.00000;0.00000;0.00000;0.00347;0.00000;0.00038;0.00000;0.00000;0.00000;0.00224;0.00000;0.00150;0.00000;0.00128;0.00103;0.00071;0.00000;0.00000;0.00000;0.00000;0.00000;0.11529;0.10718;0.10377;0.07650;0.07633;0.00061;0.00026;0.00000;0.07427;0.00155;0.00000;0.00000;0.00000;0.00000;0.00000;0.00000;0.00000;0.00000;0.00311;0.00000;0.00000;0.00000;0.00000;0.00000;0.00398;0.00389;0.00000;0.00000;0.00000;0.00000;0.00000;0.00000;0.00000;0.00000;0.00000;0.00000;0.00000;0.00000;0.00000;0.00000;0.00000;0.00000;0.00000;0.00000;0.00000;0.00000;0.00000
2020-06-20 00:00;0.25792;0.25791;0.00000;0.25757;0.00071;0.00000;0.00000;0.25537;0.00000;0.25515;0.00000;0.25489;0.00000;0.25427;0.00000;0.25421;0.25386;0.00000;0.25319;0.25227;0.00000;0.25204;0.00012;0.00000;0.00000;0.25171;0.00000;0.25149;0.25080;0.00000;0.25005;0.00000;0.24971;0.00000;0.24943;0.00000;0.24917;0.24838;0.24821;0.24534;0.24414;0.24206;0.24123;0.00000;0.23616;0.23557;0.00000;0.23394;0.23323;0.23197;0.23057;0.23030;0.22926;0.00000;0.22890;0.00000;0.22858;0.22781;0.22767;0.00000;0.22713;0.22689;0.00000;0.22619;0.22194;0.00000;0.22023;0.21893;0.00000;0.21808;0.00000;0.21435;0.00376;0.00239;0.00124;0.00000;0.00000;0.00000;0.00000;0.20252;0.20123;0.00000;0.19392;0.18543;0.18099;0.17051;0.16815;0.00000;0.16569;0.15731;0.15643;0.15263;0.00000;0.15003;0.00000;0.14439;0.03250;0.02434;0.01933;0.01674;0.01272;0.01168;0.00000;0.01017;0.00000;0.00948;0.00000;0.00891;0.00000;0.00773;0.00052;0.00000;0.00008;0.00000;0.00000;0.00710;0.00000;0.00670;0.00557;0.00358;0.00161;0.00000;0.00027;0.00000;0.00000;0.00000;0.00000;0.00068;0.00000;0.00000;0.00000;0.00273;0.00000;0.00023;0.00000;0.00000;0.00000;0.00153;0.00000;0.00095;0.00000;0.00078;0.00060;0.00040;0.00000;0.00000;0.00000;0.00000;0.00000;0.10971;0.10127;0.09902;0.07309;0.07298;0.00054;0.00018;0.00000;0.07138;0.00116;0.00000;0.00000;0.00000;0.00000;0.00000;0.00000;0.00000;0.00000;0.00252;0.00000;0.00000;0.00000;0.00000;0.00000;0.00341;0.00333;0.00000;0.00000;0.00000;0.00000;0.00000;0.00000;0.00000;0.00000;0.00000;0.00000;0.00000;0.00000;0.00000;0.00000;0.00000;0.00000;0.00000;0.00000;0.00000;0.00000;0.00000
2020-06-21 00:00;0.24244;0.24242;0.00000;0.24202;0.00067;0.00000;0.00000;0.23956;0.00000;0.23926;0.00000;0.23893;0.00000;0.23801;0.00000;0.23793;0.23742;0.00000;0.23641;0.23517;0.00000;0.23483;0.00016;0.00000;0.00000;0.23438;0.00000;0.23409;0.23311;0.00000;0.23204;0.00000;0.23156;0.00000;0.23111;0.00000;0.23076;0.22959;0.22935;0.22596;0.22407;0.22191;0.22043;0.00000;0.21508;0.21409;0.00000;0.21206;0.21094;0.20909;0.20722;0.20693;0.20580;0.00000;0.20537;0.00000;0.20500;0.20412;0.20398;0.00000;0.20339;0.20314;0.00000;0.20240;0.19848;0.00000;0.19680;0.19560;0.00000;0.19476;0.00000;0.19151;0.00367;0.00234;0.00133;0.00000;0.00000;0.00000;0.00000;0.18093;0.17989;0.00000;0.17519;0.16889;0.16486;0.15682;0.15485;0.00000;0.15280;0.14590;0.14547;0.14209;0.00000;0.13961;0.00000;0.13515;0.02929;0.02094;0.01692;0.01485;0.01126;0.01028;0.00000;0.00891;0.00000;0.00843;0.00000;0.00785;0.00000;0.00682;0.00050;0.00000;0.00007;0.00000;0.00000;0.00622;0.00000;0.00592;0.00502;0.00340;0.00165;0.00000;0.00027;0.00000;0.00000;0.00000;0.00000;0.00065;0.00000;0.00000;0.00000;0.00251;0.00000;0.00020;0.00000;0.00000;0.00000;0.00144;0.00000;0.00086;0.00000;0.00071;0.00054;0.00033;0.00000;0.00000;0.00000;0.00000;0.00000;0.10454;0.09728;0.09459;0.07028;0.07017;0.00048;0.00019;0.00000;0.06862;0.00117;0.00000;0.00000;0.00000;0.00000;0.00000;0.00000;0.00000;0.00000;0.00235;0.00000;0.00000;0.00000;0.00000;0.00000;0.00308;0.00299;0.00000;0.00000;0.00000;0.00000;0.00000;0.00000;0.00000;0.00000;0.00000;0.00000;0.00000;0.00000;0.00000;0.00000;0.00000;0.00000;0.00000;0.00000;0.00000;0.00000;0.00000
2020-06-22 00:00;0.21824;0.21822;0.00000;0.21786;0.00062;0.00000;0.00000;0.21574;0.00000;0.21550;0.00000;0.21521;0.00000;0.21458;0.00000;0.21453;0.21410;0.00000;0.21337;0.21247;0.00000;0.21221;0.00010;0.00000;0.00000;0.21185;0.00000;0.21163;0.21080;0.00000;0.20998;0.00000;0.20962;0.00000;0.20932;0.00000;0.20910;0.20817;0.20799;0.20520;0.20385;0.20188;0.20095;0.00000;0.19601;0.19531;0.00000;0.19362;0.19281;0.19144;0.18998;0.18972;0.18870;0.00000;0.18835;0.00000;0.18803;0.18727;0.18714;0.00000;0.18662;0.18638;0.00000;0.18572;0.18217;0.00000;0.18056;0.17934;0.00000;0.17855;0.00000;0.17510;0.00303;0.00196;0.00097;0.00000;0.00000;0.00000;0.00000;0.16524;0.16423;0.00000;0.15949;0.15528;0.15191;0.14558;0.14399;0.00000;0.14217;0.13589;0.13561;0.13249;0.00000;0.13005;0.00000;0.12605;0.02474;0.01777;0.01421;0.01231;0.00957;0.00879;0.00000;0.00753;0.00000;0.00705;0.00000;0.00656;0.00000;0.00573;0.00034;0.00000;0.00006;0.00000;0.00000;0.00530;0.00000;0.00500;0.00413;0.00265;0.00118;0.00000;0.00022;0.00000;0.00000;0.00000;0.00000;0.00056;0.00000;0.00000;0.00000;0.00180;0.00000;0.00017;0.00000;0.00000;0.00000;0.00106;0.00000;0.00065;0.00000;0.00053;0.00041;0.00026;0.00000;0.00000;0.00000;0.00000;0.00000;0.09976;0.09240;0.09047;0.06737;0.06728;0.00042;0.00016;0.00000;0.06600;0.00095;0.00000;0.00000;0.00000;0.00000;0.00000;0.00000;0.00000;0.00000;0.00193;0.00000;0.00000;0.00000;0.00000;0.00000;0.00276;0.00268;0.00000;0.00000;0.00000;0.00000;0.00000;0.00000;0.00000;0.00000;0.00000;0.00000;0.00000;0.00000;0.00000;0.00000;0.00000;0.00000;0.00000;0.00000;0.00000;0.00000;0.00000
2020-06-23 00:00;0.20197;0.20196;0.00000;0.20152;0.00076;0.00000;0.00000;0.19933;0.00000;0.19907;0.00000;0.19878;0.00000;0.19798;0.00000;0.19791;0.19748;0.00000;0.19660;0.19554;0.00000;0.19525;0.00013;0.00000;0.00000;0.19487;0.00000;0.19462;0.19376;0.00000;0.19285;0.00000;0.19243;0.00000;0.19207;0.00000;0.19178;0.19079;0.19059;0.18756;0.18603;0.18407;0.18292;0.00000;0.17802;0.17727;0.00000;0.17559;0.17484;0.17369;0.17276;0.17255;0.17181;0.00000;0.17170;0.00000;0.17160;0.17145;0.17138;0.00000;0.17130;0.17127;0.00000;0.17122;0.16879;0.00000;0.16876;0.16896;0.00000;0.16837;0.00000;0.16907;0.00291;0.00188;0.00102;0.00000;0.00000;0.00000;0.00000;0.16609;0.16626;0.00000;0.16741;0.16801;0.16497;0.16586;0.16374;0.00000;0.16303;0.15501;0.15498;0.15245;0.00000;0.15166;0.00000;0.15031;0.04136;0.02688;0.02284;0.02200;0.01559;0.01420;0.00000;0.01257;0.00000;0.01244;0.00000;0.01134;0.00000;0.00988;0.00087;0.00000;0.00012;0.00000;0.00000;0.00891;0.00000;0.00867;0.00768;0.00480;0.00236;0.00000;0.00019;0.00000;0.00000;0.00000;0.00000;0.00085;0.00000;0.00000;0.00000;0.00517;0.00000;0.00109;0.00000;0.00000;0.00000;0.00266;0.00000;0.00134;0.00000;0.00106;0.00065;0.00028;0.00000;0.00000;0.00000;0.00000;0.00000;0.09880;0.09573;0.08679;0.06573;0.06559;0.00041;0.00033;0.00000;0.06354;0.00137;0.00000;0.00000;0.00000;0.00000;0.00000;0.00000;0.00000;0.00000;0.00183;0.00000;0.00000;0.00000;0.00000;0.00000;0.00252;0.00244;0.00000;0.00000;0.00000;0.00000;0.00000;0.00000;0.00000;0.00000;0.00000;0.00000;0.00000;0.00000;0.00000;0.00000;0.00000;0.00000;0.00000;0.00000;0.00000;0.00000;0.00000
2020-06-24 00:00;0.50782;0.50812;0.00000;0.50075;0.04872;0.00000;0.00000;0.45420;0.00000;0.45561;0.00000;0.45702;0.00000;0.46032;0.00000;0.46050;0.46539;0.00000;0.47252;0.47313;0.00000;0.47494;0.00054;0.00000;0.00000;0.47739;0.00000;0.47634;0.46610;0.00000;0.46277;0.00000;0.46461;0.00000;0.46797;0.00000;0.46757;0.47212;0.47173;0.45442;0.47182;0.44985;0.46103;0.00000;0.44627;0.45667;0.00000;0.44516;0.45616;0.44922;0.42618;0.41588;0.40900;0.00000;0.41028;0.00000;0.41367;0.41922;0.41973;0.00000;0.42299;0.42201;0.00000;0.42183;0.39596;0.00000;0.40212;0.40796;0.00000;0.39572;0.00000;0.40362;0.03975;0.03381;0.00827;0.00000;0.00000;0.00000;0.00000;0.37643;0.37767;0.00000;0.38019;0.38423;0.36864;0.37366;0.35846;0.00000;0.35669;0.32524;0.32496;0.31521;0.00000;0.30405;0.00000;0.29217;0.13901;0.08515;0.07055;0.06809;0.05645;0.04911;0.00000;0.04115;0.00000;0.03804;0.00000;0.03552;0.00000;0.03326;0.00190;0.00000;0.00038;0.00000;0.00000;0.03120;0.00000;0.02961;0.02767;0.02208;0.00482;0.00000;0.00072;0.00000;0.00000;0.00000;0.00000;0.00190;0.00000;0.00000;0.00000;0.00871;0.00000;0.00152;0.00000;0.00000;0.00000;0.01039;0.00000;0.00593;0.00000;0.00308;0.00193;0.00091;0.00000;0.00000;0.00000;0.00000;0.00000;0.11078;0.10795;0.08472;0.07001;0.06970;0.00085;0.00130;0.00000;0.06455;0.00432;0.00000;0.00000;0.00000;0.00000;0.00000;0.00000;0.00000;0.00000;0.01292;0.00000;0.00000;0.00000;0.00000;0.00000;0.02853;0.02693;0.00000;0.00000;0.00000;0.00000;0.00000;0.00000;0.00000;0.00000;0.00000;0.00000;0.00000;0.00000;0.00000;0.00000;0.00000;0.00000;0.00000;0.00000;0.00000;0.00000;0.00000
2020-06-25 00:00;0.86056;0.86055;0.00000;0.85686;0.02023;0.00000;0.00000;0.83083;0.00000;0.83050;0.00000;0.82875;0.00000;0.82750;0.00000;0.82744;0.82686;0.00000;0.82604;0.82297;0.00000;0.82251;0.00019;0.00000;0.00000;0.82195;0.00000;0.82125;0.81586;0.00000;0.81174;0.00000;0.81096;0.00000;0.81054;0.00000;0.81015;0.80009;0.79845;0.76426;0.75944;0.73391;0.72989;0.00000;0.68339;0.67905;0.00000;0.65163;0.64587;0.62431;0.60607;0.60114;0.58537;0.00000;0.58290;0.00000;0.58121;0.57563;0.57512;0.00000;0.57175;0.56995;0.00000;0.56497;0.53585;0.00000;0.52676;0.51979;0.00000;0.50995;0.00000;0.48401;0.02939;0.02616;0.01078;0.00000;0.00000;0.00000;0.00000;0.42470;0.42065;0.00000;0.39214;0.37794;0.36163;0.34228;0.32725;0.00000;0.32005;0.29278;0.29106;0.27986;0.00000;0.26465;0.00000;0.24175;0.11380;0.07464;0.05662;0.05095;0.04277;0.03843;0.00000;0.03154;0.00000;0.02887;0.00000;0.02749;0.00000;0.02577;0.00111;0.00000;0.00017;0.00000;0.00000;0.02452;0.00000;0.02299;0.02034;0.01460;0.00290;0.00000;0.00052;0.00000;0.00000;0.00000;0.00000;0.00092;0.00000;0.00000;0.00000;0.00486;0.00000;0.00077;0.00000;0.00000;0.00000;0.00807;0.00000;0.00467;0.00000;0.00156;0.00109;0.00060;0.00000;0.00000;0.00000;0.00000;0.00000;0.11652;0.09821;0.08399;0.06915;0.06898;0.00138;0.00077;0.00000;0.06582;0.00216;0.00000;0.00000;0.00000;0.00000;0.00000;0.00000;0.00000;0.00000;0.01246;0.00000;0.00000;0.00000;0.00000;0.00000;0.02366;0.02319;0.00000;0.00000;0.00000;0.00000;0.00000;0.00000;0.00000;0.00000;0.00000;0.00000;0.00000;0.00000;0.00000;0.00000;0.00000;0.00000;0.00000;0.00000;0.00000;0.00000;0.00000
2020-06-26 00:00;0.59987;0.59969;0.00000;0.59696;0.00259;0.00000;0.00000;0.58164;0.00000;0.57976;0.00000;0.57709;0.00000;0.57324;0.00000;0.57304;0.56894;0.00000;0.56330;0.55867;0.00000;0.55684;0.00011;0.00000;0.00000;0.55425;0.00000;0.55280;0.54400;0.00000;0.53803;0.00000;0.53555;0.00000;0.53330;0.00000;0.53294;0.51682;0.51537;0.49483;0.48240;0.47228;0.46419;0.00000;0.44213;0.43538;0.00000;0.42357;0.41623;0.40408;0.39090;0.38941;0.38313;0.00000;0.38048;0.00000;0.37841;0.37305;0.37254;0.00000;0.36912;0.36763;0.00000;0.36322;0.35071;0.00000;0.34252;0.33640;0.00000;0.33314;0.00000;0.31584;0.01606;0.01436;0.00731;0.00000;0.00000;0.00000;0.00000;0.27686;0.27390;0.00000;0.25685;0.24833;0.23926;0.22793;0.22168;0.00000;0.21750;0.20154;0.20027;0.19436;0.00000;0.18667;0.00000;0.17573;0.06149;0.04011;0.03001;0.02603;0.02015;0.01850;0.00000;0.01562;0.00000;0.01450;0.00000;0.01371;0.00000;0.01255;0.00061;0.00000;0.00008;0.00000;0.00000;0.01181;0.00000;0.01117;0.00942;0.00572;0.00187;0.00000;0.00023;0.00000;0.00000;0.00000;0.00000;0.00065;0.00000;0.00000;0.00000;0.00332;0.00000;0.00052;0.00000;0.00000;0.00000;0.00374;0.00000;0.00194;0.00000;0.00094;0.00061;0.00029;0.00000;0.00000;0.00000;0.00000;0.00000;0.10591;0.08825;0.08220;0.06635;0.06623;0.00130;0.00031;0.00000;0.06369;0.00124;0.00000;0.00000;0.00000;0.00000;0.00000;0.00000;0.00000;0.00000;0.00562;0.00000;0.00000;0.00000;0.00000;0.00000;0.00736;0.00704;0.00000;0.00000;0.00000;0.00000;0.00000;0.00000;0.00000;0.00000;0.00000;0.00000;0.00000;0.00000;0.00000;0.00000;0.00000;0.00000;0.00000;0.00000;0.00000;0.00000;0.00000
2020-06-27 00:00;0.37390;0.37382;0.00000;0.37238;0.00277;0.00000;0.00000;0.36245;0.00000;0.36147;0.00000;0.36026;0.00000;0.35823;0.00000;0.35811;0.35608;0.00000;0.35329;0.35080;0.00000;0.34987;0.00011;0.00000;0.00000;0.34856;0.00000;0.34774;0.34278;0.00000;0.33949;0.00000;0.33823;0.00000;0.33716;0.00000;0.33689;0.32764;0.32697;0.31752;0.31201;0.30652;0.30288;0.00000;0.29079;0.28776;0.00000;0.28216;0.27886;0.27252;0.26548;0.26459;0.26183;0.00000;0.26064;0.00000;0.25975;0.25742;0.25717;0.00000;0.25571;0.25502;0.00000;0.25304;0.24579;0.00000;0.24208;0.23945;0.00000;0.23768;0.00000;0.23052;0.01112;0.00963;0.00552;0.00000;0.00000;0.00000;0.00000;0.20931;0.20803;0.00000;0.20113;0.19760;0.19183;0.18699;0.18158;0.00000;0.17925;0.16711;0.16640;0.16252;0.00000;0.15761;0.00000;0.15219;0.04601;0.03132;0.02534;0.02399;0.01916;0.01790;0.00000;0.01479;0.00000;0.01456;0.00000;0.01347;0.00000;0.01208;0.00102;0.00000;0.00013;0.00000;0.00000;0.01096;0.00000;0.01067;0.00966;0.00551;0.00249;0.00000;0.00018;0.00000;0.00000;0.00000;0.00000;0.00066;0.00000;0.00000;0.00000;0.00374;0.00000;0.00073;0.00000;0.00000;0.00000;0.00305;0.00000;0.00190;0.00000;0.00090;0.00058;0.00031;0.00000;0.00000;0.00000;0.00000;0.00000;0.09838;0.08558;0.07973;0.06379;0.06368;0.00111;0.00036;0.00000;0.06136;0.00115;0.00000;0.00000;0.00000;0.00000;0.00000;0.00000;0.00000;0.00000;0.00367;0.00000;0.00000;0.00000;0.00000;0.00000;0.00504;0.00487;0.00000;0.00000;0.00000;0.00000;0.00000;0.00000;0.00000;0.00000;0.00000;0.00000;0.00000;0.00000;0.00000;0.00000;0.00000;0.00000;0.00000;0.00000;0.00000;0.00000;0.00000
2020-06-28 00:00;0.28730;0.28727;0.00000;0.28644;0.00254;0.00000;0.00000;0.28036;0.00000;0.27994;0.00000;0.27940;0.00000;0.27849;0.00000;0.27843;0.27765;0.00000;0.27656;0.27535;0.00000;0.27498;0.00010;0.00000;0.00000;0.27447;0.00000;0.27408;0.27193;0.00000;0.27050;0.00000;0.27004;0.00000;0.26970;0.00000;0.26950;0.26696;0.26670;0.26131;0.26017;0.25582;0.25531;0.00000;0.24808;0.24811;0.00000;0.24583;0.24629;0.24615;0.24631;0.24576;0.24514;0.00000;0.24575;0.00000;0.24631;0.24773;0.24779;0.00000;0.24874;0.24905;0.00000;0.25010;0.24627;0.00000;0.24888;0.25114;0.00000;0.25009;0.00000;0.25564;0.01183;0.00976;0.00439;0.00000;0.00000;0.00000;0.00000;0.24762;0.24831;0.00000;0.25076;0.25250;0.24625;0.24882;0.24375;0.00000;0.24290;0.22629;0.22605;0.22136;0.00000;0.21712;0.00000;0.21293;0.08804;0.05354;0.04483;0.04262;0.03436;0.03003;0.00000;0.02625;0.00000;0.02468;0.00000;0.02284;0.00000;0.02123;0.00135;0.00000;0.00022;0.00000;0.00000;0.01974;0.00000;0.01884;0.01759;0.01297;0.00334;0.00000;0.00037;0.00000;0.00000;0.00000;0.00000;0.00112;0.00000;0.00000;0.00000;0.00572;0.00000;0.00095;0.00000;0.00000;0.00000;0.00546;0.00000;0.00273;0.00000;0.00186;0.00109;0.00045;0.00000;0.00000;0.00000;0.00000;0.00000;0.09909;0.09461;0.07772;0.06352;0.06331;0.00102;0.00063;0.00000;0.05936;0.00266;0.00000;0.00000;0.00000;0.00000;0.00000;0.00000;0.00000;0.00000;0.00450;0.00000;0.00000;0.00000;0.00000;0.00000;0.00548;0.00534;0.00000;0.00000;0.00000;0.00000;0.00000;0.00000;0.00000;0.00000;0.00000;0.00000;0.00000;0.00000;0.00000;0.00000;0.00000;0.00000;0.00000;0.00000;0.00000;0.00000;0.00000
2020-06-29 00:00;0.50151;0.50170;0.00000;0.49656;0.03482;0.00000;0.00000;0.46047;0.00000;0.46110;0.00000;0.46087;0.00000;0.46257;0.00000;0.46266;0.46523;0.00000;0.46913;0.46820;0.00000;0.46907;0.00040;0.00000;0.00000;0.47012;0.00000;0.46892;0.45876;0.00000;0.45418;0.00000;0.45470;0.00000;0.45640;0.00000;0.45604;0.45515;0.45377;0.43025;0.43746;0.42099;0.42511;0.00000;0.41246;0.41595;0.00000;0.40842;0.41129;0.40486;0.38504;0.38151;0.37870;0.00000;0.37937;0.00000;0.38058;0.38261;0.38274;0.00000;0.38388;0.38360;0.00000;0.38351;0.37005;0.00000;0.37167;0.37319;0.00000;0.36827;0.00000;0.36891;0.01491;0.01182;0.00501;0.00000;0.00000;0.00000;0.00000;0.35417;0.35393;0.00000;0.34901;0.34748;0.33637;0.33332;0.31792;0.00000;0.31478;0.28458;0.28404;0.27725;0.00000;0.27099;0.00000;0.25800;0.12752;0.08016;0.06356;0.06015;0.04783;0.04271;0.00000;0.03416;0.00000;0.03295;0.00000;0.03066;0.00000;0.02796;0.00198;0.00000;0.00025;0.00000;0.00000;0.02579;0.00000;0.02485;0.02273;0.01346;0.00405;0.00000;0.00031;0.00000;0.00000;0.00000;0.00000;0.00112;0.00000;0.00000;0.00000;0.00871;0.00000;0.00209;0.00000;0.00000;0.00000;0.00862;0.00000;0.00564;0.00000;0.00238;0.00123;0.00050;0.00000;0.00000;0.00000;0.00000;0.00000;0.10497;0.09620;0.07653;0.06247;0.06219;0.00124;0.00119;0.00000;0.05778;0.00250;0.00000;0.00000;0.00000;0.00000;0.00000;0.00000;0.00000;0.00000;0.00902;0.00000;0.00000;0.00000;0.00000;0.00000;0.01434;0.01377;0.00000;0.00000;0.00000;0.00000;0.00000;0.00000;0.00000;0.00000;0.00000;0.00000;0.00000;0.00000;0.00000;0.00000;0.00000;0.00000;0.00000;0.00000;0.00000;0.00000;0.00000
