Lame d'eau produite à la couche 1 (surface) (production) (mm);BV3C2 ( VERSION 4.4.0.0000 )
date heure\uhrh;1;2;3;4;5;6;7;8;9;10;11;12;13;14;15;16;17;18;19;20;21;22;23;24;25;26;27;28;29;30;31;32;33;34;35;36;37;38;39;40;41;42;43;44;45;46;47;48;49;50;51;52;53;54;55;56;57;58;59;60;61;62;63;64;65;66;67;68;69;70;71;72;73;74;75;76;77;78;79;80;81;82;83;84;85;86;87;88;89;90;91;92;93;94;95;96;97;98;99;100;101;102;103;104;105;106;107;108;109;110;111;112;113;114;115;116;117;118;119;120;121;122;123;124;125;126;127;128;129;130;131;132;133;134;135;136;137;138;139;140;141;142;143;144;145;146;147;148;149;150;151;152;153;154;155;156;157;158;159;160;161;162;163;164;165;166;167;168;169;170;171;172;173;174;175;176;177;178;179;180;181;182;183;184;185;186;187;188;189;190;191;192;193;194;195;196;197;198;199;200;201;202;203;204;205;206;207;208;209;210;211;212;213;214;215;216;217;218;219;220;221;222;223;224;225;226;227;228;229;230;231;232;233;234;235;236;237;238;239;240;241;242;243;244;245;246;247;248;249;250;251;252;253;254;255;256;257;258;259;260;261;262;263;264;265;266;267;268;269;270;271;272;273;274;275;276;277;278;279;280;281;282;283;284;285;286;287;288;289;290;291;292;293;294;295;296;297;298;299;300;301;302;303;304;305;306;307;308;309;310;311;312;313;314;315;316;317;318;319;320;321;322;323;324;325;326;327;328;329;330;331;332;333;334;335;336;337;338;339;340;341;342;343;344;345;346;347;348;349;350;351;352;353;354;355;356;357;358;359;360;361;362;363;364;365;366;367;368;369;370;371;372;373;374;375;376;377;378;379;380;381;382;383;384;385;386;387;388;389;390;391;392;393;394;395;396;397;398;399;400;401;402;403;404;405;406;407;408;409;410;411;412;413;414;415;416;417;418;419;420;421;422;423;424;425;426;427;428;429;430;431;432;433;434;435;436;437;438;439;440;441;442;443;444;445;446;447;448;449;450;451;452;453;454;455;456;457;458;459;460;461;462;463;464;465;466;467;468;469;470;471;472;473;474;475;476;477;478;479;480;481;482;483;484;485;486;487;488;489;490;491;492;493;494;495
2020-01-01 00:00;1.27;0.93;0.43;0.60;1.33;1.19;0.16;0.34;0.50;0.27;0.19;1.35;0.90;1.49;0.05;0.75;0.80;0.33;0.17;0.02;0.00;0.38;0.45;0.00;0.01;0.31;0.42;0.94;0.02;0.04;0.00;0.10;0.11;0.01;0.02;0.00;1.40;0.28;0.47;0.02;0.03;0.00;0.64;0.43;1.05;0.48;0.32;0.23;0.03;0.95;0.59;1.58;0.63;0.07;0.06;0.00;0.00;0.04;0.00;0.76;0.71;0.00;1.44;0.03;1.43;0.62;1.43;1.49;1.58;0.12;1.11;1.45;1.58;0.35;0.04;0.18;0.83;0.00;0.01;0.00;0.65;0.29;0.01;0.03;0.00;1.49;0.17;0.58;0.00;1.00;0.00;0.48;0.13;0.18;0.00;0.42;0.15;0.16;0.02;1.39;2.92;1.37;1.20;1.27;1.34;1.31;1.32;3.55;1.35;1.27;1.35;1.30;1.41;1.28;1.97;2.60;3.51;3.31;3.32;3.36;3.41;3.40;3.44;3.44;3.37;3.41;3.30;3.44;3.29;3.30;3.36;3.41;3.31;3.08;3.37;3.35;3.43;3.35;3.32;3.33;3.35;3.13;3.22;3.42;3.24;3.32;3.36;3.34;3.28;3.37;3.43;3.32;3.32;3.25;3.21;3.41;3.16;3.36;3.39;3.16;3.40;3.02;3.41;3.26;3.26;3.43;3.63;4.08;4.09;3.29;3.66;0.00;0.26;0.00;0.00;0.34;0.00;0.20;3.29;0.34;0.03;0.26;0.00;0.34;0.31;0.63;0.14;0.97;0.22;0.40;0.20;0.19;0.07;0.14;0.00;0.00;0.09;0.15;0.04;0.14;0.00;0.08;0.13;0.08;0.14;0.29;1.28;0.41;0.25;0.00;0.00;0.00;0.00;0.10;0.09;0.64;0.15;0.13;0.06;0.24;0.31;0.15;0.00;0.21;0.11;0.16;0.13;0.20;0.01;0.10;0.25;0.32;0.06;0.75;0.00;0.13;0.00;0.16;0.11;0.23;0.00;0.02;0.34;0.03;0.26;0.00;0.60;0.31;0.00;0.52;0.32;0.02;0.14;0.00;0.18;0.00;0.62;0.09;0.12;0.00;0.00;0.00;0.00;0.00;0.40;0.00;0.00;0.18;0.00;0.04;0.00;0.34;0.00;0.19;0.33;0.23;0.33;0.10;0.00;0.13;0.19;0.24;0.00;0.00;0.00;0.00;0.00;0.00;0.00;0.30;0.36;0.54;0.26;0.18;0.00;0.52;0.19;0.00;0.00;0.00;0.25;0.00;0.24;0.00;0.08;0.21;0.29;0.00;0.22;0.03;0.36;0.08;0.20;0.37;0.19;0.25;0.00;0.00;0.22;0.00;0.00;0.00;0.11;0.13;0.01;0.00;0.04;0.00;0.92;0.00;0.94;0.08;0.00;0.00;0.00;0.00;0.00;0.00;0.00;0.06;0.00;0.11;0.09;0.05;0.18;0.28;0.52;0.16;0.52;0.33;0.43;1.22;0.00;2.77;3.56;4.53;4.04;0.52;4.61;0.04;0.89;1.50;0.00;0.00;0.00;0.00;0.76;0.61;0.00;0.00;0.13;0.26;0.00;4.55;0.00;0.71;0.00;0.19;0.36;0.12;0.07;4.38;0.00;0.50;0.00;0.00;1.02;0.10;0.08;0.04;0.10;0.00;0.23;0.30;0.03;0.00;0.51;0.08;0.24;0.08;0.09;0.00;0.58;0.20;0.40;0.00;0.00;0.75;0.09;0.28;0.00;0.11;0.07;0.14;0.24;0.15;0.09;0.27;0.41;0.00;0.16;0.23;0.12;0.12;0.25;3.31;3.39;3.38;3.40;3.19;3.35;3.37;3.78;3.37;3.41;3.32;3.20;0.32;3.41;3.41;3.44;3.42;3.39;3.46;3.44;3.44;3.44;3.43;3.40;3.44;3.45;3.36;3.43;4.90;3.47;3.46;1.37;1.51;1.85;1.36;1.34;3.90;1.37;1.21;1.55;1.39;1.38;1.49;0.00;0.15;0.21;0.23;0.18;6.22;0.01;0.02;0.12;0.00;0.04;0.44;0.02;0.22;0.30;0.17;0.50;0.78;1.49;0.36;0.72;0.19;0.05;0.08;0.25;0.00;0.40
2020-01-02 00:00;3.49;1.81;1.21;1.52;3.63;2.94;0.45;0.81;1.37;0.70;0.23;3.20;2.19;3.41;0.14;1.75;1.95;0.74;0.41;0.05;0.00;1.00;1.00;0.00;0.02;0.26;1.10;2.05;0.05;0.11;0.00;0.28;0.26;0.03;0.06;0.00;3.24;0.69;0.96;0.06;0.06;0.00;1.58;1.02;2.80;0.98;0.82;0.55;0.05;2.29;1.30;4.14;1.58;0.19;0.15;0.00;0.00;0.09;0.00;1.93;1.46;0.00;3.55;0.07;3.50;1.29;3.60;3.31;4.20;0.23;2.86;3.37;3.98;0.86;0.10;0.44;1.76;0.00;0.02;0.00;1.68;0.48;0.03;0.07;0.00;3.60;0.42;1.37;0.00;2.21;0.00;1.14;0.33;0.42;0.00;1.00;0.36;0.36;0.02;2.90;8.06;3.55;2.99;3.78;3.35;3.75;3.43;8.83;3.72;3.51;3.87;3.23;3.86;3.52;6.18;6.96;0.49;0.09;0.08;0.07;0.01;0.08;0.00;0.29;0.13;0.00;0.01;0.00;0.09;0.12;0.14;0.05;0.07;0.00;0.00;0.03;0.02;0.15;0.08;0.27;0.03;0.01;0.12;0.04;0.09;0.22;0.04;0.11;0.01;0.01;0.00;0.11;0.06;0.11;0.07;0.13;0.01;0.07;0.37;0.00;0.14;0.03;0.03;0.06;0.09;0.02;0.04;0.01;0.00;0.19;0.03;0.00;0.06;0.00;0.00;0.11;0.00;0.05;0.21;0.10;0.00;0.05;0.00;0.06;0.04;0.09;0.00;0.14;0.04;0.10;0.03;0.02;0.01;0.02;0.00;0.00;0.01;0.01;0.00;0.00;0.00;0.01;0.02;0.00;0.00;0.05;0.17;0.04;0.02;0.00;0.00;0.00;0.00;0.01;0.01;0.04;0.02;0.02;0.01;0.04;0.02;0.02;0.00;0.03;0.02;0.03;0.02;0.02;0.00;0.01;0.04;0.05;0.01;0.21;0.00;0.01;0.00;0.01;0.00;0.03;0.00;0.00;0.02;0.00;0.05;0.00;0.09;0.04;0.00;0.08;0.05;0.00;0.02;0.00;0.03;0.00;0.23;0.02;0.02;0.00;0.00;0.00;0.00;0.00;0.08;0.00;0.00;0.00;0.00;0.00;0.00;0.06;0.00;0.05;0.08;0.04;0.05;0.02;0.00;0.02;0.03;0.04;0.00;0.00;0.00;0.00;0.00;0.00;0.00;0.00;0.02;0.06;0.04;0.03;0.00;0.17;0.03;0.00;0.00;0.00;0.04;0.00;0.02;0.00;0.00;0.01;0.04;0.00;0.03;0.00;0.06;0.01;0.03;0.05;0.03;0.02;0.00;0.00;0.00;0.00;0.00;0.00;0.01;0.02;0.00;0.00;0.00;0.00;0.14;0.00;0.27;0.01;0.00;0.00;0.00;0.00;0.00;0.00;0.00;0.01;0.00;0.00;0.01;0.01;0.02;0.04;0.04;0.02;0.07;0.04;0.09;0.16;0.00;0.40;0.42;0.14;0.56;0.10;0.58;0.00;0.11;0.02;0.00;0.00;0.00;0.00;0.22;0.04;0.00;0.00;0.02;0.03;0.00;0.18;0.00;0.12;0.00;0.02;0.09;0.02;0.01;0.01;0.00;0.05;0.00;0.00;0.28;0.01;0.01;0.00;0.01;0.00;0.01;0.04;0.00;0.00;0.07;0.01;0.03;0.01;0.01;0.00;0.08;0.04;0.07;0.00;0.00;0.25;0.01;0.06;0.00;0.02;0.01;0.02;0.06;0.03;0.01;0.05;0.13;0.00;0.03;0.05;0.02;0.01;0.07;0.01;0.01;0.00;0.33;0.10;0.13;0.07;0.02;0.00;0.00;0.00;0.00;0.06;0.01;0.02;0.01;0.07;0.04;0.11;0.00;0.01;0.00;0.02;0.02;0.00;0.04;0.00;0.02;4.25;0.10;0.05;3.67;4.09;5.81;3.73;3.49;7.91;3.70;3.48;3.97;3.66;3.61;3.79;0.00;0.36;0.51;0.56;0.51;1.29;0.01;0.04;0.30;0.00;0.10;0.81;0.04;0.55;0.21;0.42;1.22;1.17;3.57;0.88;1.66;0.24;0.13;0.18;0.60;0.00;0.93
2020-01-03 00:00;12.32;5.62;4.61;5.29;12.81;11.00;1.55;3.05;4.79;2.66;1.08;12.10;8.21;12.47;0.48;6.43;6.93;2.84;1.56;0.18;0.00;3.53;3.84;0.00;0.09;1.50;4.07;7.81;0.17;0.39;0.00;0.97;1.01;0.13;0.22;0.00;14.26;2.61;3.79;0.21;0.23;0.00;5.94;4.08;9.79;3.89;2.98;2.06;0.25;8.53;4.97;14.87;5.76;0.70;0.57;0.00;0.00;0.35;0.00;7.15;5.38;0.00;13.30;0.28;13.05;4.85;13.48;12.27;14.81;0.92;10.37;12.57;14.96;3.27;0.39;1.63;6.62;0.00;0.09;0.00;5.99;2.04;0.10;0.26;0.00;14.56;1.56;5.18;0.00;8.42;0.00;4.57;1.24;1.62;0.00;4.07;1.37;1.60;0.12;9.85;2.27;13.50;11.83;14.31;13.11;14.32;13.33;0.00;14.46;13.98;14.33;12.83;14.53;13.92;10.21;5.74;0.00;0.00;0.00;0.00;0.00;0.00;0.00;0.00;0.00;0.00;0.00;0.00;0.00;0.00;0.00;0.00;0.00;0.00;0.00;0.00;0.00;0.00;0.00;0.00;0.00;0.00;0.00;0.00;0.00;0.00;0.00;0.00;0.00;0.00;0.00;0.00;0.00;0.00;0.00;0.00;0.00;0.00;0.00;0.00;0.00;0.00;0.00;0.00;0.00;0.00;0.00;0.00;0.00;0.00;0.00;0.00;0.00;0.00;0.00;0.00;0.00;0.00;0.00;0.00;0.00;0.00;0.00;0.00;0.00;0.00;0.00;0.00;0.00;0.00;0.00;0.00;0.00;0.00;0.00;0.00;0.00;0.00;0.00;0.00;0.00;0.00;0.00;0.00;0.00;0.00;0.00;0.00;0.00;0.00;0.00;0.00;0.00;0.00;0.00;0.00;0.00;0.00;0.00;0.00;0.00;0.00;0.00;0.00;0.00;0.00;0.00;0.00;0.00;0.00;0.00;0.00;0.00;0.02;0.00;0.00;0.00;0.00;0.00;0.00;0.00;0.00;0.00;0.00;0.00;0.00;0.00;0.00;0.00;0.01;0.00;0.00;0.00;0.00;0.00;0.00;0.00;0.00;0.00;0.00;0.00;0.00;0.00;0.00;0.01;0.00;0.00;0.00;0.00;0.00;0.00;0.00;0.00;0.00;0.00;0.00;0.01;0.00;0.00;0.00;0.00;0.01;0.00;0.00;0.00;0.00;0.00;0.00;0.00;0.00;0.00;0.00;0.01;0.00;0.00;0.00;0.00;0.00;0.00;0.00;0.00;0.00;0.00;0.00;0.00;0.00;0.00;0.00;0.00;0.00;0.00;0.00;0.00;0.00;0.00;0.00;0.00;0.00;0.00;0.00;0.00;0.00;0.00;0.00;0.00;0.00;0.00;0.00;0.00;0.00;0.00;0.00;0.00;0.00;0.00;0.00;0.00;0.00;0.00;0.00;0.00;0.00;0.00;0.00;0.00;0.00;0.00;0.00;0.00;0.00;0.00;0.00;0.00;0.00;0.00;0.00;0.00;0.00;0.00;0.00;0.00;0.00;0.00;0.00;0.00;0.00;0.00;0.00;0.00;0.00;0.00;0.00;0.00;0.00;0.00;0.00;0.00;0.00;0.00;0.00;0.00;0.00;0.00;0.00;0.00;0.00;0.00;0.00;0.00;0.00;0.00;0.00;0.00;0.00;0.00;0.00;0.00;0.00;0.00;0.00;0.00;0.00;0.00;0.00;0.00;0.00;0.00;0.00;0.00;0.00;0.00;0.00;0.00;0.00;0.00;0.00;0.00;0.00;0.00;0.00;0.00;0.00;0.00;0.00;0.00;0.00;0.00;0.00;0.00;0.00;0.00;0.00;0.00;0.00;0.00;0.00;0.00;0.00;0.00;0.00;0.00;0.00;0.00;0.00;0.00;0.00;0.00;0.00;0.00;0.00;0.00;0.00;0.00;0.00;0.00;0.00;14.20;14.20;9.80;14.47;13.55;0.00;14.36;13.86;14.95;14.17;13.90;14.36;0.00;1.34;1.91;2.16;0.82;0.00;0.05;0.16;1.12;0.00;0.38;0.97;0.15;2.07;1.28;1.57;4.63;1.91;13.25;3.28;7.13;1.07;0.49;0.67;2.25;0.00;3.45
2020-01-04 00:00;0.12;0.94;0.00;0.06;0.09;0.93;0.01;0.34;0.03;0.02;0.04;1.15;0.17;1.79;0.00;0.95;0.16;0.40;0.04;0.01;0.00;0.04;0.54;0.00;0.00;0.16;0.02;1.08;0.00;0.02;0.00;0.01;0.04;0.00;0.01;0.00;0.31;0.02;0.48;0.01;0.01;0.00;0.26;0.19;0.09;0.50;0.02;0.10;0.01;0.53;0.69;0.10;0.30;0.02;0.03;0.00;0.00;0.01;0.00;0.17;0.71;0.00;0.61;0.01;0.69;0.64;0.14;1.74;0.10;0.03;0.22;1.54;0.10;0.15;0.01;0.05;0.91;0.00;0.00;0.00;0.14;0.23;0.00;0.01;0.00;0.30;0.03;0.54;0.00;1.18;0.00;0.23;0.01;0.16;0.00;0.16;0.02;0.05;0.01;0.05;0.00;0.03;1.26;0.01;1.42;0.00;1.05;0.01;0.02;0.18;0.03;1.59;0.07;0.22;0.07;0.07;0.07;0.01;0.01;0.01;0.00;0.01;0.00;0.04;0.02;0.00;0.00;0.00;0.01;0.02;0.02;0.01;0.01;0.00;0.00;0.00;0.00;0.02;0.01;0.04;0.00;0.00;0.02;0.01;0.01;0.03;0.01;0.02;0.00;0.00;0.00;0.02;0.01;0.02;0.01;0.02;0.00;0.01;0.05;0.00;0.02;0.01;0.00;0.01;0.01;0.00;0.00;0.00;0.00;0.03;0.00;0.00;0.00;0.00;0.00;0.02;0.00;0.01;0.04;0.02;0.00;0.00;0.00;0.00;0.00;0.00;0.00;0.00;0.00;0.00;0.00;0.00;0.00;0.00;0.00;0.00;0.00;0.00;0.00;0.00;0.00;0.00;0.00;0.00;0.00;0.00;0.00;0.00;0.00;0.00;0.00;0.00;0.00;0.00;0.00;0.00;0.00;0.00;0.00;0.00;0.00;0.00;0.00;0.00;0.00;0.00;0.00;0.00;0.00;0.00;0.00;0.00;0.00;0.01;0.00;0.00;0.00;0.00;0.00;0.00;0.00;0.00;0.00;0.00;0.00;0.00;0.00;0.00;0.00;0.01;0.00;0.00;0.00;0.00;0.00;0.00;0.01;0.00;0.00;0.00;0.00;0.00;0.00;0.00;0.01;0.00;0.00;0.00;0.00;0.00;0.00;0.00;0.00;0.00;0.00;0.00;0.01;0.00;0.00;0.00;0.00;0.01;0.00;0.00;0.00;0.00;0.00;0.00;0.00;0.00;0.00;0.00;0.01;0.00;0.00;0.00;0.00;0.00;0.00;0.00;0.00;0.00;0.00;0.00;0.00;0.00;0.00;0.00;0.00;0.00;0.00;0.00;0.00;0.00;0.00;0.00;0.00;0.00;0.00;0.00;0.00;0.00;0.00;0.00;0.00;0.00;0.00;0.00;0.00;0.00;0.00;0.00;0.00;0.00;0.00;0.00;0.00;0.00;0.00;0.00;0.00;0.00;0.00;0.00;0.00;0.00;0.00;0.00;0.00;0.00;0.00;0.00;0.00;0.00;0.00;0.00;0.00;0.00;0.00;0.00;0.00;0.00;0.00;0.00;0.00;0.00;0.00;0.00;0.00;0.00;0.00;0.00;0.00;0.00;0.00;0.00;0.00;0.00;0.00;0.00;0.00;0.00;0.00;0.00;0.00;0.00;0.00;0.00;0.00;0.00;0.00;0.00;0.00;0.00;0.00;0.00;0.00;0.00;0.00;0.00;0.00;0.00;0.00;0.00;0.00;0.00;0.00;0.00;0.00;0.00;0.00;0.00;0.00;0.00;0.00;0.00;0.00;0.00;0.00;0.00;0.00;0.00;0.00;0.00;0.00;0.00;0.00;0.00;0.05;0.01;0.02;0.01;0.00;0.00;0.00;0.00;0.00;0.01;0.00;0.00;0.00;0.01;0.01;0.02;0.00;0.00;0.00;0.00;0.00;0.00;0.01;0.00;0.00;0.01;0.01;0.01;0.01;0.03;0.00;0.01;0.78;0.03;0.01;0.00;0.07;0.08;0.45;0.52;0.00;0.09;0.06;0.07;0.01;0.01;0.00;0.01;0.08;0.00;0.03;0.03;0.01;0.09;0.25;0.10;0.22;0.49;1.18;0.15;0.53;0.25;0.04;0.06;0.15;0.00;0.41
2020-01-05 00:00;0.38;0.36;0.10;0.20;0.40;0.36;0.04;0.10;0.15;0.08;0.04;0.38;0.27;0.42;0.02;0.22;0.25;0.09;0.05;0.01;0.00;0.11;0.12;0.00;0.00;0.12;0.12;0.24;0.01;0.01;0.00;0.03;0.03;0.00;0.01;0.00;0.31;0.08;0.10;0.01;0.01;0.00;0.19;0.11;0.30;0.10;0.09;0.07;0.01;0.27;0.15;0.46;0.18;0.02;0.02;0.00;0.00;0.01;0.00;0.22;0.16;0.00;0.42;0.01;0.41;0.14;0.41;0.40;0.46;0.04;0.32;0.41;0.46;0.10;0.01;0.05;0.20;0.00;0.00;0.00;0.19;0.03;0.00;0.01;0.00;0.38;0.05;0.16;0.00;0.26;0.00;0.13;0.04;0.05;0.00;0.11;0.04;0.04;0.00;0.36;0.02;0.29;0.05;0.07;0.09;0.02;0.02;0.03;0.06;0.21;0.10;0.07;0.17;0.38;0.32;0.35;0.32;0.09;0.05;0.08;0.00;0.06;0.00;0.19;0.13;0.00;0.00;0.00;0.06;0.13;0.09;0.05;0.05;0.09;0.00;0.02;0.01;0.10;0.07;0.18;0.04;0.01;0.08;0.03;0.06;0.18;0.03;0.09;0.00;0.00;0.00;0.07;0.05;0.07;0.07;0.09;0.00;0.04;0.24;0.08;0.09;0.02;0.02;0.04;0.08;0.02;0.03;0.01;0.00;0.14;0.02;0.00;0.02;0.00;0.00;0.07;0.00;0.03;0.14;0.07;0.00;0.03;0.00;0.03;0.03;0.07;0.01;0.10;0.02;0.04;0.01;0.02;0.01;0.01;0.00;0.00;0.01;0.01;0.00;0.01;0.00;0.01;0.01;0.01;0.01;0.03;0.12;0.04;0.02;0.00;0.00;0.00;0.00;0.01;0.01;0.06;0.00;0.01;0.01;0.01;0.02;0.01;0.00;0.02;0.01;0.02;0.01;0.02;0.00;0.01;0.02;0.02;0.01;0.01;0.00;0.00;0.00;0.01;0.00;0.01;0.00;0.00;0.00;0.00;0.02;0.00;0.06;0.03;0.00;0.05;0.01;0.00;0.01;0.00;0.01;0.00;0.00;0.01;0.01;0.00;0.00;0.00;0.00;0.00;0.03;0.00;0.00;0.01;0.00;0.00;0.00;0.03;0.00;0.02;0.01;0.02;0.03;0.01;0.00;0.01;0.01;0.02;0.00;0.00;0.00;0.00;0.00;0.00;0.00;0.01;0.00;0.00;0.02;0.02;0.00;0.09;0.02;0.00;0.00;0.00;0.01;0.00;0.01;0.00;0.00;0.00;0.02;0.00;0.01;0.00;0.01;0.01;0.02;0.04;0.02;0.00;0.00;0.00;0.01;0.00;0.00;0.00;0.01;0.01;0.00;0.00;0.00;0.00;0.10;0.00;0.12;0.01;0.00;0.00;0.00;0.00;0.00;0.00;0.00;0.01;0.00;0.01;0.01;0.00;0.02;0.03;0.04;0.01;0.05;0.00;0.04;0.10;0.00;0.27;0.26;0.45;0.41;0.00;0.42;0.00;0.08;0.00;0.00;0.00;0.00;0.00;0.05;0.00;0.00;0.00;0.01;0.02;0.00;0.62;0.00;0.00;0.00;0.02;0.02;0.01;0.01;0.37;0.00;0.00;0.00;0.00;0.06;0.01;0.01;0.00;0.01;0.00;0.00;0.03;0.00;0.00;0.05;0.01;0.02;0.01;0.01;0.00;0.06;0.02;0.00;0.00;0.00;0.02;0.01;0.03;0.00;0.01;0.01;0.01;0.02;0.01;0.01;0.03;0.06;0.00;0.02;0.01;0.01;0.01;0.00;0.01;0.01;0.00;0.22;0.06;0.09;0.05;0.02;0.00;0.00;0.00;0.00;0.04;0.00;0.01;0.01;0.05;0.03;0.07;0.00;0.01;0.00;0.01;0.01;0.00;0.03;0.00;0.01;0.02;0.07;0.03;0.32;0.15;0.00;0.03;0.11;0.11;0.10;0.10;0.41;0.39;0.26;0.37;0.00;0.04;0.06;0.07;0.04;0.02;0.00;0.01;0.04;0.00;0.01;0.10;0.00;0.07;0.14;0.05;0.14;0.36;0.43;0.10;0.22;0.08;0.02;0.02;0.07;0.00;0.11
2020-01-06 00:00;0.31;0.27;0.00;0.17;0.35;0.31;0.02;0.07;0.13;0.07;0.02;0.30;0.23;0.35;0.01;0.19;0.21;0.06;0.04;0.00;0.00;0.08;0.08;0.00;0.00;0.04;0.08;0.15;0.00;0.01;0.00;0.03;0.02;0.00;0.01;0.00;0.00;0.07;0.04;0.01;0.01;0.00;0.16;0.06;0.26;0.04;0.08;0.06;0.01;0.23;0.10;0.40;0.16;0.02;0.02;0.00;0.00;0.01;0.00;0.18;0.10;0.00;0.36;0.01;0.36;0.09;0.36;0.30;0.40;0.03;0.28;0.33;0.40;0.09;0.01;0.04;0.13;0.00;0.00;0.00;0.16;0.00;0.00;0.01;0.00;0.20;0.04;0.13;0.00;0.17;0.00;0.07;0.03;0.03;0.00;0.05;0.04;0.00;0.00;0.06;0.02;0.03;0.01;0.06;0.05;0.01;0.02;0.03;0.05;0.07;0.08;0.04;0.15;0.09;0.38;0.28;0.29;0.06;0.05;0.04;0.00;0.05;0.00;0.17;0.08;0.00;0.00;0.00;0.05;0.07;0.08;0.03;0.04;0.00;0.00;0.02;0.01;0.09;0.05;0.16;0.02;0.01;0.07;0.03;0.05;0.13;0.02;0.06;0.00;0.00;0.00;0.06;0.03;0.06;0.04;0.08;0.00;0.03;0.22;0.00;0.09;0.02;0.02;0.04;0.06;0.01;0.03;0.01;0.00;0.12;0.02;0.00;0.01;0.00;0.00;0.07;0.00;0.02;0.13;0.06;0.00;0.02;0.00;0.03;0.02;0.06;0.00;0.09;0.02;0.01;0.01;0.01;0.01;0.01;0.00;0.00;0.00;0.01;0.00;0.00;0.00;0.01;0.01;0.00;0.00;0.02;0.10;0.03;0.01;0.00;0.00;0.00;0.00;0.01;0.01;0.03;0.01;0.01;0.00;0.02;0.01;0.01;0.00;0.02;0.01;0.01;0.01;0.01;0.00;0.01;0.01;0.02;0.01;0.05;0.00;0.01;0.00;0.01;0.00;0.01;0.00;0.00;0.01;0.00;0.01;0.00;0.05;0.03;0.00;0.04;0.02;0.00;0.01;0.00;0.01;0.00;0.03;0.01;0.01;0.00;0.00;0.00;0.00;0.00;0.03;0.00;0.00;0.00;0.00;0.00;0.00;0.03;0.00;0.02;0.02;0.02;0.02;0.01;0.00;0.01;0.01;0.02;0.00;0.00;0.00;0.00;0.00;0.00;0.00;0.00;0.01;0.02;0.02;0.01;0.00;0.06;0.02;0.00;0.00;0.00;0.02;0.00;0.01;0.00;0.00;0.01;0.02;0.00;0.02;0.00;0.02;0.01;0.02;0.03;0.02;0.01;0.00;0.00;0.00;0.00;0.00;0.00;0.01;0.01;0.00;0.00;0.00;0.00;0.09;0.00;0.07;0.01;0.00;0.00;0.00;0.00;0.00;0.00;0.00;0.00;0.00;0.00;0.00;0.00;0.01;0.02;0.03;0.01;0.04;0.02;0.02;0.09;0.00;0.24;0.23;0.10;0.36;0.02;0.36;0.00;0.07;0.00;0.00;0.00;0.00;0.00;0.00;0.02;0.00;0.00;0.01;0.02;0.00;0.00;0.00;0.03;0.00;0.02;0.01;0.01;0.01;0.02;0.00;0.02;0.00;0.00;0.00;0.01;0.00;0.00;0.01;0.00;0.01;0.02;0.00;0.00;0.04;0.01;0.02;0.01;0.01;0.00;0.05;0.01;0.02;0.00;0.00;0.06;0.01;0.01;0.00;0.01;0.00;0.01;0.00;0.01;0.01;0.02;0.03;0.00;0.01;0.02;0.01;0.01;0.03;0.01;0.01;0.00;0.19;0.06;0.08;0.04;0.01;0.00;0.00;0.00;0.00;0.03;0.00;0.01;0.01;0.04;0.03;0.07;0.00;0.01;0.00;0.01;0.01;0.00;0.03;0.00;0.01;0.01;0.06;0.03;0.01;0.35;0.00;0.03;0.01;0.10;0.02;0.00;0.37;0.01;0.01;0.28;0.00;0.04;0.05;0.06;0.03;0.02;0.00;0.00;0.03;0.00;0.01;0.06;0.00;0.06;0.04;0.04;0.12;0.34;0.37;0.09;0.20;0.05;0.01;0.02;0.06;0.00;0.10
2020-01-07 00:00;0.30;0.28;0.00;0.16;0.34;0.30;0.02;0.07;0.13;0.07;0.04;0.29;0.22;0.35;0.01;0.18;0.20;0.05;0.04;0.00;0.00;0.08;0.07;0.00;0.00;0.06;0.08;0.15;0.00;0.01;0.00;0.02;0.02;0.00;0.01;0.00;0.00;0.06;0.05;0.01;0.01;0.00;0.15;0.06;0.25;0.04;0.08;0.05;0.01;0.22;0.10;0.38;0.15;0.02;0.01;0.00;0.00;0.01;0.00;0.17;0.11;0.00;0.35;0.01;0.34;0.09;0.34;0.30;0.38;0.02;0.27;0.32;0.38;0.09;0.01;0.04;0.13;0.00;0.00;0.00;0.15;0.00;0.00;0.01;0.00;0.19;0.04;0.12;0.00;0.17;0.00;0.07;0.03;0.03;0.00;0.05;0.03;0.00;0.00;0.06;0.01;0.03;0.01;0.05;0.05;0.01;0.02;0.03;0.05;0.07;0.08;0.04;0.14;0.09;0.27;0.27;0.29;0.05;0.05;0.04;0.00;0.05;0.00;0.17;0.07;0.00;0.00;0.00;0.05;0.07;0.08;0.03;0.04;0.00;0.00;0.02;0.01;0.09;0.05;0.16;0.02;0.01;0.07;0.02;0.05;0.13;0.02;0.06;0.00;0.00;0.00;0.06;0.03;0.06;0.04;0.08;0.00;0.03;0.22;0.00;0.08;0.02;0.02;0.03;0.05;0.01;0.03;0.01;0.00;0.12;0.02;0.00;0.03;0.00;0.00;0.06;0.00;0.02;0.13;0.06;0.00;0.02;0.00;0.02;0.02;0.06;0.00;0.10;0.02;0.04;0.01;0.01;0.00;0.01;0.00;0.00;0.01;0.01;0.00;0.00;0.00;0.01;0.00;0.00;0.00;0.02;0.12;0.03;0.01;0.00;0.00;0.00;0.00;0.01;0.01;0.03;0.00;0.01;0.00;0.00;0.01;0.01;0.00;0.02;0.01;0.01;0.01;0.01;0.00;0.01;0.02;0.02;0.01;0.01;0.00;0.00;0.00;0.01;0.00;0.01;0.00;0.00;0.00;0.00;0.02;0.00;0.05;0.03;0.00;0.04;0.01;0.00;0.01;0.00;0.01;0.00;0.00;0.01;0.01;0.00;0.00;0.00;0.00;0.00;0.02;0.00;0.00;0.01;0.00;0.00;0.00;0.03;0.00;0.01;0.01;0.01;0.02;0.01;0.00;0.01;0.01;0.02;0.00;0.00;0.00;0.00;0.00;0.00;0.00;0.01;0.00;0.00;0.02;0.01;0.00;0.04;0.02;0.00;0.00;0.00;0.01;0.00;0.00;0.00;0.00;0.00;0.02;0.00;0.01;0.00;0.01;0.00;0.01;0.03;0.02;0.00;0.00;0.00;0.00;0.00;0.00;0.00;0.01;0.01;0.00;0.00;0.00;0.00;0.09;0.00;0.01;0.01;0.00;0.00;0.00;0.00;0.00;0.00;0.00;0.00;0.00;0.00;0.00;0.00;0.01;0.02;0.03;0.01;0.04;0.00;0.03;0.09;0.00;0.25;0.24;0.09;0.38;0.00;0.38;0.00;0.08;0.00;0.00;0.00;0.00;0.00;0.05;0.00;0.00;0.00;0.01;0.02;0.00;0.00;0.00;0.00;0.00;0.02;0.03;0.01;0.01;0.00;0.00;0.00;0.00;0.00;0.05;0.01;0.01;0.00;0.01;0.00;0.00;0.03;0.00;0.00;0.04;0.01;0.02;0.01;0.01;0.00;0.05;0.02;0.00;0.00;0.00;0.02;0.01;0.03;0.00;0.01;0.01;0.01;0.02;0.01;0.01;0.02;0.01;0.00;0.02;0.01;0.01;0.01;0.00;0.01;0.01;0.00;0.19;0.06;0.08;0.04;0.01;0.00;0.00;0.00;0.00;0.03;0.00;0.01;0.01;0.04;0.03;0.07;0.00;0.01;0.00;0.01;0.01;0.00;0.03;0.00;0.01;0.01;0.06;0.03;0.01;0.12;0.00;0.03;0.01;0.10;0.02;0.00;0.31;0.01;0.01;0.16;0.00;0.04;0.05;0.05;0.03;0.02;0.00;0.00;0.03;0.00;0.01;0.03;0.00;0.05;0.04;0.04;0.12;0.33;0.36;0.09;0.18;0.02;0.01;0.02;0.06;0.00;0.09
2020-01-08 00:00;0.33;0.30;0.00;0.18;0.37;0.33;0.02;0.08;0.14;0.08;0.02;0.33;0.24;0.40;0.01;0.21;0.23;0.06;0.04;0.01;0.00;0.09;0.09;0.00;0.00;0.03;0.09;0.18;0.00;0.01;0.00;0.03;0.02;0.00;0.01;0.00;0.00;0.07;0.06;0.01;0.01;0.00;0.17;0.06;0.28;0.05;0.08;0.06;0.01;0.25;0.11;0.42;0.17;0.02;0.02;0.00;0.00;0.01;0.00;0.19;0.14;0.00;0.39;0.01;0.38;0.11;0.38;0.35;0.42;0.03;0.30;0.36;0.42;0.09;0.01;0.05;0.16;0.00;0.00;0.00;0.17;0.00;0.00;0.01;0.00;0.21;0.04;0.13;0.00;0.20;0.00;0.07;0.03;0.04;0.00;0.05;0.04;0.00;0.00;0.06;0.02;0.03;0.02;0.06;0.06;0.02;0.02;0.03;0.05;0.08;0.09;0.04;0.16;0.10;0.37;0.36;0.39;0.07;0.07;0.05;0.01;0.07;0.00;0.23;0.10;0.00;0.00;0.00;0.07;0.09;0.11;0.04;0.06;0.00;0.00;0.02;0.01;0.12;0.07;0.21;0.02;0.01;0.10;0.03;0.07;0.18;0.03;0.09;0.00;0.00;0.00;0.09;0.04;0.09;0.06;0.10;0.01;0.04;0.29;0.00;0.11;0.02;0.02;0.04;0.07;0.02;0.04;0.01;0.00;0.16;0.02;0.00;0.01;0.00;0.00;0.08;0.00;0.02;0.16;0.08;0.00;0.03;0.00;0.04;0.03;0.08;0.00;0.13;0.03;0.02;0.02;0.02;0.01;0.01;0.00;0.00;0.00;0.01;0.00;0.00;0.00;0.01;0.01;0.00;0.00;0.03;0.15;0.04;0.02;0.00;0.00;0.00;0.00;0.01;0.01;0.04;0.01;0.02;0.01;0.03;0.02;0.02;0.00;0.02;0.01;0.01;0.01;0.02;0.00;0.01;0.02;0.03;0.01;0.08;0.00;0.01;0.00;0.01;0.00;0.02;0.00;0.00;0.01;0.00;0.02;0.00;0.07;0.04;0.00;0.06;0.03;0.00;0.02;0.00;0.02;0.00;0.04;0.01;0.01;0.00;0.00;0.00;0.00;0.00;0.04;0.00;0.00;0.00;0.00;0.00;0.00;0.04;0.00;0.02;0.03;0.02;0.04;0.01;0.00;0.01;0.02;0.03;0.00;0.00;0.00;0.00;0.00;0.00;0.00;0.00;0.02;0.03;0.03;0.02;0.00;0.04;0.02;0.00;0.00;0.00;0.03;0.00;0.02;0.00;0.01;0.01;0.03;0.00;0.02;0.00;0.03;0.01;0.02;0.05;0.02;0.02;0.00;0.00;0.00;0.00;0.00;0.00;0.01;0.01;0.00;0.00;0.00;0.00;0.13;0.00;0.13;0.01;0.00;0.00;0.00;0.00;0.00;0.00;0.00;0.00;0.00;0.00;0.01;0.01;0.02;0.03;0.04;0.02;0.06;0.02;0.03;0.13;0.00;0.33;0.33;0.05;0.51;0.04;0.54;0.00;0.11;0.00;0.00;0.00;0.00;0.00;0.00;0.03;0.00;0.00;0.01;0.03;0.00;0.00;0.00;0.05;0.00;0.02;0.01;0.01;0.01;0.00;0.00;0.03;0.00;0.00;0.01;0.01;0.01;0.00;0.01;0.00;0.01;0.04;0.00;0.00;0.06;0.01;0.03;0.01;0.01;0.00;0.07;0.01;0.03;0.00;0.00;0.09;0.01;0.02;0.00;0.01;0.01;0.02;0.00;0.02;0.01;0.02;0.06;0.00;0.02;0.03;0.01;0.01;0.03;0.01;0.01;0.00;0.26;0.08;0.11;0.06;0.02;0.00;0.00;0.00;0.00;0.04;0.00;0.02;0.01;0.06;0.03;0.09;0.00;0.01;0.00;0.02;0.01;0.00;0.03;0.00;0.01;0.02;0.08;0.04;0.01;0.14;0.00;0.03;0.01;0.12;0.02;0.00;0.40;0.01;0.01;0.29;0.00;0.04;0.06;0.06;0.04;0.03;0.00;0.00;0.03;0.00;0.01;0.08;0.00;0.06;0.02;0.05;0.13;0.37;0.40;0.10;0.20;0.05;0.01;0.02;0.07;0.00;0.11
2020-01-09 00:00;0.15;0.13;0.00;0.08;0.17;0.15;0.01;0.04;0.06;0.03;0.02;0.16;0.12;0.12;0.01;0.08;0.11;0.02;0.02;0.00;0.00;0.04;0.03;0.00;0.00;0.04;0.04;0.06;0.00;0.01;0.00;0.01;0.01;0.00;0.00;0.00;0.00;0.03;0.01;0.00;0.00;0.00;0.08;0.03;0.14;0.01;0.04;0.03;0.00;0.11;0.04;0.21;0.08;0.01;0.01;0.00;0.00;0.00;0.00;0.09;0.02;0.00;0.19;0.00;0.18;0.02;0.19;0.12;0.21;0.01;0.15;0.17;0.21;0.05;0.01;0.02;0.05;0.00;0.00;0.00;0.08;0.00;0.00;0.00;0.00;0.10;0.02;0.06;0.00;0.07;0.00;0.03;0.02;0.02;0.00;0.03;0.02;0.00;0.00;0.03;0.01;0.02;0.00;0.03;0.03;0.01;0.01;0.02;0.03;0.04;0.04;0.02;0.08;0.05;0.15;0.16;0.19;0.04;0.03;0.03;0.00;0.03;0.00;0.11;0.05;0.00;0.00;0.00;0.04;0.05;0.05;0.02;0.03;0.00;0.00;0.01;0.01;0.06;0.03;0.10;0.01;0.00;0.05;0.02;0.03;0.09;0.02;0.04;0.00;0.00;0.00;0.04;0.02;0.04;0.03;0.05;0.00;0.02;0.14;0.00;0.06;0.01;0.01;0.02;0.03;0.01;0.02;0.01;0.00;0.09;0.01;0.00;0.02;0.00;0.00;0.05;0.00;0.01;0.09;0.05;0.00;0.02;0.00;0.02;0.02;0.04;0.00;0.07;0.01;0.03;0.01;0.01;0.00;0.01;0.00;0.00;0.00;0.00;0.00;0.00;0.00;0.01;0.00;0.00;0.00;0.02;0.07;0.02;0.01;0.00;0.00;0.00;0.00;0.01;0.01;0.02;0.00;0.01;0.00;0.00;0.01;0.01;0.00;0.01;0.01;0.01;0.00;0.01;0.00;0.00;0.01;0.01;0.00;0.01;0.00;0.00;0.00;0.00;0.00;0.01;0.00;0.00;0.00;0.00;0.01;0.00;0.03;0.02;0.00;0.02;0.00;0.00;0.00;0.00;0.00;0.00;0.00;0.00;0.00;0.00;0.00;0.00;0.00;0.00;0.01;0.00;0.00;0.00;0.00;0.00;0.00;0.01;0.00;0.01;0.00;0.00;0.01;0.00;0.00;0.00;0.00;0.01;0.00;0.00;0.00;0.00;0.00;0.00;0.00;0.00;0.00;0.00;0.01;0.01;0.00;0.03;0.01;0.00;0.00;0.00;0.01;0.00;0.00;0.00;0.00;0.00;0.01;0.00;0.01;0.00;0.01;0.00;0.01;0.02;0.01;0.00;0.00;0.00;0.00;0.00;0.00;0.00;0.00;0.01;0.00;0.00;0.00;0.00;0.06;0.00;0.03;0.00;0.00;0.00;0.00;0.00;0.00;0.00;0.00;0.00;0.00;0.00;0.00;0.00;0.01;0.01;0.02;0.01;0.03;0.00;0.02;0.06;0.00;0.15;0.15;0.02;0.24;0.00;0.23;0.00;0.05;0.00;0.00;0.00;0.00;0.00;0.03;0.00;0.00;0.00;0.00;0.01;0.00;0.00;0.00;0.00;0.00;0.01;0.02;0.01;0.00;0.00;0.00;0.00;0.00;0.00;0.03;0.00;0.00;0.00;0.00;0.00;0.00;0.02;0.00;0.00;0.03;0.00;0.01;0.01;0.01;0.00;0.04;0.01;0.00;0.00;0.00;0.01;0.01;0.02;0.00;0.01;0.00;0.01;0.01;0.00;0.01;0.02;0.01;0.00;0.01;0.01;0.01;0.01;0.01;0.00;0.00;0.00;0.13;0.04;0.05;0.03;0.01;0.00;0.00;0.00;0.00;0.02;0.00;0.01;0.00;0.03;0.02;0.04;0.00;0.00;0.00;0.01;0.01;0.00;0.02;0.00;0.00;0.01;0.04;0.02;0.00;0.07;0.00;0.01;0.00;0.06;0.01;0.00;0.15;0.01;0.00;0.09;0.00;0.02;0.03;0.03;0.02;0.01;0.00;0.00;0.02;0.00;0.01;0.02;0.00;0.03;0.04;0.02;0.06;0.20;0.19;0.05;0.10;0.01;0.01;0.01;0.03;0.00;0.05
2020-01-10 00:00;0.34;0.31;0.00;0.18;0.38;0.35;0.02;0.08;0.14;0.08;0.02;0.34;0.25;0.41;0.01;0.21;0.24;0.06;0.05;0.01;0.00;0.09;0.09;0.00;0.00;0.03;0.09;0.18;0.01;0.01;0.00;0.03;0.02;0.00;0.01;0.00;0.00;0.07;0.06;0.01;0.01;0.00;0.17;0.07;0.29;0.05;0.09;0.06;0.01;0.26;0.11;0.44;0.17;0.02;0.02;0.00;0.00;0.01;0.00;0.20;0.13;0.00;0.40;0.01;0.39;0.11;0.39;0.35;0.44;0.03;0.31;0.37;0.44;0.10;0.01;0.05;0.15;0.00;0.00;0.00;0.18;0.00;0.00;0.01;0.00;0.22;0.05;0.14;0.00;0.20;0.00;0.08;0.04;0.04;0.00;0.06;0.04;0.00;0.00;0.06;0.02;0.03;0.02;0.06;0.06;0.02;0.02;0.03;0.05;0.08;0.09;0.04;0.16;0.10;0.30;0.31;0.32;0.06;0.05;0.04;0.00;0.05;0.00;0.19;0.08;0.00;0.00;0.00;0.06;0.08;0.09;0.04;0.05;0.00;0.00;0.02;0.01;0.09;0.05;0.17;0.02;0.01;0.08;0.03;0.06;0.14;0.03;0.07;0.00;0.00;0.00;0.07;0.04;0.07;0.05;0.08;0.00;0.03;0.24;0.00;0.09;0.02;0.02;0.03;0.06;0.02;0.03;0.01;0.00;0.13;0.02;0.00;0.01;0.00;0.00;0.07;0.00;0.02;0.13;0.07;0.00;0.02;0.00;0.04;0.03;0.07;0.00;0.11;0.02;0.01;0.01;0.01;0.01;0.01;0.00;0.00;0.00;0.01;0.00;0.00;0.00;0.01;0.01;0.00;0.00;0.03;0.14;0.04;0.01;0.00;0.00;0.00;0.00;0.01;0.01;0.04;0.01;0.01;0.00;0.02;0.01;0.02;0.00;0.02;0.01;0.01;0.01;0.02;0.00;0.01;0.02;0.03;0.01;0.07;0.00;0.01;0.00;0.01;0.00;0.02;0.00;0.00;0.01;0.00;0.02;0.00;0.07;0.04;0.00;0.06;0.02;0.00;0.02;0.00;0.02;0.00;0.03;0.01;0.01;0.00;0.00;0.00;0.00;0.00;0.04;0.00;0.00;0.00;0.00;0.00;0.00;0.04;0.00;0.02;0.03;0.02;0.04;0.01;0.00;0.01;0.02;0.03;0.00;0.00;0.00;0.00;0.00;0.00;0.00;0.00;0.02;0.02;0.03;0.02;0.00;0.02;0.02;0.00;0.00;0.00;0.02;0.00;0.02;0.00;0.00;0.01;0.03;0.00;0.02;0.00;0.03;0.01;0.02;0.04;0.02;0.01;0.00;0.00;0.00;0.00;0.00;0.00;0.01;0.01;0.00;0.00;0.00;0.00;0.12;0.00;0.06;0.01;0.00;0.00;0.00;0.00;0.00;0.00;0.00;0.00;0.00;0.00;0.01;0.00;0.02;0.03;0.04;0.01;0.05;0.02;0.02;0.11;0.00;0.30;0.29;0.03;0.46;0.03;0.47;0.00;0.09;0.00;0.00;0.00;0.00;0.00;0.00;0.02;0.00;0.00;0.01;0.03;0.00;0.00;0.00;0.04;0.00;0.02;0.01;0.01;0.01;0.00;0.00;0.02;0.00;0.00;0.01;0.01;0.01;0.00;0.01;0.00;0.01;0.03;0.00;0.00;0.05;0.01;0.03;0.01;0.01;0.00;0.06;0.01;0.02;0.00;0.00;0.07;0.01;0.02;0.00;0.01;0.00;0.01;0.00;0.01;0.01;0.02;0.04;0.00;0.02;0.02;0.01;0.01;0.02;0.01;0.01;0.00;0.21;0.06;0.09;0.05;0.02;0.00;0.00;0.00;0.00;0.04;0.00;0.01;0.01;0.05;0.03;0.07;0.00;0.01;0.00;0.01;0.01;0.00;0.03;0.00;0.01;0.01;0.06;0.03;0.01;0.14;0.00;0.03;0.01;0.11;0.02;0.00;0.34;0.01;0.01;0.19;0.00;0.04;0.06;0.06;0.04;0.02;0.00;0.00;0.03;0.00;0.01;0.07;0.00;0.06;0.02;0.05;0.14;0.39;0.41;0.10;0.20;0.05;0.01;0.02;0.07;0.00;0.11
2020-01-11 00:00;14.78;7.32;5.48;6.22;15.32;13.79;1.87;4.12;5.75;3.13;1.19;16.14;10.37;18.37;0.57;8.83;8.71;4.22;1.98;0.23;0.00;4.51;5.74;0.00;0.11;1.66;5.13;12.16;0.22;0.51;0.00;1.24;1.30;0.16;0.29;0.00;18.00;3.28;6.65;0.26;0.29;0.00;7.67;5.33;12.47;6.75;3.76;2.70;0.26;11.42;7.55;18.80;7.52;0.88;0.74;0.00;0.00;0.45;0.00;9.11;9.91;0.00;17.24;0.36;17.15;8.63;16.97;18.78;18.80;1.08;13.25;17.39;18.80;4.28;0.49;2.09;11.03;0.00;0.11;0.00;7.69;4.97;0.13;0.34;0.00;18.40;1.97;7.04;0.00;12.65;0.00;6.02;1.57;2.20;0.00;5.27;1.78;2.05;0.14;12.04;18.61;16.74;18.69;17.10;17.82;17.14;17.47;18.65;17.69;17.71;17.61;17.61;18.19;17.72;19.38;19.81;20.98;19.05;18.87;19.30;19.26;19.55;19.52;20.40;19.61;19.30;18.33;19.49;18.71;19.09;19.29;19.60;18.73;17.02;18.83;18.81;19.53;19.34;18.97;19.51;18.97;16.95;18.27;19.60;18.24;19.43;18.99;19.17;18.13;18.83;19.49;18.96;18.80;18.39;18.12;19.77;17.17;18.30;20.07;17.62;19.70;16.05;19.18;17.30;17.74;19.49;20.90;24.28;24.37;17.96;22.14;0.00;0.78;0.00;0.00;0.69;0.00;0.57;18.21;0.96;0.10;1.29;0.00;1.58;1.65;3.89;0.82;6.02;1.02;0.93;0.52;0.91;0.33;0.53;0.00;0.00;0.30;0.73;0.11;0.86;0.00;0.51;0.31;0.50;0.50;1.39;9.47;2.61;1.59;0.00;0.00;0.00;0.00;0.63;0.58;5.19;0.33;0.76;0.26;0.37;1.93;0.97;0.00;1.25;0.57;0.77;0.62;1.14;0.04;0.60;1.30;1.37;0.44;1.02;0.00;0.34;0.00;0.47;0.28;1.13;0.00;0.11;0.25;0.21;1.40;0.00;4.31;2.24;0.00;3.82;0.78;0.17;1.01;0.00;0.81;0.00;0.12;0.62;0.82;0.00;0.00;0.00;0.00;0.00;2.18;0.00;0.00;0.35;0.00;0.15;0.00;2.32;0.00;0.65;0.80;1.15;2.31;0.66;0.00;0.70;0.92;1.68;0.00;0.00;0.00;0.00;0.00;0.00;0.00;0.38;0.16;0.11;1.86;1.27;0.00;1.46;1.42;0.00;0.00;0.00;1.09;0.00;0.40;0.00;0.07;0.00;1.75;0.00;1.04;0.05;0.96;0.39;1.25;2.79;1.42;0.01;0.00;0.00;0.36;0.00;0.00;0.00;0.54;0.59;0.10;0.00;0.17;0.00;6.54;0.00;1.22;0.53;0.00;0.00;0.00;0.00;0.00;0.00;0.00;0.26;0.00;0.76;0.58;0.31;1.20;1.84;3.52;0.89;3.33;0.11;1.69;10.65;0.00;20.07;21.02;28.26;26.66;0.05;31.50;0.22;6.17;0.19;0.00;0.00;0.00;0.00;0.67;0.00;0.00;0.00;0.61;1.79;0.00;26.04;0.00;0.00;0.00;1.29;0.69;0.81;0.51;29.44;0.00;0.08;0.00;0.00;0.94;0.57;0.45;0.16;0.59;0.02;0.11;2.05;0.23;0.00;3.37;0.52;1.63;0.47;0.54;0.00;3.50;0.79;0.03;0.00;0.01;1.34;0.44;0.95;0.00;0.48;0.31;0.75;0.40;0.41;0.53;1.23;0.83;0.00;0.90;0.59;0.54;0.72;0.10;18.40;19.12;18.95;20.19;17.89;19.24;19.24;21.74;18.82;19.24;18.52;17.45;1.71;19.34;19.37;19.60;19.74;19.28;20.22;19.56;19.57;19.53;19.62;19.22;19.49;19.79;18.75;17.96;18.87;20.20;19.92;17.67;18.43;18.26;17.63;17.49;19.65;17.78;16.91;18.78;17.76;17.70;18.56;0.00;1.77;2.44;2.87;1.61;19.94;0.06;0.21;1.47;0.00;0.50;1.64;0.19;2.68;1.37;2.06;5.96;2.08;17.71;4.24;9.59;1.24;0.65;0.95;3.07;0.00;4.75
2020-01-12 00:00;0.00;0.00;0.00;0.00;0.00;0.00;0.00;0.00;0.00;0.00;0.00;0.00;0.00;0.00;0.00;0.00;0.00;0.00;0.00;0.00;0.00;0.00;0.00;0.00;0.00;0.00;0.00;0.00;0.00;0.00;0.00;0.00;0.00;0.00;0.00;0.00;0.00;0.00;0.00;0.00;0.00;0.00;0.00;0.00;0.00;0.00;0.00;0.00;0.00;0.00;0.00;0.00;0.00;0.00;0.00;0.00;0.00;0.00;0.00;0.00;0.00;0.00;0.00;0.00;0.00;0.00;0.00;0.00;0.00;0.00;0.00;0.00;0.00;0.00;0.00;0.00;0.00;0.00;0.00;0.00;0.00;0.00;0.00;0.00;0.00;0.00;0.00;0.00;0.00;0.00;0.00;0.00;0.00;0.00;0.00;0.00;0.00;0.00;0.00;0.00;0.00;0.00;0.00;0.00;0.00;0.00;0.00;0.00;0.00;0.00;0.00;0.00;0.00;0.00;0.00;0.00;0.00;0.00;0.00;0.00;0.00;0.00;0.00;0.00;0.00;0.00;0.00;0.00;0.00;0.00;0.00;0.00;0.00;0.00;0.00;0.00;0.00;0.00;0.00;0.00;0.00;0.00;0.00;0.00;0.00;0.00;0.00;0.00;0.00;0.00;0.00;0.00;0.00;0.00;0.00;0.00;0.00;0.00;0.00;0.00;0.00;0.00;0.00;0.00;0.00;0.00;0.00;0.00;0.00;0.00;0.00;0.00;0.00;0.00;0.00;0.00;0.00;0.00;0.00;0.00;0.00;0.00;0.00;0.00;0.00;0.00;0.00;0.00;0.00;0.00;0.00;0.00;0.00;0.00;0.00;0.00;0.00;0.00;0.00;0.00;0.00;0.00;0.00;0.00;0.00;0.00;0.00;0.00;0.00;0.00;0.00;0.00;0.00;0.00;0.00;0.00;0.00;0.00;0.00;0.00;0.00;0.00;0.00;0.00;0.00;0.00;0.00;0.00;0.00;0.00;0.00;0.00;0.00;0.00;0.00;0.00;0.00;0.00;0.00;0.00;0.00;0.00;0.00;0.00;0.00;0.00;0.00;0.00;0.00;0.00;0.00;0.00;0.00;0.00;0.00;0.00;0.00;0.00;0.00;0.00;0.00;0.00;0.00;0.00;0.00;0.00;0.00;0.00;0.00;0.00;0.00;0.00;0.00;0.00;0.00;0.00;0.00;0.00;0.00;0.00;0.00;0.00;0.00;0.00;0.00;0.00;0.00;0.00;0.00;0.00;0.00;0.00;0.00;0.00;0.00;0.00;0.00;0.00;0.00;0.00;0.00;0.00;0.00;0.00;0.00;0.00;0.00;0.00;0.00;0.00;0.00;0.00;0.00;0.00;0.00;0.00;0.00;0.00;0.00;0.00;0.00;0.00;0.00;0.00;0.00;0.00;0.00;0.00;0.00;0.00;0.00;0.00;0.00;0.00;0.00;0.00;0.00;0.00;0.00;0.00;0.00;0.00;0.00;0.00;0.00;0.00;0.00;0.00;0.00;0.00;0.00;0.00;0.00;0.00;0.00;0.00;0.00;0.00;0.00;0.00;0.00;0.00;0.00;0.00;0.00;0.00;0.00;0.00;0.00;0.00;0.00;0.00;0.00;0.00;0.00;0.00;0.00;0.00;0.00;0.00;0.00;0.00;0.00;0.00;0.00;0.00;0.00;0.00;0.00;0.00;0.00;0.00;0.00;0.00;0.00;0.00;0.00;0.00;0.00;0.00;0.00;0.00;0.00;0.00;0.00;0.00;0.00;0.00;0.00;0.00;0.00;0.00;0.00;0.00;0.00;0.00;0.00;0.00;0.00;0.00;0.00;0.00;0.00;0.00;0.00;0.00;0.00;0.00;0.00;0.00;0.00;0.00;0.00;0.00;0.00;0.00;0.00;0.00;0.00;0.00;0.00;0.00;0.00;0.00;0.00;0.00;0.00;0.00;0.00;0.00;0.00;0.00;0.00;0.00;0.00;0.00;0.00;0.00;0.00;0.00;0.00;0.00;0.00;0.00;0.00;0.00;0.00;0.00;0.00;0.00;0.00;0.00;0.00;0.00;0.00;0.00;0.00;0.00;0.00;0.00;0.00;0.00;0.00;0.00;0.00;0.00;0.00;0.00;0.00;0.00;0.00;0.00;0.00;0.00;0.00
2020-01-13 00:00;0.00;0.00;0.00;0.00;0.00;0.00;0.00;0.00;0.00;0.00;0.00;0.00;0.00;0.00;0.00;0.00;0.00;0.00;0.00;0.00;0.00;0.00;0.00;0.00;0.00;0.00;0.00;0.00;0.00;0.00;0.00;0.00;0.00;0.00;0.00;0.00;0.00;0.00;0.00;0.00;0.00;0.00;0.00;0.00;0.00;0.00;0.00;0.00;0.00;0.00;0.00;0.00;0.00;0.00;0.00;0.00;0.00;0.00;0.00;0.00;0.00;0.00;0.00;0.00;0.00;0.00;0.00;0.00;0.00;0.00;0.00;0.00;0.00;0.00;0.00;0.00;0.00;0.00;0.00;0.00;0.00;0.00;0.00;0.00;0.00;0.00;0.00;0.00;0.00;0.00;0.00;0.00;0.00;0.00;0.00;0.00;0.00;0.00;0.00;0.00;0.00;0.00;0.00;0.00;0.00;0.00;0.00;0.00;0.00;0.00;0.00;0.00;0.00;0.00;0.00;0.00;0.00;0.00;0.00;0.00;0.00;0.00;0.00;0.00;0.00;0.00;0.00;0.00;0.00;0.00;0.00;0.00;0.00;0.00;0.00;0.00;0.00;0.00;0.00;0.00;0.00;0.00;0.00;0.00;0.00;0.00;0.00;0.00;0.00;0.00;0.00;0.00;0.00;0.00;0.00;0.00;0.00;0.00;0.00;0.00;0.00;0.00;0.00;0.00;0.00;0.00;0.00;0.00;0.00;0.00;0.00;0.00;0.00;0.00;0.00;0.00;0.00;0.00;0.00;0.00;0.00;0.00;0.00;0.00;0.00;0.00;0.00;0.00;0.00;0.00;0.00;0.00;0.00;0.00;0.00;0.00;0.00;0.00;0.00;0.00;0.00;0.00;0.00;0.00;0.00;0.00;0.00;0.00;0.00;0.00;0.00;0.00;0.00;0.00;0.00;0.00;0.00;0.00;0.00;0.00;0.00;0.00;0.00;0.00;0.00;0.00;0.00;0.00;0.00;0.00;0.00;0.00;0.00;0.00;0.00;0.00;0.00;0.00;0.00;0.00;0.00;0.00;0.00;0.00;0.00;0.00;0.00;0.00;0.00;0.00;0.00;0.00;0.00;0.00;0.00;0.00;0.00;0.00;0.00;0.00;0.00;0.00;0.00;0.00;0.00;0.00;0.00;0.00;0.00;0.00;0.00;0.00;0.00;0.00;0.00;0.00;0.00;0.00;0.00;0.00;0.00;0.00;0.00;0.00;0.00;0.00;0.00;0.00;0.00;0.00;0.00;0.00;0.00;0.00;0.00;0.00;0.00;0.00;0.00;0.00;0.00;0.00;0.00;0.00;0.00;0.00;0.00;0.00;0.00;0.00;0.00;0.00;0.00;0.00;0.00;0.00;0.00;0.00;0.00;0.00;0.00;0.00;0.00;0.00;0.00;0.00;0.00;0.00;0.00;0.00;0.00;0.00;0.00;0.00;0.00;0.00;0.00;0.00;0.00;0.00;0.00;0.00;0.00;0.00;0.00;0.00;0.00;0.00;0.00;0.00;0.00;0.00;0.00;0.00;0.00;0.00;0.00;0.00;0.00;0.00;0.00;0.00;0.00;0.00;0.00;0.00;0.00;0.00;0.00;0.00;0.00;0.00;0.00;0.00;0.00;0.00;0.00;0.00;0.00;0.00;0.00;0.00;0.00;0.00;0.00;0.00;0.00;0.00;0.00;0.00;0.00;0.00;0.00;0.00;0.00;0.00;0.00;0.00;0.00;0.00;0.00;0.00;0.00;0.00;0.00;0.00;0.00;0.00;0.00;0.00;0.00;0.00;0.00;0.00;0.00;0.00;0.00;0.00;0.00;0.00;0.00;0.00;0.00;0.00;0.00;0.00;0.00;0.00;0.00;0.00;0.00;0.00;0.00;0.00;0.00;0.00;0.00;0.00;0.00;0.00;0.00;0.00;0.00;0.00;0.00;0.00;0.00;0.00;0.00;0.00;0.00;0.00;0.00;0.00;0.00;0.00;0.00;0.00;0.00;0.00;0.00;0.00;0.00;0.00;0.00;0.00;0.00;0.00;0.00;0.00;0.00;0.00;0.00;0.00;0.00;0.00;0.00;0.00;0.00;0.00;0.00;0.00;0.00;0.00;0.00;0.00;0.00;0.00;0.00;0.00;0.00;0.00;0.00;0.00;0.00
2020-01-14 00:00;0.00;0.00;0.00;0.00;0.00;0.00;0.00;0.00;0.00;0.00;0.00;0.00;0.00;0.00;0.00;0.00;0.00;0.00;0.00;0.00;0.00;0.00;0.00;0.00;0.00;0.00;0.00;0.00;0.00;0.00;0.00;0.00;0.00;0.00;0.00;0.00;0.00;0.00;0.00;0.00;0.00;0.00;0.00;0.00;0.00;0.00;0.00;0.00;0.00;0.00;0.00;0.00;0.00;0.00;0.00;0.00;0.00;0.00;0.00;0.00;0.00;0.00;0.00;0.00;0.00;0.00;0.00;0.00;0.00;0.00;0.00;0.00;0.00;0.00;0.00;0.00;0.00;0.00;0.00;0.00;0.00;0.00;0.00;0.00;0.00;0.00;0.00;0.00;0.00;0.00;0.00;0.00;0.00;0.00;0.00;0.00;0.00;0.00;0.00;0.00;0.00;0.00;0.00;0.00;0.00;0.00;0.00;0.00;0.00;0.00;0.00;0.00;0.00;0.00;0.00;0.00;0.00;0.00;0.00;0.00;0.00;0.00;0.00;0.00;0.00;0.00;0.00;0.00;0.00;0.00;0.00;0.00;0.00;0.00;0.00;0.00;0.00;0.00;0.00;0.00;0.00;0.00;0.00;0.00;0.00;0.00;0.00;0.00;0.00;0.00;0.00;0.00;0.00;0.00;0.00;0.00;0.00;0.00;0.00;0.00;0.00;0.00;0.00;0.00;0.00;0.00;0.00;0.00;0.00;0.00;0.00;0.00;0.00;0.00;0.00;0.00;0.00;0.00;0.00;0.00;0.00;0.00;0.00;0.00;0.00;0.00;0.00;0.00;0.00;0.00;0.00;0.00;0.00;0.00;0.00;0.00;0.00;0.00;0.00;0.00;0.00;0.00;0.00;0.00;0.00;0.00;0.00;0.00;0.00;0.00;0.00;0.00;0.00;0.00;0.00;0.00;0.00;0.00;0.00;0.00;0.00;0.00;0.00;0.00;0.00;0.00;0.00;0.00;0.00;0.00;0.00;0.00;0.00;0.00;0.00;0.00;0.00;0.00;0.00;0.00;0.00;0.00;0.00;0.00;0.00;0.00;0.00;0.00;0.00;0.00;0.00;0.00;0.00;0.00;0.00;0.00;0.00;0.00;0.00;0.00;0.00;0.00;0.00;0.00;0.00;0.00;0.00;0.00;0.00;0.00;0.00;0.00;0.00;0.00;0.00;0.00;0.00;0.00;0.00;0.00;0.00;0.00;0.00;0.00;0.00;0.00;0.00;0.00;0.00;0.00;0.00;0.00;0.00;0.00;0.00;0.00;0.00;0.00;0.00;0.00;0.00;0.00;0.00;0.00;0.00;0.00;0.00;0.00;0.00;0.00;0.00;0.00;0.00;0.00;0.00;0.00;0.00;0.00;0.00;0.00;0.00;0.00;0.00;0.00;0.00;0.00;0.00;0.00;0.00;0.00;0.00;0.00;0.00;0.00;0.00;0.00;0.00;0.00;0.00;0.00;0.00;0.00;0.00;0.00;0.00;0.00;0.00;0.00;0.00;0.00;0.00;0.00;0.00;0.00;0.00;0.00;0.00;0.00;0.00;0.00;0.00;0.00;0.00;0.00;0.00;0.00;0.00;0.00;0.00;0.00;0.00;0.00;0.00;0.00;0.00;0.00;0.00;0.00;0.00;0.00;0.00;0.00;0.00;0.00;0.00;0.00;0.00;0.00;0.00;0.00;0.00;0.00;0.00;0.00;0.00;0.00;0.00;0.00;0.00;0.00;0.00;0.00;0.00;0.00;0.00;0.00;0.00;0.00;0.00;0.00;0.00;0.00;0.00;0.00;0.00;0.00;0.00;0.00;0.00;0.00;0.00;0.00;0.00;0.00;0.00;0.00;0.00;0.00;0.00;0.00;0.00;0.00;0.00;0.00;0.00;0.00;0.00;0.00;0.00;0.00;0.00;0.00;0.00;0.00;0.00;0.00;0.00;0.00;0.00;0.00;0.00;0.00;0.00;0.00;0.00;0.00;0.00;0.00;0.00;0.00;0.00;0.00;0.00;0.00;0.00;0.00;0.00;0.00;0.00;0.00;0.00;0.00;0.00;0.00;0.00;0.00;0.00;0.00;0.00;0.00;0.00;0.00;0.00;0.00;0.00;0.00;0.00;0.00;0.00;0.00;0.00;0.00;0.00;0.00;0.00
2020-01-15 00:00;0.00;0.00;0.00;0.00;0.00;0.00;0.00;0.00;0.00;0.00;0.00;0.00;0.00;0.00;0.00;0.00;0.00;0.00;0.00;0.00;0.00;0.00;0.00;0.00;0.00;0.00;0.00;0.00;0.00;0.00;0.00;0.00;0.00;0.00;0.00;0.00;0.00;0.00;0.00;0.00;0.00;0.00;0.00;0.00;0.00;0.00;0.00;0.00;0.00;0.00;0.00;0.00;0.00;0.00;0.00;0.00;0.00;0.00;0.00;0.00;0.00;0.00;0.00;0.00;0.00;0.00;0.00;0.00;0.00;0.00;0.00;0.00;0.00;0.00;0.00;0.00;0.00;0.00;0.00;0.00;0.00;0.00;0.00;0.00;0.00;0.00;0.00;0.00;0.00;0.00;0.00;0.00;0.00;0.00;0.00;0.00;0.00;0.00;0.00;0.00;0.00;0.00;0.00;0.00;0.00;0.00;0.00;0.00;0.00;0.00;0.00;0.00;0.00;0.00;0.00;0.00;0.00;0.00;0.00;0.00;0.00;0.00;0.00;0.00;0.00;0.00;0.00;0.00;0.00;0.00;0.00;0.00;0.00;0.00;0.00;0.00;0.00;0.00;0.00;0.00;0.00;0.00;0.00;0.00;0.00;0.00;0.00;0.00;0.00;0.00;0.00;0.00;0.00;0.00;0.00;0.00;0.00;0.00;0.00;0.00;0.00;0.00;0.00;0.00;0.00;0.00;0.00;0.00;0.00;0.00;0.00;0.00;0.00;0.00;0.00;0.00;0.00;0.00;0.00;0.00;0.00;0.00;0.00;0.00;0.00;0.00;0.00;0.00;0.00;0.00;0.00;0.00;0.00;0.00;0.00;0.00;0.00;0.00;0.00;0.00;0.00;0.00;0.00;0.00;0.00;0.00;0.00;0.00;0.00;0.00;0.00;0.00;0.00;0.00;0.00;0.00;0.00;0.00;0.00;0.00;0.00;0.00;0.00;0.00;0.00;0.00;0.00;0.00;0.00;0.00;0.00;0.00;0.00;0.00;0.00;0.00;0.00;0.00;0.00;0.00;0.00;0.00;0.00;0.00;0.00;0.00;0.00;0.00;0.00;0.00;0.00;0.00;0.00;0.00;0.00;0.00;0.00;0.00;0.00;0.00;0.00;0.00;0.00;0.00;0.00;0.00;0.00;0.00;0.00;0.00;0.00;0.00;0.00;0.00;0.00;0.00;0.00;0.00;0.00;0.00;0.00;0.00;0.00;0.00;0.00;0.00;0.00;0.00;0.00;0.00;0.00;0.00;0.00;0.00;0.00;0.00;0.00;0.00;0.00;0.00;0.00;0.00;0.00;0.00;0.00;0.00;0.00;0.00;0.00;0.00;0.00;0.00;0.00;0.00;0.00;0.00;0.00;0.00;0.00;0.00;0.00;0.00;0.00;0.00;0.00;0.00;0.00;0.00;0.00;0.00;0.00;0.00;0.00;0.00;0.00;0.00;0.00;0.00;0.00;0.00;0.00;0.00;0.00;0.00;0.00;0.00;0.00;0.00;0.00;0.00;0.00;0.00;0.00;0.00;0.00;0.00;0.00;0.00;0.00;0.00;0.00;0.00;0.00;0.00;0.00;0.00;0.00;0.00;0.00;0.00;0.00;0.00;0.00;0.00;0.00;0.00;0.00;0.00;0.00;0.00;0.00;0.00;0.00;0.00;0.00;0.00;0.00;0.00;0.00;0.00;0.00;0.00;0.00;0.00;0.00;0.00;0.00;0.00;0.00;0.00;0.00;0.00;0.00;0.00;0.00;0.00;0.00;0.00;0.00;0.00;0.00;0.00;0.00;0.00;0.00;0.00;0.00;0.00;0.00;0.00;0.00;0.00;0.00;0.00;0.00;0.00;0.00;0.00;0.00;0.00;0.00;0.00;0.00;0.00;0.00;0.00;0.00;0.00;0.00;0.00;0.00;0.00;0.00;0.00;0.00;0.00;0.00;0.00;0.00;0.00;0.00;0.00;0.00;0.00;0.00;0.00;0.00;0.00;0.00;0.00;0.00;0.00;0.00;0.00;0.00;0.00;0.00;0.00;0.00;0.00;0.00;0.00;0.00;0.00;0.00;0.00;0.00;0.00;0.00;0.00;0.00;0.00;0.00;0.00;0.00;0.00;0.00;0.00;0.00;0.00;0.00;0.00;0.00;0.00;0.00
2020-01-16 00:00;0.00;0.00;0.00;0.00;0.00;0.00;0.00;0.00;0.00;0.00;0.00;0.00;0.00;0.00;0.00;0.00;0.00;0.00;0.00;0.00;0.00;0.00;0.00;0.00;0.00;0.00;0.00;0.00;0.00;0.00;0.00;0.00;0.00;0.00;0.00;0.00;0.00;0.00;0.00;0.00;0.00;0.00;0.00;0.00;0.00;0.00;0.00;0.00;0.00;0.00;0.00;0.00;0.00;0.00;0.00;0.00;0.00;0.00;0.00;0.00;0.00;0.00;0.00;0.00;0.00;0.00;0.00;0.00;0.00;0.00;0.00;0.00;0.00;0.00;0.00;0.00;0.00;0.00;0.00;0.00;0.00;0.00;0.00;0.00;0.00;0.00;0.00;0.00;0.00;0.00;0.00;0.00;0.00;0.00;0.00;0.00;0.00;0.00;0.00;0.00;0.00;0.00;0.00;0.00;0.00;0.00;0.00;0.00;0.00;0.00;0.00;0.00;0.00;0.00;0.00;0.00;0.00;0.00;0.00;0.00;0.00;0.00;0.00;0.00;0.00;0.00;0.00;0.00;0.00;0.00;0.00;0.00;0.00;0.00;0.00;0.00;0.00;0.00;0.00;0.00;0.00;0.00;0.00;0.00;0.00;0.00;0.00;0.00;0.00;0.00;0.00;0.00;0.00;0.00;0.00;0.00;0.00;0.00;0.00;0.00;0.00;0.00;0.00;0.00;0.00;0.00;0.00;0.00;0.00;0.00;0.00;0.00;0.00;0.00;0.00;0.00;0.00;0.00;0.00;0.00;0.00;0.00;0.00;0.00;0.00;0.00;0.00;0.00;0.00;0.00;0.00;0.00;0.00;0.00;0.00;0.00;0.00;0.00;0.00;0.00;0.00;0.00;0.00;0.00;0.00;0.00;0.00;0.00;0.00;0.00;0.00;0.00;0.00;0.00;0.00;0.00;0.00;0.00;0.00;0.00;0.00;0.00;0.00;0.00;0.00;0.00;0.00;0.00;0.00;0.00;0.00;0.00;0.00;0.00;0.00;0.00;0.00;0.00;0.00;0.00;0.00;0.00;0.00;0.00;0.00;0.00;0.00;0.00;0.00;0.00;0.00;0.00;0.00;0.00;0.00;0.00;0.00;0.00;0.00;0.00;0.00;0.00;0.00;0.00;0.00;0.00;0.00;0.00;0.00;0.00;0.00;0.00;0.00;0.00;0.00;0.00;0.00;0.00;0.00;0.00;0.00;0.00;0.00;0.00;0.00;0.00;0.00;0.00;0.00;0.00;0.00;0.00;0.00;0.00;0.00;0.00;0.00;0.00;0.00;0.00;0.00;0.00;0.00;0.00;0.00;0.00;0.00;0.00;0.00;0.00;0.00;0.00;0.00;0.00;0.00;0.00;0.00;0.00;0.00;0.00;0.00;0.00;0.00;0.00;0.00;0.00;0.00;0.00;0.00;0.00;0.00;0.00;0.00;0.00;0.00;0.00;0.00;0.00;0.00;0.00;0.00;0.00;0.00;0.00;0.00;0.00;0.00;0.00;0.00;0.00;0.00;0.00;0.00;0.00;0.00;0.00;0.00;0.00;0.00;0.00;0.00;0.00;0.00;0.00;0.00;0.00;0.00;0.00;0.00;0.00;0.00;0.00;0.00;0.00;0.00;0.00;0.00;0.00;0.00;0.00;0.00;0.00;0.00;0.00;0.00;0.00;0.00;0.00;0.00;0.00;0.00;0.00;0.00;0.00;0.00;0.00;0.00;0.00;0.00;0.00;0.00;0.00;0.00;0.00;0.00;0.00;0.00;0.00;0.00;0.00;0.00;0.00;0.00;0.00;0.00;0.00;0.00;0.00;0.00;0.00;0.00;0.00;0.00;0.00;0.00;0.00;0.00;0.00;0.00;0.00;0.00;0.00;0.00;0.00;0.00;0.00;0.00;0.00;0.00;0.00;0.00;0.00;0.00;0.00;0.00;0.00;0.00;0.00;0.00;0.00;0.00;0.00;0.00;0.00;0.00;0.00;0.00;0.00;0.00;0.00;0.00;0.00;0.00;0.00;0.00;0.00;0.00;0.00;0.00;0.00;0.00;0.00;0.00;0.00;0.00;0.00;0.00;0.00;0.00;0.00;0.00;0.00;0.00;0.00;0.00;0.00;0.00;0.00;0.00;0.00;0.00;0.00;0.00;0.00;0.00
2020-01-17 00:00;0.00;0.00;0.00;0.00;0.00;0.00;0.00;0.00;0.00;0.00;0.00;0.00;0.00;0.00;0.00;0.00;0.00;0.00;0.00;0.00;0.00;0.00;0.00;0.00;0.00;0.00;0.00;0.00;0.00;0.00;0.00;0.00;0.00;0.00;0.00;0.00;0.00;0.00;0.00;0.00;0.00;0.00;0.00;0.00;0.00;0.00;0.00;0.00;0.00;0.00;0.00;0.00;0.00;0.00;0.00;0.00;0.00;0.00;0.00;0.00;0.00;0.00;0.00;0.00;0.00;0.00;0.00;0.00;0.00;0.00;0.00;0.00;0.00;0.00;0.00;0.00;0.00;0.00;0.00;0.00;0.00;0.00;0.00;0.00;0.00;0.00;0.00;0.00;0.00;0.00;0.00;0.00;0.00;0.00;0.00;0.00;0.00;0.00;0.00;0.00;0.00;0.00;0.00;0.00;0.00;0.00;0.00;0.00;0.00;0.00;0.00;0.00;0.00;0.00;0.00;0.00;0.00;0.00;0.00;0.00;0.00;0.00;0.00;0.00;0.00;0.00;0.00;0.00;0.00;0.00;0.00;0.00;0.00;0.00;0.00;0.00;0.00;0.00;0.00;0.00;0.00;0.00;0.00;0.00;0.00;0.00;0.00;0.00;0.00;0.00;0.00;0.00;0.00;0.00;0.00;0.00;0.00;0.00;0.00;0.00;0.00;0.00;0.00;0.00;0.00;0.00;0.00;0.00;0.00;0.00;0.00;0.00;0.00;0.00;0.00;0.00;0.00;0.00;0.00;0.00;0.00;0.00;0.00;0.00;0.00;0.00;0.00;0.00;0.00;0.00;0.00;0.00;0.00;0.00;0.00;0.00;0.00;0.00;0.00;0.00;0.00;0.00;0.00;0.00;0.00;0.00;0.00;0.00;0.00;0.00;0.00;0.00;0.00;0.00;0.00;0.00;0.00;0.00;0.00;0.00;0.00;0.00;0.00;0.00;0.00;0.00;0.00;0.00;0.00;0.00;0.00;0.00;0.00;0.00;0.00;0.00;0.00;0.00;0.00;0.00;0.00;0.00;0.00;0.00;0.00;0.00;0.00;0.00;0.00;0.00;0.00;0.00;0.00;0.00;0.00;0.00;0.00;0.00;0.00;0.00;0.00;0.00;0.00;0.00;0.00;0.00;0.00;0.00;0.00;0.00;0.00;0.00;0.00;0.00;0.00;0.00;0.00;0.00;0.00;0.00;0.00;0.00;0.00;0.00;0.00;0.00;0.00;0.00;0.00;0.00;0.00;0.00;0.00;0.00;0.00;0.00;0.00;0.00;0.00;0.00;0.00;0.00;0.00;0.00;0.00;0.00;0.00;0.00;0.00;0.00;0.00;0.00;0.00;0.00;0.00;0.00;0.00;0.00;0.00;0.00;0.00;0.00;0.00;0.00;0.00;0.00;0.00;0.00;0.00;0.00;0.00;0.00;0.00;0.00;0.00;0.00;0.00;0.00;0.00;0.00;0.00;0.00;0.00;0.00;0.00;0.00;0.00;0.00;0.00;0.00;0.00;0.00;0.00;0.00;0.00;0.00;0.00;0.00;0.00;0.00;0.00;0.00;0.00;0.00;0.00;0.00;0.00;0.00;0.00;0.00;0.00;0.00;0.00;0.00;0.00;0.00;0.00;0.00;0.00;0.00;0.00;0.00;0.00;0.00;0.00;0.00;0.00;0.00;0.00;0.00;0.00;0.00;0.00;0.00;0.00;0.00;0.00;0.00;0.00;0.00;0.00;0.00;0.00;0.00;0.00;0.00;0.00;0.00;0.00;0.00;0.00;0.00;0.00;0.00;0.00;0.00;0.00;0.00;0.00;0.00;0.00;0.00;0.00;0.00;0.00;0.00;0.00;0.00;0.00;0.00;0.00;0.00;0.00;0.00;0.00;0.00;0.00;0.00;0.00;0.00;0.00;0.00;0.00;0.00;0.00;0.00;0.00;0.00;0.00;0.00;0.00;0.00;0.00;0.00;0.00;0.00;0.00;0.00;0.00;0.00;0.00;0.00;0.00;0.00;0.00;0.00;0.00;0.00;0.00;0.00;0.00;0.00;0.00;0.00;0.00;0.00;0.00;0.00;0.00;0.00;0.00;0.00;0.00;0.00;0.00;0.00;0.00;0.00;0.00;0.00;0.00;0.00;0.00;0.00;0.00
2020-01-18 00:00;0.00;0.00;0.00;0.00;0.00;0.00;0.00;0.00;0.00;0.00;0.00;0.00;0.00;0.00;0.00;0.00;0.00;0.00;0.00;0.00;0.00;0.00;0.00;0.00;0.00;0.00;0.00;0.00;0.00;0.00;0.00;0.00;0.00;0.00;0.00;0.00;0.00;0.00;0.00;0.00;0.00;0.00;0.00;0.00;0.00;0.00;0.00;0.00;0.00;0.00;0.00;0.00;0.00;0.00;0.00;0.00;0.00;0.00;0.00;0.00;0.00;0.00;0.00;0.00;0.00;0.00;0.00;0.00;0.00;0.00;0.00;0.00;0.00;0.00;0.00;0.00;0.00;0.00;0.00;0.00;0.00;0.00;0.00;0.00;0.00;0.00;0.00;0.00;0.00;0.00;0.00;0.00;0.00;0.00;0.00;0.00;0.00;0.00;0.00;0.00;0.00;0.00;0.00;0.00;0.00;0.00;0.00;0.00;0.00;0.00;0.00;0.00;0.00;0.00;0.00;0.00;0.00;0.00;0.00;0.00;0.00;0.00;0.00;0.00;0.00;0.00;0.00;0.00;0.00;0.00;0.00;0.00;0.00;0.00;0.00;0.00;0.00;0.00;0.00;0.00;0.00;0.00;0.00;0.00;0.00;0.00;0.00;0.00;0.00;0.00;0.00;0.00;0.00;0.00;0.00;0.00;0.00;0.00;0.00;0.00;0.00;0.00;0.00;0.00;0.00;0.00;0.00;0.00;0.00;0.00;0.00;0.00;0.00;0.00;0.00;0.00;0.00;0.00;0.00;0.00;0.00;0.00;0.00;0.00;0.00;0.00;0.00;0.00;0.00;0.00;0.00;0.00;0.00;0.00;0.00;0.00;0.00;0.00;0.00;0.00;0.00;0.00;0.00;0.00;0.00;0.00;0.00;0.00;0.00;0.00;0.00;0.00;0.00;0.00;0.00;0.00;0.00;0.00;0.00;0.00;0.00;0.00;0.00;0.00;0.00;0.00;0.00;0.00;0.00;0.00;0.00;0.00;0.00;0.00;0.00;0.00;0.00;0.00;0.00;0.00;0.00;0.00;0.00;0.00;0.00;0.00;0.00;0.00;0.00;0.00;0.00;0.00;0.00;0.00;0.00;0.00;0.00;0.00;0.00;0.00;0.00;0.00;0.00;0.00;0.00;0.00;0.00;0.00;0.00;0.00;0.00;0.00;0.00;0.00;0.00;0.00;0.00;0.00;0.00;0.00;0.00;0.00;0.00;0.00;0.00;0.00;0.00;0.00;0.00;0.00;0.00;0.00;0.00;0.00;0.00;0.00;0.00;0.00;0.00;0.00;0.00;0.00;0.00;0.00;0.00;0.00;0.00;0.00;0.00;0.00;0.00;0.00;0.00;0.00;0.00;0.00;0.00;0.00;0.00;0.00;0.00;0.00;0.00;0.00;0.00;0.00;0.00;0.00;0.00;0.00;0.00;0.00;0.00;0.00;0.00;0.00;0.00;0.00;0.00;0.00;0.00;0.00;0.00;0.00;0.00;0.00;0.00;0.00;0.00;0.00;0.00;0.00;0.00;0.00;0.00;0.00;0.00;0.00;0.00;0.00;0.00;0.00;0.00;0.00;0.00;0.00;0.00;0.00;0.00;0.00;0.00;0.00;0.00;0.00;0.00;0.00;0.00;0.00;0.00;0.00;0.00;0.00;0.00;0.00;0.00;0.00;0.00;0.00;0.00;0.00;0.00;0.00;0.00;0.00;0.00;0.00;0.00;0.00;0.00;0.00;0.00;0.00;0.00;0.00;0.00;0.00;0.00;0.00;0.00;0.00;0.00;0.00;0.00;0.00;0.00;0.00;0.00;0.00;0.00;0.00;0.00;0.00;0.00;0.00;0.00;0.00;0.00;0.00;0.00;0.00;0.00;0.00;0.00;0.00;0.00;0.00;0.00;0.00;0.00;0.00;0.00;0.00;0.00;0.00;0.00;0.00;0.00;0.00;0.00;0.00;0.00;0.00;0.00;0.00;0.00;0.00;0.00;0.00;0.00;0.00;0.00;0.00;0.00;0.00;0.00;0.00;0.00;0.00;0.00;0.00;0.00;0.00;0.00;0.00;0.00;0.00;0.00;0.00;0.00;0.00;0.00;0.00;0.00;0.00;0.00;0.00;0.00;0.00;0.00;0.00;0.00;0.00;0.00;0.00;0.00
2020-01-19 00:00;0.00;0.00;0.00;0.00;0.00;0.00;0.00;0.00;0.00;0.00;0.00;0.00;0.00;0.00;0.00;0.00;0.00;0.00;0.00;0.00;0.00;0.00;0.00;0.00;0.00;0.00;0.00;0.00;0.00;0.00;0.00;0.00;0.00;0.00;0.00;0.00;0.00;0.00;0.00;0.00;0.00;0.00;0.00;0.00;0.00;0.00;0.00;0.00;0.00;0.00;0.00;0.00;0.00;0.00;0.00;0.00;0.00;0.00;0.00;0.00;0.00;0.00;0.00;0.00;0.00;0.00;0.00;0.00;0.00;0.00;0.00;0.00;0.00;0.00;0.00;0.00;0.00;0.00;0.00;0.00;0.00;0.00;0.00;0.00;0.00;0.00;0.00;0.00;0.00;0.00;0.00;0.00;0.00;0.00;0.00;0.00;0.00;0.00;0.00;0.00;0.00;0.00;0.00;0.00;0.00;0.00;0.00;0.00;0.00;0.00;0.00;0.00;0.00;0.00;0.00;0.00;0.00;0.00;0.00;0.00;0.00;0.00;0.00;0.00;0.00;0.00;0.00;0.00;0.00;0.00;0.00;0.00;0.00;0.00;0.00;0.00;0.00;0.00;0.00;0.00;0.00;0.00;0.00;0.00;0.00;0.00;0.00;0.00;0.00;0.00;0.00;0.00;0.00;0.00;0.00;0.00;0.00;0.00;0.00;0.00;0.00;0.00;0.00;0.00;0.00;0.00;0.00;0.00;0.00;0.00;0.00;0.00;0.00;0.00;0.00;0.00;0.00;0.00;0.00;0.00;0.00;0.00;0.00;0.00;0.00;0.00;0.00;0.00;0.00;0.00;0.00;0.00;0.00;0.00;0.00;0.00;0.00;0.00;0.00;0.00;0.00;0.00;0.00;0.00;0.00;0.00;0.00;0.00;0.00;0.00;0.00;0.00;0.00;0.00;0.00;0.00;0.00;0.00;0.00;0.00;0.00;0.00;0.00;0.00;0.00;0.00;0.00;0.00;0.00;0.00;0.00;0.00;0.00;0.00;0.00;0.00;0.00;0.00;0.00;0.00;0.00;0.00;0.00;0.00;0.00;0.00;0.00;0.00;0.00;0.00;0.00;0.00;0.00;0.00;0.00;0.00;0.00;0.00;0.00;0.00;0.00;0.00;0.00;0.00;0.00;0.00;0.00;0.00;0.00;0.00;0.00;0.00;0.00;0.00;0.00;0.00;0.00;0.00;0.00;0.00;0.00;0.00;0.00;0.00;0.00;0.00;0.00;0.00;0.00;0.00;0.00;0.00;0.00;0.00;0.00;0.00;0.00;0.00;0.00;0.00;0.00;0.00;0.00;0.00;0.00;0.00;0.00;0.00;0.00;0.00;0.00;0.00;0.00;0.00;0.00;0.00;0.00;0.00;0.00;0.00;0.00;0.00;0.00;0.00;0.00;0.00;0.00;0.00;0.00;0.00;0.00;0.00;0.00;0.00;0.00;0.00;0.00;0.00;0.00;0.00;0.00;0.00;0.00;0.00;0.00;0.00;0.00;0.00;0.00;0.00;0.00;0.00;0.00;0.00;0.00;0.00;0.00;0.00;0.00;0.00;0.00;0.00;0.00;0.00;0.00;0.00;0.00;0.00;0.00;0.00;0.00;0.00;0.00;0.00;0.00;0.00;0.00;0.00;0.00;0.00;0.00;0.00;0.00;0.00;0.00;0.00;0.00;0.00;0.00;0.00;0.00;0.00;0.00;0.00;0.00;0.00;0.00;0.00;0.00;0.00;0.00;0.00;0.00;0.00;0.00;0.00;0.00;0.00;0.00;0.00;0.00;0.00;0.00;0.00;0.00;0.00;0.00;0.00;0.00;0.00;0.00;0.00;0.00;0.00;0.00;0.00;0.00;0.00;0.00;0.00;0.00;0.00;0.00;0.00;0.00;0.00;0.00;0.00;0.00;0.00;0.00;0.00;0.00;0.00;0.00;0.00;0.00;0.00;0.00;0.00;0.00;0.00;0.00;0.00;0.00;0.00;0.00;0.00;0.00;0.00;0.00;0.00;0.00;0.00;0.00;0.00;0.00;0.00;0.00;0.00;0.00;0.00;0.00;0.00;0.00;0.00;0.00;0.00;0.00;0.00;0.00;0.00;0.00;0.00;0.00;0.00;0.00;0.00;0.00;0.00;0.00;0.00;0.00;0.00;0.00
2020-01-20 00:00;0.00;0.00;0.00;0.00;0.00;0.00;0.00;0.00;0.00;0.00;0.00;0.00;0.00;0.00;0.00;0.00;0.00;0.00;0.00;0.00;0.00;0.00;0.00;0.00;0.00;0.00;0.00;0.00;0.00;0.00;0.00;0.00;0.00;0.00;0.00;0.00;0.00;0.00;0.00;0.00;0.00;0.00;0.00;0.00;0.00;0.00;0.00;0.00;0.00;0.00;0.00;0.00;0.00;0.00;0.00;0.00;0.00;0.00;0.00;0.00;0.00;0.00;0.00;0.00;0.00;0.00;0.00;0.00;0.00;0.00;0.00;0.00;0.00;0.00;0.00;0.00;0.00;0.00;0.00;0.00;0.00;0.00;0.00;0.00;0.00;0.00;0.00;0.00;0.00;0.00;0.00;0.00;0.00;0.00;0.00;0.00;0.00;0.00;0.00;0.00;0.00;0.00;0.00;0.00;0.00;0.00;0.00;0.00;0.00;0.00;0.00;0.00;0.00;0.00;0.00;0.00;0.00;0.00;0.00;0.00;0.00;0.00;0.00;0.00;0.00;0.00;0.00;0.00;0.00;0.00;0.00;0.00;0.00;0.00;0.00;0.00;0.00;0.00;0.00;0.00;0.00;0.00;0.00;0.00;0.00;0.00;0.00;0.00;0.00;0.00;0.00;0.00;0.00;0.00;0.00;0.00;0.00;0.00;0.00;0.00;0.00;0.00;0.00;0.00;0.00;0.00;0.00;0.00;0.00;0.00;0.00;0.00;0.00;0.00;0.00;0.00;0.00;0.00;0.00;0.00;0.00;0.00;0.00;0.00;0.00;0.00;0.00;0.00;0.00;0.00;0.00;0.00;0.00;0.00;0.00;0.00;0.00;0.00;0.00;0.00;0.00;0.00;0.00;0.00;0.00;0.00;0.00;0.00;0.00;0.00;0.00;0.00;0.00;0.00;0.00;0.00;0.00;0.00;0.00;0.00;0.00;0.00;0.00;0.00;0.00;0.00;0.00;0.00;0.00;0.00;0.00;0.00;0.00;0.00;0.00;0.00;0.00;0.00;0.00;0.00;0.00;0.00;0.00;0.00;0.00;0.00;0.00;0.00;0.00;0.00;0.00;0.00;0.00;0.00;0.00;0.00;0.00;0.00;0.00;0.00;0.00;0.00;0.00;0.00;0.00;0.00;0.00;0.00;0.00;0.00;0.00;0.00;0.00;0.00;0.00;0.00;0.00;0.00;0.00;0.00;0.00;0.00;0.00;0.00;0.00;0.00;0.00;0.00;0.00;0.00;0.00;0.00;0.00;0.00;0.00;0.00;0.00;0.00;0.00;0.00;0.00;0.00;0.00;0.00;0.00;0.00;0.00;0.00;0.00;0.00;0.00;0.00;0.00;0.00;0.00;0.00;0.00;0.00;0.00;0.00;0.00;0.00;0.00;0.00;0.00;0.00;0.00;0.00;0.00;0.00;0.00;0.00;0.00;0.00;0.00;0.00;0.00;0.00;0.00;0.00;0.00;0.00;0.00;0.00;0.00;0.00;0.00;0.00;0.00;0.00;0.00;0.00;0.00;0.00;0.00;0.00;0.00;0.00;0.00;0.00;0.00;0.00;0.00;0.00;0.00;0.00;0.00;0.00;0.00;0.00;0.00;0.00;0.00;0.00;0.00;0.00;0.00;0.00;0.00;0.00;0.00;0.00;0.00;0.00;0.00;0.00;0.00;0.00;0.00;0.00;0.00;0.00;0.00;0.00;0.00;0.00;0.00;0.00;0.00;0.00;0.00;0.00;0.00;0.00;0.00;0.00;0.00;0.00;0.00;0.00;0.00;0.00;0.00;0.00;0.00;0.00;0.00;0.00;0.00;0.00;0.00;0.00;0.00;0.00;0.00;0.00;0.00;0.00;0.00;0.00;0.00;0.00;0.00;0.00;0.00;0.00;0.00;0.00;0.00;0.00;0.00;0.00;0.00;0.00;0.00;0.00;0.00;0.00;0.00;0.00;0.00;0.00;0.00;0.00;0.00;0.00;0.00;0.00;0.00;0.00;0.00;0.00;0.00;0.00;0.00;0.00;0.00;0.00;0.00;0.00;0.00;0.00;0.00;0.00;0.00;0.00;0.00;0.00;0.00;0.00;0.00;0.00;0.00;0.00;0.00;0.00;0.00;0.00;0.00;0.00;0.00;0.00;0.00;0.00;0.00
2020-01-21 00:00;0.00;0.00;0.00;0.00;0.00;0.00;0.00;0.00;0.00;0.00;0.00;0.00;0.00;0.00;0.00;0.00;0.00;0.00;0.00;0.00;0.00;0.00;0.00;0.00;0.00;0.00;0.00;0.00;0.00;0.00;0.00;0.00;0.00;0.00;0.00;0.00;0.00;0.00;0.00;0.00;0.00;0.00;0.00;0.00;0.00;0.00;0.00;0.00;0.00;0.00;0.00;0.00;0.00;0.00;0.00;0.00;0.00;0.00;0.00;0.00;0.00;0.00;0.00;0.00;0.00;0.00;0.00;0.00;0.00;0.00;0.00;0.00;0.00;0.00;0.00;0.00;0.00;0.00;0.00;0.00;0.00;0.00;0.00;0.00;0.00;0.00;0.00;0.00;0.00;0.00;0.00;0.00;0.00;0.00;0.00;0.00;0.00;0.00;0.00;0.00;0.00;0.00;0.00;0.00;0.00;0.00;0.00;0.00;0.00;0.00;0.00;0.00;0.00;0.00;0.00;0.00;0.00;0.00;0.00;0.00;0.00;0.00;0.00;0.00;0.00;0.00;0.00;0.00;0.00;0.00;0.00;0.00;0.00;0.00;0.00;0.00;0.00;0.00;0.00;0.00;0.00;0.00;0.00;0.00;0.00;0.00;0.00;0.00;0.00;0.00;0.00;0.00;0.00;0.00;0.00;0.00;0.00;0.00;0.00;0.00;0.00;0.00;0.00;0.00;0.00;0.00;0.00;0.00;0.00;0.00;0.00;0.00;0.00;0.00;0.00;0.00;0.00;0.00;0.00;0.00;0.00;0.00;0.00;0.00;0.00;0.00;0.00;0.00;0.00;0.00;0.00;0.00;0.00;0.00;0.00;0.00;0.00;0.00;0.00;0.00;0.00;0.00;0.00;0.00;0.00;0.00;0.00;0.00;0.00;0.00;0.00;0.00;0.00;0.00;0.00;0.00;0.00;0.00;0.00;0.00;0.00;0.00;0.00;0.00;0.00;0.00;0.00;0.00;0.00;0.00;0.00;0.00;0.00;0.00;0.00;0.00;0.00;0.00;0.00;0.00;0.00;0.00;0.00;0.00;0.00;0.00;0.00;0.00;0.00;0.00;0.00;0.00;0.00;0.00;0.00;0.00;0.00;0.00;0.00;0.00;0.00;0.00;0.00;0.00;0.00;0.00;0.00;0.00;0.00;0.00;0.00;0.00;0.00;0.00;0.00;0.00;0.00;0.00;0.00;0.00;0.00;0.00;0.00;0.00;0.00;0.00;0.00;0.00;0.00;0.00;0.00;0.00;0.00;0.00;0.00;0.00;0.00;0.00;0.00;0.00;0.00;0.00;0.00;0.00;0.00;0.00;0.00;0.00;0.00;0.00;0.00;0.00;0.00;0.00;0.00;0.00;0.00;0.00;0.00;0.00;0.00;0.00;0.00;0.00;0.00;0.00;0.00;0.00;0.00;0.00;0.00;0.00;0.00;0.00;0.00;0.00;0.00;0.00;0.00;0.00;0.00;0.00;0.00;0.00;0.00;0.00;0.00;0.00;0.00;0.00;0.00;0.00;0.00;0.00;0.00;0.00;0.00;0.00;0.00;0.00;0.00;0.00;0.00;0.00;0.00;0.00;0.00;0.00;0.00;0.00;0.00;0.00;0.00;0.00;0.00;0.00;0.00;0.00;0.00;0.00;0.00;0.00;0.00;0.00;0.00;0.00;0.00;0.00;0.00;0.00;0.00;0.00;0.00;0.00;0.00;0.00;0.00;0.00;0.00;0.00;0.00;0.00;0.00;0.00;0.00;0.00;0.00;0.00;0.00;0.00;0.00;0.00;0.00;0.00;0.00;0.00;0.00;0.00;0.00;0.00;0.00;0.00;0.00;0.00;0.00;0.00;0.00;0.00;0.00;0.00;0.00;0.00;0.00;0.00;0.00;0.00;0.00;0.00;0.00;0.00;0.00;0.00;0.00;0.00;0.00;0.00;0.00;0.00;0.00;0.00;0.00;0.00;0.00;0.00;0.00;0.00;0.00;0.00;0.00;0.00;0.00;0.00;0.00;0.00;0.00;0.00;0.00;0.00;0.00;0.00;0.00;0.00;0.00;0.00;0.00;0.00;0.00;0.00;0.00;0.00;0.00;0.00;0.00;0.00;0.00;0.00;0.00;0.00;0.00;0.00;0.00;0.00;0.00;0.00;0.00
2020-01-22 00:00;0.00;0.00;0.00;0.00;0.00;0.00;0.00;0.00;0.00;0.00;0.00;0.00;0.00;0.00;0.00;0.00;0.00;0.00;0.00;0.00;0.00;0.00;0.00;0.00;0.00;0.00;0.00;0.00;0.00;0.00;0.00;0.00;0.00;0.00;0.00;0.00;0.00;0.00;0.00;0.00;0.00;0.00;0.00;0.00;0.00;0.00;0.00;0.00;0.00;0.00;0.00;0.00;0.00;0.00;0.00;0.00;0.00;0.00;0.00;0.00;0.00;0.00;0.00;0.00;0.00;0.00;0.00;0.00;0.00;0.00;0.00;0.00;0.00;0.00;0.00;0.00;0.00;0.00;0.00;0.00;0.00;0.00;0.00;0.00;0.00;0.00;0.00;0.00;0.00;0.00;0.00;0.00;0.00;0.00;0.00;0.00;0.00;0.00;0.00;0.00;0.00;0.00;0.00;0.00;0.00;0.00;0.00;0.00;0.00;0.00;0.00;0.00;0.00;0.00;0.00;0.00;0.00;0.00;0.00;0.00;0.00;0.00;0.00;0.00;0.00;0.00;0.00;0.00;0.00;0.00;0.00;0.00;0.00;0.00;0.00;0.00;0.00;0.00;0.00;0.00;0.00;0.00;0.00;0.00;0.00;0.00;0.00;0.00;0.00;0.00;0.00;0.00;0.00;0.00;0.00;0.00;0.00;0.00;0.00;0.00;0.00;0.00;0.00;0.00;0.00;0.00;0.00;0.00;0.00;0.00;0.00;0.00;0.00;0.00;0.00;0.00;0.00;0.00;0.00;0.00;0.00;0.00;0.00;0.00;0.00;0.00;0.00;0.00;0.00;0.00;0.00;0.00;0.00;0.00;0.00;0.00;0.00;0.00;0.00;0.00;0.00;0.00;0.00;0.00;0.00;0.00;0.00;0.00;0.00;0.00;0.00;0.00;0.00;0.00;0.00;0.00;0.00;0.00;0.00;0.00;0.00;0.00;0.00;0.00;0.00;0.00;0.00;0.00;0.00;0.00;0.00;0.00;0.00;0.00;0.00;0.00;0.00;0.00;0.00;0.00;0.00;0.00;0.00;0.00;0.00;0.00;0.00;0.00;0.00;0.00;0.00;0.00;0.00;0.00;0.00;0.00;0.00;0.00;0.00;0.00;0.00;0.00;0.00;0.00;0.00;0.00;0.00;0.00;0.00;0.00;0.00;0.00;0.00;0.00;0.00;0.00;0.00;0.00;0.00;0.00;0.00;0.00;0.00;0.00;0.00;0.00;0.00;0.00;0.00;0.00;0.00;0.00;0.00;0.00;0.00;0.00;0.00;0.00;0.00;0.00;0.00;0.00;0.00;0.00;0.00;0.00;0.00;0.00;0.00;0.00;0.00;0.00;0.00;0.00;0.00;0.00;0.00;0.00;0.00;0.00;0.00;0.00;0.00;0.00;0.00;0.00;0.00;0.00;0.00;0.00;0.00;0.00;0.00;0.00;0.00;0.00;0.00;0.00;0.00;0.00;0.00;0.00;0.00;0.00;0.00;0.00;0.00;0.00;0.00;0.00;0.00;0.00;0.00;0.00;0.00;0.00;0.00;0.00;0.00;0.00;0.00;0.00;0.00;0.00;0.00;0.00;0.00;0.00;0.00;0.00;0.00;0.00;0.00;0.00;0.00;0.00;0.00;0.00;0.00;0.00;0.00;0.00;0.00;0.00;0.00;0.00;0.00;0.00;0.00;0.00;0.00;0.00;0.00;0.00;0.00;0.00;0.00;0.00;0.00;0.00;0.00;0.00;0.00;0.00;0.00;0.00;0.00;0.00;0.00;0.00;0.00;0.00;0.00;0.00;0.00;0.00;0.00;0.00;0.00;0.00;0.00;0.00;0.00;0.00;0.00;0.00;0.00;0.00;0.00;0.00;0.00;0.00;0.00;0.00;0.00;0.00;0.00;0.00;0.00;0.00;0.00;0.00;0.00;0.00;0.00;0.00;0.00;0.00;0.00;0.00;0.00;0.00;0.00;0.00;0.00;0.00;0.00;0.00;0.00;0.00;0.00;0.00;0.00;0.00;0.00;0.00;0.00;0.00;0.00;0.00;0.00;0.00;0.00;0.00;0.00;0.00;0.00;0.00;0.00;0.00;0.00;0.00;0.00;0.00;0.00;0.00;0.00;0.00;0.00;0.00;0.00;0.00;0.00;0.00;0.00
2020-01-23 00:00;0.00;0.00;0.00;0.00;0.00;0.00;0.00;0.00;0.00;0.00;0.00;0.00;0.00;0.00;0.00;0.00;0.00;0.00;0.00;0.00;0.00;0.00;0.00;0.00;0.00;0.00;0.00;0.00;0.00;0.00;0.00;0.00;0.00;0.00;0.00;0.00;0.00;0.00;0.00;0.00;0.00;0.00;0.00;0.00;0.00;0.00;0.00;0.00;0.00;0.00;0.00;0.00;0.00;0.00;0.00;0.00;0.00;0.00;0.00;0.00;0.00;0.00;0.00;0.00;0.00;0.00;0.00;0.00;0.00;0.00;0.00;0.00;0.00;0.00;0.00;0.00;0.00;0.00;0.00;0.00;0.00;0.00;0.00;0.00;0.00;0.00;0.00;0.00;0.00;0.00;0.00;0.00;0.00;0.00;0.00;0.00;0.00;0.00;0.00;0.00;0.00;0.00;0.00;0.00;0.00;0.00;0.00;0.00;0.00;0.00;0.00;0.00;0.00;0.00;0.00;0.00;0.00;0.00;0.00;0.00;0.00;0.00;0.00;0.00;0.00;0.00;0.00;0.00;0.00;0.00;0.00;0.00;0.00;0.00;0.00;0.00;0.00;0.00;0.00;0.00;0.00;0.00;0.00;0.00;0.00;0.00;0.00;0.00;0.00;0.00;0.00;0.00;0.00;0.00;0.00;0.00;0.00;0.00;0.00;0.00;0.00;0.00;0.00;0.00;0.00;0.00;0.00;0.00;0.00;0.00;0.00;0.00;0.00;0.00;0.00;0.00;0.00;0.00;0.00;0.00;0.00;0.00;0.00;0.00;0.00;0.00;0.00;0.00;0.00;0.00;0.00;0.00;0.00;0.00;0.00;0.00;0.00;0.00;0.00;0.00;0.00;0.00;0.00;0.00;0.00;0.00;0.00;0.00;0.00;0.00;0.00;0.00;0.00;0.00;0.00;0.00;0.00;0.00;0.00;0.00;0.00;0.00;0.00;0.00;0.00;0.00;0.00;0.00;0.00;0.00;0.00;0.00;0.00;0.00;0.00;0.00;0.00;0.00;0.00;0.00;0.00;0.00;0.00;0.00;0.00;0.00;0.00;0.00;0.00;0.00;0.00;0.00;0.00;0.00;0.00;0.00;0.00;0.00;0.00;0.00;0.00;0.00;0.00;0.00;0.00;0.00;0.00;0.00;0.00;0.00;0.00;0.00;0.00;0.00;0.00;0.00;0.00;0.00;0.00;0.00;0.00;0.00;0.00;0.00;0.00;0.00;0.00;0.00;0.00;0.00;0.00;0.00;0.00;0.00;0.00;0.00;0.00;0.00;0.00;0.00;0.00;0.00;0.00;0.00;0.00;0.00;0.00;0.00;0.00;0.00;0.00;0.00;0.00;0.00;0.00;0.00;0.00;0.00;0.00;0.00;0.00;0.00;0.00;0.00;0.00;0.00;0.00;0.00;0.00;0.00;0.00;0.00;0.00;0.00;0.00;0.00;0.00;0.00;0.00;0.00;0.00;0.00;0.00;0.00;0.00;0.00;0.00;0.00;0.00;0.00;0.00;0.00;0.00;0.00;0.00;0.00;0.00;0.00;0.00;0.00;0.00;0.00;0.00;0.00;0.00;0.00;0.00;0.00;0.00;0.00;0.00;0.00;0.00;0.00;0.00;0.00;0.00;0.00;0.00;0.00;0.00;0.00;0.00;0.00;0.00;0.00;0.00;0.00;0.00;0.00;0.00;0.00;0.00;0.00;0.00;0.00;0.00;0.00;0.00;0.00;0.00;0.00;0.00;0.00;0.00;0.00;0.00;0.00;0.00;0.00;0.00;0.00;0.00;0.00;0.00;0.00;0.00;0.00;0.00;0.00;0.00;0.00;0.00;0.00;0.00;0.00;0.00;0.00;0.00;0.00;0.00;0.00;0.00;0.00;0.00;0.00;0.00;0.00;0.00;0.00;0.00;0.00;0.00;0.00;0.00;0.00;0.00;0.00;0.00;0.00;0.00;0.00;0.00;0.00;0.00;0.00;0.00;0.00;0.00;0.00;0.00;0.00;0.00;0.00;0.00;0.00;0.00;0.00;0.00;0.00;0.00;0.00;0.00;0.00;0.00;0.00;0.00;0.00;0.00;0.00;0.00;0.00;0.00;0.00;0.00;0.00;0.00;0.00;0.00;0.00;0.00;0.00;0.00;0.00;0.00
2020-01-24 00:00;0.00;0.00;0.00;0.00;0.00;0.00;0.00;0.00;0.00;0.00;0.00;0.00;0.00;0.00;0.00;0.00;0.00;0.00;0.00;0.00;0.00;0.00;0.00;0.00;0.00;0.00;0.00;0.00;0.00;0.00;0.00;0.00;0.00;0.00;0.00;0.00;0.00;0.00;0.00;0.00;0.00;0.00;0.00;0.00;0.00;0.00;0.00;0.00;0.00;0.00;0.00;0.00;0.00;0.00;0.00;0.00;0.00;0.00;0.00;0.00;0.00;0.00;0.00;0.00;0.00;0.00;0.00;0.00;0.00;0.00;0.00;0.00;0.00;0.00;0.00;0.00;0.00;0.00;0.00;0.00;0.00;0.00;0.00;0.00;0.00;0.00;0.00;0.00;0.00;0.00;0.00;0.00;0.00;0.00;0.00;0.00;0.00;0.00;0.00;0.00;0.00;0.00;0.00;0.00;0.00;0.00;0.00;0.00;0.00;0.00;0.00;0.00;0.00;0.00;0.00;0.00;0.00;0.00;0.00;0.00;0.00;0.00;0.00;0.00;0.00;0.00;0.00;0.00;0.00;0.00;0.00;0.00;0.00;0.00;0.00;0.00;0.00;0.00;0.00;0.00;0.00;0.00;0.00;0.00;0.00;0.00;0.00;0.00;0.00;0.00;0.00;0.00;0.00;0.00;0.00;0.00;0.00;0.00;0.00;0.00;0.00;0.00;0.00;0.00;0.00;0.00;0.00;0.00;0.00;0.00;0.00;0.00;0.00;0.00;0.00;0.00;0.00;0.00;0.00;0.00;0.00;0.00;0.00;0.00;0.00;0.00;0.00;0.00;0.00;0.00;0.00;0.00;0.00;0.00;0.00;0.00;0.00;0.00;0.00;0.00;0.00;0.00;0.00;0.00;0.00;0.00;0.00;0.00;0.00;0.00;0.00;0.00;0.00;0.00;0.00;0.00;0.00;0.00;0.00;0.00;0.00;0.00;0.00;0.00;0.00;0.00;0.00;0.00;0.00;0.00;0.00;0.00;0.00;0.00;0.00;0.00;0.00;0.00;0.00;0.00;0.00;0.00;0.00;0.00;0.00;0.00;0.00;0.00;0.00;0.00;0.00;0.00;0.00;0.00;0.00;0.00;0.00;0.00;0.00;0.00;0.00;0.00;0.00;0.00;0.00;0.00;0.00;0.00;0.00;0.00;0.00;0.00;0.00;0.00;0.00;0.00;0.00;0.00;0.00;0.00;0.00;0.00;0.00;0.00;0.00;0.00;0.00;0.00;0.00;0.00;0.00;0.00;0.00;0.00;0.00;0.00;0.00;0.00;0.00;0.00;0.00;0.00;0.00;0.00;0.00;0.00;0.00;0.00;0.00;0.00;0.00;0.00;0.00;0.00;0.00;0.00;0.00;0.00;0.00;0.00;0.00;0.00;0.00;0.00;0.00;0.00;0.00;0.00;0.00;0.00;0.00;0.00;0.00;0.00;0.00;0.00;0.00;0.00;0.00;0.00;0.00;0.00;0.00;0.00;0.00;0.00;0.00;0.00;0.00;0.00;0.00;0.00;0.00;0.00;0.00;0.00;0.00;0.00;0.00;0.00;0.00;0.00;0.00;0.00;0.00;0.00;0.00;0.00;0.00;0.00;0.00;0.00;0.00;0.00;0.00;0.00;0.00;0.00;0.00;0.00;0.00;0.00;0.00;0.00;0.00;0.00;0.00;0.00;0.00;0.00;0.00;0.00;0.00;0.00;0.00;0.00;0.00;0.00;0.00;0.00;0.00;0.00;0.00;0.00;0.00;0.00;0.00;0.00;0.00;0.00;0.00;0.00;0.00;0.00;0.00;0.00;0.00;0.00;0.00;0.00;0.00;0.00;0.00;0.00;0.00;0.00;0.00;0.00;0.00;0.00;0.00;0.00;0.00;0.00;0.00;0.00;0.00;0.00;0.00;0.00;0.00;0.00;0.00;0.00;0.00;0.00;0.00;0.00;0.00;0.00;0.00;0.00;0.00;0.00;0.00;0.00;0.00;0.00;0.00;0.00;0.00;0.00;0.00;0.00;0.00;0.00;0.00;0.00;0.00;0.00;0.00;0.00;0.00;0.00;0.00;0.00;0.00;0.00;0.00;0.00;0.00;0.00;0.00;0.00;0.00;0.00;0.00;0.00;0.00;0.00;0.00;0.00;0.00;0.00;0.00
2020-01-25 00:00;0.00;0.00;0.00;0.00;0.00;0.00;0.00;0.00;0.00;0.00;0.00;0.00;0.00;0.00;0.00;0.00;0.00;0.00;0.00;0.00;0.00;0.00;0.00;0.00;0.00;0.00;0.00;0.00;0.00;0.00;0.00;0.00;0.00;0.00;0.00;0.00;0.00;0.00;0.00;0.00;0.00;0.00;0.00;0.00;0.00;0.00;0.00;0.00;0.00;0.00;0.00;0.00;0.00;0.00;0.00;0.00;0.00;0.00;0.00;0.00;0.00;0.00;0.00;0.00;0.00;0.00;0.00;0.00;0.00;0.00;0.00;0.00;0.00;0.00;0.00;0.00;0.00;0.00;0.00;0.00;0.00;0.00;0.00;0.00;0.00;0.00;0.00;0.00;0.00;0.00;0.00;0.00;0.00;0.00;0.00;0.00;0.00;0.00;0.00;0.00;0.00;0.00;0.00;0.00;0.00;0.00;0.00;0.00;0.00;0.00;0.00;0.00;0.00;0.00;0.00;0.00;0.00;0.00;0.00;0.00;0.00;0.00;0.00;0.00;0.00;0.00;0.00;0.00;0.00;0.00;0.00;0.00;0.00;0.00;0.00;0.00;0.00;0.00;0.00;0.00;0.00;0.00;0.00;0.00;0.00;0.00;0.00;0.00;0.00;0.00;0.00;0.00;0.00;0.00;0.00;0.00;0.00;0.00;0.00;0.00;0.00;0.00;0.00;0.00;0.00;0.00;0.00;0.00;0.00;0.00;0.00;0.00;0.00;0.00;0.00;0.00;0.00;0.00;0.00;0.00;0.00;0.00;0.00;0.00;0.00;0.00;0.00;0.00;0.00;0.00;0.00;0.00;0.00;0.00;0.00;0.00;0.00;0.00;0.00;0.00;0.00;0.00;0.00;0.00;0.00;0.00;0.00;0.00;0.00;0.00;0.00;0.00;0.00;0.00;0.00;0.00;0.00;0.00;0.00;0.00;0.00;0.00;0.00;0.00;0.00;0.00;0.00;0.00;0.00;0.00;0.00;0.00;0.00;0.00;0.00;0.00;0.00;0.00;0.00;0.00;0.00;0.00;0.00;0.00;0.00;0.00;0.00;0.00;0.00;0.00;0.00;0.00;0.00;0.00;0.00;0.00;0.00;0.00;0.00;0.00;0.00;0.00;0.00;0.00;0.00;0.00;0.00;0.00;0.00;0.00;0.00;0.00;0.00;0.00;0.00;0.00;0.00;0.00;0.00;0.00;0.00;0.00;0.00;0.00;0.00;0.00;0.00;0.00;0.00;0.00;0.00;0.00;0.00;0.00;0.00;0.00;0.00;0.00;0.00;0.00;0.00;0.00;0.00;0.00;0.00;0.00;0.00;0.00;0.00;0.00;0.00;0.00;0.00;0.00;0.00;0.00;0.00;0.00;0.00;0.00;0.00;0.00;0.00;0.00;0.00;0.00;0.00;0.00;0.00;0.00;0.00;0.00;0.00;0.00;0.00;0.00;0.00;0.00;0.00;0.00;0.00;0.00;0.00;0.00;0.00;0.00;0.00;0.00;0.00;0.00;0.00;0.00;0.00;0.00;0.00;0.00;0.00;0.00;0.00;0.00;0.00;0.00;0.00;0.00;0.00;0.00;0.00;0.00;0.00;0.00;0.00;0.00;0.00;0.00;0.00;0.00;0.00;0.00;0.00;0.00;0.00;0.00;0.00;0.00;0.00;0.00;0.00;0.00;0.00;0.00;0.00;0.00;0.00;0.00;0.00;0.00;0.00;0.00;0.00;0.00;0.00;0.00;0.00;0.00;0.00;0.00;0.00;0.00;0.00;0.00;0.00;0.00;0.00;0.00;0.00;0.00;0.00;0.00;0.00;0.00;0.00;0.00;0.00;0.00;0.00;0.00;0.00;0.00;0.00;0.00;0.00;0.00;0.00;0.00;0.00;0.00;0.00;0.00;0.00;0.00;0.00;0.00;0.00;0.00;0.00;0.00;0.00;0.00;0.00;0.00;0.00;0.00;0.00;0.00;0.00;0.00;0.00;0.00;0.00;0.00;0.00;0.00;0.00;0.00;0.00;0.00;0.00;0.00;0.00;0.00;0.00;0.00;0.00;0.00;0.00;0.00;0.00;0.00;0.00;0.00;0.00;0.00;0.00;0.00;0.00;0.00;0.00;0.00;0.00;0.00;0.00;0.00;0.00;0.00;0.00
2020-01-26 00:00;23.17;10.13;9.03;9.38;23.92;21.02;3.03;6.06;8.99;4.83;1.54;23.78;15.17;25.85;0.90;12.99;12.68;5.93;2.91;0.34;0.00;6.79;8.05;0.00;0.16;2.29;7.74;16.61;0.32;0.75;0.00;1.85;1.93;0.24;0.42;0.00;27.50;4.85;8.53;0.39;0.43;0.00;11.28;7.89;18.67;8.71;5.60;3.94;0.42;16.50;10.46;28.04;11.07;1.30;1.09;0.00;0.00;0.66;0.00;13.51;12.24;0.00;25.26;0.52;25.00;10.88;25.08;25.81;28.13;1.64;19.66;25.23;27.79;6.37;0.73;3.09;14.45;0.00;0.17;0.00;11.43;5.40;0.19;0.50;0.00;27.62;2.91;10.29;0.00;17.66;0.00;8.89;2.31;3.22;0.00;7.86;2.58;3.11;0.22;14.41;24.01;20.77;20.65;21.85;22.20;21.39;21.02;25.05;22.36;22.65;22.89;21.54;24.36;22.77;28.09;28.39;31.75;25.96;27.02;26.37;26.25;27.19;26.38;29.70;27.11;26.33;24.90;26.44;26.70;25.50;27.66;26.80;25.78;24.61;25.94;26.18;26.63;28.14;25.48;29.65;25.70;24.65;25.54;26.88;26.85;26.62;26.60;26.05;24.82;25.97;26.38;27.36;25.12;26.60;25.35;26.79;24.34;24.71;30.08;25.29;27.86;22.19;26.08;23.05;23.10;26.42;24.68;25.09;25.34;20.02;23.21;0.00;0.92;0.00;0.00;0.98;0.00;0.79;21.67;1.34;0.15;1.51;0.00;1.95;1.96;4.97;1.00;7.49;1.25;0.92;0.65;1.10;0.41;0.57;0.00;0.00;0.27;0.89;0.13;1.03;0.00;0.62;0.37;0.65;0.49;1.58;8.29;2.83;2.43;0.68;0.68;0.00;0.00;0.68;0.64;7.65;0.34;0.81;0.24;0.45;2.06;1.71;0.00;1.34;0.55;0.74;0.62;1.21;0.04;0.62;1.31;1.43;0.44;1.03;0.00;0.43;0.00;0.57;0.06;1.17;0.00;0.11;0.52;0.21;1.32;0.00;4.31;2.14;0.00;3.86;0.78;0.18;0.99;0.00;0.84;0.00;0.12;0.60;0.79;0.00;0.00;0.00;0.00;0.00;2.10;0.00;0.00;0.11;0.00;0.01;0.00;2.23;0.00;0.63;0.79;1.10;2.26;0.65;0.00;0.69;0.92;1.60;0.00;0.00;0.00;0.00;0.00;0.00;0.00;0.08;0.48;0.45;1.83;1.25;0.00;1.35;1.45;0.00;0.00;0.00;1.09;0.00;0.57;0.00;0.20;0.28;1.78;0.00;1.05;0.10;0.98;0.43;1.24;2.83;1.42;0.26;0.00;0.00;0.04;0.00;0.00;0.00;0.60;0.53;0.10;0.00;0.00;0.00;6.90;0.00;1.20;0.54;0.00;0.00;0.00;0.00;0.00;0.00;0.00;0.29;0.00;0.81;0.59;0.32;1.23;1.86;3.61;0.92;3.43;0.11;1.64;8.98;0.00;18.80;19.79;29.71;26.85;0.05;32.02;0.24;7.40;0.22;0.00;0.00;0.00;0.00;0.25;0.45;0.00;0.00;0.62;1.89;0.00;27.17;0.00;0.00;0.00;1.33;0.50;0.85;0.52;30.88;0.00;0.45;0.00;0.00;0.93;0.62;0.44;0.13;0.61;0.02;0.34;2.11;0.24;0.00;3.53;0.53;1.64;0.54;0.61;0.00;4.10;0.87;0.03;0.00;0.01;1.51;0.54;1.00;0.00;0.58;0.32;0.93;0.21;0.48;0.62;1.44;1.06;0.00;1.06;0.69;0.66;0.89;0.12;25.65;25.77;25.67;29.08;23.77;27.57;25.97;26.17;25.13;25.66;25.12;23.01;2.48;25.86;26.23;26.19;27.13;26.65;27.92;26.53;26.32;26.43;26.18;25.97;26.41;26.99;25.44;24.33;25.49;27.64;27.05;21.99;24.84;22.94;22.07;21.12;27.24;22.24;20.06;27.17;22.22;21.93;25.39;0.00;2.58;3.85;8.52;2.44;25.94;0.09;0.31;2.16;0.00;0.74;2.71;0.28;3.93;1.85;3.02;8.71;1.68;25.88;6.23;11.34;1.92;0.95;1.33;4.98;0.00;6.92
2020-01-27 00:00;10.12;4.58;3.98;4.55;10.44;8.80;1.36;2.48;3.94;2.07;0.91;9.75;8.03;10.51;0.39;5.33;6.04;2.37;1.36;0.14;0.00;2.90;3.21;0.00;0.07;1.87;3.29;6.58;0.13;0.31;0.00;0.79;0.80;0.10;0.17;0.00;11.29;2.26;3.31;0.16;0.19;0.00;4.68;3.24;7.99;3.38;2.37;1.63;0.23;6.77;4.16;11.91;4.59;0.54;0.45;0.00;0.00;0.28;0.00;5.67;4.73;0.00;10.98;0.22;10.34;4.22;10.55;10.29;12.02;0.74;8.28;10.24;11.62;4.89;0.31;1.29;5.65;0.00;0.07;0.00;4.83;1.95;0.08;0.21;0.00;11.43;1.32;4.29;0.00;7.05;0.00;3.64;0.96;1.31;0.00;3.23;1.07;1.27;0.12;8.16;11.94;10.84;10.37;11.73;10.92;11.67;11.06;12.19;11.52;11.22;11.79;10.80;11.64;11.19;12.01;11.44;13.23;11.92;13.28;12.10;12.77;12.93;12.75;13.14;11.99;12.82;12.56;12.77;13.15;11.35;13.09;12.64;12.57;12.41;12.83;12.92;12.83;13.32;11.94;13.81;12.16;13.39;12.56;12.89;13.56;11.68;13.02;12.06;12.56;12.85;12.80;13.32;12.04;13.21;12.38;12.29;13.15;12.02;13.30;12.46;13.00;12.39;12.65;11.46;11.16;12.91;12.32;12.28;12.40;10.49;11.98;0.00;0.52;0.00;0.00;1.07;0.00;0.43;10.87;1.87;0.08;0.65;0.00;0.87;0.79;2.01;0.37;5.09;0.56;0.70;0.40;0.47;0.19;0.29;0.00;0.00;0.20;0.37;0.09;0.38;0.00;0.24;0.25;0.26;0.28;0.69;7.02;2.98;3.16;4.45;1.19;0.00;0.00;0.25;0.24;8.09;0.19;0.30;0.10;0.29;0.72;4.47;0.00;0.50;0.22;0.34;0.26;0.46;0.02;0.23;0.52;0.63;0.15;0.89;0.00;0.19;0.00;0.30;0.11;0.44;0.00;0.04;0.56;0.07;0.48;0.00;1.84;0.72;0.00;1.39;0.50;0.07;0.34;0.00;0.35;0.00;0.58;0.21;0.27;0.00;0.00;0.00;0.00;0.00;0.78;0.00;0.00;0.22;0.00;0.06;0.00;0.76;0.00;0.32;0.48;0.43;0.95;0.23;0.00;0.26;0.37;0.53;0.00;0.00;0.00;0.00;0.00;0.00;0.00;0.33;0.54;0.67;0.62;0.43;0.00;0.81;0.51;0.00;0.00;0.00;0.50;0.00;0.45;0.00;0.15;0.35;0.65;0.00;0.43;0.06;0.56;0.19;0.46;0.99;0.49;0.43;0.00;0.00;0.34;0.00;0.00;0.00;0.25;0.24;0.04;0.00;0.07;0.00;7.05;0.00;1.97;0.19;0.00;0.00;0.00;0.00;0.00;0.00;0.00;0.12;0.00;0.28;0.21;0.11;0.43;0.66;1.55;0.35;1.39;0.40;0.77;8.61;0.00;8.91;8.88;10.91;10.87;0.55;11.31;0.09;8.15;1.94;0.00;0.00;0.00;0.00;0.77;0.91;0.00;0.00;0.26;0.67;0.00;10.50;0.00;0.75;0.00;0.47;0.46;0.30;0.18;11.04;0.00;0.75;0.00;0.00;1.17;0.24;0.17;0.11;0.23;0.01;0.34;0.74;0.08;0.00;4.30;0.18;0.56;0.22;0.24;0.00;1.61;0.43;0.57;0.00;0.00;1.15;0.25;0.56;0.00;0.28;0.17;0.40;0.37;0.30;0.24;0.67;0.68;0.00;0.43;0.43;0.30;0.35;0.35;12.97;12.53;12.59;12.65;11.67;13.09;12.26;12.76;12.31;12.43;12.57;11.88;0.98;12.47;12.66;12.60;12.86;12.89;12.80;12.74;12.60;12.74;12.55;12.58;12.74;12.76;12.58;12.76;12.30;12.66;12.76;11.38;11.53;11.75;11.56;11.17;12.26;11.44;11.28;11.63;11.37;11.27;11.40;0.00;1.14;7.41;10.36;0.98;12.54;0.04;0.13;0.89;0.00;0.30;1.49;0.11;1.70;1.27;1.42;3.71;2.33;10.63;2.61;9.22;0.94;0.39;0.54;8.32;0.00;2.94
2020-01-28 00:00;0.11;0.10;0.00;0.06;0.12;0.10;0.01;0.03;0.05;0.02;0.01;0.11;0.08;0.12;0.00;0.06;0.07;0.02;0.02;0.00;0.00;0.03;0.03;0.00;0.00;0.03;0.03;0.06;0.00;0.00;0.00;0.01;0.01;0.00;0.00;0.00;0.00;0.03;0.02;0.00;0.00;0.00;0.06;0.02;0.10;0.02;0.03;0.02;0.00;0.09;0.04;0.15;0.06;0.01;0.01;0.00;0.00;0.00;0.00;0.07;0.05;0.00;0.13;0.00;0.13;0.04;0.13;0.11;0.15;0.01;0.10;0.12;0.15;0.03;0.00;0.02;0.05;0.00;0.00;0.00;0.06;0.00;0.00;0.00;0.00;0.07;0.02;0.04;0.00;0.07;0.00;0.03;0.01;0.01;0.00;0.02;0.01;0.00;0.00;0.03;0.01;0.01;0.01;0.02;0.02;0.01;0.01;0.01;0.02;0.03;0.03;0.01;0.06;0.03;0.12;0.12;0.16;0.03;0.03;0.02;0.00;0.03;0.00;0.10;0.04;0.00;0.00;0.00;0.03;0.03;0.05;0.02;0.02;0.00;0.00;0.01;0.01;0.05;0.02;0.10;0.01;0.00;0.04;0.01;0.03;0.06;0.01;0.03;0.00;0.00;0.00;0.04;0.02;0.04;0.02;0.04;0.00;0.04;0.12;0.00;0.05;0.01;0.01;0.02;0.03;0.01;0.02;0.01;0.00;0.09;0.01;0.00;0.01;0.00;0.00;0.09;0.00;0.01;0.10;0.11;0.00;0.02;0.00;0.02;0.01;0.04;0.00;0.09;0.01;0.03;0.01;0.01;0.00;0.01;0.00;0.00;0.00;0.00;0.00;0.00;0.00;0.00;0.01;0.00;0.00;0.02;0.11;0.11;0.13;0.14;0.14;0.00;0.00;0.08;0.01;0.05;0.00;0.01;0.00;0.01;0.01;0.01;0.00;0.01;0.01;0.01;0.01;0.01;0.00;0.01;0.01;0.02;0.00;0.04;0.00;0.01;0.00;0.01;0.00;0.01;0.00;0.00;0.02;0.00;0.02;0.00;0.05;0.02;0.00;0.03;0.02;0.00;0.01;0.00;0.01;0.00;0.05;0.01;0.01;0.00;0.00;0.00;0.00;0.00;0.03;0.00;0.00;0.01;0.00;0.00;0.00;0.02;0.00;0.01;0.02;0.01;0.02;0.01;0.00;0.01;0.01;0.01;0.00;0.00;0.00;0.00;0.00;0.00;0.00;0.01;0.02;0.03;0.02;0.01;0.00;0.03;0.01;0.00;0.00;0.00;0.02;0.00;0.02;0.00;0.00;0.01;0.02;0.00;0.01;0.00;0.02;0.01;0.01;0.03;0.01;0.02;0.00;0.00;0.00;0.00;0.00;0.00;0.01;0.01;0.00;0.00;0.00;0.00;0.09;0.00;0.07;0.00;0.00;0.00;0.00;0.00;0.00;0.00;0.00;0.00;0.00;0.00;0.00;0.00;0.01;0.02;0.03;0.01;0.04;0.02;0.02;0.10;0.00;0.21;0.19;0.15;0.31;0.03;0.27;0.00;0.09;0.33;0.00;0.00;0.00;0.00;0.03;0.04;0.00;0.00;0.01;0.02;0.00;0.20;0.00;0.04;0.00;0.01;0.02;0.01;0.00;0.06;0.00;0.04;0.00;0.00;0.05;0.01;0.00;0.00;0.01;0.00;0.01;0.02;0.00;0.00;0.14;0.00;0.01;0.00;0.01;0.00;0.04;0.01;0.03;0.00;0.00;0.06;0.01;0.02;0.00;0.01;0.00;0.01;0.01;0.01;0.00;0.02;0.03;0.00;0.01;0.01;0.01;0.01;0.02;0.00;0.00;0.00;0.10;0.03;0.04;0.02;0.01;0.00;0.00;0.00;0.00;0.02;0.00;0.01;0.00;0.02;0.01;0.04;0.00;0.00;0.00;0.01;0.00;0.00;0.01;0.00;0.01;0.01;0.03;0.01;0.00;0.05;0.00;0.01;0.00;0.05;0.01;0.00;0.11;0.00;0.00;0.06;0.00;0.02;0.02;0.02;0.01;0.01;0.00;0.00;0.01;0.00;0.00;0.03;0.00;0.02;0.02;0.02;0.05;0.15;0.13;0.03;0.07;0.01;0.00;0.01;0.02;0.00;0.04
2020-01-29 00:00;0.00;0.00;0.00;0.00;0.00;0.00;0.00;0.00;0.00;0.00;0.00;0.00;0.00;0.00;0.00;0.00;0.00;0.00;0.00;0.00;0.00;0.00;0.00;0.00;0.00;0.00;0.00;0.00;0.00;0.00;0.00;0.00;0.00;0.00;0.00;0.00;0.00;0.00;0.00;0.00;0.00;0.00;0.00;0.00;0.00;0.00;0.00;0.00;0.00;0.00;0.00;0.00;0.00;0.00;0.00;0.00;0.00;0.00;0.00;0.00;0.00;0.00;0.00;0.00;0.00;0.00;0.00;0.00;0.00;0.00;0.00;0.00;0.00;0.00;0.00;0.00;0.00;0.00;0.00;0.00;0.00;0.00;0.00;0.00;0.00;0.00;0.00;0.00;0.00;0.00;0.00;0.00;0.00;0.00;0.00;0.00;0.00;0.00;0.00;0.00;0.00;0.00;0.00;0.00;0.00;0.00;0.00;0.00;0.00;0.00;0.00;0.00;0.00;0.00;0.00;0.00;0.00;0.00;0.00;0.00;0.00;0.00;0.00;0.00;0.00;0.00;0.00;0.00;0.00;0.00;0.00;0.00;0.00;0.00;0.00;0.00;0.00;0.00;0.00;0.00;0.00;0.00;0.00;0.00;0.00;0.00;0.00;0.00;0.00;0.00;0.00;0.00;0.00;0.00;0.00;0.00;0.00;0.00;0.00;0.00;0.00;0.00;0.00;0.00;0.00;0.00;0.00;0.00;0.00;0.00;0.00;0.00;0.00;0.00;0.00;0.00;0.00;0.00;0.00;0.00;0.00;0.00;0.00;0.00;0.00;0.00;0.00;0.00;0.00;0.00;0.00;0.00;0.00;0.00;0.00;0.00;0.00;0.00;0.00;0.00;0.00;0.00;0.00;0.00;0.00;0.00;0.00;0.00;0.00;0.00;0.00;0.00;0.00;0.00;0.00;0.00;0.00;0.00;0.00;0.00;0.00;0.00;0.00;0.00;0.00;0.00;0.00;0.00;0.00;0.00;0.00;0.00;0.00;0.00;0.00;0.00;0.00;0.00;0.00;0.00;0.00;0.00;0.00;0.00;0.00;0.00;0.00;0.00;0.00;0.00;0.00;0.00;0.00;0.00;0.00;0.00;0.00;0.00;0.00;0.00;0.00;0.00;0.00;0.00;0.00;0.00;0.00;0.00;0.00;0.00;0.00;0.00;0.00;0.00;0.00;0.00;0.00;0.00;0.00;0.00;0.00;0.00;0.00;0.00;0.00;0.00;0.00;0.00;0.00;0.00;0.00;0.00;0.00;0.00;0.00;0.00;0.00;0.00;0.00;0.00;0.00;0.00;0.00;0.00;0.00;0.00;0.00;0.00;0.00;0.00;0.00;0.00;0.00;0.00;0.00;0.00;0.00;0.00;0.00;0.00;0.00;0.00;0.00;0.00;0.00;0.00;0.00;0.00;0.00;0.00;0.00;0.00;0.00;0.00;0.00;0.00;0.00;0.00;0.00;0.00;0.00;0.00;0.00;0.00;0.00;0.00;0.00;0.00;0.00;0.00;0.00;0.00;0.00;0.00;0.00;0.00;0.00;0.00;0.00;0.00;0.00;0.00;0.00;0.00;0.00;0.00;0.00;0.00;0.00;0.00;0.00;0.00;0.00;0.00;0.00;0.00;0.00;0.00;0.00;0.00;0.00;0.00;0.00;0.00;0.00;0.00;0.00;0.00;0.00;0.00;0.00;0.00;0.00;0.00;0.00;0.00;0.00;0.00;0.00;0.00;0.00;0.00;0.00;0.00;0.00;0.00;0.00;0.00;0.00;0.00;0.00;0.00;0.00;0.00;0.00;0.00;0.00;0.00;0.00;0.00;0.00;0.00;0.00;0.00;0.00;0.00;0.00;0.00;0.00;0.00;0.00;0.00;0.00;0.00;0.00;0.00;0.00;0.00;0.00;0.00;0.00;0.00;0.00;0.00;0.00;0.00;0.00;0.00;0.00;0.00;0.00;0.00;0.00;0.00;0.00;0.00;0.00;0.00;0.00;0.00;0.00;0.00;0.00;0.00;0.00;0.00;0.00;0.00;0.00;0.00;0.00;0.00;0.00;0.00;0.00;0.00;0.00;0.00;0.00;0.00;0.00;0.00;0.00;0.00;0.00;0.00;0.00;0.00;0.00;0.00;0.00;0.00;0.00;0.00;0.00
2020-01-30 00:00;0.00;0.00;0.00;0.00;0.00;0.00;0.00;0.00;0.00;0.00;0.00;0.00;0.00;0.00;0.00;0.00;0.00;0.00;0.00;0.00;0.00;0.00;0.00;0.00;0.00;0.00;0.00;0.00;0.00;0.00;0.00;0.00;0.00;0.00;0.00;0.00;0.00;0.00;0.00;0.00;0.00;0.00;0.00;0.00;0.00;0.00;0.00;0.00;0.00;0.00;0.00;0.00;0.00;0.00;0.00;0.00;0.00;0.00;0.00;0.00;0.00;0.00;0.00;0.00;0.00;0.00;0.00;0.00;0.00;0.00;0.00;0.00;0.00;0.00;0.00;0.00;0.00;0.00;0.00;0.00;0.00;0.00;0.00;0.00;0.00;0.00;0.00;0.00;0.00;0.00;0.00;0.00;0.00;0.00;0.00;0.00;0.00;0.00;0.00;0.00;0.00;0.00;0.00;0.00;0.00;0.00;0.00;0.00;0.00;0.00;0.00;0.00;0.00;0.00;0.00;0.00;0.00;0.00;0.00;0.00;0.00;0.00;0.00;0.00;0.00;0.00;0.00;0.00;0.00;0.00;0.00;0.00;0.00;0.00;0.00;0.00;0.00;0.00;0.00;0.00;0.00;0.00;0.00;0.00;0.00;0.00;0.00;0.00;0.00;0.00;0.00;0.00;0.00;0.00;0.00;0.00;0.00;0.00;0.00;0.00;0.00;0.00;0.00;0.00;0.00;0.00;0.00;0.00;0.00;0.00;0.00;0.00;0.00;0.00;0.00;0.00;0.00;0.00;0.00;0.00;0.00;0.00;0.00;0.00;0.00;0.00;0.00;0.00;0.00;0.00;0.00;0.00;0.00;0.00;0.00;0.00;0.00;0.00;0.00;0.00;0.00;0.00;0.00;0.00;0.00;0.00;0.00;0.00;0.00;0.00;0.00;0.00;0.00;0.00;0.00;0.00;0.00;0.00;0.00;0.00;0.00;0.00;0.00;0.00;0.00;0.00;0.00;0.00;0.00;0.00;0.00;0.00;0.00;0.00;0.00;0.00;0.00;0.00;0.00;0.00;0.00;0.00;0.00;0.00;0.00;0.00;0.00;0.00;0.00;0.00;0.00;0.00;0.00;0.00;0.00;0.00;0.00;0.00;0.00;0.00;0.00;0.00;0.00;0.00;0.00;0.00;0.00;0.00;0.00;0.00;0.00;0.00;0.00;0.00;0.00;0.00;0.00;0.00;0.00;0.00;0.00;0.00;0.00;0.00;0.00;0.00;0.00;0.00;0.00;0.00;0.00;0.00;0.00;0.00;0.00;0.00;0.00;0.00;0.00;0.00;0.00;0.00;0.00;0.00;0.00;0.00;0.00;0.00;0.00;0.00;0.00;0.00;0.00;0.00;0.00;0.00;0.00;0.00;0.00;0.00;0.00;0.00;0.00;0.00;0.00;0.00;0.00;0.00;0.00;0.00;0.00;0.00;0.00;0.00;0.00;0.00;0.00;0.00;0.00;0.00;0.00;0.00;0.00;0.00;0.00;0.00;0.00;0.00;0.00;0.00;0.00;0.00;0.00;0.00;0.00;0.00;0.00;0.00;0.00;0.00;0.00;0.00;0.00;0.00;0.00;0.00;0.00;0.00;0.00;0.00;0.00;0.00;0.00;0.00;0.00;0.00;0.00;0.00;0.00;0.00;0.00;0.00;0.00;0.00;0.00;0.00;0.00;0.00;0.00;0.00;0.00;0.00;0.00;0.00;0.00;0.00;0.00;0.00;0.00;0.00;0.00;0.00;0.00;0.00;0.00;0.00;0.00;0.00;0.00;0.00;0.00;0.00;0.00;0.00;0.00;0.00;0.00;0.00;0.00;0.00;0.00;0.00;0.00;0.00;0.00;0.00;0.00;0.00;0.00;0.00;0.00;0.00;0.00;0.00;0.00;0.00;0.00;0.00;0.00;0.00;0.00;0.00;0.00;0.00;0.00;0.00;0.00;0.00;0.00;0.00;0.00;0.00;0.00;0.00;0.00;0.00;0.00;0.00;0.00;0.00;0.00;0.00;0.00;0.00;0.00;0.00;0.00;0.00;0.00;0.00;0.00;0.00;0.00;0.00;0.00;0.00;0.00;0.00;0.00;0.00;0.00;0.00;0.00;0.00;0.00;0.00;0.00;0.00;0.00;0.00;0.00;0.00;0.00;0.00;0.00
2020-01-31 00:00;0.00;0.00;0.00;0.00;0.00;0.00;0.00;0.00;0.00;0.00;0.00;0.00;0.00;0.00;0.00;0.00;0.00;0.00;0.00;0.00;0.00;0.00;0.00;0.00;0.00;0.00;0.00;0.00;0.00;0.00;0.00;0.00;0.00;0.00;0.00;0.00;0.00;0.00;0.00;0.00;0.00;0.00;0.00;0.00;0.00;0.00;0.00;0.00;0.00;0.00;0.00;0.00;0.00;0.00;0.00;0.00;0.00;0.00;0.00;0.00;0.00;0.00;0.00;0.00;0.00;0.00;0.00;0.00;0.00;0.00;0.00;0.00;0.00;0.00;0.00;0.00;0.00;0.00;0.00;0.00;0.00;0.00;0.00;0.00;0.00;0.00;0.00;0.00;0.00;0.00;0.00;0.00;0.00;0.00;0.00;0.00;0.00;0.00;0.00;0.00;0.00;0.00;0.00;0.00;0.00;0.00;0.00;0.00;0.00;0.00;0.00;0.00;0.00;0.00;0.00;0.00;0.00;0.00;0.00;0.00;0.00;0.00;0.00;0.00;0.00;0.00;0.00;0.00;0.00;0.00;0.00;0.00;0.00;0.00;0.00;0.00;0.00;0.00;0.00;0.00;0.00;0.00;0.00;0.00;0.00;0.00;0.00;0.00;0.00;0.00;0.00;0.00;0.00;0.00;0.00;0.00;0.00;0.00;0.00;0.00;0.00;0.00;0.00;0.00;0.00;0.00;0.00;0.00;0.00;0.00;0.00;0.00;0.00;0.00;0.00;0.00;0.00;0.00;0.00;0.00;0.00;0.00;0.00;0.00;0.00;0.00;0.00;0.00;0.00;0.00;0.00;0.00;0.00;0.00;0.00;0.00;0.00;0.00;0.00;0.00;0.00;0.00;0.00;0.00;0.00;0.00;0.00;0.00;0.00;0.00;0.00;0.00;0.00;0.00;0.00;0.00;0.00;0.00;0.00;0.00;0.00;0.00;0.00;0.00;0.00;0.00;0.00;0.00;0.00;0.00;0.00;0.00;0.00;0.00;0.00;0.00;0.00;0.00;0.00;0.00;0.00;0.00;0.00;0.00;0.00;0.00;0.00;0.00;0.00;0.00;0.00;0.00;0.00;0.00;0.00;0.00;0.00;0.00;0.00;0.00;0.00;0.00;0.00;0.00;0.00;0.00;0.00;0.00;0.00;0.00;0.00;0.00;0.00;0.00;0.00;0.00;0.00;0.00;0.00;0.00;0.00;0.00;0.00;0.00;0.00;0.00;0.00;0.00;0.00;0.00;0.00;0.00;0.00;0.00;0.00;0.00;0.00;0.00;0.00;0.00;0.00;0.00;0.00;0.00;0.00;0.00;0.00;0.00;0.00;0.00;0.00;0.00;0.00;0.00;0.00;0.00;0.00;0.00;0.00;0.00;0.00;0.00;0.00;0.00;0.00;0.00;0.00;0.00;0.00;0.00;0.00;0.00;0.00;0.00;0.00;0.00;0.00;0.00;0.00;0.00;0.00;0.00;0.00;0.00;0.00;0.00;0.00;0.00;0.00;0.00;0.00;0.00;0.00;0.00;0.00;0.00;0.00;0.00;0.00;0.00;0.00;0.00;0.00;0.00;0.00;0.00;0.00;0.00;0.00;0.00;0.00;0.00;0.00;0.00;0.00;0.00;0.00;0.00;0.00;0.00;0.00;0.00;0.00;0.00;0.00;0.00;0.00;0.00;0.00;0.00;0.00;0.00;0.00;0.00;0.00;0.00;0.00;0.00;0.00;0.00;0.00;0.00;0.00;0.00;0.00;0.00;0.00;0.00;0.00;0.00;0.00;0.00;0.00;0.00;0.00;0.00;0.00;0.00;0.00;0.00;0.00;0.00;0.00;0.00;0.00;0.00;0.00;0.00;0.00;0.00;0.00;0.00;0.00;0.00;0.00;0.00;0.00;0.00;0.00;0.00;0.00;0.00;0.00;0.00;0.00;0.00;0.00;0.00;0.00;0.00;0.00;0.00;0.00;0.00;0.00;0.00;0.00;0.00;0.00;0.00;0.00;0.00;0.00;0.00;0.00;0.00;0.00;0.00;0.00;0.00;0.00;0.00;0.00;0.00;0.00;0.00;0.00;0.00;0.00;0.00;0.00;0.00;0.00;0.00;0.00;0.00;0.00;0.00;0.00;0.00;0.00;0.00;0.00;0.00;0.00
2020-02-01 00:00;0.00;0.00;0.00;0.00;0.00;0.00;0.00;0.00;0.00;0.00;0.00;0.00;0.00;0.00;0.00;0.00;0.00;0.00;0.00;0.00;0.00;0.00;0.00;0.00;0.00;0.00;0.00;0.00;0.00;0.00;0.00;0.00;0.00;0.00;0.00;0.00;0.00;0.00;0.00;0.00;0.00;0.00;0.00;0.00;0.00;0.00;0.00;0.00;0.00;0.00;0.00;0.00;0.00;0.00;0.00;0.00;0.00;0.00;0.00;0.00;0.00;0.00;0.00;0.00;0.00;0.00;0.00;0.00;0.00;0.00;0.00;0.00;0.00;0.00;0.00;0.00;0.00;0.00;0.00;0.00;0.00;0.00;0.00;0.00;0.00;0.00;0.00;0.00;0.00;0.00;0.00;0.00;0.00;0.00;0.00;0.00;0.00;0.00;0.00;0.00;0.00;0.00;0.00;0.00;0.00;0.00;0.00;0.00;0.00;0.00;0.00;0.00;0.00;0.00;0.00;0.00;0.00;0.00;0.00;0.00;0.00;0.00;0.00;0.00;0.00;0.00;0.00;0.00;0.00;0.00;0.00;0.00;0.00;0.00;0.00;0.00;0.00;0.00;0.00;0.00;0.00;0.00;0.00;0.00;0.00;0.00;0.00;0.00;0.00;0.00;0.00;0.00;0.00;0.00;0.00;0.00;0.00;0.00;0.00;0.00;0.00;0.00;0.00;0.00;0.00;0.00;0.00;0.00;0.00;0.00;0.00;0.00;0.00;0.00;0.00;0.00;0.00;0.00;0.00;0.00;0.00;0.00;0.00;0.00;0.00;0.00;0.00;0.00;0.00;0.00;0.00;0.00;0.00;0.00;0.00;0.00;0.00;0.00;0.00;0.00;0.00;0.00;0.00;0.00;0.00;0.00;0.00;0.00;0.00;0.00;0.00;0.00;0.00;0.00;0.00;0.00;0.00;0.00;0.00;0.00;0.00;0.00;0.00;0.00;0.00;0.00;0.00;0.00;0.00;0.00;0.00;0.00;0.00;0.00;0.00;0.00;0.00;0.00;0.00;0.00;0.00;0.00;0.00;0.00;0.00;0.00;0.00;0.00;0.00;0.00;0.00;0.00;0.00;0.00;0.00;0.00;0.00;0.00;0.00;0.00;0.00;0.00;0.00;0.00;0.00;0.00;0.00;0.00;0.00;0.00;0.00;0.00;0.00;0.00;0.00;0.00;0.00;0.00;0.00;0.00;0.00;0.00;0.00;0.00;0.00;0.00;0.00;0.00;0.00;0.00;0.00;0.00;0.00;0.00;0.00;0.00;0.00;0.00;0.00;0.00;0.00;0.00;0.00;0.00;0.00;0.00;0.00;0.00;0.00;0.00;0.00;0.00;0.00;0.00;0.00;0.00;0.00;0.00;0.00;0.00;0.00;0.00;0.00;0.00;0.00;0.00;0.00;0.00;0.00;0.00;0.00;0.00;0.00;0.00;0.00;0.00;0.00;0.00;0.00;0.00;0.00;0.00;0.00;0.00;0.00;0.00;0.00;0.00;0.00;0.00;0.00;0.00;0.00;0.00;0.00;0.00;0.00;0.00;0.00;0.00;0.00;0.00;0.00;0.00;0.00;0.00;0.00;0.00;0.00;0.00;0.00;0.00;0.00;0.00;0.00;0.00;0.00;0.00;0.00;0.00;0.00;0.00;0.00;0.00;0.00;0.00;0.00;0.00;0.00;0.00;0.00;0.00;0.00;0.00;0.00;0.00;0.00;0.00;0.00;0.00;0.00;0.00;0.00;0.00;0.00;0.00;0.00;0.00;0.00;0.00;0.00;0.00;0.00;0.00;0.00;0.00;0.00;0.00;0.00;0.00;0.00;0.00;0.00;0.00;0.00;0.00;0.00;0.00;0.00;0.00;0.00;0.00;0.00;0.00;0.00;0.00;0.00;0.00;0.00;0.00;0.00;0.00;0.00;0.00;0.00;0.00;0.00;0.00;0.00;0.00;0.00;0.00;0.00;0.00;0.00;0.00;0.00;0.00;0.00;0.00;0.00;0.00;0.00;0.00;0.00;0.00;0.00;0.00;0.00;0.00;0.00;0.00;0.00;0.00;0.00;0.00;0.00;0.00;0.00;0.00;0.00;0.00;0.00;0.00;0.00;0.00;0.00;0.00;0.00;0.00;0.00;0.00;0.00;0.00;0.00
2020-02-02 00:00;0.00;0.00;0.00;0.00;0.00;0.00;0.00;0.00;0.00;0.00;0.00;0.00;0.00;0.00;0.00;0.00;0.00;0.00;0.00;0.00;0.00;0.00;0.00;0.00;0.00;0.00;0.00;0.00;0.00;0.00;0.00;0.00;0.00;0.00;0.00;0.00;0.00;0.00;0.00;0.00;0.00;0.00;0.00;0.00;0.00;0.00;0.00;0.00;0.00;0.00;0.00;0.00;0.00;0.00;0.00;0.00;0.00;0.00;0.00;0.00;0.00;0.00;0.00;0.00;0.00;0.00;0.00;0.00;0.00;0.00;0.00;0.00;0.00;0.00;0.00;0.00;0.00;0.00;0.00;0.00;0.00;0.00;0.00;0.00;0.00;0.00;0.00;0.00;0.00;0.00;0.00;0.00;0.00;0.00;0.00;0.00;0.00;0.00;0.00;0.00;0.00;0.00;0.00;0.00;0.00;0.00;0.00;0.00;0.00;0.00;0.00;0.00;0.00;0.00;0.00;0.00;0.00;0.00;0.00;0.00;0.00;0.00;0.00;0.00;0.00;0.00;0.00;0.00;0.00;0.00;0.00;0.00;0.00;0.00;0.00;0.00;0.00;0.00;0.00;0.00;0.00;0.00;0.00;0.00;0.00;0.00;0.00;0.00;0.00;0.00;0.00;0.00;0.00;0.00;0.00;0.00;0.00;0.00;0.00;0.00;0.00;0.00;0.00;0.00;0.00;0.00;0.00;0.00;0.00;0.00;0.00;0.00;0.00;0.00;0.00;0.00;0.00;0.00;0.00;0.00;0.00;0.00;0.00;0.00;0.00;0.00;0.00;0.00;0.00;0.00;0.00;0.00;0.00;0.00;0.00;0.00;0.00;0.00;0.00;0.00;0.00;0.00;0.00;0.00;0.00;0.00;0.00;0.00;0.00;0.00;0.00;0.00;0.00;0.00;0.00;0.00;0.00;0.00;0.00;0.00;0.00;0.00;0.00;0.00;0.00;0.00;0.00;0.00;0.00;0.00;0.00;0.00;0.00;0.00;0.00;0.00;0.00;0.00;0.00;0.00;0.00;0.00;0.00;0.00;0.00;0.00;0.00;0.00;0.00;0.00;0.00;0.00;0.00;0.00;0.00;0.00;0.00;0.00;0.00;0.00;0.00;0.00;0.00;0.00;0.00;0.00;0.00;0.00;0.00;0.00;0.00;0.00;0.00;0.00;0.00;0.00;0.00;0.00;0.00;0.00;0.00;0.00;0.00;0.00;0.00;0.00;0.00;0.00;0.00;0.00;0.00;0.00;0.00;0.00;0.00;0.00;0.00;0.00;0.00;0.00;0.00;0.00;0.00;0.00;0.00;0.00;0.00;0.00;0.00;0.00;0.00;0.00;0.00;0.00;0.00;0.00;0.00;0.00;0.00;0.00;0.00;0.00;0.00;0.00;0.00;0.00;0.00;0.00;0.00;0.00;0.00;0.00;0.00;0.00;0.00;0.00;0.00;0.00;0.00;0.00;0.00;0.00;0.00;0.00;0.00;0.00;0.00;0.00;0.00;0.00;0.00;0.00;0.00;0.00;0.00;0.00;0.00;0.00;0.00;0.00;0.00;0.00;0.00;0.00;0.00;0.00;0.00;0.00;0.00;0.00;0.00;0.00;0.00;0.00;0.00;0.00;0.00;0.00;0.00;0.00;0.00;0.00;0.00;0.00;0.00;0.00;0.00;0.00;0.00;0.00;0.00;0.00;0.00;0.00;0.00;0.00;0.00;0.00;0.00;0.00;0.00;0.00;0.00;0.00;0.00;0.00;0.00;0.00;0.00;0.00;0.00;0.00;0.00;0.00;0.00;0.00;0.00;0.00;0.00;0.00;0.00;0.00;0.00;0.00;0.00;0.00;0.00;0.00;0.00;0.00;0.00;0.00;0.00;0.00;0.00;0.00;0.00;0.00;0.00;0.00;0.00;0.00;0.00;0.00;0.00;0.00;0.00;0.00;0.00;0.00;0.00;0.00;0.00;0.00;0.00;0.00;0.00;0.00;0.00;0.00;0.00;0.00;0.00;0.00;0.00;0.00;0.00;0.00;0.00;0.00;0.00;0.00;0.00;0.00;0.00;0.00;0.00;0.00;0.00;0.00;0.00;0.00;0.00;0.00;0.00;0.00;0.00;0.00;0.00;0.00;0.00;0.00;0.00;0.00;0.00
2020-02-03 00:00;0.00;0.00;0.00;0.00;0.00;0.00;0.00;0.00;0.00;0.00;0.00;0.00;0.00;0.00;0.00;0.00;0.00;0.00;0.00;0.00;0.00;0.00;0.00;0.00;0.00;0.00;0.00;0.00;0.00;0.00;0.00;0.00;0.00;0.00;0.00;0.00;0.00;0.00;0.00;0.00;0.00;0.00;0.00;0.00;0.00;0.00;0.00;0.00;0.00;0.00;0.00;0.00;0.00;0.00;0.00;0.00;0.00;0.00;0.00;0.00;0.00;0.00;0.00;0.00;0.00;0.00;0.00;0.00;0.00;0.00;0.00;0.00;0.00;0.00;0.00;0.00;0.00;0.00;0.00;0.00;0.00;0.00;0.00;0.00;0.00;0.00;0.00;0.00;0.00;0.00;0.00;0.00;0.00;0.00;0.00;0.00;0.00;0.00;0.00;0.00;0.00;0.00;0.00;0.00;0.00;0.00;0.00;0.00;0.00;0.00;0.00;0.00;0.00;0.00;0.00;0.00;0.00;0.00;0.00;0.00;0.00;0.00;0.00;0.00;0.00;0.00;0.00;0.00;0.00;0.00;0.00;0.00;0.00;0.00;0.00;0.00;0.00;0.00;0.00;0.00;0.00;0.00;0.00;0.00;0.00;0.00;0.00;0.00;0.00;0.00;0.00;0.00;0.00;0.00;0.00;0.00;0.00;0.00;0.00;0.00;0.00;0.00;0.00;0.00;0.00;0.00;0.00;0.00;0.00;0.00;0.00;0.00;0.00;0.00;0.00;0.00;0.00;0.00;0.00;0.00;0.00;0.00;0.00;0.00;0.00;0.00;0.00;0.00;0.00;0.00;0.00;0.00;0.00;0.00;0.00;0.00;0.00;0.00;0.00;0.00;0.00;0.00;0.00;0.00;0.00;0.00;0.00;0.00;0.00;0.00;0.00;0.00;0.00;0.00;0.00;0.00;0.00;0.00;0.00;0.00;0.00;0.00;0.00;0.00;0.00;0.00;0.00;0.00;0.00;0.00;0.00;0.00;0.00;0.00;0.00;0.00;0.00;0.00;0.00;0.00;0.00;0.00;0.00;0.00;0.00;0.00;0.00;0.00;0.00;0.00;0.00;0.00;0.00;0.00;0.00;0.00;0.00;0.00;0.00;0.00;0.00;0.00;0.00;0.00;0.00;0.00;0.00;0.00;0.00;0.00;0.00;0.00;0.00;0.00;0.00;0.00;0.00;0.00;0.00;0.00;0.00;0.00;0.00;0.00;0.00;0.00;0.00;0.00;0.00;0.00;0.00;0.00;0.00;0.00;0.00;0.00;0.00;0.00;0.00;0.00;0.00;0.00;0.00;0.00;0.00;0.00;0.00;0.00;0.00;0.00;0.00;0.00;0.00;0.00;0.00;0.00;0.00;0.00;0.00;0.00;0.00;0.00;0.00;0.00;0.00;0.00;0.00;0.00;0.00;0.00;0.00;0.00;0.00;0.00;0.00;0.00;0.00;0.00;0.00;0.00;0.00;0.00;0.00;0.00;0.00;0.00;0.00;0.00;0.00;0.00;0.00;0.00;0.00;0.00;0.00;0.00;0.00;0.00;0.00;0.00;0.00;0.00;0.00;0.00;0.00;0.00;0.00;0.00;0.00;0.00;0.00;0.00;0.00;0.00;0.00;0.00;0.00;0.00;0.00;0.00;0.00;0.00;0.00;0.00;0.00;0.00;0.00;0.00;0.00;0.00;0.00;0.00;0.00;0.00;0.00;0.00;0.00;0.00;0.00;0.00;0.00;0.00;0.00;0.00;0.00;0.00;0.00;0.00;0.00;0.00;0.00;0.00;0.00;0.00;0.00;0.00;0.00;0.00;0.00;0.00;0.00;0.00;0.00;0.00;0.00;0.00;0.00;0.00;0.00;0.00;0.00;0.00;0.00;0.00;0.00;0.00;0.00;0.00;0.00;0.00;0.00;0.00;0.00;0.00;0.00;0.00;0.00;0.00;0.00;0.00;0.00;0.00;0.00;0.00;0.00;0.00;0.00;0.00;0.00;0.00;0.00;0.00;0.00;0.00;0.00;0.00;0.00;0.00;0.00;0.00;0.00;0.00;0.00;0.00;0.00;0.00;0.00;0.00;0.00;0.00;0.00;0.00;0.00;0.00;0.00;0.00;0.00;0.00;0.00;0.00;0.00;0.00;0.00;0.00;0.00
2020-02-04 00:00;0.00;0.00;0.00;0.00;0.00;0.00;0.00;0.00;0.00;0.00;0.00;0.00;0.00;0.00;0.00;0.00;0.00;0.00;0.00;0.00;0.00;0.00;0.00;0.00;0.00;0.00;0.00;0.00;0.00;0.00;0.00;0.00;0.00;0.00;0.00;0.00;0.00;0.00;0.00;0.00;0.00;0.00;0.00;0.00;0.00;0.00;0.00;0.00;0.00;0.00;0.00;0.00;0.00;0.00;0.00;0.00;0.00;0.00;0.00;0.00;0.00;0.00;0.00;0.00;0.00;0.00;0.00;0.00;0.00;0.00;0.00;0.00;0.00;0.00;0.00;0.00;0.00;0.00;0.00;0.00;0.00;0.00;0.00;0.00;0.00;0.00;0.00;0.00;0.00;0.00;0.00;0.00;0.00;0.00;0.00;0.00;0.00;0.00;0.00;0.00;0.00;0.00;0.00;0.00;0.00;0.00;0.00;0.00;0.00;0.00;0.00;0.00;0.00;0.00;0.00;0.00;0.00;0.00;0.00;0.00;0.00;0.00;0.00;0.00;0.00;0.00;0.00;0.00;0.00;0.00;0.00;0.00;0.00;0.00;0.00;0.00;0.00;0.00;0.00;0.03;0.00;0.00;0.00;0.00;0.01;0.00;0.00;0.00;0.00;0.00;0.00;0.00;0.00;0.00;0.00;0.00;0.00;0.00;0.01;0.00;0.00;0.00;0.00;0.00;0.00;0.00;0.00;0.00;0.00;0.05;0.00;0.00;0.00;0.00;0.00;0.00;0.00;0.00;0.02;0.01;0.00;0.00;0.00;0.01;0.00;0.03;0.00;0.04;0.01;0.01;0.00;0.00;0.00;0.00;0.00;0.00;0.00;0.00;0.00;0.00;0.00;0.00;0.00;0.00;0.00;0.01;0.06;0.01;0.01;0.06;0.01;0.00;0.01;0.01;0.01;0.03;0.00;0.01;0.00;0.01;0.01;0.06;0.00;0.02;0.00;0.01;0.00;0.01;0.00;0.01;0.01;0.02;0.00;0.04;0.00;0.00;0.00;0.01;0.00;0.01;0.00;0.00;0.01;0.00;0.02;0.00;0.04;0.01;0.00;0.05;0.01;0.00;0.01;0.00;0.01;0.00;0.01;0.01;0.01;0.00;0.00;0.00;0.00;0.00;0.02;0.00;0.00;0.00;0.00;0.00;0.00;0.02;0.00;0.01;0.01;0.01;0.02;0.01;0.00;0.01;0.01;0.02;0.00;0.00;0.00;0.00;0.00;0.00;0.00;0.00;0.01;0.00;0.02;0.01;0.00;0.04;0.02;0.00;0.00;0.00;0.01;0.00;0.00;0.00;0.00;0.00;0.01;0.00;0.01;0.00;0.01;0.00;0.01;0.03;0.01;0.00;0.00;0.00;0.00;0.00;0.00;0.00;0.01;0.00;0.00;0.00;0.00;0.00;0.07;0.00;0.06;0.00;0.00;0.00;0.00;0.00;0.00;0.00;0.00;0.00;0.00;0.00;0.00;0.00;0.01;0.02;0.02;0.01;0.03;0.00;0.02;0.06;0.00;0.20;0.15;0.07;0.35;0.00;0.27;0.00;0.05;0.02;0.00;0.00;0.00;0.00;0.02;0.01;0.00;0.00;0.01;0.02;0.00;0.12;0.00;0.00;0.00;0.01;0.01;0.01;0.00;0.00;0.00;0.00;0.00;0.00;0.02;0.01;0.00;0.00;0.01;0.00;0.00;0.02;0.00;0.00;0.04;0.00;0.01;0.00;0.01;0.00;0.03;0.00;0.00;0.00;0.00;0.01;0.00;0.00;0.00;0.00;0.00;0.00;0.00;0.00;0.00;0.01;0.00;0.00;0.00;0.00;0.00;0.00;0.00;0.00;0.00;0.00;0.00;0.00;0.00;0.00;0.00;0.00;0.00;0.00;0.00;0.00;0.00;0.00;0.00;0.00;0.00;0.00;0.00;0.00;0.00;0.00;0.00;0.00;0.00;0.00;0.00;0.00;0.00;0.00;0.00;0.00;0.00;0.00;0.00;0.00;0.00;0.00;0.00;0.00;0.00;0.00;0.00;0.00;0.00;0.00;0.00;0.00;0.00;0.00;0.00;0.00;0.00;0.00;0.00;0.00;0.00;0.00;0.00;0.00;0.00;0.00;0.00;0.00;0.00;0.00;0.00;0.00;0.00
2020-02-05 00:00;0.00;0.00;0.00;0.00;0.00;0.00;0.00;0.00;0.00;0.00;0.00;0.00;0.00;0.00;0.00;0.00;0.00;0.00;0.00;0.00;0.00;0.00;0.00;0.00;0.00;0.00;0.00;0.00;0.00;0.00;0.00;0.00;0.00;0.00;0.00;0.00;0.00;0.00;0.00;0.00;0.00;0.00;0.00;0.00;0.00;0.00;0.00;0.00;0.00;0.00;0.00;0.00;0.00;0.00;0.00;0.00;0.00;0.00;0.00;0.00;0.00;0.00;0.00;0.00;0.00;0.00;0.00;0.00;0.00;0.00;0.00;0.00;0.00;0.00;0.00;0.00;0.00;0.00;0.00;0.00;0.00;0.00;0.00;0.00;0.00;0.00;0.00;0.00;0.00;0.00;0.00;0.00;0.00;0.00;0.00;0.00;0.00;0.00;0.00;0.00;0.00;0.00;0.00;0.00;0.00;0.00;0.00;0.00;0.00;0.00;0.00;0.00;0.00;0.00;0.00;0.00;0.00;0.00;0.00;0.00;0.00;0.00;0.00;0.00;0.00;0.00;0.00;0.00;0.00;0.00;0.00;0.00;0.00;0.00;0.00;0.00;0.00;0.00;0.00;0.00;0.00;0.00;0.00;0.00;0.00;0.00;0.00;0.00;0.00;0.00;0.00;0.00;0.00;0.00;0.00;0.00;0.00;0.00;0.00;0.00;0.00;0.00;0.00;0.00;0.00;0.00;0.00;0.00;0.00;0.00;0.00;0.00;0.00;0.00;0.00;0.00;0.00;0.00;0.00;0.00;0.00;0.00;0.00;0.00;0.00;0.00;0.00;0.00;0.00;0.00;0.00;0.00;0.00;0.00;0.00;0.00;0.00;0.00;0.00;0.00;0.00;0.00;0.00;0.00;0.00;0.00;0.00;0.00;0.00;0.00;0.00;0.00;0.00;0.00;0.00;0.00;0.00;0.00;0.00;0.00;0.00;0.00;0.00;0.00;0.00;0.00;0.00;0.00;0.00;0.00;0.00;0.00;0.00;0.00;0.00;0.00;0.00;0.00;0.00;0.00;0.00;0.00;0.00;0.00;0.00;0.00;0.00;0.00;0.00;0.00;0.00;0.00;0.00;0.00;0.00;0.00;0.00;0.00;0.00;0.00;0.00;0.00;0.00;0.00;0.00;0.00;0.00;0.00;0.00;0.00;0.00;0.00;0.00;0.00;0.00;0.00;0.00;0.00;0.00;0.00;0.00;0.00;0.00;0.00;0.00;0.00;0.00;0.00;0.00;0.00;0.00;0.00;0.00;0.00;0.00;0.00;0.00;0.00;0.00;0.00;0.00;0.00;0.00;0.00;0.00;0.00;0.00;0.00;0.00;0.00;0.00;0.00;0.00;0.00;0.00;0.00;0.00;0.00;0.00;0.00;0.00;0.00;0.00;0.00;0.00;0.00;0.00;0.00;0.00;0.00;0.00;0.00;0.00;0.00;0.00;0.00;0.00;0.00;0.00;0.00;0.00;0.00;0.00;0.00;0.00;0.00;0.00;0.00;0.00;0.00;0.00;0.00;0.00;0.00;0.00;0.00;0.00;0.00;0.00;0.00;0.00;0.00;0.00;0.00;0.00;0.00;0.00;0.00;0.00;0.00;0.00;0.00;0.00;0.00;0.00;0.00;0.00;0.00;0.00;0.00;0.00;0.00;0.00;0.00;0.00;0.00;0.00;0.00;0.00;0.00;0.00;0.00;0.00;0.00;0.00;0.00;0.00;0.00;0.00;0.00;0.00;0.00;0.00;0.00;0.00;0.00;0.00;0.00;0.00;0.00;0.00;0.00;0.00;0.00;0.00;0.00;0.00;0.00;0.00;0.00;0.00;0.00;0.00;0.00;0.00;0.00;0.00;0.00;0.00;0.00;0.00;0.00;0.00;0.00;0.00;0.00;0.00;0.00;0.00;0.00;0.00;0.00;0.00;0.00;0.00;0.00;0.00;0.00;0.00;0.00;0.00;0.00;0.00;0.00;0.00;0.00;0.00;0.00;0.00;0.00;0.00;0.00;0.00;0.00;0.00;0.00;0.00;0.00;0.00;0.00;0.00;0.00;0.00;0.00;0.00;0.00;0.00;0.00;0.00;0.00;0.00;0.00;0.00;0.00;0.00;0.00;0.00;0.00;0.00;0.00;0.00;0.00;0.00;0.00;0.00
2020-02-06 00:00;0.00;0.00;0.00;0.00;0.00;0.00;0.00;0.00;0.00;0.00;0.00;0.00;0.00;0.00;0.00;0.00;0.00;0.00;0.00;0.00;0.00;0.00;0.00;0.00;0.00;0.00;0.00;0.00;0.00;0.00;0.00;0.00;0.00;0.00;0.00;0.00;0.00;0.00;0.00;0.00;0.00;0.00;0.00;0.00;0.00;0.00;0.00;0.00;0.00;0.00;0.00;0.00;0.00;0.00;0.00;0.00;0.00;0.00;0.00;0.00;0.00;0.00;0.00;0.00;0.00;0.00;0.00;0.00;0.00;0.00;0.00;0.00;0.00;0.00;0.00;0.00;0.00;0.00;0.00;0.00;0.00;0.00;0.00;0.00;0.00;0.00;0.00;0.00;0.00;0.00;0.00;0.00;0.00;0.00;0.00;0.00;0.00;0.00;0.00;0.00;0.00;0.00;0.00;0.00;0.00;0.00;0.00;0.00;0.00;0.00;0.00;0.00;0.00;0.00;0.00;0.00;0.00;0.00;0.00;0.00;0.00;0.00;0.00;0.00;0.00;0.00;0.00;0.00;0.00;0.00;0.00;0.00;0.00;0.00;0.00;0.00;0.00;0.00;0.00;0.00;0.00;0.00;0.00;0.00;0.00;0.00;0.00;0.00;0.00;0.00;0.00;0.00;0.00;0.00;0.00;0.00;0.00;0.00;0.00;0.00;0.00;0.00;0.00;0.00;0.00;0.00;0.00;0.00;0.00;0.00;0.00;0.00;0.00;0.00;0.00;0.00;0.00;0.00;0.00;0.00;0.00;0.00;0.00;0.00;0.00;0.00;0.00;0.00;0.00;0.00;0.00;0.00;0.00;0.00;0.00;0.00;0.00;0.00;0.00;0.00;0.00;0.00;0.00;0.00;0.00;0.00;0.00;0.00;0.00;0.00;0.00;0.00;0.00;0.00;0.00;0.00;0.00;0.00;0.00;0.00;0.00;0.00;0.00;0.00;0.00;0.00;0.00;0.00;0.00;0.00;0.00;0.00;0.00;0.00;0.00;0.00;0.00;0.00;0.00;0.00;0.00;0.00;0.00;0.00;0.00;0.00;0.00;0.00;0.00;0.00;0.00;0.00;0.00;0.00;0.00;0.00;0.00;0.00;0.00;0.00;0.00;0.00;0.00;0.00;0.00;0.00;0.00;0.00;0.00;0.00;0.00;0.00;0.00;0.00;0.00;0.00;0.00;0.00;0.00;0.00;0.00;0.00;0.00;0.00;0.00;0.00;0.00;0.00;0.00;0.00;0.00;0.00;0.00;0.00;0.00;0.00;0.00;0.00;0.00;0.00;0.00;0.00;0.00;0.00;0.00;0.00;0.00;0.00;0.00;0.00;0.00;0.00;0.00;0.00;0.00;0.00;0.00;0.00;0.00;0.00;0.00;0.00;0.00;0.00;0.00;0.00;0.00;0.00;0.00;0.00;0.00;0.00;0.00;0.00;0.00;0.00;0.00;0.00;0.00;0.00;0.00;0.00;0.00;0.00;0.00;0.00;0.00;0.00;0.00;0.00;0.00;0.00;0.00;0.00;0.00;0.00;0.00;0.00;0.00;0.00;0.00;0.00;0.00;0.00;0.00;0.00;0.00;0.00;0.00;0.00;0.00;0.00;0.00;0.00;0.00;0.00;0.00;0.00;0.00;0.00;0.00;0.00;0.00;0.00;0.00;0.00;0.00;0.00;0.00;0.00;0.00;0.00;0.00;0.00;0.00;0.00;0.00;0.00;0.00;0.00;0.00;0.00;0.00;0.00;0.00;0.00;0.00;0.00;0.00;0.00;0.00;0.00;0.00;0.00;0.00;0.00;0.00;0.00;0.00;0.00;0.00;0.00;0.00;0.00;0.00;0.00;0.00;0.00;0.00;0.00;0.00;0.00;0.00;0.00;0.00;0.00;0.00;0.00;0.00;0.00;0.00;0.00;0.00;0.00;0.00;0.00;0.00;0.00;0.00;0.00;0.00;0.00;0.00;0.00;0.00;0.00;0.00;0.00;0.00;0.00;0.00;0.00;0.00;0.00;0.00;0.00;0.00;0.00;0.00;0.00;0.00;0.00;0.00;0.00;0.00;0.00;0.00;0.00;0.00;0.00;0.00;0.00;0.00;0.00;0.00;0.00;0.00;0.00;0.00;0.00;0.00;0.00;0.00;0.00;0.00
2020-02-07 00:00;0.00;0.00;0.00;0.00;0.00;0.00;0.00;0.00;0.00;0.00;0.00;0.00;0.00;0.00;0.00;0.00;0.00;0.00;0.00;0.00;0.00;0.00;0.00;0.00;0.00;0.00;0.00;0.00;0.00;0.00;0.00;0.00;0.00;0.00;0.00;0.00;0.00;0.00;0.00;0.00;0.00;0.00;0.00;0.00;0.00;0.00;0.00;0.00;0.00;0.00;0.00;0.00;0.00;0.00;0.00;0.00;0.00;0.00;0.00;0.00;0.00;0.00;0.00;0.00;0.00;0.00;0.00;0.00;0.00;0.00;0.00;0.00;0.00;0.00;0.00;0.00;0.00;0.00;0.00;0.00;0.00;0.00;0.00;0.00;0.00;0.00;0.00;0.00;0.00;0.00;0.00;0.00;0.00;0.00;0.00;0.00;0.00;0.00;0.00;0.00;0.00;0.00;0.00;0.00;0.00;0.00;0.00;0.00;0.00;0.00;0.00;0.00;0.00;0.00;0.00;0.00;0.00;0.00;0.00;0.00;0.00;0.00;0.00;0.00;0.00;0.00;0.00;0.00;0.00;0.00;0.00;0.00;0.00;0.00;0.00;0.00;0.00;0.00;0.00;0.00;0.00;0.00;0.00;0.00;0.00;0.00;0.00;0.00;0.00;0.00;0.00;0.00;0.00;0.00;0.00;0.00;0.00;0.00;0.00;0.00;0.00;0.00;0.00;0.00;0.00;0.00;0.00;0.00;0.00;0.00;0.00;0.00;0.00;0.00;0.00;0.00;0.00;0.00;0.00;0.00;0.00;0.00;0.00;0.00;0.00;0.00;0.00;0.00;0.00;0.00;0.00;0.00;0.00;0.00;0.00;0.00;0.00;0.00;0.00;0.00;0.00;0.00;0.00;0.00;0.00;0.00;0.00;0.00;0.00;0.00;0.00;0.00;0.00;0.00;0.00;0.00;0.00;0.00;0.00;0.00;0.00;0.00;0.00;0.00;0.00;0.00;0.00;0.00;0.00;0.00;0.00;0.00;0.00;0.00;0.00;0.00;0.00;0.00;0.00;0.00;0.00;0.00;0.00;0.00;0.00;0.00;0.00;0.00;0.00;0.00;0.00;0.00;0.00;0.00;0.00;0.00;0.00;0.00;0.00;0.00;0.00;0.00;0.00;0.00;0.00;0.00;0.00;0.00;0.00;0.00;0.00;0.00;0.00;0.00;0.00;0.00;0.00;0.00;0.00;0.00;0.00;0.00;0.00;0.00;0.00;0.00;0.00;0.00;0.00;0.00;0.00;0.00;0.00;0.00;0.00;0.00;0.00;0.00;0.00;0.00;0.00;0.00;0.00;0.00;0.00;0.00;0.00;0.00;0.00;0.00;0.00;0.00;0.00;0.00;0.00;0.00;0.00;0.00;0.00;0.00;0.00;0.00;0.00;0.00;0.00;0.00;0.00;0.00;0.00;0.00;0.00;0.00;0.00;0.00;0.00;0.00;0.00;0.00;0.00;0.00;0.00;0.00;0.00;0.00;0.00;0.00;0.00;0.00;0.00;0.00;0.00;0.00;0.00;0.00;0.00;0.00;0.00;0.00;0.00;0.00;0.00;0.00;0.00;0.00;0.00;0.00;0.00;0.00;0.00;0.00;0.00;0.00;0.00;0.00;0.00;0.00;0.00;0.00;0.00;0.00;0.00;0.00;0.00;0.00;0.00;0.00;0.00;0.00;0.00;0.00;0.00;0.00;0.00;0.00;0.00;0.00;0.00;0.00;0.00;0.00;0.00;0.00;0.00;0.00;0.00;0.00;0.00;0.00;0.00;0.00;0.00;0.00;0.00;0.00;0.00;0.00;0.00;0.00;0.00;0.00;0.00;0.00;0.00;0.00;0.00;0.00;0.00;0.00;0.00;0.00;0.00;0.00;0.00;0.00;0.00;0.00;0.00;0.00;0.00;0.00;0.00;0.00;0.00;0.00;0.00;0.00;0.00;0.00;0.00;0.00;0.00;0.00;0.00;0.00;0.00;0.00;0.00;0.00;0.00;0.00;0.00;0.00;0.00;0.00;0.00;0.00;0.00;0.00;0.00;0.00;0.00;0.00;0.00;0.00;0.00;0.00;0.00;0.00;0.00;0.00;0.00;0.00;0.00;0.00;0.00;0.00;0.00;0.00;0.00;0.00;0.00;0.00;0.00;0.00;0.00
2020-02-08 00:00;0.00;0.00;0.00;0.00;0.00;0.00;0.00;0.00;0.00;0.00;0.00;0.00;0.00;0.00;0.00;0.00;0.00;0.00;0.00;0.00;0.00;0.00;0.00;0.00;0.00;0.00;0.00;0.00;0.00;0.00;0.00;0.00;0.00;0.00;0.00;0.00;0.00;0.00;0.00;0.00;0.00;0.00;0.00;0.00;0.00;0.00;0.00;0.00;0.00;0.00;0.00;0.00;0.00;0.00;0.00;0.00;0.00;0.00;0.00;0.00;0.00;0.00;0.00;0.00;0.00;0.00;0.00;0.00;0.00;0.00;0.00;0.00;0.00;0.00;0.00;0.00;0.00;0.00;0.00;0.00;0.00;0.00;0.00;0.00;0.00;0.00;0.00;0.00;0.00;0.00;0.00;0.00;0.00;0.00;0.00;0.00;0.00;0.00;0.00;0.00;0.00;0.00;0.00;0.00;0.00;0.00;0.00;0.00;0.00;0.00;0.00;0.00;0.00;0.00;0.00;0.00;0.00;0.00;0.00;0.00;0.00;0.00;0.00;0.00;0.00;0.00;0.00;0.00;0.00;0.00;0.00;0.00;0.00;0.00;0.00;0.00;0.00;0.00;0.00;0.00;0.00;0.00;0.00;0.00;0.00;0.00;0.00;0.00;0.00;0.00;0.00;0.00;0.00;0.00;0.00;0.00;0.00;0.00;0.00;0.00;0.00;0.00;0.00;0.00;0.00;0.00;0.00;0.00;0.00;0.00;0.00;0.00;0.00;0.00;0.00;0.00;0.00;0.00;0.00;0.00;0.00;0.00;0.00;0.00;0.00;0.00;0.00;0.00;0.00;0.00;0.00;0.00;0.00;0.00;0.00;0.00;0.00;0.00;0.00;0.00;0.00;0.00;0.00;0.00;0.00;0.00;0.00;0.00;0.00;0.00;0.00;0.00;0.00;0.00;0.00;0.00;0.00;0.00;0.00;0.00;0.00;0.00;0.00;0.00;0.00;0.00;0.00;0.00;0.00;0.00;0.00;0.00;0.00;0.00;0.00;0.00;0.00;0.00;0.00;0.00;0.00;0.00;0.00;0.00;0.00;0.00;0.00;0.00;0.00;0.00;0.00;0.00;0.00;0.00;0.00;0.00;0.00;0.00;0.00;0.00;0.00;0.00;0.00;0.00;0.00;0.00;0.00;0.00;0.00;0.00;0.00;0.00;0.00;0.00;0.00;0.00;0.00;0.00;0.00;0.00;0.00;0.00;0.00;0.00;0.00;0.00;0.00;0.00;0.00;0.00;0.00;0.00;0.00;0.00;0.00;0.00;0.00;0.00;0.00;0.00;0.00;0.00;0.00;0.00;0.00;0.00;0.00;0.00;0.00;0.00;0.00;0.00;0.00;0.00;0.00;0.00;0.00;0.00;0.00;0.00;0.00;0.00;0.00;0.00;0.00;0.00;0.00;0.00;0.00;0.00;0.00;0.00;0.00;0.00;0.00;0.00;0.00;0.00;0.00;0.00;0.00;0.00;0.00;0.00;0.00;0.00;0.00;0.00;0.00;0.00;0.00;0.00;0.00;0.00;0.00;0.00;0.00;0.00;0.00;0.00;0.00;0.00;0.00;0.00;0.00;0.00;0.00;0.00;0.00;0.00;0.00;0.00;0.00;0.00;0.00;0.00;0.00;0.00;0.00;0.00;0.00;0.00;0.00;0.00;0.00;0.00;0.00;0.00;0.00;0.00;0.00;0.00;0.00;0.00;0.00;0.00;0.00;0.00;0.00;0.00;0.00;0.00;0.00;0.00;0.00;0.00;0.00;0.00;0.00;0.00;0.00;0.00;0.00;0.00;0.00;0.00;0.00;0.00;0.00;0.00;0.00;0.00;0.00;0.00;0.00;0.00;0.00;0.00;0.00;0.00;0.00;0.00;0.00;0.00;0.00;0.00;0.00;0.00;0.00;0.00;0.00;0.00;0.00;0.00;0.00;0.00;0.00;0.00;0.00;0.00;0.00;0.00;0.00;0.00;0.00;0.00;0.00;0.00;0.00;0.00;0.00;0.00;0.00;0.00;0.00;0.00;0.00;0.00;0.00;0.00;0.00;0.00;0.00;0.00;0.00;0.00;0.00;0.00;0.00;0.00;0.00;0.00;0.00;0.00;0.00;0.00;0.00;0.00;0.00;0.00;0.00;0.00;0.00;0.00;0.00
2020-02-09 00:00;0.00;0.00;0.00;0.00;0.00;0.00;0.00;0.00;0.00;0.00;0.00;0.00;0.00;0.00;0.00;0.00;0.00;0.00;0.00;0.00;0.00;0.00;0.00;0.00;0.00;0.00;0.00;0.00;0.00;0.00;0.00;0.00;0.00;0.00;0.00;0.00;0.00;0.00;0.00;0.00;0.00;0.00;0.00;0.00;0.00;0.00;0.00;0.00;0.00;0.00;0.00;0.00;0.00;0.00;0.00;0.00;0.00;0.00;0.00;0.00;0.00;0.00;0.00;0.00;0.00;0.00;0.00;0.00;0.00;0.00;0.00;0.00;0.00;0.00;0.00;0.00;0.00;0.00;0.00;0.00;0.00;0.00;0.00;0.00;0.00;0.00;0.00;0.00;0.00;0.00;0.00;0.00;0.00;0.00;0.00;0.00;0.00;0.00;0.00;0.00;0.00;0.00;0.00;0.00;0.00;0.00;0.00;0.00;0.00;0.00;0.00;0.00;0.00;0.00;0.00;0.00;0.00;0.00;0.00;0.00;0.00;0.00;0.00;0.00;0.00;0.00;0.00;0.00;0.00;0.00;0.00;0.00;0.00;0.00;0.00;0.00;0.00;0.00;0.00;0.00;0.00;0.00;0.00;0.00;0.00;0.00;0.00;0.00;0.00;0.00;0.00;0.00;0.00;0.00;0.00;0.00;0.00;0.00;0.00;0.00;0.00;0.00;0.00;0.00;0.00;0.00;0.00;0.00;0.00;0.00;0.00;0.00;0.00;0.00;0.00;0.00;0.00;0.00;0.00;0.00;0.00;0.00;0.00;0.00;0.00;0.00;0.00;0.00;0.00;0.00;0.00;0.00;0.00;0.00;0.00;0.00;0.00;0.00;0.00;0.00;0.00;0.00;0.00;0.00;0.00;0.00;0.00;0.00;0.00;0.00;0.00;0.00;0.00;0.00;0.00;0.00;0.00;0.00;0.00;0.00;0.00;0.00;0.00;0.00;0.00;0.00;0.00;0.00;0.00;0.00;0.00;0.00;0.00;0.00;0.00;0.00;0.00;0.00;0.00;0.00;0.00;0.00;0.00;0.00;0.00;0.00;0.00;0.00;0.00;0.00;0.00;0.00;0.00;0.00;0.00;0.00;0.00;0.00;0.00;0.00;0.00;0.00;0.00;0.00;0.00;0.00;0.00;0.00;0.00;0.00;0.00;0.00;0.00;0.00;0.00;0.00;0.00;0.00;0.00;0.00;0.00;0.00;0.00;0.00;0.00;0.00;0.00;0.00;0.00;0.00;0.00;0.00;0.00;0.00;0.00;0.00;0.00;0.00;0.00;0.00;0.00;0.00;0.00;0.00;0.00;0.00;0.00;0.00;0.00;0.00;0.00;0.00;0.00;0.00;0.00;0.00;0.00;0.00;0.00;0.00;0.00;0.00;0.00;0.00;0.00;0.00;0.00;0.00;0.00;0.00;0.00;0.00;0.00;0.00;0.00;0.00;0.00;0.00;0.00;0.00;0.00;0.00;0.00;0.00;0.00;0.00;0.00;0.00;0.00;0.00;0.00;0.00;0.00;0.00;0.00;0.00;0.00;0.00;0.00;0.00;0.00;0.00;0.00;0.00;0.00;0.00;0.00;0.00;0.00;0.00;0.00;0.00;0.00;0.00;0.00;0.00;0.00;0.00;0.00;0.00;0.00;0.00;0.00;0.00;0.00;0.00;0.00;0.00;0.00;0.00;0.00;0.00;0.00;0.00;0.00;0.00;0.00;0.00;0.00;0.00;0.00;0.00;0.00;0.00;0.00;0.00;0.00;0.00;0.00;0.00;0.00;0.00;0.00;0.00;0.00;0.00;0.00;0.00;0.00;0.00;0.00;0.00;0.00;0.00;0.00;0.00;0.00;0.00;0.00;0.00;0.00;0.00;0.00;0.00;0.00;0.00;0.00;0.00;0.00;0.00;0.00;0.00;0.00;0.00;0.00;0.00;0.00;0.00;0.00;0.00;0.00;0.00;0.00;0.00;0.00;0.00;0.00;0.00;0.00;0.00;0.00;0.00;0.00;0.00;0.00;0.00;0.00;0.00;0.00;0.00;0.00;0.00;0.00;0.00;0.00;0.00;0.00;0.00;0.00;0.00;0.00;0.00;0.00;0.00;0.00;0.00;0.00;0.00;0.00;0.00;0.00;0.00;0.00;0.00;0.00
2020-02-10 00:00;0.00;0.00;0.00;0.00;0.00;0.00;0.00;0.00;0.00;0.00;0.00;0.00;0.00;0.00;0.00;0.00;0.00;0.00;0.00;0.00;0.00;0.00;0.00;0.00;0.00;0.00;0.00;0.00;0.00;0.00;0.00;0.00;0.00;0.00;0.00;0.00;0.00;0.00;0.00;0.00;0.00;0.00;0.00;0.00;0.00;0.00;0.00;0.00;0.00;0.00;0.00;0.00;0.00;0.00;0.00;0.00;0.00;0.00;0.00;0.00;0.00;0.00;0.00;0.00;0.00;0.00;0.00;0.00;0.00;0.00;0.00;0.00;0.00;0.00;0.00;0.00;0.00;0.00;0.00;0.00;0.00;0.00;0.00;0.00;0.00;0.00;0.00;0.00;0.00;0.00;0.00;0.00;0.00;0.00;0.00;0.00;0.00;0.00;0.00;0.00;0.00;0.00;0.00;0.00;0.00;0.00;0.00;0.00;0.00;0.00;0.00;0.00;0.00;0.00;0.00;0.00;0.00;0.00;0.00;0.00;0.00;0.00;0.00;0.00;0.00;0.00;0.00;0.00;0.00;0.00;0.00;0.00;0.00;0.00;0.00;0.00;0.00;0.00;0.00;0.00;0.00;0.00;0.00;0.00;0.00;0.00;0.00;0.00;0.00;0.00;0.00;0.00;0.00;0.00;0.00;0.00;0.00;0.00;0.00;0.00;0.00;0.00;0.00;0.00;0.00;0.00;0.00;0.00;0.00;0.00;0.00;0.00;0.00;0.00;0.00;0.00;0.00;0.00;0.00;0.00;0.00;0.00;0.00;0.00;0.00;0.00;0.00;0.00;0.00;0.00;0.00;0.00;0.00;0.00;0.00;0.00;0.00;0.00;0.00;0.00;0.00;0.00;0.00;0.00;0.00;0.00;0.00;0.00;0.00;0.00;0.00;0.00;0.00;0.00;0.00;0.00;0.00;0.00;0.00;0.00;0.00;0.00;0.00;0.00;0.00;0.00;0.00;0.00;0.00;0.00;0.00;0.00;0.00;0.00;0.00;0.00;0.00;0.00;0.00;0.00;0.00;0.00;0.00;0.00;0.00;0.00;0.00;0.00;0.00;0.00;0.00;0.00;0.00;0.00;0.00;0.00;0.00;0.00;0.00;0.00;0.00;0.00;0.00;0.00;0.00;0.00;0.00;0.00;0.00;0.00;0.00;0.00;0.00;0.00;0.00;0.00;0.00;0.00;0.00;0.00;0.00;0.00;0.00;0.00;0.00;0.00;0.00;0.00;0.00;0.00;0.00;0.00;0.00;0.00;0.00;0.00;0.00;0.00;0.00;0.00;0.00;0.00;0.00;0.00;0.00;0.00;0.00;0.00;0.00;0.00;0.00;0.00;0.00;0.00;0.00;0.00;0.00;0.00;0.00;0.00;0.00;0.00;0.00;0.00;0.00;0.00;0.00;0.00;0.00;0.00;0.00;0.00;0.00;0.00;0.00;0.00;0.00;0.00;0.00;0.00;0.00;0.00;0.00;0.00;0.00;0.00;0.00;0.00;0.00;0.00;0.00;0.00;0.00;0.00;0.00;0.00;0.00;0.00;0.00;0.00;0.00;0.00;0.00;0.00;0.00;0.00;0.00;0.00;0.00;0.00;0.00;0.00;0.00;0.00;0.00;0.00;0.00;0.00;0.00;0.00;0.00;0.00;0.00;0.00;0.00;0.00;0.00;0.00;0.00;0.00;0.00;0.00;0.00;0.00;0.00;0.00;0.00;0.00;0.00;0.00;0.00;0.00;0.00;0.00;0.00;0.00;0.00;0.00;0.00;0.00;0.00;0.00;0.00;0.00;0.00;0.00;0.00;0.00;0.00;0.00;0.00;0.00;0.00;0.00;0.00;0.00;0.00;0.00;0.00;0.00;0.00;0.00;0.00;0.00;0.00;0.00;0.00;0.00;0.00;0.00;0.00;0.00;0.00;0.00;0.00;0.00;0.00;0.00;0.00;0.00;0.00;0.00;0.00;0.00;0.00;0.00;0.00;0.00;0.00;0.00;0.00;0.00;0.00;0.00;0.00;0.00;0.00;0.00;0.00;0.00;0.00;0.00;0.00;0.00;0.00;0.00;0.00;0.00;0.00;0.00;0.00;0.00;0.00;0.00;0.00;0.00;0.00;0.00;0.00;0.00;0.00;0.00;0.00;0.00;0.00
2020-02-11 00:00;0.00;0.00;0.00;0.00;0.00;0.00;0.00;0.00;0.00;0.00;0.00;0.00;0.00;0.00;0.00;0.00;0.00;0.00;0.00;0.00;0.00;0.00;0.00;0.00;0.00;0.00;0.00;0.00;0.00;0.00;0.00;0.00;0.00;0.00;0.00;0.00;0.00;0.00;0.00;0.00;0.00;0.00;0.00;0.00;0.00;0.00;0.00;0.00;0.00;0.00;0.00;0.00;0.00;0.00;0.00;0.00;0.00;0.00;0.00;0.00;0.00;0.00;0.00;0.00;0.00;0.00;0.00;0.00;0.00;0.00;0.00;0.00;0.00;0.00;0.00;0.00;0.00;0.00;0.00;0.00;0.00;0.00;0.00;0.00;0.00;0.00;0.00;0.00;0.00;0.00;0.00;0.00;0.00;0.00;0.00;0.00;0.00;0.00;0.00;0.00;0.00;0.00;0.00;0.00;0.00;0.00;0.00;0.00;0.00;0.00;0.00;0.00;0.00;0.00;0.00;0.00;0.00;0.00;0.00;0.00;0.00;0.00;0.00;0.00;0.00;0.00;0.00;0.00;0.00;0.00;0.00;0.00;0.00;0.00;0.00;0.00;0.00;0.00;0.00;0.00;0.00;0.00;0.00;0.00;0.00;0.00;0.00;0.00;0.00;0.00;0.00;0.00;0.00;0.00;0.00;0.00;0.00;0.00;0.00;0.00;0.00;0.00;0.00;0.00;0.00;0.00;0.00;0.00;0.00;0.00;0.00;0.00;0.00;0.00;0.00;0.00;0.00;0.00;0.00;0.00;0.00;0.00;0.00;0.00;0.00;0.00;0.00;0.00;0.00;0.00;0.00;0.00;0.00;0.00;0.00;0.00;0.00;0.00;0.00;0.00;0.00;0.00;0.00;0.00;0.00;0.00;0.00;0.00;0.00;0.00;0.00;0.00;0.00;0.00;0.00;0.00;0.00;0.00;0.00;0.00;0.00;0.00;0.00;0.00;0.00;0.00;0.00;0.00;0.00;0.00;0.00;0.00;0.00;0.00;0.00;0.00;0.00;0.00;0.00;0.00;0.00;0.00;0.00;0.00;0.00;0.00;0.00;0.00;0.00;0.00;0.00;0.00;0.00;0.00;0.00;0.00;0.00;0.00;0.00;0.00;0.00;0.00;0.00;0.00;0.00;0.00;0.00;0.00;0.00;0.00;0.00;0.00;0.00;0.00;0.00;0.00;0.00;0.00;0.00;0.00;0.00;0.00;0.00;0.00;0.00;0.00;0.00;0.00;0.00;0.00;0.00;0.00;0.00;0.00;0.00;0.00;0.00;0.00;0.00;0.00;0.00;0.00;0.00;0.00;0.00;0.00;0.00;0.00;0.00;0.00;0.00;0.00;0.00;0.00;0.00;0.00;0.00;0.00;0.00;0.00;0.00;0.00;0.00;0.00;0.00;0.00;0.00;0.00;0.00;0.00;0.00;0.00;0.00;0.00;0.00;0.00;0.00;0.00;0.00;0.00;0.00;0.00;0.00;0.00;0.00;0.00;0.00;0.00;0.00;0.00;0.00;0.00;0.00;0.00;0.00;0.00;0.00;0.00;0.00;0.00;0.00;0.00;0.00;0.00;0.00;0.00;0.00;0.00;0.00;0.00;0.00;0.00;0.00;0.00;0.00;0.00;0.00;0.00;0.00;0.00;0.00;0.00;0.00;0.00;0.00;0.00;0.00;0.00;0.00;0.00;0.00;0.00;0.00;0.00;0.00;0.00;0.00;0.00;0.00;0.00;0.00;0.00;0.00;0.00;0.00;0.00;0.00;0.00;0.00;0.00;0.00;0.00;0.00;0.00;0.00;0.00;0.00;0.00;0.00;0.00;0.00;0.00;0.00;0.00;0.00;0.00;0.00;0.00;0.00;0.00;0.00;0.00;0.00;0.00;0.00;0.00;0.00;0.00;0.00;0.00;0.00;0.00;0.00;0.00;0.00;0.00;0.00;0.00;0.00;0.00;0.00;0.00;0.00;0.00;0.00;0.00;0.00;0.00;0.00;0.00;0.00;0.00;0.00;0.00;0.00;0.00;0.00;0.00;0.00;0.00;0.00;0.00;0.00;0.00;0.00;0.00;0.00;0.00;0.00;0.00;0.00;0.00;0.00;0.00;0.00;0.00;0.00;0.00;0.00;0.00;0.00;0.00;0.00;0.00;0.00
2020-02-12 00:00;0.00;0.00;0.00;0.00;0.00;0.00;0.00;0.00;0.00;0.00;0.00;0.00;0.00;0.00;0.00;0.00;0.00;0.00;0.00;0.00;0.00;0.00;0.00;0.00;0.00;0.00;0.00;0.00;0.00;0.00;0.00;0.00;0.00;0.00;0.00;0.00;0.00;0.00;0.00;0.00;0.00;0.00;0.00;0.00;0.00;0.00;0.00;0.00;0.00;0.00;0.00;0.00;0.00;0.00;0.00;0.00;0.00;0.00;0.00;0.00;0.00;0.00;0.00;0.00;0.00;0.00;0.00;0.00;0.00;0.00;0.00;0.00;0.00;0.00;0.00;0.00;0.00;0.00;0.00;0.00;0.00;0.00;0.00;0.00;0.00;0.00;0.00;0.00;0.00;0.00;0.00;0.00;0.00;0.00;0.00;0.00;0.00;0.00;0.00;0.00;0.00;0.00;0.00;0.00;0.00;0.00;0.00;0.00;0.00;0.00;0.00;0.00;0.00;0.00;0.00;0.00;0.00;0.00;0.00;0.00;0.00;0.00;0.00;0.00;0.00;0.00;0.00;0.00;0.00;0.00;0.00;0.00;0.00;0.00;0.00;0.00;0.00;0.00;0.00;0.00;0.00;0.00;0.00;0.00;0.00;0.00;0.00;0.00;0.00;0.00;0.00;0.00;0.00;0.00;0.00;0.00;0.00;0.00;0.00;0.00;0.00;0.00;0.00;0.00;0.00;0.00;0.00;0.00;0.00;0.00;0.00;0.00;0.00;0.00;0.00;0.00;0.00;0.00;0.00;0.00;0.00;0.00;0.00;0.00;0.00;0.00;0.00;0.00;0.00;0.00;0.00;0.00;0.00;0.00;0.00;0.00;0.00;0.00;0.00;0.00;0.00;0.00;0.00;0.00;0.00;0.00;0.00;0.00;0.00;0.00;0.00;0.00;0.00;0.00;0.00;0.00;0.00;0.00;0.00;0.00;0.00;0.00;0.00;0.00;0.00;0.00;0.00;0.00;0.00;0.00;0.00;0.00;0.00;0.00;0.00;0.00;0.00;0.00;0.00;0.00;0.00;0.00;0.00;0.00;0.00;0.00;0.00;0.00;0.00;0.00;0.00;0.00;0.00;0.00;0.00;0.00;0.00;0.00;0.00;0.00;0.00;0.00;0.00;0.00;0.00;0.00;0.00;0.00;0.00;0.00;0.00;0.00;0.00;0.00;0.00;0.00;0.00;0.00;0.00;0.00;0.00;0.00;0.00;0.00;0.00;0.00;0.00;0.00;0.00;0.00;0.00;0.00;0.00;0.00;0.00;0.00;0.00;0.00;0.00;0.00;0.00;0.00;0.00;0.00;0.00;0.00;0.00;0.00;0.00;0.00;0.00;0.00;0.00;0.00;0.00;0.00;0.00;0.00;0.00;0.00;0.00;0.00;0.00;0.00;0.00;0.00;0.00;0.00;0.00;0.00;0.00;0.00;0.00;0.00;0.00;0.00;0.00;0.00;0.00;0.00;0.00;0.00;0.00;0.00;0.00;0.00;0.00;0.00;0.00;0.00;0.00;0.00;0.00;0.00;0.00;0.00;0.00;0.00;0.00;0.00;0.00;0.00;0.00;0.00;0.00;0.00;0.00;0.00;0.00;0.00;0.00;0.00;0.00;0.00;0.00;0.00;0.00;0.00;0.00;0.00;0.00;0.00;0.00;0.00;0.00;0.00;0.00;0.00;0.00;0.00;0.00;0.00;0.00;0.00;0.00;0.00;0.00;0.00;0.00;0.00;0.00;0.00;0.00;0.00;0.00;0.00;0.00;0.00;0.00;0.00;0.00;0.00;0.00;0.00;0.00;0.00;0.00;0.00;0.00;0.00;0.00;0.00;0.00;0.00;0.00;0.00;0.00;0.00;0.00;0.00;0.00;0.00;0.00;0.00;0.00;0.00;0.00;0.00;0.00;0.00;0.00;0.00;0.00;0.00;0.00;0.00;0.00;0.00;0.00;0.00;0.00;0.00;0.00;0.00;0.00;0.00;0.00;0.00;0.00;0.00;0.00;0.00;0.00;0.00;0.00;0.00;0.00;0.00;0.00;0.00;0.00;0.00;0.00;0.00;0.00;0.00;0.00;0.00;0.00;0.00;0.00;0.00;0.00;0.00;0.00;0.00;0.00;0.00;0.00;0.00;0.00;0.00;0.00;0.00;0.00
2020-02-13 00:00;0.00;0.00;0.00;0.00;0.00;0.00;0.00;0.00;0.00;0.00;0.00;0.00;0.00;0.00;0.00;0.00;0.00;0.00;0.00;0.00;0.00;0.00;0.00;0.00;0.00;0.00;0.00;0.00;0.00;0.00;0.00;0.00;0.00;0.00;0.00;0.00;0.00;0.00;0.00;0.00;0.00;0.00;0.00;0.00;0.00;0.00;0.00;0.00;0.00;0.00;0.00;0.00;0.00;0.00;0.00;0.00;0.00;0.00;0.00;0.00;0.00;0.00;0.00;0.00;0.00;0.00;0.00;0.00;0.00;0.00;0.00;0.00;0.00;0.00;0.00;0.00;0.00;0.00;0.00;0.00;0.00;0.00;0.00;0.00;0.00;0.00;0.00;0.00;0.00;0.00;0.00;0.00;0.00;0.00;0.00;0.00;0.00;0.00;0.00;0.00;0.00;0.00;0.00;0.00;0.00;0.00;0.00;0.00;0.00;0.00;0.00;0.00;0.00;0.00;0.00;0.00;0.00;0.00;0.00;0.00;0.00;0.00;0.00;0.00;0.00;0.00;0.00;0.00;0.00;0.00;0.00;0.00;0.00;0.00;0.00;0.00;0.00;0.00;0.00;0.00;0.00;0.00;0.00;0.00;0.00;0.00;0.00;0.00;0.00;0.00;0.00;0.00;0.00;0.00;0.00;0.00;0.00;0.00;0.00;0.00;0.00;0.00;0.00;0.00;0.00;0.00;0.00;0.00;0.00;0.00;0.00;0.00;0.00;0.00;0.00;0.00;0.00;0.00;0.00;0.00;0.00;0.00;0.00;0.00;0.00;0.00;0.00;0.00;0.00;0.00;0.00;0.00;0.00;0.00;0.00;0.00;0.00;0.00;0.00;0.00;0.00;0.00;0.00;0.00;0.00;0.00;0.00;0.00;0.00;0.00;0.00;0.00;0.00;0.00;0.00;0.00;0.00;0.00;0.00;0.00;0.00;0.00;0.00;0.00;0.00;0.00;0.00;0.00;0.00;0.00;0.00;0.00;0.00;0.00;0.00;0.00;0.00;0.00;0.00;0.00;0.00;0.00;0.00;0.00;0.00;0.00;0.00;0.00;0.00;0.00;0.00;0.00;0.00;0.00;0.00;0.00;0.00;0.00;0.00;0.00;0.00;0.00;0.00;0.00;0.00;0.00;0.00;0.00;0.00;0.00;0.00;0.00;0.00;0.00;0.00;0.00;0.00;0.00;0.00;0.00;0.00;0.00;0.00;0.00;0.00;0.00;0.00;0.00;0.00;0.00;0.00;0.00;0.00;0.00;0.00;0.00;0.00;0.00;0.00;0.00;0.00;0.00;0.00;0.00;0.00;0.00;0.00;0.00;0.00;0.00;0.00;0.00;0.00;0.00;0.00;0.00;0.00;0.00;0.00;0.00;0.00;0.00;0.00;0.00;0.00;0.00;0.00;0.00;0.00;0.00;0.00;0.00;0.00;0.00;0.00;0.00;0.00;0.00;0.00;0.00;0.00;0.00;0.00;0.00;0.00;0.00;0.00;0.00;0.00;0.00;0.00;0.00;0.00;0.00;0.00;0.00;0.00;0.00;0.00;0.00;0.00;0.00;0.00;0.00;0.00;0.00;0.00;0.00;0.00;0.00;0.00;0.00;0.00;0.00;0.00;0.00;0.00;0.00;0.00;0.00;0.00;0.00;0.00;0.00;0.00;0.00;0.00;0.00;0.00;0.00;0.00;0.00;0.00;0.00;0.00;0.00;0.00;0.00;0.00;0.00;0.00;0.00;0.00;0.00;0.00;0.00;0.00;0.00;0.00;0.00;0.00;0.00;0.00;0.00;0.00;0.00;0.00;0.00;0.00;0.00;0.00;0.00;0.00;0.00;0.00;0.00;0.00;0.00;0.00;0.00;0.00;0.00;0.00;0.00;0.00;0.00;0.00;0.00;0.00;0.00;0.00;0.00;0.00;0.00;0.00;0.00;0.00;0.00;0.00;0.00;0.00;0.00;0.00;0.00;0.00;0.00;0.00;0.00;0.00;0.00;0.00;0.00;0.00;0.00;0.00;0.00;0.00;0.00;0.00;0.00;0.00;0.00;0.00;0.00;0.00;0.00;0.00;0.00;0.00;0.00;0.00;0.00;0.00;0.00;0.00;0.00;0.00;0.00;0.00;0.00;0.00;0.00;0.00;0.00;0.00
2020-02-14 00:00;0.00;0.00;0.00;0.00;0.00;0.00;0.00;0.00;0.00;0.00;0.00;0.00;0.00;0.00;0.00;0.00;0.00;0.00;0.00;0.00;0.00;0.00;0.00;0.00;0.00;0.00;0.00;0.00;0.00;0.00;0.00;0.00;0.00;0.00;0.00;0.00;0.00;0.00;0.00;0.00;0.00;0.00;0.00;0.00;0.00;0.00;0.00;0.00;0.00;0.00;0.00;0.00;0.00;0.00;0.00;0.00;0.00;0.00;0.00;0.00;0.00;0.00;0.00;0.00;0.00;0.00;0.00;0.00;0.00;0.00;0.00;0.00;0.00;0.00;0.00;0.00;0.00;0.00;0.00;0.00;0.00;0.00;0.00;0.00;0.00;0.00;0.00;0.00;0.00;0.00;0.00;0.00;0.00;0.00;0.00;0.00;0.00;0.00;0.00;0.00;0.00;0.00;0.00;0.00;0.00;0.00;0.00;0.00;0.00;0.00;0.00;0.00;0.00;0.00;0.00;0.00;0.00;0.00;0.00;0.00;0.00;0.00;0.00;0.00;0.00;0.00;0.00;0.00;0.00;0.00;0.00;0.00;0.00;0.00;0.00;0.00;0.00;0.00;0.00;0.00;0.00;0.00;0.00;0.00;0.00;0.00;0.00;0.00;0.00;0.00;0.00;0.00;0.00;0.00;0.00;0.00;0.00;0.00;0.00;0.00;0.00;0.00;0.00;0.00;0.00;0.00;0.00;0.00;0.00;0.00;0.00;0.00;0.00;0.00;0.00;0.00;0.00;0.00;0.00;0.00;0.00;0.00;0.00;0.00;0.00;0.00;0.00;0.00;0.00;0.00;0.00;0.00;0.00;0.00;0.00;0.00;0.00;0.00;0.00;0.00;0.00;0.00;0.00;0.00;0.00;0.00;0.00;0.00;0.00;0.00;0.00;0.00;0.00;0.00;0.00;0.00;0.00;0.00;0.00;0.00;0.00;0.00;0.00;0.00;0.00;0.00;0.00;0.00;0.00;0.00;0.00;0.00;0.00;0.00;0.00;0.00;0.00;0.00;0.00;0.00;0.00;0.00;0.00;0.00;0.00;0.00;0.00;0.00;0.00;0.00;0.00;0.00;0.00;0.00;0.00;0.00;0.00;0.00;0.00;0.00;0.00;0.00;0.00;0.00;0.00;0.00;0.00;0.00;0.00;0.00;0.00;0.00;0.00;0.00;0.00;0.00;0.00;0.00;0.00;0.00;0.00;0.00;0.00;0.00;0.00;0.00;0.00;0.00;0.00;0.00;0.00;0.00;0.00;0.00;0.00;0.00;0.00;0.00;0.00;0.00;0.00;0.00;0.00;0.00;0.00;0.00;0.00;0.00;0.00;0.00;0.00;0.00;0.00;0.00;0.00;0.00;0.00;0.00;0.00;0.00;0.00;0.00;0.00;0.00;0.00;0.00;0.00;0.00;0.00;0.00;0.00;0.00;0.00;0.00;0.00;0.00;0.00;0.00;0.00;0.00;0.00;0.00;0.00;0.00;0.00;0.00;0.00;0.00;0.00;0.00;0.00;0.00;0.00;0.00;0.00;0.00;0.00;0.00;0.00;0.00;0.00;0.00;0.00;0.00;0.00;0.00;0.00;0.00;0.00;0.00;0.00;0.00;0.00;0.00;0.00;0.00;0.00;0.00;0.00;0.00;0.00;0.00;0.00;0.00;0.00;0.00;0.00;0.00;0.00;0.00;0.00;0.00;0.00;0.00;0.00;0.00;0.00;0.00;0.00;0.00;0.00;0.00;0.00;0.00;0.00;0.00;0.00;0.00;0.00;0.00;0.00;0.00;0.00;0.00;0.00;0.00;0.00;0.00;0.00;0.00;0.00;0.00;0.00;0.00;0.00;0.00;0.00;0.00;0.00;0.00;0.00;0.00;0.00;0.00;0.00;0.00;0.00;0.00;0.00;0.00;0.00;0.00;0.00;0.00;0.00;0.00;0.00;0.00;0.00;0.00;0.00;0.00;0.00;0.00;0.00;0.00;0.00;0.00;0.00;0.00;0.00;0.00;0.00;0.00;0.00;0.00;0.00;0.00;0.00;0.00;0.00;0.00;0.00;0.00;0.00;0.00;0.00;0.00;0.00;0.00;0.00;0.00;0.00;0.00;0.00;0.00;0.00;0.00;0.00;0.00;0.00;0.00;0.00;0.00;0.00
2020-02-15 00:00;0.00;0.00;0.00;0.00;0.00;0.00;0.00;0.00;0.00;0.00;0.00;0.00;0.00;0.00;0.00;0.00;0.00;0.00;0.00;0.00;0.00;0.00;0.00;0.00;0.00;0.00;0.00;0.00;0.00;0.00;0.00;0.00;0.00;0.00;0.00;0.00;0.00;0.00;0.00;0.00;0.00;0.00;0.00;0.00;0.00;0.00;0.00;0.00;0.00;0.00;0.00;0.00;0.00;0.00;0.00;0.00;0.00;0.00;0.00;0.00;0.00;0.00;0.00;0.00;0.00;0.00;0.00;0.00;0.00;0.00;0.00;0.00;0.00;0.00;0.00;0.00;0.00;0.00;0.00;0.00;0.00;0.00;0.00;0.00;0.00;0.00;0.00;0.00;0.00;0.00;0.00;0.00;0.00;0.00;0.00;0.00;0.00;0.00;0.00;0.00;0.00;0.00;0.00;0.00;0.00;0.00;0.00;0.00;0.00;0.00;0.00;0.00;0.00;0.00;0.00;0.00;0.00;0.00;0.00;0.00;0.00;0.00;0.00;0.00;0.00;0.00;0.00;0.00;0.00;0.00;0.00;0.00;0.00;0.00;0.00;0.00;0.00;0.00;0.00;0.00;0.00;0.00;0.00;0.00;0.00;0.00;0.00;0.00;0.00;0.00;0.00;0.00;0.00;0.00;0.00;0.00;0.00;0.00;0.00;0.00;0.00;0.00;0.00;0.00;0.00;0.00;0.00;0.00;0.00;0.00;0.00;0.00;0.00;0.00;0.00;0.00;0.00;0.00;0.00;0.00;0.00;0.00;0.00;0.00;0.00;0.00;0.00;0.00;0.00;0.00;0.00;0.00;0.00;0.00;0.00;0.00;0.00;0.00;0.00;0.00;0.00;0.00;0.00;0.00;0.00;0.00;0.00;0.00;0.00;0.00;0.00;0.00;0.00;0.00;0.00;0.00;0.00;0.00;0.00;0.00;0.00;0.00;0.00;0.00;0.00;0.00;0.00;0.00;0.00;0.00;0.00;0.00;0.00;0.00;0.00;0.00;0.00;0.00;0.00;0.00;0.00;0.00;0.00;0.00;0.00;0.00;0.00;0.00;0.00;0.00;0.00;0.00;0.00;0.00;0.00;0.00;0.00;0.00;0.00;0.00;0.00;0.00;0.00;0.00;0.00;0.00;0.00;0.00;0.00;0.00;0.00;0.00;0.00;0.00;0.00;0.00;0.00;0.00;0.00;0.00;0.00;0.00;0.00;0.00;0.00;0.00;0.00;0.00;0.00;0.00;0.00;0.00;0.00;0.00;0.00;0.00;0.00;0.00;0.00;0.00;0.00;0.00;0.00;0.00;0.00;0.00;0.00;0.00;0.00;0.00;0.00;0.00;0.00;0.00;0.00;0.00;0.00;0.00;0.00;0.00;0.00;0.00;0.00;0.00;0.00;0.00;0.00;0.00;0.00;0.00;0.00;0.00;0.00;0.00;0.00;0.00;0.00;0.00;0.00;0.00;0.00;0.00;0.00;0.00;0.00;0.00;0.00;0.00;0.00;0.00;0.00;0.00;0.00;0.00;0.00;0.00;0.00;0.00;0.00;0.00;0.00;0.00;0.00;0.00;0.00;0.00;0.00;0.00;0.00;0.00;0.00;0.00;0.00;0.00;0.00;0.00;0.00;0.00;0.00;0.00;0.00;0.00;0.00;0.00;0.00;0.00;0.00;0.00;0.00;0.00;0.00;0.00;0.00;0.00;0.00;0.00;0.00;0.00;0.00;0.00;0.00;0.00;0.00;0.00;0.00;0.00;0.00;0.00;0.00;0.00;0.00;0.00;0.00;0.00;0.00;0.00;0.00;0.00;0.00;0.00;0.00;0.00;0.00;0.00;0.00;0.00;0.00;0.00;0.00;0.00;0.00;0.00;0.00;0.00;0.00;0.00;0.00;0.00;0.00;0.00;0.00;0.00;0.00;0.00;0.00;0.00;0.00;0.00;0.00;0.00;0.00;0.00;0.00;0.00;0.00;0.00;0.00;0.00;0.00;0.00;0.00;0.00;0.00;0.00;0.00;0.00;0.00;0.00;0.00;0.00;0.00;0.00;0.00;0.00;0.00;0.00;0.00;0.00;0.00;0.00;0.00;0.00;0.00;0.00;0.00;0.00;0.00;0.00;0.00;0.00;0.00;0.00;0.00;0.00;0.00
2020-02-16 00:00;0.00;0.00;0.00;0.00;0.00;0.00;0.00;0.00;0.00;0.00;0.00;0.00;0.00;0.00;0.00;0.00;0.00;0.00;0.00;0.00;0.00;0.00;0.00;0.00;0.00;0.00;0.00;0.00;0.00;0.00;0.00;0.00;0.00;0.00;0.00;0.00;0.00;0.00;0.00;0.00;0.00;0.00;0.00;0.00;0.00;0.00;0.00;0.00;0.00;0.00;0.00;0.00;0.00;0.00;0.00;0.00;0.00;0.00;0.00;0.00;0.00;0.00;0.00;0.00;0.00;0.00;0.00;0.00;0.00;0.00;0.00;0.00;0.00;0.00;0.00;0.00;0.00;0.00;0.00;0.00;0.00;0.00;0.00;0.00;0.00;0.00;0.00;0.00;0.00;0.00;0.00;0.00;0.00;0.00;0.00;0.00;0.00;0.00;0.00;0.00;0.00;0.00;0.00;0.00;0.00;0.00;0.00;0.00;0.00;0.00;0.00;0.00;0.00;0.00;0.00;0.00;0.00;0.00;0.00;0.00;0.00;0.00;0.00;0.00;0.00;0.00;0.00;0.00;0.00;0.00;0.00;0.00;0.00;0.00;0.00;0.00;0.00;0.00;0.00;0.00;0.00;0.00;0.00;0.00;0.00;0.00;0.00;0.00;0.00;0.00;0.00;0.00;0.00;0.00;0.00;0.00;0.00;0.00;0.00;0.00;0.00;0.00;0.00;0.00;0.00;0.00;0.00;0.00;0.00;0.00;0.00;0.00;0.00;0.00;0.00;0.00;0.00;0.00;0.00;0.00;0.00;0.00;0.00;0.00;0.00;0.00;0.00;0.00;0.00;0.00;0.00;0.00;0.00;0.00;0.00;0.00;0.00;0.00;0.00;0.00;0.00;0.00;0.00;0.00;0.00;0.00;0.00;0.00;0.00;0.00;0.00;0.00;0.00;0.00;0.00;0.00;0.00;0.00;0.00;0.00;0.00;0.00;0.00;0.00;0.00;0.00;0.00;0.00;0.00;0.00;0.00;0.00;0.00;0.00;0.00;0.00;0.00;0.00;0.00;0.00;0.00;0.00;0.00;0.00;0.00;0.00;0.00;0.00;0.00;0.00;0.00;0.00;0.00;0.00;0.00;0.00;0.00;0.00;0.00;0.00;0.00;0.00;0.00;0.00;0.00;0.00;0.00;0.00;0.00;0.00;0.00;0.00;0.00;0.00;0.00;0.00;0.00;0.00;0.00;0.00;0.00;0.00;0.00;0.00;0.00;0.00;0.00;0.00;0.00;0.00;0.00;0.00;0.00;0.00;0.00;0.00;0.00;0.00;0.00;0.00;0.00;0.00;0.00;0.00;0.00;0.00;0.00;0.00;0.00;0.00;0.00;0.00;0.00;0.00;0.00;0.00;0.00;0.00;0.00;0.00;0.00;0.00;0.00;0.00;0.00;0.00;0.00;0.00;0.00;0.00;0.00;0.00;0.00;0.00;0.00;0.00;0.00;0.00;0.00;0.00;0.00;0.00;0.00;0.00;0.00;0.00;0.00;0.00;0.00;0.00;0.00;0.00;0.00;0.00;0.00;0.00;0.00;0.00;0.00;0.00;0.00;0.00;0.00;0.00;0.00;0.00;0.00;0.00;0.00;0.00;0.00;0.00;0.00;0.00;0.00;0.00;0.00;0.00;0.00;0.00;0.00;0.00;0.00;0.00;0.00;0.00;0.00;0.00;0.00;0.00;0.00;0.00;0.00;0.00;0.00;0.00;0.00;0.00;0.00;0.00;0.00;0.00;0.00;0.00;0.00;0.00;0.00;0.00;0.00;0.00;0.00;0.00;0.00;0.00;0.00;0.00;0.00;0.00;0.00;0.00;0.00;0.00;0.00;0.00;0.00;0.00;0.00;0.00;0.00;0.00;0.00;0.00;0.00;0.00;0.00;0.00;0.00;0.00;0.00;0.00;0.00;0.00;0.00;0.00;0.00;0.00;0.00;0.00;0.00;0.00;0.00;0.00;0.00;0.00;0.00;0.00;0.00;0.00;0.00;0.00;0.00;0.00;0.00;0.00;0.00;0.00;0.00;0.00;0.00;0.00;0.00;0.00;0.00;0.00;0.00;0.00;0.00;0.00;0.00;0.00;0.00;0.00;0.00;0.00;0.00;0.00;0.00;0.00;0.00;0.00;0.00;0.00;0.00;0.00;0.00
2020-02-17 00:00;0.00;0.00;0.00;0.00;0.00;0.00;0.00;0.00;0.00;0.00;0.00;0.00;0.00;0.00;0.00;0.00;0.00;0.00;0.00;0.00;0.00;0.00;0.00;0.00;0.00;0.00;0.00;0.00;0.00;0.00;0.00;0.00;0.00;0.00;0.00;0.00;0.00;0.00;0.00;0.00;0.00;0.00;0.00;0.00;0.00;0.00;0.00;0.00;0.00;0.00;0.00;0.00;0.00;0.00;0.00;0.00;0.00;0.00;0.00;0.00;0.00;0.00;0.00;0.00;0.00;0.00;0.00;0.00;0.00;0.00;0.00;0.00;0.00;0.00;0.00;0.00;0.00;0.00;0.00;0.00;0.00;0.00;0.00;0.00;0.00;0.00;0.00;0.00;0.00;0.00;0.00;0.00;0.00;0.00;0.00;0.00;0.00;0.00;0.00;0.00;0.00;0.00;0.00;0.00;0.00;0.00;0.00;0.00;0.00;0.00;0.00;0.00;0.00;0.00;0.00;0.00;0.00;0.00;0.00;0.00;0.00;0.00;0.00;0.00;0.00;0.00;0.00;0.00;0.00;0.00;0.00;0.00;0.00;0.00;0.00;0.00;0.00;0.00;0.00;0.00;0.00;0.00;0.00;0.00;0.00;0.00;0.00;0.00;0.00;0.00;0.00;0.00;0.00;0.00;0.00;0.00;0.00;0.00;0.00;0.00;0.00;0.00;0.00;0.00;0.00;0.00;0.00;0.00;0.00;0.00;0.00;0.00;0.00;0.00;0.00;0.00;0.00;0.00;0.00;0.00;0.00;0.00;0.00;0.00;0.00;0.00;0.00;0.00;0.00;0.00;0.00;0.00;0.00;0.00;0.00;0.00;0.00;0.00;0.00;0.00;0.00;0.00;0.00;0.00;0.00;0.00;0.00;0.00;0.00;0.00;0.00;0.00;0.00;0.00;0.00;0.00;0.00;0.00;0.00;0.00;0.00;0.00;0.00;0.00;0.00;0.00;0.00;0.00;0.00;0.00;0.00;0.00;0.00;0.00;0.00;0.00;0.00;0.00;0.00;0.00;0.00;0.00;0.00;0.00;0.00;0.00;0.00;0.00;0.00;0.00;0.00;0.00;0.00;0.00;0.00;0.00;0.00;0.00;0.00;0.00;0.00;0.00;0.00;0.00;0.00;0.00;0.00;0.00;0.00;0.00;0.00;0.00;0.00;0.00;0.00;0.00;0.00;0.00;0.00;0.00;0.00;0.00;0.00;0.00;0.00;0.00;0.00;0.00;0.00;0.00;0.00;0.00;0.00;0.00;0.00;0.00;0.00;0.00;0.00;0.00;0.00;0.00;0.00;0.00;0.00;0.00;0.00;0.00;0.00;0.00;0.00;0.00;0.00;0.00;0.00;0.00;0.00;0.00;0.00;0.00;0.00;0.00;0.00;0.00;0.00;0.00;0.00;0.00;0.00;0.00;0.00;0.00;0.00;0.00;0.00;0.00;0.00;0.00;0.00;0.00;0.00;0.00;0.00;0.00;0.00;0.00;0.00;0.00;0.00;0.00;0.00;0.00;0.00;0.00;0.00;0.00;0.00;0.00;0.00;0.00;0.00;0.00;0.00;0.00;0.00;0.00;0.00;0.00;0.00;0.00;0.00;0.00;0.00;0.00;0.00;0.00;0.00;0.00;0.00;0.00;0.00;0.00;0.00;0.00;0.00;0.00;0.00;0.00;0.00;0.00;0.00;0.00;0.00;0.00;0.00;0.00;0.00;0.00;0.00;0.00;0.00;0.00;0.00;0.00;0.00;0.00;0.00;0.00;0.00;0.00;0.00;0.00;0.00;0.00;0.00;0.00;0.00;0.00;0.00;0.00;0.00;0.00;0.00;0.00;0.00;0.00;0.00;0.00;0.00;0.00;0.00;0.00;0.00;0.00;0.00;0.00;0.00;0.00;0.00;0.00;0.00;0.00;0.00;0.00;0.00;0.00;0.00;0.00;0.00;0.00;0.00;0.00;0.00;0.00;0.00;0.00;0.00;0.00;0.00;0.00;0.00;0.00;0.00;0.00;0.00;0.00;0.00;0.00;0.00;0.00;0.00;0.00;0.00;0.00;0.00;0.00;0.00;0.00;0.00;0.00;0.00;0.00;0.00;0.00;0.00;0.00;0.00;0.00;0.00;0.00;0.00;0.00;0.00;0.00;0.00
2020-02-18 00:00;0.00;0.00;0.00;0.00;0.00;0.00;0.00;0.00;0.00;0.00;0.00;0.00;0.00;0.00;0.00;0.00;0.00;0.00;0.00;0.00;0.00;0.00;0.00;0.00;0.00;0.00;0.00;0.00;0.00;0.00;0.00;0.00;0.00;0.00;0.00;0.00;0.00;0.00;0.00;0.00;0.00;0.00;0.00;0.00;0.00;0.00;0.00;0.00;0.00;0.00;0.00;0.00;0.00;0.00;0.00;0.00;0.00;0.00;0.00;0.00;0.00;0.00;0.00;0.00;0.00;0.00;0.00;0.00;0.00;0.00;0.00;0.00;0.00;0.00;0.00;0.00;0.00;0.00;0.00;0.00;0.00;0.00;0.00;0.00;0.00;0.00;0.00;0.00;0.00;0.00;0.00;0.00;0.00;0.00;0.00;0.00;0.00;0.00;0.00;0.00;0.00;0.00;0.00;0.00;0.00;0.00;0.00;0.00;0.00;0.00;0.00;0.00;0.00;0.00;0.00;0.00;0.00;0.00;0.00;0.00;0.00;0.00;0.00;0.00;0.00;0.00;0.00;0.00;0.00;0.00;0.00;0.00;0.00;0.00;0.00;0.00;0.00;0.00;0.00;0.00;0.00;0.00;0.00;0.00;0.00;0.00;0.00;0.00;0.00;0.00;0.00;0.00;0.00;0.00;0.00;0.00;0.00;0.00;0.00;0.00;0.00;0.00;0.00;0.00;0.00;0.00;0.00;0.00;0.00;0.00;0.00;0.00;0.00;0.00;0.00;0.00;0.00;0.00;0.00;0.00;0.00;0.00;0.00;0.00;0.00;0.00;0.00;0.00;0.00;0.00;0.00;0.00;0.00;0.00;0.00;0.00;0.00;0.00;0.00;0.00;0.00;0.00;0.00;0.00;0.00;0.00;0.00;0.00;0.00;0.00;0.00;0.00;0.00;0.00;0.00;0.00;0.00;0.00;0.00;0.00;0.00;0.00;0.00;0.00;0.00;0.00;0.00;0.00;0.00;0.00;0.00;0.00;0.00;0.00;0.00;0.00;0.00;0.00;0.00;0.00;0.00;0.00;0.00;0.00;0.00;0.00;0.00;0.00;0.00;0.00;0.00;0.00;0.00;0.00;0.00;0.00;0.00;0.00;0.00;0.00;0.00;0.00;0.00;0.00;0.00;0.00;0.00;0.00;0.00;0.00;0.00;0.00;0.00;0.00;0.00;0.00;0.00;0.00;0.00;0.00;0.00;0.00;0.00;0.00;0.00;0.00;0.00;0.00;0.00;0.00;0.00;0.00;0.00;0.00;0.00;0.00;0.00;0.00;0.00;0.00;0.00;0.00;0.00;0.00;0.00;0.00;0.00;0.00;0.00;0.00;0.00;0.00;0.00;0.00;0.00;0.00;0.00;0.00;0.00;0.00;0.00;0.00;0.00;0.00;0.00;0.00;0.00;0.00;0.00;0.00;0.00;0.00;0.00;0.00;0.00;0.00;0.00;0.00;0.00;0.00;0.00;0.00;0.00;0.00;0.00;0.00;0.00;0.00;0.00;0.00;0.00;0.00;0.00;0.00;0.00;0.00;0.00;0.00;0.00;0.00;0.00;0.00;0.00;0.00;0.00;0.00;0.00;0.00;0.00;0.00;0.00;0.00;0.00;0.00;0.00;0.00;0.00;0.00;0.00;0.00;0.00;0.00;0.00;0.00;0.00;0.00;0.00;0.00;0.00;0.00;0.00;0.00;0.00;0.00;0.00;0.00;0.00;0.00;0.00;0.00;0.00;0.00;0.00;0.00;0.00;0.00;0.00;0.00;0.00;0.00;0.00;0.00;0.00;0.00;0.00;0.00;0.00;0.00;0.00;0.00;0.00;0.00;0.00;0.00;0.00;0.00;0.00;0.00;0.00;0.00;0.00;0.00;0.00;0.00;0.00;0.00;0.00;0.00;0.00;0.00;0.00;0.00;0.00;0.00;0.00;0.00;0.00;0.00;0.00;0.00;0.00;0.00;0.00;0.00;0.00;0.00;0.00;0.00;0.00;0.00;0.00;0.00;0.00;0.00;0.00;0.00;0.00;0.00;0.00;0.00;0.00;0.00;0.00;0.00;0.00;0.00;0.00;0.00;0.00;0.00;0.00;0.00;0.00;0.00;0.00;0.00;0.00;0.00;0.00;0.00;0.00;0.00;0.00;0.00;0.00
2020-02-19 00:00;0.00;0.00;0.00;0.00;0.00;0.00;0.00;0.00;0.00;0.00;0.00;0.00;0.00;0.00;0.00;0.00;0.00;0.00;0.00;0.00;0.00;0.00;0.00;0.00;0.00;0.00;0.00;0.00;0.00;0.00;0.00;0.00;0.00;0.00;0.00;0.00;0.00;0.00;0.00;0.00;0.00;0.00;0.00;0.00;0.00;0.00;0.00;0.00;0.00;0.00;0.00;0.00;0.00;0.00;0.00;0.00;0.00;0.00;0.00;0.00;0.00;0.00;0.00;0.00;0.00;0.00;0.00;0.00;0.00;0.00;0.00;0.00;0.00;0.00;0.00;0.00;0.00;0.00;0.00;0.00;0.00;0.00;0.00;0.00;0.00;0.00;0.00;0.00;0.00;0.00;0.00;0.00;0.00;0.00;0.00;0.00;0.00;0.00;0.00;0.00;0.00;0.00;0.00;0.00;0.00;0.00;0.00;0.00;0.00;0.00;0.00;0.00;0.00;0.00;0.00;0.00;0.00;0.00;0.00;0.00;0.00;0.00;0.00;0.00;0.00;0.00;0.00;0.00;0.00;0.00;0.00;0.00;0.00;0.00;0.00;0.00;0.00;0.00;0.00;0.00;0.00;0.00;0.00;0.00;0.00;0.00;0.00;0.00;0.00;0.00;0.00;0.00;0.00;0.00;0.00;0.00;0.00;0.00;0.00;0.00;0.00;0.00;0.00;0.00;0.00;0.00;0.00;0.00;0.00;0.00;0.00;0.00;0.00;0.00;0.00;0.00;0.00;0.00;0.00;0.00;0.00;0.00;0.00;0.00;0.00;0.00;0.00;0.00;0.00;0.00;0.00;0.00;0.00;0.00;0.00;0.00;0.00;0.00;0.00;0.00;0.00;0.00;0.00;0.00;0.00;0.00;0.00;0.00;0.00;0.00;0.00;0.00;0.00;0.00;0.00;0.00;0.00;0.00;0.00;0.00;0.00;0.00;0.00;0.00;0.00;0.00;0.00;0.00;0.00;0.00;0.00;0.00;0.00;0.00;0.00;0.00;0.00;0.00;0.00;0.00;0.00;0.00;0.00;0.00;0.00;0.00;0.00;0.00;0.00;0.00;0.00;0.00;0.00;0.00;0.00;0.00;0.00;0.00;0.00;0.00;0.00;0.00;0.00;0.00;0.00;0.00;0.00;0.00;0.00;0.00;0.00;0.00;0.00;0.00;0.00;0.00;0.00;0.00;0.00;0.00;0.00;0.00;0.00;0.00;0.00;0.00;0.00;0.00;0.00;0.00;0.00;0.00;0.00;0.00;0.00;0.00;0.00;0.00;0.00;0.00;0.00;0.00;0.00;0.00;0.00;0.00;0.00;0.00;0.00;0.00;0.00;0.00;0.00;0.00;0.00;0.00;0.00;0.00;0.00;0.00;0.00;0.00;0.00;0.00;0.00;0.00;0.00;0.00;0.00;0.00;0.00;0.00;0.00;0.00;0.00;0.00;0.00;0.00;0.00;0.00;0.00;0.00;0.00;0.00;0.00;0.00;0.00;0.00;0.00;0.00;0.00;0.00;0.00;0.00;0.00;0.00;0.00;0.00;0.00;0.00;0.00;0.00;0.00;0.00;0.00;0.00;0.00;0.00;0.00;0.00;0.00;0.00;0.00;0.00;0.00;0.00;0.00;0.00;0.00;0.00;0.00;0.00;0.00;0.00;0.00;0.00;0.00;0.00;0.00;0.00;0.00;0.00;0.00;0.00;0.00;0.00;0.00;0.00;0.00;0.00;0.00;0.00;0.00;0.00;0.00;0.00;0.00;0.00;0.00;0.00;0.00;0.00;0.00;0.00;0.00;0.00;0.00;0.00;0.00;0.00;0.00;0.00;0.00;0.00;0.00;0.00;0.00;0.00;0.00;0.00;0.00;0.00;0.00;0.00;0.00;0.00;0.00;0.00;0.00;0.00;0.00;0.00;0.00;0.00;0.00;0.00;0.00;0.00;0.00;0.00;0.00;0.00;0.00;0.00;0.00;0.00;0.00;0.00;0.00;0.00;0.00;0.00;0.00;0.00;0.00;0.00;0.00;0.00;0.00;0.00;0.00;0.00;0.00;0.00;0.00;0.00;0.00;0.00;0.00;0.00;0.00;0.00;0.00;0.00;0.00;0.00;0.00;0.00;0.00;0.00;0.00;0.00;0.00;0.00;0.00
2020-02-20 00:00;0.00;0.00;0.00;0.00;0.00;0.00;0.00;0.00;0.00;0.00;0.00;0.00;0.00;0.00;0.00;0.00;0.00;0.00;0.00;0.00;0.00;0.00;0.00;0.00;0.00;0.00;0.00;0.00;0.00;0.00;0.00;0.00;0.00;0.00;0.00;0.00;0.00;0.00;0.00;0.00;0.00;0.00;0.00;0.00;0.00;0.00;0.00;0.00;0.00;0.00;0.00;0.00;0.00;0.00;0.00;0.00;0.00;0.00;0.00;0.00;0.00;0.00;0.00;0.00;0.00;0.00;0.00;0.00;0.00;0.00;0.00;0.00;0.00;0.00;0.00;0.00;0.00;0.00;0.00;0.00;0.00;0.00;0.00;0.00;0.00;0.00;0.00;0.00;0.00;0.00;0.00;0.00;0.00;0.00;0.00;0.00;0.00;0.00;0.00;0.00;0.00;0.00;0.00;0.00;0.00;0.00;0.00;0.00;0.00;0.00;0.00;0.00;0.00;0.00;0.00;0.00;0.00;0.00;0.00;0.00;0.00;0.00;0.00;0.00;0.00;0.00;0.00;0.00;0.00;0.00;0.00;0.00;0.00;0.00;0.00;0.00;0.00;0.00;0.00;0.00;0.00;0.00;0.00;0.00;0.00;0.00;0.00;0.00;0.00;0.00;0.00;0.00;0.00;0.00;0.00;0.00;0.00;0.00;0.00;0.00;0.00;0.00;0.00;0.00;0.00;0.00;0.00;0.00;0.00;0.00;0.00;0.00;0.00;0.00;0.00;0.00;0.00;0.00;0.00;0.00;0.00;0.00;0.00;0.00;0.00;0.00;0.00;0.00;0.00;0.00;0.00;0.00;0.00;0.00;0.00;0.00;0.00;0.00;0.00;0.00;0.00;0.00;0.00;0.00;0.00;0.00;0.00;0.00;0.00;0.00;0.00;0.00;0.00;0.00;0.00;0.00;0.00;0.00;0.00;0.00;0.00;0.00;0.00;0.00;0.00;0.00;0.00;0.00;0.00;0.00;0.00;0.00;0.00;0.00;0.00;0.00;0.00;0.00;0.00;0.00;0.00;0.00;0.00;0.00;0.00;0.00;0.00;0.00;0.00;0.00;0.00;0.00;0.00;0.00;0.00;0.00;0.00;0.00;0.00;0.00;0.00;0.00;0.00;0.00;0.00;0.00;0.00;0.00;0.00;0.00;0.00;0.00;0.00;0.00;0.00;0.00;0.00;0.00;0.00;0.00;0.00;0.00;0.00;0.00;0.00;0.00;0.00;0.00;0.00;0.00;0.00;0.00;0.00;0.00;0.00;0.00;0.00;0.00;0.00;0.00;0.00;0.00;0.00;0.00;0.00;0.00;0.00;0.00;0.00;0.00;0.00;0.00;0.00;0.00;0.00;0.00;0.00;0.00;0.00;0.00;0.00;0.00;0.00;0.00;0.00;0.00;0.00;0.00;0.00;0.00;0.00;0.00;0.00;0.00;0.00;0.00;0.00;0.00;0.00;0.00;0.00;0.00;0.00;0.00;0.00;0.00;0.00;0.00;0.00;0.00;0.00;0.00;0.00;0.00;0.00;0.00;0.00;0.00;0.00;0.00;0.00;0.00;0.00;0.00;0.00;0.00;0.00;0.00;0.00;0.00;0.00;0.00;0.00;0.00;0.00;0.00;0.00;0.00;0.00;0.00;0.00;0.00;0.00;0.00;0.00;0.00;0.00;0.00;0.00;0.00;0.00;0.00;0.00;0.00;0.00;0.00;0.00;0.00;0.00;0.00;0.00;0.00;0.00;0.00;0.00;0.00;0.00;0.00;0.00;0.00;0.00;0.00;0.00;0.00;0.00;0.00;0.00;0.00;0.00;0.00;0.00;0.00;0.00;0.00;0.00;0.00;0.00;0.00;0.00;0.00;0.00;0.00;0.00;0.00;0.00;0.00;0.00;0.00;0.00;0.00;0.00;0.00;0.00;0.00;0.00;0.00;0.00;0.00;0.00;0.00;0.00;0.00;0.00;0.00;0.00;0.00;0.00;0.00;0.00;0.00;0.00;0.00;0.00;0.00;0.00;0.00;0.00;0.00;0.00;0.00;0.00;0.00;0.00;0.00;0.00;0.00;0.00;0.00;0.00;0.00;0.00;0.00;0.00;0.00;0.00;0.00;0.00;0.00;0.00;0.00;0.00;0.00;0.00;0.00;0.00
2020-02-21 00:00;0.00;0.00;0.00;0.00;0.00;0.00;0.00;0.00;0.00;0.00;0.00;0.00;0.00;0.00;0.00;0.00;0.00;0.00;0.00;0.00;0.00;0.00;0.00;0.00;0.00;0.00;0.00;0.00;0.00;0.00;0.00;0.00;0.00;0.00;0.00;0.00;0.00;0.00;0.00;0.00;0.00;0.00;0.00;0.00;0.00;0.00;0.00;0.00;0.00;0.00;0.00;0.00;0.00;0.00;0.00;0.00;0.00;0.00;0.00;0.00;0.00;0.00;0.00;0.00;0.00;0.00;0.00;0.00;0.00;0.00;0.00;0.00;0.00;0.00;0.00;0.00;0.00;0.00;0.00;0.00;0.00;0.00;0.00;0.00;0.00;0.00;0.00;0.00;0.00;0.00;0.00;0.00;0.00;0.00;0.00;0.00;0.00;0.00;0.00;0.00;0.00;0.00;0.00;0.00;0.00;0.00;0.00;0.00;0.00;0.00;0.00;0.00;0.00;0.00;0.00;0.00;0.00;0.00;0.00;0.00;0.00;0.00;0.00;0.00;0.00;0.00;0.00;0.00;0.00;0.00;0.00;0.00;0.00;0.00;0.00;0.00;0.00;0.00;0.00;0.00;0.00;0.00;0.00;0.00;0.00;0.00;0.00;0.00;0.00;0.00;0.00;0.00;0.00;0.00;0.00;0.00;0.00;0.00;0.00;0.00;0.00;0.00;0.00;0.00;0.00;0.00;0.00;0.00;0.00;0.00;0.00;0.00;0.00;0.00;0.00;0.00;0.00;0.00;0.00;0.00;0.00;0.00;0.00;0.00;0.00;0.00;0.00;0.00;0.00;0.00;0.00;0.00;0.00;0.00;0.00;0.00;0.00;0.00;0.00;0.00;0.00;0.00;0.00;0.00;0.00;0.00;0.00;0.00;0.00;0.00;0.00;0.00;0.00;0.00;0.00;0.00;0.00;0.00;0.00;0.00;0.00;0.00;0.00;0.00;0.00;0.00;0.00;0.00;0.00;0.00;0.00;0.00;0.00;0.00;0.00;0.00;0.00;0.00;0.00;0.00;0.00;0.00;0.00;0.00;0.00;0.00;0.00;0.00;0.00;0.00;0.00;0.00;0.00;0.00;0.00;0.00;0.00;0.00;0.00;0.00;0.00;0.00;0.00;0.00;0.00;0.00;0.00;0.00;0.00;0.00;0.00;0.00;0.00;0.00;0.00;0.00;0.00;0.00;0.00;0.00;0.00;0.00;0.00;0.00;0.00;0.00;0.00;0.00;0.00;0.00;0.00;0.00;0.00;0.00;0.00;0.00;0.00;0.00;0.00;0.00;0.00;0.00;0.00;0.00;0.00;0.00;0.00;0.00;0.00;0.00;0.00;0.00;0.00;0.00;0.00;0.00;0.00;0.00;0.00;0.00;0.00;0.00;0.00;0.00;0.00;0.00;0.00;0.00;0.00;0.00;0.00;0.00;0.00;0.00;0.00;0.00;0.00;0.00;0.00;0.00;0.00;0.00;0.00;0.00;0.00;0.00;0.00;0.00;0.00;0.00;0.00;0.00;0.00;0.00;0.00;0.00;0.00;0.00;0.00;0.00;0.00;0.00;0.00;0.00;0.00;0.00;0.00;0.00;0.00;0.00;0.00;0.00;0.00;0.00;0.00;0.00;0.00;0.00;0.00;0.00;0.00;0.00;0.00;0.00;0.00;0.00;0.00;0.00;0.00;0.00;0.00;0.00;0.00;0.00;0.00;0.00;0.00;0.00;0.00;0.00;0.00;0.00;0.00;0.00;0.00;0.00;0.00;0.00;0.00;0.00;0.00;0.00;0.00;0.00;0.00;0.00;0.00;0.00;0.00;0.00;0.00;0.00;0.00;0.00;0.00;0.00;0.00;0.00;0.00;0.00;0.00;0.00;0.00;0.00;0.00;0.00;0.00;0.00;0.00;0.00;0.00;0.00;0.00;0.00;0.00;0.00;0.00;0.00;0.00;0.00;0.00;0.00;0.00;0.00;0.00;0.00;0.00;0.00;0.00;0.00;0.00;0.00;0.00;0.00;0.00;0.00;0.00;0.00;0.00;0.00;0.00;0.00;0.00;0.00;0.00;0.00;0.00;0.00;0.00;0.00;0.00;0.00;0.00;0.00;0.00;0.00;0.00;0.00;0.00;0.00;0.00;0.00;0.00;0.00;0.00
2020-02-22 00:00;0.00;0.00;0.00;0.00;0.00;0.00;0.00;0.00;0.00;0.00;0.00;0.00;0.00;0.00;0.00;0.00;0.00;0.00;0.00;0.00;0.00;0.00;0.00;0.00;0.00;0.00;0.00;0.00;0.00;0.00;0.00;0.00;0.00;0.00;0.00;0.00;0.00;0.00;0.00;0.00;0.00;0.00;0.00;0.00;0.00;0.00;0.00;0.00;0.00;0.00;0.00;0.00;0.00;0.00;0.00;0.00;0.00;0.00;0.00;0.00;0.00;0.00;0.00;0.00;0.00;0.00;0.00;0.00;0.00;0.00;0.00;0.00;0.00;0.00;0.00;0.00;0.00;0.00;0.00;0.00;0.00;0.00;0.00;0.00;0.00;0.00;0.00;0.00;0.00;0.00;0.00;0.00;0.00;0.00;0.00;0.00;0.00;0.00;0.00;0.00;0.00;0.00;0.00;0.00;0.00;0.00;0.00;0.00;0.00;0.00;0.00;0.00;0.00;0.00;0.00;0.00;0.00;0.00;0.00;0.00;0.00;0.00;0.00;0.00;0.00;0.00;0.00;0.00;0.00;0.00;0.00;0.00;0.00;0.00;0.00;0.00;0.00;0.00;0.00;0.00;0.00;0.00;0.00;0.00;0.00;0.00;0.00;0.00;0.00;0.00;0.00;0.00;0.00;0.00;0.00;0.00;0.00;0.00;0.00;0.00;0.00;0.00;0.00;0.00;0.00;0.00;0.00;0.00;0.00;0.00;0.00;0.00;0.00;0.00;0.00;0.00;0.00;0.00;0.00;0.00;0.00;0.00;0.00;0.00;0.00;0.00;0.00;0.00;0.00;0.00;0.00;0.00;0.00;0.00;0.00;0.00;0.00;0.00;0.00;0.00;0.00;0.00;0.00;0.00;0.00;0.00;0.00;0.00;0.00;0.00;0.00;0.00;0.00;0.00;0.00;0.00;0.00;0.00;0.00;0.00;0.00;0.00;0.00;0.00;0.00;0.00;0.00;0.00;0.00;0.00;0.00;0.00;0.00;0.00;0.00;0.00;0.00;0.00;0.00;0.00;0.00;0.00;0.00;0.00;0.00;0.00;0.00;0.00;0.00;0.00;0.00;0.00;0.00;0.00;0.00;0.00;0.00;0.00;0.00;0.00;0.00;0.00;0.00;0.00;0.00;0.00;0.00;0.00;0.00;0.00;0.00;0.00;0.00;0.00;0.00;0.00;0.00;0.00;0.00;0.00;0.00;0.00;0.00;0.00;0.00;0.00;0.00;0.00;0.00;0.00;0.00;0.00;0.00;0.00;0.00;0.00;0.00;0.00;0.00;0.00;0.00;0.00;0.00;0.00;0.00;0.00;0.00;0.00;0.00;0.00;0.00;0.00;0.00;0.00;0.00;0.00;0.00;0.00;0.00;0.00;0.00;0.00;0.00;0.00;0.00;0.00;0.00;0.00;0.00;0.00;0.00;0.00;0.00;0.00;0.00;0.00;0.00;0.00;0.00;0.00;0.00;0.00;0.00;0.00;0.00;0.00;0.00;0.00;0.00;0.00;0.00;0.00;0.00;0.00;0.00;0.00;0.00;0.00;0.00;0.00;0.00;0.00;0.00;0.00;0.00;0.00;0.00;0.00;0.00;0.00;0.00;0.00;0.00;0.00;0.00;0.00;0.00;0.00;0.00;0.00;0.00;0.00;0.00;0.00;0.00;0.00;0.00;0.00;0.00;0.00;0.00;0.00;0.00;0.00;0.00;0.00;0.00;0.00;0.00;0.00;0.00;0.00;0.00;0.00;0.00;0.00;0.00;0.00;0.00;0.00;0.00;0.00;0.00;0.00;0.00;0.00;0.00;0.00;0.00;0.00;0.00;0.00;0.00;0.00;0.00;0.00;0.00;0.00;0.00;0.00;0.00;0.00;0.00;0.00;0.00;0.00;0.00;0.00;0.00;0.00;0.00;0.00;0.00;0.00;0.00;0.00;0.00;0.00;0.00;0.00;0.00;0.00;0.00;0.00;0.00;0.00;0.00;0.00;0.00;0.00;0.00;0.00;0.00;0.00;0.00;0.00;0.00;0.00;0.00;0.00;0.00;0.00;0.00;0.00;0.00;0.00;0.00;0.00;0.00;0.00;0.00;0.00;0.00;0.00;0.00;0.00;0.00;0.00;0.00;0.00;0.00;0.00;0.00;0.00;0.00
2020-02-23 00:00;0.00;0.00;0.00;0.00;0.00;0.00;0.00;0.00;0.00;0.00;0.00;0.00;0.00;0.00;0.00;0.00;0.00;0.00;0.00;0.00;0.00;0.00;0.00;0.00;0.00;0.00;0.00;0.00;0.00;0.00;0.00;0.00;0.00;0.00;0.00;0.00;0.00;0.00;0.00;0.00;0.00;0.00;0.00;0.00;0.00;0.00;0.00;0.00;0.00;0.00;0.00;0.00;0.00;0.00;0.00;0.00;0.00;0.00;0.00;0.00;0.00;0.00;0.00;0.00;0.00;0.00;0.00;0.00;0.00;0.00;0.00;0.00;0.00;0.00;0.00;0.00;0.00;0.00;0.00;0.00;0.00;0.00;0.00;0.00;0.00;0.00;0.00;0.00;0.00;0.00;0.00;0.00;0.00;0.00;0.00;0.00;0.00;0.00;0.00;0.00;0.19;0.00;0.00;0.00;0.00;0.00;0.00;0.48;0.00;0.00;0.00;0.00;0.00;0.00;0.04;2.04;8.10;2.06;1.34;1.92;0.33;1.48;0.00;4.64;2.95;0.28;0.09;0.00;1.45;2.46;2.20;1.27;1.02;2.50;0.22;0.42;0.47;2.43;1.53;4.66;0.99;0.16;1.93;0.85;1.52;3.45;0.83;1.81;0.08;0.30;0.22;1.76;1.15;1.74;1.91;1.94;0.12;0.58;5.84;2.26;2.39;0.37;0.47;0.43;0.98;0.60;0.63;0.20;0.05;1.07;0.41;0.00;0.36;0.00;0.00;0.57;0.00;0.30;1.00;0.71;0.06;0.48;0.00;0.71;0.57;1.79;0.24;2.59;0.45;0.45;0.31;0.35;0.16;0.21;0.00;0.00;0.14;0.28;0.04;0.26;0.00;0.20;0.19;0.20;0.13;0.52;2.25;1.02;0.49;0.00;0.00;0.00;0.00;0.46;0.22;1.28;0.14;0.27;0.08;0.20;0.59;0.34;0.00;0.45;0.18;0.29;0.21;0.42;0.01;0.20;0.42;0.46;0.13;0.32;0.00;0.10;0.00;0.15;0.02;0.37;0.00;0.04;0.07;0.06;0.43;0.04;1.42;0.57;0.00;1.30;0.38;0.05;0.32;0.00;0.29;0.00;0.32;0.20;0.24;0.00;0.00;0.00;0.00;0.00;0.68;0.00;0.00;0.17;0.00;0.05;0.00;0.67;0.00;0.26;0.26;0.38;0.73;0.22;0.00;0.22;0.30;0.47;0.00;0.00;0.00;0.00;0.00;0.00;0.00;0.22;0.05;0.32;0.60;0.41;0.00;0.54;0.48;0.00;0.00;0.00;0.42;0.00;0.31;0.00;0.11;0.17;0.56;0.00;0.36;0.02;0.41;0.14;0.40;0.92;0.45;0.19;0.00;0.00;0.26;0.00;0.00;0.00;0.18;0.20;0.03;0.00;0.05;0.00;1.90;0.00;0.30;0.17;0.00;0.00;0.00;0.00;0.00;0.00;0.00;0.12;0.00;0.23;0.17;0.09;0.39;0.57;1.07;0.28;1.08;0.32;0.57;2.35;0.00;5.49;5.83;8.02;8.44;0.38;9.82;0.08;1.90;0.06;0.00;0.00;0.00;0.00;0.08;0.00;0.00;0.00;0.21;0.62;0.00;6.99;0.00;0.39;0.00;0.42;0.32;0.27;0.15;8.61;0.00;0.33;0.00;0.00;0.13;0.21;0.15;0.00;0.19;0.01;0.18;0.66;0.06;0.00;1.16;0.16;0.49;0.18;0.21;0.00;1.41;0.31;0.01;0.00;0.00;0.73;0.21;0.41;0.00;0.22;0.13;0.30;0.06;0.21;0.18;0.49;0.43;0.00;0.34;0.30;0.22;0.28;0.18;0.15;0.37;0.00;4.89;1.40;2.08;1.18;0.37;0.20;0.21;0.21;0.00;0.77;0.29;0.53;0.15;1.26;0.86;1.84;0.07;0.13;0.00;0.50;0.43;0.00;0.63;0.23;0.28;0.43;1.61;0.88;0.00;0.00;0.00;0.00;0.00;1.53;0.00;0.00;0.00;0.00;0.00;0.00;0.00;0.00;0.00;0.00;0.02;0.63;0.00;0.00;0.00;0.00;0.00;0.13;0.00;0.00;0.00;0.00;0.00;0.00;0.00;0.00;0.00;0.00;0.00;0.00;0.00;0.00;0.00
2020-02-24 00:00;18.47;6.83;7.21;7.35;19.13;15.72;2.50;4.38;7.23;3.74;1.39;17.43;11.36;18.39;0.71;9.39;9.67;4.15;2.20;0.25;0.00;5.28;5.62;0.00;0.12;1.36;6.02;11.40;0.24;0.56;0.00;1.46;1.44;0.18;0.32;0.00;19.93;3.68;5.69;0.29;0.33;0.00;8.47;5.75;14.74;5.71;4.36;2.94;0.33;12.07;7.22;21.91;8.16;0.99;0.82;0.00;0.00;0.50;0.00;10.22;8.06;0.00;18.92;0.39;18.55;7.14;19.13;18.10;22.19;1.26;15.05;18.23;21.17;4.62;0.55;2.32;9.60;0.00;0.13;0.00;8.76;2.84;0.15;0.38;0.00;20.44;2.21;7.49;0.00;12.40;0.00;6.44;1.74;2.33;0.00;5.74;1.92;2.24;0.16;5.87;20.20;9.02;6.59;10.46;10.22;9.46;8.20;22.84;10.99;11.36;12.36;8.87;14.76;11.48;25.06;25.19;32.41;26.46;31.48;27.04;29.33;30.39;30.20;32.27;27.28;29.63;27.70;30.34;30.68;24.06;31.25;29.23;28.53;23.69;29.16;30.05;29.71;32.27;26.09;33.71;27.41;29.08;26.70;30.10;31.60;25.87;30.03;27.11;27.60;29.13;29.44;31.72;25.52;30.15;25.41;28.17;27.47;26.82;31.79;25.34;30.81;21.45;28.94;25.12;22.61;29.74;26.27;27.60;28.79;21.72;23.02;0.00;0.94;0.00;0.00;0.98;0.00;0.83;23.76;1.45;0.15;1.44;0.00;1.98;1.82;4.97;0.88;7.38;1.28;1.19;0.77;1.08;0.44;0.61;0.00;0.00;0.37;0.86;0.18;0.91;0.00;0.59;0.48;0.62;0.52;1.56;6.92;2.60;1.53;12.19;6.48;0.00;0.00;2.62;0.62;3.88;0.43;0.77;0.24;0.56;1.87;9.46;0.00;1.28;0.53;0.77;0.61;1.17;0.04;0.59;1.22;1.46;0.40;1.48;0.00;0.39;0.00;0.55;0.20;1.06;0.00;0.10;0.61;0.18;1.24;0.11;4.13;1.85;0.00;3.68;0.97;0.16;0.93;0.00;0.81;0.00;0.73;0.57;0.72;0.00;0.00;0.00;0.00;0.00;1.98;0.00;0.00;0.34;0.00;0.11;0.00;2.03;0.00;0.67;0.95;1.07;2.21;0.62;0.00;0.77;0.91;1.43;0.00;0.00;0.00;0.00;0.00;0.00;0.00;0.43;0.58;0.60;1.73;1.18;0.00;1.60;1.38;0.00;0.00;0.00;1.13;0.00;0.65;0.00;0.21;0.35;1.65;0.00;1.02;0.10;1.10;0.40;1.16;2.66;1.33;0.38;0.00;0.00;0.43;0.00;0.00;0.00;0.57;0.55;0.09;0.00;0.13;0.00;5.26;0.00;1.65;0.50;0.00;0.00;0.00;0.00;0.00;0.00;0.00;0.28;0.00;0.73;0.53;0.28;1.14;1.71;3.24;0.83;3.17;0.56;1.72;6.93;0.00;16.41;17.55;27.20;25.03;0.63;29.35;0.22;5.72;2.24;0.00;0.00;0.00;0.00;0.91;0.70;0.00;0.00;0.61;1.78;0.00;25.56;0.00;0.76;0.00;1.24;0.76;0.78;0.47;28.14;0.00;0.65;0.00;0.00;1.26;0.58;0.43;0.10;0.57;0.02;0.38;1.94;0.21;0.00;4.46;0.48;1.49;0.52;0.60;0.00;3.99;0.85;0.53;0.00;0.01;1.89;0.56;1.11;0.00;0.61;0.36;0.91;0.49;0.57;0.57;1.47;1.16;0.00;1.02;0.80;0.63;0.85;0.40;29.79;27.88;29.06;30.37;22.60;31.28;27.40;30.08;26.76;27.68;27.33;22.66;2.36;28.26;28.90;29.64;30.21;29.70;31.27;30.34;29.66;30.27;28.66;28.37;30.26;30.77;27.82;26.36;25.34;30.89;30.62;9.59;15.72;14.71;10.45;8.28;26.51;10.17;6.70;20.00;10.02;9.29;16.35;0.00;1.92;2.72;3.00;2.22;27.13;0.07;0.23;1.61;0.00;0.55;2.52;0.21;2.95;1.11;2.25;6.51;0.50;19.10;4.67;8.18;1.30;0.70;0.93;3.23;0.00;5.01
2020-02-25 00:00;4.94;2.28;1.74;2.25;5.16;4.35;0.63;1.19;1.94;1.02;0.52;4.71;3.13;5.20;0.19;2.64;2.71;1.11;0.60;0.07;0.00;1.39;1.51;0.00;0.03;0.86;1.56;3.08;0.07;0.15;0.00;0.39;0.38;0.05;0.09;0.00;4.85;0.99;1.51;0.08;0.09;0.00;2.29;1.49;3.91;1.51;1.16;0.80;0.11;3.29;1.94;5.84;2.21;0.27;0.22;0.00;0.00;0.14;0.00;2.74;2.23;0.00;5.12;0.11;5.04;1.96;5.14;4.96;5.89;0.37;4.04;4.95;5.70;1.25;0.15;0.63;2.63;0.00;0.03;0.00;2.35;0.75;0.04;0.10;0.00;5.25;0.60;2.01;0.00;3.33;0.00;1.67;0.47;0.62;0.00;1.47;0.52;0.55;0.06;4.04;10.44;5.22;4.89;5.66;5.20;5.60;5.31;11.37;5.54;5.34;5.68;5.12;5.63;5.33;8.40;9.70;16.04;14.15;15.71;14.34;14.97;15.26;14.83;15.80;14.27;15.03;14.73;14.86;15.53;13.47;15.59;14.86;14.82;14.75;15.02;15.17;15.01;15.84;14.07;16.60;14.32;15.68;14.99;15.12;16.01;13.99;15.30;14.27;14.72;15.05;14.93;15.79;14.25;15.60;14.66;14.50;15.33;13.99;15.94;14.77;15.44;14.77;14.76;13.35;13.09;15.14;14.47;14.34;14.57;12.16;14.01;0.00;0.57;0.00;0.00;2.01;0.00;2.94;12.60;3.31;0.08;0.76;0.00;1.03;0.94;2.73;0.44;5.53;0.66;0.72;0.44;0.56;0.23;0.33;0.00;0.11;0.21;0.44;0.10;0.45;0.00;0.30;0.28;0.31;0.32;0.83;5.50;7.18;6.44;14.44;14.09;6.26;1.00;11.14;6.02;8.06;0.57;3.17;0.12;0.50;1.23;14.01;0.00;0.79;0.27;0.41;0.33;0.60;0.02;0.30;0.63;1.01;0.20;2.50;0.00;1.26;0.44;0.31;0.99;0.98;2.11;0.05;0.48;0.50;4.18;8.24;6.19;0.94;0.00;5.26;0.70;0.08;2.03;0.00;1.11;0.00;2.39;0.60;0.36;2.29;0.21;0.19;0.00;0.00;4.46;0.22;0.00;0.46;0.26;0.17;0.00;1.03;0.00;0.48;2.34;0.57;6.57;4.82;0.64;8.84;0.47;4.87;0.22;0.41;1.27;1.81;0.00;0.00;0.40;0.75;0.41;1.61;1.07;1.06;0.00;4.39;0.69;0.38;0.00;0.00;0.63;0.00;0.46;0.00;0.11;0.21;0.84;0.00;0.53;0.05;0.96;0.22;0.61;5.67;1.17;0.32;0.00;0.00;0.34;0.00;0.00;0.00;0.30;0.30;0.04;0.00;0.07;0.00;5.42;0.00;2.95;0.25;0.00;0.00;0.00;0.00;0.00;0.00;0.00;0.14;0.00;0.36;0.27;0.14;0.57;1.29;5.61;0.43;3.47;0.39;1.49;6.86;0.00;11.26;10.63;14.07;14.48;0.51;15.05;0.11;6.89;4.58;0.90;1.40;1.35;1.40;1.20;0.66;1.40;0.00;0.70;3.97;2.58;13.42;0.00;0.71;0.00;1.19;0.62;0.39;0.23;14.37;0.00;0.57;0.00;0.00;1.11;0.30;0.22;0.05;0.29;0.01;0.24;3.31;0.11;0.00;12.71;0.24;0.75;0.26;7.30;0.00;2.39;0.49;0.63;0.00;0.01;1.36;0.29;0.64;0.00;0.33;0.19;0.47;0.40;0.34;0.29;0.79;2.88;0.00;0.52;0.48;0.34;0.43;0.35;15.17;14.65;14.72;15.28;13.97;15.57;14.47;15.00;14.44;14.53;14.75;14.07;2.90;14.58;14.78;14.71;15.15;15.13;15.14;14.83;14.71;14.82;14.67;14.71;14.83;14.94;14.73;14.90;12.60;14.98;14.94;5.48;5.86;8.16;5.54;5.34;11.85;5.50;5.40;5.67;5.46;5.41;5.52;0.00;0.52;0.77;0.83;0.77;13.26;0.02;0.06;0.44;0.00;0.15;1.12;0.06;0.80;0.72;0.61;1.76;1.48;5.20;1.26;2.37;0.50;0.19;0.26;0.88;0.00;1.37
2020-02-26 00:00;0.30;0.24;0.00;0.18;0.33;0.29;0.02;0.07;0.13;0.07;0.04;0.29;0.22;0.36;0.01;0.18;0.20;0.06;0.04;0.00;0.00;0.08;0.08;0.00;0.00;0.08;0.08;0.16;0.00;0.01;0.00;0.03;0.02;0.00;0.01;0.00;0.00;0.06;0.05;0.01;0.01;0.00;0.15;0.06;0.26;0.05;0.08;0.05;0.01;0.23;0.10;0.39;0.15;0.02;0.01;0.00;0.00;0.01;0.00;0.17;0.13;0.00;0.35;0.01;0.34;0.11;0.34;0.31;0.39;0.03;0.27;0.32;0.38;0.08;0.01;0.04;0.15;0.00;0.00;0.00;0.16;0.00;0.00;0.01;0.00;0.19;0.04;0.12;0.00;0.18;0.00;0.07;0.03;0.03;0.00;0.05;0.04;0.00;0.00;0.05;0.02;0.03;0.02;0.06;0.05;0.01;0.02;0.06;0.05;0.07;0.08;0.04;0.14;0.09;0.31;0.34;2.41;1.73;1.97;1.79;1.89;1.99;1.90;2.24;1.84;1.90;1.70;1.91;1.93;1.61;2.02;1.92;1.79;1.33;1.84;1.87;1.93;2.09;1.70;2.27;1.75;1.66;1.72;1.96;1.94;1.79;1.91;1.79;1.68;1.84;1.90;2.00;1.68;1.89;1.64;1.92;1.62;2.00;2.25;1.50;2.05;1.17;1.93;1.92;1.64;1.91;1.67;1.75;1.79;1.86;1.45;0.00;0.10;0.00;0.00;0.18;0.00;0.92;1.94;0.29;0.01;0.13;0.00;0.19;0.14;0.49;0.05;1.08;0.19;0.13;0.09;0.08;0.04;0.05;0.00;0.04;0.03;0.06;0.01;0.06;0.00;0.05;0.05;0.04;0.05;0.14;0.99;1.25;0.11;1.43;1.09;1.20;1.26;0.40;1.33;0.31;0.10;1.14;0.02;0.11;0.22;0.98;0.00;0.18;0.05;0.07;0.05;0.10;0.00;0.05;0.19;0.13;0.03;0.69;0.02;1.09;0.60;0.14;0.87;0.14;1.17;0.01;0.08;0.72;0.87;0.97;0.32;0.15;0.03;1.37;0.19;0.01;1.16;0.00;1.22;0.00;1.20;0.14;0.10;0.83;0.12;0.12;0.10;0.00;0.22;0.11;0.00;0.16;0.09;0.10;0.00;0.16;0.07;0.10;0.09;0.09;0.21;0.91;1.20;1.10;0.17;0.47;0.10;0.09;0.74;0.91;0.01;0.00;1.12;0.24;0.15;0.76;0.23;0.43;0.00;0.24;0.19;0.09;0.00;0.00;0.11;0.00;0.09;0.00;0.03;0.09;0.15;0.00;0.18;0.01;0.19;0.04;0.10;0.21;0.19;0.05;0.00;0.00;0.04;0.00;0.00;0.00;0.05;0.05;0.01;0.00;0.01;0.00;0.51;0.00;0.37;0.06;0.00;0.00;0.00;0.00;0.00;0.00;0.00;0.02;0.00;0.06;0.04;0.02;0.10;0.23;0.24;0.14;1.10;0.08;0.77;0.59;0.00;1.43;1.55;2.15;2.10;0.14;2.30;0.10;0.45;2.63;1.38;2.73;2.66;2.73;0.87;0.18;2.73;0.00;0.13;0.14;0.10;2.52;0.17;0.14;0.00;0.19;0.15;0.06;0.04;1.97;0.00;0.11;0.00;0.00;0.27;0.06;0.03;0.06;0.05;0.00;0.12;1.28;0.01;0.00;0.27;0.05;0.12;0.89;0.74;0.05;0.41;0.09;0.16;0.00;0.00;0.32;0.05;0.11;0.00;0.05;0.03;0.08;0.09;0.06;0.05;0.23;0.93;0.00;0.13;0.09;0.06;0.06;0.08;1.82;1.81;1.80;2.15;1.45;2.01;1.82;1.89;1.74;1.80;1.74;1.40;0.94;1.84;1.88;1.89;1.98;1.93;2.07;1.91;1.89;1.91;1.88;1.86;1.91;1.97;1.78;1.90;0.90;2.01;1.97;0.01;0.13;0.00;0.03;0.01;0.61;0.02;0.00;0.30;0.01;0.01;0.17;0.00;0.04;0.05;0.06;0.04;1.27;0.00;0.00;0.03;0.00;0.01;0.08;0.00;0.05;0.07;0.04;0.12;0.38;0.35;0.09;0.19;0.04;0.01;0.02;0.07;0.00;0.09
2020-02-27 00:00;2.94;1.67;0.99;1.40;3.08;2.76;0.36;0.78;1.15;0.63;0.30;3.04;1.97;3.45;0.12;1.73;1.73;0.75;0.38;0.04;0.00;0.84;1.01;0.00;0.02;0.53;0.95;2.10;0.04;0.10;0.00;0.23;0.24;0.03;0.05;0.00;3.05;0.62;1.05;0.05;0.05;0.00;1.45;0.95;2.36;1.06;0.71;0.51;0.05;2.13;1.32;3.56;1.42;0.17;0.14;0.00;0.00;0.08;0.00;1.71;1.58;0.00;3.25;0.07;3.22;1.39;3.21;3.33;3.56;0.24;2.51;3.24;3.56;0.79;0.09;0.40;1.84;0.00;0.02;0.00;1.46;0.63;0.02;0.06;0.00;3.30;0.37;1.31;0.00;2.23;0.00;1.08;0.30;0.40;0.00;0.94;0.33;0.35;0.02;2.42;2.07;2.87;2.70;2.84;2.97;2.82;2.85;2.26;3.01;2.93;3.02;2.86;3.22;2.97;3.05;2.60;1.41;1.01;0.94;1.02;0.98;1.05;1.03;1.22;1.09;0.98;0.87;1.03;0.90;1.02;1.04;1.04;0.94;0.65;0.94;0.94;1.02;1.01;1.00;1.07;0.96;0.61;0.88;1.03;0.83;1.09;0.97;1.01;0.85;0.94;1.01;0.96;0.97;0.86;0.84;1.09;0.67;1.16;1.21;0.77;1.09;0.62;1.04;1.17;1.07;0.95;0.84;0.90;0.91;1.12;0.87;0.00;0.07;0.00;0.00;0.13;0.00;0.62;1.21;0.19;0.01;0.08;0.00;0.11;0.09;0.27;0.03;0.38;0.10;0.08;0.05;0.05;0.02;0.03;0.00;0.06;0.02;0.04;0.01;0.03;0.00;0.03;0.03;0.02;0.03;0.09;0.75;0.81;0.07;0.65;0.32;0.75;0.73;0.03;0.77;0.33;0.07;0.21;0.01;0.08;0.13;0.05;0.00;0.12;0.04;0.04;0.04;0.06;0.00;0.03;0.10;0.13;0.02;0.63;0.01;0.13;0.06;0.08;0.07;0.11;0.48;0.00;0.04;0.06;0.76;0.17;0.52;0.10;0.04;0.27;0.11;0.01;0.76;0.02;0.51;0.00;0.25;0.08;0.09;0.49;0.07;0.07;0.03;0.00;0.11;0.06;0.00;0.09;0.06;0.08;0.01;0.11;0.01;0.07;0.37;0.06;0.10;0.03;0.73;0.24;0.10;0.07;0.04;0.06;0.50;0.63;0.01;0.00;0.73;0.14;0.09;0.06;0.14;0.11;0.00;0.13;0.10;0.59;0.00;0.00;0.06;0.00;0.05;0.00;0.03;0.07;0.10;0.00;0.09;0.00;0.12;0.02;0.06;0.13;0.12;0.04;0.00;0.00;0.02;0.00;0.00;0.00;0.03;0.03;0.00;0.00;0.00;0.00;0.67;0.00;0.43;0.03;0.00;0.00;0.00;0.00;0.00;0.00;0.00;0.01;0.00;0.07;0.02;0.02;0.07;0.14;0.62;0.10;0.21;0.05;0.15;0.73;0.00;1.11;1.10;1.35;1.32;0.10;1.44;0.06;0.68;1.06;1.08;2.11;2.06;2.11;0.15;0.13;2.11;0.00;0.09;0.46;0.41;1.75;0.08;0.09;0.00;0.12;0.10;0.04;0.02;1.15;0.05;0.08;0.00;0.00;0.18;0.03;0.02;0.07;0.03;0.00;0.07;0.35;0.01;0.00;0.16;0.02;0.09;0.66;0.03;0.12;0.23;0.06;0.09;0.00;0.00;0.19;0.03;0.07;0.00;0.03;0.02;0.05;0.06;0.04;0.03;0.11;0.68;0.00;0.11;0.06;0.04;0.04;0.05;0.85;0.99;0.97;1.22;0.90;1.03;1.03;0.93;0.94;1.00;0.87;0.80;0.79;0.99;1.00;1.04;1.06;0.98;1.14;1.04;1.04;1.04;1.04;0.98;1.03;1.08;0.93;1.17;1.69;1.18;1.09;2.96;3.24;2.53;2.98;2.87;2.11;2.98;2.63;3.54;3.00;2.96;3.42;0.00;0.33;0.47;0.59;0.30;1.44;0.01;0.04;0.28;0.00;0.09;0.41;0.04;0.51;0.45;0.39;1.12;1.30;3.35;0.80;1.55;0.33;0.12;0.17;0.57;0.00;0.89
2020-02-28 00:00;0.00;0.00;0.00;0.00;0.00;0.00;0.00;0.00;0.00;0.00;0.00;0.00;0.00;0.00;0.00;0.00;0.00;0.00;0.00;0.00;0.00;0.00;0.00;0.00;0.00;0.00;0.00;0.00;0.00;0.00;0.00;0.00;0.00;0.00;0.00;0.00;0.00;0.00;0.00;0.00;0.00;0.00;0.00;0.00;0.00;0.00;0.00;0.00;0.00;0.00;0.00;0.00;0.00;0.00;0.00;0.00;0.00;0.00;0.00;0.00;0.00;0.00;0.00;0.00;0.00;0.00;0.00;0.00;0.00;0.00;0.00;0.00;0.00;0.00;0.00;0.00;0.00;0.00;0.00;0.00;0.00;0.00;0.00;0.00;0.00;0.00;0.00;0.00;0.00;0.00;0.00;0.00;0.00;0.00;0.00;0.00;0.00;0.00;0.00;0.00;0.00;0.00;0.00;0.00;0.00;0.00;0.00;0.00;0.00;0.00;0.00;0.00;0.00;0.00;0.00;0.00;0.00;0.00;0.00;0.00;0.00;0.00;0.00;0.00;0.00;0.00;0.00;0.00;0.00;0.00;0.00;0.00;0.00;0.00;0.00;0.00;0.00;0.00;0.00;0.00;0.00;0.00;0.00;0.00;0.00;0.00;0.00;0.00;0.00;0.00;0.00;0.00;0.00;0.00;0.00;0.00;0.00;0.00;0.00;0.00;0.00;0.00;0.00;0.00;0.00;0.00;0.00;0.00;0.00;0.00;0.00;0.00;0.00;0.00;0.00;0.00;0.00;0.00;0.00;0.00;0.00;0.00;0.00;0.00;0.00;0.00;0.00;0.00;0.00;0.00;0.00;0.00;0.00;0.00;0.00;0.00;0.00;0.00;0.00;0.00;0.00;0.00;0.00;0.00;0.00;0.00;0.00;0.00;0.00;0.00;0.00;0.00;0.00;0.00;0.00;0.00;0.00;0.00;0.00;0.00;0.00;0.00;0.00;0.00;0.00;0.00;0.00;0.00;0.00;0.00;0.00;0.00;0.00;0.00;0.00;0.00;0.00;0.00;0.00;0.00;0.00;0.00;0.00;0.00;0.00;0.00;0.00;0.00;0.00;0.00;0.00;0.00;0.00;0.00;0.00;0.00;0.00;0.00;0.00;0.00;0.00;0.00;0.00;0.00;0.00;0.00;0.00;0.00;0.00;0.00;0.00;0.00;0.00;0.00;0.00;0.00;0.00;0.00;0.00;0.00;0.00;0.00;0.00;0.00;0.00;0.00;0.00;0.00;0.00;0.00;0.00;0.00;0.00;0.00;0.00;0.00;0.00;0.00;0.00;0.00;0.00;0.00;0.00;0.00;0.00;0.00;0.00;0.00;0.00;0.00;0.00;0.00;0.00;0.00;0.00;0.00;0.00;0.00;0.00;0.00;0.00;0.00;0.00;0.00;0.00;0.00;0.00;0.00;0.00;0.00;0.00;0.00;0.00;0.00;0.00;0.00;0.00;0.00;0.00;0.00;0.00;0.00;0.00;0.00;0.00;0.00;0.00;0.00;0.00;0.00;0.00;0.00;0.00;0.00;0.00;0.00;0.00;0.00;0.00;0.00;0.00;0.00;0.00;0.00;0.00;0.00;0.00;0.00;0.00;0.00;0.00;0.00;0.00;0.00;0.00;0.00;0.00;0.00;0.00;0.00;0.00;0.00;0.00;0.00;0.00;0.00;0.00;0.00;0.00;0.00;0.00;0.00;0.00;0.00;0.00;0.00;0.00;0.00;0.00;0.00;0.00;0.00;0.00;0.00;0.00;0.00;0.00;0.00;0.00;0.00;0.00;0.00;0.00;0.00;0.00;0.00;0.00;0.00;0.00;0.00;0.00;0.00;0.00;0.00;0.00;0.00;0.00;0.00;0.00;0.00;0.00;0.00;0.00;0.00;0.00;0.00;0.00;0.00;0.00;0.00;0.00;0.00;0.00;0.00;0.00;0.00;0.00;0.00;0.00;0.00;0.00;0.00;0.00;0.00;0.00;0.00;0.00;0.00;0.00;0.00;0.00;0.00;0.00;0.00;0.00;0.00;0.00;0.00;0.00;0.00;0.00;0.00;0.00;0.00;0.00;0.00;0.00;0.00;0.00;0.00;0.00;0.00;0.00;0.00;0.00;0.00;0.00;0.00;0.00;0.00;0.00;0.00;0.00;0.00;0.00
2020-02-29 00:00;0.00;0.00;0.00;0.00;0.00;0.00;0.00;0.00;0.00;0.00;0.00;0.00;0.00;0.00;0.00;0.00;0.00;0.00;0.00;0.00;0.00;0.00;0.00;0.00;0.00;0.00;0.00;0.00;0.00;0.00;0.00;0.00;0.00;0.00;0.00;0.00;0.00;0.00;0.00;0.00;0.00;0.00;0.00;0.00;0.00;0.00;0.00;0.00;0.00;0.00;0.00;0.00;0.00;0.00;0.00;0.00;0.00;0.00;0.00;0.00;0.00;0.00;0.00;0.00;0.00;0.00;0.00;0.00;0.00;0.00;0.00;0.00;0.00;0.00;0.00;0.00;0.00;0.00;0.00;0.00;0.00;0.00;0.00;0.00;0.00;0.00;0.00;0.00;0.00;0.00;0.00;0.00;0.00;0.00;0.00;0.00;0.00;0.00;0.00;0.00;0.00;0.00;0.00;0.00;0.00;0.00;0.00;0.00;0.00;0.00;0.00;0.00;0.00;0.00;0.00;0.00;0.00;0.00;0.00;0.00;0.00;0.00;0.00;0.00;0.00;0.00;0.00;0.00;0.00;0.00;0.00;0.00;0.00;0.00;0.00;0.00;0.00;0.00;0.00;0.00;0.00;0.00;0.00;0.00;0.00;0.00;0.00;0.00;0.00;0.00;0.00;0.00;0.00;0.00;0.00;0.00;0.00;0.00;0.00;0.00;0.00;0.00;0.00;0.00;0.00;0.00;0.00;0.00;0.00;0.00;0.00;0.00;0.00;0.00;0.00;0.00;0.00;0.00;0.00;0.00;0.00;0.00;0.00;0.00;0.00;0.00;0.00;0.00;0.00;0.00;0.00;0.00;0.00;0.00;0.00;0.00;0.00;0.00;0.00;0.00;0.00;0.00;0.00;0.00;0.00;0.00;0.00;0.00;0.00;0.00;0.00;0.00;0.00;0.00;0.00;0.00;0.00;0.00;0.00;0.00;0.00;0.00;0.00;0.00;0.00;0.00;0.00;0.00;0.00;0.00;0.00;0.00;0.00;0.00;0.00;0.00;0.00;0.00;0.00;0.00;0.00;0.00;0.00;0.00;0.00;0.00;0.00;0.00;0.00;0.00;0.00;0.00;0.00;0.00;0.00;0.00;0.00;0.00;0.00;0.00;0.00;0.00;0.00;0.00;0.00;0.00;0.00;0.00;0.00;0.00;0.00;0.00;0.00;0.00;0.00;0.00;0.00;0.00;0.00;0.00;0.00;0.00;0.00;0.00;0.00;0.00;0.00;0.00;0.00;0.00;0.00;0.00;0.00;0.00;0.00;0.00;0.00;0.00;0.00;0.00;0.00;0.00;0.00;0.00;0.00;0.00;0.00;0.00;0.00;0.00;0.00;0.00;0.00;0.00;0.00;0.00;0.00;0.00;0.00;0.00;0.00;0.00;0.00;0.00;0.00;0.00;0.00;0.00;0.00;0.00;0.00;0.00;0.00;0.00;0.00;0.00;0.00;0.00;0.00;0.00;0.00;0.00;0.00;0.00;0.00;0.00;0.00;0.00;0.00;0.00;0.00;0.00;0.00;0.00;0.00;0.00;0.00;0.00;0.00;0.00;0.00;0.00;0.00;0.00;0.00;0.00;0.00;0.00;0.00;0.00;0.00;0.00;0.00;0.00;0.00;0.00;0.00;0.00;0.00;0.00;0.00;0.00;0.00;0.00;0.00;0.00;0.00;0.00;0.00;0.00;0.00;0.00;0.00;0.00;0.00;0.00;0.00;0.00;0.00;0.00;0.00;0.00;0.00;0.00;0.00;0.00;0.00;0.00;0.00;0.00;0.00;0.00;0.00;0.00;0.00;0.00;0.00;0.00;0.00;0.00;0.00;0.00;0.00;0.00;0.00;0.00;0.00;0.00;0.00;0.00;0.00;0.00;0.00;0.00;0.00;0.00;0.00;0.00;0.00;0.00;0.00;0.00;0.00;0.00;0.00;0.00;0.00;0.00;0.00;0.00;0.00;0.00;0.00;0.00;0.00;0.00;0.00;0.00;0.00;0.00;0.00;0.00;0.00;0.00;0.00;0.00;0.00;0.00;0.00;0.00;0.00;0.00;0.00;0.00;0.00;0.00;0.00;0.00;0.00;0.00;0.00;0.00;0.00;0.00;0.00;0.00;0.00;0.00;0.00;0.00;0.00;0.00;0.00;0.00;0.00
2020-03-01 00:00;0.00;0.00;0.00;0.00;0.00;0.00;0.00;0.00;0.00;0.00;0.00;0.00;0.00;0.00;0.00;0.00;0.00;0.00;0.00;0.00;0.00;0.00;0.00;0.00;0.00;0.00;0.00;0.00;0.00;0.00;0.00;0.00;0.00;0.00;0.00;0.00;0.00;0.00;0.00;0.00;0.00;0.00;0.00;0.00;0.00;0.00;0.00;0.00;0.00;0.00;0.00;0.00;0.00;0.00;0.00;0.00;0.00;0.00;0.00;0.00;0.00;0.00;0.00;0.00;0.00;0.00;0.00;0.00;0.00;0.00;0.00;0.00;0.00;0.00;0.00;0.00;0.00;0.00;0.00;0.00;0.00;0.00;0.00;0.00;0.00;0.00;0.00;0.00;0.00;0.00;0.00;0.00;0.00;0.00;0.00;0.00;0.00;0.00;0.00;0.00;0.00;0.00;0.00;0.00;0.00;0.00;0.00;0.00;0.00;0.00;0.00;0.00;0.00;0.00;0.00;0.00;0.00;0.00;0.00;0.00;0.00;0.00;0.00;0.00;0.00;0.00;0.00;0.00;0.00;0.00;0.00;0.00;0.00;0.00;0.00;0.00;0.00;0.00;0.00;0.00;0.00;0.00;0.00;0.00;0.00;0.00;0.00;0.00;0.00;0.00;0.00;0.00;0.00;0.00;0.00;0.00;0.00;0.00;0.00;0.00;0.00;0.00;0.00;0.00;0.00;0.00;0.00;0.00;0.00;0.00;0.00;0.00;0.00;0.00;0.00;0.00;0.00;0.00;0.00;0.00;0.00;0.00;0.00;0.00;0.00;0.00;0.00;0.00;0.00;0.00;0.00;0.00;0.00;0.00;0.00;0.00;0.00;0.00;0.00;0.00;0.00;0.00;0.00;0.00;0.00;0.00;0.00;0.00;0.00;0.00;0.00;0.00;0.00;0.00;0.00;0.00;0.00;0.00;0.00;0.00;0.00;0.00;0.00;0.00;0.00;0.00;0.00;0.00;0.00;0.00;0.00;0.00;0.00;0.00;0.00;0.00;0.00;0.00;0.00;0.00;0.00;0.00;0.00;0.00;0.00;0.00;0.00;0.00;0.00;0.00;0.00;0.00;0.00;0.00;0.00;0.00;0.00;0.00;0.00;0.00;0.00;0.00;0.00;0.00;0.00;0.00;0.00;0.00;0.00;0.00;0.00;0.00;0.00;0.00;0.00;0.00;0.00;0.00;0.00;0.00;0.00;0.00;0.00;0.00;0.00;0.00;0.00;0.00;0.00;0.00;0.00;0.00;0.00;0.00;0.00;0.00;0.00;0.00;0.00;0.00;0.00;0.00;0.00;0.00;0.00;0.00;0.00;0.00;0.00;0.00;0.00;0.00;0.00;0.00;0.00;0.00;0.00;0.00;0.00;0.00;0.00;0.00;0.00;0.00;0.00;0.00;0.00;0.00;0.00;0.00;0.00;0.00;0.00;0.00;0.00;0.00;0.00;0.00;0.00;0.00;0.00;0.00;0.00;0.00;0.00;0.00;0.00;0.00;0.00;0.00;0.00;0.00;0.00;0.00;0.00;0.00;0.00;0.00;0.00;0.00;0.00;0.00;0.00;0.00;0.00;0.00;0.00;0.00;0.00;0.00;0.00;0.00;0.00;0.00;0.00;0.00;0.00;0.00;0.00;0.00;0.00;0.00;0.00;0.00;0.00;0.00;0.00;0.00;0.00;0.00;0.00;0.00;0.00;0.00;0.00;0.00;0.00;0.00;0.00;0.00;0.00;0.00;0.00;0.00;0.00;0.00;0.00;0.00;0.00;0.00;0.00;0.00;0.00;0.00;0.00;0.00;0.00;0.00;0.00;0.00;0.00;0.00;0.00;0.00;0.00;0.00;0.00;0.00;0.00;0.00;0.00;0.00;0.00;0.00;0.00;0.00;0.00;0.00;0.00;0.00;0.00;0.00;0.00;0.00;0.00;0.00;0.00;0.00;0.00;0.00;0.00;0.00;0.00;0.00;0.00;0.00;0.00;0.00;0.00;0.00;0.00;0.00;0.00;0.00;0.00;0.00;0.00;0.00;0.00;0.00;0.00;0.00;0.00;0.00;0.00;0.00;0.00;0.00;0.00;0.00;0.00;0.00;0.00;0.00;0.00;0.00;0.00;0.00;0.00;0.00;0.00;0.00;0.00;0.00;0.00
2020-03-02 00:00;0.00;0.00;0.00;0.00;0.00;0.00;0.00;0.00;0.00;0.00;0.00;0.00;0.00;0.00;0.00;0.00;0.00;0.00;0.00;0.00;0.00;0.00;0.00;0.00;0.00;0.00;0.00;0.00;0.00;0.00;0.00;0.00;0.00;0.00;0.00;0.00;0.00;0.00;0.00;0.00;0.00;0.00;0.00;0.00;0.00;0.00;0.00;0.00;0.00;0.00;0.00;0.00;0.00;0.00;0.00;0.00;0.00;0.00;0.00;0.00;0.00;0.00;0.00;0.00;0.00;0.00;0.00;0.00;0.00;0.00;0.00;0.00;0.00;0.00;0.00;0.00;0.00;0.00;0.00;0.00;0.00;0.00;0.00;0.00;0.00;0.00;0.00;0.00;0.00;0.00;0.00;0.00;0.00;0.00;0.00;0.00;0.00;0.00;0.00;0.00;0.00;0.00;0.00;0.00;0.00;0.00;0.00;0.00;0.00;0.00;0.00;0.00;0.00;0.00;0.00;0.00;0.00;0.00;0.00;0.00;0.00;0.00;0.00;0.00;0.00;0.00;0.00;0.00;0.00;0.00;0.00;0.00;0.00;0.00;0.00;0.00;0.00;0.00;0.00;0.00;0.00;0.00;0.00;0.00;0.00;0.00;0.00;0.00;0.00;0.00;0.00;0.00;0.00;0.00;0.00;0.00;0.00;0.00;0.00;0.00;0.00;0.00;0.00;0.00;0.00;0.00;0.00;0.00;0.00;0.00;0.00;0.00;0.00;0.00;0.00;0.00;0.00;0.00;0.00;0.00;0.00;0.00;0.00;0.00;0.00;0.00;0.00;0.00;0.00;0.00;0.00;0.00;0.00;0.00;0.00;0.00;0.00;0.00;0.00;0.00;0.00;0.00;0.00;0.00;0.00;0.00;0.00;0.00;0.00;0.00;0.00;0.00;0.00;0.00;0.00;0.00;0.00;0.00;0.00;0.00;0.00;0.00;0.00;0.00;0.00;0.00;0.00;0.00;0.00;0.00;0.00;0.00;0.00;0.00;0.00;0.00;0.00;0.00;0.00;0.00;0.00;0.00;0.00;0.00;0.00;0.00;0.00;0.00;0.00;0.00;0.00;0.00;0.00;0.00;0.00;0.00;0.00;0.00;0.00;0.00;0.00;0.00;0.00;0.00;0.00;0.00;0.00;0.00;0.00;0.00;0.00;0.00;0.00;0.00;0.00;0.00;0.00;0.00;0.00;0.00;0.00;0.00;0.00;0.00;0.00;0.00;0.00;0.00;0.00;0.00;0.00;0.00;0.00;0.00;0.00;0.00;0.00;0.00;0.00;0.00;0.00;0.00;0.00;0.00;0.00;0.00;0.00;0.00;0.00;0.00;0.00;0.00;0.00;0.00;0.00;0.00;0.00;0.00;0.00;0.00;0.00;0.00;0.00;0.00;0.00;0.00;0.00;0.00;0.00;0.00;0.00;0.00;0.00;0.00;0.00;0.00;0.00;0.00;0.00;0.00;0.00;0.00;0.00;0.00;0.00;0.00;0.00;0.00;0.00;0.00;0.00;0.00;0.00;0.00;0.00;0.00;0.00;0.00;0.00;0.00;0.00;0.00;0.00;0.00;0.00;0.00;0.00;0.00;0.00;0.00;0.00;0.00;0.00;0.00;0.00;0.00;0.00;0.00;0.00;0.00;0.00;0.00;0.00;0.00;0.00;0.00;0.00;0.00;0.00;0.00;0.00;0.00;0.00;0.00;0.00;0.00;0.00;0.00;0.00;0.00;0.00;0.00;0.00;0.00;0.00;0.00;0.00;0.00;0.00;0.00;0.00;0.00;0.00;0.00;0.00;0.00;0.00;0.00;0.00;0.00;0.00;0.00;0.00;0.00;0.00;0.00;0.00;0.00;0.00;0.00;0.00;0.00;0.00;0.00;0.00;0.00;0.00;0.00;0.00;0.00;0.00;0.00;0.00;0.00;0.00;0.00;0.00;0.00;0.00;0.00;0.00;0.00;0.00;0.00;0.00;0.00;0.00;0.00;0.00;0.00;0.00;0.00;0.00;0.00;0.00;0.00;0.00;0.00;0.00;0.00;0.00;0.00;0.00;0.00;0.00;0.00;0.00;0.00;0.00;0.00;0.00;0.00;0.00;0.00;0.00;0.00;0.00;0.00;0.00;0.00;0.00;0.00;0.00;0.00;0.00
2020-03-03 00:00;14.77;6.49;5.63;6.10;15.26;13.34;1.92;3.70;5.73;3.07;1.06;14.25;9.17;16.34;0.57;8.22;7.69;3.49;1.79;0.20;0.00;4.02;4.71;0.00;0.10;1.34;4.58;9.67;0.19;0.44;0.00;1.10;1.14;0.14;0.25;0.00;15.87;2.87;4.93;0.23;0.26;0.00;6.67;4.59;11.08;4.98;3.32;2.32;0.26;9.66;6.05;16.60;6.45;0.77;0.64;0.00;0.00;0.39;0.00;7.93;7.04;0.00;14.85;0.31;14.66;6.23;14.76;15.00;16.59;0.99;11.51;14.68;16.29;3.64;0.43;1.80;8.22;0.00;0.10;0.00;6.67;2.88;0.11;0.29;0.00;15.91;1.70;5.96;0.00;10.15;0.00;5.08;1.34;1.85;0.00;4.48;1.49;1.75;0.13;9.22;12.18;12.85;12.65;13.64;13.52;13.39;13.04;12.17;13.79;13.81;14.06;13.16;14.67;13.79;15.05;14.24;13.89;11.48;12.04;11.69;11.44;11.90;11.45;13.04;11.97;11.45;11.08;11.44;11.79;11.25;12.21;11.68;11.42;10.76;11.49;11.59;11.52;12.40;11.22;12.99;11.35;10.68;11.13;11.65;11.73;11.67;11.71;11.51;10.87;11.43;11.36;12.05;10.99;11.57;10.88;11.63;10.47;10.73;13.05;10.86;12.20;9.54;11.21;10.12;10.17;11.36;10.26;9.95;9.93;8.28;8.93;0.00;0.46;0.04;0.00;2.48;1.47;2.81;9.12;4.18;0.06;0.67;0.00;0.86;0.82;2.07;0.38;3.10;0.68;0.73;0.33;0.48;0.18;0.27;0.00;0.61;0.15;0.35;0.06;0.37;0.00;0.23;0.19;0.24;0.23;0.64;2.83;2.36;5.00;5.51;4.01;3.13;0.92;5.76;1.81;1.75;0.39;0.55;0.09;0.35;0.65;4.93;0.00;0.49;0.20;0.29;0.25;0.41;0.01;0.21;0.58;0.60;0.14;0.99;0.00;0.42;1.26;0.22;0.22;0.62;0.35;0.03;0.17;0.29;0.76;3.61;1.70;0.65;0.26;1.60;0.43;0.06;0.66;0.03;0.55;0.00;1.71;0.58;0.26;2.44;0.19;0.15;0.07;0.00;1.90;0.37;0.00;0.34;0.26;0.17;0.00;0.68;0.15;0.32;0.97;0.35;1.74;3.47;1.77;3.70;0.33;3.11;0.67;0.52;1.67;1.42;0.08;0.00;1.50;0.34;0.18;1.44;0.71;0.74;0.00;1.57;0.65;1.96;0.00;0.04;0.41;0.00;0.17;0.00;0.06;0.14;0.59;0.03;0.38;0.03;0.70;0.14;0.41;2.76;0.70;0.13;0.00;0.04;0.07;0.00;0.00;0.00;0.19;0.21;0.03;0.00;0.02;0.00;2.16;0.00;1.39;0.18;0.03;0.00;0.00;0.00;0.00;0.00;0.00;0.12;0.00;0.32;0.22;0.10;0.40;0.78;1.53;0.43;1.52;0.22;1.04;2.58;0.00;5.76;6.22;9.27;8.57;0.30;10.12;0.36;2.21;2.35;0.00;0.98;0.98;0.98;0.77;0.21;0.98;0.00;0.73;1.19;4.53;9.05;0.11;0.33;0.00;0.76;0.49;0.27;0.17;9.63;0.22;0.22;0.00;0.00;0.76;0.20;0.15;0.16;0.20;0.01;0.26;0.93;0.07;0.00;2.93;0.17;0.53;2.62;5.44;1.56;1.82;0.34;0.01;0.00;0.00;1.20;0.23;0.51;0.00;0.25;0.15;0.37;0.23;0.24;0.49;0.63;2.77;0.04;0.60;0.39;0.26;0.36;0.28;11.24;11.20;11.26;12.78;10.41;12.12;11.46;10.83;11.07;11.08;11.07;9.93;3.26;11.19;11.36;11.33;11.80;11.57;12.15;11.44;11.36;11.39;11.40;11.33;11.43;11.72;11.35;10.47;11.90;12.21;11.84;13.46;14.62;12.77;13.59;13.04;13.02;13.67;12.69;15.86;13.57;13.43;15.01;0.00;1.69;2.33;2.77;1.70;11.90;0.05;0.18;1.36;0.00;0.43;1.80;0.16;2.29;1.09;1.81;5.09;1.62;15.19;3.66;6.61;1.16;0.56;0.77;2.71;0.00;4.05
2020-03-04 00:00;20.48;10.19;7.96;11.02;21.17;18.45;2.69;5.39;7.95;4.25;5.55;21.17;17.70;22.54;0.79;11.35;12.91;5.24;14.98;0.47;0.00;6.05;7.17;0.00;0.15;10.42;6.92;14.61;0.37;0.75;0.00;1.66;2.19;0.22;0.46;0.09;24.37;8.24;7.50;0.60;0.47;0.09;10.07;6.99;16.74;7.61;5.15;3.51;0.46;14.65;9.20;25.12;9.76;1.84;1.39;0.00;0.00;1.18;0.17;12.10;10.71;0.00;23.64;0.80;22.63;9.49;22.90;22.84;25.23;7.11;17.54;22.41;24.82;11.86;0.82;2.82;12.60;0.00;0.23;0.00;10.22;4.50;0.26;0.62;0.00;24.54;6.76;9.35;0.00;15.63;0.00;7.86;6.05;3.08;0.00;6.97;2.60;2.75;0.19;16.56;24.72;22.99;23.19;24.65;23.84;24.51;23.92;25.17;24.42;24.15;24.73;23.67;24.69;24.09;25.21;24.70;26.48;25.06;26.32;25.20;25.82;26.00;25.75;26.37;25.14;25.87;25.58;25.78;26.24;24.46;26.23;25.69;25.66;25.27;25.86;25.96;25.86;26.46;24.98;27.04;25.23;26.33;25.65;25.93;26.68;24.83;26.07;25.12;25.56;25.88;25.79;26.38;25.09;26.23;25.32;25.37;25.96;24.95;26.38;25.41;26.10;25.16;25.43;23.09;23.36;25.99;25.58;25.97;26.18;21.34;25.17;7.91;5.20;4.91;0.00;13.74;13.66;10.62;22.10;19.19;3.88;8.25;0.00;6.69;2.81;8.35;0.82;14.97;11.20;5.07;7.86;5.50;2.62;3.98;6.73;21.89;0.42;6.30;0.14;0.84;0.00;0.60;2.74;3.71;0.49;1.68;15.84;16.49;18.94;27.03;26.51;17.66;16.00;21.31;16.69;20.57;10.13;15.28;1.70;6.17;8.82;25.09;1.48;8.37;6.33;3.21;0.56;3.98;0.13;2.61;9.83;10.21;4.67;7.68;9.70;14.35;23.52;9.54;7.39;16.08;12.41;2.16;3.48;19.13;18.36;26.40;20.44;1.86;15.77;17.35;10.49;1.57;23.20;11.11;20.57;6.37;4.39;17.92;10.33;26.37;8.35;11.86;14.29;2.83;21.51;20.11;1.84;7.79;19.31;4.00;8.87;5.02;6.42;7.54;16.00;4.88;23.39;26.75;24.73;26.18;14.49;23.91;23.74;23.66;12.91;13.48;10.33;1.66;23.16;5.47;3.74;5.17;12.98;19.42;0.35;11.39;13.97;27.30;7.10;11.19;6.70;3.50;0.61;2.01;3.45;1.19;5.34;0.00;10.57;3.26;13.80;3.80;5.58;23.24;20.23;1.09;2.94;11.59;1.95;0.00;0.19;0.05;2.98;2.64;0.09;0.74;0.90;1.29;15.72;1.73;6.00;7.10;0.00;0.29;0.20;0.10;1.94;0.19;0.00;2.30;3.83;10.02;0.69;5.83;6.35;12.73;19.70;9.91;15.17;2.02;12.36;19.77;0.00;22.67;22.14;26.23;25.73;1.51;27.85;13.97;19.71;5.15;2.25;2.94;2.93;2.94;3.84;1.27;2.94;3.32;19.56;22.18;27.37;24.40;1.38;1.21;4.29;17.77;6.00;6.19;5.52;27.25;6.25;2.07;0.72;0.14;3.97;7.55;3.97;1.96;7.14;0.85;4.06;19.33;0.20;0.86;22.87;8.54;6.76;15.97;23.20;18.10;13.95;0.74;0.38;0.00;0.01;7.15;2.41;3.42;0.00;1.00;1.49;11.90;1.00;0.67;2.62;13.98;8.69;0.83;10.71;2.05;0.96;3.19;0.67;26.01;25.50;25.61;25.91;24.81;26.21;25.35;26.19;25.32;25.39;25.61;24.87;22.12;25.51;25.67;25.61;25.93;25.92;25.93;25.75;25.61;25.74;25.57;25.59;25.75;25.82;25.60;25.77;25.35;25.88;25.82;24.28;24.59;24.64;24.44;24.01;25.45;24.36;24.09;24.82;24.29;24.18;24.49;0.09;15.32;20.20;23.47;23.81;25.75;0.68;0.36;12.38;0.09;0.90;14.16;0.25;7.39;4.37;15.29;7.99;2.58;23.49;5.69;17.18;1.78;1.01;1.17;17.58;0.00;6.54
2020-03-05 00:00;0.30;0.18;0.00;0.17;0.33;0.30;0.02;0.07;0.13;0.07;0.03;0.29;0.22;0.37;0.02;0.18;0.19;0.06;0.04;0.01;0.01;0.08;0.08;0.00;0.01;0.09;0.08;0.16;0.01;0.02;0.01;0.02;0.03;0.01;0.01;0.01;0.00;0.06;0.05;0.02;0.02;0.01;0.15;0.06;0.25;0.05;0.08;0.05;0.02;0.22;0.10;0.37;0.15;0.02;0.03;0.00;0.01;0.01;0.01;0.17;0.13;0.00;0.33;0.03;0.33;0.11;0.33;0.30;0.36;0.02;0.26;0.30;0.36;0.08;0.02;0.04;0.14;0.00;0.00;0.00;0.15;0.00;0.00;0.02;0.00;0.18;0.04;0.12;0.00;0.17;0.00;0.06;0.03;0.04;0.00;0.05;0.05;0.00;0.00;0.07;0.03;0.03;0.02;0.05;0.05;0.01;0.02;0.81;0.04;0.06;0.08;0.03;0.13;0.08;0.29;0.32;3.71;3.15;3.45;3.21;3.38;3.44;3.41;3.59;3.22;3.41;3.23;3.41;3.40;3.00;3.46;3.36;3.27;2.94;3.36;3.37;3.42;3.52;3.13;3.65;3.20;3.27;3.23;3.44;3.46;3.14;3.41;3.20;3.21;3.35;3.41;3.46;3.14;3.38;3.12;3.30;3.21;3.36;3.57;3.07;3.46;2.89;3.40;3.44;3.04;3.38;3.18;3.27;3.33;3.55;3.05;0.86;0.14;1.25;0.00;1.62;1.84;1.70;3.55;1.60;1.27;0.40;0.00;0.24;1.33;1.37;0.23;1.00;0.38;0.18;0.56;0.20;0.12;0.42;0.86;2.50;0.11;0.33;0.11;0.23;0.10;0.21;0.05;1.26;0.06;0.87;0.95;1.20;1.52;3.03;2.67;1.68;1.04;1.92;1.31;1.35;0.37;0.62;0.98;0.09;0.22;2.47;1.58;0.23;0.14;0.95;0.20;0.30;0.15;1.47;0.23;0.19;0.13;0.71;1.03;1.07;2.23;0.88;1.33;0.80;1.54;0.97;0.82;1.15;1.11;2.61;0.98;0.33;2.23;0.54;0.80;0.10;1.88;1.13;1.85;1.02;2.41;1.39;0.73;2.51;2.12;1.71;1.11;0.00;1.63;1.93;1.91;1.86;1.99;1.56;0.81;0.26;1.06;0.70;1.68;0.21;1.58;2.52;2.55;2.71;1.29;2.00;2.29;2.31;2.32;2.81;1.90;0.73;2.52;2.13;0.82;2.45;0.30;1.16;0.12;1.73;1.00;3.16;1.40;1.88;0.38;1.12;1.41;0.32;0.23;0.54;0.21;0.12;0.60;0.15;1.25;0.82;0.45;1.72;1.62;0.79;1.17;1.92;1.23;0.00;1.32;0.08;1.68;0.07;0.16;1.27;0.28;1.03;0.93;1.40;1.07;0.06;0.14;1.83;0.40;0.09;0.00;1.65;0.16;0.05;0.66;0.25;0.94;0.27;0.22;0.29;0.91;0.56;0.41;0.13;0.55;1.00;0.07;2.24;2.24;3.61;3.40;0.29;3.71;1.33;1.04;4.02;3.82;4.86;4.86;4.86;0.74;1.12;4.86;0.08;1.86;1.41;2.84;3.86;1.98;0.13;0.33;1.12;0.46;0.18;0.39;3.50;1.81;0.98;0.00;0.38;0.31;0.07;0.05;1.79;0.32;1.59;1.02;1.08;0.10;1.63;1.78;0.64;0.26;2.02;2.20;2.27;0.48;0.22;0.14;0.00;0.12;0.60;1.44;0.14;0.07;0.97;1.07;1.24;0.96;1.36;1.22;1.24;1.54;1.54;0.77;0.10;1.14;0.10;0.54;3.33;3.29;3.30;3.47;2.99;3.45;3.26;3.38;3.23;3.28;3.25;2.99;1.66;3.31;3.35;3.37;3.45;3.40;3.49;3.41;3.37;3.40;3.36;3.33;3.41;3.44;3.29;3.41;1.91;3.41;3.45;0.01;0.11;0.00;0.02;0.01;1.22;0.02;0.00;0.30;0.01;0.00;0.15;0.00;0.03;0.05;0.05;0.04;2.38;0.00;0.01;0.03;0.01;0.02;0.08;0.00;0.05;0.05;0.04;0.12;0.36;0.34;0.09;0.17;0.04;0.02;0.02;0.06;0.00;0.11
2020-03-06 00:00;0.12;0.10;0.00;0.07;0.13;0.11;0.01;0.03;0.05;0.03;0.02;0.11;0.08;0.14;0.00;0.07;0.07;0.02;0.02;0.00;0.00;0.03;0.03;0.00;0.00;0.04;0.03;0.06;0.00;0.00;0.00;0.01;0.01;0.00;0.00;0.00;0.00;0.03;0.02;0.01;0.00;0.00;0.05;0.02;0.08;0.02;0.03;0.02;0.00;0.07;0.03;0.13;0.05;0.01;0.01;0.00;0.00;0.01;0.00;0.06;0.04;0.00;0.11;0.01;0.11;0.03;0.11;0.10;0.12;0.01;0.08;0.10;0.12;0.03;0.01;0.01;0.04;0.00;0.00;0.00;0.05;0.00;0.00;0.01;0.00;0.06;0.02;0.04;0.00;0.05;0.00;0.02;0.01;0.01;0.00;0.01;0.01;0.00;0.00;0.02;0.01;0.01;0.00;0.02;0.01;0.00;0.01;0.01;0.01;0.02;0.02;0.01;0.04;0.02;0.08;0.08;0.10;0.02;0.02;0.01;0.00;0.02;0.00;0.06;0.03;0.00;0.00;0.00;0.02;0.02;0.03;0.01;0.01;0.00;0.00;0.01;0.00;0.03;0.02;0.06;0.01;0.00;0.02;0.01;0.02;0.04;0.01;0.02;0.00;0.00;0.00;0.02;0.01;0.02;0.01;0.02;0.00;0.02;0.07;0.00;0.03;0.00;0.01;0.02;0.02;0.00;0.01;0.00;0.00;0.07;0.01;0.02;0.02;0.02;0.00;0.02;0.01;0.02;0.08;0.03;0.02;0.02;0.00;0.04;0.01;0.03;0.00;0.06;0.02;0.03;0.02;0.02;0.03;0.02;0.01;0.00;0.00;0.02;0.00;0.00;0.00;0.00;0.02;0.02;0.00;0.01;0.04;0.02;0.01;0.00;0.00;0.01;0.01;0.01;0.02;0.02;0.02;0.02;0.02;0.02;0.03;0.00;0.00;0.03;0.02;0.02;0.01;0.04;0.00;0.02;0.02;0.03;0.02;0.03;0.01;0.02;0.00;0.02;0.02;0.02;0.02;0.03;0.02;0.01;0.02;0.00;0.03;0.01;0.00;0.03;0.02;0.02;0.01;0.02;0.01;0.01;0.02;0.01;0.02;0.00;0.00;0.01;0.01;0.02;0.02;0.00;0.00;0.01;0.00;0.01;0.02;0.04;0.01;0.02;0.02;0.03;0.02;0.00;0.00;0.00;0.00;0.01;0.00;0.00;0.00;0.00;0.00;0.02;0.00;0.01;0.02;0.01;0.03;0.02;0.00;0.03;0.02;0.00;0.01;0.00;0.02;0.01;0.01;0.02;0.02;0.02;0.04;0.00;0.02;0.02;0.02;0.01;0.02;0.02;0.01;0.02;0.05;0.00;0.02;0.00;0.00;0.00;0.01;0.02;0.00;0.03;0.02;0.00;0.04;0.02;0.03;0.02;0.00;0.00;0.00;0.00;0.03;0.00;0.00;0.02;0.01;0.02;0.01;0.02;0.04;0.02;0.02;0.02;0.03;0.02;0.02;0.03;0.00;0.07;0.06;0.04;0.11;0.02;0.09;0.01;0.03;0.00;0.01;0.03;0.03;0.03;0.02;0.02;0.03;0.02;0.00;0.02;0.00;0.00;0.02;0.02;0.02;0.02;0.02;0.03;0.02;0.00;0.01;0.02;0.03;0.00;0.04;0.02;0.02;0.01;0.02;0.01;0.02;0.02;0.00;0.02;0.02;0.01;0.04;0.01;0.00;0.00;0.04;0.01;0.00;0.00;0.00;0.02;0.02;0.03;0.00;0.04;0.03;0.02;0.05;0.01;0.04;0.02;0.02;0.03;0.02;0.03;0.01;0.04;0.01;0.00;0.00;0.00;0.06;0.02;0.03;0.01;0.00;0.00;0.00;0.00;0.00;0.02;0.00;0.00;0.00;0.01;0.01;0.02;0.00;0.00;0.00;0.00;0.00;0.00;0.01;0.00;0.00;0.00;0.02;0.01;0.00;0.03;0.00;0.01;0.00;0.03;0.01;0.00;0.08;0.00;0.00;0.05;0.00;0.01;0.02;0.02;0.01;0.01;0.01;0.00;0.01;0.00;0.01;0.03;0.00;0.02;0.02;0.02;0.04;0.13;0.11;0.03;0.06;0.01;0.01;0.01;0.02;0.00;0.03
2020-03-07 00:00;0.00;0.00;0.00;0.00;0.00;0.00;0.00;0.00;0.00;0.00;0.00;0.00;0.00;0.00;0.00;0.00;0.00;0.00;0.00;0.00;0.00;0.00;0.00;0.00;0.00;0.00;0.00;0.00;0.00;0.00;0.00;0.00;0.00;0.00;0.00;0.00;0.00;0.00;0.00;0.00;0.00;0.00;0.00;0.00;0.00;0.00;0.00;0.00;0.00;0.00;0.00;0.00;0.00;0.00;0.00;0.00;0.00;0.00;0.00;0.00;0.00;0.00;0.00;0.00;0.00;0.00;0.00;0.00;0.00;0.00;0.00;0.00;0.00;0.00;0.00;0.00;0.00;0.00;0.00;0.00;0.00;0.00;0.00;0.00;0.00;0.00;0.00;0.00;0.00;0.00;0.00;0.00;0.00;0.00;0.00;0.00;0.00;0.00;0.00;0.00;0.00;0.00;0.00;0.00;0.00;0.00;0.00;0.00;0.00;0.00;0.00;0.00;0.00;0.00;0.00;0.00;0.00;0.00;0.00;0.00;0.00;0.00;0.00;0.00;0.00;0.00;0.00;0.00;0.00;0.00;0.00;0.00;0.00;0.00;0.00;0.00;0.00;0.00;0.00;0.00;0.00;0.00;0.00;0.00;0.00;0.00;0.00;0.00;0.00;0.00;0.00;0.00;0.00;0.00;0.00;0.00;0.00;0.00;0.00;0.00;0.00;0.00;0.00;0.00;0.00;0.00;0.00;0.00;0.00;0.00;0.00;0.00;0.00;0.00;0.00;0.00;0.00;0.00;0.00;0.00;0.00;0.00;0.00;0.00;0.00;0.00;0.00;0.00;0.00;0.00;0.00;0.00;0.00;0.00;0.00;0.00;0.00;0.00;0.00;0.00;0.00;0.00;0.00;0.00;0.00;0.00;0.00;0.00;0.00;0.00;0.00;0.00;0.00;0.00;0.00;0.00;0.00;0.00;0.00;0.00;0.00;0.00;0.00;0.00;0.00;0.00;0.00;0.00;0.00;0.00;0.00;0.00;0.00;0.00;0.00;0.00;0.00;0.00;0.00;0.00;0.00;0.00;0.00;0.00;0.00;0.00;0.00;0.00;0.00;0.00;0.00;0.00;0.00;0.00;0.00;0.00;0.00;0.00;0.00;0.00;0.00;0.00;0.00;0.00;0.00;0.00;0.00;0.00;0.00;0.00;0.00;0.00;0.00;0.00;0.00;0.00;0.00;0.00;0.00;0.00;0.00;0.00;0.00;0.00;0.00;0.00;0.00;0.00;0.00;0.00;0.00;0.00;0.00;0.00;0.00;0.00;0.00;0.00;0.00;0.00;0.00;0.00;0.00;0.00;0.00;0.00;0.00;0.00;0.00;0.00;0.00;0.00;0.00;0.00;0.00;0.00;0.00;0.00;0.00;0.00;0.00;0.00;0.00;0.00;0.00;0.00;0.00;0.00;0.00;0.00;0.00;0.00;0.00;0.00;0.00;0.00;0.00;0.00;0.00;0.00;0.00;0.00;0.00;0.00;0.00;0.00;0.00;0.00;0.00;0.00;0.00;0.00;0.00;0.00;0.00;0.00;0.00;0.00;0.00;0.00;0.00;0.00;0.00;0.00;0.00;0.00;0.00;0.00;0.00;0.00;0.00;0.00;0.00;0.00;0.00;0.00;0.00;0.00;0.00;0.00;0.00;0.00;0.00;0.00;0.00;0.00;0.00;0.00;0.00;0.00;0.00;0.00;0.00;0.00;0.00;0.00;0.00;0.00;0.00;0.00;0.00;0.00;0.00;0.00;0.00;0.00;0.00;0.00;0.00;0.00;0.00;0.00;0.00;0.00;0.00;0.00;0.00;0.00;0.00;0.00;0.00;0.00;0.00;0.00;0.00;0.00;0.00;0.00;0.00;0.00;0.00;0.00;0.00;0.00;0.00;0.00;0.00;0.00;0.00;0.00;0.00;0.00;0.00;0.00;0.00;0.00;0.00;0.00;0.00;0.00;0.00;0.00;0.00;0.00;0.00;0.00;0.00;0.00;0.00;0.00;0.00;0.00;0.00;0.00;0.00;0.00;0.00;0.00;0.00;0.00;0.00;0.00;0.00;0.00;0.00;0.00;0.00;0.00;0.00;0.00;0.00;0.00;0.00;0.00;0.00;0.00;0.00;0.00;0.00;0.00;0.00;0.00;0.00;0.00;0.00
2020-03-08 00:00;0.38;0.28;0.00;0.21;0.42;0.33;0.03;0.07;0.16;0.08;0.05;0.31;0.25;0.36;0.02;0.19;0.21;0.05;0.05;0.01;0.00;0.09;0.07;0.00;0.00;0.11;0.09;0.14;0.01;0.01;0.00;0.03;0.02;0.00;0.01;0.00;0.00;0.08;0.04;0.02;0.01;0.00;0.15;0.06;0.28;0.04;0.08;0.05;0.01;0.20;0.08;0.41;0.14;0.03;0.02;0.00;0.00;0.02;0.00;0.17;0.09;0.00;0.33;0.02;0.32;0.07;0.34;0.25;0.40;0.03;0.25;0.26;0.36;0.08;0.01;0.04;0.10;0.00;0.00;0.00;0.14;0.00;0.00;0.01;0.00;0.17;0.04;0.10;0.00;0.13;0.00;0.05;0.03;0.03;0.00;0.04;0.03;0.00;0.00;0.07;8.85;0.03;0.01;0.05;0.04;0.01;0.02;10.40;0.05;0.05;0.07;0.02;0.12;0.06;5.06;8.12;17.78;15.52;17.08;15.77;16.60;16.86;16.56;17.49;15.74;16.63;16.03;16.58;16.88;14.72;17.04;16.48;16.20;15.08;16.57;16.61;16.65;17.31;15.42;18.00;15.74;16.60;16.11;16.76;17.26;15.36;16.80;15.71;15.96;16.55;16.57;17.13;15.51;16.82;15.60;16.14;16.17;15.82;17.37;15.48;16.98;14.96;16.32;14.92;14.21;16.63;15.43;15.50;15.76;13.41;14.55;6.78;4.88;5.09;3.07;9.16;9.94;7.37;14.12;10.40;7.86;6.09;3.03;5.57;2.57;4.34;1.10;7.99;6.48;3.66;6.03;5.42;5.16;5.48;8.06;12.53;2.18;6.37;0.41;0.94;0.23;1.13;4.60;5.28;0.31;1.76;6.93;8.54;9.23;13.69;12.65;9.90;8.30;11.01;8.79;8.88;4.66;6.71;2.60;3.16;4.46;12.31;2.08;5.45;4.78;3.70;0.70;3.90;1.93;3.95;5.31;5.02;5.37;4.07;7.48;6.31;11.15;6.04;4.50;6.54;6.32;3.08;3.85;7.78;7.44;11.69;7.87;1.39;11.10;7.08;5.72;6.59;9.90;7.91;9.04;6.47;3.72;8.68;6.61;11.79;5.66;7.01;7.87;5.24;8.46;10.00;3.06;5.18;9.78;3.63;6.90;4.95;4.52;4.06;7.09;4.39;9.16;11.74;11.59;11.70;7.61;9.71;10.80;10.73;6.92;7.32;8.52;5.44;10.70;4.33;3.52;4.24;6.36;8.08;1.94;5.99;7.82;13.70;8.84;10.02;5.36;7.44;2.60;4.95;3.23;1.99;4.89;0.32;5.90;3.96;6.58;6.26;5.79;9.72;9.42;1.91;5.07;9.94;2.96;0.59;3.35;0.94;2.94;5.05;1.70;4.09;1.86;3.42;6.80;3.97;3.70;5.15;0.37;2.76;1.49;2.70;5.18;3.45;1.04;4.72;4.64;6.02;2.17;5.67;4.56;5.59;7.75;6.00;6.06;2.20;5.41;8.19;0.22;11.77;11.36;14.53;14.77;1.99;16.23;8.27;8.14;5.03;3.99;4.43;4.42;4.43;3.05;2.44;4.43;5.65;9.11;9.13;12.84;13.85;3.00;1.96;6.07;8.06;3.49;6.17;5.89;14.82;5.52;2.73;1.78;1.65;2.98;5.43;5.89;2.96;5.64;3.53;3.60;8.14;0.33;3.88;10.07;6.49;6.07;10.69;11.64;11.82;6.77;1.43;0.53;0.13;1.32;4.27;3.57;4.49;0.52;4.86;3.31;9.00;2.88;3.42;7.51;8.28;6.15;3.80;7.33;3.90;3.67;6.00;1.24;16.50;16.15;16.27;16.89;14.94;17.00;16.03;16.33;15.91;16.10;16.07;15.01;10.58;16.23;16.42;16.37;16.78;16.70;16.89;16.56;16.38;16.54;16.34;16.33;16.55;16.68;16.18;16.06;12.93;16.70;16.71;0.01;0.33;4.05;0.02;0.00;11.46;0.02;0.01;0.24;0.01;0.00;0.13;0.00;0.04;0.05;0.05;0.70;14.02;0.01;0.00;0.03;0.00;0.01;1.28;0.00;0.05;0.05;0.04;0.11;0.38;0.32;0.08;0.17;0.03;0.01;0.02;0.07;0.00;0.09
2020-03-09 00:00;45.88;30.73;16.86;34.68;46.41;41.10;6.30;17.62;23.78;11.47;26.99;44.48;41.03;45.64;19.72;25.30;38.93;15.70;37.83;30.05;30.82;16.28;19.74;27.69;26.77;21.50;18.89;27.75;30.70;25.47;15.41;10.23;28.65;23.24;29.82;33.04;46.35;34.72;14.07;33.61;26.71;25.80;25.21;18.05;37.75;14.42;18.97;12.86;29.27;32.48;18.09;49.64;25.26;35.88;32.17;29.29;24.38;36.80;30.61;32.83;19.95;25.85;46.87;35.43;45.84;17.54;46.88;43.91;50.02;32.75;38.21;44.43;48.64;36.51;31.76;17.92;23.50;24.86;24.50;25.86;28.16;7.52;26.59;32.36;24.10;47.29;34.78;30.57;3.18;29.83;0.34;18.28;35.07;29.46;0.00;19.46;29.22;14.47;7.03;32.09;56.56;44.17;42.24;47.45;44.83;47.02;45.01;58.51;46.88;45.90;47.91;44.07;47.92;45.65;53.67;54.16;51.53;53.78;50.02;53.71;51.70;51.75;52.28;51.91;54.56;52.23;52.87;53.00;51.35;56.02;52.19;53.93;53.83;53.85;52.78;52.84;53.37;52.25;55.94;51.50;55.84;51.83;54.87;54.30;52.05;57.98;54.24;57.86;55.57;55.33;55.62;54.71;58.49;55.49;57.40;58.27;55.42;56.88;56.79;57.24;57.05;57.18;57.15;55.50;56.97;59.32;59.72;59.60;60.42;54.76;58.00;40.73;34.26;26.89;42.92;56.04;55.39;54.25;55.20;55.70;47.03;52.15;42.00;46.86;48.93;51.47;45.18;56.48;54.52;31.98;43.77;52.87;50.98;44.83;60.03;61.67;34.38;55.10;34.03;49.38;45.40;53.34;40.77;57.44;24.78;43.11;51.27;57.97;58.35;62.26;61.91;59.81;60.34;60.73;60.13;58.51;36.96;58.82;32.37;32.57;54.39;61.60;49.65;50.48;50.74;39.70;38.03;48.60;46.71;49.95;50.21;47.44;56.20;21.63;53.66;40.76;57.78;45.67;19.67;50.15;32.94;48.95;22.40;52.43;49.51;55.21;55.91;38.48;57.75;54.48;37.59;54.31;56.21;55.51;49.82;45.90;11.04;54.03;53.11;56.58;23.23;37.04;54.47;54.82;51.09;54.27;52.32;21.20;55.20;12.67;53.79;49.80;24.96;56.81;36.87;48.77;55.05;55.37;55.04;53.52;49.46;53.31;54.23;54.95;29.27;28.79;47.98;46.48;50.61;13.19;16.74;10.72;53.13;55.44;21.17;50.61;55.23;58.96;56.08;56.54;47.49;52.27;30.34;45.15;21.70;3.04;51.27;40.06;50.02;33.63;40.99;48.43;51.94;56.41;57.87;5.22;56.87;56.19;9.27;42.60;51.56;2.28;47.21;42.65;50.07;41.13;3.19;49.27;52.59;53.30;16.26;57.38;45.78;52.28;48.97;50.27;46.43;47.90;47.17;55.63;32.24;57.61;49.61;55.39;54.77;55.87;57.60;52.94;55.16;11.23;43.06;58.74;13.92;62.06;60.16;57.91;59.63;5.18;62.81;55.81;57.96;9.95;4.97;5.25;5.24;5.25;10.62;3.67;5.25;55.83;52.69;57.93;60.89;52.78;4.20;3.25;55.76;58.13;25.06;53.55;56.22;58.83;27.43;8.38;4.41;21.71;12.14;53.09;52.06;5.92;51.31;48.92;16.72;57.59;40.15;47.58;59.98;56.99;53.22;59.24;60.33;61.51;59.08;42.71;3.44;14.36;49.20;28.78;50.46;40.16;40.99;48.53;45.75;54.94;15.23;37.36;54.73;50.09;46.50;56.94;57.21;35.01;48.22;54.77;23.10;56.60;58.59;58.03;56.31;57.94;54.43;56.79;59.52;57.38;58.31;55.76;57.39;56.92;55.91;55.21;55.74;53.86;53.86;54.50;54.49;54.60;54.87;53.57;52.93;52.93;53.73;51.68;52.35;55.92;51.09;51.25;46.37;48.76;52.16;46.87;45.24;59.64;46.63;45.47;48.68;46.35;45.92;47.52;23.15;37.81;39.58;40.79;49.50;59.28;38.06;30.74;37.40;32.19;32.55;33.21;14.48;34.27;17.92;37.50;33.42;5.10;46.51;26.05;37.78;16.98;28.79;24.62;38.43;7.45;31.20
2020-03-10 00:00;13.93;11.21;5.10;11.53;13.99;12.96;2.90;8.39;8.65;5.75;10.13;13.97;13.17;14.11;9.61;9.14;12.68;8.04;12.82;12.54;12.87;6.94;8.93;12.64;12.35;9.29;7.60;9.55;12.60;11.70;9.30;7.45;11.36;11.90;12.38;13.04;14.34;11.95;4.99;12.77;11.98;11.88;9.40;7.88;12.12;4.80;8.11;7.03;11.96;11.31;7.77;15.05;9.83;12.41;12.18;12.70;12.28;12.78;12.80;11.45;6.74;12.49;14.53;12.80;14.32;5.93;14.47;14.00;15.10;11.42;12.37;14.05;14.88;12.41;12.25;8.98;8.10;12.33;12.24;12.35;10.21;2.70;12.28;12.60;11.99;14.57;12.00;11.14;9.13;10.16;3.32;7.67;12.19;11.13;0.10;8.25;11.21;8.09;9.96;13.72;12.16;13.71;13.18;13.96;13.70;13.80;13.52;12.11;13.91;13.94;14.17;13.56;14.36;13.94;21.78;20.75;9.27;8.31;8.19;8.40;8.01;8.27;8.02;8.86;8.67;8.01;7.91;8.02;8.20;9.29;8.39;8.25;8.15;8.34;7.95;8.04;8.07;8.42;8.85;8.74;8.13;7.81;8.22;8.14;8.15;8.96;8.10;8.37;7.90;7.97;8.01;8.30;8.52;8.35;9.31;8.78;8.10;8.74;9.28;8.55;8.53;8.81;8.36;9.02;10.76;8.54;11.74;13.97;12.73;12.92;16.01;9.74;11.78;8.83;19.67;12.85;14.99;10.37;11.67;12.18;13.76;13.56;20.55;9.19;14.08;6.73;17.34;8.78;10.72;12.86;10.16;13.63;10.30;15.30;9.69;12.71;8.60;13.84;11.79;19.96;12.27;12.33;12.64;8.87;17.95;15.57;21.28;22.15;22.55;18.69;18.45;18.78;14.96;15.23;14.16;21.44;14.26;16.14;25.53;17.40;17.78;16.89;20.60;15.43;20.48;16.38;19.84;15.08;19.74;15.09;17.04;15.39;18.00;11.79;18.90;18.47;17.72;15.53;10.34;21.76;14.29;19.65;10.41;25.29;22.48;22.80;20.10;25.45;18.79;19.51;16.31;20.66;21.68;20.36;21.63;24.65;10.24;22.83;25.26;21.70;12.34;16.24;20.82;19.14;24.37;20.71;19.15;11.33;25.08;9.73;22.83;21.02;11.76;20.04;16.92;19.54;22.16;21.89;22.24;21.68;19.45;28.52;22.39;25.93;15.05;14.96;39.42;40.51;26.02;8.71;9.63;8.50;19.36;20.32;10.69;18.74;18.96;19.73;18.46;19.58;16.52;19.31;12.06;15.39;10.22;5.22;16.65;18.64;18.04;13.27;16.05;20.04;20.44;20.65;19.46;6.95;19.22;18.75;6.61;16.49;19.68;4.06;17.01;18.31;19.85;18.33;4.83;21.41;20.37;19.03;10.93;17.02;24.48;16.19;18.91;19.49;16.24;18.13;17.92;19.46;12.82;15.85;18.39;20.61;16.66;18.35;19.55;20.67;17.85;6.81;14.65;20.55;9.19;19.99;22.99;19.95;19.76;6.56;23.72;19.01;21.36;8.33;7.26;7.58;7.57;7.58;7.76;5.49;7.57;17.98;18.26;17.12;17.93;17.02;6.20;4.81;17.54;17.27;18.78;17.59;19.99;18.85;12.85;6.33;5.40;9.36;7.24;16.86;17.31;6.08;21.06;17.30;10.15;18.44;18.60;19.99;17.69;20.57;19.87;18.00;14.25;12.97;13.30;18.46;4.38;8.63;19.54;12.55;9.83;12.15;17.62;10.93;11.83;13.82;10.41;14.27;17.49;13.75;18.37;10.98;13.65;17.18;15.33;10.82;17.37;7.95;8.60;7.96;8.93;8.13;8.37;8.20;10.29;8.04;8.27;7.92;7.80;7.80;8.01;8.07;8.06;8.24;8.11;8.41;8.04;8.08;8.02;8.11;8.08;8.02;8.18;7.96;8.03;8.11;8.37;8.19;13.71;15.22;20.67;13.84;13.52;9.19;13.77;13.42;14.80;13.71;13.62;14.39;12.26;12.82;13.19;13.45;20.72;8.86;13.24;12.62;12.74;12.92;12.49;11.76;11.04;11.86;7.97;12.79;11.62;5.66;14.49;10.21;12.63;8.22;12.02;11.47;12.95;10.59;11.34
2020-03-11 00:00;0.31;0.12;0.03;0.18;0.34;0.25;0.03;0.06;0.13;0.07;0.04;0.24;0.20;0.25;0.02;0.14;0.17;0.04;0.03;0.00;0.00;0.08;0.05;0.00;0.00;0.10;0.08;0.09;0.00;0.01;0.00;0.03;0.02;0.00;0.01;0.00;0.00;0.05;0.03;0.00;0.01;0.00;0.11;0.04;0.21;0.02;0.07;0.04;0.01;0.13;0.05;0.29;0.09;0.01;0.01;0.00;0.00;0.01;0.00;0.12;0.04;0.00;0.21;0.01;0.20;0.03;0.22;0.13;0.28;0.02;0.16;0.14;0.22;0.05;0.01;0.03;0.04;0.00;0.00;0.00;0.09;0.00;0.00;0.00;0.00;0.10;0.02;0.05;0.01;0.05;0.01;0.03;0.02;0.01;0.00;0.02;0.02;0.00;0.00;0.09;0.03;0.03;0.00;0.03;0.01;0.01;0.01;0.03;0.02;0.02;0.04;0.01;0.06;0.02;0.29;0.30;0.30;0.07;0.05;0.05;0.00;0.05;0.00;0.17;0.09;0.00;0.00;0.00;0.06;0.09;0.08;0.04;0.04;0.03;0.00;0.02;0.01;0.09;0.06;0.16;0.02;0.01;0.07;0.03;0.05;0.14;0.02;0.07;0.00;0.00;0.00;0.07;0.04;0.07;0.05;0.08;0.00;0.06;0.22;0.02;0.09;0.02;0.03;0.11;0.13;0.01;0.03;0.01;0.00;0.31;0.02;0.11;0.18;0.11;0.09;0.08;0.02;0.09;0.35;0.09;0.08;0.08;0.10;0.15;0.14;0.15;0.13;0.20;0.10;0.18;0.09;0.09;0.10;0.09;0.06;0.00;0.15;0.07;0.12;0.11;0.12;0.13;0.10;0.11;0.13;0.17;0.24;0.10;0.07;0.00;0.00;0.05;0.09;0.05;0.10;0.09;0.12;0.08;0.10;0.14;0.13;0.01;0.13;0.13;0.09;0.12;0.14;0.14;0.11;0.13;0.10;0.12;0.08;0.22;0.05;0.09;0.01;0.10;0.13;0.09;0.08;0.12;0.12;0.05;0.08;0.00;0.13;0.14;0.01;0.13;0.10;0.06;0.03;0.06;0.04;0.05;0.15;0.05;0.07;0.00;0.03;0.04;0.06;0.10;0.08;0.01;0.11;0.06;0.01;0.00;0.06;0.15;0.11;0.08;0.09;0.13;0.07;0.01;0.00;0.03;0.02;0.03;0.01;0.01;0.00;0.04;0.01;0.00;0.02;0.05;0.14;0.09;0.13;0.07;0.11;0.15;0.07;0.00;0.04;0.01;0.10;0.06;0.14;0.10;0.12;0.14;0.14;0.13;0.10;0.12;0.10;0.06;0.10;0.07;0.05;0.16;0.06;0.00;0.13;0.13;0.10;0.14;0.13;0.12;0.12;0.09;0.15;0.09;0.21;0.09;0.36;0.09;0.12;0.12;0.12;0.12;0.11;0.11;0.13;0.09;0.08;0.08;0.13;0.07;0.12;0.11;0.09;0.08;0.14;0.16;0.16;0.17;0.17;0.32;0.30;0.51;0.65;0.19;0.43;0.05;0.14;0.16;0.09;0.00;0.00;0.00;0.22;0.19;0.00;0.07;0.03;0.07;0.00;0.95;0.11;0.20;0.07;0.07;0.17;0.11;0.08;0.31;0.05;0.15;0.18;0.15;0.21;0.10;0.09;0.00;0.09;0.11;0.10;0.08;0.11;0.11;0.09;0.07;0.12;0.03;0.01;0.00;0.15;0.10;0.13;0.11;0.06;0.21;0.12;0.14;0.08;0.11;0.09;0.09;0.20;0.12;0.08;0.11;0.13;0.09;0.07;0.13;0.10;0.11;0.09;0.01;0.01;0.00;0.20;0.06;0.08;0.04;0.01;0.00;0.00;0.00;0.00;0.04;0.00;0.01;0.01;0.04;0.03;0.07;0.00;0.01;0.00;0.01;0.01;0.00;0.03;0.00;0.01;0.01;0.06;0.03;0.00;0.06;0.00;0.01;0.00;0.10;0.01;0.00;0.11;0.00;0.00;0.05;0.00;0.01;0.02;0.02;0.04;0.03;0.00;0.00;0.01;0.00;0.00;0.09;0.00;0.03;0.03;0.02;0.07;0.44;0.20;0.06;0.11;0.02;0.01;0.01;0.04;0.01;0.07
2020-03-12 00:00;3.76;1.48;0.91;1.88;3.57;2.19;0.29;0.61;1.39;0.55;0.35;2.30;1.85;2.52;0.23;1.29;1.58;0.53;0.30;0.03;0.00;0.79;0.71;0.00;0.02;0.74;0.79;1.39;0.03;0.27;0.00;0.26;0.39;0.15;0.04;0.00;1.87;0.65;0.65;0.04;0.04;0.00;1.10;0.68;1.94;0.64;0.58;0.40;0.05;1.57;0.88;2.79;1.07;0.13;0.14;0.00;0.00;0.06;0.00;1.31;1.04;0.00;2.42;0.05;2.38;0.89;2.42;2.31;2.77;0.19;1.89;2.30;2.65;0.73;0.07;0.34;1.18;0.00;0.02;0.00;1.12;0.25;0.02;0.05;0.00;2.21;0.47;0.97;0.08;1.51;0.06;0.72;0.34;0.39;0.02;0.63;0.38;0.25;0.19;3.14;1.60;2.14;1.26;1.86;1.75;1.84;1.67;1.56;1.99;1.76;2.02;1.55;2.21;1.74;3.23;2.15;2.01;0.94;0.83;1.05;0.94;1.17;1.04;1.67;1.22;0.95;0.42;1.09;0.77;0.95;1.11;1.13;0.74;0.27;0.75;0.79;1.06;1.13;0.87;1.25;0.88;0.03;0.48;1.11;0.47;1.18;0.85;1.03;0.39;0.75;1.03;0.90;0.77;0.59;0.39;1.31;0.02;1.20;1.59;0.22;1.28;0.08;1.14;1.50;0.96;0.87;0.13;0.14;0.25;1.28;0.13;1.03;1.37;1.25;1.05;0.88;0.76;1.04;1.75;0.91;0.81;0.77;0.76;0.35;0.24;0.33;0.09;0.51;0.77;0.76;0.93;0.56;0.48;1.11;0.86;0.00;0.30;0.72;0.21;0.45;0.08;0.14;1.10;0.26;0.76;0.23;1.14;0.75;0.62;0.00;0.00;0.59;0.66;0.62;0.72;0.90;1.17;0.81;1.08;0.84;0.26;0.21;0.18;0.26;0.60;0.22;0.18;0.14;0.36;0.17;0.59;0.44;0.47;0.99;0.69;0.80;0.33;0.83;1.15;0.68;1.08;0.17;1.00;0.62;0.72;0.09;0.52;0.26;0.26;0.37;0.62;0.54;0.42;0.46;0.52;0.59;1.20;0.50;0.46;0.20;0.76;0.73;0.46;0.23;0.56;0.42;0.18;0.98;0.28;1.11;0.40;0.21;1.10;0.45;0.82;0.25;0.50;0.22;0.15;0.15;0.11;0.30;0.26;0.17;0.66;0.10;0.15;0.39;0.07;0.99;0.83;0.92;0.27;0.44;0.50;0.95;0.49;0.00;0.52;0.41;0.46;0.54;0.32;0.61;0.71;0.96;0.26;0.06;0.68;0.61;0.93;0.60;0.48;0.56;0.51;1.32;0.49;0.43;1.14;0.09;0.28;0.66;0.18;0.58;0.19;0.65;0.90;0.57;0.86;0.33;1.82;0.38;0.23;0.17;0.11;0.26;0.22;0.35;0.09;0.44;0.85;0.41;0.21;0.68;0.25;0.54;0.66;0.84;0.52;0.57;0.72;0.73;0.45;1.18;1.15;0.73;1.70;0.96;1.42;0.74;0.82;0.17;0.00;0.00;0.00;0.00;1.26;1.63;0.00;0.38;0.64;0.71;0.00;1.36;1.85;0.98;0.45;0.73;1.07;0.31;0.51;0.27;1.28;1.17;0.58;0.18;0.72;0.39;0.40;1.39;0.55;0.33;1.27;0.74;0.06;0.26;0.72;0.72;0.34;0.71;0.66;0.48;0.45;0.94;0.70;0.52;1.14;1.41;0.37;0.77;0.81;0.46;0.42;0.73;1.88;1.07;0.82;0.83;1.57;0.57;0.95;0.92;0.51;0.36;0.51;0.50;0.87;0.82;1.65;0.30;1.09;1.04;0.59;0.74;0.92;0.56;0.05;0.86;0.96;0.99;1.11;1.22;1.00;1.46;1.11;1.11;1.10;1.12;0.94;1.09;1.25;0.68;1.16;1.40;1.48;1.27;1.94;2.72;3.53;1.95;1.70;1.87;1.97;1.46;2.59;1.98;1.91;2.37;0.00;0.24;0.34;0.38;0.21;1.09;0.01;0.03;0.20;0.00;0.07;0.50;0.19;0.53;0.68;0.28;0.89;2.60;2.46;0.66;1.22;0.30;0.14;0.29;0.42;0.14;0.74
2020-03-13 00:00;9.59;14.76;3.13;7.36;10.88;14.70;1.26;6.50;4.24;2.97;8.10;17.97;13.89;21.24;1.51;10.37;13.06;7.67;15.26;15.51;15.79;4.29;10.84;15.35;15.48;11.16;4.90;15.55;15.56;13.78;11.76;1.77;12.50;13.80;16.36;17.62;20.14;13.82;8.86;17.17;15.61;15.60;9.84;6.95;12.80;9.84;4.51;5.67;16.32;16.50;11.69;20.34;13.00;17.13;17.44;18.50;17.28;18.99;19.04;14.61;13.57;18.01;23.15;20.22;23.32;11.68;22.08;27.05;21.45;17.38;17.88;26.00;24.53;20.09;19.31;10.71;15.71;19.78;20.25;20.18;13.37;5.67;20.02;22.04;20.47;25.39;19.51;19.65;10.82;21.14;7.86;11.76;20.54;21.14;1.14;13.64;18.31;12.33;17.60;22.36;11.79;26.92;30.00;25.89;30.77;26.91;30.69;12.05;27.48;29.02;26.53;30.60;27.93;30.06;12.48;12.44;13.12;12.69;12.77;12.62;12.59;12.67;12.56;12.90;12.66;12.59;12.80;12.52;12.81;12.71;12.79;12.62;12.79;12.30;12.64;12.67;12.58;12.80;12.74;12.97;12.61;12.76;13.00;12.62;12.94;12.86;12.70;12.72;12.79;12.65;12.55;12.80;12.72;12.92;12.89;12.71;12.80;12.15;13.03;12.63;12.76;12.39;12.51;12.11;12.53;12.87;14.50;16.06;15.97;12.71;15.28;7.07;6.44;6.45;6.97;9.89;10.19;7.74;12.84;9.55;9.01;7.00;7.68;5.76;6.08;5.26;5.94;7.80;6.46;3.74;6.56;6.36;5.47;6.39;7.48;13.23;4.28;6.93;4.87;6.77;4.38;5.17;6.43;5.77;5.43;5.22;10.75;11.46;13.06;17.65;16.49;13.27;11.14;13.64;11.00;12.79;8.83;10.52;9.69;6.75;7.26;16.05;6.18;6.80;9.08;6.25;5.83;6.71;7.82;6.32;9.49;8.47;9.67;8.16;11.18;11.20;14.77;9.85;7.77;11.62;10.52;7.41;7.04;13.49;12.76;17.17;11.60;6.54;14.24;10.23;8.95;10.61;13.83;11.55;12.97;11.00;8.93;12.49;11.30;15.56;8.86;10.35;11.38;8.62;13.09;13.47;7.75;8.14;14.59;7.76;11.02;7.52;9.25;11.47;11.05;8.29;13.11;15.59;15.78;15.97;11.84;15.06;14.85;15.69;11.54;11.26;15.96;13.70;15.96;7.26;6.72;7.55;9.21;11.67;6.03;10.09;10.64;17.26;11.49;13.19;8.91;10.81;6.12;8.77;6.96;5.07;7.59;5.41;10.14;7.64;10.28;10.11;9.62;12.90;12.83;6.20;10.69;13.13;5.73;6.09;8.28;3.69;6.53;7.92;7.19;8.55;4.51;9.20;10.93;8.43;8.27;9.18;7.17;6.69;5.85;7.24;7.50;7.99;6.62;9.42;7.92;9.75;6.62;10.35;7.66;9.80;11.65;10.51;10.08;5.35;9.04;12.33;4.77;15.26;15.44;17.83;17.88;5.55;19.66;12.22;12.15;8.06;7.14;7.45;7.45;7.45;6.53;5.25;7.45;9.17;13.34;12.09;16.93;16.95;6.03;4.45;9.38;11.51;6.47;8.40;10.16;17.97;9.40;5.32;4.59;4.63;5.51;9.01;8.88;5.96;9.78;8.08;7.38;11.85;5.76;7.67;13.30;10.68;8.42;12.06;13.16;12.01;6.47;6.54;3.44;3.62;7.46;6.95;4.69;5.77;6.49;5.19;5.51;8.88;6.62;6.06;8.78;8.67;8.68;5.80;8.04;5.36;5.70;4.78;7.49;12.76;12.63;12.61;12.95;13.00;12.78;12.67;14.26;12.64;12.58;12.71;12.88;7.93;12.59;12.62;12.53;12.63;12.64;12.66;12.53;12.53;12.52;12.55;12.60;12.52;12.56;12.68;12.16;12.22;12.60;12.57;29.10;26.82;11.55;28.94;31.01;12.29;28.23;29.04;28.59;29.42;29.52;30.52;22.04;26.24;25.45;27.74;9.61;12.84;25.35;23.80;24.92;24.18;23.20;6.73;18.39;20.44;12.29;22.56;18.27;7.13;24.54;12.92;20.79;11.94;17.61;19.74;18.63;12.46;15.27
2020-03-14 00:00;0.08;0.19;0.00;0.05;0.09;0.08;0.01;0.06;0.03;0.02;0.01;0.08;0.06;0.10;0.01;0.05;0.05;0.05;0.01;0.00;0.00;0.02;0.11;0.00;0.00;0.04;0.02;0.55;0.00;0.00;0.00;0.01;0.01;0.00;0.00;0.00;0.00;0.02;0.03;0.00;0.00;0.00;0.04;0.07;0.07;0.66;0.02;0.06;0.00;0.51;0.50;0.10;0.27;0.01;0.00;0.00;0.00;0.00;0.00;0.18;1.00;0.00;0.14;0.01;0.47;1.18;0.19;0.45;0.10;0.01;0.39;0.34;0.10;0.02;0.00;0.13;1.55;0.00;0.00;0.00;0.32;1.96;0.00;0.00;0.00;0.05;0.02;0.10;0.00;0.05;0.01;0.37;0.05;0.04;0.00;0.13;0.12;0.01;1.37;0.14;0.01;0.05;3.26;0.01;0.11;0.00;0.01;0.01;0.04;0.15;0.09;1.24;0.21;0.61;0.07;0.07;0.07;0.01;0.01;0.01;0.00;0.01;0.00;0.04;0.02;0.00;0.00;0.00;0.01;0.02;0.02;0.01;0.01;0.00;0.00;0.00;0.00;0.02;0.01;0.04;0.00;0.00;0.02;0.01;0.01;0.03;0.01;0.02;0.00;0.00;0.00;0.02;0.01;0.02;0.01;0.02;0.00;0.02;0.05;0.00;0.02;0.01;0.01;0.03;0.03;0.00;0.01;0.00;0.00;0.09;0.01;0.03;0.04;0.03;0.04;0.02;0.01;0.03;0.10;0.02;0.02;0.02;0.02;0.04;0.03;0.02;0.02;0.04;0.03;0.05;0.03;0.03;0.03;0.03;0.02;0.00;0.04;0.02;0.03;0.03;0.02;0.02;0.03;0.03;0.03;0.03;0.06;0.03;0.02;0.00;0.00;0.01;0.02;0.01;0.02;0.02;0.03;0.02;0.02;0.04;0.03;0.01;0.03;0.03;0.03;0.04;0.03;0.03;0.03;0.03;0.03;0.03;0.02;0.12;0.02;0.07;0.00;0.02;0.08;0.05;0.08;0.04;0.03;0.04;0.07;0.01;0.05;0.03;0.00;0.06;0.07;0.02;0.03;0.04;0.04;0.05;0.09;0.04;0.06;0.01;0.04;0.06;0.05;0.07;0.07;0.03;0.08;0.08;0.01;0.07;0.05;0.08;0.10;0.04;0.07;0.09;0.06;0.01;0.01;0.02;0.01;0.03;0.00;0.00;0.00;0.00;0.00;0.03;0.00;0.08;0.12;0.04;0.08;0.06;0.05;0.05;0.02;0.00;0.01;0.01;0.03;0.02;0.03;0.03;0.05;0.04;0.03;0.03;0.03;0.03;0.03;0.02;0.03;0.02;0.02;0.05;0.02;0.01;0.04;0.03;0.03;0.04;0.03;0.03;0.03;0.03;0.04;0.02;0.05;0.03;0.08;0.03;0.03;0.03;0.03;0.03;0.03;0.03;0.03;0.02;0.03;0.02;0.03;0.02;0.03;0.03;0.02;0.02;0.04;0.05;0.04;0.04;0.04;0.08;0.07;0.05;0.17;0.05;0.10;0.02;0.03;0.02;0.02;0.00;0.00;0.00;0.06;0.04;0.00;0.02;0.02;0.02;0.00;0.00;0.05;0.05;0.02;0.02;0.05;0.03;0.02;0.00;0.03;0.04;0.05;0.04;0.06;0.03;0.03;0.03;0.02;0.03;0.04;0.02;0.02;0.03;0.02;0.02;0.03;0.01;0.01;0.01;0.03;0.03;0.04;0.03;0.02;0.06;0.03;0.04;0.02;0.03;0.02;0.02;0.05;0.03;0.02;0.03;0.04;0.02;0.02;0.04;0.03;0.03;0.02;0.00;0.00;0.00;0.05;0.01;0.02;0.01;0.00;0.00;0.00;0.00;0.00;0.02;0.00;0.00;0.00;0.01;0.01;0.02;0.00;0.00;0.00;0.00;0.00;0.00;0.01;0.00;0.00;0.00;0.01;0.01;0.00;0.03;0.00;0.01;0.01;0.02;0.00;0.00;0.07;0.00;0.00;0.04;0.00;0.04;0.01;0.01;0.01;0.01;0.00;0.00;0.01;0.00;0.00;0.02;0.01;0.03;0.02;0.01;0.14;0.29;0.09;0.04;0.05;0.04;0.01;0.10;0.02;0.00;0.03
2020-03-15 00:00;0.00;0.00;0.00;0.00;0.00;0.00;0.00;0.00;0.00;0.00;0.00;0.00;0.00;0.00;0.00;0.00;0.00;0.00;0.00;0.00;0.00;0.00;0.00;0.00;0.00;0.00;0.00;0.00;0.00;0.00;0.00;0.00;0.00;0.00;0.00;0.00;0.00;0.00;0.00;0.00;0.00;0.00;0.00;0.00;0.00;0.00;0.00;0.00;0.00;0.00;0.00;0.00;0.00;0.00;0.00;0.00;0.00;0.00;0.00;0.00;0.00;0.00;0.00;0.00;0.00;0.00;0.00;0.00;0.00;0.00;0.00;0.00;0.00;0.00;0.00;0.00;0.01;0.00;0.00;0.00;0.00;0.00;0.00;0.00;0.00;0.00;0.00;0.00;0.00;0.00;0.00;0.00;0.00;0.00;0.00;0.00;0.00;0.00;0.00;0.00;0.00;0.00;0.00;0.00;0.00;0.00;0.00;0.00;0.00;0.00;0.00;0.00;0.00;0.00;0.00;0.00;0.00;0.00;0.00;0.00;0.00;0.00;0.00;0.00;0.00;0.00;0.00;0.00;0.00;0.00;0.00;0.00;0.00;0.00;0.00;0.00;0.00;0.00;0.00;0.00;0.00;0.00;0.00;0.00;0.00;0.00;0.00;0.00;0.00;0.00;0.00;0.00;0.00;0.00;0.00;0.00;0.00;0.00;0.00;0.00;0.00;0.00;0.00;0.00;0.00;0.00;0.00;0.00;0.00;0.00;0.00;0.00;0.00;0.00;0.00;0.00;0.00;0.00;0.00;0.00;0.00;0.00;0.00;0.00;0.00;0.00;0.00;0.00;0.00;0.00;0.00;0.00;0.00;0.00;0.00;0.00;0.00;0.00;0.00;0.00;0.00;0.00;0.00;0.00;0.00;0.00;0.00;0.00;0.00;0.00;0.00;0.00;0.00;0.00;0.00;0.00;0.00;0.00;0.00;0.00;0.00;0.00;0.00;0.00;0.00;0.00;0.00;0.00;0.00;0.00;0.00;0.00;0.00;0.00;0.00;0.00;0.00;0.00;0.00;0.00;0.00;0.00;0.00;0.00;0.00;0.00;0.00;0.00;0.00;0.00;0.00;0.00;0.00;0.00;0.00;0.00;0.00;0.00;0.00;0.00;0.00;0.00;0.00;0.00;0.00;0.00;0.00;0.00;0.00;0.00;0.00;0.00;0.00;0.00;0.00;0.00;0.00;0.00;0.00;0.00;0.00;0.00;0.00;0.00;0.00;0.00;0.00;0.00;0.00;0.00;0.00;0.00;0.00;0.00;0.00;0.00;0.00;0.00;0.00;0.00;0.00;0.00;0.00;0.00;0.00;0.00;0.00;0.00;0.00;0.00;0.00;0.00;0.00;0.00;0.00;0.00;0.00;0.00;0.00;0.00;0.00;0.00;0.00;0.00;0.00;0.00;0.00;0.00;0.00;0.00;0.00;0.00;0.00;0.00;0.00;0.00;0.00;0.00;0.00;0.00;0.00;0.00;0.00;0.00;0.00;0.00;0.00;0.00;0.00;0.00;0.00;0.00;0.00;0.00;0.00;0.00;0.00;0.00;0.00;0.00;0.00;0.00;0.00;0.00;0.00;0.00;0.00;0.00;0.00;0.00;0.00;0.00;0.00;0.00;0.00;0.00;0.00;0.00;0.00;0.00;0.00;0.00;0.00;0.00;0.00;0.00;0.00;0.00;0.00;0.00;0.00;0.00;0.00;0.00;0.00;0.00;0.00;0.00;0.00;0.00;0.00;0.00;0.00;0.00;0.00;0.00;0.00;0.00;0.00;0.00;0.00;0.00;0.00;0.00;0.00;0.00;0.00;0.00;0.00;0.00;0.00;0.00;0.00;0.00;0.00;0.00;0.00;0.00;0.00;0.00;0.00;0.00;0.00;0.00;0.00;0.00;0.00;0.00;0.00;0.00;0.00;0.00;0.00;0.00;0.00;0.00;0.00;0.00;0.00;0.00;0.00;0.00;0.00;0.00;0.00;0.00;0.00;0.00;0.00;0.00;0.00;0.00;0.00;0.00;0.00;0.00;0.00;0.00;0.00;0.00;0.00;0.00;0.00;0.00;0.00;0.00;0.00;0.00;0.00;0.00;0.00;0.00;0.00;0.00;0.00;0.00;0.00;0.00;0.00;0.00;0.00;0.00;0.00;0.00;0.00
2020-03-16 00:00;0.00;0.00;0.00;0.00;0.00;0.00;0.00;0.00;0.00;0.00;0.00;0.00;0.00;0.00;0.00;0.00;0.00;0.00;0.00;0.00;0.00;0.00;0.00;0.00;0.00;0.00;0.00;0.00;0.00;0.00;0.00;0.00;0.00;0.00;0.00;0.00;0.00;0.00;0.00;0.00;0.00;0.00;0.00;0.00;0.00;0.00;0.00;0.00;0.00;0.00;0.00;0.00;0.00;0.00;0.00;0.00;0.00;0.00;0.00;0.00;0.00;0.00;0.00;0.00;0.00;0.00;0.00;0.00;0.00;0.00;0.00;0.00;0.00;0.00;0.00;0.00;0.02;0.00;0.00;0.00;0.00;0.00;0.00;0.00;0.00;0.00;0.00;0.00;0.00;0.00;0.00;0.00;0.00;0.00;0.00;0.00;0.00;0.00;0.01;0.00;0.00;0.00;0.00;0.00;0.00;0.00;0.00;0.00;0.00;0.00;0.00;0.00;0.00;0.00;0.00;0.00;0.00;0.00;0.00;0.00;0.00;0.00;0.00;0.00;0.00;0.00;0.00;0.00;0.00;0.00;0.00;0.00;0.00;0.00;0.00;0.00;0.00;0.00;0.00;0.00;0.00;0.00;0.00;0.00;0.00;0.00;0.00;0.00;0.00;0.00;0.00;0.00;0.00;0.00;0.00;0.00;0.00;0.00;0.00;0.00;0.00;0.00;0.00;0.00;0.00;0.00;0.00;0.00;0.00;0.00;0.00;0.00;0.00;0.00;0.00;0.00;0.00;0.00;0.00;0.00;0.00;0.00;0.00;0.00;0.00;0.00;0.00;0.00;0.00;0.00;0.00;0.00;0.00;0.00;0.00;0.00;0.00;0.00;0.00;0.00;0.00;0.00;0.00;0.00;0.00;0.00;0.00;0.00;0.00;0.00;0.00;0.00;0.00;0.00;0.00;0.00;0.00;0.00;0.00;0.00;0.00;0.00;0.00;0.00;0.00;0.00;0.00;0.00;0.00;0.00;0.00;0.00;0.00;0.00;0.00;0.00;0.00;0.00;0.00;0.00;0.00;0.00;0.00;0.00;0.00;0.00;0.00;0.00;0.00;0.00;0.00;0.00;0.00;0.00;0.00;0.00;0.00;0.00;0.00;0.00;0.00;0.00;0.00;0.00;0.00;0.00;0.00;0.00;0.00;0.00;0.00;0.00;0.00;0.00;0.00;0.00;0.00;0.00;0.00;0.00;0.00;0.00;0.00;0.00;0.00;0.00;0.00;0.00;0.00;0.00;0.00;0.00;0.00;0.00;0.00;0.00;0.00;0.00;0.00;0.00;0.00;0.00;0.00;0.00;0.00;0.00;0.00;0.00;0.00;0.00;0.00;0.00;0.00;0.00;0.00;0.00;0.00;0.00;0.00;0.00;0.00;0.00;0.00;0.00;0.00;0.00;0.00;0.00;0.00;0.00;0.00;0.00;0.00;0.00;0.00;0.00;0.00;0.00;0.00;0.00;0.00;0.00;0.00;0.00;0.00;0.00;0.00;0.00;0.00;0.00;0.00;0.00;0.00;0.00;0.00;0.00;0.00;0.00;0.00;0.00;0.00;0.00;0.00;0.00;0.00;0.00;0.00;0.00;0.00;0.00;0.00;0.00;0.00;0.00;0.00;0.00;0.00;0.00;0.00;0.00;0.00;0.00;0.00;0.00;0.00;0.00;0.00;0.00;0.00;0.00;0.00;0.00;0.00;0.00;0.00;0.00;0.00;0.00;0.00;0.00;0.00;0.00;0.00;0.00;0.00;0.00;0.00;0.00;0.00;0.00;0.00;0.00;0.00;0.00;0.00;0.00;0.00;0.00;0.00;0.00;0.00;0.00;0.00;0.00;0.00;0.00;0.00;0.00;0.00;0.00;0.00;0.00;0.00;0.00;0.00;0.00;0.00;0.00;0.00;0.00;0.00;0.00;0.00;0.00;0.00;0.00;0.00;0.00;0.00;0.00;0.00;0.00;0.00;0.00;0.00;0.00;0.00;0.00;0.00;0.00;0.00;0.00;0.00;0.00;0.00;0.00;0.00;0.00;0.00;0.00;0.00;0.00;0.00;0.00;0.00;0.00;0.00;0.00;0.00;0.00;0.00;0.00;0.00;0.00;0.00;0.00;0.00;0.00;0.00;0.00;0.00;0.00;0.00;0.00;0.00
2020-03-17 00:00;3.81;2.17;1.19;1.96;4.00;3.60;0.45;1.02;1.50;0.82;0.62;4.05;2.69;4.50;0.18;2.25;2.43;0.99;0.64;0.21;0.23;1.13;1.34;0.18;0.18;1.43;1.26;2.79;0.20;0.24;0.33;0.32;0.43;0.17;0.22;0.28;3.87;0.89;1.37;0.28;0.19;0.23;1.95;1.25;3.18;1.39;0.96;0.69;0.26;2.88;1.75;4.80;1.92;0.37;0.30;0.22;0.15;0.33;0.25;2.30;2.12;0.15;4.39;0.37;4.36;1.85;4.33;4.48;4.80;0.50;3.38;4.36;4.80;1.16;0.28;0.53;2.56;0.15;0.18;0.15;1.96;0.92;0.18;0.25;0.16;4.34;0.59;1.77;0.05;2.97;0.00;1.42;0.53;0.65;0.00;1.23;0.53;0.44;0.30;3.07;2.42;2.64;2.70;2.12;3.10;1.85;1.97;2.66;2.82;3.19;2.94;3.16;3.71;3.51;4.66;4.83;5.10;2.91;2.44;2.96;2.29;2.85;2.39;4.17;3.47;2.28;1.75;2.40;2.41;3.16;2.97;2.79;2.32;1.84;2.03;2.17;2.49;3.04;2.66;3.60;2.50;1.12;2.41;2.63;2.25;3.59;2.35;2.89;1.76;2.06;2.39;2.62;2.37;2.34;2.36;3.15;1.14;2.53;4.27;2.23;3.19;0.54;2.51;2.69;2.53;2.44;2.90;3.99;4.02;4.12;3.45;3.56;3.57;3.50;2.25;2.05;3.75;3.01;3.94;4.06;3.69;0.72;3.58;0.82;0.78;1.19;0.31;1.89;0.66;1.07;0.60;0.59;0.44;0.55;0.28;3.55;0.50;0.53;0.37;0.52;0.21;0.27;0.55;0.40;0.40;0.73;2.94;5.10;5.40;5.55;4.26;5.36;5.15;5.26;5.28;3.94;2.43;2.22;0.60;1.19;0.93;3.75;0.29;0.80;1.50;0.86;0.54;0.83;0.45;0.67;1.95;1.40;1.36;3.69;2.95;3.65;3.70;2.80;4.14;3.67;3.69;0.53;3.02;4.17;4.73;6.96;3.82;1.02;3.93;3.05;3.57;2.99;4.01;3.64;3.95;3.84;5.80;3.77;3.62;5.88;4.58;4.16;3.91;1.91;5.08;3.85;1.60;4.00;4.78;4.03;3.42;1.31;4.02;3.75;4.71;1.95;4.24;6.08;6.28;6.81;1.78;5.33;5.20;5.86;5.69;6.02;6.16;3.81;6.77;4.38;3.77;4.67;2.31;4.23;2.38;4.09;2.88;6.55;3.13;4.12;2.01;2.75;0.85;1.79;2.43;2.44;0.97;0.28;2.41;1.79;3.49;2.85;2.49;4.19;3.44;3.51;2.96;3.74;3.60;0.21;0.46;1.17;0.64;1.69;0.45;1.68;2.26;1.32;3.57;0.65;4.13;0.78;0.42;0.34;0.42;0.46;0.45;0.45;0.31;1.58;2.64;1.44;0.50;2.19;0.81;1.82;3.39;2.58;1.97;1.41;2.64;3.74;0.64;6.67;6.71;9.62;9.36;2.70;10.73;3.86;3.70;6.19;6.05;6.83;6.83;6.83;3.02;3.68;6.83;1.22;3.91;3.79;5.51;9.44;4.43;2.31;1.53;3.26;2.86;0.61;2.24;9.67;4.22;3.38;0.80;0.47;2.21;1.20;1.02;3.90;2.29;0.45;3.32;3.45;0.34;0.43;4.54;2.66;0.99;3.83;3.96;3.39;1.28;0.61;0.76;0.38;0.33;1.58;0.47;0.76;0.34;0.46;0.41;3.81;3.61;0.57;3.82;3.83;3.63;0.28;0.71;0.71;0.47;0.49;0.80;1.81;2.25;2.08;4.21;2.17;2.91;2.62;3.17;2.02;2.24;1.82;1.30;1.44;2.31;2.41;2.47;2.83;2.49;3.34;2.46;2.47;2.42;2.52;2.32;2.40;2.80;2.00;2.35;2.53;3.28;2.85;2.16;3.58;2.21;2.28;2.19;3.64;2.28;1.33;4.60;2.32;2.18;3.95;0.15;0.68;0.86;0.96;0.69;2.58;0.27;0.25;0.58;0.25;0.27;1.04;0.08;0.74;1.01;0.67;1.53;3.47;4.52;1.12;2.25;0.47;0.29;0.41;0.92;0.20;1.20
2020-03-18 00:00;0.08;0.08;0.00;0.05;0.09;0.08;0.01;0.03;0.03;0.02;0.01;0.14;0.10;0.10;0.01;0.05;0.10;0.03;0.03;0.01;0.01;0.04;0.04;0.01;0.01;0.08;0.04;0.09;0.01;0.01;0.01;0.01;0.01;0.01;0.01;0.01;0.00;0.04;0.03;0.01;0.01;0.01;0.08;0.03;0.13;0.03;0.04;0.03;0.01;0.12;0.05;0.20;0.08;0.01;0.01;0.01;0.01;0.01;0.01;0.09;0.07;0.01;0.18;0.02;0.18;0.06;0.18;0.17;0.20;0.02;0.14;0.17;0.20;0.05;0.01;0.02;0.10;0.01;0.01;0.01;0.08;0.00;0.01;0.01;0.01;0.10;0.02;0.07;0.00;0.10;0.00;0.04;0.02;0.02;0.00;0.03;0.02;0.00;0.01;0.07;0.01;0.03;0.01;0.03;0.03;0.01;0.01;0.02;0.03;0.04;0.04;0.02;0.07;0.05;0.16;0.17;0.21;0.04;0.04;0.03;0.00;0.04;0.00;0.12;0.05;0.00;0.00;0.00;0.04;0.05;0.06;0.02;0.03;0.00;0.00;0.01;0.01;0.06;0.03;0.12;0.01;0.00;0.05;0.02;0.04;0.10;0.02;0.05;0.00;0.00;0.00;0.05;0.02;0.05;0.03;0.06;0.00;0.04;0.16;0.00;0.06;0.01;0.02;0.05;0.06;0.01;0.02;0.00;0.00;0.16;0.01;0.20;0.16;0.32;0.04;0.29;0.15;0.24;0.18;0.16;0.14;0.02;0.07;0.02;0.02;0.03;0.00;0.05;0.02;0.03;0.02;0.01;0.01;0.01;0.01;0.09;0.01;0.01;0.00;0.01;0.01;0.01;0.01;0.01;0.01;0.02;0.06;0.10;0.10;0.00;0.00;0.10;0.10;0.09;0.10;0.06;0.05;0.03;0.01;0.06;0.01;0.01;0.01;0.01;0.02;0.01;0.01;0.01;0.00;0.01;0.02;0.01;0.01;0.09;0.04;0.11;0.01;0.04;0.19;0.06;0.07;0.01;0.07;0.08;0.11;0.00;0.04;0.01;0.02;0.03;0.08;0.03;0.03;0.09;0.03;0.11;0.07;0.07;0.09;0.00;0.04;0.11;0.09;0.03;0.10;0.02;0.02;0.06;0.01;0.05;0.07;0.02;0.15;0.05;0.13;0.04;0.08;0.00;0.00;0.01;0.01;0.02;0.01;0.00;0.00;0.02;0.00;0.02;0.01;0.06;0.17;0.05;0.04;0.08;0.03;0.11;0.03;0.00;0.04;0.04;0.03;0.05;0.01;0.03;0.04;0.04;0.01;0.00;0.03;0.02;0.07;0.03;0.02;0.05;0.04;0.11;0.02;0.04;0.12;0.00;0.00;0.02;0.01;0.01;0.00;0.02;0.04;0.01;0.05;0.00;0.10;0.01;0.00;0.00;0.00;0.00;0.00;0.00;0.00;0.01;0.04;0.01;0.01;0.01;0.01;0.02;0.03;0.03;0.02;0.02;0.02;0.04;0.01;0.09;0.08;0.05;0.16;0.03;0.10;0.05;0.04;0.00;0.02;0.05;0.05;0.05;0.06;0.12;0.05;0.01;0.04;0.04;0.00;0.01;0.17;0.03;0.01;0.03;0.05;0.01;0.02;0.00;0.11;0.08;0.01;0.01;0.03;0.01;0.01;0.14;0.02;0.00;0.10;0.03;0.00;0.00;0.05;0.02;0.01;0.10;0.08;0.08;0.03;0.02;0.02;0.01;0.01;0.05;0.01;0.02;0.01;0.01;0.01;0.11;0.22;0.02;0.08;0.12;0.25;0.01;0.01;0.02;0.01;0.01;0.02;0.00;0.00;0.00;0.14;0.04;0.06;0.03;0.01;0.00;0.00;0.00;0.00;0.05;0.00;0.01;0.00;0.03;0.02;0.05;0.00;0.00;0.00;0.01;0.01;0.00;0.02;0.00;0.01;0.01;0.04;0.02;0.00;0.07;0.00;0.01;0.00;0.06;0.01;0.00;0.15;0.01;0.00;0.09;0.01;0.03;0.04;0.04;0.03;0.01;0.01;0.01;0.02;0.02;0.01;0.05;0.01;0.03;0.05;0.03;0.07;0.39;0.19;0.05;0.11;0.02;0.01;0.02;0.04;0.00;0.05
2020-03-19 00:00;0.00;0.00;0.00;0.00;0.00;0.00;0.00;0.00;0.00;0.00;0.00;0.00;0.00;0.00;0.00;0.00;0.00;0.00;0.00;0.00;0.00;0.00;0.00;0.00;0.00;0.00;0.00;0.00;0.00;0.00;0.00;0.00;0.00;0.00;0.00;0.00;0.00;0.00;0.00;0.00;0.00;0.00;0.00;0.00;0.00;0.00;0.00;0.00;0.00;0.00;0.00;0.00;0.00;0.00;0.00;0.00;0.00;0.00;0.00;0.00;0.00;0.00;0.00;0.00;0.00;0.00;0.00;0.00;0.00;0.00;0.00;0.00;0.00;0.00;0.00;0.00;0.39;0.00;0.00;0.00;0.00;0.94;0.00;0.00;0.00;0.00;0.00;0.00;0.00;0.00;0.00;0.00;0.01;0.00;0.00;0.00;0.03;0.00;0.04;0.00;0.00;0.00;0.00;0.00;0.00;0.00;0.00;0.00;0.00;0.00;0.00;0.03;0.00;0.00;0.00;0.00;0.00;0.00;0.00;0.00;0.00;0.00;0.00;0.00;0.00;0.00;0.00;0.00;0.00;0.00;0.00;0.00;0.00;0.00;0.00;0.00;0.00;0.00;0.00;0.00;0.00;0.00;0.00;0.00;0.00;0.00;0.00;0.00;0.00;0.00;0.00;0.00;0.00;0.00;0.00;0.00;0.00;0.00;0.00;0.00;0.00;0.00;0.00;0.00;0.00;0.00;0.00;0.00;0.00;0.00;0.00;0.00;0.00;0.00;0.00;0.00;0.00;0.00;0.00;0.00;0.00;0.00;0.00;0.00;0.00;0.00;0.00;0.00;0.00;0.00;0.00;0.00;0.00;0.00;0.00;0.00;0.00;0.00;0.00;0.00;0.00;0.00;0.00;0.00;0.00;0.00;0.00;0.00;0.00;0.00;0.00;0.00;0.00;0.00;0.00;0.00;0.00;0.00;0.00;0.00;0.00;0.00;0.00;0.00;0.00;0.00;0.00;0.00;0.00;0.00;0.00;0.00;0.00;0.00;0.00;0.00;0.00;0.00;0.00;0.00;0.00;0.00;0.00;0.00;0.00;0.00;0.00;0.00;0.00;0.00;0.00;0.00;0.00;0.00;0.00;0.00;0.00;0.00;0.00;0.00;0.00;0.00;0.00;0.00;0.00;0.00;0.00;0.00;0.00;0.00;0.00;0.00;0.00;0.00;0.00;0.00;0.00;0.00;0.00;0.00;0.00;0.00;0.00;0.00;0.00;0.00;0.00;0.00;0.00;0.00;0.00;0.00;0.00;0.00;0.00;0.00;0.00;0.00;0.00;0.00;0.00;0.00;0.00;0.00;0.00;0.00;0.00;0.00;0.00;0.00;0.00;0.00;0.00;0.00;0.00;0.00;0.00;0.00;0.00;0.00;0.00;0.00;0.00;0.00;0.00;0.00;0.00;0.00;0.00;0.00;0.00;0.00;0.00;0.00;0.00;0.00;0.00;0.00;0.00;0.00;0.00;0.00;0.00;0.00;0.00;0.00;0.00;0.00;0.00;0.00;0.00;0.00;0.00;0.00;0.00;0.00;0.00;0.00;0.00;0.00;0.00;0.00;0.00;0.00;0.00;0.00;0.00;0.00;0.00;0.00;0.00;0.00;0.00;0.00;0.00;0.00;0.00;0.00;0.00;0.00;0.00;0.00;0.00;0.00;0.00;0.00;0.00;0.00;0.00;0.00;0.00;0.00;0.00;0.00;0.00;0.00;0.00;0.00;0.00;0.00;0.00;0.00;0.00;0.00;0.00;0.00;0.00;0.00;0.00;0.00;0.00;0.00;0.00;0.00;0.00;0.00;0.00;0.00;0.00;0.00;0.00;0.00;0.00;0.00;0.00;0.00;0.00;0.00;0.00;0.00;0.00;0.00;0.00;0.00;0.00;0.00;0.00;0.00;0.00;0.00;0.00;0.00;0.00;0.00;0.00;0.00;0.00;0.00;0.00;0.00;0.00;0.00;0.00;0.00;0.00;0.00;0.00;0.00;0.00;0.00;0.00;0.00;0.00;0.00;0.00;0.00;0.00;0.00;0.00;0.00;0.00;0.00;0.00;0.00;0.00;0.00;0.00;0.00;0.00;0.00;0.00;0.00;0.00;0.00;0.02;0.00;0.00;0.00;0.00;0.00;0.00;0.00;0.00;0.00;0.00
2020-03-20 00:00;6.12;2.93;1.65;2.96;6.49;5.84;0.68;1.62;2.43;1.33;0.75;6.45;4.24;7.30;0.24;3.65;3.86;1.53;1.03;0.31;0.29;1.78;2.08;0.19;0.18;1.79;1.96;4.33;0.30;0.23;0.34;0.51;0.58;0.09;0.33;0.37;5.34;1.36;2.06;0.32;0.20;0.24;3.12;1.89;5.11;2.06;1.54;1.10;0.37;4.62;2.71;7.70;3.08;0.49;0.51;0.19;0.16;0.50;0.27;3.67;3.32;0.19;7.04;0.46;6.98;2.87;6.95;7.09;7.70;0.70;5.43;6.92;7.70;1.73;0.36;0.86;3.83;0.16;0.23;0.19;3.15;1.12;0.16;0.35;0.22;6.52;0.81;2.76;0.00;4.61;0.00;2.14;0.81;0.87;0.00;1.83;0.74;0.61;0.29;4.91;5.19;5.58;5.30;5.83;5.82;5.63;5.66;5.21;5.95;5.95;6.02;5.96;6.59;5.98;7.30;7.04;6.91;4.95;4.95;4.91;4.43;4.99;4.57;6.15;5.31;4.42;4.45;4.58;5.00;5.07;5.26;4.89;4.91;4.09;4.60;4.71;4.64;5.40;4.96;5.87;4.55;4.15;4.95;4.81;4.83;5.66;4.54;5.05;4.39;4.61;4.43;5.09;4.82;4.90;4.70;5.36;4.13;4.51;6.33;4.32;5.40;3.88;4.51;4.42;4.80;4.53;4.55;4.89;4.82;4.82;4.58;1.01;1.37;3.20;0.81;1.58;3.57;3.10;4.92;3.40;3.00;0.78;1.09;0.79;0.61;1.16;0.24;1.96;0.73;0.96;0.61;0.60;0.38;0.58;0.31;3.33;0.20;0.48;0.26;0.41;0.03;0.24;0.57;0.23;0.43;0.58;2.71;3.11;4.09;3.60;2.91;4.46;2.16;4.75;2.27;2.16;0.69;0.61;0.52;0.86;0.73;3.67;0.36;0.65;0.60;0.77;0.56;0.62;0.40;0.61;0.86;0.95;0.51;2.06;0.76;3.47;5.00;0.72;3.73;2.01;5.02;0.44;1.80;3.42;4.02;4.89;2.60;1.02;4.67;1.69;2.06;1.14;5.80;3.34;6.23;4.16;4.78;4.78;3.57;4.84;4.86;4.75;2.82;0.43;5.30;6.23;0.48;5.14;5.99;4.43;2.86;1.27;4.03;2.75;4.69;0.99;5.46;5.02;5.14;5.52;1.65;6.07;5.72;4.86;4.54;5.17;5.00;6.25;5.54;4.87;3.35;4.69;1.07;3.17;0.67;3.41;1.04;4.89;1.80;3.50;0.91;2.01;0.78;0.49;0.68;0.90;0.89;0.25;0.79;0.47;1.95;0.77;0.84;3.30;3.81;2.20;1.08;4.03;3.15;0.26;0.38;0.61;0.59;0.68;0.37;0.47;0.82;0.43;2.49;0.38;2.39;0.58;0.42;0.38;0.17;0.38;0.37;0.45;0.31;0.53;0.58;0.54;0.44;0.48;0.74;1.00;1.33;0.70;1.44;0.91;1.16;2.60;0.55;5.45;5.96;7.10;8.51;1.16;9.76;1.95;2.17;5.56;5.58;6.21;6.20;6.21;1.51;1.45;6.20;0.35;4.44;1.12;3.34;7.10;3.90;1.44;0.38;0.73;1.16;0.62;0.54;7.13;4.00;2.04;0.81;0.45;1.74;0.58;0.54;3.88;0.59;0.41;2.39;0.96;0.05;0.32;2.56;0.54;0.80;4.12;4.39;4.00;1.30;0.62;0.81;0.47;0.33;1.47;0.39;0.78;0.36;0.47;0.37;1.74;2.19;0.47;1.30;1.61;3.58;0.14;0.62;0.63;0.40;0.33;0.62;4.47;4.42;4.63;6.24;4.78;5.16;4.87;4.71;4.59;4.39;4.44;4.09;0.87;4.44;4.65;4.64;4.98;4.74;5.38;4.62;4.64;4.58;4.69;4.47;4.58;4.87;4.61;4.15;4.90;5.33;4.90;5.65;6.68;5.46;5.77;5.58;6.05;5.79;5.24;7.54;5.75;5.69;7.00;0.11;0.99;1.30;1.43;1.03;4.89;0.40;0.30;0.78;0.35;0.39;1.44;0.13;1.10;1.29;1.01;2.45;3.30;7.25;1.74;3.46;0.88;0.42;0.55;1.41;0.03;2.07
2020-03-21 00:00;0.21;0.22;0.00;0.13;0.24;0.22;0.01;0.05;0.09;0.05;0.04;0.19;0.15;0.27;0.01;0.13;0.12;0.04;0.03;0.01;0.01;0.05;0.05;0.01;0.01;0.09;0.05;0.11;0.01;0.01;0.01;0.02;0.02;0.00;0.01;0.02;0.00;0.04;0.04;0.01;0.01;0.01;0.10;0.04;0.16;0.03;0.05;0.03;0.01;0.15;0.07;0.24;0.10;0.02;0.01;0.01;0.01;0.01;0.01;0.11;0.09;0.01;0.22;0.02;0.22;0.07;0.22;0.21;0.24;0.03;0.17;0.20;0.24;0.06;0.01;0.03;0.10;0.01;0.01;0.01;0.10;0.00;0.01;0.01;0.01;0.12;0.03;0.08;0.00;0.12;0.00;0.04;0.02;0.02;0.00;0.03;0.02;0.00;0.01;0.16;0.02;0.05;0.01;0.04;0.04;0.01;0.02;0.02;0.03;0.05;0.06;0.03;0.09;0.06;0.17;0.17;0.18;0.04;0.04;0.03;0.01;0.04;0.01;0.11;0.05;0.01;0.01;0.01;0.04;0.05;0.06;0.03;0.03;0.00;0.01;0.02;0.01;0.06;0.03;0.10;0.02;0.01;0.05;0.02;0.04;0.09;0.02;0.04;0.01;0.01;0.01;0.04;0.03;0.04;0.03;0.05;0.01;0.04;0.14;0.00;0.06;0.01;0.02;0.06;0.06;0.01;0.02;0.01;0.01;0.15;0.02;0.05;0.05;0.08;0.01;0.11;0.10;0.04;0.16;0.05;0.04;0.03;0.03;0.02;0.02;0.04;0.00;0.06;0.02;0.03;0.02;0.02;0.01;0.02;0.01;0.04;0.00;0.01;0.01;0.01;0.00;0.01;0.02;0.01;0.01;0.02;0.08;0.04;0.08;0.00;0.02;0.09;0.02;0.11;0.03;0.02;0.02;0.01;0.01;0.02;0.01;0.08;0.00;0.01;0.02;0.02;0.01;0.02;0.01;0.01;0.02;0.02;0.01;0.05;0.03;0.07;0.09;0.02;0.05;0.03;0.10;0.01;0.04;0.06;0.06;0.00;0.04;0.03;0.13;0.04;0.07;0.02;0.13;0.05;0.15;0.06;0.05;0.08;0.04;0.00;0.25;0.20;0.05;0.01;0.14;0.13;0.01;0.32;0.10;0.32;0.03;0.03;0.18;0.03;0.18;0.02;0.09;0.01;0.00;0.01;0.01;0.09;0.09;0.00;0.01;0.00;0.01;0.12;0.00;0.37;0.09;0.32;0.03;0.05;0.02;0.13;0.04;0.00;0.05;0.07;0.02;0.03;0.02;0.01;0.02;0.02;0.02;0.01;0.02;0.01;0.08;0.04;0.02;0.08;0.07;0.14;0.01;0.09;0.05;0.01;0.01;0.02;0.01;0.02;0.01;0.01;0.02;0.01;0.07;0.01;0.15;0.01;0.01;0.01;0.01;0.01;0.01;0.01;0.01;0.01;0.02;0.01;0.01;0.01;0.02;0.02;0.02;0.02;0.04;0.03;0.03;0.06;0.01;0.16;0.14;0.10;0.31;0.03;0.23;0.03;0.05;0.27;0.58;0.00;0.00;0.00;0.05;0.06;0.00;0.01;0.06;0.06;0.00;0.02;0.19;0.04;0.01;0.04;0.03;0.02;0.01;0.00;0.06;0.10;0.02;0.01;0.06;0.01;0.01;0.14;0.01;0.01;0.04;0.05;0.01;0.01;0.09;0.01;0.02;0.12;0.13;0.13;0.04;0.02;0.03;0.01;0.01;0.06;0.01;0.03;0.01;0.01;0.01;0.04;0.08;0.02;0.03;0.06;0.29;0.01;0.02;0.03;0.01;0.01;0.03;0.01;0.01;0.01;0.12;0.04;0.05;0.03;0.01;0.01;0.01;0.01;0.01;0.03;0.01;0.01;0.01;0.03;0.02;0.05;0.01;0.01;0.01;0.01;0.01;0.01;0.02;0.01;0.03;0.01;0.04;0.02;0.01;0.08;0.01;0.02;0.01;0.07;0.02;0.01;0.18;0.01;0.01;0.11;0.01;0.03;0.05;0.04;0.04;0.02;0.00;0.01;0.03;0.02;0.01;0.06;0.00;0.04;0.06;0.03;0.08;0.39;0.23;0.05;0.13;0.03;0.01;0.02;0.04;0.00;0.06
2020-03-22 00:00;0.29;0.30;0.00;0.18;0.32;0.29;0.02;0.07;0.12;0.07;0.05;0.27;0.21;0.36;0.01;0.18;0.19;0.05;0.05;0.01;0.01;0.07;0.07;0.01;0.01;0.12;0.07;0.15;0.01;0.01;0.01;0.02;0.02;0.01;0.01;0.01;0.00;0.06;0.05;0.01;0.01;0.01;0.14;0.05;0.23;0.05;0.07;0.05;0.01;0.21;0.09;0.35;0.14;0.02;0.01;0.01;0.01;0.02;0.01;0.16;0.13;0.01;0.32;0.02;0.31;0.10;0.31;0.29;0.35;0.03;0.24;0.29;0.35;0.08;0.01;0.04;0.14;0.01;0.01;0.01;0.14;0.00;0.01;0.01;0.01;0.17;0.04;0.11;0.00;0.17;0.00;0.06;0.04;0.03;0.00;0.04;0.04;0.00;0.01;0.09;0.02;0.04;0.02;0.05;0.05;0.01;0.02;0.02;0.04;0.06;0.07;0.03;0.13;0.08;0.24;0.24;0.24;0.04;0.04;0.03;0.00;0.04;0.00;0.14;0.06;0.00;0.00;0.00;0.04;0.06;0.07;0.03;0.03;0.00;0.00;0.01;0.01;0.07;0.04;0.13;0.01;0.00;0.06;0.02;0.04;0.11;0.02;0.05;0.00;0.00;0.00;0.05;0.03;0.05;0.04;0.06;0.00;0.03;0.18;0.00;0.07;0.01;0.02;0.04;0.06;0.01;0.02;0.01;0.00;0.15;0.01;0.01;0.05;0.04;0.01;0.11;0.02;0.09;0.16;0.06;0.03;0.03;0.01;0.03;0.02;0.05;0.00;0.08;0.03;0.05;0.03;0.02;0.01;0.02;0.01;0.01;0.01;0.02;0.00;0.01;0.00;0.01;0.02;0.00;0.01;0.02;0.11;0.04;0.05;0.05;0.11;0.03;0.02;0.05;0.02;0.03;0.02;0.02;0.01;0.03;0.02;0.11;0.00;0.02;0.02;0.02;0.02;0.02;0.01;0.02;0.03;0.03;0.02;0.07;0.01;0.02;0.01;0.03;0.04;0.03;0.03;0.01;0.04;0.01;0.03;0.08;0.06;0.03;0.04;0.05;0.04;0.02;0.03;0.01;0.03;0.02;0.38;0.02;0.02;0.09;0.46;0.02;0.01;0.01;0.04;0.03;0.01;0.07;0.13;0.10;0.01;0.04;0.03;0.02;0.04;0.03;0.03;0.10;0.09;0.08;0.03;0.17;0.18;0.09;0.21;0.24;0.07;0.03;0.08;0.30;0.05;0.63;0.03;0.02;0.02;0.09;0.03;0.00;0.01;0.01;0.03;0.01;0.03;0.02;0.02;0.04;0.03;0.01;0.03;0.02;0.04;0.02;0.03;0.04;0.03;0.04;0.01;0.01;0.04;0.01;0.01;0.03;0.02;0.02;0.01;0.02;0.03;0.01;0.10;0.01;0.12;0.02;0.01;0.01;0.01;0.01;0.01;0.01;0.01;0.01;0.02;0.01;0.01;0.02;0.02;0.03;0.04;0.02;0.05;0.04;0.04;0.09;0.01;0.21;0.20;0.12;0.39;0.05;0.31;0.02;0.07;0.80;1.01;0.00;0.00;0.00;0.07;0.07;0.00;0.01;0.03;0.03;0.02;0.00;0.06;0.06;0.01;0.03;0.05;0.02;0.02;0.02;0.04;0.06;0.02;0.02;0.08;0.02;0.02;0.05;0.02;0.01;0.04;0.03;0.00;0.00;0.05;0.02;0.03;0.07;0.17;0.15;0.04;0.02;0.04;0.02;0.01;0.08;0.02;0.03;0.01;0.02;0.02;0.03;0.06;0.02;0.02;0.04;0.14;0.01;0.03;0.03;0.02;0.01;0.03;0.00;0.01;0.00;0.16;0.05;0.06;0.03;0.01;0.00;0.00;0.00;0.00;0.04;0.00;0.01;0.01;0.03;0.02;0.05;0.00;0.00;0.00;0.01;0.01;0.00;0.02;0.00;0.01;0.01;0.05;0.02;0.01;0.11;0.00;0.02;0.01;0.08;0.02;0.00;0.26;0.01;0.00;0.15;0.01;0.04;0.05;0.07;0.04;0.02;0.02;0.01;0.04;0.01;0.02;0.08;0.00;0.05;0.07;0.05;0.11;0.50;0.33;0.08;0.19;0.04;0.01;0.02;0.06;0.00;0.09
2020-03-23 00:00;0.43;0.42;0.00;0.27;0.48;0.43;0.03;0.11;0.18;0.10;0.06;0.43;0.33;0.54;0.02;0.27;0.30;0.08;0.06;0.01;0.01;0.11;0.11;0.01;0.02;0.18;0.11;0.24;0.02;0.02;0.01;0.04;0.03;0.01;0.03;0.02;0.00;0.09;0.08;0.02;0.01;0.01;0.22;0.08;0.37;0.08;0.11;0.08;0.02;0.33;0.15;0.55;0.22;0.04;0.02;0.01;0.00;0.02;0.01;0.25;0.20;0.00;0.51;0.03;0.50;0.16;0.50;0.47;0.55;0.06;0.39;0.47;0.55;0.13;0.01;0.06;0.23;0.00;0.00;0.00;0.23;0.00;0.02;0.02;0.00;0.28;0.06;0.18;0.00;0.26;0.00;0.10;0.05;0.05;0.00;0.07;0.05;0.00;0.02;0.12;0.02;0.05;0.02;0.08;0.07;0.02;0.03;0.04;0.07;0.10;0.12;0.05;0.21;0.13;0.40;0.41;0.45;0.09;0.08;0.06;0.01;0.08;0.00;0.27;0.12;0.00;0.01;0.00;0.08;0.11;0.13;0.05;0.06;0.00;0.00;0.03;0.02;0.13;0.08;0.25;0.03;0.01;0.11;0.04;0.08;0.21;0.04;0.10;0.00;0.01;0.00;0.10;0.05;0.10;0.07;0.12;0.01;0.06;0.34;0.00;0.13;0.02;0.03;0.07;0.11;0.02;0.04;0.01;0.00;0.25;0.03;0.08;0.05;0.04;0.00;0.19;0.10;0.09;0.25;0.16;0.04;0.06;0.03;0.06;0.04;0.10;0.00;0.15;0.06;0.10;0.04;0.04;0.04;0.03;0.02;0.03;0.01;0.02;0.00;0.00;0.00;0.01;0.03;0.00;0.00;0.05;0.24;0.08;0.05;0.24;0.24;0.03;0.09;0.10;0.04;0.08;0.05;0.04;0.04;0.06;0.03;0.34;0.00;0.03;0.04;0.04;0.02;0.03;0.02;0.03;0.06;0.07;0.03;0.17;0.03;0.06;0.03;0.06;0.09;0.07;0.07;0.03;0.09;0.03;0.07;0.34;0.12;0.05;0.03;0.11;0.09;0.03;0.05;0.03;0.07;0.04;1.13;0.05;0.05;0.36;0.27;0.06;0.03;0.03;0.10;0.03;0.02;0.12;0.03;0.09;0.03;0.08;0.06;0.05;0.10;0.06;0.08;0.38;0.33;0.35;0.05;0.13;0.15;0.36;0.74;0.91;0.33;0.03;0.34;0.14;0.11;0.62;0.07;0.06;0.05;0.17;0.06;0.02;0.03;0.03;0.07;0.03;0.04;0.04;0.06;0.09;0.05;0.00;0.06;0.03;0.10;0.05;0.06;0.09;0.06;0.09;0.03;0.03;0.09;0.00;0.02;0.04;0.02;0.04;0.03;0.04;0.07;0.02;0.23;0.02;0.28;0.03;0.02;0.02;0.01;0.03;0.03;0.02;0.01;0.02;0.05;0.02;0.01;0.03;0.03;0.07;0.08;0.05;0.10;0.06;0.10;0.20;0.01;0.48;0.45;0.24;0.77;0.13;0.72;0.04;0.17;1.86;1.98;0.28;0.28;0.28;0.17;0.16;0.28;0.02;0.06;0.07;0.25;0.05;0.12;0.13;0.03;0.06;0.10;0.04;0.04;0.06;0.09;0.14;0.06;0.04;0.18;0.03;0.03;0.12;0.05;0.03;0.09;0.08;0.00;0.03;0.11;0.04;0.06;0.11;0.22;0.09;0.11;0.05;0.10;0.00;0.02;0.16;0.02;0.05;0.02;0.04;0.03;0.08;0.15;0.05;0.03;0.07;0.29;0.00;0.05;0.07;0.05;0.02;0.04;0.01;0.01;0.00;0.30;0.09;0.12;0.07;0.02;0.00;0.00;0.00;0.00;0.08;0.01;0.02;0.01;0.07;0.04;0.10;0.00;0.01;0.00;0.02;0.01;0.00;0.04;0.00;0.01;0.02;0.09;0.04;0.01;0.18;0.00;0.04;0.01;0.15;0.03;0.00;0.47;0.02;0.01;0.24;0.01;0.07;0.09;0.10;0.07;0.03;0.03;0.02;0.05;0.02;0.02;0.15;0.01;0.08;0.13;0.07;0.17;0.73;0.52;0.12;0.29;0.06;0.02;0.03;0.09;0.00;0.14
2020-03-24 00:00;7.11;4.00;2.48;3.29;7.40;6.66;0.88;1.91;2.78;1.51;0.79;7.50;4.80;8.33;0.28;4.16;4.25;1.86;1.17;0.29;0.27;2.08;2.52;0.21;0.20;1.81;2.35;5.24;0.28;0.27;0.38;0.58;0.63;0.11;0.40;0.40;7.87;1.55;2.64;0.45;0.23;0.27;3.57;2.40;5.81;2.69;1.75;1.25;0.34;5.26;3.29;8.76;3.50;0.56;0.40;0.30;0.18;0.60;0.36;4.23;3.94;0.24;8.00;0.55;7.94;3.47;7.91;8.26;8.76;0.76;6.17;8.02;8.76;1.97;0.50;0.97;4.60;0.15;0.23;0.19;3.58;1.65;0.18;0.34;0.16;8.31;0.95;3.24;0.00;5.56;0.00;2.70;0.78;1.14;0.00;2.36;0.93;0.89;0.17;5.55;6.73;6.83;6.87;7.08;7.32;7.02;7.07;6.68;7.36;7.39;7.37;7.06;7.89;7.45;8.51;8.34;7.98;6.52;6.38;6.59;6.25;6.54;6.23;7.36;6.88;6.25;6.12;6.23;6.42;6.68;6.60;6.51;6.41;5.75;6.22;6.27;6.28;6.63;6.37;7.05;6.36;5.70;6.35;6.40;6.28;7.02;6.24;6.53;5.91;6.21;6.31;6.40;6.33;6.36;6.14;6.69;5.71;6.00;7.40;6.08;6.72;5.16;6.31;5.85;6.18;6.19;5.86;5.73;5.73;5.29;5.57;0.91;0.66;2.07;0.00;1.85;2.67;1.82;5.64;1.93;1.40;0.71;0.00;0.65;0.61;1.14;0.25;1.81;0.67;0.92;0.55;0.56;0.37;0.50;0.30;2.39;0.13;0.55;0.12;0.25;0.00;0.18;0.45;0.24;0.24;0.52;2.34;1.69;2.85;5.26;3.58;2.52;1.14;3.00;1.05;1.54;0.62;0.60;0.35;0.72;0.64;3.76;0.21;0.62;0.52;0.50;0.29;0.43;0.33;0.16;0.73;0.75;0.44;1.37;0.33;0.55;1.99;0.58;0.74;0.68;1.64;0.34;0.84;1.12;0.92;3.25;1.26;0.54;1.92;1.14;0.77;0.33;1.75;0.32;2.01;0.33;3.12;0.69;0.50;3.16;3.56;1.86;0.32;0.29;1.94;1.62;0.29;2.59;2.74;2.49;0.29;0.81;1.12;0.63;1.75;0.61;1.04;3.25;2.85;2.91;0.63;3.28;3.21;3.16;2.93;3.64;2.53;1.89;2.91;3.14;0.86;3.65;0.72;0.57;0.47;1.55;0.59;4.63;0.28;0.96;0.64;0.33;0.64;0.40;0.56;0.80;0.80;0.06;0.64;0.38;0.83;0.42;0.60;0.86;0.68;0.70;0.28;1.39;0.85;0.13;0.31;0.62;0.36;0.50;0.33;0.42;0.70;0.32;2.02;0.34;1.80;0.44;0.28;0.25;0.03;0.28;0.33;0.36;0.08;0.45;0.51;0.51;0.31;0.41;0.57;0.78;1.14;0.60;1.16;0.83;0.96;2.14;0.36;4.55;5.01;7.10;6.48;1.04;7.87;0.76;1.81;4.84;4.70;5.48;5.47;5.48;1.27;1.19;5.47;0.34;1.59;0.74;4.13;7.12;2.49;1.21;0.34;0.65;0.82;0.51;0.38;6.75;1.97;1.06;0.65;0.36;1.54;0.44;0.41;2.63;0.51;0.34;0.78;0.80;0.08;0.20;1.90;0.46;0.73;2.80;4.00;3.64;1.11;0.57;0.75;0.38;0.27;1.25;0.34;0.59;0.32;0.27;0.38;1.06;1.29;0.39;1.11;0.80;2.78;0.19;0.60;0.56;0.47;0.42;0.69;6.13;6.18;6.11;7.38;6.10;6.55;6.35;6.03;6.20;6.21;6.02;5.65;0.94;6.27;6.21;6.29;6.54;6.26;6.84;6.28;6.28;6.24;6.32;6.26;6.23;6.51;6.22;5.82;6.54;6.80;6.54;7.13;8.02;6.97;7.20;7.06;7.30;7.30;6.41;8.72;7.19;7.20;8.40;0.12;1.18;1.48;2.50;1.03;6.33;1.89;0.43;1.00;0.30;0.41;1.51;0.24;1.27;1.36;1.26;2.76;2.78;8.25;1.97;3.90;0.84;0.39;0.51;1.66;0.09;2.26
2020-03-25 00:00;0.00;0.00;0.00;0.00;0.00;0.00;0.00;0.00;0.00;0.00;0.00;0.00;0.00;0.00;0.00;0.00;0.00;0.00;0.00;0.00;0.00;0.00;0.00;0.00;0.00;0.00;0.00;0.00;0.00;0.00;0.00;0.00;0.00;0.00;0.00;0.00;0.00;0.00;0.00;0.00;0.00;0.00;0.00;0.00;0.00;0.00;0.00;0.00;0.00;0.00;0.00;0.00;0.00;0.00;0.00;0.00;0.00;0.00;0.00;0.00;0.00;0.00;0.00;0.00;0.00;0.00;0.00;0.00;0.00;0.00;0.00;0.00;0.00;0.00;0.00;0.00;0.00;0.00;0.00;0.00;0.00;0.00;0.00;0.00;0.00;0.00;0.00;0.00;0.00;0.00;0.00;0.00;0.00;0.00;0.00;0.00;0.00;0.00;0.00;0.00;0.00;0.00;0.00;0.00;0.00;0.00;0.00;0.00;0.00;0.00;0.00;0.00;0.00;0.00;0.02;0.03;0.07;0.01;0.01;0.01;0.00;0.01;0.00;0.04;0.02;0.00;0.00;0.00;0.01;0.02;0.02;0.01;0.01;0.00;0.00;0.00;0.00;0.02;0.01;0.04;0.00;0.00;0.02;0.01;0.01;0.03;0.01;0.02;0.00;0.00;0.00;0.02;0.01;0.02;0.01;0.02;0.00;0.01;0.05;0.00;0.02;0.00;0.00;0.01;0.02;0.00;0.00;0.00;0.00;0.00;0.00;0.00;0.00;0.00;0.00;0.00;0.00;0.01;0.01;0.00;0.00;0.00;0.00;0.00;0.00;0.00;0.00;0.00;0.00;0.00;0.00;0.00;0.00;0.00;0.00;0.00;0.00;0.00;0.00;0.00;0.00;0.00;0.00;0.00;0.00;0.00;0.00;0.00;0.00;0.00;0.00;0.00;0.00;0.00;0.00;0.00;0.00;0.00;0.00;0.00;0.00;0.00;0.00;0.00;0.00;0.00;0.00;0.00;0.00;0.00;0.00;0.00;0.00;0.00;0.00;0.00;0.00;0.00;0.00;0.00;0.00;0.00;0.00;0.00;0.00;0.00;0.00;0.00;0.00;0.00;0.00;0.00;0.00;0.00;0.00;0.00;0.00;0.00;0.00;0.00;0.00;0.00;0.00;0.00;0.00;0.00;0.00;0.00;0.00;0.00;0.00;0.00;0.00;0.00;0.00;0.00;0.00;0.00;0.00;0.00;0.00;0.00;0.00;0.00;0.00;0.00;0.00;0.00;0.00;0.00;0.00;0.00;0.00;0.00;0.00;0.00;0.00;0.00;0.00;0.00;0.00;0.00;0.00;0.00;0.00;0.00;0.00;0.00;0.00;0.00;0.00;0.00;0.00;0.00;0.00;0.00;0.00;0.00;0.00;0.00;0.00;0.00;0.00;0.00;0.00;0.00;0.00;0.00;0.00;0.00;0.00;0.00;0.00;0.00;0.00;0.00;0.00;0.00;0.00;0.00;0.00;0.00;0.00;0.00;0.00;0.00;0.00;0.00;0.00;0.00;0.00;0.00;0.00;0.00;0.00;0.00;0.00;0.00;0.00;0.00;0.00;0.00;0.00;0.00;0.00;0.00;0.00;0.00;0.00;0.00;0.00;0.00;0.00;0.00;0.00;0.00;0.00;0.00;0.00;0.00;0.00;0.00;0.00;0.00;0.00;0.00;0.00;0.00;0.00;0.00;0.00;0.00;0.00;0.00;0.00;0.00;0.00;0.00;0.00;0.00;0.00;0.00;0.00;0.00;0.00;0.00;0.00;0.00;0.00;0.00;0.00;0.00;0.00;0.00;0.00;0.00;0.00;0.00;0.00;0.00;0.00;0.00;0.00;0.00;0.00;0.00;0.00;0.00;0.05;0.01;0.02;0.01;0.00;0.00;0.00;0.00;0.00;0.01;0.00;0.00;0.00;0.01;0.01;0.02;0.00;0.00;0.00;0.00;0.00;0.00;0.01;0.00;0.00;0.00;0.01;0.01;0.00;0.00;0.00;0.00;0.00;0.02;0.00;0.00;0.00;0.00;0.00;0.00;0.00;0.00;0.00;0.00;0.00;0.00;0.00;0.00;0.00;0.00;0.00;0.00;0.00;0.00;0.00;0.00;0.00;0.00;0.00;0.00;0.00;0.00;0.00;0.00;0.00;0.00;0.00
2020-03-26 00:00;0.08;0.09;0.00;0.05;0.09;0.08;0.01;0.02;0.03;0.02;0.01;0.08;0.06;0.10;0.00;0.05;0.06;0.02;0.01;0.00;0.00;0.02;0.02;0.00;0.00;0.03;0.02;0.04;0.00;0.00;0.00;0.01;0.01;0.00;0.00;0.00;0.00;0.02;0.01;0.00;0.00;0.00;0.04;0.02;0.07;0.01;0.02;0.01;0.00;0.06;0.03;0.10;0.04;0.01;0.01;0.00;0.00;0.00;0.00;0.05;0.04;0.00;0.09;0.00;0.09;0.03;0.09;0.08;0.10;0.01;0.07;0.08;0.10;0.02;0.00;0.01;0.04;0.00;0.00;0.00;0.04;0.00;0.00;0.00;0.00;0.05;0.01;0.03;0.00;0.05;0.00;0.02;0.01;0.01;0.00;0.01;0.01;0.00;0.00;0.05;0.00;0.02;0.01;0.02;0.01;0.01;0.01;0.01;0.01;0.02;0.02;0.01;0.04;0.02;0.07;0.07;0.07;0.01;0.01;0.01;0.00;0.01;0.00;0.04;0.02;0.00;0.00;0.00;0.01;0.02;0.02;0.01;0.01;0.00;0.00;0.00;0.00;0.02;0.01;0.04;0.00;0.00;0.02;0.01;0.01;0.03;0.01;0.02;0.00;0.00;0.00;0.02;0.01;0.02;0.01;0.02;0.00;0.01;0.05;0.00;0.02;0.00;0.00;0.01;0.02;0.00;0.01;0.01;0.01;0.08;0.01;0.01;0.01;0.01;0.00;0.06;0.02;0.04;0.08;0.06;0.02;0.01;0.01;0.02;0.01;0.03;0.00;0.05;0.02;0.02;0.01;0.01;0.00;0.01;0.00;0.01;0.00;0.01;0.00;0.00;0.00;0.00;0.01;0.00;0.00;0.01;0.10;0.02;0.02;0.11;0.12;0.02;0.02;0.05;0.01;0.04;0.02;0.01;0.01;0.03;0.01;0.15;0.00;0.02;0.01;0.02;0.01;0.02;0.00;0.01;0.03;0.04;0.02;0.09;0.02;0.03;0.02;0.03;0.05;0.03;0.04;0.00;0.05;0.02;0.04;0.22;0.07;0.03;0.02;0.06;0.05;0.02;0.03;0.02;0.04;0.02;0.72;0.03;0.03;0.12;0.06;0.04;0.02;0.01;0.06;0.02;0.01;0.07;0.02;0.06;0.02;0.03;0.04;0.04;0.06;0.02;0.05;0.13;0.19;0.28;0.03;0.05;0.02;0.12;0.39;0.73;0.20;0.02;0.28;0.10;0.06;0.14;0.03;0.04;0.01;0.09;0.03;0.17;0.02;0.02;0.03;0.02;0.02;0.01;0.02;0.05;0.02;0.00;0.03;0.01;0.05;0.02;0.03;0.05;0.03;0.05;0.01;0.02;0.05;0.00;0.01;0.01;0.01;0.02;0.00;0.02;0.02;0.01;0.11;0.01;0.16;0.01;0.00;0.00;0.00;0.00;0.00;0.01;0.00;0.01;0.02;0.00;0.00;0.01;0.02;0.03;0.04;0.03;0.05;0.02;0.04;0.10;0.00;0.25;0.22;0.14;0.43;0.05;0.39;0.02;0.09;0.64;0.48;1.95;1.95;1.95;0.09;0.08;1.95;0.01;0.03;0.04;0.18;0.00;0.06;0.08;0.01;0.03;0.05;0.02;0.01;0.03;0.04;0.08;0.00;0.00;0.11;0.02;0.02;0.06;0.02;0.00;0.05;0.04;0.00;0.00;0.06;0.02;0.02;0.02;0.03;0.02;0.04;0.01;0.02;0.00;0.00;0.06;0.00;0.02;0.00;0.01;0.00;0.02;0.03;0.01;0.00;0.02;0.06;0.00;0.01;0.02;0.01;0.00;0.01;0.00;0.00;0.00;0.05;0.01;0.02;0.01;0.01;0.00;0.00;0.00;0.00;0.02;0.00;0.00;0.00;0.01;0.01;0.02;0.00;0.00;0.00;0.00;0.00;0.00;0.01;0.00;0.00;0.00;0.01;0.01;0.00;0.03;0.00;0.01;0.00;0.02;0.01;0.00;0.07;0.01;0.00;0.04;0.00;0.01;0.02;0.02;0.02;0.01;0.01;0.00;0.01;0.00;0.00;0.03;0.00;0.02;0.02;0.01;0.03;0.15;0.09;0.02;0.05;0.01;0.00;0.01;0.02;0.00;0.02
2020-03-27 00:00;2.69;1.86;0.72;1.36;2.84;2.56;0.30;0.70;1.07;0.58;0.33;2.76;1.85;3.20;0.11;1.60;1.65;0.66;0.39;0.14;0.09;0.76;0.89;0.06;0.02;0.74;0.84;1.85;0.13;0.09;0.08;0.22;0.22;0.06;0.17;0.13;2.27;0.57;0.88;0.10;0.06;0.06;1.34;0.81;2.19;0.88;0.66;0.47;0.10;1.98;1.16;3.30;1.32;0.15;0.13;0.07;0.01;0.16;0.09;1.57;1.42;0.00;3.02;0.15;2.99;1.23;2.98;3.04;3.30;0.38;2.33;2.97;3.30;0.76;0.09;0.37;1.64;0.14;0.02;0.00;1.35;0.48;0.02;0.10;0.11;2.79;0.37;1.18;0.00;1.97;0.00;0.92;0.29;0.35;0.00;0.78;0.31;0.26;0.04;0.42;0.11;0.17;0.42;0.48;0.63;0.12;0.17;0.24;0.42;0.87;0.71;0.53;1.49;0.97;2.99;3.14;3.21;0.78;0.45;0.64;0.04;0.46;0.00;2.04;1.23;0.02;0.03;0.00;0.49;1.05;0.76;0.38;0.38;0.76;0.00;0.15;0.09;0.81;0.59;1.50;0.35;0.05;0.65;0.23;0.49;1.50;0.21;0.70;0.03;0.03;0.00;0.59;0.38;0.59;0.62;0.70;0.04;0.21;2.31;0.63;0.78;0.14;0.13;0.27;0.55;0.14;0.29;0.85;0.81;1.41;0.43;0.00;0.32;0.00;0.00;0.71;0.63;0.58;1.20;0.99;0.03;0.50;0.00;0.39;0.38;0.76;0.13;1.17;0.45;0.51;0.45;0.33;0.12;0.25;0.13;0.22;0.09;0.34;0.03;0.13;0.00;0.10;0.38;0.08;0.11;0.36;1.73;0.55;0.73;2.41;2.83;0.42;0.00;1.00;0.13;1.05;0.48;0.48;0.33;0.54;0.44;3.51;0.02;0.31;0.32;0.22;0.17;0.28;0.15;0.17;0.53;0.48;0.27;1.26;0.26;0.56;0.38;0.47;0.69;0.60;0.53;0.10;0.67;0.30;0.69;3.52;1.06;0.40;0.22;0.90;0.70;0.26;0.49;0.29;0.60;0.32;3.09;0.40;0.50;2.63;1.48;0.54;0.23;0.29;0.90;0.31;0.26;0.89;0.68;0.80;0.29;0.54;0.40;0.59;0.82;0.62;0.81;2.73;2.99;3.81;0.44;1.32;0.82;2.63;2.99;4.03;2.99;0.31;3.70;0.95;0.85;2.66;0.59;0.51;0.46;0.91;0.47;2.73;0.22;0.24;0.52;0.22;0.42;0.32;0.50;0.63;0.41;0.00;0.48;0.33;0.69;0.34;0.48;0.71;0.48;0.60;0.22;0.25;0.69;0.00;0.18;0.26;0.18;0.31;0.08;0.32;0.56;0.26;1.53;0.20;1.56;0.33;0.07;0.00;0.00;0.02;0.10;0.05;0.00;0.38;0.40;0.29;0.18;0.24;0.29;0.60;0.90;0.44;0.93;0.43;0.74;1.70;0.07;3.67;4.00;5.33;5.22;0.82;6.29;0.29;1.41;4.02;3.50;4.69;4.68;4.69;1.18;0.96;4.68;0.14;0.44;0.56;3.25;5.36;0.85;1.12;0.18;0.50;0.69;0.16;0.28;4.94;0.61;0.83;0.48;0.08;1.11;0.38;0.38;0.88;0.36;0.13;0.66;0.65;0.04;0.14;0.95;0.31;0.44;0.46;1.25;0.65;0.62;0.32;0.37;0.03;0.11;0.95;0.12;0.36;0.14;0.18;0.08;0.17;0.27;0.30;0.10;0.44;1.01;0.07;0.32;0.43;0.13;0.15;0.39;0.05;0.06;0.00;2.17;0.53;0.72;0.39;0.36;0.00;0.00;0.00;0.00;0.45;0.03;0.12;0.06;0.38;0.23;0.74;0.03;0.05;0.00;0.11;0.08;0.00;0.23;0.01;0.06;0.12;0.62;0.25;0.05;1.58;0.00;0.23;0.05;1.28;0.16;0.00;3.06;0.11;0.05;2.16;0.00;0.38;0.53;0.70;0.44;0.19;0.21;0.08;0.33;0.13;0.09;0.64;0.03;0.48;0.60;0.40;1.04;2.00;3.11;0.74;1.55;0.35;0.12;0.19;0.58;0.00;0.82
2020-03-28 00:00;0.00;0.00;0.00;0.00;0.00;0.00;0.00;0.00;0.00;0.00;0.00;0.00;0.00;0.00;0.00;0.00;0.00;0.00;0.00;0.00;0.00;0.00;0.00;0.00;0.00;0.00;0.00;0.00;0.00;0.00;0.00;0.00;0.00;0.00;0.00;0.00;0.00;0.00;0.00;0.00;0.00;0.00;0.00;0.00;0.00;0.00;0.00;0.00;0.00;0.00;0.00;0.00;0.00;0.00;0.00;0.00;0.00;0.00;0.00;0.00;0.00;0.00;0.00;0.00;0.00;0.00;0.00;0.00;0.00;0.00;0.00;0.00;0.00;0.00;0.00;0.00;0.00;0.00;0.00;0.00;0.00;0.00;0.00;0.00;0.00;0.00;0.00;0.00;0.00;0.00;0.00;0.00;0.00;0.00;0.00;0.00;0.00;0.00;0.00;0.00;0.00;0.00;0.00;0.00;0.00;0.00;0.00;0.00;0.00;0.00;0.00;0.00;0.00;0.00;0.00;0.00;0.00;0.00;0.00;0.00;0.00;0.00;0.00;0.00;0.00;0.00;0.00;0.00;0.00;0.00;0.00;0.00;0.00;0.00;0.00;0.00;0.00;0.00;0.00;0.00;0.00;0.00;0.00;0.00;0.00;0.00;0.00;0.00;0.00;0.00;0.00;0.00;0.00;0.00;0.00;0.00;0.00;0.00;0.00;0.00;0.00;0.00;0.00;0.00;0.00;0.00;0.00;0.00;0.00;0.00;0.00;0.00;0.00;0.00;0.00;0.00;0.00;0.00;0.00;0.00;0.00;0.00;0.00;0.00;0.00;0.00;0.00;0.00;0.00;0.00;0.00;0.00;0.00;0.00;0.00;0.00;0.00;0.00;0.00;0.00;0.00;0.00;0.00;0.00;0.00;0.00;0.00;0.00;0.00;0.00;0.00;0.00;0.00;0.00;0.00;0.00;0.00;0.00;0.00;0.00;0.00;0.00;0.00;0.00;0.00;0.00;0.00;0.00;0.00;0.00;0.00;0.00;0.00;0.00;0.00;0.00;0.00;0.00;0.00;0.00;0.00;0.00;0.00;0.00;0.00;0.00;0.00;0.00;0.00;0.00;0.00;0.00;0.00;0.00;0.00;0.00;0.00;0.00;0.00;0.00;0.00;0.00;0.00;0.00;0.00;0.00;0.00;0.00;0.00;0.00;0.00;0.00;0.00;0.00;0.00;0.00;0.00;0.00;0.00;0.00;0.00;0.00;0.00;0.00;0.00;0.00;0.00;0.00;0.00;0.00;0.00;0.00;0.00;0.00;0.00;0.00;0.00;0.00;0.00;0.00;0.00;0.00;0.00;0.00;0.00;0.00;0.00;0.00;0.00;0.00;0.00;0.00;0.00;0.00;0.00;0.00;0.00;0.00;0.00;0.00;0.00;0.00;0.00;0.00;0.00;0.00;0.00;0.00;0.00;0.00;0.00;0.00;0.00;0.00;0.00;0.00;0.00;0.00;0.00;0.00;0.00;0.00;0.00;0.00;0.00;0.00;0.00;0.00;0.00;0.00;0.00;0.00;0.00;0.00;0.00;0.00;0.00;0.00;0.00;0.00;0.00;0.00;0.00;0.00;0.00;0.00;0.00;0.00;0.00;0.00;0.00;0.00;0.00;0.00;0.00;0.00;0.00;0.00;0.00;0.00;0.00;0.00;0.00;0.00;0.00;0.00;0.00;0.00;0.00;0.00;0.00;0.00;0.00;0.00;0.00;0.00;0.00;0.00;0.00;0.00;0.00;0.00;0.00;0.00;0.00;0.00;0.00;0.00;0.00;0.00;0.00;0.00;0.00;0.00;0.00;0.00;0.00;0.00;0.00;0.00;0.00;0.00;0.00;0.00;0.00;0.00;0.00;0.00;0.00;0.00;0.00;0.00;0.00;0.00;0.00;0.00;0.00;0.00;0.00;0.00;0.00;0.00;0.00;0.00;0.00;0.00;0.00;0.00;0.00;0.00;0.00;0.00;0.00;0.00;0.00;0.00;0.00;0.00;0.00;0.00;0.00;0.00;0.00;0.00;0.00;0.00;0.00;0.00;0.00;0.00;0.00;0.00;0.00;0.00;0.00;0.00;0.00;0.00;0.00;0.00;0.00;0.00;0.00;0.00;0.00;0.00;0.00;0.00;0.00;0.00;0.00;0.00;0.00;0.00;0.00
2020-03-29 00:00;8.14;4.39;3.00;3.71;8.44;7.60;1.03;2.19;3.17;1.73;0.77;8.54;5.45;9.50;0.32;4.75;4.61;2.14;1.26;0.29;0.41;2.37;2.90;0.24;0.23;1.61;2.70;6.01;0.28;0.30;0.40;0.65;0.78;0.12;0.32;0.34;9.40;1.84;3.07;0.48;0.22;0.33;4.04;2.78;6.57;3.14;1.98;1.41;0.33;5.94;3.78;9.90;3.96;0.66;0.46;0.38;0.14;0.57;0.41;4.79;4.50;0.14;9.05;0.59;8.98;3.98;8.93;9.39;9.90;0.81;6.98;9.10;9.90;2.23;0.36;1.10;5.26;0.10;0.16;0.17;4.05;1.97;0.17;0.52;0.14;9.65;1.04;3.69;0.00;6.37;0.00;3.13;0.89;1.24;0.00;2.75;0.92;1.07;0.15;6.12;7.69;7.86;8.18;8.29;8.75;7.96;8.05;7.91;8.56;8.84;8.76;8.50;9.23;8.92;9.48;9.36;8.96;7.81;7.35;7.81;7.07;7.71;7.16;8.47;8.14;7.08;6.56;7.17;7.32;8.02;7.85;7.66;7.17;6.75;6.83;6.98;7.26;7.92;7.57;8.37;7.37;5.99;7.20;7.45;7.05;8.32;7.18;7.79;6.51;6.84;7.13;7.54;7.25;7.22;7.17;8.00;5.99;6.88;8.62;7.04;8.04;5.57;7.15;6.59;7.01;7.23;7.40;7.42;7.40;6.32;7.17;1.01;1.21;1.76;0.00;1.54;2.25;1.73;6.65;1.52;1.61;0.71;0.22;0.67;0.67;1.36;0.27;2.10;0.65;0.81;0.75;0.62;0.14;0.40;0.23;2.68;0.15;0.50;0.06;0.31;0.00;0.18;0.60;0.16;0.23;0.58;2.72;2.24;2.88;4.47;3.92;3.36;1.34;3.07;1.36;1.93;0.55;0.46;0.32;0.62;0.60;4.85;0.07;0.54;0.44;0.38;0.24;0.42;0.26;0.26;0.74;0.96;0.30;1.52;0.43;1.72;2.79;0.67;1.96;0.73;2.15;0.13;0.87;1.43;1.83;3.85;1.74;0.73;2.78;1.42;0.92;0.36;2.84;0.57;2.83;1.16;3.21;1.54;0.64;3.64;3.45;2.08;0.37;0.27;2.79;2.61;0.20;2.99;3.33;2.71;0.34;0.82;1.43;0.78;2.37;0.64;2.40;3.78;3.45;3.03;0.76;3.46;2.94;3.67;3.12;3.21;4.21;2.59;2.67;3.46;0.96;3.66;0.76;0.73;0.61;2.07;0.87;4.55;0.61;1.99;0.79;0.43;0.58;0.45;0.46;0.77;0.73;0.00;0.77;0.50;1.56;0.50;0.73;2.42;1.91;1.12;0.44;1.93;1.08;0.04;0.27;0.73;0.19;0.51;0.20;0.34;0.79;0.25;2.23;0.27;1.93;0.30;0.17;0.00;0.10;0.03;0.25;0.26;0.03;0.41;0.46;0.48;0.28;0.40;0.56;0.84;1.38;0.68;1.30;0.97;1.01;2.48;0.23;5.36;5.86;8.54;8.19;0.96;9.59;1.29;2.08;4.03;3.78;4.41;4.41;4.41;1.31;1.24;4.41;0.24;2.72;1.03;2.83;8.24;2.28;1.21;0.27;0.79;0.87;0.48;0.42;8.87;2.28;1.26;0.29;0.22;1.68;0.60;0.56;2.82;0.61;0.26;1.03;0.97;0.07;0.28;2.28;0.56;0.76;2.92;3.43;3.00;1.30;0.61;0.64;0.22;0.27;1.55;0.18;0.67;0.23;0.22;0.23;1.09;1.53;0.46;0.75;1.46;2.39;0.03;0.68;0.52;0.36;0.31;0.61;6.67;7.05;6.89;8.55;6.92;7.83;7.50;7.58;6.80;7.00;6.67;6.10;1.07;7.11;7.24;7.26;7.69;7.33;8.00;7.24;7.25;7.19;7.32;7.10;7.18;7.60;6.78;6.55;7.62;7.99;7.65;8.29;9.17;7.93;8.35;7.99;8.48;8.33;7.50;9.75;8.33;8.20;9.37;0.07;1.27;1.58;3.43;2.47;7.78;2.37;0.42;1.00;0.38;0.53;1.69;0.10;1.47;1.37;1.39;3.12;2.66;9.32;2.23;4.31;0.94;0.41;0.52;1.88;0.00;2.48
2020-03-30 00:00;19.62;12.79;7.41;11.45;20.28;18.27;2.50;5.28;7.65;4.15;9.00;21.05;18.36;22.80;1.22;11.44;14.21;5.26;18.42;16.96;19.73;5.75;7.11;17.57;15.93;11.77;6.67;14.61;17.20;10.52;12.11;1.65;7.52;11.69;16.03;21.76;23.34;10.84;7.53;18.72;13.23;16.91;9.75;6.84;15.85;7.69;4.85;3.41;16.32;14.37;9.24;23.90;9.56;15.08;13.80;18.90;15.09;19.35;19.83;11.72;10.92;16.36;23.18;20.59;22.35;9.67;22.27;22.74;23.90;15.21;16.84;22.06;23.90;14.49;15.15;2.73;12.79;15.52;14.68;16.59;9.83;4.88;15.16;17.72;16.11;23.62;12.21;9.57;0.17;15.49;0.08;7.71;13.61;7.36;0.00;6.74;7.75;2.65;11.22;16.94;24.30;22.38;23.36;23.45;23.48;23.44;23.45;24.75;23.52;23.46;23.53;23.44;23.63;23.49;24.44;24.87;26.05;25.50;25.53;25.53;25.52;25.57;25.53;25.84;25.60;25.52;25.50;25.54;25.53;25.53;25.59;25.54;25.55;25.28;25.52;25.53;25.54;25.61;25.52;25.72;25.50;25.44;25.53;25.57;25.51;25.66;25.52;25.54;25.49;25.51;25.53;25.56;25.49;25.53;25.46;25.63;25.43;24.36;25.86;25.32;25.64;25.35;25.21;23.22;24.29;25.50;25.34;25.32;25.33;22.78;27.04;12.31;10.77;9.79;12.37;14.10;18.07;11.23;23.62;17.20;12.57;11.56;12.29;5.10;3.96;4.67;3.45;8.63;10.07;5.43;9.86;8.93;7.77;10.94;13.56;21.98;3.72;10.53;2.65;4.21;1.54;2.99;8.87;5.33;2.87;3.74;14.68;18.25;19.78;29.11;27.30;19.38;17.70;19.95;18.15;22.41;13.31;19.02;10.21;8.95;12.36;23.83;9.85;9.00;12.03;5.49;4.12;5.29;8.77;6.14;12.22;10.31;12.94;8.82;17.30;17.28;21.00;13.66;9.96;18.31;14.81;8.81;7.40;22.44;19.26;24.80;12.53;2.32;15.88;10.51;10.39;11.37;17.67;15.80;16.69;14.53;6.29;17.11;15.19;19.84;9.86;12.87;15.78;10.00;16.90;17.74;8.06;9.01;18.66;6.42;14.57;6.32;9.41;12.58;12.80;9.27;17.39;19.82;20.43;20.92;17.02;19.38;19.41;19.82;12.37;13.66;20.19;17.95;20.98;7.07;6.91;6.45;10.68;15.89;5.32;8.41;11.26;19.63;13.17;14.66;7.94;11.96;3.95;11.26;7.69;3.61;7.82;4.50;14.15;8.63;14.35;11.63;9.20;14.57;14.75;3.53;11.09;14.63;4.93;4.10;9.61;3.33;6.14;10.29;7.37;11.01;3.78;11.19;14.12;9.88;7.08;11.84;6.96;6.73;4.97;7.35;6.97;8.60;3.76;12.07;10.60;12.88;5.97;13.83;8.70;12.82;17.40;14.80;12.92;4.62;10.94;17.37;3.80;21.60;21.98;23.59;23.26;4.01;25.60;17.80;17.24;6.32;4.59;4.79;4.79;4.79;5.10;4.07;4.79;12.13;18.37;18.80;24.34;21.98;4.29;3.79;12.69;17.54;8.03;10.36;14.26;22.28;10.87;4.85;3.56;4.18;5.20;11.19;10.76;4.89;13.28;9.38;7.62;18.01;3.30;8.27;19.54;15.19;9.88;16.91;18.31;16.33;5.51;5.23;2.30;1.75;8.39;5.73;5.25;6.94;5.69;6.96;6.60;13.81;6.13;7.99;13.26;13.15;9.52;8.94;13.58;7.55;8.23;6.74;3.70;25.48;25.50;25.52;25.85;25.52;25.58;25.56;25.10;25.51;25.50;25.48;25.45;17.27;25.52;25.53;25.55;25.57;25.54;25.67;25.55;25.55;25.54;25.55;25.51;25.54;25.56;25.50;24.83;25.11;25.64;25.57;23.51;23.76;24.07;23.51;23.46;25.08;23.52;23.38;23.85;23.52;23.51;23.74;14.27;20.35;21.98;22.47;21.64;23.49;22.31;18.37;19.61;21.66;17.10;12.22;5.77;11.41;7.88;18.97;9.49;5.08;23.13;5.58;18.74;2.57;13.67;12.88;19.92;3.22;8.28
2020-03-31 00:00;6.11;4.53;2.10;4.54;6.33;5.72;0.74;2.15;2.43;1.29;3.82;9.63;8.00;7.10;0.76;3.56;8.53;2.49;8.56;8.30;8.59;2.66;3.41;8.35;8.18;6.58;3.06;6.60;8.28;7.55;6.52;1.00;7.18;7.63;8.18;8.78;10.10;7.77;3.34;8.50;7.83;7.96;4.49;3.02;7.29;3.43;2.24;1.59;7.94;6.66;4.15;10.90;4.59;8.15;7.98;8.46;8.03;8.55;8.60;5.52;4.93;8.21;10.63;8.69;10.48;4.35;10.47;10.32;10.90;7.76;7.79;10.09;10.90;8.32;8.05;1.72;5.78;8.13;7.99;8.15;4.64;2.11;8.04;8.36;8.21;10.50;7.86;5.94;0.42;7.05;0.23;3.43;8.00;7.17;0.08;3.04;7.15;1.48;6.94;8.67;10.77;10.08;10.23;10.34;10.38;10.30;10.32;11.01;10.41;10.37;10.44;10.32;10.59;10.41;11.10;11.27;11.85;11.29;11.27;11.30;11.24;11.35;11.26;11.63;11.38;11.24;11.12;11.26;11.26;11.30;11.38;11.32;11.24;10.91;11.19;11.21;11.28;11.39;11.27;11.51;11.23;10.98;11.23;11.31;11.20;11.44;11.25;11.33;11.11;11.19;11.25;11.31;11.23;11.24;11.17;11.42;11.00;11.28;11.66;11.01;11.43;10.88;11.18;10.57;10.90;11.45;12.55;14.01;14.02;10.59;12.10;7.47;6.72;6.17;8.03;9.46;9.54;9.61;10.37;9.45;10.73;10.43;10.84;8.85;9.34;8.22;7.96;10.11;9.99;6.71;9.07;9.79;9.61;9.69;11.29;13.03;7.20;10.32;6.93;9.25;5.18;7.67;8.78;9.70;5.06;6.59;7.93;9.09;8.21;9.45;9.10;8.22;7.51;8.45;7.60;7.80;5.95;7.13;5.17;4.87;5.65;9.05;5.13;5.06;5.76;4.12;3.80;4.28;5.16;4.52;5.84;5.49;6.04;3.46;6.71;2.85;7.87;5.99;3.38;4.30;3.24;3.34;4.33;2.99;2.93;4.11;4.63;3.92;6.37;3.41;3.07;5.14;3.58;2.33;3.18;2.57;4.28;2.73;2.28;3.70;3.63;3.03;2.27;0.99;3.13;3.12;0.76;3.34;3.37;3.05;2.11;1.39;2.81;3.49;2.98;1.17;2.91;3.75;3.82;3.98;2.59;3.55;3.51;3.70;3.95;4.29;3.78;3.11;4.01;3.59;2.41;3.82;1.17;2.49;2.96;4.68;5.02;7.32;5.51;6.04;4.46;5.21;3.31;5.54;3.66;3.23;4.96;2.96;6.07;4.79;6.17;5.24;4.86;6.00;5.97;3.25;5.19;6.04;3.83;3.70;5.42;2.90;4.49;5.31;4.98;5.41;3.42;5.72;6.34;5.42;4.79;5.74;4.81;4.68;4.27;4.92;4.71;5.10;3.98;5.77;5.18;6.03;4.51;6.22;5.12;6.02;6.90;6.29;6.09;3.37;5.52;7.08;3.15;8.52;8.45;9.00;9.32;3.30;10.00;7.01;7.12;5.78;5.40;5.84;5.84;5.84;3.71;4.13;5.84;5.87;7.36;7.07;8.52;8.78;4.51;3.35;6.01;6.84;4.79;5.51;6.27;8.44;5.87;3.76;3.13;3.39;3.86;5.77;5.63;4.32;6.03;5.18;4.46;6.94;3.41;5.14;7.47;6.46;5.40;11.79;10.65;12.85;8.55;8.04;3.01;4.46;9.31;6.36;9.07;8.34;8.34;9.30;8.73;11.61;6.39;8.70;11.83;10.84;7.97;10.48;11.51;8.08;9.83;9.99;4.22;11.14;11.23;11.20;11.64;11.17;11.37;11.31;12.93;11.18;11.23;11.14;11.02;11.79;11.24;11.27;11.28;11.35;11.28;11.45;11.28;11.28;11.27;11.29;11.24;11.26;11.34;11.18;11.26;11.11;11.43;11.35;10.37;10.66;10.61;10.38;10.32;11.24;10.39;10.20;10.85;10.39;10.37;10.71;7.98;8.76;9.02;9.30;10.25;13.38;9.08;8.46;8.65;8.76;8.30;7.80;6.86;7.81;5.65;8.68;7.63;5.21;10.68;3.41;8.97;5.26;7.95;7.76;8.83;6.45;7.34
2020-04-01 00:00;0.00;0.00;0.00;0.00;0.00;0.00;0.00;0.00;0.00;0.00;0.00;0.00;0.00;0.00;0.00;0.00;0.00;0.00;0.00;0.00;0.00;0.00;0.00;0.00;0.00;0.00;0.00;0.00;0.00;0.00;0.00;0.00;0.00;0.00;0.00;0.00;0.00;0.00;0.00;0.00;0.00;0.00;0.00;0.00;0.00;0.00;0.00;0.00;0.00;0.00;0.00;0.00;0.00;0.00;0.00;0.00;0.00;0.00;0.00;0.00;0.00;0.00;0.00;0.00;0.00;0.00;0.00;0.00;0.00;0.00;0.00;0.00;0.00;0.00;0.00;0.00;0.00;0.00;0.00;0.00;0.00;0.00;0.00;0.00;0.00;0.00;0.00;0.00;0.00;0.00;0.00;0.00;0.00;0.00;0.00;0.00;0.00;0.00;0.00;0.00;0.00;0.00;0.00;0.00;0.00;0.00;0.00;0.00;0.00;0.00;0.00;0.00;0.00;0.00;0.00;0.00;0.00;0.00;0.00;0.00;0.00;0.00;0.00;0.00;0.00;0.00;0.00;0.00;0.00;0.00;0.00;0.00;0.00;0.00;0.00;0.00;0.00;0.00;0.00;0.00;0.00;0.00;0.00;0.00;0.00;0.00;0.00;0.00;0.00;0.00;0.00;0.00;0.00;0.00;0.00;0.00;0.00;0.00;0.00;0.00;0.00;0.00;0.00;0.00;0.00;0.00;0.00;0.00;0.00;0.00;0.00;0.00;0.00;0.00;0.00;0.00;0.00;0.00;0.00;0.00;0.00;0.00;0.00;0.00;0.00;0.00;0.00;0.00;0.00;0.00;0.00;0.00;0.00;0.00;0.00;0.00;0.00;0.00;0.00;0.00;0.00;0.00;0.00;0.00;0.00;0.00;0.00;0.00;0.00;0.00;0.00;0.00;0.00;0.00;0.00;0.00;0.00;0.00;0.00;0.00;0.00;0.00;0.00;0.00;0.00;0.00;0.00;0.00;0.00;0.00;0.00;0.00;0.00;0.00;0.00;0.00;0.00;0.00;0.00;0.00;0.00;0.00;0.00;0.00;0.00;0.00;0.00;0.00;0.00;0.00;0.00;0.00;0.00;0.00;0.00;0.00;0.00;0.00;0.00;0.00;0.00;0.00;0.00;0.00;0.00;0.00;0.00;0.00;0.00;0.00;0.00;0.00;0.00;0.00;0.00;0.00;0.00;0.00;0.00;0.00;0.00;0.00;0.00;0.00;0.00;0.00;0.00;0.00;0.00;0.00;0.00;0.00;0.00;0.00;0.00;0.00;0.00;0.00;0.00;0.00;0.00;0.00;0.00;0.00;0.00;0.00;0.00;0.00;0.00;0.00;0.00;0.00;0.00;0.00;0.00;0.00;0.00;0.00;0.00;0.00;0.00;0.00;0.00;0.00;0.00;0.00;0.00;0.00;0.00;0.00;0.00;0.00;0.00;0.00;0.00;0.00;0.00;0.00;0.00;0.00;0.00;0.00;0.00;0.00;0.00;0.00;0.00;0.00;0.00;0.00;0.00;0.00;0.00;0.00;0.00;0.00;0.00;0.00;0.00;0.00;0.00;0.00;0.00;0.00;0.00;0.00;0.00;0.00;0.00;0.00;0.00;0.00;0.00;0.00;0.00;0.00;0.00;0.00;0.00;0.00;0.00;0.00;0.00;0.00;0.00;0.00;0.00;0.00;0.00;0.00;0.00;0.00;0.00;0.00;0.00;0.00;0.00;0.00;0.00;0.00;0.00;0.00;0.00;0.00;0.00;0.00;0.00;0.00;0.00;0.00;0.00;0.00;0.00;0.00;0.00;0.00;0.00;0.00;0.00;0.00;0.00;0.00;0.00;0.00;0.00;0.00;0.00;0.00;0.00;0.00;0.00;0.00;0.00;0.00;0.00;0.00;0.00;0.00;0.00;0.00;0.00;0.00;0.00;0.00;0.00;0.00;0.00;0.00;0.00;0.00;0.00;0.00;0.00;0.00;0.00;0.00;0.00;0.00;0.00;0.00;0.00;0.00;0.00;0.00;0.00;0.00;0.00;0.00;0.00;0.00;0.00;0.00;0.00;0.00;0.00;0.00;0.00;0.00;0.00;0.00;0.00;0.00;0.00;0.00;0.00;0.00;0.00;0.00;0.00;0.00;0.00;0.00;0.00;0.00;0.00
2020-04-02 00:00;0.08;0.08;0.00;0.05;0.09;0.08;0.01;0.03;0.03;0.02;0.02;0.14;0.10;0.10;0.00;0.05;0.10;0.03;0.03;0.01;0.01;0.04;0.04;0.01;0.01;0.08;0.04;0.09;0.01;0.01;0.02;0.01;0.02;0.01;0.01;0.01;0.00;0.04;0.03;0.01;0.01;0.01;0.08;0.03;0.13;0.03;0.04;0.03;0.02;0.12;0.05;0.20;0.08;0.02;0.02;0.01;0.01;0.02;0.01;0.09;0.07;0.01;0.18;0.01;0.18;0.06;0.18;0.17;0.20;0.03;0.14;0.17;0.20;0.05;0.02;0.03;0.08;0.01;0.01;0.01;0.08;0.00;0.01;0.02;0.01;0.10;0.03;0.07;0.00;0.10;0.00;0.04;0.03;0.02;0.00;0.03;0.03;0.00;0.01;0.18;0.02;0.06;0.01;0.03;0.03;0.01;0.01;0.02;0.03;0.04;0.05;0.02;0.08;0.05;0.14;0.14;0.14;0.03;0.02;0.02;0.00;0.03;0.00;0.08;0.04;0.01;0.00;0.00;0.03;0.03;0.04;0.02;0.02;0.00;0.00;0.01;0.01;0.04;0.02;0.08;0.01;0.00;0.03;0.02;0.03;0.07;0.01;0.03;0.00;0.00;0.00;0.03;0.02;0.03;0.02;0.04;0.00;0.05;0.11;0.00;0.04;0.01;0.02;0.04;0.04;0.01;0.01;0.00;0.00;0.07;0.00;0.06;0.07;0.08;0.05;0.08;0.04;0.09;0.10;0.04;0.06;0.02;0.05;0.01;0.01;0.02;0.00;0.03;0.02;0.02;0.03;0.01;0.01;0.03;0.02;0.04;0.01;0.02;0.00;0.00;0.00;0.01;0.03;0.00;0.00;0.01;0.02;0.05;0.04;0.03;0.03;0.04;0.05;0.04;0.05;0.03;0.03;0.02;0.01;0.02;0.01;0.04;0.00;0.00;0.00;0.00;0.00;0.00;0.00;0.00;0.00;0.00;0.00;0.00;0.00;0.00;0.00;0.00;0.00;0.00;0.00;0.00;0.00;0.00;0.00;0.00;0.00;0.00;0.00;0.00;0.00;0.00;0.00;0.00;0.00;0.00;0.00;0.00;0.00;0.00;0.00;0.00;0.00;0.00;0.00;0.00;0.00;0.00;0.00;0.00;0.00;0.00;0.00;0.00;0.00;0.00;0.00;0.00;0.00;0.00;0.00;0.00;0.00;0.00;0.00;0.00;0.00;0.00;0.00;0.00;0.00;0.00;0.00;0.00;0.00;0.00;0.00;0.00;0.00;0.00;0.00;0.00;0.00;0.00;0.00;0.00;0.00;0.00;0.00;0.00;0.00;0.00;0.00;0.00;0.00;0.00;0.00;0.00;0.00;0.00;0.00;0.00;0.00;0.00;0.00;0.00;0.00;0.00;0.00;0.00;0.00;0.00;0.00;0.00;0.00;0.00;0.00;0.00;0.00;0.00;0.00;0.00;0.00;0.00;0.00;0.00;0.00;0.00;0.00;0.00;0.00;0.00;0.00;0.01;0.02;0.00;0.00;0.00;0.00;0.00;0.00;0.00;0.00;0.00;0.00;0.00;0.00;0.00;0.00;0.00;0.00;0.00;0.00;0.00;0.00;0.00;0.00;0.00;0.00;0.00;0.00;0.00;0.00;0.00;0.00;0.00;0.00;0.00;0.00;0.00;0.00;0.00;0.00;0.00;0.00;0.00;0.00;0.00;0.00;0.04;0.04;0.03;0.00;0.00;0.00;0.00;0.00;0.00;0.00;0.01;0.00;0.01;0.01;0.05;0.10;0.02;0.05;0.06;0.11;0.01;0.03;0.02;0.01;0.01;0.02;0.00;0.00;0.00;0.10;0.03;0.04;0.02;0.00;0.00;0.00;0.00;0.00;0.07;0.01;0.01;0.01;0.02;0.02;0.04;0.01;0.01;0.00;0.01;0.00;0.00;0.02;0.00;0.03;0.01;0.03;0.02;0.01;0.07;0.00;0.02;0.01;0.05;0.01;0.00;0.15;0.01;0.01;0.09;0.01;0.03;0.04;0.04;0.02;0.01;0.01;0.01;0.03;0.01;0.02;0.05;0.01;0.04;0.05;0.03;0.07;0.39;0.19;0.05;0.11;0.02;0.02;0.02;0.04;0.01;0.05
2020-04-03 00:00;8.82;5.73;3.18;4.18;9.16;8.27;1.10;2.24;3.43;1.87;1.79;7.88;5.40;10.30;0.45;5.15;4.68;1.94;2.24;1.33;2.11;2.12;2.60;1.40;0.93;2.91;2.40;5.35;1.34;0.60;1.77;0.59;0.98;0.45;1.06;2.61;8.14;1.96;2.71;1.88;0.51;1.66;3.62;2.45;5.94;2.76;1.78;1.27;1.54;5.36;3.36;8.90;3.60;0.89;0.62;1.85;0.68;2.12;2.10;4.32;4.02;1.07;8.15;2.41;8.10;3.54;8.07;8.41;8.90;1.54;6.28;8.17;8.90;2.29;0.83;1.02;4.69;0.79;0.53;1.14;3.77;1.70;0.66;1.55;1.18;8.52;1.27;3.42;0.12;5.67;0.03;2.77;1.05;1.38;0.00;2.45;1.25;1.12;0.52;6.05;7.72;6.75;6.81;6.92;7.25;6.69;6.76;8.03;7.13;7.34;7.29;7.06;7.85;7.42;9.11;9.48;10.28;8.81;8.52;8.78;8.39;8.70;8.38;9.63;9.16;8.32;8.07;8.39;8.50;8.98;8.81;8.70;8.44;8.08;8.25;8.33;8.44;8.87;8.66;9.26;8.54;7.63;8.41;8.56;8.31;9.25;8.43;8.80;8.00;8.26;8.36;8.65;8.46;8.46;8.38;8.95;7.66;8.13;9.73;8.27;8.98;7.29;8.36;8.05;8.25;8.34;7.68;7.28;7.28;8.13;8.19;4.86;5.13;4.19;5.90;4.10;5.23;3.80;8.56;6.12;4.16;3.26;4.95;0.96;1.10;1.75;0.66;2.53;3.04;2.52;3.29;3.02;2.32;3.22;3.37;4.67;0.67;2.85;0.40;0.57;0.41;0.55;2.94;1.25;0.50;0.93;3.75;5.43;4.47;5.65;4.64;4.20;5.00;3.92;4.89;4.46;2.97;3.14;1.34;2.45;0.90;4.28;0.40;0.70;1.04;0.57;0.48;0.59;0.32;0.48;1.45;0.84;1.27;2.12;2.72;2.87;3.79;2.81;3.08;2.48;3.29;0.35;2.00;2.55;2.95;2.81;1.69;0.68;3.20;0.97;1.70;1.59;3.08;1.58;3.11;2.37;3.29;2.25;1.60;3.11;3.50;2.88;1.47;0.27;2.87;2.86;0.27;3.27;3.25;2.93;1.22;0.72;2.29;1.95;2.71;0.54;2.59;3.18;2.86;2.83;0.57;3.42;3.27;2.98;3.13;3.28;2.84;2.84;2.63;3.54;1.89;3.67;0.62;1.79;0.32;2.87;1.43;2.64;2.07;2.80;0.76;1.85;0.48;1.73;1.77;2.12;0.77;0.31;2.01;1.20;3.20;1.76;0.98;2.99;2.83;2.05;1.58;3.20;2.52;0.25;0.27;0.66;0.48;1.16;0.35;1.84;1.98;0.97;2.75;0.30;3.13;1.32;0.33;0.33;0.27;0.33;0.34;0.31;0.30;1.09;2.19;1.33;0.47;2.17;0.61;1.58;3.12;1.98;1.72;0.83;1.64;3.10;0.39;5.15;5.30;6.92;6.91;1.64;7.75;3.47;2.81;4.38;4.22;5.18;5.17;5.18;2.25;3.22;5.17;0.85;3.98;3.39;3.32;6.84;3.58;1.40;1.12;3.06;2.16;0.49;2.20;6.34;3.80;2.42;0.47;0.39;1.53;1.26;1.32;3.64;1.61;0.49;2.90;3.17;0.33;0.31;3.75;2.50;0.69;3.30;3.66;3.96;1.25;1.81;0.58;0.34;2.45;2.35;1.41;1.95;1.50;1.99;2.10;4.79;3.90;2.48;5.00;5.08;3.67;2.25;3.87;2.73;2.20;2.02;1.63;8.12;8.36;8.28;9.67;8.23;8.78;8.57;7.79;8.23;8.35;8.13;7.74;4.67;8.34;8.41;8.44;8.72;8.47;9.03;8.43;8.44;8.40;8.47;8.41;8.39;8.67;8.22;7.88;8.19;8.97;8.70;6.87;7.97;7.27;6.98;6.74;8.82;6.97;6.36;8.75;6.96;6.88;8.25;0.38;2.69;3.35;4.13;3.20;7.32;3.50;1.72;2.43;2.60;1.43;1.92;0.49;1.64;1.52;2.40;2.98;4.00;8.40;2.17;4.33;0.99;0.66;0.79;2.92;0.25;2.48
2020-04-04 00:00;0.16;0.13;0.00;0.10;0.18;0.16;0.01;0.03;0.07;0.04;0.03;0.09;0.08;0.20;0.01;0.10;0.05;0.02;0.01;0.00;0.00;0.02;0.02;0.00;0.00;0.03;0.02;0.04;0.00;0.01;0.00;0.01;0.01;0.00;0.00;0.00;0.00;0.02;0.01;0.00;0.00;0.00;0.04;0.02;0.07;0.01;0.02;0.01;0.00;0.06;0.03;0.10;0.04;0.01;0.01;0.00;0.00;0.00;0.00;0.05;0.04;0.00;0.09;0.00;0.09;0.03;0.09;0.08;0.10;0.01;0.07;0.08;0.10;0.03;0.00;0.01;0.04;0.00;0.00;0.00;0.04;0.00;0.00;0.00;0.00;0.05;0.01;0.03;0.00;0.05;0.00;0.02;0.01;0.01;0.00;0.01;0.01;0.00;0.00;0.04;0.00;0.02;0.00;0.01;0.01;0.00;0.01;0.00;0.01;0.02;0.02;0.01;0.04;0.02;0.05;0.04;0.00;0.00;0.00;0.00;0.00;0.00;0.00;0.00;0.00;0.00;0.00;0.00;0.00;0.00;0.00;0.00;0.00;0.00;0.00;0.00;0.00;0.00;0.00;0.00;0.00;0.00;0.00;0.00;0.00;0.00;0.00;0.00;0.00;0.00;0.00;0.00;0.00;0.00;0.00;0.00;0.00;0.00;0.00;0.00;0.00;0.00;0.00;0.00;0.00;0.00;0.00;0.00;0.00;0.00;0.00;0.00;0.00;0.00;0.00;0.00;0.00;0.00;0.00;0.00;0.00;0.00;0.00;0.00;0.00;0.00;0.00;0.00;0.00;0.00;0.00;0.00;0.00;0.00;0.00;0.00;0.00;0.00;0.00;0.00;0.00;0.00;0.00;0.00;0.00;0.00;0.01;0.00;0.00;0.00;0.00;0.00;0.00;0.00;0.00;0.01;0.00;0.00;0.00;0.00;0.00;0.00;0.00;0.00;0.02;0.01;0.01;0.01;0.00;0.01;0.02;0.01;0.01;0.05;0.02;0.04;0.04;0.01;0.08;0.03;0.07;0.01;0.05;0.05;0.05;0.06;0.05;0.02;0.07;0.04;0.04;0.02;0.07;0.03;0.09;0.03;0.51;0.05;0.04;0.14;0.26;0.10;0.04;0.01;0.09;0.07;0.01;0.17;0.09;0.20;0.03;0.03;0.08;0.02;0.10;0.02;0.06;0.15;0.14;0.14;0.02;0.12;0.12;0.14;0.32;0.26;0.13;0.07;0.11;0.27;0.06;0.43;0.03;0.04;0.01;0.11;0.03;0.02;0.03;0.05;0.02;0.02;0.02;0.01;0.02;0.03;0.01;0.00;0.02;0.01;0.03;0.02;0.02;0.05;0.04;0.06;0.02;0.05;0.08;0.00;0.01;0.02;0.01;0.01;0.00;0.01;0.02;0.01;0.04;0.00;0.05;0.01;0.00;0.00;0.00;0.00;0.00;0.00;0.00;0.01;0.03;0.01;0.00;0.01;0.01;0.02;0.02;0.02;0.02;0.02;0.02;0.03;0.00;0.06;0.05;0.04;0.14;0.03;0.10;0.02;0.03;0.09;0.09;0.14;0.14;0.14;0.04;0.03;0.14;0.01;0.05;0.02;0.01;0.01;0.10;0.03;0.01;0.02;0.03;0.01;0.01;0.00;0.07;0.06;0.01;0.00;0.03;0.01;0.01;0.11;0.01;0.00;0.05;0.02;0.00;0.00;0.03;0.01;0.01;0.00;0.00;0.00;0.00;0.00;0.00;0.00;0.00;0.00;0.00;0.00;0.00;0.00;0.00;0.00;0.00;0.00;0.00;0.00;0.00;0.00;0.00;0.00;0.00;0.00;0.00;0.00;0.00;0.00;0.00;0.00;0.00;0.00;0.00;0.00;0.00;0.00;0.00;0.00;0.00;0.00;0.00;0.00;0.00;0.00;0.00;0.00;0.00;0.00;0.00;0.00;0.00;0.00;0.00;0.00;0.00;0.00;0.00;0.03;0.00;0.01;0.00;0.01;0.00;0.00;0.07;0.00;0.00;0.04;0.00;0.01;0.01;0.01;0.01;0.00;0.00;0.00;0.01;0.00;0.00;0.02;0.01;0.02;0.02;0.01;0.03;0.17;0.09;0.02;0.05;0.01;0.01;0.01;0.02;0.00;0.03
2020-04-05 00:00;0.08;0.08;0.00;0.05;0.09;0.08;0.01;0.03;0.03;0.02;0.01;0.14;0.10;0.10;0.00;0.05;0.10;0.03;0.03;0.01;0.01;0.04;0.04;0.01;0.01;0.07;0.04;0.09;0.01;0.01;0.02;0.01;0.02;0.01;0.01;0.01;0.00;0.04;0.03;0.01;0.01;0.01;0.08;0.03;0.13;0.03;0.04;0.03;0.01;0.12;0.05;0.20;0.08;0.02;0.02;0.01;0.01;0.01;0.01;0.09;0.07;0.01;0.18;0.01;0.18;0.06;0.18;0.17;0.20;0.02;0.14;0.17;0.20;0.05;0.01;0.02;0.08;0.01;0.01;0.01;0.08;0.00;0.01;0.01;0.01;0.10;0.03;0.06;0.00;0.10;0.00;0.04;0.02;0.02;0.00;0.03;0.02;0.00;0.01;0.07;0.02;0.03;0.01;0.03;0.03;0.01;0.01;0.02;0.03;0.04;0.04;0.02;0.07;0.05;0.16;0.17;0.21;0.04;0.04;0.03;0.01;0.04;0.01;0.13;0.06;0.01;0.01;0.01;0.04;0.05;0.06;0.03;0.04;0.00;0.01;0.02;0.01;0.07;0.04;0.12;0.02;0.00;0.06;0.02;0.04;0.10;0.02;0.05;0.01;0.01;0.01;0.05;0.03;0.05;0.04;0.06;0.00;0.06;0.16;0.00;0.07;0.01;0.03;0.09;0.07;0.02;0.03;0.02;0.01;0.28;0.03;0.25;0.21;0.38;0.05;0.35;0.17;0.26;0.26;0.21;0.31;0.05;0.13;0.05;0.04;0.07;0.01;0.12;0.05;0.07;0.04;0.04;0.03;0.03;0.02;0.24;0.03;0.03;0.02;0.02;0.01;0.02;0.03;0.02;0.02;0.04;0.18;0.18;0.25;0.17;0.17;0.25;0.09;0.26;0.10;0.06;0.04;0.03;0.03;0.06;0.03;0.20;0.02;0.04;0.04;0.03;0.03;0.03;0.02;0.03;0.05;0.06;0.03;0.15;0.02;0.06;0.02;0.05;0.08;0.06;0.06;0.02;0.08;0.03;0.06;0.38;0.12;0.05;0.03;0.11;0.08;0.03;0.05;0.03;0.06;0.03;0.68;0.04;0.05;0.03;0.08;0.05;0.03;0.03;0.09;0.03;0.02;0.09;0.03;0.09;0.03;0.05;0.05;0.05;0.09;0.06;0.07;0.04;0.19;0.37;0.04;0.06;0.03;0.07;0.25;1.03;0.15;0.03;0.42;0.13;0.09;0.18;0.06;0.05;0.04;0.18;0.06;0.23;0.03;0.03;0.07;0.03;0.06;0.03;0.05;0.07;0.05;0.02;0.05;0.03;0.07;0.04;0.06;0.09;0.06;0.08;0.03;0.03;0.08;0.02;0.02;0.05;0.03;0.04;0.02;0.03;0.06;0.03;0.19;0.03;0.22;0.03;0.02;0.02;0.01;0.02;0.02;0.02;0.02;0.03;0.04;0.02;0.02;0.03;0.04;0.06;0.07;0.04;0.09;0.07;0.08;0.16;0.03;0.38;0.35;0.17;0.63;0.09;0.58;0.03;0.13;1.25;1.39;2.21;2.20;2.21;0.13;0.11;2.20;0.03;0.04;0.06;0.26;0.00;0.08;0.10;0.02;0.05;0.08;0.04;0.03;0.03;0.06;0.11;0.05;0.02;0.13;0.04;0.03;0.09;0.04;0.03;0.07;0.06;0.01;0.02;0.09;0.03;0.05;0.20;0.22;0.21;0.07;0.04;0.05;0.03;0.02;0.11;0.03;0.05;0.02;0.03;0.03;0.26;0.41;0.04;0.16;0.23;0.47;0.02;0.04;0.05;0.03;0.03;0.07;0.01;0.01;0.01;0.14;0.05;0.06;0.04;0.02;0.01;0.01;0.01;0.01;0.04;0.01;0.02;0.01;0.04;0.02;0.05;0.01;0.01;0.01;0.01;0.01;0.01;0.02;0.01;0.04;0.01;0.04;0.03;0.00;0.07;0.00;0.01;0.00;0.06;0.01;0.00;0.15;0.01;0.00;0.09;0.01;0.03;0.04;0.04;0.03;0.02;0.02;0.01;0.03;0.01;0.01;0.07;0.00;0.03;0.04;0.03;0.07;0.34;0.19;0.05;0.11;0.02;0.01;0.02;0.04;0.00;0.05
2020-04-06 00:00;0.24;0.23;0.00;0.15;0.27;0.24;0.02;0.06;0.10;0.05;0.03;0.23;0.18;0.30;0.01;0.15;0.17;0.05;0.04;0.01;0.01;0.06;0.06;0.01;0.01;0.09;0.06;0.13;0.01;0.02;0.01;0.02;0.02;0.01;0.01;0.01;0.00;0.06;0.04;0.01;0.01;0.01;0.12;0.05;0.20;0.04;0.06;0.04;0.01;0.18;0.08;0.30;0.12;0.02;0.02;0.01;0.01;0.01;0.01;0.14;0.11;0.01;0.27;0.01;0.27;0.09;0.27;0.25;0.30;0.03;0.21;0.25;0.30;0.07;0.02;0.03;0.12;0.01;0.01;0.01;0.12;0.00;0.01;0.01;0.01;0.15;0.04;0.10;0.00;0.14;0.00;0.05;0.03;0.03;0.00;0.04;0.03;0.00;0.01;0.10;0.02;0.04;0.01;0.04;0.04;0.01;0.02;0.02;0.04;0.05;0.06;0.03;0.11;0.07;0.21;0.21;0.21;0.04;0.04;0.03;0.00;0.04;0.00;0.12;0.05;0.00;0.00;0.00;0.04;0.05;0.06;0.02;0.03;0.00;0.00;0.01;0.01;0.06;0.03;0.12;0.01;0.00;0.05;0.02;0.04;0.10;0.02;0.05;0.00;0.00;0.00;0.05;0.02;0.05;0.03;0.06;0.00;0.04;0.16;0.00;0.06;0.01;0.01;0.05;0.06;0.01;0.02;0.00;0.00;0.16;0.01;0.06;0.05;0.23;0.03;0.23;0.14;0.24;0.18;0.11;0.07;0.02;0.01;0.02;0.02;0.03;0.00;0.05;0.01;0.03;0.01;0.01;0.00;0.01;0.01;0.03;0.00;0.01;0.01;0.01;0.00;0.00;0.01;0.00;0.01;0.02;0.05;0.03;0.04;0.09;0.10;0.05;0.01;0.08;0.02;0.02;0.02;0.01;0.01;0.02;0.01;0.10;0.01;0.01;0.01;0.01;0.00;0.01;0.00;0.00;0.01;0.01;0.00;0.02;0.00;0.01;0.00;0.01;0.01;0.01;0.01;0.00;0.01;0.00;0.01;0.01;0.01;0.01;0.00;0.01;0.00;0.00;0.00;0.00;0.00;0.00;0.00;0.00;0.00;0.00;0.00;0.00;0.00;0.00;0.00;0.00;0.00;0.00;0.00;0.00;0.00;0.00;0.00;0.00;0.00;0.00;0.00;0.00;0.00;0.00;0.00;0.00;0.00;0.00;0.00;0.01;0.00;0.00;0.00;0.00;0.00;0.00;0.00;0.00;0.00;0.03;0.01;0.04;0.00;0.00;0.01;0.00;0.01;0.00;0.01;0.01;0.01;0.00;0.01;0.00;0.01;0.00;0.01;0.01;0.01;0.01;0.00;0.00;0.01;0.00;0.00;0.01;0.00;0.00;0.00;0.00;0.01;0.00;0.03;0.00;0.04;0.00;0.00;0.00;0.00;0.00;0.00;0.00;0.00;0.00;0.01;0.00;0.00;0.00;0.00;0.01;0.01;0.01;0.01;0.01;0.01;0.03;0.00;0.08;0.08;0.05;0.13;0.01;0.10;0.00;0.02;0.12;0.11;0.59;0.59;0.59;0.02;0.03;0.59;0.00;0.01;0.01;0.02;0.00;0.01;0.01;0.00;0.01;0.01;0.00;0.00;0.01;0.01;0.02;0.00;0.00;0.02;0.00;0.00;0.02;0.00;0.00;0.01;0.01;0.00;0.00;0.01;0.00;0.01;0.11;0.11;0.10;0.03;0.01;0.02;0.01;0.00;0.04;0.00;0.02;0.00;0.01;0.01;0.03;0.06;0.01;0.02;0.03;0.23;0.00;0.02;0.02;0.01;0.01;0.02;0.00;0.00;0.00;0.14;0.04;0.06;0.03;0.01;0.00;0.00;0.00;0.00;0.03;0.00;0.01;0.00;0.03;0.02;0.05;0.00;0.00;0.00;0.01;0.01;0.00;0.02;0.00;0.01;0.01;0.04;0.02;0.00;0.10;0.00;0.02;0.00;0.07;0.01;0.00;0.22;0.01;0.00;0.13;0.01;0.04;0.05;0.05;0.04;0.01;0.01;0.01;0.03;0.01;0.02;0.08;0.00;0.04;0.07;0.04;0.10;0.46;0.28;0.07;0.16;0.04;0.01;0.02;0.06;0.00;0.08
2020-04-07 00:00;0.00;0.00;0.00;0.00;0.00;0.00;0.00;0.00;0.00;0.00;0.00;0.00;0.00;0.00;0.00;0.00;0.00;0.00;0.00;0.00;0.00;0.00;0.00;0.00;0.00;0.00;0.00;0.00;0.00;0.00;0.00;0.00;0.00;0.00;0.00;0.00;0.00;0.00;0.00;0.00;0.00;0.00;0.00;0.00;0.00;0.00;0.00;0.00;0.00;0.00;0.00;0.00;0.00;0.00;0.00;0.00;0.00;0.00;0.00;0.00;0.00;0.00;0.00;0.00;0.00;0.00;0.00;0.00;0.00;0.00;0.00;0.00;0.00;0.00;0.00;0.00;0.00;0.00;0.00;0.00;0.00;0.00;0.00;0.00;0.00;0.00;0.00;0.00;0.00;0.00;0.00;0.00;0.00;0.00;0.00;0.00;0.00;0.00;0.00;0.00;0.00;0.00;0.00;0.00;0.00;0.00;0.00;0.00;0.00;0.00;0.00;0.00;0.00;0.00;0.00;0.00;0.00;0.00;0.00;0.00;0.00;0.00;0.00;0.00;0.00;0.00;0.00;0.00;0.00;0.00;0.00;0.00;0.00;0.00;0.00;0.00;0.00;0.00;0.00;0.00;0.00;0.00;0.00;0.00;0.00;0.00;0.00;0.00;0.00;0.00;0.00;0.00;0.00;0.00;0.00;0.00;0.00;0.00;0.00;0.00;0.00;0.00;0.00;0.00;0.00;0.00;0.00;0.00;0.00;0.00;0.00;0.00;0.00;0.00;0.00;0.00;0.00;0.00;0.00;0.00;0.00;0.00;0.00;0.00;0.00;0.00;0.00;0.00;0.00;0.00;0.00;0.00;0.00;0.00;0.00;0.00;0.00;0.00;0.00;0.00;0.00;0.00;0.00;0.00;0.00;0.00;0.00;0.00;0.00;0.00;0.00;0.00;0.00;0.00;0.00;0.00;0.00;0.00;0.00;0.00;0.00;0.00;0.00;0.00;0.00;0.00;0.00;0.00;0.00;0.00;0.00;0.00;0.00;0.00;0.00;0.00;0.00;0.00;0.00;0.00;0.00;0.00;0.00;0.00;0.00;0.00;0.00;0.00;0.00;0.00;0.00;0.00;0.00;0.00;0.00;0.00;0.00;0.00;0.00;0.00;0.00;0.00;0.00;0.00;0.00;0.00;0.00;0.00;0.00;0.00;0.00;0.00;0.00;0.00;0.00;0.00;0.00;0.00;0.00;0.00;0.00;0.00;0.00;0.00;0.00;0.00;0.00;0.00;0.00;0.00;0.00;0.00;0.00;0.00;0.00;0.00;0.00;0.00;0.00;0.00;0.00;0.00;0.00;0.00;0.00;0.00;0.00;0.00;0.00;0.00;0.00;0.00;0.00;0.00;0.00;0.00;0.00;0.00;0.00;0.00;0.00;0.00;0.00;0.00;0.00;0.00;0.00;0.00;0.00;0.00;0.00;0.00;0.00;0.00;0.00;0.00;0.00;0.00;0.00;0.00;0.00;0.00;0.00;0.00;0.00;0.00;0.00;0.00;0.00;0.00;0.00;0.00;0.00;0.00;0.00;0.00;0.00;0.00;0.00;0.00;0.00;0.00;0.00;0.00;0.00;0.00;0.00;0.00;0.00;0.00;0.00;0.00;0.00;0.00;0.00;0.00;0.00;0.00;0.00;0.00;0.00;0.00;0.00;0.00;0.00;0.00;0.00;0.00;0.00;0.00;0.00;0.00;0.00;0.00;0.00;0.00;0.00;0.00;0.00;0.00;0.00;0.00;0.00;0.00;0.00;0.00;0.00;0.00;0.00;0.00;0.00;0.00;0.00;0.00;0.00;0.00;0.00;0.00;0.00;0.00;0.00;0.00;0.00;0.00;0.00;0.00;0.00;0.00;0.00;0.00;0.00;0.00;0.00;0.00;0.00;0.00;0.00;0.00;0.00;0.00;0.00;0.00;0.00;0.00;0.00;0.00;0.00;0.00;0.00;0.00;0.00;0.00;0.00;0.00;0.00;0.00;0.00;0.00;0.00;0.00;0.00;0.00;0.00;0.00;0.00;0.00;0.00;0.00;0.00;0.00;0.00;0.00;0.00;0.00;0.00;0.00;0.00;0.00;0.00;0.00;0.00;0.00;0.00;0.00;0.00;0.00;0.00;0.00;0.00;0.00;0.00;0.00;0.00;0.00;0.00
2020-04-08 00:00;0.00;0.00;0.00;0.00;0.00;0.00;0.00;0.00;0.00;0.00;0.00;0.00;0.00;0.00;0.00;0.00;0.00;0.00;0.00;0.00;0.00;0.00;0.00;0.00;0.00;0.00;0.00;0.00;0.00;0.00;0.00;0.00;0.00;0.00;0.00;0.00;0.00;0.00;0.00;0.00;0.00;0.00;0.00;0.00;0.00;0.00;0.00;0.00;0.00;0.00;0.00;0.00;0.00;0.00;0.00;0.00;0.00;0.00;0.00;0.00;0.00;0.00;0.00;0.00;0.00;0.00;0.00;0.00;0.00;0.00;0.00;0.00;0.00;0.00;0.00;0.00;0.00;0.00;0.00;0.00;0.00;0.00;0.00;0.00;0.00;0.00;0.00;0.00;0.00;0.00;0.00;0.00;0.00;0.00;0.00;0.00;0.00;0.00;0.00;0.00;0.00;0.00;0.00;0.00;0.00;0.00;0.00;0.00;0.00;0.00;0.00;0.00;0.00;0.00;0.00;0.00;0.00;0.00;0.00;0.00;0.00;0.00;0.00;0.00;0.00;0.00;0.00;0.00;0.00;0.00;0.00;0.00;0.00;0.00;0.00;0.00;0.00;0.00;0.00;0.00;0.00;0.00;0.00;0.00;0.00;0.00;0.00;0.00;0.00;0.00;0.00;0.00;0.00;0.00;0.00;0.00;0.00;0.00;0.00;0.00;0.00;0.00;0.00;0.00;0.00;0.00;0.00;0.00;0.00;0.00;0.00;0.00;0.00;0.00;0.00;0.00;0.00;0.00;0.00;0.00;0.00;0.00;0.00;0.00;0.00;0.00;0.00;0.00;0.00;0.00;0.00;0.00;0.00;0.00;0.00;0.00;0.00;0.00;0.00;0.00;0.00;0.00;0.00;0.00;0.00;0.00;0.00;0.00;0.00;0.00;0.00;0.00;0.00;0.00;0.00;0.00;0.00;0.00;0.00;0.00;0.00;0.00;0.00;0.00;0.00;0.00;0.00;0.00;0.00;0.00;0.00;0.00;0.00;0.00;0.00;0.00;0.00;0.00;0.00;0.00;0.00;0.00;0.00;0.00;0.00;0.00;0.00;0.00;0.00;0.00;0.00;0.00;0.00;0.00;0.00;0.00;0.00;0.00;0.00;0.00;0.00;0.00;0.00;0.00;0.00;0.00;0.00;0.00;0.00;0.00;0.00;0.00;0.00;0.00;0.00;0.00;0.00;0.00;0.00;0.00;0.00;0.00;0.00;0.00;0.00;0.00;0.00;0.00;0.00;0.00;0.00;0.00;0.00;0.00;0.00;0.00;0.00;0.00;0.00;0.00;0.00;0.00;0.00;0.00;0.00;0.00;0.00;0.00;0.00;0.00;0.00;0.00;0.00;0.00;0.00;0.00;0.00;0.00;0.00;0.00;0.00;0.00;0.00;0.00;0.00;0.00;0.00;0.00;0.00;0.00;0.00;0.00;0.00;0.00;0.00;0.00;0.00;0.00;0.00;0.00;0.00;0.00;0.00;0.00;0.00;0.00;0.00;0.00;0.00;0.00;0.00;0.00;0.00;0.00;0.00;0.00;0.00;0.00;0.00;0.00;0.00;0.00;0.00;0.00;0.00;0.00;0.00;0.00;0.00;0.00;0.00;0.00;0.00;0.00;0.00;0.00;0.00;0.00;0.00;0.00;0.00;0.00;0.00;0.00;0.00;0.00;0.00;0.00;0.00;0.00;0.00;0.00;0.00;0.00;0.00;0.00;0.00;0.00;0.00;0.00;0.00;0.00;0.00;0.00;0.00;0.00;0.00;0.00;0.00;0.00;0.00;0.00;0.00;0.00;0.00;0.00;0.00;0.00;0.00;0.00;0.00;0.00;0.00;0.00;0.00;0.00;0.00;0.00;0.00;0.00;0.00;0.00;0.00;0.00;0.00;0.00;0.00;0.00;0.00;0.00;0.00;0.00;0.00;0.00;0.00;0.00;0.00;0.00;0.00;0.00;0.00;0.00;0.00;0.00;0.00;0.00;0.00;0.00;0.00;0.00;0.00;0.00;0.00;0.00;0.00;0.00;0.00;0.00;0.00;0.00;0.00;0.00;0.00;0.00;0.00;0.00;0.00;0.00;0.00;0.00;0.00;0.00;0.00;0.00;0.00;0.00;0.00;0.00;0.00;0.00;0.00;0.00;0.00;0.00;0.00
2020-04-09 00:00;1.96;1.44;0.66;0.99;2.04;1.84;0.24;0.56;0.77;0.42;0.21;2.27;1.48;2.30;0.08;1.15;1.37;0.57;0.31;0.06;0.01;0.64;0.77;0.04;0.03;0.56;0.72;1.61;0.06;0.07;0.04;0.18;0.18;0.02;0.10;0.00;2.38;0.47;0.81;0.06;0.04;0.03;1.10;0.73;1.79;0.82;0.54;0.39;0.07;1.62;1.01;2.70;1.08;0.14;0.11;0.02;0.07;0.08;0.01;1.30;1.21;0.06;2.46;0.06;2.45;1.06;2.43;2.54;2.70;0.25;1.90;2.47;2.70;0.61;0.10;0.30;1.41;0.03;0.11;0.03;1.10;0.50;0.10;0.08;0.03;2.54;0.28;1.00;0.00;1.71;0.00;0.83;0.22;0.31;0.00;0.72;0.25;0.27;0.02;0.62;0.15;0.22;0.45;0.44;0.60;0.15;0.19;0.23;0.39;0.81;0.62;0.53;1.05;0.88;1.87;2.09;1.90;0.63;0.37;0.53;0.08;0.37;0.06;1.14;0.83;0.07;0.08;0.06;0.40;0.82;0.58;0.33;0.32;0.66;0.06;0.16;0.12;0.62;0.48;1.07;0.31;0.09;0.51;0.22;0.39;1.08;0.20;0.56;0.08;0.08;0.06;0.46;0.33;0.46;0.51;0.54;0.08;0.24;1.44;0.56;0.60;0.15;0.16;0.33;0.49;0.15;0.26;0.14;0.09;0.77;0.20;0.00;0.21;0.67;0.00;0.48;0.18;0.27;0.68;0.48;0.02;0.21;0.00;0.27;0.27;0.51;0.10;0.79;0.20;0.36;0.14;0.15;0.06;0.12;0.02;0.13;0.06;0.12;0.02;0.11;0.00;0.07;0.11;0.06;0.11;0.24;1.13;0.38;0.18;1.50;0.60;0.00;0.08;0.22;0.07;0.64;0.13;0.11;0.05;0.20;0.21;0.44;0.00;0.18;0.11;0.15;0.12;0.17;0.01;0.08;0.22;0.26;0.06;0.78;0.08;0.17;0.13;0.12;0.16;0.18;0.16;0.01;0.36;0.11;0.22;0.16;0.67;0.36;0.21;0.57;0.34;0.09;0.19;0.05;0.31;0.06;1.25;0.15;0.13;0.15;0.33;0.26;0.03;0.00;0.45;0.05;0.00;0.52;0.07;0.43;0.02;0.36;0.20;0.26;0.37;0.21;0.43;0.21;0.21;0.34;0.17;0.38;0.16;0.15;0.42;0.68;0.18;0.07;0.23;0.70;0.28;1.02;0.26;0.23;0.00;0.85;0.26;0.21;0.11;0.14;0.29;0.12;0.20;0.00;0.06;0.24;0.25;0.00;0.19;0.02;0.44;0.13;0.23;0.55;0.36;0.54;0.02;0.10;0.37;0.00;0.00;0.00;0.08;0.11;0.01;0.00;0.08;0.00;1.03;0.00;1.26;0.07;0.00;0.00;0.00;0.00;0.00;0.00;0.00;0.06;0.00;0.10;0.08;0.04;0.16;0.26;0.45;0.14;0.47;0.28;0.42;1.00;0.00;2.29;2.39;3.61;3.44;0.45;4.06;0.11;0.82;1.52;0.76;1.48;1.48;1.48;0.75;0.60;1.48;0.00;0.22;0.30;0.16;3.44;0.06;0.51;0.01;0.17;0.35;0.11;0.08;3.94;0.26;0.62;0.00;0.00;0.77;0.08;0.06;0.48;0.09;0.00;0.40;0.29;0.03;0.00;0.51;0.07;0.21;0.22;0.37;0.22;0.53;0.17;0.27;0.00;0.00;0.77;0.07;0.22;0.00;0.09;0.06;0.11;0.22;0.11;0.07;0.23;0.98;0.00;0.15;0.19;0.09;0.09;0.28;0.09;0.10;0.06;1.29;0.43;0.55;0.33;0.17;0.06;0.06;0.06;0.06;0.32;0.08;0.14;0.10;0.32;0.22;0.48;0.07;0.09;0.06;0.13;0.12;0.06;0.22;0.06;0.16;0.14;0.43;0.23;0.10;0.92;0.06;0.24;0.10;0.69;0.18;0.06;2.26;0.15;0.09;1.21;0.07;0.25;0.35;0.48;0.24;0.21;0.02;0.05;0.22;0.00;0.10;0.61;0.03;0.38;0.49;0.31;0.85;1.94;2.54;0.61;1.25;0.29;0.09;0.13;0.43;0.00;0.68
2020-04-10 00:00;2.62;1.76;0.78;1.29;2.76;2.48;0.30;0.71;1.03;0.56;0.37;2.85;1.87;3.10;0.10;1.55;1.69;0.69;0.37;0.05;0.01;0.79;0.94;0.01;0.04;0.62;0.88;1.96;0.04;0.09;0.00;0.22;0.23;0.03;0.08;0.00;2.63;0.59;0.95;0.06;0.09;0.00;1.38;0.87;2.25;0.96;0.68;0.49;0.07;2.04;1.23;3.40;1.36;0.20;0.17;0.00;0.01;0.09;0.01;1.63;1.49;0.02;3.10;0.06;3.08;1.30;3.07;3.16;3.40;0.27;2.40;3.08;3.40;0.80;0.11;0.38;1.73;0.04;0.06;0.01;1.39;0.55;0.06;0.07;0.01;3.02;0.36;1.23;0.00;2.08;0.00;0.99;0.37;0.37;0.00;0.85;0.32;0.30;0.03;0.43;0.11;0.17;0.47;0.49;0.67;0.12;0.18;0.24;0.43;0.93;0.73;0.57;1.67;1.03;3.48;3.50;3.47;0.81;0.45;0.67;0.04;0.46;0.00;1.96;1.11;0.02;0.03;0.00;0.49;1.09;0.76;0.39;0.38;0.85;0.00;0.15;0.09;0.81;0.61;1.46;0.37;0.05;0.65;0.23;0.49;1.47;0.21;0.71;0.03;0.03;0.00;0.59;0.39;0.59;0.64;0.70;0.04;0.21;2.16;0.70;0.78;0.14;0.13;0.28;0.56;0.13;0.25;0.08;0.02;0.78;0.17;0.00;0.28;0.00;0.00;0.57;0.33;0.61;0.72;0.58;0.03;0.33;0.00;0.31;0.30;0.60;0.11;0.93;0.24;0.38;0.23;0.18;0.08;0.24;0.16;0.17;0.07;0.24;0.03;0.11;0.00;0.08;0.18;0.06;0.09;0.27;1.16;0.34;0.19;1.87;1.79;0.00;0.00;0.24;0.07;0.67;0.21;0.20;0.05;0.21;0.22;1.70;0.00;0.17;0.12;0.13;0.11;0.16;0.02;0.08;0.22;0.27;0.07;0.72;0.18;0.29;0.14;0.29;0.50;0.31;0.21;0.01;0.49;0.10;0.35;0.17;0.55;0.27;0.15;0.48;0.23;0.06;0.28;0.16;0.33;0.08;1.10;0.21;0.25;0.17;0.49;0.08;0.12;0.01;0.49;0.17;0.00;0.55;0.17;0.49;0.12;0.30;0.29;0.36;0.43;0.22;0.40;0.26;0.19;0.32;0.24;0.35;0.15;0.17;0.45;0.54;0.17;0.16;0.22;0.68;0.19;0.67;0.25;0.31;0.16;0.69;0.33;1.48;0.11;0.12;0.34;0.18;0.16;0.07;0.11;0.35;0.23;0.00;0.30;0.10;0.49;0.25;0.29;0.49;0.29;0.52;0.16;0.03;0.44;0.00;0.01;0.07;0.08;0.12;0.01;0.04;0.10;0.01;1.05;0.00;1.13;0.09;0.00;0.00;0.00;0.00;0.00;0.00;0.00;0.07;0.26;0.09;0.07;0.08;0.15;0.27;0.46;0.24;0.47;0.24;0.40;1.02;0.00;2.26;2.40;3.12;3.29;0.50;3.87;0.14;0.90;1.26;0.67;2.59;2.59;2.59;0.81;0.71;2.59;0.03;0.27;0.28;0.15;3.33;0.32;0.47;0.01;0.16;0.41;0.11;0.13;3.09;0.22;0.66;0.00;0.00;0.67;0.11;0.06;0.58;0.10;0.02;0.50;0.37;0.02;0.00;0.57;0.17;0.20;0.66;0.90;1.11;0.54;0.21;0.25;0.00;0.12;0.83;0.08;0.29;0.04;0.10;0.06;0.13;0.23;0.14;0.08;0.26;1.14;0.01;0.24;0.24;0.10;0.11;0.30;0.05;0.06;0.00;2.09;0.53;0.72;0.39;0.14;0.00;0.00;0.00;0.00;0.39;0.03;0.12;0.06;0.38;0.23;0.60;0.03;0.05;0.00;0.11;0.08;0.00;0.23;0.01;0.05;0.12;0.54;0.25;0.05;1.83;0.00;0.24;0.05;1.19;0.16;0.00;3.38;0.12;0.05;2.65;0.06;0.33;0.44;0.53;0.38;0.19;0.09;0.05;0.28;0.00;0.10;0.67;0.03;0.48;0.56;0.37;1.07;2.07;3.20;0.77;1.54;0.36;0.15;0.17;0.53;0.00;0.85
2020-04-11 00:00;0.32;0.31;0.00;0.19;0.36;0.32;0.02;0.07;0.13;0.07;0.04;0.24;0.20;0.40;0.01;0.20;0.17;0.05;0.03;0.01;0.00;0.06;0.06;0.00;0.00;0.07;0.06;0.13;0.01;0.01;0.00;0.02;0.02;0.00;0.00;0.01;0.00;0.05;0.04;0.01;0.01;0.00;0.12;0.05;0.20;0.04;0.06;0.04;0.01;0.18;0.08;0.30;0.12;0.02;0.02;0.00;0.00;0.01;0.00;0.14;0.11;0.00;0.27;0.01;0.27;0.09;0.27;0.25;0.30;0.02;0.21;0.25;0.30;0.07;0.01;0.03;0.12;0.00;0.00;0.00;0.12;0.00;0.00;0.01;0.00;0.15;0.03;0.10;0.00;0.14;0.00;0.05;0.02;0.03;0.00;0.04;0.03;0.00;0.00;0.06;0.01;0.03;0.01;0.04;0.04;0.01;0.02;0.02;0.04;0.05;0.06;0.03;0.11;0.07;0.19;0.17;0.14;0.03;0.02;0.02;0.00;0.02;0.00;0.08;0.04;0.00;0.00;0.00;0.03;0.03;0.04;0.02;0.02;0.00;0.00;0.01;0.00;0.04;0.02;0.08;0.01;0.00;0.03;0.01;0.03;0.06;0.01;0.03;0.00;0.00;0.00;0.03;0.02;0.03;0.02;0.04;0.00;0.02;0.10;0.00;0.04;0.01;0.01;0.02;0.03;0.01;0.01;0.00;0.00;0.07;0.01;0.00;0.01;0.02;0.00;0.05;0.02;0.03;0.09;0.04;0.00;0.01;0.00;0.01;0.01;0.01;0.00;0.02;0.01;0.01;0.00;0.00;0.00;0.00;0.00;0.00;0.00;0.00;0.00;0.00;0.00;0.00;0.00;0.00;0.00;0.01;0.03;0.01;0.00;0.05;0.02;0.00;0.00;0.01;0.00;0.01;0.01;0.00;0.00;0.01;0.00;0.02;0.00;0.00;0.00;0.00;0.00;0.00;0.00;0.00;0.01;0.01;0.00;0.05;0.00;0.03;0.00;0.01;0.03;0.02;0.02;0.00;0.01;0.01;0.02;0.01;0.02;0.01;0.00;0.02;0.01;0.00;0.01;0.01;0.01;0.00;0.07;0.01;0.01;0.01;0.03;0.01;0.01;0.00;0.02;0.00;0.00;0.01;0.01;0.02;0.00;0.01;0.01;0.02;0.02;0.01;0.02;0.01;0.01;0.02;0.01;0.02;0.01;0.01;0.02;0.03;0.01;0.01;0.01;0.03;0.02;0.06;0.01;0.01;0.00;0.02;0.01;0.04;0.00;0.00;0.01;0.00;0.00;0.00;0.01;0.01;0.01;0.00;0.01;0.00;0.01;0.01;0.01;0.01;0.01;0.01;0.00;0.00;0.01;0.00;0.00;0.00;0.00;0.00;0.00;0.00;0.00;0.00;0.03;0.00;0.05;0.00;0.00;0.00;0.00;0.00;0.00;0.00;0.00;0.00;0.00;0.00;0.00;0.00;0.00;0.01;0.01;0.01;0.01;0.01;0.01;0.03;0.00;0.07;0.06;0.03;0.13;0.01;0.10;0.00;0.02;0.02;0.02;0.20;0.20;0.20;0.02;0.01;0.20;0.00;0.01;0.01;0.00;0.00;0.01;0.01;0.00;0.01;0.01;0.00;0.00;0.01;0.00;0.02;0.00;0.00;0.02;0.00;0.00;0.00;0.00;0.00;0.01;0.01;0.00;0.00;0.01;0.00;0.01;0.02;0.01;0.01;0.01;0.00;0.01;0.00;0.00;0.02;0.00;0.01;0.00;0.00;0.00;0.00;0.01;0.00;0.00;0.01;0.03;0.00;0.01;0.01;0.00;0.00;0.01;0.00;0.00;0.00;0.09;0.03;0.04;0.02;0.00;0.00;0.00;0.00;0.00;0.01;0.00;0.01;0.00;0.02;0.01;0.03;0.00;0.00;0.00;0.01;0.00;0.00;0.01;0.00;0.00;0.01;0.03;0.01;0.00;0.09;0.00;0.02;0.00;0.06;0.01;0.00;0.22;0.01;0.00;0.13;0.01;0.03;0.05;0.05;0.03;0.01;0.00;0.00;0.03;0.00;0.01;0.06;0.00;0.04;0.06;0.03;0.09;0.46;0.28;0.07;0.15;0.03;0.01;0.02;0.05;0.00;0.08
2020-04-12 00:00;0.00;0.00;0.00;0.00;0.00;0.00;0.00;0.00;0.00;0.00;0.00;0.00;0.00;0.00;0.00;0.00;0.00;0.00;0.00;0.00;0.00;0.00;0.00;0.00;0.00;0.00;0.00;0.00;0.00;0.00;0.00;0.00;0.00;0.00;0.00;0.00;0.00;0.00;0.00;0.00;0.00;0.00;0.00;0.00;0.00;0.00;0.00;0.00;0.00;0.00;0.00;0.00;0.00;0.00;0.00;0.00;0.00;0.00;0.00;0.00;0.00;0.00;0.00;0.00;0.00;0.00;0.00;0.00;0.00;0.00;0.00;0.00;0.00;0.00;0.00;0.00;0.00;0.00;0.00;0.00;0.00;0.00;0.00;0.00;0.00;0.00;0.00;0.00;0.00;0.00;0.00;0.00;0.00;0.00;0.00;0.00;0.00;0.00;0.00;0.00;0.00;0.00;0.00;0.00;0.00;0.00;0.00;0.00;0.00;0.00;0.00;0.00;0.00;0.00;0.00;0.00;0.00;0.00;0.00;0.00;0.00;0.00;0.00;0.00;0.00;0.00;0.00;0.00;0.00;0.00;0.00;0.00;0.00;0.00;0.00;0.00;0.00;0.00;0.00;0.00;0.00;0.00;0.00;0.00;0.00;0.00;0.00;0.00;0.00;0.00;0.00;0.00;0.00;0.00;0.00;0.00;0.00;0.00;0.00;0.00;0.00;0.00;0.00;0.00;0.00;0.00;0.00;0.00;0.00;0.00;0.00;0.00;0.00;0.00;0.00;0.00;0.00;0.00;0.00;0.00;0.00;0.00;0.00;0.00;0.00;0.00;0.00;0.00;0.00;0.00;0.00;0.00;0.00;0.00;0.00;0.00;0.00;0.00;0.00;0.00;0.00;0.00;0.00;0.00;0.00;0.00;0.00;0.00;0.00;0.00;0.00;0.00;0.00;0.00;0.00;0.00;0.00;0.00;0.00;0.00;0.00;0.00;0.00;0.00;0.00;0.00;0.00;0.00;0.00;0.00;0.00;0.00;0.00;0.00;0.00;0.00;0.00;0.00;0.00;0.00;0.00;0.00;0.00;0.00;0.00;0.00;0.00;0.00;0.00;0.00;0.00;0.00;0.00;0.00;0.00;0.00;0.00;0.00;0.00;0.00;0.00;0.00;0.00;0.00;0.00;0.00;0.00;0.00;0.00;0.00;0.00;0.00;0.00;0.00;0.00;0.00;0.00;0.00;0.00;0.00;0.00;0.00;0.00;0.00;0.00;0.00;0.00;0.00;0.00;0.00;0.00;0.00;0.00;0.00;0.00;0.00;0.00;0.00;0.00;0.00;0.00;0.00;0.00;0.00;0.00;0.00;0.00;0.00;0.00;0.00;0.00;0.00;0.00;0.00;0.00;0.00;0.00;0.00;0.00;0.00;0.00;0.00;0.00;0.00;0.00;0.00;0.00;0.00;0.00;0.00;0.00;0.00;0.00;0.00;0.00;0.00;0.00;0.00;0.00;0.00;0.00;0.00;0.00;0.00;0.00;0.00;0.00;0.00;0.00;0.00;0.00;0.00;0.00;0.00;0.00;0.00;0.00;0.00;0.00;0.00;0.00;0.00;0.00;0.00;0.00;0.00;0.00;0.00;0.00;0.00;0.00;0.00;0.00;0.00;0.00;0.00;0.00;0.00;0.00;0.00;0.00;0.00;0.00;0.00;0.00;0.00;0.00;0.00;0.00;0.00;0.00;0.00;0.00;0.00;0.00;0.00;0.00;0.00;0.00;0.00;0.00;0.00;0.00;0.00;0.00;0.00;0.00;0.00;0.00;0.00;0.00;0.00;0.00;0.00;0.00;0.00;0.00;0.00;0.00;0.00;0.00;0.00;0.00;0.00;0.00;0.00;0.00;0.00;0.00;0.00;0.00;0.00;0.00;0.00;0.00;0.00;0.00;0.00;0.00;0.00;0.00;0.00;0.00;0.00;0.00;0.00;0.00;0.00;0.00;0.00;0.00;0.00;0.00;0.00;0.00;0.00;0.00;0.00;0.00;0.00;0.00;0.00;0.00;0.00;0.00;0.00;0.00;0.00;0.00;0.00;0.00;0.00;0.00;0.00;0.00;0.00;0.00;0.00;0.00;0.00;0.00;0.00;0.00;0.00;0.00;0.00;0.00;0.00;0.00;0.00;0.00;0.00;0.00;0.00;0.00
2020-04-13 00:00;11.58;5.71;3.89;5.02;12.09;10.88;1.40;3.03;4.53;2.47;1.05;11.66;7.56;13.60;0.45;6.80;6.27;2.86;1.56;0.26;0.19;3.22;3.87;0.14;0.17;1.50;3.62;8.03;0.30;0.41;0.17;0.89;0.92;0.17;0.30;0.33;11.66;2.41;4.01;0.33;0.35;0.10;5.53;3.64;9.02;4.07;2.72;1.94;0.35;8.16;5.05;13.60;5.44;0.64;0.67;0.19;0.05;0.56;0.19;6.55;6.07;0.05;12.43;0.44;12.34;5.33;12.27;12.76;13.60;1.02;9.58;12.41;13.60;3.06;0.50;1.51;7.07;0.05;0.13;0.05;5.56;2.44;0.09;0.34;0.14;12.63;1.47;5.00;0.00;8.53;0.00;4.11;1.26;1.54;0.00;3.58;1.27;1.32;0.17;6.98;9.12;9.45;9.89;10.28;11.12;9.51;9.84;9.77;10.75;11.38;11.23;10.66;12.29;11.54;13.13;12.99;12.80;9.71;8.72;9.70;7.99;9.48;8.12;11.87;10.79;8.00;7.03;8.14;8.71;10.26;9.89;9.23;8.48;7.55;7.54;7.90;8.35;10.06;9.17;11.33;8.74;6.08;8.61;8.84;8.25;11.15;8.27;9.68;6.97;7.57;8.07;9.19;8.46;8.56;8.36;10.21;5.93;7.85;12.18;8.11;10.29;5.08;8.17;7.39;8.02;8.27;8.49;9.73;9.80;7.96;8.20;0.00;0.80;0.00;0.00;1.69;2.66;2.08;8.38;1.49;0.44;0.89;0.00;1.02;0.99;2.10;0.37;3.25;0.81;1.01;0.50;0.60;0.22;0.51;0.25;2.40;0.22;0.55;0.09;0.38;0.00;0.28;0.56;0.22;0.31;0.91;4.33;1.41;2.55;7.33;6.19;2.16;0.00;2.82;0.32;2.45;0.76;0.82;0.21;0.86;1.00;6.48;0.00;0.74;0.36;0.54;0.44;0.67;0.09;0.34;0.95;1.12;0.42;2.23;0.45;0.99;1.53;0.73;0.93;1.09;0.74;0.06;1.19;0.59;1.48;3.93;2.91;1.28;2.10;2.53;1.22;0.49;2.13;0.34;2.12;0.50;2.95;0.89;1.26;3.28;2.77;1.01;0.74;0.27;1.96;1.59;0.07;1.76;2.08;1.85;0.40;1.37;0.99;1.12;1.95;0.85;1.83;3.53;3.13;4.32;0.83;3.77;2.53;3.28;2.97;3.82;3.48;1.61;4.25;2.10;1.17;2.97;1.33;1.12;0.40;2.14;1.11;6.43;0.64;1.14;1.18;0.53;0.61;0.20;0.41;1.06;0.99;0.00;1.12;0.47;1.31;0.68;1.02;2.04;1.29;0.99;0.53;0.72;1.28;0.00;0.12;0.39;0.32;0.65;0.05;0.38;0.48;0.26;3.64;0.00;2.60;0.41;0.00;0.00;0.00;0.00;0.00;0.00;0.00;0.52;0.64;0.65;0.31;0.29;0.66;1.33;2.11;0.90;2.15;0.97;1.46;4.31;0.00;9.48;10.55;13.72;13.99;1.42;17.08;0.58;3.68;1.91;1.39;1.39;1.39;1.39;1.92;1.57;1.38;0.18;1.56;1.39;4.71;12.80;0.86;1.43;0.31;1.18;1.06;0.50;0.58;14.17;0.56;1.64;0.12;0.00;1.77;0.46;0.43;1.59;0.73;0.01;1.06;1.58;0.11;0.00;2.47;0.58;0.95;3.67;4.46;3.90;1.89;0.59;0.86;0.00;0.17;1.95;0.29;0.75;0.30;0.34;0.21;0.44;0.65;0.56;0.29;0.82;3.17;0.00;0.81;0.61;0.35;0.37;0.83;7.18;7.81;7.60;12.05;8.01;9.81;9.00;9.11;7.46;7.82;7.14;6.15;1.45;8.06;8.31;8.32;9.39;8.52;10.42;8.28;8.31;8.18;8.54;8.05;8.15;9.07;7.44;7.38;8.98;10.34;9.24;9.82;12.21;9.33;10.23;9.48;11.46;10.15;8.55;13.39;10.32;9.83;12.61;0.05;1.45;1.97;2.32;1.34;9.54;0.42;0.30;1.28;0.24;0.41;1.97;0.14;1.97;1.59;1.61;4.29;2.81;12.80;3.06;5.77;1.25;0.51;0.80;2.30;0.00;3.40
2020-04-14 00:00;7.35;3.51;2.62;3.32;7.64;6.88;0.91;1.94;2.87;1.56;0.87;7.50;4.97;8.60;0.29;4.30;4.44;1.86;1.21;0.49;0.66;2.07;2.52;0.39;0.41;1.73;2.35;5.23;0.49;0.32;0.32;0.57;0.63;0.29;0.49;1.94;7.96;1.54;2.65;0.45;0.31;0.38;3.54;2.40;5.77;2.70;1.74;1.24;0.49;5.22;3.28;8.70;3.48;0.75;0.58;0.33;0.33;0.59;0.76;4.20;3.93;0.36;8.04;1.40;7.91;3.46;7.86;8.22;8.70;1.01;6.13;7.99;8.70;2.10;0.55;0.97;4.59;0.33;0.41;0.42;3.56;1.67;0.45;0.48;0.36;8.33;1.02;3.32;0.00;5.55;0.00;2.71;0.92;1.05;0.00;2.37;0.84;0.90;0.26;6.03;8.31;7.40;7.71;7.77;7.88;7.71;7.54;8.37;7.83;7.87;7.94;7.66;8.12;7.95;8.95;9.27;10.02;9.12;9.14;9.10;9.00;9.08;9.01;9.43;9.25;9.01;9.08;9.02;9.16;9.13;9.16;9.10;9.12;9.14;9.06;9.10;9.04;9.21;9.09;9.48;9.03;9.21;9.22;9.02;9.17;9.45;9.05;9.10;9.09;9.04;9.01;9.13;9.07;9.22;9.14;9.16;9.15;8.57;9.62;9.08;9.24;9.26;8.93;8.42;8.78;9.28;10.58;12.07;12.15;10.14;11.85;3.69;3.56;4.70;2.18;3.14;6.78;4.56;9.68;5.19;5.85;2.00;4.10;1.27;1.19;2.00;0.65;3.31;1.39;1.13;1.37;0.80;0.71;1.49;2.28;8.42;0.50;1.27;0.28;0.97;0.14;0.45;1.57;0.63;0.55;1.06;6.62;7.35;8.31;10.50;9.71;8.44;6.56;8.99;6.77;8.24;3.28;3.96;2.14;2.61;2.35;9.32;0.49;1.73;3.58;1.01;0.73;1.03;2.51;0.97;4.17;3.11;4.33;4.55;5.87;8.62;11.75;4.52;5.79;7.50;8.15;2.04;3.48;11.49;10.43;17.46;6.87;1.37;10.25;5.24;5.51;4.99;11.78;8.88;11.30;8.64;4.47;10.80;8.10;14.99;7.04;8.55;8.23;3.69;12.01;11.83;3.43;6.46;13.48;4.99;7.61;3.86;5.65;4.28;8.76;4.39;11.73;15.30;15.95;15.94;8.62;13.79;13.72;15.17;9.11;10.16;15.72;12.16;15.71;5.43;4.10;5.08;4.50;8.87;2.65;5.63;4.98;14.28;6.23;8.94;4.49;5.42;2.11;3.11;3.07;2.32;2.28;0.36;4.44;2.93;6.31;4.54;4.20;8.99;8.88;2.65;4.40;9.59;3.09;0.41;3.21;2.03;0.65;3.71;1.12;3.15;2.20;3.80;6.41;2.85;3.89;4.08;1.37;0.71;0.42;1.43;1.74;2.41;0.36;4.17;3.80;3.76;0.84;4.34;3.04;3.89;6.77;4.50;4.81;2.64;4.39;7.60;0.86;12.17;12.45;15.48;15.30;2.46;17.00;7.60;7.38;3.99;2.72;2.97;2.97;2.97;2.99;2.59;2.97;3.15;9.78;7.36;14.88;14.49;2.66;2.38;3.44;6.22;3.07;3.15;3.66;15.20;5.51;3.01;1.81;0.70;3.02;3.02;3.26;3.72;3.64;2.56;4.11;6.60;0.48;2.23;9.81;4.33;3.01;6.61;6.59;6.56;2.04;1.21;0.83;0.50;2.14;2.59;0.76;1.03;1.24;0.72;0.68;5.28;2.97;0.78;4.75;5.23;4.59;0.57;2.87;1.23;0.87;0.92;0.92;9.11;9.05;9.06;9.54;9.23;9.16;9.07;10.51;9.03;8.94;9.10;9.07;2.41;9.02;9.05;9.04;9.04;9.07;9.29;9.04;9.04;9.03;8.98;8.99;9.03;9.07;9.03;8.22;8.76;9.25;9.00;7.74;8.18;8.05;7.81;7.69;8.87;7.79;7.66;8.60;7.57;7.73;8.28;0.21;1.94;3.40;5.21;4.04;8.86;4.20;0.37;1.18;1.95;0.58;1.53;0.15;1.32;1.15;1.27;2.85;2.70;8.21;1.96;3.93;0.87;0.50;0.63;2.24;0.15;2.20
2020-04-15 00:00;0.08;0.08;0.00;0.05;0.09;0.08;0.01;0.02;0.03;0.02;0.01;0.08;0.06;0.10;0.00;0.05;0.05;0.02;0.01;0.00;0.00;0.02;0.02;0.00;0.01;0.02;0.02;0.04;0.00;0.01;0.00;0.01;0.01;0.00;0.01;0.00;0.00;0.02;0.01;0.00;0.00;0.00;0.04;0.02;0.07;0.01;0.02;0.01;0.00;0.06;0.03;0.10;0.04;0.01;0.01;0.00;0.01;0.00;0.00;0.05;0.04;0.01;0.09;0.00;0.09;0.03;0.09;0.08;0.10;0.01;0.07;0.08;0.10;0.02;0.01;0.01;0.04;0.01;0.01;0.00;0.04;0.00;0.01;0.00;0.01;0.05;0.01;0.03;0.00;0.05;0.00;0.02;0.01;0.01;0.00;0.01;0.01;0.00;0.00;0.02;0.01;0.01;0.00;0.01;0.01;0.00;0.01;0.01;0.01;0.02;0.02;0.01;0.04;0.02;0.07;0.07;0.07;0.01;0.01;0.01;0.00;0.01;0.00;0.04;0.02;0.00;0.00;0.00;0.01;0.02;0.02;0.01;0.01;0.00;0.00;0.00;0.00;0.02;0.01;0.04;0.00;0.00;0.02;0.01;0.01;0.03;0.01;0.02;0.00;0.00;0.00;0.02;0.01;0.02;0.01;0.02;0.00;0.01;0.05;0.00;0.02;0.00;0.00;0.01;0.02;0.00;0.01;0.00;0.00;0.05;0.00;0.06;0.06;0.09;0.03;0.09;0.05;0.08;0.06;0.05;0.05;0.02;0.05;0.01;0.01;0.02;0.00;0.03;0.02;0.01;0.04;0.01;0.01;0.03;0.02;0.00;0.00;0.03;0.00;0.00;0.00;0.00;0.02;0.00;0.00;0.01;0.10;0.07;0.04;0.00;0.01;0.02;0.08;0.04;0.08;0.05;0.05;0.04;0.06;0.09;0.05;0.02;0.03;0.06;0.10;0.05;0.02;0.03;0.09;0.05;0.12;0.13;0.13;0.17;0.05;0.08;0.02;0.06;0.14;0.10;0.13;0.11;0.11;0.09;0.13;0.02;0.16;0.05;0.00;0.24;0.18;0.07;0.04;0.09;0.07;0.10;0.13;0.09;0.13;0.02;0.00;0.05;0.11;0.22;0.11;0.02;0.36;0.09;0.00;0.05;0.13;0.17;0.10;0.12;0.10;0.33;0.13;0.02;0.00;0.05;0.03;0.05;0.00;0.00;0.00;0.06;0.02;0.02;0.02;0.03;0.18;0.13;0.26;0.14;0.23;0.15;0.11;0.01;0.06;0.04;0.24;0.07;0.16;0.10;0.10;0.09;0.07;0.01;0.07;0.13;0.06;0.07;0.18;0.09;0.07;0.11;0.08;0.04;0.11;0.01;0.08;0.14;0.06;0.10;0.07;0.11;0.13;0.10;0.13;0.10;0.13;0.11;0.06;0.06;0.02;0.06;0.07;0.09;0.01;0.11;0.06;0.12;0.04;0.11;0.06;0.12;0.07;0.07;0.15;0.13;0.14;0.12;0.05;0.21;0.19;0.09;0.34;0.10;0.29;0.04;0.10;0.03;0.00;0.00;0.00;0.00;0.11;0.06;0.00;0.11;0.04;0.06;0.01;0.02;0.07;0.17;0.11;0.06;0.07;0.10;0.07;0.01;0.07;0.14;0.09;0.05;0.15;0.13;0.11;0.08;0.08;0.09;0.07;0.06;0.01;0.08;0.07;0.05;0.10;0.04;0.02;0.04;0.02;0.02;0.01;0.00;0.03;0.04;0.01;0.01;0.01;0.01;0.01;0.05;0.08;0.01;0.05;0.06;0.08;0.00;0.03;0.01;0.01;0.01;0.01;0.00;0.00;0.00;0.05;0.01;0.02;0.01;0.00;0.00;0.00;0.00;0.00;0.05;0.00;0.00;0.00;0.01;0.01;0.02;0.00;0.00;0.00;0.00;0.00;0.00;0.01;0.00;0.00;0.00;0.01;0.01;0.00;0.03;0.00;0.01;0.00;0.02;0.00;0.00;0.07;0.00;0.00;0.04;0.01;0.01;0.01;0.01;0.01;0.01;0.00;0.00;0.01;0.00;0.01;0.02;0.00;0.02;0.02;0.01;0.03;0.13;0.09;0.02;0.05;0.01;0.01;0.01;0.02;0.00;0.03
2020-04-16 00:00;0.48;0.48;0.00;0.26;0.53;0.48;0.03;0.14;0.20;0.11;0.06;0.66;0.47;0.60;0.02;0.30;0.45;0.14;0.15;0.05;0.03;0.19;0.19;0.05;0.04;0.19;0.19;0.40;0.05;0.05;0.07;0.06;0.05;0.02;0.04;0.02;0.02;0.17;0.14;0.07;0.04;0.08;0.36;0.14;0.60;0.13;0.18;0.13;0.06;0.54;0.25;0.90;0.36;0.07;0.06;0.05;0.03;0.05;0.04;0.41;0.33;0.03;0.83;0.05;0.82;0.27;0.81;0.77;0.90;0.10;0.63;0.76;0.90;0.22;0.05;0.10;0.37;0.03;0.03;0.03;0.37;0.00;0.03;0.07;0.03;0.46;0.11;0.29;0.00;0.43;0.00;0.16;0.09;0.08;0.00;0.12;0.10;0.00;0.03;0.17;0.03;0.07;0.04;0.13;0.12;0.03;0.05;0.05;0.11;0.16;0.19;0.09;0.34;0.21;0.54;0.49;0.35;0.07;0.06;0.05;0.01;0.06;0.00;0.21;0.09;0.00;0.00;0.00;0.06;0.08;0.10;0.04;0.05;0.00;0.00;0.02;0.01;0.10;0.06;0.19;0.02;0.01;0.09;0.03;0.06;0.16;0.03;0.08;0.00;0.00;0.00;0.08;0.04;0.08;0.05;0.09;0.01;0.05;0.26;0.00;0.10;0.02;0.02;0.05;0.08;0.02;0.02;0.00;0.00;0.09;0.01;0.09;0.06;0.18;0.02;0.18;0.10;0.21;0.13;0.10;0.12;0.02;0.04;0.02;0.02;0.03;0.01;0.05;0.02;0.02;0.01;0.01;0.01;0.01;0.01;0.07;0.01;0.01;0.01;0.00;0.00;0.00;0.01;0.00;0.00;0.02;0.04;0.07;0.04;0.03;0.03;0.04;0.05;0.04;0.05;0.04;0.03;0.03;0.00;0.01;0.01;0.04;0.00;0.01;0.01;0.01;0.01;0.01;0.00;0.01;0.01;0.01;0.01;0.05;0.04;0.05;0.04;0.04;0.07;0.04;0.07;0.00;0.02;0.04;0.05;0.02;0.01;0.00;0.00;0.01;0.03;0.00;0.04;0.04;0.05;0.05;0.09;0.04;0.04;0.02;0.08;0.06;0.04;0.02;0.05;0.04;0.00;0.09;0.03;0.09;0.03;0.01;0.06;0.02;0.07;0.01;0.05;0.03;0.02;0.03;0.01;0.04;0.03;0.02;0.06;0.06;0.02;0.04;0.02;0.10;0.06;0.11;0.02;0.04;0.00;0.00;0.00;0.00;0.00;0.00;0.00;0.00;0.00;0.02;0.03;0.04;0.01;0.00;0.03;0.00;0.06;0.01;0.00;0.00;0.00;0.00;0.00;0.00;0.00;0.00;0.00;0.01;0.01;0.01;0.00;0.01;0.02;0.00;0.05;0.00;0.07;0.01;0.00;0.00;0.00;0.00;0.00;0.00;0.00;0.00;0.04;0.01;0.01;0.01;0.01;0.02;0.03;0.03;0.01;0.01;0.01;0.04;0.00;0.08;0.07;0.03;0.13;0.04;0.10;0.04;0.04;0.14;0.16;0.18;0.18;0.18;0.05;0.07;0.18;0.01;0.05;0.04;0.03;0.00;0.10;0.02;0.01;0.04;0.03;0.01;0.02;0.00;0.08;0.02;0.01;0.00;0.02;0.01;0.01;0.12;0.02;0.00;0.07;0.04;0.00;0.00;0.05;0.03;0.01;0.09;0.05;0.10;0.02;0.01;0.01;0.00;0.00;0.02;0.01;0.02;0.00;0.01;0.01;0.10;0.15;0.01;0.08;0.10;0.19;0.01;0.01;0.02;0.01;0.01;0.02;0.01;0.01;0.00;0.23;0.07;0.09;0.05;0.01;0.00;0.00;0.00;0.00;0.13;0.00;0.02;0.01;0.05;0.03;0.08;0.00;0.01;0.00;0.01;0.01;0.00;0.03;0.00;0.01;0.02;0.07;0.03;0.01;0.28;0.00;0.06;0.01;0.15;0.04;0.00;0.80;0.03;0.01;0.39;0.02;0.12;0.15;0.13;0.10;0.03;0.00;0.08;0.11;0.03;0.07;0.24;0.02;0.15;0.16;0.15;0.28;0.91;0.85;0.20;0.46;0.09;0.06;0.06;0.18;0.02;0.22
2020-04-17 00:00;0.56;0.52;0.00;0.31;0.62;0.56;0.04;0.12;0.23;0.13;0.08;0.41;0.34;0.70;0.02;0.35;0.25;0.08;0.07;0.02;0.03;0.10;0.10;0.02;0.02;0.11;0.10;0.22;0.02;0.01;0.02;0.03;0.03;0.00;0.02;0.03;0.00;0.09;0.07;0.03;0.01;0.02;0.20;0.08;0.33;0.07;0.10;0.07;0.03;0.30;0.14;0.50;0.20;0.04;0.03;0.02;0.01;0.04;0.03;0.23;0.18;0.02;0.46;0.04;0.45;0.15;0.45;0.42;0.50;0.05;0.35;0.42;0.50;0.12;0.03;0.06;0.20;0.01;0.01;0.01;0.20;0.00;0.02;0.03;0.01;0.25;0.05;0.16;0.00;0.24;0.00;0.09;0.06;0.04;0.00;0.06;0.05;0.00;0.00;0.10;0.01;0.04;0.02;0.07;0.07;0.02;0.03;0.02;0.06;0.09;0.11;0.05;0.19;0.12;0.29;0.25;0.14;0.03;0.02;0.02;0.00;0.02;0.00;0.08;0.04;0.00;0.00;0.00;0.03;0.03;0.04;0.02;0.02;0.00;0.00;0.01;0.00;0.04;0.02;0.08;0.01;0.00;0.03;0.01;0.03;0.06;0.01;0.03;0.00;0.00;0.00;0.03;0.02;0.03;0.02;0.04;0.00;0.02;0.10;0.00;0.04;0.01;0.01;0.02;0.03;0.01;0.01;0.00;0.00;0.05;0.00;0.01;0.01;0.04;0.01;0.04;0.04;0.04;0.06;0.02;0.03;0.01;0.00;0.01;0.01;0.01;0.00;0.02;0.01;0.01;0.01;0.00;0.00;0.01;0.00;0.05;0.00;0.00;0.00;0.00;0.00;0.00;0.01;0.00;0.00;0.01;0.08;0.11;0.15;0.10;0.12;0.15;0.09;0.15;0.10;0.03;0.02;0.02;0.01;0.02;0.01;0.13;0.01;0.02;0.02;0.02;0.02;0.02;0.01;0.01;0.03;0.03;0.02;0.09;0.01;0.04;0.09;0.02;0.05;0.04;0.03;0.01;0.03;0.03;0.05;0.32;0.08;0.03;0.13;0.07;0.05;0.02;0.13;0.02;0.16;0.03;0.92;0.03;0.04;0.30;0.50;0.12;0.02;0.02;0.13;0.14;0.03;0.27;0.23;0.34;0.03;0.05;0.03;0.04;0.15;0.05;0.07;0.31;0.31;0.33;0.04;0.28;0.29;0.30;0.62;0.74;0.30;0.15;0.31;0.51;0.06;0.79;0.06;0.04;0.02;0.10;0.03;0.14;0.02;0.06;0.04;0.02;0.03;0.01;0.02;0.03;0.02;0.01;0.03;0.01;0.03;0.02;0.03;0.05;0.05;0.04;0.02;0.07;0.03;0.01;0.01;0.02;0.01;0.02;0.01;0.01;0.02;0.01;0.09;0.01;0.10;0.01;0.00;0.00;0.01;0.01;0.01;0.01;0.01;0.01;0.02;0.01;0.01;0.01;0.02;0.03;0.03;0.02;0.04;0.03;0.04;0.08;0.00;0.20;0.18;0.11;0.33;0.04;0.29;0.02;0.07;0.57;0.60;1.03;1.03;1.03;0.05;0.03;1.03;0.01;0.06;0.03;0.14;0.00;0.02;0.04;0.01;0.02;0.03;0.02;0.02;0.02;0.04;0.05;0.02;0.01;0.05;0.02;0.02;0.14;0.02;0.01;0.03;0.03;0.00;0.01;0.04;0.02;0.02;0.07;0.10;0.05;0.03;0.01;0.02;0.01;0.01;0.04;0.01;0.01;0.01;0.01;0.00;0.02;0.02;0.01;0.01;0.02;0.09;0.00;0.01;0.01;0.00;0.01;0.01;0.00;0.00;0.00;0.09;0.03;0.04;0.02;0.01;0.00;0.00;0.00;0.00;0.02;0.00;0.01;0.00;0.02;0.01;0.03;0.00;0.00;0.00;0.01;0.00;0.00;0.01;0.00;0.00;0.01;0.03;0.01;0.01;0.16;0.00;0.04;0.01;0.07;0.02;0.00;0.43;0.02;0.01;0.22;0.01;0.07;0.09;0.10;0.08;0.01;0.03;0.02;0.06;0.03;0.03;0.10;0.00;0.07;0.08;0.07;0.16;0.59;0.47;0.11;0.25;0.05;0.03;0.02;0.10;0.00;0.12
2020-04-18 00:00;0.00;0.00;0.00;0.00;0.00;0.00;0.00;0.00;0.00;0.00;0.00;0.00;0.00;0.00;0.00;0.00;0.00;0.00;0.00;0.00;0.00;0.00;0.00;0.00;0.00;0.00;0.00;0.00;0.00;0.00;0.00;0.00;0.00;0.00;0.00;0.00;0.00;0.00;0.00;0.00;0.00;0.00;0.00;0.00;0.00;0.00;0.00;0.00;0.00;0.00;0.00;0.00;0.00;0.00;0.00;0.00;0.00;0.00;0.00;0.00;0.00;0.00;0.00;0.00;0.00;0.00;0.00;0.00;0.00;0.00;0.00;0.00;0.00;0.00;0.00;0.00;0.00;0.00;0.00;0.00;0.00;0.00;0.00;0.00;0.00;0.00;0.00;0.00;0.00;0.00;0.00;0.00;0.00;0.00;0.00;0.00;0.00;0.00;0.00;0.00;0.00;0.00;0.00;0.00;0.00;0.00;0.00;0.00;0.00;0.00;0.00;0.00;0.00;0.00;0.00;0.00;0.00;0.00;0.00;0.00;0.00;0.00;0.00;0.00;0.00;0.00;0.00;0.00;0.00;0.00;0.00;0.00;0.00;0.00;0.00;0.00;0.00;0.00;0.00;0.00;0.00;0.00;0.00;0.00;0.00;0.00;0.00;0.00;0.00;0.00;0.00;0.00;0.00;0.00;0.00;0.00;0.00;0.00;0.00;0.00;0.00;0.00;0.00;0.00;0.00;0.00;0.00;0.00;0.00;0.00;0.00;0.00;0.00;0.00;0.00;0.00;0.00;0.00;0.00;0.00;0.00;0.00;0.00;0.00;0.00;0.00;0.00;0.00;0.00;0.00;0.00;0.00;0.00;0.00;0.00;0.00;0.00;0.00;0.00;0.00;0.00;0.00;0.00;0.00;0.00;0.00;0.00;0.00;0.00;0.00;0.00;0.00;0.00;0.00;0.00;0.00;0.00;0.00;0.00;0.00;0.00;0.00;0.00;0.00;0.00;0.00;0.00;0.00;0.00;0.00;0.00;0.00;0.00;0.01;0.00;0.01;0.00;0.00;0.01;0.00;0.01;0.00;0.00;0.00;0.01;0.02;0.00;0.00;0.00;0.01;0.01;0.00;0.01;0.00;0.01;0.00;0.08;0.01;0.01;0.01;0.01;0.01;0.00;0.00;0.01;0.00;0.00;0.01;0.00;0.01;0.00;0.01;0.01;0.00;0.01;0.01;0.01;0.01;0.02;0.03;0.01;0.01;0.00;0.01;0.04;0.09;0.02;0.00;0.04;0.02;0.01;0.02;0.01;0.01;0.00;0.00;0.00;0.00;0.00;0.00;0.00;0.00;0.00;0.00;0.00;0.00;0.00;0.00;0.00;0.00;0.00;0.00;0.00;0.00;0.00;0.00;0.00;0.00;0.00;0.00;0.00;0.00;0.00;0.00;0.00;0.00;0.00;0.00;0.00;0.00;0.00;0.00;0.00;0.00;0.00;0.00;0.00;0.00;0.00;0.00;0.00;0.00;0.00;0.00;0.00;0.00;0.00;0.00;0.00;0.00;0.00;0.00;0.00;0.00;0.00;0.00;0.00;0.00;0.00;0.00;0.00;0.00;0.00;0.00;0.00;0.00;0.00;0.00;0.00;0.00;0.00;0.00;0.00;0.00;0.00;0.00;0.00;0.00;0.00;0.00;0.00;0.00;0.00;0.00;0.00;0.00;0.00;0.00;0.00;0.00;0.00;0.00;0.00;0.00;0.00;0.00;0.00;0.00;0.00;0.00;0.00;0.00;0.00;0.00;0.00;0.00;0.00;0.00;0.00;0.00;0.00;0.00;0.00;0.00;0.00;0.00;0.00;0.00;0.00;0.00;0.00;0.00;0.00;0.00;0.00;0.00;0.00;0.00;0.00;0.00;0.00;0.00;0.00;0.00;0.00;0.00;0.00;0.00;0.00;0.00;0.00;0.00;0.00;0.00;0.00;0.00;0.00;0.00;0.00;0.00;0.00;0.00;0.00;0.00;0.00;0.00;0.00;0.00;0.00;0.00;0.00;0.00;0.00;0.00;0.00;0.00;0.00;0.00;0.00;0.00;0.00;0.00;0.00;0.00;0.00;0.00;0.00;0.00;0.00;0.00;0.00;0.00;0.00;0.00;0.00;0.00;0.00;0.00;0.00;0.00;0.00;0.00;0.00;0.00;0.00
2020-04-19 00:00;0.40;0.41;0.00;0.22;0.44;0.40;0.03;0.12;0.17;0.09;0.04;0.52;0.37;0.50;0.02;0.25;0.38;0.11;0.08;0.01;0.01;0.14;0.15;0.00;0.01;0.11;0.14;0.31;0.01;0.02;0.00;0.05;0.04;0.01;0.01;0.02;0.00;0.12;0.10;0.02;0.03;0.01;0.28;0.11;0.46;0.10;0.14;0.10;0.01;0.42;0.19;0.70;0.28;0.04;0.04;0.01;0.00;0.03;0.01;0.32;0.26;0.00;0.64;0.03;0.63;0.21;0.63;0.59;0.70;0.06;0.49;0.59;0.70;0.16;0.02;0.08;0.28;0.00;0.01;0.01;0.29;0.00;0.01;0.01;0.01;0.35;0.07;0.22;0.00;0.33;0.00;0.12;0.08;0.06;0.00;0.09;0.07;0.00;0.01;0.14;0.03;0.06;0.03;0.10;0.09;0.03;0.04;0.05;0.09;0.13;0.15;0.07;0.27;0.16;0.48;0.48;0.49;0.09;0.08;0.07;0.01;0.08;0.00;0.29;0.13;0.00;0.01;0.00;0.09;0.12;0.14;0.05;0.07;0.00;0.00;0.03;0.02;0.15;0.08;0.27;0.03;0.01;0.12;0.04;0.09;0.22;0.04;0.11;0.01;0.01;0.00;0.11;0.06;0.11;0.07;0.13;0.01;0.06;0.37;0.00;0.14;0.03;0.03;0.08;0.11;0.03;0.07;0.03;0.01;0.32;0.04;0.00;0.08;0.00;0.00;0.25;0.05;0.12;0.28;0.16;0.09;0.11;0.00;0.11;0.08;0.21;0.00;0.34;0.08;0.13;0.12;0.04;0.02;0.03;0.04;0.06;0.02;0.07;0.00;0.01;0.00;0.03;0.07;0.00;0.01;0.11;0.76;0.22;0.34;1.10;1.05;0.14;0.14;0.23;0.18;0.38;0.15;0.11;0.04;0.10;0.08;1.09;0.00;0.12;0.18;0.11;0.09;0.13;0.00;0.08;0.28;0.26;0.16;0.78;0.14;0.32;0.15;0.25;0.41;0.24;0.30;0.01;0.38;0.21;0.45;0.58;0.73;0.33;0.20;0.75;0.43;0.22;0.38;0.22;0.45;0.24;2.03;0.31;0.38;0.64;0.53;0.35;0.24;0.24;0.66;0.23;0.16;0.57;0.24;0.57;0.22;0.50;0.35;0.40;0.62;0.46;0.60;0.76;0.89;1.81;0.35;0.50;0.25;0.64;1.05;1.94;0.87;0.24;1.84;0.74;0.52;1.00;0.51;0.45;0.29;0.78;0.38;1.96;0.15;0.20;0.38;0.19;0.14;0.12;0.27;0.32;0.21;0.00;0.27;0.12;0.38;0.27;0.32;0.58;0.36;0.38;0.18;0.20;0.34;0.00;0.00;0.00;0.08;0.19;0.01;0.13;0.22;0.06;0.92;0.07;1.01;0.11;0.00;0.02;0.00;0.00;0.01;0.04;0.00;0.14;0.18;0.15;0.06;0.14;0.13;0.31;0.44;0.23;0.39;0.22;0.42;0.90;0.02;1.91;1.91;1.96;2.90;0.47;3.38;0.12;0.77;0.77;0.44;2.06;2.06;2.06;0.62;0.39;2.06;0.07;0.26;0.32;0.15;1.99;0.28;0.37;0.09;0.27;0.35;0.16;0.13;2.29;0.19;0.52;0.06;0.02;0.58;0.14;0.13;0.43;0.18;0.10;0.35;0.35;0.01;0.01;0.51;0.19;0.22;0.25;0.57;0.26;0.31;0.11;0.15;0.00;0.00;0.48;0.03;0.11;0.07;0.04;0.02;0.05;0.08;0.05;0.03;0.17;0.48;0.01;0.06;0.07;0.04;0.03;0.08;0.01;0.01;0.00;0.33;0.10;0.13;0.07;0.04;0.00;0.00;0.00;0.00;0.10;0.01;0.02;0.01;0.07;0.04;0.11;0.00;0.01;0.00;0.02;0.02;0.00;0.04;0.00;0.01;0.02;0.10;0.05;0.01;0.23;0.00;0.05;0.01;0.17;0.03;0.00;0.52;0.04;0.01;0.31;0.01;0.07;0.10;0.12;0.08;0.05;0.03;0.03;0.07;0.01;0.04;0.16;0.01;0.10;0.11;0.09;0.22;0.81;0.66;0.16;0.34;0.08;0.03;0.03;0.12;0.00;0.18
2020-04-20 00:00;2.08;1.50;0.48;1.02;2.22;2.00;0.22;0.60;0.83;0.45;0.19;2.52;1.64;2.50;0.08;1.25;1.56;0.60;0.33;0.04;0.04;0.71;0.82;0.00;0.02;0.38;0.78;1.72;0.04;0.08;0.00;0.20;0.20;0.03;0.06;0.04;2.03;0.54;0.81;0.17;0.15;0.00;1.25;0.75;2.06;0.81;0.62;0.44;0.05;1.86;1.08;3.10;1.24;0.18;0.12;0.13;0.04;0.14;0.04;1.48;1.32;0.00;2.83;0.11;2.81;1.14;2.80;2.84;3.10;0.24;2.18;2.78;3.10;0.69;0.11;0.34;1.53;0.02;0.03;0.00;1.27;0.42;0.04;0.06;0.00;2.56;0.33;1.10;0.00;1.84;0.00;0.85;0.26;0.33;0.00;0.72;0.29;0.23;0.03;0.38;0.10;0.16;0.38;0.45;0.58;0.11;0.16;0.22;0.39;0.80;0.67;0.49;1.60;0.90;3.08;3.08;2.97;0.77;0.42;0.63;0.04;0.43;0.00;1.58;1.05;0.02;0.03;0.00;0.47;1.03;0.72;0.37;0.36;0.79;0.00;0.14;0.09;0.77;0.58;1.38;0.34;0.05;0.62;0.22;0.46;1.39;0.20;0.68;0.03;0.03;0.00;0.56;0.37;0.56;0.60;0.66;0.04;0.19;1.89;0.66;0.74;0.13;0.12;0.25;0.52;0.13;0.24;0.08;0.02;0.76;0.17;0.00;0.27;0.00;0.00;0.58;0.42;0.23;0.70;0.61;0.42;0.38;0.00;0.30;0.29;0.58;0.10;0.90;0.22;0.34;0.27;0.15;0.06;0.28;0.00;0.17;0.06;0.21;0.02;0.10;0.00;0.08;0.23;0.06;0.08;0.26;1.24;0.45;0.82;2.20;2.20;0.92;0.00;1.17;0.08;0.78;0.30;0.30;0.10;0.34;0.25;2.05;0.00;0.21;0.22;0.17;0.11;0.16;0.16;0.11;0.32;0.37;0.17;0.79;0.17;0.31;0.16;0.29;0.35;0.33;0.24;0.10;0.36;0.19;0.37;2.15;0.65;0.27;0.20;0.57;0.37;0.17;0.24;0.17;0.35;0.18;2.46;0.23;0.25;2.00;1.67;0.22;0.15;0.17;0.44;0.32;0.12;0.46;1.40;0.58;0.17;0.32;0.22;0.31;0.41;0.33;0.43;2.04;2.01;1.85;0.22;1.72;1.75;2.00;2.22;2.48;2.00;0.36;2.04;1.44;0.33;2.34;0.37;0.30;0.22;0.62;0.32;1.90;0.16;0.15;0.33;0.17;0.26;0.14;0.24;0.36;0.27;0.00;0.35;0.11;0.45;0.23;0.29;0.46;0.32;0.38;0.16;0.15;0.33;0.00;0.12;0.21;0.09;0.25;0.05;0.14;0.20;0.15;1.07;0.04;1.11;0.11;0.06;0.00;0.00;0.00;0.06;0.12;0.00;0.21;0.25;0.21;0.07;0.11;0.20;0.35;0.59;0.30;0.55;0.40;0.50;1.08;0.04;2.44;2.59;3.25;3.44;0.54;4.06;0.18;0.94;1.57;1.13;2.08;2.08;2.08;0.73;0.48;2.08;0.12;0.28;0.40;1.59;3.42;0.32;0.50;0.13;0.34;0.42;0.19;0.22;3.16;0.24;0.47;0.22;0.04;0.66;0.15;0.23;0.44;0.25;0.11;0.42;0.43;0.03;0.06;0.57;0.24;0.25;0.68;1.88;0.38;0.51;0.29;0.22;0.04;0.10;0.60;0.08;0.25;0.06;0.11;0.07;0.12;0.21;0.15;0.08;0.24;0.91;0.01;0.26;0.20;0.11;0.10;0.20;0.05;0.06;0.00;1.68;0.50;0.68;0.37;0.13;0.00;0.00;0.00;0.00;0.40;0.03;0.11;0.05;0.36;0.22;0.57;0.02;0.04;0.00;0.11;0.08;0.00;0.22;0.01;0.05;0.11;0.51;0.23;0.05;1.91;0.00;0.22;0.05;1.10;0.15;0.00;3.04;0.10;0.04;2.53;0.04;0.35;0.44;0.51;0.33;0.18;0.09;0.04;0.25;0.05;0.08;0.54;0.03;0.44;0.42;0.43;0.98;1.86;2.92;0.70;1.37;0.33;0.11;0.15;0.50;0.00;0.78
2020-04-21 00:00;2.40;1.64;0.49;1.16;2.58;2.32;0.24;0.66;0.97;0.53;0.22;2.68;1.79;2.90;0.10;1.45;1.66;0.63;0.47;0.04;0.05;0.75;0.85;0.00;0.02;0.44;0.81;1.78;0.17;0.09;0.14;0.22;0.21;0.03;0.06;0.10;1.87;0.57;0.81;0.13;0.08;0.14;1.33;0.76;2.19;0.81;0.66;0.47;0.05;1.98;1.12;3.30;1.32;0.18;0.16;0.06;0.01;0.13;0.06;1.56;1.38;0.01;3.02;0.12;2.99;1.19;2.98;3.00;3.30;0.24;2.33;2.93;3.30;0.81;0.10;0.37;1.59;0.01;0.04;0.00;1.35;0.39;0.03;0.06;0.00;2.59;0.35;1.16;0.00;1.90;0.00;0.86;0.34;0.34;0.00;0.72;0.31;0.21;0.03;2.28;2.43;2.62;1.90;2.30;2.86;2.15;2.30;2.74;2.82;2.75;2.91;2.55;3.08;2.82;3.27;3.27;3.60;2.26;1.73;2.46;1.74;2.51;1.95;3.56;2.99;1.76;0.69;2.01;1.62;2.39;2.47;2.45;1.55;0.65;1.31;1.42;2.06;2.55;1.99;2.95;1.90;0.05;1.22;2.28;1.09;2.85;1.69;2.31;0.56;1.30;1.91;2.01;1.60;1.37;1.10;2.86;0.04;1.92;3.45;0.70;2.86;0.14;1.95;1.76;1.50;1.89;2.19;3.91;4.07;2.49;1.93;0.00;0.28;0.00;0.00;0.57;0.55;0.23;2.53;0.69;0.68;0.35;0.00;0.38;0.34;0.73;0.12;1.13;0.43;0.41;0.30;0.35;0.15;0.19;0.17;1.35;0.07;0.33;0.03;0.13;0.00;0.10;0.19;0.09;0.11;0.33;1.90;1.49;3.19;3.54;3.26;3.12;0.87;3.19;0.82;1.18;0.47;0.44;0.34;0.50;0.52;3.37;0.07;0.53;0.39;0.28;0.30;0.43;0.23;0.36;0.68;0.72;0.40;1.30;0.31;2.52;3.28;0.48;2.42;0.65;2.52;0.21;0.60;2.54;3.34;3.83;1.47;0.62;4.07;1.44;1.36;0.37;5.26;2.77;5.15;3.50;3.02;3.72;2.99;4.37;3.64;4.02;2.81;0.40;5.01;4.95;0.36;3.69;4.81;3.21;1.97;1.02;2.83;2.01;4.21;0.80;4.62;4.48;4.06;4.41;0.76;5.09;4.54;4.37;3.32;3.78;3.98;5.25;4.12;3.03;2.02;3.31;0.93;3.08;0.41;2.59;0.72;3.06;1.27;3.34;0.72;1.04;0.52;0.30;0.52;0.61;0.62;0.08;0.60;0.28;0.73;0.45;0.70;2.32;3.00;1.16;0.33;3.19;1.21;0.08;0.32;0.40;0.38;0.44;0.32;0.35;0.48;0.33;1.87;0.32;1.56;0.42;0.30;0.08;0.16;0.30;0.25;0.22;0.05;0.40;0.42;0.47;0.30;0.40;0.42;0.74;1.10;0.53;1.13;0.58;0.74;2.04;0.12;4.26;4.57;6.25;6.54;0.79;7.63;0.79;1.73;2.26;1.79;2.22;2.22;2.22;1.05;0.66;2.22;0.32;2.72;0.72;3.57;6.01;1.29;0.84;0.19;0.63;0.65;0.43;0.44;6.42;1.57;0.75;0.36;0.13;1.01;0.39;0.40;2.31;0.48;0.20;0.65;0.80;0.05;0.27;1.87;0.42;0.63;2.20;2.74;2.08;0.84;0.36;0.36;0.09;0.20;0.95;0.15;0.40;0.15;0.19;0.09;0.15;0.23;0.14;0.10;0.29;1.69;0.12;0.32;0.41;0.24;0.13;0.21;0.84;1.59;1.42;3.57;0.80;2.40;2.12;3.04;1.26;1.62;0.93;0.00;0.45;1.80;1.94;2.09;2.54;1.97;3.17;2.10;2.09;2.04;2.15;1.68;2.02;2.56;1.17;1.86;2.37;3.14;2.63;2.65;2.98;2.49;2.73;2.29;3.36;2.72;1.16;3.22;2.70;2.65;3.02;0.03;0.36;0.52;0.56;0.37;3.13;0.11;0.15;0.30;0.10;0.09;0.56;0.03;0.47;0.42;0.39;1.04;1.87;3.11;0.74;1.50;0.34;0.21;0.16;0.57;0.00;0.82
2020-04-22 00:00;0.58;0.54;0.04;0.31;0.64;0.57;0.05;0.15;0.24;0.13;0.06;0.61;0.44;0.72;0.02;0.36;0.42;0.13;0.08;0.02;0.01;0.17;0.18;0.03;0.01;0.12;0.17;0.37;0.02;0.02;0.00;0.05;0.05;0.01;0.01;0.02;0.17;0.13;0.14;0.02;0.04;0.03;0.31;0.14;0.51;0.14;0.16;0.11;0.04;0.47;0.23;0.78;0.31;0.04;0.05;0.01;0.01;0.03;0.01;0.36;0.30;0.00;0.71;0.03;0.70;0.25;0.70;0.68;0.78;0.06;0.55;0.67;0.78;0.17;0.03;0.09;0.34;0.01;0.01;0.00;0.32;0.04;0.01;0.05;0.00;0.47;0.08;0.26;0.00;0.40;0.00;0.16;0.06;0.07;0.00;0.13;0.07;0.02;0.01;0.13;0.03;0.06;0.05;0.11;0.12;0.03;0.04;0.07;0.10;0.16;0.17;0.09;0.29;0.19;0.68;0.74;0.83;0.18;0.13;0.14;0.01;0.13;0.00;0.46;0.25;0.01;0.15;0.00;0.14;0.23;0.22;0.10;0.11;0.09;0.00;0.04;0.03;0.23;0.15;0.43;0.07;0.02;0.19;0.07;0.14;0.38;0.06;0.18;0.33;0.01;0.00;0.17;0.10;0.17;0.14;0.20;0.01;0.07;0.58;0.54;0.23;0.04;0.04;0.10;0.16;0.04;0.08;0.06;0.03;0.33;0.05;0.00;0.08;0.14;0.00;0.27;0.25;0.18;0.32;0.25;0.16;0.12;0.00;0.10;0.09;0.20;0.02;0.31;0.12;0.11;0.07;0.06;0.05;0.06;0.03;0.49;0.02;0.05;0.00;0.02;0.00;0.03;0.08;0.01;0.03;0.09;0.46;0.22;0.34;0.72;0.72;0.60;0.09;0.68;0.09;0.23;0.11;0.10;0.07;0.09;0.06;0.75;0.05;0.06;0.10;0.10;0.08;0.08;0.07;0.08;0.13;0.14;0.09;0.31;0.06;0.46;0.78;0.10;0.61;0.19;1.12;0.05;0.12;0.81;0.71;0.41;0.38;0.14;0.82;0.28;0.52;0.09;1.03;0.83;1.04;0.96;1.14;1.10;0.49;0.00;1.12;1.21;0.57;0.08;1.18;0.91;0.09;1.35;0.72;1.22;0.62;0.21;1.12;0.33;1.27;0.17;1.15;0.04;0.47;0.64;0.07;0.80;0.73;0.00;0.49;1.11;0.41;0.95;0.67;0.06;0.59;0.15;0.20;0.63;0.08;0.79;0.13;0.52;0.31;0.62;0.14;0.15;0.11;0.06;0.11;0.13;0.11;0.01;0.13;0.07;0.14;0.09;0.14;0.83;0.52;0.62;0.06;0.83;0.56;0.05;0.07;0.10;0.09;0.10;0.07;0.07;0.09;0.07;0.41;0.05;0.43;0.09;0.07;0.03;0.06;0.06;0.05;0.04;0.01;0.08;0.08;0.08;0.08;0.07;0.10;0.15;0.20;0.11;0.23;0.14;0.19;0.41;0.03;0.94;0.93;1.00;1.43;0.19;1.53;0.21;0.34;1.35;1.40;0.00;0.00;0.00;0.26;0.16;0.00;0.07;0.56;0.14;0.52;1.24;0.32;0.19;0.07;0.12;0.15;0.10;0.08;0.87;0.34;0.19;0.06;0.08;0.26;0.09;0.08;0.78;0.09;0.06;0.13;0.16;0.01;0.04;0.41;0.08;0.13;0.12;0.67;0.20;0.23;0.12;0.16;0.01;0.04;0.27;0.03;0.11;0.04;0.04;0.03;0.07;0.06;0.04;0.03;0.15;0.20;0.03;0.08;0.12;0.06;0.04;0.11;0.01;0.02;0.00;0.52;0.44;0.21;0.11;0.04;0.00;0.00;0.00;0.00;0.14;0.01;0.04;0.02;0.11;0.07;0.18;0.01;0.01;0.00;0.03;0.02;0.00;0.07;0.00;0.02;0.03;0.16;0.07;0.01;0.25;0.00;0.05;0.01;0.24;0.04;0.00;0.67;0.03;0.01;0.34;0.01;0.08;0.12;0.13;0.10;0.06;0.03;0.01;0.07;0.01;0.03;0.21;0.01;0.11;0.11;0.09;0.24;0.85;0.73;0.17;0.38;0.08;0.05;0.04;0.13;0.00;0.19
2020-04-23 00:00;0.30;0.32;0.00;0.17;0.34;0.31;0.02;0.10;0.13;0.07;0.03;0.45;0.31;0.38;0.01;0.19;0.34;0.09;0.07;0.01;0.02;0.13;0.13;0.00;0.01;0.08;0.13;0.28;0.01;0.02;0.01;0.04;0.04;0.01;0.01;0.01;0.00;0.11;0.09;0.01;0.01;0.01;0.25;0.10;0.41;0.09;0.12;0.09;0.01;0.37;0.17;0.62;0.25;0.05;0.02;0.01;0.00;0.01;0.02;0.29;0.23;0.00;0.57;0.01;0.57;0.19;0.56;0.53;0.62;0.05;0.44;0.53;0.62;0.14;0.02;0.07;0.25;0.01;0.00;0.00;0.26;0.00;0.02;0.01;0.00;0.31;0.07;0.20;0.00;0.30;0.00;0.11;0.05;0.05;0.00;0.08;0.06;0.00;0.01;0.11;0.02;0.05;0.03;0.09;0.08;0.02;0.03;0.04;0.08;0.11;0.13;0.06;0.23;0.14;0.41;0.38;0.34;0.06;0.06;0.05;0.01;0.06;0.00;0.20;0.09;0.00;0.00;0.00;0.06;0.08;0.10;0.04;0.05;0.00;0.00;0.02;0.01;0.10;0.06;0.19;0.02;0.01;0.08;0.03;0.07;0.16;0.03;0.08;0.00;0.00;0.00;0.08;0.04;0.07;0.05;0.09;0.01;0.04;0.26;0.00;0.10;0.02;0.02;0.05;0.07;0.02;0.04;0.02;0.00;0.22;0.03;0.00;0.05;0.03;0.00;0.12;0.04;0.08;0.20;0.15;0.05;0.09;0.00;0.07;0.05;0.13;0.00;0.21;0.08;0.08;0.03;0.03;0.02;0.05;0.03;0.04;0.01;0.05;0.00;0.00;0.00;0.02;0.07;0.00;0.00;0.06;0.34;0.19;0.16;0.53;0.53;0.09;0.11;0.06;0.13;0.13;0.07;0.07;0.06;0.06;0.04;0.52;0.00;0.05;0.07;0.04;0.03;0.06;0.05;0.05;0.11;0.10;0.06;0.30;0.05;0.13;0.07;0.08;0.14;0.13;0.15;0.07;0.10;0.08;0.18;0.00;0.27;0.10;0.31;0.27;0.17;0.06;0.68;0.09;1.00;0.08;0.41;0.41;0.14;0.00;1.34;0.43;0.09;0.09;0.61;1.09;0.09;1.18;1.03;1.53;0.09;0.21;0.16;0.13;0.63;0.17;0.38;0.05;0.00;0.22;0.20;1.00;0.80;0.00;0.00;0.25;0.05;0.90;0.23;0.52;0.18;0.48;0.21;0.17;0.08;0.26;0.11;0.03;0.06;0.05;0.12;0.06;0.08;0.05;0.09;0.11;0.11;0.00;0.10;0.03;0.13;0.07;0.11;0.17;0.11;0.12;0.05;0.11;0.09;0.00;0.05;0.08;0.04;0.06;0.05;0.06;0.08;0.03;0.33;0.03;0.37;0.04;0.04;0.04;0.01;0.00;0.05;0.04;0.00;0.04;0.07;0.05;0.04;0.06;0.05;0.11;0.14;0.08;0.17;0.07;0.15;0.32;0.06;0.75;0.72;0.23;1.13;0.15;1.19;0.06;0.28;1.15;1.15;0.00;0.00;0.00;0.21;0.13;0.00;0.04;0.09;0.11;0.52;0.44;0.08;0.16;0.05;0.10;0.12;0.06;0.07;0.01;0.07;0.14;0.07;0.05;0.22;0.04;0.05;0.12;0.08;0.05;0.11;0.13;0.00;0.05;0.18;0.07;0.10;0.14;0.17;0.06;0.13;0.09;0.09;0.01;0.02;0.20;0.02;0.07;0.04;0.02;0.02;0.07;0.14;0.05;0.09;0.12;0.24;0.00;0.05;0.07;0.03;0.02;0.07;0.01;0.01;0.00;0.23;0.07;0.09;0.05;0.02;0.00;0.00;0.00;0.00;0.06;0.00;0.02;0.01;0.05;0.03;0.08;0.00;0.01;0.00;0.01;0.01;0.00;0.03;0.00;0.01;0.02;0.07;0.03;0.01;0.20;0.00;0.04;0.01;0.13;0.03;0.00;0.57;0.02;0.01;0.27;0.00;0.08;0.09;0.10;0.06;0.03;0.01;0.01;0.05;0.01;0.02;0.11;0.01;0.09;0.09;0.08;0.20;0.73;0.59;0.14;0.30;0.07;0.02;0.03;0.10;0.00;0.16
2020-04-24 00:00;0.00;0.00;0.00;0.00;0.00;0.00;0.00;0.00;0.00;0.00;0.00;0.00;0.00;0.00;0.00;0.00;0.00;0.00;0.00;0.00;0.00;0.00;0.00;0.00;0.00;0.00;0.00;0.00;0.00;0.00;0.00;0.00;0.00;0.00;0.00;0.00;0.00;0.00;0.00;0.00;0.00;0.00;0.00;0.00;0.00;0.00;0.00;0.00;0.00;0.00;0.00;0.00;0.00;0.00;0.00;0.00;0.00;0.00;0.00;0.00;0.00;0.00;0.00;0.00;0.00;0.00;0.00;0.00;0.00;0.00;0.00;0.00;0.00;0.00;0.00;0.00;0.00;0.00;0.00;0.00;0.00;0.00;0.00;0.00;0.00;0.00;0.00;0.00;0.00;0.00;0.00;0.00;0.00;0.00;0.00;0.00;0.00;0.00;0.00;0.00;0.00;0.00;0.00;0.00;0.00;0.00;0.00;0.00;0.00;0.00;0.00;0.00;0.00;0.00;0.00;0.00;0.00;0.00;0.00;0.00;0.00;0.00;0.00;0.00;0.00;0.00;0.00;0.00;0.00;0.00;0.00;0.00;0.00;0.00;0.00;0.00;0.00;0.00;0.00;0.00;0.00;0.00;0.00;0.00;0.00;0.00;0.00;0.00;0.00;0.00;0.00;0.00;0.00;0.00;0.00;0.00;0.00;0.00;0.00;0.00;0.00;0.00;0.00;0.00;0.00;0.00;0.00;0.00;0.00;0.00;0.00;0.00;0.00;0.00;0.00;0.00;0.00;0.00;0.00;0.00;0.00;0.00;0.00;0.00;0.00;0.00;0.00;0.00;0.00;0.00;0.00;0.00;0.00;0.00;0.00;0.00;0.00;0.00;0.00;0.00;0.00;0.00;0.00;0.00;0.00;0.00;0.00;0.00;0.00;0.00;0.00;0.00;0.00;0.00;0.00;0.00;0.00;0.00;0.00;0.00;0.00;0.00;0.00;0.00;0.00;0.00;0.00;0.00;0.00;0.00;0.00;0.00;0.00;0.00;0.00;0.00;0.00;0.00;0.00;0.00;0.00;0.00;0.00;0.00;0.00;0.00;0.00;0.00;0.00;0.00;0.00;0.00;0.00;0.00;0.00;0.00;0.00;0.00;0.00;0.00;0.00;0.00;0.00;0.00;0.00;0.00;0.00;0.00;0.00;0.00;0.00;0.00;0.00;0.00;0.00;0.00;0.00;0.00;0.00;0.00;0.00;0.00;0.00;0.00;0.00;0.00;0.00;0.00;0.00;0.00;0.00;0.00;0.00;0.00;0.00;0.00;0.00;0.00;0.00;0.00;0.00;0.00;0.00;0.00;0.00;0.00;0.00;0.00;0.00;0.00;0.00;0.00;0.00;0.00;0.00;0.00;0.00;0.00;0.00;0.00;0.00;0.00;0.00;0.00;0.00;0.00;0.00;0.00;0.00;0.00;0.00;0.00;0.00;0.00;0.00;0.00;0.00;0.00;0.00;0.00;0.00;0.00;0.00;0.00;0.00;0.00;0.00;0.00;0.00;0.00;0.00;0.00;0.00;0.00;0.00;0.00;0.00;0.00;0.00;0.00;0.00;0.00;0.00;0.00;0.00;0.00;0.00;0.00;0.00;0.00;0.00;0.00;0.00;0.00;0.00;0.00;0.00;0.00;0.00;0.00;0.00;0.00;0.00;0.00;0.00;0.00;0.00;0.00;0.00;0.00;0.00;0.00;0.00;0.00;0.00;0.00;0.00;0.00;0.00;0.00;0.00;0.00;0.00;0.00;0.00;0.00;0.00;0.00;0.00;0.00;0.00;0.00;0.00;0.00;0.00;0.00;0.00;0.00;0.00;0.00;0.00;0.00;0.00;0.00;0.00;0.00;0.00;0.00;0.00;0.00;0.00;0.00;0.00;0.00;0.00;0.00;0.00;0.00;0.00;0.00;0.00;0.00;0.00;0.00;0.00;0.00;0.00;0.00;0.00;0.00;0.00;0.00;0.00;0.00;0.00;0.00;0.00;0.00;0.00;0.00;0.00;0.00;0.00;0.00;0.00;0.00;0.00;0.00;0.00;0.00;0.00;0.00;0.00;0.00;0.00;0.00;0.00;0.00;0.00;0.00;0.00;0.00;0.00;0.00;0.00;0.00;0.00;0.00;0.00;0.00;0.00;0.00;0.00;0.00;0.00
2020-04-25 00:00;0.00;0.00;0.00;0.00;0.00;0.00;0.00;0.00;0.00;0.00;0.00;0.00;0.00;0.00;0.00;0.00;0.00;0.00;0.00;0.00;0.00;0.00;0.00;0.00;0.00;0.00;0.00;0.00;0.00;0.00;0.00;0.00;0.00;0.00;0.00;0.00;0.00;0.00;0.00;0.00;0.00;0.00;0.00;0.00;0.00;0.00;0.00;0.00;0.00;0.00;0.00;0.00;0.00;0.00;0.00;0.00;0.00;0.00;0.00;0.00;0.00;0.00;0.00;0.00;0.00;0.00;0.00;0.00;0.00;0.00;0.00;0.00;0.00;0.00;0.00;0.00;0.00;0.00;0.00;0.00;0.00;0.00;0.00;0.00;0.00;0.00;0.00;0.00;0.00;0.00;0.00;0.00;0.00;0.00;0.00;0.00;0.00;0.00;0.00;0.00;0.00;0.00;0.00;0.00;0.00;0.00;0.00;0.00;0.00;0.00;0.00;0.00;0.00;0.00;0.00;0.00;0.00;0.00;0.00;0.00;0.00;0.00;0.00;0.00;0.00;0.00;0.00;0.00;0.00;0.00;0.00;0.00;0.00;0.00;0.00;0.00;0.00;0.00;0.00;0.00;0.00;0.00;0.00;0.00;0.00;0.00;0.00;0.00;0.00;0.00;0.00;0.00;0.00;0.00;0.00;0.00;0.00;0.00;0.00;0.00;0.00;0.00;0.00;0.00;0.00;0.00;0.00;0.00;0.00;0.00;0.00;0.00;0.00;0.00;0.00;0.00;0.00;0.00;0.00;0.00;0.00;0.00;0.00;0.00;0.00;0.00;0.00;0.00;0.00;0.00;0.00;0.00;0.00;0.00;0.00;0.00;0.00;0.00;0.00;0.00;0.00;0.00;0.00;0.00;0.00;0.00;0.00;0.00;0.00;0.00;0.00;0.00;0.00;0.00;0.00;0.00;0.00;0.00;0.00;0.00;0.00;0.00;0.00;0.00;0.00;0.00;0.00;0.00;0.00;0.00;0.00;0.00;0.00;0.00;0.00;0.00;0.00;0.00;0.00;0.00;0.00;0.00;0.00;0.00;0.00;0.00;0.00;0.00;0.00;0.00;0.00;0.00;0.00;0.00;0.00;0.00;0.00;0.00;0.00;0.00;0.00;0.00;0.00;0.00;0.00;0.00;0.00;0.00;0.00;0.00;0.00;0.00;0.00;0.00;0.00;0.00;0.00;0.00;0.00;0.00;0.00;0.00;0.00;0.00;0.00;0.00;0.00;0.00;0.00;0.00;0.00;0.00;0.00;0.00;0.00;0.00;0.00;0.00;0.00;0.00;0.00;0.00;0.00;0.00;0.00;0.00;0.00;0.00;0.00;0.00;0.00;0.00;0.00;0.00;0.00;0.00;0.00;0.00;0.00;0.00;0.00;0.00;0.00;0.00;0.00;0.00;0.00;0.00;0.00;0.00;0.00;0.00;0.00;0.00;0.00;0.00;0.00;0.00;0.00;0.00;0.00;0.00;0.00;0.00;0.00;0.00;0.00;0.00;0.00;0.00;0.00;0.00;0.00;0.00;0.00;0.00;0.00;0.00;0.00;0.00;0.00;0.00;0.00;0.00;0.00;0.00;0.00;0.00;0.00;0.00;0.00;0.00;0.00;0.00;0.00;0.00;0.00;0.00;0.00;0.00;0.00;0.00;0.00;0.00;0.00;0.00;0.00;0.00;0.00;0.00;0.00;0.00;0.00;0.00;0.00;0.00;0.00;0.00;0.00;0.00;0.00;0.00;0.00;0.00;0.00;0.00;0.00;0.00;0.00;0.00;0.00;0.00;0.00;0.00;0.00;0.00;0.00;0.00;0.00;0.00;0.00;0.00;0.00;0.00;0.00;0.00;0.00;0.00;0.00;0.00;0.00;0.00;0.00;0.00;0.00;0.00;0.00;0.00;0.00;0.00;0.00;0.00;0.00;0.00;0.00;0.00;0.00;0.00;0.00;0.00;0.00;0.00;0.00;0.00;0.00;0.00;0.00;0.00;0.00;0.00;0.00;0.00;0.00;0.00;0.00;0.00;0.00;0.00;0.00;0.00;0.00;0.00;0.00;0.00;0.00;0.00;0.00;0.00;0.00;0.00;0.00;0.00;0.00;0.00;0.00;0.00;0.00;0.00;0.00;0.00;0.00;0.00;0.00;0.00;0.00
2020-04-26 00:00;0.00;0.00;0.00;0.00;0.00;0.00;0.00;0.00;0.00;0.00;0.00;0.00;0.00;0.00;0.00;0.00;0.00;0.00;0.00;0.00;0.00;0.00;0.00;0.00;0.00;0.00;0.00;0.00;0.00;0.00;0.00;0.00;0.00;0.00;0.00;0.00;0.00;0.00;0.00;0.00;0.00;0.00;0.00;0.00;0.00;0.00;0.00;0.00;0.00;0.00;0.00;0.00;0.00;0.00;0.00;0.00;0.00;0.00;0.00;0.00;0.00;0.00;0.00;0.00;0.00;0.00;0.00;0.00;0.00;0.00;0.00;0.00;0.00;0.00;0.00;0.00;0.00;0.00;0.00;0.00;0.00;0.00;0.00;0.00;0.00;0.00;0.00;0.00;0.00;0.00;0.00;0.00;0.00;0.00;0.00;0.00;0.00;0.00;0.00;0.00;0.00;0.00;0.00;0.00;0.00;0.00;0.00;0.00;0.00;0.00;0.00;0.00;0.00;0.00;0.00;0.00;0.00;0.00;0.00;0.00;0.00;0.00;0.00;0.00;0.00;0.00;0.00;0.00;0.00;0.00;0.00;0.00;0.00;0.00;0.00;0.00;0.00;0.00;0.00;0.00;0.00;0.00;0.00;0.00;0.00;0.00;0.00;0.00;0.00;0.00;0.00;0.00;0.00;0.00;0.00;0.00;0.00;0.00;0.00;0.00;0.00;0.00;0.00;0.00;0.00;0.00;0.00;0.00;0.00;0.00;0.00;0.00;0.00;0.00;0.00;0.00;0.00;0.00;0.00;0.00;0.00;0.00;0.00;0.00;0.00;0.00;0.00;0.00;0.00;0.00;0.00;0.00;0.00;0.00;0.00;0.00;0.00;0.00;0.00;0.00;0.00;0.00;0.00;0.00;0.00;0.00;0.00;0.00;0.00;0.00;0.00;0.00;0.00;0.00;0.00;0.00;0.00;0.00;0.00;0.00;0.00;0.00;0.00;0.00;0.00;0.00;0.00;0.00;0.00;0.00;0.00;0.00;0.00;0.00;0.00;0.00;0.00;0.00;0.00;0.00;0.00;0.00;0.00;0.00;0.00;0.00;0.00;0.00;0.00;0.00;0.00;0.00;0.00;0.00;0.00;0.00;0.00;0.00;0.00;0.00;0.00;0.00;0.00;0.00;0.00;0.00;0.00;0.00;0.00;0.00;0.00;0.00;0.00;0.00;0.00;0.00;0.00;0.00;0.00;0.00;0.00;0.00;0.00;0.00;0.00;0.00;0.00;0.00;0.00;0.00;0.00;0.00;0.00;0.00;0.00;0.00;0.00;0.00;0.00;0.00;0.00;0.00;0.00;0.00;0.00;0.00;0.00;0.00;0.00;0.00;0.00;0.00;0.00;0.00;0.00;0.00;0.00;0.00;0.00;0.00;0.00;0.00;0.00;0.00;0.00;0.00;0.00;0.00;0.00;0.00;0.00;0.00;0.00;0.00;0.00;0.00;0.00;0.00;0.00;0.00;0.00;0.00;0.00;0.00;0.00;0.00;0.00;0.00;0.00;0.00;0.00;0.00;0.00;0.00;0.00;0.00;0.00;0.00;0.00;0.00;0.00;0.00;0.00;0.00;0.00;0.00;0.00;0.00;0.00;0.00;0.00;0.00;0.00;0.00;0.00;0.00;0.00;0.00;0.00;0.00;0.00;0.00;0.00;0.00;0.00;0.00;0.00;0.00;0.00;0.00;0.00;0.00;0.00;0.00;0.00;0.00;0.00;0.00;0.00;0.00;0.00;0.00;0.00;0.00;0.00;0.00;0.00;0.00;0.00;0.00;0.00;0.00;0.00;0.00;0.00;0.00;0.00;0.00;0.00;0.00;0.00;0.00;0.00;0.00;0.00;0.00;0.00;0.00;0.00;0.00;0.00;0.00;0.00;0.00;0.00;0.00;0.00;0.00;0.00;0.00;0.00;0.00;0.00;0.00;0.00;0.00;0.00;0.00;0.00;0.00;0.00;0.00;0.00;0.00;0.00;0.00;0.00;0.00;0.00;0.00;0.00;0.00;0.00;0.00;0.00;0.00;0.00;0.00;0.00;0.00;0.00;0.00;0.00;0.00;0.00;0.00;0.00;0.00;0.00;0.00;0.00;0.00;0.00;0.00;0.00;0.00;0.00;0.00;0.00;0.00;0.00;0.00;0.00;0.00;0.00
2020-04-27 00:00;0.00;0.00;0.00;0.00;0.00;0.00;0.00;0.00;0.00;0.00;0.00;0.00;0.00;0.00;0.00;0.00;0.00;0.00;0.00;0.00;0.00;0.00;0.00;0.00;0.00;0.00;0.00;0.00;0.00;0.00;0.00;0.00;0.00;0.00;0.00;0.00;0.00;0.00;0.00;0.00;0.00;0.00;0.00;0.00;0.00;0.00;0.00;0.00;0.00;0.00;0.00;0.00;0.00;0.00;0.00;0.00;0.00;0.00;0.00;0.00;0.00;0.00;0.00;0.00;0.00;0.00;0.00;0.00;0.00;0.00;0.00;0.00;0.00;0.00;0.00;0.00;0.00;0.00;0.00;0.00;0.00;0.00;0.00;0.00;0.00;0.00;0.00;0.00;0.00;0.00;0.00;0.00;0.00;0.00;0.00;0.00;0.00;0.00;0.00;0.00;0.00;0.00;0.00;0.00;0.00;0.00;0.00;0.00;0.00;0.00;0.00;0.00;0.00;0.00;0.00;0.00;0.00;0.00;0.00;0.00;0.00;0.00;0.00;0.00;0.00;0.00;0.00;0.00;0.00;0.00;0.00;0.00;0.00;0.00;0.00;0.00;0.00;0.00;0.00;0.00;0.00;0.00;0.00;0.00;0.00;0.00;0.00;0.00;0.00;0.00;0.00;0.00;0.00;0.00;0.00;0.00;0.00;0.00;0.00;0.00;0.00;0.00;0.00;0.00;0.00;0.00;0.00;0.00;0.00;0.00;0.00;0.00;0.00;0.00;0.00;0.00;0.00;0.00;0.00;0.00;0.00;0.00;0.00;0.00;0.00;0.00;0.00;0.00;0.00;0.00;0.00;0.00;0.00;0.00;0.00;0.00;0.00;0.00;0.00;0.00;0.00;0.00;0.00;0.00;0.00;0.00;0.00;0.00;0.00;0.00;0.00;0.00;0.00;0.00;0.00;0.00;0.00;0.00;0.00;0.00;0.00;0.00;0.00;0.00;0.00;0.00;0.00;0.00;0.00;0.00;0.00;0.00;0.00;0.00;0.00;0.00;0.00;0.00;0.00;0.00;0.00;0.00;0.00;0.00;0.00;0.00;0.00;0.00;0.00;0.00;0.00;0.00;0.00;0.00;0.00;0.00;0.00;0.00;0.00;0.00;0.00;0.00;0.00;0.00;0.00;0.00;0.00;0.00;0.00;0.00;0.00;0.00;0.00;0.00;0.00;0.00;0.00;0.00;0.00;0.00;0.00;0.00;0.00;0.00;0.00;0.00;0.00;0.00;0.00;0.00;0.00;0.00;0.00;0.00;0.00;0.00;0.00;0.00;0.00;0.00;0.00;0.00;0.00;0.00;0.00;0.00;0.00;0.00;0.00;0.00;0.00;0.00;0.00;0.00;0.00;0.00;0.00;0.00;0.00;0.00;0.00;0.00;0.00;0.00;0.00;0.00;0.00;0.00;0.00;0.00;0.00;0.00;0.00;0.00;0.00;0.00;0.00;0.00;0.00;0.00;0.00;0.00;0.00;0.00;0.00;0.00;0.00;0.00;0.00;0.00;0.00;0.00;0.00;0.00;0.00;0.00;0.00;0.00;0.00;0.00;0.00;0.00;0.00;0.00;0.00;0.00;0.00;0.00;0.00;0.00;0.00;0.00;0.00;0.00;0.00;0.00;0.00;0.00;0.00;0.00;0.00;0.00;0.00;0.00;0.00;0.00;0.00;0.00;0.00;0.00;0.00;0.00;0.00;0.00;0.00;0.00;0.00;0.00;0.00;0.00;0.00;0.00;0.00;0.00;0.00;0.00;0.00;0.00;0.00;0.00;0.00;0.00;0.00;0.00;0.00;0.00;0.00;0.00;0.00;0.00;0.00;0.00;0.00;0.00;0.00;0.00;0.00;0.00;0.00;0.00;0.00;0.00;0.00;0.00;0.00;0.00;0.00;0.00;0.00;0.00;0.00;0.00;0.00;0.00;0.00;0.00;0.00;0.00;0.00;0.00;0.00;0.00;0.00;0.00;0.00;0.00;0.00;0.00;0.00;0.00;0.00;0.00;0.00;0.00;0.00;0.00;0.00;0.00;0.00;0.00;0.00;0.00;0.00;0.00;0.00;0.00;0.00;0.00;0.00;0.00;0.00;0.00;0.00;0.00;0.00;0.00;0.00;0.00;0.00;0.00;0.00;0.00;0.00;0.00;0.00
2020-04-28 00:00;0.00;0.00;0.00;0.00;0.00;0.00;0.00;0.00;0.00;0.00;0.00;0.00;0.00;0.00;0.00;0.00;0.00;0.00;0.00;0.00;0.00;0.00;0.00;0.00;0.00;0.00;0.00;0.00;0.00;0.00;0.00;0.00;0.00;0.00;0.00;0.00;0.00;0.00;0.00;0.00;0.00;0.00;0.00;0.00;0.00;0.00;0.00;0.00;0.00;0.00;0.00;0.00;0.00;0.00;0.00;0.00;0.00;0.00;0.00;0.00;0.00;0.00;0.00;0.00;0.00;0.00;0.00;0.00;0.00;0.00;0.00;0.00;0.00;0.00;0.00;0.00;0.00;0.00;0.00;0.00;0.00;0.00;0.00;0.00;0.00;0.00;0.00;0.00;0.00;0.00;0.00;0.00;0.00;0.00;0.00;0.00;0.00;0.00;0.00;0.00;0.00;0.00;0.00;0.00;0.00;0.00;0.00;0.00;0.00;0.00;0.00;0.00;0.00;0.00;0.00;0.00;0.00;0.00;0.00;0.00;0.00;0.00;0.00;0.00;0.00;0.00;0.00;0.00;0.00;0.00;0.00;0.00;0.00;0.00;0.00;0.00;0.00;0.00;0.00;0.00;0.00;0.00;0.00;0.00;0.00;0.00;0.00;0.00;0.00;0.00;0.00;0.00;0.00;0.00;0.00;0.00;0.00;0.00;0.00;0.00;0.00;0.00;0.00;0.00;0.00;0.00;0.00;0.00;0.00;0.00;0.00;0.00;0.00;0.00;0.00;0.00;0.00;0.00;0.00;0.00;0.00;0.00;0.00;0.00;0.00;0.00;0.00;0.00;0.00;0.00;0.00;0.00;0.00;0.00;0.00;0.00;0.00;0.00;0.00;0.00;0.00;0.00;0.00;0.00;0.00;0.00;0.00;0.00;0.00;0.00;0.00;0.00;0.00;0.00;0.00;0.00;0.00;0.00;0.00;0.00;0.00;0.00;0.00;0.00;0.00;0.00;0.00;0.00;0.00;0.00;0.00;0.00;0.00;0.00;0.00;0.00;0.00;0.00;0.00;0.00;0.00;0.00;0.00;0.00;0.00;0.00;0.00;0.00;0.00;0.00;0.00;0.00;0.00;0.00;0.00;0.00;0.00;0.00;0.00;0.00;0.00;0.00;0.00;0.00;0.00;0.00;0.00;0.00;0.00;0.00;0.00;0.00;0.00;0.00;0.00;0.00;0.00;0.00;0.00;0.00;0.00;0.00;0.00;0.00;0.00;0.00;0.00;0.00;0.00;0.00;0.00;0.00;0.00;0.00;0.00;0.00;0.00;0.00;0.00;0.00;0.00;0.00;0.00;0.00;0.00;0.00;0.00;0.00;0.00;0.00;0.00;0.00;0.00;0.00;0.00;0.00;0.00;0.00;0.00;0.00;0.00;0.00;0.00;0.00;0.00;0.00;0.00;0.00;0.00;0.00;0.00;0.00;0.00;0.00;0.00;0.00;0.00;0.00;0.00;0.00;0.00;0.00;0.00;0.00;0.00;0.00;0.00;0.00;0.00;0.00;0.00;0.00;0.00;0.00;0.00;0.00;0.00;0.00;0.00;0.00;0.00;0.00;0.00;0.00;0.00;0.00;0.00;0.00;0.00;0.00;0.00;0.00;0.00;0.00;0.00;0.00;0.00;0.00;0.00;0.00;0.00;0.00;0.00;0.00;0.00;0.00;0.00;0.00;0.00;0.00;0.00;0.00;0.00;0.00;0.00;0.00;0.00;0.00;0.00;0.00;0.00;0.00;0.00;0.00;0.00;0.00;0.00;0.00;0.00;0.00;0.00;0.00;0.00;0.00;0.00;0.00;0.00;0.00;0.00;0.00;0.00;0.00;0.00;0.00;0.00;0.00;0.00;0.00;0.00;0.00;0.00;0.00;0.00;0.00;0.00;0.00;0.00;0.00;0.00;0.00;0.00;0.00;0.00;0.00;0.00;0.00;0.00;0.00;0.00;0.00;0.00;0.00;0.00;0.00;0.00;0.00;0.00;0.00;0.00;0.00;0.00;0.00;0.00;0.00;0.00;0.00;0.00;0.00;0.00;0.00;0.00;0.00;0.00;0.00;0.00;0.00;0.00;0.00;0.00;0.00;0.00;0.00;0.00;0.00;0.00;0.00;0.00;0.00;0.00;0.00;0.00;0.00;0.00;0.00;0.00
2020-04-29 00:00;0.00;0.00;0.00;0.00;0.00;0.00;0.00;0.00;0.00;0.00;0.00;0.00;0.00;0.00;0.00;0.00;0.00;0.00;0.00;0.00;0.00;0.00;0.00;0.00;0.00;0.00;0.00;0.00;0.00;0.00;0.00;0.00;0.00;0.00;0.00;0.00;0.00;0.00;0.00;0.00;0.00;0.00;0.00;0.00;0.00;0.00;0.00;0.00;0.00;0.00;0.00;0.00;0.00;0.00;0.00;0.00;0.00;0.00;0.00;0.00;0.00;0.00;0.00;0.00;0.00;0.00;0.00;0.00;0.00;0.00;0.00;0.00;0.00;0.00;0.00;0.00;0.00;0.00;0.00;0.00;0.00;0.00;0.00;0.00;0.00;0.00;0.00;0.00;0.00;0.00;0.00;0.00;0.00;0.00;0.00;0.00;0.00;0.00;0.00;0.00;0.00;0.00;0.00;0.00;0.00;0.00;0.00;0.00;0.00;0.00;0.00;0.00;0.00;0.00;0.00;0.00;0.00;0.00;0.00;0.00;0.00;0.00;0.00;0.00;0.00;0.00;0.00;0.00;0.00;0.00;0.00;0.00;0.00;0.00;0.00;0.00;0.00;0.00;0.00;0.00;0.00;0.00;0.00;0.00;0.00;0.00;0.00;0.00;0.00;0.00;0.00;0.00;0.00;0.00;0.00;0.00;0.00;0.00;0.00;0.00;0.00;0.00;0.00;0.00;0.00;0.00;0.00;0.00;0.00;0.00;0.00;0.00;0.00;0.00;0.00;0.00;0.00;0.00;0.00;0.00;0.00;0.00;0.00;0.00;0.00;0.00;0.00;0.00;0.00;0.00;0.00;0.00;0.00;0.00;0.00;0.00;0.00;0.00;0.00;0.00;0.00;0.00;0.00;0.00;0.00;0.00;0.00;0.00;0.00;0.00;0.00;0.00;0.00;0.00;0.00;0.00;0.00;0.00;0.00;0.00;0.00;0.00;0.00;0.00;0.00;0.00;0.00;0.00;0.00;0.00;0.00;0.00;0.00;0.00;0.00;0.00;0.00;0.00;0.00;0.00;0.00;0.00;0.00;0.00;0.00;0.00;0.00;0.00;0.00;0.00;0.00;0.00;0.00;0.00;0.00;0.00;0.00;0.00;0.00;0.00;0.00;0.00;0.00;0.00;0.00;0.00;0.00;0.00;0.00;0.00;0.00;0.00;0.00;0.00;0.00;0.00;0.00;0.00;0.00;0.00;0.00;0.00;0.00;0.00;0.00;0.00;0.00;0.00;0.00;0.00;0.00;0.00;0.00;0.00;0.00;0.00;0.00;0.00;0.00;0.00;0.00;0.00;0.00;0.00;0.00;0.00;0.00;0.00;0.00;0.00;0.00;0.00;0.00;0.00;0.00;0.00;0.00;0.00;0.00;0.00;0.00;0.00;0.00;0.00;0.00;0.00;0.00;0.00;0.00;0.00;0.00;0.00;0.00;0.00;0.00;0.00;0.00;0.00;0.00;0.00;0.00;0.00;0.00;0.00;0.00;0.00;0.00;0.00;0.00;0.00;0.00;0.00;0.00;0.00;0.00;0.00;0.00;0.00;0.00;0.00;0.00;0.00;0.00;0.00;0.00;0.00;0.00;0.00;0.00;0.00;0.00;0.00;0.00;0.00;0.00;0.00;0.00;0.00;0.00;0.00;0.00;0.00;0.00;0.00;0.00;0.00;0.00;0.00;0.00;0.00;0.00;0.00;0.00;0.00;0.00;0.00;0.00;0.00;0.00;0.00;0.00;0.00;0.00;0.00;0.00;0.00;0.00;0.00;0.00;0.00;0.00;0.00;0.00;0.00;0.00;0.00;0.00;0.00;0.00;0.00;0.00;0.00;0.00;0.00;0.00;0.00;0.00;0.00;0.00;0.00;0.00;0.00;0.00;0.00;0.00;0.00;0.00;0.00;0.00;0.00;0.00;0.00;0.00;0.00;0.00;0.00;0.00;0.00;0.00;0.00;0.00;0.00;0.00;0.00;0.00;0.00;0.00;0.00;0.00;0.00;0.00;0.00;0.00;0.00;0.00;0.00;0.00;0.00;0.00;0.00;0.00;0.00;0.00;0.00;0.00;0.00;0.00;0.00;0.00;0.00;0.00;0.00;0.00;0.00;0.00;0.00;0.00;0.00;0.00;0.00;0.00;0.00;0.00;0.00;0.00
2020-04-30 00:00;1.41;0.94;0.29;0.63;1.51;1.36;0.14;0.38;0.57;0.31;0.10;1.55;1.03;1.70;0.06;0.85;0.95;0.36;0.20;0.02;0.00;0.43;0.49;0.00;0.01;0.20;0.47;1.03;0.02;0.05;0.00;0.12;0.12;0.02;0.03;0.00;1.07;0.33;0.46;0.03;0.03;0.00;0.77;0.43;1.26;0.46;0.38;0.27;0.03;1.14;0.64;1.90;0.76;0.09;0.07;0.00;0.00;0.05;0.00;0.90;0.80;0.00;1.73;0.04;1.72;0.68;1.71;1.72;1.90;0.16;1.34;1.69;1.90;0.42;0.05;0.21;0.91;0.00;0.01;0.00;0.78;0.22;0.01;0.03;0.00;1.48;0.20;0.67;0.00;1.09;0.00;0.49;0.16;0.20;0.00;0.41;0.18;0.12;0.01;0.26;0.09;0.10;0.21;0.31;0.37;0.07;0.10;0.14;0.27;0.50;0.44;0.31;0.74;0.56;1.24;1.27;1.04;0.29;0.20;0.24;0.05;0.21;0.03;0.62;0.38;0.04;0.01;0.03;0.19;0.37;0.32;0.16;0.18;0.21;0.03;0.09;0.07;0.34;0.24;0.57;0.14;0.05;0.28;0.12;0.22;0.55;0.11;0.28;0.04;0.04;0.03;0.26;0.17;0.26;0.24;0.30;0.05;0.13;0.80;0.15;0.33;0.09;0.09;0.18;0.21;0.08;0.11;0.05;0.03;0.38;0.08;0.00;0.12;0.00;0.03;0.21;0.00;0.09;0.37;0.21;0.01;0.08;0.00;0.10;0.08;0.17;0.01;0.27;0.07;0.17;0.05;0.04;0.02;0.04;0.00;0.00;0.02;0.02;0.01;0.01;0.00;0.02;0.04;0.01;0.01;0.09;0.37;0.09;0.04;0.00;0.00;0.00;0.00;0.02;0.02;0.12;0.05;0.03;0.02;0.08;0.04;0.03;0.00;0.05;0.03;0.05;0.03;0.04;0.00;0.02;0.07;0.07;0.01;0.30;0.00;0.03;0.00;0.02;0.02;0.04;0.00;0.00;0.04;0.01;0.07;0.02;0.18;0.10;0.00;0.16;0.08;0.01;0.04;0.00;0.05;0.00;0.42;0.02;0.03;0.00;0.00;0.00;0.00;0.00;0.08;0.00;0.00;0.04;0.00;0.01;0.00;0.10;0.00;0.09;0.11;0.06;0.09;0.04;0.01;0.04;0.05;0.07;0.00;0.00;0.02;0.00;0.01;0.00;0.03;0.06;0.04;0.14;0.07;0.05;0.00;0.28;0.06;0.03;0.00;0.00;0.08;0.00;0.05;0.00;0.02;0.05;0.06;0.00;0.06;0.00;0.09;0.03;0.07;0.12;0.06;0.08;0.00;0.00;0.01;0.00;0.00;0.00;0.02;0.04;0.00;0.00;0.00;0.00;0.33;0.00;0.52;0.02;0.00;0.00;0.00;0.00;0.00;0.00;0.00;0.01;0.00;0.01;0.01;0.01;0.04;0.07;0.09;0.03;0.13;0.09;0.14;0.25;0.00;0.65;0.65;0.29;1.01;0.15;1.06;0.01;0.21;0.00;0.00;0.00;0.00;0.00;0.27;0.00;0.00;0.00;0.03;0.06;0.00;0.30;0.00;0.13;0.00;0.04;0.13;0.03;0.02;0.35;0.00;0.10;0.00;0.00;0.16;0.02;0.01;0.00;0.02;0.00;0.05;0.07;0.01;0.00;0.12;0.02;0.06;0.02;0.02;0.00;0.14;0.05;0.10;0.00;0.00;0.29;0.03;0.10;0.00;0.03;0.02;0.03;0.08;0.05;0.02;0.08;0.20;0.00;0.05;0.08;0.03;0.03;0.10;0.05;0.02;0.03;0.72;0.24;0.31;0.15;0.07;0.03;0.03;0.03;0.03;0.11;0.04;0.08;0.02;0.18;0.09;0.26;0.04;0.05;0.00;0.07;0.06;0.00;0.12;0.03;0.08;0.08;0.24;0.13;0.03;0.63;0.00;0.17;0.03;0.39;0.13;0.04;1.42;0.10;0.03;0.83;0.00;0.18;0.25;0.27;0.15;0.11;0.01;0.02;0.15;0.00;0.05;0.34;0.02;0.27;0.16;0.21;0.60;1.51;1.79;0.43;0.76;0.24;0.07;0.09;0.30;0.00;0.47
2020-05-01 00:00;3.08;1.77;0.74;1.39;3.29;2.96;0.33;1.20;1.23;0.67;0.33;5.84;3.36;3.70;0.12;1.85;3.47;1.50;0.78;0.09;0.00;1.73;2.07;0.00;0.04;0.78;1.94;4.30;0.09;0.20;0.00;0.49;0.50;0.06;0.11;0.00;5.91;1.29;2.11;0.10;0.12;0.00;3.01;1.92;4.91;2.13;1.48;1.06;0.11;4.44;2.70;7.40;2.96;0.35;0.29;0.00;0.00;0.18;0.00;3.55;3.26;0.00;6.75;0.14;6.71;2.85;6.67;6.90;7.40;0.53;5.22;6.72;7.40;1.64;0.20;0.82;3.79;0.00;0.04;0.00;3.03;1.24;0.05;0.13;0.00;6.65;0.78;2.70;0.00;4.57;0.00;2.17;0.61;0.82;0.00;1.88;0.69;0.67;0.06;0.47;0.18;0.25;1.04;1.07;1.47;0.27;0.38;0.43;0.93;2.05;1.59;1.26;3.13;2.25;6.24;6.14;4.97;1.29;0.74;1.06;0.07;0.76;0.00;2.59;1.76;0.04;0.05;0.00;0.82;1.72;1.26;0.63;0.63;1.24;0.00;0.25;0.16;1.34;0.98;2.41;0.57;0.09;1.08;0.38;0.81;2.39;0.35;1.16;0.05;0.05;0.00;0.97;0.62;0.97;1.01;1.16;0.07;0.27;3.31;1.03;1.29;0.23;0.18;0.30;0.76;0.23;0.52;0.21;0.05;1.01;0.33;0.00;0.43;0.00;0.00;0.57;0.00;0.34;0.86;0.64;0.07;0.56;0.00;0.77;0.70;1.51;0.28;2.35;0.52;0.89;0.38;0.42;0.17;0.30;0.00;0.11;0.21;0.32;0.08;0.33;0.00;0.20;0.29;0.17;0.35;0.70;3.47;0.98;0.58;0.00;0.00;0.00;0.00;0.24;0.22;1.70;0.35;0.33;0.17;0.60;0.69;0.37;0.00;0.61;0.34;0.53;0.43;0.59;0.02;0.31;0.76;0.79;0.22;1.70;0.00;0.33;0.17;0.26;0.19;0.61;0.13;0.06;0.37;0.17;0.98;1.83;2.57;1.34;0.40;2.27;0.73;0.11;1.00;0.07;0.97;0.08;2.18;0.64;0.56;1.73;0.68;0.29;0.07;0.00;1.65;0.35;0.00;0.64;0.48;0.89;0.00;1.42;0.25;0.78;1.20;0.77;1.63;2.49;1.80;2.58;0.64;1.59;0.35;1.31;2.08;1.87;0.83;0.28;2.07;1.08;0.31;1.36;1.11;0.89;0.00;1.64;0.85;3.47;0.07;0.27;0.82;0.06;0.42;0.00;0.20;0.41;0.90;0.00;0.65;0.07;0.78;0.29;0.80;1.84;1.10;0.76;0.00;0.28;0.24;0.00;0.00;0.00;0.29;0.41;0.04;0.00;0.05;0.00;3.09;0.00;2.11;0.27;0.00;0.00;0.00;0.00;0.00;0.00;0.00;0.32;0.00;0.35;0.29;0.16;0.60;0.96;1.71;0.47;1.73;0.69;1.21;3.69;0.00;8.04;8.81;12.88;12.47;0.99;15.56;0.13;3.05;0.86;0.49;0.00;0.00;0.00;1.41;0.35;0.00;0.00;0.63;0.90;0.50;11.60;0.08;0.75;0.00;0.65;0.91;0.41;0.26;14.64;0.02;0.59;0.00;0.00;0.76;0.30;0.22;0.33;0.33;0.01;0.43;1.03;0.11;0.00;1.82;0.26;0.82;0.21;0.22;0.00;1.77;0.54;0.71;0.00;0.01;1.58;0.23;0.65;0.00;0.26;0.17;0.30;0.54;0.34;0.21;0.58;0.90;0.00;0.39;0.52;0.24;0.27;0.55;0.08;0.10;0.00;2.94;0.88;1.19;0.65;0.30;0.00;0.00;0.00;0.00;0.68;0.05;0.20;0.09;0.63;0.39;1.00;0.04;0.08;0.00;0.18;0.14;0.00;0.39;0.01;0.06;0.21;0.89;0.41;0.12;3.05;0.00;0.52;0.12;1.59;0.36;0.00;6.96;0.25;0.11;4.63;0.00;0.69;0.96;1.06;0.71;0.43;0.02;0.08;0.58;0.00;0.20;1.13;0.07;1.05;0.68;0.81;2.33;2.06;6.96;1.67;3.05;0.71;0.25;0.36;1.16;0.00;1.85
2020-05-02 00:00;0.00;0.00;0.00;0.00;0.00;0.00;0.00;0.00;0.00;0.00;0.00;0.00;0.00;0.00;0.00;0.00;0.00;0.00;0.00;0.00;0.00;0.00;0.00;0.00;0.00;0.00;0.00;0.00;0.00;0.00;0.00;0.00;0.00;0.00;0.00;0.00;0.00;0.00;0.00;0.00;0.00;0.00;0.00;0.00;0.00;0.00;0.00;0.00;0.00;0.00;0.00;0.00;0.00;0.00;0.00;0.00;0.00;0.00;0.00;0.00;0.00;0.00;0.00;0.00;0.00;0.00;0.00;0.00;0.00;0.00;0.00;0.00;0.00;0.00;0.00;0.00;0.00;0.00;0.00;0.00;0.00;0.00;0.00;0.00;0.00;0.00;0.00;0.00;0.00;0.00;0.00;0.00;0.00;0.00;0.00;0.00;0.00;0.00;0.00;0.00;0.00;0.00;0.00;0.00;0.00;0.00;0.00;0.00;0.00;0.00;0.00;0.00;0.00;0.00;0.00;0.00;0.00;0.00;0.00;0.00;0.00;0.00;0.00;0.00;0.00;0.00;0.00;0.00;0.00;0.00;0.00;0.00;0.00;0.00;0.00;0.00;0.00;0.00;0.00;0.00;0.00;0.00;0.00;0.00;0.00;0.00;0.00;0.00;0.00;0.00;0.00;0.00;0.00;0.00;0.00;0.00;0.00;0.00;0.00;0.00;0.00;0.00;0.00;0.00;0.00;0.00;0.00;0.00;0.00;0.00;0.00;0.00;0.00;0.00;0.00;0.00;0.00;0.00;0.00;0.00;0.00;0.00;0.00;0.00;0.00;0.00;0.00;0.00;0.00;0.00;0.00;0.00;0.00;0.00;0.00;0.00;0.00;0.00;0.00;0.00;0.00;0.00;0.00;0.00;0.00;0.00;0.00;0.00;0.00;0.00;0.00;0.00;0.00;0.00;0.00;0.00;0.00;0.00;0.00;0.00;0.00;0.00;0.00;0.00;0.00;0.00;0.00;0.00;0.00;0.00;0.00;0.00;0.00;0.00;0.00;0.00;0.00;0.00;0.00;0.00;0.00;0.00;0.00;0.00;0.00;0.00;0.00;0.00;0.00;0.00;0.00;0.00;0.00;0.00;0.00;0.00;0.00;0.00;0.00;0.00;0.00;0.00;0.00;0.00;0.00;0.00;0.00;0.00;0.00;0.00;0.00;0.00;0.00;0.00;0.00;0.00;0.00;0.00;0.00;0.00;0.00;0.00;0.00;0.00;0.00;0.00;0.00;0.00;0.00;0.00;0.00;0.00;0.00;0.00;0.00;0.00;0.00;0.00;0.00;0.00;0.00;0.00;0.00;0.00;0.00;0.00;0.00;0.00;0.00;0.00;0.00;0.00;0.00;0.00;0.00;0.00;0.00;0.00;0.00;0.00;0.00;0.00;0.00;0.00;0.00;0.00;0.00;0.00;0.00;0.00;0.00;0.00;0.00;0.00;0.00;0.00;0.00;0.00;0.00;0.00;0.00;0.00;0.00;0.00;0.00;0.00;0.00;0.00;0.00;0.00;0.00;0.00;0.00;0.00;0.00;0.00;0.00;0.00;0.00;0.00;0.00;0.00;0.00;0.00;0.00;0.00;0.00;0.00;0.00;0.00;0.00;0.00;0.00;0.00;0.00;0.00;0.00;0.00;0.00;0.00;0.00;0.00;0.00;0.00;0.00;0.00;0.00;0.00;0.00;0.00;0.00;0.00;0.00;0.00;0.00;0.00;0.00;0.00;0.00;0.00;0.00;0.00;0.00;0.00;0.00;0.00;0.00;0.00;0.00;0.00;0.00;0.00;0.00;0.00;0.00;0.00;0.00;0.00;0.00;0.00;0.00;0.00;0.00;0.00;0.00;0.00;0.00;0.00;0.00;0.00;0.00;0.00;0.00;0.00;0.00;0.00;0.00;0.00;0.00;0.00;0.00;0.00;0.00;0.00;0.00;0.00;0.00;0.00;0.00;0.00;0.00;0.00;0.00;0.00;0.00;0.00;0.00;0.00;0.00;0.00;0.00;0.00;0.00;0.00;0.00;0.00;0.00;0.00;0.00;0.00;0.00;0.00;0.00;0.00;0.00;0.00;0.00;0.00;0.00;0.00;0.00;0.00;0.00;0.00;0.00;0.00;0.00;0.00;0.00;0.00;0.00;0.00;0.00;0.00;0.00
2020-05-03 00:00;0.16;0.20;0.00;0.08;0.18;0.16;0.01;0.06;0.07;0.04;0.01;0.29;0.19;0.20;0.01;0.10;0.22;0.06;0.04;0.00;0.00;0.08;0.08;0.00;0.00;0.03;0.08;0.18;0.00;0.01;0.00;0.03;0.02;0.00;0.01;0.00;0.00;0.07;0.06;0.01;0.01;0.00;0.16;0.06;0.27;0.05;0.08;0.06;0.01;0.24;0.11;0.40;0.16;0.02;0.02;0.00;0.00;0.01;0.00;0.18;0.15;0.00;0.36;0.01;0.36;0.12;0.36;0.34;0.40;0.03;0.28;0.34;0.40;0.09;0.01;0.04;0.16;0.00;0.00;0.00;0.16;0.00;0.00;0.01;0.00;0.20;0.04;0.13;0.00;0.19;0.00;0.07;0.03;0.03;0.00;0.05;0.04;0.00;0.00;0.07;0.01;0.03;0.02;0.06;0.05;0.01;0.02;0.03;0.05;0.07;0.09;0.04;0.15;0.09;0.28;0.28;0.28;0.05;0.05;0.04;0.00;0.05;0.00;0.16;0.07;0.00;0.00;0.00;0.05;0.07;0.08;0.03;0.04;0.00;0.00;0.02;0.01;0.08;0.05;0.15;0.02;0.01;0.07;0.02;0.05;0.13;0.02;0.06;0.00;0.00;0.00;0.06;0.03;0.06;0.04;0.07;0.00;0.03;0.21;0.00;0.08;0.01;0.01;0.04;0.05;0.01;0.03;0.01;0.00;0.18;0.02;0.00;0.05;0.00;0.00;0.09;0.00;0.04;0.16;0.09;0.00;0.04;0.00;0.06;0.04;0.10;0.00;0.16;0.04;0.09;0.03;0.02;0.01;0.02;0.00;0.00;0.01;0.01;0.00;0.00;0.00;0.01;0.02;0.00;0.00;0.06;0.33;0.06;0.03;0.00;0.00;0.00;0.00;0.02;0.02;0.09;0.03;0.03;0.01;0.06;0.02;0.03;0.00;0.05;0.03;0.05;0.04;0.05;0.00;0.03;0.07;0.07;0.02;0.26;0.00;0.04;0.00;0.03;0.02;0.06;0.02;0.00;0.04;0.02;0.10;0.07;0.27;0.13;0.07;0.21;0.10;0.01;0.11;0.03;0.11;0.08;0.45;0.09;0.06;0.07;0.12;0.06;0.06;0.00;0.20;0.04;0.00;0.14;0.07;0.15;0.00;0.14;0.11;0.09;0.17;0.08;0.15;0.11;0.08;0.14;0.06;0.17;0.08;0.08;0.16;0.16;0.08;0.06;0.10;0.20;0.05;0.27;0.11;0.09;0.00;0.29;0.08;0.06;0.04;0.04;0.09;0.02;0.05;0.00;0.02;0.04;0.08;0.00;0.06;0.00;0.08;0.03;0.08;0.22;0.13;0.14;0.01;0.07;0.05;0.00;0.00;0.00;0.02;0.04;0.00;0.00;0.00;0.00;0.33;0.00;0.42;0.02;0.00;0.00;0.00;0.00;0.00;0.00;0.00;0.01;0.00;0.00;0.01;0.01;0.05;0.08;0.09;0.04;0.15;0.07;0.13;0.30;0.00;0.73;0.70;0.20;1.16;0.12;1.25;0.02;0.25;0.07;0.00;0.00;0.00;0.00;0.20;0.04;0.00;0.00;0.06;0.07;0.05;0.00;0.01;0.10;0.00;0.05;0.11;0.03;0.02;0.07;0.00;0.08;0.00;0.00;0.14;0.02;0.02;0.01;0.03;0.00;0.04;0.08;0.00;0.00;0.15;0.02;0.07;0.02;0.02;0.00;0.13;0.04;0.07;0.00;0.00;0.21;0.02;0.06;0.00;0.02;0.01;0.02;0.05;0.03;0.01;0.05;0.11;0.00;0.03;0.05;0.02;0.01;0.06;0.01;0.01;0.00;0.19;0.06;0.08;0.04;0.02;0.00;0.00;0.00;0.00;0.04;0.00;0.01;0.01;0.04;0.02;0.06;0.00;0.00;0.00;0.01;0.01;0.00;0.02;0.00;0.01;0.01;0.06;0.03;0.01;0.13;0.00;0.03;0.01;0.10;0.02;0.00;0.30;0.01;0.01;0.18;0.00;0.04;0.05;0.06;0.04;0.03;0.00;0.00;0.03;0.00;0.01;0.10;0.00;0.06;0.05;0.04;0.13;0.60;0.38;0.09;0.19;0.05;0.01;0.02;0.06;0.00;0.10
2020-05-04 00:00;0.08;0.11;0.00;0.03;0.09;0.08;0.01;0.02;0.03;0.02;0.01;0.08;0.06;0.10;0.00;0.05;0.06;0.02;0.01;0.00;0.00;0.02;0.02;0.00;0.00;0.02;0.02;0.04;0.00;0.00;0.00;0.01;0.01;0.00;0.00;0.00;0.00;0.02;0.01;0.00;0.00;0.00;0.04;0.02;0.07;0.01;0.02;0.01;0.00;0.06;0.03;0.10;0.04;0.00;0.00;0.00;0.00;0.00;0.00;0.05;0.04;0.00;0.09;0.00;0.09;0.03;0.09;0.08;0.10;0.01;0.07;0.08;0.10;0.02;0.00;0.01;0.04;0.00;0.00;0.00;0.04;0.00;0.00;0.00;0.00;0.05;0.01;0.03;0.00;0.05;0.00;0.02;0.01;0.01;0.00;0.01;0.01;0.00;0.00;0.02;0.00;0.01;0.00;0.01;0.01;0.00;0.01;0.01;0.01;0.02;0.02;0.01;0.04;0.02;0.07;0.07;0.07;0.01;0.01;0.01;0.00;0.01;0.00;0.04;0.02;0.00;0.00;0.00;0.01;0.02;0.02;0.01;0.01;0.00;0.00;0.00;0.00;0.02;0.01;0.04;0.00;0.00;0.02;0.01;0.01;0.03;0.01;0.02;0.00;0.00;0.00;0.02;0.01;0.02;0.01;0.02;0.00;0.01;0.05;0.00;0.02;0.00;0.00;0.01;0.01;0.00;0.01;0.00;0.00;0.04;0.00;0.00;0.01;0.00;0.00;0.02;0.00;0.01;0.04;0.02;0.00;0.01;0.00;0.01;0.01;0.01;0.00;0.02;0.01;0.01;0.00;0.00;0.00;0.00;0.00;0.00;0.00;0.00;0.00;0.00;0.00;0.00;0.00;0.00;0.00;0.01;0.03;0.01;0.00;0.00;0.00;0.00;0.00;0.00;0.00;0.01;0.00;0.00;0.00;0.01;0.00;0.00;0.00;0.00;0.00;0.00;0.00;0.00;0.00;0.00;0.01;0.01;0.00;0.02;0.00;0.00;0.00;0.00;0.00;0.00;0.00;0.00;0.00;0.00;0.01;0.00;0.01;0.01;0.00;0.01;0.00;0.00;0.00;0.00;0.00;0.00;0.03;0.00;0.00;0.00;0.00;0.00;0.00;0.00;0.01;0.00;0.00;0.01;0.00;0.01;0.00;0.01;0.01;0.01;0.01;0.00;0.01;0.01;0.00;0.01;0.00;0.01;0.00;0.00;0.01;0.01;0.00;0.00;0.00;0.01;0.00;0.02;0.01;0.00;0.00;0.02;0.00;0.00;0.00;0.00;0.00;0.00;0.00;0.00;0.00;0.00;0.01;0.00;0.00;0.00;0.01;0.00;0.00;0.01;0.01;0.00;0.00;0.00;0.00;0.00;0.00;0.00;0.00;0.00;0.00;0.00;0.00;0.00;0.03;0.00;0.04;0.00;0.00;0.00;0.00;0.00;0.00;0.00;0.00;0.00;0.00;0.00;0.00;0.00;0.00;0.01;0.01;0.00;0.01;0.01;0.01;0.02;0.00;0.07;0.06;0.03;0.12;0.01;0.10;0.00;0.02;0.00;0.00;0.01;0.01;0.01;0.02;0.00;0.01;0.00;0.00;0.01;0.00;0.00;0.00;0.01;0.00;0.00;0.01;0.00;0.00;0.00;0.00;0.00;0.00;0.00;0.01;0.00;0.00;0.00;0.00;0.00;0.00;0.01;0.00;0.00;0.01;0.00;0.01;0.00;0.00;0.00;0.01;0.00;0.01;0.00;0.00;0.03;0.00;0.01;0.00;0.00;0.00;0.00;0.01;0.00;0.00;0.01;0.02;0.00;0.00;0.01;0.00;0.00;0.01;0.00;0.00;0.00;0.05;0.01;0.02;0.01;0.00;0.00;0.00;0.00;0.00;0.01;0.00;0.00;0.00;0.01;0.01;0.02;0.00;0.00;0.00;0.00;0.00;0.00;0.01;0.00;0.00;0.00;0.01;0.01;0.00;0.03;0.00;0.01;0.00;0.02;0.00;0.00;0.07;0.00;0.00;0.04;0.00;0.01;0.01;0.01;0.01;0.01;0.00;0.00;0.01;0.00;0.00;0.02;0.00;0.01;0.01;0.01;0.03;0.20;0.09;0.02;0.05;0.01;0.00;0.00;0.02;0.00;0.02
2020-05-05 00:00;0.00;0.00;0.00;0.00;0.00;0.00;0.00;0.00;0.00;0.00;0.00;0.00;0.00;0.00;0.00;0.00;0.00;0.00;0.00;0.00;0.00;0.00;0.00;0.00;0.00;0.00;0.00;0.00;0.00;0.00;0.00;0.00;0.00;0.00;0.00;0.00;0.00;0.00;0.00;0.00;0.00;0.00;0.00;0.00;0.00;0.00;0.00;0.00;0.00;0.00;0.00;0.00;0.00;0.00;0.00;0.00;0.00;0.00;0.00;0.00;0.00;0.00;0.00;0.00;0.00;0.00;0.00;0.00;0.00;0.00;0.00;0.00;0.00;0.00;0.00;0.00;0.00;0.00;0.00;0.00;0.00;0.00;0.00;0.00;0.00;0.00;0.00;0.00;0.00;0.00;0.00;0.00;0.00;0.00;0.00;0.00;0.00;0.00;0.00;0.00;0.00;0.00;0.00;0.00;0.00;0.00;0.00;0.00;0.00;0.00;0.00;0.00;0.00;0.00;0.00;0.00;0.00;0.00;0.00;0.00;0.00;0.00;0.00;0.00;0.00;0.00;0.00;0.00;0.00;0.00;0.00;0.00;0.00;0.00;0.00;0.00;0.00;0.00;0.00;0.00;0.00;0.00;0.00;0.00;0.00;0.00;0.00;0.00;0.00;0.00;0.00;0.00;0.00;0.00;0.00;0.00;0.00;0.00;0.00;0.00;0.00;0.00;0.00;0.00;0.00;0.00;0.00;0.00;0.00;0.00;0.00;0.00;0.00;0.00;0.00;0.00;0.00;0.00;0.00;0.00;0.00;0.00;0.00;0.00;0.00;0.00;0.00;0.00;0.00;0.00;0.00;0.00;0.00;0.00;0.00;0.00;0.00;0.00;0.00;0.00;0.00;0.00;0.00;0.00;0.00;0.00;0.00;0.00;0.00;0.00;0.00;0.00;0.00;0.00;0.00;0.00;0.00;0.00;0.00;0.00;0.00;0.00;0.00;0.00;0.00;0.00;0.00;0.00;0.00;0.00;0.00;0.00;0.00;0.00;0.00;0.00;0.00;0.00;0.00;0.00;0.00;0.00;0.00;0.00;0.00;0.00;0.00;0.00;0.00;0.00;0.00;0.00;0.00;0.00;0.00;0.00;0.00;0.00;0.00;0.00;0.00;0.00;0.00;0.00;0.00;0.00;0.00;0.00;0.00;0.00;0.00;0.00;0.00;0.00;0.00;0.00;0.00;0.00;0.00;0.00;0.00;0.00;0.00;0.00;0.00;0.00;0.00;0.00;0.00;0.00;0.00;0.00;0.00;0.00;0.00;0.00;0.00;0.00;0.00;0.00;0.00;0.00;0.00;0.00;0.00;0.00;0.00;0.00;0.00;0.00;0.00;0.00;0.00;0.00;0.00;0.00;0.00;0.00;0.00;0.00;0.00;0.00;0.00;0.00;0.00;0.00;0.00;0.00;0.00;0.00;0.00;0.00;0.00;0.00;0.00;0.00;0.00;0.00;0.00;0.00;0.00;0.00;0.00;0.00;0.00;0.00;0.00;0.00;0.00;0.00;0.00;0.00;0.00;0.00;0.00;0.00;0.00;0.00;0.00;0.00;0.00;0.00;0.00;0.00;0.00;0.00;0.00;0.00;0.00;0.00;0.00;0.00;0.00;0.00;0.00;0.00;0.00;0.00;0.00;0.00;0.00;0.00;0.00;0.00;0.00;0.00;0.00;0.00;0.00;0.00;0.00;0.00;0.00;0.00;0.00;0.00;0.00;0.00;0.00;0.00;0.00;0.00;0.00;0.00;0.00;0.00;0.00;0.00;0.00;0.00;0.00;0.00;0.00;0.00;0.00;0.00;0.00;0.00;0.00;0.00;0.00;0.00;0.00;0.00;0.00;0.00;0.00;0.00;0.00;0.00;0.00;0.00;0.00;0.00;0.00;0.00;0.00;0.00;0.00;0.00;0.00;0.00;0.00;0.00;0.00;0.00;0.00;0.00;0.00;0.00;0.00;0.00;0.00;0.00;0.00;0.00;0.00;0.00;0.00;0.00;0.00;0.00;0.00;0.00;0.00;0.00;0.00;0.00;0.00;0.00;0.00;0.00;0.00;0.00;0.00;0.00;0.00;0.00;0.00;0.00;0.00;0.00;0.00;0.00;0.00;0.00;0.00;0.00;0.00;0.00;0.00;0.00;0.00;0.00;0.00
2020-05-06 00:00;0.00;0.00;0.00;0.00;0.00;0.00;0.00;0.00;0.00;0.00;0.00;0.00;0.00;0.00;0.00;0.00;0.00;0.00;0.00;0.00;0.00;0.00;0.00;0.00;0.00;0.00;0.00;0.00;0.00;0.00;0.00;0.00;0.00;0.00;0.00;0.00;0.00;0.00;0.00;0.00;0.00;0.00;0.00;0.00;0.00;0.00;0.00;0.00;0.00;0.00;0.00;0.00;0.00;0.00;0.00;0.00;0.00;0.00;0.00;0.00;0.00;0.00;0.00;0.00;0.00;0.00;0.00;0.00;0.00;0.00;0.00;0.00;0.00;0.00;0.00;0.00;0.00;0.00;0.00;0.00;0.00;0.00;0.00;0.00;0.00;0.00;0.00;0.00;0.00;0.00;0.00;0.00;0.00;0.00;0.00;0.00;0.00;0.00;0.00;0.00;0.00;0.00;0.00;0.00;0.00;0.00;0.00;0.00;0.00;0.00;0.00;0.00;0.00;0.00;0.00;0.00;0.00;0.00;0.00;0.00;0.00;0.00;0.00;0.00;0.00;0.00;0.00;0.00;0.00;0.00;0.00;0.00;0.00;0.00;0.00;0.00;0.00;0.00;0.00;0.00;0.00;0.00;0.00;0.00;0.00;0.00;0.00;0.00;0.00;0.00;0.00;0.00;0.00;0.00;0.00;0.00;0.00;0.00;0.00;0.00;0.00;0.00;0.00;0.00;0.00;0.00;0.00;0.00;0.00;0.00;0.00;0.00;0.00;0.00;0.00;0.00;0.00;0.00;0.00;0.00;0.00;0.00;0.00;0.00;0.00;0.00;0.00;0.00;0.00;0.00;0.00;0.00;0.00;0.00;0.00;0.00;0.00;0.00;0.00;0.00;0.00;0.00;0.00;0.00;0.00;0.00;0.00;0.00;0.00;0.00;0.00;0.00;0.00;0.00;0.00;0.00;0.00;0.00;0.00;0.00;0.00;0.00;0.00;0.00;0.00;0.00;0.00;0.00;0.00;0.00;0.00;0.00;0.00;0.00;0.00;0.00;0.00;0.00;0.00;0.00;0.00;0.00;0.00;0.00;0.00;0.00;0.00;0.00;0.00;0.00;0.00;0.00;0.00;0.00;0.00;0.00;0.00;0.00;0.00;0.00;0.00;0.00;0.00;0.00;0.00;0.00;0.00;0.00;0.00;0.00;0.00;0.00;0.00;0.00;0.00;0.00;0.00;0.00;0.00;0.00;0.00;0.00;0.00;0.00;0.00;0.00;0.00;0.00;0.00;0.00;0.00;0.00;0.00;0.00;0.00;0.00;0.00;0.00;0.00;0.00;0.00;0.00;0.00;0.00;0.00;0.00;0.00;0.00;0.00;0.00;0.00;0.00;0.00;0.00;0.00;0.00;0.00;0.00;0.00;0.00;0.00;0.00;0.00;0.00;0.00;0.00;0.00;0.00;0.00;0.00;0.00;0.00;0.00;0.00;0.00;0.00;0.00;0.00;0.00;0.00;0.00;0.00;0.00;0.00;0.00;0.00;0.00;0.00;0.00;0.00;0.00;0.00;0.00;0.00;0.00;0.00;0.00;0.00;0.00;0.00;0.00;0.00;0.00;0.00;0.00;0.00;0.00;0.00;0.00;0.00;0.00;0.00;0.00;0.00;0.00;0.00;0.00;0.00;0.00;0.00;0.00;0.00;0.00;0.00;0.00;0.00;0.00;0.00;0.00;0.00;0.00;0.00;0.00;0.00;0.00;0.00;0.00;0.00;0.00;0.00;0.00;0.00;0.00;0.00;0.00;0.00;0.00;0.00;0.00;0.00;0.00;0.00;0.00;0.00;0.00;0.00;0.00;0.00;0.00;0.00;0.00;0.00;0.00;0.00;0.00;0.00;0.00;0.00;0.00;0.00;0.00;0.00;0.00;0.00;0.00;0.00;0.00;0.00;0.00;0.00;0.00;0.00;0.00;0.00;0.00;0.00;0.00;0.00;0.00;0.00;0.00;0.00;0.00;0.00;0.00;0.00;0.00;0.00;0.00;0.00;0.00;0.00;0.00;0.00;0.00;0.00;0.00;0.00;0.00;0.00;0.00;0.00;0.00;0.00;0.00;0.00;0.00;0.00;0.00;0.00;0.00;0.00;0.00;0.00;0.00;0.00;0.00;0.00;0.00;0.00;0.00;0.00;0.00;0.00;0.00
2020-05-07 00:00;0.00;0.00;0.00;0.00;0.00;0.00;0.00;0.00;0.00;0.00;0.00;0.00;0.00;0.00;0.00;0.00;0.00;0.00;0.00;0.00;0.00;0.00;0.00;0.00;0.00;0.00;0.00;0.00;0.00;0.00;0.00;0.00;0.00;0.00;0.00;0.00;0.00;0.00;0.00;0.00;0.00;0.00;0.00;0.00;0.00;0.00;0.00;0.00;0.00;0.00;0.00;0.00;0.00;0.00;0.00;0.00;0.00;0.00;0.00;0.00;0.00;0.00;0.00;0.00;0.00;0.00;0.00;0.00;0.00;0.00;0.00;0.00;0.00;0.00;0.00;0.00;0.00;0.00;0.00;0.00;0.00;0.00;0.00;0.00;0.00;0.00;0.00;0.00;0.00;0.00;0.00;0.00;0.00;0.00;0.00;0.00;0.00;0.00;0.00;0.00;0.00;0.00;0.00;0.00;0.00;0.00;0.00;0.00;0.00;0.00;0.00;0.00;0.00;0.00;0.00;0.00;0.00;0.00;0.00;0.00;0.00;0.00;0.00;0.00;0.00;0.00;0.00;0.00;0.00;0.00;0.00;0.00;0.00;0.00;0.00;0.00;0.00;0.00;0.00;0.00;0.00;0.00;0.00;0.00;0.00;0.00;0.00;0.00;0.00;0.00;0.00;0.00;0.00;0.00;0.00;0.00;0.00;0.00;0.00;0.00;0.00;0.00;0.00;0.00;0.00;0.00;0.00;0.00;0.00;0.00;0.00;0.00;0.00;0.00;0.00;0.00;0.00;0.00;0.00;0.00;0.00;0.00;0.00;0.00;0.00;0.00;0.00;0.00;0.00;0.00;0.00;0.00;0.00;0.00;0.00;0.00;0.00;0.00;0.00;0.00;0.00;0.00;0.00;0.00;0.00;0.00;0.03;0.01;0.00;0.00;0.00;0.00;0.00;0.00;0.00;0.01;0.00;0.00;0.00;0.01;0.00;0.00;0.00;0.00;0.00;0.00;0.00;0.00;0.00;0.00;0.01;0.00;0.00;0.04;0.00;0.00;0.00;0.00;0.00;0.01;0.00;0.00;0.00;0.00;0.01;0.00;0.00;0.00;0.00;0.01;0.00;0.00;0.00;0.00;0.00;0.00;0.03;0.00;0.00;0.00;0.00;0.00;0.00;0.00;0.01;0.00;0.00;0.00;0.00;0.00;0.00;0.00;0.00;0.00;0.01;0.00;0.01;0.00;0.00;0.01;0.00;0.01;0.00;0.00;0.00;0.00;0.00;0.00;0.00;0.00;0.00;0.01;0.01;0.00;0.00;0.00;0.00;0.00;0.00;0.00;0.00;0.00;0.00;0.00;0.00;0.00;0.01;0.00;0.00;0.00;0.01;0.00;0.00;0.00;0.00;0.00;0.00;0.00;0.00;0.00;0.00;0.00;0.00;0.00;0.00;0.00;0.00;0.00;0.03;0.00;0.05;0.00;0.00;0.00;0.00;0.00;0.00;0.00;0.00;0.00;0.00;0.00;0.00;0.00;0.00;0.01;0.01;0.00;0.01;0.01;0.01;0.02;0.00;0.07;0.06;0.01;0.12;0.01;0.10;0.00;0.02;0.00;0.00;0.00;0.00;0.00;0.02;0.00;0.00;0.00;0.00;0.01;0.00;0.00;0.00;0.00;0.00;0.00;0.01;0.00;0.00;0.00;0.00;0.00;0.00;0.00;0.01;0.00;0.00;0.00;0.00;0.00;0.00;0.01;0.00;0.00;0.01;0.00;0.01;0.00;0.00;0.00;0.00;0.00;0.00;0.00;0.00;0.00;0.00;0.00;0.00;0.00;0.00;0.00;0.00;0.00;0.00;0.00;0.00;0.00;0.00;0.00;0.00;0.00;0.00;0.00;0.00;0.00;0.00;0.00;0.00;0.00;0.00;0.00;0.00;0.00;0.00;0.00;0.00;0.00;0.00;0.00;0.00;0.00;0.00;0.00;0.00;0.00;0.00;0.00;0.00;0.00;0.00;0.00;0.00;0.00;0.00;0.00;0.00;0.00;0.00;0.00;0.00;0.00;0.00;0.00;0.00;0.00;0.00;0.00;0.00;0.00;0.00;0.00;0.00;0.00;0.00;0.00;0.00;0.00;0.00;0.00;0.00;0.00;0.00;0.00;0.00;0.00;0.00;0.00;0.00;0.00;0.00;0.00;0.00
2020-05-08 00:00;2.09;1.23;0.52;0.87;2.22;2.00;0.23;0.53;0.83;0.45;0.24;2.01;1.33;2.50;0.08;1.25;1.17;0.47;0.25;0.03;0.00;0.55;0.63;0.00;0.01;0.39;0.60;1.32;0.03;0.06;0.00;0.16;0.15;0.02;0.04;0.00;1.47;0.42;0.61;0.03;0.04;0.00;0.97;0.56;1.59;0.61;0.48;0.34;0.04;1.44;0.82;2.40;0.96;0.11;0.09;0.00;0.00;0.06;0.00;1.14;1.02;0.00;2.19;0.05;2.18;0.87;2.16;2.19;2.40;0.19;1.69;2.14;2.40;0.53;0.06;0.27;1.17;0.00;0.01;0.00;0.98;0.31;0.02;0.04;0.00;1.93;0.25;0.85;0.00;1.40;0.00;0.64;0.20;0.25;0.00;0.54;0.22;0.17;0.02;0.20;0.06;0.10;0.28;0.35;0.48;0.09;0.12;0.13;0.30;0.61;0.55;0.37;0.90;0.69;1.55;1.61;1.32;0.35;0.22;0.29;0.02;0.23;0.00;0.78;0.48;0.01;0.02;0.00;0.25;0.47;0.38;0.18;0.19;0.28;0.00;0.07;0.05;0.40;0.28;0.73;0.15;0.03;0.33;0.11;0.24;0.69;0.11;0.33;0.01;0.02;0.00;0.29;0.18;0.29;0.28;0.35;0.02;0.10;1.00;0.23;0.39;0.07;0.05;0.10;0.20;0.06;0.09;0.02;0.00;0.29;0.05;0.00;0.12;0.00;0.00;0.26;0.00;0.13;0.30;0.24;0.01;0.05;0.00;0.09;0.07;0.14;0.00;0.23;0.06;0.16;0.03;0.03;0.02;0.03;0.00;0.00;0.02;0.01;0.00;0.00;0.00;0.02;0.03;0.00;0.00;0.08;0.22;0.06;0.02;0.00;0.00;0.00;0.00;0.01;0.01;0.06;0.03;0.02;0.01;0.05;0.02;0.02;0.00;0.03;0.01;0.02;0.01;0.01;0.00;0.01;0.02;0.02;0.01;0.09;0.00;0.01;0.00;0.01;0.00;0.01;0.00;0.00;0.00;0.00;0.02;0.00;0.04;0.02;0.00;0.03;0.01;0.00;0.01;0.00;0.01;0.00;0.04;0.00;0.00;0.00;0.00;0.00;0.00;0.00;0.01;0.00;0.00;0.00;0.00;0.00;0.00;0.02;0.00;0.01;0.02;0.01;0.01;0.00;0.00;0.01;0.01;0.01;0.00;0.00;0.00;0.00;0.00;0.00;0.00;0.00;0.00;0.01;0.01;0.01;0.00;0.07;0.01;0.00;0.00;0.00;0.02;0.00;0.01;0.00;0.01;0.01;0.02;0.00;0.02;0.00;0.02;0.01;0.01;0.03;0.01;0.02;0.00;0.00;0.00;0.00;0.00;0.00;0.01;0.01;0.00;0.00;0.00;0.00;0.13;0.00;0.20;0.01;0.00;0.00;0.00;0.00;0.00;0.00;0.00;0.01;0.00;0.00;0.00;0.00;0.01;0.03;0.03;0.01;0.05;0.02;0.05;0.10;0.00;0.29;0.28;0.03;0.42;0.04;0.38;0.00;0.08;0.00;0.00;0.00;0.00;0.00;0.08;0.02;0.00;0.00;0.01;0.02;0.00;0.03;0.00;0.02;0.00;0.02;0.05;0.01;0.01;0.00;0.00;0.00;0.00;0.00;0.02;0.01;0.00;0.00;0.01;0.00;0.02;0.03;0.00;0.00;0.05;0.01;0.02;0.02;0.02;0.00;0.09;0.03;0.04;0.00;0.00;0.17;0.02;0.08;0.00;0.03;0.02;0.03;0.08;0.04;0.02;0.06;0.18;0.00;0.04;0.08;0.02;0.02;0.10;0.03;0.03;0.00;0.89;0.27;0.36;0.19;0.05;0.00;0.00;0.00;0.00;0.12;0.02;0.06;0.03;0.19;0.12;0.30;0.01;0.02;0.00;0.06;0.04;0.00;0.12;0.00;0.02;0.07;0.27;0.12;0.04;0.77;0.00;0.17;0.04;0.53;0.12;0.00;1.79;0.08;0.03;1.05;0.00;0.22;0.31;0.34;0.18;0.08;0.01;0.03;0.19;0.00;0.06;0.18;0.02;0.34;0.13;0.26;0.76;1.38;2.26;0.54;0.96;0.23;0.08;0.12;0.38;0.00;0.60
2020-05-09 00:00;0.08;0.12;0.00;0.06;0.09;0.08;0.01;0.02;0.03;0.02;0.01;0.08;0.06;0.10;0.00;0.05;0.06;0.02;0.01;0.00;0.00;0.02;0.02;0.00;0.00;0.01;0.02;0.04;0.00;0.00;0.00;0.01;0.01;0.00;0.00;0.00;0.00;0.02;0.01;0.00;0.00;0.00;0.04;0.02;0.07;0.01;0.02;0.01;0.00;0.06;0.03;0.10;0.04;0.00;0.00;0.00;0.00;0.00;0.00;0.05;0.04;0.00;0.09;0.00;0.09;0.03;0.09;0.08;0.10;0.01;0.07;0.08;0.10;0.02;0.00;0.01;0.04;0.00;0.00;0.00;0.04;0.00;0.00;0.00;0.00;0.05;0.01;0.03;0.00;0.05;0.00;0.02;0.01;0.01;0.00;0.01;0.01;0.00;0.00;0.01;0.00;0.01;0.00;0.01;0.01;0.00;0.01;0.01;0.01;0.02;0.02;0.01;0.04;0.02;0.07;0.07;0.07;0.01;0.01;0.01;0.00;0.01;0.00;0.04;0.02;0.00;0.00;0.00;0.01;0.02;0.02;0.01;0.01;0.00;0.00;0.00;0.00;0.02;0.01;0.04;0.00;0.00;0.02;0.01;0.01;0.03;0.01;0.02;0.00;0.00;0.00;0.02;0.01;0.02;0.01;0.02;0.00;0.01;0.05;0.00;0.02;0.00;0.00;0.01;0.01;0.00;0.01;0.00;0.00;0.01;0.00;0.00;0.00;0.00;0.00;0.00;0.00;0.00;0.01;0.00;0.00;0.01;0.00;0.01;0.01;0.01;0.00;0.02;0.01;0.02;0.00;0.00;0.00;0.00;0.00;0.00;0.00;0.00;0.00;0.00;0.00;0.00;0.00;0.00;0.00;0.01;0.01;0.00;0.00;0.00;0.00;0.00;0.00;0.00;0.00;0.00;0.00;0.00;0.00;0.00;0.00;0.00;0.00;0.00;0.00;0.00;0.00;0.00;0.00;0.00;0.00;0.00;0.00;0.01;0.00;0.00;0.00;0.00;0.00;0.00;0.00;0.00;0.00;0.00;0.01;0.00;0.01;0.01;0.00;0.01;0.00;0.00;0.00;0.00;0.00;0.00;0.02;0.00;0.00;0.00;0.00;0.00;0.00;0.00;0.01;0.00;0.00;0.00;0.00;0.00;0.00;0.01;0.00;0.01;0.01;0.00;0.01;0.00;0.00;0.00;0.00;0.01;0.00;0.00;0.00;0.00;0.00;0.00;0.00;0.00;0.00;0.00;0.01;0.00;0.00;0.02;0.00;0.00;0.00;0.00;0.00;0.00;0.00;0.00;0.00;0.00;0.00;0.00;0.00;0.00;0.00;0.00;0.00;0.01;0.00;0.01;0.00;0.00;0.00;0.00;0.00;0.00;0.00;0.00;0.00;0.00;0.00;0.00;0.00;0.00;0.00;0.00;0.00;0.00;0.00;0.00;0.00;0.00;0.00;0.00;0.00;0.00;0.00;0.00;0.00;0.00;0.00;0.00;0.00;0.00;0.00;0.00;0.00;0.00;0.00;0.00;0.00;0.00;0.00;0.00;0.00;0.00;0.00;0.00;0.00;0.00;0.00;0.00;0.00;0.00;0.00;0.00;0.00;0.00;0.00;0.00;0.00;0.00;0.00;0.00;0.00;0.00;0.00;0.00;0.00;0.00;0.00;0.00;0.00;0.00;0.00;0.00;0.00;0.00;0.00;0.00;0.00;0.00;0.00;0.00;0.00;0.00;0.01;0.00;0.01;0.00;0.00;0.03;0.00;0.01;0.00;0.00;0.00;0.00;0.01;0.00;0.00;0.01;0.02;0.00;0.00;0.01;0.00;0.00;0.01;0.00;0.00;0.00;0.05;0.01;0.02;0.01;0.00;0.00;0.00;0.00;0.00;0.01;0.00;0.00;0.00;0.01;0.01;0.02;0.00;0.00;0.00;0.00;0.00;0.00;0.01;0.00;0.00;0.00;0.01;0.01;0.00;0.03;0.00;0.01;0.00;0.02;0.00;0.00;0.07;0.00;0.00;0.04;0.00;0.01;0.01;0.01;0.01;0.01;0.00;0.00;0.01;0.00;0.00;0.02;0.00;0.01;0.02;0.01;0.03;0.21;0.09;0.02;0.05;0.01;0.00;0.00;0.02;0.00;0.02
2020-05-10 00:00;0.08;0.12;0.00;0.04;0.09;0.08;0.01;0.02;0.03;0.02;0.01;0.08;0.06;0.10;0.00;0.05;0.06;0.02;0.01;0.00;0.00;0.02;0.02;0.00;0.00;0.01;0.02;0.04;0.00;0.00;0.00;0.01;0.01;0.00;0.00;0.00;0.00;0.02;0.01;0.00;0.00;0.00;0.04;0.02;0.07;0.01;0.02;0.01;0.00;0.06;0.03;0.10;0.04;0.00;0.00;0.00;0.00;0.00;0.00;0.05;0.04;0.00;0.09;0.00;0.09;0.03;0.09;0.08;0.10;0.01;0.07;0.08;0.10;0.02;0.00;0.01;0.04;0.00;0.00;0.00;0.04;0.00;0.00;0.00;0.00;0.05;0.01;0.03;0.00;0.05;0.00;0.02;0.01;0.01;0.00;0.01;0.01;0.00;0.00;0.01;0.00;0.01;0.00;0.01;0.01;0.00;0.01;0.01;0.01;0.02;0.02;0.01;0.04;0.02;0.07;0.07;0.07;0.01;0.01;0.01;0.00;0.01;0.00;0.04;0.02;0.00;0.00;0.00;0.01;0.02;0.02;0.01;0.01;0.00;0.00;0.00;0.00;0.02;0.01;0.04;0.00;0.00;0.02;0.01;0.01;0.03;0.01;0.02;0.00;0.00;0.00;0.02;0.01;0.02;0.01;0.02;0.00;0.01;0.05;0.00;0.02;0.00;0.00;0.01;0.01;0.00;0.01;0.00;0.00;0.04;0.00;0.00;0.01;0.00;0.00;0.03;0.00;0.01;0.04;0.02;0.00;0.00;0.00;0.01;0.01;0.01;0.00;0.02;0.01;0.02;0.00;0.00;0.00;0.00;0.00;0.00;0.00;0.00;0.00;0.00;0.00;0.00;0.00;0.00;0.00;0.01;0.06;0.01;0.00;0.00;0.00;0.00;0.00;0.00;0.00;0.01;0.00;0.00;0.00;0.01;0.00;0.00;0.00;0.01;0.01;0.01;0.01;0.01;0.00;0.00;0.01;0.01;0.00;0.05;0.00;0.00;0.00;0.00;0.00;0.01;0.00;0.00;0.00;0.00;0.01;0.00;0.03;0.01;0.00;0.02;0.01;0.00;0.01;0.00;0.01;0.00;0.04;0.00;0.00;0.00;0.00;0.00;0.00;0.00;0.01;0.00;0.00;0.00;0.00;0.00;0.00;0.02;0.00;0.01;0.02;0.01;0.01;0.00;0.00;0.01;0.01;0.01;0.00;0.00;0.00;0.00;0.00;0.00;0.00;0.00;0.00;0.00;0.01;0.01;0.00;0.05;0.01;0.00;0.00;0.00;0.01;0.00;0.00;0.00;0.00;0.00;0.01;0.00;0.01;0.00;0.01;0.00;0.01;0.02;0.01;0.01;0.00;0.00;0.00;0.00;0.00;0.00;0.00;0.01;0.00;0.00;0.00;0.00;0.07;0.00;0.10;0.00;0.00;0.00;0.00;0.00;0.00;0.00;0.00;0.00;0.00;0.00;0.00;0.00;0.01;0.01;0.01;0.01;0.02;0.01;0.02;0.05;0.00;0.12;0.10;0.01;0.23;0.02;0.19;0.00;0.04;0.00;0.00;0.00;0.00;0.00;0.04;0.01;0.00;0.00;0.01;0.01;0.00;0.02;0.00;0.01;0.00;0.01;0.03;0.01;0.00;0.00;0.00;0.00;0.00;0.00;0.00;0.00;0.00;0.00;0.00;0.00;0.01;0.01;0.00;0.00;0.02;0.00;0.01;0.00;0.00;0.00;0.02;0.01;0.01;0.00;0.00;0.05;0.00;0.01;0.00;0.00;0.00;0.00;0.01;0.00;0.00;0.01;0.02;0.00;0.00;0.01;0.00;0.00;0.01;0.00;0.00;0.00;0.05;0.01;0.02;0.01;0.00;0.00;0.00;0.00;0.00;0.01;0.00;0.00;0.00;0.01;0.01;0.02;0.00;0.00;0.00;0.00;0.00;0.00;0.01;0.00;0.00;0.00;0.01;0.01;0.00;0.03;0.00;0.01;0.00;0.02;0.00;0.00;0.07;0.00;0.00;0.04;0.00;0.01;0.01;0.01;0.01;0.01;0.00;0.00;0.01;0.00;0.00;0.02;0.00;0.01;0.01;0.01;0.03;0.20;0.09;0.02;0.05;0.01;0.00;0.00;0.02;0.00;0.02
2020-05-11 00:00;0.00;0.00;0.00;0.00;0.00;0.00;0.00;0.00;0.00;0.00;0.00;0.00;0.00;0.00;0.00;0.00;0.00;0.00;0.00;0.00;0.00;0.00;0.00;0.00;0.00;0.00;0.00;0.00;0.00;0.00;0.00;0.00;0.00;0.00;0.00;0.00;0.00;0.00;0.00;0.00;0.00;0.00;0.00;0.00;0.00;0.00;0.00;0.00;0.00;0.00;0.00;0.00;0.00;0.00;0.00;0.00;0.00;0.00;0.00;0.00;0.00;0.00;0.00;0.00;0.00;0.00;0.00;0.00;0.00;0.00;0.00;0.00;0.00;0.00;0.00;0.00;0.00;0.00;0.00;0.00;0.00;0.00;0.00;0.00;0.00;0.00;0.00;0.00;0.00;0.00;0.00;0.00;0.00;0.00;0.00;0.00;0.00;0.00;0.00;0.00;0.00;0.00;0.00;0.00;0.00;0.00;0.00;0.00;0.00;0.00;0.00;0.00;0.00;0.00;0.00;0.00;0.00;0.00;0.00;0.00;0.00;0.00;0.00;0.00;0.00;0.00;0.00;0.00;0.00;0.00;0.00;0.00;0.00;0.00;0.00;0.00;0.00;0.00;0.00;0.00;0.00;0.00;0.00;0.00;0.00;0.00;0.00;0.00;0.00;0.00;0.00;0.00;0.00;0.00;0.00;0.00;0.00;0.00;0.00;0.00;0.00;0.00;0.00;0.00;0.00;0.00;0.00;0.00;0.00;0.00;0.00;0.00;0.00;0.00;0.00;0.00;0.00;0.00;0.00;0.00;0.00;0.00;0.00;0.00;0.00;0.00;0.00;0.00;0.00;0.00;0.00;0.00;0.00;0.00;0.00;0.00;0.00;0.00;0.00;0.00;0.00;0.00;0.00;0.00;0.00;0.00;0.00;0.00;0.00;0.00;0.00;0.00;0.00;0.00;0.00;0.00;0.00;0.00;0.00;0.00;0.00;0.00;0.00;0.00;0.00;0.00;0.00;0.00;0.00;0.00;0.00;0.00;0.00;0.00;0.00;0.00;0.00;0.00;0.00;0.00;0.00;0.00;0.00;0.00;0.00;0.00;0.00;0.00;0.00;0.00;0.00;0.00;0.00;0.00;0.00;0.00;0.00;0.00;0.00;0.00;0.00;0.00;0.00;0.00;0.00;0.00;0.00;0.00;0.00;0.00;0.00;0.00;0.00;0.00;0.00;0.00;0.00;0.00;0.00;0.00;0.00;0.00;0.00;0.00;0.00;0.00;0.00;0.00;0.00;0.00;0.00;0.00;0.00;0.00;0.00;0.00;0.00;0.00;0.00;0.00;0.00;0.00;0.00;0.00;0.00;0.00;0.00;0.00;0.00;0.00;0.00;0.00;0.00;0.00;0.00;0.00;0.00;0.00;0.00;0.00;0.00;0.00;0.00;0.00;0.00;0.00;0.00;0.00;0.00;0.00;0.00;0.00;0.00;0.00;0.00;0.00;0.00;0.00;0.00;0.00;0.00;0.00;0.00;0.00;0.00;0.00;0.00;0.00;0.00;0.00;0.00;0.00;0.00;0.00;0.00;0.00;0.00;0.00;0.00;0.00;0.00;0.00;0.00;0.00;0.00;0.00;0.00;0.00;0.00;0.00;0.00;0.00;0.00;0.00;0.00;0.00;0.00;0.00;0.00;0.00;0.00;0.00;0.00;0.00;0.00;0.00;0.00;0.00;0.00;0.00;0.00;0.00;0.00;0.00;0.00;0.00;0.00;0.00;0.00;0.00;0.00;0.00;0.00;0.00;0.00;0.00;0.00;0.00;0.00;0.00;0.00;0.00;0.00;0.00;0.00;0.00;0.00;0.00;0.00;0.00;0.00;0.00;0.00;0.00;0.00;0.00;0.00;0.00;0.00;0.00;0.00;0.00;0.00;0.00;0.00;0.00;0.00;0.00;0.00;0.00;0.00;0.00;0.00;0.00;0.00;0.00;0.00;0.00;0.00;0.00;0.00;0.00;0.00;0.00;0.00;0.00;0.00;0.00;0.00;0.00;0.00;0.00;0.00;0.00;0.00;0.00;0.00;0.00;0.00;0.00;0.00;0.00;0.00;0.00;0.00;0.00;0.00;0.00;0.00;0.00;0.00;0.00;0.00;0.00;0.00;0.00;0.00;0.00;0.00;0.00;0.00;0.00;0.00;0.00;0.00
2020-05-12 00:00;0.16;0.21;0.00;0.09;0.18;0.16;0.01;0.03;0.07;0.04;0.02;0.09;0.07;0.20;0.01;0.10;0.06;0.02;0.01;0.00;0.00;0.02;0.02;0.00;0.00;0.01;0.02;0.04;0.00;0.00;0.00;0.01;0.01;0.00;0.00;0.00;0.00;0.02;0.01;0.00;0.00;0.00;0.04;0.02;0.07;0.01;0.02;0.01;0.00;0.06;0.03;0.10;0.04;0.00;0.00;0.00;0.00;0.00;0.00;0.05;0.04;0.00;0.09;0.00;0.09;0.03;0.09;0.08;0.10;0.01;0.07;0.08;0.10;0.02;0.00;0.01;0.04;0.00;0.00;0.00;0.04;0.00;0.00;0.00;0.00;0.05;0.01;0.03;0.00;0.05;0.00;0.02;0.01;0.01;0.00;0.01;0.01;0.00;0.00;0.01;0.00;0.01;0.00;0.01;0.01;0.00;0.01;0.00;0.01;0.02;0.02;0.01;0.04;0.02;0.05;0.04;0.00;0.00;0.00;0.00;0.00;0.00;0.00;0.00;0.00;0.00;0.00;0.00;0.00;0.00;0.00;0.00;0.00;0.00;0.00;0.00;0.00;0.00;0.00;0.00;0.00;0.00;0.00;0.00;0.00;0.00;0.00;0.00;0.00;0.00;0.00;0.00;0.00;0.00;0.00;0.00;0.00;0.00;0.00;0.00;0.00;0.00;0.00;0.00;0.00;0.00;0.00;0.00;0.00;0.00;0.00;0.00;0.00;0.00;0.00;0.00;0.00;0.00;0.00;0.00;0.00;0.00;0.00;0.00;0.00;0.00;0.00;0.00;0.00;0.00;0.00;0.00;0.00;0.00;0.00;0.00;0.00;0.00;0.00;0.00;0.00;0.00;0.00;0.00;0.00;0.00;0.00;0.00;0.00;0.00;0.00;0.00;0.00;0.00;0.00;0.00;0.00;0.00;0.00;0.00;0.00;0.00;0.00;0.00;0.00;0.00;0.00;0.00;0.00;0.00;0.00;0.00;0.00;0.00;0.00;0.00;0.00;0.00;0.00;0.00;0.00;0.00;0.00;0.00;0.00;0.00;0.00;0.00;0.00;0.00;0.00;0.00;0.00;0.00;0.00;0.00;0.00;0.00;0.00;0.00;0.00;0.00;0.00;0.00;0.00;0.00;0.00;0.00;0.00;0.00;0.00;0.00;0.00;0.00;0.00;0.00;0.00;0.00;0.00;0.00;0.00;0.00;0.00;0.00;0.00;0.00;0.00;0.00;0.00;0.00;0.00;0.00;0.00;0.00;0.00;0.00;0.00;0.00;0.00;0.00;0.00;0.00;0.00;0.00;0.00;0.00;0.00;0.00;0.00;0.00;0.00;0.00;0.00;0.00;0.00;0.00;0.00;0.00;0.00;0.00;0.00;0.00;0.00;0.00;0.00;0.00;0.00;0.00;0.00;0.00;0.00;0.00;0.00;0.00;0.00;0.00;0.00;0.00;0.00;0.00;0.00;0.00;0.00;0.00;0.00;0.00;0.00;0.00;0.00;0.00;0.00;0.00;0.00;0.00;0.00;0.00;0.00;0.00;0.00;0.00;0.00;0.00;0.00;0.00;0.00;0.00;0.00;0.00;0.00;0.00;0.00;0.00;0.00;0.00;0.00;0.00;0.00;0.00;0.00;0.00;0.00;0.00;0.00;0.00;0.00;0.00;0.00;0.00;0.00;0.00;0.00;0.00;0.00;0.00;0.00;0.00;0.00;0.00;0.00;0.00;0.00;0.00;0.00;0.00;0.00;0.00;0.00;0.00;0.00;0.00;0.00;0.00;0.00;0.00;0.00;0.00;0.00;0.00;0.00;0.00;0.00;0.00;0.00;0.00;0.00;0.00;0.00;0.00;0.00;0.00;0.00;0.00;0.00;0.00;0.00;0.00;0.00;0.00;0.00;0.00;0.00;0.00;0.00;0.00;0.00;0.00;0.00;0.00;0.00;0.00;0.00;0.00;0.00;0.00;0.00;0.00;0.00;0.03;0.00;0.01;0.00;0.01;0.00;0.00;0.07;0.00;0.00;0.04;0.00;0.01;0.01;0.01;0.01;0.00;0.00;0.00;0.01;0.00;0.00;0.01;0.00;0.01;0.01;0.01;0.03;0.19;0.09;0.02;0.05;0.01;0.00;0.00;0.02;0.00;0.02
2020-05-13 00:00;0.00;0.00;0.00;0.00;0.00;0.00;0.00;0.00;0.00;0.00;0.00;0.00;0.00;0.00;0.00;0.00;0.00;0.00;0.00;0.00;0.00;0.00;0.00;0.00;0.00;0.00;0.00;0.00;0.00;0.00;0.00;0.00;0.00;0.00;0.00;0.00;0.00;0.00;0.00;0.00;0.00;0.00;0.00;0.00;0.00;0.00;0.00;0.00;0.00;0.00;0.00;0.00;0.00;0.00;0.00;0.00;0.00;0.00;0.00;0.00;0.00;0.00;0.00;0.00;0.00;0.00;0.00;0.00;0.00;0.00;0.00;0.00;0.00;0.00;0.00;0.00;0.00;0.00;0.00;0.00;0.00;0.00;0.00;0.00;0.00;0.00;0.00;0.00;0.00;0.00;0.00;0.00;0.00;0.00;0.00;0.00;0.00;0.00;0.00;0.00;0.00;0.00;0.00;0.00;0.00;0.00;0.00;0.00;0.00;0.00;0.00;0.00;0.00;0.00;0.00;0.00;0.00;0.00;0.00;0.00;0.00;0.00;0.00;0.00;0.00;0.00;0.00;0.00;0.00;0.00;0.00;0.00;0.00;0.00;0.00;0.00;0.00;0.00;0.00;0.00;0.00;0.00;0.00;0.00;0.00;0.00;0.00;0.00;0.00;0.00;0.00;0.00;0.00;0.00;0.00;0.00;0.00;0.00;0.00;0.00;0.00;0.00;0.00;0.00;0.00;0.00;0.00;0.00;0.00;0.00;0.00;0.00;0.00;0.00;0.00;0.00;0.00;0.00;0.00;0.00;0.00;0.00;0.00;0.00;0.00;0.00;0.00;0.00;0.00;0.00;0.00;0.00;0.00;0.00;0.00;0.00;0.00;0.00;0.00;0.00;0.00;0.00;0.00;0.00;0.00;0.00;0.00;0.00;0.00;0.00;0.00;0.00;0.00;0.00;0.00;0.00;0.00;0.00;0.00;0.00;0.00;0.00;0.00;0.00;0.00;0.00;0.00;0.00;0.00;0.00;0.00;0.00;0.00;0.00;0.00;0.00;0.00;0.00;0.00;0.00;0.00;0.00;0.00;0.00;0.00;0.00;0.00;0.00;0.00;0.00;0.00;0.00;0.00;0.00;0.00;0.00;0.00;0.00;0.00;0.00;0.00;0.00;0.00;0.00;0.00;0.00;0.00;0.00;0.00;0.00;0.00;0.00;0.00;0.00;0.00;0.00;0.00;0.00;0.00;0.00;0.00;0.00;0.00;0.00;0.00;0.00;0.00;0.00;0.00;0.00;0.00;0.00;0.00;0.00;0.00;0.00;0.00;0.00;0.00;0.00;0.00;0.00;0.00;0.00;0.00;0.00;0.00;0.00;0.00;0.00;0.00;0.00;0.00;0.00;0.00;0.00;0.00;0.00;0.00;0.00;0.00;0.00;0.00;0.00;0.00;0.00;0.00;0.00;0.00;0.00;0.00;0.00;0.00;0.00;0.00;0.00;0.00;0.00;0.00;0.00;0.00;0.00;0.00;0.00;0.00;0.00;0.00;0.00;0.00;0.00;0.00;0.00;0.00;0.00;0.00;0.00;0.00;0.00;0.00;0.00;0.00;0.00;0.00;0.00;0.00;0.00;0.00;0.00;0.00;0.00;0.00;0.00;0.00;0.00;0.00;0.00;0.00;0.00;0.00;0.00;0.00;0.00;0.00;0.00;0.00;0.00;0.00;0.00;0.00;0.00;0.00;0.00;0.00;0.00;0.00;0.00;0.00;0.00;0.00;0.00;0.00;0.00;0.00;0.00;0.00;0.00;0.00;0.00;0.00;0.00;0.00;0.00;0.00;0.00;0.00;0.00;0.00;0.00;0.00;0.00;0.00;0.00;0.00;0.00;0.00;0.00;0.00;0.00;0.00;0.00;0.00;0.00;0.00;0.00;0.00;0.00;0.00;0.00;0.00;0.00;0.00;0.00;0.00;0.00;0.00;0.00;0.00;0.00;0.00;0.00;0.00;0.00;0.00;0.00;0.00;0.00;0.00;0.00;0.00;0.00;0.00;0.00;0.00;0.00;0.00;0.00;0.00;0.00;0.00;0.00;0.00;0.00;0.00;0.00;0.00;0.00;0.00;0.00;0.00;0.00;0.00;0.00;0.00;0.00;0.00;0.00;0.00;0.00;0.00;0.00;0.00;0.00;0.00;0.00;0.00
2020-05-14 00:00;0.00;0.00;0.00;0.00;0.00;0.00;0.00;0.00;0.00;0.00;0.00;0.00;0.00;0.00;0.00;0.00;0.00;0.00;0.00;0.00;0.00;0.00;0.00;0.00;0.00;0.00;0.00;0.00;0.00;0.00;0.00;0.00;0.00;0.00;0.00;0.00;0.00;0.00;0.00;0.00;0.00;0.00;0.00;0.00;0.00;0.00;0.00;0.00;0.00;0.00;0.00;0.00;0.00;0.00;0.00;0.00;0.00;0.00;0.00;0.00;0.00;0.00;0.00;0.00;0.00;0.00;0.00;0.00;0.00;0.00;0.00;0.00;0.00;0.00;0.00;0.00;0.00;0.00;0.00;0.00;0.00;0.00;0.00;0.00;0.00;0.00;0.00;0.00;0.00;0.00;0.00;0.00;0.00;0.00;0.00;0.00;0.00;0.00;0.00;0.00;0.00;0.00;0.00;0.00;0.00;0.00;0.00;0.00;0.00;0.00;0.00;0.00;0.00;0.00;0.00;0.00;0.00;0.00;0.00;0.00;0.00;0.00;0.00;0.00;0.00;0.00;0.00;0.00;0.00;0.00;0.00;0.00;0.00;0.00;0.00;0.00;0.00;0.00;0.00;0.00;0.00;0.00;0.00;0.00;0.00;0.00;0.00;0.00;0.00;0.00;0.00;0.00;0.00;0.00;0.00;0.00;0.00;0.00;0.00;0.00;0.00;0.00;0.00;0.00;0.00;0.00;0.00;0.00;0.00;0.00;0.00;0.00;0.00;0.00;0.00;0.00;0.00;0.00;0.00;0.00;0.00;0.00;0.00;0.00;0.00;0.00;0.00;0.00;0.00;0.00;0.00;0.00;0.00;0.00;0.00;0.00;0.00;0.00;0.00;0.00;0.00;0.00;0.00;0.00;0.00;0.00;0.00;0.00;0.00;0.00;0.00;0.00;0.00;0.00;0.00;0.00;0.00;0.00;0.00;0.00;0.00;0.00;0.00;0.00;0.00;0.00;0.00;0.00;0.00;0.00;0.00;0.00;0.00;0.00;0.00;0.00;0.00;0.00;0.00;0.00;0.00;0.00;0.00;0.00;0.00;0.00;0.00;0.00;0.00;0.00;0.00;0.00;0.00;0.00;0.00;0.00;0.00;0.00;0.00;0.00;0.00;0.00;0.00;0.00;0.00;0.00;0.00;0.00;0.00;0.00;0.00;0.00;0.00;0.00;0.00;0.00;0.00;0.00;0.00;0.00;0.00;0.00;0.00;0.00;0.00;0.00;0.00;0.00;0.00;0.00;0.00;0.00;0.00;0.00;0.00;0.00;0.00;0.00;0.00;0.00;0.00;0.00;0.00;0.00;0.00;0.00;0.00;0.00;0.00;0.00;0.00;0.00;0.00;0.00;0.00;0.00;0.00;0.00;0.00;0.00;0.00;0.00;0.00;0.00;0.00;0.00;0.00;0.00;0.00;0.00;0.00;0.00;0.00;0.00;0.00;0.00;0.00;0.00;0.00;0.00;0.00;0.00;0.00;0.00;0.00;0.00;0.00;0.00;0.00;0.00;0.00;0.00;0.00;0.00;0.00;0.00;0.00;0.00;0.00;0.00;0.00;0.00;0.00;0.00;0.00;0.00;0.00;0.00;0.00;0.00;0.00;0.00;0.00;0.00;0.00;0.00;0.00;0.00;0.00;0.00;0.00;0.00;0.00;0.00;0.00;0.00;0.00;0.00;0.00;0.00;0.00;0.00;0.00;0.00;0.00;0.00;0.00;0.00;0.00;0.00;0.00;0.00;0.00;0.00;0.00;0.00;0.00;0.00;0.00;0.00;0.00;0.00;0.00;0.00;0.00;0.00;0.00;0.00;0.00;0.00;0.00;0.00;0.00;0.00;0.00;0.00;0.00;0.00;0.00;0.00;0.00;0.00;0.00;0.00;0.00;0.00;0.00;0.00;0.00;0.00;0.00;0.00;0.00;0.00;0.00;0.00;0.00;0.00;0.00;0.00;0.00;0.00;0.00;0.00;0.00;0.00;0.00;0.00;0.00;0.00;0.00;0.00;0.00;0.00;0.00;0.00;0.00;0.00;0.00;0.00;0.00;0.00;0.00;0.00;0.00;0.00;0.00;0.00;0.00;0.00;0.00;0.00;0.00;0.00;0.00;0.00;0.00;0.00;0.00;0.00;0.00;0.00;0.00;0.00;0.00
2020-05-15 00:00;2.35;1.31;0.62;0.97;2.49;2.24;0.26;0.69;0.93;0.51;0.16;2.94;1.83;2.80;0.09;1.40;1.71;0.72;0.38;0.04;0.00;0.84;0.99;0.00;0.02;0.52;0.93;2.05;0.04;0.10;0.00;0.24;0.24;0.03;0.05;0.00;2.67;0.62;0.99;0.05;0.05;0.00;1.46;0.91;2.39;1.00;0.72;0.51;0.05;2.16;1.29;3.60;1.44;0.17;0.14;0.00;0.00;0.09;0.00;1.72;1.57;0.00;3.28;0.07;3.26;1.36;3.25;3.34;3.60;0.24;2.54;3.25;3.60;0.80;0.09;0.40;1.82;0.00;0.02;0.00;1.47;0.56;0.02;0.07;0.00;3.13;0.38;1.30;0.00;2.19;0.00;1.03;0.30;0.39;0.00;0.88;0.34;0.30;0.03;0.07;0.07;0.09;0.48;0.52;0.76;0.13;0.19;0.20;0.52;0.97;0.83;0.59;1.39;1.13;2.36;2.50;2.04;0.62;0.34;0.51;0.03;0.35;0.00;1.19;0.84;0.02;0.02;0.00;0.38;0.83;0.58;0.30;0.29;0.68;0.00;0.11;0.07;0.62;0.47;1.11;0.28;0.04;0.50;0.18;0.37;1.12;0.16;0.54;0.02;0.02;0.00;0.45;0.29;0.45;0.49;0.53;0.03;0.12;1.52;0.53;0.59;0.11;0.08;0.08;0.33;0.10;0.16;0.04;0.01;0.28;0.09;0.00;0.11;0.00;0.00;0.35;0.00;0.17;0.21;0.30;0.01;0.12;0.00;0.15;0.18;0.32;0.05;0.50;0.13;0.30;0.04;0.10;0.04;0.08;0.00;0.00;0.05;0.06;0.01;0.06;0.00;0.04;0.04;0.03;0.07;0.16;0.50;0.12;0.05;0.00;0.00;0.00;0.00;0.02;0.02;0.17;0.04;0.04;0.03;0.11;0.05;0.04;0.00;0.06;0.04;0.07;0.04;0.05;0.00;0.03;0.05;0.06;0.02;0.03;0.00;0.01;0.00;0.03;0.01;0.03;0.00;0.00;0.06;0.00;0.04;0.00;0.21;0.13;0.00;0.16;0.03;0.01;0.03;0.00;0.02;0.00;0.15;0.02;0.02;0.00;0.00;0.00;0.00;0.00;0.07;0.00;0.00;0.02;0.00;0.00;0.00;0.09;0.00;0.08;0.05;0.03;0.06;0.02;0.00;0.02;0.03;0.05;0.00;0.00;0.00;0.00;0.00;0.00;0.00;0.00;0.03;0.04;0.05;0.04;0.00;0.38;0.08;0.00;0.01;0.00;0.08;0.00;0.06;0.00;0.01;0.03;0.08;0.00;0.05;0.00;0.04;0.02;0.07;0.16;0.08;0.07;0.00;0.00;0.03;0.00;0.00;0.00;0.03;0.05;0.00;0.00;0.00;0.00;0.41;0.00;0.32;0.02;0.00;0.00;0.00;0.00;0.00;0.00;0.00;0.03;0.00;0.02;0.02;0.01;0.05;0.09;0.13;0.04;0.16;0.03;0.13;0.32;0.00;0.78;0.79;0.67;1.17;0.00;1.35;0.01;0.27;0.11;0.00;0.00;0.00;0.00;0.15;0.00;0.00;0.00;0.04;0.08;0.00;0.53;0.00;0.00;0.00;0.06;0.18;0.04;0.02;0.83;0.00;0.08;0.00;0.00;0.15;0.03;0.02;0.00;0.03;0.00;0.03;0.09;0.01;0.00;0.16;0.02;0.07;0.04;0.04;0.00;0.31;0.10;0.09;0.00;0.00;0.17;0.05;0.16;0.00;0.04;0.05;0.07;0.12;0.07;0.04;0.10;0.31;0.00;0.09;0.16;0.04;0.05;0.22;0.04;0.05;0.00;1.35;0.40;0.55;0.30;0.09;0.00;0.00;0.00;0.00;0.25;0.02;0.09;0.04;0.29;0.18;0.46;0.02;0.04;0.00;0.08;0.06;0.00;0.18;0.01;0.02;0.10;0.41;0.19;0.06;1.21;0.00;0.32;0.06;0.80;0.17;0.00;2.70;0.19;0.05;1.61;0.00;0.34;0.47;0.52;0.33;0.16;0.01;0.04;0.28;0.00;0.10;0.33;0.04;0.51;0.46;0.39;1.14;0.91;3.39;0.81;1.45;0.33;0.12;0.18;0.57;0.00;0.90
2020-05-16 00:00;18.73;8.06;6.70;7.79;19.47;17.52;2.33;4.83;7.30;3.98;1.50;18.32;11.74;21.90;0.73;10.95;9.68;4.52;2.22;0.26;0.00;5.03;6.11;0.00;0.12;1.72;5.70;12.67;0.24;0.57;0.00;1.39;1.45;0.19;0.32;0.00;19.29;3.68;6.43;0.30;0.33;0.00;8.59;5.82;13.99;6.54;4.22;3.01;0.33;12.66;7.96;21.10;8.44;0.99;0.83;0.00;0.00;0.50;0.00;10.20;9.52;0.00;19.26;0.40;19.12;8.40;19.03;19.93;21.10;1.26;14.87;19.34;21.10;4.69;0.56;2.34;11.12;0.00;0.13;0.00;8.63;4.04;0.15;0.38;0.00;20.20;2.22;7.83;0.00;13.45;0.00;6.56;1.75;2.42;0.00;5.74;1.97;2.19;0.14;4.51;5.69;6.64;8.85;8.77;11.14;7.23;7.45;6.12;9.26;12.62;11.21;9.92;15.52;13.05;19.62;19.35;17.42;7.61;6.09;7.07;4.55;6.13;4.40;13.09;10.25;4.48;4.52;4.40;6.27;9.16;7.27;5.91;5.84;7.96;4.40;4.97;4.76;7.64;6.79;11.10;5.87;4.60;6.87;5.27;6.24;11.34;5.21;7.16;4.51;4.51;4.40;6.63;5.90;6.63;6.92;7.36;4.55;4.59;14.12;7.35;7.76;4.93;4.70;3.97;5.78;4.56;2.98;0.28;0.06;1.86;0.98;0.00;0.54;0.00;0.00;0.82;0.00;0.64;2.90;0.87;0.07;0.69;0.00;0.89;0.97;2.06;0.40;3.18;0.65;0.89;0.36;0.56;0.21;0.36;0.00;0.00;0.26;0.38;0.08;0.40;0.00;0.27;0.21;0.24;0.35;0.82;3.08;1.09;0.59;0.00;0.00;0.00;0.00;0.25;0.23;1.51;0.24;0.34;0.19;0.56;0.70;0.38;0.00;0.53;0.27;0.42;0.29;0.43;0.01;0.23;0.52;0.59;0.17;0.72;0.00;0.11;0.00;0.18;0.02;0.43;0.00;0.04;0.09;0.07;0.51;0.00;1.52;0.82;0.00;1.31;0.40;0.06;0.33;0.00;0.30;0.00;0.55;0.20;0.26;0.00;0.00;0.00;0.00;0.00;0.70;0.00;0.00;0.03;0.00;0.04;0.00;0.80;0.00;0.46;0.37;0.41;0.74;0.22;0.00;0.24;0.35;0.54;0.00;0.00;0.00;0.00;0.00;0.00;0.00;0.21;0.05;0.04;0.60;0.41;0.00;1.10;0.52;0.00;0.00;0.00;0.44;0.00;0.22;0.00;0.06;0.06;0.69;0.00;0.43;0.03;0.51;0.16;0.47;1.02;0.52;0.25;0.00;0.00;0.01;0.00;0.00;0.00;0.20;0.32;0.03;0.00;0.00;0.00;2.34;0.00;0.96;0.20;0.00;0.00;0.00;0.00;0.00;0.00;0.00;0.20;0.00;0.25;0.21;0.12;0.45;0.72;1.27;0.34;1.30;0.17;0.75;2.80;0.00;6.26;7.13;9.07;9.27;0.37;11.68;0.10;2.31;0.06;0.00;0.00;0.00;0.00;0.36;0.45;0.00;0.00;0.28;0.68;0.00;8.22;0.00;0.49;0.00;0.49;0.73;0.31;0.19;9.35;0.00;0.19;0.00;0.00;0.46;0.22;0.16;0.00;0.24;0.01;0.04;0.77;0.08;0.00;1.29;0.19;0.61;0.26;0.25;0.00;1.69;0.42;0.22;0.00;0.01;0.92;0.27;0.65;0.00;0.29;0.23;0.39;0.39;0.31;0.28;0.68;0.90;0.00;0.51;0.60;0.31;0.37;0.63;4.59;4.64;4.40;14.00;6.41;7.11;5.87;2.61;4.40;4.40;4.40;4.40;1.38;4.52;4.86;4.62;5.85;5.29;7.45;4.50;4.58;4.40;4.82;4.72;4.40;5.28;4.43;4.00;5.35;7.16;5.34;6.93;15.15;6.06;7.72;6.93;11.10;7.40;6.70;20.96;7.19;6.91;17.49;0.00;1.98;2.74;3.03;1.75;4.87;0.07;0.24;1.65;0.00;0.56;2.03;0.21;3.00;1.47;2.31;6.66;1.43;19.86;4.75;8.58;1.53;0.73;1.03;3.32;0.00;5.28
2020-05-17 00:00;0.00;0.00;0.00;0.00;0.00;0.00;0.00;0.00;0.00;0.00;0.00;0.00;0.00;0.00;0.00;0.00;0.00;0.00;0.00;0.00;0.00;0.00;0.00;0.00;0.00;0.00;0.00;0.00;0.00;0.00;0.00;0.00;0.00;0.00;0.00;0.00;0.00;0.00;0.00;0.00;0.00;0.00;0.00;0.00;0.00;0.00;0.00;0.00;0.00;0.00;0.00;0.00;0.00;0.00;0.00;0.00;0.00;0.00;0.00;0.00;0.00;0.00;0.00;0.00;0.00;0.00;0.00;0.00;0.00;0.00;0.00;0.00;0.00;0.00;0.00;0.00;0.00;0.00;0.00;0.00;0.00;0.00;0.00;0.00;0.00;0.00;0.00;0.00;0.00;0.00;0.00;0.00;0.00;0.00;0.00;0.00;0.00;0.00;0.00;0.00;0.00;0.00;0.00;0.00;0.00;0.00;0.00;0.00;0.00;0.00;0.00;0.00;0.00;0.00;0.00;0.00;0.00;0.00;0.00;0.00;0.00;0.00;0.00;0.00;0.00;0.00;0.00;0.00;0.00;0.00;0.00;0.00;0.00;0.00;0.00;0.00;0.00;0.00;0.00;0.00;0.00;0.00;0.00;0.00;0.00;0.00;0.00;0.00;0.00;0.00;0.00;0.00;0.00;0.00;0.00;0.00;0.00;0.00;0.00;0.00;0.00;0.00;0.00;0.00;0.00;0.00;0.00;0.00;0.00;0.00;0.00;0.00;0.00;0.00;0.00;0.00;0.00;0.00;0.00;0.00;0.00;0.00;0.00;0.00;0.00;0.00;0.00;0.00;0.00;0.00;0.00;0.00;0.00;0.00;0.00;0.00;0.00;0.00;0.00;0.00;0.00;0.00;0.00;0.00;0.00;0.00;0.00;0.00;0.00;0.00;0.00;0.00;0.00;0.00;0.00;0.00;0.00;0.00;0.00;0.00;0.00;0.00;0.00;0.00;0.00;0.00;0.00;0.00;0.00;0.00;0.00;0.00;0.00;0.00;0.00;0.00;0.00;0.00;0.00;0.00;0.00;0.00;0.00;0.00;0.00;0.00;0.00;0.00;0.00;0.00;0.00;0.00;0.00;0.00;0.00;0.00;0.00;0.00;0.00;0.00;0.00;0.00;0.00;0.00;0.00;0.00;0.00;0.00;0.00;0.00;0.00;0.00;0.00;0.00;0.00;0.00;0.00;0.00;0.00;0.00;0.00;0.00;0.00;0.00;0.00;0.00;0.00;0.00;0.00;0.00;0.00;0.00;0.00;0.00;0.00;0.00;0.00;0.00;0.00;0.00;0.00;0.00;0.00;0.00;0.00;0.00;0.00;0.00;0.00;0.00;0.00;0.00;0.00;0.00;0.00;0.00;0.00;0.00;0.00;0.00;0.00;0.00;0.00;0.00;0.00;0.00;0.00;0.00;0.00;0.00;0.00;0.00;0.00;0.00;0.00;0.00;0.00;0.00;0.00;0.00;0.00;0.00;0.00;0.00;0.00;0.00;0.00;0.00;0.00;0.00;0.00;0.00;0.00;0.00;0.00;0.00;0.00;0.00;0.00;0.00;0.00;0.00;0.00;0.00;0.00;0.00;0.00;0.00;0.00;0.00;0.00;0.00;0.00;0.00;0.00;0.00;0.00;0.00;0.00;0.00;0.00;0.00;0.00;0.00;0.00;0.00;0.00;0.00;0.00;0.00;0.00;0.00;0.00;0.00;0.00;0.00;0.00;0.00;0.00;0.00;0.00;0.00;0.00;0.00;0.00;0.00;0.00;0.00;0.00;0.00;0.00;0.00;0.00;0.00;0.00;0.00;0.00;0.00;0.00;0.00;0.00;0.00;0.00;0.00;0.00;0.00;0.00;0.00;0.00;0.00;0.00;0.00;0.00;0.00;0.00;0.00;0.00;0.00;0.00;0.00;0.00;0.00;0.00;0.00;0.00;0.00;0.00;0.00;0.00;0.00;0.00;0.00;0.00;0.00;0.00;0.00;0.00;0.00;0.00;0.00;0.00;0.00;0.00;0.00;0.00;0.00;0.00;0.00;0.00;0.00;0.00;0.00;0.00;0.00;0.00;0.00;0.00;0.00;0.00;0.00;0.00;0.00;0.00;0.00;0.00;0.00;0.00;0.00;0.00;0.00;0.00;0.00;0.00;0.00;0.00
2020-05-18 00:00;0.00;0.00;0.00;0.00;0.00;0.00;0.00;0.00;0.00;0.00;0.00;0.00;0.00;0.00;0.00;0.00;0.00;0.00;0.00;0.00;0.00;0.00;0.00;0.00;0.00;0.00;0.00;0.00;0.00;0.00;0.00;0.00;0.00;0.00;0.00;0.00;0.00;0.00;0.00;0.00;0.00;0.00;0.00;0.00;0.00;0.00;0.00;0.00;0.00;0.00;0.00;0.00;0.00;0.00;0.00;0.00;0.00;0.00;0.00;0.00;0.00;0.00;0.00;0.00;0.00;0.00;0.00;0.00;0.00;0.00;0.00;0.00;0.00;0.00;0.00;0.00;0.00;0.00;0.00;0.00;0.00;0.00;0.00;0.00;0.00;0.00;0.00;0.00;0.00;0.00;0.00;0.00;0.00;0.00;0.00;0.00;0.00;0.00;0.00;0.00;0.00;0.00;0.00;0.00;0.00;0.00;0.00;0.00;0.00;0.00;0.00;0.00;0.00;0.00;0.00;0.00;0.00;0.00;0.00;0.00;0.00;0.00;0.00;0.00;0.00;0.00;0.00;0.00;0.00;0.00;0.00;0.00;0.00;0.00;0.00;0.00;0.00;0.00;0.00;0.00;0.00;0.00;0.00;0.00;0.00;0.00;0.00;0.00;0.00;0.00;0.00;0.00;0.00;0.00;0.00;0.00;0.00;0.00;0.00;0.00;0.00;0.00;0.00;0.00;0.00;0.00;0.00;0.00;0.00;0.00;0.00;0.00;0.00;0.00;0.00;0.00;0.00;0.00;0.00;0.00;0.00;0.00;0.00;0.00;0.00;0.00;0.00;0.00;0.00;0.00;0.00;0.00;0.00;0.00;0.00;0.00;0.00;0.00;0.00;0.00;0.00;0.00;0.00;0.00;0.00;0.00;0.00;0.00;0.00;0.00;0.00;0.00;0.00;0.00;0.00;0.00;0.00;0.00;0.00;0.00;0.00;0.00;0.00;0.00;0.00;0.00;0.00;0.00;0.00;0.00;0.00;0.00;0.00;0.00;0.00;0.00;0.00;0.00;0.00;0.00;0.00;0.00;0.00;0.00;0.00;0.00;0.00;0.00;0.00;0.00;0.00;0.00;0.00;0.00;0.00;0.00;0.00;0.00;0.00;0.00;0.00;0.00;0.00;0.00;0.00;0.00;0.00;0.00;0.00;0.00;0.00;0.00;0.00;0.00;0.00;0.00;0.00;0.00;0.00;0.00;0.00;0.00;0.00;0.00;0.00;0.00;0.00;0.00;0.00;0.00;0.00;0.00;0.00;0.00;0.00;0.00;0.00;0.00;0.00;0.00;0.00;0.00;0.00;0.00;0.00;0.00;0.00;0.00;0.00;0.00;0.00;0.00;0.00;0.00;0.00;0.00;0.00;0.00;0.00;0.00;0.00;0.00;0.00;0.00;0.00;0.00;0.00;0.00;0.00;0.00;0.00;0.00;0.00;0.00;0.00;0.00;0.00;0.00;0.00;0.00;0.00;0.00;0.00;0.00;0.00;0.00;0.00;0.00;0.00;0.00;0.00;0.00;0.00;0.00;0.00;0.00;0.00;0.00;0.00;0.00;0.00;0.00;0.00;0.00;0.00;0.00;0.00;0.00;0.00;0.00;0.00;0.00;0.00;0.00;0.00;0.00;0.00;0.00;0.00;0.00;0.00;0.00;0.00;0.00;0.00;0.00;0.00;0.00;0.00;0.00;0.00;0.00;0.00;0.00;0.00;0.00;0.00;0.00;0.00;0.00;0.00;0.00;0.00;0.00;0.00;0.00;0.00;0.00;0.00;0.00;0.00;0.00;0.00;0.00;0.00;0.00;0.00;0.00;0.00;0.00;0.00;0.00;0.00;0.00;0.00;0.00;0.00;0.00;0.00;0.00;0.00;0.00;0.00;0.00;0.00;0.00;0.00;0.00;0.00;0.00;0.00;0.00;0.00;0.00;0.00;0.00;0.00;0.00;0.00;0.00;0.00;0.00;0.00;0.00;0.00;0.00;0.00;0.00;0.00;0.00;0.00;0.00;0.00;0.00;0.00;0.00;0.00;0.00;0.00;0.00;0.00;0.00;0.00;0.00;0.00;0.00;0.00;0.00;0.00;0.00;0.00;0.00;0.00;0.00;0.00;0.00;0.00;0.00;0.00;0.00;0.00;0.00;0.00;0.00;0.00
2020-05-19 00:00;0.00;0.00;0.00;0.00;0.00;0.00;0.00;0.00;0.00;0.00;0.00;0.00;0.00;0.00;0.00;0.00;0.00;0.00;0.00;0.00;0.00;0.00;0.00;0.00;0.00;0.00;0.00;0.00;0.00;0.00;0.00;0.00;0.00;0.00;0.00;0.00;0.00;0.00;0.00;0.00;0.00;0.00;0.00;0.00;0.00;0.00;0.00;0.00;0.00;0.00;0.00;0.00;0.00;0.00;0.00;0.00;0.00;0.00;0.00;0.00;0.00;0.00;0.00;0.00;0.00;0.00;0.00;0.00;0.00;0.00;0.00;0.00;0.00;0.00;0.00;0.00;0.00;0.00;0.00;0.00;0.00;0.00;0.00;0.00;0.00;0.00;0.00;0.00;0.00;0.00;0.00;0.00;0.00;0.00;0.00;0.00;0.00;0.00;0.00;0.00;0.00;0.00;0.00;0.00;0.00;0.00;0.00;0.00;0.00;0.00;0.00;0.00;0.00;0.00;0.00;0.00;0.00;0.00;0.00;0.00;0.00;0.00;0.00;0.00;0.00;0.00;0.00;0.00;0.00;0.00;0.00;0.00;0.00;0.00;0.00;0.00;0.00;0.00;0.00;0.00;0.00;0.00;0.00;0.00;0.00;0.00;0.00;0.00;0.00;0.00;0.00;0.00;0.00;0.00;0.00;0.00;0.00;0.00;0.00;0.00;0.00;0.00;0.00;0.00;0.00;0.00;0.00;0.00;0.00;0.00;0.00;0.00;0.00;0.00;0.00;0.00;0.00;0.00;0.00;0.00;0.00;0.00;0.00;0.00;0.00;0.00;0.00;0.00;0.00;0.00;0.00;0.00;0.00;0.00;0.00;0.00;0.00;0.00;0.00;0.00;0.00;0.00;0.00;0.00;0.00;0.00;0.00;0.00;0.00;0.00;0.00;0.00;0.00;0.00;0.00;0.00;0.00;0.00;0.00;0.00;0.00;0.00;0.00;0.00;0.00;0.00;0.00;0.00;0.00;0.00;0.00;0.00;0.00;0.00;0.00;0.00;0.00;0.00;0.00;0.00;0.00;0.00;0.00;0.00;0.00;0.00;0.00;0.00;0.00;0.00;0.00;0.00;0.00;0.00;0.00;0.00;0.00;0.00;0.00;0.00;0.00;0.00;0.00;0.00;0.00;0.00;0.00;0.00;0.00;0.00;0.00;0.00;0.00;0.00;0.00;0.00;0.00;0.00;0.00;0.00;0.00;0.00;0.00;0.00;0.00;0.00;0.00;0.00;0.00;0.00;0.00;0.00;0.00;0.00;0.00;0.00;0.00;0.00;0.00;0.00;0.00;0.00;0.00;0.00;0.00;0.00;0.00;0.00;0.00;0.00;0.00;0.00;0.00;0.00;0.00;0.00;0.00;0.00;0.00;0.00;0.00;0.00;0.00;0.00;0.00;0.00;0.00;0.00;0.00;0.00;0.00;0.00;0.00;0.00;0.00;0.00;0.00;0.00;0.00;0.00;0.00;0.00;0.00;0.00;0.00;0.00;0.00;0.00;0.00;0.00;0.00;0.00;0.00;0.00;0.00;0.00;0.00;0.00;0.00;0.00;0.00;0.00;0.00;0.00;0.00;0.00;0.00;0.00;0.00;0.00;0.00;0.00;0.00;0.00;0.00;0.00;0.00;0.00;0.00;0.00;0.00;0.00;0.00;0.00;0.00;0.00;0.00;0.00;0.00;0.00;0.00;0.00;0.00;0.00;0.00;0.00;0.00;0.00;0.00;0.00;0.00;0.00;0.00;0.00;0.00;0.00;0.00;0.00;0.00;0.00;0.00;0.00;0.00;0.00;0.00;0.00;0.00;0.00;0.00;0.00;0.00;0.00;0.00;0.00;0.00;0.00;0.00;0.00;0.00;0.00;0.00;0.00;0.00;0.00;0.00;0.00;0.00;0.00;0.00;0.00;0.00;0.00;0.00;0.00;0.00;0.00;0.00;0.00;0.00;0.00;0.00;0.00;0.00;0.00;0.00;0.00;0.00;0.00;0.00;0.00;0.00;0.00;0.00;0.00;0.00;0.00;0.00;0.00;0.00;0.00;0.00;0.00;0.00;0.00;0.00;0.00;0.00;0.00;0.00;0.00;0.00;0.00;0.00;0.00;0.00;0.00;0.00;0.00;0.00;0.00;0.00;0.00;0.00;0.00;0.00
2020-05-20 00:00;0.00;0.00;0.00;0.00;0.00;0.00;0.00;0.00;0.00;0.00;0.00;0.00;0.00;0.00;0.00;0.00;0.00;0.00;0.00;0.00;0.00;0.00;0.00;0.00;0.00;0.00;0.00;0.00;0.00;0.00;0.00;0.00;0.00;0.00;0.00;0.00;0.00;0.00;0.00;0.00;0.00;0.00;0.00;0.00;0.00;0.00;0.00;0.00;0.00;0.00;0.00;0.00;0.00;0.00;0.00;0.00;0.00;0.00;0.00;0.00;0.00;0.00;0.00;0.00;0.00;0.00;0.00;0.00;0.00;0.00;0.00;0.00;0.00;0.00;0.00;0.00;0.00;0.00;0.00;0.00;0.00;0.00;0.00;0.00;0.00;0.00;0.00;0.00;0.00;0.00;0.00;0.00;0.00;0.00;0.00;0.00;0.00;0.00;0.00;0.00;0.00;0.00;0.00;0.00;0.00;0.00;0.00;0.00;0.00;0.00;0.00;0.00;0.00;0.00;0.00;0.00;0.00;0.00;0.00;0.00;0.00;0.00;0.00;0.00;0.00;0.00;0.00;0.00;0.00;0.00;0.00;0.00;0.00;0.00;0.00;0.00;0.00;0.00;0.00;0.00;0.00;0.00;0.00;0.00;0.00;0.00;0.00;0.00;0.00;0.00;0.00;0.00;0.00;0.00;0.00;0.00;0.00;0.00;0.00;0.00;0.00;0.00;0.00;0.00;0.00;0.00;0.00;0.00;0.00;0.00;0.00;0.00;0.00;0.00;0.00;0.00;0.00;0.00;0.00;0.00;0.00;0.00;0.00;0.00;0.00;0.00;0.00;0.00;0.00;0.00;0.00;0.00;0.00;0.00;0.00;0.00;0.00;0.00;0.00;0.00;0.00;0.00;0.00;0.00;0.00;0.00;0.00;0.00;0.00;0.00;0.00;0.00;0.00;0.00;0.00;0.00;0.00;0.00;0.00;0.00;0.00;0.00;0.00;0.00;0.00;0.00;0.00;0.00;0.00;0.00;0.00;0.00;0.00;0.00;0.00;0.00;0.00;0.00;0.00;0.00;0.00;0.00;0.00;0.00;0.00;0.00;0.00;0.00;0.00;0.00;0.00;0.00;0.00;0.00;0.00;0.00;0.00;0.00;0.00;0.00;0.00;0.00;0.00;0.00;0.00;0.00;0.00;0.00;0.00;0.00;0.00;0.00;0.00;0.00;0.00;0.00;0.00;0.00;0.00;0.00;0.00;0.00;0.00;0.00;0.00;0.00;0.00;0.00;0.00;0.00;0.00;0.00;0.00;0.00;0.00;0.00;0.00;0.00;0.00;0.00;0.00;0.00;0.00;0.00;0.00;0.00;0.00;0.00;0.00;0.00;0.00;0.00;0.00;0.00;0.00;0.00;0.00;0.00;0.00;0.00;0.00;0.00;0.00;0.00;0.00;0.00;0.00;0.00;0.00;0.00;0.00;0.00;0.00;0.00;0.00;0.00;0.00;0.00;0.00;0.00;0.00;0.00;0.00;0.00;0.00;0.00;0.00;0.00;0.00;0.00;0.00;0.00;0.00;0.00;0.00;0.00;0.00;0.00;0.00;0.00;0.00;0.00;0.00;0.00;0.00;0.00;0.00;0.00;0.00;0.00;0.00;0.00;0.00;0.00;0.00;0.00;0.00;0.00;0.00;0.00;0.00;0.00;0.00;0.00;0.00;0.00;0.00;0.00;0.00;0.00;0.00;0.00;0.00;0.00;0.00;0.00;0.00;0.00;0.00;0.00;0.00;0.00;0.00;0.00;0.00;0.00;0.00;0.00;0.00;0.00;0.00;0.00;0.00;0.00;0.00;0.00;0.00;0.00;0.00;0.00;0.00;0.00;0.00;0.00;0.00;0.00;0.00;0.00;0.00;0.00;0.00;0.00;0.00;0.00;0.00;0.00;0.00;0.00;0.00;0.00;0.00;0.00;0.00;0.00;0.00;0.00;0.00;0.00;0.00;0.00;0.00;0.00;0.00;0.00;0.00;0.00;0.00;0.00;0.00;0.00;0.00;0.00;0.00;0.00;0.00;0.00;0.00;0.00;0.00;0.00;0.00;0.00;0.00;0.00;0.00;0.00;0.00;0.00;0.00;0.00;0.00;0.00;0.00;0.00;0.00;0.00;0.00;0.00;0.00;0.00;0.00;0.00;0.00;0.00;0.00
2020-05-21 00:00;0.00;0.00;0.00;0.00;0.00;0.00;0.00;0.00;0.00;0.00;0.00;0.00;0.00;0.00;0.00;0.00;0.00;0.00;0.00;0.00;0.00;0.00;0.00;0.00;0.00;0.00;0.00;0.00;0.00;0.00;0.00;0.00;0.00;0.00;0.00;0.00;0.00;0.00;0.00;0.00;0.00;0.00;0.00;0.00;0.00;0.00;0.00;0.00;0.00;0.00;0.00;0.00;0.00;0.00;0.00;0.00;0.00;0.00;0.00;0.00;0.00;0.00;0.00;0.00;0.00;0.00;0.00;0.00;0.00;0.00;0.00;0.00;0.00;0.00;0.00;0.00;0.00;0.00;0.00;0.00;0.00;0.00;0.00;0.00;0.00;0.00;0.00;0.00;0.00;0.00;0.00;0.00;0.00;0.00;0.00;0.00;0.00;0.00;0.00;0.00;0.00;0.00;0.00;0.00;0.00;0.00;0.00;0.00;0.00;0.00;0.00;0.00;0.00;0.00;0.00;0.00;0.00;0.00;0.00;0.00;0.00;0.00;0.00;0.00;0.00;0.00;0.00;0.00;0.00;0.00;0.00;0.00;0.00;0.00;0.00;0.00;0.00;0.00;0.00;0.00;0.00;0.00;0.00;0.00;0.00;0.00;0.00;0.00;0.00;0.00;0.00;0.00;0.00;0.00;0.00;0.00;0.00;0.00;0.00;0.00;0.00;0.00;0.00;0.00;0.00;0.00;0.00;0.00;0.00;0.00;0.00;0.00;0.00;0.00;0.00;0.00;0.00;0.00;0.00;0.00;0.00;0.00;0.00;0.00;0.00;0.00;0.00;0.00;0.00;0.00;0.00;0.00;0.00;0.00;0.00;0.00;0.00;0.00;0.00;0.00;0.00;0.00;0.00;0.00;0.00;0.00;0.00;0.00;0.00;0.00;0.00;0.00;0.00;0.00;0.00;0.00;0.00;0.00;0.00;0.00;0.00;0.00;0.00;0.00;0.00;0.00;0.00;0.00;0.00;0.00;0.00;0.00;0.00;0.00;0.00;0.00;0.00;0.00;0.00;0.00;0.00;0.00;0.00;0.00;0.00;0.00;0.00;0.00;0.00;0.00;0.00;0.00;0.00;0.00;0.00;0.00;0.00;0.00;0.00;0.00;0.00;0.00;0.00;0.00;0.00;0.00;0.00;0.00;0.00;0.00;0.00;0.00;0.00;0.00;0.00;0.00;0.00;0.00;0.00;0.00;0.00;0.00;0.00;0.00;0.00;0.00;0.00;0.00;0.00;0.00;0.00;0.00;0.00;0.00;0.00;0.00;0.00;0.00;0.00;0.00;0.00;0.00;0.00;0.00;0.00;0.00;0.00;0.00;0.00;0.00;0.00;0.00;0.00;0.00;0.00;0.00;0.00;0.00;0.00;0.00;0.00;0.00;0.00;0.00;0.00;0.00;0.00;0.00;0.00;0.00;0.00;0.00;0.00;0.00;0.00;0.00;0.00;0.00;0.00;0.00;0.00;0.00;0.00;0.00;0.00;0.00;0.00;0.00;0.00;0.00;0.00;0.00;0.00;0.00;0.00;0.00;0.00;0.00;0.00;0.00;0.00;0.00;0.00;0.00;0.00;0.00;0.00;0.00;0.00;0.00;0.00;0.00;0.00;0.00;0.00;0.00;0.00;0.00;0.00;0.00;0.00;0.00;0.00;0.00;0.00;0.00;0.00;0.00;0.00;0.00;0.00;0.00;0.00;0.00;0.00;0.00;0.00;0.00;0.00;0.00;0.00;0.00;0.00;0.00;0.00;0.00;0.00;0.00;0.00;0.00;0.00;0.00;0.00;0.00;0.00;0.00;0.00;0.00;0.00;0.00;0.00;0.00;0.00;0.00;0.00;0.00;0.00;0.00;0.00;0.00;0.00;0.00;0.00;0.00;0.00;0.00;0.00;0.00;0.00;0.00;0.00;0.00;0.00;0.00;0.00;0.00;0.00;0.00;0.00;0.00;0.00;0.00;0.00;0.00;0.00;0.00;0.00;0.00;0.00;0.00;0.00;0.00;0.00;0.00;0.00;0.00;0.00;0.00;0.00;0.00;0.00;0.00;0.00;0.00;0.00;0.00;0.00;0.00;0.00;0.00;0.00;0.00;0.00;0.00;0.00;0.00;0.00;0.00;0.00;0.00;0.00;0.00;0.00;0.00;0.00
2020-05-22 00:00;0.00;0.00;0.00;0.00;0.00;0.00;0.00;0.00;0.00;0.00;0.00;0.00;0.00;0.00;0.00;0.00;0.00;0.00;0.00;0.00;0.00;0.00;0.00;0.00;0.00;0.00;0.00;0.00;0.00;0.00;0.00;0.00;0.00;0.00;0.00;0.00;0.00;0.00;0.00;0.00;0.00;0.00;0.00;0.00;0.00;0.00;0.00;0.00;0.00;0.00;0.00;0.00;0.00;0.00;0.00;0.00;0.00;0.00;0.00;0.00;0.00;0.00;0.00;0.00;0.00;0.00;0.00;0.00;0.00;0.00;0.00;0.00;0.00;0.00;0.00;0.00;0.00;0.00;0.00;0.00;0.00;0.00;0.00;0.00;0.00;0.00;0.00;0.00;0.00;0.00;0.00;0.00;0.00;0.00;0.00;0.00;0.00;0.00;0.00;0.00;0.00;0.00;0.00;0.00;0.00;0.00;0.00;0.00;0.00;0.00;0.00;0.00;0.00;0.00;0.00;0.00;0.00;0.00;0.00;0.00;0.00;0.00;0.00;0.00;0.00;0.00;0.00;0.00;0.00;0.00;0.00;0.00;0.00;0.00;0.00;0.00;0.00;0.00;0.00;0.00;0.00;0.00;0.00;0.00;0.00;0.00;0.00;0.00;0.00;0.00;0.00;0.00;0.00;0.00;0.00;0.00;0.00;0.00;0.00;0.00;0.00;0.00;0.00;0.00;0.00;0.00;0.00;0.00;0.00;0.00;0.00;0.00;0.00;0.00;0.00;0.00;0.00;0.00;0.00;0.00;0.00;0.00;0.00;0.00;0.00;0.00;0.00;0.00;0.00;0.00;0.00;0.00;0.00;0.00;0.00;0.00;0.00;0.00;0.00;0.00;0.00;0.00;0.00;0.00;0.00;0.00;0.00;0.00;0.00;0.00;0.00;0.00;0.00;0.00;0.00;0.00;0.00;0.00;0.00;0.00;0.00;0.00;0.00;0.00;0.00;0.00;0.00;0.00;0.00;0.00;0.00;0.00;0.00;0.00;0.00;0.00;0.00;0.00;0.00;0.00;0.00;0.00;0.00;0.00;0.00;0.00;0.00;0.00;0.00;0.00;0.00;0.00;0.00;0.00;0.00;0.00;0.00;0.00;0.00;0.00;0.00;0.00;0.00;0.00;0.00;0.00;0.00;0.00;0.00;0.00;0.00;0.00;0.00;0.00;0.00;0.00;0.00;0.00;0.00;0.00;0.00;0.00;0.00;0.00;0.00;0.00;0.00;0.00;0.00;0.00;0.00;0.00;0.00;0.00;0.00;0.00;0.00;0.00;0.00;0.00;0.00;0.00;0.00;0.00;0.00;0.00;0.00;0.00;0.00;0.00;0.00;0.00;0.00;0.00;0.00;0.00;0.00;0.00;0.00;0.00;0.00;0.00;0.00;0.00;0.00;0.00;0.00;0.00;0.00;0.00;0.00;0.00;0.00;0.00;0.00;0.00;0.00;0.00;0.00;0.00;0.00;0.00;0.00;0.00;0.00;0.00;0.00;0.00;0.00;0.00;0.00;0.00;0.00;0.00;0.00;0.00;0.00;0.00;0.00;0.00;0.00;0.00;0.00;0.00;0.00;0.00;0.00;0.00;0.00;0.00;0.00;0.00;0.00;0.00;0.00;0.00;0.00;0.00;0.00;0.00;0.00;0.00;0.00;0.00;0.00;0.00;0.00;0.00;0.00;0.00;0.00;0.00;0.00;0.00;0.00;0.00;0.00;0.00;0.00;0.00;0.00;0.00;0.00;0.00;0.00;0.00;0.00;0.00;0.00;0.00;0.00;0.00;0.00;0.00;0.00;0.00;0.00;0.00;0.00;0.00;0.00;0.00;0.00;0.00;0.00;0.00;0.00;0.00;0.00;0.00;0.00;0.00;0.00;0.00;0.00;0.00;0.00;0.00;0.00;0.00;0.00;0.00;0.00;0.00;0.00;0.00;0.00;0.00;0.00;0.00;0.00;0.00;0.00;0.00;0.00;0.00;0.00;0.00;0.00;0.00;0.00;0.00;0.00;0.00;0.00;0.00;0.00;0.00;0.00;0.00;0.00;0.00;0.00;0.00;0.00;0.00;0.00;0.00;0.00;0.00;0.00;0.00;0.00;0.00;0.00;0.00;0.00;0.00;0.00;0.00;0.00;0.00;0.00;0.00;0.00
2020-05-23 00:00;0.00;0.00;0.00;0.00;0.00;0.00;0.00;0.00;0.00;0.00;0.00;0.00;0.00;0.00;0.00;0.00;0.00;0.00;0.00;0.00;0.00;0.00;0.00;0.00;0.00;0.00;0.00;0.00;0.00;0.00;0.00;0.00;0.00;0.00;0.00;0.00;0.00;0.00;0.00;0.00;0.00;0.00;0.00;0.00;0.00;0.00;0.00;0.00;0.00;0.00;0.00;0.00;0.00;0.00;0.00;0.00;0.00;0.00;0.00;0.00;0.00;0.00;0.00;0.00;0.00;0.00;0.00;0.00;0.00;0.00;0.00;0.00;0.00;0.00;0.00;0.00;0.00;0.00;0.00;0.00;0.00;0.00;0.00;0.00;0.00;0.00;0.00;0.00;0.00;0.00;0.00;0.00;0.00;0.00;0.00;0.00;0.00;0.00;0.00;0.00;0.00;0.00;0.00;0.00;0.00;0.00;0.00;0.00;0.00;0.00;0.00;0.00;0.00;0.00;0.00;0.00;0.00;0.00;0.00;0.00;0.00;0.00;0.00;0.00;0.00;0.00;0.00;0.00;0.00;0.00;0.00;0.00;0.00;0.00;0.00;0.00;0.00;0.00;0.00;0.00;0.00;0.00;0.00;0.00;0.00;0.00;0.00;0.00;0.00;0.00;0.00;0.00;0.00;0.00;0.00;0.00;0.00;0.00;0.00;0.00;0.00;0.00;0.00;0.00;0.00;0.00;0.00;0.00;0.00;0.00;0.00;0.00;0.00;0.00;0.00;0.00;0.00;0.00;0.00;0.00;0.00;0.00;0.00;0.00;0.00;0.00;0.00;0.00;0.00;0.00;0.00;0.00;0.00;0.00;0.00;0.00;0.00;0.00;0.00;0.00;0.00;0.00;0.00;0.00;0.00;0.00;0.00;0.00;0.00;0.00;0.00;0.00;0.00;0.00;0.00;0.00;0.00;0.00;0.00;0.00;0.00;0.00;0.00;0.00;0.00;0.00;0.00;0.00;0.00;0.00;0.00;0.00;0.00;0.00;0.00;0.00;0.00;0.00;0.00;0.00;0.00;0.00;0.00;0.00;0.00;0.00;0.00;0.00;0.00;0.00;0.00;0.00;0.00;0.00;0.00;0.00;0.00;0.00;0.00;0.00;0.00;0.00;0.00;0.00;0.00;0.00;0.00;0.00;0.00;0.00;0.00;0.00;0.00;0.00;0.00;0.00;0.00;0.00;0.00;0.00;0.00;0.00;0.00;0.00;0.00;0.00;0.00;0.00;0.00;0.00;0.00;0.00;0.00;0.00;0.00;0.00;0.00;0.00;0.00;0.00;0.00;0.00;0.00;0.00;0.00;0.00;0.00;0.00;0.00;0.00;0.00;0.00;0.00;0.00;0.00;0.00;0.00;0.00;0.00;0.00;0.00;0.00;0.00;0.00;0.00;0.00;0.00;0.00;0.00;0.00;0.00;0.00;0.00;0.00;0.00;0.00;0.00;0.00;0.00;0.00;0.00;0.00;0.00;0.00;0.00;0.00;0.00;0.00;0.00;0.00;0.00;0.00;0.00;0.00;0.00;0.00;0.00;0.00;0.00;0.00;0.00;0.00;0.00;0.00;0.00;0.00;0.00;0.00;0.00;0.00;0.00;0.00;0.00;0.00;0.00;0.00;0.00;0.00;0.00;0.00;0.00;0.00;0.00;0.00;0.00;0.00;0.00;0.00;0.00;0.00;0.00;0.00;0.00;0.00;0.00;0.00;0.00;0.00;0.00;0.00;0.00;0.00;0.00;0.00;0.00;0.00;0.00;0.00;0.00;0.00;0.00;0.00;0.00;0.00;0.00;0.00;0.00;0.00;0.00;0.00;0.00;0.00;0.00;0.00;0.00;0.00;0.00;0.00;0.00;0.00;0.00;0.00;0.00;0.00;0.00;0.00;0.00;0.00;0.00;0.00;0.00;0.00;0.00;0.00;0.00;0.00;0.00;0.00;0.00;0.00;0.00;0.00;0.00;0.00;0.00;0.00;0.00;0.00;0.00;0.00;0.00;0.00;0.00;0.00;0.00;0.00;0.00;0.00;0.00;0.00;0.00;0.00;0.00;0.00;0.00;0.00;0.00;0.00;0.00;0.00;0.00;0.00;0.00;0.00;0.00;0.00;0.00;0.00;0.00;0.00;0.00;0.00;0.00;0.00;0.00
2020-05-24 00:00;0.00;0.00;0.00;0.00;0.00;0.00;0.00;0.00;0.00;0.00;0.00;0.00;0.00;0.00;0.00;0.00;0.00;0.00;0.00;0.00;0.00;0.00;0.00;0.00;0.00;0.00;0.00;0.00;0.00;0.00;0.00;0.00;0.00;0.00;0.00;0.00;0.00;0.00;0.00;0.00;0.00;0.00;0.00;0.00;0.00;0.00;0.00;0.00;0.00;0.00;0.00;0.00;0.00;0.00;0.00;0.00;0.00;0.00;0.00;0.00;0.00;0.00;0.00;0.00;0.00;0.00;0.00;0.00;0.00;0.00;0.00;0.00;0.00;0.00;0.00;0.00;0.00;0.00;0.00;0.00;0.00;0.00;0.00;0.00;0.00;0.00;0.00;0.00;0.00;0.00;0.00;0.00;0.00;0.00;0.00;0.00;0.00;0.00;0.00;0.00;0.00;0.00;0.00;0.00;0.00;0.00;0.00;0.00;0.00;0.00;0.00;0.00;0.00;0.00;0.00;0.00;0.00;0.00;0.00;0.00;0.00;0.00;0.00;0.00;0.00;0.00;0.00;0.00;0.00;0.00;0.00;0.00;0.00;0.00;0.00;0.00;0.00;0.00;0.00;0.00;0.00;0.00;0.00;0.00;0.00;0.00;0.00;0.00;0.00;0.00;0.00;0.00;0.00;0.00;0.00;0.00;0.00;0.00;0.00;0.00;0.00;0.00;0.00;0.00;0.00;0.00;0.00;0.00;0.00;0.00;0.00;0.00;0.00;0.00;0.00;0.00;0.00;0.00;0.00;0.00;0.00;0.00;0.00;0.00;0.00;0.00;0.00;0.00;0.00;0.00;0.00;0.00;0.00;0.00;0.00;0.00;0.00;0.00;0.00;0.00;0.00;0.00;0.00;0.00;0.00;0.00;0.00;0.00;0.00;0.00;0.00;0.00;0.00;0.00;0.00;0.00;0.00;0.00;0.00;0.00;0.00;0.00;0.00;0.00;0.00;0.00;0.00;0.00;0.00;0.00;0.00;0.00;0.00;0.00;0.00;0.00;0.00;0.00;0.00;0.00;0.00;0.00;0.00;0.00;0.00;0.00;0.00;0.00;0.00;0.00;0.00;0.00;0.00;0.00;0.00;0.00;0.00;0.00;0.00;0.00;0.00;0.00;0.00;0.00;0.00;0.00;0.00;0.00;0.00;0.00;0.00;0.00;0.00;0.00;0.00;0.00;0.00;0.00;0.00;0.00;0.00;0.00;0.00;0.00;0.00;0.00;0.00;0.00;0.00;0.00;0.00;0.00;0.00;0.00;0.00;0.00;0.00;0.00;0.00;0.00;0.00;0.00;0.00;0.00;0.00;0.00;0.00;0.00;0.00;0.00;0.00;0.00;0.00;0.00;0.00;0.00;0.00;0.00;0.00;0.00;0.00;0.00;0.00;0.00;0.00;0.00;0.00;0.00;0.00;0.00;0.00;0.00;0.00;0.00;0.00;0.00;0.00;0.00;0.00;0.00;0.00;0.00;0.00;0.00;0.00;0.00;0.00;0.00;0.00;0.00;0.00;0.00;0.00;0.00;0.00;0.00;0.00;0.00;0.00;0.00;0.00;0.00;0.00;0.00;0.00;0.00;0.00;0.00;0.00;0.00;0.00;0.00;0.00;0.00;0.00;0.00;0.00;0.00;0.00;0.00;0.00;0.00;0.00;0.00;0.00;0.00;0.00;0.00;0.00;0.00;0.00;0.00;0.00;0.00;0.00;0.00;0.00;0.00;0.00;0.00;0.00;0.00;0.00;0.00;0.00;0.00;0.00;0.00;0.00;0.00;0.00;0.00;0.00;0.00;0.00;0.00;0.00;0.00;0.00;0.00;0.00;0.00;0.00;0.00;0.00;0.00;0.00;0.00;0.00;0.00;0.00;0.00;0.00;0.00;0.00;0.00;0.00;0.00;0.00;0.00;0.00;0.00;0.00;0.00;0.00;0.00;0.00;0.00;0.00;0.00;0.00;0.00;0.00;0.00;0.00;0.00;0.00;0.00;0.00;0.00;0.00;0.00;0.00;0.00;0.00;0.00;0.00;0.00;0.00;0.00;0.00;0.00;0.00;0.00;0.00;0.00;0.00;0.00;0.00;0.00;0.00;0.00;0.00;0.00;0.00;0.00;0.00;0.00;0.00;0.00;0.00;0.00;0.00;0.00;0.00
2020-05-25 00:00;0.40;0.41;0.00;0.20;0.44;0.40;0.03;0.08;0.17;0.09;0.03;0.25;0.21;0.50;0.02;0.25;0.18;0.05;0.03;0.00;0.00;0.06;0.06;0.00;0.00;0.02;0.06;0.13;0.00;0.01;0.00;0.02;0.02;0.00;0.00;0.00;0.00;0.05;0.04;0.00;0.00;0.00;0.12;0.05;0.20;0.04;0.06;0.04;0.00;0.18;0.08;0.30;0.12;0.01;0.01;0.00;0.00;0.01;0.00;0.14;0.11;0.00;0.27;0.01;0.27;0.09;0.27;0.25;0.30;0.02;0.21;0.25;0.30;0.07;0.01;0.03;0.12;0.00;0.00;0.00;0.12;0.00;0.00;0.01;0.00;0.15;0.03;0.10;0.00;0.14;0.00;0.05;0.02;0.03;0.00;0.04;0.03;0.00;0.00;0.00;0.02;0.01;0.01;0.04;0.04;0.01;0.02;0.02;0.04;0.06;0.07;0.03;0.11;0.07;0.22;0.24;0.28;0.06;0.05;0.05;0.01;0.06;0.00;0.17;0.08;0.00;0.00;0.00;0.05;0.07;0.09;0.04;0.04;0.01;0.00;0.02;0.01;0.09;0.05;0.16;0.02;0.01;0.07;0.02;0.06;0.13;0.02;0.07;0.00;0.00;0.00;0.07;0.03;0.06;0.05;0.08;0.00;0.01;0.21;0.00;0.09;0.02;0.01;0.02;0.04;0.01;0.03;0.02;0.00;0.04;0.03;0.00;0.01;0.00;0.00;0.13;0.00;0.04;0.06;0.12;0.00;0.02;0.00;0.02;0.03;0.06;0.00;0.09;0.02;0.02;0.01;0.01;0.00;0.01;0.00;0.00;0.00;0.00;0.00;0.00;0.00;0.01;0.00;0.00;0.00;0.02;0.10;0.03;0.01;0.00;0.00;0.00;0.00;0.01;0.01;0.05;0.00;0.01;0.01;0.02;0.01;0.01;0.00;0.02;0.01;0.02;0.01;0.02;0.00;0.01;0.02;0.02;0.01;0.02;0.00;0.01;0.00;0.01;0.01;0.02;0.00;0.00;0.02;0.00;0.03;0.00;0.15;0.08;0.00;0.13;0.03;0.00;0.04;0.00;0.03;0.00;0.09;0.02;0.03;0.00;0.00;0.00;0.00;0.00;0.09;0.00;0.00;0.02;0.00;0.00;0.00;0.08;0.00;0.10;0.03;0.04;0.08;0.02;0.00;0.03;0.03;0.06;0.00;0.00;0.00;0.00;0.00;0.00;0.00;0.03;0.03;0.05;0.07;0.05;0.00;0.28;0.05;0.00;0.00;0.00;0.04;0.00;0.03;0.00;0.00;0.01;0.03;0.00;0.02;0.00;0.01;0.01;0.04;0.09;0.05;0.00;0.00;0.00;0.00;0.00;0.00;0.00;0.01;0.01;0.00;0.00;0.00;0.00;0.16;0.00;0.01;0.01;0.00;0.00;0.00;0.00;0.00;0.00;0.00;0.01;0.00;0.00;0.01;0.00;0.02;0.03;0.04;0.01;0.05;0.00;0.02;0.11;0.00;0.31;0.28;0.03;0.38;0.00;0.48;0.00;0.09;0.00;0.00;0.00;0.00;0.00;0.00;0.02;0.00;0.00;0.01;0.03;0.00;0.00;0.00;0.00;0.00;0.02;0.03;0.01;0.01;0.00;0.00;0.04;0.00;0.00;0.01;0.01;0.01;0.00;0.01;0.00;0.01;0.03;0.00;0.00;0.06;0.01;0.03;0.01;0.01;0.00;0.05;0.01;0.00;0.00;0.00;0.02;0.01;0.01;0.00;0.01;0.01;0.01;0.00;0.01;0.01;0.02;0.05;0.00;0.02;0.02;0.01;0.01;0.04;0.01;0.01;0.00;0.19;0.06;0.08;0.04;0.01;0.00;0.00;0.01;0.00;0.04;0.00;0.01;0.01;0.04;0.02;0.07;0.00;0.00;0.00;0.01;0.01;0.00;0.03;0.00;0.00;0.02;0.06;0.03;0.00;0.10;0.00;0.03;0.00;0.09;0.02;0.01;0.23;0.01;0.01;0.13;0.00;0.03;0.04;0.04;0.03;0.03;0.00;0.00;0.02;0.00;0.01;0.03;0.00;0.04;0.04;0.03;0.09;0.31;0.28;0.07;0.12;0.03;0.01;0.01;0.05;0.00;0.08
2020-05-26 00:00;0.00;0.00;0.00;0.00;0.00;0.00;0.00;0.00;0.00;0.00;0.00;0.00;0.00;0.00;0.00;0.00;0.00;0.00;0.00;0.00;0.00;0.00;0.00;0.00;0.00;0.00;0.00;0.00;0.00;0.00;0.00;0.00;0.00;0.00;0.00;0.00;0.00;0.00;0.00;0.00;0.00;0.00;0.00;0.00;0.00;0.00;0.00;0.00;0.00;0.00;0.00;0.00;0.00;0.00;0.00;0.00;0.00;0.00;0.00;0.00;0.00;0.00;0.00;0.00;0.00;0.00;0.00;0.00;0.00;0.00;0.00;0.00;0.00;0.00;0.00;0.00;0.00;0.00;0.00;0.00;0.00;0.00;0.00;0.00;0.00;0.00;0.00;0.00;0.00;0.00;0.00;0.00;0.00;0.00;0.00;0.00;0.00;0.00;0.00;0.00;0.00;0.00;0.00;0.00;0.00;0.00;0.00;0.00;0.00;0.00;0.00;0.00;0.00;0.00;0.00;0.00;0.00;0.00;0.00;0.00;0.00;0.00;0.00;0.00;0.00;0.00;0.00;0.00;0.00;0.00;0.00;0.00;0.00;0.00;0.00;0.00;0.00;0.00;0.00;0.00;0.00;0.00;0.00;0.00;0.00;0.00;0.00;0.00;0.00;0.00;0.00;0.00;0.00;0.00;0.00;0.00;0.00;0.00;0.00;0.00;0.00;0.00;0.00;0.00;0.00;0.00;0.00;0.00;0.00;0.00;0.00;0.00;0.00;0.00;0.00;0.00;0.00;0.00;0.00;0.00;0.00;0.00;0.00;0.00;0.00;0.00;0.00;0.00;0.00;0.00;0.00;0.00;0.00;0.00;0.00;0.00;0.00;0.00;0.00;0.00;0.00;0.00;0.00;0.00;0.00;0.00;0.00;0.00;0.00;0.00;0.00;0.00;0.00;0.00;0.00;0.00;0.00;0.00;0.00;0.00;0.00;0.00;0.00;0.00;0.00;0.00;0.00;0.00;0.00;0.00;0.00;0.00;0.00;0.00;0.00;0.00;0.00;0.00;0.00;0.00;0.00;0.00;0.00;0.00;0.00;0.00;0.00;0.00;0.00;0.00;0.00;0.00;0.00;0.00;0.00;0.00;0.00;0.00;0.00;0.00;0.00;0.00;0.00;0.00;0.00;0.00;0.00;0.00;0.00;0.00;0.00;0.00;0.00;0.00;0.00;0.00;0.00;0.00;0.00;0.00;0.00;0.00;0.00;0.00;0.00;0.00;0.00;0.00;0.00;0.00;0.00;0.00;0.00;0.00;0.00;0.00;0.00;0.00;0.00;0.00;0.00;0.00;0.00;0.00;0.00;0.00;0.00;0.00;0.00;0.00;0.00;0.00;0.00;0.00;0.00;0.00;0.00;0.00;0.00;0.00;0.00;0.00;0.00;0.00;0.00;0.00;0.00;0.00;0.00;0.00;0.00;0.00;0.00;0.00;0.00;0.00;0.00;0.00;0.00;0.00;0.00;0.00;0.00;0.00;0.00;0.00;0.00;0.00;0.00;0.00;0.00;0.00;0.00;0.00;0.00;0.00;0.00;0.00;0.00;0.00;0.00;0.00;0.00;0.00;0.00;0.00;0.00;0.00;0.00;0.00;0.00;0.00;0.00;0.00;0.00;0.00;0.00;0.00;0.00;0.00;0.00;0.00;0.00;0.00;0.00;0.00;0.00;0.00;0.00;0.00;0.00;0.00;0.00;0.00;0.00;0.00;0.00;0.00;0.00;0.00;0.00;0.00;0.00;0.00;0.00;0.00;0.00;0.00;0.00;0.00;0.00;0.00;0.00;0.00;0.00;0.00;0.00;0.00;0.00;0.00;0.00;0.00;0.00;0.00;0.00;0.00;0.00;0.00;0.00;0.00;0.00;0.00;0.00;0.00;0.00;0.00;0.00;0.00;0.00;0.00;0.00;0.00;0.00;0.00;0.00;0.00;0.00;0.00;0.00;0.00;0.00;0.00;0.00;0.00;0.00;0.00;0.00;0.00;0.00;0.00;0.00;0.00;0.00;0.00;0.00;0.00;0.00;0.00;0.00;0.00;0.00;0.00;0.00;0.00;0.00;0.00;0.00;0.00;0.00;0.00;0.00;0.00;0.00;0.00;0.00;0.00;0.00;0.00;0.00;0.00;0.00;0.00;0.00;0.00;0.00
2020-05-27 00:00;0.00;0.00;0.00;0.00;0.00;0.00;0.00;0.00;0.00;0.00;0.00;0.00;0.00;0.00;0.00;0.00;0.00;0.00;0.00;0.00;0.00;0.00;0.00;0.00;0.00;0.00;0.00;0.00;0.00;0.00;0.00;0.00;0.00;0.00;0.00;0.00;0.00;0.00;0.00;0.00;0.00;0.00;0.00;0.00;0.00;0.00;0.00;0.00;0.00;0.00;0.00;0.00;0.00;0.00;0.00;0.00;0.00;0.00;0.00;0.00;0.00;0.00;0.00;0.00;0.00;0.00;0.00;0.00;0.00;0.00;0.00;0.00;0.00;0.00;0.00;0.00;0.00;0.00;0.00;0.00;0.00;0.00;0.00;0.00;0.00;0.00;0.00;0.00;0.00;0.00;0.00;0.00;0.00;0.00;0.00;0.00;0.00;0.00;0.00;0.00;0.00;0.00;0.00;0.00;0.00;0.00;0.00;0.00;0.00;0.00;0.00;0.00;0.00;0.00;0.02;0.03;0.07;0.01;0.01;0.01;0.00;0.01;0.00;0.04;0.02;0.00;0.00;0.00;0.01;0.02;0.02;0.01;0.01;0.00;0.00;0.00;0.00;0.02;0.01;0.04;0.00;0.00;0.02;0.01;0.01;0.03;0.01;0.02;0.00;0.00;0.00;0.02;0.01;0.02;0.01;0.02;0.00;0.00;0.05;0.00;0.02;0.00;0.00;0.00;0.01;0.00;0.01;0.00;0.00;0.01;0.00;0.00;0.00;0.00;0.00;0.05;0.00;0.01;0.01;0.04;0.00;0.00;0.00;0.01;0.01;0.01;0.00;0.02;0.00;0.00;0.00;0.00;0.00;0.00;0.00;0.00;0.00;0.00;0.00;0.00;0.00;0.00;0.00;0.00;0.00;0.00;0.02;0.01;0.00;0.00;0.00;0.00;0.00;0.00;0.00;0.01;0.00;0.00;0.00;0.00;0.00;0.00;0.00;0.00;0.00;0.00;0.00;0.00;0.00;0.00;0.00;0.00;0.00;0.00;0.00;0.00;0.00;0.00;0.00;0.00;0.00;0.00;0.00;0.00;0.00;0.00;0.01;0.01;0.00;0.01;0.00;0.00;0.00;0.00;0.00;0.00;0.00;0.00;0.00;0.00;0.00;0.00;0.00;0.00;0.01;0.00;0.00;0.00;0.00;0.00;0.00;0.01;0.00;0.01;0.00;0.00;0.01;0.00;0.00;0.00;0.00;0.01;0.00;0.00;0.00;0.00;0.00;0.00;0.00;0.00;0.00;0.00;0.01;0.00;0.00;0.04;0.00;0.00;0.00;0.00;0.00;0.00;0.00;0.00;0.00;0.00;0.01;0.00;0.00;0.00;0.00;0.00;0.00;0.01;0.00;0.00;0.00;0.00;0.00;0.00;0.00;0.00;0.00;0.00;0.00;0.00;0.00;0.00;0.04;0.00;0.00;0.00;0.00;0.00;0.00;0.00;0.00;0.00;0.00;0.00;0.00;0.00;0.00;0.00;0.00;0.01;0.01;0.00;0.01;0.00;0.00;0.02;0.00;0.08;0.06;0.01;0.08;0.00;0.10;0.00;0.02;0.00;0.00;0.00;0.00;0.00;0.00;0.00;0.00;0.00;0.00;0.01;0.00;0.00;0.00;0.00;0.00;0.00;0.00;0.00;0.00;0.00;0.00;0.00;0.00;0.00;0.00;0.00;0.00;0.00;0.00;0.00;0.00;0.01;0.00;0.00;0.01;0.00;0.01;0.00;0.00;0.00;0.01;0.00;0.00;0.00;0.00;0.00;0.00;0.00;0.00;0.00;0.00;0.00;0.00;0.00;0.00;0.00;0.00;0.00;0.00;0.00;0.00;0.00;0.01;0.00;0.00;0.00;0.05;0.01;0.02;0.01;0.00;0.00;0.00;0.00;0.00;0.01;0.00;0.00;0.00;0.01;0.01;0.02;0.00;0.00;0.00;0.00;0.00;0.00;0.01;0.00;0.00;0.00;0.01;0.01;0.00;0.00;0.00;0.00;0.00;0.02;0.00;0.00;0.00;0.00;0.00;0.00;0.00;0.00;0.00;0.00;0.00;0.00;0.00;0.00;0.00;0.00;0.00;0.00;0.00;0.00;0.00;0.00;0.00;0.00;0.00;0.00;0.00;0.00;0.00;0.00;0.00;0.00;0.00
2020-05-28 00:00;0.00;0.00;0.00;0.00;0.00;0.00;0.00;0.00;0.00;0.00;0.00;0.00;0.00;0.00;0.00;0.00;0.00;0.00;0.00;0.00;0.00;0.00;0.00;0.00;0.00;0.00;0.00;0.00;0.00;0.00;0.00;0.00;0.00;0.00;0.00;0.00;0.00;0.00;0.00;0.00;0.00;0.00;0.00;0.00;0.00;0.00;0.00;0.00;0.00;0.00;0.00;0.00;0.00;0.00;0.00;0.00;0.00;0.00;0.00;0.00;0.00;0.00;0.00;0.00;0.00;0.00;0.00;0.00;0.00;0.00;0.00;0.00;0.00;0.00;0.00;0.00;0.00;0.00;0.00;0.00;0.00;0.00;0.00;0.00;0.00;0.00;0.00;0.00;0.00;0.00;0.00;0.00;0.00;0.00;0.00;0.00;0.00;0.00;0.00;0.00;0.00;0.00;0.00;0.00;0.00;0.00;0.00;0.00;0.00;0.00;0.00;0.00;0.00;0.00;0.00;0.00;0.00;0.00;0.00;0.00;0.00;0.00;0.00;0.00;0.00;0.00;0.00;0.00;0.00;0.00;0.00;0.00;0.00;0.00;0.00;0.00;0.00;0.00;0.00;0.00;0.00;0.00;0.00;0.00;0.00;0.00;0.00;0.00;0.00;0.00;0.00;0.00;0.00;0.00;0.00;0.00;0.00;0.00;0.00;0.00;0.00;0.00;0.00;0.00;0.00;0.00;0.00;0.00;0.00;0.00;0.00;0.00;0.00;0.00;0.00;0.00;0.00;0.00;0.00;0.00;0.00;0.00;0.00;0.00;0.00;0.00;0.00;0.00;0.00;0.00;0.00;0.00;0.00;0.00;0.00;0.00;0.00;0.00;0.00;0.00;0.00;0.00;0.00;0.00;0.00;0.00;0.00;0.00;0.00;0.00;0.00;0.00;0.00;0.00;0.00;0.00;0.00;0.00;0.00;0.00;0.00;0.00;0.00;0.00;0.00;0.00;0.00;0.00;0.00;0.00;0.00;0.00;0.00;0.00;0.00;0.00;0.00;0.00;0.00;0.00;0.00;0.00;0.00;0.00;0.00;0.00;0.00;0.00;0.00;0.00;0.00;0.00;0.00;0.00;0.00;0.00;0.00;0.00;0.00;0.00;0.00;0.00;0.00;0.00;0.00;0.00;0.00;0.00;0.00;0.00;0.00;0.00;0.00;0.00;0.00;0.00;0.00;0.00;0.00;0.00;0.00;0.00;0.00;0.00;0.00;0.00;0.00;0.00;0.00;0.00;0.00;0.00;0.00;0.00;0.00;0.00;0.00;0.00;0.00;0.00;0.00;0.00;0.00;0.00;0.00;0.00;0.00;0.00;0.00;0.00;0.00;0.00;0.00;0.00;0.00;0.00;0.00;0.00;0.00;0.00;0.00;0.00;0.00;0.00;0.00;0.00;0.00;0.00;0.00;0.00;0.00;0.00;0.00;0.00;0.00;0.00;0.00;0.00;0.00;0.00;0.00;0.00;0.00;0.00;0.00;0.00;0.00;0.00;0.00;0.00;0.00;0.00;0.00;0.00;0.00;0.00;0.00;0.00;0.00;0.00;0.00;0.00;0.00;0.00;0.00;0.00;0.00;0.00;0.00;0.00;0.00;0.00;0.00;0.00;0.00;0.00;0.00;0.00;0.00;0.00;0.00;0.00;0.00;0.00;0.00;0.00;0.00;0.00;0.00;0.00;0.00;0.00;0.00;0.00;0.00;0.00;0.00;0.00;0.00;0.00;0.00;0.00;0.00;0.00;0.00;0.00;0.00;0.00;0.00;0.00;0.00;0.00;0.00;0.00;0.00;0.00;0.00;0.00;0.00;0.00;0.00;0.00;0.00;0.00;0.00;0.00;0.00;0.00;0.00;0.00;0.00;0.00;0.00;0.00;0.00;0.00;0.00;0.00;0.00;0.00;0.00;0.00;0.00;0.00;0.00;0.00;0.00;0.00;0.00;0.00;0.00;0.00;0.00;0.00;0.00;0.00;0.00;0.00;0.00;0.00;0.00;0.00;0.00;0.00;0.00;0.00;0.00;0.00;0.00;0.00;0.00;0.00;0.00;0.00;0.00;0.00;0.00;0.00;0.00;0.00;0.00;0.00;0.00;0.00;0.00;0.00;0.00;0.00;0.00;0.00;0.00;0.00;0.00;0.00;0.00
2020-05-29 00:00;0.16;0.25;0.00;0.08;0.18;0.16;0.01;0.07;0.07;0.04;0.01;0.35;0.22;0.20;0.01;0.10;0.29;0.07;0.05;0.01;0.00;0.10;0.10;0.00;0.00;0.03;0.10;0.22;0.01;0.01;0.00;0.03;0.03;0.00;0.01;0.00;0.00;0.09;0.07;0.01;0.01;0.00;0.20;0.08;0.33;0.07;0.10;0.07;0.01;0.30;0.14;0.50;0.20;0.02;0.02;0.00;0.00;0.01;0.00;0.23;0.18;0.00;0.46;0.01;0.45;0.15;0.45;0.42;0.50;0.03;0.35;0.42;0.50;0.11;0.01;0.06;0.20;0.00;0.00;0.00;0.20;0.00;0.00;0.01;0.00;0.25;0.05;0.16;0.00;0.24;0.00;0.09;0.04;0.04;0.00;0.06;0.05;0.00;0.00;0.01;0.01;0.01;0.02;0.07;0.07;0.02;0.03;0.04;0.06;0.09;0.11;0.05;0.19;0.12;0.38;0.41;0.49;0.09;0.08;0.07;0.01;0.08;0.00;0.29;0.13;0.00;0.01;0.00;0.09;0.12;0.14;0.05;0.07;0.00;0.00;0.03;0.02;0.15;0.08;0.27;0.03;0.01;0.12;0.04;0.09;0.22;0.04;0.11;0.01;0.01;0.00;0.11;0.06;0.11;0.07;0.13;0.01;0.02;0.37;0.00;0.14;0.03;0.02;0.02;0.06;0.03;0.07;0.03;0.01;0.10;0.05;0.00;0.02;0.00;0.00;0.22;0.00;0.02;0.09;0.23;0.01;0.07;0.00;0.08;0.09;0.20;0.00;0.32;0.05;0.04;0.02;0.04;0.02;0.02;0.00;0.00;0.01;0.02;0.00;0.00;0.00;0.03;0.02;0.00;0.00;0.07;0.43;0.12;0.05;0.00;0.00;0.00;0.00;0.03;0.03;0.18;0.02;0.06;0.02;0.07;0.05;0.05;0.00;0.08;0.04;0.05;0.04;0.08;0.00;0.04;0.09;0.09;0.03;0.07;0.00;0.03;0.00;0.04;0.01;0.08;0.00;0.01;0.04;0.01;0.09;0.00;0.32;0.18;0.00;0.28;0.06;0.01;0.07;0.00;0.06;0.00;0.10;0.04;0.06;0.00;0.00;0.00;0.00;0.00;0.16;0.00;0.00;0.02;0.00;0.01;0.00;0.17;0.00;0.20;0.05;0.08;0.15;0.05;0.00;0.05;0.06;0.12;0.00;0.00;0.00;0.00;0.00;0.00;0.00;0.03;0.05;0.06;0.13;0.09;0.00;0.25;0.11;0.00;0.00;0.00;0.08;0.00;0.06;0.00;0.00;0.03;0.12;0.00;0.07;0.00;0.07;0.03;0.09;0.22;0.11;0.00;0.00;0.00;0.00;0.00;0.00;0.00;0.04;0.04;0.00;0.00;0.00;0.00;0.42;0.00;0.06;0.04;0.00;0.00;0.00;0.00;0.00;0.00;0.00;0.04;0.00;0.00;0.02;0.02;0.08;0.12;0.16;0.06;0.23;0.01;0.11;0.50;0.00;1.15;1.22;0.13;1.66;0.00;2.11;0.02;0.42;0.00;0.00;0.00;0.00;0.00;0.02;0.05;0.00;0.00;0.05;0.12;0.00;0.01;0.00;0.00;0.00;0.09;0.11;0.06;0.04;0.01;0.00;0.07;0.00;0.00;0.03;0.04;0.03;0.00;0.04;0.00;0.03;0.14;0.00;0.00;0.24;0.03;0.11;0.04;0.03;0.00;0.22;0.05;0.00;0.00;0.00;0.08;0.02;0.05;0.00;0.03;0.01;0.04;0.01;0.02;0.03;0.06;0.04;0.00;0.05;0.03;0.03;0.03;0.01;0.01;0.01;0.00;0.33;0.10;0.13;0.07;0.04;0.00;0.00;0.00;0.00;0.07;0.01;0.02;0.01;0.07;0.04;0.11;0.00;0.01;0.00;0.02;0.02;0.00;0.04;0.00;0.00;0.02;0.10;0.05;0.01;0.16;0.00;0.04;0.01;0.15;0.02;0.00;0.37;0.02;0.01;0.22;0.00;0.05;0.06;0.07;0.05;0.04;0.00;0.01;0.04;0.00;0.01;0.05;0.01;0.07;0.04;0.05;0.16;0.01;0.47;0.11;0.20;0.04;0.02;0.02;0.08;0.00;0.12
2020-05-30 00:00;1.19;0.76;0.00;0.52;1.33;1.20;0.08;0.26;0.50;0.27;0.13;0.96;0.72;1.50;0.05;0.75;0.61;0.18;0.13;0.01;0.00;0.25;0.25;0.00;0.01;0.18;0.25;0.53;0.01;0.03;0.00;0.08;0.07;0.01;0.02;0.00;0.00;0.20;0.18;0.02;0.02;0.00;0.48;0.18;0.80;0.16;0.24;0.17;0.02;0.72;0.33;1.20;0.48;0.06;0.05;0.00;0.00;0.03;0.00;0.55;0.44;0.00;1.10;0.02;1.09;0.36;1.08;1.02;1.20;0.08;0.85;1.01;1.20;0.27;0.03;0.13;0.49;0.00;0.01;0.00;0.49;0.00;0.01;0.02;0.00;0.60;0.13;0.38;0.00;0.57;0.00;0.21;0.10;0.10;0.00;0.15;0.11;0.00;0.01;0.01;0.02;0.03;0.05;0.17;0.16;0.04;0.06;0.06;0.15;0.22;0.26;0.12;0.45;0.28;0.77;0.73;0.63;0.12;0.11;0.09;0.01;0.11;0.00;0.37;0.16;0.01;0.01;0.00;0.12;0.15;0.18;0.07;0.09;0.00;0.00;0.04;0.02;0.19;0.10;0.34;0.04;0.01;0.15;0.05;0.12;0.29;0.05;0.14;0.01;0.01;0.00;0.14;0.07;0.14;0.09;0.17;0.01;0.03;0.47;0.00;0.18;0.03;0.02;0.02;0.07;0.03;0.08;0.03;0.01;0.17;0.06;0.00;0.06;0.00;0.00;0.23;0.00;0.06;0.10;0.25;0.01;0.09;0.00;0.12;0.11;0.24;0.00;0.38;0.09;0.15;0.05;0.04;0.02;0.03;0.00;0.00;0.02;0.02;0.00;0.00;0.00;0.03;0.04;0.00;0.00;0.12;0.71;0.17;0.08;0.00;0.00;0.00;0.00;0.06;0.05;0.25;0.07;0.09;0.02;0.03;0.07;0.09;0.00;0.13;0.06;0.11;0.09;0.12;0.00;0.07;0.17;0.20;0.05;0.45;0.00;0.04;0.00;0.05;0.01;0.13;0.00;0.01;0.02;0.03;0.21;0.00;0.61;0.30;0.00;0.55;0.24;0.02;0.15;0.00;0.13;0.00;0.02;0.10;0.13;0.00;0.00;0.00;0.00;0.00;0.34;0.00;0.00;0.02;0.00;0.00;0.00;0.34;0.00;0.30;0.25;0.22;0.35;0.11;0.00;0.11;0.16;0.26;0.00;0.00;0.00;0.00;0.00;0.00;0.00;0.01;0.02;0.02;0.29;0.20;0.00;0.32;0.19;0.00;0.00;0.00;0.21;0.00;0.05;0.00;0.04;0.00;0.19;0.00;0.14;0.00;0.19;0.06;0.18;0.37;0.19;0.14;0.00;0.00;0.00;0.00;0.00;0.00;0.06;0.09;0.00;0.00;0.00;0.00;0.67;0.00;0.55;0.06;0.00;0.00;0.00;0.00;0.00;0.00;0.00;0.06;0.00;0.00;0.04;0.03;0.13;0.21;0.26;0.10;0.38;0.16;0.28;0.80;0.00;1.79;1.94;0.25;2.72;0.24;3.36;0.03;0.66;0.00;0.00;0.00;0.00;0.00;0.40;0.00;0.00;0.00;0.07;0.20;0.00;0.06;0.00;0.30;0.00;0.14;0.05;0.09;0.06;0.38;0.00;0.01;0.00;0.00;0.47;0.06;0.04;0.00;0.07;0.00;0.01;0.22;0.00;0.00;0.37;0.05;0.18;0.04;0.04;0.00;0.30;0.09;0.13;0.00;0.00;0.34;0.04;0.10;0.00;0.04;0.03;0.05;0.07;0.05;0.03;0.09;0.16;0.00;0.06;0.08;0.04;0.03;0.09;0.01;0.01;0.00;0.42;0.13;0.17;0.09;0.04;0.00;0.00;0.00;0.00;0.07;0.01;0.03;0.01;0.09;0.06;0.14;0.01;0.01;0.00;0.03;0.02;0.00;0.06;0.00;0.00;0.03;0.13;0.06;0.02;0.38;0.00;0.08;0.02;0.24;0.06;0.00;0.90;0.04;0.02;0.52;0.00;0.11;0.16;0.17;0.09;0.05;0.00;0.01;0.09;0.00;0.03;0.17;0.01;0.17;0.06;0.13;0.38;0.47;1.13;0.27;0.53;0.08;0.04;0.06;0.19;0.00;0.30
2020-05-31 00:00;5.43;2.53;1.72;2.36;5.69;5.12;0.64;1.42;2.13;1.16;0.37;5.53;3.56;6.40;0.21;3.20;3.01;1.34;0.68;0.08;0.00;1.53;1.82;0.00;0.04;0.42;1.71;3.79;0.07;0.18;0.00;0.43;0.44;0.06;0.10;0.00;5.27;1.13;1.86;0.09;0.10;0.00;2.64;1.70;4.31;1.89;1.30;0.93;0.12;3.90;2.38;6.50;2.60;0.30;0.26;0.00;0.00;0.16;0.00;3.12;2.87;0.00;5.93;0.12;5.89;2.51;5.86;6.07;6.50;0.37;4.58;5.90;6.50;1.44;0.17;0.72;3.34;0.00;0.04;0.00;2.66;1.10;0.05;0.12;0.00;5.88;0.68;2.37;0.00;4.02;0.00;1.92;0.54;0.72;0.00;1.66;0.61;0.60;0.07;0.12;0.14;0.16;0.92;0.94;1.30;0.24;0.34;0.37;0.82;1.81;1.39;1.11;2.43;1.99;4.28;4.59;3.83;1.15;0.65;0.95;0.06;0.66;0.00;2.26;1.57;0.03;0.05;0.00;0.71;1.55;1.10;0.56;0.55;1.17;0.00;0.22;0.14;1.17;0.87;2.11;0.51;0.08;0.94;0.33;0.70;2.11;0.31;1.03;0.04;0.04;0.00;0.85;0.55;0.85;0.91;1.01;0.06;0.18;2.89;0.97;1.13;0.20;0.14;0.15;0.61;0.19;0.36;0.12;0.03;0.55;0.26;0.00;0.15;0.00;0.00;0.41;0.00;0.15;0.60;0.49;0.02;0.28;0.00;0.35;0.40;0.86;0.15;1.33;0.24;0.25;0.11;0.21;0.07;0.10;0.00;0.00;0.05;0.14;0.02;0.15;0.00;0.11;0.07;0.09;0.07;0.32;1.39;0.50;0.28;0.00;0.00;0.00;0.00;0.12;0.11;0.72;0.06;0.17;0.07;0.21;0.33;0.19;0.00;0.23;0.11;0.15;0.10;0.21;0.00;0.10;0.21;0.23;0.07;0.44;0.00;0.11;0.00;0.14;0.08;0.22;0.00;0.02;0.23;0.03;0.22;0.00;0.65;0.35;0.00;0.56;0.11;0.03;0.14;0.00;0.15;0.00;0.41;0.09;0.12;0.00;0.00;0.00;0.00;0.00;0.36;0.00;0.00;0.11;0.00;0.03;0.00;0.34;0.00;0.29;0.19;0.17;0.32;0.09;0.00;0.12;0.12;0.23;0.00;0.00;0.00;0.00;0.00;0.00;0.00;0.17;0.22;0.33;0.26;0.18;0.00;0.41;0.22;0.00;0.00;0.00;0.17;0.00;0.20;0.00;0.01;0.17;0.32;0.00;0.17;0.01;0.16;0.06;0.21;0.43;0.22;0.00;0.00;0.00;0.11;0.00;0.00;0.00;0.11;0.10;0.01;0.00;0.03;0.00;1.03;0.00;0.62;0.09;0.00;0.00;0.00;0.00;0.00;0.00;0.00;0.12;0.00;0.10;0.09;0.05;0.20;0.32;0.55;0.17;0.58;0.02;0.35;1.26;0.00;2.88;3.27;3.57;4.18;0.01;5.21;0.04;1.03;0.48;0.00;0.00;0.00;0.00;0.18;0.38;0.00;0.00;0.13;0.30;0.00;2.98;0.00;0.00;0.00;0.22;0.27;0.14;0.09;3.57;0.00;0.35;0.00;0.00;0.07;0.11;0.08;0.03;0.10;0.00;0.17;0.34;0.03;0.00;0.57;0.09;0.27;0.12;0.11;0.00;0.71;0.15;0.01;0.00;0.00;0.43;0.10;0.19;0.00;0.11;0.06;0.17;0.04;0.09;0.12;0.26;0.28;0.00;0.21;0.13;0.12;0.15;0.11;0.07;0.09;0.00;2.56;0.77;1.04;0.56;0.20;0.00;0.00;0.00;0.00;0.44;0.05;0.18;0.08;0.55;0.34;0.88;0.04;0.07;0.00;0.16;0.12;0.00;0.34;0.01;0.03;0.19;0.78;0.36;0.10;2.10;0.00;0.46;0.10;1.39;0.32;0.00;4.85;0.22;0.09;2.83;0.00;0.61;0.84;0.93;0.57;0.28;0.02;0.07;0.51;0.00;0.17;0.58;0.06;0.92;0.70;0.71;2.05;0.63;6.12;1.46;2.64;0.55;0.22;0.32;1.02;0.00;1.62
2020-06-01 00:00;0.16;0.25;0.00;0.17;0.18;0.16;0.01;0.05;0.07;0.04;0.04;0.22;0.17;0.20;0.01;0.10;0.19;0.05;0.03;0.00;0.00;0.06;0.06;0.00;0.00;0.18;0.06;0.13;0.00;0.01;0.00;0.02;0.02;0.00;0.00;0.00;0.00;0.05;0.04;0.00;0.00;0.00;0.12;0.05;0.20;0.04;0.06;0.04;0.00;0.18;0.08;0.30;0.12;0.01;0.01;0.00;0.00;0.01;0.00;0.14;0.11;0.00;0.27;0.01;0.27;0.09;0.27;0.25;0.30;0.03;0.21;0.25;0.30;0.07;0.01;0.03;0.12;0.00;0.00;0.00;0.12;0.00;0.00;0.01;0.00;0.15;0.03;0.10;0.00;0.14;0.00;0.05;0.02;0.03;0.00;0.04;0.03;0.00;0.00;0.01;0.01;0.01;0.01;0.04;0.04;0.01;0.02;0.02;0.04;0.05;0.06;0.03;0.11;0.07;0.21;0.21;0.21;0.04;0.04;0.03;0.00;0.04;0.00;0.12;0.05;0.00;0.00;0.00;0.04;0.05;0.06;0.02;0.03;0.00;0.00;0.01;0.01;0.06;0.03;0.12;0.01;0.00;0.05;0.02;0.04;0.10;0.02;0.05;0.00;0.00;0.00;0.05;0.02;0.05;0.03;0.06;0.00;0.01;0.16;0.00;0.06;0.01;0.01;0.01;0.03;0.01;0.02;0.01;0.00;0.07;0.01;0.00;0.02;0.00;0.00;0.07;0.00;0.02;0.06;0.08;0.00;0.03;0.00;0.04;0.03;0.06;0.00;0.09;0.02;0.06;0.01;0.01;0.01;0.01;0.00;0.00;0.01;0.01;0.00;0.00;0.00;0.01;0.01;0.00;0.00;0.03;0.15;0.02;0.01;0.00;0.00;0.00;0.00;0.01;0.01;0.04;0.01;0.01;0.00;0.02;0.01;0.01;0.00;0.02;0.01;0.01;0.01;0.01;0.00;0.01;0.02;0.03;0.01;0.09;0.00;0.00;0.00;0.01;0.00;0.02;0.00;0.00;0.00;0.00;0.03;0.00;0.07;0.04;0.00;0.07;0.03;0.00;0.02;0.00;0.02;0.00;0.05;0.01;0.02;0.00;0.00;0.00;0.00;0.00;0.05;0.00;0.00;0.00;0.00;0.00;0.00;0.05;0.00;0.07;0.03;0.03;0.05;0.01;0.00;0.01;0.02;0.04;0.00;0.00;0.00;0.00;0.00;0.00;0.00;0.00;0.00;0.00;0.04;0.03;0.00;0.13;0.02;0.00;0.00;0.00;0.03;0.00;0.01;0.00;0.00;0.00;0.02;0.00;0.02;0.00;0.03;0.01;0.02;0.04;0.02;0.02;0.00;0.00;0.00;0.00;0.00;0.00;0.01;0.01;0.00;0.00;0.00;0.00;0.14;0.00;0.25;0.01;0.00;0.00;0.00;0.00;0.00;0.00;0.00;0.01;0.00;0.00;0.00;0.00;0.01;0.03;0.03;0.01;0.05;0.02;0.04;0.09;0.00;0.26;0.22;0.07;0.39;0.04;0.38;0.00;0.08;0.00;0.00;0.00;0.00;0.00;0.07;0.00;0.00;0.00;0.01;0.02;0.00;0.12;0.00;0.05;0.00;0.02;0.04;0.01;0.01;0.01;0.00;0.00;0.00;0.00;0.10;0.01;0.00;0.00;0.01;0.00;0.00;0.03;0.00;0.00;0.05;0.01;0.02;0.01;0.01;0.00;0.08;0.03;0.04;0.00;0.00;0.16;0.01;0.03;0.00;0.01;0.01;0.01;0.02;0.01;0.01;0.03;0.07;0.00;0.02;0.03;0.01;0.01;0.03;0.00;0.00;0.00;0.14;0.04;0.06;0.03;0.01;0.00;0.00;0.00;0.00;0.03;0.00;0.01;0.00;0.03;0.02;0.05;0.00;0.00;0.00;0.01;0.01;0.00;0.02;0.00;0.00;0.01;0.04;0.02;0.00;0.10;0.00;0.02;0.00;0.07;0.01;0.00;0.22;0.01;0.00;0.13;0.00;0.03;0.04;0.04;0.03;0.02;0.00;0.00;0.02;0.00;0.01;0.18;0.00;0.04;0.11;0.03;0.09;0.69;0.28;0.07;0.19;0.05;0.01;0.01;0.05;0.00;0.08
2020-06-02 00:00;0.00;0.00;0.00;0.00;0.00;0.00;0.00;0.00;0.00;0.00;0.00;0.00;0.00;0.00;0.00;0.00;0.00;0.00;0.00;0.00;0.00;0.00;0.00;0.00;0.00;0.00;0.00;0.00;0.00;0.00;0.00;0.00;0.00;0.00;0.00;0.00;0.00;0.00;0.00;0.00;0.00;0.00;0.00;0.00;0.00;0.00;0.00;0.00;0.00;0.00;0.00;0.00;0.00;0.00;0.00;0.00;0.00;0.00;0.00;0.00;0.00;0.00;0.00;0.00;0.00;0.00;0.00;0.00;0.00;0.00;0.00;0.00;0.00;0.00;0.00;0.00;0.00;0.00;0.00;0.00;0.00;0.00;0.00;0.00;0.00;0.00;0.00;0.00;0.00;0.00;0.00;0.00;0.00;0.00;0.00;0.00;0.00;0.00;0.00;0.00;0.00;0.00;0.00;0.00;0.00;0.00;0.00;0.00;0.00;0.00;0.00;0.00;0.00;0.00;0.00;0.00;0.00;0.00;0.00;0.00;0.00;0.00;0.00;0.00;0.00;0.00;0.00;0.00;0.00;0.00;0.00;0.00;0.00;0.00;0.00;0.00;0.00;0.00;0.00;0.00;0.00;0.00;0.00;0.00;0.00;0.00;0.00;0.00;0.00;0.00;0.00;0.00;0.00;0.00;0.00;0.00;0.00;0.00;0.00;0.00;0.00;0.00;0.00;0.00;0.00;0.00;0.00;0.00;0.00;0.01;0.00;0.00;0.00;0.00;0.00;0.04;0.00;0.00;0.01;0.04;0.00;0.00;0.00;0.00;0.00;0.00;0.00;0.00;0.00;0.00;0.00;0.00;0.00;0.00;0.00;0.00;0.00;0.00;0.00;0.00;0.00;0.00;0.00;0.00;0.00;0.00;0.03;0.01;0.00;0.00;0.00;0.00;0.00;0.00;0.00;0.01;0.00;0.00;0.00;0.00;0.00;0.00;0.00;0.00;0.00;0.00;0.00;0.00;0.00;0.00;0.00;0.00;0.00;0.00;0.00;0.00;0.00;0.00;0.00;0.01;0.00;0.00;0.00;0.00;0.01;0.00;0.02;0.01;0.00;0.02;0.00;0.00;0.01;0.00;0.01;0.00;0.00;0.00;0.00;0.00;0.00;0.00;0.00;0.00;0.01;0.00;0.00;0.00;0.00;0.00;0.00;0.01;0.00;0.02;0.00;0.01;0.01;0.00;0.00;0.00;0.00;0.01;0.00;0.00;0.00;0.00;0.00;0.00;0.00;0.00;0.00;0.01;0.01;0.01;0.00;0.02;0.00;0.00;0.00;0.00;0.00;0.00;0.00;0.00;0.00;0.00;0.01;0.00;0.00;0.00;0.00;0.00;0.00;0.01;0.00;0.00;0.00;0.00;0.00;0.00;0.00;0.00;0.00;0.00;0.00;0.00;0.00;0.00;0.04;0.00;0.01;0.00;0.00;0.00;0.00;0.00;0.00;0.00;0.00;0.00;0.00;0.00;0.00;0.00;0.00;0.01;0.01;0.00;0.01;0.00;0.00;0.02;0.00;0.08;0.06;0.01;0.12;0.00;0.10;0.00;0.02;0.00;0.00;0.00;0.00;0.00;0.00;0.00;0.00;0.00;0.00;0.01;0.00;0.00;0.00;0.00;0.00;0.00;0.00;0.00;0.00;0.00;0.00;0.00;0.00;0.00;0.00;0.00;0.00;0.00;0.00;0.00;0.00;0.01;0.00;0.00;0.01;0.00;0.01;0.00;0.00;0.00;0.00;0.00;0.00;0.00;0.00;0.00;0.00;0.00;0.00;0.00;0.00;0.00;0.00;0.00;0.00;0.00;0.00;0.00;0.00;0.00;0.00;0.00;0.00;0.00;0.00;0.00;0.00;0.00;0.00;0.00;0.00;0.00;0.00;0.00;0.00;0.00;0.00;0.00;0.00;0.00;0.00;0.00;0.00;0.00;0.00;0.00;0.00;0.00;0.00;0.00;0.00;0.00;0.00;0.00;0.00;0.00;0.00;0.00;0.00;0.00;0.00;0.00;0.00;0.00;0.00;0.00;0.00;0.00;0.00;0.00;0.00;0.00;0.00;0.00;0.00;0.00;0.00;0.00;0.00;0.00;0.00;0.00;0.00;0.00;0.00;0.00;0.00;0.00;0.00;0.00;0.00;0.00;0.00
2020-06-03 00:00;0.00;0.01;0.00;0.00;0.00;0.00;0.00;0.01;0.00;0.00;0.00;0.07;0.04;0.00;0.00;0.00;0.07;0.01;0.01;0.00;0.00;0.02;0.02;0.00;0.00;0.01;0.02;0.04;0.00;0.00;0.00;0.01;0.01;0.00;0.00;0.00;0.00;0.02;0.01;0.00;0.00;0.00;0.04;0.02;0.07;0.01;0.02;0.01;0.00;0.06;0.03;0.10;0.04;0.00;0.00;0.00;0.00;0.00;0.00;0.05;0.04;0.00;0.09;0.00;0.09;0.03;0.09;0.08;0.10;0.01;0.07;0.08;0.10;0.02;0.00;0.01;0.04;0.00;0.00;0.00;0.04;0.00;0.00;0.00;0.00;0.05;0.01;0.03;0.00;0.05;0.00;0.02;0.01;0.01;0.00;0.01;0.01;0.00;0.00;0.00;0.00;0.00;0.00;0.01;0.01;0.00;0.01;0.01;0.01;0.02;0.02;0.01;0.04;0.02;0.07;0.07;0.07;0.01;0.01;0.01;0.00;0.01;0.00;0.04;0.02;0.00;0.00;0.00;0.01;0.02;0.02;0.01;0.01;0.00;0.00;0.00;0.00;0.02;0.01;0.04;0.00;0.00;0.02;0.01;0.01;0.03;0.01;0.02;0.00;0.00;0.00;0.02;0.01;0.02;0.01;0.02;0.00;0.00;0.05;0.00;0.02;0.00;0.00;0.00;0.01;0.00;0.01;0.00;0.00;0.01;0.00;0.00;0.01;0.00;0.00;0.03;0.00;0.00;0.01;0.04;0.00;0.01;0.00;0.01;0.01;0.01;0.00;0.02;0.00;0.00;0.00;0.00;0.00;0.00;0.00;0.00;0.00;0.00;0.00;0.00;0.00;0.00;0.00;0.00;0.00;0.01;0.06;0.02;0.01;0.00;0.00;0.00;0.00;0.01;0.01;0.03;0.01;0.01;0.00;0.01;0.01;0.01;0.00;0.01;0.00;0.01;0.00;0.01;0.00;0.00;0.01;0.01;0.00;0.04;0.00;0.00;0.00;0.00;0.00;0.01;0.00;0.00;0.00;0.00;0.02;0.00;0.02;0.01;0.00;0.02;0.01;0.00;0.01;0.00;0.00;0.00;0.01;0.00;0.00;0.00;0.00;0.00;0.00;0.00;0.01;0.00;0.00;0.00;0.00;0.00;0.00;0.01;0.00;0.02;0.01;0.01;0.01;0.00;0.00;0.00;0.01;0.01;0.00;0.00;0.00;0.00;0.00;0.00;0.00;0.00;0.00;0.00;0.01;0.01;0.00;0.00;0.00;0.00;0.00;0.00;0.00;0.00;0.00;0.00;0.00;0.00;0.01;0.00;0.01;0.00;0.01;0.00;0.00;0.01;0.00;0.00;0.00;0.00;0.00;0.00;0.00;0.00;0.00;0.00;0.00;0.00;0.00;0.00;0.06;0.00;0.01;0.00;0.00;0.00;0.00;0.00;0.00;0.00;0.00;0.00;0.00;0.00;0.00;0.00;0.01;0.01;0.01;0.01;0.02;0.01;0.02;0.05;0.00;0.16;0.13;0.01;0.21;0.01;0.19;0.00;0.04;0.00;0.00;0.00;0.00;0.00;0.02;0.00;0.00;0.00;0.00;0.01;0.00;0.00;0.00;0.01;0.00;0.01;0.01;0.01;0.00;0.00;0.00;0.00;0.00;0.00;0.02;0.00;0.00;0.00;0.00;0.00;0.00;0.01;0.00;0.00;0.02;0.00;0.01;0.00;0.00;0.00;0.01;0.00;0.00;0.00;0.00;0.01;0.00;0.01;0.00;0.00;0.00;0.00;0.00;0.00;0.00;0.01;0.00;0.00;0.00;0.00;0.00;0.00;0.00;0.00;0.00;0.00;0.05;0.01;0.02;0.01;0.00;0.00;0.00;0.00;0.00;0.01;0.00;0.00;0.00;0.01;0.01;0.02;0.00;0.00;0.00;0.00;0.00;0.00;0.01;0.00;0.00;0.00;0.01;0.01;0.00;0.03;0.00;0.01;0.00;0.02;0.00;0.00;0.07;0.00;0.00;0.04;0.00;0.01;0.01;0.01;0.01;0.00;0.00;0.00;0.01;0.00;0.00;0.02;0.00;0.01;0.01;0.01;0.03;0.27;0.09;0.02;0.04;0.01;0.00;0.00;0.02;0.00;0.02
2020-06-04 00:00;0.00;0.00;0.00;0.00;0.00;0.00;0.00;0.00;0.00;0.00;0.00;0.00;0.00;0.00;0.00;0.00;0.00;0.00;0.00;0.00;0.00;0.00;0.00;0.00;0.00;0.00;0.00;0.00;0.00;0.00;0.00;0.00;0.00;0.00;0.00;0.00;0.00;0.00;0.00;0.00;0.00;0.00;0.00;0.00;0.00;0.00;0.00;0.00;0.00;0.00;0.00;0.00;0.00;0.00;0.00;0.00;0.00;0.00;0.00;0.00;0.00;0.00;0.00;0.00;0.00;0.00;0.00;0.00;0.00;0.00;0.00;0.00;0.00;0.00;0.00;0.00;0.00;0.00;0.00;0.00;0.00;0.00;0.00;0.00;0.00;0.00;0.00;0.00;0.00;0.00;0.00;0.00;0.00;0.00;0.00;0.00;0.00;0.00;0.00;0.00;0.00;0.00;0.00;0.00;0.00;0.00;0.00;0.00;0.00;0.00;0.00;0.00;0.00;0.00;0.00;0.00;0.00;0.00;0.00;0.00;0.00;0.00;0.00;0.00;0.00;0.00;0.00;0.00;0.00;0.00;0.00;0.00;0.00;0.00;0.00;0.00;0.00;0.00;0.00;0.00;0.00;0.00;0.00;0.00;0.00;0.00;0.00;0.00;0.00;0.00;0.00;0.00;0.00;0.00;0.00;0.00;0.00;0.00;0.00;0.00;0.00;0.00;0.00;0.00;0.00;0.00;0.00;0.00;0.00;0.00;0.00;0.00;0.00;0.00;0.00;0.00;0.00;0.00;0.00;0.00;0.00;0.00;0.00;0.00;0.00;0.00;0.00;0.00;0.00;0.00;0.00;0.00;0.00;0.00;0.00;0.00;0.00;0.00;0.00;0.00;0.00;0.00;0.00;0.00;0.00;0.00;0.01;0.01;0.00;0.00;0.00;0.00;0.00;0.00;0.00;0.01;0.00;0.00;0.00;0.00;0.00;0.00;0.00;0.00;0.00;0.00;0.00;0.00;0.00;0.00;0.00;0.00;0.00;0.00;0.00;0.00;0.00;0.00;0.00;0.01;0.00;0.00;0.00;0.00;0.01;0.00;0.02;0.01;0.00;0.02;0.00;0.00;0.01;0.00;0.01;0.00;0.00;0.00;0.00;0.00;0.00;0.00;0.00;0.00;0.01;0.00;0.00;0.00;0.00;0.00;0.00;0.01;0.00;0.02;0.00;0.01;0.01;0.00;0.00;0.00;0.00;0.01;0.00;0.00;0.00;0.00;0.00;0.00;0.00;0.00;0.00;0.00;0.01;0.01;0.00;0.01;0.00;0.00;0.00;0.00;0.00;0.00;0.00;0.00;0.00;0.00;0.01;0.00;0.00;0.00;0.00;0.00;0.00;0.01;0.00;0.00;0.00;0.00;0.00;0.00;0.00;0.00;0.00;0.00;0.00;0.00;0.00;0.00;0.02;0.00;0.02;0.00;0.00;0.00;0.00;0.00;0.00;0.00;0.00;0.00;0.00;0.00;0.00;0.00;0.00;0.01;0.01;0.00;0.01;0.00;0.00;0.02;0.00;0.08;0.06;0.01;0.11;0.00;0.10;0.00;0.02;0.00;0.00;0.00;0.00;0.00;0.00;0.00;0.00;0.00;0.00;0.01;0.00;0.00;0.00;0.00;0.00;0.00;0.00;0.00;0.00;0.00;0.00;0.00;0.00;0.00;0.00;0.00;0.00;0.00;0.00;0.00;0.00;0.01;0.00;0.00;0.01;0.00;0.01;0.00;0.00;0.00;0.00;0.00;0.00;0.00;0.00;0.00;0.00;0.00;0.00;0.00;0.00;0.00;0.00;0.00;0.00;0.00;0.00;0.00;0.00;0.00;0.00;0.00;0.00;0.00;0.00;0.00;0.00;0.00;0.00;0.00;0.00;0.00;0.00;0.00;0.00;0.00;0.00;0.00;0.00;0.00;0.00;0.00;0.00;0.00;0.00;0.00;0.00;0.00;0.00;0.00;0.00;0.00;0.00;0.00;0.00;0.00;0.00;0.00;0.00;0.00;0.00;0.00;0.00;0.00;0.00;0.00;0.00;0.00;0.00;0.00;0.00;0.00;0.00;0.00;0.00;0.00;0.00;0.00;0.00;0.00;0.00;0.00;0.00;0.00;0.00;0.00;0.00;0.00;0.00;0.00;0.00;0.00;0.00
2020-06-05 00:00;0.00;0.00;0.00;0.00;0.00;0.00;0.00;0.00;0.00;0.00;0.00;0.00;0.00;0.00;0.00;0.00;0.00;0.00;0.00;0.00;0.00;0.00;0.00;0.00;0.00;0.00;0.00;0.00;0.00;0.00;0.00;0.00;0.00;0.00;0.00;0.00;0.00;0.00;0.00;0.00;0.00;0.00;0.00;0.00;0.00;0.00;0.00;0.00;0.00;0.00;0.00;0.00;0.00;0.00;0.00;0.00;0.00;0.00;0.00;0.00;0.00;0.00;0.00;0.00;0.00;0.00;0.00;0.00;0.00;0.00;0.00;0.00;0.00;0.00;0.00;0.00;0.00;0.00;0.00;0.00;0.00;0.00;0.00;0.00;0.00;0.00;0.00;0.00;0.00;0.00;0.00;0.00;0.00;0.00;0.00;0.00;0.00;0.00;0.00;0.00;0.00;0.00;0.00;0.00;0.00;0.00;0.00;0.00;0.00;0.00;0.00;0.00;0.00;0.00;0.00;0.00;0.00;0.00;0.00;0.00;0.00;0.00;0.00;0.00;0.00;0.00;0.00;0.00;0.00;0.00;0.00;0.00;0.00;0.00;0.00;0.00;0.00;0.00;0.00;0.00;0.00;0.00;0.00;0.00;0.00;0.00;0.00;0.00;0.00;0.00;0.00;0.00;0.00;0.00;0.00;0.00;0.00;0.00;0.00;0.00;0.00;0.00;0.00;0.00;0.00;0.00;0.00;0.00;0.00;0.00;0.00;0.00;0.00;0.00;0.00;0.00;0.00;0.00;0.00;0.00;0.00;0.00;0.00;0.00;0.00;0.00;0.00;0.00;0.00;0.00;0.00;0.00;0.00;0.00;0.00;0.00;0.00;0.00;0.00;0.00;0.00;0.00;0.00;0.00;0.00;0.00;0.00;0.00;0.00;0.00;0.00;0.00;0.00;0.00;0.00;0.00;0.00;0.00;0.00;0.00;0.00;0.00;0.00;0.00;0.00;0.00;0.00;0.00;0.00;0.00;0.00;0.00;0.00;0.00;0.00;0.00;0.00;0.00;0.00;0.00;0.00;0.00;0.00;0.00;0.00;0.00;0.00;0.00;0.00;0.00;0.00;0.00;0.00;0.00;0.00;0.00;0.00;0.00;0.00;0.00;0.00;0.00;0.00;0.00;0.00;0.00;0.00;0.00;0.00;0.00;0.00;0.00;0.00;0.00;0.00;0.00;0.00;0.00;0.00;0.00;0.00;0.00;0.00;0.00;0.00;0.00;0.00;0.00;0.00;0.00;0.00;0.00;0.00;0.00;0.00;0.00;0.00;0.00;0.00;0.00;0.00;0.00;0.00;0.00;0.00;0.00;0.00;0.00;0.00;0.00;0.00;0.00;0.00;0.00;0.00;0.00;0.00;0.00;0.00;0.00;0.00;0.00;0.00;0.00;0.00;0.00;0.00;0.00;0.00;0.00;0.00;0.00;0.00;0.00;0.00;0.00;0.00;0.00;0.00;0.00;0.00;0.00;0.00;0.00;0.00;0.00;0.00;0.00;0.00;0.00;0.00;0.00;0.00;0.00;0.00;0.00;0.00;0.00;0.00;0.00;0.00;0.00;0.00;0.00;0.00;0.00;0.00;0.00;0.00;0.00;0.00;0.00;0.00;0.00;0.00;0.00;0.00;0.00;0.00;0.00;0.00;0.00;0.00;0.00;0.00;0.00;0.00;0.00;0.00;0.00;0.00;0.00;0.00;0.00;0.00;0.00;0.00;0.00;0.00;0.00;0.00;0.00;0.00;0.00;0.00;0.00;0.00;0.00;0.00;0.00;0.00;0.00;0.00;0.00;0.00;0.00;0.00;0.00;0.00;0.00;0.00;0.00;0.00;0.00;0.00;0.00;0.00;0.00;0.00;0.00;0.00;0.00;0.00;0.00;0.00;0.00;0.00;0.00;0.00;0.00;0.00;0.00;0.00;0.00;0.00;0.00;0.00;0.00;0.00;0.00;0.00;0.00;0.00;0.00;0.00;0.00;0.00;0.00;0.00;0.00;0.00;0.00;0.00;0.00;0.00;0.00;0.00;0.00;0.00;0.00;0.00;0.00;0.00;0.00;0.00;0.00;0.00;0.00;0.00;0.00;0.00;0.00;0.00;0.00;0.00;0.00;0.00;0.00;0.00;0.00;0.00;0.00;0.00;0.00;0.00
2020-06-06 00:00;1.74;0.96;0.00;0.83;1.96;1.76;0.12;0.42;0.73;0.40;0.13;1.63;1.17;2.20;0.07;1.10;1.01;0.32;0.22;0.03;0.00;0.43;0.44;0.00;0.01;0.14;0.43;0.93;0.02;0.06;0.00;0.14;0.12;0.02;0.03;0.00;0.00;0.36;0.31;0.03;0.03;0.00;0.84;0.32;1.39;0.29;0.42;0.30;0.03;1.26;0.58;2.10;0.84;0.10;0.08;0.00;0.00;0.05;0.00;0.96;0.77;0.00;1.92;0.04;1.90;0.62;1.89;1.78;2.10;0.12;1.48;1.77;2.10;0.47;0.05;0.23;0.85;0.00;0.01;0.00;0.86;0.00;0.01;0.04;0.00;1.05;0.22;0.67;0.00;1.00;0.00;0.37;0.17;0.18;0.00;0.27;0.20;0.00;0.02;0.02;0.05;0.05;0.09;0.30;0.28;0.08;0.11;0.13;0.26;0.38;0.45;0.21;0.79;0.49;1.42;1.43;1.39;0.26;0.24;0.20;0.02;0.24;0.00;0.82;0.36;0.01;0.02;0.00;0.26;0.33;0.40;0.15;0.20;0.00;0.00;0.08;0.05;0.42;0.23;0.77;0.08;0.03;0.34;0.12;0.26;0.64;0.11;0.31;0.01;0.02;0.00;0.31;0.16;0.30;0.21;0.37;0.02;0.06;1.05;0.00;0.41;0.07;0.05;0.05;0.17;0.07;0.13;0.04;0.01;0.23;0.08;0.00;0.05;0.00;0.00;0.13;0.00;0.09;0.22;0.26;0.01;0.09;0.00;0.11;0.10;0.28;0.00;0.45;0.08;0.15;0.03;0.05;0.02;0.03;0.00;0.00;0.01;0.02;0.00;0.00;0.00;0.04;0.02;0.00;0.00;0.10;0.39;0.13;0.05;0.00;0.00;0.00;0.00;0.04;0.03;0.15;0.02;0.04;0.01;0.02;0.05;0.06;0.00;0.07;0.03;0.03;0.03;0.05;0.00;0.03;0.06;0.07;0.02;0.06;0.00;0.03;0.00;0.03;0.02;0.07;0.00;0.01;0.03;0.01;0.09;0.00;0.22;0.10;0.00;0.21;0.04;0.01;0.06;0.00;0.06;0.00;0.01;0.04;0.05;0.00;0.00;0.00;0.00;0.00;0.14;0.00;0.00;0.03;0.00;0.01;0.00;0.13;0.00;0.13;0.05;0.07;0.14;0.04;0.00;0.05;0.05;0.11;0.00;0.00;0.00;0.00;0.00;0.00;0.00;0.04;0.05;0.07;0.12;0.08;0.00;0.15;0.07;0.00;0.00;0.00;0.05;0.00;0.04;0.00;0.00;0.03;0.09;0.00;0.05;0.00;0.05;0.02;0.06;0.13;0.07;0.00;0.00;0.00;0.00;0.00;0.00;0.00;0.03;0.03;0.00;0.00;0.00;0.00;0.32;0.00;0.26;0.03;0.00;0.00;0.00;0.00;0.00;0.00;0.00;0.03;0.00;0.00;0.02;0.02;0.06;0.10;0.12;0.04;0.17;0.01;0.08;0.37;0.00;0.90;0.98;0.10;1.21;0.00;1.54;0.01;0.30;0.00;0.00;0.00;0.00;0.00;0.01;0.05;0.00;0.00;0.03;0.09;0.00;0.01;0.00;0.00;0.00;0.06;0.02;0.04;0.03;0.01;0.00;0.05;0.00;0.00;0.02;0.03;0.02;0.00;0.03;0.00;0.03;0.10;0.00;0.00;0.17;0.02;0.08;0.04;0.04;0.00;0.21;0.04;0.00;0.00;0.00;0.08;0.03;0.06;0.00;0.04;0.02;0.06;0.01;0.03;0.04;0.09;0.15;0.00;0.07;0.04;0.04;0.04;0.09;0.03;0.03;0.00;0.93;0.28;0.38;0.20;0.07;0.00;0.00;0.00;0.00;0.17;0.02;0.06;0.03;0.20;0.12;0.32;0.01;0.02;0.00;0.06;0.04;0.00;0.12;0.00;0.01;0.07;0.28;0.13;0.03;0.67;0.00;0.15;0.03;0.49;0.10;0.00;1.58;0.07;0.03;0.92;0.00;0.20;0.27;0.30;0.20;0.11;0.01;0.02;0.16;0.00;0.06;0.21;0.02;0.30;0.11;0.23;0.66;0.32;1.98;0.47;0.88;0.14;0.07;0.10;0.33;0.00;0.52
2020-06-07 00:00;1.03;0.67;0.00;0.55;1.16;1.04;0.07;0.19;0.43;0.24;0.13;0.54;0.49;1.30;0.04;0.65;0.33;0.10;0.06;0.01;0.00;0.12;0.12;0.00;0.00;0.13;0.12;0.27;0.01;0.02;0.00;0.04;0.03;0.01;0.01;0.00;0.00;0.10;0.09;0.01;0.01;0.00;0.24;0.09;0.40;0.08;0.12;0.09;0.01;0.36;0.16;0.60;0.24;0.03;0.02;0.00;0.00;0.01;0.00;0.27;0.22;0.00;0.55;0.01;0.54;0.18;0.54;0.51;0.60;0.05;0.42;0.51;0.60;0.13;0.02;0.07;0.24;0.00;0.00;0.00;0.25;0.00;0.00;0.01;0.00;0.30;0.06;0.19;0.00;0.29;0.00;0.11;0.05;0.05;0.00;0.08;0.06;0.00;0.00;0.01;0.01;0.02;0.03;0.09;0.08;0.02;0.03;0.03;0.08;0.11;0.13;0.06;0.22;0.14;0.37;0.35;0.28;0.05;0.05;0.04;0.00;0.05;0.00;0.16;0.07;0.00;0.00;0.00;0.05;0.07;0.08;0.03;0.04;0.00;0.00;0.02;0.01;0.08;0.05;0.15;0.02;0.01;0.07;0.02;0.05;0.13;0.02;0.06;0.00;0.00;0.00;0.06;0.03;0.06;0.04;0.07;0.00;0.02;0.21;0.00;0.08;0.01;0.01;0.01;0.04;0.01;0.02;0.00;0.00;0.02;0.01;0.00;0.01;0.00;0.00;0.04;0.00;0.01;0.03;0.07;0.00;0.01;0.00;0.01;0.01;0.01;0.00;0.02;0.01;0.01;0.00;0.00;0.00;0.00;0.00;0.00;0.00;0.00;0.00;0.00;0.00;0.00;0.00;0.00;0.00;0.01;0.09;0.01;0.01;0.00;0.00;0.00;0.00;0.00;0.00;0.03;0.00;0.01;0.00;0.01;0.01;0.01;0.00;0.01;0.01;0.01;0.01;0.01;0.00;0.01;0.02;0.02;0.01;0.09;0.00;0.01;0.00;0.01;0.00;0.02;0.00;0.00;0.00;0.00;0.04;0.00;0.14;0.07;0.00;0.12;0.05;0.00;0.03;0.00;0.03;0.00;0.09;0.02;0.03;0.00;0.00;0.00;0.00;0.00;0.08;0.00;0.00;0.00;0.00;0.00;0.00;0.08;0.00;0.08;0.06;0.05;0.07;0.02;0.00;0.02;0.03;0.06;0.00;0.00;0.00;0.00;0.00;0.00;0.00;0.00;0.01;0.00;0.06;0.04;0.00;0.10;0.04;0.00;0.00;0.00;0.05;0.00;0.01;0.00;0.00;0.00;0.02;0.00;0.02;0.00;0.02;0.01;0.04;0.09;0.04;0.02;0.00;0.00;0.00;0.00;0.00;0.00;0.01;0.01;0.00;0.00;0.00;0.00;0.10;0.00;0.01;0.01;0.00;0.00;0.00;0.00;0.00;0.00;0.00;0.01;0.00;0.00;0.00;0.00;0.01;0.02;0.03;0.01;0.04;0.01;0.03;0.09;0.00;0.24;0.20;0.02;0.36;0.02;0.38;0.00;0.08;0.00;0.00;0.00;0.00;0.00;0.05;0.00;0.00;0.00;0.01;0.02;0.00;0.00;0.00;0.03;0.00;0.02;0.03;0.01;0.01;0.00;0.00;0.00;0.00;0.00;0.05;0.01;0.00;0.00;0.01;0.00;0.00;0.03;0.00;0.00;0.04;0.01;0.02;0.00;0.00;0.00;0.03;0.01;0.01;0.00;0.00;0.04;0.00;0.01;0.00;0.00;0.00;0.00;0.00;0.00;0.00;0.01;0.01;0.00;0.00;0.01;0.00;0.00;0.00;0.01;0.01;0.00;0.19;0.06;0.08;0.04;0.01;0.00;0.00;0.00;0.00;0.02;0.00;0.01;0.01;0.04;0.02;0.06;0.00;0.00;0.00;0.01;0.01;0.00;0.02;0.00;0.00;0.01;0.06;0.03;0.01;0.19;0.00;0.04;0.01;0.11;0.03;0.00;0.45;0.02;0.01;0.26;0.00;0.06;0.08;0.09;0.04;0.02;0.00;0.01;0.05;0.00;0.02;0.10;0.01;0.09;0.12;0.07;0.19;0.58;0.56;0.14;0.28;0.07;0.02;0.03;0.09;0.00;0.15
2020-06-08 00:00;0.00;0.00;0.00;0.00;0.00;0.00;0.00;0.00;0.00;0.00;0.00;0.00;0.00;0.00;0.00;0.00;0.00;0.00;0.00;0.00;0.00;0.00;0.00;0.00;0.00;0.00;0.00;0.00;0.00;0.00;0.00;0.00;0.00;0.00;0.00;0.00;0.00;0.00;0.00;0.00;0.00;0.00;0.00;0.00;0.00;0.00;0.00;0.00;0.00;0.00;0.00;0.00;0.00;0.00;0.00;0.00;0.00;0.00;0.00;0.00;0.00;0.00;0.00;0.00;0.00;0.00;0.00;0.00;0.00;0.00;0.00;0.00;0.00;0.00;0.00;0.00;0.00;0.00;0.00;0.00;0.00;0.00;0.00;0.00;0.00;0.00;0.00;0.00;0.00;0.00;0.00;0.00;0.00;0.00;0.00;0.00;0.00;0.00;0.00;0.00;0.00;0.00;0.00;0.00;0.00;0.00;0.00;0.00;0.00;0.00;0.00;0.00;0.00;0.00;0.00;0.00;0.00;0.00;0.00;0.00;0.00;0.00;0.00;0.00;0.00;0.00;0.00;0.00;0.00;0.00;0.00;0.00;0.00;0.00;0.00;0.00;0.00;0.00;0.00;0.00;0.00;0.00;0.00;0.00;0.00;0.00;0.00;0.00;0.00;0.00;0.00;0.00;0.00;0.00;0.00;0.00;0.00;0.00;0.00;0.00;0.00;0.00;0.00;0.00;0.00;0.00;0.00;0.00;0.00;0.00;0.00;0.00;0.00;0.00;0.00;0.00;0.00;0.00;0.00;0.00;0.00;0.00;0.00;0.00;0.00;0.00;0.00;0.00;0.00;0.00;0.00;0.00;0.00;0.00;0.00;0.00;0.00;0.00;0.00;0.00;0.00;0.00;0.00;0.00;0.00;0.00;0.00;0.00;0.00;0.00;0.00;0.00;0.00;0.00;0.00;0.00;0.00;0.00;0.00;0.00;0.00;0.00;0.00;0.00;0.00;0.00;0.00;0.00;0.00;0.00;0.00;0.00;0.00;0.00;0.00;0.00;0.00;0.00;0.00;0.00;0.00;0.00;0.00;0.00;0.00;0.00;0.00;0.00;0.00;0.00;0.00;0.00;0.00;0.00;0.00;0.00;0.00;0.00;0.00;0.00;0.00;0.00;0.00;0.00;0.00;0.00;0.00;0.00;0.00;0.00;0.00;0.00;0.00;0.00;0.00;0.00;0.00;0.00;0.00;0.00;0.00;0.00;0.00;0.00;0.00;0.00;0.00;0.00;0.00;0.00;0.00;0.00;0.00;0.00;0.00;0.00;0.00;0.00;0.00;0.00;0.00;0.00;0.00;0.00;0.00;0.00;0.00;0.00;0.00;0.00;0.00;0.00;0.00;0.00;0.00;0.00;0.00;0.00;0.00;0.00;0.00;0.00;0.00;0.00;0.00;0.00;0.00;0.00;0.00;0.00;0.00;0.00;0.00;0.00;0.00;0.00;0.00;0.00;0.00;0.00;0.00;0.00;0.00;0.00;0.00;0.00;0.00;0.00;0.00;0.00;0.00;0.00;0.00;0.00;0.00;0.00;0.00;0.00;0.00;0.00;0.00;0.00;0.00;0.00;0.00;0.00;0.00;0.00;0.00;0.00;0.00;0.00;0.00;0.00;0.00;0.00;0.00;0.00;0.00;0.00;0.00;0.00;0.00;0.00;0.00;0.00;0.00;0.00;0.00;0.00;0.00;0.00;0.00;0.00;0.00;0.00;0.00;0.00;0.00;0.00;0.00;0.00;0.00;0.00;0.00;0.00;0.00;0.00;0.00;0.00;0.00;0.00;0.00;0.00;0.00;0.00;0.00;0.00;0.00;0.00;0.00;0.00;0.00;0.00;0.00;0.00;0.00;0.00;0.00;0.00;0.00;0.00;0.00;0.00;0.00;0.00;0.00;0.00;0.00;0.00;0.00;0.00;0.00;0.00;0.00;0.00;0.00;0.00;0.00;0.00;0.00;0.00;0.00;0.00;0.00;0.00;0.00;0.00;0.00;0.00;0.00;0.00;0.00;0.00;0.00;0.00;0.00;0.00;0.00;0.00;0.00;0.00;0.00;0.00;0.00;0.00;0.00;0.00;0.00;0.00;0.00;0.00;0.00;0.00;0.00;0.00;0.00;0.00;0.00;0.00;0.00;0.00;0.00;0.00;0.00
2020-06-09 00:00;0.63;0.50;0.00;0.32;0.71;0.64;0.04;0.16;0.27;0.15;0.06;0.62;0.44;0.80;0.03;0.40;0.42;0.12;0.08;0.01;0.00;0.17;0.17;0.00;0.00;0.10;0.17;0.35;0.01;0.02;0.00;0.05;0.05;0.01;0.01;0.00;0.00;0.14;0.12;0.01;0.01;0.00;0.32;0.12;0.53;0.11;0.16;0.11;0.01;0.48;0.22;0.80;0.32;0.04;0.03;0.00;0.00;0.02;0.00;0.37;0.29;0.00;0.73;0.02;0.72;0.24;0.72;0.68;0.80;0.05;0.56;0.68;0.80;0.18;0.02;0.09;0.33;0.00;0.00;0.00;0.33;0.00;0.01;0.01;0.00;0.40;0.08;0.25;0.00;0.38;0.00;0.14;0.07;0.07;0.00;0.10;0.07;0.00;0.01;0.01;0.01;0.02;0.03;0.12;0.11;0.03;0.04;0.03;0.10;0.14;0.17;0.08;0.30;0.18;0.47;0.42;0.28;0.05;0.05;0.04;0.00;0.05;0.00;0.16;0.07;0.00;0.00;0.00;0.05;0.07;0.08;0.03;0.04;0.00;0.00;0.02;0.01;0.08;0.05;0.15;0.02;0.01;0.07;0.02;0.05;0.13;0.02;0.06;0.00;0.00;0.00;0.06;0.03;0.06;0.04;0.07;0.00;0.01;0.21;0.00;0.08;0.01;0.01;0.01;0.04;0.01;0.02;0.00;0.00;0.02;0.01;0.00;0.01;0.00;0.00;0.00;0.00;0.01;0.03;0.06;0.00;0.01;0.00;0.01;0.01;0.03;0.00;0.05;0.01;0.02;0.01;0.00;0.00;0.00;0.00;0.00;0.00;0.00;0.00;0.00;0.00;0.00;0.00;0.00;0.00;0.01;0.07;0.01;0.01;0.00;0.00;0.00;0.00;0.00;0.00;0.02;0.00;0.01;0.00;0.01;0.01;0.01;0.00;0.01;0.01;0.01;0.01;0.01;0.00;0.01;0.01;0.02;0.00;0.04;0.00;0.00;0.00;0.00;0.00;0.01;0.00;0.00;0.00;0.00;0.02;0.00;0.04;0.02;0.00;0.04;0.01;0.00;0.01;0.00;0.01;0.00;0.02;0.01;0.01;0.00;0.00;0.00;0.00;0.00;0.03;0.00;0.00;0.00;0.00;0.00;0.00;0.03;0.00;0.02;0.02;0.02;0.03;0.01;0.00;0.01;0.01;0.02;0.00;0.00;0.00;0.00;0.00;0.00;0.00;0.00;0.00;0.00;0.02;0.02;0.00;0.01;0.01;0.00;0.00;0.00;0.01;0.00;0.00;0.00;0.00;0.00;0.02;0.00;0.01;0.00;0.01;0.00;0.01;0.03;0.01;0.01;0.00;0.00;0.00;0.00;0.00;0.00;0.01;0.01;0.00;0.00;0.00;0.00;0.07;0.00;0.01;0.00;0.00;0.00;0.00;0.00;0.00;0.00;0.00;0.01;0.00;0.00;0.00;0.00;0.01;0.02;0.02;0.01;0.03;0.01;0.02;0.07;0.00;0.19;0.16;0.02;0.23;0.01;0.29;0.00;0.06;0.00;0.00;0.00;0.00;0.00;0.03;0.00;0.00;0.00;0.01;0.02;0.00;0.00;0.00;0.02;0.00;0.01;0.02;0.01;0.00;0.00;0.00;0.00;0.00;0.00;0.03;0.01;0.00;0.00;0.01;0.00;0.00;0.02;0.00;0.00;0.03;0.00;0.02;0.00;0.00;0.00;0.04;0.01;0.01;0.00;0.00;0.04;0.00;0.01;0.00;0.00;0.00;0.01;0.01;0.01;0.00;0.01;0.02;0.00;0.01;0.01;0.00;0.00;0.01;0.01;0.01;0.00;0.19;0.06;0.08;0.04;0.01;0.00;0.00;0.00;0.00;0.03;0.00;0.01;0.01;0.04;0.02;0.06;0.00;0.00;0.00;0.01;0.01;0.00;0.02;0.00;0.00;0.02;0.06;0.03;0.01;0.25;0.00;0.06;0.01;0.13;0.04;0.00;0.60;0.03;0.01;0.35;0.00;0.07;0.10;0.11;0.07;0.02;0.00;0.01;0.06;0.00;0.02;0.11;0.01;0.11;0.10;0.09;0.25;0.01;0.75;0.18;0.35;0.08;0.03;0.04;0.13;0.00;0.20
2020-06-10 00:00;0.16;0.24;0.00;0.07;0.18;0.16;0.01;0.07;0.07;0.04;0.01;0.35;0.22;0.20;0.01;0.10;0.28;0.07;0.05;0.01;0.00;0.10;0.10;0.00;0.00;0.03;0.10;0.22;0.01;0.01;0.00;0.03;0.03;0.00;0.01;0.00;0.00;0.09;0.07;0.01;0.01;0.00;0.20;0.08;0.33;0.07;0.10;0.07;0.01;0.30;0.14;0.50;0.20;0.02;0.02;0.00;0.00;0.01;0.00;0.23;0.18;0.00;0.46;0.01;0.45;0.15;0.45;0.42;0.50;0.03;0.35;0.42;0.50;0.11;0.01;0.06;0.20;0.00;0.00;0.00;0.20;0.00;0.00;0.01;0.00;0.25;0.05;0.16;0.00;0.24;0.00;0.09;0.04;0.04;0.00;0.06;0.05;0.00;0.00;0.01;0.01;0.01;0.02;0.07;0.07;0.02;0.03;0.03;0.06;0.09;0.11;0.05;0.19;0.12;0.34;0.35;0.35;0.07;0.06;0.05;0.01;0.06;0.00;0.21;0.09;0.00;0.00;0.00;0.06;0.08;0.10;0.04;0.05;0.00;0.00;0.02;0.01;0.10;0.06;0.19;0.02;0.01;0.09;0.03;0.06;0.16;0.03;0.08;0.00;0.00;0.00;0.08;0.04;0.08;0.05;0.09;0.01;0.02;0.26;0.00;0.10;0.02;0.01;0.01;0.04;0.02;0.03;0.01;0.00;0.04;0.02;0.00;0.01;0.00;0.00;0.05;0.00;0.01;0.04;0.09;0.00;0.02;0.00;0.02;0.02;0.06;0.00;0.09;0.02;0.01;0.01;0.01;0.00;0.01;0.00;0.00;0.00;0.00;0.00;0.00;0.00;0.01;0.00;0.00;0.00;0.02;0.06;0.02;0.01;0.00;0.00;0.00;0.00;0.00;0.00;0.02;0.00;0.00;0.00;0.00;0.01;0.01;0.00;0.01;0.00;0.00;0.00;0.01;0.00;0.00;0.01;0.01;0.00;0.00;0.00;0.00;0.00;0.00;0.00;0.00;0.00;0.00;0.00;0.00;0.00;0.00;0.01;0.01;0.00;0.01;0.00;0.00;0.00;0.00;0.00;0.00;0.00;0.00;0.00;0.00;0.00;0.00;0.00;0.00;0.01;0.00;0.00;0.00;0.00;0.00;0.00;0.01;0.00;0.00;0.00;0.00;0.01;0.00;0.00;0.00;0.00;0.01;0.00;0.00;0.00;0.00;0.00;0.00;0.00;0.00;0.00;0.00;0.01;0.00;0.00;0.01;0.00;0.00;0.00;0.00;0.00;0.00;0.00;0.00;0.00;0.00;0.01;0.00;0.01;0.00;0.01;0.00;0.00;0.01;0.00;0.00;0.00;0.00;0.00;0.00;0.00;0.00;0.00;0.00;0.00;0.00;0.00;0.00;0.03;0.00;0.02;0.00;0.00;0.00;0.00;0.00;0.00;0.00;0.00;0.00;0.00;0.00;0.00;0.00;0.01;0.01;0.01;0.01;0.02;0.00;0.01;0.05;0.00;0.14;0.12;0.01;0.17;0.00;0.19;0.00;0.04;0.00;0.00;0.00;0.00;0.00;0.00;0.00;0.00;0.00;0.00;0.01;0.00;0.00;0.00;0.00;0.00;0.01;0.00;0.01;0.00;0.00;0.00;0.00;0.00;0.00;0.00;0.00;0.00;0.00;0.00;0.00;0.00;0.01;0.00;0.00;0.02;0.00;0.01;0.01;0.01;0.00;0.05;0.01;0.00;0.00;0.00;0.02;0.01;0.01;0.00;0.01;0.00;0.01;0.00;0.01;0.01;0.02;0.01;0.00;0.01;0.01;0.01;0.01;0.00;0.01;0.01;0.00;0.23;0.07;0.09;0.05;0.02;0.00;0.00;0.00;0.00;0.05;0.00;0.02;0.01;0.05;0.03;0.08;0.00;0.01;0.00;0.01;0.01;0.00;0.03;0.00;0.00;0.02;0.07;0.03;0.01;0.16;0.00;0.04;0.01;0.12;0.02;0.00;0.37;0.02;0.01;0.22;0.00;0.05;0.06;0.07;0.05;0.03;0.00;0.01;0.04;0.00;0.01;0.05;0.01;0.07;0.03;0.05;0.16;0.44;0.47;0.11;0.20;0.03;0.02;0.02;0.08;0.00;0.12
2020-06-11 00:00;0.24;0.29;0.00;0.12;0.27;0.24;0.02;0.09;0.10;0.05;0.02;0.43;0.27;0.30;0.01;0.15;0.33;0.09;0.06;0.01;0.00;0.12;0.12;0.00;0.00;0.08;0.12;0.27;0.01;0.02;0.00;0.04;0.03;0.01;0.01;0.00;0.00;0.10;0.09;0.01;0.01;0.00;0.24;0.09;0.40;0.08;0.12;0.09;0.01;0.36;0.16;0.60;0.24;0.03;0.02;0.00;0.00;0.01;0.00;0.27;0.22;0.00;0.55;0.01;0.54;0.18;0.54;0.51;0.60;0.04;0.42;0.51;0.60;0.13;0.02;0.07;0.24;0.00;0.00;0.00;0.25;0.00;0.00;0.01;0.00;0.30;0.06;0.19;0.00;0.29;0.00;0.11;0.05;0.05;0.00;0.08;0.06;0.00;0.00;0.01;0.02;0.02;0.03;0.09;0.08;0.02;0.03;0.05;0.08;0.11;0.13;0.06;0.22;0.14;0.47;0.51;0.63;0.12;0.11;0.09;0.01;0.11;0.00;0.37;0.16;0.01;0.01;0.00;0.12;0.15;0.18;0.07;0.09;0.00;0.00;0.04;0.02;0.19;0.10;0.34;0.04;0.01;0.15;0.05;0.12;0.29;0.05;0.14;0.01;0.01;0.00;0.14;0.07;0.14;0.09;0.17;0.01;0.03;0.47;0.00;0.18;0.03;0.02;0.03;0.08;0.04;0.11;0.05;0.01;0.25;0.09;0.00;0.11;0.00;0.00;0.03;0.00;0.08;0.20;0.17;0.02;0.14;0.00;0.19;0.14;0.38;0.00;0.61;0.13;0.19;0.08;0.06;0.04;0.05;0.00;0.00;0.03;0.04;0.00;0.00;0.00;0.05;0.06;0.00;0.00;0.18;0.80;0.26;0.13;0.00;0.00;0.00;0.00;0.08;0.07;0.27;0.09;0.10;0.05;0.14;0.13;0.12;0.00;0.15;0.07;0.11;0.08;0.12;0.00;0.06;0.15;0.18;0.04;0.32;0.00;0.03;0.00;0.05;0.01;0.11;0.00;0.01;0.02;0.02;0.14;0.00;0.42;0.23;0.00;0.36;0.13;0.01;0.09;0.00;0.07;0.00;0.17;0.06;0.07;0.00;0.00;0.00;0.00;0.00;0.22;0.00;0.00;0.01;0.00;0.00;0.00;0.22;0.00;0.06;0.13;0.12;0.20;0.06;0.00;0.06;0.09;0.15;0.00;0.00;0.00;0.00;0.00;0.00;0.00;0.01;0.01;0.01;0.17;0.11;0.00;0.13;0.14;0.00;0.00;0.00;0.14;0.00;0.04;0.00;0.03;0.00;0.19;0.00;0.13;0.00;0.16;0.05;0.13;0.28;0.14;0.09;0.00;0.00;0.00;0.00;0.00;0.00;0.06;0.08;0.00;0.00;0.00;0.00;0.61;0.00;0.10;0.05;0.00;0.00;0.00;0.00;0.00;0.00;0.00;0.06;0.00;0.01;0.04;0.03;0.12;0.19;0.25;0.10;0.34;0.13;0.24;0.77;0.00;1.78;2.03;0.48;2.49;0.18;3.17;0.03;0.63;0.08;0.00;0.00;0.00;0.00;0.29;0.00;0.00;0.00;0.08;0.18;0.00;0.28;0.00;0.23;0.00;0.13;0.17;0.08;0.05;0.31;0.00;0.01;0.00;0.00;0.35;0.06;0.04;0.00;0.07;0.00;0.01;0.21;0.00;0.00;0.35;0.05;0.17;0.05;0.06;0.00;0.39;0.11;0.15;0.00;0.00;0.33;0.06;0.15;0.00;0.06;0.04;0.08;0.11;0.07;0.05;0.15;0.19;0.00;0.10;0.12;0.06;0.05;0.12;0.01;0.01;0.00;0.42;0.13;0.17;0.09;0.06;0.00;0.00;0.00;0.00;0.11;0.01;0.03;0.01;0.09;0.06;0.14;0.01;0.01;0.00;0.03;0.02;0.00;0.06;0.00;0.00;0.03;0.13;0.06;0.01;0.20;0.00;0.04;0.01;0.19;0.03;0.00;0.45;0.02;0.01;0.26;0.00;0.06;0.08;0.09;0.06;0.06;0.00;0.01;0.05;0.00;0.02;0.11;0.01;0.09;0.08;0.07;0.19;0.01;0.56;0.14;0.27;0.06;0.02;0.03;0.09;0.00;0.15
2020-06-12 00:00;0.00;0.00;0.00;0.00;0.00;0.00;0.00;0.00;0.00;0.00;0.00;0.00;0.00;0.00;0.00;0.00;0.00;0.00;0.00;0.00;0.00;0.00;0.00;0.00;0.00;0.00;0.00;0.00;0.00;0.00;0.00;0.00;0.00;0.00;0.00;0.00;0.00;0.00;0.00;0.00;0.00;0.00;0.00;0.00;0.00;0.00;0.00;0.00;0.00;0.00;0.00;0.00;0.00;0.00;0.00;0.00;0.00;0.00;0.00;0.00;0.00;0.00;0.00;0.00;0.00;0.00;0.00;0.00;0.00;0.00;0.00;0.00;0.00;0.00;0.00;0.00;0.00;0.00;0.00;0.00;0.00;0.00;0.00;0.00;0.00;0.00;0.00;0.00;0.00;0.00;0.00;0.00;0.00;0.00;0.00;0.00;0.00;0.00;0.00;0.00;0.00;0.00;0.00;0.00;0.00;0.00;0.00;0.00;0.00;0.00;0.00;0.00;0.00;0.00;0.00;0.00;0.00;0.00;0.00;0.00;0.00;0.00;0.00;0.00;0.00;0.00;0.00;0.00;0.00;0.00;0.00;0.00;0.00;0.00;0.00;0.00;0.00;0.00;0.00;0.00;0.00;0.00;0.00;0.00;0.00;0.00;0.00;0.00;0.00;0.00;0.00;0.00;0.00;0.00;0.00;0.00;0.00;0.00;0.00;0.00;0.00;0.00;0.00;0.00;0.00;0.00;0.00;0.00;0.00;0.00;0.00;0.00;0.00;0.00;0.00;0.00;0.00;0.00;0.00;0.00;0.00;0.00;0.00;0.00;0.00;0.00;0.00;0.00;0.00;0.00;0.00;0.00;0.00;0.00;0.00;0.00;0.00;0.00;0.00;0.00;0.00;0.00;0.00;0.00;0.00;0.00;0.00;0.00;0.00;0.00;0.00;0.00;0.00;0.00;0.00;0.00;0.00;0.00;0.00;0.00;0.00;0.00;0.00;0.00;0.00;0.00;0.00;0.00;0.00;0.00;0.00;0.00;0.00;0.00;0.00;0.00;0.00;0.00;0.00;0.00;0.00;0.00;0.00;0.00;0.00;0.00;0.00;0.00;0.00;0.00;0.00;0.00;0.00;0.00;0.00;0.00;0.00;0.00;0.00;0.00;0.00;0.00;0.00;0.00;0.00;0.00;0.00;0.00;0.00;0.00;0.00;0.00;0.00;0.00;0.00;0.00;0.00;0.00;0.00;0.00;0.00;0.00;0.00;0.00;0.00;0.00;0.00;0.00;0.00;0.00;0.00;0.00;0.00;0.00;0.00;0.00;0.00;0.00;0.00;0.00;0.00;0.00;0.00;0.00;0.00;0.00;0.00;0.00;0.00;0.00;0.00;0.00;0.00;0.00;0.00;0.00;0.00;0.00;0.00;0.00;0.00;0.00;0.00;0.00;0.00;0.00;0.00;0.00;0.00;0.00;0.00;0.00;0.00;0.00;0.00;0.00;0.00;0.00;0.00;0.00;0.00;0.00;0.00;0.00;0.00;0.00;0.00;0.00;0.00;0.00;0.00;0.00;0.00;0.00;0.00;0.00;0.00;0.00;0.00;0.00;0.00;0.00;0.00;0.00;0.00;0.00;0.00;0.00;0.00;0.00;0.00;0.00;0.00;0.00;0.00;0.00;0.00;0.00;0.00;0.00;0.00;0.00;0.00;0.00;0.00;0.00;0.00;0.00;0.00;0.00;0.00;0.00;0.00;0.00;0.00;0.00;0.00;0.00;0.00;0.00;0.00;0.00;0.00;0.00;0.00;0.00;0.00;0.00;0.00;0.00;0.00;0.00;0.00;0.00;0.00;0.00;0.00;0.00;0.00;0.00;0.00;0.00;0.00;0.00;0.00;0.00;0.00;0.00;0.00;0.00;0.00;0.00;0.00;0.00;0.00;0.00;0.00;0.00;0.00;0.00;0.00;0.00;0.00;0.00;0.00;0.00;0.00;0.00;0.00;0.00;0.00;0.00;0.00;0.00;0.00;0.00;0.00;0.00;0.00;0.00;0.00;0.00;0.00;0.00;0.00;0.00;0.00;0.00;0.00;0.00;0.00;0.00;0.00;0.00;0.00;0.00;0.00;0.00;0.00;0.00;0.00;0.00;0.00;0.00;0.00;0.00;0.00;0.00;0.00;0.00;0.00;0.00;0.00;0.00;0.00
2020-06-13 00:00;0.00;0.00;0.00;0.00;0.00;0.00;0.00;0.00;0.00;0.00;0.00;0.00;0.00;0.00;0.00;0.00;0.00;0.00;0.00;0.00;0.00;0.00;0.00;0.00;0.00;0.00;0.00;0.00;0.00;0.00;0.00;0.00;0.00;0.00;0.00;0.00;0.00;0.00;0.00;0.00;0.00;0.00;0.00;0.00;0.00;0.00;0.00;0.00;0.00;0.00;0.00;0.00;0.00;0.00;0.00;0.00;0.00;0.00;0.00;0.00;0.00;0.00;0.00;0.00;0.00;0.00;0.00;0.00;0.00;0.00;0.00;0.00;0.00;0.00;0.00;0.00;0.00;0.00;0.00;0.00;0.00;0.00;0.00;0.00;0.00;0.00;0.00;0.00;0.00;0.00;0.00;0.00;0.00;0.00;0.00;0.00;0.00;0.00;0.00;0.00;0.00;0.00;0.00;0.00;0.00;0.00;0.00;0.00;0.00;0.00;0.00;0.00;0.00;0.00;0.00;0.00;0.00;0.00;0.00;0.00;0.00;0.00;0.00;0.00;0.00;0.00;0.00;0.00;0.00;0.00;0.00;0.00;0.00;0.00;0.00;0.00;0.00;0.00;0.00;0.00;0.00;0.00;0.00;0.00;0.00;0.00;0.00;0.00;0.00;0.00;0.00;0.00;0.00;0.00;0.00;0.00;0.00;0.00;0.00;0.00;0.00;0.00;0.00;0.00;0.00;0.00;0.00;0.00;0.00;0.00;0.00;0.00;0.00;0.00;0.00;0.00;0.00;0.00;0.00;0.00;0.00;0.00;0.00;0.00;0.00;0.00;0.00;0.00;0.00;0.00;0.00;0.00;0.00;0.00;0.00;0.00;0.00;0.00;0.00;0.00;0.00;0.00;0.00;0.00;0.00;0.00;0.01;0.01;0.00;0.00;0.00;0.00;0.00;0.00;0.00;0.01;0.00;0.00;0.00;0.00;0.00;0.00;0.00;0.00;0.00;0.00;0.00;0.00;0.00;0.00;0.00;0.00;0.00;0.00;0.00;0.00;0.00;0.00;0.00;0.00;0.00;0.00;0.00;0.00;0.00;0.00;0.00;0.00;0.00;0.00;0.00;0.00;0.00;0.00;0.00;0.00;0.00;0.00;0.00;0.00;0.00;0.00;0.00;0.00;0.00;0.00;0.00;0.00;0.00;0.00;0.00;0.00;0.00;0.00;0.00;0.00;0.00;0.00;0.00;0.00;0.00;0.00;0.00;0.00;0.00;0.00;0.00;0.00;0.00;0.00;0.00;0.00;0.00;0.00;0.00;0.00;0.00;0.00;0.00;0.00;0.00;0.00;0.00;0.00;0.00;0.00;0.00;0.00;0.00;0.00;0.00;0.00;0.00;0.00;0.00;0.00;0.00;0.00;0.00;0.00;0.00;0.00;0.00;0.00;0.00;0.00;0.00;0.00;0.00;0.00;0.00;0.00;0.00;0.00;0.00;0.00;0.00;0.00;0.00;0.00;0.00;0.00;0.00;0.00;0.00;0.00;0.00;0.00;0.00;0.00;0.00;0.00;0.00;0.02;0.02;0.00;0.00;0.00;0.00;0.00;0.00;0.00;0.00;0.00;0.00;0.00;0.00;0.00;0.00;0.00;0.00;0.00;0.00;0.00;0.00;0.00;0.00;0.00;0.00;0.00;0.00;0.00;0.00;0.00;0.00;0.00;0.00;0.00;0.00;0.00;0.00;0.00;0.00;0.00;0.00;0.00;0.00;0.00;0.00;0.00;0.00;0.00;0.00;0.00;0.00;0.00;0.00;0.00;0.00;0.00;0.00;0.00;0.00;0.00;0.00;0.00;0.00;0.00;0.00;0.00;0.00;0.00;0.00;0.00;0.00;0.00;0.00;0.00;0.00;0.00;0.00;0.00;0.00;0.00;0.00;0.00;0.00;0.00;0.00;0.00;0.00;0.00;0.00;0.00;0.00;0.00;0.00;0.00;0.00;0.00;0.00;0.00;0.00;0.00;0.00;0.00;0.00;0.00;0.00;0.00;0.00;0.00;0.00;0.00;0.00;0.00;0.00;0.00;0.00;0.00;0.00;0.00;0.00;0.00;0.00;0.00;0.00;0.00;0.00;0.00;0.00;0.00;0.00;0.00;0.00;0.00;0.00;0.00;0.00;0.00;0.00;0.00;0.00;0.00;0.00
2020-06-14 00:00;0.00;0.00;0.00;0.00;0.00;0.00;0.00;0.00;0.00;0.00;0.00;0.00;0.00;0.00;0.00;0.00;0.00;0.00;0.00;0.00;0.00;0.00;0.00;0.00;0.00;0.00;0.00;0.00;0.00;0.00;0.00;0.00;0.00;0.00;0.00;0.00;0.00;0.00;0.00;0.00;0.00;0.00;0.00;0.00;0.00;0.00;0.00;0.00;0.00;0.00;0.00;0.00;0.00;0.00;0.00;0.00;0.00;0.00;0.00;0.00;0.00;0.00;0.00;0.00;0.00;0.00;0.00;0.00;0.00;0.00;0.00;0.00;0.00;0.00;0.00;0.00;0.00;0.00;0.00;0.00;0.00;0.00;0.00;0.00;0.00;0.00;0.00;0.00;0.00;0.00;0.00;0.00;0.00;0.00;0.00;0.00;0.00;0.00;0.00;0.00;0.00;0.00;0.00;0.00;0.00;0.00;0.00;0.00;0.00;0.00;0.00;0.00;0.00;0.00;0.00;0.00;0.00;0.00;0.00;0.00;0.00;0.00;0.00;0.00;0.00;0.00;0.00;0.00;0.00;0.00;0.00;0.00;0.00;0.00;0.00;0.00;0.00;0.00;0.00;0.00;0.00;0.00;0.00;0.00;0.00;0.00;0.00;0.00;0.00;0.00;0.00;0.00;0.00;0.00;0.00;0.00;0.00;0.00;0.00;0.00;0.00;0.00;0.00;0.00;0.00;0.00;0.00;0.00;0.00;0.00;0.00;0.00;0.00;0.00;0.00;0.00;0.00;0.00;0.00;0.00;0.00;0.00;0.00;0.00;0.00;0.00;0.00;0.00;0.00;0.00;0.00;0.00;0.00;0.00;0.00;0.00;0.00;0.00;0.00;0.00;0.00;0.00;0.00;0.00;0.00;0.00;0.00;0.00;0.00;0.00;0.00;0.00;0.00;0.00;0.00;0.00;0.00;0.00;0.00;0.00;0.00;0.00;0.00;0.00;0.00;0.00;0.00;0.00;0.00;0.00;0.00;0.00;0.00;0.00;0.00;0.00;0.00;0.00;0.00;0.00;0.00;0.00;0.00;0.00;0.00;0.00;0.00;0.00;0.00;0.00;0.00;0.00;0.00;0.00;0.00;0.00;0.00;0.00;0.00;0.00;0.00;0.00;0.00;0.00;0.00;0.00;0.00;0.00;0.00;0.00;0.00;0.00;0.00;0.00;0.00;0.00;0.00;0.00;0.00;0.00;0.00;0.00;0.00;0.00;0.00;0.00;0.00;0.00;0.00;0.00;0.00;0.00;0.00;0.00;0.00;0.00;0.00;0.00;0.00;0.00;0.00;0.00;0.00;0.00;0.00;0.00;0.00;0.00;0.00;0.00;0.00;0.00;0.00;0.00;0.00;0.00;0.00;0.00;0.00;0.00;0.00;0.00;0.00;0.00;0.00;0.00;0.00;0.00;0.00;0.00;0.00;0.00;0.00;0.00;0.00;0.00;0.00;0.00;0.00;0.00;0.00;0.00;0.00;0.00;0.00;0.00;0.00;0.00;0.00;0.00;0.00;0.00;0.00;0.00;0.00;0.00;0.00;0.00;0.00;0.00;0.00;0.00;0.00;0.00;0.00;0.00;0.00;0.00;0.00;0.00;0.00;0.00;0.00;0.00;0.00;0.00;0.00;0.00;0.00;0.00;0.00;0.00;0.00;0.00;0.00;0.00;0.00;0.00;0.00;0.00;0.00;0.00;0.00;0.00;0.00;0.00;0.00;0.00;0.00;0.00;0.00;0.00;0.00;0.00;0.00;0.00;0.00;0.00;0.00;0.00;0.00;0.00;0.00;0.00;0.00;0.00;0.00;0.00;0.00;0.00;0.00;0.00;0.00;0.00;0.00;0.00;0.00;0.00;0.00;0.00;0.00;0.00;0.00;0.00;0.00;0.00;0.00;0.00;0.00;0.00;0.00;0.00;0.00;0.00;0.00;0.00;0.00;0.00;0.00;0.00;0.00;0.00;0.00;0.00;0.00;0.00;0.00;0.00;0.00;0.00;0.00;0.00;0.00;0.00;0.00;0.00;0.00;0.00;0.00;0.00;0.00;0.00;0.00;0.00;0.00;0.00;0.00;0.00;0.00;0.00;0.00;0.00;0.00;0.00;0.00;0.00;0.00;0.00;0.00;0.00;0.00;0.00;0.00;0.00;0.00
2020-06-15 00:00;0.00;0.00;0.00;0.00;0.00;0.00;0.00;0.00;0.00;0.00;0.00;0.00;0.00;0.00;0.00;0.00;0.00;0.00;0.00;0.00;0.00;0.00;0.00;0.00;0.00;0.00;0.00;0.00;0.00;0.00;0.00;0.00;0.00;0.00;0.00;0.00;0.00;0.00;0.00;0.00;0.00;0.00;0.00;0.00;0.00;0.00;0.00;0.00;0.00;0.00;0.00;0.00;0.00;0.00;0.00;0.00;0.00;0.00;0.00;0.00;0.00;0.00;0.00;0.00;0.00;0.00;0.00;0.00;0.00;0.00;0.00;0.00;0.00;0.00;0.00;0.00;0.00;0.00;0.00;0.00;0.00;0.00;0.00;0.00;0.00;0.00;0.00;0.00;0.00;0.00;0.00;0.00;0.00;0.00;0.00;0.00;0.00;0.00;0.00;0.00;0.00;0.00;0.00;0.00;0.00;0.00;0.00;0.00;0.00;0.00;0.00;0.00;0.00;0.00;0.00;0.00;0.00;0.00;0.00;0.00;0.00;0.00;0.00;0.00;0.00;0.00;0.00;0.00;0.00;0.00;0.00;0.00;0.00;0.00;0.00;0.00;0.00;0.00;0.00;0.00;0.00;0.00;0.00;0.00;0.00;0.00;0.00;0.00;0.00;0.00;0.00;0.00;0.00;0.00;0.00;0.00;0.00;0.00;0.00;0.00;0.00;0.00;0.00;0.00;0.00;0.00;0.00;0.00;0.00;0.00;0.00;0.00;0.00;0.00;0.00;0.00;0.00;0.00;0.00;0.00;0.00;0.00;0.00;0.00;0.00;0.00;0.00;0.00;0.00;0.00;0.00;0.00;0.00;0.00;0.00;0.00;0.00;0.00;0.00;0.00;0.00;0.00;0.00;0.00;0.00;0.00;0.00;0.00;0.00;0.00;0.00;0.00;0.00;0.00;0.00;0.00;0.00;0.00;0.00;0.00;0.00;0.00;0.00;0.00;0.00;0.00;0.00;0.00;0.00;0.00;0.00;0.00;0.00;0.00;0.00;0.00;0.00;0.00;0.00;0.00;0.00;0.00;0.00;0.00;0.00;0.00;0.00;0.00;0.00;0.00;0.00;0.00;0.00;0.00;0.00;0.00;0.00;0.00;0.00;0.00;0.00;0.00;0.00;0.00;0.00;0.00;0.00;0.00;0.00;0.00;0.00;0.00;0.00;0.00;0.00;0.00;0.00;0.00;0.00;0.00;0.00;0.00;0.00;0.00;0.00;0.00;0.00;0.00;0.00;0.00;0.00;0.00;0.00;0.00;0.00;0.00;0.00;0.00;0.00;0.00;0.00;0.00;0.00;0.00;0.00;0.00;0.00;0.00;0.00;0.00;0.00;0.00;0.00;0.00;0.00;0.00;0.00;0.00;0.00;0.00;0.00;0.00;0.00;0.00;0.00;0.00;0.00;0.00;0.00;0.00;0.00;0.00;0.00;0.00;0.00;0.00;0.00;0.00;0.00;0.00;0.00;0.00;0.00;0.00;0.00;0.00;0.00;0.00;0.00;0.00;0.00;0.00;0.00;0.00;0.00;0.00;0.00;0.00;0.00;0.00;0.00;0.00;0.00;0.00;0.00;0.00;0.00;0.00;0.00;0.00;0.00;0.00;0.00;0.00;0.00;0.00;0.00;0.00;0.00;0.00;0.00;0.00;0.00;0.00;0.00;0.00;0.00;0.00;0.00;0.00;0.00;0.00;0.00;0.00;0.00;0.00;0.00;0.00;0.00;0.00;0.00;0.00;0.00;0.00;0.00;0.00;0.00;0.00;0.00;0.00;0.00;0.00;0.00;0.00;0.00;0.00;0.00;0.00;0.00;0.00;0.00;0.00;0.00;0.00;0.00;0.00;0.00;0.00;0.00;0.00;0.00;0.00;0.00;0.00;0.00;0.00;0.00;0.00;0.00;0.00;0.00;0.00;0.00;0.00;0.00;0.00;0.00;0.00;0.00;0.00;0.00;0.00;0.00;0.00;0.00;0.00;0.00;0.00;0.00;0.00;0.00;0.00;0.00;0.00;0.00;0.00;0.00;0.00;0.00;0.00;0.00;0.00;0.00;0.00;0.00;0.00;0.00;0.00;0.00;0.00;0.00;0.00;0.00;0.00;0.00;0.00;0.00;0.00;0.00;0.00;0.00;0.00;0.00;0.00;0.00
2020-06-16 00:00;0.00;0.00;0.00;0.00;0.00;0.00;0.00;0.00;0.00;0.00;0.00;0.00;0.00;0.00;0.00;0.00;0.00;0.00;0.00;0.00;0.00;0.00;0.00;0.00;0.00;0.00;0.00;0.00;0.00;0.00;0.00;0.00;0.00;0.00;0.00;0.00;0.00;0.00;0.00;0.00;0.00;0.00;0.00;0.00;0.00;0.00;0.00;0.00;0.00;0.00;0.00;0.00;0.00;0.00;0.00;0.00;0.00;0.00;0.00;0.00;0.00;0.00;0.00;0.00;0.00;0.00;0.00;0.00;0.00;0.00;0.00;0.00;0.00;0.00;0.00;0.00;0.00;0.00;0.00;0.00;0.00;0.00;0.00;0.00;0.00;0.00;0.00;0.00;0.00;0.00;0.00;0.00;0.00;0.00;0.00;0.00;0.00;0.00;0.00;0.00;0.00;0.00;0.00;0.00;0.00;0.00;0.00;0.00;0.00;0.00;0.00;0.00;0.00;0.00;0.00;0.00;0.00;0.00;0.00;0.00;0.00;0.00;0.00;0.00;0.00;0.00;0.00;0.00;0.00;0.00;0.00;0.00;0.00;0.00;0.00;0.00;0.00;0.00;0.00;0.00;0.00;0.00;0.00;0.00;0.00;0.00;0.00;0.00;0.00;0.00;0.00;0.00;0.00;0.00;0.00;0.00;0.00;0.00;0.00;0.00;0.00;0.00;0.00;0.00;0.00;0.00;0.00;0.00;0.00;0.00;0.00;0.00;0.00;0.00;0.00;0.00;0.00;0.00;0.00;0.00;0.00;0.00;0.00;0.00;0.00;0.00;0.00;0.00;0.00;0.00;0.00;0.00;0.00;0.00;0.00;0.00;0.00;0.00;0.00;0.00;0.00;0.00;0.00;0.00;0.00;0.00;0.00;0.00;0.00;0.00;0.00;0.00;0.00;0.00;0.00;0.00;0.00;0.00;0.00;0.00;0.00;0.00;0.00;0.00;0.00;0.00;0.00;0.00;0.00;0.00;0.00;0.00;0.00;0.00;0.00;0.00;0.00;0.00;0.00;0.00;0.00;0.00;0.00;0.00;0.00;0.00;0.00;0.00;0.00;0.00;0.00;0.00;0.00;0.00;0.00;0.00;0.00;0.00;0.00;0.00;0.00;0.00;0.00;0.00;0.00;0.00;0.00;0.00;0.00;0.00;0.00;0.00;0.00;0.00;0.00;0.00;0.00;0.00;0.00;0.00;0.00;0.00;0.00;0.00;0.00;0.00;0.00;0.00;0.00;0.00;0.00;0.00;0.00;0.00;0.00;0.00;0.00;0.00;0.00;0.00;0.00;0.00;0.00;0.00;0.00;0.00;0.00;0.00;0.00;0.00;0.00;0.00;0.00;0.00;0.00;0.00;0.00;0.00;0.00;0.00;0.00;0.00;0.00;0.00;0.00;0.00;0.00;0.00;0.00;0.00;0.00;0.00;0.00;0.00;0.00;0.00;0.00;0.00;0.00;0.00;0.00;0.00;0.00;0.00;0.00;0.00;0.00;0.00;0.00;0.00;0.00;0.00;0.00;0.00;0.00;0.00;0.00;0.00;0.00;0.00;0.00;0.00;0.00;0.00;0.00;0.00;0.00;0.00;0.00;0.00;0.00;0.00;0.00;0.00;0.00;0.00;0.00;0.00;0.00;0.00;0.00;0.00;0.00;0.00;0.00;0.00;0.00;0.00;0.00;0.00;0.00;0.00;0.00;0.00;0.00;0.00;0.00;0.00;0.00;0.00;0.00;0.00;0.00;0.00;0.00;0.00;0.00;0.00;0.00;0.00;0.00;0.00;0.00;0.00;0.00;0.00;0.00;0.00;0.00;0.00;0.00;0.00;0.00;0.00;0.00;0.00;0.00;0.00;0.00;0.00;0.00;0.00;0.00;0.00;0.00;0.00;0.00;0.00;0.00;0.00;0.00;0.00;0.00;0.00;0.00;0.00;0.00;0.00;0.00;0.00;0.00;0.00;0.00;0.00;0.00;0.00;0.00;0.00;0.00;0.00;0.00;0.00;0.00;0.00;0.00;0.00;0.00;0.00;0.00;0.00;0.00;0.00;0.00;0.00;0.00;0.00;0.00;0.00;0.00;0.00;0.00;0.00;0.00;0.00;0.00;0.00;0.00;0.00;0.00;0.00;0.00;0.00;0.00;0.00;0.00
2020-06-17 00:00;0.00;0.00;0.00;0.00;0.00;0.00;0.00;0.00;0.00;0.00;0.00;0.00;0.00;0.00;0.00;0.00;0.00;0.00;0.00;0.00;0.00;0.00;0.00;0.00;0.00;0.00;0.00;0.00;0.00;0.00;0.00;0.00;0.00;0.00;0.00;0.00;0.00;0.00;0.00;0.00;0.00;0.00;0.00;0.00;0.00;0.00;0.00;0.00;0.00;0.00;0.00;0.00;0.00;0.00;0.00;0.00;0.00;0.00;0.00;0.00;0.00;0.00;0.00;0.00;0.00;0.00;0.00;0.00;0.00;0.00;0.00;0.00;0.00;0.00;0.00;0.00;0.00;0.00;0.00;0.00;0.00;0.00;0.00;0.00;0.00;0.00;0.00;0.00;0.00;0.00;0.00;0.00;0.00;0.00;0.00;0.00;0.00;0.00;0.00;0.00;0.00;0.00;0.00;0.00;0.00;0.00;0.00;0.00;0.00;0.00;0.00;0.00;0.00;0.00;0.00;0.00;0.00;0.00;0.00;0.00;0.00;0.00;0.00;0.00;0.00;0.00;0.00;0.00;0.00;0.00;0.00;0.00;0.00;0.00;0.00;0.00;0.00;0.00;0.00;0.00;0.00;0.00;0.00;0.00;0.00;0.00;0.00;0.00;0.00;0.00;0.00;0.00;0.00;0.00;0.00;0.00;0.00;0.00;0.00;0.00;0.00;0.00;0.00;0.00;0.00;0.00;0.00;0.00;0.00;0.00;0.00;0.00;0.00;0.00;0.00;0.00;0.00;0.00;0.00;0.00;0.00;0.00;0.00;0.00;0.00;0.00;0.00;0.00;0.00;0.00;0.00;0.00;0.00;0.00;0.00;0.00;0.00;0.00;0.00;0.00;0.00;0.00;0.00;0.00;0.00;0.00;0.00;0.00;0.00;0.00;0.00;0.00;0.00;0.00;0.00;0.00;0.00;0.00;0.00;0.00;0.00;0.00;0.00;0.00;0.00;0.00;0.00;0.00;0.00;0.00;0.00;0.00;0.00;0.00;0.00;0.00;0.00;0.00;0.00;0.00;0.00;0.00;0.00;0.00;0.00;0.00;0.00;0.00;0.00;0.00;0.00;0.00;0.00;0.00;0.00;0.00;0.00;0.00;0.00;0.00;0.00;0.00;0.00;0.00;0.00;0.00;0.00;0.00;0.00;0.00;0.00;0.00;0.00;0.00;0.00;0.00;0.00;0.00;0.00;0.00;0.00;0.00;0.00;0.00;0.00;0.00;0.00;0.00;0.00;0.00;0.00;0.00;0.00;0.00;0.00;0.00;0.00;0.00;0.00;0.00;0.00;0.00;0.00;0.00;0.00;0.00;0.00;0.00;0.00;0.00;0.00;0.00;0.00;0.00;0.00;0.00;0.00;0.00;0.00;0.00;0.00;0.00;0.00;0.00;0.00;0.00;0.00;0.00;0.00;0.00;0.00;0.00;0.00;0.00;0.00;0.00;0.00;0.00;0.00;0.00;0.00;0.00;0.00;0.00;0.00;0.00;0.00;0.00;0.00;0.00;0.00;0.00;0.00;0.00;0.00;0.00;0.00;0.00;0.00;0.00;0.00;0.00;0.00;0.00;0.00;0.00;0.00;0.00;0.00;0.00;0.00;0.00;0.00;0.00;0.00;0.00;0.00;0.00;0.00;0.00;0.00;0.00;0.00;0.00;0.00;0.00;0.00;0.00;0.00;0.00;0.00;0.00;0.00;0.00;0.00;0.00;0.00;0.00;0.00;0.00;0.00;0.00;0.00;0.00;0.00;0.00;0.00;0.00;0.00;0.00;0.00;0.00;0.00;0.00;0.00;0.00;0.00;0.00;0.00;0.00;0.00;0.00;0.00;0.00;0.00;0.00;0.00;0.00;0.00;0.00;0.00;0.00;0.00;0.00;0.00;0.00;0.00;0.00;0.00;0.00;0.00;0.00;0.00;0.00;0.00;0.00;0.00;0.00;0.00;0.00;0.00;0.00;0.00;0.00;0.00;0.00;0.00;0.00;0.00;0.00;0.00;0.00;0.00;0.00;0.00;0.00;0.00;0.00;0.00;0.00;0.00;0.00;0.00;0.00;0.00;0.00;0.00;0.00;0.00;0.00;0.00;0.00;0.00;0.00;0.00;0.00;0.00;0.00;0.00;0.00;0.00;0.00;0.00;0.00;0.00
2020-06-18 00:00;0.00;0.00;0.00;0.00;0.00;0.00;0.00;0.00;0.00;0.00;0.00;0.00;0.00;0.00;0.00;0.00;0.00;0.00;0.00;0.00;0.00;0.00;0.00;0.00;0.00;0.00;0.00;0.00;0.00;0.00;0.00;0.00;0.00;0.00;0.00;0.00;0.00;0.00;0.00;0.00;0.00;0.00;0.00;0.00;0.00;0.00;0.00;0.00;0.00;0.00;0.00;0.00;0.00;0.00;0.00;0.00;0.00;0.00;0.00;0.00;0.00;0.00;0.00;0.00;0.00;0.00;0.00;0.00;0.00;0.00;0.00;0.00;0.00;0.00;0.00;0.00;0.00;0.00;0.00;0.00;0.00;0.00;0.00;0.00;0.00;0.00;0.00;0.00;0.00;0.00;0.00;0.00;0.00;0.00;0.00;0.00;0.00;0.00;0.00;0.00;0.00;0.00;0.00;0.00;0.00;0.00;0.00;0.00;0.00;0.00;0.00;0.00;0.00;0.00;0.00;0.00;0.00;0.00;0.00;0.00;0.00;0.00;0.00;0.00;0.00;0.00;0.00;0.00;0.00;0.00;0.00;0.00;0.00;0.00;0.00;0.00;0.00;0.00;0.00;0.00;0.00;0.00;0.00;0.00;0.00;0.00;0.00;0.00;0.00;0.00;0.00;0.00;0.00;0.00;0.00;0.00;0.00;0.00;0.00;0.00;0.00;0.00;0.00;0.00;0.00;0.00;0.00;0.00;0.00;0.00;0.00;0.00;0.00;0.00;0.00;0.00;0.00;0.00;0.00;0.00;0.00;0.00;0.00;0.00;0.00;0.00;0.00;0.00;0.00;0.00;0.00;0.00;0.00;0.00;0.00;0.00;0.00;0.00;0.00;0.00;0.00;0.00;0.00;0.00;0.00;0.00;0.00;0.00;0.00;0.00;0.00;0.00;0.00;0.00;0.00;0.00;0.00;0.00;0.00;0.00;0.00;0.00;0.00;0.00;0.00;0.00;0.00;0.00;0.00;0.00;0.00;0.00;0.00;0.00;0.00;0.00;0.00;0.00;0.00;0.00;0.00;0.00;0.00;0.00;0.00;0.00;0.00;0.00;0.00;0.00;0.00;0.00;0.00;0.00;0.00;0.00;0.00;0.00;0.00;0.00;0.00;0.00;0.00;0.00;0.00;0.00;0.00;0.00;0.00;0.00;0.00;0.00;0.00;0.00;0.00;0.00;0.00;0.00;0.00;0.00;0.00;0.00;0.00;0.00;0.00;0.00;0.00;0.00;0.00;0.00;0.00;0.00;0.00;0.00;0.00;0.00;0.00;0.00;0.00;0.00;0.00;0.00;0.00;0.00;0.00;0.00;0.00;0.00;0.00;0.00;0.00;0.00;0.00;0.00;0.00;0.00;0.00;0.00;0.00;0.00;0.00;0.00;0.00;0.00;0.00;0.00;0.00;0.00;0.00;0.00;0.00;0.00;0.00;0.00;0.00;0.00;0.00;0.00;0.00;0.00;0.00;0.00;0.00;0.00;0.00;0.00;0.00;0.00;0.00;0.00;0.00;0.00;0.00;0.00;0.00;0.00;0.00;0.00;0.00;0.00;0.00;0.00;0.00;0.00;0.00;0.00;0.00;0.00;0.00;0.00;0.00;0.00;0.00;0.00;0.00;0.00;0.00;0.00;0.00;0.00;0.00;0.00;0.00;0.00;0.00;0.00;0.00;0.00;0.00;0.00;0.00;0.00;0.00;0.00;0.00;0.00;0.00;0.00;0.00;0.00;0.00;0.00;0.00;0.00;0.00;0.00;0.00;0.00;0.00;0.00;0.00;0.00;0.00;0.00;0.00;0.00;0.00;0.00;0.00;0.00;0.00;0.00;0.00;0.00;0.00;0.00;0.00;0.00;0.00;0.00;0.00;0.00;0.00;0.00;0.00;0.00;0.00;0.00;0.00;0.00;0.00;0.00;0.00;0.00;0.00;0.00;0.00;0.00;0.00;0.00;0.00;0.00;0.00;0.00;0.00;0.00;0.00;0.00;0.00;0.00;0.00;0.00;0.00;0.00;0.00;0.00;0.00;0.00;0.00;0.00;0.00;0.00;0.00;0.00;0.00;0.00;0.00;0.00;0.00;0.00;0.00;0.00;0.00;0.00;0.00;0.00;0.00;0.00;0.00;0.00;0.00;0.00;0.00;0.00;0.00
2020-06-19 00:00;0.00;0.00;0.00;0.00;0.00;0.00;0.00;0.00;0.00;0.00;0.00;0.00;0.00;0.00;0.00;0.00;0.00;0.00;0.00;0.00;0.00;0.00;0.00;0.00;0.00;0.00;0.00;0.00;0.00;0.00;0.00;0.00;0.00;0.00;0.00;0.00;0.00;0.00;0.00;0.00;0.00;0.00;0.00;0.00;0.00;0.00;0.00;0.00;0.00;0.00;0.00;0.00;0.00;0.00;0.00;0.00;0.00;0.00;0.00;0.00;0.00;0.00;0.00;0.00;0.00;0.00;0.00;0.00;0.00;0.00;0.00;0.00;0.00;0.00;0.00;0.00;0.00;0.00;0.00;0.00;0.00;0.00;0.00;0.00;0.00;0.00;0.00;0.00;0.00;0.00;0.00;0.00;0.00;0.00;0.00;0.00;0.00;0.00;0.00;0.00;0.00;0.00;0.00;0.00;0.00;0.00;0.00;0.00;0.00;0.00;0.00;0.00;0.00;0.00;0.00;0.00;0.00;0.00;0.00;0.00;0.00;0.00;0.00;0.00;0.00;0.00;0.00;0.00;0.00;0.00;0.00;0.00;0.00;0.00;0.00;0.00;0.00;0.00;0.00;0.00;0.00;0.00;0.00;0.00;0.00;0.00;0.00;0.00;0.00;0.00;0.00;0.00;0.00;0.00;0.00;0.00;0.00;0.00;0.00;0.00;0.00;0.00;0.00;0.00;0.00;0.00;0.00;0.00;0.00;0.00;0.00;0.00;0.00;0.00;0.00;0.00;0.00;0.00;0.00;0.00;0.00;0.00;0.00;0.00;0.00;0.00;0.00;0.00;0.00;0.00;0.00;0.00;0.00;0.00;0.00;0.00;0.00;0.00;0.00;0.00;0.00;0.00;0.00;0.00;0.00;0.00;0.00;0.00;0.00;0.00;0.00;0.00;0.00;0.00;0.00;0.00;0.00;0.00;0.00;0.00;0.00;0.00;0.00;0.00;0.00;0.00;0.00;0.00;0.00;0.00;0.00;0.00;0.00;0.00;0.00;0.00;0.00;0.00;0.00;0.00;0.00;0.00;0.00;0.00;0.00;0.00;0.00;0.00;0.00;0.00;0.00;0.00;0.00;0.00;0.00;0.00;0.00;0.00;0.00;0.00;0.00;0.00;0.00;0.00;0.00;0.00;0.00;0.00;0.00;0.00;0.00;0.00;0.00;0.00;0.00;0.00;0.00;0.00;0.00;0.00;0.00;0.00;0.00;0.00;0.00;0.00;0.00;0.00;0.00;0.00;0.00;0.00;0.00;0.00;0.00;0.00;0.00;0.00;0.00;0.00;0.00;0.00;0.00;0.00;0.00;0.00;0.00;0.00;0.00;0.00;0.00;0.00;0.00;0.00;0.00;0.00;0.00;0.00;0.00;0.00;0.00;0.00;0.00;0.00;0.00;0.00;0.00;0.00;0.00;0.00;0.00;0.00;0.00;0.00;0.00;0.00;0.00;0.00;0.00;0.00;0.00;0.00;0.00;0.00;0.00;0.00;0.00;0.00;0.00;0.00;0.00;0.00;0.00;0.00;0.00;0.00;0.00;0.00;0.00;0.00;0.00;0.00;0.00;0.00;0.00;0.00;0.00;0.00;0.00;0.00;0.00;0.00;0.00;0.00;0.00;0.00;0.00;0.00;0.00;0.00;0.00;0.00;0.00;0.00;0.00;0.00;0.00;0.00;0.00;0.00;0.00;0.00;0.00;0.00;0.00;0.00;0.00;0.00;0.00;0.00;0.00;0.00;0.00;0.00;0.00;0.00;0.00;0.00;0.00;0.00;0.00;0.00;0.00;0.00;0.00;0.00;0.00;0.00;0.00;0.00;0.00;0.00;0.00;0.00;0.00;0.00;0.00;0.00;0.00;0.00;0.00;0.00;0.00;0.00;0.00;0.00;0.00;0.00;0.00;0.00;0.00;0.00;0.00;0.00;0.00;0.00;0.00;0.00;0.00;0.00;0.00;0.00;0.00;0.00;0.00;0.00;0.00;0.00;0.00;0.00;0.00;0.00;0.00;0.00;0.00;0.00;0.00;0.00;0.00;0.00;0.00;0.00;0.00;0.00;0.00;0.00;0.00;0.00;0.00;0.00;0.00;0.00;0.00;0.00;0.00;0.00;0.00;0.00;0.00;0.00;0.00;0.00;0.00;0.00;0.00
2020-06-20 00:00;0.00;0.00;0.00;0.00;0.00;0.00;0.00;0.00;0.00;0.00;0.00;0.00;0.00;0.00;0.00;0.00;0.00;0.00;0.00;0.00;0.00;0.00;0.00;0.00;0.00;0.00;0.00;0.00;0.00;0.00;0.00;0.00;0.00;0.00;0.00;0.00;0.00;0.00;0.00;0.00;0.00;0.00;0.00;0.00;0.00;0.00;0.00;0.00;0.00;0.00;0.00;0.00;0.00;0.00;0.00;0.00;0.00;0.00;0.00;0.00;0.00;0.00;0.00;0.00;0.00;0.00;0.00;0.00;0.00;0.00;0.00;0.00;0.00;0.00;0.00;0.00;0.00;0.00;0.00;0.00;0.00;0.00;0.00;0.00;0.00;0.00;0.00;0.00;0.00;0.00;0.00;0.00;0.00;0.00;0.00;0.00;0.00;0.00;0.00;0.00;0.00;0.00;0.00;0.00;0.00;0.00;0.00;0.00;0.00;0.00;0.00;0.00;0.00;0.00;0.00;0.00;0.00;0.00;0.00;0.00;0.00;0.00;0.00;0.00;0.00;0.00;0.00;0.00;0.00;0.00;0.00;0.00;0.00;0.00;0.00;0.00;0.00;0.00;0.00;0.00;0.00;0.00;0.00;0.00;0.00;0.00;0.00;0.00;0.00;0.00;0.00;0.00;0.00;0.00;0.00;0.00;0.00;0.00;0.00;0.00;0.00;0.00;0.00;0.00;0.00;0.00;0.00;0.00;0.00;0.00;0.00;0.00;0.00;0.00;0.00;0.00;0.00;0.00;0.00;0.00;0.00;0.00;0.00;0.00;0.00;0.00;0.00;0.00;0.00;0.00;0.00;0.00;0.00;0.00;0.00;0.00;0.00;0.00;0.00;0.00;0.00;0.00;0.00;0.00;0.00;0.00;0.00;0.00;0.00;0.00;0.00;0.00;0.00;0.00;0.00;0.00;0.00;0.00;0.00;0.00;0.00;0.00;0.00;0.00;0.00;0.00;0.00;0.00;0.00;0.00;0.00;0.00;0.00;0.00;0.00;0.00;0.00;0.00;0.00;0.00;0.00;0.00;0.00;0.00;0.00;0.00;0.00;0.00;0.00;0.00;0.00;0.00;0.00;0.00;0.00;0.00;0.00;0.00;0.00;0.00;0.00;0.00;0.00;0.00;0.00;0.00;0.00;0.00;0.00;0.00;0.00;0.00;0.00;0.00;0.00;0.00;0.00;0.00;0.00;0.00;0.00;0.00;0.00;0.00;0.00;0.00;0.00;0.00;0.00;0.00;0.00;0.00;0.00;0.00;0.00;0.00;0.00;0.00;0.00;0.00;0.00;0.00;0.00;0.00;0.00;0.00;0.00;0.00;0.00;0.00;0.00;0.00;0.00;0.00;0.00;0.00;0.00;0.00;0.00;0.00;0.00;0.00;0.00;0.00;0.00;0.00;0.00;0.00;0.00;0.00;0.00;0.00;0.00;0.00;0.00;0.00;0.00;0.00;0.00;0.00;0.00;0.00;0.00;0.00;0.00;0.00;0.00;0.00;0.00;0.00;0.00;0.00;0.00;0.00;0.00;0.00;0.00;0.00;0.00;0.00;0.00;0.00;0.00;0.00;0.00;0.00;0.00;0.00;0.00;0.00;0.00;0.00;0.00;0.00;0.00;0.00;0.00;0.00;0.00;0.00;0.00;0.00;0.00;0.00;0.00;0.00;0.00;0.00;0.00;0.00;0.00;0.00;0.00;0.00;0.00;0.00;0.00;0.00;0.00;0.00;0.00;0.00;0.00;0.00;0.00;0.00;0.00;0.00;0.00;0.00;0.00;0.00;0.00;0.00;0.00;0.00;0.00;0.00;0.00;0.00;0.00;0.00;0.00;0.00;0.00;0.00;0.00;0.00;0.00;0.00;0.00;0.00;0.00;0.00;0.00;0.00;0.00;0.00;0.00;0.00;0.00;0.00;0.00;0.00;0.00;0.00;0.00;0.00;0.00;0.00;0.00;0.00;0.00;0.00;0.00;0.00;0.00;0.00;0.00;0.00;0.00;0.00;0.00;0.00;0.00;0.00;0.00;0.00;0.00;0.00;0.00;0.00;0.00;0.00;0.00;0.00;0.00;0.00;0.00;0.00;0.00;0.00;0.00;0.00;0.00;0.00;0.00;0.00;0.00;0.00;0.00;0.00;0.00;0.00;0.00
2020-06-21 00:00;0.00;0.00;0.00;0.00;0.00;0.00;0.00;0.00;0.00;0.00;0.00;0.00;0.00;0.00;0.00;0.00;0.00;0.00;0.00;0.00;0.00;0.00;0.00;0.00;0.00;0.00;0.00;0.00;0.00;0.00;0.00;0.00;0.00;0.00;0.00;0.00;0.00;0.00;0.00;0.00;0.00;0.00;0.00;0.00;0.00;0.00;0.00;0.00;0.00;0.00;0.00;0.00;0.00;0.00;0.00;0.00;0.00;0.00;0.00;0.00;0.00;0.00;0.00;0.00;0.00;0.00;0.00;0.00;0.00;0.00;0.00;0.00;0.00;0.00;0.00;0.00;0.00;0.00;0.00;0.00;0.00;0.00;0.00;0.00;0.00;0.00;0.00;0.00;0.00;0.00;0.00;0.00;0.00;0.00;0.00;0.00;0.00;0.00;0.00;0.00;0.00;0.00;0.00;0.00;0.00;0.00;0.00;0.00;0.00;0.00;0.00;0.00;0.00;0.00;0.00;0.00;0.00;0.00;0.00;0.00;0.00;0.00;0.00;0.00;0.00;0.00;0.00;0.00;0.00;0.00;0.00;0.00;0.00;0.00;0.00;0.00;0.00;0.00;0.00;0.00;0.00;0.00;0.00;0.00;0.00;0.00;0.00;0.00;0.00;0.00;0.00;0.00;0.00;0.00;0.00;0.00;0.00;0.00;0.00;0.00;0.00;0.00;0.00;0.00;0.00;0.00;0.00;0.00;0.00;0.00;0.00;0.00;0.00;0.00;0.00;0.00;0.00;0.00;0.00;0.00;0.00;0.00;0.00;0.00;0.00;0.00;0.00;0.00;0.00;0.00;0.00;0.00;0.00;0.00;0.00;0.00;0.00;0.00;0.00;0.00;0.00;0.00;0.00;0.00;0.00;0.00;0.00;0.00;0.00;0.00;0.00;0.00;0.00;0.00;0.00;0.00;0.00;0.00;0.00;0.00;0.00;0.00;0.00;0.00;0.00;0.00;0.00;0.00;0.00;0.00;0.00;0.00;0.00;0.00;0.00;0.00;0.00;0.00;0.00;0.00;0.00;0.00;0.00;0.00;0.00;0.00;0.00;0.00;0.00;0.00;0.00;0.00;0.00;0.00;0.00;0.00;0.00;0.00;0.00;0.00;0.00;0.00;0.00;0.00;0.00;0.00;0.00;0.00;0.00;0.00;0.00;0.00;0.00;0.00;0.00;0.00;0.00;0.00;0.00;0.00;0.00;0.00;0.00;0.00;0.00;0.00;0.00;0.00;0.00;0.00;0.00;0.00;0.00;0.00;0.00;0.00;0.00;0.00;0.00;0.00;0.00;0.00;0.00;0.00;0.00;0.00;0.00;0.00;0.00;0.00;0.00;0.00;0.00;0.00;0.00;0.00;0.00;0.00;0.00;0.00;0.00;0.00;0.00;0.00;0.00;0.00;0.00;0.00;0.00;0.00;0.00;0.00;0.00;0.00;0.00;0.00;0.00;0.00;0.00;0.00;0.00;0.00;0.00;0.00;0.00;0.00;0.00;0.00;0.00;0.00;0.00;0.00;0.00;0.00;0.00;0.00;0.00;0.00;0.00;0.00;0.00;0.00;0.00;0.00;0.00;0.00;0.00;0.00;0.00;0.00;0.00;0.00;0.00;0.00;0.00;0.00;0.00;0.00;0.00;0.00;0.00;0.00;0.00;0.00;0.00;0.00;0.00;0.00;0.00;0.00;0.00;0.00;0.00;0.00;0.00;0.00;0.00;0.00;0.00;0.00;0.00;0.00;0.00;0.00;0.00;0.00;0.00;0.00;0.00;0.00;0.00;0.00;0.00;0.00;0.00;0.00;0.00;0.00;0.00;0.00;0.00;0.00;0.00;0.00;0.00;0.00;0.00;0.00;0.00;0.00;0.00;0.00;0.00;0.00;0.00;0.00;0.00;0.00;0.00;0.00;0.00;0.00;0.00;0.00;0.00;0.00;0.00;0.00;0.00;0.00;0.00;0.00;0.00;0.00;0.00;0.00;0.00;0.00;0.00;0.00;0.00;0.00;0.00;0.00;0.00;0.00;0.00;0.00;0.00;0.00;0.00;0.00;0.00;0.00;0.00;0.00;0.00;0.00;0.00;0.00;0.00;0.00;0.00;0.00;0.00;0.00;0.00;0.00;0.00;0.00;0.00;0.00;0.00;0.00;0.00
2020-06-22 00:00;0.00;0.00;0.00;0.00;0.00;0.00;0.00;0.00;0.00;0.00;0.00;0.00;0.00;0.00;0.00;0.00;0.00;0.00;0.00;0.00;0.00;0.00;0.00;0.00;0.00;0.00;0.00;0.00;0.00;0.00;0.00;0.00;0.00;0.00;0.00;0.00;0.00;0.00;0.00;0.00;0.00;0.00;0.00;0.00;0.00;0.00;0.00;0.00;0.00;0.00;0.00;0.00;0.00;0.00;0.00;0.00;0.00;0.00;0.00;0.00;0.00;0.00;0.00;0.00;0.00;0.00;0.00;0.00;0.00;0.00;0.00;0.00;0.00;0.00;0.00;0.00;0.00;0.00;0.00;0.00;0.00;0.00;0.00;0.00;0.00;0.00;0.00;0.00;0.00;0.00;0.00;0.00;0.00;0.00;0.00;0.00;0.00;0.00;0.00;0.00;0.00;0.00;0.00;0.00;0.00;0.00;0.00;0.00;0.00;0.00;0.00;0.00;0.00;0.00;0.00;0.00;0.00;0.00;0.00;0.00;0.00;0.00;0.00;0.00;0.00;0.00;0.00;0.00;0.00;0.00;0.00;0.00;0.00;0.00;0.00;0.00;0.00;0.00;0.00;0.00;0.00;0.00;0.00;0.00;0.00;0.00;0.00;0.00;0.00;0.00;0.00;0.00;0.00;0.00;0.00;0.00;0.00;0.00;0.00;0.00;0.00;0.00;0.00;0.00;0.00;0.00;0.00;0.00;0.00;0.00;0.00;0.00;0.00;0.00;0.00;0.00;0.00;0.00;0.00;0.00;0.00;0.00;0.00;0.00;0.00;0.00;0.00;0.00;0.00;0.00;0.00;0.00;0.00;0.00;0.00;0.00;0.00;0.00;0.00;0.00;0.00;0.00;0.00;0.00;0.00;0.00;0.01;0.01;0.00;0.00;0.00;0.00;0.00;0.00;0.00;0.01;0.00;0.00;0.00;0.00;0.00;0.00;0.00;0.00;0.00;0.00;0.00;0.00;0.00;0.00;0.00;0.00;0.00;0.00;0.00;0.00;0.00;0.00;0.00;0.00;0.00;0.00;0.00;0.00;0.00;0.00;0.00;0.00;0.00;0.00;0.00;0.00;0.00;0.00;0.00;0.00;0.00;0.00;0.00;0.00;0.00;0.00;0.00;0.00;0.00;0.00;0.00;0.00;0.00;0.00;0.00;0.00;0.00;0.00;0.00;0.00;0.00;0.00;0.00;0.00;0.00;0.00;0.00;0.00;0.00;0.00;0.00;0.00;0.00;0.00;0.00;0.00;0.00;0.00;0.00;0.00;0.00;0.00;0.00;0.00;0.00;0.00;0.00;0.00;0.00;0.00;0.00;0.00;0.00;0.00;0.00;0.00;0.00;0.00;0.00;0.00;0.00;0.00;0.00;0.00;0.00;0.00;0.00;0.00;0.00;0.00;0.00;0.00;0.00;0.00;0.00;0.00;0.00;0.00;0.00;0.00;0.00;0.00;0.00;0.00;0.00;0.00;0.00;0.00;0.00;0.00;0.00;0.00;0.00;0.00;0.00;0.00;0.00;0.01;0.02;0.00;0.00;0.00;0.00;0.00;0.00;0.00;0.00;0.00;0.00;0.00;0.00;0.00;0.00;0.00;0.00;0.00;0.00;0.00;0.00;0.00;0.00;0.00;0.00;0.00;0.00;0.00;0.00;0.00;0.00;0.00;0.00;0.00;0.00;0.00;0.00;0.00;0.00;0.00;0.00;0.00;0.00;0.00;0.00;0.00;0.00;0.00;0.00;0.00;0.00;0.00;0.00;0.00;0.00;0.00;0.00;0.00;0.00;0.00;0.00;0.00;0.00;0.00;0.00;0.00;0.00;0.00;0.00;0.00;0.00;0.00;0.00;0.00;0.00;0.00;0.00;0.00;0.00;0.00;0.00;0.00;0.00;0.00;0.00;0.00;0.00;0.00;0.00;0.00;0.00;0.00;0.00;0.00;0.00;0.00;0.00;0.00;0.00;0.00;0.00;0.00;0.00;0.00;0.00;0.00;0.00;0.00;0.00;0.00;0.00;0.00;0.00;0.00;0.00;0.00;0.00;0.00;0.00;0.00;0.00;0.00;0.00;0.00;0.00;0.00;0.00;0.00;0.00;0.00;0.00;0.00;0.00;0.00;0.00;0.00;0.00;0.00;0.00;0.00;0.00
2020-06-23 00:00;0.08;0.05;0.00;0.03;0.09;0.08;0.01;0.01;0.03;0.02;0.01;0.01;0.02;0.10;0.00;0.05;0.00;0.00;0.00;0.00;0.00;0.00;0.00;0.00;0.00;0.00;0.00;0.00;0.00;0.00;0.00;0.00;0.00;0.00;0.00;0.00;0.00;0.00;0.00;0.00;0.00;0.00;0.00;0.00;0.00;0.00;0.00;0.00;0.00;0.00;0.00;0.00;0.00;0.00;0.00;0.00;0.00;0.00;0.00;0.00;0.00;0.00;0.00;0.00;0.00;0.00;0.00;0.00;0.00;0.00;0.00;0.00;0.00;0.00;0.00;0.00;0.00;0.00;0.00;0.00;0.00;0.00;0.00;0.00;0.00;0.00;0.00;0.00;0.00;0.00;0.00;0.00;0.00;0.00;0.00;0.00;0.00;0.00;0.00;0.00;0.00;0.00;0.00;0.00;0.00;0.00;0.00;0.00;0.00;0.00;0.00;0.00;0.00;0.00;0.00;0.00;0.00;0.00;0.00;0.00;0.00;0.00;0.00;0.00;0.00;0.00;0.00;0.00;0.00;0.00;0.00;0.00;0.00;0.00;0.00;0.00;0.00;0.00;0.00;0.00;0.00;0.00;0.00;0.00;0.00;0.00;0.00;0.00;0.00;0.00;0.00;0.00;0.00;0.00;0.00;0.00;0.00;0.00;0.00;0.00;0.00;0.00;0.00;0.00;0.00;0.00;0.00;0.00;0.00;0.00;0.00;0.00;0.00;0.00;0.00;0.00;0.00;0.00;0.00;0.00;0.00;0.00;0.00;0.01;0.00;0.01;0.00;0.02;0.00;0.00;0.00;0.00;0.00;0.00;0.00;0.00;0.00;0.00;0.00;0.00;0.00;0.00;0.00;0.00;0.00;0.01;0.21;0.03;0.01;0.00;0.00;0.00;0.00;0.01;0.01;0.05;0.01;0.01;0.00;0.01;0.01;0.02;0.00;0.04;0.03;0.03;0.03;0.06;0.00;0.03;0.07;0.07;0.02;0.05;0.00;0.02;0.00;0.02;0.00;0.05;0.00;0.01;0.01;0.01;0.07;0.00;0.35;0.20;0.00;0.28;0.07;0.01;0.06;0.00;0.04;0.00;0.05;0.03;0.04;0.00;0.00;0.00;0.00;0.00;0.12;0.00;0.00;0.01;0.00;0.00;0.00;0.15;0.00;0.08;0.06;0.07;0.12;0.04;0.00;0.04;0.05;0.09;0.00;0.00;0.00;0.00;0.00;0.00;0.00;0.00;0.01;0.01;0.10;0.07;0.00;0.11;0.12;0.00;0.00;0.00;0.12;0.00;0.04;0.00;0.00;0.00;0.09;0.00;0.06;0.00;0.06;0.03;0.11;0.25;0.13;0.04;0.00;0.00;0.00;0.00;0.00;0.00;0.03;0.03;0.00;0.00;0.00;0.00;0.30;0.00;0.05;0.03;0.00;0.00;0.00;0.00;0.00;0.00;0.00;0.01;0.00;0.00;0.02;0.02;0.06;0.09;0.12;0.04;0.17;0.02;0.08;0.36;0.00;0.73;0.77;0.09;1.21;0.03;1.54;0.01;0.30;0.00;0.00;0.00;0.00;0.00;0.07;0.00;0.00;0.00;0.03;0.09;0.00;0.00;0.00;0.03;0.00;0.06;0.02;0.04;0.03;0.01;0.00;0.01;0.00;0.00;0.08;0.03;0.02;0.00;0.03;0.00;0.01;0.10;0.00;0.00;0.17;0.02;0.08;0.00;0.01;0.00;0.10;0.02;0.00;0.00;0.00;0.04;0.00;0.01;0.00;0.00;0.00;0.00;0.00;0.00;0.00;0.00;0.00;0.00;0.00;0.00;0.00;0.00;0.00;0.00;0.00;0.00;0.00;0.00;0.00;0.00;0.00;0.00;0.00;0.00;0.00;0.00;0.00;0.00;0.00;0.00;0.00;0.00;0.00;0.00;0.00;0.00;0.00;0.00;0.00;0.00;0.00;0.00;0.00;0.00;0.00;0.00;0.00;0.00;0.00;0.00;0.00;0.00;0.00;0.00;0.00;0.00;0.00;0.00;0.00;0.00;0.00;0.00;0.00;0.00;0.00;0.00;0.00;0.00;0.00;0.00;0.00;0.00;0.00;0.00;0.00;0.00;0.00;0.00;0.00;0.00;0.00;0.00;0.00
2020-06-24 00:00;8.32;3.22;2.68;3.41;8.71;7.84;0.99;1.79;3.27;1.78;0.57;5.83;4.18;9.80;0.33;4.90;2.90;1.31;0.67;0.08;0.00;1.48;1.74;0.00;0.04;0.42;1.64;3.63;0.07;0.17;0.00;0.42;0.42;0.06;0.10;0.00;4.64;1.11;1.74;0.09;0.10;0.00;2.59;1.60;4.24;1.76;1.28;0.91;0.11;3.84;2.28;6.40;2.56;0.30;0.25;0.00;0.00;0.15;0.00;3.06;2.78;0.00;5.84;0.12;5.80;2.41;5.77;5.92;6.40;0.37;4.51;5.77;6.40;1.42;0.17;0.71;3.21;0.00;0.04;0.00;2.62;0.97;0.04;0.12;0.00;5.52;0.67;2.30;0.00;3.87;0.00;1.81;0.53;0.69;0.00;1.55;0.60;0.53;0.07;0.06;0.19;0.15;0.84;0.92;1.23;0.23;0.33;0.52;0.81;1.71;1.37;1.05;2.48;2.00;4.99;5.99;6.53;2.03;1.09;1.68;0.10;1.12;0.00;3.94;2.76;0.05;0.08;0.00;1.21;2.73;1.85;0.96;0.93;2.18;0.00;0.37;0.23;1.98;1.52;3.56;0.92;0.13;1.59;0.56;1.19;3.75;0.52;1.77;0.07;0.07;0.00;1.44;0.96;1.44;1.59;1.72;0.10;0.30;4.97;1.80;1.91;0.34;0.24;0.22;1.02;0.32;0.51;0.13;0.03;0.99;0.41;0.00;0.30;0.00;0.00;0.18;0.00;0.28;1.02;0.37;0.03;0.32;0.00;0.40;0.42;0.99;0.17;1.54;0.28;0.29;0.13;0.23;0.08;0.11;0.00;0.00;0.05;0.15;0.02;0.14;0.00;0.13;0.08;0.10;0.06;0.38;1.47;0.64;0.37;0.00;0.00;0.00;0.00;0.16;0.15;0.82;0.08;0.20;0.05;0.21;0.44;0.25;0.00;0.28;0.10;0.17;0.11;0.19;0.00;0.10;0.21;0.23;0.08;0.51;0.00;0.12;0.00;0.14;0.11;0.24;0.00;0.02;0.21;0.04;0.23;0.00;0.62;0.33;0.00;0.55;0.11;0.03;0.14;0.00;0.14;0.00;0.02;0.09;0.12;0.00;0.00;0.00;0.00;0.00;0.31;0.00;0.00;0.11;0.00;0.04;0.00;0.34;0.00;0.12;0.11;0.16;0.32;0.09;0.00;0.11;0.13;0.24;0.00;0.00;0.00;0.00;0.00;0.00;0.00;0.16;0.20;0.26;0.26;0.18;0.00;0.40;0.21;0.00;0.00;0.00;0.16;0.00;0.19;0.00;0.01;0.17;0.30;0.00;0.18;0.01;0.16;0.06;0.18;0.41;0.21;0.00;0.00;0.00;0.09;0.00;0.00;0.00;0.11;0.09;0.01;0.00;0.05;0.00;1.00;0.00;0.60;0.09;0.00;0.00;0.00;0.00;0.00;0.00;0.00;0.06;0.00;0.09;0.09;0.05;0.20;0.32;0.55;0.15;0.59;0.02;0.38;1.30;0.00;3.05;3.62;3.41;4.23;0.01;5.30;0.04;1.04;0.02;0.00;0.00;0.00;0.00;0.04;0.31;0.00;0.00;0.10;0.31;0.00;2.79;0.00;0.00;0.00;0.22;0.26;0.14;0.09;3.23;0.00;0.31;0.00;0.00;0.07;0.11;0.08;0.04;0.10;0.00;0.17;0.35;0.03;0.00;0.58;0.09;0.28;0.12;0.14;0.00;0.59;0.12;0.00;0.00;0.00;0.44;0.11;0.21;0.00;0.12;0.07;0.19;0.05;0.11;0.13;0.30;0.30;0.00;0.23;0.21;0.14;0.17;0.14;0.12;0.15;0.00;4.44;1.30;1.75;0.95;0.27;0.00;0.00;0.00;0.00;0.51;0.08;0.30;0.14;0.93;0.57;1.48;0.06;0.12;0.00;0.27;0.21;0.00;0.57;0.02;0.03;0.28;1.31;0.61;0.10;2.11;0.00;0.45;0.10;2.00;0.31;0.00;4.77;0.22;0.09;2.86;0.00;0.60;0.83;0.92;0.44;0.31;0.02;0.07;0.50;0.00;0.17;0.43;0.06;0.91;0.34;0.70;2.02;0.31;6.02;1.44;2.57;0.42;0.22;0.31;1.01;0.00;1.60
2020-06-25 00:00;0.00;0.00;0.00;0.00;0.00;0.00;0.00;0.00;0.00;0.00;0.00;0.00;0.00;0.00;0.00;0.00;0.00;0.00;0.00;0.00;0.00;0.00;0.00;0.00;0.00;0.00;0.00;0.00;0.00;0.00;0.00;0.00;0.00;0.00;0.00;0.00;0.00;0.00;0.00;0.00;0.00;0.00;0.00;0.00;0.00;0.00;0.00;0.00;0.00;0.00;0.00;0.00;0.00;0.00;0.00;0.00;0.00;0.00;0.00;0.00;0.00;0.00;0.00;0.00;0.00;0.00;0.00;0.00;0.00;0.00;0.00;0.00;0.00;0.00;0.00;0.00;0.00;0.00;0.00;0.00;0.00;0.00;0.00;0.00;0.00;0.00;0.00;0.00;0.00;0.00;0.00;0.00;0.00;0.00;0.00;0.00;0.00;0.00;0.00;0.00;0.00;0.00;0.00;0.00;0.00;0.00;0.00;0.00;0.00;0.00;0.00;0.00;0.00;0.00;0.00;0.00;0.00;0.00;0.00;0.00;0.00;0.00;0.00;0.00;0.00;0.00;0.00;0.00;0.00;0.00;0.00;0.00;0.00;0.00;0.00;0.00;0.00;0.00;0.00;0.00;0.00;0.00;0.00;0.00;0.00;0.00;0.00;0.00;0.00;0.00;0.00;0.00;0.00;0.00;0.00;0.00;0.00;0.00;0.00;0.00;0.00;0.00;0.00;0.00;0.00;0.00;0.00;0.00;0.00;0.00;0.00;0.00;0.00;0.00;0.00;0.00;0.00;0.00;0.00;0.00;0.00;0.00;0.00;0.00;0.00;0.00;0.00;0.00;0.00;0.00;0.00;0.00;0.00;0.00;0.00;0.00;0.00;0.00;0.00;0.00;0.00;0.00;0.00;0.00;0.00;0.00;0.00;0.00;0.00;0.00;0.00;0.00;0.00;0.00;0.00;0.00;0.00;0.00;0.00;0.00;0.00;0.00;0.00;0.00;0.00;0.00;0.00;0.00;0.00;0.00;0.00;0.00;0.00;0.00;0.00;0.00;0.00;0.00;0.00;0.00;0.00;0.00;0.00;0.00;0.00;0.00;0.00;0.00;0.00;0.00;0.00;0.00;0.00;0.00;0.00;0.00;0.00;0.00;0.00;0.00;0.00;0.00;0.00;0.00;0.00;0.00;0.00;0.00;0.00;0.00;0.00;0.00;0.00;0.00;0.00;0.00;0.00;0.00;0.00;0.00;0.00;0.00;0.00;0.00;0.00;0.00;0.00;0.00;0.00;0.00;0.00;0.00;0.00;0.00;0.00;0.00;0.00;0.00;0.00;0.00;0.00;0.00;0.00;0.00;0.00;0.00;0.00;0.00;0.00;0.00;0.00;0.00;0.00;0.00;0.00;0.00;0.00;0.00;0.00;0.00;0.00;0.00;0.00;0.00;0.00;0.00;0.00;0.00;0.00;0.00;0.00;0.00;0.00;0.00;0.00;0.00;0.00;0.00;0.00;0.00;0.00;0.00;0.00;0.00;0.00;0.00;0.00;0.00;0.00;0.00;0.00;0.00;0.00;0.00;0.00;0.00;0.00;0.00;0.00;0.00;0.00;0.00;0.00;0.00;0.00;0.00;0.00;0.00;0.00;0.00;0.00;0.00;0.00;0.00;0.00;0.00;0.00;0.00;0.00;0.00;0.00;0.00;0.00;0.00;0.00;0.00;0.00;0.00;0.00;0.00;0.00;0.00;0.00;0.00;0.00;0.00;0.00;0.00;0.00;0.00;0.00;0.00;0.00;0.00;0.00;0.00;0.00;0.00;0.00;0.00;0.00;0.00;0.00;0.00;0.00;0.00;0.00;0.00;0.00;0.00;0.00;0.00;0.00;0.00;0.00;0.00;0.00;0.00;0.00;0.00;0.00;0.00;0.00;0.00;0.00;0.00;0.00;0.00;0.00;0.00;0.00;0.00;0.00;0.00;0.00;0.00;0.00;0.00;0.00;0.00;0.00;0.00;0.00;0.00;0.00;0.00;0.00;0.00;0.00;0.00;0.00;0.00;0.00;0.00;0.00;0.00;0.00;0.00;0.00;0.00;0.00;0.00;0.00;0.00;0.00;0.00;0.00;0.00;0.00;0.00;0.00;0.00;0.00;0.00;0.00;0.00;0.00;0.00;0.00;0.00;0.00;0.00;0.00;0.00;0.00
2020-06-26 00:00;0.00;0.04;0.00;0.00;0.00;0.00;0.00;0.02;0.00;0.00;0.00;0.13;0.09;0.00;0.00;0.00;0.13;0.03;0.02;0.00;0.00;0.04;0.04;0.00;0.00;0.01;0.04;0.09;0.00;0.01;0.00;0.01;0.01;0.00;0.00;0.00;0.00;0.03;0.03;0.00;0.00;0.00;0.08;0.03;0.13;0.03;0.04;0.03;0.00;0.12;0.05;0.20;0.08;0.01;0.01;0.00;0.00;0.00;0.00;0.09;0.07;0.00;0.18;0.00;0.18;0.06;0.18;0.17;0.20;0.01;0.14;0.17;0.20;0.04;0.01;0.02;0.08;0.00;0.00;0.00;0.08;0.00;0.00;0.00;0.00;0.10;0.02;0.06;0.00;0.10;0.00;0.04;0.02;0.02;0.00;0.03;0.02;0.00;0.00;0.00;0.00;0.00;0.01;0.03;0.03;0.01;0.01;0.01;0.03;0.04;0.04;0.02;0.07;0.05;0.14;0.14;0.14;0.03;0.02;0.02;0.00;0.02;0.00;0.08;0.04;0.00;0.00;0.00;0.03;0.03;0.04;0.02;0.02;0.00;0.00;0.01;0.00;0.04;0.02;0.08;0.01;0.00;0.03;0.01;0.03;0.06;0.01;0.03;0.00;0.00;0.00;0.03;0.02;0.03;0.02;0.04;0.00;0.01;0.10;0.00;0.04;0.01;0.01;0.00;0.02;0.01;0.02;0.01;0.00;0.07;0.02;0.00;0.01;0.00;0.00;0.15;0.00;0.01;0.05;0.13;0.00;0.02;0.00;0.03;0.03;0.07;0.00;0.11;0.02;0.01;0.01;0.01;0.01;0.01;0.00;0.00;0.00;0.01;0.00;0.00;0.00;0.01;0.01;0.00;0.00;0.02;0.22;0.04;0.01;0.00;0.00;0.00;0.00;0.01;0.01;0.07;0.01;0.01;0.00;0.01;0.01;0.02;0.00;0.03;0.01;0.02;0.02;0.03;0.00;0.02;0.03;0.04;0.01;0.03;0.00;0.01;0.00;0.01;0.00;0.03;0.00;0.00;0.01;0.01;0.03;0.00;0.11;0.06;0.00;0.09;0.02;0.00;0.02;0.00;0.02;0.00;0.00;0.01;0.02;0.00;0.00;0.00;0.00;0.00;0.05;0.00;0.00;0.00;0.00;0.00;0.00;0.05;0.00;0.01;0.02;0.02;0.05;0.01;0.00;0.01;0.02;0.04;0.00;0.00;0.00;0.00;0.00;0.00;0.00;0.00;0.00;0.00;0.04;0.03;0.00;0.04;0.04;0.00;0.00;0.00;0.03;0.00;0.01;0.00;0.00;0.00;0.05;0.00;0.03;0.00;0.03;0.01;0.03;0.08;0.04;0.00;0.00;0.00;0.00;0.00;0.00;0.00;0.02;0.01;0.00;0.00;0.00;0.00;0.24;0.00;0.03;0.01;0.00;0.00;0.00;0.00;0.00;0.00;0.00;0.00;0.00;0.00;0.01;0.01;0.03;0.05;0.07;0.02;0.09;0.00;0.04;0.20;0.00;0.48;0.47;0.06;0.77;0.00;0.87;0.01;0.17;0.00;0.00;0.00;0.00;0.00;0.01;0.00;0.00;0.00;0.02;0.05;0.00;0.00;0.00;0.00;0.00;0.04;0.01;0.02;0.01;0.00;0.00;0.00;0.00;0.00;0.01;0.02;0.01;0.00;0.02;0.00;0.00;0.06;0.00;0.00;0.09;0.01;0.05;0.01;0.01;0.00;0.10;0.02;0.00;0.00;0.00;0.04;0.01;0.02;0.00;0.01;0.00;0.01;0.00;0.01;0.01;0.02;0.02;0.00;0.02;0.01;0.01;0.01;0.00;0.00;0.00;0.00;0.09;0.03;0.04;0.02;0.01;0.00;0.00;0.00;0.00;0.02;0.00;0.01;0.00;0.02;0.01;0.03;0.00;0.00;0.00;0.01;0.00;0.00;0.01;0.00;0.00;0.01;0.03;0.01;0.00;0.06;0.00;0.01;0.00;0.05;0.01;0.00;0.15;0.01;0.00;0.09;0.00;0.02;0.03;0.03;0.03;0.02;0.00;0.00;0.02;0.00;0.01;0.04;0.00;0.03;0.01;0.02;0.06;0.70;0.19;0.05;0.12;0.01;0.01;0.01;0.03;0.00;0.05
2020-06-27 00:00;0.16;0.25;0.00;0.07;0.18;0.16;0.01;0.05;0.07;0.04;0.01;0.22;0.15;0.20;0.01;0.10;0.18;0.05;0.03;0.00;0.00;0.06;0.06;0.00;0.00;0.02;0.06;0.13;0.00;0.01;0.00;0.02;0.02;0.00;0.00;0.00;0.00;0.05;0.04;0.00;0.00;0.00;0.12;0.05;0.20;0.04;0.06;0.04;0.00;0.18;0.08;0.30;0.12;0.01;0.01;0.00;0.00;0.01;0.00;0.14;0.11;0.00;0.27;0.01;0.27;0.09;0.27;0.25;0.30;0.02;0.21;0.25;0.30;0.07;0.01;0.03;0.12;0.00;0.00;0.00;0.12;0.00;0.00;0.01;0.00;0.15;0.03;0.10;0.00;0.14;0.00;0.05;0.02;0.03;0.00;0.04;0.03;0.00;0.00;0.00;0.01;0.01;0.01;0.04;0.04;0.01;0.02;0.02;0.04;0.05;0.06;0.03;0.11;0.07;0.21;0.21;0.21;0.04;0.04;0.03;0.00;0.04;0.00;0.12;0.05;0.00;0.00;0.00;0.04;0.05;0.06;0.02;0.03;0.00;0.00;0.01;0.01;0.06;0.03;0.12;0.01;0.00;0.05;0.02;0.04;0.10;0.02;0.05;0.00;0.00;0.00;0.05;0.02;0.05;0.03;0.06;0.00;0.01;0.16;0.00;0.06;0.01;0.01;0.01;0.02;0.01;0.02;0.01;0.00;0.03;0.01;0.00;0.01;0.00;0.00;0.13;0.00;0.01;0.03;0.13;0.00;0.02;0.00;0.03;0.02;0.06;0.00;0.09;0.02;0.03;0.01;0.01;0.01;0.01;0.00;0.00;0.00;0.01;0.00;0.00;0.00;0.01;0.01;0.00;0.00;0.02;0.13;0.03;0.01;0.00;0.00;0.00;0.00;0.01;0.01;0.05;0.01;0.01;0.00;0.02;0.01;0.01;0.00;0.02;0.01;0.02;0.02;0.03;0.00;0.01;0.03;0.04;0.01;0.13;0.00;0.01;0.00;0.01;0.00;0.04;0.00;0.00;0.01;0.01;0.07;0.00;0.18;0.08;0.00;0.17;0.06;0.00;0.05;0.00;0.05;0.00;0.10;0.04;0.05;0.00;0.00;0.00;0.00;0.00;0.14;0.00;0.00;0.01;0.00;0.00;0.00;0.12;0.00;0.07;0.08;0.08;0.12;0.04;0.00;0.04;0.05;0.10;0.00;0.00;0.00;0.00;0.00;0.00;0.00;0.00;0.01;0.01;0.11;0.07;0.00;0.15;0.05;0.00;0.00;0.00;0.05;0.00;0.01;0.00;0.00;0.00;0.04;0.00;0.03;0.00;0.03;0.01;0.04;0.09;0.05;0.02;0.00;0.00;0.00;0.00;0.00;0.00;0.01;0.02;0.00;0.00;0.00;0.00;0.16;0.00;0.16;0.01;0.00;0.00;0.00;0.00;0.00;0.00;0.00;0.01;0.00;0.00;0.01;0.01;0.03;0.04;0.05;0.02;0.08;0.02;0.05;0.16;0.00;0.38;0.36;0.04;0.60;0.03;0.67;0.01;0.13;0.00;0.00;0.00;0.00;0.00;0.06;0.00;0.00;0.00;0.02;0.04;0.00;0.00;0.00;0.03;0.00;0.03;0.04;0.02;0.01;0.00;0.00;0.00;0.00;0.00;0.07;0.01;0.01;0.00;0.01;0.00;0.00;0.04;0.00;0.00;0.08;0.01;0.04;0.01;0.01;0.00;0.07;0.02;0.02;0.00;0.00;0.08;0.01;0.02;0.00;0.01;0.01;0.01;0.01;0.01;0.01;0.02;0.04;0.00;0.01;0.02;0.01;0.01;0.02;0.00;0.00;0.00;0.14;0.04;0.06;0.03;0.01;0.00;0.00;0.00;0.00;0.03;0.00;0.01;0.00;0.03;0.02;0.05;0.00;0.00;0.00;0.01;0.01;0.00;0.02;0.00;0.00;0.01;0.04;0.02;0.00;0.10;0.00;0.02;0.00;0.07;0.01;0.00;0.22;0.01;0.00;0.13;0.00;0.03;0.04;0.04;0.02;0.02;0.00;0.00;0.02;0.00;0.01;0.04;0.00;0.04;0.02;0.03;0.09;0.45;0.28;0.07;0.12;0.03;0.01;0.01;0.05;0.00;0.08
2020-06-28 00:00;0.16;0.24;0.00;0.08;0.18;0.16;0.01;0.04;0.07;0.04;0.01;0.15;0.11;0.20;0.01;0.10;0.12;0.03;0.02;0.00;0.00;0.04;0.04;0.00;0.00;0.01;0.04;0.09;0.00;0.01;0.00;0.01;0.01;0.00;0.00;0.00;0.00;0.03;0.03;0.00;0.00;0.00;0.08;0.03;0.13;0.03;0.04;0.03;0.00;0.12;0.05;0.20;0.08;0.01;0.01;0.00;0.00;0.00;0.00;0.09;0.07;0.00;0.18;0.00;0.18;0.06;0.18;0.17;0.20;0.01;0.14;0.17;0.20;0.04;0.01;0.02;0.08;0.00;0.00;0.00;0.08;0.00;0.00;0.00;0.00;0.10;0.02;0.06;0.00;0.10;0.00;0.04;0.02;0.02;0.00;0.03;0.02;0.00;0.00;0.00;0.01;0.00;0.01;0.03;0.03;0.01;0.01;0.02;0.03;0.04;0.04;0.02;0.07;0.05;0.16;0.17;0.21;0.04;0.04;0.03;0.00;0.04;0.00;0.12;0.05;0.00;0.00;0.00;0.04;0.05;0.06;0.02;0.03;0.00;0.00;0.01;0.01;0.06;0.03;0.12;0.01;0.00;0.05;0.02;0.04;0.10;0.02;0.05;0.00;0.00;0.00;0.05;0.02;0.05;0.03;0.06;0.00;0.01;0.16;0.00;0.06;0.01;0.01;0.01;0.03;0.01;0.05;0.03;0.01;0.14;0.05;0.00;0.03;0.00;0.00;0.13;0.00;0.04;0.09;0.17;0.01;0.07;0.00;0.08;0.08;0.20;0.00;0.32;0.05;0.04;0.02;0.03;0.02;0.02;0.00;0.00;0.01;0.02;0.00;0.00;0.00;0.03;0.02;0.00;0.00;0.08;0.68;0.19;0.09;0.00;0.00;0.00;0.00;0.07;0.06;0.23;0.03;0.08;0.02;0.04;0.09;0.10;0.00;0.13;0.06;0.08;0.07;0.12;0.00;0.07;0.14;0.15;0.05;0.12;0.00;0.07;0.00;0.08;0.05;0.15;0.00;0.01;0.08;0.02;0.15;0.00;0.39;0.21;0.00;0.34;0.07;0.01;0.09;0.00;0.09;0.00;0.01;0.05;0.07;0.00;0.00;0.00;0.00;0.00;0.19;0.00;0.00;0.05;0.00;0.01;0.00;0.21;0.00;0.05;0.07;0.10;0.19;0.06;0.00;0.07;0.07;0.15;0.00;0.00;0.00;0.00;0.00;0.00;0.00;0.07;0.09;0.13;0.16;0.11;0.00;0.12;0.13;0.00;0.00;0.00;0.10;0.00;0.09;0.00;0.01;0.07;0.20;0.00;0.12;0.00;0.11;0.04;0.12;0.26;0.13;0.00;0.00;0.00;0.00;0.00;0.00;0.00;0.07;0.06;0.00;0.00;0.00;0.00;0.60;0.00;0.10;0.06;0.00;0.00;0.00;0.00;0.00;0.00;0.00;0.01;0.00;0.00;0.04;0.04;0.13;0.20;0.26;0.10;0.37;0.01;0.17;0.83;0.00;1.85;2.06;0.23;2.79;0.01;3.46;0.03;0.67;0.00;0.00;0.00;0.00;0.00;0.03;0.11;0.00;0.00;0.07;0.20;0.00;0.03;0.00;0.00;0.00;0.14;0.05;0.09;0.06;0.01;0.00;0.13;0.00;0.00;0.04;0.07;0.05;0.00;0.07;0.00;0.08;0.23;0.00;0.00;0.38;0.05;0.18;0.03;0.04;0.00;0.19;0.04;0.00;0.00;0.00;0.07;0.02;0.04;0.00;0.03;0.01;0.04;0.01;0.02;0.03;0.06;0.04;0.00;0.05;0.03;0.03;0.03;0.01;0.00;0.00;0.00;0.14;0.04;0.06;0.03;0.03;0.00;0.00;0.00;0.00;0.03;0.00;0.01;0.00;0.03;0.02;0.05;0.00;0.00;0.00;0.01;0.01;0.00;0.02;0.00;0.00;0.01;0.04;0.02;0.00;0.07;0.00;0.01;0.00;0.06;0.01;0.00;0.15;0.01;0.00;0.09;0.00;0.02;0.03;0.03;0.02;0.02;0.00;0.00;0.02;0.00;0.01;0.02;0.00;0.03;0.01;0.02;0.06;0.00;0.19;0.05;0.09;0.01;0.01;0.01;0.03;0.00;0.05
2020-06-29 00:00;5.37;2.28;1.05;2.26;5.78;5.20;0.54;1.17;2.17;1.18;0.49;3.99;2.94;6.50;0.22;3.25;2.15;0.82;0.49;0.06;0.00;1.02;1.10;0.00;0.03;0.54;1.07;2.31;0.05;0.13;0.00;0.31;0.28;0.04;0.07;0.00;1.35;0.81;0.93;0.07;0.07;0.00;1.88;0.90;3.12;0.90;0.94;0.67;0.06;2.82;1.44;4.70;1.88;0.22;0.19;0.00;0.00;0.11;0.00;2.19;1.85;0.00;4.29;0.09;4.26;1.54;4.24;4.13;4.70;0.30;3.31;4.07;4.70;1.04;0.12;0.52;2.09;0.00;0.03;0.00;1.92;0.28;0.03;0.09;0.00;3.03;0.49;1.57;0.00;2.48;0.00;1.03;0.39;0.44;0.00;0.82;0.44;0.15;0.03;0.09;0.09;0.12;0.37;0.68;0.73;0.17;0.24;0.23;0.59;1.01;1.01;0.58;1.76;1.21;2.91;2.75;2.09;0.41;0.35;0.31;0.03;0.36;0.00;1.23;0.56;0.02;0.03;0.00;0.39;0.52;0.60;0.24;0.30;0.04;0.00;0.12;0.07;0.62;0.36;1.15;0.13;0.04;0.51;0.18;0.38;0.97;0.17;0.47;0.02;0.02;0.00;0.46;0.24;0.46;0.33;0.55;0.03;0.10;1.58;0.03;0.61;0.11;0.08;0.08;0.25;0.10;0.15;0.04;0.01;0.14;0.07;0.00;0.08;0.00;0.00;0.10;0.00;0.04;0.17;0.17;0.01;0.10;0.00;0.14;0.09;0.27;0.00;0.43;0.09;0.17;0.05;0.05;0.03;0.04;0.00;0.00;0.02;0.03;0.00;0.00;0.00;0.04;0.04;0.00;0.00;0.13;0.66;0.13;0.05;0.00;0.00;0.00;0.00;0.04;0.03;0.17;0.05;0.06;0.03;0.12;0.05;0.06;0.00;0.11;0.07;0.12;0.09;0.12;0.00;0.06;0.16;0.19;0.04;0.52;0.00;0.03;0.00;0.05;0.01;0.11;0.00;0.01;0.02;0.02;0.17;0.00;0.43;0.21;0.00;0.38;0.17;0.01;0.11;0.00;0.09;0.00;0.31;0.07;0.09;0.00;0.00;0.00;0.00;0.00;0.27;0.00;0.00;0.01;0.00;0.00;0.00;0.25;0.00;0.14;0.19;0.16;0.24;0.07;0.00;0.08;0.11;0.18;0.00;0.00;0.00;0.00;0.00;0.00;0.00;0.01;0.02;0.01;0.20;0.14;0.00;0.33;0.13;0.00;0.00;0.00;0.15;0.00;0.04;0.00;0.04;0.00;0.19;0.00;0.13;0.00;0.19;0.05;0.13;0.26;0.13;0.10;0.00;0.00;0.00;0.00;0.00;0.00;0.05;0.09;0.00;0.00;0.00;0.00;0.64;0.00;0.64;0.05;0.00;0.00;0.00;0.00;0.00;0.00;0.00;0.04;0.00;0.01;0.04;0.03;0.12;0.19;0.23;0.10;0.34;0.17;0.29;0.70;0.00;1.52;1.62;0.37;2.44;0.26;2.98;0.03;0.59;0.06;0.00;0.00;0.00;0.00;0.44;0.00;0.00;0.00;0.08;0.17;0.00;0.19;0.00;0.33;0.00;0.12;0.25;0.08;0.05;0.20;0.00;0.01;0.00;0.00;0.51;0.06;0.04;0.00;0.06;0.00;0.01;0.20;0.00;0.00;0.33;0.05;0.16;0.04;0.04;0.00;0.39;0.11;0.16;0.00;0.00;0.39;0.04;0.12;0.00;0.04;0.03;0.06;0.08;0.05;0.04;0.11;0.19;0.00;0.07;0.09;0.05;0.04;0.11;0.04;0.05;0.00;1.40;0.42;0.57;0.31;0.09;0.00;0.00;0.00;0.00;0.23;0.03;0.10;0.04;0.30;0.19;0.48;0.02;0.04;0.00;0.09;0.07;0.00;0.18;0.01;0.01;0.11;0.43;0.20;0.08;1.49;0.00;0.33;0.07;0.85;0.23;0.00;3.51;0.16;0.07;2.05;0.00;0.44;0.61;0.67;0.34;0.15;0.02;0.05;0.37;0.00;0.13;0.44;0.05;0.67;0.47;0.51;1.48;0.43;4.42;1.06;1.89;0.39;0.16;0.23;0.74;0.00;1.18
