Temperature eau (C);TEMP EAU CEQUEAU ( VERSION 4.4.0.0000 )
date heure\troncon;1;2;3;4;5;6;7;8;9;10;11;12;13;14;15;16;17;18;19;20;21;22;23;24;25;26;27;28;29;30;31;32;33;34;35;36;37;38;39;40;41;42;43;44;45;46;47;48;49;50;51;52;53;54;55;56;57;58;59;60;61;62;63;64;65;66;67;68;69;70;71;72;73;74;75;76;77;78;79;80;81;82;83;84;85;86;87;88;89;90;91;92;93;94;95;96;97;98;99;100;101;102;103;104;105;106;107;108;109;110;111;112;113;114;115;116;117;118;119;120;121;122;123;124;125;126;127;128;129;130;131;132;133;134;135;136;137;138;139;140;141;142;143;144;145;146;147;148;149;150;151;152;153;154;155;156;157;158;159;160;161;162;163;164;165;166;167;168;169;170;171;172;173;174;175;176;177;178;179;180;181;182;183;184;185;186;187;188;189;190;191;192;193;194;195;196
2020-01-01 00:00;0.414;0.418;1.034;0.418;0.616;0.611;0.886;0.417;1.308;0.420;0.851;0.420;2.908;0.420;2.954;0.421;0.421;2.444;0.421;0.422;1.400;0.423;2.248;2.397;2.233;0.424;0.685;0.424;0.424;0.639;0.426;1.008;0.427;3.547;0.428;2.073;0.428;0.427;0.429;0.430;0.431;0.488;0.488;0.020;0.663;0.676;0.016;0.752;0.761;0.785;0.803;0.833;0.872;0.526;0.872;0.531;0.873;0.874;0.877;0.545;0.879;0.879;0.530;0.883;0.977;0.520;1.013;1.044;0.519;1.152;0.518;1.210;0.737;0.696;0.717;1.920;1.317;0.633;1.900;1.643;1.668;1.108;1.679;1.705;1.715;1.715;1.755;1.567;1.762;1.780;1.848;1.859;1.704;1.862;1.921;1.915;1.825;2.032;2.053;2.023;1.943;1.913;1.096;1.992;2.248;1.983;1.699;1.977;0.914;1.971;1.890;1.666;1.981;2.671;0.854;1.920;2.150;1.889;1.847;1.783;2.096;1.928;2.973;3.437;3.672;1.640;2.115;1.822;2.970;1.813;2.036;1.971;1.569;1.852;1.705;2.108;2.704;1.835;2.579;1.569;1.005;1.961;2.155;2.606;2.493;2.009;1.149;1.400;1.279;2.140;2.609;2.897;3.564;2.878;0.833;0.500;1.380;3.160;3.272;2.380;2.131;1.307;1.236;1.723;1.418;1.096;1.722;1.708;1.359;1.153;1.110;1.789;0.527;0.540;0.537;0.528;0.698;0.529;0.550;0.535;0.532;0.514;0.050;0.101;0.021;0.060;0.082;0.813;0.024;3.289;0.386;0.879;0.979;0.922;0.946;1.243
2020-01-02 00:00;0.621;0.625;0.834;0.624;0.534;0.532;0.428;0.625;0.132;0.626;0.691;0.626;0.000;0.626;0.000;0.626;0.626;0.000;0.626;0.626;0.904;0.627;0.000;0.000;0.000;0.627;0.355;0.627;0.627;0.608;0.628;0.659;0.630;0.000;0.629;0.000;0.630;0.629;0.630;0.633;0.634;0.698;0.698;0.033;1.125;1.181;0.021;1.499;1.557;1.694;1.833;1.946;1.941;2.193;1.949;2.204;1.955;1.960;1.974;2.297;1.974;1.982;2.160;1.985;1.999;2.052;2.007;2.018;2.049;2.024;2.044;2.021;2.383;2.397;2.399;2.624;2.854;2.486;2.478;1.987;1.981;2.811;1.969;1.950;1.908;1.896;1.835;2.791;1.806;1.758;1.656;1.623;2.860;1.611;2.502;1.516;2.121;1.917;1.974;2.073;2.210;2.203;2.700;2.164;2.048;2.176;2.768;2.187;2.743;2.203;2.578;2.740;2.310;2.590;2.613;2.266;2.481;2.278;2.297;2.322;1.468;2.179;0.000;0.000;0.115;2.619;2.523;2.706;2.069;2.798;2.718;2.346;2.871;2.481;2.773;2.551;2.016;2.528;1.921;2.670;2.718;2.425;2.238;2.009;2.341;2.658;3.065;2.921;2.687;0.508;0.090;0.220;0.000;0.208;2.414;2.000;2.898;0.014;0.000;1.544;2.426;3.037;2.946;2.572;2.781;2.661;2.650;2.642;2.838;2.820;2.850;2.779;2.123;1.999;2.002;1.977;2.441;2.204;2.374;2.199;2.234;2.017;1.910;0.091;0.029;0.051;0.078;0.549;0.070;0.000;0.408;0.645;0.796;0.728;0.635;0.951
2020-01-03 00:00;2.540;2.550;2.537;2.550;2.473;2.468;2.508;2.552;3.190;2.556;2.818;2.556;2.350;2.556;2.350;2.552;2.552;2.350;2.553;2.554;2.765;2.555;2.561;2.350;2.350;2.556;2.586;2.553;2.555;2.457;2.558;2.640;2.560;2.350;2.558;2.350;2.559;2.559;2.560;2.560;2.561;2.567;2.566;2.338;2.776;2.854;2.361;2.978;3.022;3.069;3.214;5.000;5.000;5.000;5.000;5.000;5.000;5.000;5.000;5.000;5.000;5.000;5.000;5.000;5.000;5.000;5.000;5.000;5.000;5.000;5.000;5.000;5.000;5.000;5.000;5.000;5.000;5.000;5.000;5.000;5.000;5.000;5.000;5.000;5.000;5.000;5.000;5.000;5.000;5.000;5.000;5.000;5.000;5.000;5.000;5.000;5.000;5.000;5.000;5.000;5.000;5.000;4.968;5.000;5.000;5.000;5.000;5.000;5.000;5.000;5.000;5.000;5.000;5.000;5.000;5.000;5.000;5.000;5.000;5.000;5.000;5.000;5.000;5.000;5.000;5.000;5.000;5.000;5.000;5.000;5.000;5.000;5.000;5.000;5.000;5.000;5.000;5.000;5.000;5.000;4.853;5.000;5.000;5.000;5.000;5.000;5.000;5.000;5.000;5.000;5.000;5.000;5.000;5.000;5.000;5.000;5.000;5.000;5.000;5.000;5.000;5.000;5.000;5.000;5.000;5.000;5.000;5.000;5.000;5.000;5.000;5.000;5.000;5.000;5.000;5.000;5.000;5.000;5.000;5.000;5.000;5.000;4.759;2.401;2.399;2.365;2.390;2.690;2.485;2.350;2.565;2.686;2.589;2.482;2.841;2.633
2020-01-04 00:00;0.578;0.544;1.213;0.541;0.701;0.703;0.757;0.532;0.000;0.503;1.061;0.497;0.498;0.493;0.000;0.494;0.494;0.000;0.484;0.472;1.018;0.463;0.000;0.000;0.000;0.459;0.230;0.462;0.457;0.838;0.440;0.672;0.428;0.000;0.428;0.000;0.423;0.415;0.393;0.364;0.348;0.311;0.303;0.299;0.264;0.285;0.347;0.307;0.364;0.434;0.583;0.750;0.750;0.750;0.750;0.750;0.750;0.750;0.750;0.750;0.750;0.750;0.750;0.750;0.750;0.750;0.750;0.750;1.290;0.750;0.750;0.750;0.750;0.750;0.750;0.750;0.796;0.750;0.750;0.750;0.750;1.080;0.750;0.750;0.750;0.750;0.750;0.750;0.750;0.750;0.750;0.750;0.750;0.750;0.750;0.750;0.750;0.750;0.750;0.750;0.750;0.750;1.463;0.750;0.750;0.750;0.750;0.750;1.655;0.750;0.750;0.750;0.750;0.750;1.679;0.750;0.750;0.750;0.750;0.750;0.750;0.750;0.750;0.750;0.750;0.750;0.750;0.750;0.750;0.750;0.750;0.750;0.750;0.750;0.750;0.750;0.750;0.750;0.750;0.750;1.951;0.750;0.750;0.750;0.750;0.750;0.750;0.750;0.750;0.750;0.750;0.750;0.750;0.750;0.750;0.750;0.750;0.750;0.750;0.750;0.750;0.750;0.750;0.750;0.750;0.750;0.750;0.750;0.750;0.750;0.799;0.750;0.750;0.750;0.750;0.750;0.750;0.750;0.750;0.750;0.750;0.750;0.695;0.277;0.242;0.172;0.194;0.490;0.451;0.000;0.985;1.117;1.243;0.903;0.350;1.284
2020-01-05 00:00;0.000;0.000;1.532;0.000;0.675;0.752;0.000;0.000;0.000;0.000;0.514;0.000;0.000;0.000;0.000;0.000;0.000;0.000;0.000;0.000;0.000;0.000;0.000;0.000;0.000;0.000;0.000;0.000;0.000;1.631;0.000;0.000;0.000;0.000;0.000;0.000;0.012;0.000;0.016;0.000;0.000;0.000;0.000;0.000;0.000;0.000;0.000;0.000;0.000;0.000;0.000;0.000;0.000;0.000;0.000;0.000;0.000;0.000;0.000;0.000;0.000;0.000;0.000;0.000;0.000;0.000;0.000;0.000;0.000;0.000;0.000;0.000;0.000;0.000;0.000;0.000;0.000;0.000;0.000;0.000;0.000;0.000;0.000;0.000;0.000;0.000;0.000;0.000;0.000;0.000;0.000;0.000;0.000;0.000;0.000;0.000;0.000;0.000;0.000;0.000;0.000;0.000;0.000;0.000;0.000;0.000;0.000;0.000;0.643;0.000;0.000;0.000;0.000;0.000;0.639;0.000;0.000;0.000;0.000;0.000;0.000;0.000;0.000;0.000;0.000;0.000;0.000;0.000;0.000;0.000;0.000;0.000;0.000;0.000;0.000;0.000;0.000;0.000;0.000;0.000;0.606;0.000;0.000;0.000;0.000;0.000;0.000;0.000;0.000;0.000;0.000;0.000;0.000;0.000;0.000;0.000;0.000;0.000;0.000;0.000;0.000;0.000;0.000;0.000;0.000;0.000;0.000;0.000;0.000;0.000;0.000;0.000;0.000;0.000;0.000;0.000;0.000;0.000;0.000;0.000;0.000;0.000;0.000;0.000;0.000;0.000;0.000;0.000;0.000;0.000;1.148;0.548;1.238;1.274;0.000;1.053
2020-01-06 00:00;0.000;0.000;1.360;0.000;0.119;0.243;0.000;0.000;0.000;0.000;0.000;0.000;0.000;0.000;0.000;0.000;0.000;0.000;0.000;0.000;0.000;0.000;0.000;0.000;0.000;0.000;0.000;0.000;0.000;1.449;0.000;0.000;0.000;0.000;0.000;0.000;0.007;0.000;0.000;0.000;0.000;0.000;0.000;0.000;0.000;0.000;0.000;0.000;0.000;0.000;0.000;0.000;0.000;0.000;0.000;0.000;0.000;0.000;0.000;0.000;0.000;0.000;0.000;0.000;0.000;0.000;0.000;0.000;0.000;0.000;0.000;0.000;0.000;0.000;0.000;0.000;0.000;0.000;0.000;0.000;0.000;0.000;0.000;0.000;0.000;0.000;0.000;0.000;0.000;0.000;0.000;0.000;0.000;0.000;0.000;0.000;0.000;0.000;0.000;0.000;0.000;0.000;0.000;0.000;0.000;0.000;0.000;0.000;0.499;0.000;0.000;0.000;0.000;0.000;0.556;0.000;0.000;0.000;0.000;0.000;0.000;0.000;0.000;0.000;0.000;0.000;0.000;0.000;0.000;0.000;0.000;0.000;0.000;0.000;0.000;0.000;0.000;0.000;0.000;0.000;0.000;0.000;0.000;0.000;0.000;0.000;0.000;0.000;0.000;0.000;0.000;0.000;0.000;0.000;0.000;0.000;0.000;0.000;0.000;0.000;0.000;0.000;0.000;0.000;0.000;0.000;0.000;0.000;0.000;0.000;0.000;0.000;0.000;0.000;0.000;0.000;0.000;0.000;0.000;0.000;0.000;0.000;0.000;0.000;0.000;0.000;0.000;0.000;0.000;0.000;0.714;0.000;1.088;1.129;0.000;0.736
2020-01-07 00:00;0.000;0.000;1.470;0.000;0.635;0.715;0.000;0.000;0.000;0.000;0.000;0.000;0.000;0.000;0.000;0.000;0.000;0.000;0.000;0.000;0.000;0.000;0.000;0.000;0.000;0.000;0.000;0.000;0.000;1.510;0.000;0.000;0.000;0.000;0.000;0.000;0.017;0.000;0.000;0.000;0.000;0.000;0.000;0.000;0.000;0.000;0.000;0.000;0.000;0.000;0.000;0.000;0.000;0.000;0.000;0.000;0.000;0.000;0.000;0.000;0.000;0.000;0.000;0.000;0.000;0.000;0.000;0.000;0.388;0.000;0.124;0.000;0.000;0.000;0.000;0.000;0.023;0.000;0.000;0.000;0.000;0.000;0.000;0.000;0.000;0.000;0.000;0.000;0.000;0.000;0.000;0.000;0.000;0.000;0.000;0.000;0.000;0.000;0.000;0.000;0.000;0.000;0.000;0.000;0.000;0.000;0.000;0.000;1.024;0.000;0.000;0.000;0.000;0.240;1.035;0.000;0.000;0.000;0.000;0.000;0.000;0.000;0.000;0.000;0.000;0.000;0.000;0.000;0.000;0.000;0.000;0.000;0.000;0.000;0.000;0.000;0.000;0.000;0.000;0.000;0.000;0.000;0.000;0.000;0.000;0.000;0.000;0.000;0.000;0.000;0.000;0.000;0.000;0.000;0.000;0.000;0.000;0.000;0.000;0.000;0.000;0.000;0.000;0.000;0.000;0.000;0.000;0.000;0.000;0.000;0.000;0.000;0.000;0.000;0.000;0.000;0.230;0.000;0.000;0.000;0.000;0.000;0.000;0.000;0.000;0.000;0.000;0.000;0.000;0.000;0.707;0.000;1.283;1.295;0.000;1.107
2020-01-08 00:00;0.000;0.002;1.535;0.000;0.893;0.946;0.521;0.000;0.000;0.000;0.060;0.000;0.000;0.000;0.000;0.000;0.000;0.000;0.000;0.000;0.937;0.000;0.000;0.000;0.000;0.000;0.000;0.000;0.000;1.590;0.000;0.640;0.000;0.000;0.000;0.000;0.023;0.000;0.012;0.000;0.000;0.000;0.000;0.000;0.000;0.000;0.242;0.000;0.000;0.000;0.000;0.000;0.000;0.000;0.000;0.000;0.000;0.000;0.000;0.000;0.000;0.000;0.000;0.000;0.000;0.000;0.000;0.000;0.569;0.000;0.497;0.000;0.000;0.000;0.000;0.000;0.394;0.000;0.000;0.000;0.000;0.000;0.000;0.000;0.000;0.000;0.000;0.000;0.000;0.000;0.000;0.000;0.000;0.000;0.000;0.000;0.000;0.000;0.000;0.000;0.000;0.000;0.681;0.000;0.000;0.000;0.000;0.000;1.015;0.000;0.000;0.000;0.000;0.000;1.082;0.000;0.000;0.000;0.000;0.000;0.000;0.000;0.000;0.000;0.000;0.000;0.000;0.000;0.000;0.000;0.000;0.000;0.000;0.000;0.000;0.000;0.000;0.000;0.000;0.000;0.842;0.000;0.000;0.000;0.000;0.000;0.000;0.000;0.000;0.000;0.000;0.000;0.000;0.000;0.000;0.000;0.000;0.000;0.000;0.000;0.000;0.000;0.000;0.000;0.000;0.000;0.000;0.000;0.564;0.000;0.523;0.000;0.000;0.000;0.000;0.000;0.501;0.000;0.000;0.000;0.000;0.000;0.000;0.000;0.000;0.000;0.000;0.366;0.000;0.000;1.113;0.291;1.392;1.398;0.000;1.333
2020-01-09 00:00;0.000;0.000;1.012;0.000;0.000;0.000;0.000;0.000;0.000;0.000;0.000;0.000;0.000;0.000;0.000;0.000;0.000;0.000;0.000;0.000;0.000;0.000;0.000;0.000;0.000;0.000;0.000;0.000;0.000;1.283;0.000;0.000;0.000;0.000;0.000;0.000;0.000;0.000;0.000;0.000;0.000;0.000;0.000;0.000;0.000;0.000;0.000;0.000;0.000;0.000;0.000;0.000;0.000;0.000;0.000;0.000;0.000;0.000;0.000;0.000;0.000;0.000;0.000;0.000;0.000;0.000;0.000;0.000;0.000;0.000;0.000;0.000;0.000;0.000;0.000;0.000;0.000;0.000;0.000;0.000;0.000;0.000;0.000;0.000;0.000;0.000;0.000;0.000;0.000;0.000;0.000;0.000;0.000;0.000;0.000;0.000;0.000;0.000;0.000;0.000;0.000;0.000;0.000;0.000;0.000;0.000;0.000;0.000;0.000;0.000;0.000;0.000;0.000;0.000;0.000;0.000;0.000;0.000;0.000;0.000;0.000;0.000;0.000;0.000;0.000;0.000;0.000;0.000;0.000;0.000;0.000;0.000;0.000;0.000;0.000;0.000;0.000;0.000;0.000;0.000;0.000;0.000;0.000;0.000;0.000;0.000;0.000;0.000;0.000;0.000;0.000;0.000;0.000;0.000;0.000;0.000;0.000;0.000;0.000;0.000;0.000;0.000;0.000;0.000;0.000;0.000;0.000;0.000;0.000;0.000;0.000;0.000;0.000;0.000;0.000;0.000;0.000;0.000;0.000;0.000;0.000;0.000;0.000;0.000;0.000;0.000;0.000;0.000;0.000;0.000;0.000;0.000;0.774;0.676;0.000;0.000
2020-01-10 00:00;0.000;0.000;1.399;0.000;0.525;0.610;0.000;0.000;0.000;0.000;0.000;0.000;0.000;0.000;0.000;0.000;0.000;0.000;0.000;0.000;0.105;0.000;0.000;0.000;0.000;0.000;0.000;0.000;0.000;1.554;0.000;0.000;0.000;0.000;0.000;0.000;0.016;0.000;0.000;0.000;0.000;0.000;0.000;0.000;0.000;0.000;0.000;0.000;0.000;0.000;0.000;0.000;0.000;0.000;0.000;0.000;0.000;0.000;0.000;0.000;0.000;0.000;0.000;0.000;0.000;0.000;0.000;0.000;0.000;0.000;0.000;0.000;0.000;0.000;0.000;0.000;0.000;0.000;0.000;0.000;0.000;0.000;0.000;0.000;0.000;0.000;0.000;0.000;0.000;0.000;0.000;0.000;0.000;0.000;0.000;0.000;0.000;0.000;0.000;0.000;0.000;0.000;0.000;0.000;0.000;0.000;0.000;0.000;0.852;0.000;0.000;0.000;0.000;0.000;0.919;0.000;0.000;0.000;0.000;0.000;0.000;0.000;0.000;0.000;0.000;0.000;0.000;0.000;0.000;0.000;0.000;0.000;0.000;0.000;0.000;0.000;0.000;0.000;0.000;0.000;0.000;0.000;0.000;0.000;0.000;0.000;0.000;0.000;0.000;0.000;0.000;0.000;0.000;0.000;0.000;0.000;0.000;0.000;0.000;0.000;0.000;0.000;0.000;0.000;0.000;0.000;0.000;0.000;0.000;0.000;0.000;0.000;0.000;0.000;0.000;0.000;0.000;0.000;0.000;0.000;0.000;0.000;0.000;0.000;0.000;0.000;0.000;0.000;0.000;0.000;0.888;0.000;1.265;1.242;0.000;1.146
2020-01-11 00:00;4.200;4.200;4.200;4.200;4.200;4.200;4.200;4.200;4.200;4.200;4.200;4.200;4.200;4.200;4.200;4.200;4.200;4.200;4.200;4.200;4.200;4.200;4.200;4.200;4.200;4.200;4.200;4.200;4.200;4.200;4.200;4.200;4.200;4.200;4.200;4.200;4.200;4.200;4.200;4.200;4.200;4.200;4.200;4.200;4.200;4.200;4.200;4.200;4.200;4.200;5.032;6.750;6.750;6.750;6.750;6.750;6.750;6.750;6.750;6.750;6.750;6.750;6.750;6.750;6.750;6.750;6.750;6.750;6.750;6.750;6.750;6.750;6.750;6.750;6.750;6.750;6.750;6.750;6.750;6.750;6.750;6.750;6.750;6.750;6.750;6.750;6.750;6.750;6.750;6.750;6.750;6.750;6.750;6.750;6.750;6.750;6.750;6.750;6.750;6.750;6.750;6.750;6.750;6.750;6.750;6.750;6.750;6.750;6.703;6.750;6.750;6.750;6.750;6.716;6.702;6.750;6.750;6.750;6.750;6.750;6.750;6.750;6.750;6.750;6.750;6.750;6.750;6.750;6.750;6.750;6.750;6.750;6.750;6.750;6.750;6.750;6.750;6.750;6.750;6.750;6.750;6.750;6.750;6.750;6.750;6.750;6.750;6.750;6.750;6.750;6.750;6.750;6.750;6.750;6.750;6.750;6.750;6.750;6.750;6.750;6.750;6.750;6.750;6.750;6.750;6.750;6.750;6.750;6.750;6.750;6.750;6.750;6.750;6.750;6.750;6.750;6.750;6.750;6.750;6.750;6.750;6.750;6.518;4.200;4.200;4.200;4.200;4.200;4.200;4.200;4.200;4.200;4.200;4.200;4.200;4.200
2020-01-12 00:00;0.000;0.000;0.828;0.000;0.211;0.247;0.000;0.000;0.000;0.000;0.136;0.000;0.000;0.000;0.000;0.000;0.000;0.000;0.000;0.000;0.000;0.000;0.000;0.000;0.000;0.000;0.000;0.000;0.000;0.752;0.000;0.000;0.000;0.000;0.000;0.000;0.001;0.000;0.004;0.000;0.000;0.000;0.000;0.000;0.000;0.000;0.000;0.000;0.000;0.000;0.000;0.000;0.000;0.000;0.000;0.000;0.000;0.000;0.000;0.000;0.000;0.000;0.000;0.000;0.000;0.000;0.000;0.000;0.000;0.000;0.000;0.000;0.000;0.000;0.000;0.000;0.000;0.000;0.000;0.000;0.000;0.000;0.000;0.000;0.000;0.000;0.000;0.000;0.000;0.000;0.000;0.000;0.000;0.000;0.000;0.000;0.000;0.000;0.000;0.000;0.000;0.000;0.174;0.000;0.000;0.000;0.000;0.000;0.410;0.000;0.000;0.000;0.000;0.893;0.449;0.000;0.000;0.000;0.000;0.000;0.000;0.000;0.000;0.000;0.000;0.000;0.000;0.000;0.000;0.000;0.000;0.000;0.000;0.000;0.000;0.000;0.000;0.000;0.000;0.000;0.476;0.000;0.000;0.000;0.000;0.000;0.000;0.000;0.000;0.000;0.000;0.000;0.000;0.000;0.000;0.000;0.000;0.000;0.000;0.000;0.000;0.000;0.000;0.000;0.000;0.000;0.000;0.000;0.000;0.000;0.000;0.000;0.000;0.000;0.000;0.000;0.000;0.000;0.000;0.000;0.000;0.000;0.000;0.000;0.000;0.000;0.000;0.000;0.000;0.000;0.553;0.461;0.940;0.573;0.000;0.781
2020-01-13 00:00;0.000;0.000;1.591;0.000;0.563;0.683;0.000;0.000;0.000;0.000;0.725;0.000;0.000;0.000;0.000;0.000;0.000;0.000;0.000;0.000;0.000;0.000;0.000;0.000;0.000;0.000;0.000;0.000;0.000;1.936;0.000;0.000;0.000;0.000;0.000;0.000;0.006;0.000;0.018;0.000;0.000;0.000;0.000;0.000;0.000;0.000;0.000;0.000;0.000;0.000;0.000;0.000;0.000;0.000;0.000;0.000;0.000;0.000;0.000;0.000;0.000;0.000;0.000;0.000;0.000;0.000;0.000;0.000;0.000;0.000;0.000;0.000;0.000;0.000;0.000;0.000;0.000;0.000;0.000;0.000;0.000;0.208;0.000;0.000;0.000;0.000;0.000;0.000;0.000;0.000;0.000;0.000;0.000;0.000;0.000;0.000;0.000;0.000;0.000;0.000;0.000;0.000;1.110;0.000;0.000;0.000;0.000;0.000;1.217;0.000;0.000;0.000;0.000;0.119;1.401;0.000;0.000;0.000;0.000;0.000;0.000;0.000;0.000;0.000;0.000;0.000;0.000;0.000;0.000;0.000;0.000;0.000;0.000;0.000;0.000;0.000;0.000;0.000;0.000;0.000;1.287;0.000;0.000;0.000;0.000;0.000;0.000;0.000;0.000;0.000;0.000;0.000;0.000;0.000;0.000;0.000;0.000;0.000;0.000;0.000;0.000;0.000;0.000;0.000;0.000;0.000;0.000;0.000;0.115;0.000;0.000;0.000;0.000;0.000;0.000;0.000;0.000;0.000;0.000;0.000;0.000;0.000;0.000;0.000;0.000;0.000;0.000;0.000;0.000;0.000;1.357;0.839;1.456;1.403;0.000;1.139
2020-01-14 00:00;0.000;0.000;1.648;0.000;0.776;0.879;0.042;0.000;0.000;0.000;0.756;0.000;0.000;0.000;0.000;0.000;0.000;0.000;0.000;0.000;0.467;0.000;0.000;0.000;0.000;0.000;0.000;0.000;0.000;1.934;0.000;0.099;0.000;0.000;0.000;0.000;0.013;0.000;0.044;0.000;0.000;0.000;0.000;0.000;0.000;0.000;0.000;0.000;0.000;0.000;0.000;0.000;0.000;0.000;0.000;0.000;0.000;0.000;0.000;0.000;0.000;0.000;0.000;0.000;0.000;0.000;0.000;0.000;0.684;0.000;0.000;0.000;0.000;0.000;0.000;0.000;0.481;0.000;0.000;0.000;0.000;0.840;0.000;0.000;0.000;0.000;0.000;0.000;0.000;0.000;0.000;0.000;0.776;0.000;0.000;0.000;0.000;0.000;0.000;0.000;0.000;0.000;1.301;0.000;0.000;0.000;0.000;0.000;1.644;0.000;0.000;0.000;0.000;0.738;1.560;0.000;0.000;0.000;0.000;0.000;0.000;0.000;0.000;0.000;0.000;0.000;0.000;0.000;0.207;0.000;0.000;0.000;0.000;0.000;0.000;0.000;0.000;0.000;0.000;0.000;1.468;0.000;0.000;0.000;0.000;0.000;0.051;0.000;0.000;0.000;0.000;0.000;0.000;0.000;0.000;0.000;0.332;0.000;0.000;0.000;0.000;0.000;0.000;0.000;0.000;0.045;0.000;0.000;0.503;0.000;0.874;0.000;0.000;0.000;0.000;0.000;0.797;0.000;0.000;0.000;0.000;0.000;0.000;0.000;0.000;0.000;0.000;0.433;0.000;0.000;1.580;0.907;1.572;1.497;0.000;1.317
2020-01-15 00:00;0.000;0.001;1.729;0.000;1.112;1.187;0.690;0.000;0.000;0.000;0.407;0.000;0.000;0.000;0.000;0.000;0.000;0.000;0.000;0.000;0.864;0.000;0.000;0.000;0.000;0.000;0.000;0.000;0.000;1.954;0.000;0.788;0.000;0.000;0.000;0.000;0.021;0.000;0.066;0.000;0.000;0.000;0.000;0.000;0.000;0.000;0.043;0.000;0.000;0.000;0.000;0.000;0.000;0.000;0.000;0.000;0.000;0.000;0.000;0.000;0.000;0.000;0.000;0.000;0.000;0.000;0.000;0.000;0.962;0.000;0.769;0.000;0.000;0.000;0.000;0.000;0.828;0.000;0.000;0.000;0.000;0.952;0.000;0.000;0.000;0.000;0.000;0.169;0.000;0.000;0.000;0.000;0.468;0.000;0.000;0.000;0.000;0.000;0.000;0.000;0.000;0.000;1.373;0.000;0.000;0.000;0.000;0.000;1.592;0.000;0.000;0.000;0.000;0.305;1.640;0.000;0.000;0.000;0.000;0.000;0.000;0.000;0.000;0.000;0.000;0.000;0.078;0.000;0.253;0.000;0.000;0.000;0.000;0.000;0.000;0.196;0.000;0.000;0.000;0.244;1.575;0.000;0.000;0.000;0.347;0.000;0.387;0.467;0.393;0.000;0.000;0.000;0.000;0.000;0.000;0.000;0.497;0.000;0.000;0.000;0.000;0.000;0.000;0.000;0.000;0.269;0.000;0.000;0.903;0.071;0.793;0.000;0.000;0.000;0.124;0.000;0.972;0.000;0.000;0.000;0.000;0.000;0.000;0.000;0.000;0.000;0.000;0.869;0.000;0.000;1.658;0.688;1.686;1.615;0.000;1.485
2020-01-16 00:00;0.000;0.000;1.679;0.000;0.870;0.967;0.278;0.000;0.000;0.000;0.838;0.000;0.000;0.000;0.000;0.000;0.000;0.000;0.000;0.000;0.665;0.000;0.000;0.000;0.000;0.000;0.000;0.000;0.000;1.957;0.000;0.374;0.000;0.000;0.000;0.000;0.020;0.000;0.044;0.000;0.000;0.000;0.000;0.000;0.000;0.000;0.000;0.000;0.000;0.000;0.000;0.000;0.000;0.000;0.000;0.000;0.000;0.000;0.000;0.000;0.000;0.000;0.000;0.000;0.000;0.000;0.000;0.000;0.338;0.000;0.000;0.000;0.000;0.000;0.000;0.000;0.386;0.000;0.000;0.000;0.000;0.411;0.000;0.000;0.000;0.000;0.000;0.000;0.000;0.000;0.000;0.000;0.814;0.000;0.000;0.000;0.000;0.000;0.000;0.000;0.000;0.000;0.945;0.000;0.000;0.000;0.000;0.000;1.621;0.000;0.000;0.000;0.000;0.891;1.583;0.000;0.000;0.000;0.000;0.000;0.000;0.000;0.000;0.000;0.000;0.000;0.000;0.000;0.444;0.000;0.022;0.000;0.000;0.000;0.000;0.000;0.000;0.000;0.000;0.000;1.415;0.000;0.000;0.000;0.000;0.000;0.155;0.000;0.000;0.000;0.000;0.000;0.000;0.000;0.000;0.000;0.000;0.000;0.000;0.000;0.000;0.121;0.000;0.000;0.000;0.000;0.000;0.000;0.374;0.000;0.474;0.000;0.000;0.000;0.000;0.000;0.672;0.000;0.000;0.000;0.000;0.000;0.000;0.000;0.000;0.000;0.000;0.574;0.000;0.000;1.550;0.994;1.647;1.544;0.000;1.387
2020-01-17 00:00;0.000;0.000;0.686;0.000;0.000;0.000;0.000;0.000;0.000;0.000;0.000;0.000;0.000;0.000;0.000;0.000;0.000;0.000;0.000;0.000;0.000;0.000;0.000;0.000;0.000;0.000;0.000;0.000;0.000;1.526;0.000;0.000;0.000;0.000;0.000;0.000;0.000;0.000;0.000;0.000;0.000;0.000;0.000;0.000;0.000;0.000;0.000;0.000;0.000;0.000;0.000;0.000;0.000;0.000;0.000;0.000;0.000;0.000;0.000;0.000;0.000;0.000;0.000;0.000;0.000;0.000;0.000;0.000;0.000;0.000;0.000;0.000;0.000;0.000;0.000;0.000;0.000;0.000;0.000;0.000;0.000;0.000;0.000;0.000;0.000;0.000;0.000;0.000;0.000;0.000;0.000;0.000;0.000;0.000;0.000;0.000;0.000;0.000;0.000;0.000;0.000;0.000;0.000;0.000;0.000;0.000;0.000;0.000;0.000;0.000;0.000;0.000;0.000;0.000;0.000;0.000;0.000;0.000;0.000;0.000;0.000;0.000;0.000;0.000;0.000;0.000;0.000;0.000;0.000;0.000;0.000;0.000;0.000;0.000;0.000;0.000;0.000;0.000;0.000;0.000;0.000;0.000;0.000;0.000;0.000;0.000;0.000;0.000;0.000;0.000;0.000;0.000;0.000;0.000;0.000;0.000;0.000;0.000;0.000;0.000;0.000;0.000;0.000;0.000;0.000;0.000;0.000;0.000;0.000;0.000;0.000;0.000;0.000;0.000;0.000;0.000;0.000;0.000;0.000;0.000;0.000;0.000;0.000;0.000;0.000;0.000;0.000;0.000;0.000;0.000;0.000;0.000;0.625;0.143;0.000;0.000
2020-01-18 00:00;0.000;0.000;0.863;0.000;0.000;0.000;0.000;0.000;0.000;0.000;0.000;0.000;0.000;0.000;0.000;0.000;0.000;0.000;0.000;0.000;0.000;0.000;0.000;0.000;0.000;0.000;0.000;0.000;0.000;1.658;0.000;0.000;0.000;0.000;0.000;0.000;0.000;0.000;0.000;0.000;0.000;0.000;0.000;0.000;0.000;0.000;0.000;0.000;0.000;0.000;0.000;0.000;0.000;0.000;0.000;0.000;0.000;0.000;0.000;0.000;0.000;0.000;0.000;0.000;0.000;0.000;0.000;0.000;0.000;0.000;0.000;0.000;0.000;0.000;0.000;0.000;0.000;0.000;0.000;0.000;0.000;0.000;0.000;0.000;0.000;0.000;0.000;0.000;0.000;0.000;0.000;0.000;0.000;0.000;0.000;0.000;0.000;0.000;0.000;0.000;0.000;0.000;0.000;0.000;0.000;0.000;0.000;0.000;0.657;0.000;0.000;0.000;0.000;0.000;0.564;0.000;0.000;0.000;0.000;0.000;0.000;0.000;0.000;0.000;0.000;0.000;0.000;0.000;0.000;0.000;0.000;0.000;0.000;0.000;0.000;0.000;0.000;0.000;0.000;0.000;0.000;0.000;0.000;0.000;0.000;0.000;0.000;0.000;0.000;0.000;0.000;0.000;0.000;0.000;0.000;0.000;0.000;0.000;0.000;0.000;0.000;0.000;0.000;0.000;0.000;0.000;0.000;0.000;0.000;0.000;0.000;0.000;0.000;0.000;0.000;0.000;0.000;0.000;0.000;0.000;0.000;0.000;0.000;0.000;0.000;0.000;0.000;0.000;0.000;0.000;0.322;0.000;0.859;0.461;0.000;0.000
2020-01-19 00:00;0.000;0.000;1.019;0.000;0.000;0.000;0.000;0.000;0.000;0.000;0.000;0.000;0.000;0.000;0.000;0.000;0.000;0.000;0.000;0.000;0.000;0.000;0.000;0.000;0.000;0.000;0.000;0.000;0.000;1.713;0.000;0.000;0.000;0.000;0.000;0.000;0.000;0.000;0.000;0.000;0.000;0.000;0.000;0.000;0.000;0.000;0.000;0.000;0.000;0.000;0.000;0.000;0.000;0.000;0.000;0.000;0.000;0.000;0.000;0.000;0.000;0.000;0.000;0.000;0.000;0.000;0.000;0.000;0.000;0.000;0.000;0.000;0.000;0.000;0.000;0.000;0.000;0.000;0.000;0.000;0.000;0.000;0.000;0.000;0.000;0.000;0.000;0.000;0.000;0.000;0.000;0.000;0.000;0.000;0.000;0.000;0.000;0.000;0.000;0.000;0.000;0.000;0.000;0.000;0.000;0.000;0.000;0.000;0.643;0.000;0.000;0.000;0.000;0.000;0.782;0.000;0.000;0.000;0.000;0.000;0.000;0.000;0.000;0.000;0.000;0.000;0.000;0.000;0.000;0.000;0.000;0.000;0.000;0.000;0.000;0.000;0.000;0.000;0.000;0.000;0.051;0.000;0.000;0.000;0.000;0.000;0.000;0.000;0.000;0.000;0.000;0.000;0.000;0.000;0.000;0.000;0.000;0.000;0.000;0.000;0.000;0.000;0.000;0.000;0.000;0.000;0.000;0.000;0.000;0.000;0.000;0.000;0.000;0.000;0.000;0.000;0.000;0.000;0.000;0.000;0.000;0.000;0.000;0.000;0.000;0.000;0.000;0.000;0.000;0.000;0.626;0.000;1.063;0.694;0.000;0.355
2020-01-20 00:00;0.000;0.000;0.494;0.000;0.000;0.000;0.000;0.000;0.000;0.000;0.000;0.000;0.000;0.000;0.000;0.000;0.000;0.000;0.000;0.000;0.000;0.000;0.000;0.000;0.000;0.000;0.000;0.000;0.000;1.602;0.000;0.000;0.000;0.000;0.000;0.000;0.000;0.000;0.000;0.000;0.000;0.000;0.000;0.000;0.000;0.000;0.000;0.000;0.000;0.000;0.000;0.000;0.000;0.000;0.000;0.000;0.000;0.000;0.000;0.000;0.000;0.000;0.000;0.000;0.000;0.000;0.000;0.000;0.000;0.000;0.000;0.000;0.000;0.000;0.000;0.000;0.000;0.000;0.000;0.000;0.000;0.000;0.000;0.000;0.000;0.000;0.000;0.000;0.000;0.000;0.000;0.000;0.000;0.000;0.000;0.000;0.000;0.000;0.000;0.000;0.000;0.000;0.000;0.000;0.000;0.000;0.000;0.000;0.769;0.000;0.000;0.000;0.000;0.000;0.604;0.000;0.000;0.000;0.000;0.000;0.000;0.000;0.000;0.000;0.000;0.000;0.000;0.000;0.000;0.000;0.000;0.000;0.000;0.000;0.000;0.000;0.000;0.000;0.000;0.000;0.000;0.000;0.000;0.000;0.000;0.000;0.000;0.000;0.000;0.000;0.000;0.000;0.000;0.000;0.000;0.000;0.000;0.000;0.000;0.000;0.000;0.000;0.000;0.000;0.000;0.000;0.000;0.000;0.000;0.000;0.000;0.000;0.000;0.000;0.000;0.000;0.000;0.000;0.000;0.000;0.000;0.000;0.000;0.000;0.000;0.000;0.000;0.000;0.000;0.000;0.000;0.000;0.641;0.019;0.000;0.000
2020-01-21 00:00;0.000;0.000;0.690;0.000;0.000;0.000;0.000;0.000;0.000;0.000;0.000;0.000;0.000;0.000;0.000;0.000;0.000;0.000;0.000;0.000;0.000;0.000;0.000;0.000;0.000;0.000;0.000;0.000;0.000;1.647;0.000;0.000;0.000;0.000;0.000;0.000;0.000;0.000;0.000;0.000;0.000;0.000;0.000;0.000;0.000;0.000;0.000;0.000;0.000;0.000;0.000;0.000;0.000;0.000;0.000;0.000;0.000;0.000;0.000;0.000;0.000;0.000;0.000;0.000;0.000;0.000;0.000;0.000;0.000;0.000;0.000;0.000;0.000;0.000;0.000;0.000;0.000;0.000;0.000;0.000;0.000;0.000;0.000;0.000;0.000;0.000;0.000;0.000;0.000;0.000;0.000;0.000;0.000;0.000;0.000;0.000;0.000;0.000;0.000;0.000;0.000;0.000;0.000;0.000;0.000;0.000;0.000;0.000;0.507;0.000;0.000;0.000;0.000;0.000;0.656;0.000;0.000;0.000;0.000;0.000;0.000;0.000;0.000;0.000;0.000;0.000;0.000;0.000;0.000;0.000;0.000;0.000;0.000;0.000;0.000;0.000;0.000;0.000;0.000;0.000;0.000;0.000;0.000;0.000;0.000;0.000;0.000;0.000;0.000;0.000;0.000;0.000;0.000;0.000;0.000;0.000;0.000;0.000;0.000;0.000;0.000;0.000;0.000;0.000;0.000;0.000;0.000;0.000;0.000;0.000;0.000;0.000;0.000;0.000;0.000;0.000;0.000;0.000;0.000;0.000;0.000;0.000;0.000;0.000;0.000;0.000;0.000;0.000;0.000;0.000;0.333;0.000;0.857;0.333;0.000;0.000
2020-01-22 00:00;0.000;0.000;1.684;0.000;1.115;1.189;0.911;0.000;0.000;0.000;1.110;0.000;0.000;0.000;0.000;0.000;0.000;0.000;0.000;0.000;1.324;0.000;0.000;0.000;0.000;0.000;0.000;0.000;0.000;1.996;0.000;1.104;0.000;0.000;0.000;0.000;0.020;0.000;0.042;0.000;0.000;0.000;0.000;0.000;0.000;0.000;0.466;0.000;0.000;0.000;0.000;0.000;0.000;0.000;0.000;0.000;0.000;0.000;0.000;0.000;0.000;0.000;0.000;0.000;0.000;0.000;0.000;0.000;1.005;0.000;0.439;0.000;0.000;0.000;0.000;0.005;1.006;0.000;0.000;0.000;0.000;0.286;0.000;0.000;0.000;0.000;0.000;0.313;0.000;0.000;0.000;0.000;1.149;0.000;0.000;0.000;0.000;0.000;0.000;0.000;0.000;0.000;1.005;0.000;0.000;0.000;0.000;0.000;1.763;0.000;0.000;0.000;0.000;1.290;1.753;0.000;0.000;0.000;0.000;0.000;0.000;0.000;0.000;0.000;0.000;0.000;0.000;0.000;1.014;0.451;0.499;0.000;0.000;0.000;0.000;0.000;0.000;0.000;0.000;0.000;1.346;0.000;0.000;0.000;0.458;0.396;0.777;0.249;0.000;0.000;0.000;0.000;0.000;0.000;0.000;0.000;0.031;0.000;0.000;0.000;0.000;0.587;0.000;0.000;0.000;0.000;0.000;0.000;1.084;0.000;1.072;0.000;0.000;0.000;0.276;0.000;1.255;0.000;0.000;0.000;0.000;0.000;0.000;0.000;0.000;0.000;0.000;1.066;0.000;0.000;1.649;1.257;1.715;1.628;0.358;1.588
2020-01-23 00:00;0.000;0.000;1.479;0.000;0.515;0.644;0.032;0.000;0.000;0.000;0.000;0.000;0.000;0.000;0.000;0.000;0.000;0.000;0.000;0.000;0.435;0.000;0.000;0.000;0.000;0.000;0.000;0.000;0.000;1.951;0.000;0.227;0.000;0.000;0.000;0.000;0.017;0.000;0.018;0.000;0.000;0.000;0.000;0.000;0.000;0.000;0.000;0.002;0.298;0.620;1.154;1.555;1.550;3.492;1.556;3.525;1.561;1.566;1.578;3.283;1.578;1.585;2.855;1.588;1.585;3.421;1.595;1.614;1.975;1.627;2.284;1.626;2.270;2.148;2.073;2.202;1.764;2.378;2.933;1.624;1.695;2.114;1.705;1.760;1.802;1.797;1.862;2.081;1.890;1.889;1.929;1.935;1.614;1.952;2.245;1.980;2.098;2.163;2.314;2.405;2.457;2.530;1.877;2.681;2.611;2.689;2.622;2.712;1.876;2.712;3.017;3.092;2.718;1.633;1.934;2.721;2.628;2.717;2.746;2.768;3.306;3.318;3.449;3.085;2.807;2.495;2.404;2.120;1.773;1.998;1.828;2.731;2.558;2.708;2.762;2.530;2.414;2.226;2.492;2.115;1.748;2.226;2.179;2.215;2.062;2.057;1.747;2.147;1.929;1.905;1.935;2.000;2.135;2.233;1.217;0.000;2.349;2.311;2.381;2.845;2.531;1.875;2.329;2.286;2.578;2.372;2.527;2.267;1.829;2.338;1.820;2.626;2.733;2.506;2.391;2.967;1.802;3.750;3.681;0.000;0.000;3.100;3.283;0.000;0.000;0.000;0.000;0.305;0.000;0.000;1.348;0.040;1.579;1.324;0.000;1.178
2020-01-24 00:00;0.000;0.000;1.600;0.000;0.969;1.052;1.085;0.000;0.000;0.000;1.220;0.000;0.000;0.000;0.000;0.000;0.000;0.000;0.000;0.000;1.317;0.000;0.000;0.000;0.000;0.000;0.000;0.000;0.000;2.002;0.000;1.182;0.000;0.000;0.000;0.000;0.019;0.000;0.040;0.000;0.000;0.000;0.000;0.000;0.000;0.000;0.794;0.000;0.000;0.000;0.000;0.000;0.000;0.000;0.000;0.000;0.000;0.000;0.000;0.000;0.000;0.000;0.000;0.000;0.000;0.000;0.000;0.000;0.000;0.000;0.000;0.000;0.000;0.000;0.000;0.000;0.297;0.000;0.000;0.000;0.000;0.000;0.000;0.000;0.000;0.000;0.000;0.000;0.000;0.000;0.000;0.000;0.565;0.000;0.000;0.000;0.000;0.000;0.000;0.000;0.000;0.000;0.497;0.000;0.000;0.000;0.000;0.000;1.597;0.000;0.000;0.000;0.000;0.702;1.610;0.000;0.000;0.000;0.000;0.000;0.000;0.000;0.000;0.000;0.000;0.000;0.000;0.000;0.213;0.000;0.000;0.000;0.000;0.000;0.000;0.000;0.000;0.000;0.000;0.000;0.821;0.000;0.000;0.000;0.000;0.000;0.000;0.000;0.000;0.000;0.000;0.000;0.000;0.000;0.000;0.000;0.000;0.000;0.000;0.000;0.000;0.000;0.000;0.000;0.000;0.000;0.000;0.000;0.449;0.000;0.379;0.000;0.000;0.000;0.000;0.000;0.639;0.000;0.000;0.000;0.000;0.000;0.000;0.000;0.000;0.000;0.000;1.059;0.000;0.000;1.563;1.333;1.673;1.504;0.657;1.420
2020-01-25 00:00;0.000;0.002;1.692;0.000;1.213;1.279;1.007;0.000;0.981;0.000;0.765;0.000;0.000;0.000;0.164;0.000;0.000;0.529;0.000;0.000;1.298;0.000;0.000;0.144;0.000;0.000;1.065;0.000;0.000;2.027;0.000;1.171;0.000;0.080;0.003;0.790;0.021;0.000;0.045;0.000;0.000;0.000;0.000;0.940;0.000;0.000;0.962;0.000;0.000;0.000;0.000;0.000;0.000;0.600;0.000;0.329;0.000;0.000;0.000;0.362;0.000;0.000;1.197;0.000;0.000;0.462;0.000;0.000;1.871;0.000;1.556;0.000;0.360;0.756;0.866;1.157;1.540;0.926;0.000;0.000;0.000;1.588;0.000;0.000;0.000;0.000;0.000;1.438;0.000;0.014;0.051;0.085;1.227;0.102;0.687;0.100;0.140;0.000;0.000;0.000;0.000;0.000;1.664;0.000;1.008;0.000;0.730;0.000;1.724;0.000;0.016;0.219;0.399;1.271;1.796;0.000;1.314;0.000;0.000;0.000;0.000;0.000;0.000;0.263;1.381;0.817;1.452;1.031;1.504;1.279;1.088;0.000;0.984;0.000;0.654;1.541;1.388;0.635;1.160;0.835;1.529;0.926;0.982;1.122;1.541;1.184;1.424;1.484;0.853;0.000;0.000;0.000;0.000;0.000;0.000;0.000;1.459;0.000;0.000;0.000;0.702;1.320;0.770;0.438;0.049;1.136;0.268;0.055;1.600;1.144;1.606;0.958;1.309;0.547;0.808;0.265;1.586;0.141;0.000;0.000;0.000;1.156;0.000;0.000;0.000;0.870;0.000;1.150;0.404;0.000;1.617;0.889;1.749;1.616;0.774;1.548
2020-01-26 00:00;0.578;0.570;0.186;0.571;0.114;0.113;0.137;0.574;0.499;0.567;0.515;0.565;2.120;0.564;1.806;0.560;0.560;1.350;0.557;0.552;0.492;0.550;1.021;1.053;1.250;0.548;0.122;0.546;0.546;0.322;0.542;0.282;0.539;0.800;0.536;1.006;0.534;0.534;0.528;0.529;0.524;0.547;0.545;0.029;0.643;0.661;0.011;0.712;0.713;0.727;0.734;0.749;0.806;0.016;0.806;0.021;0.810;0.812;0.821;0.025;0.831;0.833;0.014;0.846;1.016;0.019;1.096;1.177;0.019;1.360;0.012;1.466;0.230;0.171;0.191;1.554;0.883;0.111;1.906;2.378;2.269;0.495;2.270;2.185;2.051;2.045;1.927;1.299;1.878;1.883;1.962;1.938;1.290;1.924;2.003;2.032;2.681;3.696;3.732;3.471;3.096;3.062;0.814;3.107;1.845;3.107;1.367;3.025;0.285;3.007;1.911;2.106;1.448;2.367;0.331;2.738;2.663;2.637;2.542;2.385;2.341;2.259;2.429;1.500;3.025;1.680;0.972;1.182;2.562;1.164;1.600;2.422;1.036;2.085;0.935;2.631;3.095;1.431;3.405;0.924;0.640;1.155;1.339;2.008;1.910;1.066;0.458;0.536;0.536;1.067;1.500;1.497;1.500;1.789;1.343;1.500;0.737;1.712;1.500;2.390;2.012;0.588;0.738;1.876;1.135;0.821;1.714;2.198;0.882;0.774;0.527;1.303;0.016;0.055;0.052;0.040;0.199;0.020;0.029;0.035;0.027;0.018;0.042;0.038;0.016;0.010;0.030;0.424;0.060;2.103;0.392;0.446;0.459;0.146;0.414;0.361
2020-01-27 00:00;0.352;0.341;0.420;0.341;0.239;0.234;0.546;0.340;1.087;0.331;0.778;0.330;1.745;0.328;1.368;0.325;0.325;1.476;0.321;0.317;0.964;0.314;1.265;1.454;1.208;0.313;0.384;0.310;0.309;0.693;0.303;0.637;0.300;3.049;0.298;1.333;0.296;0.295;0.288;0.284;0.279;0.292;0.289;0.019;0.394;0.402;0.010;0.441;0.436;0.437;0.428;0.422;0.463;0.023;0.460;0.027;0.458;0.457;0.455;0.036;0.457;0.454;0.023;0.457;0.545;0.021;0.576;0.597;0.019;0.687;0.016;0.741;0.256;0.225;0.241;1.417;0.680;0.161;0.984;1.062;1.032;0.769;1.028;1.003;0.963;0.959;0.910;1.120;0.884;0.871;0.892;0.871;1.544;0.855;1.419;0.885;0.512;0.467;0.557;0.713;0.859;0.836;1.086;0.877;1.658;0.870;1.385;0.896;0.874;0.911;1.177;0.897;1.432;2.066;0.779;0.985;1.305;0.987;0.989;0.975;0.885;0.816;1.557;2.263;1.615;1.202;1.692;1.366;1.863;1.389;1.519;0.940;1.259;0.965;1.139;1.299;1.533;1.083;1.285;0.894;0.669;1.429;1.482;1.742;1.794;1.539;1.027;1.164;0.618;1.461;1.989;1.697;3.012;2.467;0.996;1.000;1.142;2.731;2.842;1.219;1.354;1.099;0.737;1.127;0.929;0.774;1.040;0.974;0.949;0.858;0.752;1.163;0.023;0.055;0.051;0.033;0.309;0.026;0.040;0.039;0.031;0.017;0.043;0.054;0.019;0.017;0.041;0.734;0.048;0.987;0.600;0.949;0.389;0.242;0.781;0.406
2020-01-28 00:00;0.053;0.052;1.271;0.051;0.731;0.729;1.736;0.047;1.318;0.045;1.422;0.043;1.230;0.043;0.402;0.043;0.043;0.820;0.043;0.042;1.626;0.042;0.485;0.684;0.437;0.042;1.047;0.043;0.042;1.550;0.041;1.437;0.042;0.000;0.043;0.896;0.043;0.040;0.038;0.011;0.011;0.005;0.005;0.013;0.000;0.000;0.014;0.000;0.000;0.000;0.000;0.001;0.000;0.021;0.000;0.021;0.000;0.000;0.000;0.037;0.000;0.003;0.044;0.004;0.000;0.013;0.000;0.000;0.066;0.000;0.030;0.000;0.220;0.314;0.364;1.002;1.034;0.302;0.350;0.000;0.063;1.308;0.064;0.108;0.174;0.178;0.226;1.111;0.242;0.246;0.237;0.248;1.499;0.239;0.990;0.193;0.197;0.000;0.072;0.192;0.464;0.414;1.588;0.398;1.297;0.384;1.021;0.392;1.756;0.417;0.732;0.897;0.940;1.904;1.621;0.568;1.435;0.577;0.660;0.747;0.067;0.364;0.478;1.253;1.223;1.443;1.288;1.164;1.204;1.351;1.603;0.203;1.167;0.479;1.356;1.519;1.365;0.851;1.361;0.946;1.448;0.904;0.792;0.738;1.243;1.012;1.473;1.511;0.948;0.000;0.000;0.000;0.000;0.000;0.184;0.000;1.302;0.000;0.000;0.827;1.066;1.342;0.929;0.419;0.617;1.055;0.406;0.277;1.364;0.953;1.295;0.867;0.040;0.064;0.070;0.015;0.790;0.016;0.020;0.000;0.000;0.020;0.000;0.000;0.006;0.024;0.000;1.416;0.050;0.124;1.246;1.619;1.382;0.861;1.321;1.136
2020-01-29 00:00;0.000;0.000;1.575;0.000;0.613;0.727;0.414;0.000;0.000;0.000;0.940;0.000;0.000;0.000;0.000;0.000;0.000;0.000;0.000;0.000;0.929;0.000;0.000;0.000;0.000;0.000;0.000;0.000;0.000;1.955;0.000;0.635;0.000;0.000;0.000;0.000;0.004;0.000;0.058;0.000;0.000;0.000;0.000;0.000;0.000;0.000;0.000;0.000;0.000;0.000;0.000;0.000;0.000;0.000;0.000;0.000;0.000;0.000;0.000;0.000;0.000;0.000;0.000;0.000;0.000;0.000;0.000;0.000;0.136;0.000;0.000;0.000;0.000;0.000;0.000;0.000;0.056;0.000;0.000;0.000;0.000;0.587;0.000;0.000;0.000;0.000;0.000;0.000;0.000;0.000;0.000;0.000;0.681;0.000;0.000;0.000;0.000;0.000;0.000;0.000;0.000;0.000;1.424;0.000;0.000;0.000;0.000;0.000;1.760;0.000;0.000;0.000;0.000;1.012;1.775;0.000;0.000;0.000;0.000;0.000;0.000;0.000;0.000;0.000;0.000;0.256;0.000;0.000;0.000;0.000;0.825;0.000;0.000;0.000;0.151;0.000;0.000;0.000;0.000;0.000;1.463;0.000;0.000;0.000;0.000;0.000;0.414;0.376;0.000;0.000;0.000;0.000;0.000;0.000;0.000;0.000;0.000;0.000;0.000;0.000;0.000;0.000;0.000;0.000;0.000;0.000;0.000;0.000;0.756;0.000;0.638;0.000;0.000;0.000;0.113;0.000;0.997;0.000;0.000;0.000;0.000;0.000;0.000;0.000;0.000;0.000;0.000;0.751;0.000;0.000;1.604;1.148;1.377;1.316;0.133;1.155
2020-01-30 00:00;0.000;0.000;1.470;0.000;0.285;0.428;0.260;0.000;0.000;0.000;0.731;0.000;0.000;0.000;0.000;0.000;0.000;0.000;0.000;0.000;0.550;0.000;0.000;0.000;0.000;0.000;0.000;0.000;0.000;1.950;0.000;0.450;0.000;0.000;0.000;0.000;0.004;0.000;0.071;0.000;0.000;0.000;0.000;0.000;0.000;0.000;0.000;0.000;0.000;0.000;0.000;0.000;0.000;0.000;0.000;0.000;0.000;0.000;0.000;0.000;0.000;0.000;0.000;0.000;0.000;0.000;0.000;0.000;0.000;0.000;0.000;0.000;0.000;0.000;0.000;0.000;0.000;0.000;0.000;0.000;0.000;0.000;0.000;0.000;0.000;0.000;0.000;0.000;0.000;0.000;0.000;0.000;0.000;0.000;0.000;0.000;0.000;0.000;0.000;0.000;0.000;0.000;1.077;0.000;0.000;0.000;0.000;0.000;1.596;0.000;0.000;0.000;0.000;0.000;1.625;0.000;0.000;0.000;0.000;0.000;0.000;0.000;0.000;0.000;0.000;0.000;0.000;0.000;0.000;0.000;0.000;0.000;0.000;0.000;0.000;0.000;0.000;0.000;0.000;0.000;1.157;0.000;0.000;0.000;0.000;0.000;0.000;0.000;0.000;0.000;0.000;0.000;0.000;0.000;0.000;0.000;0.000;0.000;0.000;0.000;0.000;0.000;0.000;0.000;0.000;0.000;0.000;0.000;0.000;0.000;0.000;0.000;0.000;0.000;0.000;0.000;0.483;0.000;0.000;0.000;0.000;0.000;0.000;0.000;0.000;0.000;0.000;0.579;0.000;0.000;1.622;0.986;1.301;1.149;0.000;0.966
2020-01-31 00:00;0.000;0.000;1.479;0.000;0.350;0.487;0.350;0.000;0.000;0.000;0.748;0.000;0.000;0.000;0.000;0.000;0.000;0.000;0.000;0.000;0.779;0.000;0.000;0.000;0.000;0.000;0.000;0.000;0.000;1.954;0.000;0.584;0.000;0.000;0.000;0.000;0.006;0.000;0.081;0.000;0.000;0.000;0.000;0.000;0.000;0.000;0.000;0.000;0.000;0.000;0.000;0.000;0.000;0.000;0.000;0.000;0.000;0.000;0.000;0.000;0.000;0.000;0.000;0.000;0.000;0.000;0.000;0.000;0.000;0.000;0.000;0.000;0.000;0.000;0.000;0.000;0.000;0.000;0.000;0.000;0.000;0.098;0.000;0.000;0.000;0.000;0.000;0.000;0.000;0.000;0.000;0.000;0.238;0.000;0.000;0.000;0.000;0.000;0.000;0.000;0.000;0.000;1.186;0.000;0.000;0.000;0.000;0.000;1.628;0.000;0.000;0.000;0.000;0.402;1.648;0.000;0.000;0.000;0.000;0.000;0.000;0.000;0.000;0.000;0.000;0.000;0.000;0.000;0.000;0.000;0.000;0.000;0.000;0.000;0.000;0.000;0.000;0.000;0.000;0.000;1.273;0.000;0.000;0.000;0.000;0.000;0.000;0.000;0.000;0.000;0.000;0.000;0.000;0.000;0.000;0.000;0.000;0.000;0.000;0.000;0.000;0.000;0.000;0.000;0.000;0.000;0.000;0.000;0.000;0.000;0.241;0.000;0.000;0.000;0.000;0.000;0.704;0.000;0.000;0.000;0.000;0.000;0.000;0.000;0.000;0.000;0.000;0.677;0.000;0.000;1.640;1.015;1.353;1.177;0.071;1.011
2020-02-01 00:00;0.000;0.000;1.667;0.000;0.983;1.066;1.034;0.000;0.126;0.000;1.193;0.000;0.000;0.000;0.000;0.000;0.000;0.000;0.000;0.000;1.249;0.000;0.000;0.000;0.000;0.000;0.000;0.000;0.000;1.980;0.000;1.184;0.000;0.000;0.000;0.000;0.012;0.000;0.113;0.000;0.000;0.000;0.000;0.000;0.000;0.000;0.000;0.000;0.000;0.000;0.000;0.000;0.000;0.000;0.000;0.000;0.000;0.000;0.000;0.000;0.000;0.000;0.000;0.000;0.000;0.000;0.000;0.000;1.021;0.000;0.216;0.000;0.000;0.000;0.000;0.000;1.059;0.000;0.000;0.000;0.000;1.169;0.000;0.000;0.000;0.000;0.000;0.246;0.000;0.000;0.000;0.000;1.198;0.000;0.000;0.000;0.000;0.000;0.000;0.000;0.000;0.000;1.605;0.000;0.000;0.000;0.117;0.000;1.816;0.000;0.000;0.000;0.000;0.969;1.837;0.000;0.152;0.000;0.000;0.000;0.000;0.000;0.000;0.000;0.191;0.000;0.310;0.000;0.608;0.149;0.782;0.000;0.050;0.000;0.000;0.312;0.000;0.000;0.000;0.119;1.655;0.000;0.000;0.000;0.508;0.047;1.095;0.958;0.062;0.000;0.000;0.000;0.000;0.000;0.000;0.000;0.819;0.000;0.000;0.000;0.000;0.775;0.000;0.000;0.000;0.529;0.000;0.000;1.046;0.292;1.195;0.000;0.000;0.032;0.675;0.000;1.429;0.000;0.000;0.000;0.000;0.000;0.000;0.000;0.000;0.000;0.000;1.208;0.000;0.000;1.776;1.374;1.608;1.484;0.892;1.386
2020-02-02 00:00;0.000;0.000;1.626;0.000;0.798;0.900;0.830;0.000;0.000;0.000;0.993;0.000;0.000;0.000;0.000;0.000;0.000;0.000;0.000;0.000;1.184;0.000;0.000;0.000;0.000;0.000;0.000;0.000;0.000;1.979;0.000;1.048;0.000;0.000;0.000;0.000;0.011;0.000;0.102;0.000;0.000;0.000;0.000;0.000;0.000;0.000;0.000;0.000;0.000;0.000;0.000;0.000;0.000;0.000;0.000;0.000;0.000;0.000;0.000;0.000;0.000;0.000;0.000;0.000;0.000;0.000;0.000;0.000;0.658;0.000;0.179;0.000;0.000;0.000;0.000;0.000;0.854;0.000;0.000;0.000;0.000;1.030;0.000;0.000;0.000;0.000;0.000;0.478;0.000;0.000;0.000;0.000;1.072;0.000;0.000;0.000;0.000;0.000;0.000;0.000;0.000;0.000;1.575;0.000;0.357;0.000;0.087;0.000;1.806;0.000;0.000;0.000;0.000;1.341;1.830;0.000;0.000;0.000;0.000;0.000;0.000;0.000;0.000;0.000;0.596;0.070;0.158;0.254;1.116;0.572;0.000;0.000;0.023;0.000;0.000;0.000;0.000;0.000;0.000;0.151;1.642;0.000;0.000;0.080;0.527;0.859;0.894;0.555;0.012;0.000;0.000;0.000;0.000;0.000;0.000;0.000;0.791;0.000;0.000;0.000;0.000;0.807;0.223;0.000;0.000;0.273;0.000;0.000;0.942;0.318;1.236;0.000;0.000;0.000;0.569;0.000;1.340;0.000;0.000;0.000;0.000;0.000;0.000;0.000;0.000;0.000;0.000;1.092;0.000;0.000;1.757;1.270;1.580;1.417;0.638;1.304
2020-02-03 00:00;0.435;0.461;1.895;0.459;1.737;1.756;1.804;0.452;1.878;0.467;1.767;0.467;1.887;0.471;1.852;0.476;0.476;1.890;0.482;0.489;1.866;0.496;1.790;1.834;1.776;0.499;1.940;0.505;0.506;2.013;0.517;1.847;0.528;1.806;0.534;1.915;0.538;0.525;0.536;0.430;0.441;0.441;0.443;1.924;0.430;0.440;2.193;0.455;0.476;0.499;0.537;0.575;0.573;2.209;0.582;2.118;0.589;0.595;0.611;2.017;0.612;0.623;2.112;0.626;0.626;2.115;0.641;0.666;1.946;0.679;2.101;0.680;1.549;1.598;1.600;1.733;1.762;1.791;1.803;0.673;0.742;1.741;0.745;0.780;0.812;0.807;0.847;1.756;0.857;0.859;0.862;0.843;1.733;0.837;1.664;0.777;1.078;0.976;1.057;1.158;1.313;1.311;1.855;1.310;1.601;1.313;1.812;1.332;1.935;1.348;1.801;1.859;1.822;1.702;1.956;1.414;1.980;1.414;1.461;1.497;1.512;1.675;1.708;1.897;1.763;1.793;1.903;1.697;1.683;1.746;1.958;1.528;1.899;1.657;1.990;2.034;1.940;1.630;1.894;1.657;1.877;1.689;1.676;1.698;1.804;1.536;1.727;1.817;1.566;0.141;0.079;0.188;0.000;0.122;0.802;0.168;1.698;0.058;0.000;1.721;1.851;1.679;1.616;1.604;1.481;1.724;1.583;1.413;1.788;1.739;1.772;1.909;2.096;1.720;1.758;1.811;1.834;2.164;1.995;1.981;2.105;2.215;1.614;0.529;1.677;2.067;0.829;1.808;1.653;1.667;1.934;1.809;1.888;1.848;1.793;1.829
2020-02-04 00:00;0.000;0.006;1.836;0.003;1.458;1.505;1.473;0.000;0.908;0.000;1.489;0.000;0.000;0.000;0.000;0.000;0.000;0.000;0.000;0.000;1.690;0.003;0.000;0.000;0.000;0.011;0.819;0.029;0.032;2.010;0.061;1.616;0.086;0.000;0.102;0.392;0.113;0.096;0.131;0.000;0.000;0.000;0.000;0.000;0.000;0.000;0.227;0.000;0.000;0.000;0.000;0.000;0.000;0.000;0.000;0.000;0.000;0.000;0.000;0.000;0.000;0.004;0.000;0.008;0.011;0.000;0.025;0.047;1.408;0.056;0.944;0.060;0.113;0.511;0.687;0.991;1.531;0.484;0.095;0.085;0.131;1.535;0.126;0.148;0.209;0.218;0.263;1.207;0.278;0.303;0.298;0.304;1.599;0.292;0.921;0.233;0.171;0.000;0.000;0.000;0.046;0.122;1.784;0.024;1.157;0.000;0.875;0.000;1.833;0.000;0.000;0.000;0.518;1.751;1.889;0.000;0.574;0.000;0.000;0.067;0.000;0.000;0.000;0.436;1.225;0.948;0.963;0.873;1.481;1.067;1.015;0.000;0.827;0.000;0.245;0.613;0.588;0.651;0.228;0.974;1.805;0.820;0.861;0.877;1.204;1.260;1.485;1.349;0.976;0.049;0.000;0.141;0.000;0.085;0.424;0.000;1.382;0.057;0.000;0.208;0.561;1.366;1.032;0.512;0.000;1.036;0.011;0.020;1.557;1.135;1.643;0.532;0.000;0.678;1.025;0.000;1.750;0.000;0.000;0.000;0.000;0.000;0.000;0.000;0.000;0.000;0.000;1.615;0.000;0.000;1.905;1.653;1.835;1.745;1.374;1.699
2020-02-05 00:00;0.000;0.000;1.341;0.000;0.000;0.102;0.000;0.000;0.000;0.000;0.029;0.000;0.000;0.000;0.000;0.000;0.000;0.000;0.000;0.000;0.547;0.000;0.000;0.000;0.000;0.000;0.000;0.000;0.000;1.955;0.000;0.411;0.000;0.000;0.000;0.000;0.007;0.000;0.068;0.000;0.000;0.000;0.000;0.000;0.000;0.000;0.000;0.000;0.000;0.000;0.000;0.000;0.000;0.000;0.000;0.000;0.000;0.000;0.000;0.000;0.000;0.000;0.000;0.000;0.000;0.000;0.000;0.000;0.000;0.000;0.000;0.000;0.000;0.000;0.000;0.000;0.187;0.000;0.000;0.000;0.000;0.027;0.000;0.000;0.000;0.000;0.000;0.000;0.000;0.000;0.000;0.000;0.296;0.000;0.000;0.000;0.000;0.000;0.000;0.000;0.000;0.000;1.193;0.000;0.000;0.000;0.000;0.000;1.612;0.000;0.000;0.000;0.000;0.000;1.686;0.000;0.000;0.000;0.000;0.000;0.000;0.000;0.000;0.000;0.000;0.000;0.000;0.000;0.000;0.000;0.000;0.000;0.000;0.000;0.000;0.000;0.000;0.000;0.000;0.000;1.363;0.000;0.000;0.000;0.000;0.000;0.000;0.000;0.000;0.000;0.000;0.000;0.000;0.000;0.000;0.000;0.000;0.000;0.000;0.000;0.000;0.000;0.000;0.000;0.000;0.000;0.000;0.000;0.324;0.000;0.370;0.000;0.000;0.000;0.084;0.000;0.949;0.000;0.000;0.000;0.000;0.000;0.000;0.000;0.000;0.000;0.000;0.516;0.000;0.000;1.604;0.587;1.367;1.002;0.000;0.822
2020-02-06 00:00;0.000;0.000;1.268;0.000;0.000;0.126;0.101;0.000;0.000;0.000;0.138;0.000;0.000;0.000;0.000;0.000;0.000;0.000;0.000;0.000;0.691;0.000;0.000;0.000;0.000;0.000;0.000;0.000;0.000;1.947;0.000;0.493;0.000;0.000;0.000;0.000;0.006;0.000;0.057;0.000;0.000;0.000;0.000;0.000;0.000;0.000;0.000;0.000;0.000;0.000;0.000;0.000;0.000;0.000;0.000;0.000;0.000;0.000;0.000;0.000;0.000;0.000;0.000;0.000;0.000;0.000;0.000;0.000;0.000;0.000;0.000;0.000;0.000;0.000;0.000;0.000;0.000;0.000;0.000;0.000;0.000;0.000;0.000;0.000;0.000;0.000;0.000;0.000;0.000;0.000;0.000;0.000;0.000;0.000;0.000;0.000;0.000;0.000;0.000;0.000;0.000;0.000;0.958;0.000;0.000;0.000;0.000;0.000;1.498;0.000;0.000;0.000;0.000;0.557;1.575;0.000;0.000;0.000;0.000;0.000;0.000;0.000;0.000;0.000;0.000;0.000;0.000;0.000;0.000;0.000;0.000;0.000;0.000;0.000;0.000;0.000;0.000;0.000;0.000;0.000;1.196;0.000;0.000;0.000;0.000;0.000;0.000;0.000;0.000;0.000;0.000;0.000;0.000;0.000;0.000;0.000;0.000;0.000;0.000;0.000;0.000;0.000;0.000;0.000;0.000;0.000;0.000;0.000;0.000;0.000;0.031;0.000;0.000;0.000;0.000;0.000;0.690;0.000;0.000;0.000;0.000;0.000;0.000;0.000;0.000;0.000;0.000;0.537;0.000;0.000;1.557;0.549;1.327;0.950;0.000;0.797
2020-02-07 00:00;0.000;0.000;1.358;0.000;0.298;0.440;0.451;0.000;0.000;0.000;0.482;0.000;0.000;0.000;0.000;0.000;0.000;0.000;0.000;0.000;0.869;0.000;0.000;0.000;0.000;0.000;0.000;0.000;0.000;1.961;0.000;0.776;0.000;0.000;0.000;0.000;0.008;0.000;0.068;0.000;0.000;0.000;0.000;0.000;0.000;0.000;0.000;0.000;0.000;0.000;0.000;0.000;0.000;0.000;0.000;0.000;0.000;0.000;0.000;0.000;0.000;0.000;0.000;0.000;0.000;0.000;0.000;0.000;0.000;0.000;0.000;0.000;0.000;0.000;0.000;0.000;0.654;0.000;0.000;0.000;0.000;0.337;0.000;0.000;0.000;0.000;0.000;0.000;0.000;0.000;0.000;0.000;0.648;0.000;0.000;0.000;0.000;0.000;0.000;0.000;0.000;0.000;1.222;0.000;0.000;0.000;0.000;0.000;1.631;0.000;0.000;0.000;0.000;0.402;1.714;0.000;0.000;0.000;0.000;0.000;0.000;0.000;0.000;0.000;0.000;0.000;0.000;0.000;0.056;0.000;0.102;0.000;0.000;0.000;0.000;0.000;0.000;0.000;0.000;0.000;1.409;0.000;0.000;0.000;0.000;0.000;0.338;0.218;0.000;0.000;0.000;0.000;0.000;0.000;0.000;0.000;0.000;0.000;0.000;0.000;0.000;0.000;0.000;0.000;0.000;0.000;0.000;0.000;0.621;0.000;0.704;0.000;0.000;0.000;0.328;0.000;1.144;0.000;0.000;0.000;0.000;0.000;0.000;0.000;0.000;0.000;0.000;0.801;0.000;0.000;1.620;0.791;1.438;1.108;0.098;1.003
2020-02-08 00:00;0.000;0.000;0.316;0.000;0.000;0.000;0.000;0.000;0.000;0.000;0.000;0.000;0.000;0.000;0.000;0.000;0.000;0.000;0.000;0.000;0.000;0.000;0.000;0.000;0.000;0.000;0.000;0.000;0.000;1.863;0.000;0.000;0.000;0.000;0.000;0.000;0.000;0.000;0.000;0.000;0.000;0.000;0.000;0.000;0.000;0.000;0.000;0.000;0.000;0.000;0.000;0.000;0.000;0.000;0.000;0.000;0.000;0.000;0.000;0.000;0.000;0.000;0.000;0.000;0.000;0.000;0.000;0.000;0.000;0.000;0.000;0.000;0.000;0.000;0.000;0.000;0.000;0.000;0.000;0.000;0.000;0.000;0.000;0.000;0.000;0.000;0.000;0.000;0.000;0.000;0.000;0.000;0.000;0.000;0.000;0.000;0.000;0.000;0.000;0.000;0.000;0.000;0.000;0.000;0.000;0.000;0.000;0.000;0.993;0.000;0.000;0.000;0.000;0.000;1.160;0.000;0.000;0.000;0.000;0.000;0.000;0.000;0.000;0.000;0.000;0.000;0.000;0.000;0.000;0.000;0.000;0.000;0.000;0.000;0.000;0.000;0.000;0.000;0.000;0.000;0.410;0.000;0.000;0.000;0.000;0.000;0.000;0.000;0.000;0.000;0.000;0.000;0.000;0.000;0.000;0.000;0.000;0.000;0.000;0.000;0.000;0.000;0.000;0.000;0.000;0.000;0.000;0.000;0.000;0.000;0.000;0.000;0.000;0.000;0.000;0.000;0.000;0.000;0.000;0.000;0.000;0.000;0.000;0.000;0.000;0.000;0.000;0.000;0.000;0.000;1.047;0.000;0.613;0.000;0.000;0.000
2020-02-09 00:00;0.000;0.000;0.062;0.000;0.000;0.000;0.000;0.000;0.000;0.000;0.000;0.000;0.000;0.000;0.000;0.000;0.000;0.000;0.000;0.000;0.000;0.000;0.000;0.000;0.000;0.000;0.000;0.000;0.000;1.838;0.000;0.000;0.000;0.000;0.000;0.000;0.000;0.000;0.000;0.000;0.000;0.000;0.000;0.000;0.000;0.000;0.000;0.000;0.000;0.000;0.000;0.000;0.000;0.000;0.000;0.000;0.000;0.000;0.000;0.000;0.000;0.000;0.000;0.000;0.000;0.000;0.000;0.000;0.000;0.000;0.000;0.000;0.000;0.000;0.000;0.000;0.000;0.000;0.000;0.000;0.000;0.000;0.000;0.000;0.000;0.000;0.000;0.000;0.000;0.000;0.000;0.000;0.000;0.000;0.000;0.000;0.000;0.000;0.000;0.000;0.000;0.000;0.000;0.000;0.000;0.000;0.000;0.000;0.930;0.000;0.000;0.000;0.000;0.000;1.149;0.000;0.000;0.000;0.000;0.000;0.000;0.000;0.000;0.000;0.000;0.000;0.000;0.000;0.000;0.000;0.000;0.000;0.000;0.000;0.000;0.000;0.000;0.000;0.000;0.000;0.255;0.000;0.000;0.000;0.000;0.000;0.000;0.000;0.000;0.000;0.000;0.000;0.000;0.000;0.000;0.000;0.000;0.000;0.000;0.000;0.000;0.000;0.000;0.000;0.000;0.000;0.000;0.000;0.000;0.000;0.000;0.000;0.000;0.000;0.000;0.000;0.000;0.000;0.000;0.000;0.000;0.000;0.000;0.000;0.000;0.000;0.000;0.000;0.000;0.000;0.887;0.000;0.433;0.000;0.000;0.000
2020-02-10 00:00;0.000;0.000;1.401;0.000;0.268;0.414;0.551;0.000;0.000;0.000;0.539;0.000;0.000;0.000;0.000;0.000;0.000;0.000;0.000;0.000;1.139;0.000;0.000;0.000;0.000;0.000;0.000;0.000;0.000;1.965;0.000;0.959;0.000;0.000;0.000;0.000;0.008;0.000;0.056;0.000;0.000;0.000;0.000;0.000;0.000;0.000;0.000;0.000;0.000;0.000;0.000;0.000;0.000;0.000;0.000;0.000;0.000;0.000;0.000;0.000;0.000;0.000;0.000;0.000;0.000;0.000;0.000;0.000;0.039;0.000;0.000;0.000;0.000;0.000;0.000;0.000;0.788;0.000;0.000;0.000;0.000;0.565;0.000;0.000;0.000;0.000;0.000;0.041;0.000;0.000;0.000;0.000;0.705;0.000;0.000;0.000;0.000;0.000;0.000;0.000;0.000;0.000;1.257;0.000;0.000;0.000;0.000;0.000;1.669;0.000;0.000;0.000;0.000;1.255;1.719;0.000;0.000;0.000;0.000;0.000;0.000;0.000;0.000;0.000;0.146;0.000;0.000;0.000;0.347;0.000;0.000;0.000;0.000;0.000;0.000;0.000;0.000;0.000;0.000;0.000;1.468;0.000;0.000;0.000;0.181;0.121;0.718;0.033;0.000;0.000;0.000;0.000;0.000;0.000;0.000;0.000;0.123;0.000;0.000;0.000;0.000;0.441;0.000;0.000;0.000;0.000;0.000;0.000;0.817;0.000;1.034;0.000;0.000;0.000;0.464;0.000;1.307;0.000;0.000;0.000;0.000;0.000;0.000;0.000;0.000;0.000;0.000;0.925;0.000;0.000;1.614;0.858;1.488;1.160;0.167;1.111
2020-02-11 00:00;0.000;0.000;0.815;0.000;0.000;0.000;0.000;0.000;0.000;0.000;0.000;0.000;0.000;0.000;0.000;0.000;0.000;0.000;0.000;0.000;0.158;0.000;0.000;0.000;0.000;0.000;0.000;0.000;0.000;1.927;0.000;0.000;0.000;0.000;0.000;0.000;0.000;0.000;0.014;0.000;0.000;0.000;0.000;0.000;0.000;0.000;0.000;0.000;0.000;0.000;0.000;0.000;0.000;0.000;0.000;0.000;0.000;0.000;0.000;0.000;0.000;0.000;0.000;0.000;0.000;0.000;0.000;0.000;0.000;0.000;0.000;0.000;0.000;0.000;0.000;0.000;0.024;0.000;0.000;0.000;0.000;0.000;0.000;0.000;0.000;0.000;0.000;0.000;0.000;0.000;0.000;0.000;0.197;0.000;0.000;0.000;0.000;0.000;0.000;0.000;0.000;0.000;0.575;0.000;0.000;0.000;0.000;0.000;1.454;0.000;0.000;0.000;0.000;0.104;1.578;0.000;0.000;0.000;0.000;0.000;0.000;0.000;0.000;0.000;0.000;0.000;0.000;0.000;0.000;0.000;0.000;0.000;0.000;0.000;0.000;0.000;0.000;0.000;0.000;0.000;0.988;0.000;0.000;0.000;0.000;0.000;0.000;0.000;0.000;0.000;0.000;0.000;0.000;0.000;0.000;0.000;0.000;0.000;0.000;0.000;0.000;0.000;0.000;0.000;0.000;0.000;0.000;0.000;0.284;0.000;0.142;0.000;0.000;0.000;0.000;0.000;0.831;0.000;0.000;0.000;0.000;0.000;0.000;0.000;0.000;0.000;0.000;0.006;0.000;0.000;1.340;0.000;1.084;0.397;0.000;0.314
2020-02-12 00:00;0.816;0.895;1.856;0.895;1.796;1.809;1.924;0.899;1.759;0.954;1.869;0.961;1.621;0.972;1.669;0.992;0.992;1.739;1.013;1.040;2.017;1.061;1.576;1.664;1.558;1.071;1.855;1.087;1.093;2.018;1.136;2.003;1.167;1.621;1.182;1.802;1.195;1.190;1.239;1.210;1.246;1.327;1.342;1.737;1.395;1.444;2.127;1.503;1.572;1.647;1.771;1.868;1.865;0.000;1.871;0.000;1.876;1.880;1.890;0.000;1.892;1.899;3.314;1.901;1.899;0.000;1.911;1.929;2.671;1.939;2.904;1.936;2.483;2.358;2.285;2.237;2.167;2.567;2.640;1.941;2.010;2.215;2.020;2.074;2.115;2.112;2.180;2.258;2.207;2.210;2.251;2.266;2.085;2.280;2.224;2.331;2.273;2.311;2.426;2.490;2.517;2.554;2.017;2.627;2.413;2.639;2.482;2.659;1.974;2.655;2.828;2.857;2.644;2.224;1.990;2.638;2.514;2.631;2.619;2.616;2.965;2.882;2.971;2.643;2.448;2.343;2.340;2.424;2.416;2.350;2.257;2.684;2.430;2.656;2.630;2.532;2.444;2.346;2.504;2.291;1.963;2.415;2.402;2.399;2.310;2.322;2.206;2.288;2.103;2.578;2.632;2.721;2.940;3.183;1.275;0.000;2.270;3.375;3.515;2.653;2.451;2.261;2.295;2.332;2.538;2.267;2.545;2.438;2.116;2.253;2.150;2.561;3.152;2.659;2.580;3.716;2.023;0.000;0.000;0.000;0.000;3.665;0.000;0.000;1.162;1.836;0.000;1.920;1.432;1.354;1.887;1.882;1.857;1.869;1.868;1.872
2020-02-13 00:00;0.000;0.000;1.306;0.000;0.053;0.224;0.334;0.000;0.000;0.000;0.444;0.000;0.000;0.000;0.000;0.000;0.000;0.000;0.000;0.000;0.947;0.000;0.000;0.000;0.000;0.000;0.000;0.000;0.000;1.982;0.000;0.817;0.000;0.000;0.000;0.000;0.008;0.000;0.054;0.000;0.000;0.000;0.000;0.000;0.000;0.000;0.000;0.000;0.000;0.000;0.000;0.000;0.000;0.000;0.000;0.000;0.000;0.000;0.000;0.000;0.000;0.000;0.000;0.000;0.000;0.000;0.000;0.000;0.000;0.000;0.000;0.000;0.000;0.000;0.000;0.000;0.205;0.000;0.000;0.000;0.000;0.000;0.000;0.000;0.000;0.000;0.000;0.000;0.000;0.000;0.000;0.000;0.436;0.000;0.000;0.000;0.000;0.000;0.000;0.000;0.000;0.000;0.705;0.000;0.000;0.000;0.000;0.000;1.600;0.000;0.000;0.000;0.000;0.251;1.653;0.000;0.000;0.000;0.000;0.000;0.000;0.000;0.000;0.000;0.000;0.000;0.000;0.000;0.000;0.000;0.000;0.000;0.000;0.000;0.000;0.000;0.000;0.000;0.000;0.000;0.959;0.000;0.000;0.000;0.000;0.000;0.000;0.000;0.000;0.000;0.000;0.000;0.000;0.000;0.000;0.000;0.000;0.000;0.000;0.000;0.000;0.000;0.000;0.000;0.000;0.000;0.000;0.000;0.463;0.000;0.348;0.000;0.000;0.000;0.036;0.000;1.000;0.000;0.000;0.000;0.000;0.000;0.000;0.000;0.000;0.000;0.000;0.794;0.000;0.000;1.629;0.736;1.470;1.053;0.000;0.999
2020-02-14 00:00;0.000;0.000;0.000;0.000;0.000;0.000;0.000;0.000;0.000;0.000;0.000;0.000;0.000;0.000;0.000;0.000;0.000;0.000;0.000;0.000;0.000;0.000;0.000;0.000;0.000;0.000;0.000;0.000;0.000;1.737;0.000;0.000;0.000;0.000;0.000;0.000;0.000;0.000;0.000;0.000;0.000;0.000;0.000;0.000;0.000;0.000;0.000;0.000;0.000;0.000;0.000;0.000;0.000;0.000;0.000;0.000;0.000;0.000;0.000;0.000;0.000;0.000;0.000;0.000;0.000;0.000;0.000;0.000;0.000;0.000;0.000;0.000;0.000;0.000;0.000;0.000;0.000;0.000;0.000;0.000;0.000;0.000;0.000;0.000;0.000;0.000;0.000;0.000;0.000;0.000;0.000;0.000;0.000;0.000;0.000;0.000;0.000;0.000;0.000;0.000;0.000;0.000;0.000;0.000;0.000;0.000;0.000;0.000;0.363;0.000;0.000;0.000;0.000;0.000;0.726;0.000;0.000;0.000;0.000;0.000;0.000;0.000;0.000;0.000;0.000;0.000;0.000;0.000;0.000;0.000;0.000;0.000;0.000;0.000;0.000;0.000;0.000;0.000;0.000;0.000;0.000;0.000;0.000;0.000;0.000;0.000;0.000;0.000;0.000;0.000;0.000;0.000;0.000;0.000;0.000;0.000;0.000;0.000;0.000;0.000;0.000;0.000;0.000;0.000;0.000;0.000;0.000;0.000;0.000;0.000;0.000;0.000;0.000;0.000;0.000;0.000;0.000;0.000;0.000;0.000;0.000;0.000;0.000;0.000;0.000;0.000;0.000;0.000;0.000;0.000;0.080;0.000;0.000;0.000;0.000;0.000
2020-02-15 00:00;0.000;0.000;0.000;0.000;0.000;0.000;0.000;0.000;0.000;0.000;0.000;0.000;0.000;0.000;0.000;0.000;0.000;0.000;0.000;0.000;0.000;0.000;0.000;0.000;0.000;0.000;0.000;0.000;0.000;1.834;0.000;0.000;0.000;0.000;0.000;0.000;0.000;0.000;0.000;0.000;0.000;0.000;0.000;0.000;0.000;0.000;0.000;0.000;0.000;0.000;0.000;0.000;0.000;0.000;0.000;0.000;0.000;0.000;0.000;0.000;0.000;0.000;0.000;0.000;0.000;0.000;0.000;0.000;0.000;0.000;0.000;0.000;0.000;0.000;0.000;0.000;0.000;0.000;0.000;0.000;0.000;0.000;0.000;0.000;0.000;0.000;0.000;0.000;0.000;0.000;0.000;0.000;0.000;0.000;0.000;0.000;0.000;0.000;0.000;0.000;0.000;0.000;0.000;0.000;0.000;0.000;0.000;0.000;1.159;0.000;0.000;0.000;0.000;0.000;1.159;0.000;0.000;0.000;0.000;0.000;0.000;0.000;0.000;0.000;0.000;0.000;0.000;0.000;0.000;0.000;0.000;0.000;0.000;0.000;0.000;0.000;0.000;0.000;0.000;0.000;0.000;0.000;0.000;0.000;0.000;0.000;0.000;0.000;0.000;0.000;0.000;0.000;0.000;0.000;0.000;0.000;0.000;0.000;0.000;0.000;0.000;0.000;0.000;0.000;0.000;0.000;0.000;0.000;0.000;0.000;0.000;0.000;0.000;0.000;0.000;0.000;0.000;0.000;0.000;0.000;0.000;0.000;0.000;0.000;0.000;0.000;0.000;0.000;0.000;0.000;0.753;0.000;0.153;0.000;0.000;0.000
2020-02-16 00:00;0.000;0.000;1.005;0.000;0.000;0.000;0.073;0.000;0.000;0.000;0.000;0.000;0.000;0.000;0.000;0.000;0.000;0.000;0.000;0.000;0.876;0.000;0.000;0.000;0.000;0.000;0.000;0.000;0.000;1.949;0.000;0.616;0.000;0.000;0.000;0.000;0.001;0.000;0.021;0.000;0.000;0.000;0.000;0.000;0.000;0.000;0.000;0.000;0.000;0.000;0.000;0.000;0.000;0.000;0.000;0.000;0.000;0.000;0.000;0.000;0.000;0.000;0.000;0.000;0.000;0.000;0.000;0.000;0.000;0.000;0.000;0.000;0.000;0.000;0.000;0.000;0.583;0.000;0.000;0.000;0.000;0.143;0.000;0.000;0.000;0.000;0.000;0.000;0.000;0.000;0.000;0.000;0.334;0.000;0.000;0.000;0.000;0.000;0.000;0.000;0.000;0.000;1.025;0.000;0.000;0.000;0.000;0.000;1.471;0.000;0.000;0.000;0.000;1.051;1.606;0.000;0.000;0.000;0.000;0.000;0.000;0.000;0.000;0.000;0.000;0.000;0.000;0.000;0.000;0.000;0.000;0.000;0.000;0.000;0.000;0.000;0.000;0.000;0.000;0.000;0.782;0.000;0.000;0.000;0.000;0.000;0.178;0.000;0.000;0.000;0.000;0.000;0.000;0.000;0.000;0.000;0.000;0.000;0.000;0.000;0.000;0.000;0.000;0.000;0.000;0.000;0.000;0.000;0.691;0.000;0.802;0.000;0.000;0.000;0.330;0.000;1.198;0.000;0.000;0.000;0.000;0.000;0.000;0.000;0.000;0.000;0.000;0.482;0.000;0.000;1.429;0.000;1.172;0.736;0.000;0.710
2020-02-17 00:00;0.000;0.000;0.289;0.000;0.000;0.000;0.000;0.000;0.000;0.000;0.000;0.000;0.000;0.000;0.000;0.000;0.000;0.000;0.000;0.000;0.000;0.000;0.000;0.000;0.000;0.000;0.000;0.000;0.000;1.887;0.000;0.000;0.000;0.000;0.000;0.000;0.000;0.000;0.000;0.000;0.000;0.000;0.000;0.000;0.000;0.000;0.000;0.000;0.000;0.000;0.000;0.000;0.000;0.000;0.000;0.000;0.000;0.000;0.000;0.000;0.000;0.000;0.000;0.000;0.000;0.000;0.000;0.000;0.000;0.000;0.000;0.000;0.000;0.000;0.000;0.000;0.000;0.000;0.000;0.000;0.000;0.000;0.000;0.000;0.000;0.000;0.000;0.000;0.000;0.000;0.000;0.000;0.000;0.000;0.000;0.000;0.000;0.000;0.000;0.000;0.000;0.000;0.000;0.000;0.000;0.000;0.000;0.000;1.346;0.000;0.000;0.000;0.000;0.000;1.453;0.000;0.000;0.000;0.000;0.000;0.000;0.000;0.000;0.000;0.000;0.000;0.000;0.000;0.000;0.000;0.000;0.000;0.000;0.000;0.000;0.000;0.000;0.000;0.000;0.000;0.000;0.000;0.000;0.000;0.000;0.000;0.000;0.000;0.000;0.000;0.000;0.000;0.000;0.000;0.000;0.000;0.000;0.000;0.000;0.000;0.000;0.000;0.000;0.000;0.000;0.000;0.000;0.000;0.000;0.000;0.000;0.000;0.000;0.000;0.000;0.000;0.454;0.000;0.000;0.000;0.000;0.000;0.000;0.000;0.000;0.000;0.000;0.000;0.000;0.000;0.966;0.000;0.261;0.000;0.000;0.000
2020-02-18 00:00;0.000;0.000;0.606;0.000;0.000;0.000;0.000;0.000;0.000;0.000;0.000;0.000;0.000;0.000;0.000;0.000;0.000;0.000;0.000;0.000;0.525;0.000;0.000;0.000;0.000;0.000;0.000;0.000;0.000;1.923;0.000;0.133;0.000;0.000;0.000;0.000;0.000;0.000;0.000;0.000;0.000;0.000;0.000;0.000;0.000;0.000;0.000;0.000;0.000;0.000;0.000;0.000;0.000;0.000;0.000;0.000;0.000;0.000;0.000;0.000;0.000;0.000;0.000;0.000;0.000;0.000;0.000;0.000;0.000;0.000;0.000;0.000;0.000;0.000;0.000;0.000;0.032;0.000;0.000;0.000;0.000;0.000;0.000;0.000;0.000;0.000;0.000;0.000;0.000;0.000;0.000;0.000;0.000;0.000;0.000;0.000;0.000;0.000;0.000;0.000;0.000;0.000;0.655;0.000;0.000;0.000;0.000;0.000;1.291;0.000;0.000;0.000;0.000;0.534;1.439;0.000;0.000;0.000;0.000;0.000;0.000;0.000;0.000;0.000;0.000;0.000;0.000;0.000;0.000;0.000;0.000;0.000;0.000;0.000;0.000;0.000;0.000;0.000;0.000;0.000;0.217;0.000;0.000;0.000;0.000;0.000;0.000;0.000;0.000;0.000;0.000;0.000;0.000;0.000;0.000;0.000;0.000;0.000;0.000;0.000;0.000;0.000;0.000;0.000;0.000;0.000;0.000;0.000;0.165;0.000;0.292;0.000;0.000;0.000;0.000;0.000;0.733;0.000;0.000;0.000;0.000;0.000;0.000;0.000;0.000;0.000;0.000;0.000;0.000;0.000;1.213;0.000;0.578;0.278;0.000;0.236
2020-02-19 00:00;0.000;0.000;0.917;0.000;0.000;0.000;0.075;0.000;0.000;0.000;0.034;0.000;0.000;0.000;0.000;0.000;0.000;0.000;0.000;0.000;0.676;0.000;0.000;0.000;0.000;0.000;0.000;0.000;0.000;1.942;0.000;0.491;0.000;0.000;0.000;0.000;0.000;0.000;0.007;0.000;0.000;0.000;0.000;0.000;0.000;0.000;0.000;0.000;0.000;0.000;0.000;0.000;0.000;0.000;0.000;0.000;0.000;0.000;0.000;0.000;0.000;0.000;0.000;0.000;0.000;0.000;0.000;0.000;0.000;0.000;0.000;0.000;0.000;0.000;0.000;0.000;0.706;0.000;0.000;0.000;0.000;0.203;0.000;0.000;0.000;0.000;0.000;0.000;0.000;0.000;0.000;0.000;0.762;0.000;0.000;0.000;0.000;0.000;0.000;0.000;0.000;0.000;0.556;0.000;0.000;0.000;0.000;0.000;1.606;0.000;0.000;0.000;0.000;0.541;1.676;0.000;0.000;0.000;0.000;0.000;0.000;0.000;0.000;0.000;0.000;0.000;0.000;0.000;0.627;0.000;0.247;0.000;0.000;0.000;0.000;0.000;0.000;0.000;0.000;0.000;0.481;0.000;0.000;0.000;0.003;0.000;0.000;0.209;0.000;0.000;0.000;0.000;0.000;0.000;0.000;0.000;0.047;0.000;0.000;0.000;0.000;0.000;0.000;0.000;0.000;0.000;0.000;0.000;0.844;0.000;0.707;0.000;0.000;0.000;0.282;0.000;1.098;0.000;0.000;0.000;0.000;0.000;0.000;0.000;0.000;0.000;0.000;0.299;0.000;0.000;1.290;0.406;0.426;0.610;0.000;0.479
2020-02-20 00:00;0.000;0.000;0.000;0.000;0.000;0.000;0.000;0.000;0.000;0.000;0.000;0.000;0.000;0.000;0.000;0.000;0.000;0.000;0.000;0.000;0.000;0.000;0.000;0.000;0.000;0.000;0.000;0.000;0.000;1.782;0.000;0.000;0.000;0.000;0.000;0.000;0.000;0.000;0.000;0.000;0.000;0.000;0.000;0.000;0.000;0.000;0.000;0.000;0.000;0.000;0.000;0.000;0.000;0.000;0.000;0.000;0.000;0.000;0.000;0.000;0.000;0.000;0.000;0.000;0.000;0.000;0.000;0.000;0.000;0.000;0.000;0.000;0.000;0.000;0.000;0.000;0.000;0.000;0.000;0.000;0.000;0.000;0.000;0.000;0.000;0.000;0.000;0.000;0.000;0.000;0.000;0.000;0.000;0.000;0.000;0.000;0.000;0.000;0.000;0.000;0.000;0.000;0.000;0.000;0.000;0.000;0.000;0.000;0.401;0.000;0.000;0.000;0.000;0.000;0.679;0.000;0.000;0.000;0.000;0.000;0.000;0.000;0.000;0.000;0.000;0.000;0.000;0.000;0.000;0.000;0.000;0.000;0.000;0.000;0.000;0.000;0.000;0.000;0.000;0.000;0.000;0.000;0.000;0.000;0.000;0.000;0.000;0.000;0.000;0.000;0.000;0.000;0.000;0.000;0.000;0.000;0.000;0.000;0.000;0.000;0.000;0.000;0.000;0.000;0.000;0.000;0.000;0.000;0.000;0.000;0.000;0.000;0.000;0.000;0.000;0.000;0.000;0.000;0.000;0.000;0.000;0.000;0.000;0.000;0.000;0.000;0.000;0.000;0.000;0.000;0.212;0.000;0.000;0.000;0.000;0.000
2020-02-21 00:00;0.000;0.000;0.000;0.000;0.000;0.000;0.000;0.000;0.000;0.000;0.000;0.000;0.000;0.000;0.000;0.000;0.000;0.000;0.000;0.000;0.000;0.000;0.000;0.000;0.000;0.000;0.000;0.000;0.000;1.788;0.000;0.000;0.000;0.000;0.000;0.000;0.000;0.000;0.000;0.000;0.000;0.000;0.000;0.000;0.000;0.000;0.000;0.000;0.000;0.000;0.000;0.000;0.000;0.000;0.000;0.000;0.000;0.000;0.000;0.000;0.000;0.000;0.000;0.000;0.000;0.000;0.000;0.000;0.000;0.000;0.000;0.000;0.000;0.000;0.000;0.000;0.000;0.000;0.000;0.000;0.000;0.000;0.000;0.000;0.000;0.000;0.000;0.000;0.000;0.000;0.000;0.000;0.000;0.000;0.000;0.000;0.000;0.000;0.000;0.000;0.000;0.000;0.000;0.000;0.000;0.000;0.000;0.000;1.164;0.000;0.000;0.000;0.000;0.000;1.259;0.000;0.000;0.000;0.000;0.000;0.000;0.000;0.000;0.000;0.000;0.000;0.000;0.000;0.000;0.000;0.000;0.000;0.000;0.000;0.000;0.000;0.000;0.000;0.000;0.000;0.000;0.000;0.000;0.000;0.000;0.000;0.000;0.000;0.000;0.000;0.000;0.000;0.000;0.000;0.000;0.000;0.000;0.000;0.000;0.000;0.000;0.000;0.000;0.000;0.000;0.000;0.000;0.000;0.000;0.000;0.000;0.000;0.000;0.000;0.000;0.000;0.000;0.000;0.000;0.000;0.000;0.000;0.000;0.000;0.000;0.000;0.000;0.000;0.000;0.000;0.382;0.000;0.000;0.000;0.000;0.000
2020-02-22 00:00;1.789;1.874;2.062;1.875;2.030;2.023;2.123;1.885;2.169;1.946;2.078;1.956;2.418;1.967;2.370;1.985;1.986;2.310;2.009;2.041;2.203;2.063;2.365;2.311;2.377;2.074;2.260;2.086;2.094;2.044;2.143;2.179;2.177;2.339;2.191;2.281;2.205;2.207;2.261;2.280;2.319;2.416;2.434;2.654;2.500;2.558;2.666;2.625;2.703;2.788;2.927;3.026;3.033;0.100;3.029;0.100;3.025;3.022;3.015;0.100;3.016;3.011;0.100;3.011;3.020;0.100;3.017;3.011;3.298;3.001;0.100;2.997;3.175;2.642;2.997;2.736;2.415;0.100;3.761;2.963;2.939;2.600;2.935;2.922;2.855;2.837;2.783;2.683;2.759;2.712;2.682;2.636;2.450;2.625;2.983;2.570;3.695;3.769;3.811;3.759;3.840;3.845;2.318;3.886;3.095;3.903;3.286;3.864;2.065;3.826;2.297;0.100;3.642;2.491;2.071;3.715;3.308;3.658;3.530;3.389;2.712;0.100;0.100;3.567;2.994;3.014;2.886;3.033;2.827;2.805;2.838;2.034;3.068;0.100;3.536;3.091;3.077;3.336;3.287;3.196;2.367;3.112;3.032;2.940;2.680;2.733;2.623;2.826;3.083;0.571;0.100;0.918;0.100;0.796;1.965;0.100;2.822;0.512;0.100;3.698;3.167;2.653;3.135;2.988;3.620;2.953;3.647;3.464;2.422;2.738;2.431;3.288;0.100;2.094;1.763;0.100;2.370;0.100;0.100;0.100;0.100;0.100;0.000;3.892;3.155;2.904;0.000;2.085;2.175;2.481;1.976;2.041;2.050;2.068;2.124;2.064
2020-02-23 00:00;1.012;1.057;1.777;1.057;1.322;1.382;1.579;1.062;0.782;1.097;1.516;1.103;0.000;1.111;0.014;1.129;1.130;0.552;1.145;1.165;1.812;1.179;0.000;0.108;0.000;1.187;1.015;1.204;1.209;2.057;1.241;1.727;1.264;0.000;1.279;0.811;1.289;1.290;1.330;1.330;1.359;1.460;1.474;0.000;1.560;1.605;0.094;1.681;1.745;1.835;1.955;2.047;2.053;1.395;2.046;3.401;2.042;2.036;2.027;1.780;2.026;2.021;0.572;2.023;2.023;2.345;2.012;1.999;0.401;2.009;0.788;2.014;1.455;1.673;1.366;1.810;1.308;2.308;0.749;2.008;1.931;0.895;1.929;1.867;1.801;1.812;1.717;1.630;1.668;1.691;1.692;1.656;1.447;1.638;1.812;1.598;1.233;1.367;1.429;1.515;1.250;1.259;1.453;1.334;1.628;1.344;1.248;1.416;0.618;1.442;2.469;3.814;0.960;2.364;0.869;1.510;1.557;1.524;1.580;1.605;2.025;2.250;2.250;1.766;2.265;1.551;1.691;1.432;2.271;1.471;1.696;3.581;1.212;3.908;0.779;1.524;2.142;1.400;1.876;1.215;1.295;1.501;1.708;2.047;2.075;1.574;0.927;0.988;0.766;2.069;2.250;2.679;2.250;2.787;2.001;2.250;1.172;2.666;2.250;0.940;1.606;1.117;0.912;1.740;0.603;0.953;0.800;1.334;1.457;1.219;1.139;1.034;1.415;1.696;1.678;2.809;0.794;1.917;0.724;2.250;2.318;1.376;1.287;0.000;0.000;0.000;0.050;1.606;0.000;0.000;1.554;1.636;1.564;1.689;1.449;1.665
2020-02-24 00:00;1.042;1.020;0.157;1.020;0.153;0.146;0.265;1.023;1.142;1.005;1.081;1.002;3.500;0.998;3.500;0.990;0.990;3.073;0.982;0.973;0.905;0.966;2.582;2.568;3.069;0.963;0.376;0.957;0.956;0.525;0.945;0.583;0.937;3.500;0.932;2.459;0.928;0.928;0.914;0.916;0.906;0.941;0.937;0.093;1.058;1.060;0.023;1.122;1.110;1.120;1.105;1.120;1.207;0.024;1.206;0.017;1.212;1.216;1.231;0.033;1.246;1.249;0.026;1.269;1.533;0.023;1.656;1.775;0.033;2.045;0.024;2.204;0.396;0.308;0.358;2.366;1.370;0.171;2.749;3.453;3.323;0.816;3.333;3.250;3.101;3.097;2.975;1.683;2.920;2.940;3.046;3.035;0.892;3.094;2.625;3.167;3.395;4.250;4.250;3.964;3.584;3.519;0.970;3.509;2.515;3.497;2.136;3.357;0.484;3.321;2.014;1.394;2.211;2.435;0.608;3.034;2.322;2.959;2.805;2.617;2.663;2.267;3.433;3.751;3.315;1.861;1.848;1.874;2.962;1.762;2.049;2.060;1.687;1.736;1.608;2.129;3.014;2.356;2.982;1.690;0.769;1.996;2.247;2.928;2.564;1.773;0.873;1.047;0.977;2.765;4.250;3.177;4.250;4.112;2.915;4.250;1.301;4.250;4.250;3.201;2.682;1.096;1.131;2.480;1.706;1.241;2.490;2.850;1.138;1.257;0.850;2.077;0.028;0.077;0.071;0.042;0.415;0.025;0.044;0.037;0.028;0.033;0.062;0.160;0.037;0.052;0.158;0.686;0.125;3.500;0.506;0.740;0.674;0.135;0.934;0.399
2020-02-25 00:00;0.562;0.551;0.374;0.551;0.269;0.262;0.846;0.550;1.284;0.542;1.029;0.541;0.958;0.539;0.765;0.536;0.536;1.094;0.533;0.528;1.340;0.526;0.948;1.243;0.791;0.524;0.729;0.522;0.521;0.927;0.516;1.041;0.512;0.703;0.510;1.264;0.508;0.508;0.502;0.499;0.495;0.527;0.525;0.023;0.672;0.675;0.011;0.730;0.725;0.732;0.724;0.725;0.790;0.028;0.786;0.034;0.786;0.785;0.785;0.045;0.790;0.786;0.027;0.793;0.935;0.026;0.984;1.020;0.022;1.147;0.018;1.220;0.362;0.304;0.329;1.717;0.640;0.211;1.467;1.608;1.544;1.067;1.537;1.491;1.434;1.428;1.365;1.439;1.336;1.324;1.336;1.486;0.348;1.585;1.246;1.709;1.791;2.000;2.000;1.381;1.258;1.186;0.818;1.179;1.175;1.170;0.719;1.159;0.656;1.156;1.286;1.190;1.328;1.604;0.555;1.087;1.591;1.059;1.011;0.934;0.573;0.529;0.661;0.640;1.287;1.337;1.735;1.470;2.066;1.646;1.815;1.895;1.496;1.722;1.202;1.789;2.108;1.453;1.993;1.109;0.569;1.478;1.540;2.012;2.013;1.776;0.937;1.200;0.875;1.487;2.000;1.423;2.000;2.000;1.109;2.000;1.316;2.000;2.000;1.673;1.780;0.909;0.532;0.498;1.283;1.102;1.507;1.396;1.216;0.765;1.121;1.480;0.027;0.090;0.086;0.041;0.516;0.032;0.050;0.053;0.041;0.021;0.059;0.103;0.021;0.036;0.087;1.011;0.050;0.243;0.666;1.098;0.556;0.326;1.046;0.845
2020-02-26 00:00;0.631;0.626;1.240;0.626;0.932;0.920;1.826;0.625;1.714;0.621;1.642;0.620;2.073;0.619;2.164;0.617;0.617;1.932;0.616;0.613;1.843;0.612;1.927;1.849;2.019;0.612;1.640;0.610;0.610;1.696;0.607;1.766;0.606;2.273;0.605;1.832;0.604;0.603;0.600;0.587;0.586;0.625;0.624;0.035;0.810;0.816;0.024;0.873;0.873;0.882;0.883;0.890;0.952;0.066;0.952;0.081;0.953;0.953;0.956;0.116;0.959;0.958;0.068;0.962;1.074;0.051;1.104;1.127;0.037;1.216;0.033;1.258;0.769;0.670;0.748;1.787;1.294;0.463;1.783;1.427;1.406;1.623;1.399;1.376;1.350;1.344;1.313;1.698;1.297;1.281;1.283;1.366;0.749;1.394;1.515;1.413;1.540;1.581;1.561;1.553;1.508;1.461;1.232;1.457;1.358;1.453;1.059;1.447;1.225;1.445;1.422;1.146;1.700;1.744;1.233;1.409;1.734;1.392;1.363;1.320;0.980;0.908;1.132;0.983;0.906;1.570;1.841;1.781;1.978;1.845;1.862;1.663;1.748;1.692;1.742;1.915;1.946;1.716;1.924;1.581;1.349;1.733;1.786;1.881;1.935;1.880;1.624;1.624;1.351;0.835;0.795;0.707;0.313;0.637;0.795;0.000;1.732;0.559;0.415;1.867;1.829;1.270;1.194;0.741;1.612;1.513;1.738;1.528;1.663;0.990;1.650;1.759;0.062;0.211;0.207;0.064;0.877;0.078;0.132;0.110;0.093;0.030;0.110;0.307;0.054;0.126;0.256;1.690;0.086;2.656;1.343;1.716;1.328;1.152;1.664;1.654
2020-02-27 00:00;0.109;0.117;0.808;0.117;0.548;0.557;0.826;0.115;0.749;0.120;1.223;0.120;0.491;0.121;0.265;0.124;0.124;0.681;0.126;0.127;1.566;0.129;0.246;0.552;0.194;0.130;0.722;0.134;0.134;1.631;0.137;1.364;0.140;0.000;0.143;0.930;0.144;0.143;0.146;0.106;0.109;0.114;0.114;0.022;0.136;0.143;0.046;0.154;0.164;0.174;0.192;0.212;0.219;0.025;0.226;0.015;0.233;0.237;0.250;0.026;0.251;0.259;0.081;0.263;0.263;0.019;0.279;0.303;0.051;0.330;0.057;0.338;0.429;0.523;0.670;1.238;1.459;0.349;0.852;0.405;0.470;1.648;0.470;0.487;0.532;0.532;0.560;1.579;0.564;0.563;0.579;0.567;1.527;0.561;1.331;0.519;0.576;0.493;0.566;0.677;0.881;0.871;1.474;0.899;1.453;0.888;1.187;0.914;1.708;0.932;1.175;1.140;1.431;1.774;1.855;1.018;1.622;1.019;1.065;1.101;0.850;0.943;0.931;1.054;0.869;1.580;1.651;1.482;1.748;1.598;1.695;0.683;1.534;0.948;1.559;1.701;1.559;1.136;1.547;1.136;1.585;1.312;1.297;1.357;1.638;1.523;1.581;1.627;1.200;0.000;0.000;0.034;0.000;0.119;0.647;0.000;1.631;0.036;0.000;1.204;1.389;1.468;1.351;0.975;1.013;1.455;0.918;0.713;1.700;1.029;1.698;1.144;0.099;0.455;0.486;0.021;1.195;0.002;0.000;0.000;0.000;0.007;0.000;0.000;0.000;0.023;0.000;1.229;0.143;0.000;1.595;1.244;0.776;0.623;1.206;1.059
2020-02-28 00:00;0.000;0.000;1.114;0.000;0.180;0.266;0.771;0.000;0.000;0.000;0.609;0.000;0.000;0.000;0.000;0.000;0.000;0.000;0.000;0.000;1.242;0.000;0.000;0.000;0.000;0.000;0.000;0.000;0.000;1.794;0.000;1.079;0.000;0.000;0.000;0.000;0.001;0.000;0.040;0.000;0.000;0.000;0.000;0.000;0.000;0.000;0.000;0.000;0.000;0.000;0.000;0.000;0.000;0.000;0.000;0.000;0.000;0.000;0.000;0.000;0.000;0.000;0.000;0.000;0.000;0.000;0.000;0.000;0.000;0.000;0.000;0.000;0.000;0.000;0.000;0.178;0.834;0.000;0.000;0.000;0.000;1.322;0.000;0.000;0.000;0.000;0.000;1.054;0.000;0.000;0.000;0.000;1.250;0.000;0.444;0.000;0.000;0.000;0.000;0.000;0.000;0.000;1.549;0.000;1.033;0.000;0.606;0.000;1.851;0.000;0.356;0.542;0.690;1.716;1.887;0.000;1.244;0.000;0.033;0.192;0.000;0.019;0.174;0.961;1.035;1.246;1.077;0.759;1.391;1.027;1.340;0.000;0.947;0.000;0.973;1.192;0.738;0.000;0.772;0.084;1.544;0.360;0.337;0.434;1.068;0.876;1.265;1.249;0.298;0.000;0.000;0.000;0.000;0.000;0.120;0.000;1.250;0.000;0.000;0.108;0.556;1.179;0.289;0.000;0.000;0.873;0.000;0.000;1.384;0.535;1.507;0.055;0.000;0.603;0.813;0.000;1.415;0.000;0.000;0.000;0.000;0.000;0.000;0.000;0.000;0.000;0.000;0.682;0.000;0.000;1.531;0.910;1.027;0.851;0.408;0.846
2020-02-29 00:00;0.000;0.000;1.127;0.000;0.000;0.000;0.062;0.000;0.000;0.000;0.000;0.000;0.000;0.000;0.000;0.000;0.000;0.000;0.000;0.000;0.884;0.000;0.000;0.000;0.000;0.000;0.000;0.000;0.000;1.945;0.000;0.735;0.000;0.000;0.000;0.000;0.000;0.000;0.036;0.000;0.000;0.000;0.000;0.000;0.000;0.000;0.000;0.000;0.000;0.000;0.000;0.000;0.000;0.000;0.000;0.000;0.000;0.000;0.000;0.000;0.000;0.000;0.000;0.000;0.000;0.000;0.000;0.000;0.000;0.000;0.000;0.000;0.000;0.000;0.000;0.000;0.328;0.000;0.000;0.000;0.000;0.972;0.000;0.000;0.000;0.000;0.000;0.561;0.000;0.000;0.000;0.000;0.818;0.000;0.000;0.000;0.000;0.000;0.000;0.000;0.000;0.000;1.473;0.000;0.486;0.000;0.000;0.000;1.780;0.000;0.000;0.000;0.000;1.565;1.850;0.000;0.842;0.000;0.000;0.000;0.000;0.000;0.000;0.592;0.819;0.831;0.313;0.049;1.044;0.438;0.994;0.000;0.373;0.000;0.413;0.631;0.000;0.000;0.000;0.000;1.405;0.000;0.000;0.000;0.539;0.244;0.826;0.803;0.000;0.000;0.000;0.000;0.000;0.000;0.000;0.000;0.840;0.000;0.000;0.000;0.000;0.694;0.000;0.000;0.000;0.266;0.000;0.000;1.066;0.000;1.270;0.000;0.000;0.468;1.056;0.000;1.566;0.000;0.000;0.000;0.000;0.000;0.000;0.000;0.000;0.000;0.000;0.176;0.000;0.000;1.573;0.436;1.045;0.678;0.000;0.360
2020-03-01 00:00;0.000;0.000;1.287;0.000;0.000;0.094;0.603;0.000;0.000;0.000;0.234;0.000;0.000;0.000;0.000;0.000;0.000;0.000;0.000;0.000;1.223;0.000;0.000;0.000;0.000;0.000;0.000;0.000;0.000;1.961;0.000;1.066;0.000;0.000;0.000;0.000;0.001;0.000;0.047;0.000;0.000;0.000;0.000;0.000;0.000;0.000;0.000;0.000;0.000;0.000;0.000;0.000;0.000;0.000;0.000;0.000;0.000;0.000;0.000;0.000;0.000;0.000;0.000;0.000;0.000;0.000;0.000;0.000;0.006;0.000;0.000;0.000;0.000;0.000;0.000;0.000;0.806;0.000;0.000;0.000;0.000;1.204;0.000;0.000;0.000;0.000;0.000;0.907;0.000;0.000;0.000;0.000;1.084;0.000;0.099;0.000;0.000;0.000;0.000;0.000;0.000;0.000;1.578;0.000;0.830;0.000;0.368;0.000;1.814;0.000;0.121;0.375;0.448;1.635;1.878;0.000;1.078;0.000;0.000;0.000;0.000;0.000;0.000;0.879;1.096;1.039;0.674;0.530;1.273;0.804;1.212;0.000;0.771;0.000;0.797;0.861;0.240;0.000;0.430;0.000;1.535;0.114;0.138;0.287;0.918;0.715;1.068;1.060;0.000;0.000;0.000;0.000;0.000;0.000;0.000;0.000;1.114;0.000;0.000;0.000;0.347;1.011;0.000;0.000;0.000;0.666;0.000;0.000;1.310;0.490;1.425;0.000;0.000;0.726;1.219;0.000;1.671;0.000;0.000;0.000;0.000;0.000;0.000;0.000;0.000;0.000;0.000;0.667;0.000;0.000;1.677;0.718;1.249;0.969;0.354;0.782
2020-03-02 00:00;0.000;0.000;1.668;0.000;1.204;1.267;1.407;0.000;0.817;0.000;1.296;0.000;0.358;0.000;0.423;0.000;0.000;0.712;0.000;0.000;1.654;0.000;0.230;0.528;0.224;0.000;1.216;0.000;0.000;1.996;0.000;1.603;0.000;0.199;0.001;0.973;0.016;0.011;0.067;0.000;0.000;0.000;0.000;0.000;0.000;0.000;0.546;0.000;0.000;0.000;0.000;0.000;0.000;0.000;0.000;0.000;0.000;0.000;0.010;0.000;0.012;0.028;0.822;0.035;0.033;0.000;0.058;0.098;1.752;0.124;1.573;0.129;0.869;1.042;1.125;1.452;1.628;1.186;1.221;0.178;0.284;1.728;0.288;0.328;0.383;0.378;0.432;1.631;0.444;0.447;0.480;0.458;1.688;0.455;1.409;0.423;0.487;0.400;0.525;0.676;0.907;0.910;1.849;0.939;1.613;0.928;1.519;0.960;1.931;0.983;1.473;1.554;1.534;1.869;1.960;1.080;1.683;1.084;1.148;1.211;1.112;1.362;1.363;1.622;1.716;1.646;1.596;1.526;1.767;1.607;1.724;0.949;1.607;1.158;1.616;1.618;1.524;1.277;1.487;1.358;1.838;1.428;1.439;1.482;1.640;1.590;1.674;1.677;1.299;0.000;0.000;0.000;0.000;0.060;0.609;0.000;1.698;0.001;0.000;1.407;1.521;1.649;1.405;1.295;1.052;1.570;1.187;0.965;1.763;1.531;1.802;1.538;0.984;1.393;1.551;0.000;1.883;0.000;0.000;0.000;0.000;0.885;0.000;0.000;0.000;0.000;0.000;1.437;0.000;0.000;1.851;1.404;1.664;1.543;1.338;1.473
2020-03-03 00:00;1.266;1.251;0.308;1.252;0.246;0.240;0.486;1.259;1.261;1.244;1.157;1.241;2.853;1.237;2.600;1.229;1.228;2.278;1.221;1.213;1.390;1.207;2.095;2.060;2.330;1.204;0.612;1.197;1.197;1.064;1.187;1.054;1.180;3.442;1.175;2.043;1.171;1.171;1.157;1.156;1.146;1.168;1.164;0.129;1.305;1.335;0.036;1.401;1.400;1.415;1.421;1.430;1.491;0.055;1.490;0.066;1.493;1.494;1.502;0.080;1.511;1.512;0.045;1.525;1.673;0.065;1.731;1.782;0.066;1.888;0.044;1.942;0.722;0.591;0.688;2.141;0.840;0.353;2.282;2.230;2.161;1.465;2.156;2.107;2.036;2.029;1.962;1.996;1.930;1.914;1.904;2.142;0.576;2.217;2.041;2.230;2.434;2.610;2.489;2.348;2.112;2.046;1.562;1.986;1.947;1.970;1.530;1.916;1.134;1.900;1.788;1.702;1.739;1.639;1.036;1.767;1.874;1.735;1.657;1.573;1.111;0.999;1.116;0.960;0.871;1.831;1.873;1.984;2.021;2.040;2.058;2.530;1.864;2.357;1.757;2.202;2.508;2.117;2.437;1.822;1.300;2.003;2.100;2.272;2.175;1.961;1.460;1.569;1.460;1.734;1.750;2.007;1.750;1.984;1.462;1.750;1.666;1.972;1.750;2.313;2.182;1.607;1.364;0.690;1.945;1.573;2.191;2.152;1.768;1.056;1.545;1.959;0.052;0.269;0.272;0.131;0.801;0.062;0.085;0.105;0.078;0.063;0.124;0.111;0.053;0.032;0.086;0.943;0.258;3.191;1.145;0.985;0.716;0.252;1.226;0.635
2020-03-04 00:00;0.648;0.637;0.262;0.637;0.182;0.175;0.695;0.639;0.356;0.630;0.299;0.629;1.809;0.627;1.776;0.623;0.623;1.690;0.620;0.615;1.371;0.611;1.325;1.469;1.281;0.610;0.601;0.607;0.607;0.386;0.602;0.999;0.598;1.973;0.595;1.624;0.593;0.593;0.586;0.594;0.590;0.613;0.612;0.037;0.710;0.722;0.014;0.758;0.754;0.758;0.755;0.754;0.787;0.026;0.784;0.031;0.784;0.784;0.784;0.038;0.788;0.786;0.024;0.791;0.878;0.028;0.901;0.918;0.026;0.965;0.021;0.990;0.285;0.221;0.228;0.524;0.261;0.172;0.640;1.124;1.061;0.545;1.057;1.040;0.983;0.978;0.929;1.014;0.904;0.896;0.890;1.086;0.201;1.145;0.478;1.282;1.056;1.109;1.035;0.893;0.708;0.653;0.386;0.617;0.333;0.626;0.259;0.593;0.298;0.584;0.286;0.276;0.282;0.202;0.189;0.514;0.286;0.512;0.465;0.422;0.230;0.179;0.175;0.142;0.108;0.474;0.507;0.631;0.293;0.790;0.840;0.922;0.430;0.746;0.343;0.534;2.169;0.976;1.499;0.632;0.403;0.681;0.766;1.044;0.836;0.807;0.398;0.443;0.422;2.349;3.229;1.414;2.500;1.746;0.527;2.500;0.375;2.142;2.500;0.757;0.832;0.367;0.367;0.217;0.812;0.635;1.111;1.277;1.131;0.333;0.487;1.339;0.027;0.101;0.098;0.050;0.205;0.029;0.042;0.050;0.037;0.028;0.059;0.061;0.024;0.017;0.046;0.232;0.072;0.914;0.256;0.541;0.302;0.162;1.141;0.248
2020-03-05 00:00;0.575;0.572;0.890;0.572;0.506;0.494;1.922;0.571;1.169;0.568;0.908;0.567;1.876;0.567;1.854;0.565;0.565;1.834;0.563;0.560;1.819;0.559;1.795;1.872;1.725;0.558;1.516;0.557;0.557;0.851;0.555;1.709;0.554;1.863;0.553;1.806;0.552;0.551;0.548;0.552;0.550;0.584;0.583;0.023;0.742;0.754;0.012;0.801;0.803;0.811;0.814;0.819;0.859;0.044;0.858;0.055;0.858;0.858;0.859;0.078;0.861;0.860;0.045;0.862;0.956;0.034;0.976;0.989;0.026;1.040;0.024;1.063;0.568;0.463;0.503;1.040;0.532;0.323;1.066;1.164;1.127;1.148;1.120;1.111;1.071;1.060;1.021;1.345;0.997;0.976;0.972;1.111;0.452;1.133;0.920;1.176;1.249;1.284;1.196;1.110;0.966;0.904;0.812;0.857;0.925;0.851;0.521;0.826;1.108;0.820;0.685;0.577;0.715;0.521;0.487;0.748;0.577;0.749;0.706;0.653;0.362;0.337;0.339;0.276;0.227;0.775;1.437;1.090;0.686;1.167;1.354;1.366;0.997;1.187;0.938;1.121;1.735;1.474;1.615;1.332;0.996;1.481;1.517;1.606;1.493;1.560;1.197;1.308;0.937;0.934;0.950;1.095;1.123;0.958;0.385;0.000;1.032;1.057;0.959;1.490;1.244;0.995;0.861;0.318;1.513;1.035;1.533;1.283;1.245;0.626;0.924;1.519;0.040;0.130;0.127;0.048;0.282;0.052;0.092;0.078;0.064;0.023;0.078;0.085;0.024;0.029;0.061;0.610;0.056;1.709;0.431;1.424;1.302;0.618;1.639;0.883
2020-03-06 00:00;0.780;0.792;1.890;0.792;1.748;1.750;1.912;0.790;1.804;0.798;1.908;0.797;1.812;0.799;1.797;0.800;0.800;1.844;0.802;0.803;1.969;0.805;1.745;1.787;1.746;0.806;1.876;0.808;0.809;1.989;0.813;1.955;0.817;1.787;0.819;1.864;0.820;0.818;0.823;0.804;0.809;0.841;0.842;0.102;0.946;0.956;0.070;0.983;0.992;1.003;1.020;1.038;1.059;0.220;1.064;0.257;1.068;1.072;1.081;0.380;1.082;1.087;0.257;1.090;1.129;0.145;1.142;1.158;0.188;1.188;0.106;1.198;1.311;1.293;1.358;1.708;1.484;1.183;1.591;1.246;1.265;1.884;1.263;1.262;1.254;1.245;1.237;1.832;1.221;1.209;1.216;1.234;1.505;1.236;1.689;1.221;1.421;1.398;1.409;1.429;1.447;1.424;1.800;1.416;1.754;1.408;1.470;1.409;1.937;1.413;1.624;1.585;1.684;1.630;1.687;1.400;1.565;1.399;1.397;1.389;1.219;1.286;1.317;1.338;1.202;1.539;1.872;1.710;1.652;1.736;1.843;1.611;1.812;1.650;1.692;1.784;1.824;1.737;1.811;1.726;1.797;1.814;1.821;1.840;1.878;1.891;1.879;1.877;1.649;0.282;0.226;0.230;0.000;0.557;2.040;2.395;1.847;0.244;0.000;1.770;1.736;1.822;1.695;1.057;1.681;1.767;1.722;1.527;1.601;1.517;1.832;1.747;0.224;0.489;0.493;0.117;1.010;0.244;0.413;0.227;0.252;0.086;0.197;0.598;0.246;1.535;0.825;1.922;0.211;1.620;1.479;1.909;1.812;1.854;1.902;1.908
2020-03-07 00:00;0.000;0.001;1.762;0.000;1.290;1.342;1.727;0.000;0.943;0.000;1.579;0.000;1.257;0.000;1.236;0.000;0.000;1.397;0.000;0.000;1.877;0.000;1.038;1.212;1.020;0.000;1.548;0.000;0.000;1.989;0.000;1.833;0.007;1.195;0.020;1.472;0.027;0.022;0.053;0.000;0.000;0.000;0.000;0.000;0.000;0.023;0.000;0.059;0.100;0.143;0.213;0.276;0.279;0.000;0.291;0.000;0.301;0.309;0.330;0.000;0.331;0.344;0.000;0.350;0.357;0.000;0.378;0.411;1.025;0.435;0.509;0.441;0.788;0.905;1.060;1.440;1.636;0.770;1.264;0.496;0.568;1.760;0.571;0.586;0.593;0.582;0.602;1.784;0.582;0.579;0.608;0.617;1.616;0.621;1.328;0.617;0.726;0.683;0.793;0.894;1.049;1.041;1.854;1.077;1.627;1.071;1.333;1.098;1.939;1.116;1.414;1.452;1.555;1.937;1.958;1.173;1.802;1.170;1.201;1.238;0.945;1.091;1.363;1.730;1.751;1.755;1.716;1.715;1.871;1.789;1.798;1.095;1.648;1.334;1.669;1.814;1.640;1.365;1.656;1.341;1.837;1.508;1.536;1.621;1.802;1.729;1.703;1.720;1.183;0.000;0.000;0.000;0.000;0.083;0.341;0.000;1.734;0.079;0.000;1.499;1.639;1.711;1.338;0.964;1.133;1.609;1.332;1.228;1.872;1.513;1.871;1.528;0.051;1.237;1.384;0.000;1.813;0.000;0.000;0.000;0.000;0.067;0.000;0.000;0.000;0.000;0.000;1.478;0.000;0.531;1.867;1.654;1.679;1.607;1.652;1.555
2020-03-08 00:00;1.095;1.093;1.824;1.093;1.810;1.803;1.940;1.091;2.097;1.089;1.960;1.088;2.068;1.088;2.065;1.086;1.085;2.033;1.084;1.082;2.002;1.081;2.081;2.054;2.095;1.081;1.967;1.079;1.079;1.982;1.077;1.992;1.076;2.074;1.075;2.021;1.074;1.073;1.071;1.065;1.064;1.089;1.088;0.160;1.138;1.137;0.038;1.163;1.162;1.169;1.167;1.174;1.205;0.048;1.203;0.058;1.203;1.203;1.204;0.070;1.209;1.208;0.045;1.213;1.290;0.057;1.313;1.329;0.071;1.367;0.045;1.386;0.513;0.444;0.472;0.748;0.563;0.324;0.746;1.500;1.452;0.886;1.448;1.448;1.445;1.449;1.417;1.061;1.408;1.397;1.385;1.550;0.385;1.592;0.983;1.658;1.428;1.474;1.401;1.276;1.110;1.059;0.833;1.005;0.737;1.008;0.603;0.974;0.598;0.962;0.592;0.587;0.574;0.473;0.440;0.933;0.691;0.928;0.898;0.856;0.524;0.403;0.441;0.413;0.238;0.967;0.912;0.722;0.382;0.746;1.081;1.180;0.768;0.916;0.754;0.660;1.457;1.147;1.206;1.031;0.821;1.003;0.992;1.023;0.938;0.998;0.775;0.799;0.902;2.671;3.000;2.427;3.000;2.360;1.251;3.000;0.690;2.609;3.000;0.939;0.997;0.739;0.677;0.423;1.385;1.153;1.170;1.136;0.972;0.564;0.706;1.062;0.053;0.213;0.211;0.112;0.435;0.054;0.076;0.096;0.070;0.068;0.117;1.975;0.045;3.494;0.150;1.991;0.190;2.268;1.476;1.973;1.810;1.805;1.992;1.941
2020-03-09 00:00;2.661;2.668;0.135;2.670;0.122;0.117;0.286;2.681;0.150;2.686;0.205;2.688;0.216;2.689;0.155;2.693;2.693;0.177;2.697;2.704;0.150;2.705;0.160;0.161;0.149;2.708;0.117;2.710;2.712;0.135;2.721;0.155;2.724;0.192;2.726;0.165;2.730;2.732;2.735;2.785;2.787;2.906;2.909;0.047;3.168;3.204;0.012;3.310;3.322;3.357;3.384;3.335;3.179;9.750;3.161;9.750;3.136;3.118;3.063;9.750;3.041;3.016;9.750;2.980;2.442;9.748;2.285;2.118;9.727;1.849;9.729;1.738;2.607;2.712;0.179;0.209;0.133;9.645;0.204;1.249;1.257;9.504;1.120;1.168;1.301;1.339;1.423;0.211;1.500;1.539;1.569;1.911;9.589;1.510;0.254;1.733;1.599;1.973;3.120;4.396;6.997;6.013;0.181;6.093;9.585;5.534;0.171;6.995;9.578;7.119;7.225;9.614;3.206;9.613;9.579;8.994;9.587;8.948;9.230;9.168;8.112;9.691;5.099;9.609;0.061;9.553;9.548;9.581;9.635;9.531;9.493;0.686;0.175;1.068;9.631;9.614;0.322;0.995;0.300;1.485;0.183;2.292;3.476;0.227;0.176;0.180;9.511;0.165;0.252;3.840;5.860;3.357;9.750;6.164;9.691;9.750;9.561;4.747;9.750;9.531;0.214;0.165;0.176;0.141;0.302;0.240;0.265;0.282;0.185;0.136;0.136;0.212;9.743;9.693;9.691;9.724;9.629;9.750;9.750;9.750;9.750;9.747;9.495;0.060;0.024;0.012;0.058;0.124;0.066;0.132;0.160;0.229;0.312;0.102;0.254;0.142
2020-03-10 00:00;1.802;1.798;0.210;1.798;0.150;0.143;0.575;1.804;0.243;1.801;0.198;1.801;0.253;1.801;0.237;1.802;1.802;0.236;1.802;1.804;0.192;1.803;0.229;0.234;0.213;1.804;0.145;1.804;1.805;0.165;1.806;0.201;1.805;0.253;1.805;0.210;1.807;1.808;1.805;1.848;1.846;1.937;1.937;0.016;2.275;2.300;0.007;2.392;2.393;2.406;2.411;4.170;4.161;4.503;4.162;4.523;4.163;4.164;4.166;4.537;4.166;4.168;4.517;4.168;4.144;4.535;4.145;4.153;4.525;4.152;4.514;4.149;4.432;4.418;4.365;4.403;4.478;4.648;4.491;4.153;4.213;4.500;4.220;4.255;4.294;4.296;4.336;4.441;4.347;4.353;4.371;4.386;4.552;4.386;4.313;4.406;4.400;4.418;4.490;4.500;4.595;4.591;4.476;4.596;4.500;4.599;4.500;4.603;4.500;4.602;4.500;4.500;4.500;4.500;4.500;4.621;4.500;4.620;4.605;4.589;4.545;4.500;4.529;4.533;4.491;4.551;4.517;4.500;4.500;4.500;4.500;4.500;4.500;4.500;4.500;4.500;4.485;4.339;4.491;4.275;4.490;4.188;4.487;4.483;4.488;4.453;4.500;4.440;4.297;4.500;4.930;4.500;4.500;4.524;4.500;4.500;4.500;4.515;4.500;4.500;4.490;4.494;4.500;4.340;4.427;4.412;4.341;4.308;4.443;4.427;4.457;4.464;4.515;4.571;4.560;4.579;4.500;4.520;4.534;4.570;4.529;4.530;4.351;0.055;0.018;0.015;0.042;0.171;0.035;0.185;0.120;0.304;0.227;0.165;0.301;0.244
2020-03-11 00:00;1.199;1.200;0.877;1.200;0.547;0.535;1.689;1.201;0.877;1.201;0.959;1.202;0.945;1.202;0.887;1.203;1.203;0.791;1.204;1.205;0.729;1.205;0.736;0.775;0.702;1.205;0.499;1.207;1.207;0.678;1.208;0.694;1.209;0.808;1.210;0.688;1.210;1.210;1.211;1.235;1.235;1.282;1.282;0.014;1.531;1.546;0.007;1.601;1.603;1.607;1.611;1.614;1.637;0.000;1.623;0.000;1.613;1.604;1.581;0.000;1.580;1.565;0.000;1.560;1.589;0.081;1.572;1.540;0.113;1.535;0.069;1.542;0.900;0.913;0.927;1.094;0.531;0.664;0.773;1.520;1.397;1.046;1.379;1.305;1.228;1.221;1.119;0.717;1.102;1.087;1.044;1.037;0.699;1.029;1.062;0.998;1.237;1.233;1.109;1.041;1.024;0.972;0.935;0.924;1.013;0.916;0.377;0.910;1.103;0.901;0.620;0.636;0.628;0.853;0.552;0.907;0.900;0.895;0.879;0.833;0.409;0.271;0.687;0.743;0.285;1.017;1.051;0.698;0.581;0.717;1.172;0.712;0.893;0.576;1.128;1.102;1.205;1.083;1.192;1.077;1.217;1.054;1.037;1.027;0.972;1.144;1.055;1.128;1.176;0.023;0.000;0.116;0.000;0.079;0.148;0.000;0.912;0.072;0.000;0.978;0.874;0.933;0.572;0.796;0.979;0.979;1.267;1.114;0.795;0.724;0.806;0.908;0.041;0.346;0.325;0.210;0.461;0.000;0.000;0.000;0.000;0.088;0.101;0.000;0.000;0.000;0.000;0.623;0.030;0.559;0.456;1.214;1.249;0.744;0.829;0.979
2020-03-12 00:00;2.110;2.138;1.192;2.139;1.224;1.203;1.765;2.144;1.991;2.162;1.806;2.165;2.032;2.168;2.052;2.173;2.173;2.054;2.179;2.188;1.988;2.194;2.086;2.063;2.110;2.197;1.822;2.200;2.202;1.886;2.215;1.947;2.224;2.080;2.227;2.047;2.231;2.234;2.247;2.265;2.274;2.311;2.315;0.145;2.537;2.561;0.130;2.598;2.616;2.637;2.669;2.693;2.695;2.786;2.699;2.919;2.701;2.704;2.710;3.066;2.710;2.714;2.685;2.716;2.721;2.773;2.728;2.738;2.496;2.748;2.480;2.749;3.081;3.034;3.022;2.991;3.099;3.044;3.109;2.759;2.792;3.064;2.796;2.822;2.843;2.840;2.870;2.911;2.883;2.881;2.899;2.908;3.028;2.912;2.999;2.926;2.931;2.927;2.968;2.996;3.020;3.030;3.031;3.048;3.055;3.051;3.124;3.059;3.059;3.061;3.129;3.129;3.126;3.034;2.996;3.076;3.051;3.080;3.085;3.093;3.252;3.321;3.150;3.110;3.179;3.015;3.098;3.092;3.035;3.089;3.048;3.152;3.065;3.147;3.051;3.030;3.109;3.078;3.088;3.073;2.983;3.091;3.087;3.081;3.062;3.108;3.085;3.071;3.040;2.977;2.969;2.361;2.250;2.387;2.561;2.250;3.051;2.339;2.250;3.166;3.106;3.099;3.168;2.934;3.065;2.991;3.062;2.975;2.978;2.955;2.978;3.160;2.801;2.805;2.782;2.634;2.877;2.832;2.999;3.223;2.989;2.475;2.870;0.408;0.261;0.174;0.396;1.895;0.702;2.221;1.510;1.768;1.283;1.235;1.864;1.716
2020-03-13 00:00;3.491;3.492;3.635;3.492;3.618;3.613;3.697;3.491;3.624;3.491;3.626;3.491;3.623;3.491;3.604;3.489;3.489;3.606;3.489;3.488;3.586;3.488;3.610;3.605;3.608;3.488;3.582;3.487;3.487;3.580;3.486;3.587;3.486;3.598;3.486;3.589;3.486;3.486;3.485;3.482;3.481;3.475;3.474;3.542;3.469;3.535;3.571;3.541;3.540;3.550;4.023;4.812;4.809;5.000;4.811;5.000;4.812;4.813;4.815;5.000;4.815;4.816;5.000;4.816;4.811;5.000;4.811;4.814;5.000;4.815;5.000;4.813;5.000;5.000;5.000;4.925;4.972;5.000;4.957;4.806;4.827;4.828;4.831;4.845;4.856;4.856;4.873;4.816;4.880;4.882;4.887;4.877;4.965;4.876;4.940;4.876;4.858;4.847;4.868;4.894;4.912;4.923;4.880;4.933;4.959;4.934;4.976;4.936;4.895;4.936;4.971;4.970;4.959;4.922;4.928;4.937;4.911;4.938;4.935;4.935;5.000;4.995;4.991;4.958;4.978;4.870;4.885;4.917;4.939;4.895;4.851;4.965;4.919;4.949;4.911;4.919;4.845;4.917;4.879;4.928;4.895;4.904;4.895;4.884;4.876;4.881;4.915;4.916;4.951;5.000;5.000;5.000;5.000;5.000;5.000;5.000;4.913;5.000;5.000;4.944;4.905;4.904;4.965;5.000;4.904;4.862;4.878;4.888;4.818;4.950;4.860;4.891;5.000;4.987;4.975;5.000;4.898;5.000;5.000;5.000;5.000;5.000;4.868;3.608;3.563;3.565;3.594;3.581;3.638;3.597;3.638;3.607;3.620;3.585;3.587;3.598
2020-03-14 00:00;3.125;3.113;3.054;3.113;2.903;2.895;3.325;3.113;3.057;3.104;3.003;3.103;2.989;3.102;2.986;3.099;3.099;2.928;3.096;3.093;2.859;3.090;2.942;2.937;2.935;3.089;2.797;3.087;3.086;2.829;3.081;2.832;3.078;2.919;3.076;2.846;3.075;3.075;3.069;3.071;3.066;3.069;3.068;2.693;3.108;3.111;2.668;3.116;3.109;3.102;3.090;4.434;4.441;4.033;4.437;4.054;4.434;4.432;4.426;4.085;4.425;4.421;4.034;4.420;4.430;4.036;4.426;4.418;4.022;4.417;4.015;4.418;4.172;4.165;4.145;4.090;4.049;4.152;4.094;4.415;4.386;4.033;4.384;4.372;4.368;4.371;4.361;4.035;4.364;4.370;4.360;4.369;4.057;4.369;4.133;4.373;4.301;4.306;4.263;4.230;4.188;4.183;4.021;4.167;4.053;4.168;4.065;4.160;4.007;4.156;4.068;4.060;4.056;4.009;4.005;4.142;4.027;4.144;4.134;4.124;4.127;4.082;4.082;4.038;4.017;4.047;4.041;4.037;4.014;4.027;4.032;4.129;4.049;4.084;4.033;4.025;4.045;4.110;4.051;4.102;4.020;4.069;4.060;4.049;4.030;4.048;4.051;4.046;4.176;4.727;4.729;4.099;4.000;4.063;4.041;4.000;4.032;4.040;4.000;4.084;4.052;4.038;4.094;4.137;4.146;4.060;4.132;4.144;4.019;4.066;4.020;4.061;4.025;4.056;4.047;4.056;4.011;4.052;4.109;4.112;4.073;4.025;4.009;2.783;2.699;2.668;2.724;2.808;2.736;2.895;2.948;3.047;3.111;2.866;2.906;2.977
2020-03-15 00:00;1.285;1.288;1.827;1.288;1.540;1.575;1.847;1.288;1.200;1.290;1.756;1.289;1.731;1.289;1.529;1.294;1.294;1.673;1.294;1.294;1.934;1.295;1.342;1.484;1.299;1.295;1.696;1.300;1.300;1.997;1.302;1.893;1.303;1.590;1.306;1.704;1.306;1.304;1.307;1.298;1.300;1.314;1.315;0.270;1.361;1.368;0.060;1.381;1.387;1.394;1.406;1.418;1.423;0.000;1.420;0.000;1.418;1.417;1.412;0.000;1.412;1.410;0.000;1.409;1.411;0.000;1.408;1.402;0.460;1.401;0.197;1.404;1.089;1.158;1.319;1.611;1.473;0.582;1.292;1.407;1.377;1.828;1.369;1.336;1.295;1.290;1.239;1.734;1.215;1.197;1.185;1.184;1.526;1.182;1.511;1.164;1.420;1.426;1.420;1.414;1.440;1.412;1.884;1.408;1.657;1.405;1.189;1.419;1.906;1.424;1.497;1.545;1.517;1.934;1.933;1.438;1.853;1.419;1.420;1.422;1.093;1.119;1.505;1.811;1.700;1.809;1.801;1.754;1.819;1.798;1.886;1.384;1.695;1.478;1.823;1.851;1.799;1.589;1.778;1.579;1.890;1.667;1.700;1.749;1.820;1.669;1.621;1.731;1.360;0.000;0.000;0.020;0.000;0.036;0.145;0.000;1.784;0.037;0.000;1.489;1.681;1.674;1.209;1.075;1.464;1.786;1.508;1.548;1.920;1.631;1.885;1.607;0.000;0.816;0.930;0.000;1.527;0.000;0.000;0.000;0.000;0.000;0.000;0.000;0.000;0.000;0.000;1.623;0.233;0.972;1.727;1.818;1.862;1.721;1.707;1.693
2020-03-16 00:00;1.029;1.054;1.895;1.053;1.685;1.707;1.899;1.055;1.576;1.071;1.848;1.072;1.831;1.075;1.712;1.081;1.081;1.786;1.087;1.093;1.959;1.098;1.603;1.677;1.587;1.101;1.794;1.106;1.108;2.003;1.119;1.929;1.127;1.727;1.132;1.797;1.135;1.132;1.145;1.128;1.137;1.158;1.162;0.502;1.189;1.200;1.391;1.214;1.230;1.247;1.274;1.297;1.297;2.687;1.300;2.634;1.303;1.306;1.312;2.482;1.312;1.316;2.369;1.318;1.320;2.558;1.326;1.336;2.088;1.343;2.162;1.344;1.659;1.717;1.738;1.846;1.886;1.802;1.752;1.352;1.374;1.942;1.373;1.378;1.371;1.366;1.359;1.938;1.349;1.332;1.340;1.341;1.845;1.342;1.774;1.338;1.576;1.572;1.616;1.646;1.691;1.688;1.963;1.703;1.897;1.703;1.756;1.711;1.975;1.716;1.831;1.849;1.850;1.991;1.990;1.736;1.955;1.729;1.736;1.744;1.627;1.662;1.817;1.938;1.921;1.947;1.933;1.913;1.944;1.928;1.955;1.746;1.887;1.794;1.944;1.954;1.932;1.828;1.923;1.831;1.967;1.875;1.888;1.907;1.935;1.889;1.877;1.911;1.694;0.397;0.385;0.427;0.372;0.526;1.374;1.275;1.927;0.436;0.373;1.830;1.883;1.885;1.723;1.619;1.756;1.907;1.784;1.753;1.968;1.860;1.961;1.890;2.319;1.842;1.898;1.670;1.960;2.752;2.618;3.467;2.955;2.100;2.049;0.000;0.000;0.604;0.000;1.761;0.843;1.432;1.953;1.878;1.922;1.826;1.867;1.801
2020-03-17 00:00;2.674;2.695;1.587;2.696;1.464;1.451;2.016;2.702;2.152;2.715;1.994;2.718;2.261;2.720;2.249;2.723;2.724;2.270;2.728;2.735;2.217;2.739;2.250;2.250;2.255;2.741;1.918;2.743;2.745;2.099;2.756;2.161;2.762;2.318;2.764;2.264;2.767;2.771;2.780;2.797;2.803;2.834;2.837;1.213;2.890;2.908;0.813;2.937;2.951;2.972;2.998;3.017;3.020;2.618;3.021;2.655;3.022;3.023;3.026;2.699;3.026;3.027;2.618;3.029;3.033;2.653;3.037;3.042;2.688;3.047;2.638;3.048;3.050;2.976;2.961;2.940;3.030;2.950;3.099;3.061;3.074;3.183;3.075;3.081;3.081;3.077;3.080;3.240;3.078;3.071;3.077;3.089;2.761;3.097;3.135;3.106;3.039;3.039;3.027;3.013;2.984;2.972;2.939;2.962;2.937;2.962;2.867;2.959;2.859;2.957;2.901;2.890;2.891;2.806;2.746;2.953;2.912;2.952;2.938;2.926;2.837;2.796;2.797;2.766;2.653;2.949;3.001;2.998;2.780;3.023;3.042;3.108;3.004;3.044;2.966;2.886;3.215;3.139;3.123;3.101;2.934;3.110;3.101;3.091;3.038;3.138;3.035;3.043;3.047;3.322;3.341;2.600;2.500;2.613;2.688;2.500;2.967;2.574;2.500;3.151;3.102;2.993;2.975;2.937;3.280;3.190;3.340;3.226;3.149;2.896;3.170;3.289;2.657;2.938;2.915;2.820;3.028;2.627;2.670;2.625;2.643;2.694;2.653;1.127;0.867;0.831;1.112;1.993;1.365;2.309;2.051;2.064;1.580;1.392;2.219;1.869
2020-03-18 00:00;1.884;1.878;1.600;1.878;1.342;1.329;1.973;1.879;1.852;1.874;1.749;1.874;1.913;1.873;1.906;1.872;1.872;1.915;1.870;1.868;1.919;1.866;1.870;1.895;1.855;1.865;1.791;1.865;1.864;1.831;1.861;1.895;1.858;1.920;1.858;1.907;1.857;1.858;1.854;1.858;1.855;1.868;1.866;0.304;1.932;1.934;0.133;1.947;1.943;1.941;1.934;1.926;1.937;0.162;1.933;0.211;1.930;1.928;1.923;0.322;1.922;1.919;0.260;1.918;1.935;0.160;1.932;1.925;0.324;1.926;0.245;1.929;1.311;1.299;1.337;1.420;1.362;1.061;1.347;1.945;1.908;1.814;1.902;1.875;1.851;1.849;1.814;1.855;1.799;1.789;1.776;1.802;1.092;1.805;1.649;1.804;1.769;1.774;1.691;1.621;1.543;1.505;1.477;1.468;1.571;1.461;1.160;1.452;1.740;1.448;1.397;1.376;1.412;1.417;1.246;1.419;1.393;1.415;1.386;1.353;1.103;1.066;1.160;1.170;0.781;1.453;1.681;1.581;1.325;1.619;1.665;1.577;1.634;1.495;1.499;1.658;1.845;1.756;1.772;1.730;1.592;1.771;1.760;1.758;1.719;1.842;1.747;1.788;1.656;1.872;1.882;1.835;1.839;1.705;1.076;0.988;1.671;1.763;1.756;1.721;1.680;1.704;1.504;1.041;1.867;1.778;1.863;1.749;1.816;1.249;1.827;1.853;0.251;0.731;0.736;0.209;1.377;0.180;0.257;0.118;0.147;0.150;0.193;0.584;0.191;0.283;0.522;1.776;0.512;1.809;1.664;1.863;1.486;1.463;1.887;1.814
2020-03-19 00:00;3.698;3.701;3.806;3.701;3.350;3.990;3.803;3.702;3.350;3.705;3.841;3.705;3.863;3.705;3.350;3.702;3.702;3.909;3.703;3.703;3.731;3.704;3.401;3.350;3.350;3.704;3.898;3.701;3.701;3.684;3.703;3.760;3.704;3.968;3.702;3.893;3.702;3.702;3.703;3.703;3.704;3.708;3.708;3.350;3.715;3.717;3.350;3.719;3.720;3.722;3.725;4.303;4.303;4.500;4.305;4.500;4.305;4.306;4.309;4.500;4.309;4.310;4.500;4.311;4.312;4.500;4.315;4.319;4.500;4.322;4.500;4.321;4.500;4.500;4.500;4.500;4.500;4.500;4.500;4.325;4.343;4.389;4.345;4.361;4.370;4.368;4.386;4.363;4.393;4.393;4.401;4.402;4.500;4.404;4.500;4.408;4.395;4.387;4.398;4.414;4.418;4.432;4.334;4.441;4.495;4.441;4.500;4.443;4.325;4.442;4.500;4.500;4.500;4.302;4.301;4.440;4.354;4.441;4.434;4.429;4.500;4.500;4.500;4.406;4.500;4.319;4.379;4.409;4.383;4.380;4.318;4.500;4.466;4.500;4.399;4.356;4.369;4.490;4.379;4.500;4.344;4.483;4.460;4.428;4.374;4.500;4.500;4.446;4.500;4.500;4.500;4.500;4.500;4.500;4.500;4.500;4.409;4.500;4.500;4.500;4.465;4.491;4.500;4.500;4.500;4.402;4.500;4.500;4.311;4.500;4.342;4.500;4.500;4.500;4.500;4.500;4.404;4.500;4.500;4.500;4.500;4.500;4.395;3.350;3.350;3.350;3.350;3.953;3.350;3.350;3.706;3.792;3.765;3.895;3.812;3.909
2020-03-20 00:00;8.408;8.433;7.902;8.434;8.180;8.169;7.346;8.438;7.785;8.457;7.353;8.461;6.895;8.465;7.225;8.468;8.469;6.953;8.477;8.490;6.756;8.496;7.508;7.290;7.571;8.500;7.484;8.500;8.502;6.877;8.517;6.895;8.526;7.028;8.528;6.974;8.533;8.535;8.550;8.584;8.594;8.616;8.621;8.700;8.634;8.648;8.700;8.663;8.681;8.700;8.733;8.751;8.730;10.500;8.732;10.500;8.731;8.732;8.731;10.500;8.728;8.729;10.500;8.726;8.687;10.500;8.677;8.671;10.470;8.652;10.494;8.639;9.844;9.832;9.553;8.736;9.266;10.500;9.294;8.563;8.624;8.079;8.639;8.703;8.771;8.781;8.880;7.762;8.934;8.963;8.986;8.917;9.734;8.907;8.316;8.947;8.530;8.507;8.631;8.740;8.869;9.013;8.479;9.095;9.252;9.105;9.549;9.137;8.723;9.139;9.713;9.750;9.589;9.394;9.521;9.168;9.296;9.158;9.206;9.259;9.844;9.774;9.822;9.597;9.991;8.850;8.111;8.549;9.274;8.369;7.741;8.571;8.316;8.540;8.693;8.826;7.700;8.192;7.789;8.371;8.503;8.089;8.016;7.912;7.821;8.058;8.502;8.234;8.814;10.342;10.370;10.305;10.500;10.322;10.155;10.500;8.132;10.367;10.500;8.672;8.285;8.193;8.910;10.009;8.446;8.126;8.370;8.483;7.793;9.254;7.912;8.095;10.500;10.077;9.983;10.500;8.352;10.500;10.500;10.500;10.500;10.500;10.336;8.700;8.700;8.700;8.700;7.454;8.700;7.958;7.028;7.156;7.817;8.153;6.958;7.611
2020-03-21 00:00;1.329;1.314;1.061;1.314;0.522;0.573;1.489;1.314;0.149;1.303;1.133;1.301;1.299;1.299;0.886;1.306;1.306;1.193;1.302;1.296;1.715;1.291;0.430;0.770;0.335;1.290;1.120;1.298;1.297;1.738;1.287;1.612;1.281;1.009;1.285;1.227;1.282;1.283;1.275;1.270;1.264;1.281;1.278;0.000;1.392;1.393;0.000;1.411;1.402;1.395;1.380;1.361;1.376;0.000;1.367;0.000;1.362;1.356;1.343;0.000;1.342;1.334;0.000;1.331;1.346;0.000;1.338;1.320;0.000;1.317;0.000;1.326;0.000;0.154;0.308;0.933;0.599;0.000;0.115;1.350;1.268;1.436;1.252;1.176;1.125;1.126;1.025;1.529;0.978;0.968;0.927;0.948;0.633;0.942;0.845;0.911;1.163;1.195;1.115;1.037;1.008;0.916;1.416;0.859;1.021;0.848;0.338;0.830;1.664;0.831;0.475;0.513;0.630;1.213;1.123;0.819;0.964;0.817;0.797;0.769;0.234;0.299;0.511;0.915;0.560;1.234;1.564;1.302;1.161;1.409;1.701;0.788;1.257;0.919;1.209;1.477;1.609;1.172;1.581;1.056;1.433;1.269;1.325;1.435;1.606;1.297;1.149;1.416;0.748;0.000;0.000;0.055;0.000;0.006;0.000;0.000;1.459;0.022;0.000;0.909;1.245;1.322;0.611;0.175;0.808;1.348;0.773;0.750;1.673;0.609;1.602;1.105;0.000;0.202;0.345;0.000;1.269;0.000;0.000;0.000;0.000;0.000;0.000;0.000;0.000;0.000;0.000;0.954;0.000;0.000;1.422;1.432;1.068;0.801;1.403;1.075
2020-03-22 00:00;0.124;0.147;1.666;0.146;1.365;1.391;1.747;0.146;1.454;0.160;1.708;0.160;1.726;0.162;1.595;0.169;0.169;1.682;0.173;0.176;1.916;0.181;1.472;1.553;1.471;0.183;1.671;0.190;0.191;1.967;0.200;1.870;0.207;1.606;0.212;1.698;0.214;0.210;0.221;0.178;0.187;0.206;0.209;0.076;0.226;0.238;0.081;0.253;0.269;0.286;0.314;0.344;0.347;0.000;0.356;0.000;0.364;0.370;0.385;0.000;0.387;0.397;0.000;0.401;0.411;0.000;0.426;0.452;0.510;0.472;0.344;0.477;0.926;1.025;1.168;1.487;1.626;0.692;1.299;0.515;0.582;1.772;0.585;0.605;0.618;0.612;0.621;1.758;0.611;0.596;0.621;0.636;1.471;0.641;1.323;0.646;0.847;0.835;0.943;1.023;1.148;1.129;1.853;1.169;1.711;1.164;1.322;1.184;1.888;1.197;1.473;1.517;1.560;1.830;1.901;1.247;1.785;1.232;1.242;1.259;0.989;1.109;1.395;1.701;1.695;1.717;1.806;1.745;1.820;1.788;1.856;1.237;1.665;1.386;1.767;1.853;1.804;1.480;1.774;1.442;1.815;1.585;1.614;1.674;1.806;1.671;1.640;1.737;1.131;0.000;0.000;0.000;0.000;0.010;0.228;0.000;1.746;0.010;0.000;1.525;1.662;1.662;1.235;0.759;1.318;1.675;1.312;1.208;1.867;1.469;1.847;1.625;0.000;1.052;1.213;0.000;1.765;0.000;0.000;0.000;0.000;0.000;0.000;0.000;0.000;0.000;0.000;1.640;0.104;1.304;1.817;1.768;1.596;1.547;1.761;1.643
2020-03-23 00:00;1.230;1.256;1.664;1.256;1.519;1.524;1.837;1.258;1.741;1.275;1.821;1.277;1.896;1.280;1.838;1.284;1.284;1.879;1.289;1.296;1.962;1.301;1.781;1.820;1.778;1.304;1.818;1.307;1.309;1.947;1.320;1.937;1.328;1.859;1.332;1.882;1.335;1.334;1.346;1.332;1.341;1.360;1.364;0.954;1.384;1.396;1.485;1.410;1.427;1.444;1.471;1.496;1.496;0.000;1.500;0.000;1.503;1.506;1.513;0.000;1.514;1.518;2.561;1.520;1.522;0.000;1.529;1.540;1.991;1.549;2.205;1.549;1.861;1.841;1.838;1.910;1.846;1.894;1.916;1.562;1.595;1.920;1.598;1.612;1.620;1.617;1.628;1.959;1.627;1.622;1.633;1.636;1.844;1.639;1.903;1.641;1.717;1.712;1.745;1.766;1.785;1.776;1.924;1.782;1.936;1.779;1.871;1.778;1.900;1.780;1.827;1.769;1.889;1.892;1.918;1.785;1.945;1.778;1.772;1.768;1.628;1.676;1.593;1.580;1.586;1.904;1.955;1.942;1.954;1.951;1.961;1.873;1.928;1.893;1.940;1.959;1.966;1.899;1.955;1.880;1.870;1.926;1.932;1.943;1.960;1.949;1.912;1.933;1.817;1.442;1.448;1.521;1.540;1.973;3.506;3.970;1.927;1.833;1.847;1.925;1.934;1.919;1.867;1.763;1.889;1.911;1.912;1.870;1.953;1.817;1.944;1.939;3.183;2.085;2.096;3.424;1.901;0.000;3.353;0.000;0.000;2.871;0.000;1.518;0.921;1.593;3.188;1.810;1.717;1.709;1.882;1.866;1.568;1.556;1.893;1.783
2020-03-24 00:00;3.123;3.123;2.626;3.124;2.610;2.599;2.865;3.126;3.183;3.125;2.975;3.125;3.211;3.124;3.241;3.121;3.121;3.226;3.120;3.119;3.074;3.118;3.268;3.250;3.261;3.118;2.897;3.115;3.115;2.946;3.115;3.008;3.114;3.299;3.112;3.213;3.112;3.113;3.111;3.114;3.113;3.123;3.123;2.492;3.165;3.176;2.346;3.197;3.200;3.207;3.214;3.218;3.230;2.615;3.230;2.641;3.231;3.231;3.233;2.667;3.235;3.236;2.550;3.238;3.261;2.634;3.270;3.279;2.580;3.294;2.555;3.300;3.148;3.054;3.071;3.261;3.106;2.923;3.369;3.329;3.331;3.187;3.332;3.336;3.332;3.329;3.332;3.274;3.332;3.330;3.334;3.362;2.890;3.369;3.431;3.372;3.338;3.344;3.321;3.301;3.246;3.233;3.142;3.216;3.268;3.212;3.237;3.197;3.020;3.193;3.189;3.153;3.166;2.907;2.927;3.163;3.014;3.167;3.145;3.122;3.052;3.022;2.940;2.860;2.787;3.092;3.255;3.235;3.085;3.239;3.219;3.429;3.290;3.379;3.250;3.204;3.272;3.340;3.270;3.330;3.071;3.337;3.337;3.319;3.261;3.319;3.217;3.211;3.266;3.483;3.494;2.631;2.500;2.626;2.700;2.500;3.216;2.582;2.500;3.301;3.302;3.249;3.264;2.958;3.388;3.225;3.471;3.429;3.207;3.065;3.181;3.341;2.546;2.714;2.696;2.584;3.063;2.632;2.556;2.754;2.676;2.566;2.773;2.470;2.388;2.343;2.359;2.961;2.586;3.031;2.922;2.979;2.705;2.561;3.110;2.835
2020-03-25 00:00;3.697;3.682;3.653;3.682;3.665;3.648;3.789;3.680;3.986;3.670;3.760;3.668;3.808;3.666;3.876;3.661;3.661;3.823;3.657;3.651;3.698;3.648;3.947;3.895;3.952;3.646;3.772;3.641;3.640;3.642;3.633;3.706;3.627;3.863;3.624;3.807;3.622;3.621;3.612;3.611;3.605;3.595;3.592;3.424;3.604;3.597;3.384;3.593;3.581;3.570;3.549;3.534;3.550;2.687;3.547;2.741;3.545;3.543;3.540;2.858;3.540;3.537;2.666;3.537;3.556;2.629;3.558;3.555;2.610;3.564;2.584;3.569;3.372;3.320;3.295;3.328;3.219;3.282;3.353;3.578;3.553;3.252;3.551;3.541;3.530;3.529;3.519;3.267;3.518;3.517;3.510;3.525;3.120;3.525;3.412;3.522;3.516;3.520;3.474;3.441;3.384;3.377;3.214;3.358;3.310;3.355;3.306;3.343;3.238;3.338;3.306;3.277;3.286;3.118;3.124;3.309;3.139;3.313;3.297;3.279;3.285;3.260;3.183;3.090;3.002;3.174;3.287;3.291;3.230;3.282;3.256;3.439;3.314;3.391;3.276;3.274;3.281;3.378;3.294;3.387;3.213;3.361;3.352;3.330;3.286;3.341;3.330;3.303;3.427;3.562;3.541;2.652;2.500;2.638;2.763;2.500;3.292;2.587;2.500;3.350;3.321;3.321;3.400;3.104;3.414;3.267;3.434;3.421;3.241;3.181;3.235;3.341;2.632;2.834;2.809;2.681;3.121;2.738;2.972;2.884;2.806;2.595;2.923;3.794;3.475;3.455;3.726;3.788;3.520;3.350;3.631;3.748;3.700;3.665;3.756;3.783
2020-03-26 00:00;5.765;5.762;5.228;5.762;5.519;5.477;5.251;5.763;5.687;5.761;5.285;5.761;5.305;5.761;5.443;5.756;5.756;5.333;5.756;5.757;5.097;5.756;5.602;5.486;5.624;5.756;5.301;5.751;5.750;5.034;5.750;5.135;5.749;5.410;5.746;5.307;5.747;5.748;5.746;5.765;5.764;5.759;5.759;6.028;5.747;5.744;6.050;5.739;5.734;5.729;5.721;5.714;5.713;6.000;5.711;6.000;5.710;5.709;5.706;6.000;5.706;5.705;6.000;5.704;5.702;6.000;5.700;5.696;6.000;5.691;6.000;5.688;6.000;5.896;5.778;5.428;5.416;6.000;5.798;5.667;5.661;5.223;5.663;5.674;5.676;5.676;5.695;5.181;5.709;5.714;5.714;5.705;5.508;5.704;5.565;5.709;5.619;5.612;5.576;5.558;5.504;5.529;5.117;5.523;5.285;5.526;5.708;5.514;5.116;5.508;5.554;5.560;5.432;5.063;5.075;5.481;5.134;5.493;5.489;5.485;5.795;5.720;5.574;5.319;5.419;5.122;5.166;5.215;5.156;5.177;5.096;5.559;5.311;5.457;5.201;5.137;5.151;5.427;5.170;5.514;5.157;5.410;5.387;5.312;5.181;5.362;5.403;5.245;5.667;6.000;6.000;6.000;6.000;6.000;6.000;6.000;5.233;6.000;6.000;5.438;5.288;5.317;5.648;6.000;5.557;5.235;5.647;5.622;5.099;5.450;5.133;5.419;6.000;5.653;5.490;6.000;5.179;6.000;6.000;6.000;6.000;6.000;6.005;6.050;6.050;6.050;6.050;5.363;6.050;6.013;5.119;5.212;5.212;5.326;5.230;5.340
2020-03-27 00:00;5.585;5.581;4.150;5.582;4.185;4.181;4.150;5.588;4.188;5.586;4.166;5.587;4.160;5.587;4.178;5.588;5.588;4.166;5.588;5.591;4.150;5.590;4.205;4.191;4.202;5.590;4.156;5.590;5.591;4.150;5.592;4.150;5.591;4.189;5.590;4.161;5.592;5.596;5.595;5.638;5.637;5.642;5.642;4.366;5.662;5.660;4.204;5.659;5.656;5.655;5.651;5.642;5.642;5.499;5.636;5.000;5.631;5.627;5.617;5.674;5.616;5.610;5.129;5.607;5.601;5.000;5.591;5.575;5.002;5.563;5.006;5.561;5.208;5.189;5.163;5.000;5.000;5.107;5.000;5.540;5.498;5.000;5.493;5.482;5.471;5.476;5.465;5.000;5.465;5.477;5.465;5.471;5.000;5.469;5.000;5.474;5.326;5.344;5.279;5.233;5.177;5.169;5.000;5.141;5.000;5.142;5.000;5.141;5.000;5.134;5.018;5.000;5.000;5.000;5.000;5.115;5.000;5.112;5.094;5.081;5.104;5.002;5.057;5.000;5.000;5.000;5.000;5.011;5.000;5.000;5.000;5.077;5.000;5.000;5.000;5.000;5.000;5.042;5.000;5.076;5.000;5.032;5.023;5.000;5.000;5.000;5.000;5.000;5.000;5.877;5.886;5.106;5.000;5.061;5.004;5.000;5.000;5.039;5.000;5.000;5.000;5.000;5.000;5.030;5.000;5.000;5.000;5.151;5.000;5.000;5.000;5.000;5.219;5.223;5.159;5.515;5.000;5.773;5.341;5.000;5.000;5.341;5.681;4.196;4.156;4.150;4.212;4.159;4.375;4.176;4.150;4.153;4.162;4.150;4.150;4.156
2020-03-28 00:00;4.297;4.274;3.398;4.274;3.419;3.407;3.516;4.274;3.629;4.258;3.490;4.257;3.535;4.254;3.569;4.251;4.251;3.543;4.246;4.240;3.464;4.235;3.616;3.587;3.620;4.233;3.509;4.230;4.229;3.416;4.219;3.475;4.211;3.575;4.208;3.531;4.206;4.208;4.197;4.219;4.211;4.194;4.190;3.838;4.179;4.167;3.323;4.154;4.137;4.121;4.093;4.066;4.067;2.500;4.060;2.500;4.055;4.050;4.039;2.500;4.038;4.031;2.714;4.028;4.028;2.549;4.017;3.999;2.961;3.986;2.957;3.985;3.301;3.285;3.304;3.308;3.169;3.106;3.274;3.970;3.915;3.214;3.910;3.885;3.874;3.878;3.859;3.239;3.861;3.872;3.856;3.865;3.166;3.863;3.330;3.865;3.649;3.661;3.577;3.514;3.433;3.420;3.190;3.388;3.240;3.387;3.157;3.374;3.207;3.367;3.202;3.169;3.211;3.186;3.172;3.333;3.211;3.331;3.313;3.291;3.201;3.141;3.081;3.027;2.886;3.237;3.247;3.262;3.240;3.257;3.250;3.390;3.236;3.350;3.226;3.239;3.268;3.311;3.271;3.283;3.177;3.266;3.259;3.256;3.240;3.248;3.220;3.245;3.362;4.371;4.385;4.341;4.367;4.168;3.179;3.133;3.246;4.279;4.307;3.290;3.276;3.255;3.337;3.203;3.350;3.251;3.327;3.359;3.235;3.199;3.219;3.232;2.714;2.986;2.995;2.500;3.149;2.500;2.500;2.500;2.500;2.539;2.536;2.900;3.250;3.806;2.900;3.511;3.743;3.697;3.416;3.493;3.409;3.401;3.503;3.506
2020-03-29 00:00;4.350;4.350;4.346;4.350;4.350;4.350;4.344;4.350;4.350;4.350;4.350;4.350;4.350;4.350;4.350;4.350;4.350;4.350;4.350;4.350;4.249;4.350;4.350;4.350;4.350;4.350;4.350;4.350;4.350;4.227;4.350;4.275;4.350;4.350;4.350;4.350;4.350;4.350;4.350;4.350;4.350;4.350;4.350;4.350;4.350;4.350;4.350;4.350;4.350;4.350;5.214;6.757;6.752;7.000;6.748;7.000;6.745;6.743;6.737;7.000;6.736;6.732;7.000;6.729;6.714;7.000;6.704;6.692;7.000;6.678;7.000;6.672;7.000;7.000;6.967;6.482;6.664;7.000;6.798;6.621;6.611;6.131;6.612;6.624;6.629;6.629;6.651;5.924;6.669;6.677;6.675;6.647;6.695;6.644;6.395;6.652;6.546;6.530;6.502;6.498;6.465;6.522;6.035;6.526;6.346;6.531;6.692;6.529;6.205;6.523;6.676;6.715;6.529;6.329;6.357;6.505;6.331;6.506;6.515;6.523;6.887;6.783;6.792;6.589;6.689;6.109;5.924;6.047;6.296;5.937;5.782;6.446;6.209;6.317;6.135;5.996;5.853;6.275;5.896;6.422;6.195;6.204;6.148;6.033;5.874;6.102;6.305;6.136;6.675;7.000;7.000;7.000;7.000;6.999;6.944;7.000;6.092;6.992;7.000;6.439;6.071;6.147;6.578;7.000;6.455;6.123;6.543;6.554;5.850;6.654;5.953;6.283;7.000;6.923;6.873;7.000;6.190;7.000;7.000;7.000;7.000;7.000;6.759;4.350;4.350;4.350;4.350;4.350;4.350;4.350;4.272;4.350;4.350;4.350;4.337;4.350
2020-03-30 00:00;5.000;5.000;4.948;5.000;4.983;4.982;4.840;5.000;4.989;5.000;4.982;5.000;4.965;5.000;4.973;5.000;5.000;4.960;5.000;5.000;4.943;5.000;4.983;4.974;4.987;5.000;4.972;5.000;5.000;4.935;5.000;4.937;5.000;4.966;5.000;4.961;5.000;5.000;4.999;5.000;5.000;5.000;5.000;5.000;5.000;5.000;5.000;5.000;5.000;5.000;5.815;7.429;7.426;7.500;7.424;7.500;7.422;7.421;7.417;7.500;7.417;7.414;7.500;7.413;7.405;7.500;7.399;7.391;7.500;7.382;7.498;7.378;7.459;7.456;7.433;7.317;7.364;7.500;7.302;7.346;7.337;7.052;7.338;7.337;7.339;7.344;7.351;7.020;7.362;7.371;7.366;7.352;7.370;7.348;7.295;7.344;7.314;7.311;7.295;7.308;7.308;7.333;7.213;7.335;7.331;7.334;7.366;7.333;7.141;7.329;7.356;7.364;7.323;7.319;7.305;7.327;7.315;7.321;7.319;7.325;7.446;7.417;7.436;7.420;7.423;7.203;7.085;7.156;7.289;7.100;7.016;7.235;7.244;7.217;7.203;7.194;6.911;7.163;7.048;7.229;7.226;7.162;7.143;7.106;7.113;7.090;7.204;7.208;7.292;7.500;7.500;7.500;7.500;7.474;7.417;7.500;7.242;7.469;7.500;7.197;7.148;7.195;7.306;7.419;7.027;7.016;7.078;7.176;7.045;7.348;7.172;7.082;7.499;7.456;7.450;7.500;7.299;7.500;7.500;7.500;7.500;7.500;7.273;5.000;5.000;5.000;5.000;4.973;5.000;5.000;4.932;4.938;5.000;4.975;4.911;4.959
2020-03-31 00:00;3.853;3.837;3.748;3.836;3.753;3.750;3.828;3.835;3.762;3.824;3.747;3.822;3.748;3.820;3.749;3.816;3.816;3.746;3.812;3.807;3.725;3.803;3.758;3.753;3.758;3.802;3.730;3.799;3.798;3.722;3.790;3.730;3.785;3.755;3.782;3.740;3.780;3.780;3.771;3.771;3.765;3.752;3.749;3.725;3.742;3.734;3.707;3.724;3.712;3.700;5.043;5.040;5.056;4.504;5.048;4.514;5.043;5.039;5.028;4.520;5.028;5.021;4.510;5.019;5.047;4.521;5.044;5.031;4.516;5.033;4.508;5.039;4.604;4.593;4.578;4.510;4.500;4.576;4.500;5.048;4.994;4.500;4.988;4.970;4.977;4.987;4.965;4.500;4.973;4.981;4.962;5.009;4.514;5.017;4.603;5.043;4.854;4.894;4.832;4.771;4.708;4.696;4.500;4.670;4.500;4.673;4.500;4.660;4.500;4.651;4.501;4.500;4.500;4.500;4.500;4.635;4.500;4.632;4.613;4.596;4.587;4.511;4.544;4.520;4.500;4.503;4.500;4.504;4.500;4.500;4.500;4.547;4.500;4.506;4.500;4.500;4.500;4.520;4.500;4.519;4.500;4.509;4.505;4.500;4.500;4.500;4.500;4.500;4.527;5.870;5.998;5.776;6.087;5.574;4.500;4.500;4.500;5.745;5.958;4.500;4.500;4.500;4.500;4.607;4.524;4.500;4.521;4.563;4.500;4.502;4.500;4.500;4.509;4.545;4.538;4.549;4.500;4.512;4.519;4.539;4.518;4.520;4.498;3.773;3.719;3.709;3.744;3.734;3.742;3.766;3.729;3.761;3.747;3.730;3.755;3.743
2020-04-01 00:00;2.763;2.726;2.977;2.725;2.840;2.829;3.220;2.721;3.043;2.695;2.929;2.691;2.931;2.686;2.963;2.678;2.677;2.885;2.668;2.655;2.780;2.646;2.944;2.929;2.941;2.642;2.729;2.636;2.633;2.753;2.615;2.781;2.603;2.928;2.597;2.829;2.592;2.590;2.570;2.565;2.551;2.519;2.513;2.478;2.492;2.473;2.426;2.452;2.427;2.400;4.364;4.349;4.365;3.580;4.358;3.616;4.353;4.349;4.338;3.677;4.337;4.330;3.577;4.328;4.358;3.577;4.352;4.337;3.548;4.340;3.533;4.344;3.868;3.874;3.846;3.798;3.691;3.856;3.736;4.350;4.302;3.706;4.300;4.292;4.307;4.317;4.316;3.659;4.342;4.357;4.346;4.381;3.718;4.383;3.881;4.398;4.149;4.161;4.099;4.051;3.999;3.997;3.734;3.976;3.815;3.977;3.840;3.969;3.738;3.963;3.852;3.839;3.826;3.711;3.701;3.945;3.743;3.949;3.939;3.925;3.963;3.901;3.858;3.749;3.689;3.763;3.776;3.740;3.680;3.725;3.748;3.894;3.761;3.828;3.756;3.745;3.771;3.855;3.784;3.851;3.731;3.805;3.789;3.770;3.736;3.786;3.787;3.779;3.945;5.360;5.396;5.294;5.410;5.163;3.639;3.500;3.745;5.356;5.472;3.839;3.774;3.758;3.836;3.794;3.870;3.743;3.848;3.841;3.649;3.726;3.645;3.774;3.560;3.613;3.598;3.601;3.572;3.613;3.728;3.719;3.653;3.549;3.646;2.770;2.490;2.461;2.636;2.799;2.530;2.954;2.691;3.025;3.015;2.832;2.875;2.954
2020-04-02 00:00;3.871;3.869;3.850;3.869;3.879;3.850;3.850;3.869;3.850;3.867;3.850;3.867;3.850;3.867;3.850;3.864;3.864;3.850;3.864;3.863;3.975;3.863;3.891;3.850;3.850;3.863;3.850;3.860;3.860;3.932;3.860;3.996;3.860;3.850;3.858;3.850;3.858;3.858;3.858;3.855;3.856;3.856;3.856;3.904;3.853;3.853;3.965;3.851;3.851;3.850;4.225;5.000;5.000;5.000;5.000;5.000;5.000;5.000;5.000;5.000;5.000;5.000;5.000;5.000;5.000;5.000;5.000;5.000;5.000;5.000;5.000;5.000;5.000;4.964;4.913;4.753;4.757;5.000;4.912;5.000;5.000;4.610;5.000;4.995;4.998;5.000;4.994;4.629;4.999;5.000;5.000;5.000;4.783;5.000;4.839;4.997;4.998;5.000;4.972;4.948;4.898;4.912;4.579;4.900;4.710;4.901;4.957;4.889;4.550;4.883;4.858;4.825;4.801;4.541;4.535;4.857;4.601;4.865;4.858;4.849;5.000;5.000;4.862;4.658;4.713;4.603;4.623;4.652;4.605;4.624;4.579;4.907;4.698;4.850;4.649;4.595;4.618;4.765;4.636;4.777;4.587;4.706;4.686;4.656;4.608;4.685;4.707;4.661;4.932;5.059;5.000;5.099;5.000;5.051;5.000;5.000;4.643;5.031;5.000;4.797;4.696;4.684;4.940;5.000;4.849;4.658;4.802;4.784;4.552;4.718;4.569;4.712;5.000;4.885;4.818;5.000;4.691;5.000;5.000;5.000;5.000;5.000;4.895;3.850;3.850;3.850;3.850;3.850;3.850;3.850;3.947;3.850;3.850;3.850;3.850;3.850
2020-04-03 00:00;5.971;5.973;5.698;5.973;5.840;5.835;5.443;5.974;5.807;5.976;5.643;5.976;5.528;5.977;5.645;5.976;5.976;5.509;5.977;5.979;5.407;5.980;5.740;5.646;5.783;5.980;5.704;5.978;5.979;5.365;5.980;5.330;5.981;5.528;5.980;5.520;5.981;5.982;5.983;5.995;5.995;5.997;5.997;6.000;5.998;5.999;6.000;5.999;6.000;6.000;6.163;6.311;6.307;6.500;6.304;6.500;6.302;6.300;6.295;6.500;6.294;6.290;6.500;6.288;6.278;6.500;6.270;6.260;6.500;6.249;6.500;6.244;6.424;6.440;6.393;6.188;6.220;6.500;6.182;6.205;6.195;5.825;6.196;6.194;6.197;6.202;6.212;5.771;6.226;6.237;6.231;6.214;6.199;6.211;6.078;6.208;6.139;6.139;6.121;6.122;6.099;6.126;5.774;6.125;6.044;6.125;6.174;6.120;5.664;6.114;6.167;6.181;6.079;5.962;5.953;6.095;5.933;6.096;6.098;6.104;6.358;6.260;6.264;6.116;6.198;5.808;5.545;5.774;6.002;5.694;5.704;6.037;5.905;5.983;5.904;5.875;5.495;5.867;5.733;5.919;5.914;5.793;5.777;5.735;5.717;5.739;5.878;5.778;6.074;6.500;6.500;6.500;6.500;6.495;6.421;6.500;5.888;6.489;6.500;5.971;5.802;5.880;6.133;6.374;5.910;5.804;5.924;6.016;5.772;6.152;5.919;5.894;6.500;6.406;6.379;6.500;6.091;6.500;6.500;6.500;6.500;6.500;6.455;6.000;6.000;6.000;6.000;5.691;6.000;5.956;5.369;5.432;5.699;5.792;5.310;5.647
2020-04-04 00:00;7.199;7.193;6.462;7.194;6.831;6.828;5.950;7.195;6.485;7.192;6.400;7.192;6.265;7.192;6.329;7.190;7.190;6.235;7.190;7.191;6.184;7.190;6.484;6.384;6.531;7.190;6.571;7.187;7.187;6.173;7.186;6.081;7.184;6.257;7.183;6.282;7.183;7.185;7.183;7.201;7.199;7.184;7.184;7.571;7.132;7.125;7.590;7.108;7.101;7.092;7.081;7.066;7.057;7.500;7.052;7.500;7.048;7.045;7.036;7.500;7.035;7.030;7.500;7.027;7.009;7.500;6.997;6.980;7.425;6.961;7.471;6.955;6.911;6.890;6.813;6.539;6.564;7.059;6.700;6.916;6.891;6.195;6.892;6.885;6.892;6.902;6.912;6.349;6.928;6.946;6.935;6.922;6.596;6.920;6.509;6.922;6.744;6.755;6.719;6.698;6.653;6.686;6.174;6.678;6.272;6.683;6.670;6.676;5.900;6.668;6.555;6.592;6.429;6.270;6.270;6.644;6.379;6.648;6.654;6.660;6.940;6.818;6.740;6.553;6.660;6.305;5.971;6.190;6.309;6.130;6.110;6.526;6.248;6.475;6.264;6.081;5.980;6.273;6.111;6.288;6.183;6.159;6.145;6.110;6.078;6.062;6.150;6.064;6.541;7.500;7.500;7.500;7.500;7.459;7.300;7.500;6.161;7.468;7.500;6.313;6.215;6.168;6.563;6.985;6.358;6.251;6.323;6.512;6.250;6.559;6.322;6.142;7.500;7.273;7.248;7.500;6.777;7.500;7.500;7.500;7.500;7.500;7.509;7.600;7.600;7.600;7.600;6.499;7.567;6.824;6.341;6.117;6.385;6.580;6.099;6.299
2020-04-05 00:00;7.300;7.300;7.300;7.300;7.300;7.300;7.300;7.300;7.300;7.300;7.300;7.300;7.300;7.300;7.300;7.300;7.300;7.300;7.300;7.300;7.300;7.300;7.300;7.300;7.300;7.300;7.300;7.300;7.300;7.300;7.300;7.300;7.300;7.300;7.300;7.300;7.300;7.300;7.300;7.300;7.300;7.300;7.300;7.300;7.300;7.300;7.300;7.300;7.300;7.300;7.528;7.645;7.642;8.000;7.636;8.000;7.630;7.626;7.614;8.000;7.613;7.606;8.000;7.603;7.586;8.000;7.575;7.557;8.000;7.541;7.697;7.537;8.000;7.925;8.000;8.000;8.000;7.119;8.000;7.477;7.448;8.000;7.432;7.427;7.393;7.406;7.433;8.000;7.400;7.426;7.414;7.413;8.000;7.402;6.571;7.416;7.261;7.301;7.316;7.326;7.329;7.454;8.000;7.401;6.310;7.431;6.714;7.490;6.150;7.484;7.709;8.000;7.437;8.000;8.000;7.493;8.000;7.445;7.503;7.563;7.358;6.974;7.893;8.000;6.664;8.000;6.200;6.446;8.000;6.210;6.136;7.022;6.311;7.031;8.000;6.162;6.182;6.456;6.213;6.482;6.202;6.349;6.317;6.264;6.176;6.296;6.350;6.258;6.774;8.000;8.000;8.000;8.000;7.954;7.752;8.000;6.243;7.968;8.000;6.451;6.306;6.308;6.699;7.025;6.582;6.277;6.539;7.644;8.000;8.000;8.000;6.285;7.946;8.000;8.000;8.000;8.000;8.000;8.000;8.000;8.000;7.955;7.936;7.300;7.300;7.582;7.300;7.300;7.300;7.300;7.300;7.300;7.300;7.300;7.300;7.300
2020-04-06 00:00;7.051;7.044;5.650;7.045;5.650;5.650;5.650;7.048;5.650;7.044;5.650;7.045;5.650;7.045;5.650;7.047;7.047;5.650;7.047;7.049;5.650;7.048;5.653;5.650;5.650;7.048;5.650;7.047;7.047;5.650;7.045;5.650;7.043;5.650;7.042;5.650;7.043;7.047;7.046;7.086;7.083;7.087;7.087;5.650;7.111;7.108;5.650;7.104;7.098;7.093;7.083;7.066;7.065;6.500;7.058;6.500;7.052;7.047;7.034;6.500;7.033;7.025;6.500;7.022;7.013;6.500;7.000;6.980;6.500;6.965;6.500;6.963;6.611;6.575;6.554;6.500;6.500;6.500;6.500;6.938;6.903;6.500;6.898;6.905;6.915;6.919;6.931;6.500;6.936;6.949;6.942;6.946;6.500;6.943;6.500;6.951;6.652;6.659;6.609;6.587;6.544;6.531;6.500;6.504;6.500;6.508;6.500;6.529;6.500;6.521;6.500;6.500;6.500;6.500;6.500;6.531;6.500;6.521;6.500;6.500;6.520;6.500;6.500;6.500;6.500;6.500;6.500;6.479;6.500;6.500;6.500;6.510;6.500;6.500;6.500;6.500;6.500;6.500;6.500;6.500;6.500;6.409;6.405;6.387;6.500;6.500;6.500;6.500;6.500;7.888;7.907;7.752;7.816;6.609;7.259;7.648;6.500;6.512;6.500;6.500;6.500;6.500;6.500;6.500;6.500;6.500;6.500;6.500;6.500;6.500;6.500;6.500;6.500;6.561;6.522;6.500;6.500;6.500;6.500;7.156;6.500;6.500;7.165;6.617;5.756;5.650;6.969;5.650;5.650;5.650;5.650;5.650;5.650;5.650;5.650;5.650
2020-04-07 00:00;7.045;7.034;5.900;7.034;5.900;5.900;5.900;7.036;5.900;7.030;5.900;7.030;5.900;7.029;5.900;7.029;7.029;5.900;7.028;7.027;5.900;7.025;5.900;5.900;5.900;7.024;5.900;7.022;7.021;5.900;7.017;5.900;7.013;5.900;7.011;5.900;7.011;7.014;7.010;7.043;7.039;7.036;7.035;5.900;7.038;7.033;5.900;7.026;7.017;7.008;6.993;6.975;6.974;6.500;6.967;6.500;6.961;6.956;6.944;6.500;6.943;6.936;6.500;6.933;6.924;6.500;6.912;6.893;6.500;6.879;6.500;6.877;6.500;6.546;6.500;6.500;6.500;6.500;6.500;6.856;6.821;6.500;6.815;6.818;6.819;6.821;6.822;6.500;6.822;6.829;6.820;6.818;6.500;6.813;6.500;6.814;6.650;6.656;6.607;6.584;6.543;6.528;6.500;6.500;6.500;6.500;6.500;6.516;6.500;6.509;6.500;6.500;6.500;6.500;6.500;6.511;6.500;6.500;6.500;6.500;6.500;6.500;6.500;6.500;6.500;6.500;6.500;6.485;6.500;6.500;6.500;6.500;6.500;6.500;6.500;6.500;6.500;6.500;6.500;6.500;6.500;6.436;6.429;6.402;6.500;6.500;6.500;6.500;6.500;7.380;7.368;6.589;6.500;6.519;6.500;6.500;6.500;6.500;6.500;6.500;6.500;6.500;6.500;6.500;6.500;6.500;6.500;6.500;6.500;6.500;6.500;6.500;6.500;6.500;6.500;6.500;6.500;6.500;6.500;6.500;6.500;6.500;6.445;5.900;5.900;5.900;5.900;5.900;5.900;5.900;5.900;5.900;5.900;5.900;5.900;5.900
2020-04-08 00:00;6.127;6.108;4.500;6.109;4.514;4.500;4.500;6.111;4.503;6.100;4.500;6.100;4.500;6.099;4.500;6.098;6.098;4.500;6.096;6.095;4.500;6.092;4.518;4.500;4.500;6.091;4.500;6.089;6.088;4.500;6.082;4.500;6.076;4.500;6.075;4.500;6.074;6.079;6.073;6.120;6.114;6.105;6.103;5.045;6.102;6.093;4.927;6.083;6.070;6.057;6.035;6.009;6.008;6.221;5.999;6.486;5.991;5.985;5.969;6.356;5.967;5.957;5.502;5.953;5.941;6.366;5.925;5.899;5.000;5.880;5.000;5.878;5.242;5.208;5.188;5.000;5.000;5.000;5.000;5.847;5.778;5.000;5.771;5.745;5.728;5.735;5.714;5.000;5.714;5.733;5.709;5.707;5.000;5.701;5.000;5.699;5.541;5.556;5.456;5.388;5.306;5.300;5.000;5.260;5.000;5.262;5.000;5.261;5.000;5.251;5.023;5.000;5.000;5.000;5.000;5.221;5.000;5.220;5.202;5.186;5.267;5.123;5.109;5.000;5.000;5.000;5.000;5.009;5.000;5.000;5.000;5.146;5.000;5.059;5.000;5.000;5.000;5.084;5.000;5.111;5.000;5.038;5.026;5.000;5.000;5.000;5.000;5.000;5.114;6.123;6.098;5.146;5.000;5.090;5.054;5.000;5.000;5.058;5.000;5.000;5.000;5.000;5.056;5.083;5.000;5.000;5.000;5.183;5.000;5.000;5.000;5.000;5.383;5.282;5.204;6.370;5.000;5.000;5.000;5.000;5.000;5.437;4.955;4.500;4.500;5.856;4.500;4.500;5.181;4.619;4.500;4.500;4.500;4.500;4.500;4.500
2020-04-09 00:00;4.800;4.812;2.857;4.813;2.781;2.778;3.014;4.823;3.067;4.830;3.062;4.834;3.167;4.836;3.160;4.843;4.843;3.167;4.847;4.855;3.147;4.858;3.140;3.153;3.144;4.860;3.039;4.864;4.867;3.090;4.876;3.116;4.881;3.170;4.884;3.156;4.888;4.895;4.903;4.962;4.966;4.991;4.994;2.707;5.020;5.026;2.492;5.035;5.040;5.048;5.060;5.061;5.060;4.000;5.053;4.000;5.046;5.041;5.028;4.000;5.028;5.019;4.222;5.016;5.011;4.000;4.998;4.978;4.319;4.962;4.348;4.961;4.501;4.442;4.384;4.232;4.148;4.477;4.362;4.933;4.874;4.090;4.869;4.843;4.826;4.829;4.811;4.104;4.813;4.824;4.805;4.802;4.199;4.798;4.349;4.792;4.688;4.700;4.611;4.551;4.465;4.474;4.054;4.447;4.134;4.450;4.366;4.435;4.027;4.427;4.243;4.223;4.199;4.024;4.020;4.391;4.069;4.399;4.391;4.377;4.514;4.456;4.245;4.104;4.103;4.093;4.093;4.130;4.081;4.112;4.067;4.404;4.143;4.331;4.085;4.067;4.089;4.270;4.114;4.276;4.054;4.206;4.194;4.159;4.086;4.175;4.161;4.108;4.404;5.041;5.033;4.143;4.000;4.103;4.123;4.000;4.133;4.065;4.000;4.257;4.176;4.178;4.423;4.456;4.324;4.140;4.351;4.376;4.059;4.191;4.062;4.146;4.458;4.145;4.081;4.000;4.058;4.000;4.703;4.000;4.000;4.452;3.850;2.350;2.375;2.350;2.350;3.058;2.596;3.124;3.077;3.077;2.842;2.747;3.137;2.980
2020-04-10 00:00;3.543;3.490;3.594;3.489;3.648;3.630;3.726;3.482;3.350;3.445;3.819;3.439;3.899;3.432;3.350;3.418;3.418;3.915;3.403;3.384;3.719;3.370;3.398;3.350;3.350;3.364;3.799;3.355;3.350;3.634;4.873;3.724;4.870;3.989;4.868;3.893;4.868;4.872;4.867;4.905;4.901;4.904;4.903;3.350;4.912;4.907;3.856;4.903;4.894;4.888;4.877;4.863;4.864;3.750;4.857;3.750;4.851;4.847;4.835;3.750;4.834;4.827;3.750;4.824;4.821;3.750;4.809;4.791;4.235;4.777;4.264;4.775;3.750;4.427;4.360;4.163;4.084;4.428;4.337;4.777;4.727;3.990;4.724;4.705;4.691;4.694;4.684;4.002;4.688;4.698;4.685;4.691;4.131;4.689;4.292;4.687;4.580;4.593;4.508;4.453;4.369;4.381;3.927;4.357;4.060;4.359;4.298;4.344;3.890;4.336;4.190;4.161;4.137;3.903;3.873;4.298;3.955;4.306;4.296;4.282;4.435;4.360;4.189;3.998;4.008;3.970;3.998;4.027;3.967;4.003;3.951;4.322;4.063;4.234;3.982;3.961;3.994;4.204;4.020;4.218;3.918;4.153;4.140;4.093;3.996;4.115;4.087;4.017;4.303;4.954;4.951;3.907;3.750;3.874;3.932;3.750;4.035;3.827;3.750;4.194;4.090;4.077;4.305;4.266;4.251;4.025;4.298;4.329;3.945;4.082;3.948;4.093;3.750;4.048;3.939;3.750;3.926;3.750;4.492;3.750;3.750;3.750;3.714;3.350;3.768;3.350;3.350;3.841;3.350;3.350;3.639;3.756;3.594;3.579;3.794;3.759
2020-04-11 00:00;3.445;3.392;3.627;3.391;3.719;3.698;3.744;3.384;3.250;3.348;3.777;3.342;3.810;3.335;3.959;3.319;3.318;3.821;3.305;3.285;3.671;3.272;3.705;3.993;3.250;3.266;3.786;3.254;3.250;3.609;4.719;3.685;4.713;3.871;4.710;3.805;4.709;4.712;4.703;4.737;4.730;4.724;4.722;3.250;4.725;4.716;3.775;4.707;4.694;4.682;4.661;4.635;4.634;3.900;4.623;3.900;4.615;4.608;4.590;3.900;4.588;4.577;3.900;4.572;4.561;3.900;4.543;4.514;3.900;4.492;3.900;4.488;3.900;4.249;4.229;3.900;3.900;3.900;3.900;4.446;4.346;3.900;4.332;4.266;4.207;4.206;4.126;3.900;4.098;4.088;4.043;4.025;3.900;4.013;3.900;3.974;3.914;3.900;4.495;4.418;4.345;4.349;3.900;4.310;3.900;4.311;3.900;4.297;3.900;4.287;3.967;3.900;3.900;3.997;3.989;4.239;3.900;4.243;4.228;4.201;4.248;3.900;4.166;3.900;3.900;3.900;3.900;3.942;3.900;3.900;3.900;4.065;3.900;3.900;3.900;3.900;3.900;4.051;3.900;3.900;3.900;4.087;4.064;4.017;3.900;3.900;3.900;3.900;3.900;3.988;3.900;3.900;3.900;3.900;3.900;3.900;3.900;3.979;3.900;3.900;3.900;3.900;3.900;3.900;3.900;3.900;3.900;3.900;3.900;3.900;3.900;3.900;3.900;3.900;3.974;3.900;3.900;3.900;3.900;3.900;3.900;3.900;3.841;3.250;3.842;3.250;3.250;3.799;3.250;3.250;3.616;3.735;3.623;3.655;3.745;3.775
2020-04-12 00:00;6.950;6.950;5.804;6.950;6.327;6.259;5.850;6.950;6.766;6.950;5.997;6.950;5.963;6.950;6.179;6.950;6.950;5.996;6.950;6.950;5.601;6.950;6.527;6.254;6.645;6.950;5.952;6.941;6.941;5.489;6.936;5.659;6.929;6.135;6.922;5.955;6.919;6.923;6.910;6.950;6.950;6.944;6.940;6.950;6.926;6.916;6.950;6.903;6.889;6.873;6.849;6.824;6.823;7.000;6.817;7.000;6.811;6.807;6.796;7.000;6.795;6.788;7.000;6.786;6.777;7.000;6.767;6.751;7.000;6.739;7.000;6.734;7.000;6.782;6.599;6.094;6.108;7.000;6.643;6.693;6.662;5.825;6.662;6.664;6.660;6.660;6.679;5.758;6.699;6.712;6.705;6.690;6.216;6.688;6.419;6.691;6.593;6.581;6.503;6.456;6.358;6.402;5.654;6.385;5.951;6.389;6.663;6.362;5.644;6.351;6.319;6.258;6.207;5.577;5.585;6.299;5.688;6.318;6.312;6.299;6.705;6.620;6.227;5.799;5.925;5.688;5.773;5.841;5.751;5.788;5.634;6.369;5.970;6.215;5.757;5.713;5.720;6.198;5.775;6.317;5.674;6.154;6.126;6.002;5.781;6.104;6.171;5.865;6.671;7.000;7.000;7.000;7.000;7.000;7.000;7.000;5.866;7.000;7.000;6.194;5.940;6.044;6.628;7.000;6.313;5.831;6.472;6.442;5.639;6.119;5.700;6.060;7.000;6.486;6.117;7.000;5.759;7.000;7.000;7.000;7.000;7.000;6.995;6.950;6.950;6.950;6.950;6.053;6.950;6.950;5.604;5.798;5.751;5.951;5.814;5.994
2020-04-13 00:00;11.145;11.142;10.517;11.143;10.814;10.806;9.947;11.145;9.830;11.146;9.637;11.147;8.587;11.148;8.900;11.146;11.146;8.609;11.148;11.152;8.396;11.153;9.343;9.068;9.356;11.154;9.765;11.150;11.150;8.826;11.153;8.814;11.153;8.511;11.152;8.581;11.154;11.156;11.156;11.197;11.197;11.198;11.199;11.200;11.200;11.200;11.199;11.200;11.200;11.200;12.113;12.632;12.597;14.000;12.592;14.000;12.584;12.579;12.565;14.000;12.559;12.552;14.000;12.542;12.459;14.000;12.424;12.387;13.988;12.331;13.992;12.303;13.365;13.400;13.051;10.662;12.417;14.000;11.742;12.143;12.160;11.097;12.169;12.232;12.302;12.314;12.417;10.107;12.491;12.537;12.537;12.453;12.588;12.448;11.457;12.487;11.866;11.778;11.750;11.787;11.801;11.976;11.173;11.990;10.958;12.016;12.333;12.022;12.096;12.009;12.283;12.390;11.952;11.510;11.747;12.001;11.165;12.034;12.089;12.142;13.109;12.963;13.025;12.637;13.147;10.901;10.338;10.769;11.345;10.547;9.963;11.449;11.094;11.216;10.676;10.797;9.708;11.178;9.947;11.769;11.782;11.026;10.834;10.472;10.241;10.665;11.836;11.240;12.646;13.982;14.000;13.820;14.000;13.824;13.584;14.000;11.130;13.877;14.000;11.199;10.509;11.362;12.169;13.446;11.490;10.911;11.429;11.514;10.051;12.353;10.605;10.910;14.000;13.735;13.659;14.000;11.639;14.000;14.000;14.000;14.000;14.000;13.745;11.200;11.200;11.200;11.200;9.663;11.200;9.779;9.102;9.489;10.152;10.723;8.883;10.051
2020-04-14 00:00;5.929;5.902;4.250;5.902;4.250;4.250;4.250;5.907;4.250;5.888;4.250;5.885;4.250;5.882;4.250;5.879;5.879;4.250;5.872;5.864;4.250;5.857;4.250;4.250;4.250;5.854;4.250;5.852;5.851;4.250;5.839;4.250;5.830;4.250;5.827;4.250;5.823;5.825;5.810;5.833;5.822;5.874;5.870;4.282;6.104;6.122;4.253;6.191;6.181;6.186;6.174;6.149;6.175;5.250;6.162;5.250;6.153;6.146;6.127;5.250;6.128;6.115;5.250;6.113;6.155;5.250;6.150;6.128;5.250;6.131;5.250;6.143;5.260;5.269;5.265;5.250;5.250;5.250;5.250;6.172;6.060;5.250;6.045;5.985;5.942;5.946;5.876;5.250;5.855;5.856;5.821;5.869;5.250;5.876;5.250;5.883;5.696;5.720;5.613;5.526;5.435;5.414;5.250;5.379;5.250;5.380;5.250;5.363;5.250;5.355;5.250;5.250;5.250;5.250;5.250;5.331;5.250;5.326;5.306;5.287;5.258;5.250;5.250;5.250;5.250;5.250;5.250;5.250;5.250;5.250;5.250;5.250;5.250;5.250;5.250;5.250;5.250;5.250;5.250;5.250;5.250;5.250;5.250;5.250;5.250;5.250;5.250;5.250;5.250;6.377;6.482;6.080;6.119;5.325;5.250;5.250;5.250;5.294;5.250;5.250;5.250;5.250;5.250;5.250;5.250;5.250;5.250;5.250;5.250;5.250;5.250;5.250;5.250;5.264;5.265;5.264;5.250;5.250;5.250;5.250;5.250;5.250;5.160;4.314;4.255;4.250;4.250;4.250;4.278;4.250;4.250;4.250;4.250;4.250;4.250;4.250
2020-04-15 00:00;4.089;4.061;2.682;4.061;2.579;2.570;2.988;4.062;2.992;4.043;2.833;4.041;2.980;4.037;2.926;4.033;4.033;2.980;4.027;4.020;2.909;4.013;3.006;3.003;2.999;4.010;2.769;4.007;4.006;2.824;3.993;2.902;3.984;2.993;3.981;2.957;3.978;3.979;3.966;3.988;3.978;4.034;4.030;2.064;4.333;4.343;1.988;4.407;4.395;4.391;4.371;4.346;4.373;3.072;4.362;3.118;4.354;4.348;4.331;3.186;4.330;4.319;3.087;4.316;4.353;3.091;4.346;4.325;3.073;4.329;3.047;4.337;3.565;3.535;3.505;3.476;3.392;3.479;3.440;4.346;4.266;3.490;4.257;4.219;4.196;4.201;4.164;3.461;4.162;4.168;4.147;4.177;3.320;4.181;3.596;4.196;3.929;3.949;3.839;3.750;3.645;3.619;3.341;3.576;3.412;3.574;3.255;3.553;3.399;3.544;3.333;3.302;3.335;3.276;3.216;3.506;3.308;3.506;3.481;3.450;3.343;3.239;3.302;3.258;3.127;3.382;3.437;3.382;3.269;3.372;3.444;3.575;3.420;3.483;3.407;3.418;3.476;3.556;3.498;3.537;3.400;3.510;3.495;3.478;3.432;3.494;3.461;3.470;3.575;5.018;5.065;4.826;4.917;3.285;4.389;5.144;3.428;3.102;3.000;3.533;3.465;3.434;3.464;3.483;3.675;3.504;3.665;3.678;3.474;3.390;3.413;3.539;3.069;3.213;3.193;3.144;3.306;3.112;3.223;3.229;3.150;3.070;3.202;2.409;2.058;2.021;2.231;2.787;2.154;2.808;2.719;2.927;2.754;2.633;2.927;2.854
2020-04-16 00:00;3.424;3.412;2.120;3.413;2.076;2.062;2.237;3.415;2.311;3.408;2.267;3.408;2.306;3.407;2.349;3.407;3.407;2.304;3.405;3.405;2.253;3.403;2.349;2.327;2.362;3.402;2.247;3.401;3.401;2.224;3.398;2.258;3.396;2.341;3.395;2.303;3.395;3.399;3.395;3.428;3.424;3.437;3.436;1.048;3.558;3.557;0.900;3.566;3.559;3.551;3.539;3.523;3.528;1.250;3.520;1.250;3.514;3.509;3.497;1.250;3.496;3.488;3.443;3.485;3.485;1.250;3.473;3.453;2.047;3.443;1.848;3.443;2.976;2.932;2.888;2.768;2.667;2.956;2.836;3.424;3.371;2.689;3.367;3.347;3.340;3.346;3.332;2.663;3.340;3.352;3.337;3.336;2.749;3.334;2.849;3.337;3.128;3.141;3.072;3.022;2.959;2.961;2.645;2.938;2.707;2.940;2.728;2.931;2.627;2.924;2.780;2.768;2.738;2.628;2.605;2.896;2.665;2.904;2.894;2.881;3.005;2.962;2.842;2.715;2.715;2.642;2.672;2.704;2.673;2.686;2.667;2.875;2.713;2.826;2.693;2.674;2.686;2.796;2.703;2.791;2.645;2.743;2.732;2.713;2.673;2.701;2.707;2.693;2.908;3.938;3.946;3.692;3.694;1.562;2.212;1.941;2.691;1.415;1.250;2.769;2.721;2.700;2.841;3.005;2.853;2.733;2.845;2.884;2.659;2.719;2.664;2.730;3.702;2.555;2.495;2.365;2.515;1.250;1.250;1.250;1.250;1.929;1.186;3.003;2.409;2.448;0.550;2.269;1.694;2.472;2.162;2.255;1.976;1.952;2.289;2.202
2020-04-17 00:00;2.684;2.637;2.821;2.636;2.932;2.906;2.965;2.629;3.251;2.596;3.053;2.590;3.091;2.584;3.133;2.571;2.570;3.075;2.557;2.539;2.928;2.527;3.213;3.150;3.224;2.521;3.007;2.512;2.508;2.873;2.483;2.944;2.466;3.121;2.457;3.051;2.449;2.447;2.419;2.403;2.383;2.341;2.332;2.863;2.290;2.264;1.800;2.235;2.202;2.166;2.110;3.998;3.998;2.750;3.992;2.750;3.986;3.982;3.972;2.750;3.971;3.964;2.750;3.961;3.954;2.750;3.943;3.926;2.750;3.915;2.750;3.913;3.988;3.825;3.926;3.679;3.631;2.750;3.874;3.872;3.819;3.536;3.811;3.782;3.741;3.737;3.696;3.502;3.683;3.668;3.644;3.657;3.596;3.651;3.763;3.625;3.944;3.949;3.898;3.863;3.799;3.810;3.447;3.792;3.603;3.793;3.811;3.777;3.409;3.769;3.703;3.666;3.649;3.372;3.380;3.738;3.446;3.746;3.734;3.718;3.850;3.793;3.628;3.432;3.437;3.452;3.510;3.535;3.467;3.506;3.460;3.810;3.582;3.726;3.527;3.486;3.507;3.700;3.536;3.721;3.462;3.641;3.623;3.578;3.498;3.582;3.600;3.542;3.830;2.859;2.750;2.969;2.750;2.934;3.117;2.750;3.539;2.863;2.750;3.689;3.581;3.572;3.804;2.750;3.787;3.557;3.806;3.810;3.446;3.649;3.467;3.655;2.750;3.607;3.445;2.750;3.452;2.750;2.750;2.750;2.750;2.750;2.664;1.800;1.800;1.800;1.800;3.040;1.800;3.382;2.873;3.003;2.789;2.848;3.005;3.008
2020-04-18 00:00;3.600;3.548;3.912;3.547;3.552;3.500;3.964;3.541;3.500;3.506;3.500;3.500;3.500;3.998;3.500;3.985;3.985;3.500;3.977;3.964;3.826;3.956;3.552;3.500;3.500;3.952;3.500;3.942;3.939;3.759;3.921;3.854;3.909;3.500;3.901;3.500;3.896;3.896;3.875;3.875;3.861;3.831;3.826;3.500;3.806;3.789;3.500;3.771;3.749;3.727;3.692;3.655;3.652;3.500;3.636;3.500;3.622;3.611;3.583;3.500;3.581;3.563;3.500;3.556;3.528;3.500;3.500;3.968;3.500;3.942;3.500;3.937;3.967;3.927;3.897;3.500;3.500;3.500;3.500;3.857;3.730;3.942;3.705;3.606;3.507;3.500;3.956;3.908;3.926;3.928;3.889;3.880;3.500;3.871;3.500;3.847;3.918;3.934;3.693;3.500;3.933;3.879;3.845;3.792;3.500;3.785;3.500;3.740;3.813;3.726;3.587;3.500;3.500;3.798;3.790;3.622;3.872;3.585;3.500;3.989;3.842;3.500;3.500;3.923;3.945;3.880;3.914;3.950;3.876;3.916;3.856;3.717;3.500;3.500;3.922;3.883;3.906;3.822;3.944;3.500;3.861;3.981;3.922;3.918;3.902;3.500;3.500;3.952;3.500;3.609;3.500;3.696;3.500;3.666;3.794;3.500;3.955;3.602;3.500;3.500;3.500;3.500;3.500;3.500;3.500;3.975;3.500;3.500;3.841;3.500;3.864;3.500;3.500;3.500;3.914;3.500;3.870;3.500;3.500;3.500;3.500;3.500;3.500;3.500;3.500;3.500;3.500;3.500;3.500;3.500;3.813;3.968;3.895;3.995;3.946;3.500
2020-04-19 00:00;6.950;6.950;5.918;6.950;6.459;6.400;5.906;6.950;6.603;6.950;6.164;6.950;6.065;6.950;6.184;6.950;6.950;6.001;6.950;6.950;5.603;6.950;6.438;6.242;6.477;6.950;5.968;6.948;6.947;5.521;6.939;5.662;6.932;6.123;6.925;5.942;6.923;6.926;6.914;6.950;6.950;6.950;6.950;6.950;6.950;6.950;6.950;6.950;6.950;6.950;7.292;7.554;7.552;8.000;7.547;8.000;7.542;7.539;7.531;8.000;7.530;7.525;8.000;7.523;7.517;8.000;7.510;7.499;8.000;7.488;8.000;7.482;8.000;7.762;7.529;6.829;6.863;8.000;7.485;7.436;7.417;6.485;7.420;7.438;7.448;7.449;7.486;6.335;7.514;7.527;7.522;7.500;6.909;7.500;7.084;7.512;7.366;7.358;7.293;7.266;7.192;7.252;6.459;7.242;6.752;7.249;7.353;7.232;6.627;7.220;7.242;7.295;6.989;6.356;6.555;7.179;6.469;7.201;7.207;7.203;7.711;7.598;7.442;7.066;7.406;6.479;6.498;6.525;6.444;6.443;6.290;7.149;6.695;6.958;6.506;6.424;6.292;6.936;6.443;7.070;6.626;6.797;6.751;6.609;6.396;6.678;6.852;6.569;7.361;8.000;8.000;8.000;8.000;7.997;7.902;8.000;6.578;7.992;8.000;6.941;6.627;6.695;7.266;7.964;7.115;6.558;7.235;7.210;6.197;7.016;6.285;6.814;8.000;7.202;6.759;8.000;6.341;8.000;8.000;8.000;8.000;8.000;7.905;6.950;6.950;6.950;6.950;6.057;6.950;6.950;5.635;5.885;5.973;6.119;5.820;6.052
2020-04-20 00:00;3.749;3.728;1.797;3.730;1.579;1.586;2.064;3.736;1.983;3.721;2.101;3.720;2.342;3.717;2.284;3.717;3.718;2.328;3.713;3.708;2.432;3.702;2.132;2.207;2.126;3.701;2.139;3.702;3.701;2.340;3.693;2.345;3.687;2.362;3.685;2.387;3.683;3.689;3.679;3.718;3.709;3.707;3.704;1.000;3.710;3.698;1.000;3.687;3.670;3.655;3.630;3.601;3.602;1.250;3.590;1.250;3.581;3.574;3.554;1.250;3.553;3.541;1.250;3.536;3.533;1.250;3.513;3.480;1.250;3.458;1.250;3.458;1.913;1.999;2.189;2.475;2.101;1.250;2.021;3.443;3.333;2.366;3.320;3.255;3.211;3.218;3.149;2.534;3.130;3.140;3.105;3.159;1.977;3.160;2.423;3.151;2.976;3.021;2.870;2.746;2.600;2.547;2.326;2.483;2.351;2.475;2.048;2.447;2.272;2.436;2.054;1.948;2.167;2.191;2.292;2.375;2.345;2.363;2.318;2.268;1.948;1.894;1.688;1.687;1.610;2.323;2.461;2.468;2.426;2.483;2.534;2.536;2.367;2.511;2.402;2.447;2.574;2.447;2.549;2.325;2.174;2.392;2.406;2.449;2.471;2.414;2.241;2.361;2.278;3.501;3.545;3.339;3.288;2.323;1.529;1.250;2.393;2.376;2.300;2.401;2.481;2.370;2.338;1.689;2.430;2.444;2.348;2.477;2.557;2.116;2.453;2.323;1.250;1.934;2.070;1.250;2.306;1.250;1.250;1.250;1.250;1.250;1.227;1.000;1.000;1.000;1.000;2.125;1.064;1.889;2.269;2.203;1.720;1.606;2.339;2.012
2020-04-21 00:00;3.933;3.893;3.771;3.893;3.876;3.847;3.931;3.888;3.500;3.860;3.500;3.856;3.500;3.851;3.500;3.839;3.839;3.500;3.829;3.815;3.838;3.805;3.570;3.500;3.500;3.801;3.965;3.791;3.788;3.728;3.768;3.852;3.754;3.500;3.747;3.500;3.741;3.740;3.718;3.714;3.699;3.666;3.660;3.500;3.640;3.620;3.640;3.596;3.569;3.539;3.493;3.446;3.442;3.628;3.428;3.772;3.416;3.406;3.383;3.876;3.380;3.365;3.528;3.358;3.318;3.739;3.292;3.250;3.581;3.986;3.509;3.984;3.804;3.761;3.803;3.250;3.998;3.250;3.250;3.938;3.849;3.796;3.833;3.772;3.729;3.731;3.649;3.788;3.616;3.614;3.579;3.544;3.542;3.534;3.250;3.506;3.519;3.529;3.250;3.956;3.940;3.922;3.602;3.882;3.738;3.877;3.703;3.851;3.512;3.842;3.643;3.619;3.591;3.404;3.379;3.793;3.512;3.797;3.766;3.736;3.711;3.647;3.590;3.474;3.390;3.573;3.696;3.709;3.468;3.688;3.697;3.250;3.852;3.979;3.678;3.651;3.779;3.657;3.820;3.250;3.618;3.938;3.921;3.871;3.755;3.856;3.799;3.762;3.250;3.362;3.250;3.470;3.250;3.432;3.565;3.250;3.764;3.363;3.250;3.978;3.863;3.790;3.956;3.779;3.250;3.806;3.250;3.250;3.712;3.886;3.696;3.250;3.682;3.879;3.809;3.838;3.651;3.681;3.746;3.250;3.825;3.658;3.273;3.500;3.741;3.686;3.500;3.500;3.500;3.500;3.765;3.984;3.797;3.764;3.963;3.954
2020-04-22 00:00;1.965;1.961;1.283;1.961;0.983;0.994;1.655;1.963;1.519;1.960;1.557;1.960;1.742;1.959;1.729;1.961;1.961;1.759;1.960;1.959;1.896;1.958;1.624;1.703;1.611;1.957;1.659;1.960;1.960;1.858;1.958;1.849;1.957;1.779;1.957;1.809;1.957;1.959;1.957;1.965;1.964;2.003;2.003;0.111;2.123;2.132;0.063;2.162;2.164;2.172;2.177;2.178;2.194;0.113;2.189;0.119;2.186;2.183;2.176;0.181;2.176;2.171;0.251;2.170;2.197;0.139;2.195;2.186;0.262;2.190;0.225;2.194;1.550;1.529;1.617;1.924;1.514;1.141;1.672;2.194;2.137;1.762;2.130;2.095;2.064;2.064;2.025;1.878;2.011;2.008;1.994;2.034;1.074;2.041;1.869;2.035;1.913;1.922;1.819;1.740;1.612;1.543;1.588;1.480;1.392;1.472;1.093;1.442;1.667;1.434;1.015;0.946;1.083;0.969;0.929;1.385;0.933;1.405;1.358;1.316;1.118;1.108;0.987;0.993;0.734;1.393;1.779;1.678;1.226;1.730;1.859;1.781;1.791;1.728;1.446;1.632;1.885;1.828;1.876;1.770;1.584;1.830;1.840;1.864;1.873;1.849;1.742;1.804;1.735;2.307;2.340;2.283;2.299;2.019;0.888;0.531;1.802;2.155;2.155;1.651;1.850;1.804;1.634;1.076;1.852;1.745;1.884;1.880;1.929;1.438;1.799;1.856;0.280;0.714;0.723;0.216;1.588;0.108;0.120;0.158;0.000;0.133;0.235;0.000;0.000;0.000;0.000;1.632;0.248;1.447;1.622;1.665;1.180;1.143;1.738;1.548
2020-04-23 00:00;3.766;3.770;2.578;3.770;2.707;2.660;2.785;3.773;3.198;3.776;2.913;3.777;2.948;3.778;2.995;3.776;3.776;2.895;3.777;3.781;2.661;3.782;3.135;3.020;3.167;3.783;2.783;3.780;3.780;2.568;3.784;2.675;3.786;2.970;3.785;2.854;3.786;3.790;3.792;3.827;3.827;3.837;3.838;2.598;3.863;3.866;2.078;3.873;3.873;3.874;3.876;3.871;3.873;2.500;3.867;2.500;3.862;3.858;3.848;2.500;3.847;3.841;2.500;3.838;3.832;2.500;3.822;3.807;2.500;3.797;2.500;3.794;2.902;2.643;2.500;3.745;3.710;2.500;2.500;3.794;3.746;3.478;3.739;3.715;3.669;3.661;3.627;3.422;3.616;3.599;3.580;3.554;3.562;3.548;3.807;3.519;3.904;3.904;3.844;3.807;3.729;3.740;3.303;3.724;3.549;3.724;3.775;3.704;3.234;3.696;3.568;3.528;3.485;3.087;3.078;3.669;3.124;3.691;3.679;3.665;3.909;3.832;3.611;3.415;3.282;3.325;3.410;3.440;3.330;3.402;3.350;3.809;3.535;3.684;3.411;3.383;3.426;3.703;3.476;3.728;3.317;3.632;3.609;3.543;3.422;3.547;3.552;3.467;3.834;2.635;2.500;2.760;2.500;2.738;2.991;2.500;3.450;2.643;2.500;3.710;3.526;3.503;3.802;3.999;3.831;3.478;3.940;3.942;3.346;3.689;3.371;3.721;2.500;3.467;3.228;2.500;3.352;2.500;2.500;2.500;2.500;2.500;2.382;1.200;3.954;1.200;1.200;2.826;3.204;3.468;2.546;2.781;2.410;2.495;2.773;2.776
2020-04-24 00:00;3.970;3.905;3.700;3.904;3.770;3.700;3.700;3.897;3.700;3.852;3.700;3.845;3.700;3.836;3.700;3.817;3.816;3.700;3.800;3.778;3.966;3.762;3.773;3.700;3.700;3.754;3.700;3.739;3.734;3.864;3.700;3.700;3.990;3.700;3.979;3.700;3.971;3.971;3.939;3.935;3.913;3.862;3.852;3.700;3.817;3.788;3.700;3.754;3.716;3.675;3.610;3.541;3.538;3.500;3.517;3.500;3.500;4.000;3.973;3.500;3.971;3.953;3.500;3.946;3.923;3.500;3.896;3.852;3.500;3.818;3.500;3.812;3.897;3.646;3.500;3.500;3.500;3.500;3.500;3.706;3.534;3.988;3.500;3.967;3.897;3.896;3.798;3.951;3.751;3.740;3.685;3.663;3.500;3.649;3.500;3.602;3.518;3.500;3.930;3.752;3.500;3.973;3.858;3.883;3.500;3.876;3.500;3.832;3.817;3.817;3.597;3.500;3.500;3.794;3.779;3.712;3.866;3.678;3.591;3.500;3.896;3.500;3.500;3.973;3.970;3.907;3.942;3.980;3.891;3.939;3.876;3.735;3.500;3.500;3.950;3.910;3.941;3.500;3.997;3.881;3.877;3.500;3.972;3.966;3.936;3.500;3.500;3.992;3.500;3.629;3.500;3.731;3.500;3.698;3.847;3.500;3.985;3.620;3.500;3.500;3.500;3.500;3.500;3.500;3.500;3.500;3.500;3.500;3.865;3.500;3.898;3.500;3.500;3.500;3.955;3.500;3.906;3.500;3.500;3.500;3.500;3.500;3.518;3.700;3.700;3.700;3.700;3.700;3.700;3.700;3.942;3.700;3.700;3.700;3.700;3.700
2020-04-25 00:00;6.484;6.442;5.677;6.442;6.339;6.246;5.851;6.438;6.550;6.409;6.147;6.405;6.014;6.400;6.098;6.383;6.383;5.903;6.373;6.360;5.417;6.351;6.399;6.178;6.431;6.346;5.785;6.331;6.328;5.283;6.309;5.485;6.295;6.044;6.284;5.819;6.278;6.280;6.255;6.276;6.259;6.220;6.213;6.550;6.184;6.164;6.550;6.140;6.114;6.087;6.043;6.000;6.000;6.000;6.000;6.000;6.000;6.000;6.000;6.000;6.000;6.000;6.000;6.000;6.000;6.000;6.000;6.000;6.000;6.000;6.000;6.000;6.000;6.000;6.000;5.735;5.724;6.000;6.000;6.000;6.000;5.343;6.000;6.000;6.000;6.000;6.000;5.284;6.000;6.000;6.000;6.000;5.740;5.993;5.942;5.976;6.000;6.000;6.000;5.994;5.877;5.905;5.154;5.875;5.506;5.876;5.974;5.842;5.110;5.828;5.772;5.720;5.648;5.085;5.069;5.767;5.203;5.780;5.763;5.739;6.000;6.000;5.745;5.302;5.342;5.218;5.279;5.332;5.210;5.276;5.165;5.894;5.483;5.722;5.273;5.232;5.260;5.745;5.345;5.805;5.181;5.639;5.600;5.484;5.277;5.549;5.599;5.358;6.000;6.000;6.000;6.000;6.000;6.000;6.000;6.000;5.340;6.000;6.000;5.767;5.472;5.498;6.000;6.000;5.960;5.397;6.000;6.000;5.157;5.743;5.216;5.751;6.000;5.971;5.548;6.000;5.249;6.000;6.000;6.000;6.000;6.000;6.050;6.550;6.550;6.550;6.550;5.900;6.550;6.550;5.393;5.800;5.521;5.804;5.698;5.878
2020-04-26 00:00;7.350;7.350;6.054;7.350;6.574;6.500;6.204;7.350;6.647;7.350;6.418;7.350;6.331;7.350;6.374;7.350;7.350;6.238;7.350;7.350;5.815;7.350;6.583;6.433;6.582;7.350;6.134;7.350;7.350;5.678;7.350;5.874;7.341;6.355;7.330;6.168;7.324;7.328;7.300;7.337;7.318;7.273;7.265;7.350;7.233;7.209;7.350;7.180;7.147;7.113;7.057;7.000;7.000;7.000;7.000;7.000;7.000;7.000;7.000;7.000;7.000;7.000;7.000;7.000;7.000;7.000;7.000;7.000;7.000;7.000;7.000;7.000;7.000;6.938;6.760;6.210;6.122;7.000;6.677;7.000;7.000;5.857;7.000;7.000;7.000;7.000;6.990;5.815;6.993;7.000;6.979;6.958;6.221;6.949;6.438;6.936;6.956;6.960;6.806;6.709;6.558;6.586;5.664;6.542;5.987;6.543;6.423;6.510;5.622;6.493;6.228;6.160;6.128;5.585;5.574;6.425;5.712;6.442;6.424;6.399;6.723;6.549;6.245;5.817;5.853;5.745;5.809;5.881;5.736;5.820;5.680;6.466;5.972;6.289;5.778;5.754;5.781;6.289;5.885;6.336;5.683;6.165;6.125;6.013;5.806;6.064;6.092;5.885;6.680;7.000;7.000;7.000;7.000;7.000;6.993;7.000;5.873;7.000;7.000;6.270;6.000;6.032;6.587;7.000;6.455;5.913;6.582;6.625;5.674;6.191;5.736;6.177;7.000;6.529;6.157;7.000;5.767;7.000;7.000;7.000;7.000;7.000;7.032;7.350;7.350;7.350;7.350;6.218;7.350;6.945;5.795;6.197;5.899;6.139;6.079;6.209
2020-04-27 00:00;8.300;8.300;6.630;8.300;7.229;7.138;6.794;8.300;7.386;8.300;7.027;8.300;6.934;8.300;6.994;8.300;8.300;6.826;8.300;8.300;6.311;8.300;7.269;7.071;7.278;8.300;6.687;8.300;8.300;6.149;8.300;6.383;8.287;6.966;8.277;6.734;8.271;8.278;8.251;8.300;8.300;8.300;8.300;8.300;8.300;8.300;8.300;8.300;8.300;8.300;8.365;8.500;8.500;8.500;8.500;8.500;8.500;8.500;8.483;8.500;8.481;8.467;8.500;8.462;8.446;8.500;8.425;8.391;7.816;8.365;8.255;8.359;8.198;7.970;7.703;7.071;7.040;8.459;7.668;8.295;8.200;6.670;8.193;8.161;8.125;8.126;8.110;6.623;8.120;8.135;8.104;8.080;7.171;8.072;7.379;8.065;7.927;7.930;7.751;7.644;7.476;7.513;6.436;7.467;6.847;7.468;7.417;7.426;6.403;7.408;7.137;7.048;7.034;6.347;6.339;7.329;6.492;7.351;7.332;7.305;7.684;7.495;7.130;6.613;6.673;6.533;6.623;6.711;6.541;6.642;6.451;7.371;6.819;7.174;6.564;6.560;6.574;7.195;6.711;7.248;6.457;7.058;7.010;6.873;6.623;6.995;7.023;6.712;7.645;8.500;8.500;8.500;8.500;8.500;8.365;8.500;6.689;8.500;8.500;7.195;6.851;6.929;7.592;8.232;7.399;6.728;7.579;7.600;6.453;7.072;6.536;7.093;8.500;7.609;7.136;8.500;6.581;8.500;8.500;8.500;8.500;8.500;8.482;8.300;8.300;8.300;8.300;6.793;8.300;7.627;6.283;6.823;6.392;6.701;6.628;6.783
2020-04-28 00:00;8.189;8.124;8.000;8.124;8.000;8.000;8.000;8.116;8.000;8.073;8.000;8.065;8.000;8.057;8.000;8.040;8.039;8.000;8.023;8.000;8.000;8.297;8.000;8.000;8.000;8.291;8.000;8.278;8.273;8.000;8.245;8.000;8.225;8.000;8.214;8.000;8.206;8.206;8.175;8.176;8.154;8.106;8.096;8.182;8.061;8.034;8.000;8.000;8.282;8.248;8.193;8.141;8.139;8.056;8.128;8.439;8.118;8.110;8.091;8.338;8.089;8.077;7.000;8.071;8.057;8.266;8.037;8.005;7.000;7.982;7.000;7.978;7.409;7.352;7.308;7.000;7.000;7.000;7.000;7.935;7.852;7.000;7.841;7.820;7.798;7.803;7.787;7.000;7.784;7.805;7.782;7.780;7.000;7.773;7.000;7.776;7.546;7.568;7.445;7.369;7.267;7.245;7.000;7.184;7.000;7.184;7.000;7.181;7.000;7.167;7.029;7.000;7.000;7.000;7.000;7.141;7.000;7.127;7.085;7.073;7.144;7.000;7.000;7.000;7.000;7.000;7.000;7.000;7.000;7.000;7.000;7.121;7.000;7.000;7.000;7.000;7.000;7.025;7.000;7.117;7.000;7.037;7.000;6.999;7.000;7.000;7.000;7.000;7.000;8.462;8.439;7.174;7.000;7.094;7.000;7.000;7.000;7.062;7.000;7.000;7.000;7.000;7.000;7.000;7.000;7.000;7.000;7.276;7.000;7.000;7.000;7.000;7.000;7.259;7.000;8.377;7.000;7.000;7.000;7.000;7.000;7.183;7.091;8.000;8.000;8.000;8.000;8.000;8.000;8.000;8.000;8.000;8.000;8.000;8.000;8.000
2020-04-29 00:00;9.150;9.150;9.150;9.150;9.150;9.150;9.150;9.150;9.150;9.150;9.150;9.150;9.150;9.150;9.150;9.150;9.150;9.150;9.150;9.150;9.150;9.150;9.150;9.150;9.150;9.150;9.150;9.150;9.150;9.150;9.150;9.150;9.150;9.150;9.150;9.150;9.150;9.150;9.150;9.150;9.150;9.150;9.150;9.150;9.150;9.150;8.761;9.150;9.150;9.150;9.346;9.452;9.450;9.750;9.437;9.750;9.425;9.417;9.395;9.750;9.393;9.379;9.750;9.373;9.356;9.750;9.334;9.299;8.780;9.273;9.448;9.266;9.127;8.814;8.466;7.757;7.754;9.608;8.627;9.200;9.107;7.286;9.103;9.074;9.046;9.049;9.047;7.267;9.066;9.089;9.061;9.032;7.947;9.025;8.187;9.023;8.756;8.753;8.565;8.459;8.300;8.357;7.054;8.315;7.568;8.316;8.309;8.268;7.037;8.248;8.425;7.747;9.265;9.750;9.750;8.128;7.111;8.157;8.143;8.115;8.542;8.364;7.839;7.241;7.316;7.188;7.291;7.403;7.196;7.333;7.073;8.098;7.491;7.901;7.173;7.233;7.205;7.938;7.410;7.962;7.065;7.758;7.703;7.551;7.283;7.786;7.818;7.368;8.553;9.750;9.750;9.750;9.750;9.748;9.587;9.750;7.336;9.750;9.750;8.023;7.556;7.692;8.558;9.479;8.195;7.376;8.398;8.378;7.077;7.748;7.171;7.769;9.750;8.508;7.948;9.750;7.223;9.750;9.750;9.750;9.750;9.750;9.695;9.150;9.150;9.150;9.150;9.150;9.150;8.131;9.150;9.150;9.150;9.150;9.150;9.150
2020-04-30 00:00;11.050;11.050;9.654;11.050;10.242;10.200;9.393;11.050;9.471;11.050;11.050;11.050;11.050;11.050;11.050;11.050;11.050;11.050;11.050;11.050;11.050;11.050;11.050;11.050;11.050;11.050;11.050;11.050;11.050;11.050;11.050;11.050;11.050;11.050;11.050;11.050;11.044;11.050;11.050;11.050;11.050;11.018;11.011;11.050;10.984;10.965;10.936;10.940;10.912;10.882;10.834;10.781;10.778;11.000;10.762;11.000;10.748;10.738;10.711;11.000;10.709;10.692;11.000;10.685;10.662;11.000;10.636;10.593;10.422;10.559;10.385;10.552;10.232;10.015;9.690;8.720;9.004;10.550;9.497;10.473;10.354;8.318;10.348;10.308;10.271;10.275;10.265;8.085;10.285;10.313;10.274;10.252;8.873;10.243;9.199;10.237;9.967;9.961;9.727;9.601;9.413;9.498;8.003;9.437;8.553;9.435;9.417;9.373;8.301;9.348;9.503;8.845;10.340;11.000;11.000;9.197;7.856;9.237;9.215;9.181;9.641;9.417;8.801;8.016;8.214;8.011;8.155;8.361;8.014;8.263;7.794;9.142;8.433;8.917;7.979;8.101;7.952;9.018;8.288;9.109;8.270;8.732;8.637;8.426;8.089;8.797;9.008;8.352;9.754;11.000;11.000;11.000;11.000;10.999;10.796;11.000;8.293;11.000;11.000;9.015;8.463;8.734;9.794;10.061;9.235;8.399;9.462;9.457;7.869;8.827;8.089;8.761;11.000;9.963;9.382;11.000;8.389;11.000;11.000;11.000;11.000;11.000;11.005;11.050;11.050;11.050;11.050;11.050;11.050;10.149;11.050;11.050;9.340;9.896;11.050;11.050
2020-05-01 00:00;13.050;13.050;12.026;13.050;12.589;12.573;11.589;13.050;11.604;13.050;11.251;13.050;13.050;13.045;13.050;13.033;13.033;13.050;13.023;13.010;13.050;13.000;13.050;13.050;13.050;12.996;11.095;12.985;12.983;13.050;12.962;13.050;12.948;13.050;12.938;13.050;12.932;12.933;12.913;12.907;12.892;12.859;12.852;13.050;12.826;12.808;12.845;12.785;12.760;12.732;12.687;12.637;12.634;13.000;12.620;13.000;12.608;12.599;12.575;13.000;12.573;12.558;13.000;12.551;12.532;13.000;12.509;12.471;12.825;12.441;12.751;12.433;12.276;12.139;11.719;10.358;11.426;13.000;11.325;12.358;12.258;10.873;12.251;12.226;12.209;12.213;12.214;9.702;12.246;12.265;12.224;12.207;10.545;12.204;11.001;12.206;11.920;11.872;11.681;11.603;11.512;11.670;10.635;11.615;10.159;11.629;11.448;11.595;11.514;11.572;11.600;11.342;11.800;13.000;11.126;11.502;9.936;11.556;11.593;11.624;12.225;11.970;11.944;11.580;11.813;10.239;9.816;10.154;9.746;9.983;9.235;10.982;10.346;10.731;10.121;9.634;9.069;10.934;9.662;11.290;11.376;10.437;10.176;9.752;9.344;10.375;11.429;10.793;12.183;13.000;13.000;13.000;13.000;12.959;12.637;13.000;10.541;12.982;13.000;10.689;10.026;10.876;11.712;12.046;11.528;10.802;11.513;11.374;9.645;11.269;10.249;10.833;12.962;12.174;11.822;13.000;10.968;13.000;13.000;13.000;13.000;13.000;13.005;13.050;13.050;13.050;13.050;13.050;13.026;11.142;13.050;11.292;12.361;12.489;13.050;11.626
2020-05-02 00:00;11.496;11.491;10.050;11.492;10.050;10.050;10.050;11.497;10.050;11.496;10.050;11.496;10.050;11.496;10.050;11.501;11.501;10.050;11.501;11.501;10.050;11.500;10.050;10.050;10.050;11.500;10.050;11.502;11.502;10.050;11.501;10.050;11.499;10.050;11.500;10.050;11.500;11.505;11.505;11.545;11.543;11.558;11.558;10.050;11.575;11.575;10.050;11.577;11.572;11.570;11.564;11.548;11.547;11.000;11.537;11.000;11.528;11.522;11.504;11.000;11.503;11.492;11.000;11.487;11.474;11.000;11.456;11.428;11.000;11.407;11.000;11.404;11.106;11.048;11.000;11.000;11.000;11.000;11.000;11.358;11.302;11.000;11.290;11.301;11.296;11.295;11.301;11.000;11.294;11.300;11.297;11.290;11.000;11.283;11.000;11.290;11.034;11.027;11.000;11.008;11.000;11.000;11.000;11.000;11.000;11.000;11.000;11.006;11.000;11.000;11.000;11.000;11.000;11.000;11.000;11.018;11.000;11.008;11.000;11.000;11.000;11.000;11.000;11.000;11.000;11.000;11.000;10.912;11.000;11.000;11.000;11.000;11.000;11.000;11.000;11.000;11.000;11.000;11.000;11.000;11.000;10.738;10.750;10.713;11.000;11.000;11.000;11.000;11.000;12.234;12.298;12.144;12.309;12.019;11.000;11.000;11.000;12.174;12.307;11.000;11.000;11.000;11.000;11.000;11.000;11.000;11.000;11.000;11.000;11.000;11.000;11.000;11.000;11.081;11.032;11.000;11.000;11.000;11.000;11.000;11.000;11.000;10.914;10.050;10.050;10.050;10.050;10.050;10.050;10.050;10.050;10.050;10.050;10.050;10.050;10.050
2020-05-03 00:00;14.689;14.655;11.124;14.656;12.577;12.427;11.632;14.656;12.466;14.634;11.557;14.632;11.557;14.629;11.428;14.614;14.614;11.072;14.609;14.605;15.300;14.595;12.095;11.635;12.122;14.592;10.895;14.578;14.576;15.300;14.554;10.171;14.543;11.376;14.533;10.810;14.532;14.544;14.526;14.623;14.610;14.580;14.576;15.300;14.550;14.536;14.332;14.517;14.495;14.472;14.434;14.392;14.389;15.250;14.376;15.250;14.364;14.356;14.334;15.250;14.332;14.318;15.250;14.312;14.282;15.250;14.260;14.226;12.848;14.201;13.406;14.194;13.199;12.872;12.323;11.125;11.137;14.063;12.142;14.166;14.101;15.250;14.073;14.084;14.059;14.083;14.042;15.250;13.994;14.083;14.076;14.079;11.035;14.083;11.622;14.147;13.880;13.993;13.873;13.823;13.888;13.699;15.250;13.534;15.250;13.506;11.429;13.631;15.250;13.613;12.015;11.075;13.250;15.250;15.250;13.818;15.250;13.704;13.513;13.483;12.778;11.622;14.869;15.250;15.250;15.250;15.250;15.121;15.250;15.250;15.250;13.174;15.250;12.808;15.250;15.250;15.250;14.367;15.250;14.804;15.250;14.992;14.985;14.905;15.250;15.250;15.250;15.250;12.137;15.250;15.250;15.174;15.250;15.080;14.480;15.250;15.250;15.163;15.250;11.286;15.250;15.250;11.892;13.118;11.701;15.250;11.973;14.201;15.250;11.081;15.250;15.250;15.250;15.250;15.250;15.250;15.250;15.250;15.250;15.250;15.250;15.250;15.255;15.300;15.300;15.300;15.300;11.060;15.300;13.040;10.386;11.050;11.042;11.618;10.741;11.230
2020-05-04 00:00;9.721;9.690;8.250;9.690;8.250;8.250;8.250;9.689;8.250;9.669;8.250;9.667;8.250;9.663;8.250;9.669;9.669;8.250;9.662;9.654;8.250;9.646;8.250;8.250;8.250;9.643;8.250;9.648;9.646;8.250;9.632;8.250;9.621;8.250;9.622;8.250;9.619;9.624;9.610;9.638;9.627;9.610;9.605;8.250;9.596;9.581;8.250;9.560;9.535;9.509;9.466;9.419;9.418;8.500;9.404;8.500;9.394;9.385;9.362;8.500;9.360;9.346;8.500;9.340;9.321;8.500;9.297;9.257;8.500;9.227;8.500;9.227;8.500;8.500;8.500;8.500;8.500;8.500;8.500;9.165;9.043;8.500;9.022;8.969;8.910;8.908;8.837;8.500;8.806;8.799;8.758;8.735;8.500;8.719;8.500;8.684;8.785;8.793;8.685;8.636;8.548;8.530;8.500;8.500;8.500;8.500;8.500;8.506;8.500;8.500;8.500;8.500;8.500;8.500;8.500;8.517;8.500;8.511;8.500;8.500;8.500;8.500;8.500;8.500;8.500;8.500;8.500;8.500;8.500;8.500;8.500;8.500;8.500;8.500;8.500;8.500;8.500;8.500;8.500;8.500;8.500;8.500;8.500;8.500;8.500;8.500;8.500;8.500;8.500;8.678;8.677;8.574;8.500;8.515;8.500;8.500;8.500;8.500;8.500;8.500;8.500;8.500;8.500;8.500;8.500;8.500;8.500;8.500;8.500;8.500;8.500;8.500;8.500;8.500;8.500;8.500;8.500;8.500;8.500;8.500;8.500;8.500;8.477;8.250;8.250;8.250;8.250;8.250;8.250;8.250;8.250;8.250;8.250;8.250;8.250;8.250
2020-05-05 00:00;8.307;8.279;6.350;8.279;6.391;6.350;6.350;8.278;6.350;8.259;6.350;8.257;6.350;8.253;6.350;8.250;8.250;6.350;8.244;8.236;6.350;8.229;6.399;6.350;6.350;8.227;6.350;8.224;8.222;6.350;8.209;6.350;8.199;6.350;8.195;6.350;8.192;8.199;8.184;8.219;8.208;8.190;8.185;6.753;8.177;8.163;6.350;8.146;8.125;8.102;8.066;8.025;8.024;7.360;8.010;7.732;7.999;7.990;7.968;7.603;7.966;7.951;6.500;7.945;7.927;7.592;7.904;7.866;6.500;7.838;6.500;7.835;6.910;6.836;6.791;6.500;6.500;6.500;6.500;7.786;7.677;6.500;7.664;7.616;7.580;7.588;7.550;6.500;7.541;7.569;7.535;7.532;6.500;7.523;6.500;7.517;7.275;7.312;7.148;7.039;6.919;6.894;6.500;6.814;6.500;6.809;6.500;6.782;6.500;6.765;6.512;6.500;6.500;6.500;6.500;6.723;6.500;6.709;6.665;6.643;6.676;6.500;6.584;6.500;6.500;6.500;6.500;6.500;6.500;6.500;6.500;6.636;6.500;6.500;6.500;6.500;6.500;6.539;6.500;6.606;6.500;6.547;6.533;6.500;6.500;6.500;6.500;6.500;6.500;8.203;8.177;6.732;6.500;6.635;6.528;6.500;6.500;6.592;6.500;6.500;6.500;6.500;6.500;6.500;6.500;6.500;6.500;6.828;6.500;6.500;6.500;6.500;6.500;7.074;6.885;7.677;6.500;7.986;8.315;6.500;6.500;6.819;6.486;6.350;6.350;6.908;6.350;6.350;6.902;6.350;6.350;6.350;6.350;6.350;6.350;6.350
2020-05-06 00:00;8.120;8.055;6.398;8.055;7.100;7.100;6.804;8.048;7.100;8.003;6.867;7.997;6.835;7.988;7.046;7.971;7.970;6.799;7.954;7.933;7.100;7.917;7.100;7.100;7.100;7.910;6.415;7.895;7.890;7.100;7.856;7.100;7.833;7.036;7.820;6.533;7.811;7.813;7.775;7.782;7.756;7.699;7.688;7.100;7.648;7.615;7.100;7.575;7.529;7.480;7.400;7.315;7.311;7.000;7.285;7.000;7.264;7.247;7.204;7.000;7.200;7.173;7.000;7.161;7.117;7.000;7.073;7.000;7.000;7.830;7.000;7.823;7.000;7.000;7.000;6.677;7.000;7.000;7.000;7.747;7.593;7.000;7.568;7.479;7.389;7.385;7.273;7.000;7.227;7.210;7.147;7.114;6.539;7.096;6.953;7.040;7.023;7.000;7.000;7.000;7.000;7.000;7.000;7.000;7.000;7.000;6.803;7.000;7.000;7.000;7.000;7.000;7.000;7.000;7.000;7.000;7.000;7.000;7.000;7.000;7.000;6.877;7.000;7.000;7.000;7.000;7.000;7.000;7.000;7.000;7.000;7.000;7.000;6.986;7.000;7.000;7.000;6.989;6.619;7.000;7.000;7.000;7.000;7.000;7.000;7.000;7.000;7.000;7.000;7.125;7.000;7.000;7.000;7.000;7.000;7.000;7.000;7.000;7.000;6.974;7.000;7.000;7.000;7.000;6.978;7.000;7.000;7.000;7.000;7.000;7.000;7.000;7.000;7.000;7.000;7.000;7.000;7.000;7.000;7.000;7.000;7.000;7.009;7.100;7.100;7.100;7.100;6.570;7.100;7.100;7.100;7.028;7.100;6.382;6.439;6.537
2020-05-07 00:00;8.300;8.300;7.180;8.300;8.179;8.004;7.589;8.300;8.300;8.300;8.176;8.300;8.075;8.300;7.915;8.300;8.300;7.664;8.300;8.300;8.300;8.300;8.300;8.076;8.300;8.300;7.319;8.300;8.300;8.300;8.300;8.300;8.300;7.922;8.300;7.445;8.300;8.300;8.300;8.300;8.300;8.300;8.300;8.300;8.300;8.300;8.300;8.300;8.300;8.300;8.284;8.250;8.250;8.250;8.250;8.250;8.250;8.250;8.250;8.250;8.250;8.250;8.250;8.250;8.250;8.250;8.250;8.250;8.250;8.250;8.250;8.250;8.250;8.250;8.239;7.477;7.010;8.250;8.250;8.250;8.250;8.250;8.250;8.250;8.250;8.250;8.250;8.250;8.250;8.250;8.250;8.248;7.490;8.233;7.779;8.196;8.250;8.250;8.250;8.250;8.250;8.250;8.250;8.250;7.509;8.250;7.818;8.250;8.250;8.250;7.555;7.102;8.182;8.250;8.250;8.250;8.250;8.250;8.250;8.233;8.156;7.744;8.250;8.250;8.250;8.250;8.250;8.250;8.250;8.250;8.250;8.222;8.250;8.028;8.250;8.250;8.250;8.098;7.609;8.250;8.250;8.250;8.161;8.164;8.250;7.192;7.241;8.250;8.097;8.250;8.250;8.250;8.250;8.250;8.250;8.250;8.250;8.250;8.250;7.981;7.040;7.135;8.169;8.250;7.789;8.250;7.904;8.250;8.250;7.105;8.250;7.088;8.250;8.250;8.250;8.250;8.250;8.250;8.250;8.250;8.250;8.250;8.255;8.300;8.300;8.300;8.300;7.488;8.300;8.300;8.300;7.426;8.300;7.190;7.474;7.445
2020-05-08 00:00;4.375;4.361;2.195;4.363;2.050;2.050;2.120;4.372;2.050;4.359;2.050;4.358;2.083;4.356;2.050;4.361;4.361;2.217;4.356;4.351;2.722;4.346;2.050;2.050;2.050;4.344;2.396;4.350;4.350;2.795;4.343;2.548;4.337;2.050;4.339;2.466;4.337;4.344;4.335;4.354;4.346;4.339;4.336;2.050;4.338;4.325;2.050;4.314;4.294;4.277;4.247;4.217;4.218;2.000;4.206;2.000;4.198;4.191;4.172;2.000;4.170;4.158;2.000;4.154;4.150;2.000;4.130;4.097;2.000;4.074;2.000;4.075;2.000;2.222;2.356;2.732;2.563;2.000;2.000;4.073;3.953;2.698;3.941;3.862;3.825;3.837;3.763;2.838;3.743;3.762;3.715;3.721;2.510;3.711;2.642;3.689;3.583;3.635;3.502;3.380;3.213;3.181;2.889;3.123;2.031;3.126;2.494;3.122;2.808;3.113;2.616;2.834;2.136;2.761;2.894;3.087;2.821;3.091;3.092;3.082;3.069;3.135;2.462;2.730;2.680;2.829;2.461;2.842;2.754;2.862;2.981;3.182;2.670;3.167;2.870;2.749;2.821;2.638;2.647;2.598;2.821;2.607;2.650;2.695;2.754;2.631;2.592;2.595;2.689;3.852;3.839;3.618;3.490;2.643;2.221;2.000;2.857;2.651;2.552;2.472;3.052;2.811;2.894;2.000;2.814;2.813;2.483;2.624;2.909;2.788;2.777;2.651;2.000;2.000;2.206;2.000;2.530;2.000;2.000;2.000;2.000;2.000;2.005;2.050;2.050;2.050;2.050;2.301;2.050;2.050;2.682;2.182;2.388;2.210;2.406;2.260
2020-05-09 00:00;3.941;3.884;2.939;3.884;3.173;3.101;1.900;3.879;1.900;3.839;3.902;3.832;1.900;3.825;1.900;3.809;3.809;1.900;3.794;3.773;3.207;3.759;2.136;1.900;1.900;3.752;3.703;3.740;3.735;2.856;3.705;3.297;3.684;1.900;3.673;3.952;3.664;3.666;3.631;3.635;3.612;3.566;3.555;1.900;3.530;3.499;3.590;3.461;3.419;3.373;3.300;3.215;3.210;2.500;3.180;2.500;3.154;3.134;3.082;2.500;3.077;3.044;2.500;3.030;2.979;2.500;2.925;2.836;2.500;2.767;2.500;2.756;3.877;3.670;3.616;2.500;2.500;2.500;2.500;2.500;3.985;3.648;3.956;3.836;3.765;3.773;3.619;3.713;3.557;3.570;3.495;3.474;2.500;3.458;2.500;3.409;3.730;3.796;3.449;3.142;2.772;2.500;3.466;3.959;2.500;3.954;2.500;3.954;3.449;3.931;2.663;2.500;2.500;3.541;3.381;3.873;3.660;3.846;3.739;3.667;3.109;2.500;2.500;3.833;3.758;3.963;2.500;3.913;3.667;3.858;3.543;2.791;2.500;2.500;3.569;3.862;3.938;3.001;2.500;2.500;3.456;3.990;3.863;3.898;3.890;2.500;2.500;3.965;2.500;2.691;2.500;2.888;2.500;2.867;3.292;2.500;3.704;2.701;2.500;2.500;2.500;2.500;2.500;2.500;2.500;3.810;2.500;2.500;3.493;2.500;3.583;2.500;2.500;2.500;3.602;2.500;3.634;2.500;2.500;2.500;2.500;2.500;2.445;1.900;3.946;1.900;1.900;3.768;1.900;1.900;3.040;3.764;2.892;3.024;3.721;3.658
2020-05-10 00:00;5.150;5.150;5.150;5.150;5.150;5.150;5.150;5.150;5.150;5.150;5.150;5.150;5.150;5.150;5.150;5.150;5.150;5.150;5.150;5.150;5.106;5.150;5.150;5.150;5.150;5.150;5.150;5.150;5.150;4.633;5.150;5.150;5.150;5.150;5.150;5.150;5.150;5.150;5.150;5.150;5.150;5.150;5.150;5.150;5.150;5.150;5.150;5.150;5.150;5.150;5.590;6.500;6.500;6.500;6.500;6.500;6.500;6.500;6.500;6.500;6.500;6.500;6.500;6.500;6.500;6.500;6.500;6.500;6.500;6.500;6.500;6.500;6.500;6.500;6.500;6.500;6.500;6.500;6.500;6.500;6.500;6.035;6.500;6.500;6.500;6.500;6.500;6.127;6.500;6.500;6.500;6.500;6.500;6.500;6.500;6.500;6.500;6.500;6.500;6.500;6.500;6.500;5.717;6.500;6.500;6.500;6.500;6.500;5.692;6.500;6.500;6.500;6.500;6.031;5.550;6.500;6.095;6.500;6.500;6.500;6.500;6.500;6.500;6.324;6.149;6.500;6.500;6.500;6.017;6.417;5.859;6.500;6.500;6.500;5.854;6.434;6.500;6.500;6.500;6.500;5.717;6.500;6.500;6.500;6.342;6.500;6.500;6.500;6.500;6.500;6.500;6.500;6.500;6.500;6.500;6.500;6.089;6.500;6.500;6.500;6.500;6.500;6.500;6.500;6.500;6.402;6.500;6.500;5.719;6.500;5.894;6.500;6.500;6.500;6.500;6.500;6.261;6.500;6.500;6.500;6.500;6.500;6.377;5.150;5.150;5.150;5.150;5.150;5.150;5.150;5.111;5.150;5.087;5.150;5.150;5.150
2020-05-11 00:00;4.244;4.137;3.801;4.136;4.299;4.224;3.999;4.123;4.666;4.047;4.127;4.035;4.315;4.021;4.279;3.992;3.991;4.120;3.963;3.925;3.570;3.898;4.580;4.378;4.588;3.885;3.918;3.863;3.854;3.415;3.798;3.637;3.759;4.305;3.738;3.988;3.721;3.721;3.657;3.649;3.606;3.507;3.487;2.750;3.420;3.360;4.841;3.290;3.213;3.130;2.995;5.811;5.810;4.337;5.800;4.462;5.792;5.785;5.768;4.435;5.767;5.756;4.147;5.752;5.743;4.503;5.726;5.698;4.060;5.678;4.104;5.676;4.499;4.414;4.360;4.171;3.894;4.295;4.266;5.655;5.574;3.920;5.573;5.526;5.518;5.530;5.515;3.987;5.523;5.551;5.527;5.529;4.000;5.526;4.289;5.531;5.128;5.158;5.018;4.907;4.789;4.787;3.891;4.735;4.020;4.732;4.272;4.708;3.832;4.693;4.103;4.071;4.048;3.834;3.818;4.651;3.942;4.669;4.678;4.666;4.701;4.617;4.181;3.947;3.891;4.032;3.925;4.070;3.885;4.047;4.009;4.547;4.055;4.457;3.924;3.965;4.077;4.262;4.113;4.211;3.867;4.108;4.087;4.062;4.018;3.944;3.964;3.924;4.523;6.411;6.420;6.255;6.270;3.757;3.903;3.500;3.995;3.651;3.500;4.441;4.221;4.028;4.723;4.464;4.549;4.041;4.322;4.461;3.911;4.048;3.904;3.926;4.127;4.243;4.149;4.657;3.872;4.507;4.570;5.726;4.823;4.383;3.432;2.750;2.750;2.750;2.750;3.979;2.750;4.963;3.650;4.006;3.530;3.795;3.962;3.945
2020-05-12 00:00;3.350;4.094;3.350;4.093;3.507;3.350;3.350;4.075;3.350;3.963;3.350;3.946;3.350;3.925;3.350;3.877;3.875;3.350;3.834;3.777;3.350;3.737;3.577;3.350;3.350;3.718;3.350;3.680;3.667;3.735;3.580;3.350;3.521;3.350;3.488;3.350;3.462;3.461;3.362;3.350;3.974;3.842;3.817;3.350;3.724;3.648;3.350;3.559;3.458;3.350;4.051;5.508;5.500;5.500;5.779;5.500;5.744;5.717;5.645;5.500;5.640;5.594;5.500;5.574;5.500;5.500;5.715;5.604;5.500;5.517;5.500;5.500;5.500;5.500;5.500;5.500;5.500;5.500;5.500;5.500;5.565;5.468;5.500;5.500;5.500;5.500;5.500;5.500;5.500;5.500;5.500;5.500;5.500;5.500;5.500;5.500;5.500;5.500;5.500;5.500;5.500;5.500;5.234;5.500;5.500;5.500;5.500;5.500;5.124;5.500;5.500;5.500;5.500;5.481;5.017;5.500;5.500;5.500;5.500;5.500;5.500;5.500;5.500;5.500;5.500;5.500;5.500;5.500;5.484;5.500;5.500;5.500;5.500;5.500;5.352;5.500;5.500;5.500;5.500;5.500;5.165;5.500;5.500;5.500;5.500;5.500;5.500;5.500;5.500;5.701;5.500;5.893;5.500;5.500;5.500;5.500;5.500;5.500;5.500;5.500;5.500;5.500;5.500;5.500;5.500;5.500;5.500;5.500;5.209;5.500;5.337;5.500;5.500;5.500;5.500;5.500;5.500;5.500;5.500;5.500;5.500;5.500;5.305;3.350;3.350;3.350;3.350;3.350;3.350;3.350;3.350;3.350;3.350;3.350;3.350;3.350
2020-05-13 00:00;5.600;5.600;5.600;5.600;5.600;5.600;5.600;5.600;5.600;5.600;5.600;5.600;5.600;5.600;5.600;5.600;5.600;5.600;5.600;5.600;5.569;5.600;5.600;5.600;5.600;5.600;5.600;5.600;5.600;4.869;5.600;5.600;5.600;5.600;5.600;5.600;5.600;5.600;5.600;5.600;5.600;5.600;5.600;5.600;5.600;5.600;5.600;5.600;5.600;5.600;6.057;7.000;7.000;7.000;7.000;7.000;7.000;7.000;7.000;7.000;7.000;7.000;7.000;7.000;7.000;7.000;7.000;7.000;7.000;7.000;7.000;7.000;7.000;7.000;7.000;7.000;6.736;7.000;7.000;7.000;7.000;6.201;7.000;7.000;7.000;7.000;7.000;6.442;7.000;7.000;7.000;7.000;7.000;7.000;7.000;7.000;7.000;7.000;7.000;7.000;7.000;7.000;6.034;7.000;7.000;7.000;7.000;7.000;5.881;7.000;7.000;7.000;7.000;5.986;5.763;7.000;6.443;7.000;7.000;7.000;7.000;7.000;7.000;6.608;6.367;7.000;6.814;6.746;6.195;6.646;6.668;7.000;7.000;7.000;6.133;6.468;7.000;7.000;7.000;7.000;5.944;7.000;7.000;6.954;6.708;7.000;7.000;7.000;7.000;7.000;7.000;7.000;7.000;7.000;7.000;7.000;6.293;7.000;7.000;7.000;7.000;7.000;7.000;7.000;7.000;6.944;7.000;7.000;5.985;7.000;6.084;7.000;7.000;7.000;7.000;7.000;6.374;7.000;7.000;7.000;7.000;7.000;6.873;5.600;5.600;5.600;5.600;5.600;5.600;5.600;5.600;5.600;5.391;5.600;5.600;5.600
2020-05-14 00:00;9.450;9.450;8.877;9.450;9.450;9.450;9.450;9.450;9.450;9.450;9.450;9.450;9.450;9.450;9.450;9.450;9.450;9.450;9.450;9.450;7.592;9.450;9.450;9.450;9.450;9.450;9.450;9.450;9.450;6.771;9.450;8.005;9.450;9.450;9.450;9.450;9.445;9.450;9.446;9.450;9.450;9.450;9.450;9.450;9.450;9.450;9.450;9.450;9.450;9.450;9.792;10.500;10.500;10.500;10.500;10.500;10.500;10.500;10.500;10.500;10.500;10.500;10.500;10.500;10.500;10.500;10.500;10.500;10.500;10.500;10.500;10.500;10.500;10.500;10.500;10.285;8.861;10.500;10.500;10.500;10.500;8.226;10.500;10.500;10.500;10.500;10.500;8.602;10.500;10.500;10.500;10.500;9.840;10.481;10.500;10.403;10.500;10.500;10.500;10.500;10.500;10.500;8.141;10.500;10.500;10.500;10.500;10.500;7.768;10.500;10.000;9.603;10.500;8.395;7.590;10.500;9.135;10.500;10.500;10.500;10.500;10.500;10.500;8.935;8.574;10.365;9.585;9.082;8.358;8.951;10.424;10.160;9.426;9.879;8.197;9.162;10.500;10.322;10.500;9.926;7.895;9.480;9.251;9.010;8.669;9.354;9.434;9.387;10.500;10.500;10.500;10.500;10.500;10.500;10.500;10.500;8.348;10.500;10.500;10.500;10.422;9.424;10.500;10.500;10.500;9.304;10.500;10.500;7.925;9.168;7.998;9.100;10.500;10.500;9.715;10.500;8.438;10.500;10.500;10.500;10.500;10.500;10.405;9.450;9.450;9.450;9.450;9.450;9.450;9.450;7.796;9.450;7.411;8.920;9.450;9.450
2020-05-15 00:00;11.950;11.950;11.606;11.950;11.926;11.885;11.430;11.950;11.950;11.950;11.836;11.950;11.950;11.950;11.933;11.950;11.950;11.184;11.950;11.950;9.582;11.950;11.950;11.950;11.950;11.950;11.251;11.950;11.950;9.837;11.950;10.355;11.950;11.950;11.950;10.667;11.949;11.950;11.937;11.950;11.950;11.950;11.950;11.950;11.950;11.950;11.950;11.928;11.852;11.770;11.634;11.500;11.500;11.500;11.500;11.500;11.500;11.500;11.500;11.500;11.500;11.500;11.500;11.500;11.500;11.500;11.500;11.500;11.250;11.500;11.494;11.500;11.500;11.500;11.500;11.500;10.052;11.500;10.939;11.500;11.500;9.391;11.500;11.500;11.499;11.500;11.500;9.270;11.500;11.500;11.492;11.450;11.500;11.426;11.500;11.366;11.484;11.500;11.500;11.500;11.500;11.500;9.351;11.475;11.500;11.459;11.500;11.376;9.061;11.342;10.209;9.860;10.840;11.500;8.455;11.284;9.633;11.308;11.405;11.393;11.185;10.783;11.500;9.198;8.902;11.500;11.500;9.276;8.576;9.133;11.500;10.655;9.823;10.456;8.867;11.500;11.500;10.784;11.500;10.401;9.223;9.943;9.770;9.562;9.300;9.758;9.998;9.830;10.945;11.500;11.500;11.500;11.500;11.500;11.445;11.500;9.061;11.500;11.500;10.553;11.500;9.723;10.855;11.500;11.145;10.398;10.608;10.929;8.706;10.079;8.948;9.777;11.500;11.133;10.626;11.500;9.778;11.500;11.500;11.500;11.500;11.500;11.541;11.950;11.950;11.950;11.950;11.306;11.950;11.950;10.457;11.606;11.156;11.645;10.991;11.447
2020-05-16 00:00;13.400;13.400;13.250;13.400;13.303;13.298;13.195;13.400;12.977;13.400;12.939;13.400;13.400;13.400;13.400;13.400;13.400;11.649;13.400;13.400;11.445;13.400;12.501;12.156;12.403;13.400;12.928;13.400;13.400;12.355;13.400;12.320;13.400;13.400;13.400;11.583;13.400;13.400;13.389;13.400;13.400;13.364;13.357;13.400;13.319;13.290;13.377;13.251;13.211;13.163;13.081;13.000;13.000;13.000;13.000;13.000;13.000;13.000;13.000;13.000;13.000;13.000;13.000;13.000;13.000;13.000;13.000;13.000;13.000;13.000;12.987;13.000;13.000;13.000;13.000;12.047;12.757;13.000;12.881;13.000;13.000;11.976;13.000;13.000;13.000;13.000;13.000;11.223;13.000;13.000;13.000;12.985;13.000;12.962;12.395;12.912;13.000;13.000;13.000;13.000;13.000;13.000;12.016;13.000;11.863;13.000;12.134;13.000;11.835;13.000;12.381;12.112;12.616;13.000;11.313;12.921;11.005;12.947;13.000;13.000;12.751;12.366;12.420;10.855;9.959;13.000;13.000;11.005;9.501;10.776;13.000;12.470;11.745;12.226;10.973;13.000;13.000;12.547;13.000;12.283;12.154;11.397;11.063;10.645;10.260;11.381;12.160;12.117;12.920;13.000;13.000;13.000;13.000;13.000;12.947;13.000;11.385;13.000;13.000;12.891;13.000;11.783;12.605;12.984;12.914;12.362;12.855;12.993;10.792;12.373;11.331;12.022;12.999;12.927;12.847;13.000;12.234;13.000;13.000;13.000;13.000;13.000;13.036;13.400;13.400;13.400;13.400;12.833;13.400;12.680;12.774;13.004;13.355;13.240;12.621;13.044
2020-05-17 00:00;13.500;13.500;13.500;13.500;13.500;13.500;13.500;13.500;13.500;13.500;13.500;13.500;13.500;13.500;13.500;13.500;13.500;13.500;13.500;13.500;13.500;13.500;13.500;13.500;13.500;13.500;13.500;13.500;13.500;13.500;13.500;13.500;13.500;13.500;13.500;13.500;13.500;13.500;13.500;13.500;13.500;13.500;13.500;13.465;13.500;13.500;13.438;13.500;13.500;13.500;13.663;14.000;14.000;13.985;14.000;14.000;14.000;14.000;14.000;13.996;14.000;14.000;13.843;14.000;14.000;13.993;14.000;14.000;13.830;14.000;13.855;14.000;14.000;13.958;14.000;14.000;14.000;13.164;14.000;14.000;14.000;14.000;14.000;14.000;14.000;14.000;14.000;14.000;14.000;14.000;13.958;13.920;14.000;13.898;14.000;13.853;14.000;14.000;14.000;14.000;14.000;14.000;14.000;14.000;14.000;14.000;14.000;14.000;14.000;13.987;13.795;14.000;12.822;14.000;14.000;14.000;14.000;13.968;13.868;13.905;14.000;14.000;14.000;14.000;10.179;14.000;14.000;13.848;9.829;14.000;14.000;13.326;14.000;13.026;14.000;14.000;14.000;13.669;14.000;14.000;14.000;14.000;14.000;13.921;14.000;14.000;14.000;14.000;14.000;14.000;14.000;14.000;14.000;13.996;13.692;14.000;14.000;14.000;14.000;14.000;14.000;14.000;14.000;14.000;14.000;14.000;14.000;14.000;14.000;14.000;14.000;14.000;13.851;13.633;13.550;14.000;12.331;14.000;14.000;14.000;14.000;13.974;13.955;13.500;13.500;13.439;13.500;13.500;13.500;13.500;13.500;13.500;13.500;13.500;13.500;13.500
2020-05-18 00:00;14.000;14.000;14.000;14.000;14.000;14.000;14.000;14.000;14.000;14.000;14.000;14.000;14.000;14.000;14.000;14.000;14.000;14.000;14.000;14.000;14.000;14.000;14.000;14.000;14.000;14.000;14.000;14.000;14.000;14.000;14.000;14.000;14.000;14.000;14.000;14.000;14.000;14.000;14.000;14.000;14.000;14.000;14.000;13.715;14.000;14.000;13.524;14.000;14.000;14.000;14.163;14.500;14.500;14.500;14.500;14.372;14.500;14.500;14.500;14.122;14.500;14.500;14.500;14.500;14.500;13.994;14.500;14.500;14.500;14.500;14.500;14.500;14.500;14.500;14.500;14.500;14.500;14.500;14.500;14.500;14.500;14.500;14.500;14.500;14.500;14.500;14.500;14.500;14.473;14.447;14.402;14.356;14.500;14.330;14.500;14.280;14.500;14.500;14.500;14.500;14.500;14.500;14.500;14.500;14.500;14.500;14.500;14.494;14.500;14.462;14.314;14.500;13.368;14.500;14.500;14.467;14.500;14.413;14.309;14.372;14.463;14.500;14.251;14.500;10.631;14.500;14.500;14.236;10.196;14.500;14.500;13.765;14.500;13.422;14.500;14.500;14.500;13.927;14.500;14.255;14.500;14.363;14.357;14.294;14.500;14.500;14.500;14.500;14.500;14.500;14.500;14.500;14.500;14.487;14.166;14.500;14.500;14.500;14.500;14.500;14.500;14.500;14.500;14.500;14.500;14.500;14.500;14.453;14.500;14.500;14.500;14.500;14.500;14.500;14.489;14.212;14.500;14.500;14.500;14.500;14.500;14.123;14.455;14.000;14.000;14.000;14.000;14.000;14.000;14.000;14.000;14.000;14.000;14.000;14.000;14.000
2020-05-19 00:00;14.100;14.100;14.100;14.100;14.100;14.100;14.100;14.100;14.100;14.100;14.100;14.100;14.100;14.100;14.100;14.100;14.100;14.100;14.100;14.100;14.100;14.100;14.100;14.100;14.100;14.100;14.100;14.100;14.100;14.100;14.100;14.100;14.100;14.100;14.100;14.100;14.100;14.100;14.100;14.100;14.100;14.100;14.100;14.100;14.100;14.100;14.100;14.100;14.100;14.100;14.067;14.298;14.294;14.000;14.270;14.000;14.250;14.234;14.194;14.000;14.191;14.165;14.000;14.154;14.109;14.000;14.068;14.000;14.000;14.490;14.000;14.483;14.334;14.135;14.028;14.000;14.000;14.000;14.000;14.396;14.290;14.000;14.265;14.230;14.184;14.177;14.140;14.000;14.102;14.089;14.067;14.040;14.000;14.020;14.000;14.000;14.180;14.176;14.123;14.152;14.092;14.068;14.000;14.000;14.000;14.009;14.000;14.052;14.000;14.032;14.000;14.000;14.000;14.000;14.000;14.094;14.000;14.065;14.000;14.000;14.000;14.000;14.000;14.000;14.000;14.000;14.000;14.000;14.000;14.000;14.000;14.000;14.000;14.000;14.000;14.000;14.000;14.000;14.000;14.000;14.000;14.000;14.000;14.000;14.000;14.000;14.000;14.000;14.000;14.082;14.000;14.103;14.000;14.035;14.000;14.000;14.000;14.000;14.000;14.000;14.000;14.000;14.000;14.000;14.000;14.000;14.000;14.000;14.000;14.000;14.000;14.000;14.000;14.330;14.100;14.000;14.000;14.000;14.000;14.000;14.011;14.000;14.009;14.100;14.100;14.100;14.100;14.100;14.100;14.100;14.100;14.100;14.100;14.100;14.100;14.100
2020-05-20 00:00;15.400;15.400;15.400;15.400;15.400;15.400;15.400;15.400;15.400;15.400;15.400;15.400;15.400;15.400;15.400;15.400;15.400;15.400;15.400;15.400;15.400;15.400;15.400;15.400;15.400;15.400;15.400;15.400;15.400;15.400;15.400;15.400;15.400;15.400;15.400;15.400;15.400;15.400;15.366;15.359;15.325;15.251;15.236;15.400;15.180;15.142;15.400;15.087;15.026;14.960;14.853;14.750;14.750;14.750;14.750;14.750;14.750;14.750;14.750;14.750;14.750;14.750;14.750;14.750;14.750;14.750;14.750;14.750;14.750;14.750;14.750;14.750;14.750;14.750;14.750;14.750;14.750;14.750;14.750;14.750;14.730;14.750;14.705;14.692;14.663;14.653;14.632;14.750;14.594;14.574;14.557;14.524;14.750;14.504;14.750;14.483;14.750;14.750;14.713;14.750;14.735;14.684;14.750;14.598;14.750;14.601;14.750;14.569;14.750;14.544;14.721;14.750;14.750;14.750;14.750;14.575;14.750;14.525;14.430;14.534;14.689;14.750;14.671;14.750;14.750;14.750;14.750;14.555;14.750;14.750;14.750;14.750;14.750;14.750;14.750;14.750;14.750;14.750;14.750;14.300;14.750;14.520;14.531;14.488;14.750;14.750;14.750;14.750;14.750;14.750;14.750;14.750;14.750;14.670;14.211;14.750;14.750;14.749;14.750;14.750;14.750;14.750;14.750;14.750;14.750;14.750;14.750;14.417;14.750;14.750;14.750;14.750;14.750;14.750;14.750;14.750;14.750;14.129;14.750;14.750;14.750;14.750;14.809;15.400;15.400;15.400;15.400;15.400;15.400;15.400;15.400;15.400;15.400;15.400;15.400;15.400
2020-05-21 00:00;17.500;17.500;17.500;17.500;17.500;17.500;17.500;17.500;17.500;17.500;17.500;17.500;17.500;17.500;17.500;17.500;17.500;17.500;17.500;17.500;17.500;17.500;17.500;17.500;17.500;17.500;17.500;17.500;17.500;17.500;17.500;17.500;17.500;17.500;17.500;17.500;17.500;17.500;17.500;17.500;17.500;17.500;17.500;17.500;17.500;17.500;17.500;17.500;17.500;17.500;17.826;18.500;18.500;18.500;18.500;18.500;18.500;18.500;18.500;18.500;18.500;18.500;17.748;18.500;18.500;18.500;18.500;18.500;18.500;18.500;15.297;18.500;18.500;18.160;17.856;15.137;18.500;17.268;15.870;18.500;18.500;18.500;18.463;18.388;18.265;18.293;18.246;18.500;18.170;18.180;18.129;18.173;18.500;18.141;17.240;18.116;18.396;18.500;18.500;18.420;18.500;18.500;18.500;18.265;14.913;18.280;15.639;18.316;18.500;18.256;15.540;15.097;16.710;18.500;18.500;18.355;18.500;18.251;18.019;18.004;17.452;16.931;18.500;15.064;18.500;18.500;18.500;18.318;18.500;18.500;18.500;16.939;18.500;16.344;16.514;18.500;18.500;17.908;18.500;18.407;18.500;18.408;18.369;18.253;18.500;18.500;18.500;18.500;16.712;18.500;18.500;18.500;18.500;18.439;17.931;18.500;18.500;18.500;18.500;15.715;18.500;18.500;15.465;15.533;17.134;14.763;15.665;18.500;18.500;18.500;18.500;18.500;16.985;18.500;18.500;18.500;18.500;18.500;18.500;18.500;18.500;18.500;18.409;17.500;17.500;17.500;17.500;17.500;16.099;17.500;17.500;17.500;17.500;17.500;17.500;17.500
2020-05-22 00:00;18.600;18.600;18.600;18.600;18.600;18.600;18.600;18.600;18.600;18.600;18.600;18.600;18.600;18.600;18.600;18.600;18.600;18.600;18.600;18.600;18.600;18.600;18.600;18.600;18.600;18.600;18.600;18.600;18.600;18.600;18.600;18.600;18.600;18.600;18.600;18.600;18.600;18.600;18.600;18.600;18.600;18.600;18.600;18.600;18.600;18.600;18.600;18.600;18.600;18.600;18.812;18.909;18.907;19.250;18.895;19.250;18.885;18.878;18.858;19.250;18.856;18.844;19.250;18.838;18.813;19.250;18.793;18.762;19.250;18.734;15.883;18.730;18.742;19.250;19.250;15.391;19.250;19.250;16.303;18.664;18.625;19.250;18.601;18.628;18.597;18.609;18.699;19.250;18.673;18.648;18.659;18.697;19.250;18.682;19.250;18.694;18.977;18.943;19.250;18.629;19.109;19.152;19.250;19.216;18.656;19.250;16.565;18.365;19.250;18.346;16.799;16.573;16.954;19.250;19.250;18.645;19.250;18.581;18.505;18.696;19.084;19.250;19.250;17.124;19.250;19.250;19.250;18.799;19.250;19.250;19.250;17.626;19.250;17.144;19.250;19.250;19.250;18.409;19.250;19.250;19.250;18.792;18.861;18.852;19.250;19.250;19.250;19.250;19.250;19.208;19.250;19.167;19.250;18.975;18.309;19.250;19.250;19.164;19.250;17.437;19.250;19.250;16.516;16.650;19.250;15.093;17.229;19.250;19.250;19.250;19.250;19.250;19.250;19.250;19.250;19.250;19.250;19.250;19.250;18.510;19.250;19.250;19.191;18.600;18.600;18.600;18.600;18.600;17.396;18.600;18.600;18.600;18.600;18.600;18.600;18.600
2020-05-23 00:00;18.169;18.151;17.450;18.151;17.450;17.450;17.450;18.148;17.450;18.130;17.450;18.126;17.450;18.120;17.450;18.115;18.114;17.450;18.104;18.091;17.450;18.081;17.450;17.450;17.450;18.076;17.450;18.068;18.065;17.450;18.042;17.450;18.026;17.450;18.019;17.450;18.013;18.015;17.993;17.995;17.978;17.946;17.938;17.450;17.915;17.899;17.450;17.870;17.838;17.802;17.744;17.692;17.690;17.250;17.679;17.250;17.669;17.661;17.641;17.250;17.639;17.626;17.250;17.620;17.601;17.250;17.580;17.544;17.250;17.514;17.250;17.510;17.250;17.250;17.250;17.250;17.250;17.250;17.250;17.437;17.377;17.250;17.357;17.357;17.325;17.317;17.316;17.250;17.292;17.286;17.284;17.264;17.250;17.250;17.250;17.250;17.257;17.250;17.250;17.250;17.250;17.250;17.250;17.250;17.250;17.250;17.250;17.260;17.250;17.250;17.239;17.250;17.250;17.250;17.250;17.278;17.250;17.266;17.250;17.250;17.250;17.250;17.250;17.250;17.250;17.250;17.250;17.250;17.250;17.250;17.250;17.250;17.250;17.250;17.250;17.250;17.250;17.250;17.250;17.250;17.250;17.250;17.250;17.250;17.250;17.250;17.250;17.250;17.250;17.758;17.798;17.638;17.715;17.331;17.250;17.250;17.250;17.346;17.433;17.250;17.250;17.250;17.250;17.250;17.250;17.250;17.250;17.250;17.250;17.250;17.250;17.250;17.250;17.250;17.250;17.250;17.250;17.250;17.250;17.250;17.250;17.250;17.268;17.450;17.450;17.450;17.450;17.450;17.450;17.450;17.450;17.450;17.450;17.450;17.450;17.450
2020-05-24 00:00;17.698;17.720;17.400;17.720;17.405;17.400;17.400;17.722;17.400;17.731;17.400;17.731;17.400;17.730;17.400;17.736;17.736;17.400;17.736;17.736;17.400;17.735;17.431;17.400;17.400;17.734;17.400;17.735;17.734;17.400;17.731;17.400;17.729;17.400;17.728;17.400;17.727;17.729;17.728;17.730;17.727;17.727;17.725;17.400;17.724;17.722;17.400;17.715;17.705;17.694;17.673;17.647;17.646;17.500;17.637;17.500;17.629;17.623;17.607;17.500;17.606;17.595;17.500;17.591;17.573;17.500;17.557;17.529;17.500;17.505;17.500;17.500;17.500;17.500;17.423;17.500;17.500;17.500;17.500;17.500;17.495;17.500;17.478;17.500;17.500;17.498;17.500;17.500;17.500;17.500;17.500;17.494;17.500;17.483;17.500;17.500;17.395;17.368;17.345;17.481;17.438;17.411;17.500;17.371;17.500;17.384;17.500;17.393;17.500;17.376;17.440;17.500;17.500;17.500;17.500;17.491;17.500;17.463;17.408;17.500;17.334;17.500;17.500;17.500;17.500;17.500;17.500;17.500;17.500;17.500;17.500;17.464;17.500;17.500;17.500;17.500;17.500;17.500;17.500;17.500;17.500;17.422;17.488;17.500;17.500;17.500;17.500;17.500;17.500;17.500;17.500;17.500;17.500;17.488;17.500;17.500;17.500;17.468;17.500;17.500;17.500;17.500;17.500;17.500;17.500;17.500;17.500;17.500;17.500;17.500;17.500;17.500;17.500;17.500;17.500;17.500;17.500;17.500;17.500;17.500;17.500;17.500;17.491;17.400;17.400;17.400;17.400;17.400;17.400;17.400;17.400;17.400;17.400;17.400;17.400;17.400
2020-05-25 00:00;18.200;18.200;18.200;18.200;18.200;18.200;18.200;18.200;18.200;18.200;18.200;18.200;18.200;18.200;18.200;18.200;18.200;18.200;18.200;18.200;18.200;18.200;18.200;18.200;18.200;18.200;18.200;18.200;18.200;18.200;18.200;18.200;18.200;18.200;18.200;18.200;18.200;18.200;18.200;18.200;18.200;18.200;18.200;17.802;18.200;18.200;18.200;18.200;18.200;18.200;18.950;20.500;20.500;20.500;20.500;20.500;20.500;20.500;20.500;20.500;20.500;20.500;20.081;20.500;20.500;20.500;20.500;20.500;19.378;20.500;18.097;20.500;20.500;20.500;20.500;19.471;20.500;20.500;20.500;20.500;20.500;20.500;20.500;20.500;20.500;20.500;20.500;20.500;20.500;20.500;20.500;20.487;20.500;20.436;20.500;20.325;20.500;20.500;20.500;20.500;20.500;20.500;20.500;20.500;18.243;20.500;20.500;20.500;20.500;20.500;19.225;18.768;20.500;20.500;20.500;20.500;20.500;20.500;20.500;20.500;20.500;20.500;20.500;20.500;20.500;20.500;20.500;20.500;20.500;20.500;20.500;20.441;18.072;20.296;18.964;20.500;20.500;20.500;20.500;20.500;20.500;20.500;20.500;20.405;20.500;20.500;20.500;20.500;20.500;20.500;20.500;20.500;20.500;20.500;20.451;20.500;20.500;20.500;20.500;19.788;20.500;20.500;19.123;20.500;20.500;18.162;20.500;20.500;20.500;20.500;20.500;20.500;19.550;20.500;20.500;20.500;20.500;20.500;20.500;20.500;20.500;20.500;20.291;18.200;18.200;18.200;18.200;18.200;18.200;18.200;18.200;18.200;18.200;18.200;18.200;18.200
2020-05-26 00:00;23.350;23.350;23.350;23.350;19.571;19.240;23.350;23.350;23.350;23.350;23.350;23.350;21.155;23.350;20.489;23.350;23.350;19.228;23.350;23.350;23.350;23.350;23.174;21.351;23.350;23.350;23.350;23.350;23.350;23.350;23.350;23.350;23.350;20.438;23.350;23.350;23.350;23.350;23.350;23.350;23.350;23.350;23.350;23.350;23.350;23.350;18.799;23.350;23.350;23.350;23.643;24.247;24.250;21.641;24.250;23.401;24.250;24.250;24.223;23.405;24.220;24.199;24.250;24.190;24.154;22.138;24.125;24.078;21.315;24.041;21.107;24.027;23.710;23.236;23.403;20.947;24.250;20.638;20.595;23.933;23.866;24.250;23.837;23.835;23.763;23.797;23.782;24.250;23.743;23.776;23.763;23.805;24.250;23.786;21.173;23.846;23.814;23.997;23.830;23.774;23.956;23.752;24.250;23.464;24.250;23.441;24.250;23.298;24.250;23.239;22.157;21.946;21.854;24.250;24.250;23.211;24.250;23.038;22.798;22.722;22.069;21.562;24.250;24.250;24.250;24.250;24.250;23.502;24.250;24.250;24.250;22.080;21.019;21.807;23.280;24.250;24.250;23.336;24.250;23.625;24.250;23.952;23.967;23.904;24.250;24.250;24.250;24.250;21.462;24.249;24.250;24.228;24.250;23.905;22.998;24.250;24.250;24.202;24.250;21.965;24.250;24.250;20.959;20.588;21.705;21.585;20.674;24.250;24.250;24.250;24.250;24.250;19.998;24.250;24.250;23.596;24.250;24.043;24.250;24.250;24.250;20.845;24.168;23.350;23.350;22.889;23.350;18.621;23.350;23.350;23.350;19.970;23.350;23.350;23.350;23.350
2020-05-27 00:00;27.000;26.947;27.300;26.945;23.778;23.041;27.300;26.941;27.300;26.886;27.300;26.874;26.795;26.860;25.773;26.819;26.818;25.928;26.791;26.753;27.300;26.725;26.728;25.080;27.300;26.713;27.300;26.671;26.661;27.300;26.599;27.300;26.557;25.646;26.526;27.300;26.507;26.505;26.435;26.420;26.373;26.267;26.246;24.465;26.181;26.124;23.264;26.054;25.968;25.875;25.720;25.599;25.597;26.500;25.592;26.500;25.588;25.584;25.578;26.500;25.577;25.571;26.500;25.569;25.550;25.696;25.542;25.527;23.235;25.514;26.500;25.507;26.500;26.500;26.377;25.720;26.500;26.500;26.500;25.436;25.463;26.500;25.449;25.496;25.532;25.513;25.567;26.500;25.553;25.537;25.556;25.530;26.500;25.518;26.500;25.572;25.497;25.402;25.556;25.642;25.846;25.816;26.500;25.756;26.500;25.758;26.500;25.666;26.500;25.626;24.799;24.571;25.657;26.500;26.500;25.732;26.500;25.598;25.426;25.438;25.115;24.682;24.776;26.500;26.500;26.500;26.500;25.174;26.500;26.500;26.500;24.962;23.038;24.824;26.500;26.500;26.500;24.996;26.500;25.369;26.500;25.941;26.038;26.040;26.500;26.500;26.500;26.500;26.222;25.849;25.926;26.126;26.322;25.949;24.906;26.500;26.500;26.350;26.500;25.528;26.500;26.500;23.468;26.500;26.500;22.906;26.500;24.721;26.500;26.500;26.500;26.500;25.850;26.500;26.500;26.500;26.500;26.500;26.500;26.500;26.500;26.500;26.573;27.300;26.876;27.300;27.300;24.971;26.390;25.317;27.300;26.914;27.300;27.300;27.300;27.300
2020-05-28 00:00;25.350;25.350;25.350;25.350;25.350;25.350;25.350;25.350;25.350;25.350;25.350;25.350;25.350;25.350;25.350;25.350;25.350;25.350;25.350;25.350;25.350;25.350;25.350;25.350;25.350;25.350;25.350;25.350;25.350;25.350;25.350;25.350;25.350;25.350;25.350;25.350;25.350;25.350;25.377;25.380;25.393;25.431;25.435;25.350;25.455;25.470;25.350;25.478;25.483;25.485;25.480;25.750;25.750;25.750;25.750;25.750;25.750;25.750;25.750;25.750;25.750;25.750;25.750;25.750;25.750;25.750;25.750;25.750;25.750;25.750;25.750;25.750;25.750;25.750;25.750;25.750;25.750;25.750;25.750;25.727;25.696;25.750;25.675;25.681;25.662;25.652;25.657;25.750;25.640;25.631;25.634;25.614;25.750;25.599;25.750;25.643;25.637;25.602;25.565;25.750;25.750;25.750;25.750;25.750;25.750;25.750;25.750;25.750;25.750;25.750;25.726;25.750;25.750;25.750;25.750;25.750;25.750;25.750;25.529;25.750;25.633;25.750;25.750;25.750;25.750;25.750;25.750;25.750;25.750;25.750;25.750;25.750;25.750;25.750;25.750;25.750;25.750;25.127;25.750;25.750;25.750;25.750;25.750;25.750;25.750;25.750;25.750;25.750;25.750;25.750;25.924;25.750;25.750;25.750;25.750;25.750;25.750;25.750;25.750;25.750;25.750;25.750;23.575;25.750;25.750;25.750;25.750;25.618;25.750;25.750;25.750;25.750;25.750;25.750;25.750;25.750;25.750;25.750;25.750;25.750;25.750;25.750;25.714;25.350;25.350;25.350;25.350;25.350;25.350;25.350;25.350;25.350;25.350;25.350;25.350;25.350
2020-05-29 00:00;25.150;25.161;25.150;25.161;25.150;25.150;25.150;25.163;25.150;25.174;25.150;25.175;25.150;25.175;25.150;25.182;25.182;25.150;25.183;25.184;25.150;25.185;25.150;25.150;25.150;25.185;25.150;25.186;25.186;25.150;25.187;25.150;25.187;25.150;25.188;25.150;25.188;25.188;25.193;25.193;25.195;25.207;25.209;25.150;25.218;25.229;25.150;25.235;25.243;25.251;25.264;25.500;25.500;25.500;25.500;25.500;25.500;25.500;25.500;25.500;25.500;25.500;25.500;25.500;25.500;25.500;25.500;25.500;25.500;25.500;25.500;25.500;25.500;25.500;25.500;25.500;25.500;25.500;25.500;25.500;25.500;25.500;25.500;25.500;25.500;25.500;25.500;25.500;25.500;25.500;25.500;25.500;25.500;25.500;25.500;25.500;25.500;25.500;25.500;25.500;25.500;25.500;25.500;25.500;25.500;25.500;25.500;25.500;25.500;25.500;25.500;25.500;25.500;25.500;25.500;25.500;25.500;25.500;25.500;25.500;25.500;25.500;25.500;25.500;25.500;25.500;25.500;25.500;25.500;25.500;25.500;25.500;25.500;25.500;25.500;25.500;25.500;25.500;25.500;25.500;25.500;25.500;25.500;25.500;25.500;25.500;25.500;25.500;25.500;25.500;25.500;25.500;25.500;25.500;25.500;25.500;25.500;25.500;25.500;25.500;25.500;25.500;25.500;25.500;25.500;25.500;25.500;25.500;25.500;25.500;25.500;25.500;25.500;25.500;25.500;25.500;25.500;25.500;25.500;25.500;25.500;25.500;25.468;25.150;25.150;25.150;25.150;25.150;25.150;25.150;25.150;25.150;25.150;25.150;25.150;25.150
2020-05-30 00:00;17.850;17.850;17.850;17.850;17.850;17.850;17.850;17.850;17.850;17.850;17.850;17.850;17.850;17.850;17.850;17.850;17.850;17.850;17.850;17.850;17.850;17.850;17.850;17.850;17.850;17.850;17.850;17.850;17.850;17.850;17.850;17.850;17.850;17.850;17.850;17.850;17.850;17.850;17.850;17.850;17.850;17.850;17.850;17.850;17.850;17.850;17.850;17.850;17.850;17.850;17.899;18.000;18.000;18.000;18.000;18.000;18.000;18.000;18.000;18.000;18.000;18.000;18.000;18.000;18.000;18.000;18.000;18.000;18.000;18.000;18.000;18.000;18.000;18.000;18.000;18.000;18.000;18.000;18.000;18.000;18.000;18.000;18.000;18.000;18.000;18.000;18.000;18.000;18.000;18.000;18.000;18.000;18.000;18.000;18.000;18.000;18.000;18.000;18.000;18.000;18.000;18.000;18.000;18.000;18.000;18.000;18.000;18.000;18.000;18.000;18.000;18.000;18.000;18.000;18.000;18.000;18.000;18.000;18.000;18.000;18.000;18.000;18.000;18.000;18.000;18.000;18.000;18.000;18.000;18.000;18.000;18.000;18.000;18.000;18.000;18.000;18.000;18.000;18.000;18.000;18.000;18.000;18.000;18.000;18.000;18.000;18.000;18.000;18.000;18.000;18.000;18.000;18.000;18.000;18.000;18.000;18.000;18.000;18.000;18.000;18.000;18.000;18.000;18.000;18.000;18.000;18.000;18.000;18.000;18.000;18.000;18.000;18.000;18.000;18.000;18.000;18.000;18.000;18.000;18.000;18.000;18.000;17.986;17.850;17.850;17.850;17.850;17.850;17.850;17.850;17.850;17.850;17.850;17.850;17.850;17.850
2020-05-31 00:00;8.050;8.050;8.050;8.050;8.050;8.050;8.050;8.050;8.050;8.050;8.050;8.050;8.050;8.050;8.050;8.050;8.050;8.050;8.050;8.050;8.050;8.050;8.050;8.050;8.050;8.050;8.050;8.050;8.050;8.050;8.050;8.050;8.050;8.050;8.050;8.050;8.050;8.050;8.050;8.050;8.050;8.050;8.050;8.050;8.050;8.061;8.050;8.218;8.396;8.593;8.922;9.250;9.250;9.250;9.250;9.250;9.250;9.250;9.250;9.250;9.250;9.250;9.250;9.250;9.250;9.250;9.250;9.250;9.250;9.250;9.250;9.250;9.250;9.250;9.250;9.250;9.250;9.250;9.250;9.250;9.250;9.250;9.250;9.250;9.250;9.250;9.250;9.250;9.250;9.250;9.250;9.250;9.250;9.250;9.250;9.250;9.250;9.250;9.250;9.250;9.250;9.250;9.250;9.250;9.250;9.250;9.250;9.250;9.250;9.250;9.250;9.250;9.250;9.250;9.250;9.250;9.250;9.250;9.250;9.250;9.250;9.250;9.250;9.250;9.250;9.250;9.250;9.250;9.250;9.250;9.250;9.250;9.250;9.250;9.250;9.250;9.250;9.250;9.250;9.250;9.250;9.250;9.250;9.250;9.250;9.250;9.250;9.250;9.250;9.250;9.250;9.250;9.250;9.250;9.250;9.250;9.250;9.250;9.250;9.250;9.250;9.250;9.250;9.250;9.250;9.250;9.250;9.250;9.250;9.250;9.250;9.250;9.250;9.250;9.250;9.250;9.250;9.250;9.250;9.250;9.250;9.250;9.141;8.050;8.050;8.050;8.050;8.050;8.050;8.050;8.050;8.050;8.050;8.050;8.050;8.050
2020-06-01 00:00;8.300;8.300;8.119;8.300;8.300;8.300;8.300;8.300;8.300;8.300;8.300;8.300;8.300;8.300;8.300;8.300;8.300;8.300;8.300;8.300;8.300;8.300;8.300;8.300;8.300;8.300;8.300;8.300;8.300;8.300;8.300;8.300;8.300;8.300;8.300;8.300;8.300;8.300;8.300;8.300;8.300;8.300;8.300;8.300;8.300;8.300;8.300;8.300;8.300;8.300;8.496;9.105;9.088;8.900;8.987;8.900;8.900;9.188;9.022;8.900;9.009;8.900;8.900;9.230;9.067;8.900;8.900;9.143;8.900;8.939;8.900;8.900;8.900;8.900;8.900;8.900;8.900;8.900;8.900;8.900;9.058;8.900;8.900;8.900;8.945;8.900;8.900;8.977;9.026;8.900;9.140;8.987;8.900;8.900;8.900;9.123;9.048;8.900;8.900;8.900;8.900;8.900;8.900;9.101;8.900;8.900;8.900;9.105;8.900;8.900;8.900;8.900;8.900;8.900;8.900;9.182;8.900;8.900;8.900;8.900;8.900;8.900;8.900;8.900;8.900;8.900;8.900;8.900;8.900;9.148;9.183;8.900;8.900;8.900;8.900;9.177;8.900;8.900;8.900;8.900;8.900;8.900;9.169;8.900;8.900;8.900;8.900;9.160;8.900;8.900;8.900;8.900;8.900;9.072;8.900;8.900;8.900;8.900;8.900;8.900;8.900;8.900;8.900;8.900;8.900;9.170;8.900;8.900;8.900;8.900;8.900;8.900;8.900;8.900;9.128;8.900;8.900;8.900;8.900;8.900;8.900;8.900;8.845;8.300;8.300;8.300;8.300;8.300;8.300;8.300;8.300;8.300;8.051;8.300;8.300;8.300
2020-06-02 00:00;11.650;11.650;10.432;11.650;11.650;11.650;11.650;11.650;11.650;11.650;11.650;11.650;11.650;11.650;11.650;11.650;11.650;11.650;11.650;11.650;10.758;11.650;11.650;11.650;11.650;11.650;11.650;11.650;11.650;11.650;11.650;11.650;11.650;11.650;11.650;11.650;11.636;11.650;11.650;11.650;11.650;11.650;11.650;11.650;11.650;11.650;11.650;11.650;11.650;11.650;11.927;12.500;12.500;12.500;12.500;12.500;12.500;12.500;12.500;12.500;12.500;12.500;12.500;12.500;12.500;12.500;12.500;12.500;12.500;12.500;12.500;12.500;12.500;12.500;12.500;12.500;11.791;12.500;12.500;12.500;12.500;12.500;12.500;12.500;12.500;12.500;12.500;12.500;12.500;12.500;12.500;12.500;12.500;12.500;12.500;12.500;12.500;12.500;12.500;12.500;12.500;12.500;12.500;12.500;12.500;12.500;12.500;12.500;10.220;12.500;12.500;12.500;12.500;11.652;10.044;12.500;12.500;12.500;12.500;12.500;12.500;12.500;12.500;12.500;12.500;12.500;12.500;12.500;12.088;12.500;12.500;12.500;12.500;12.500;12.500;12.500;12.500;12.500;12.500;12.500;11.790;12.500;12.500;12.500;12.248;12.500;12.500;12.500;12.500;12.500;12.500;12.500;12.500;12.500;12.500;12.500;12.500;12.500;12.500;12.500;12.500;12.500;12.500;12.500;12.500;12.500;12.500;12.500;11.460;12.500;11.717;12.500;12.500;12.500;12.500;12.500;11.823;12.500;12.500;12.500;12.500;12.500;12.423;11.650;11.650;11.650;11.650;11.650;11.650;11.650;10.383;11.650;9.243;11.368;11.650;11.650
2020-06-03 00:00;14.550;14.550;13.457;14.550;14.550;14.550;14.550;14.550;14.550;14.550;14.550;14.550;14.550;14.550;14.550;14.550;14.550;14.550;14.550;14.550;12.200;14.550;14.550;14.550;14.550;14.550;14.550;14.550;14.550;14.550;14.550;12.645;14.550;14.550;14.550;14.550;14.533;14.550;14.550;14.550;14.550;14.550;14.550;14.550;14.550;14.550;14.550;14.550;14.550;14.550;14.713;15.050;15.050;15.050;15.050;15.050;15.050;15.050;15.050;15.050;15.050;15.050;15.050;15.050;15.050;15.050;15.050;15.050;15.050;15.050;15.050;15.050;15.050;15.050;15.050;15.050;12.901;15.050;15.050;15.050;15.050;15.050;15.050;15.050;15.050;15.050;15.050;14.254;15.050;15.050;15.050;15.050;15.050;15.050;15.050;15.050;15.050;15.050;15.050;15.050;15.050;15.050;13.530;15.050;15.050;15.050;15.050;15.050;11.740;15.050;15.050;15.050;15.050;13.649;11.367;15.050;15.050;15.050;15.050;15.050;15.050;15.050;15.050;15.050;15.050;15.050;15.050;15.050;12.536;14.708;15.050;15.050;15.050;15.050;15.050;15.050;15.050;15.050;15.050;15.050;15.050;15.050;14.797;14.198;13.221;15.050;15.050;15.050;15.050;15.050;15.050;15.050;15.050;15.050;15.050;15.050;14.978;15.050;15.050;15.050;15.050;15.050;15.050;15.050;15.050;15.050;15.050;15.050;12.569;15.050;12.739;15.050;15.050;15.050;14.934;15.050;12.583;15.050;15.050;15.050;15.050;15.050;15.005;14.550;14.550;14.550;14.550;14.550;14.550;14.550;13.168;14.550;11.559;14.118;14.550;14.550
2020-06-04 00:00;18.150;18.150;15.575;18.150;18.150;17.796;15.653;18.150;18.150;18.150;18.150;18.150;18.150;18.150;18.150;18.150;18.150;18.150;18.150;18.150;14.393;18.150;18.150;18.150;18.150;18.150;18.037;18.150;18.150;18.150;18.150;15.319;18.150;18.150;18.150;18.150;18.148;18.150;18.150;18.150;18.150;18.150;18.150;18.150;18.150;18.150;16.706;18.150;18.150;18.150;18.378;18.850;18.850;18.850;18.850;18.850;18.850;18.850;18.850;18.850;18.850;18.850;18.850;18.850;18.850;18.850;18.850;18.850;18.850;18.850;18.850;18.850;18.850;18.850;18.850;18.850;15.922;18.850;18.850;18.850;18.850;17.040;18.850;18.850;18.850;18.850;18.850;17.832;18.850;18.850;18.850;18.850;18.850;18.850;18.850;18.850;18.850;18.850;18.850;18.850;18.850;18.850;18.775;18.850;18.850;18.850;18.850;18.850;14.218;18.850;18.850;18.850;18.850;16.644;13.866;18.850;18.850;18.850;18.850;18.850;18.850;18.850;18.850;18.850;17.739;18.850;18.850;18.850;16.146;17.386;18.850;18.850;18.850;18.850;18.850;17.139;18.850;18.850;18.850;18.850;17.436;18.850;18.599;17.854;16.434;18.260;18.704;18.850;18.850;18.850;18.850;18.850;18.850;18.850;18.850;18.850;18.850;18.850;18.850;18.850;18.850;17.999;18.850;18.850;18.850;18.850;18.850;18.850;15.971;18.850;16.206;18.850;18.850;18.850;18.514;18.850;15.690;18.850;18.850;18.850;18.850;18.850;18.786;18.150;18.150;18.150;18.150;18.150;18.150;18.150;15.579;18.150;15.616;16.135;17.518;17.828
2020-06-05 00:00;22.200;22.200;19.207;22.200;21.479;20.773;21.338;22.200;22.200;22.200;22.200;22.200;22.200;22.200;22.200;22.200;22.200;22.200;22.200;22.200;17.170;22.200;22.200;22.200;22.200;22.200;20.137;22.200;22.200;22.200;22.200;17.998;22.200;22.200;22.200;21.709;22.200;22.200;22.200;22.200;22.200;22.200;22.200;22.200;22.200;22.200;20.231;22.200;22.200;22.200;22.216;22.250;22.250;22.250;22.250;22.250;22.250;22.250;22.250;22.250;22.250;22.250;22.250;22.250;22.250;22.250;22.250;22.250;22.250;22.250;19.267;22.250;22.250;22.250;22.250;22.250;17.784;22.250;22.250;22.250;22.250;21.441;22.250;22.250;22.250;22.250;22.250;19.389;22.250;22.250;22.250;22.250;22.250;22.250;22.250;22.250;22.250;22.250;22.250;22.250;22.250;22.250;22.250;22.250;22.250;22.250;22.250;22.250;15.361;22.250;22.250;22.250;22.250;18.489;15.025;22.250;22.250;22.250;22.250;22.250;22.250;22.250;22.250;22.250;19.296;22.250;20.041;21.093;16.961;19.605;22.250;22.250;21.448;22.250;22.250;20.510;22.250;22.250;22.250;22.250;22.250;20.697;20.087;19.442;18.018;19.133;19.022;19.948;22.250;22.250;22.250;22.250;22.250;22.250;22.250;22.250;22.250;22.250;22.250;22.250;22.078;19.279;22.188;22.250;22.250;22.250;22.250;22.250;17.706;22.250;17.411;22.250;22.065;22.250;20.566;22.250;17.001;22.250;22.250;22.250;22.250;22.250;22.245;22.200;22.200;22.200;22.200;21.851;22.200;22.200;19.764;22.200;22.200;19.983;20.900;20.585
2020-06-06 00:00;20.985;21.056;20.041;21.060;20.650;20.650;20.650;21.075;20.650;21.123;20.650;21.130;20.650;21.137;20.650;21.163;21.164;20.650;21.179;21.200;20.650;21.214;20.650;20.650;20.650;21.221;20.650;21.239;21.248;20.650;21.283;18.207;21.309;20.650;21.323;20.650;21.333;21.336;21.378;21.398;21.423;21.504;21.516;20.650;21.578;21.623;20.650;21.675;21.725;21.788;21.889;21.941;21.937;21.750;21.913;21.750;21.893;21.877;21.837;21.750;21.833;21.806;21.750;21.795;21.750;21.750;22.235;22.195;21.750;22.161;20.949;22.157;21.966;21.846;21.750;21.750;21.388;21.750;21.750;22.075;22.002;21.750;21.981;21.983;21.936;21.928;21.878;21.750;21.843;21.825;21.802;21.773;21.750;21.753;21.750;21.750;21.846;21.830;21.750;21.750;21.750;21.756;21.750;21.750;21.750;21.750;21.750;21.775;19.146;21.750;21.750;21.750;21.750;21.750;18.613;21.884;21.750;21.839;21.750;21.750;21.750;21.750;21.750;21.750;21.750;21.750;21.750;21.750;21.750;21.750;21.750;21.750;21.750;21.750;21.750;21.750;21.750;21.750;21.750;21.750;21.750;21.750;21.750;21.750;21.750;21.750;20.295;20.288;21.750;21.776;21.750;21.817;21.750;21.775;21.750;21.750;21.750;21.750;21.750;21.750;21.750;19.290;21.750;21.750;21.750;21.750;21.750;21.750;17.961;21.750;18.662;21.750;21.750;21.750;20.711;21.750;19.470;21.750;21.750;21.750;21.750;21.750;21.650;20.650;20.650;20.650;20.650;20.650;20.650;20.650;20.650;20.650;20.650;20.104;20.650;20.650
2020-06-07 00:00;16.400;16.400;16.400;16.400;16.400;16.400;16.400;16.400;16.400;16.400;16.400;16.400;16.400;16.400;16.400;16.400;16.400;16.400;16.400;16.400;16.400;16.400;16.400;16.400;16.400;16.400;16.400;16.400;16.400;16.400;16.400;16.400;16.400;16.400;16.400;16.400;16.400;16.400;16.400;16.400;16.400;16.400;16.400;16.400;16.400;16.400;16.400;16.400;16.400;16.400;16.596;17.000;17.000;17.000;17.000;17.000;17.000;17.000;17.000;17.000;17.000;17.000;17.000;17.000;17.000;17.000;17.000;17.000;17.000;17.000;17.000;17.000;17.000;17.000;17.000;17.000;17.000;17.000;17.000;17.000;17.000;17.000;17.000;17.000;17.000;17.000;17.000;17.000;17.000;17.000;17.000;17.000;17.000;17.000;17.000;17.000;17.000;17.000;17.000;17.000;17.000;17.000;17.000;17.000;17.000;17.000;17.000;17.000;17.000;17.000;17.000;17.000;17.000;17.000;17.000;17.000;17.000;17.000;17.000;17.000;17.000;17.000;17.000;17.000;17.000;17.000;17.000;17.000;17.000;17.000;17.000;17.000;17.000;17.000;17.000;17.000;17.000;17.000;17.000;17.000;17.000;17.000;17.000;17.000;17.000;17.000;17.000;17.000;17.000;17.000;17.000;17.000;17.000;17.000;17.000;17.000;17.000;17.000;17.000;17.000;17.000;17.000;17.000;17.000;17.000;17.000;17.000;17.000;17.000;17.000;17.000;17.000;17.000;17.000;17.000;17.000;17.000;17.000;17.000;17.000;17.000;17.000;16.945;16.400;16.400;16.400;16.400;16.400;16.400;16.400;16.400;16.400;16.400;16.400;16.400;16.400
2020-06-08 00:00;15.968;15.779;15.750;15.776;15.792;15.750;15.750;15.750;15.750;16.334;15.750;16.315;15.750;16.291;15.750;16.243;16.241;15.750;16.194;16.129;15.750;16.082;16.054;15.750;15.750;16.060;15.750;16.017;16.001;15.750;15.897;15.750;15.825;15.750;15.784;15.750;15.753;15.750;16.317;16.316;16.251;16.101;16.070;15.750;15.959;15.867;15.750;15.750;16.371;16.262;16.076;16.959;16.946;16.750;16.869;16.750;16.803;16.750;16.880;16.750;16.869;16.785;16.750;16.750;16.877;16.750;16.750;16.936;16.750;16.780;16.750;16.750;16.750;16.750;16.750;16.750;16.750;16.750;16.750;16.750;16.863;16.750;16.750;16.750;16.785;16.750;16.750;16.750;16.839;16.750;16.922;16.815;16.750;16.750;16.750;16.925;16.889;16.750;16.750;16.750;16.750;16.750;16.750;16.900;16.750;16.750;16.750;16.984;16.750;16.750;16.750;16.750;16.750;16.750;16.750;16.750;16.750;16.750;16.750;16.750;16.750;16.750;16.750;16.750;16.750;16.750;16.750;16.951;16.750;16.750;16.750;16.750;16.750;16.750;16.750;16.750;16.750;16.806;16.750;16.750;16.750;16.750;16.984;16.750;16.750;16.750;16.750;16.750;16.750;16.923;16.750;16.750;16.750;16.964;16.886;16.750;16.750;16.876;16.750;16.750;16.750;16.750;16.750;16.750;16.750;16.750;16.750;16.750;16.750;16.750;16.750;16.750;16.750;16.750;16.750;16.750;16.750;16.750;16.750;16.750;16.750;16.750;16.659;15.750;15.750;15.750;15.750;15.750;15.750;15.750;15.750;15.750;15.750;15.750;15.750;15.750
2020-06-09 00:00;17.300;17.300;16.513;17.300;17.268;17.154;16.417;17.300;17.300;17.300;17.300;17.300;17.300;17.300;17.300;17.300;17.300;17.300;17.300;17.300;17.300;17.300;17.300;17.300;17.300;17.300;17.204;17.300;17.300;17.300;17.300;17.300;17.300;17.300;17.300;17.300;17.300;17.300;17.300;17.300;17.300;17.300;17.300;17.300;17.300;17.300;16.076;17.300;17.300;17.300;17.365;17.500;17.500;17.500;17.500;17.500;17.500;17.500;17.500;17.500;17.500;17.500;17.500;17.500;17.500;17.500;17.500;17.500;17.453;17.500;17.500;17.500;17.500;17.500;17.500;17.500;17.500;17.500;17.500;17.500;17.500;17.500;17.500;17.500;17.500;17.500;17.500;17.500;17.500;17.500;17.500;17.500;17.500;17.500;17.500;17.500;17.500;17.500;17.500;17.500;17.500;17.500;17.500;17.500;17.500;17.500;17.500;17.500;17.500;17.500;17.500;17.500;17.500;17.500;17.500;17.500;17.500;17.500;17.500;17.500;17.500;17.500;17.500;17.500;17.500;17.500;17.500;17.500;17.500;17.500;17.500;17.500;17.500;17.500;17.500;17.500;17.500;17.500;17.500;17.500;17.500;17.500;17.500;17.500;17.500;17.500;17.500;17.500;17.500;17.500;17.500;17.500;17.500;17.500;17.500;17.500;17.500;17.500;17.500;17.500;17.500;17.500;17.500;17.500;17.500;17.500;17.500;17.500;17.500;17.500;17.500;17.500;17.500;17.500;17.500;17.500;17.500;17.500;17.500;17.500;17.500;17.500;17.482;17.300;17.300;17.300;17.300;17.300;17.300;17.300;17.300;17.300;16.672;16.839;16.633;17.239
2020-06-10 00:00;19.750;19.750;18.480;19.750;19.484;19.362;18.007;19.750;19.750;19.750;19.750;19.750;19.750;19.750;19.750;19.750;19.750;19.750;19.750;19.750;19.750;19.750;19.750;19.750;19.750;19.750;19.045;19.750;19.750;19.750;19.750;19.750;19.750;19.750;19.750;19.698;19.750;19.750;19.750;19.750;19.750;19.750;19.750;19.750;19.750;19.750;19.121;19.750;19.750;19.750;20.402;21.750;21.750;21.750;21.750;21.750;21.750;21.750;21.750;21.750;21.750;21.750;21.750;21.750;21.750;21.750;21.750;21.750;21.750;21.750;21.750;21.750;21.750;21.750;21.750;21.750;21.750;21.750;21.750;21.750;21.750;21.151;21.750;21.750;21.750;21.750;21.750;19.870;21.750;21.750;21.750;21.750;21.664;21.750;21.750;21.750;21.750;21.750;21.750;21.750;21.750;21.750;20.211;21.750;21.750;21.750;21.750;21.750;21.750;21.750;21.750;21.750;21.750;18.079;21.750;21.750;21.750;21.750;21.750;21.750;21.750;21.750;21.750;21.750;19.577;21.750;21.750;21.750;21.750;20.251;21.750;21.750;21.750;21.750;21.750;20.883;21.750;21.750;21.750;21.750;21.750;21.750;21.750;21.750;21.750;21.206;21.574;21.750;21.750;21.750;21.750;21.750;21.750;21.750;21.750;21.750;21.750;21.750;21.750;21.750;21.750;20.758;21.750;21.750;21.750;21.750;21.750;21.750;21.750;21.750;21.750;21.750;21.750;21.750;20.607;21.750;18.056;21.750;21.750;21.750;21.750;21.750;21.568;19.750;19.750;19.750;19.750;19.750;19.750;19.750;18.045;19.750;19.245;19.132;19.307;19.213
2020-06-11 00:00;23.300;23.300;21.901;23.300;23.300;23.261;22.763;23.300;23.300;23.300;23.300;23.300;23.300;23.300;23.300;23.300;23.300;23.300;23.300;23.300;23.300;23.300;23.300;23.300;23.300;23.300;23.300;23.300;23.300;23.300;23.300;23.300;23.300;23.300;23.300;23.300;23.300;23.300;23.300;23.300;23.300;23.300;23.300;23.300;23.300;23.300;22.599;23.300;23.300;23.300;23.593;24.200;24.200;24.200;24.200;24.200;24.200;24.200;24.200;24.200;24.200;24.200;24.200;24.200;24.200;24.200;24.200;24.200;24.086;24.200;22.671;24.200;24.200;24.200;24.200;24.200;24.200;24.200;24.200;24.200;24.200;23.066;24.200;24.200;24.200;24.200;24.200;22.768;24.200;24.200;24.200;24.200;22.638;24.200;24.200;24.200;24.200;24.200;24.200;24.200;24.200;24.200;23.199;24.200;24.200;24.200;24.200;24.200;22.042;24.200;24.200;24.200;24.200;23.848;24.200;24.200;24.200;24.200;24.200;24.200;24.200;24.200;24.200;24.200;22.509;24.200;24.200;24.200;24.200;23.103;23.400;24.200;22.748;24.200;22.398;22.463;24.200;24.200;24.200;24.200;24.200;24.200;24.200;24.200;24.200;22.462;23.346;22.492;24.200;24.200;24.200;24.200;24.200;24.200;24.200;24.200;22.528;24.200;24.200;24.200;24.200;23.430;24.200;24.200;24.200;23.404;24.200;24.200;24.200;24.200;24.200;23.965;24.200;24.200;23.840;24.200;22.222;24.200;24.200;24.200;24.200;24.200;24.118;23.300;23.300;23.300;23.300;23.300;23.300;23.300;21.950;23.300;23.300;22.768;22.905;23.300
2020-06-12 00:00;18.150;18.150;18.150;18.150;18.150;18.150;18.150;18.150;18.150;18.150;18.150;18.150;18.150;18.150;18.150;18.150;18.150;18.150;18.150;18.150;18.150;18.150;18.150;18.150;18.150;18.150;18.150;18.150;18.150;18.150;18.150;18.150;18.150;18.150;18.150;18.150;18.150;18.150;18.150;18.150;18.150;18.150;18.150;18.150;18.150;18.150;18.150;18.150;18.150;18.150;18.264;18.500;18.500;18.500;18.500;18.500;18.500;18.500;18.500;18.500;18.500;18.500;18.500;18.500;18.500;18.500;18.500;18.500;18.500;18.500;18.500;18.500;18.500;18.500;18.500;18.500;18.500;18.500;18.500;18.500;18.500;18.500;18.500;18.500;18.500;18.500;18.500;18.500;18.500;18.500;18.500;18.500;18.500;18.500;18.500;18.500;18.500;18.500;18.500;18.500;18.500;18.500;18.500;18.500;18.500;18.500;18.500;18.500;18.500;18.500;18.500;18.500;18.500;18.500;18.500;18.500;18.500;18.500;18.500;18.500;18.500;18.500;18.500;18.500;18.500;18.500;18.500;18.500;18.500;18.500;18.500;18.500;18.500;18.500;18.500;18.500;18.500;18.500;18.500;18.500;18.500;18.500;18.500;18.500;18.500;18.500;18.500;18.500;18.500;18.500;18.500;18.500;18.500;18.500;18.500;18.500;18.500;18.500;18.500;18.500;18.500;18.500;18.500;18.500;18.500;18.500;18.500;18.500;18.500;18.500;18.500;18.500;18.500;18.500;18.500;18.500;18.500;18.500;18.500;18.500;18.500;18.500;18.468;18.150;18.150;18.150;18.150;18.150;18.150;18.150;18.150;18.150;18.150;18.150;18.150;18.150
2020-06-13 00:00;11.650;11.650;11.650;11.650;11.650;11.650;11.650;11.650;11.650;11.650;11.650;11.650;11.650;11.650;11.650;11.650;11.650;11.650;11.650;11.650;11.650;11.650;11.650;11.650;11.650;11.650;11.650;11.650;11.650;11.650;11.650;11.650;11.650;11.650;11.650;11.650;11.650;11.650;11.650;11.650;11.650;11.650;11.650;11.650;11.650;11.650;11.650;11.650;11.650;11.650;11.797;12.100;12.100;12.100;12.100;12.100;12.100;12.100;12.100;12.100;12.100;12.100;12.100;12.100;12.100;12.100;12.100;12.100;12.100;12.100;12.100;12.100;12.100;12.100;12.100;12.100;12.100;12.100;12.100;12.100;12.100;12.100;12.100;12.100;12.100;12.100;12.100;12.100;12.100;12.100;12.100;12.100;12.100;12.100;12.100;12.100;12.100;12.100;12.100;12.100;12.100;12.100;12.100;12.100;12.100;12.100;12.100;12.100;12.100;12.100;12.100;12.100;12.100;12.100;12.100;12.100;12.100;12.100;12.100;12.100;12.100;12.100;12.100;12.100;12.100;12.100;12.100;12.100;12.100;12.100;12.100;12.100;12.100;12.100;12.100;12.100;12.100;12.100;12.100;12.100;12.100;12.100;12.100;12.100;12.100;12.100;12.100;12.100;12.100;12.100;12.100;12.100;12.100;12.100;12.100;12.100;12.100;12.100;12.100;12.100;12.100;12.100;12.100;12.100;12.100;12.100;12.100;12.100;12.100;12.100;12.100;12.100;12.100;12.100;12.100;12.100;12.100;12.100;12.100;12.100;12.100;12.100;12.059;11.650;11.650;11.650;11.650;11.650;11.650;11.650;11.650;11.650;11.650;11.650;11.650;11.650
2020-06-14 00:00;14.650;14.650;14.650;14.650;14.650;14.650;14.650;14.650;14.650;14.650;14.650;14.650;14.650;14.650;14.650;14.650;14.650;14.650;14.650;14.650;13.257;14.650;14.650;14.650;14.650;14.650;14.650;14.650;14.650;14.650;14.650;14.650;14.650;14.650;14.650;14.650;14.650;14.650;14.650;14.650;14.650;14.650;14.650;14.650;14.650;14.650;14.650;14.650;14.650;14.650;14.275;13.500;13.500;13.500;13.500;13.500;13.500;13.500;13.500;13.500;13.500;13.500;13.500;13.500;13.500;13.500;13.500;13.500;13.500;13.500;13.500;13.500;13.500;13.500;13.500;13.500;13.500;13.500;13.500;13.500;13.500;13.500;13.500;13.500;13.500;13.500;13.500;13.500;13.500;13.500;13.500;13.500;13.500;13.500;13.500;13.500;13.500;13.500;13.500;13.500;13.500;13.500;13.500;13.500;13.500;13.500;13.500;13.500;13.500;13.500;13.500;13.500;13.500;13.267;13.500;13.500;13.500;13.500;13.500;13.500;13.500;13.500;13.500;13.500;13.500;13.500;13.500;13.500;13.500;13.500;13.500;13.500;13.500;13.500;13.500;13.500;13.500;13.500;13.500;13.500;13.500;13.500;13.500;13.500;13.084;13.500;13.500;13.500;13.500;13.500;13.500;13.500;13.500;13.500;13.500;13.500;13.500;13.500;13.500;13.500;13.500;13.500;13.500;13.500;13.500;13.500;13.500;13.500;12.510;13.500;12.333;13.500;13.500;13.500;13.500;13.500;13.500;13.500;13.500;13.500;13.500;13.500;13.605;14.650;14.650;14.650;14.650;14.650;14.650;14.650;14.650;14.650;14.650;14.650;14.650;14.650
2020-06-15 00:00;15.400;15.400;15.400;15.400;15.400;15.400;15.400;15.400;15.400;15.400;15.400;15.400;15.400;15.400;15.400;15.400;15.400;14.745;15.400;15.400;15.400;15.400;15.400;15.400;15.400;15.400;15.400;15.400;15.400;15.400;15.400;15.400;15.400;15.400;15.400;15.400;15.400;15.400;15.400;15.400;15.400;15.400;15.400;15.400;15.400;15.400;15.400;15.400;15.400;15.400;15.188;14.750;14.750;14.750;14.750;14.750;14.750;14.750;14.750;14.750;14.750;14.750;14.750;14.750;14.750;14.750;14.750;14.750;14.750;14.750;14.750;14.750;14.750;14.750;14.750;14.750;14.750;14.750;14.750;14.750;14.750;14.750;14.750;14.750;14.750;14.750;14.750;14.750;14.750;14.750;14.750;14.750;14.750;14.750;14.750;14.750;14.750;14.750;14.750;14.750;14.750;14.750;14.750;14.750;14.750;14.750;14.750;14.750;14.750;14.750;14.750;14.750;14.750;13.336;14.750;14.750;14.750;14.750;14.750;14.750;14.750;14.750;14.750;14.750;14.586;14.750;14.750;14.750;14.750;14.511;14.750;14.750;14.750;14.750;14.750;14.750;14.750;14.750;14.750;14.750;14.750;14.750;14.750;14.750;13.475;14.750;14.750;14.750;14.750;14.750;14.750;14.750;14.750;14.750;14.750;14.750;14.750;14.750;14.750;14.750;14.750;14.750;14.750;14.750;14.750;14.750;14.750;14.750;13.174;14.750;13.558;14.750;14.750;14.750;14.750;14.750;14.750;14.750;14.750;14.750;14.750;14.750;14.809;15.400;15.400;15.400;15.400;15.400;15.400;15.400;15.400;15.400;15.400;15.400;15.400;15.400
2020-06-16 00:00;18.500;18.500;16.023;18.500;18.500;18.500;18.500;18.500;18.500;18.500;18.500;18.500;18.500;18.500;18.500;18.500;18.500;18.500;18.500;18.500;18.500;18.500;18.500;18.500;18.500;18.500;18.500;18.500;18.500;18.500;18.500;18.500;18.500;18.500;18.500;18.500;18.500;18.500;18.500;18.500;18.500;18.500;18.500;18.500;18.500;18.500;16.488;18.500;18.500;18.500;18.304;17.900;17.900;17.900;17.900;17.900;17.900;17.900;17.900;17.900;17.900;17.900;17.900;17.900;17.900;17.900;17.900;17.900;17.900;17.900;17.900;17.900;17.900;17.900;17.900;17.900;17.900;17.900;17.900;17.900;17.900;17.900;17.900;17.900;17.900;17.900;17.900;17.900;17.900;17.900;17.900;17.900;17.900;17.900;17.900;17.900;17.900;17.900;17.900;17.900;17.900;17.900;17.900;17.900;17.900;17.900;17.900;17.900;17.900;17.900;17.900;17.900;17.900;17.900;17.900;17.900;17.900;17.900;17.900;17.900;17.900;17.900;17.900;17.900;17.900;17.900;17.900;17.900;14.894;17.900;17.900;17.900;17.900;17.900;17.900;17.900;17.900;17.900;17.900;17.900;17.900;17.900;17.900;17.900;17.900;17.900;17.900;17.900;17.900;17.900;17.900;17.900;17.900;17.900;17.900;17.900;17.900;17.900;17.900;17.900;17.900;17.900;17.900;17.900;17.900;17.900;17.900;17.900;17.633;17.900;17.211;17.900;17.900;17.900;17.900;17.900;17.900;17.900;17.900;17.900;17.900;17.900;17.955;18.500;18.500;18.500;18.500;18.500;18.500;18.500;16.963;18.500;18.500;17.532;18.500;18.500
2020-06-17 00:00;21.150;21.150;19.762;21.150;20.083;19.430;21.150;21.150;21.150;21.150;21.150;21.150;21.150;21.150;19.736;21.150;21.150;18.654;21.150;21.150;21.150;21.150;21.150;21.150;21.150;21.150;21.150;21.150;21.150;21.150;21.150;21.150;21.150;19.668;21.150;21.150;21.150;21.150;21.150;21.150;21.150;21.150;21.150;21.150;21.150;21.150;19.915;21.150;21.150;21.150;21.443;22.050;22.050;22.050;22.050;22.050;22.050;22.050;22.050;22.050;22.050;22.050;22.050;22.050;22.050;22.050;22.050;22.050;22.050;22.050;22.050;22.050;22.050;22.050;22.050;22.050;22.050;22.050;22.050;22.050;22.050;22.050;22.050;22.050;22.050;22.050;22.050;22.050;22.050;22.050;22.050;22.050;22.050;22.050;22.050;22.050;22.050;22.050;22.050;22.050;22.050;22.050;22.050;22.050;22.050;22.050;22.050;22.050;22.050;22.050;22.050;22.050;22.050;17.954;22.050;22.050;22.050;22.050;22.050;22.050;22.050;22.050;22.050;22.050;20.303;22.050;22.050;22.050;19.326;20.950;22.050;22.050;22.050;22.050;22.050;22.050;22.050;22.050;22.050;22.050;22.050;22.050;22.050;22.050;18.765;21.635;21.763;22.050;22.050;22.050;22.050;22.050;22.050;22.050;22.050;22.050;22.050;22.050;22.050;22.050;22.050;21.008;22.050;22.050;22.050;22.050;22.050;22.050;18.901;22.050;18.363;22.050;22.050;22.050;22.050;22.050;22.050;22.050;22.050;22.050;22.050;22.050;21.968;21.150;21.150;20.535;21.150;18.645;21.150;21.150;18.487;20.252;21.150;18.571;21.150;21.150
2020-06-18 00:00;23.600;23.600;23.600;23.600;23.600;23.402;23.600;23.600;23.600;23.600;23.600;23.600;23.065;23.600;23.600;23.600;23.600;23.600;23.600;23.600;23.600;23.600;23.600;22.135;23.600;23.600;23.600;23.600;23.600;23.600;23.600;23.600;23.600;23.600;23.600;23.600;23.600;23.600;23.600;23.600;23.600;23.600;23.600;21.745;23.600;23.600;23.600;23.600;23.600;23.600;23.812;24.250;24.250;24.250;24.250;22.932;24.250;24.250;24.250;24.250;24.250;24.250;24.250;24.250;24.250;24.250;24.250;24.250;24.250;24.250;24.250;24.250;24.250;24.250;24.250;24.250;24.250;24.250;24.250;24.250;24.250;24.250;24.250;24.250;24.250;24.250;24.250;24.250;24.250;24.250;24.250;24.250;24.250;24.250;24.250;24.250;24.250;24.250;24.250;24.250;24.250;24.250;24.250;24.250;24.250;24.250;24.250;24.250;24.250;24.250;24.250;24.250;24.250;24.250;24.250;24.250;24.250;24.250;24.250;24.250;24.250;24.250;24.250;24.250;21.387;24.250;24.250;23.151;24.250;21.324;24.250;24.250;22.757;24.250;24.250;24.250;24.250;24.250;24.250;24.250;24.250;24.250;24.250;24.250;23.188;24.250;24.250;24.250;24.250;24.250;24.250;24.250;24.250;24.250;24.250;24.250;24.250;24.250;24.250;24.250;23.160;22.328;24.250;24.250;24.250;24.250;24.250;24.250;22.168;23.955;22.885;24.250;24.250;24.250;24.250;24.250;24.250;22.863;24.250;24.250;24.250;24.250;24.191;23.600;23.600;23.600;23.600;23.600;23.600;23.600;20.575;23.600;23.600;22.041;23.600;23.600
2020-06-19 00:00;24.750;24.750;24.750;24.750;24.750;24.750;24.750;24.750;24.750;24.750;24.750;24.750;24.750;24.750;24.750;24.750;24.750;24.750;24.750;24.750;24.750;24.750;24.750;24.750;24.750;24.750;24.750;24.750;24.750;24.750;24.750;24.750;24.750;24.750;24.750;24.750;24.750;24.750;24.750;24.750;24.750;24.750;24.750;24.750;24.750;24.750;24.750;24.750;24.750;24.750;24.995;25.500;25.500;25.500;25.500;25.500;25.500;25.500;25.500;25.500;25.500;25.500;25.500;25.500;25.500;25.500;25.500;25.500;25.500;25.500;25.500;25.500;25.500;25.500;25.500;25.500;25.500;25.500;25.500;25.500;25.500;25.500;25.500;25.500;25.500;25.500;25.500;25.500;25.500;25.500;25.500;25.500;25.500;25.500;25.041;25.500;25.500;25.500;25.500;25.500;25.500;25.500;25.500;25.500;25.500;25.500;25.500;25.500;25.500;25.500;25.500;25.500;25.500;25.500;25.500;25.500;25.500;25.500;25.500;25.500;25.500;25.500;25.500;25.500;22.327;25.500;25.500;25.500;25.500;24.589;25.500;25.500;25.500;25.500;25.500;25.500;24.793;25.341;25.325;25.500;25.500;25.500;25.500;25.218;25.500;25.500;25.500;25.500;25.500;25.500;25.500;25.500;25.500;25.500;25.500;25.500;25.500;25.500;25.500;25.500;25.500;25.500;25.500;25.500;25.500;25.500;25.500;25.500;25.500;25.500;25.500;25.500;25.500;25.500;25.500;25.500;25.500;25.500;25.500;25.500;25.500;25.500;25.432;24.750;24.750;24.750;23.803;24.750;24.750;24.750;24.750;24.750;24.750;24.750;24.750;24.750
2020-06-20 00:00;24.993;25.037;25.450;25.037;25.392;25.450;25.450;25.042;25.450;25.081;25.450;25.084;25.450;25.087;25.450;25.105;25.105;25.450;25.113;25.123;25.450;25.131;25.277;25.450;25.450;25.135;25.450;25.140;25.142;25.450;25.158;25.450;25.170;25.450;25.175;25.450;25.180;25.180;25.206;25.206;25.220;25.267;25.273;25.450;25.304;25.351;25.450;25.379;25.412;25.450;25.792;26.500;26.500;26.500;26.500;26.500;26.500;26.500;26.500;26.500;26.500;26.500;26.500;26.500;26.500;26.500;26.500;26.500;26.500;26.500;26.500;26.500;26.500;26.500;26.389;26.500;26.500;26.500;26.500;26.500;26.500;26.500;26.500;26.500;26.500;26.500;26.500;26.500;26.481;26.444;26.487;26.442;26.500;26.410;26.500;26.394;26.500;26.500;26.500;26.500;26.500;26.500;26.500;26.500;26.500;26.500;26.500;26.500;26.500;26.391;26.254;26.500;26.500;26.500;26.500;26.500;26.500;26.500;26.500;26.001;25.689;26.500;26.009;26.500;24.753;26.500;26.500;26.405;26.500;26.500;26.500;26.500;26.500;26.500;26.500;26.500;26.500;25.659;25.859;25.977;26.500;26.336;26.500;26.460;26.500;26.500;26.500;26.500;26.500;26.418;26.500;26.472;26.500;26.466;26.500;26.500;26.500;26.455;26.500;26.500;26.500;26.500;26.500;26.500;26.500;26.500;26.500;26.500;26.500;26.500;26.500;26.500;26.500;26.500;26.500;26.500;26.500;26.500;26.500;26.500;26.500;26.500;26.405;25.450;25.450;25.450;25.450;25.450;25.450;25.450;25.450;25.450;25.450;25.450;25.450;25.450
2020-06-21 00:00;26.000;26.000;26.000;26.000;25.836;26.000;26.000;26.000;26.000;26.000;26.000;26.000;26.000;26.000;26.000;26.000;26.000;26.000;25.978;25.948;26.000;25.925;25.996;26.000;26.000;25.915;26.000;25.886;25.878;26.000;25.828;26.000;25.796;26.000;25.776;26.000;25.764;25.763;25.722;25.713;25.685;25.636;25.629;26.000;25.608;25.618;26.000;25.610;25.613;25.628;25.674;25.000;25.000;25.000;25.000;25.000;25.000;25.000;25.000;25.000;25.000;25.000;25.000;25.000;25.000;25.000;25.000;25.000;25.000;25.000;25.000;25.000;25.000;25.000;25.000;25.000;25.000;25.000;25.000;25.000;25.000;25.000;25.000;25.000;25.000;25.000;25.000;25.000;25.000;25.000;25.000;25.000;25.000;25.000;25.000;25.000;25.000;25.000;25.000;25.000;25.000;25.000;25.000;25.000;25.000;25.000;25.000;25.000;25.000;25.000;25.000;25.000;25.000;25.000;25.000;25.000;25.000;25.000;25.000;25.000;25.000;25.000;25.000;25.000;25.000;25.000;25.000;25.000;25.000;25.000;25.000;25.000;25.000;25.000;25.000;25.000;25.000;25.000;25.000;25.000;25.000;25.000;25.000;25.000;25.000;25.000;25.000;25.000;25.000;25.000;25.000;25.000;25.000;25.000;25.000;25.000;25.000;25.000;25.000;25.000;25.000;25.000;25.000;25.000;25.000;25.000;25.000;25.000;25.000;25.000;25.000;25.000;25.000;25.000;25.000;25.000;25.000;25.000;25.000;25.000;25.000;25.000;25.091;26.000;26.000;26.000;26.000;26.000;26.000;26.000;26.000;26.000;26.000;26.000;26.000;26.000
2020-06-22 00:00;26.225;26.423;26.450;26.424;26.383;26.450;26.450;26.450;26.450;26.095;26.450;26.111;26.450;26.129;26.450;26.184;26.185;26.450;26.224;26.273;26.450;26.304;26.049;26.450;26.450;26.317;26.450;26.339;26.347;26.450;26.393;26.450;26.415;26.450;26.422;26.450;26.427;26.427;26.450;26.450;26.450;26.450;26.450;26.450;26.450;26.450;26.450;26.450;26.450;26.450;26.711;27.250;27.250;27.250;27.250;25.203;27.250;27.250;27.250;27.250;27.250;27.250;27.250;27.250;27.250;27.250;27.250;27.250;27.250;27.250;27.250;27.250;27.250;27.250;27.250;27.250;27.250;27.250;27.250;27.250;27.250;26.349;27.250;27.250;27.250;27.250;27.250;27.250;27.250;27.250;27.250;27.250;27.250;27.250;27.250;27.250;27.250;27.250;27.250;27.250;27.250;27.250;27.250;27.250;27.250;27.250;27.250;27.250;27.250;27.250;27.250;27.250;27.250;27.250;27.250;27.250;27.250;27.250;27.250;27.250;27.250;27.250;27.250;27.250;27.250;27.250;27.250;27.250;27.250;27.250;27.250;27.250;27.250;27.250;27.250;27.250;27.250;27.250;27.250;27.250;27.250;27.250;27.250;27.250;27.250;27.250;27.250;26.715;27.250;27.250;27.250;27.250;27.250;27.250;27.250;27.250;25.653;27.250;27.250;27.250;27.250;27.250;27.250;27.250;27.250;27.250;27.250;27.250;27.250;27.250;27.250;27.250;27.250;27.250;27.250;27.250;27.250;27.250;27.250;27.250;27.250;27.250;27.177;26.450;26.450;26.450;26.450;26.450;26.450;26.450;26.450;26.450;26.450;26.450;26.450;26.450
2020-06-23 00:00;25.100;25.100;25.100;25.100;25.100;25.100;25.100;25.100;25.100;25.100;25.100;25.100;25.100;25.100;25.100;25.100;25.100;25.100;25.100;25.100;25.100;25.100;25.100;25.100;25.100;25.100;25.100;25.100;25.100;25.100;25.100;25.100;25.100;25.100;25.100;25.100;25.100;25.100;25.100;25.100;25.100;25.100;25.100;25.100;25.100;25.100;25.100;25.100;25.100;25.100;25.149;25.250;25.250;25.250;25.250;25.250;25.250;25.250;25.250;25.250;25.250;25.250;25.250;25.250;25.250;25.250;25.250;25.250;25.250;25.250;25.250;25.250;25.250;25.250;25.250;25.250;25.250;25.250;25.250;25.250;25.250;25.250;25.250;25.250;25.250;25.250;25.250;25.250;25.250;25.250;25.250;25.250;25.250;25.250;25.250;25.250;25.250;25.250;25.250;25.250;25.250;25.250;25.250;25.250;25.250;25.250;25.250;25.250;25.250;25.250;25.250;25.250;25.250;25.250;25.250;25.250;25.250;25.250;25.250;25.250;25.250;25.250;25.250;25.250;25.250;25.250;25.250;25.250;25.250;25.250;25.250;25.250;25.250;25.250;25.250;25.250;25.250;25.250;25.250;25.250;25.250;25.250;25.250;25.250;25.250;25.250;25.250;25.250;25.250;25.250;25.250;25.250;25.250;25.250;25.250;25.250;25.250;25.250;25.250;25.250;25.250;25.250;25.250;25.250;25.250;25.250;25.250;25.250;25.250;25.250;25.250;25.250;25.250;25.250;25.250;25.250;25.250;25.250;25.250;25.250;25.250;25.250;25.236;25.100;25.100;25.100;25.100;25.100;25.100;25.100;25.100;25.100;25.100;25.100;25.100;25.100
2020-06-24 00:00;21.250;21.250;21.250;21.250;21.250;21.250;21.250;21.250;21.250;21.250;21.250;21.250;21.250;21.250;21.250;21.250;21.250;21.250;21.250;21.250;21.250;21.250;21.250;21.250;21.250;21.250;21.250;21.250;21.250;21.250;21.250;21.250;21.250;21.250;21.250;21.250;21.250;21.250;21.250;21.250;21.250;21.250;21.250;21.250;21.250;21.250;21.250;21.250;21.250;21.250;21.168;21.000;21.000;21.000;21.000;21.000;21.000;21.000;21.000;21.000;21.000;21.000;21.000;21.000;21.000;21.000;21.000;21.000;21.000;21.000;21.000;21.000;21.000;21.000;21.000;21.000;21.000;21.000;21.000;21.000;21.000;21.000;21.000;21.000;21.000;21.000;21.000;21.000;21.000;21.000;21.000;21.000;21.000;21.000;21.000;21.000;21.000;21.000;21.000;21.000;21.000;21.000;21.000;21.000;21.000;21.000;21.000;21.000;21.000;21.000;21.000;21.000;21.000;21.000;21.000;21.000;21.000;21.000;21.000;21.000;21.000;21.000;21.000;21.000;21.000;21.000;21.000;21.000;21.000;21.000;21.000;21.000;21.000;21.000;21.000;21.000;21.000;21.000;21.000;21.000;21.000;21.000;21.000;21.000;21.000;21.000;21.000;21.000;21.000;21.000;21.000;21.000;21.000;21.000;21.000;21.000;21.000;21.000;21.000;21.000;21.000;21.000;21.000;21.000;21.000;21.000;21.000;21.000;21.000;21.000;21.000;21.000;21.000;21.000;21.000;21.000;21.000;21.000;21.000;21.000;21.000;21.000;21.023;21.250;21.250;21.250;21.250;21.250;21.250;21.250;21.250;21.250;21.250;21.250;21.250;21.250
2020-06-25 00:00;21.145;21.151;20.350;21.154;20.353;20.350;20.350;21.170;20.350;21.154;20.350;21.151;20.350;21.146;20.350;21.137;21.137;20.350;21.126;21.114;20.350;21.104;20.413;20.350;20.350;21.099;20.350;21.090;21.088;20.350;21.070;20.350;21.055;20.350;21.047;20.350;21.040;21.046;21.024;21.053;21.034;21.019;21.012;20.350;21.027;21.013;20.350;21.007;20.971;20.944;20.880;20.762;20.750;20.750;20.961;20.750;20.909;20.867;20.759;20.750;20.750;20.999;20.750;20.972;20.861;20.750;20.750;20.916;20.750;20.778;20.750;20.750;20.750;20.924;20.750;20.750;20.750;20.750;20.750;20.750;20.869;20.750;20.750;20.750;20.786;20.750;20.938;20.750;20.750;20.985;20.878;20.750;20.750;20.993;20.750;20.864;20.873;20.750;20.750;20.750;20.750;20.750;20.750;20.890;20.750;20.750;20.750;20.931;20.750;20.750;20.750;20.750;20.750;20.750;20.750;21.000;20.750;20.750;20.750;20.750;20.750;20.750;20.750;20.750;20.750;20.750;20.750;20.750;20.750;20.750;20.750;20.750;20.750;20.750;20.750;20.750;20.750;20.750;20.750;20.750;20.750;20.750;20.750;20.750;20.750;20.750;20.750;20.750;20.750;20.965;20.750;20.750;20.750;20.750;20.750;20.750;20.750;20.954;20.750;20.758;20.750;20.750;20.750;20.895;20.750;20.750;20.750;20.750;20.750;20.750;20.750;20.750;20.750;20.952;20.812;20.750;20.750;20.750;20.750;20.750;20.750;20.750;20.714;20.385;20.350;20.350;20.350;20.350;20.350;20.350;20.350;20.350;20.350;20.350;20.350;20.350
2020-06-26 00:00;21.400;21.400;21.400;21.400;21.400;21.400;21.400;21.400;21.400;21.400;21.400;21.400;21.400;21.400;21.400;21.400;21.400;21.400;21.400;21.400;21.400;21.400;21.400;21.400;21.400;21.400;21.400;21.400;21.400;21.400;21.400;21.400;21.400;21.400;21.400;20.851;21.400;21.400;21.400;21.400;21.400;21.400;21.400;21.261;21.400;21.400;21.400;21.400;21.400;21.400;21.433;21.500;21.500;21.500;21.500;21.500;21.500;21.500;21.500;21.500;21.500;21.500;21.500;21.500;21.500;21.500;21.500;21.500;21.500;21.500;21.500;21.500;21.500;21.500;21.500;20.901;21.500;21.500;21.500;21.500;21.500;21.500;21.500;21.500;21.500;21.500;21.500;21.500;21.500;21.500;21.500;21.500;21.500;21.500;21.500;21.500;21.500;21.500;21.500;21.500;21.500;21.500;21.500;21.500;21.500;21.500;21.500;21.500;21.500;21.500;21.500;21.500;21.500;21.500;21.500;21.500;21.500;21.500;21.500;21.500;21.500;21.500;21.500;21.500;21.500;21.500;21.500;21.500;21.500;21.500;21.500;21.500;21.500;21.500;21.500;21.500;21.500;21.500;21.500;21.500;21.500;21.500;21.500;21.500;21.500;21.500;20.753;21.156;21.500;21.500;21.500;21.500;21.500;21.500;21.500;21.500;21.500;21.500;21.500;21.500;21.500;21.500;21.500;21.500;21.500;21.500;21.500;21.500;21.500;21.500;21.500;21.095;21.500;21.500;21.500;21.500;21.500;20.753;21.500;21.500;21.500;21.500;21.491;21.400;21.400;21.400;21.400;20.901;21.400;21.400;21.400;21.400;21.400;21.400;21.400;21.400
2020-06-27 00:00;21.650;21.650;21.650;21.650;21.650;21.650;21.650;21.650;21.650;21.650;21.650;21.650;21.650;21.650;21.650;21.650;21.650;21.650;21.650;21.650;21.650;21.650;21.650;21.650;21.650;21.650;21.650;21.650;21.650;21.650;21.650;21.650;21.650;21.650;21.650;21.253;21.650;21.650;21.650;21.650;21.650;21.650;21.650;21.650;21.650;21.650;21.650;21.650;21.650;21.650;21.764;22.000;22.000;22.000;22.000;22.000;22.000;22.000;22.000;22.000;22.000;22.000;22.000;22.000;22.000;22.000;22.000;22.000;22.000;22.000;22.000;22.000;22.000;22.000;22.000;22.000;22.000;22.000;22.000;22.000;22.000;22.000;22.000;22.000;22.000;22.000;22.000;22.000;22.000;22.000;22.000;22.000;22.000;22.000;22.000;22.000;22.000;22.000;22.000;22.000;22.000;22.000;22.000;22.000;22.000;22.000;22.000;22.000;22.000;22.000;22.000;22.000;22.000;22.000;22.000;22.000;22.000;22.000;22.000;22.000;22.000;22.000;22.000;22.000;22.000;22.000;22.000;22.000;22.000;22.000;22.000;22.000;22.000;22.000;22.000;22.000;22.000;22.000;22.000;22.000;22.000;22.000;22.000;22.000;22.000;22.000;22.000;22.000;22.000;22.000;22.000;22.000;22.000;22.000;22.000;22.000;22.000;22.000;22.000;22.000;22.000;21.705;22.000;22.000;22.000;22.000;22.000;22.000;22.000;22.000;22.000;22.000;22.000;22.000;22.000;22.000;22.000;22.000;22.000;22.000;22.000;22.000;21.968;21.650;21.484;21.650;21.650;21.188;21.650;21.650;21.650;21.650;21.650;21.650;21.650;21.650
2020-06-28 00:00;21.600;21.605;21.600;21.600;21.600;21.600;21.600;21.600;21.600;21.648;21.600;21.600;21.600;21.600;21.600;21.605;21.600;21.600;21.600;21.600;21.600;21.647;21.600;21.600;21.600;21.600;21.600;21.634;21.600;21.600;21.600;21.600;21.600;21.600;21.600;21.600;21.605;21.600;21.628;21.600;21.600;21.600;21.600;21.600;21.600;21.600;21.600;21.600;21.600;21.600;21.812;22.250;22.250;22.250;22.250;22.250;22.250;22.250;22.250;22.250;22.250;22.250;22.250;22.250;22.250;22.250;22.250;22.250;22.250;22.250;22.250;22.250;22.250;22.250;22.250;22.250;22.250;22.250;22.250;22.250;22.250;22.250;22.250;22.250;22.250;22.250;22.250;22.250;22.250;22.250;22.250;22.250;22.250;22.250;22.250;22.250;22.250;22.250;22.250;22.250;22.250;22.250;22.250;22.250;22.250;22.250;22.250;22.250;22.250;22.250;22.250;22.250;22.250;22.250;22.250;22.250;22.250;22.250;22.250;22.250;22.250;22.250;22.250;22.250;22.250;22.250;22.250;22.250;22.250;22.250;22.250;22.250;22.250;22.250;22.250;22.250;22.250;22.250;22.250;22.250;22.250;22.250;22.250;22.250;22.250;22.250;22.250;22.220;22.250;22.250;22.250;22.250;22.250;22.250;22.250;22.250;22.250;22.250;22.250;22.250;22.250;22.077;22.250;22.250;22.250;22.250;22.250;22.250;22.250;22.250;22.250;22.250;22.250;22.250;22.250;22.250;22.250;22.250;22.250;22.250;22.250;22.250;22.191;21.600;21.600;21.600;21.600;21.600;21.600;21.600;21.600;21.600;21.600;21.600;21.600;21.600
2020-06-29 00:00;20.474;20.481;20.350;20.482;20.350;20.350;20.350;20.490;20.350;20.490;20.350;20.490;20.350;20.489;20.350;20.493;20.493;20.350;20.491;20.489;20.350;20.488;20.350;20.350;20.350;20.488;20.350;20.490;20.492;20.350;20.490;20.350;20.489;20.350;20.490;20.350;20.488;20.489;20.488;20.495;20.492;20.494;20.493;20.350;20.493;20.498;20.350;20.495;20.490;20.485;20.477;20.500;20.500;20.500;20.500;20.500;20.500;20.500;20.500;20.500;20.500;20.500;20.500;20.500;20.500;20.500;20.500;20.500;20.500;20.500;20.500;20.500;20.500;20.500;20.500;20.500;20.500;20.500;20.500;20.500;20.500;20.500;20.500;20.500;20.500;20.500;20.500;20.500;20.500;20.500;20.500;20.500;20.500;20.500;20.500;20.500;20.500;20.500;20.500;20.500;20.500;20.500;20.500;20.500;20.500;20.500;20.500;20.500;20.500;20.500;20.500;20.500;20.500;20.500;20.500;20.500;20.500;20.500;20.500;20.500;20.500;20.500;20.500;20.500;20.500;20.500;20.500;20.500;20.500;20.500;20.500;20.500;20.500;20.500;20.500;20.500;20.500;20.500;20.500;20.500;20.500;20.500;20.500;20.500;20.500;20.500;20.500;20.500;20.500;20.500;20.500;20.500;20.500;20.500;20.500;20.500;20.500;20.500;20.500;20.500;20.500;20.500;20.500;20.500;20.500;20.500;20.500;20.500;20.500;20.500;20.500;20.500;20.500;20.500;20.500;20.500;20.500;20.500;20.500;20.500;20.500;20.500;20.486;20.350;20.350;20.350;20.350;20.350;20.350;20.350;20.350;20.350;20.350;20.350;20.350;20.350
