Débit en aval du tronçon (m3/s);ONDE CINEMATIQUE MODIFIEE ( VERSION 4.4.0.0000 )
date heure\troncon;1;2;3;4;5;6;7;8;9;10;11;12;13;14;15;16;17;18;19;20;21;22;23;24;25;26;27;28;29;30;31;32;33;34;35;36;37;38;39;40;41;42;43;44;45;46;47;48;49;50;51;52;53;54;55;56;57;58;59;60;61;62;63;64;65;66;67;68;69;70;71;72;73;74;75;76;77;78;79;80;81;82;83;84;85;86;87;88;89;90;91;92;93;94;95;96;97;98;99;100;101;102;103;104;105;106;107;108;109;110;111;112;113;114;115;116;117;118;119;120;121;122;123;124;125;126;127;128;129;130;131;132;133;134;135;136;137;138;139;140;141;142;143;144;145;146;147;148;149;150;151;152;153;154;155;156;157;158;159;160;161;162;163;164;165;166;167;168;169;170;171;172;173;174;175;176;177;178;179;180;181;182;183;184;185;186;187;188;189;190;191;192;193;194;195;196
2020-01-01 00:00;13.06803;13.01557;0.00605;13.00930;0.03574;0.03557;0.00007;12.96907;0.00056;12.93721;0.00311;12.93110;0.00029;12.92791;0.00012;12.92176;12.92064;0.00059;12.91400;12.90126;0.00044;12.89511;0.00047;0.00021;0.00021;12.89199;0.00115;12.88715;12.87817;0.00401;12.85858;0.00094;12.84811;0.00022;12.84461;0.00070;12.84098;12.82551;12.80691;12.72090;12.71333;11.29680;11.29089;2.86673;8.40816;8.27920;0.74794;7.50296;7.45119;7.27075;7.17546;6.93166;6.21077;0.02098;6.16423;0.04004;6.10510;6.06359;5.93362;0.04028;5.89130;5.84236;0.06767;5.76315;4.50719;0.29133;4.14803;3.83649;0.63494;3.16416;0.26247;2.89820;0.54185;0.44101;0.29371;0.01980;0.01033;0.11935;0.01798;1.62751;1.55789;0.02446;1.52852;1.46527;1.37069;1.34854;1.26233;0.02750;1.23046;1.17140;1.05159;1.00469;0.00879;0.99528;0.02795;0.91443;0.51835;0.36790;0.29240;0.26422;0.21078;0.18410;0.02286;0.15123;0.00340;0.14548;0.00669;0.13075;0.00022;0.12958;0.00668;0.00327;0.00279;0.00048;0.00056;0.11358;0.00454;0.10899;0.10186;0.09601;0.02755;0.00935;0.00374;0.00170;0.00012;0.04513;0.00375;0.00628;0.00014;0.00519;0.01970;0.03848;0.00433;0.02840;0.00718;0.00078;0.00508;0.03730;0.00595;0.02473;0.00809;0.00920;0.00543;0.00318;0.00195;0.00084;0.00211;0.00349;0.14973;0.35428;0.25523;0.17570;0.13586;0.16738;0.01904;0.01151;0.00326;0.14734;0.14203;0.00533;0.00525;0.00229;0.02311;0.04370;0.05538;0.05760;0.02211;0.07270;0.03167;0.02129;0.01033;0.00433;0.20537;1.22961;1.18706;1.12466;0.05540;0.03788;0.02209;0.05923;0.02986;0.71706;0.17331;0.04012;0.14498;0.01647;0.02006;0.00163;1.39749;0.00025;0.08473;0.00285;0.01527;0.00708;0.00439;0.00093
2020-01-02 00:00;7.86015;7.71914;0.00737;7.71069;0.04050;0.04024;0.00012;7.65545;0.00078;7.56166;0.00208;7.54734;0.00027;7.53331;0.00015;7.50853;7.50629;0.00071;7.47867;7.43783;0.00046;7.41172;0.00064;0.00029;0.00025;7.39936;0.00177;7.38103;7.36360;0.00386;7.30000;0.00118;7.26017;0.00023;7.24426;0.00078;7.22912;7.21188;7.15052;7.05432;7.01819;6.32257;6.30663;2.08440;4.16983;4.00845;0.62953;3.32440;3.23612;3.03943;2.87386;2.69709;2.51844;0.00230;2.48900;0.00435;2.46267;2.44267;2.38814;0.00431;2.38042;2.35056;0.00790;2.33125;2.01796;0.03685;1.94388;1.86223;0.14762;1.67964;0.05763;1.61831;0.12248;0.10189;0.07283;0.01629;0.00939;0.02621;0.01070;1.27460;1.21274;0.01678;1.19003;1.13416;1.05407;1.03807;0.95760;0.02207;0.93085;0.88662;0.81130;0.78430;0.00536;0.77765;0.02226;0.72037;0.39294;0.29355;0.22927;0.20142;0.15926;0.13721;0.02244;0.10757;0.00158;0.10429;0.00463;0.09183;0.00019;0.09078;0.00502;0.00339;0.00136;0.00026;0.00019;0.07933;0.00326;0.07592;0.07034;0.06528;0.01303;0.00448;0.00215;0.00114;0.00012;0.03163;0.00188;0.00439;0.00013;0.00365;0.01594;0.02806;0.00425;0.01875;0.00568;0.00070;0.00340;0.03012;0.00371;0.02085;0.00770;0.00620;0.00404;0.00275;0.00182;0.00050;0.00116;0.00188;0.09865;0.27994;0.24165;0.18898;0.15178;0.16064;0.01396;0.01108;0.00294;0.14610;0.14356;0.00303;0.00427;0.00166;0.01809;0.02376;0.03933;0.04630;0.01597;0.05395;0.02393;0.01408;0.00549;0.00363;0.02557;0.28050;0.27247;0.25190;0.01780;0.00402;0.00236;0.00669;0.00320;0.17341;0.03684;0.05831;0.12944;0.02187;0.02799;0.00197;0.61010;0.00030;0.08961;0.00222;0.01616;0.00888;0.00412;0.00118
2020-01-03 00:00;6.13794;5.98471;0.01815;5.96635;0.11960;0.11889;0.00039;5.83884;0.00236;5.76742;0.00630;5.75629;0.00084;5.75084;0.00029;5.73915;5.73601;0.00141;5.72545;5.70092;0.00123;5.68943;0.00166;0.00072;0.00063;5.68334;0.00584;5.67102;5.64113;0.01131;5.58190;0.00336;5.55118;0.00031;5.54509;0.00166;5.53921;5.51718;5.47916;5.36142;5.35080;5.13457;5.12539;2.29674;2.81476;2.39383;0.40723;1.94228;1.79923;1.66297;1.37936;1.28253;1.26027;0.00018;1.25072;0.00043;1.24273;1.23654;1.22033;0.00065;1.21846;1.20837;0.00092;1.20343;1.14923;0.00239;1.13448;1.11223;0.02331;1.07520;0.00668;1.06702;0.06264;0.05162;0.03612;0.01310;0.00893;0.01390;0.00574;0.94571;0.90145;0.01359;0.88346;0.84625;0.79150;0.77974;0.71822;0.01219;0.70210;0.67736;0.62042;0.60193;0.00448;0.59651;0.01393;0.55368;0.26742;0.18946;0.13563;0.11229;0.08551;0.07631;0.01760;0.05536;0.00127;0.05306;0.00255;0.04689;0.00014;0.04611;0.00326;0.00217;0.00091;0.00026;0.00011;0.03929;0.00195;0.03718;0.03371;0.02875;0.00744;0.00255;0.00161;0.00098;0.00011;0.00997;0.00164;0.00238;0.00012;0.00181;0.00448;0.01510;0.00325;0.00805;0.00162;0.00041;0.00285;0.02479;0.00282;0.01785;0.00676;0.00445;0.00337;0.00235;0.00158;0.00038;0.00091;0.00084;0.07727;0.24641;0.22312;0.18981;0.15793;0.15102;0.01009;0.00887;0.00225;0.14055;0.13872;0.00212;0.00221;0.00076;0.00945;0.01569;0.02131;0.03678;0.01173;0.03483;0.01224;0.01079;0.00400;0.00292;0.00252;0.04193;0.03974;0.03158;0.00702;0.00036;0.00037;0.00052;0.00028;0.02039;0.00484;0.19585;0.07916;0.08089;0.10376;0.00584;0.18465;0.00070;0.11570;0.00705;0.02172;0.02613;0.01108;0.00292
2020-01-04 00:00;3.15548;3.04049;0.00891;3.03082;0.05850;0.05825;0.00009;2.95995;0.00083;2.88046;0.00686;2.86442;0.00058;2.85409;0.00015;2.83562;2.83338;0.00081;2.81294;2.77894;0.00074;2.76039;0.00058;0.00025;0.00028;2.75142;0.00139;2.73829;2.72130;0.00693;2.67287;0.00132;2.64456;0.00029;2.63345;0.00101;2.62272;2.60192;2.55181;2.45145;2.42669;2.32321;2.31032;0.88694;1.38606;1.16548;0.05789;1.08471;1.03912;1.01321;0.93840;0.91940;0.91238;0.00016;0.90973;0.00035;0.90739;0.90567;0.90111;0.00055;0.90025;0.89727;0.00078;0.89540;0.87467;0.00164;0.86877;0.85926;0.01254;0.84192;0.00280;0.83854;0.05418;0.04403;0.02987;0.00947;0.00860;0.01273;0.00509;0.75000;0.71991;0.01110;0.70587;0.67933;0.63849;0.63075;0.59028;0.00960;0.57748;0.56442;0.51650;0.50050;0.00434;0.49566;0.01240;0.45777;0.20337;0.13766;0.09617;0.08186;0.06145;0.05227;0.00992;0.03956;0.00079;0.03802;0.00195;0.03362;0.00009;0.03326;0.00200;0.00105;0.00079;0.00018;0.00009;0.02792;0.00115;0.02669;0.02376;0.02111;0.00640;0.00240;0.00134;0.00072;0.00011;0.00848;0.00119;0.00246;0.00012;0.00197;0.00657;0.01208;0.00218;0.00749;0.00162;0.00024;0.00198;0.02132;0.00188;0.01626;0.00568;0.00422;0.00303;0.00212;0.00136;0.00038;0.00081;0.00096;0.06508;0.22722;0.20738;0.18341;0.15762;0.14295;0.00777;0.00665;0.00126;0.13480;0.13302;0.00180;0.00227;0.00052;0.00472;0.01358;0.01119;0.02402;0.00771;0.02662;0.00904;0.00876;0.00302;0.00240;0.00216;0.01695;0.01623;0.01074;0.00519;0.00029;0.00031;0.00026;0.00021;0.00656;0.00114;0.05108;0.00616;0.02576;0.02959;0.00282;0.04340;0.00034;0.09590;0.00569;0.02010;0.01108;0.00755;0.00153
2020-01-05 00:00;1.60761;1.55053;0.00558;1.54455;0.02147;0.02126;0.00005;1.51586;0.00053;1.47384;0.00524;1.46361;0.00028;1.45834;0.00013;1.44928;1.44784;0.00057;1.43682;1.41860;0.00036;1.40893;0.00041;0.00019;0.00016;1.40417;0.00056;1.39749;1.38887;0.00309;1.36722;0.00063;1.35410;0.00027;1.34829;0.00062;1.34262;1.32266;1.29481;1.22662;1.21379;1.16482;1.15812;0.24396;0.89514;0.85912;0.00715;0.84708;0.84180;0.83525;0.82352;0.81741;0.81098;0.00018;0.80972;0.00035;0.80843;0.80760;0.80524;0.00059;0.80454;0.80287;0.00094;0.80141;0.78252;0.00164;0.77842;0.77170;0.01193;0.75723;0.00288;0.75404;0.05326;0.04290;0.02892;0.00877;0.00836;0.01261;0.00539;0.67185;0.64938;0.00819;0.63889;0.61827;0.58157;0.57417;0.54640;0.00872;0.53506;0.52315;0.47820;0.46205;0.00443;0.45728;0.01116;0.42161;0.18930;0.12589;0.08626;0.07101;0.05246;0.04533;0.00450;0.03815;0.00129;0.03621;0.00210;0.03240;0.00007;0.03212;0.00190;0.00081;0.00091;0.00028;0.00010;0.02719;0.00164;0.02547;0.02290;0.01961;0.00675;0.00244;0.00158;0.00100;0.00011;0.00728;0.00169;0.00211;0.00012;0.00164;0.00414;0.01050;0.00140;0.00703;0.00112;0.00035;0.00291;0.02056;0.00286;0.01467;0.00447;0.00406;0.00306;0.00220;0.00146;0.00038;0.00077;0.00077;0.06283;0.21729;0.19645;0.17555;0.15545;0.13638;0.00634;0.00507;0.00098;0.12968;0.12783;0.00214;0.00196;0.00055;0.00507;0.01383;0.01035;0.01242;0.00736;0.02459;0.00878;0.00772;0.00241;0.00130;0.00223;0.01676;0.01616;0.01003;0.00593;0.00032;0.00042;0.00027;0.00023;0.00623;0.00127;0.00565;0.00268;0.00105;0.00369;0.00133;0.01923;0.00024;0.06595;0.00432;0.01961;0.00566;0.00402;0.00108
2020-01-06 00:00;1.14540;1.11574;0.00522;1.11041;0.01832;0.01815;0.00005;1.08836;0.00051;1.06615;0.00266;1.06145;0.00027;1.05957;0.00013;1.05617;1.05507;0.00058;1.05053;1.04222;0.00033;1.03870;0.00039;0.00019;0.00016;1.03680;0.00051;1.03415;1.02805;0.00242;1.01978;0.00061;1.01518;0.00027;1.01312;0.00061;1.01092;0.99176;0.97917;0.92860;0.92454;0.89708;0.89412;0.07470;0.81385;0.80407;0.00732;0.79580;0.79389;0.78993;0.78375;0.77881;0.77233;0.00018;0.77151;0.00036;0.77059;0.77004;0.76839;0.00059;0.76774;0.76653;0.00096;0.76525;0.74599;0.00165;0.74264;0.73713;0.01151;0.72406;0.00291;0.72098;0.05108;0.04064;0.02708;0.00713;0.00813;0.01221;0.00555;0.64398;0.62358;0.00507;0.61669;0.59722;0.56327;0.55660;0.53271;0.00976;0.52064;0.50776;0.46627;0.45008;0.00446;0.44541;0.01241;0.41003;0.18389;0.12469;0.08965;0.07815;0.05910;0.04998;0.00676;0.04034;0.00083;0.03876;0.00202;0.03437;0.00006;0.03410;0.00204;0.00103;0.00084;0.00018;0.00011;0.02856;0.00119;0.02729;0.02440;0.02213;0.00684;0.00253;0.00141;0.00075;0.00011;0.00888;0.00126;0.00249;0.00012;0.00208;0.00688;0.01175;0.00154;0.00810;0.00180;0.00025;0.00206;0.01795;0.00197;0.01317;0.00310;0.00415;0.00290;0.00210;0.00134;0.00038;0.00070;0.00104;0.05866;0.20778;0.18805;0.16875;0.15262;0.13060;0.00539;0.00409;0.00075;0.12482;0.12295;0.00189;0.00234;0.00056;0.00517;0.01401;0.01187;0.01191;0.00663;0.02372;0.00977;0.00590;0.00280;0.00182;0.00227;0.01774;0.01713;0.01046;0.00647;0.00032;0.00043;0.00028;0.00023;0.00636;0.00142;0.00410;0.00275;0.00070;0.00125;0.00124;0.01795;0.00023;0.04994;0.00242;0.01907;0.00516;0.00300;0.00101
2020-01-07 00:00;1.02206;0.99942;0.00479;0.99458;0.01746;0.01731;0.00004;0.97429;0.00050;0.95742;0.00233;0.95376;0.00022;0.95269;0.00013;0.95053;0.94954;0.00055;0.94652;0.94104;0.00031;0.93894;0.00038;0.00019;0.00015;0.93768;0.00049;0.93595;0.93067;0.00185;0.92570;0.00059;0.92295;0.00027;0.92172;0.00060;0.92030;0.90171;0.89281;0.86086;0.85880;0.83592;0.83382;0.03917;0.79203;0.78541;0.00729;0.77709;0.77525;0.77124;0.76631;0.76141;0.75519;0.00018;0.75425;0.00035;0.75322;0.75259;0.75071;0.00059;0.75005;0.74868;0.00095;0.74734;0.72793;0.00164;0.72433;0.71840;0.01115;0.70531;0.00285;0.70223;0.05134;0.04106;0.02803;0.00892;0.00787;0.01175;0.00550;0.62456;0.60397;0.00686;0.59506;0.57606;0.54337;0.53605;0.51168;0.00904;0.50050;0.48816;0.44852;0.43229;0.00442;0.42754;0.01117;0.39359;0.17810;0.12137;0.08648;0.07198;0.05325;0.04597;0.00499;0.03826;0.00124;0.03633;0.00210;0.03237;0.00005;0.03210;0.00191;0.00084;0.00090;0.00026;0.00010;0.02713;0.00156;0.02549;0.02298;0.01991;0.00677;0.00244;0.00154;0.00095;0.00011;0.00732;0.00163;0.00201;0.00012;0.00166;0.00428;0.01065;0.00135;0.00720;0.00119;0.00034;0.00280;0.01637;0.00274;0.01071;0.00114;0.00388;0.00289;0.00215;0.00142;0.00038;0.00065;0.00076;0.05623;0.19899;0.18079;0.16344;0.14930;0.12497;0.00472;0.00342;0.00106;0.11989;0.11802;0.00211;0.00200;0.00056;0.00514;0.01398;0.01097;0.01045;0.00728;0.02173;0.00914;0.00425;0.00247;0.00124;0.00224;0.01769;0.01708;0.01045;0.00642;0.00032;0.00042;0.00028;0.00023;0.00608;0.00141;0.00261;0.00264;0.00055;0.00048;0.00122;0.01776;0.00023;0.03166;0.00192;0.01855;0.00480;0.00226;0.00096
2020-01-08 00:00;0.97618;0.95628;0.00448;0.95177;0.01648;0.01633;0.00004;0.93291;0.00049;0.91832;0.00161;0.91569;0.00027;0.91489;0.00013;0.91320;0.91227;0.00057;0.90987;0.90510;0.00033;0.90359;0.00038;0.00019;0.00016;0.90263;0.00050;0.90128;0.89642;0.00205;0.89230;0.00059;0.89029;0.00027;0.88944;0.00061;0.88835;0.87032;0.86355;0.82962;0.82825;0.80673;0.80496;0.03664;0.76673;0.76082;0.00753;0.75264;0.75122;0.74743;0.74387;0.73928;0.73321;0.00019;0.73257;0.00035;0.73177;0.73135;0.72997;0.00060;0.72935;0.72829;0.00100;0.72704;0.70762;0.00163;0.70458;0.69957;0.01116;0.68727;0.00286;0.68428;0.04989;0.03952;0.02660;0.00741;0.00763;0.01166;0.00567;0.61080;0.59197;0.00556;0.58480;0.56656;0.53481;0.52803;0.50513;0.00994;0.49314;0.47996;0.44284;0.42673;0.00446;0.42211;0.01240;0.38818;0.17660;0.12320;0.09032;0.07917;0.05979;0.05040;0.00693;0.04050;0.00083;0.03892;0.00205;0.03447;0.00005;0.03419;0.00209;0.00106;0.00085;0.00018;0.00011;0.02856;0.00113;0.02735;0.02452;0.02248;0.00693;0.00257;0.00140;0.00072;0.00012;0.00900;0.00125;0.00244;0.00012;0.00213;0.00712;0.01206;0.00158;0.00833;0.00190;0.00024;0.00199;0.01672;0.00191;0.01215;0.00271;0.00408;0.00279;0.00205;0.00130;0.00038;0.00064;0.00108;0.05294;0.19309;0.17506;0.15938;0.14566;0.11993;0.00434;0.00298;0.00084;0.11520;0.11330;0.00189;0.00239;0.00058;0.00528;0.01400;0.01240;0.01225;0.00674;0.02276;0.00995;0.00511;0.00286;0.00184;0.00226;0.01814;0.01749;0.01057;0.00670;0.00033;0.00046;0.00028;0.00024;0.00597;0.00156;0.00211;0.00295;0.00058;0.00045;0.00121;0.01782;0.00023;0.03379;0.00142;0.01803;0.00457;0.00250;0.00093
2020-01-09 00:00;0.95278;0.93566;0.00397;0.93167;0.01464;0.01452;0.00004;0.91485;0.00046;0.90163;0.00231;0.89838;0.00022;0.89765;0.00012;0.89596;0.89509;0.00054;0.89278;0.88848;0.00029;0.88704;0.00036;0.00018;0.00015;0.88611;0.00042;0.88490;0.88055;0.00176;0.87707;0.00054;0.87526;0.00027;0.87440;0.00058;0.87328;0.85586;0.84862;0.81860;0.81712;0.79610;0.79434;0.03583;0.75655;0.75053;0.00705;0.74240;0.74060;0.73682;0.73293;0.72851;0.72279;0.00017;0.72180;0.00035;0.72077;0.72011;0.71816;0.00057;0.71751;0.71613;0.00090;0.71483;0.69570;0.00162;0.69208;0.68616;0.01076;0.67338;0.00270;0.67044;0.04934;0.03932;0.02693;0.00883;0.00736;0.01119;0.00544;0.59592;0.57513;0.00673;0.56632;0.54750;0.51484;0.50758;0.48340;0.00909;0.47225;0.46000;0.42541;0.40937;0.00436;0.40467;0.01105;0.37192;0.17021;0.12071;0.08586;0.07142;0.05272;0.04531;0.00499;0.03764;0.00119;0.03575;0.00204;0.03180;0.00005;0.03154;0.00186;0.00083;0.00086;0.00025;0.00009;0.02664;0.00149;0.02506;0.02258;0.01960;0.00658;0.00239;0.00149;0.00092;0.00011;0.00726;0.00157;0.00198;0.00012;0.00165;0.00440;0.01057;0.00136;0.00714;0.00121;0.00033;0.00273;0.01676;0.00266;0.01128;0.00242;0.00376;0.00280;0.00210;0.00138;0.00037;0.00060;0.00074;0.04906;0.18518;0.16983;0.15481;0.14179;0.11488;0.00387;0.00262;0.00105;0.11065;0.10881;0.00207;0.00200;0.00055;0.00494;0.01383;0.01086;0.01058;0.00722;0.02215;0.00915;0.00490;0.00246;0.00151;0.00219;0.01740;0.01682;0.01031;0.00632;0.00031;0.00039;0.00027;0.00022;0.00557;0.00132;0.00159;0.00237;0.00047;0.00037;0.00113;0.01701;0.00022;0.02985;0.00199;0.01741;0.00406;0.00211;0.00085
2020-01-10 00:00;0.91840;0.90067;0.00385;0.89679;0.01437;0.01425;0.00004;0.88036;0.00047;0.86743;0.00164;0.86487;0.00025;0.86411;0.00012;0.86235;0.86150;0.00056;0.85924;0.85476;0.00031;0.85332;0.00037;0.00019;0.00015;0.85240;0.00048;0.85113;0.84676;0.00195;0.84262;0.00057;0.84057;0.00027;0.83973;0.00060;0.83862;0.82173;0.81529;0.78404;0.78264;0.76195;0.76023;0.03471;0.72368;0.71787;0.00690;0.71006;0.70841;0.70475;0.70092;0.69642;0.69108;0.00018;0.69030;0.00034;0.68942;0.68891;0.68735;0.00057;0.68674;0.68559;0.00092;0.68437;0.66581;0.00159;0.66265;0.65752;0.01057;0.64557;0.00264;0.64277;0.04721;0.03723;0.02512;0.00719;0.00710;0.01093;0.00548;0.57297;0.55412;0.00535;0.54707;0.52934;0.49858;0.49199;0.47012;0.00956;0.45855;0.44599;0.41422;0.39847;0.00434;0.39394;0.01189;0.36178;0.16374;0.11740;0.08643;0.07534;0.05652;0.04775;0.00643;0.03846;0.00079;0.03695;0.00198;0.03272;0.00005;0.03245;0.00200;0.00100;0.00083;0.00017;0.00011;0.02704;0.00109;0.02588;0.02319;0.02117;0.00671;0.00251;0.00136;0.00070;0.00011;0.00820;0.00122;0.00229;0.00012;0.00202;0.00649;0.01153;0.00151;0.00793;0.00172;0.00023;0.00193;0.01512;0.00184;0.01058;0.00181;0.00392;0.00270;0.00200;0.00126;0.00038;0.00060;0.00101;0.04592;0.18040;0.16477;0.15045;0.13770;0.11047;0.00368;0.00238;0.00081;0.10641;0.10455;0.00184;0.00227;0.00056;0.00504;0.01366;0.01172;0.01139;0.00655;0.02202;0.00950;0.00478;0.00269;0.00162;0.00216;0.01716;0.01655;0.01010;0.00625;0.00031;0.00042;0.00027;0.00023;0.00522;0.00137;0.00190;0.00252;0.00054;0.00041;0.00115;0.01673;0.00022;0.03110;0.00145;0.01689;0.00407;0.00239;0.00084
2020-01-11 00:00;11.97383;12.02361;0.01945;12.00664;0.13828;0.13741;0.00053;11.88797;0.00309;11.97521;0.00709;11.98874;0.00061;12.01344;0.00036;12.05873;12.05721;0.00166;12.10378;12.15603;0.00130;12.19822;0.00205;0.00090;0.00077;12.21668;0.00728;12.24233;12.22410;0.01254;12.26797;0.00400;12.30785;0.00037;12.33843;0.00201;12.36403;12.34227;12.42117;12.30895;12.37916;11.60870;11.63057;2.29949;9.43634;9.07836;0.85389;8.28030;8.22985;8.00642;7.85463;7.60102;6.99126;0.04088;6.95976;0.08175;6.88837;6.84124;6.68736;0.09552;6.59632;6.53962;0.13062;6.40955;5.06894;0.38541;4.62561;4.22949;0.64332;3.58697;0.28641;3.30209;0.91054;0.73434;0.51331;0.02120;0.01107;0.21183;0.02503;1.77915;1.78960;0.03242;1.76255;1.76736;1.71266;1.68380;1.65538;0.02348;1.63098;1.56489;1.36700;1.31133;0.01489;1.30032;0.03283;1.18421;0.64368;0.38239;0.28610;0.25792;0.20175;0.18468;0.01957;0.15458;0.00454;0.14809;0.00820;0.13816;0.00020;0.13698;0.00855;0.00299;0.00463;0.00067;0.00132;0.11703;0.00420;0.11290;0.10370;0.09511;0.04644;0.01710;0.00699;0.00239;0.00014;0.01972;0.00794;0.00750;0.00017;0.00572;0.00547;0.04102;0.00380;0.03115;0.00654;0.00065;0.00557;0.04759;0.00618;0.03357;0.00674;0.01604;0.00915;0.00407;0.00216;0.00154;0.00505;0.00677;0.26064;0.52297;0.24820;0.17732;0.13797;0.15967;0.01730;0.00799;0.00332;0.14076;0.13302;0.00734;0.00501;0.00225;0.02380;0.05461;0.07334;0.05384;0.02881;0.07436;0.03015;0.02476;0.01383;0.00481;0.29062;1.35219;1.26050;1.17660;0.06840;0.08093;0.05972;0.12054;0.06414;0.61318;0.29138;0.23460;0.27364;0.09205;0.12111;0.00763;0.92400;0.00089;0.12540;0.00833;0.02415;0.03227;0.01303;0.00380
2020-01-12 00:00;13.22498;13.12925;0.00928;13.11945;0.06474;0.06449;0.00005;13.04495;0.00130;12.97901;0.00811;12.96429;0.00037;12.95734;0.00019;12.94316;12.94089;0.00102;12.92553;12.89839;0.00079;12.88517;0.00072;0.00031;0.00036;12.87871;0.00148;12.86906;12.85361;0.00850;12.81578;0.00161;12.79586;0.00036;12.78824;0.00127;12.78028;12.75857;12.71831;12.57391;12.55709;11.31772;11.30585;3.85908;7.41701;7.13891;0.78667;6.30982;6.22714;6.04778;5.90577;5.71589;5.18761;0.01175;5.15220;0.02172;5.11224;5.08358;4.99480;0.01980;4.97255;4.93863;0.03849;4.89011;3.94702;0.18982;3.70816;3.50529;0.44683;3.02624;0.18046;2.84251;0.36466;0.30294;0.20440;0.02413;0.01144;0.07657;0.01804;1.95012;1.86764;0.02475;1.83596;1.76161;1.65723;1.63392;1.52696;0.02899;1.49289;1.43056;1.28791;1.23541;0.01217;1.22171;0.03426;1.10467;0.67770;0.48463;0.38626;0.34403;0.27726;0.24992;0.02716;0.21076;0.00673;0.20151;0.00892;0.18394;0.00027;0.18255;0.00939;0.00409;0.00444;0.00154;0.00063;0.16133;0.01014;0.15106;0.14248;0.13007;0.03965;0.01181;0.00827;0.00585;0.00019;0.06143;0.00815;0.00751;0.00021;0.00623;0.01878;0.04622;0.00491;0.03470;0.00770;0.00129;0.01353;0.05268;0.01474;0.02996;0.00920;0.01107;0.00707;0.00470;0.00324;0.00096;0.00216;0.00359;0.19225;0.37546;0.29682;0.20341;0.15499;0.19376;0.02290;0.01356;0.00416;0.16967;0.16291;0.00831;0.00603;0.00274;0.02704;0.04830;0.05641;0.06560;0.02325;0.07397;0.03281;0.01964;0.00985;0.00421;0.12856;0.91824;0.89569;0.84700;0.04510;0.02022;0.01017;0.03255;0.01591;0.52444;0.10529;0.06499;0.12904;0.03171;0.03538;0.00410;1.19432;0.00045;0.14151;0.00694;0.02126;0.01142;0.00856;0.00181
2020-01-13 00:00;5.04961;4.87863;0.00502;4.87187;0.01885;0.01863;0.00005;4.83046;0.00089;4.69816;0.00657;4.67258;0.00028;4.65089;0.00016;4.61338;4.61040;0.00071;4.56694;4.50553;0.00042;4.46592;0.00048;0.00024;0.00020;4.44735;0.00047;4.42143;4.40382;0.00390;4.32048;0.00070;4.26661;0.00035;4.24205;0.00077;4.21861;4.19637;4.10197;3.99471;3.93751;3.59885;3.57430;0.79255;2.69832;2.62299;0.11102;2.45911;2.40579;2.34864;2.26000;2.16794;2.09136;0.00022;2.06788;0.00056;2.04848;2.03331;1.99394;0.00081;1.99009;1.96603;0.00099;1.95526;1.80794;0.00386;1.77529;1.72869;0.06249;1.63590;0.02254;1.61006;0.08189;0.06651;0.04792;0.01747;0.01026;0.01645;0.00972;1.40087;1.33413;0.01782;1.30922;1.25331;1.17497;1.15930;1.07332;0.01881;1.04954;1.00778;0.93609;0.90660;0.00762;0.89728;0.02697;0.81820;0.47200;0.35267;0.26947;0.23031;0.18397;0.16578;0.02413;0.13319;0.00371;0.12782;0.00681;0.11403;0.00023;0.11276;0.00612;0.00380;0.00200;0.00061;0.00021;0.10002;0.00712;0.09270;0.08679;0.07771;0.01582;0.00455;0.00409;0.00290;0.00016;0.03937;0.00403;0.00431;0.00015;0.00346;0.01083;0.02912;0.00453;0.01870;0.00413;0.00131;0.01003;0.04176;0.00934;0.02603;0.00904;0.00794;0.00591;0.00442;0.00330;0.00059;0.00136;0.00172;0.11848;0.29381;0.26867;0.21883;0.17109;0.17710;0.01535;0.01201;0.00365;0.16117;0.15845;0.00507;0.00394;0.00203;0.02210;0.02557;0.03601;0.04646;0.01563;0.04889;0.02004;0.01302;0.00481;0.00328;0.00294;0.11847;0.11423;0.10089;0.01108;0.00046;0.00043;0.00103;0.00041;0.07201;0.00471;0.00377;0.00240;0.00048;0.00122;0.00222;0.20336;0.00032;0.09695;0.00559;0.02055;0.00473;0.00422;0.00128
2020-01-14 00:00;2.15973;2.11256;0.00458;2.10763;0.01547;0.01531;0.00005;2.08570;0.00085;2.04734;0.00507;2.03774;0.00034;2.03291;0.00017;2.02409;2.02256;0.00075;2.01187;1.99571;0.00042;1.98691;0.00048;0.00025;0.00020;1.98253;0.00044;1.97656;1.96953;0.00324;1.95059;0.00069;1.93923;0.00037;1.93382;0.00079;1.92831;1.90807;1.88185;1.79767;1.78566;1.72514;1.71854;0.28713;1.41473;1.40244;0.00592;1.38887;1.38175;1.37388;1.36217;1.35034;1.34246;0.00015;1.33937;0.00033;1.33670;1.33470;1.32942;0.00052;1.32853;1.32513;0.00071;1.32313;1.29511;0.00157;1.28947;1.28041;0.01358;1.26218;0.00283;1.25890;0.07331;0.05877;0.04316;0.02129;0.01084;0.01422;0.00958;1.15437;1.11686;0.01688;1.09651;1.06404;1.00150;0.98533;0.92376;0.01424;0.90551;0.87742;0.81997;0.78398;0.01383;0.76937;0.02356;0.70122;0.38165;0.27538;0.20197;0.17248;0.13238;0.11389;0.02182;0.08663;0.00212;0.08286;0.00535;0.07230;0.00019;0.07123;0.00482;0.00278;0.00171;0.00048;0.00021;0.06055;0.00317;0.05714;0.05136;0.04598;0.01278;0.00415;0.00317;0.00186;0.00023;0.01853;0.00211;0.00443;0.00024;0.00358;0.01187;0.02406;0.00389;0.01498;0.00313;0.00089;0.00374;0.03609;0.00397;0.02538;0.00853;0.00790;0.00586;0.00415;0.00277;0.00079;0.00148;0.00162;0.10543;0.27497;0.25397;0.22288;0.17700;0.16880;0.01193;0.00950;0.00308;0.15615;0.15266;0.00401;0.00424;0.00138;0.01629;0.03272;0.02521;0.03738;0.01608;0.04456;0.01509;0.01402;0.00526;0.00361;0.00205;0.02368;0.02244;0.01347;0.00836;0.00027;0.00027;0.00025;0.00020;0.00727;0.00070;0.00065;0.00080;0.00032;0.00025;0.00212;0.03001;0.00032;0.08214;0.00438;0.01992;0.00439;0.00338;0.00120
2020-01-15 00:00;1.58013;1.55178;0.00420;1.54742;0.01476;0.01462;0.00004;1.52868;0.00081;1.50460;0.00264;1.49951;0.00027;1.49711;0.00016;1.49226;1.49100;0.00069;1.48497;1.47578;0.00038;1.47127;0.00046;0.00024;0.00019;1.46888;0.00043;1.46567;1.46038;0.00259;1.45062;0.00066;1.44499;0.00035;1.44218;0.00075;1.43911;1.41970;1.40466;1.33237;1.32645;1.29061;1.28608;0.04744;1.22923;1.22113;0.00480;1.21297;1.20881;1.20399;1.19701;1.18999;1.18425;0.00015;1.18200;0.00032;1.18002;1.17854;1.17463;0.00050;1.17387;1.17132;0.00069;1.16969;1.14928;0.00153;1.14382;1.13504;0.01169;1.11880;0.00252;1.11571;0.06411;0.05236;0.03763;0.01598;0.01015;0.01332;0.00683;1.01798;0.98251;0.01416;0.96483;0.93142;0.87653;0.86479;0.81565;0.01369;0.79798;0.77774;0.72569;0.69522;0.00882;0.68561;0.02348;0.62109;0.31758;0.22152;0.15680;0.13050;0.09876;0.08748;0.01750;0.06564;0.00209;0.06245;0.00439;0.05505;0.00016;0.05420;0.00328;0.00178;0.00125;0.00028;0.00017;0.04582;0.00320;0.04250;0.03850;0.03323;0.01073;0.00368;0.00223;0.00120;0.00017;0.01150;0.00250;0.00322;0.00016;0.00253;0.00686;0.01887;0.00321;0.01125;0.00183;0.00060;0.00419;0.03266;0.00431;0.02331;0.00776;0.00683;0.00493;0.00358;0.00244;0.00055;0.00122;0.00160;0.09522;0.26393;0.24525;0.22141;0.17788;0.15912;0.00954;0.00757;0.00256;0.14903;0.14647;0.00272;0.00303;0.00098;0.01129;0.02730;0.01759;0.02659;0.01169;0.03713;0.01398;0.01059;0.00395;0.00255;0.00198;0.01708;0.01663;0.00883;0.00766;0.00027;0.00027;0.00024;0.00019;0.00538;0.00069;0.00063;0.00078;0.00032;0.00025;0.00204;0.01935;0.00031;0.07134;0.00249;0.01927;0.00404;0.00266;0.00112
2020-01-16 00:00;1.34834;1.33087;0.00385;1.32697;0.01316;0.01302;0.00004;1.31135;0.00077;1.29611;0.00357;1.29140;0.00033;1.29038;0.00016;1.28790;1.28683;0.00073;1.28367;1.27809;0.00039;1.27627;0.00046;0.00024;0.00019;1.27513;0.00042;1.27371;1.26962;0.00275;1.26523;0.00066;1.26335;0.00036;1.26225;0.00077;1.26079;1.24216;1.23273;1.17321;1.17150;1.14643;1.14384;0.03310;1.10813;1.10237;0.00465;1.09689;1.09565;1.09395;1.09202;1.09043;1.08541;0.00014;1.08485;0.00031;1.08425;1.08388;1.08282;0.00048;1.08231;1.08158;0.00065;1.08073;1.06258;0.00147;1.06006;1.05612;0.01063;1.04456;0.00241;1.04207;0.06793;0.05405;0.03936;0.01871;0.01047;0.01337;0.00914;0.95084;0.92332;0.01235;0.90831;0.88227;0.83033;0.81937;0.78755;0.01467;0.76926;0.75010;0.70506;0.66819;0.01348;0.65418;0.02245;0.59384;0.30643;0.22186;0.16046;0.13758;0.10274;0.08645;0.01325;0.06832;0.00182;0.06521;0.00422;0.05700;0.00013;0.05634;0.00358;0.00158;0.00166;0.00047;0.00020;0.04702;0.00226;0.04459;0.03946;0.03537;0.01192;0.00401;0.00283;0.00169;0.00022;0.01395;0.00228;0.00437;0.00025;0.00359;0.01150;0.02098;0.00284;0.01406;0.00291;0.00048;0.00362;0.03182;0.00365;0.02296;0.00712;0.00731;0.00530;0.00369;0.00229;0.00076;0.00137;0.00158;0.08374;0.25416;0.23739;0.21665;0.17575;0.15331;0.00851;0.00621;0.00202;0.14409;0.14058;0.00385;0.00419;0.00103;0.00950;0.03379;0.01748;0.01477;0.01088;0.03823;0.01379;0.01136;0.00399;0.00250;0.00188;0.01706;0.01664;0.00842;0.00808;0.00025;0.00025;0.00024;0.00018;0.00496;0.00067;0.00062;0.00076;0.00031;0.00024;0.00195;0.01850;0.00031;0.05931;0.00328;0.01860;0.00373;0.00298;0.00104
2020-01-17 00:00;1.30080;1.28540;0.00353;1.28183;0.01269;0.01257;0.00004;1.26695;0.00074;1.25310;0.00247;1.24960;0.00027;1.24870;0.00015;1.24631;1.24531;0.00067;1.24236;1.23733;0.00036;1.23560;0.00044;0.00023;0.00018;1.23450;0.00041;1.23311;1.22929;0.00246;1.22505;0.00063;1.22308;0.00034;1.22195;0.00073;1.22047;1.20250;1.19416;1.14380;1.14185;1.11688;1.11421;0.03205;1.07885;1.07250;0.00449;1.06629;1.06397;1.06106;1.05702;1.05296;1.04816;0.00014;1.04678;0.00030;1.04551;1.04459;1.04211;0.00047;1.04149;1.03983;0.00062;1.03862;1.02023;0.00144;1.01622;1.00978;0.00987;0.99698;0.00229;0.99434;0.06196;0.05053;0.03675;0.01641;0.00987;0.01247;0.00674;0.90447;0.87479;0.00965;0.86227;0.83383;0.78327;0.77335;0.73635;0.01376;0.71886;0.70050;0.65773;0.62678;0.00870;0.61739;0.02254;0.55902;0.28175;0.20142;0.14163;0.11808;0.08862;0.07787;0.01179;0.06185;0.00204;0.05878;0.00389;0.05208;0.00011;0.05158;0.00292;0.00146;0.00121;0.00027;0.00017;0.04355;0.00250;0.04093;0.03708;0.03205;0.01039;0.00360;0.00214;0.00116;0.00017;0.01132;0.00259;0.00316;0.00016;0.00254;0.00677;0.01705;0.00253;0.01089;0.00175;0.00053;0.00446;0.03015;0.00451;0.02102;0.00626;0.00651;0.00465;0.00341;0.00227;0.00053;0.00111;0.00156;0.07950;0.24570;0.23034;0.21068;0.17273;0.14521;0.00712;0.00525;0.00152;0.13756;0.13505;0.00268;0.00301;0.00090;0.00851;0.02784;0.01601;0.01631;0.00988;0.03488;0.01406;0.00897;0.00377;0.00207;0.00184;0.01614;0.01572;0.00817;0.00741;0.00024;0.00024;0.00023;0.00018;0.00458;0.00064;0.00060;0.00074;0.00030;0.00023;0.00187;0.01776;0.00030;0.05011;0.00223;0.01794;0.00347;0.00259;0.00097
2020-01-18 00:00;1.21932;1.20568;0.00323;1.20242;0.01147;0.01136;0.00004;1.18903;0.00072;1.17688;0.00330;1.17275;0.00033;1.17198;0.00016;1.16987;1.16892;0.00072;1.16639;1.16168;0.00038;1.16036;0.00045;0.00024;0.00019;1.15947;0.00041;1.15839;1.15495;0.00261;1.15147;0.00063;1.15016;0.00035;1.14934;0.00076;1.14814;1.13085;1.12316;1.07539;1.07419;1.05166;1.04943;0.03136;1.01614;1.01114;0.00443;1.00641;1.00578;1.00472;1.00379;1.00322;0.99892;0.00014;0.99866;0.00030;0.99833;0.99815;0.99761;0.00046;0.99716;0.99676;0.00063;0.99608;0.97913;0.00141;0.97719;0.97420;0.00961;0.96429;0.00224;0.96205;0.06651;0.05305;0.03912;0.01927;0.01025;0.01271;0.00894;0.87534;0.84976;0.00687;0.84047;0.81649;0.76656;0.75566;0.72522;0.01476;0.70699;0.68839;0.65055;0.61593;0.01302;0.60245;0.02153;0.54712;0.28121;0.20693;0.14937;0.12958;0.09635;0.08004;0.00804;0.06723;0.00179;0.06419;0.00408;0.05617;0.00010;0.05568;0.00356;0.00159;0.00164;0.00047;0.00019;0.04644;0.00197;0.04431;0.03928;0.03534;0.01178;0.00391;0.00279;0.00168;0.00021;0.01413;0.00233;0.00428;0.00025;0.00358;0.01158;0.01969;0.00247;0.01357;0.00282;0.00048;0.00376;0.02930;0.00366;0.02067;0.00558;0.00702;0.00510;0.00362;0.00222;0.00077;0.00126;0.00149;0.07346;0.23741;0.22322;0.20403;0.16911;0.14075;0.00675;0.00449;0.00132;0.13329;0.12978;0.00389;0.00416;0.00100;0.00876;0.03146;0.01706;0.01367;0.01082;0.03691;0.01408;0.00952;0.00388;0.00214;0.00179;0.01627;0.01588;0.00797;0.00778;0.00025;0.00025;0.00023;0.00018;0.00429;0.00064;0.00059;0.00073;0.00029;0.00023;0.00181;0.01723;0.00030;0.04767;0.00301;0.01728;0.00323;0.00291;0.00093
2020-01-19 00:00;1.20803;1.19572;0.00295;1.19275;0.01126;0.01115;0.00004;1.17972;0.00069;1.16834;0.00229;1.16525;0.00026;1.16452;0.00015;1.16240;1.16150;0.00067;1.15901;1.15462;0.00035;1.15325;0.00043;0.00023;0.00018;1.15233;0.00039;1.15120;1.14793;0.00236;1.14434;0.00061;1.14276;0.00034;1.14184;0.00072;1.14054;1.12390;1.11689;1.07098;1.06939;1.04629;1.04389;0.03062;1.01042;1.00463;0.00437;0.99888;0.99695;0.99445;0.99105;0.98763;0.98341;0.00013;0.98223;0.00029;0.98112;0.98033;0.97817;0.00045;0.97759;0.97614;0.00061;0.97503;0.95745;0.00139;0.95381;0.94800;0.00942;0.93604;0.00216;0.93357;0.05924;0.04815;0.03503;0.01533;0.00960;0.01188;0.00661;0.84890;0.82071;0.00856;0.80949;0.78180;0.73318;0.72317;0.68736;0.01380;0.66998;0.65217;0.61534;0.58668;0.00832;0.57773;0.02152;0.52356;0.26469;0.19341;0.13816;0.11570;0.08756;0.07692;0.01201;0.06083;0.00199;0.05781;0.00381;0.05118;0.00009;0.05076;0.00290;0.00146;0.00120;0.00027;0.00017;0.04283;0.00241;0.04030;0.03655;0.03171;0.01025;0.00353;0.00212;0.00116;0.00016;0.01120;0.00255;0.00305;0.00016;0.00252;0.00682;0.01622;0.00231;0.01051;0.00170;0.00052;0.00439;0.02741;0.00428;0.01873;0.00472;0.00627;0.00446;0.00334;0.00220;0.00052;0.00100;0.00150;0.07046;0.22930;0.21615;0.19683;0.16513;0.13365;0.00582;0.00399;0.00150;0.12730;0.12480;0.00269;0.00297;0.00087;0.00831;0.02554;0.01564;0.01587;0.00996;0.03352;0.01412;0.00784;0.00363;0.00214;0.00177;0.01560;0.01520;0.00789;0.00718;0.00024;0.00024;0.00023;0.00017;0.00404;0.00063;0.00058;0.00072;0.00029;0.00023;0.00175;0.01681;0.00029;0.04573;0.00205;0.01662;0.00300;0.00254;0.00088
2020-01-20 00:00;1.14640;1.13506;0.00268;1.13236;0.01015;0.01004;0.00004;1.12060;0.00067;1.11034;0.00305;1.10662;0.00032;1.10596;0.00016;1.10397;1.10313;0.00071;1.10091;1.09665;0.00037;1.09556;0.00044;0.00023;0.00019;1.09478;0.00039;1.09386;1.09091;0.00250;1.08782;0.00061;1.08673;0.00035;1.08603;0.00075;1.08494;1.06901;1.06240;1.01793;1.01698;0.99605;0.99405;0.03001;0.96244;0.95788;0.00432;0.95350;0.95315;0.95240;0.95196;0.95189;0.94808;0.00013;0.94798;0.00028;0.94779;0.94772;0.94745;0.00044;0.94704;0.94682;0.00060;0.94623;0.92978;0.00137;0.92816;0.92573;0.00925;0.91653;0.00209;0.91448;0.06226;0.04910;0.03600;0.01684;0.01002;0.01194;0.00886;0.83451;0.80997;0.00869;0.79909;0.77589;0.72846;0.71756;0.68819;0.01461;0.67025;0.65203;0.61954;0.58407;0.01255;0.57110;0.02062;0.51948;0.27113;0.20538;0.15221;0.13131;0.09882;0.08283;0.01221;0.06589;0.00174;0.06292;0.00395;0.05507;0.00009;0.05460;0.00349;0.00156;0.00161;0.00047;0.00018;0.04547;0.00193;0.04338;0.03845;0.03468;0.01150;0.00385;0.00278;0.00168;0.00022;0.01386;0.00230;0.00417;0.00025;0.00356;0.01144;0.01915;0.00235;0.01328;0.00281;0.00047;0.00371;0.02671;0.00350;0.01842;0.00407;0.00682;0.00496;0.00356;0.00217;0.00075;0.00119;0.00142;0.06493;0.22071;0.20848;0.18941;0.16085;0.13000;0.00585;0.00361;0.00144;0.12344;0.11998;0.00380;0.00418;0.00098;0.00847;0.03233;0.01686;0.01352;0.01082;0.03513;0.01390;0.00838;0.00379;0.00271;0.00172;0.01602;0.01565;0.00770;0.00784;0.00024;0.00024;0.00022;0.00017;0.00383;0.00063;0.00057;0.00071;0.00029;0.00023;0.00170;0.01635;0.00030;0.04440;0.00276;0.01593;0.00280;0.00283;0.00084
2020-01-21 00:00;1.14684;1.13649;0.00244;1.13402;0.00989;0.00979;0.00003;1.12262;0.00064;1.11286;0.00211;1.11006;0.00026;1.10940;0.00015;1.10734;1.10654;0.00065;1.10428;1.10020;0.00034;1.09895;0.00042;0.00022;0.00018;1.09810;0.00038;1.09706;1.09423;0.00224;1.09083;0.00059;1.08934;0.00033;1.08846;0.00071;1.08721;1.07196;1.06567;1.02345;1.02194;1.00014;0.99791;0.02920;0.96589;0.96032;0.00424;0.95463;0.95263;0.95004;0.94646;0.94281;0.93889;0.00013;0.93763;0.00028;0.93647;0.93562;0.93333;0.00044;0.93276;0.93123;0.00059;0.93011;0.91272;0.00135;0.90898;0.90304;0.00902;0.89129;0.00199;0.88896;0.05729;0.04654;0.03421;0.01552;0.00939;0.01119;0.00652;0.80740;0.77884;0.00791;0.76819;0.74099;0.69350;0.68362;0.64813;0.01345;0.63117;0.61382;0.58157;0.55181;0.00794;0.54322;0.02067;0.49225;0.25077;0.18762;0.13445;0.11228;0.08442;0.07377;0.01080;0.05891;0.00188;0.05603;0.00364;0.04959;0.00008;0.04918;0.00282;0.00141;0.00117;0.00027;0.00016;0.04143;0.00229;0.03903;0.03541;0.03079;0.01001;0.00346;0.00210;0.00115;0.00016;0.01078;0.00244;0.00294;0.00016;0.00249;0.00673;0.01574;0.00222;0.01025;0.00170;0.00050;0.00420;0.02493;0.00398;0.01668;0.00340;0.00609;0.00435;0.00329;0.00217;0.00051;0.00094;0.00144;0.06234;0.21237;0.20099;0.18184;0.15644;0.12348;0.00512;0.00333;0.00149;0.11785;0.11542;0.00261;0.00296;0.00084;0.00843;0.02659;0.01516;0.01556;0.00984;0.03247;0.01368;0.00742;0.00354;0.00197;0.00171;0.01534;0.01495;0.00759;0.00724;0.00023;0.00023;0.00022;0.00017;0.00373;0.00062;0.00057;0.00070;0.00028;0.00022;0.00163;0.01585;0.00029;0.04205;0.00186;0.01522;0.00259;0.00247;0.00079
2020-01-22 00:00;1.07863;1.06819;0.00224;1.06593;0.00885;0.00876;0.00003;1.05564;0.00061;1.04639;0.00273;1.04302;0.00031;1.04234;0.00015;1.04029;1.03954;0.00069;1.03739;1.03323;0.00036;1.03211;0.00042;0.00023;0.00018;1.03133;0.00038;1.03041;1.02784;0.00235;1.02468;0.00059;1.02349;0.00034;1.02276;0.00073;1.02165;1.00716;1.00111;0.96038;0.95935;0.93948;0.93760;0.02836;0.90745;0.90297;0.00411;0.89856;0.89796;0.89698;0.89614;0.89564;0.89199;0.00013;0.89179;0.00027;0.89151;0.89137;0.89091;0.00042;0.89051;0.89019;0.00057;0.88959;0.87387;0.00131;0.87216;0.86961;0.00881;0.86067;0.00190;0.85878;0.06149;0.04895;0.03643;0.01828;0.00976;0.01146;0.00848;0.78089;0.75723;0.00631;0.74868;0.72654;0.67968;0.66928;0.64037;0.01426;0.62285;0.60514;0.57713;0.54178;0.01179;0.52955;0.01978;0.48136;0.25115;0.19332;0.14167;0.12284;0.09081;0.07585;0.00726;0.06394;0.00167;0.06102;0.00385;0.05350;0.00008;0.05305;0.00341;0.00151;0.00159;0.00044;0.00018;0.04411;0.00183;0.04212;0.03737;0.03379;0.01120;0.00378;0.00268;0.00160;0.00021;0.01329;0.00223;0.00402;0.00024;0.00347;0.01060;0.01877;0.00230;0.01305;0.00268;0.00046;0.00357;0.02458;0.00333;0.01668;0.00313;0.00662;0.00484;0.00347;0.00213;0.00072;0.00116;0.00135;0.05704;0.20398;0.19336;0.17442;0.15190;0.12059;0.00531;0.00311;0.00140;0.11459;0.11107;0.00360;0.00406;0.00096;0.00833;0.03221;0.01637;0.01309;0.01032;0.03465;0.01357;0.00846;0.00365;0.00203;0.00163;0.01519;0.01482;0.00733;0.00738;0.00023;0.00023;0.00022;0.00016;0.00364;0.00061;0.00056;0.00068;0.00027;0.00022;0.00155;0.01529;0.00029;0.04063;0.00245;0.01447;0.00239;0.00273;0.00074
2020-01-23 00:00;1.06739;1.05794;0.00207;1.05585;0.00858;0.00850;0.00003;1.04596;0.00058;1.03749;0.00188;1.03499;0.00025;1.03438;0.00015;1.03239;1.03168;0.00063;1.02962;1.02581;0.00033;1.02466;0.00040;0.00021;0.00017;1.02386;0.00036;1.02291;1.02046;0.00204;1.01731;0.00056;1.01591;0.00032;1.01508;0.00069;1.01389;1.00017;0.99461;0.95844;0.95708;0.93704;0.93504;0.02728;0.90518;0.90003;0.00396;0.89477;0.89295;0.89059;0.88733;0.88400;0.88029;0.00012;0.87914;0.00027;0.87808;0.87731;0.87522;0.00041;0.87469;0.87330;0.00054;0.87226;0.85602;0.00126;0.85258;0.84712;0.00851;0.83613;0.00176;0.83406;0.05384;0.04356;0.03185;0.01385;0.00914;0.01065;0.00627;0.75856;0.73166;0.00848;0.72062;0.69433;0.64807;0.63872;0.60438;0.01324;0.58775;0.57096;0.54325;0.51427;0.00759;0.50606;0.01957;0.45899;0.23539;0.18023;0.13024;0.10880;0.08196;0.07217;0.01089;0.05740;0.00185;0.05455;0.00352;0.04840;0.00008;0.04802;0.00273;0.00137;0.00114;0.00025;0.00015;0.04047;0.00229;0.03807;0.03457;0.03008;0.00969;0.00336;0.00201;0.00109;0.00016;0.01051;0.00239;0.00285;0.00015;0.00241;0.00621;0.01537;0.00217;0.01002;0.00161;0.00050;0.00415;0.02331;0.00398;0.01529;0.00285;0.00589;0.00422;0.00320;0.00212;0.00049;0.00090;0.00138;0.05437;0.19578;0.18591;0.16719;0.14743;0.11459;0.00469;0.00297;0.00144;0.10940;0.10699;0.00246;0.00284;0.00081;0.00804;0.02586;0.01472;0.01509;0.00931;0.03176;0.01347;0.00707;0.00341;0.00208;0.00159;0.01436;0.01400;0.00712;0.00676;0.00022;0.00021;0.00021;0.00016;0.00354;0.00058;0.00054;0.00067;0.00027;0.00021;0.00147;0.01469;0.00027;0.03601;0.00165;0.01370;0.00222;0.00237;0.00069
2020-01-24 00:00;1.00884;0.99937;0.00192;0.99743;0.00767;0.00758;0.00003;0.98854;0.00055;0.98066;0.00245;0.97768;0.00030;0.97706;0.00015;0.97515;0.97449;0.00067;0.97259;0.96880;0.00034;0.96782;0.00041;0.00022;0.00017;0.96712;0.00036;0.96631;0.96408;0.00214;0.96128;0.00056;0.96024;0.00033;0.95960;0.00071;0.95857;0.94566;0.94044;0.90385;0.90296;0.88482;0.88315;0.02638;0.85521;0.85116;0.00386;0.84710;0.84663;0.84581;0.84519;0.84490;0.84145;0.00012;0.84132;0.00025;0.84111;0.84102;0.84069;0.00039;0.84033;0.84010;0.00054;0.83956;0.82461;0.00123;0.82311;0.82093;0.00832;0.81263;0.00166;0.81101;0.05753;0.04536;0.03328;0.01615;0.00938;0.01112;0.00835;0.73965;0.71622;0.00784;0.70620;0.68393;0.63871;0.62848;0.60030;0.01406;0.58308;0.56592;0.54172;0.50736;0.01081;0.49615;0.01891;0.45147;0.23831;0.18833;0.14003;0.12059;0.08922;0.07436;0.00793;0.06198;0.00164;0.05916;0.00366;0.05180;0.00007;0.05136;0.00333;0.00147;0.00155;0.00043;0.00017;0.04254;0.00183;0.04054;0.03585;0.03234;0.01079;0.00371;0.00261;0.00154;0.00020;0.01276;0.00220;0.00397;0.00024;0.00344;0.01051;0.01843;0.00225;0.01283;0.00266;0.00045;0.00355;0.02332;0.00334;0.01554;0.00284;0.00648;0.00472;0.00344;0.00209;0.00072;0.00107;0.00132;0.04919;0.18786;0.17862;0.16056;0.14297;0.11223;0.00503;0.00285;0.00136;0.10652;0.10310;0.00363;0.00400;0.00094;0.00816;0.03121;0.01586;0.01271;0.01016;0.03327;0.01346;0.00712;0.00360;0.00260;0.00151;0.01454;0.01421;0.00682;0.00728;0.00021;0.00021;0.00021;0.00016;0.00345;0.00057;0.00052;0.00065;0.00025;0.00021;0.00140;0.01413;0.00027;0.03652;0.00219;0.01290;0.00208;0.00261;0.00065
2020-01-25 00:00;1.00196;0.99324;0.00179;0.99143;0.00749;0.00741;0.00003;0.98281;0.00053;0.97545;0.00170;0.97322;0.00024;0.97264;0.00014;0.97075;0.97012;0.00061;0.96824;0.96468;0.00032;0.96363;0.00039;0.00021;0.00017;0.96288;0.00035;0.96200;0.95982;0.00192;0.95687;0.00053;0.95555;0.00031;0.95478;0.00067;0.95364;0.94153;0.93656;0.90583;0.90458;0.88607;0.88424;0.02535;0.85644;0.85166;0.00374;0.84666;0.84490;0.84262;0.83944;0.83614;0.83261;0.00011;0.83148;0.00025;0.83044;0.82967;0.82761;0.00038;0.82710;0.82573;0.00052;0.82473;0.80911;0.00120;0.80577;0.80044;0.00804;0.78991;0.00140;0.78820;0.05287;0.04291;0.03179;0.01501;0.00877;0.01017;0.00621;0.71630;0.68974;0.00758;0.67961;0.65381;0.60857;0.59934;0.56584;0.01307;0.54946;0.53320;0.50843;0.47998;0.00703;0.47235;0.01875;0.42822;0.22029;0.17311;0.12500;0.10469;0.07845;0.06874;0.00997;0.05506;0.00174;0.05237;0.00332;0.04643;0.00007;0.04606;0.00264;0.00132;0.00110;0.00025;0.00014;0.03869;0.00218;0.03640;0.03297;0.02863;0.00932;0.00326;0.00195;0.00105;0.00015;0.01007;0.00233;0.00279;0.00015;0.00237;0.00615;0.01498;0.00210;0.00978;0.00159;0.00046;0.00406;0.02203;0.00388;0.01422;0.00267;0.00572;0.00411;0.00315;0.00208;0.00048;0.00084;0.00131;0.04640;0.18054;0.17186;0.15421;0.13866;0.10673;0.00446;0.00278;0.00139;0.10178;0.09945;0.00244;0.00278;0.00079;0.00766;0.02532;0.01422;0.01450;0.00919;0.03096;0.01330;0.00673;0.00340;0.00190;0.00149;0.01377;0.01343;0.00665;0.00667;0.00021;0.00020;0.00020;0.00015;0.00337;0.00056;0.00052;0.00063;0.00025;0.00020;0.00134;0.01362;0.00026;0.03058;0.00148;0.01208;0.00196;0.00227;0.00061
2020-01-26 00:00;15.84421;15.85393;0.02634;15.83051;0.19214;0.19092;0.00076;15.66039;0.00460;15.74824;0.00952;15.76197;0.00125;15.78918;0.00052;15.83929;15.83683;0.00249;15.88917;15.94355;0.00198;15.99000;0.00298;0.00133;0.00112;16.00999;0.01056;16.03747;16.01493;0.01918;16.04671;0.00577;16.08337;0.00052;16.11887;0.00289;16.14755;16.12792;16.21164;16.03401;16.11364;15.03586;15.05769;2.95063;12.22401;11.77272;1.14155;10.69114;10.61558;10.29457;10.06911;9.67835;8.84764;0.05562;8.79475;0.11115;8.68727;8.61735;8.39025;0.13115;8.26374;8.17595;0.17934;7.99221;6.30562;0.52280;5.68756;5.12821;0.86668;4.24285;0.38908;3.85301;1.02292;0.81396;0.55788;0.02858;0.01544;0.24934;0.03078;1.99487;1.98396;0.03781;1.94938;1.93969;1.86229;1.82826;1.78879;0.03011;1.75697;1.67793;1.51266;1.43719;0.02095;1.41924;0.04306;1.23486;0.70108;0.44152;0.32983;0.30063;0.23640;0.20772;0.02472;0.17163;0.00404;0.16475;0.00896;0.15088;0.00021;0.14966;0.00919;0.00329;0.00493;0.00077;0.00137;0.12771;0.00245;0.12527;0.11449;0.10714;0.04975;0.01825;0.00784;0.00290;0.00024;0.02681;0.00698;0.00890;0.00024;0.00701;0.01549;0.04570;0.00423;0.03487;0.00900;0.00046;0.00352;0.05010;0.00370;0.03748;0.00753;0.01824;0.01039;0.00466;0.00233;0.00176;0.00561;0.00759;0.25864;0.50502;0.25717;0.18274;0.13949;0.15902;0.01886;0.00894;0.00345;0.13834;0.13000;0.00804;0.00675;0.00240;0.02573;0.07286;0.08602;0.05982;0.03395;0.09344;0.03644;0.03204;0.01685;0.00622;0.39223;1.68786;1.56326;1.44466;0.09673;0.10847;0.08216;0.16323;0.08621;0.83291;0.39667;0.30717;0.37267;0.11576;0.15195;0.01139;1.24606;0.00130;0.19258;0.01153;0.02236;0.03813;0.01902;0.00533
2020-01-27 00:00;24.48100;24.36309;0.02255;24.34099;0.17569;0.17487;0.00040;24.16320;0.00412;24.11463;0.01449;24.10192;0.00197;24.10364;0.00049;24.10082;24.09334;0.00272;24.09573;24.08249;0.00224;24.08492;0.00243;0.00111;0.00106;24.08508;0.00671;24.08203;24.04599;0.02277;24.00603;0.00501;23.99475;0.00072;23.99822;0.00309;23.99972;23.97478;23.95724;23.65652;23.66859;21.45335;21.44424;6.44640;15.00620;14.42085;1.60966;12.78429;12.63895;12.25022;11.95928;11.53445;10.41345;0.04269;10.34211;0.08345;10.23842;10.16792;9.94282;0.09079;9.85118;9.76589;0.13884;9.61241;7.63594;0.51097;7.01544;6.47501;1.01377;5.41052;0.43267;4.97343;0.94497;0.74201;0.49717;0.03589;0.02143;0.22079;0.03219;2.93173;2.83729;0.04475;2.78706;2.70682;2.57206;2.53512;2.41981;0.04271;2.37226;2.27941;2.02681;1.91379;0.02632;1.88539;0.06405;1.54805;0.94434;0.67402;0.52655;0.48142;0.39193;0.33729;0.04263;0.27961;0.00708;0.26785;0.01223;0.24222;0.00033;0.24055;0.01246;0.00490;0.00637;0.00193;0.00127;0.21183;0.00676;0.20493;0.19180;0.18049;0.06282;0.02022;0.01256;0.00768;0.00042;0.07785;0.00786;0.01131;0.00029;0.00935;0.04050;0.06169;0.00602;0.04747;0.01371;0.00099;0.00799;0.07040;0.01008;0.04973;0.01536;0.01874;0.01060;0.00541;0.00307;0.00163;0.00494;0.00767;0.26902;0.53387;0.34701;0.22779;0.16178;0.21850;0.03019;0.01748;0.00473;0.18636;0.17658;0.01074;0.00988;0.00336;0.03982;0.08963;0.09106;0.08872;0.03685;0.11468;0.04855;0.03459;0.01785;0.00691;0.36364;1.94479;1.85470;1.73340;0.10596;0.07913;0.05278;0.12230;0.06276;1.11743;0.32909;0.23324;0.34886;0.09862;0.12162;0.01305;2.22249;0.00128;0.30303;0.01370;0.02539;0.03742;0.02107;0.00797
2020-01-28 00:00;13.39571;13.19156;0.00949;13.18025;0.05992;0.05951;0.00013;13.09514;0.00252;12.94067;0.01240;12.90799;0.00183;12.88369;0.00044;12.83767;12.83313;0.00236;12.78505;12.71046;0.00179;12.66746;0.00163;0.00083;0.00074;12.64683;0.00191;12.61819;12.59312;0.01559;12.49097;0.00255;12.43134;0.00084;12.40520;0.00243;12.37910;12.35371;12.24470;11.99202;11.93222;10.75967;10.72886;3.44847;7.18662;6.94013;0.65763;6.21287;6.11765;5.95944;5.79923;5.60536;5.16572;0.00783;5.12478;0.01463;5.08392;5.05386;4.96634;0.01365;4.94878;4.90853;0.02591;4.86869;4.15220;0.12719;3.97169;3.80615;0.36451;3.39913;0.14677;3.24810;0.29063;0.23749;0.15971;0.03560;0.01883;0.05753;0.02426;2.50592;2.40361;0.03171;2.36265;2.27124;2.13992;2.11137;1.98550;0.04165;1.93751;1.86097;1.72767;1.64492;0.02836;1.61369;0.07223;1.40504;0.91776;0.70845;0.57273;0.52493;0.43376;0.36926;0.04733;0.30698;0.00878;0.29362;0.01331;0.26315;0.00036;0.26142;0.01266;0.00570;0.00596;0.00237;0.00085;0.23323;0.00991;0.22308;0.21010;0.19801;0.05375;0.01642;0.01351;0.00977;0.00051;0.10695;0.00706;0.01130;0.00032;0.00968;0.05296;0.06237;0.00675;0.04746;0.01523;0.00142;0.01208;0.06809;0.01430;0.04371;0.01508;0.01631;0.00971;0.00592;0.00373;0.00135;0.00350;0.00606;0.20775;0.39951;0.34665;0.26612;0.19714;0.22879;0.03015;0.01870;0.00503;0.19700;0.18895;0.01126;0.01125;0.00340;0.04170;0.06836;0.07030;0.07759;0.02845;0.09497;0.04175;0.02512;0.01124;0.00610;0.08602;0.67862;0.66094;0.60924;0.04765;0.01330;0.00692;0.02183;0.01054;0.43357;0.07060;0.04388;0.08269;0.02065;0.02340;0.00715;1.01977;0.00105;0.24204;0.01124;0.02365;0.01154;0.01419;0.00279
2020-01-29 00:00;5.35519;5.21262;0.00607;5.20518;0.02383;0.02349;0.00012;5.16209;0.00215;5.05013;0.01063;5.02401;0.00092;5.00604;0.00043;4.97037;4.96745;0.00194;4.93061;4.87299;0.00131;4.84040;0.00150;0.00079;0.00066;4.82445;0.00128;4.80285;4.78757;0.01297;4.71198;0.00203;4.66788;0.00083;4.64771;0.00221;4.62734;4.60335;4.51885;4.32029;4.27389;3.99624;3.97316;0.84526;3.05728;3.00211;0.07586;2.88769;2.85002;2.80919;2.74632;2.68105;2.62747;0.00021;2.61131;0.00052;2.59789;2.58744;2.56024;0.00077;2.55739;2.54075;0.00099;2.53306;2.41515;0.00339;2.39212;2.35924;0.05136;2.28724;0.01625;2.26883;0.11481;0.08882;0.06729;0.03327;0.01672;0.01971;0.02063;2.06106;1.98317;0.02680;1.94836;1.87453;1.76157;1.73700;1.63428;0.03647;1.59173;1.52760;1.45616;1.38847;0.02686;1.35933;0.07235;1.22502;0.77297;0.62575;0.49932;0.45493;0.37139;0.31197;0.04491;0.25325;0.00762;0.24150;0.01360;0.21152;0.00035;0.20980;0.01105;0.00592;0.00436;0.00131;0.00071;0.18519;0.00601;0.17887;0.16661;0.15669;0.04110;0.01394;0.00929;0.00593;0.00046;0.07923;0.00425;0.01016;0.00033;0.00870;0.04772;0.05468;0.00695;0.03970;0.01364;0.00135;0.00679;0.05812;0.00813;0.04027;0.01379;0.01512;0.00940;0.00599;0.00382;0.00125;0.00313;0.00518;0.14560;0.36308;0.33865;0.29358;0.22620;0.22071;0.02552;0.01678;0.00490;0.19375;0.18760;0.00978;0.01097;0.00315;0.03989;0.05839;0.05911;0.06126;0.02446;0.08168;0.03553;0.02143;0.00896;0.00558;0.00285;0.09793;0.09444;0.06799;0.02461;0.00043;0.00042;0.00086;0.00037;0.05036;0.00382;0.00308;0.00229;0.00046;0.00100;0.00545;0.15804;0.00099;0.19042;0.01001;0.02267;0.00509;0.01149;0.00159
2020-01-30 00:00;2.97186;2.92471;0.00548;2.91891;0.02093;0.02066;0.00011;2.89121;0.00202;2.85124;0.00969;2.83714;0.00076;2.83221;0.00042;2.81876;2.81700;0.00184;2.80528;2.78229;0.00104;2.77337;0.00143;0.00076;0.00063;2.76826;0.00122;2.76184;2.75472;0.01238;2.72793;0.00190;2.71612;0.00082;2.71047;0.00214;2.70379;2.68156;2.64883;2.47173;2.45959;2.38082;2.37111;0.21160;2.13810;2.12692;0.00598;2.11475;2.10847;2.10139;2.09087;2.08018;2.07260;0.00016;2.06955;0.00035;2.06691;2.06492;2.05968;0.00055;2.05876;2.05537;0.00075;2.05334;2.01357;0.00166;2.00726;1.99707;0.01793;1.97372;0.00304;1.97007;0.10025;0.07708;0.05799;0.02905;0.01641;0.01768;0.01820;1.83228;1.76896;0.02497;1.73795;1.67842;1.57874;1.55601;1.46544;0.03011;1.42968;1.38116;1.32071;1.25610;0.02506;1.22926;0.06854;1.10647;0.65658;0.52368;0.40115;0.35681;0.28463;0.23956;0.04234;0.18480;0.00514;0.17686;0.01356;0.15266;0.00034;0.15100;0.00976;0.00579;0.00329;0.00057;0.00065;0.13028;0.00596;0.12400;0.11385;0.10367;0.03449;0.01249;0.00646;0.00333;0.00041;0.03516;0.00487;0.00797;0.00033;0.00658;0.03359;0.04488;0.00688;0.03020;0.00933;0.00113;0.00706;0.05544;0.00799;0.03846;0.01330;0.01409;0.00921;0.00595;0.00381;0.00121;0.00298;0.00435;0.13126;0.36428;0.34362;0.30584;0.24050;0.21228;0.02132;0.01424;0.00469;0.18962;0.18391;0.00754;0.00932;0.00288;0.03769;0.05649;0.04484;0.05660;0.02262;0.07353;0.03065;0.02038;0.00854;0.00505;0.00214;0.03542;0.03449;0.01256;0.02150;0.00029;0.00029;0.00026;0.00021;0.00702;0.00074;0.00068;0.00084;0.00033;0.00026;0.00515;0.03924;0.00096;0.17520;0.00922;0.02193;0.00468;0.01071;0.00147
2020-01-31 00:00;2.42230;2.39463;0.00499;2.38952;0.01904;0.01879;0.00010;2.36642;0.00190;2.34166;0.00866;2.33084;0.00062;2.32857;0.00040;2.31975;2.31830;0.00174;2.31173;2.29623;0.00106;2.29194;0.00137;0.00073;0.00060;2.28905;0.00117;2.28570;2.28049;0.01168;2.26378;0.00182;2.25836;0.00076;2.25567;0.00203;2.25181;2.23049;2.20917;2.04340;2.03823;1.98432;1.97753;0.04684;1.91946;1.91173;0.00501;1.90414;1.90089;1.89701;1.89159;1.88623;1.88048;0.00015;1.87872;0.00034;1.87714;1.87599;1.87291;0.00053;1.87219;1.87015;0.00072;1.86871;1.83592;0.00161;1.83121;1.82364;0.01578;1.80437;0.00278;1.80116;0.09465;0.07472;0.05613;0.02808;0.01616;0.01723;0.01506;1.67287;1.61337;0.02348;1.58461;1.53466;1.44662;1.42546;1.34477;0.02144;1.31791;1.27447;1.22062;1.15884;0.02324;1.13397;0.06398;1.01600;0.56950;0.44700;0.33267;0.29310;0.23406;0.20891;0.03978;0.15828;0.00579;0.14980;0.01327;0.12763;0.00032;0.12606;0.00946;0.00539;0.00340;0.00091;0.00058;0.10797;0.00464;0.10307;0.09541;0.08720;0.03269;0.01197;0.00644;0.00359;0.00043;0.02640;0.00377;0.00596;0.00032;0.00462;0.01498;0.03516;0.00644;0.02113;0.00410;0.00090;0.00506;0.05082;0.00547;0.03650;0.01281;0.01286;0.00893;0.00584;0.00370;0.00117;0.00283;0.00339;0.12083;0.36493;0.34634;0.30664;0.24369;0.20199;0.01771;0.01138;0.00446;0.18307;0.17745;0.00661;0.00707;0.00264;0.03539;0.05435;0.04032;0.05001;0.02106;0.06380;0.02432;0.01921;0.00821;0.00454;0.00208;0.03010;0.02963;0.00933;0.02014;0.00028;0.00028;0.00025;0.00020;0.00549;0.00071;0.00064;0.00080;0.00032;0.00025;0.00488;0.03134;0.00092;0.16511;0.00843;0.02123;0.00430;0.01003;0.00136
2020-02-01 00:00;2.21244;2.19151;0.00458;2.18687;0.01738;0.01717;0.00009;2.16643;0.00179;2.14720;0.00758;2.13820;0.00071;2.13658;0.00039;2.12936;2.12806;0.00170;2.12309;2.11037;0.00095;2.10758;0.00130;0.00069;0.00058;2.10539;0.00112;2.10300;2.09857;0.01099;2.08521;0.00172;2.08171;0.00076;2.07987;0.00195;2.07690;2.05633;2.03929;1.88334;1.88025;1.83330;1.82769;0.03570;1.78432;1.77734;0.00484;1.77061;1.76813;1.76507;1.76094;1.75691;1.75164;0.00015;1.75028;0.00033;1.74904;1.74815;1.74574;0.00051;1.74510;1.74350;0.00068;1.74227;1.71154;0.00154;1.70757;1.70120;0.01427;1.68426;0.00267;1.68128;0.08971;0.07093;0.05296;0.02531;0.01607;0.01664;0.01402;1.56082;1.51141;0.02126;1.48568;1.43946;1.35937;1.34050;1.26741;0.02158;1.24063;1.20724;1.15896;1.10061;0.02138;1.07777;0.05925;0.96769;0.53028;0.41611;0.31181;0.27576;0.22108;0.19096;0.03708;0.14441;0.00379;0.13850;0.01280;0.11977;0.00030;0.11829;0.00835;0.00486;0.00287;0.00058;0.00054;0.10074;0.00537;0.09515;0.08795;0.07973;0.03018;0.01084;0.00581;0.00307;0.00038;0.02483;0.00438;0.00581;0.00028;0.00460;0.02178;0.03363;0.00616;0.02037;0.00488;0.00081;0.00645;0.05010;0.00689;0.03537;0.01228;0.01259;0.00849;0.00559;0.00362;0.00102;0.00267;0.00361;0.11249;0.36036;0.34335;0.30063;0.24038;0.19228;0.01549;0.00969;0.00417;0.17564;0.17051;0.00553;0.00615;0.00240;0.03281;0.05149;0.03074;0.04596;0.01877;0.05841;0.02102;0.01787;0.00714;0.00421;0.00200;0.02857;0.02811;0.00894;0.01903;0.00027;0.00027;0.00025;0.00019;0.00508;0.00069;0.00062;0.00078;0.00031;0.00024;0.00458;0.02996;0.00089;0.15564;0.00764;0.02053;0.00396;0.00937;0.00126
2020-02-02 00:00;2.12233;2.10654;0.00420;2.10232;0.01593;0.01574;0.00009;2.08409;0.00169;2.06909;0.00651;2.06169;0.00059;2.06074;0.00037;2.05473;2.05356;0.00160;2.04985;2.03929;0.00096;2.03750;0.00125;0.00066;0.00056;2.03584;0.00107;2.03416;2.03032;0.01033;2.01954;0.00165;2.01741;0.00072;2.01624;0.00187;2.01392;1.99409;1.98044;1.83399;1.83241;1.79104;1.78630;0.03482;1.74647;1.74143;0.00471;1.73689;1.73674;1.73612;1.73586;1.73588;1.73119;0.00015;1.73106;0.00032;1.73082;1.73072;1.73036;0.00049;1.72990;1.72959;0.00067;1.72891;1.70092;0.00151;1.69901;1.69603;0.01298;1.68288;0.00260;1.68031;0.09036;0.07162;0.05358;0.02698;0.01573;0.01679;0.01410;1.56645;1.51056;0.02158;1.48465;1.43320;1.34801;1.32756;1.25884;0.02495;1.22877;1.19268;1.14900;1.08778;0.02066;1.06587;0.05575;0.96270;0.53859;0.43171;0.31719;0.27857;0.22090;0.19597;0.03494;0.15142;0.00539;0.14348;0.01225;0.12397;0.00028;0.12258;0.00861;0.00442;0.00352;0.00095;0.00051;0.10446;0.00430;0.09986;0.09113;0.08310;0.03061;0.01143;0.00649;0.00369;0.00048;0.02946;0.00413;0.00711;0.00047;0.00567;0.01491;0.03482;0.00585;0.02174;0.00354;0.00078;0.00547;0.05101;0.00596;0.03531;0.01197;0.01297;0.00918;0.00616;0.00366;0.00146;0.00262;0.00306;0.10520;0.35115;0.33556;0.29357;0.23623;0.18574;0.01407;0.00857;0.00404;0.17025;0.16408;0.00718;0.00724;0.00229;0.03070;0.05486;0.03370;0.04072;0.02031;0.06227;0.02230;0.01803;0.00881;0.00481;0.00194;0.02742;0.02697;0.00865;0.01818;0.00026;0.00026;0.00024;0.00019;0.00472;0.00068;0.00061;0.00076;0.00030;0.00024;0.00436;0.02863;0.00085;0.14639;0.00689;0.01983;0.00368;0.00875;0.00117
2020-02-03 00:00;2.09209;2.07491;0.00385;2.07101;0.01468;0.01450;0.00008;2.05389;0.00159;2.03797;0.00552;2.03130;0.00067;2.02987;0.00036;2.02350;2.02238;0.00158;2.01802;2.00713;0.00086;2.00472;0.00119;0.00063;0.00053;2.00279;0.00103;2.00069;1.99688;0.00966;1.98507;0.00156;1.98192;0.00071;1.98027;0.00180;1.97757;1.95842;1.94429;1.80687;1.80410;1.76198;1.75694;0.03376;1.71639;1.70966;0.00457;1.70316;1.70064;1.69754;1.69325;1.68898;1.68438;0.00014;1.68297;0.00031;1.68167;1.68073;1.67820;0.00048;1.67756;1.67588;0.00064;1.67465;1.64582;0.00146;1.64179;1.63534;0.01178;1.62069;0.00249;1.61785;0.09020;0.06728;0.05027;0.02293;0.01632;0.01577;0.01839;1.49769;1.44564;0.01943;1.42205;1.36904;1.28461;1.26697;1.19929;0.02585;1.16824;1.13884;1.09789;1.04171;0.01893;1.02138;0.05176;0.92554;0.51333;0.41312;0.30787;0.27067;0.21310;0.18281;0.03227;0.14111;0.00357;0.13545;0.01163;0.11829;0.00026;0.11699;0.00776;0.00410;0.00303;0.00060;0.00049;0.09973;0.00504;0.09446;0.08596;0.07692;0.02828;0.01026;0.00565;0.00301;0.00039;0.02669;0.00496;0.00709;0.00035;0.00585;0.02214;0.03535;0.00571;0.02281;0.00498;0.00084;0.00710;0.04993;0.00742;0.03404;0.01126;0.01279;0.00867;0.00599;0.00383;0.00112;0.00244;0.00361;0.09851;0.34134;0.32704;0.28502;0.23082;0.17819;0.01325;0.00809;0.00386;0.16370;0.15813;0.00627;0.00712;0.00216;0.02832;0.05010;0.02679;0.03776;0.01754;0.06040;0.02291;0.01760;0.00754;0.00403;0.00187;0.02659;0.02617;0.00834;0.01770;0.00025;0.00025;0.00024;0.00018;0.00438;0.00066;0.00059;0.00074;0.00029;0.00023;0.00413;0.02729;0.00081;0.13712;0.00612;0.01912;0.00339;0.00812;0.00109
2020-02-04 00:00;1.96932;1.95368;0.00351;1.95012;0.01365;0.01349;0.00008;1.93429;0.00150;1.91983;0.00485;1.91395;0.00055;1.91273;0.00034;1.90680;1.90576;0.00147;1.90178;1.89185;0.00086;1.88963;0.00112;0.00059;0.00051;1.88786;0.00098;1.88594;1.88243;0.00899;1.87158;0.00149;1.86872;0.00068;1.86723;0.00172;1.86472;1.84630;1.83374;1.70548;1.70303;1.66370;1.65901;0.03297;1.62004;1.61379;0.00444;1.60781;1.60576;1.60319;1.59976;1.59641;1.59218;0.00014;1.59106;0.00030;1.59001;1.58927;1.58726;0.00046;1.58669;1.58535;0.00062;1.58427;1.55720;0.00141;1.55376;1.54829;0.01068;1.53542;0.00240;1.53277;0.09071;0.06863;0.05193;0.02632;0.01545;0.01552;0.01768;1.41470;1.36552;0.01797;1.34304;1.29722;1.21936;1.20248;1.14337;0.02212;1.11630;1.08611;1.04817;0.99203;0.01847;0.97224;0.04757;0.88387;0.48509;0.39017;0.28581;0.25039;0.19740;0.17505;0.02987;0.13638;0.00501;0.12882;0.01092;0.11135;0.00024;0.11014;0.00733;0.00371;0.00303;0.00083;0.00043;0.09440;0.00399;0.09018;0.08282;0.07594;0.02787;0.01045;0.00574;0.00330;0.00041;0.02774;0.00377;0.00592;0.00032;0.00471;0.01390;0.03169;0.00541;0.01948;0.00355;0.00076;0.00527;0.04625;0.00534;0.03259;0.01077;0.01209;0.00855;0.00588;0.00373;0.00112;0.00241;0.00299;0.09322;0.33135;0.31642;0.27538;0.22457;0.17148;0.01256;0.00759;0.00358;0.15776;0.15242;0.00618;0.00622;0.00199;0.02605;0.05055;0.02760;0.03154;0.01678;0.05548;0.02031;0.01614;0.00698;0.00378;0.00181;0.02524;0.02482;0.00804;0.01665;0.00024;0.00025;0.00022;0.00018;0.00406;0.00064;0.00057;0.00072;0.00028;0.00023;0.00392;0.02599;0.00077;0.12802;0.00540;0.01840;0.00315;0.00749;0.00102
2020-02-05 00:00;1.87135;1.85711;0.00320;1.85387;0.01277;0.01262;0.00007;1.83912;0.00143;1.82589;0.00456;1.82041;0.00064;1.81917;0.00033;1.81361;1.81264;0.00143;1.80893;1.79977;0.00078;1.79777;0.00108;0.00057;0.00049;1.79611;0.00094;1.79433;1.79108;0.00843;1.78100;0.00142;1.77838;0.00067;1.77698;0.00166;1.77463;1.75693;1.74558;1.62597;1.62376;1.58662;1.58221;0.03189;1.54484;1.53892;0.00429;1.53330;1.53149;1.52917;1.52612;1.52315;1.51919;0.00013;1.51819;0.00029;1.51724;1.51657;1.51475;0.00044;1.51422;1.51300;0.00059;1.51201;1.48433;0.00135;1.48111;1.47602;0.00984;1.46420;0.00228;1.46169;0.08254;0.06510;0.04894;0.02299;0.01583;0.01501;0.01310;1.35300;1.30851;0.01655;1.28818;1.24334;1.16574;1.14946;1.09495;0.02243;1.06762;1.03993;1.00506;0.95064;0.01735;0.93207;0.04466;0.84966;0.46735;0.37837;0.28041;0.24596;0.19329;0.16552;0.02779;0.12901;0.00333;0.12361;0.01022;0.10846;0.00022;0.10735;0.00675;0.00350;0.00267;0.00055;0.00044;0.09160;0.00499;0.08639;0.07908;0.07064;0.02623;0.00966;0.00527;0.00288;0.00037;0.02389;0.00434;0.00601;0.00030;0.00488;0.01982;0.03238;0.00524;0.02069;0.00493;0.00078;0.00671;0.04596;0.00691;0.03134;0.01019;0.01176;0.00822;0.00571;0.00367;0.00103;0.00228;0.00304;0.08727;0.31780;0.30506;0.26511;0.21789;0.16506;0.01190;0.00718;0.00337;0.15200;0.14694;0.00554;0.00616;0.00185;0.02377;0.04912;0.02499;0.02784;0.01618;0.05612;0.02255;0.01524;0.00657;0.00356;0.00173;0.02600;0.02564;0.00773;0.01779;0.00024;0.00023;0.00022;0.00017;0.00382;0.00062;0.00056;0.00070;0.00027;0.00022;0.00373;0.02486;0.00074;0.11939;0.00483;0.01768;0.00293;0.00697;0.00095
2020-02-06 00:00;1.78759;1.77425;0.00291;1.77129;0.01199;0.01185;0.00007;1.75744;0.00137;1.74491;0.00438;1.73963;0.00053;1.73848;0.00033;1.73307;1.73214;0.00140;1.72850;1.71974;0.00080;1.71769;0.00105;0.00055;0.00048;1.71605;0.00091;1.71427;1.71120;0.00797;1.70142;0.00138;1.69873;0.00067;1.69730;0.00163;1.69494;1.67794;1.66706;1.55538;1.55304;1.51700;1.51268;0.03120;1.47591;1.46983;0.00420;1.46396;1.46178;1.45906;1.45537;1.45170;1.44780;0.00013;1.44658;0.00028;1.44546;1.44466;1.44249;0.00043;1.44193;1.44050;0.00058;1.43942;1.41254;0.00134;1.40902;1.40343;0.00945;1.39157;0.00223;1.38905;0.08203;0.06547;0.04986;0.02538;0.01504;0.01452;0.01236;1.28058;1.23647;0.01516;1.21740;1.17517;1.10235;1.08703;1.03392;0.01964;1.00948;0.98189;0.94887;0.89721;0.01662;0.87932;0.04254;0.80096;0.43506;0.35103;0.25807;0.22561;0.17750;0.15735;0.02554;0.12389;0.00471;0.11697;0.00960;0.10131;0.00020;0.10030;0.00665;0.00330;0.00279;0.00080;0.00039;0.08587;0.00388;0.08177;0.07535;0.06904;0.02567;0.00946;0.00542;0.00315;0.00038;0.02486;0.00327;0.00519;0.00029;0.00409;0.01251;0.02878;0.00486;0.01775;0.00330;0.00069;0.00479;0.04189;0.00490;0.02938;0.00963;0.01063;0.00789;0.00547;0.00350;0.00098;0.00219;0.00223;0.08233;0.30335;0.29171;0.25456;0.21121;0.15867;0.01122;0.00665;0.00315;0.14641;0.14160;0.00543;0.00551;0.00174;0.02151;0.04654;0.02490;0.02688;0.01523;0.05144;0.02027;0.01411;0.00611;0.00320;0.00170;0.02496;0.02456;0.00752;0.01692;0.00023;0.00023;0.00022;0.00017;0.00372;0.00061;0.00055;0.00069;0.00027;0.00022;0.00357;0.02396;0.00072;0.11143;0.00450;0.01697;0.00274;0.00658;0.00090
2020-02-07 00:00;1.69213;1.68017;0.00264;1.67750;0.01126;0.01113;0.00007;1.66453;0.00131;1.65323;0.00422;1.64823;0.00062;1.64711;0.00032;1.64208;1.64120;0.00138;1.63788;1.62980;0.00073;1.62807;0.00102;0.00054;0.00046;1.62657;0.00089;1.62499;1.62219;0.00758;1.61330;0.00133;1.61101;0.00065;1.60977;0.00159;1.60760;1.59133;1.58158;1.47745;1.47557;1.44177;1.43780;0.03034;1.40279;1.39742;0.00411;1.39233;1.39093;1.38905;1.38670;1.38448;1.38074;0.00013;1.37997;0.00028;1.37922;1.37870;1.37728;0.00042;1.37679;1.37583;0.00057;1.37496;1.34871;0.00130;1.34596;1.34163;0.00923;1.33092;0.00214;1.32861;0.07860;0.06227;0.04704;0.02195;0.01543;0.01415;0.01224;1.22666;1.18683;0.01411;1.16937;1.12850;1.05782;1.04299;0.99428;0.02068;0.96898;0.94393;0.91367;0.86305;0.01606;0.84591;0.04068;0.77225;0.42307;0.34332;0.25332;0.22214;0.17487;0.14986;0.02331;0.11885;0.00315;0.11383;0.00904;0.10035;0.00018;0.09944;0.00625;0.00320;0.00250;0.00053;0.00040;0.08493;0.00462;0.08010;0.07340;0.06564;0.02443;0.00884;0.00500;0.00277;0.00035;0.02244;0.00396;0.00552;0.00029;0.00447;0.01803;0.02929;0.00470;0.01878;0.00438;0.00072;0.00600;0.04229;0.00636;0.02880;0.00906;0.01099;0.00765;0.00532;0.00341;0.00096;0.00211;0.00286;0.07805;0.28991;0.27906;0.24370;0.20439;0.15276;0.01064;0.00617;0.00295;0.14104;0.13642;0.00494;0.00560;0.00166;0.01951;0.04572;0.02285;0.02393;0.01474;0.05049;0.01985;0.01337;0.00585;0.00319;0.00166;0.02491;0.02455;0.00742;0.01701;0.00023;0.00022;0.00022;0.00016;0.00363;0.00060;0.00054;0.00068;0.00026;0.00021;0.00343;0.02320;0.00070;0.10396;0.00424;0.01626;0.00255;0.00628;0.00086
2020-02-08 00:00;1.63897;1.62847;0.00239;1.62605;0.01065;0.01052;0.00006;1.61390;0.00126;1.60365;0.00409;1.59889;0.00051;1.59797;0.00031;1.59320;1.59236;0.00135;1.58929;1.58165;0.00076;1.58003;0.00100;0.00053;0.00045;1.57862;0.00087;1.57714;1.57455;0.00728;1.56618;0.00131;1.56405;0.00065;1.56287;0.00157;1.56078;1.54523;1.53609;1.43882;1.43706;1.40449;1.40067;0.02978;1.36645;1.36124;0.00409;1.35620;1.35482;1.35296;1.35061;1.34834;1.34465;0.00013;1.34386;0.00027;1.34309;1.34256;1.34110;0.00042;1.34061;1.33964;0.00057;1.33876;1.31357;0.00130;1.31080;1.30643;0.00908;1.29582;0.00211;1.29354;0.07887;0.06231;0.04765;0.02404;0.01465;0.01365;0.01260;1.19199;1.14918;0.01379;1.13168;1.09060;1.02234;1.00647;0.95576;0.01995;0.93134;0.90459;0.87567;0.82554;0.01520;0.80922;0.03896;0.73868;0.40533;0.32995;0.24179;0.21053;0.16417;0.14508;0.02109;0.11653;0.00439;0.10991;0.00849;0.09556;0.00017;0.09474;0.00601;0.00297;0.00254;0.00075;0.00035;0.08094;0.00354;0.07719;0.07098;0.06477;0.02398;0.00888;0.00512;0.00305;0.00037;0.02328;0.00330;0.00505;0.00027;0.00406;0.01161;0.02694;0.00439;0.01676;0.00306;0.00068;0.00440;0.03942;0.00477;0.02727;0.00852;0.01023;0.00756;0.00524;0.00330;0.00099;0.00208;0.00217;0.07369;0.27626;0.26608;0.23293;0.19786;0.14678;0.01000;0.00571;0.00276;0.13582;0.13149;0.00510;0.00525;0.00163;0.01806;0.04546;0.02450;0.02547;0.01577;0.04779;0.01790;0.01255;0.00635;0.00319;0.00164;0.02384;0.02346;0.00729;0.01604;0.00023;0.00023;0.00021;0.00016;0.00358;0.00060;0.00054;0.00067;0.00027;0.00021;0.00331;0.02258;0.00069;0.09711;0.00404;0.01553;0.00237;0.00607;0.00082
2020-02-09 00:00;1.57972;1.56921;0.00220;1.56699;0.01000;0.00988;0.00006;1.55550;0.00121;1.54554;0.00392;1.54094;0.00060;1.53990;0.00031;1.53521;1.53441;0.00135;1.53134;1.52386;0.00070;1.52226;0.00098;0.00052;0.00044;1.52086;0.00085;1.51939;1.51697;0.00698;1.50879;0.00126;1.50666;0.00064;1.50548;0.00154;1.50341;1.48861;1.47985;1.38893;1.38718;1.35559;1.35192;0.02904;1.31861;1.31353;0.00403;1.30857;1.30723;1.30542;1.30318;1.30106;1.29743;0.00012;1.29670;0.00027;1.29598;1.29549;1.29413;0.00041;1.29365;1.29274;0.00055;1.29190;1.26637;0.00128;1.26370;1.25953;0.00890;1.24922;0.00202;1.24705;0.07630;0.06107;0.04672;0.02286;0.01485;0.01338;0.01137;1.14908;1.11192;0.01259;1.09636;1.05780;0.98972;0.97534;0.92717;0.01978;0.90302;0.87986;0.85326;0.80569;0.01526;0.78948;0.03895;0.72108;0.40104;0.32623;0.24462;0.21570;0.16935;0.14508;0.01949;0.11740;0.00325;0.11244;0.00814;0.10003;0.00015;0.09929;0.00662;0.00319;0.00279;0.00056;0.00036;0.08386;0.00488;0.07876;0.07252;0.06513;0.02418;0.00871;0.00509;0.00277;0.00035;0.02306;0.00388;0.00529;0.00035;0.00416;0.01819;0.02910;0.00441;0.01934;0.00451;0.00071;0.00575;0.03910;0.00623;0.02615;0.00787;0.01017;0.00716;0.00506;0.00325;0.00088;0.00189;0.00258;0.07313;0.26380;0.25418;0.22225;0.19146;0.14353;0.00974;0.00549;0.00284;0.13253;0.12692;0.00510;0.00581;0.00159;0.01677;0.04286;0.02093;0.02459;0.01430;0.04864;0.01978;0.01294;0.00581;0.00294;0.00161;0.02426;0.02392;0.00721;0.01660;0.00022;0.00022;0.00021;0.00016;0.00353;0.00059;0.00053;0.00067;0.00026;0.00021;0.00318;0.02198;0.00067;0.09076;0.00383;0.01479;0.00218;0.00587;0.00078
2020-02-10 00:00;1.54257;1.53439;0.00204;1.53234;0.00938;0.00926;0.00006;1.52183;0.00114;1.51398;0.00370;1.50986;0.00049;1.50921;0.00030;1.50519;1.50445;0.00130;1.50205;1.49562;0.00072;1.49453;0.00095;0.00050;0.00043;1.49340;0.00082;1.49230;1.49020;0.00665;1.48340;0.00123;1.48200;0.00064;1.48114;0.00151;1.47941;1.46541;1.45823;1.37383;1.37284;1.34417;1.34096;0.02833;1.30967;1.30566;0.00394;1.30182;1.30164;1.30104;1.30070;1.30053;1.29708;0.00012;1.29692;0.00026;1.29668;1.29657;1.29617;0.00040;1.29579;1.29549;0.00054;1.29492;1.27174;0.00125;1.27009;1.26758;0.00867;1.25869;0.00194;1.25675;0.07795;0.06072;0.04716;0.02449;0.01428;0.01265;0.01352;1.16120;1.12080;0.01356;1.10326;1.06244;0.99277;0.97606;0.93113;0.02218;0.90456;0.87327;0.84822;0.79723;0.01391;0.78240;0.03778;0.71608;0.40984;0.34052;0.24884;0.21550;0.16733;0.14623;0.01744;0.12053;0.00429;0.11382;0.00768;0.10023;0.00014;0.09951;0.00635;0.00301;0.00278;0.00078;0.00032;0.08473;0.00385;0.08064;0.07359;0.06724;0.02311;0.00852;0.00506;0.00298;0.00043;0.02555;0.00352;0.00554;0.00028;0.00457;0.01263;0.02786;0.00425;0.01792;0.00326;0.00068;0.00468;0.03821;0.00510;0.02579;0.00730;0.01057;0.00768;0.00531;0.00327;0.00111;0.00213;0.00217;0.06765;0.25131;0.24232;0.21239;0.18571;0.13776;0.00930;0.00532;0.00280;0.12750;0.12268;0.00600;0.00564;0.00164;0.01616;0.04665;0.02900;0.02112;0.01658;0.05043;0.01925;0.01273;0.00647;0.00365;0.00157;0.02268;0.02231;0.00702;0.01516;0.00022;0.00022;0.00021;0.00016;0.00346;0.00058;0.00052;0.00065;0.00026;0.00021;0.00304;0.02122;0.00065;0.08437;0.00358;0.01401;0.00202;0.00560;0.00074
2020-02-11 00:00;1.53219;1.52243;0.00190;1.52051;0.00872;0.00862;0.00005;1.51047;0.00109;1.50164;0.00355;1.49746;0.00056;1.49646;0.00029;1.49216;1.49144;0.00129;1.48855;1.48168;0.00065;1.48015;0.00091;0.00048;0.00041;1.47882;0.00079;1.47741;1.47525;0.00630;1.46767;0.00117;1.46557;0.00062;1.46441;0.00146;1.46241;1.44921;1.44126;1.36279;1.36101;1.33170;1.32829;0.02731;1.29682;1.29181;0.00381;1.28679;1.28514;1.28302;1.28020;1.27744;1.27395;0.00012;1.27303;0.00025;1.27216;1.27154;1.26986;0.00038;1.26939;1.26827;0.00052;1.26737;1.24219;0.00119;1.23928;1.23471;0.00841;1.22443;0.00181;1.22240;0.07496;0.06023;0.04608;0.02324;0.01442;0.01328;0.01113;1.12642;1.08798;0.01322;1.07154;1.03039;0.95848;0.94288;0.89219;0.02294;0.86470;0.83798;0.81379;0.76899;0.01601;0.75204;0.03676;0.68847;0.39451;0.32722;0.24463;0.21347;0.16413;0.13816;0.01567;0.11466;0.00320;0.10964;0.00735;0.09778;0.00013;0.09711;0.00630;0.00308;0.00262;0.00060;0.00033;0.08205;0.00452;0.07732;0.07043;0.06290;0.02298;0.00832;0.00485;0.00272;0.00036;0.02340;0.00375;0.00577;0.00035;0.00474;0.01936;0.03109;0.00429;0.02149;0.00438;0.00073;0.00618;0.03718;0.00641;0.02420;0.00648;0.01025;0.00715;0.00515;0.00335;0.00089;0.00176;0.00262;0.06563;0.24032;0.23184;0.20246;0.17982;0.13468;0.00956;0.00523;0.00289;0.12384;0.11866;0.00541;0.00581;0.00167;0.01522;0.04042;0.02398;0.02611;0.01552;0.05147;0.02190;0.01323;0.00580;0.00319;0.00150;0.02368;0.02336;0.00678;0.01649;0.00021;0.00020;0.00020;0.00015;0.00335;0.00057;0.00052;0.00064;0.00025;0.00020;0.00288;0.02034;0.00062;0.07830;0.00337;0.01318;0.00191;0.00534;0.00070
2020-02-12 00:00;1.47414;1.46566;0.00176;1.46388;0.00812;0.00802;0.00005;1.45467;0.00102;1.44722;0.00325;1.44351;0.00047;1.44280;0.00028;1.43899;1.43833;0.00123;1.43591;1.42985;0.00066;1.42867;0.00087;0.00047;0.00040;1.42754;0.00076;1.42640;1.42448;0.00594;1.41799;0.00112;1.41645;0.00061;1.41552;0.00141;1.41380;1.40148;1.39484;1.32198;1.32080;1.29414;1.29114;0.02646;1.26165;1.25757;0.00371;1.25354;1.25290;1.25187;1.25078;1.24985;1.24654;0.00011;1.24618;0.00024;1.24576;1.24551;1.24477;0.00037;1.24438;1.24387;0.00051;1.24324;1.22070;0.00117;1.21879;1.21586;0.00817;1.20703;0.00173;1.20524;0.07883;0.05908;0.04604;0.02417;0.01390;0.01224;0.01631;1.10967;1.06942;0.01298;1.05309;1.01385;0.94220;0.92649;0.87314;0.02131;0.84734;0.81747;0.79444;0.74025;0.01342;0.72594;0.03543;0.66383;0.38307;0.32144;0.23795;0.20584;0.15679;0.13700;0.01462;0.11490;0.00413;0.10854;0.00701;0.09554;0.00013;0.09491;0.00595;0.00291;0.00253;0.00078;0.00029;0.08089;0.00358;0.07708;0.07051;0.06364;0.02176;0.00793;0.00493;0.00302;0.00040;0.02379;0.00358;0.00531;0.00027;0.00444;0.01246;0.02919;0.00418;0.01951;0.00310;0.00067;0.00492;0.03508;0.00497;0.02288;0.00581;0.00992;0.00738;0.00526;0.00329;0.00105;0.00189;0.00195;0.05998;0.22903;0.22099;0.19346;0.17454;0.12911;0.00897;0.00513;0.00282;0.11919;0.11483;0.00536;0.00556;0.00161;0.01460;0.05008;0.02769;0.03064;0.01560;0.05184;0.01928;0.01450;0.00620;0.00332;0.00146;0.02178;0.02143;0.00653;0.01478;0.00020;0.00020;0.00020;0.00015;0.00327;0.00055;0.00050;0.00062;0.00024;0.00020;0.00273;0.01947;0.00060;0.07278;0.00309;0.01232;0.00178;0.00504;0.00066
2020-02-13 00:00;1.44398;1.43432;0.00165;1.43263;0.00759;0.00749;0.00005;1.42382;0.00097;1.41556;0.00327;1.41166;0.00054;1.41066;0.00027;1.40664;1.40599;0.00125;1.40316;1.39674;0.00059;1.39519;0.00084;0.00045;0.00038;1.39390;0.00073;1.39251;1.39053;0.00563;1.38340;0.00107;1.38126;0.00059;1.38007;0.00136;1.37812;1.36668;1.35930;1.29095;1.28908;1.26190;1.25873;0.02538;1.22926;1.22433;0.00359;1.21925;1.21729;1.21486;1.21152;1.20819;1.20485;0.00011;1.20377;0.00024;1.20278;1.20205;1.20011;0.00036;1.19963;1.19835;0.00049;1.19741;1.17341;0.00113;1.17030;1.16536;0.00794;1.15522;0.00160;1.15336;0.07577;0.05794;0.04470;0.02271;0.01399;0.01248;0.01449;1.05785;1.01990;0.01228;1.00442;0.96464;0.89352;0.87913;0.82817;0.01982;0.80392;0.77928;0.75685;0.70970;0.01605;0.69279;0.03455;0.63405;0.36361;0.30363;0.22764;0.19829;0.15227;0.12902;0.01392;0.10800;0.00304;0.10326;0.00687;0.09195;0.00012;0.09137;0.00598;0.00295;0.00246;0.00055;0.00030;0.07713;0.00436;0.07257;0.06629;0.05995;0.02166;0.00790;0.00467;0.00270;0.00034;0.02158;0.00372;0.00527;0.00034;0.00431;0.01701;0.02854;0.00413;0.01930;0.00417;0.00071;0.00592;0.03413;0.00615;0.02147;0.00493;0.00982;0.00685;0.00500;0.00328;0.00084;0.00161;0.00253;0.05835;0.21928;0.21161;0.18523;0.16912;0.12644;0.00926;0.00505;0.00280;0.11601;0.11113;0.00483;0.00550;0.00158;0.01359;0.04316;0.02229;0.02564;0.01432;0.05076;0.02116;0.01364;0.00554;0.00300;0.00142;0.02231;0.02201;0.00640;0.01552;0.00020;0.00019;0.00019;0.00014;0.00317;0.00054;0.00049;0.00061;0.00024;0.00019;0.00258;0.01866;0.00057;0.06814;0.00299;0.01142;0.00170;0.00482;0.00062
2020-02-14 00:00;1.37035;1.36194;0.00152;1.36039;0.00721;0.00712;0.00005;1.35217;0.00092;1.34516;0.00220;1.34251;0.00045;1.34178;0.00027;1.33824;1.33764;0.00118;1.33529;1.32968;0.00061;1.32851;0.00081;0.00044;0.00037;1.32742;0.00070;1.32631;1.32462;0.00534;1.31860;0.00103;1.31706;0.00059;1.31613;0.00132;1.31449;1.30401;1.29809;1.23396;1.23276;1.20816;1.20541;0.02456;1.17797;1.17409;0.00353;1.17009;1.16931;1.16814;1.16684;1.16569;1.16253;0.00011;1.16211;0.00024;1.16166;1.16137;1.16054;0.00036;1.16015;1.15958;0.00049;1.15894;1.13738;0.00113;1.13544;1.13240;0.00775;1.12389;0.00147;1.12235;0.07333;0.05638;0.04418;0.02336;0.01341;0.01151;0.01374;1.03445;0.99679;0.01197;0.98166;0.94398;0.87521;0.86130;0.81529;0.01979;0.79111;0.76394;0.74282;0.68816;0.01282;0.67457;0.03485;0.61610;0.35650;0.30068;0.22221;0.19225;0.14753;0.12950;0.01322;0.10913;0.00392;0.10309;0.00658;0.09085;0.00011;0.09029;0.00560;0.00272;0.00240;0.00073;0.00027;0.07712;0.00340;0.07350;0.06736;0.06061;0.02067;0.00748;0.00473;0.00294;0.00038;0.02264;0.00338;0.00497;0.00026;0.00417;0.01112;0.02587;0.00401;0.01662;0.00294;0.00065;0.00476;0.03195;0.00482;0.02015;0.00421;0.00950;0.00709;0.00512;0.00320;0.00102;0.00176;0.00184;0.05420;0.20979;0.20241;0.17871;0.16420;0.12098;0.00842;0.00492;0.00264;0.11168;0.10759;0.00509;0.00520;0.00153;0.01291;0.05044;0.02506;0.02117;0.01380;0.04998;0.01934;0.01300;0.00603;0.00323;0.00142;0.02078;0.02044;0.00629;0.01404;0.00020;0.00019;0.00019;0.00014;0.00311;0.00053;0.00048;0.00060;0.00024;0.00019;0.00246;0.01794;0.00055;0.06404;0.00261;0.01047;0.00153;0.00457;0.00059
2020-02-15 00:00;1.34357;1.33498;0.00147;1.33348;0.00643;0.00634;0.00005;1.32600;0.00088;1.31885;0.00326;1.31507;0.00051;1.31416;0.00026;1.31059;1.31001;0.00118;1.30750;1.30182;0.00056;1.30047;0.00079;0.00042;0.00036;1.29931;0.00068;1.29808;1.29629;0.00511;1.29000;0.00097;1.28818;0.00057;1.28711;0.00127;1.28535;1.27583;1.26936;1.20858;1.20698;1.18229;1.17947;0.02363;1.15230;1.14795;0.00347;1.14326;1.14161;1.13951;1.13669;1.13390;1.13072;0.00011;1.12979;0.00024;1.12892;1.12830;1.12662;0.00036;1.12616;1.12504;0.00049;1.12417;1.10058;0.00112;1.09772;1.09324;0.00757;1.08377;0.00126;1.08228;0.07141;0.05597;0.04346;0.02254;0.01357;0.01188;0.01236;0.99403;0.95865;0.01176;0.94391;0.90597;0.83753;0.82339;0.77499;0.01921;0.75140;0.72841;0.70715;0.66097;0.01423;0.64594;0.03302;0.59078;0.33977;0.28589;0.21476;0.18636;0.14316;0.12123;0.01249;0.10202;0.00299;0.09742;0.00638;0.08680;0.00011;0.08627;0.00559;0.00271;0.00233;0.00053;0.00028;0.07284;0.00404;0.06861;0.06265;0.05644;0.02051;0.00748;0.00450;0.00263;0.00033;0.02026;0.00350;0.00499;0.00032;0.00412;0.01599;0.02664;0.00385;0.01796;0.00400;0.00069;0.00559;0.03090;0.00581;0.01891;0.00350;0.00938;0.00657;0.00485;0.00318;0.00080;0.00149;0.00238;0.05228;0.20221;0.19518;0.17315;0.15967;0.11894;0.00885;0.00480;0.00256;0.10896;0.10421;0.00464;0.00522;0.00150;0.01195;0.04236;0.02043;0.02394;0.01407;0.04858;0.01981;0.01329;0.00542;0.00287;0.00139;0.02216;0.02187;0.00625;0.01554;0.00019;0.00019;0.00019;0.00014;0.00304;0.00052;0.00048;0.00059;0.00023;0.00019;0.00234;0.01731;0.00053;0.06061;0.00274;0.00949;0.00156;0.00437;0.00055
2020-02-16 00:00;1.28238;1.27444;0.00124;1.27318;0.00650;0.00642;0.00005;1.26576;0.00083;1.25939;0.00227;1.25670;0.00043;1.25600;0.00026;1.25278;1.25225;0.00113;1.25006;1.24500;0.00057;1.24390;0.00076;0.00041;0.00034;1.24289;0.00065;1.24184;1.24033;0.00478;1.23490;0.00095;1.23348;0.00057;1.23259;0.00123;1.23105;1.22264;1.21789;1.16124;1.16014;1.13773;1.13528;0.02279;1.10992;1.10643;0.00342;1.10259;1.10188;1.10080;1.09962;1.09859;1.09556;0.00011;1.09517;0.00023;1.09475;1.09448;1.09372;0.00035;1.09336;1.09284;0.00048;1.09223;1.07088;0.00111;1.06903;1.06620;0.00738;1.05815;0.00120;1.05689;0.07009;0.05413;0.04279;0.02280;0.01301;0.01076;0.01303;0.97447;0.93967;0.01113;0.92551;0.88940;0.82262;0.80745;0.76415;0.01938;0.74044;0.71418;0.69482;0.64118;0.01146;0.62903;0.03280;0.57399;0.33179;0.28340;0.21106;0.18279;0.14020;0.12320;0.01385;0.10269;0.00367;0.09699;0.00628;0.08540;0.00011;0.08487;0.00517;0.00249;0.00223;0.00067;0.00024;0.07231;0.00313;0.06897;0.06303;0.05682;0.01976;0.00697;0.00452;0.00272;0.00034;0.02062;0.00311;0.00480;0.00025;0.00408;0.01045;0.02458;0.00375;0.01593;0.00286;0.00063;0.00450;0.02893;0.00457;0.01789;0.00316;0.00902;0.00679;0.00496;0.00311;0.00098;0.00162;0.00168;0.04681;0.19515;0.18820;0.16801;0.15507;0.11369;0.00799;0.00464;0.00237;0.10486;0.10097;0.00486;0.00503;0.00148;0.01164;0.04974;0.02434;0.02139;0.01506;0.04800;0.01849;0.01244;0.00557;0.00308;0.00137;0.02066;0.02033;0.00615;0.01407;0.00019;0.00019;0.00019;0.00014;0.00299;0.00052;0.00047;0.00058;0.00023;0.00019;0.00219;0.01654;0.00051;0.05656;0.00182;0.00840;0.00137;0.00411;0.00052
2020-02-17 00:00;1.25736;1.24920;0.00135;1.24783;0.00578;0.00569;0.00005;1.24111;0.00078;1.23460;0.00293;1.23118;0.00050;1.23030;0.00025;1.22707;1.22656;0.00112;1.22420;1.21894;0.00053;1.21763;0.00072;0.00038;0.00032;1.21655;0.00061;1.21539;1.21378;0.00448;1.20810;0.00088;1.20635;0.00054;1.20531;0.00119;1.20365;1.19643;1.19030;1.13773;1.13616;1.11369;1.11116;0.02168;1.08615;1.08213;0.00333;1.07753;1.07584;1.07372;1.07082;1.06792;1.06487;0.00010;1.06391;0.00023;1.06304;1.06240;1.06068;0.00034;1.06023;1.05910;0.00046;1.05825;1.03596;0.00107;1.03314;1.02871;0.00711;1.01966;0.00113;1.01830;0.06726;0.05282;0.04123;0.02133;0.01301;0.01109;0.01164;0.93639;0.90221;0.01074;0.88858;0.85187;0.78646;0.77309;0.72670;0.01874;0.70366;0.68171;0.66100;0.61567;0.01388;0.60102;0.02982;0.55044;0.31732;0.26949;0.20337;0.17632;0.13508;0.11393;0.01059;0.09696;0.00268;0.09276;0.00614;0.08268;0.00010;0.08217;0.00525;0.00256;0.00219;0.00048;0.00030;0.06930;0.00391;0.06521;0.05949;0.05361;0.01930;0.00687;0.00418;0.00245;0.00030;0.01946;0.00340;0.00482;0.00031;0.00402;0.01561;0.02549;0.00363;0.01739;0.00381;0.00068;0.00564;0.02875;0.00565;0.01718;0.00284;0.00898;0.00631;0.00470;0.00312;0.00075;0.00139;0.00226;0.04627;0.18876;0.18224;0.16229;0.15002;0.11224;0.00865;0.00451;0.00240;0.10254;0.09790;0.00444;0.00500;0.00141;0.01074;0.04148;0.01973;0.02227;0.01330;0.04630;0.01900;0.01233;0.00498;0.00275;0.00133;0.02086;0.02057;0.00604;0.01445;0.00019;0.00018;0.00019;0.00014;0.00292;0.00051;0.00046;0.00057;0.00022;0.00018;0.00206;0.01577;0.00049;0.05239;0.00271;0.00719;0.00138;0.00399;0.00049
2020-02-18 00:00;1.19656;1.18916;0.00112;1.18802;0.00576;0.00568;0.00004;1.18144;0.00073;1.17575;0.00203;1.17335;0.00042;1.17270;0.00025;1.16981;1.16935;0.00107;1.16736;1.16304;0.00053;1.16204;0.00070;0.00038;0.00031;1.16112;0.00058;1.16021;1.15887;0.00425;1.15410;0.00086;1.15285;0.00054;1.15204;0.00115;1.15063;1.14471;1.14046;1.09085;1.08989;1.06984;1.06769;0.02068;1.04482;1.04184;0.00330;1.03828;1.03773;1.03683;1.03593;1.03521;1.03233;0.00010;1.03204;0.00023;1.03170;1.03150;1.03090;0.00035;1.03054;1.03013;0.00047;1.02956;1.00963;0.00108;1.00798;1.00542;0.00691;0.99805;0.00115;0.99686;0.06669;0.05111;0.04070;0.02191;0.01256;0.01000;0.01295;0.92141;0.88751;0.01028;0.87428;0.83982;0.77602;0.76323;0.71954;0.01885;0.69647;0.67146;0.65326;0.60273;0.01056;0.59156;0.03131;0.53936;0.31492;0.27079;0.20191;0.17427;0.13341;0.11695;0.01342;0.09726;0.00329;0.09211;0.00600;0.08104;0.00010;0.08054;0.00481;0.00234;0.00205;0.00060;0.00023;0.06859;0.00304;0.06534;0.05963;0.05368;0.01858;0.00631;0.00426;0.00256;0.00032;0.01944;0.00300;0.00462;0.00024;0.00397;0.01023;0.02371;0.00353;0.01551;0.00273;0.00062;0.00453;0.02766;0.00443;0.01659;0.00289;0.00867;0.00648;0.00480;0.00303;0.00094;0.00147;0.00164;0.04260;0.18256;0.17582;0.15726;0.14553;0.10723;0.00773;0.00438;0.00225;0.09872;0.09497;0.00457;0.00480;0.00137;0.01056;0.04674;0.02306;0.02034;0.01270;0.04616;0.01775;0.01199;0.00528;0.00299;0.00134;0.01943;0.01911;0.00595;0.01306;0.00019;0.00019;0.00018;0.00014;0.00286;0.00050;0.00045;0.00056;0.00023;0.00019;0.00194;0.01506;0.00046;0.04954;0.00176;0.00592;0.00122;0.00348;0.00046
2020-02-19 00:00;1.17755;1.16983;0.00119;1.16862;0.00513;0.00505;0.00004;1.16261;0.00069;1.15655;0.00259;1.15349;0.00048;1.15264;0.00024;1.14968;1.14923;0.00106;1.14700;1.14197;0.00050;1.14069;0.00066;0.00036;0.00030;1.13966;0.00055;1.13857;1.13712;0.00394;1.13195;0.00083;1.13024;0.00051;1.12921;0.00113;1.12760;1.12317;1.11759;1.07203;1.07048;1.04989;1.04758;0.01950;1.02490;1.02123;0.00323;1.01666;1.01487;1.01265;1.00958;1.00648;1.00356;0.00010;1.00254;0.00022;1.00161;1.00093;0.99911;0.00033;0.99867;0.99747;0.00044;0.99660;0.97602;0.00105;0.97312;0.96860;0.00671;0.95983;0.00110;0.95848;0.06330;0.04933;0.03895;0.02030;0.01249;0.01009;0.01148;0.88440;0.85174;0.01002;0.83889;0.80358;0.73946;0.72644;0.68195;0.01787;0.65988;0.63909;0.61940;0.57745;0.01345;0.56326;0.02758;0.51597;0.29894;0.25444;0.19184;0.16572;0.12636;0.10593;0.00949;0.09057;0.00244;0.08671;0.00587;0.07715;0.00010;0.07667;0.00495;0.00241;0.00208;0.00046;0.00028;0.06453;0.00372;0.06064;0.05516;0.04950;0.01787;0.00664;0.00390;0.00226;0.00028;0.01791;0.00326;0.00463;0.00030;0.00388;0.01514;0.02435;0.00343;0.01664;0.00369;0.00066;0.00545;0.02669;0.00540;0.01564;0.00234;0.00860;0.00602;0.00451;0.00300;0.00071;0.00130;0.00218;0.04299;0.17711;0.17058;0.15284;0.14110;0.10555;0.00808;0.00426;0.00226;0.09643;0.09218;0.00408;0.00482;0.00131;0.00972;0.03834;0.01847;0.02114;0.01296;0.04510;0.01887;0.01202;0.00479;0.00264;0.00129;0.01914;0.01885;0.00585;0.01291;0.00018;0.00017;0.00018;0.00013;0.00277;0.00050;0.00045;0.00055;0.00022;0.00018;0.00182;0.01442;0.00045;0.04538;0.00238;0.00441;0.00122;0.00377;0.00043
2020-02-20 00:00;1.11522;1.10808;0.00100;1.10706;0.00522;0.00514;0.00004;1.10107;0.00067;1.09569;0.00182;1.09351;0.00040;1.09286;0.00023;1.09026;1.08984;0.00102;1.08794;1.08377;0.00052;1.08278;0.00064;0.00035;0.00028;1.08192;0.00054;1.08104;1.07982;0.00386;1.07540;0.00081;1.07419;0.00052;1.07340;0.00110;1.07204;1.06887;1.06500;1.02079;1.01983;1.00126;0.99930;0.01787;0.97936;0.97685;0.00320;0.97334;0.97277;0.97186;0.97095;0.97022;0.96748;0.00010;0.96719;0.00022;0.96686;0.96666;0.96608;0.00033;0.96574;0.96534;0.00045;0.96481;0.94654;0.00105;0.94494;0.94250;0.00652;0.93554;0.00113;0.93438;0.06299;0.04799;0.03894;0.02121;0.01224;0.00894;0.01270;0.86586;0.83540;0.00968;0.82295;0.79002;0.72818;0.71462;0.67436;0.01799;0.65225;0.62771;0.61097;0.56318;0.01007;0.55255;0.02836;0.50387;0.29415;0.25637;0.19196;0.16612;0.12732;0.11176;0.01311;0.09270;0.00314;0.08779;0.00565;0.07721;0.00009;0.07674;0.00454;0.00219;0.00197;0.00062;0.00021;0.06544;0.00289;0.06236;0.05695;0.05132;0.01763;0.00611;0.00405;0.00244;0.00032;0.01904;0.00291;0.00442;0.00023;0.00380;0.00983;0.02242;0.00335;0.01461;0.00263;0.00060;0.00439;0.02605;0.00432;0.01589;0.00328;0.00822;0.00615;0.00460;0.00290;0.00089;0.00135;0.00153;0.03629;0.17143;0.16509;0.14790;0.13711;0.10088;0.00721;0.00412;0.00204;0.09293;0.08950;0.00437;0.00464;0.00127;0.00993;0.04408;0.02269;0.01994;0.01346;0.04464;0.01761;0.01113;0.00508;0.00284;0.00129;0.01788;0.01757;0.00571;0.01176;0.00019;0.00018;0.00018;0.00013;0.00272;0.00049;0.00044;0.00055;0.00022;0.00018;0.00174;0.01396;0.00043;0.04415;0.00157;0.00316;0.00109;0.00332;0.00041
2020-02-21 00:00;1.10230;1.09558;0.00107;1.09449;0.00469;0.00462;0.00004;1.08903;0.00064;1.08377;0.00231;1.08108;0.00045;1.08035;0.00023;1.07769;1.07729;0.00103;1.07532;1.07074;0.00049;1.06966;0.00063;0.00034;0.00028;1.06875;0.00053;1.06780;1.06651;0.00352;1.06213;0.00080;1.06069;0.00050;1.05980;0.00110;1.05833;1.05533;1.05053;1.00914;1.00785;0.98907;0.98700;0.01629;0.96801;0.96530;0.00314;0.96116;0.95976;0.95794;0.95551;0.95309;0.95031;0.00010;0.94949;0.00022;0.94873;0.94818;0.94668;0.00033;0.94627;0.94527;0.00044;0.94449;0.92550;0.00104;0.92294;0.91892;0.00626;0.91100;0.00109;0.90971;0.06042;0.04711;0.03803;0.02043;0.01213;0.00898;0.01116;0.84057;0.80953;0.00980;0.79708;0.76337;0.70081;0.68825;0.64463;0.01713;0.62340;0.60305;0.58519;0.54445;0.01357;0.53018;0.02399;0.48741;0.28335;0.24598;0.18651;0.16167;0.12421;0.10547;0.01300;0.08684;0.00231;0.08315;0.00544;0.07402;0.00009;0.07357;0.00482;0.00233;0.00203;0.00045;0.00026;0.06174;0.00351;0.05806;0.05281;0.04733;0.01711;0.00630;0.00372;0.00214;0.00028;0.01713;0.00315;0.00443;0.00029;0.00370;0.01380;0.02315;0.00324;0.01584;0.00343;0.00063;0.00508;0.02544;0.00522;0.01477;0.00249;0.00814;0.00576;0.00432;0.00287;0.00068;0.00123;0.00200;0.03590;0.16677;0.16064;0.14485;0.13317;0.09969;0.00750;0.00399;0.00215;0.09119;0.08692;0.00401;0.00457;0.00125;0.00914;0.03717;0.01819;0.02069;0.01250;0.04442;0.01793;0.01268;0.00465;0.00258;0.00128;0.01796;0.01769;0.00567;0.01193;0.00018;0.00017;0.00018;0.00013;0.00266;0.00049;0.00044;0.00055;0.00022;0.00018;0.00167;0.01351;0.00043;0.04125;0.00213;0.00299;0.00112;0.00360;0.00039
2020-02-22 00:00;1.05660;1.05010;0.00090;1.04918;0.00473;0.00466;0.00004;1.04374;0.00061;1.03889;0.00163;1.03693;0.00038;1.03634;0.00023;1.03393;1.03356;0.00098;1.03181;1.02788;0.00050;1.02699;0.00061;0.00033;0.00027;1.02619;0.00052;1.02538;1.02428;0.00357;1.02030;0.00078;1.01921;0.00050;1.01848;0.00106;1.01720;1.01456;1.01115;0.97094;0.97009;0.95309;0.95133;0.01555;0.93397;0.93251;0.00309;0.92922;0.92876;0.92799;0.92726;0.92671;0.92411;0.00010;0.92388;0.00021;0.92359;0.92344;0.92296;0.00032;0.92263;0.92231;0.00045;0.92180;0.90469;0.00104;0.90320;0.90097;0.00605;0.89462;0.00110;0.89350;0.05784;0.04403;0.03673;0.02010;0.01182;0.00720;0.01184;0.83077;0.80101;0.00933;0.78906;0.75763;0.69695;0.68463;0.64394;0.01743;0.62249;0.59866;0.58296;0.53652;0.00963;0.52637;0.02716;0.47916;0.28075;0.24610;0.18382;0.15841;0.12037;0.10552;0.01142;0.08833;0.00297;0.08364;0.00529;0.07353;0.00009;0.07307;0.00440;0.00213;0.00190;0.00058;0.00020;0.06193;0.00271;0.05902;0.05375;0.04834;0.01688;0.00579;0.00392;0.00230;0.00030;0.01791;0.00276;0.00430;0.00022;0.00371;0.00904;0.02150;0.00316;0.01408;0.00247;0.00057;0.00416;0.02472;0.00418;0.01479;0.00308;0.00785;0.00588;0.00444;0.00279;0.00087;0.00125;0.00143;0.03320;0.16240;0.15624;0.14025;0.12955;0.09525;0.00674;0.00388;0.00192;0.08780;0.08444;0.00430;0.00450;0.00124;0.00975;0.04302;0.02203;0.01900;0.01223;0.04398;0.01676;0.01124;0.00474;0.00278;0.00127;0.01692;0.01661;0.00558;0.01094;0.00018;0.00018;0.00017;0.00013;0.00259;0.00048;0.00044;0.00054;0.00022;0.00018;0.00159;0.01297;0.00042;0.04015;0.00141;0.00265;0.00099;0.00320;0.00037
2020-02-23 00:00;1.32608;1.34380;0.00096;1.34311;0.00423;0.00416;0.00004;1.34133;0.00058;1.35530;0.00205;1.35585;0.00043;1.35865;0.00022;1.36226;1.36218;0.00099;1.36713;1.37200;0.00047;1.37742;0.00059;0.00032;0.00026;1.37955;0.00051;1.38290;1.38390;0.00312;1.39349;0.00077;1.40121;0.00048;1.40452;0.00105;1.40698;1.40454;1.41461;1.37629;1.38493;1.36478;1.36703;0.03476;1.34530;1.35592;0.02420;1.34500;1.35931;1.35575;1.37916;1.38378;1.36638;0.00086;1.36961;0.00083;1.36958;1.37183;1.37478;0.00226;1.37335;1.37301;0.00626;1.36788;1.31011;0.00549;1.30702;1.30265;0.02577;1.28290;0.00937;1.27377;0.09301;0.07144;0.05242;0.02062;0.01321;0.01889;0.01858;1.18169;1.15554;0.02019;1.13485;1.10604;1.03574;1.01500;0.96987;0.02489;0.94170;0.89919;0.86085;0.80128;0.01775;0.78442;0.03353;0.72161;0.43731;0.33444;0.25532;0.22482;0.17407;0.14807;0.01230;0.12750;0.00275;0.12300;0.00696;0.11278;0.00014;0.11198;0.00644;0.00288;0.00289;0.00042;0.00063;0.09561;0.00501;0.09049;0.08266;0.07471;0.03039;0.01097;0.00558;0.00280;0.00028;0.02460;0.00639;0.00675;0.00026;0.00560;0.01818;0.03328;0.00371;0.02445;0.00614;0.00087;0.00779;0.03477;0.00734;0.02057;0.00293;0.01208;0.00764;0.00493;0.00312;0.00107;0.00254;0.00409;0.10144;0.25062;0.17915;0.15109;0.12715;0.10972;0.01188;0.00553;0.00274;0.09657;0.09093;0.00548;0.00566;0.00176;0.01675;0.05411;0.04372;0.03608;0.02066;0.06293;0.02629;0.01755;0.00901;0.00411;0.00650;0.06091;0.05726;0.02330;0.03278;0.00136;0.00378;0.00055;0.00113;0.01759;0.01471;0.00043;0.01875;0.00021;0.00018;0.00149;0.03840;0.00041;0.03998;0.00188;0.00272;0.00100;0.00341;0.00035
2020-02-24 00:00;16.14229;16.19050;0.01997;16.17324;0.14145;0.14056;0.00057;16.05457;0.00363;16.15436;0.00635;16.17065;0.00086;16.19704;0.00053;16.24344;16.24269;0.00239;16.29292;16.34819;0.00180;16.39378;0.00266;0.00122;0.00104;16.41352;0.00822;16.44180;16.42999;0.01662;16.47408;0.00482;16.51580;0.00065;16.54903;0.00280;16.57630;16.56871;16.65558;16.47860;16.55307;15.42535;15.44710;2.46377;13.09207;12.94115;1.05125;11.96679;11.98004;11.70833;11.64713;11.21860;10.27125;0.06301;10.20264;0.12609;10.07489;9.99230;9.71974;0.14823;9.57557;9.46968;0.20237;9.25898;7.31568;0.58628;6.61238;5.98460;0.95300;4.99820;0.43493;4.56093;1.07345;0.86199;0.58525;0.03562;0.01815;0.26985;0.03769;2.57522;2.49840;0.04991;2.44345;2.38528;2.25488;2.20988;2.11096;0.04819;2.05952;1.95618;1.81988;1.70257;0.05993;1.63784;0.06615;1.49524;0.93358;0.67031;0.51518;0.46380;0.37864;0.32972;0.03688;0.27883;0.00728;0.26740;0.01200;0.24712;0.00028;0.24568;0.01242;0.00490;0.00631;0.00121;0.00167;0.21584;0.00883;0.20691;0.19294;0.17813;0.07078;0.02697;0.01196;0.00560;0.00047;0.06341;0.01183;0.01171;0.00037;0.00926;0.03226;0.05923;0.00569;0.04551;0.01375;0.00124;0.01164;0.06730;0.01225;0.04316;0.01026;0.02290;0.01297;0.00662;0.00379;0.00204;0.00614;0.00952;0.26158;0.50436;0.27904;0.18054;0.13611;0.16814;0.02670;0.01466;0.00458;0.13910;0.12935;0.01013;0.00936;0.00298;0.03300;0.10423;0.10704;0.09513;0.04489;0.12800;0.05329;0.03965;0.02150;0.00846;0.43075;1.93588;1.79821;1.65292;0.12148;0.12127;0.09228;0.18637;0.09617;0.94872;0.44272;0.17463;0.34934;0.05462;0.06881;0.00883;1.28743;0.00125;0.19056;0.00788;0.01006;0.02702;0.01520;0.00344
2020-02-25 00:00;24.91726;24.88298;0.01301;24.87061;0.09941;0.09897;0.00024;24.77496;0.00259;24.77566;0.00896;24.77213;0.00120;24.77798;0.00056;24.78194;24.78046;0.00274;24.79035;24.79220;0.00200;24.80191;0.00218;0.00105;0.00101;24.80543;0.00434;24.80926;24.79767;0.01765;24.78882;0.00383;24.79392;0.00093;24.80116;0.00313;24.80586;24.79141;24.80007;24.53008;24.54934;22.35073;22.35074;5.43731;16.93567;16.67821;1.47655;15.20199;15.14634;14.81690;14.68671;14.26206;12.97830;0.04936;12.90273;0.09656;12.78830;12.71162;12.46363;0.10496;12.35862;12.26729;0.16013;12.09327;9.74952;0.58332;9.05171;8.45817;1.13478;7.27955;0.49147;6.78493;1.11680;0.86850;0.56818;0.04821;0.03281;0.27257;0.04527;4.48333;4.38900;0.06192;4.32081;4.23118;4.03741;3.98352;3.83568;0.06798;3.76347;3.63516;3.44598;2.86050;0.23036;2.61675;0.17143;2.20109;1.50816;1.21480;0.98049;0.91396;0.79665;0.72322;0.08029;0.62386;0.01804;0.59884;0.02693;0.55708;0.00046;0.55504;0.02224;0.00783;0.01238;0.00356;0.00384;0.50822;0.01568;0.49236;0.47349;0.45068;0.24223;0.10287;0.04357;0.02510;0.00171;0.12826;0.01796;0.01715;0.00068;0.01274;0.05318;0.08352;0.00796;0.06547;0.02324;0.00173;0.01741;0.10318;0.02054;0.06699;0.02073;0.03293;0.01844;0.00850;0.00483;0.00262;0.00951;0.01376;0.26894;0.57830;0.37279;0.23458;0.17170;0.24106;0.04542;0.02444;0.00658;0.19204;0.17908;0.01490;0.01384;0.00460;0.05739;0.54101;0.13149;0.13345;0.05366;0.18287;0.06915;0.06776;0.02620;0.01017;0.41077;2.31658;2.21267;2.00282;0.19221;0.09108;0.06125;0.14143;0.07220;1.28079;0.37247;0.12487;0.32483;0.04694;0.05749;0.00731;2.23024;0.00128;0.27369;0.00860;0.01508;0.01539;0.01575;0.00213
2020-02-26 00:00;15.56794;15.40883;0.00511;15.40218;0.03073;0.03049;0.00011;15.35212;0.00172;15.23294;0.00835;15.20805;0.00092;15.18817;0.00056;15.14907;15.14644;0.00258;15.10631;15.04468;0.00164;15.00848;0.00181;0.00093;0.00085;14.99076;0.00193;14.96652;14.95001;0.01244;14.86417;0.00258;14.81314;0.00108;14.79071;0.00287;14.76788;14.74984;14.66319;14.43823;14.38718;13.16111;13.13679;2.98048;10.07803;9.93683;0.61233;9.26575;9.19367;9.04475;8.92231;8.70848;8.14049;0.01309;8.09469;0.02493;8.04404;8.00776;7.89880;0.02515;7.87018;7.82277;0.04305;7.76554;6.71314;0.18541;6.46637;6.24628;0.47713;5.72668;0.19701;5.52563;0.45208;0.35449;0.23324;0.05286;0.02901;0.09845;0.04609;4.51456;4.34200;0.05707;4.26933;4.10546;3.87005;3.81594;3.61349;0.07736;3.52863;3.40132;3.26634;2.78946;0.11635;2.66617;0.18284;2.33149;1.71122;1.43237;1.15430;1.06251;0.91964;0.82111;0.08454;0.71297;0.02168;0.68090;0.03115;0.62590;0.00058;0.62362;0.02612;0.01041;0.01304;0.00475;0.00233;0.56767;0.02114;0.54591;0.52282;0.49028;0.23158;0.09188;0.04739;0.03104;0.00359;0.17227;0.02019;0.01912;0.00101;0.01517;0.07048;0.09216;0.00965;0.07116;0.02293;0.00223;0.02260;0.10749;0.02680;0.06219;0.01875;0.03164;0.01804;0.01035;0.00600;0.00298;0.00706;0.01256;0.26891;0.46578;0.39251;0.29141;0.22403;0.27230;0.05245;0.02638;0.00805;0.21539;0.20026;0.01862;0.01753;0.00573;0.05976;0.45414;0.12017;0.13213;0.05380;0.18307;0.06931;0.06259;0.02566;0.01031;0.12743;1.01526;0.98639;0.81341;0.16702;0.02321;0.01396;0.03699;0.01839;0.56215;0.10671;0.02436;0.08556;0.01026;0.01168;0.00450;1.09988;0.00120;0.21585;0.00731;0.01653;0.00505;0.01153;0.00111
2020-02-27 00:00;8.48504;8.35355;0.00651;8.34599;0.03776;0.03743;0.00020;8.29390;0.00206;8.20206;0.00799;8.18212;0.00132;8.16727;0.00063;8.13712;8.13462;0.00278;8.10495;8.05674;0.00154;8.03018;0.00214;0.00109;0.00096;8.01657;0.00290;7.99747;7.98154;0.01305;7.91033;0.00301;7.86958;0.00119;7.85289;0.00316;7.83555;7.81720;7.75024;7.55126;7.51457;7.11623;7.09751;0.98496;6.05728;5.94298;0.17594;5.72800;5.66945;5.58962;5.48094;5.37396;5.23036;0.00347;5.20949;0.00678;5.18862;5.17313;5.12964;0.00746;5.12014;5.09752;0.01143;5.07855;4.71728;0.04117;4.64873;4.57669;0.12972;4.42327;0.05045;4.37030;0.23345;0.17380;0.12499;0.05380;0.02479;0.04581;0.04607;3.95683;3.78961;0.05403;3.72106;3.55268;3.32748;3.27349;3.07593;0.08003;2.98784;2.86790;2.77226;2.53549;0.04898;2.48269;0.15650;2.24329;1.63948;1.41358;1.13303;1.03547;0.88194;0.77797;0.07454;0.67752;0.02051;0.64617;0.03046;0.58994;0.00060;0.58759;0.02763;0.01184;0.01282;0.00478;0.00159;0.52796;0.02255;0.50466;0.48014;0.44786;0.18720;0.07377;0.04128;0.02791;0.00355;0.17797;0.01860;0.02012;0.00122;0.01634;0.07509;0.09699;0.01076;0.07421;0.02258;0.00260;0.02304;0.10648;0.02776;0.05931;0.01692;0.03075;0.01870;0.01167;0.00695;0.00312;0.00640;0.01096;0.22270;0.44243;0.40081;0.34211;0.27390;0.27919;0.05233;0.02568;0.00892;0.22204;0.20545;0.02040;0.01945;0.00614;0.05830;0.22207;0.11236;0.12350;0.05362;0.16906;0.06731;0.04909;0.02550;0.01026;0.02949;0.33988;0.32967;0.19974;0.12706;0.00654;0.00453;0.01030;0.00523;0.14021;0.03121;0.04123;0.03668;0.01585;0.02084;0.00511;0.30485;0.00135;0.19246;0.00751;0.01729;0.00756;0.01233;0.00144
2020-02-28 00:00;5.83546;5.78824;0.00424;5.78365;0.02255;0.02235;0.00011;5.75550;0.00175;5.71865;0.00717;5.70732;0.00103;5.70188;0.00063;5.68728;5.68592;0.00283;5.67354;5.64998;0.00156;5.64027;0.00196;0.00102;0.00092;5.63455;0.00187;5.62739;5.62070;0.01244;5.59108;0.00265;5.57712;0.00124;5.57089;0.00316;5.56308;5.54644;5.51767;5.33390;5.32101;5.14683;5.13779;0.60110;4.51546;4.46021;0.10043;4.34721;4.32777;4.29890;4.26509;4.23513;4.19203;0.00078;4.18568;0.00152;4.17973;4.17528;4.16286;0.00162;4.16056;4.15395;0.00281;4.14876;3.98691;0.01178;3.96675;3.94445;0.04463;3.89177;0.01431;3.87660;0.17747;0.12713;0.09715;0.05305;0.02463;0.02834;0.04490;3.63021;3.48707;0.05073;3.42548;3.27180;3.06123;3.00860;2.82825;0.07901;2.74129;2.63283;2.56233;2.38937;0.04048;2.34588;0.13855;2.13755;1.53229;1.34211;1.07987;0.98482;0.82805;0.72641;0.06685;0.63266;0.01895;0.60374;0.02964;0.54879;0.00059;0.54648;0.02782;0.01248;0.01232;0.00432;0.00145;0.48635;0.02212;0.46344;0.43892;0.40998;0.16283;0.06329;0.03507;0.02387;0.00222;0.16811;0.01579;0.02033;0.00130;0.01662;0.07449;0.09885;0.01149;0.07497;0.02151;0.00281;0.02137;0.10338;0.02669;0.05715;0.01626;0.02961;0.01873;0.01246;0.00760;0.00310;0.00563;0.00976;0.18744;0.44855;0.42450;0.38157;0.31395;0.28118;0.05100;0.02489;0.00944;0.22525;0.20792;0.02108;0.02022;0.00620;0.05722;0.16134;0.10259;0.11421;0.05223;0.15956;0.06507;0.04261;0.02392;0.01000;0.00887;0.15460;0.15200;0.05742;0.09372;0.00138;0.00087;0.00218;0.00109;0.04204;0.00784;0.01243;0.01502;0.00564;0.00640;0.00445;0.13671;0.00132;0.18171;0.00668;0.01632;0.00406;0.01143;0.00103
2020-02-29 00:00;4.51081;4.47845;0.00322;4.47497;0.01314;0.01296;0.00010;4.45752;0.00162;4.43025;0.00591;4.42118;0.00114;4.41675;0.00062;4.40465;4.40350;0.00265;4.39355;4.37411;0.00140;4.36663;0.00188;0.00099;0.00087;4.36194;0.00166;4.35632;4.35147;0.01133;4.32827;0.00244;4.31781;0.00124;4.31281;0.00305;4.30625;4.29035;4.26753;4.10115;4.09115;4.01221;4.00470;0.12940;3.85856;3.84477;0.01825;3.82050;3.81433;3.80714;3.79637;3.78608;3.77535;0.00017;3.77252;0.00038;3.77005;3.76819;3.76326;0.00058;3.76235;3.75922;0.00078;3.75727;3.66505;0.00195;3.65895;3.64966;0.01824;3.62686;0.00405;3.62229;0.16132;0.11338;0.08809;0.05123;0.02422;0.02390;0.04299;3.42231;3.29299;0.04782;3.23588;3.09187;2.89279;2.84279;2.67535;0.07533;2.59196;2.49255;2.43452;2.28178;0.03721;2.24176;0.12722;2.05315;1.43472;1.26376;1.01952;0.93042;0.77439;0.67742;0.06173;0.58845;0.01776;0.56158;0.02903;0.50861;0.00057;0.50635;0.02746;0.01282;0.01171;0.00386;0.00134;0.44719;0.02125;0.42515;0.40139;0.37607;0.14779;0.05726;0.03108;0.02112;0.00172;0.15341;0.01265;0.01981;0.00129;0.01622;0.07179;0.09869;0.01196;0.07419;0.02034;0.00291;0.01866;0.09891;0.02467;0.05528;0.01556;0.02866;0.01864;0.01287;0.00803;0.00299;0.00516;0.00894;0.16839;0.46938;0.45025;0.40876;0.34241;0.27928;0.04870;0.02380;0.00972;0.22573;0.20825;0.02097;0.02025;0.00611;0.05591;0.14228;0.09412;0.10444;0.04959;0.15022;0.06158;0.03861;0.02222;0.00953;0.00225;0.08824;0.08728;0.01523;0.07162;0.00031;0.00031;0.00037;0.00023;0.01023;0.00133;0.00163;0.00119;0.00037;0.00056;0.00400;0.04919;0.00128;0.16484;0.00586;0.01566;0.00291;0.01028;0.00090
2020-03-01 00:00;4.04218;4.02740;0.00295;4.02438;0.01182;0.01165;0.00010;4.01054;0.00154;3.99677;0.00468;3.99095;0.00092;3.98907;0.00060;3.98130;3.98038;0.00267;3.97500;3.96233;0.00142;3.95907;0.00181;0.00095;0.00084;3.95641;0.00160;3.95359;3.95034;0.01073;3.93649;0.00235;3.93194;0.00119;3.92961;0.00294;3.92562;3.91063;3.89799;3.74281;3.73906;3.69174;3.68685;0.06224;3.61721;3.61093;0.00514;3.60346;3.60064;3.59720;3.59246;3.58782;3.58181;0.00016;3.58028;0.00034;3.57888;3.57787;3.57516;0.00053;3.57447;3.57266;0.00073;3.57131;3.49403;0.00162;3.48976;3.48289;0.01413;3.46577;0.00288;3.46255;0.15538;0.10891;0.08464;0.04871;0.02394;0.02294;0.04163;3.27447;3.15730;0.04521;3.10362;2.96899;2.77647;2.72857;2.56954;0.07131;2.48999;2.39777;2.34525;2.20171;0.03501;2.16401;0.11814;1.99018;1.35964;1.20024;0.96114;0.87741;0.72368;0.63207;0.05831;0.54664;0.01654;0.52177;0.02849;0.47116;0.00055;0.46896;0.02689;0.01302;0.01106;0.00343;0.00122;0.41155;0.02006;0.39070;0.36798;0.34467;0.13592;0.05296;0.02840;0.01916;0.00163;0.13708;0.01114;0.01900;0.00124;0.01557;0.06839;0.09697;0.01227;0.07207;0.01907;0.00292;0.01623;0.09461;0.02263;0.05392;0.01495;0.02799;0.01863;0.01312;0.00830;0.00289;0.00483;0.00823;0.15698;0.48817;0.47101;0.42436;0.35962;0.27528;0.04593;0.02258;0.00984;0.22471;0.20756;0.02040;0.01994;0.00598;0.05435;0.13391;0.08713;0.09719;0.04750;0.14608;0.06139;0.03747;0.02088;0.00947;0.00209;0.07486;0.07431;0.00962;0.06450;0.00028;0.00028;0.00025;0.00020;0.00578;0.00072;0.00065;0.00081;0.00033;0.00025;0.00382;0.03256;0.00124;0.15477;0.00509;0.01493;0.00272;0.00965;0.00086
2020-03-02 00:00;3.81399;3.79976;0.00266;3.79703;0.01102;0.01087;0.00009;3.78411;0.00145;3.77117;0.00423;3.76585;0.00101;3.76391;0.00057;3.75659;3.75573;0.00244;3.75068;3.73885;0.00127;3.73580;0.00170;0.00089;0.00079;3.73326;0.00152;3.73056;3.72753;0.01003;3.71444;0.00221;3.71009;0.00114;3.70785;0.00279;3.70405;3.68983;3.67831;3.53309;3.52948;3.48544;3.48077;0.03403;3.43961;3.43320;0.00481;3.42570;3.42232;3.41831;3.41265;3.40701;3.40151;0.00015;3.39967;0.00033;3.39802;3.39681;3.39358;0.00052;3.39286;3.39074;0.00070;3.38927;3.31730;0.00157;3.31250;3.30478;0.01276;3.28836;0.00275;3.28516;0.14689;0.10433;0.08086;0.04625;0.02299;0.02217;0.03781;3.10430;2.99413;0.04259;2.94394;2.81599;2.63267;2.58809;2.43626;0.06499;2.36297;2.28004;2.23204;2.09552;0.03288;2.05990;0.10852;1.89992;1.26463;1.11752;0.89376;0.81688;0.66956;0.58370;0.05481;0.50225;0.01522;0.47951;0.02779;0.43153;0.00052;0.42941;0.02611;0.01311;0.01034;0.00302;0.00110;0.37433;0.01873;0.35484;0.33359;0.31159;0.12343;0.04847;0.02542;0.01694;0.00151;0.12018;0.01032;0.01778;0.00117;0.01455;0.06439;0.09348;0.01244;0.06859;0.01758;0.00285;0.01454;0.08889;0.02005;0.05160;0.01435;0.02653;0.01806;0.01308;0.00843;0.00268;0.00446;0.00749;0.14484;0.49849;0.48274;0.42985;0.36709;0.26948;0.04290;0.02133;0.00985;0.22221;0.20579;0.01953;0.01931;0.00579;0.05252;0.12759;0.07801;0.09212;0.04419;0.13738;0.05680;0.03496;0.01944;0.00866;0.00203;0.06919;0.06870;0.00904;0.05949;0.00027;0.00027;0.00025;0.00019;0.00521;0.00070;0.00063;0.00078;0.00032;0.00024;0.00360;0.03013;0.00117;0.14482;0.00437;0.01416;0.00251;0.00893;0.00080
2020-03-03 00:00;11.13034;11.11093;0.01810;11.09426;0.12178;0.12088;0.00057;10.98334;0.00406;11.02135;0.00817;11.02538;0.00144;11.03903;0.00096;11.05681;11.05481;0.00429;11.07934;11.09841;0.00262;11.12135;0.00368;0.00179;0.00156;11.12982;0.00783;11.14055;11.12542;0.02051;11.12882;0.00575;11.14395;0.00154;11.16019;0.00474;11.17223;11.15376;11.19089;10.96735;11.00840;10.49989;10.50713;1.51723;9.04805;8.75669;0.55929;8.22264;8.16350;7.99791;7.84614;7.66801;7.30715;0.02428;7.28532;0.04848;7.23999;7.21094;7.11573;0.05765;7.06038;7.02375;0.07807;6.94445;6.11611;0.22625;5.84865;5.60428;0.38059;5.21658;0.16864;5.04759;0.58718;0.45484;0.29883;0.05210;0.04041;0.14681;0.04802;4.07815;3.97706;0.05842;3.91265;3.79534;3.58196;3.52487;3.37444;0.07287;3.29432;3.19492;3.10889;2.57074;0.12728;2.43864;0.12769;2.22822;1.48128;1.24514;0.99422;0.91391;0.76434;0.67834;0.06086;0.59073;0.01608;0.56657;0.02997;0.51893;0.00051;0.51679;0.02849;0.01342;0.01246;0.00351;0.00214;0.45854;0.01876;0.43913;0.41715;0.39543;0.20849;0.08335;0.04799;0.02948;0.00389;0.11108;0.01119;0.01870;0.00124;0.01472;0.06101;0.09710;0.01288;0.07092;0.01999;0.00276;0.01273;0.09778;0.01824;0.06038;0.01596;0.03230;0.02083;0.01379;0.00853;0.00323;0.00641;0.01032;0.22561;0.60814;0.51801;0.43395;0.36939;0.28173;0.04519;0.02260;0.01000;0.23191;0.21554;0.02000;0.01965;0.00577;0.05513;0.50970;0.09966;0.11248;0.05668;0.18360;0.06470;0.06607;0.02769;0.01092;0.17164;0.83071;0.77721;0.60581;0.16210;0.04704;0.03579;0.07017;0.03750;0.36227;0.17534;0.18168;0.18401;0.07109;0.09247;0.01018;0.58988;0.00209;0.23135;0.00933;0.01979;0.02329;0.01978;0.00341
2020-03-04 00:00;35.27103;35.25313;0.03597;35.21972;0.26732;0.26581;0.00092;34.97192;0.02186;35.01812;0.04120;35.00004;0.00368;35.02521;0.00222;35.05260;35.04131;0.00994;35.08182;35.11318;0.00558;35.15622;0.00855;0.00405;0.00400;35.17064;0.01508;35.19002;35.14921;0.09209;35.10667;0.01218;35.13821;0.00373;35.16756;0.01069;35.18850;35.15470;35.20460;34.18941;34.25983;31.97669;31.94584;5.59549;26.45354;25.75508;1.66217;24.14299;24.02211;23.62265;23.33147;22.91055;21.78044;0.06115;21.72645;0.12226;21.61436;21.54104;21.30195;0.14084;21.16673;21.08280;0.19691;20.88458;18.06673;0.62482;17.35404;16.73686;1.13082;15.60988;0.48530;15.12879;1.79403;1.38192;0.93883;0.14264;0.17475;0.41895;0.21990;12.31309;12.06909;0.20719;11.86161;11.21028;10.67496;10.50316;10.11762;0.21695;9.89712;9.62234;9.29489;6.98397;0.46998;6.47450;0.69680;5.27905;3.89309;3.56865;2.65475;2.48643;2.21415;1.99859;0.20202;1.75347;0.06557;1.63165;0.07470;1.51649;0.00075;1.51342;0.08047;0.02295;0.07082;0.03086;0.01445;1.35337;0.07534;1.27642;1.20568;1.07049;0.59827;0.11059;0.15745;0.20586;0.04150;0.33838;0.07360;0.05371;0.00427;0.03719;0.10875;0.19867;0.02051;0.15810;0.07799;0.00346;0.01973;0.19620;0.02728;0.11758;0.03957;0.10817;0.05787;0.02522;0.01028;0.01221;0.03139;0.05137;0.27678;0.97245;0.64688;0.49201;0.39195;0.36848;0.06573;0.03154;0.01357;0.29262;0.26614;0.04823;0.04303;0.00807;0.08896;2.20749;0.28775;0.32203;0.17091;0.42717;0.16219;0.13902;0.14086;0.02648;0.46441;2.82449;2.68929;1.88113;0.78474;0.11803;0.08477;0.17808;0.09364;1.13365;0.44464;0.36881;0.44264;0.15009;0.19305;0.06235;2.40832;0.00762;1.02958;0.02804;0.03628;0.05682;0.04068;0.01400
2020-03-05 00:00;30.68448;30.51136;0.01445;30.49570;0.10942;0.10860;0.00045;30.36652;0.00681;30.23357;0.02803;30.19124;0.00560;30.17052;0.00286;30.11800;30.11262;0.01281;30.06745;29.98487;0.00657;29.95026;0.00776;0.00399;0.00369;29.92955;0.00797;29.90335;29.87671;0.05862;29.75482;0.01056;29.70366;0.00587;29.68068;0.01337;29.65160;29.62386;29.52995;28.63733;28.59296;26.53438;26.49335;5.62119;20.79748;20.39853;1.16409;19.17452;19.06204;18.81156;18.61860;18.31972;17.47521;0.02267;17.41451;0.04318;17.34210;17.29082;17.13275;0.04327;17.08581;17.02210;0.07369;16.93125;14.96305;0.31921;14.55504;14.19482;0.74367;13.39055;0.29987;13.08437;1.04502;0.73049;0.52039;0.14327;0.11222;0.19732;0.17352;11.16378;10.64496;0.13798;10.46788;9.73722;8.88991;8.71793;8.10732;0.26515;7.82770;7.59487;7.34679;5.97131;0.20611;5.74456;0.42432;5.01953;3.76029;3.39951;2.67800;2.42243;2.10623;1.88544;0.16677;1.67109;0.04552;1.58677;0.06204;1.46839;0.00094;1.46498;0.07453;0.02409;0.04336;0.01912;0.00638;1.30893;0.06545;1.24137;1.17338;1.08912;0.45617;0.11111;0.11389;0.12797;0.02169;0.38889;0.03945;0.05583;0.00568;0.04359;0.13395;0.19411;0.02104;0.15180;0.04607;0.00444;0.03688;0.21792;0.04827;0.11485;0.02942;0.07391;0.04228;0.02570;0.01248;0.00977;0.01379;0.02380;0.34161;0.82032;0.70854;0.55202;0.45020;0.43337;0.07064;0.03908;0.01685;0.34908;0.31439;0.04434;0.04823;0.01012;0.08289;1.33112;0.21139;0.30239;0.17077;0.55118;0.23302;0.12434;0.10633;0.03277;0.22141;1.92507;1.87881;1.25642;0.61435;0.04035;0.02367;0.06373;0.03190;0.83831;0.18270;0.08836;0.18235;0.04345;0.04840;0.02480;1.93265;0.00544;0.88562;0.01799;0.02662;0.01748;0.04097;0.00425
2020-03-06 00:00;14.25530;14.03540;0.00676;14.02643;0.03008;0.02940;0.00039;13.96676;0.00381;13.79360;0.01535;13.75390;0.00569;13.72092;0.00278;13.65149;13.64752;0.01258;13.58012;13.47092;0.00633;13.41474;0.00739;0.00395;0.00338;13.38433;0.00645;13.34556;13.32363;0.02668;13.19587;0.00956;13.11865;0.00606;13.08164;0.01309;13.03967;13.01296;12.88190;12.54800;12.47225;11.86985;11.83433;1.21155;10.50600;10.40650;0.18196;10.15446;10.08160;9.99606;9.87374;9.72974;9.54128;0.00226;9.50461;0.00434;9.47246;9.44777;9.38118;0.00426;9.37248;9.33496;0.00772;9.31258;8.84004;0.03677;8.75424;8.65298;0.15925;8.44204;0.06039;8.37550;0.39294;0.26966;0.20012;0.11366;0.03765;0.05231;0.11394;7.69459;7.26733;0.08787;7.14360;6.68577;5.95445;5.81498;5.33622;0.22112;5.09913;4.90068;4.78185;4.44915;0.05633;4.38660;0.21184;4.08003;3.07151;2.71696;2.16254;1.93401;1.60931;1.41390;0.09843;1.26738;0.03080;1.21618;0.04884;1.11496;0.00094;1.11154;0.05586;0.02304;0.02563;0.00946;0.00195;0.97993;0.04496;0.93286;0.87254;0.81068;0.33147;0.11122;0.09653;0.04706;0.00432;0.32789;0.03150;0.04987;0.00571;0.03975;0.13450;0.19442;0.02058;0.15252;0.03768;0.00499;0.04023;0.19885;0.05261;0.09963;0.02216;0.05802;0.03685;0.02552;0.01387;0.00800;0.00889;0.01623;0.34951;0.73388;0.70084;0.61111;0.51248;0.44654;0.07068;0.04040;0.01754;0.36184;0.32475;0.04326;0.04424;0.01050;0.07911;0.31515;0.17694;0.19737;0.13821;0.48752;0.21100;0.10564;0.05636;0.02826;0.02486;0.43019;0.42134;0.24839;0.16962;0.00392;0.00222;0.00666;0.00315;0.18201;0.02199;0.00489;0.01059;0.00061;0.00149;0.00748;0.41268;0.00477;0.32078;0.01392;0.02457;0.00559;0.03610;0.00181
2020-03-07 00:00;8.72450;8.65553;0.00597;8.64902;0.02529;0.02473;0.00035;8.61386;0.00352;8.55631;0.01426;8.53524;0.00514;8.52326;0.00263;8.49074;8.48860;0.01174;8.46175;8.40913;0.00587;8.39058;0.00692;0.00370;0.00317;8.37776;0.00598;8.36350;8.35457;0.02519;8.30536;0.00883;8.28012;0.00571;8.26649;0.01229;8.24690;8.22265;8.17371;7.93127;7.90861;7.77105;7.75703;0.39029;7.32976;7.30992;0.01161;7.28267;7.26628;7.24827;7.22101;7.19164;7.17045;0.00018;7.16272;0.00042;7.15621;7.15118;7.13800;0.00064;7.13638;7.12816;0.00085;7.12406;6.99503;0.00238;6.98229;6.96297;0.02836;6.92279;0.00690;6.91453;0.30191;0.19880;0.16323;0.10518;0.04090;0.03412;0.09818;6.54556;6.26037;0.07982;6.16023;5.80699;5.23656;5.11431;4.72010;0.20106;4.50491;4.32827;4.24830;4.06777;0.04075;4.02380;0.18099;3.77744;2.79758;2.46488;1.98308;1.79065;1.47380;1.29211;0.08326;1.16123;0.02864;1.11547;0.04672;1.02171;0.00090;1.01841;0.05339;0.02297;0.02339;0.00821;0.00156;0.89080;0.04213;0.84675;0.79111;0.73680;0.30208;0.11119;0.08352;0.03762;0.00260;0.30290;0.02912;0.04757;0.00546;0.03808;0.13221;0.19675;0.02081;0.15481;0.03649;0.00530;0.04016;0.18771;0.05108;0.09420;0.02094;0.05447;0.03566;0.02574;0.01475;0.00723;0.00789;0.01464;0.32913;0.74591;0.72327;0.65937;0.56231;0.45169;0.07067;0.04085;0.01762;0.36737;0.32952;0.04274;0.04262;0.01046;0.07862;0.16864;0.16483;0.18077;0.12099;0.38040;0.16599;0.06881;0.04785;0.02464;0.00244;0.11897;0.11681;0.02953;0.08615;0.00035;0.00034;0.00051;0.00027;0.01972;0.00203;0.00081;0.00126;0.00035;0.00027;0.00695;0.07272;0.00450;0.23925;0.01293;0.02376;0.00494;0.03316;0.00164
2020-03-08 00:00;18.69411;18.82780;0.00582;18.82380;0.02542;0.02492;0.00032;18.81538;0.00333;18.91425;0.01330;18.91828;0.00456;18.93509;0.00245;18.95550;18.95579;0.01093;18.98436;19.00827;0.00542;19.04137;0.00646;0.00345;0.00296;19.05264;0.00574;19.07395;19.08212;0.02363;19.13979;0.00824;19.18558;0.00520;19.20612;0.01146;19.21735;19.19605;19.26090;18.99253;19.04528;18.50382;18.52055;1.08659;17.51207;17.57725;0.46880;17.18907;17.27570;17.22733;17.36515;17.24165;16.71784;0.03497;16.69627;0.07024;16.63916;16.60322;16.48250;0.08295;16.40419;16.36239;0.11252;16.25298;14.88396;0.32946;14.51541;14.19613;0.56074;13.64833;0.24500;13.40678;1.23577;0.89168;0.62871;0.16171;0.13542;0.25856;0.23224;11.68802;11.32368;0.16441;11.14985;10.43418;9.36513;9.12095;8.47262;0.37252;8.08865;7.81412;7.64154;6.42955;0.24757;6.16222;0.41288;5.50108;4.17976;3.81134;2.92055;2.64135;2.24349;1.98067;0.13941;1.78565;0.05277;1.69016;0.06292;1.56276;0.00094;1.55925;0.08058;0.02686;0.05031;0.02145;0.00666;1.35091;0.06939;1.27928;1.18682;1.07691;0.44536;0.11129;0.12618;0.11709;0.02182;0.39526;0.06189;0.07394;0.00640;0.06470;0.16393;0.24985;0.02448;0.19860;0.06316;0.00585;0.05118;0.26200;0.06535;0.11655;0.03184;0.10228;0.06279;0.03586;0.01647;0.01430;0.02348;0.03497;0.34311;0.99127;0.82056;0.71355;0.60437;0.48548;0.07072;0.04541;0.01854;0.40041;0.35894;0.06432;0.06216;0.01098;0.08568;1.15769;0.27260;0.29640;0.24283;0.67843;0.23959;0.14695;0.13271;0.05143;0.24750;1.38417;1.30735;0.90562;0.38875;0.06797;0.05095;0.10172;0.05398;0.52757;0.23366;0.00537;0.13914;0.00045;0.00033;0.00659;0.65333;0.00426;0.27899;0.01206;0.02313;0.00491;0.03053;0.00156
2020-03-09 00:00;102.61980;102.64673;0.08959;102.56418;0.53884;0.53325;0.00417;102.07018;0.07948;102.14611;0.11280;102.08633;0.06745;102.08718;0.05770;101.97225;101.94681;0.20323;101.85218;101.68073;0.08926;101.70663;0.14532;0.07403;0.07023;101.61621;0.13381;101.57017;101.49487;0.34438;101.30482;0.13643;101.28494;0.10578;101.26345;0.22136;101.11404;101.03839;101.07546;98.92477;98.97578;94.58021;94.50494;8.85231;85.82986;84.91429;3.09825;81.98413;81.88294;81.16131;80.81191;80.09718;77.96333;0.11913;77.89441;0.24173;77.70226;77.57604;77.14890;0.28136;76.88345;76.74512;0.39631;76.35995;70.18392;1.26864;68.78278;67.53123;2.36476;65.23550;1.00570;64.24926;6.19600;4.82616;3.52768;1.32900;0.77736;1.20763;0.84880;55.99213;53.26396;0.93849;52.17009;48.03908;40.63758;39.07184;35.07714;2.29025;32.51432;31.27264;30.28277;23.88512;1.30429;22.50516;2.45807;18.73860;14.93282;11.68406;6.23460;4.29442;3.45502;2.61072;0.59115;2.52413;0.07740;2.22650;0.15145;1.90837;0.00141;1.92761;0.08693;0.06418;0.10626;0.08881;0.03530;3.28967;0.11649;3.21543;2.97668;2.28507;0.93783;0.11731;0.76490;0.47491;0.10787;1.05559;0.34712;0.12504;0.01163;0.17025;0.37079;0.43932;0.07776;0.28206;0.19760;0.00876;0.17135;1.57846;0.18441;0.85139;0.12772;0.61142;0.33989;0.16621;0.05016;0.06697;0.14083;0.20410;3.13905;2.01830;1.17177;0.92256;0.69070;0.66473;0.07109;0.06900;0.02467;0.57343;0.51092;0.16685;0.16435;0.01526;0.13240;6.12286;1.13295;1.78523;1.58272;5.21310;1.84613;1.23392;0.82176;0.39665;0.99564;6.23559;5.94764;3.94847;1.94823;0.24789;0.17229;0.36575;0.18852;2.14639;0.86128;0.62720;0.88812;0.24096;0.31667;0.15028;4.51403;0.13084;2.18594;0.10155;0.08230;0.11322;0.34014;0.03228
2020-03-10 00:00;99.13937;98.70815;0.05770;98.64910;0.39154;0.38790;0.00246;98.21975;0.04244;97.90362;0.08793;97.79404;0.05671;97.71778;0.03624;97.50077;97.48071;0.15317;97.27570;96.90899;0.07619;96.79491;0.09077;0.04733;0.04295;96.68661;0.10459;96.55722;96.47739;0.29045;96.07308;0.11236;95.89224;0.08041;95.78875;0.17520;95.59402;95.52277;95.29492;92.83138;92.70416;87.61317;87.48844;13.68520;73.64655;72.59019;3.06853;69.40827;69.10780;68.44154;67.86532;67.15476;65.40260;0.04806;65.28838;0.09218;65.14557;65.04397;64.72619;0.09327;64.62701;64.50150;0.15966;64.31049;59.63060;0.69856;58.75560;57.94926;1.70372;56.12877;0.67390;55.44308;4.40689;2.88961;2.25755;0.95887;0.51162;0.59842;1.30414;48.95988;46.78680;0.69341;45.94538;42.44341;36.25181;35.14043;31.69293;2.16184;29.15232;28.06652;27.10068;22.59191;0.72098;21.80903;1.78315;18.94511;14.40616;12.09573;7.84611;6.20012;6.70890;5.92335;0.53718;5.46809;0.12382;5.18455;0.17566;5.19944;0.00522;5.18739;0.20889;0.11683;0.13004;0.06797;0.02581;4.31010;0.29786;3.99239;3.71764;3.21681;0.82176;0.16844;0.72059;0.40427;0.09458;1.09033;0.24342;0.18642;0.01311;0.14558;0.36805;0.73758;0.20759;0.28420;0.17260;0.02507;0.14215;1.58855;0.15684;0.87922;0.10239;0.53335;0.36747;0.26618;0.14630;0.05206;0.08401;0.11972;2.24064;2.16668;1.71460;1.61868;0.85573;0.86692;0.07152;0.08518;0.03104;0.76985;0.69217;0.12389;0.13436;0.01955;0.13327;4.30863;0.91981;1.61196;1.10141;4.30953;1.97167;0.94797;0.60694;0.26192;0.51846;4.60285;4.50041;2.93119;1.55187;0.09036;0.05198;0.13944;0.06930;1.74173;0.39267;0.36231;0.52602;0.15364;0.18476;0.10292;4.77578;0.07626;2.45458;0.07156;0.07000;0.06725;0.30917;0.01891
2020-03-11 00:00;44.55525;43.99581;0.01557;43.97486;0.09868;0.09723;0.00078;43.80474;0.00813;43.38413;0.03190;43.29359;0.02051;43.20694;0.00775;43.04048;43.03118;0.04201;42.85762;42.57080;0.02274;42.42768;0.02043;0.01113;0.00916;42.35172;0.02592;42.24786;42.19345;0.08178;41.86442;0.03176;41.66854;0.02095;41.57320;0.04743;41.45646;41.40181;41.09883;40.08295;39.89487;38.23669;38.14283;4.95139;32.90683;32.46008;0.84316;31.40231;31.14224;30.83384;30.39314;29.93176;29.51387;0.00505;29.39310;0.00950;29.28960;29.20922;28.99504;0.00903;28.97073;28.84542;0.01701;28.77838;27.59308;0.08246;27.32739;26.97257;0.36982;26.39175;0.14003;26.22460;1.23591;0.73689;0.57661;0.31183;0.10493;0.15019;0.41824;24.01276;22.76003;0.25990;22.37028;20.84836;18.43684;17.97521;16.20827;0.85231;15.03674;14.29513;13.78238;12.73329;0.14197;12.53701;0.58048;11.49424;8.22742;7.56628;5.95972;5.25908;4.02840;3.59208;0.23377;3.21854;0.11436;3.04889;0.16344;2.73099;0.00176;2.72284;0.25654;0.12361;0.12290;0.02313;0.00620;2.15385;0.14932;2.00018;1.84519;1.66216;0.55273;0.19793;0.21482;0.14462;0.02290;0.68214;0.08617;0.13092;0.01266;0.09693;0.29396;0.53222;0.11052;0.29954;0.10787;0.02771;0.10548;0.65127;0.10941;0.36161;0.05679;0.24476;0.19784;0.15593;0.10530;0.03342;0.03719;0.03424;0.63774;1.88718;1.79972;1.52030;1.01803;0.90770;0.07168;0.08306;0.03454;0.80903;0.74700;0.08688;0.08838;0.02255;0.12385;0.95756;0.60446;0.66230;0.43059;1.39792;0.69559;0.26984;0.16524;0.07744;0.06026;1.03305;1.01595;0.63282;0.37723;0.00881;0.00476;0.01464;0.00701;0.39696;0.04983;0.05733;0.06553;0.02485;0.02842;0.02353;1.21099;0.01465;0.98430;0.02704;0.04951;0.01485;0.11096;0.00409
2020-03-12 00:00;20.98960;20.77990;0.01144;20.76673;0.05298;0.05175;0.00071;20.68639;0.00463;20.53146;0.02090;20.49014;0.01200;20.45624;0.00389;20.38955;20.38543;0.01841;20.32265;20.21049;0.00888;20.16115;0.00904;0.00498;0.00391;20.13347;0.00799;20.09922;20.07685;0.03096;19.96276;0.01183;19.89583;0.00945;19.86146;0.01790;19.82066;19.77439;19.65796;19.26505;19.20213;18.85483;18.82316;1.51564;17.21040;17.08428;0.14744;16.87928;16.80632;16.71457;16.57908;16.44221;16.36500;0.00234;16.33276;0.00440;16.30352;16.28114;16.22070;0.00511;16.21176;16.17634;0.00778;16.15540;15.88450;0.02182;15.81444;15.72167;0.07660;15.59194;0.02894;15.55610;0.77122;0.39967;0.32446;0.24836;0.04214;0.06181;0.36468;14.54554;14.04352;0.15304;13.84628;13.27333;12.00183;11.69323;10.86979;0.39477;10.40785;9.84820;9.70182;9.41522;0.05532;9.35350;0.30722;8.94168;6.79268;6.34340;5.38087;4.89450;3.61496;3.23551;0.15208;2.87093;0.08609;2.75432;0.15199;2.45359;0.00170;2.44130;0.21972;0.11323;0.10225;0.01280;0.00201;1.85411;0.13462;1.69578;1.55834;1.45260;0.46266;0.19725;0.14146;0.06875;0.00370;0.51626;0.05476;0.11636;0.01255;0.08588;0.26565;0.50496;0.10415;0.30696;0.09250;0.02677;0.09488;0.46013;0.10056;0.25887;0.04493;0.18393;0.15559;0.13446;0.09810;0.02624;0.01832;0.02214;0.42887;1.58615;1.54330;1.27401;1.13147;0.90746;0.07172;0.08071;0.03488;0.80895;0.74891;0.08083;0.07810;0.02204;0.12529;0.26782;0.51454;0.40525;0.30658;0.94450;0.37317;0.17259;0.07639;0.03918;0.01511;0.23281;0.22404;0.09475;0.12629;0.00468;0.00390;0.00733;0.00382;0.07167;0.02237;0.03448;0.02821;0.01067;0.01426;0.00884;0.19357;0.00551;0.38255;0.02039;0.04463;0.00932;0.05235;0.00248
2020-03-13 00:00;32.52603;32.47681;0.02542;32.45310;0.21231;0.21033;0.00134;32.24498;0.03795;32.20398;0.06721;32.14667;0.04908;32.11375;0.03365;32.01191;31.99582;0.12686;31.88960;31.68097;0.05371;31.65297;0.08554;0.04481;0.04019;31.57876;0.07917;31.51508;31.45797;0.19700;31.26656;0.08773;31.18823;0.08686;31.11612;0.16995;30.96236;30.88137;30.77936;30.12129;30.06398;28.92184;28.82609;2.23203;26.57548;25.87974;0.63455;25.24914;25.08222;24.85155;24.49062;24.33781;23.90874;0.02714;23.89283;0.05466;23.84915;23.82132;23.72866;0.06410;23.66825;23.63662;0.08742;23.55183;22.35892;0.26056;22.06839;21.81237;0.45741;21.36726;0.19896;21.17140;1.50282;1.09764;0.83748;0.33986;0.15851;0.25390;0.34067;19.23257;18.65211;0.19470;18.42339;17.54476;16.04860;15.66132;14.55193;0.57141;13.85925;13.21730;12.93773;11.53895;0.30596;11.20474;0.67372;10.18376;7.67566;6.84523;5.35868;4.74941;3.64803;3.20807;0.24136;2.86545;0.07822;2.72246;0.15952;2.40797;0.00170;2.39881;0.23708;0.11220;0.09897;0.03112;0.00963;1.95605;0.13094;1.83709;1.68895;1.46445;0.60441;0.23153;0.25201;0.18411;0.03354;0.66423;0.11008;0.12477;0.01280;0.10399;0.31150;0.51421;0.10353;0.31861;0.13174;0.02663;0.11435;0.69819;0.11610;0.42044;0.06384;0.26339;0.19203;0.15374;0.09511;0.03018;0.03161;0.05604;0.81716;1.85755;1.63480;1.50434;1.21297;0.90880;0.07280;0.08656;0.03639;0.80912;0.78708;0.09830;0.10039;0.02241;0.13612;1.32435;0.59272;0.59709;0.38214;1.02831;0.51403;0.22525;0.16214;0.09607;0.19934;1.20483;1.14393;0.80102;0.33261;0.05340;0.03908;0.07914;0.04220;0.43207;0.19133;0.35730;0.22137;0.14944;0.20553;0.10990;1.02809;0.09260;0.66483;0.07604;0.08247;0.06487;0.24727;0.01782
2020-03-14 00:00;27.90372;27.74023;0.01239;27.72675;0.09797;0.09679;0.00069;27.60659;0.00879;27.46993;0.03489;27.42046;0.02328;27.38272;0.00892;27.30148;27.29563;0.04924;27.21429;27.03519;0.02799;26.98024;0.02548;0.01378;0.01156;26.94217;0.03653;26.88746;26.85856;0.11152;26.69039;0.04345;26.61012;0.02801;26.56510;0.06886;26.48079;26.42016;26.30612;25.72333;25.66248;24.58458;24.52935;2.64064;21.80272;21.36156;0.52102;20.78848;20.67695;20.52857;20.33957;20.18274;19.83537;0.00767;19.80196;0.01424;19.76741;19.74206;19.66688;0.01324;19.65062;19.61704;0.02515;19.58058;18.71283;0.12343;18.53890;18.37305;0.30608;18.02173;0.12096;17.89542;1.01842;0.59240;0.47098;0.25512;0.08376;0.10704;0.33954;16.41969;15.86004;0.16487;15.65211;14.88290;13.47092;13.16751;12.20577;0.49438;11.62857;11.05425;10.84626;10.04984;0.12621;9.91198;0.43063;9.28091;6.85763;6.34195;5.19967;4.66624;3.64473;3.22129;0.19519;2.83538;0.07375;2.72159;0.15420;2.43156;0.00170;2.42299;0.20468;0.10639;0.09064;0.01898;0.00413;1.92384;0.13683;1.77475;1.63734;1.49978;0.55036;0.23866;0.16393;0.11809;0.01437;0.60329;0.06920;0.11904;0.01262;0.09742;0.30704;0.51299;0.10029;0.33340;0.10251;0.02672;0.10163;0.49827;0.10435;0.27357;0.04975;0.18183;0.14551;0.12301;0.09291;0.01672;0.01908;0.02810;0.48380;1.78677;1.72014;1.49328;1.27117;0.92038;0.07730;0.08791;0.03797;0.81596;0.82378;0.09069;0.09126;0.02255;0.13105;0.76633;0.52474;0.48181;0.30139;1.01284;0.45138;0.19365;0.10941;0.05283;0.08593;0.83728;0.82222;0.56232;0.25729;0.01316;0.00669;0.02109;0.01033;0.34298;0.06745;0.09500;0.08594;0.05010;0.05816;0.03922;0.92106;0.02253;0.57643;0.03291;0.05971;0.02020;0.13848;0.00484
2020-03-15 00:00;17.22876;17.09011;0.00714;17.08165;0.03125;0.03028;0.00058;17.02848;0.00413;16.91000;0.02042;16.87362;0.01207;16.84475;0.00369;16.78955;16.78628;0.01799;16.73363;16.63567;0.00866;16.59597;0.00861;0.00475;0.00376;16.57298;0.00701;16.54558;16.52980;0.03076;16.44049;0.01100;16.39002;0.00923;16.36155;0.01754;16.32591;16.27430;16.18126;15.83830;15.78772;15.50176;15.47587;0.59638;14.80243;14.71866;0.07488;14.60382;14.56144;14.51584;14.44332;14.37038;14.31799;0.00020;14.29821;0.00050;14.28184;14.26903;14.23572;0.00073;14.23241;14.21183;0.00092;14.20255;14.00066;0.00329;13.96953;13.92241;0.05096;13.83930;0.01742;13.81788;0.66326;0.36363;0.31126;0.24251;0.04282;0.04480;0.29476;12.99576;12.60492;0.14185;12.43212;11.95391;10.82531;10.62120;9.90664;0.32889;9.52012;9.01476;8.90313;8.68702;0.04187;8.64069;0.26183;8.30755;6.17161;5.74654;4.95786;4.53905;3.50451;3.13186;0.14307;2.72020;0.04621;2.64913;0.14115;2.36814;0.00163;2.35496;0.17141;0.09710;0.06642;0.01229;0.00171;1.79996;0.12116;1.66178;1.53179;1.43492;0.48602;0.20334;0.13933;0.06548;0.00337;0.50817;0.05259;0.11414;0.01252;0.08763;0.28363;0.49829;0.09307;0.32506;0.08891;0.02532;0.09549;0.43841;0.10134;0.21175;0.04077;0.14440;0.11856;0.10731;0.08660;0.01041;0.00873;0.01985;0.42120;1.65090;1.62620;1.45117;1.31006;0.93918;0.07878;0.08427;0.03761;0.83360;0.81843;0.08470;0.08711;0.02247;0.12844;0.20280;0.46879;0.36030;0.20210;0.86205;0.35859;0.15557;0.06493;0.04188;0.00271;0.17704;0.17356;0.07144;0.10026;0.00042;0.00039;0.00084;0.00036;0.04873;0.00373;0.00469;0.00217;0.00056;0.00159;0.00796;0.16387;0.00549;0.33513;0.01976;0.05039;0.00587;0.05135;0.00200
2020-03-16 00:00;13.91504;13.86523;0.00651;13.85841;0.02766;0.02688;0.00050;13.82178;0.00382;13.77619;0.01942;13.75180;0.01138;13.73620;0.00340;13.70509;13.70302;0.01661;13.67625;13.61889;0.00811;13.60246;0.00787;0.00436;0.00344;13.59068;0.00648;13.57857;13.57078;0.02863;13.52924;0.01022;13.50983;0.00844;13.49612;0.01610;13.47504;13.42967;13.38591;13.08862;13.07055;12.97790;12.96509;0.24333;12.69192;12.67268;0.00637;12.65662;12.64587;12.63408;12.61587;12.59698;12.58916;0.00015;12.58347;0.00033;12.57868;12.57498;12.56533;0.00051;12.56409;12.55792;0.00069;12.55477;12.45703;0.00154;12.44633;12.42897;0.01759;12.40034;0.00425;12.39468;0.55447;0.32188;0.28148;0.21591;0.04624;0.03910;0.22786;11.76598;11.47045;0.12713;11.32249;10.92791;10.04910;9.87998;9.26484;0.27593;8.94009;8.47542;8.38690;8.21553;0.03780;8.17432;0.22684;7.88734;5.83049;5.42648;4.73643;4.36249;3.32851;2.98554;0.12061;2.60157;0.04195;2.53695;0.12947;2.24526;0.00156;2.23046;0.14780;0.08744;0.03479;0.01184;0.00157;1.65324;0.11068;1.53012;1.41093;1.32248;0.47911;0.19760;0.11827;0.06036;0.00306;0.48573;0.04915;0.10665;0.01228;0.08529;0.26533;0.47519;0.08534;0.31967;0.08146;0.02373;0.09265;0.39674;0.09920;0.20630;0.03647;0.13343;0.11073;0.10116;0.07897;0.00952;0.00751;0.01773;0.40057;1.63201;1.61170;1.47024;1.33107;0.93675;0.07868;0.08216;0.03673;0.83176;0.81066;0.08207;0.08473;0.02130;0.12523;0.16024;0.43615;0.32132;0.16712;0.65778;0.30321;0.12784;0.05751;0.04023;0.00199;0.09002;0.08907;0.01209;0.07653;0.00027;0.00027;0.00024;0.00019;0.00682;0.00070;0.00065;0.00080;0.00032;0.00025;0.00732;0.04488;0.00487;0.29530;0.01857;0.04511;0.00536;0.04395;0.00181
2020-03-17 00:00;15.27650;15.24653;0.01032;15.23651;0.05782;0.05694;0.00059;15.17611;0.00472;15.15691;0.02030;15.13744;0.01149;15.12841;0.00376;15.10798;15.10574;0.01749;15.09124;15.04997;0.00844;15.04497;0.00894;0.00484;0.00395;15.03764;0.00899;15.03070;15.02055;0.03140;14.99069;0.01127;14.98148;0.00881;14.97480;0.01711;14.96009;14.91623;14.89489;14.57937;14.57928;14.40809;14.40061;0.36953;14.02938;13.96943;0.12466;13.85228;13.84464;13.80185;13.77171;13.72362;13.63811;0.00523;13.63443;0.00984;13.62489;13.61928;13.59940;0.01170;13.58842;13.58040;0.01768;13.56279;13.26832;0.04708;13.21350;13.16525;0.09638;13.07026;0.03945;13.03092;0.65816;0.45793;0.35664;0.20977;0.05216;0.09614;0.18181;12.25850;11.97933;0.13105;11.83193;11.44970;10.62713;10.44930;9.84787;0.27159;9.52617;9.08264;8.95950;8.43248;0.13933;8.28581;0.29932;7.83418;5.65063;5.25829;4.51422;4.17044;3.20602;2.86249;0.14583;2.50663;0.05355;2.42152;0.12500;2.13952;0.00150;2.12808;0.14580;0.08171;0.04741;0.01782;0.00447;1.64210;0.10618;1.53767;1.42063;1.29461;0.52333;0.19760;0.13425;0.10388;0.01499;0.52599;0.06565;0.10554;0.01222;0.08824;0.26474;0.46029;0.07980;0.32500;0.09003;0.02272;0.09324;0.38542;0.10151;0.20578;0.03957;0.14335;0.11357;0.09796;0.07382;0.01160;0.01324;0.02506;0.38243;1.76611;1.66062;1.48414;1.34150;0.94066;0.07994;0.08373;0.03629;0.83480;0.82217;0.08237;0.08387;0.01983;0.12960;0.48964;0.41873;0.32571;0.17585;0.61237;0.28301;0.13549;0.06280;0.04153;0.03513;0.29540;0.28359;0.16747;0.11416;0.01023;0.00861;0.01506;0.00813;0.08578;0.04237;0.03848;0.04875;0.01250;0.01598;0.00963;0.16347;0.00583;0.31682;0.01959;0.04416;0.01142;0.04573;0.00257
2020-03-18 00:00;14.64530;14.58895;0.00728;14.58138;0.03893;0.03826;0.00044;14.53443;0.00395;14.48748;0.01907;14.46386;0.01096;14.44892;0.00343;14.41901;14.41685;0.01650;14.39072;14.33562;0.00801;14.31987;0.00801;0.00440;0.00355;14.30823;0.00717;14.29589;14.28674;0.02894;14.24298;0.01030;14.22282;0.00834;14.20961;0.01616;14.18893;14.14909;14.10597;13.79407;13.77688;13.53499;13.52172;0.55754;12.93546;12.87994;0.11707;12.74847;12.72737;12.68521;12.64583;12.59882;12.51995;0.00161;12.51023;0.00297;12.50064;12.49360;12.47294;0.00298;12.46899;12.45863;0.00597;12.44912;12.19984;0.02467;12.16005;12.11874;0.07164;12.03237;0.02651;12.00403;0.52747;0.36412;0.30606;0.21295;0.04933;0.05605;0.15604;11.34553;11.04372;0.12043;10.90201;10.49816;9.70015;9.53471;8.93460;0.26246;8.62413;8.26523;8.15326;7.78872;0.07204;7.71193;0.25355;7.35528;5.24341;4.85929;4.14642;3.81154;3.08931;2.75794;0.13445;2.39932;0.04510;2.32753;0.11936;2.06286;0.00145;2.05097;0.13660;0.06850;0.03904;0.01407;0.00258;1.57802;0.10129;1.46626;1.34882;1.24904;0.48692;0.19550;0.12247;0.07805;0.00757;0.50711;0.05418;0.10402;0.01193;0.08569;0.25395;0.45268;0.07538;0.32721;0.07940;0.01889;0.09295;0.38475;0.10330;0.20665;0.03548;0.13079;0.10521;0.09369;0.06902;0.01018;0.00921;0.01971;0.37884;1.70246;1.66231;1.48888;1.34949;0.95583;0.08581;0.08265;0.03592;0.85194;0.83199;0.08042;0.08489;0.01968;0.12632;0.34628;0.32955;0.31064;0.16348;0.57643;0.26631;0.12520;0.05883;0.03884;0.01703;0.23897;0.23535;0.13001;0.10458;0.00283;0.00184;0.00447;0.00224;0.07745;0.01703;0.01276;0.02527;0.00454;0.00516;0.00810;0.19503;0.00517;0.31003;0.01811;0.03959;0.00680;0.04281;0.00191
2020-03-19 00:00;12.18911;12.13458;0.00569;12.12851;0.02497;0.02439;0.00038;12.09531;0.00352;12.04874;0.01761;12.02592;0.01027;12.01071;0.00312;11.98168;11.97974;0.01514;11.95334;11.90032;0.00736;11.88357;0.00726;0.00399;0.00321;11.87193;0.00618;11.85956;11.85181;0.02564;11.80929;0.00923;11.78843;0.00767;11.77469;0.01477;11.75414;11.71846;11.67440;11.39036;11.37106;11.25478;11.24199;0.17482;11.03646;11.01322;0.02160;10.97866;10.96448;10.94834;10.92414;10.89914;10.88224;0.00017;10.87534;0.00040;10.86952;10.86504;10.85327;0.00061;10.85178;10.84441;0.00085;10.84065;10.73058;0.00221;10.71801;10.69858;0.02126;10.66528;0.00628;10.65749;0.42112;0.29486;0.25856;0.19492;0.04529;0.03489;0.12137;10.16452;9.91001;0.10667;9.78537;9.42908;8.72509;8.58028;8.04777;0.23550;7.77069;7.48159;7.39981;7.21744;0.03669;7.17733;0.20400;6.91613;4.88650;4.52063;3.87507;3.57726;2.93012;2.62803;0.11050;2.28996;0.04105;2.22869;0.11020;1.97991;0.00139;1.97076;0.11836;0.03593;0.03435;0.01169;0.00159;1.52530;0.09403;1.42339;1.31080;1.22788;0.46212;0.19089;0.10532;0.05586;0.00301;0.47398;0.04781;0.10233;0.01159;0.08205;0.24289;0.44538;0.06985;0.32326;0.07170;0.01718;0.09069;0.37557;0.10127;0.19774;0.03090;0.11939;0.09734;0.08818;0.06436;0.00911;0.00723;0.01712;0.36250;1.65987;1.63919;1.49090;1.35412;0.96142;0.08543;0.07920;0.03503;0.86036;0.82084;0.07885;0.08200;0.01943;0.12424;0.17189;0.26412;0.27954;0.14287;0.51094;0.24181;0.10530;0.05113;0.03476;0.00237;0.10106;0.09961;0.02566;0.07325;0.00034;0.00034;0.00046;0.00026;0.01567;0.00199;0.00176;0.00174;0.00039;0.00053;0.00687;0.06577;0.00469;0.28165;0.01684;0.03533;0.00486;0.03845;0.00160
2020-03-20 00:00;14.87192;14.84496;0.01203;14.83345;0.07338;0.07255;0.00056;14.76054;0.00507;14.75082;0.01925;14.73475;0.01051;14.72915;0.00365;14.71544;14.71311;0.01648;14.70474;14.67263;0.00813;14.67227;0.00890;0.00469;0.00403;14.66702;0.00989;14.66217;14.65002;0.03084;14.62294;0.01108;14.61647;0.00836;14.61310;0.01663;14.60162;14.56464;14.55310;14.23916;14.24620;13.98266;13.97750;0.72618;13.26108;13.12765;0.24202;12.89240;12.86259;12.78077;12.70574;12.61813;12.46821;0.00976;12.45756;0.01923;12.43729;12.42420;12.38171;0.02349;12.35893;12.34066;0.03262;12.30665;11.92035;0.08932;11.81106;11.70449;0.16567;11.53210;0.06983;11.46161;0.64455;0.44460;0.33431;0.17477;0.04193;0.10429;0.16205;10.62299;10.38830;0.11146;10.26304;9.91142;9.21834;9.06473;8.54715;0.23404;8.27156;7.96858;7.85452;7.31177;0.11924;7.18635;0.21543;6.86532;4.74694;4.39290;3.72649;3.41242;2.77035;2.47579;0.12058;2.19980;0.05064;2.12665;0.10824;1.89350;0.00133;1.88266;0.11372;0.06609;0.04814;0.01836;0.00447;1.50129;0.09259;1.40758;1.29678;1.18679;0.49301;0.18899;0.12401;0.08998;0.01336;0.51549;0.05587;0.09891;0.01146;0.08182;0.23608;0.43568;0.06544;0.31372;0.07965;0.01611;0.09067;0.36411;0.10127;0.19160;0.03169;0.12011;0.09543;0.08339;0.06012;0.00976;0.01000;0.01996;0.34445;1.75769;1.66566;1.49199;1.35412;0.96141;0.08550;0.07942;0.03462;0.86170;0.82355;0.07798;0.07933;0.01919;0.12571;0.51437;0.28173;0.28662;0.15170;0.50666;0.22773;0.11033;0.05576;0.03551;0.06899;0.38368;0.36125;0.26337;0.09395;0.01925;0.01517;0.02834;0.01523;0.15000;0.07334;0.08004;0.08465;0.03048;0.03924;0.01037;0.27198;0.00608;0.31645;0.01874;0.03747;0.01468;0.04352;0.00286
2020-03-21 00:00;14.22514;14.16427;0.00761;14.15636;0.04458;0.04402;0.00036;14.10447;0.00395;14.05750;0.01790;14.03528;0.01015;14.02119;0.00335;13.99294;13.99077;0.01583;13.96550;13.91331;0.00769;13.89806;0.00787;0.00428;0.00355;13.88665;0.00727;13.87435;13.86454;0.02862;13.81976;0.01003;13.79932;0.00806;13.78656;0.01580;13.76636;13.73258;13.69102;13.37902;13.36247;12.98482;12.97157;1.12373;11.82056;11.72147;0.22406;11.48075;11.45051;11.38987;11.33571;11.27424;11.14133;0.00290;11.12972;0.00539;11.11740;11.10850;11.08151;0.00532;11.07523;11.06331;0.01017;11.04941;10.75086;0.04491;10.68886;10.62992;0.11828;10.49757;0.04492;10.45105;0.46930;0.31909;0.26245;0.16890;0.04401;0.05446;0.13889;9.81345;9.56708;0.10138;9.44880;9.08761;8.42602;8.28564;7.77608;0.22625;7.51022;7.22142;7.12256;6.75499;0.06370;6.68724;0.20153;6.40691;4.36429;4.02187;3.38778;3.09406;2.46657;2.18725;0.11444;1.99229;0.04313;1.92834;0.09032;1.75702;0.00128;1.75222;0.10738;0.04289;0.03853;0.01402;0.00254;1.49356;0.09523;1.39435;1.28743;1.19760;0.47549;0.18434;0.11124;0.06921;0.00673;0.49490;0.04965;0.09739;0.01117;0.07949;0.22619;0.42590;0.05981;0.31160;0.06922;0.01362;0.08964;0.35671;0.10075;0.18464;0.02911;0.11100;0.08803;0.07806;0.05090;0.00919;0.00799;0.01783;0.33745;1.69453;1.65708;1.48697;1.35161;0.96141;0.08539;0.07808;0.03399;0.86226;0.82462;0.07447;0.07748;0.01895;0.12293;0.35286;0.26501;0.27177;0.13848;0.47179;0.21567;0.09812;0.05194;0.03321;0.03159;0.28819;0.28211;0.19387;0.08709;0.00507;0.00292;0.00809;0.00400;0.13142;0.02809;0.02434;0.04131;0.01074;0.01200;0.00835;0.33209;0.00521;0.31018;0.01706;0.03353;0.00745;0.04042;0.00190
2020-03-22 00:00;11.16119;11.09344;0.00569;11.08724;0.02642;0.02590;0.00034;11.05175;0.00357;10.99775;0.01637;10.97503;0.00958;10.95895;0.00311;10.92858;10.92650;0.01485;10.89750;10.84301;0.00710;10.82376;0.00730;0.00401;0.00325;10.81082;0.00633;10.79653;10.78750;0.02537;10.73822;0.00910;10.71303;0.00758;10.69781;0.01459;10.67606;10.64540;10.59635;10.31770;10.29447;10.14490;10.13060;0.28489;9.81042;9.78188;0.03691;9.72982;9.71371;9.69473;9.66638;9.63668;9.61242;0.00019;9.60502;0.00042;9.59870;9.59387;9.58113;0.00066;9.57955;9.57161;0.00093;9.56757;9.45243;0.00246;9.43923;9.41941;0.02573;9.38166;0.00812;9.37208;0.36627;0.25000;0.21724;0.15696;0.04398;0.03136;0.11135;8.93623;8.71803;0.09106;8.61182;8.28418;7.70204;7.57648;7.10914;0.20563;6.86796;6.59619;6.52083;6.34020;0.03328;6.30351;0.18147;6.06671;4.09790;3.77856;3.18883;2.92109;2.31437;2.04491;0.10249;1.86300;0.03937;1.80447;0.06192;1.66689;0.00122;1.66214;0.09764;0.03145;0.03351;0.01137;0.00154;1.42543;0.09123;1.32981;1.22642;1.14763;0.44612;0.18071;0.09696;0.05220;0.00299;0.45910;0.04644;0.09498;0.01083;0.07648;0.22165;0.41216;0.04799;0.30778;0.06297;0.01261;0.08777;0.34457;0.09868;0.17418;0.02615;0.09845;0.07745;0.06880;0.04075;0.00859;0.00691;0.01661;0.31602;1.64943;1.62655;1.48005;1.34688;0.96141;0.08500;0.07474;0.03253;0.85533;0.81088;0.07289;0.07615;0.01869;0.11621;0.17114;0.25048;0.24945;0.12367;0.41136;0.19296;0.07422;0.04605;0.03043;0.00245;0.10554;0.10374;0.03272;0.07016;0.00037;0.00043;0.00057;0.00030;0.02289;0.00282;0.00315;0.00290;0.00056;0.00084;0.00704;0.09015;0.00487;0.27551;0.01588;0.03018;0.00516;0.03625;0.00159
2020-03-23 00:00;9.91330;9.87816;0.00550;9.87252;0.02600;0.02554;0.00031;9.84199;0.00341;9.81321;0.01555;9.79521;0.00906;9.78413;0.00296;9.76292;9.76128;0.01408;9.74184;9.70123;0.00670;9.69055;0.00694;0.00381;0.00309;9.68174;0.00613;9.67295;9.66660;0.02452;9.63444;0.00856;9.62073;0.00711;9.61108;0.01385;9.59489;9.56628;9.53598;9.26967;9.25874;9.18470;9.17537;0.13354;9.02501;9.01389;0.00804;9.00115;8.99541;8.98696;8.97587;8.96329;8.95620;0.00018;8.95326;0.00033;8.95055;8.94863;8.94335;0.00058;8.94243;8.93887;0.00100;8.93658;8.85330;0.00154;8.84653;8.83532;0.01323;8.81605;0.00348;8.81179;0.32941;0.21909;0.18760;0.13063;0.04107;0.03016;0.10550;8.43783;8.24091;0.08388;8.14460;7.84466;7.31110;7.19696;6.76357;0.19000;6.54144;6.27995;6.21173;6.04906;0.03137;6.01426;0.16677;5.79494;3.86764;3.56781;3.02085;2.77317;2.19161;1.93061;0.09776;1.75440;0.03824;1.69780;0.06091;1.56415;0.00115;1.55950;0.08542;0.03122;0.03262;0.01100;0.00146;1.33767;0.08541;1.24900;1.15092;1.07606;0.43473;0.17752;0.08982;0.05151;0.00322;0.44407;0.04440;0.09103;0.01049;0.07427;0.21645;0.39239;0.03267;0.29923;0.06049;0.01215;0.08571;0.32567;0.09622;0.16175;0.02448;0.08451;0.06461;0.05662;0.03115;0.00808;0.00647;0.01578;0.29633;1.63338;1.60953;1.47107;1.33978;0.95768;0.08474;0.07259;0.03235;0.84824;0.79703;0.07131;0.07377;0.01840;0.11346;0.15412;0.24290;0.23876;0.11228;0.38028;0.17958;0.06945;0.04281;0.02838;0.00216;0.07890;0.07808;0.01143;0.06633;0.00032;0.00046;0.00027;0.00023;0.00656;0.00157;0.00227;0.00309;0.00060;0.00044;0.00679;0.04374;0.00469;0.26535;0.01519;0.02849;0.00516;0.03422;0.00152
2020-03-24 00:00;13.89618;13.87077;0.01256;13.85890;0.08001;0.07922;0.00054;13.78168;0.00521;13.78301;0.01774;13.77024;0.00962;13.76757;0.00368;13.75918;13.75688;0.01626;13.75276;13.72942;0.00770;13.73312;0.00921;0.00480;0.00421;13.72930;0.01055;13.72637;13.71405;0.03086;13.69183;0.01138;13.68878;0.00817;13.68809;0.01614;13.67946;13.64827;13.64554;13.33933;13.34877;13.02666;13.02311;0.87673;12.16531;12.00414;0.31006;11.70428;11.66888;11.57150;11.48296;11.37486;11.17244;0.01330;11.15854;0.02658;11.13161;11.11413;11.05822;0.03149;11.02774;11.00509;0.04327;10.96023;10.48686;0.12553;10.33573;10.19405;0.21635;9.97053;0.09585;9.87407;0.59619;0.41938;0.31228;0.13277;0.04568;0.10035;0.12876;9.03611;8.84443;0.09253;8.74143;8.43460;7.85392;7.72675;7.28551;0.19899;7.05292;6.77566;6.67941;6.21494;0.08341;6.12517;0.18638;5.85575;3.85849;3.55895;2.99592;2.73964;2.17314;1.91022;0.10282;1.72926;0.03965;1.66984;0.06270;1.53394;0.00110;1.52936;0.08009;0.03158;0.03652;0.01365;0.00241;1.31195;0.08206;1.22667;1.12891;1.04954;0.44051;0.17086;0.09454;0.06996;0.00796;0.44878;0.04633;0.09020;0.01020;0.07232;0.21523;0.37748;0.03616;0.29954;0.06161;0.01289;0.08574;0.31141;0.09816;0.15214;0.02560;0.08266;0.06071;0.05056;0.03417;0.00875;0.00850;0.01822;0.29007;1.70536;1.62558;1.46246;1.33108;0.95831;0.08783;0.07347;0.03206;0.84785;0.79662;0.07231;0.07275;0.01813;0.11449;0.44409;0.26145;0.25346;0.12533;0.42537;0.19108;0.09391;0.04926;0.03080;0.09547;0.47156;0.44172;0.34025;0.09643;0.02614;0.01985;0.03852;0.02070;0.20274;0.09700;0.09860;0.10367;0.03816;0.04920;0.01108;0.34426;0.00961;0.30974;0.01772;0.03184;0.01599;0.04030;0.00300
2020-03-25 00:00;13.68500;13.62733;0.00723;13.61983;0.04419;0.04368;0.00034;13.56908;0.00401;13.52461;0.01627;13.50450;0.00936;13.49168;0.00336;13.46512;13.46301;0.01572;13.43881;13.38976;0.00745;13.37565;0.00805;0.00437;0.00364;13.36449;0.00747;13.35263;13.34320;0.02862;13.30007;0.01011;13.28067;0.00806;13.26852;0.01583;13.24887;13.21969;13.18121;12.87629;12.86015;12.39962;12.38669;1.43370;10.92799;10.81158;0.28510;10.50955;10.47630;10.40769;10.34901;10.27947;10.10283;0.00390;10.09005;0.00728;10.07586;10.06571;10.03439;0.00690;10.02655;10.01382;0.01315;9.99684;9.64211;0.06281;9.56100;9.48929;0.15277;9.32325;0.06128;9.26058;0.40660;0.27432;0.22063;0.12344;0.04266;0.05135;0.11786;8.65536;8.43461;0.08469;8.33495;8.01097;7.43882;7.31897;6.86859;0.20097;6.63242;6.36512;6.28142;5.96371;0.04932;5.91044;0.17632;5.66546;3.73604;3.45635;2.91400;2.66292;2.10358;1.84419;0.09988;1.66695;0.03809;1.60998;0.06095;1.47712;0.00105;1.47262;0.07560;0.03135;0.03327;0.01168;0.00175;1.26206;0.08082;1.17805;1.08612;1.01277;0.42261;0.17061;0.08778;0.05688;0.00460;0.43901;0.04392;0.08504;0.00987;0.06840;0.21323;0.37123;0.03402;0.29727;0.05982;0.01207;0.08484;0.30650;0.09514;0.14361;0.02456;0.07630;0.05606;0.04753;0.03238;0.00826;0.00690;0.01621;0.27509;1.64139;1.61039;1.45340;1.32441;0.96054;0.09125;0.07239;0.03179;0.84693;0.79512;0.07098;0.07187;0.01787;0.11315;0.30559;0.24740;0.24623;0.11804;0.40737;0.18729;0.08089;0.04597;0.02876;0.04315;0.34460;0.33673;0.24670;0.08864;0.00674;0.00364;0.01080;0.00530;0.17516;0.03628;0.02861;0.04898;0.01327;0.01475;0.00856;0.41819;0.00613;0.30331;0.01582;0.02897;0.00736;0.03868;0.00189
2020-03-26 00:00;10.15571;10.08319;0.00492;10.07765;0.02249;0.02206;0.00029;10.04546;0.00348;9.98681;0.01437;9.96522;0.00865;9.94894;0.00303;9.91803;9.91596;0.01437;9.88533;9.82994;0.00674;9.80907;0.00717;0.00393;0.00320;9.79535;0.00621;9.77992;9.77079;0.02473;9.71820;0.00875;9.69069;0.00738;9.67447;0.01436;9.65184;9.62355;9.57209;9.30453;9.27852;9.11169;9.09650;0.33928;8.71885;8.68782;0.04372;8.62683;8.60906;8.58913;8.55866;8.52716;8.49794;0.00018;8.48995;0.00042;8.48320;8.47799;8.46433;0.00063;8.46269;8.45428;0.00085;8.45011;8.33067;0.00259;8.31704;8.29710;0.02821;8.25673;0.00963;8.24567;0.30166;0.19480;0.16434;0.11151;0.03799;0.02903;0.10189;7.87468;7.67758;0.07413;7.59041;7.29948;6.79463;6.68949;6.27869;0.18401;6.06339;5.81224;5.74944;5.59925;0.02981;5.56604;0.16174;5.34720;3.48239;3.26618;2.78012;2.55336;2.00780;1.75880;0.09432;1.58834;0.03643;1.53456;0.05914;1.40642;0.00099;1.40204;0.07284;0.03105;0.03099;0.01034;0.00137;1.19801;0.07636;1.11853;1.03120;0.96093;0.40185;0.16282;0.07826;0.04805;0.00297;0.42028;0.04129;0.08115;0.00952;0.06710;0.20773;0.36479;0.03133;0.29509;0.05860;0.01137;0.08260;0.28525;0.09324;0.13396;0.02344;0.06817;0.05021;0.04273;0.02928;0.00752;0.00612;0.01486;0.21319;1.60281;1.58217;1.44229;1.31552;0.95305;0.09074;0.06966;0.03147;0.83910;0.77999;0.06914;0.07050;0.01757;0.11207;0.14173;0.23337;0.22761;0.10335;0.35952;0.17149;0.06445;0.03951;0.02559;0.00237;0.10924;0.10728;0.03758;0.06872;0.00035;0.00036;0.00062;0.00029;0.02772;0.00279;0.00262;0.00199;0.00044;0.00083;0.00688;0.10165;0.00478;0.26385;0.01443;0.02771;0.00458;0.03434;0.00149
2020-03-27 00:00;9.45323;9.41164;0.00740;9.40425;0.04172;0.04121;0.00035;9.35933;0.00390;9.33344;0.01422;9.31802;0.00824;9.30919;0.00313;9.29081;9.28890;0.01406;9.27243;9.23584;0.00660;9.22761;0.00733;0.00394;0.00330;9.21954;0.00735;9.21102;9.20196;0.02651;9.16715;0.00879;9.15367;0.00709;9.14555;0.01425;9.13065;9.10230;9.07677;8.81003;8.80304;8.72179;8.71322;0.15599;8.54750;8.54075;0.01573;8.52615;8.52527;8.51007;8.49684;8.47668;8.46629;0.00033;8.46611;0.00037;8.46454;8.46447;8.46325;0.00089;8.46250;8.46081;0.00228;8.45837;8.35542;0.00157;8.35245;8.34664;0.01639;8.32996;0.00488;8.32486;0.32157;0.21359;0.17310;0.10948;0.03717;0.03848;0.10300;7.97333;7.80125;0.07557;7.71581;7.43816;6.94883;6.84385;6.44932;0.18325;6.23671;5.98513;5.90437;5.69248;0.04363;5.64352;0.17148;5.40506;3.50290;3.24936;2.77800;2.55725;2.02011;1.77268;0.09756;1.59968;0.03677;1.54514;0.06010;1.41724;0.00093;1.41293;0.07373;0.03101;0.03211;0.01098;0.00177;1.20837;0.07111;1.13421;1.04767;0.97588;0.41798;0.16333;0.08225;0.06840;0.00870;0.41273;0.04237;0.07998;0.00918;0.06707;0.20476;0.35939;0.03309;0.29064;0.05902;0.01147;0.08147;0.26444;0.09069;0.12779;0.02414;0.07174;0.05243;0.04406;0.03052;0.00770;0.00710;0.01633;0.24499;1.64931;1.58343;1.42885;1.30270;0.94004;0.09072;0.06956;0.03113;0.82668;0.77460;0.06937;0.07047;0.01728;0.10649;0.20117;0.23762;0.23028;0.10322;0.35702;0.17057;0.06745;0.04118;0.02507;0.00282;0.10157;0.09971;0.02474;0.07437;0.00054;0.00138;0.00037;0.00040;0.01016;0.00537;0.01269;0.01638;0.00185;0.00145;0.00787;0.06002;0.00519;0.26649;0.01463;0.02835;0.00853;0.03412;0.00192
2020-03-28 00:00;9.05191;9.01789;0.00525;9.01251;0.02758;0.02720;0.00025;8.98088;0.00329;8.95310;0.01304;8.93783;0.00773;8.92823;0.00285;8.90835;8.90677;0.01322;8.88850;8.85089;0.00616;8.84110;0.00668;0.00364;0.00301;8.83271;0.00601;8.82426;8.81807;0.02419;8.78673;0.00809;8.77393;0.00674;8.76493;0.01332;8.74952;8.72237;8.69474;8.43741;8.42720;8.34697;8.33788;0.07341;8.24889;8.23754;0.01455;8.21792;8.21143;8.19640;8.18203;8.16796;8.15775;0.00018;8.15466;0.00036;8.15189;8.14990;8.14429;0.00063;8.14331;8.13965;0.00119;8.13717;8.04218;0.00161;8.03518;8.02343;0.01369;8.00379;0.00394;7.99911;0.29484;0.19150;0.16044;0.10808;0.03514;0.02970;0.09853;7.65974;7.47661;0.06902;7.39590;7.12011;6.64157;6.54070;6.15152;0.17901;5.94277;5.69875;5.63006;5.45411;0.03414;5.41629;0.16124;5.19189;3.36116;3.14824;2.70316;2.48461;1.96194;1.71999;0.09408;1.55140;0.03548;1.49914;0.05868;1.37317;0.00088;1.36896;0.07178;0.03085;0.03051;0.01025;0.00148;1.16939;0.06908;1.09728;1.01159;0.94348;0.39962;0.15724;0.07911;0.05532;0.00483;0.40422;0.04005;0.07951;0.00882;0.06544;0.20147;0.34616;0.03084;0.27820;0.05725;0.01084;0.08045;0.24934;0.08488;0.12091;0.02314;0.06705;0.04936;0.04187;0.02875;0.00737;0.00615;0.01463;0.20879;1.58537;1.55825;1.41113;1.28739;0.93279;0.09047;0.06820;0.03079;0.82027;0.76846;0.06780;0.06981;0.01699;0.10336;0.16691;0.22809;0.22233;0.09914;0.34455;0.16644;0.06263;0.03783;0.02399;0.00249;0.09073;0.09003;0.02172;0.06805;0.00035;0.00050;0.00029;0.00025;0.00970;0.00265;0.00477;0.00903;0.00072;0.00064;0.00675;0.05173;0.00460;0.25646;0.01342;0.02704;0.00510;0.03178;0.00146
2020-03-29 00:00;13.76375;13.74238;0.01314;13.73005;0.08456;0.08378;0.00052;13.64992;0.00527;13.65929;0.01524;13.65034;0.00841;13.65031;0.00350;13.64548;13.64322;0.01574;13.64248;13.62534;0.00718;13.63209;0.00920;0.00487;0.00412;13.62950;0.01089;13.62807;13.61551;0.03023;13.59692;0.01053;13.59707;0.00775;13.59861;0.01631;13.59148;13.56180;13.56633;13.26794;13.28070;12.87843;12.87647;0.98704;11.91560;11.73128;0.36556;11.37746;11.33732;11.22506;11.12347;11.00049;10.76796;0.01527;10.75210;0.03008;10.72177;10.70174;10.63687;0.03547;10.60259;10.57594;0.04993;10.52421;9.96887;0.14128;9.79784;9.63720;0.24624;9.38309;0.10851;9.27389;0.63839;0.45561;0.33811;0.13310;0.03949;0.10912;0.12561;8.36707;8.19724;0.07812;8.10989;7.82555;7.30792;7.19602;6.79834;0.18897;6.57863;6.31765;6.22158;5.79815;0.08546;5.70483;0.17372;5.44113;3.54574;3.26801;2.79359;2.56704;2.04886;1.80378;0.10202;1.62747;0.03869;1.57003;0.06124;1.44174;0.00085;1.43756;0.07759;0.03153;0.03579;0.01326;0.00283;1.23067;0.07913;1.14849;1.06259;0.98871;0.41264;0.15504;0.08954;0.06747;0.00775;0.41609;0.04291;0.07889;0.00858;0.06566;0.20038;0.34185;0.03653;0.27614;0.06219;0.01215;0.08037;0.25211;0.08474;0.11908;0.02445;0.07590;0.05522;0.04588;0.03148;0.00798;0.00797;0.01749;0.26693;1.65089;1.56138;1.39567;1.27135;0.92110;0.09056;0.06862;0.03046;0.80898;0.77034;0.06920;0.07002;0.01672;0.10464;0.40203;0.24838;0.23921;0.11020;0.38831;0.17929;0.08718;0.04438;0.02610;0.10799;0.55360;0.51917;0.41703;0.09610;0.03011;0.02322;0.04444;0.02382;0.23292;0.11335;0.11322;0.11920;0.04344;0.05668;0.01120;0.43478;0.01058;0.30265;0.01619;0.03045;0.01703;0.03811;0.00309
2020-03-30 00:00;39.72301;39.71468;0.03564;39.68192;0.26881;0.26711;0.00113;39.43360;0.04404;39.46117;0.06889;39.41556;0.04729;39.39748;0.03579;39.35447;39.34098;0.12421;39.26603;39.17392;0.05292;39.17137;0.08403;0.04300;0.04056;39.11115;0.08071;39.06632;39.02350;0.17615;38.90379;0.07104;38.87866;0.07073;38.84216;0.13825;38.73606;38.68086;38.70058;37.74186;37.73962;35.77487;35.71956;4.70300;31.10416;30.49800;1.46333;29.09019;28.99129;28.63426;28.38305;27.99896;26.99334;0.05798;26.94466;0.11632;26.84000;26.77104;26.54791;0.13463;26.41904;26.33999;0.18625;26.15340;23.70741;0.57803;23.04766;22.46602;1.01955;21.45278;0.44431;21.01277;1.97831;1.55666;1.11480;0.26621;0.20659;0.42407;0.24067;18.08286;17.77250;0.21123;17.55588;16.54272;15.08911;14.73641;13.79915;0.56243;13.16004;12.72908;12.40294;10.41257;0.44103;9.92289;0.90078;8.46996;5.85493;5.46408;4.08399;3.57379;2.92198;2.48488;0.25575;2.23205;0.06759;2.08380;0.10459;1.83392;0.00093;1.82934;0.09058;0.07529;0.08232;0.03611;0.01232;1.60312;0.09389;1.53457;1.41596;1.19375;0.58745;0.17047;0.17895;0.20969;0.04467;0.61627;0.11128;0.09522;0.00949;0.08715;0.27635;0.37924;0.06660;0.29216;0.10172;0.02136;0.10949;0.37832;0.11555;0.16801;0.05236;0.19046;0.11478;0.07303;0.05899;0.02542;0.03579;0.06479;0.34049;1.98149;1.66198;1.41809;1.27052;0.94982;0.09424;0.07603;0.03105;0.83463;0.82218;0.09481;0.09521;0.01723;0.12699;1.88158;0.41129;0.46529;0.35093;0.87973;0.38280;0.18072;0.21195;0.08207;0.43574;2.45587;2.32527;1.70325;0.59933;0.11357;0.08161;0.17006;0.08994;1.00944;0.41865;0.33944;0.40689;0.13629;0.17755;0.08713;2.03487;0.08014;0.97344;0.04777;0.05776;0.05904;0.16644;0.01632
2020-03-31 00:00;48.21921;48.11604;0.02482;48.09149;0.20887;0.20747;0.00090;47.87582;0.02818;47.76467;0.05853;47.70487;0.04204;47.66391;0.02485;47.56004;47.54806;0.10297;47.43880;47.25013;0.04894;47.20129;0.06075;0.03229;0.02816;47.14069;0.06832;47.07215;47.02952;0.17220;46.83320;0.06823;46.75410;0.05568;46.69887;0.11746;46.58298;46.52261;46.43550;45.22450;45.17679;42.61142;42.54611;6.77295;35.73804;35.14578;1.58805;33.53786;33.40789;33.05807;32.79912;32.42419;31.35443;0.03901;31.29538;0.07608;31.20573;31.14453;30.94897;0.08190;30.86712;30.79565;0.12565;30.65919;28.02845;0.47251;27.46606;26.97804;0.99568;25.95045;0.40994;25.53868;2.05391;1.57305;1.19085;0.49600;0.22583;0.35546;0.32211;22.43386;21.47953;0.29508;21.12145;19.56284;16.88797;16.39427;14.88454;0.88450;13.83916;13.22258;12.85357;10.78975;0.32756;10.43186;0.77847;9.19853;6.52745;5.77228;4.29033;3.68546;2.95972;2.54963;0.22127;2.26538;0.07119;2.12374;0.11690;1.86395;0.00105;1.86322;0.12069;0.08663;0.05741;0.02381;0.00648;1.73997;0.10736;1.62753;1.50604;1.34691;0.52730;0.18967;0.20601;0.14605;0.02470;0.57764;0.07967;0.10308;0.00999;0.09033;0.28375;0.42842;0.07663;0.31118;0.09040;0.02375;0.10977;0.53384;0.11762;0.29265;0.04927;0.20061;0.13743;0.09704;0.06834;0.02172;0.03427;0.04865;0.72378;1.88450;1.69329;1.43643;1.28823;0.96140;0.10181;0.07903;0.03221;0.88476;0.87556;0.09047;0.09678;0.01808;0.13288;1.98392;0.55034;0.65142;0.49128;1.81001;0.84747;0.36066;0.27892;0.11158;0.34145;2.61160;2.52807;1.71945;0.79435;0.07308;0.04743;0.11200;0.05774;1.06736;0.30268;0.22107;0.32163;0.09538;0.11770;0.06643;2.45913;0.05127;1.21189;0.04670;0.06065;0.04249;0.18904;0.01231
2020-04-01 00:00;28.67099;28.40110;0.01004;28.38864;0.06706;0.06607;0.00061;28.28724;0.00680;28.07708;0.02562;28.02407;0.01718;27.97686;0.00642;27.88121;27.87547;0.03380;27.78034;27.61056;0.01760;27.53819;0.01650;0.00902;0.00737;27.49642;0.01977;27.44108;27.41132;0.06513;27.23418;0.02465;27.13527;0.01697;27.08451;0.03768;27.01526;26.96620;26.81032;26.12801;26.03735;24.71179;24.66125;3.37039;21.15352;20.89293;0.60644;20.19369;20.07382;19.89476;19.69206;19.45681;19.05733;0.00692;19.00157;0.01293;18.94948;18.91009;18.79962;0.01202;18.78144;18.72475;0.02276;18.68089;17.61746;0.11221;17.42419;17.21910;0.34554;16.79149;0.13261;16.64890;1.02990;0.58742;0.46690;0.25336;0.09589;0.10466;0.35893;15.06135;14.34718;0.17938;14.10903;13.18862;11.61594;11.28664;10.30657;0.57467;9.63963;9.16091;8.96785;8.23372;0.09541;8.12841;0.35611;7.61152;5.36470;4.91637;3.96836;3.54800;2.86696;2.52651;0.13681;2.18210;0.04628;2.10469;0.10838;1.90230;0.00105;1.89967;0.12617;0.07763;0.03641;0.01267;0.00222;1.64429;0.10691;1.51897;1.39882;1.30229;0.44546;0.19374;0.14362;0.06537;0.00567;0.46709;0.05419;0.10094;0.00978;0.07948;0.25424;0.44649;0.07646;0.31341;0.06956;0.02328;0.09575;0.45977;0.10786;0.22278;0.03408;0.15291;0.12178;0.09866;0.06941;0.01187;0.01991;0.02319;0.43951;1.68434;1.63563;1.44266;1.30235;0.96143;0.10698;0.07523;0.03259;0.90766;0.87749;0.07987;0.08469;0.01833;0.12858;0.70750;0.42654;0.42260;0.32727;1.08540;0.50420;0.19380;0.12782;0.04974;0.07716;1.00123;0.98462;0.60609;0.37442;0.01195;0.00611;0.01945;0.00943;0.39070;0.06330;0.04031;0.07536;0.01876;0.02150;0.01851;1.10343;0.01170;0.66810;0.02321;0.04678;0.01191;0.08903;0.00341
2020-04-02 00:00;15.65925;15.50742;0.00677;15.49921;0.02960;0.02881;0.00051;15.44785;0.00411;15.32346;0.01755;15.28903;0.01115;15.25977;0.00365;15.20244;15.19903;0.01761;15.14428;15.04685;0.00818;15.00536;0.00849;0.00470;0.00371;14.98146;0.00692;14.95282;14.93611;0.02934;14.84099;0.01089;14.78578;0.00903;14.75601;0.01720;14.71940;14.67713;14.57841;14.24314;14.18905;13.88361;13.85659;0.84531;12.92854;12.86367;0.06994;12.74781;12.69936;12.64702;12.56511;12.47923;12.42927;0.00021;12.40596;0.00050;12.38666;12.37155;12.33225;0.00073;12.32844;12.30400;0.00099;12.29306;12.08131;0.00322;12.04509;11.98939;0.04931;11.90120;0.01539;11.88093;0.67088;0.35391;0.30427;0.23234;0.04778;0.04336;0.31210;11.04841;10.63197;0.11973;10.47690;10.01683;8.88117;8.66954;8.06376;0.30616;7.70054;7.35351;7.25164;7.03859;0.04157;6.99246;0.22537;6.69623;4.66627;4.25230;3.51235;3.18200;2.53173;2.23215;0.10695;2.04415;0.03965;1.98420;0.08460;1.82095;0.00101;1.81227;0.11759;0.04511;0.03282;0.01081;0.00157;1.50421;0.09614;1.39786;1.29064;1.21116;0.42439;0.18795;0.12030;0.04991;0.00282;0.43106;0.04653;0.09465;0.00945;0.07636;0.24069;0.44111;0.07096;0.31004;0.06243;0.01953;0.09034;0.41178;0.10451;0.20428;0.02834;0.12760;0.10348;0.09269;0.06589;0.00968;0.00838;0.01793;0.41007;1.62158;1.59786;1.44607;1.30881;0.96146;0.10598;0.07210;0.03248;0.91709;0.85820;0.07507;0.08355;0.01817;0.12535;0.19965;0.31324;0.28491;0.20961;0.88463;0.34646;0.15395;0.06111;0.04106;0.00266;0.18219;0.17820;0.06779;0.10827;0.00043;0.00044;0.00083;0.00036;0.04563;0.00376;0.00331;0.00251;0.00052;0.00102;0.00783;0.17204;0.00528;0.32653;0.01764;0.04089;0.00593;0.04795;0.00201
2020-04-03 00:00;18.38477;18.33078;0.01633;18.31516;0.09306;0.09186;0.00081;18.22277;0.00829;18.21219;0.02298;18.19374;0.01398;18.18688;0.00656;18.16645;18.16292;0.02508;18.14930;18.11131;0.01200;18.11073;0.01547;0.00782;0.00743;18.10065;0.01695;18.09123;18.07700;0.04223;18.04484;0.01469;18.03916;0.01261;18.03403;0.02642;18.01523;17.97114;17.96161;17.60878;17.61230;17.18966;17.17988;1.16920;16.02503;15.87097;0.37006;15.51749;15.49151;15.38477;15.31026;15.18004;14.90926;0.01781;14.89072;0.03543;14.85516;14.83178;14.75721;0.04189;14.71670;14.68648;0.05756;14.62698;13.91843;0.16635;13.71834;13.53023;0.29355;13.22826;0.12686;13.10085;1.01118;0.66884;0.51271;0.22969;0.08548;0.16181;0.27385;11.76382;11.43861;0.15117;11.26637;10.66970;9.56443;9.34424;8.68460;0.35434;8.27292;7.91833;7.77652;7.27245;0.11931;7.14415;0.32462;6.65595;4.52425;4.12236;3.38357;3.05410;2.41555;2.11230;0.11921;1.91165;0.04741;1.83443;0.06709;1.68496;0.00097;1.68035;0.10445;0.04426;0.03970;0.01447;0.00307;1.42399;0.09033;1.33025;1.22889;1.13535;0.44075;0.18347;0.11939;0.06837;0.00759;0.44488;0.04984;0.09060;0.00932;0.07521;0.23754;0.43233;0.06758;0.30844;0.06875;0.01765;0.08981;0.38425;0.10452;0.20042;0.03170;0.13195;0.10333;0.08781;0.06223;0.01141;0.01305;0.02336;0.39076;1.70870;1.62028;1.45025;1.31046;0.96149;0.10621;0.07280;0.03246;0.91237;0.85207;0.07829;0.08063;0.01805;0.12891;0.46867;0.32807;0.32530;0.21817;0.78260;0.32328;0.15875;0.10146;0.05009;0.12812;0.70616;0.66583;0.44349;0.21537;0.03503;0.02645;0.05177;0.02776;0.27119;0.12695;0.09691;0.12078;0.03656;0.04750;0.01733;0.43742;0.01518;0.35642;0.02089;0.04477;0.01808;0.05447;0.00427
2020-04-04 00:00;17.29255;17.20679;0.00971;17.19664;0.05388;0.05307;0.00053;17.13236;0.00480;17.06820;0.01917;17.04277;0.01199;17.02504;0.00433;16.98644;16.98362;0.02004;16.95014;16.88294;0.00980;16.86222;0.01028;0.00562;0.00459;16.84684;0.01054;16.82907;16.81699;0.03567;16.75899;0.01249;16.73180;0.01015;16.71488;0.02063;16.68801;16.64832;16.59539;16.24944;16.22536;15.66985;15.65178;1.65451;13.95876;13.83589;0.34166;13.47044;13.43004;13.34391;13.27227;13.17724;12.94201;0.00518;12.92337;0.00962;12.90324;12.88866;12.84425;0.00903;12.83374;12.81513;0.01729;12.79198;12.26974;0.08276;12.15970;12.05946;0.20707;11.83081;0.08062;11.74779;0.74476;0.47150;0.37616;0.23396;0.06326;0.07760;0.25450;10.72100;10.36023;0.12710;10.20628;9.68861;8.72414;8.54401;7.93773;0.32915;7.55358;7.23867;7.12362;6.77459;0.06399;6.70596;0.25387;6.34707;4.28918;3.91062;3.21441;2.90173;2.27266;1.99120;0.11247;1.79828;0.04047;1.73454;0.06375;1.59315;0.00094;1.58863;0.09592;0.03314;0.03426;0.01183;0.00199;1.34827;0.08686;1.25809;1.15976;1.08030;0.43379;0.17556;0.10425;0.05670;0.00460;0.42929;0.04524;0.08973;0.00905;0.07230;0.22308;0.42503;0.06407;0.30483;0.06190;0.01273;0.08862;0.37739;0.10119;0.19414;0.02778;0.11882;0.09449;0.08330;0.05935;0.00966;0.00889;0.01850;0.37301;1.65102;1.61472;1.44941;1.31270;0.98515;0.10597;0.07191;0.03238;0.90736;0.84561;0.07481;0.08073;0.01792;0.12576;0.33173;0.28531;0.29480;0.17811;0.69419;0.31783;0.14408;0.07783;0.04365;0.05758;0.50676;0.49644;0.31692;0.17772;0.00894;0.00471;0.01434;0.00704;0.23297;0.04719;0.02850;0.05836;0.01273;0.01431;0.01094;0.49268;0.00744;0.34324;0.01826;0.03932;0.00868;0.05017;0.00243
2020-04-05 00:00;12.26578;12.17327;0.00653;12.16596;0.02870;0.02802;0.00045;12.12419;0.00397;12.04868;0.01628;12.02294;0.01044;12.00269;0.00351;11.96175;11.95916;0.01689;11.92134;11.85048;0.00778;11.82451;0.00815;0.00452;0.00357;11.80792;0.00671;11.78930;11.77784;0.02832;11.71398;0.01059;11.67935;0.00868;11.65930;0.01656;11.63214;11.59639;11.53173;11.23729;11.20472;11.00809;10.98960;0.39731;10.54164;10.50206;0.05230;10.42558;10.40020;10.37183;10.32847;10.28264;10.24415;0.00021;10.23233;0.00048;10.22238;10.21469;10.19454;0.00071;10.19231;10.17986;0.00099;10.17389;10.02418;0.00296;10.00474;9.97588;0.03959;9.91780;0.01219;9.90337;0.47044;0.31989;0.27755;0.20940;0.04690;0.04076;0.14549;9.33297;9.02368;0.10542;8.89583;8.52038;7.73732;7.58658;7.07059;0.24869;6.77389;6.48631;6.40521;6.20328;0.04158;6.15808;0.19407;5.90562;3.93543;3.57873;2.95200;2.67326;2.06523;1.80102;0.09911;1.62275;0.03713;1.56771;0.06118;1.43580;0.00089;1.43138;0.08354;0.03122;0.03101;0.01005;0.00142;1.21129;0.08162;1.12643;1.03238;0.96233;0.41292;0.17504;0.08889;0.04771;0.00317;0.40388;0.04216;0.08691;0.00870;0.07033;0.21401;0.41276;0.05432;0.29898;0.05948;0.01135;0.08614;0.35666;0.09642;0.18336;0.02485;0.10721;0.08576;0.07663;0.04826;0.00859;0.00719;0.01641;0.35291;1.62325;1.59835;1.45364;1.31933;0.99548;0.10514;0.06946;0.03215;0.89227;0.82600;0.07236;0.07992;0.01768;0.12389;0.18995;0.26205;0.25521;0.14874;0.58121;0.28289;0.12020;0.05368;0.03975;0.00263;0.13469;0.13208;0.04595;0.08481;0.00041;0.00045;0.00074;0.00035;0.03626;0.00339;0.00291;0.00252;0.00048;0.00084;0.00761;0.11266;0.00509;0.28967;0.01648;0.03501;0.00564;0.04354;0.00186
2020-04-06 00:00;10.28744;10.24545;0.00608;10.23914;0.02670;0.02614;0.00038;10.20640;0.00364;10.16959;0.01515;10.15095;0.00967;10.13827;0.00318;10.11166;10.10977;0.01545;10.08674;10.03820;0.00714;10.02527;0.00743;0.00412;0.00326;10.01513;0.00623;10.00502;9.99798;0.02647;9.96098;0.00970;9.94403;0.00790;9.93247;0.01514;9.91398;9.88226;9.84642;9.57291;9.55910;9.47603;9.46526;0.17621;9.26641;9.25151;0.00716;9.23685;9.22830;9.21786;9.20286;9.18684;9.17883;0.00015;9.17454;0.00031;9.17084;9.16807;9.16071;0.00050;9.15968;9.15492;0.00080;9.15229;9.06565;0.00147;9.05722;9.04356;0.01678;9.01860;0.00333;9.01423;0.40301;0.28139;0.24403;0.18411;0.04348;0.03606;0.11695;8.55691;8.30897;0.09374;8.19832;7.87138;7.22456;7.09508;6.63426;0.21204;6.38189;6.11415;6.04644;5.86626;0.03598;5.82701;0.17211;5.59887;3.67730;3.34718;2.78589;2.53877;1.95809;1.70703;0.09324;1.53600;0.03545;1.48430;0.05986;1.35686;0.00084;1.35255;0.07173;0.03098;0.02967;0.00950;0.00123;1.14826;0.07128;1.07382;0.98665;0.91985;0.39574;0.17028;0.08108;0.04509;0.00259;0.38736;0.03905;0.08101;0.00833;0.06718;0.20728;0.39478;0.03736;0.29604;0.05813;0.01059;0.08331;0.33306;0.09595;0.16999;0.02367;0.09142;0.07212;0.06427;0.03367;0.00777;0.00624;0.01491;0.32686;1.61188;1.59191;1.45053;1.31839;0.98768;0.10451;0.06778;0.03185;0.87719;0.80660;0.07022;0.07676;0.01739;0.12156;0.17051;0.24655;0.23917;0.12751;0.47484;0.22167;0.09929;0.04714;0.03533;0.00194;0.08071;0.07985;0.01127;0.06822;0.00028;0.00035;0.00025;0.00020;0.00726;0.00114;0.00148;0.00201;0.00044;0.00034;0.00703;0.04319;0.00465;0.27205;0.01538;0.03153;0.00530;0.03930;0.00169
2020-04-07 00:00;9.32885;9.29542;0.00529;9.28997;0.02273;0.02225;0.00033;9.26237;0.00322;9.23259;0.01381;9.21607;0.00881;9.20503;0.00283;9.18246;9.18085;0.01385;9.16117;9.11916;0.00641;9.10845;0.00661;0.00366;0.00291;9.09981;0.00551;9.09143;9.08566;0.02408;9.05434;0.00859;9.04065;0.00702;9.03090;0.01351;9.01490;8.98598;8.95556;8.69822;8.68714;8.61985;8.61074;0.06924;8.52302;8.51058;0.00562;8.49907;8.49213;8.48400;8.47213;8.45999;8.45384;0.00013;8.45021;0.00028;8.44711;8.44476;8.43856;0.00044;8.43767;8.43369;0.00063;8.43153;8.35869;0.00133;8.35131;8.33941;0.01428;8.31801;0.00286;8.31423;0.36091;0.25106;0.21710;0.16261;0.03978;0.03266;0.10525;7.90480;7.68662;0.08279;7.58952;7.30075;6.77231;6.66042;6.24400;0.18793;6.02140;5.76932;5.71189;5.56057;0.02896;5.52856;0.15279;5.32487;3.45380;3.15213;2.65019;2.42866;1.87764;1.63859;0.08821;1.47399;0.03361;1.42576;0.05846;1.30248;0.00079;1.29829;0.06992;0.03071;0.02834;0.00895;0.00107;1.10010;0.06631;1.03070;0.94705;0.88490;0.38539;0.16259;0.06520;0.04264;0.00215;0.37078;0.03600;0.07824;0.00793;0.06535;0.20028;0.37287;0.02828;0.29367;0.05660;0.01014;0.08055;0.30953;0.09093;0.15533;0.02271;0.06794;0.05096;0.04399;0.02686;0.00711;0.00558;0.01354;0.29901;1.59421;1.57787;1.44017;1.31039;0.98114;0.10389;0.06617;0.03150;0.86199;0.78723;0.06827;0.07346;0.01707;0.11396;0.14327;0.23361;0.22370;0.10994;0.38050;0.17710;0.07256;0.04072;0.03127;0.00172;0.06778;0.06730;0.00805;0.05906;0.00023;0.00025;0.00022;0.00017;0.00554;0.00079;0.00089;0.00119;0.00031;0.00025;0.00623;0.03481;0.00416;0.25627;0.01412;0.02878;0.00452;0.03499;0.00147
2020-04-08 00:00;8.63046;8.60217;0.00472;8.59732;0.01985;0.01945;0.00028;8.57345;0.00290;8.54822;0.01252;8.53348;0.00805;8.52361;0.00255;8.50392;8.50249;0.01250;8.48509;8.44800;0.00576;8.43869;0.00595;0.00329;0.00263;8.43106;0.00498;8.42369;8.41860;0.02203;8.39058;0.00764;8.37869;0.00630;8.37010;0.01215;8.35585;8.32816;8.30105;8.05895;8.04931;7.98983;7.98176;0.05598;7.90978;7.89833;0.00449;7.88801;7.88117;7.87358;7.86203;7.85014;7.84489;0.00012;7.84125;0.00025;7.83816;7.83580;7.82961;0.00039;7.82876;7.82481;0.00054;7.82272;7.75894;0.00122;7.75167;7.73996;0.01248;7.72025;0.00263;7.71668;0.31263;0.21084;0.17986;0.12925;0.03646;0.02963;0.09723;7.35784;7.16424;0.07367;7.07829;6.81812;6.34792;6.24953;5.86777;0.17015;5.66724;5.42803;5.37671;5.24928;0.02456;5.22167;0.13848;5.03760;3.21402;2.97505;2.53388;2.33374;1.80494;1.57672;0.08429;1.41742;0.03197;1.37221;0.05718;1.25280;0.00073;1.24873;0.06820;0.03040;0.02714;0.00844;0.00095;1.05610;0.06138;0.99171;0.91041;0.85269;0.37662;0.15499;0.06151;0.04076;0.00199;0.35390;0.03341;0.07649;0.00750;0.06369;0.19352;0.35762;0.02606;0.29151;0.05522;0.01013;0.07799;0.27613;0.08711;0.13480;0.02187;0.05691;0.04192;0.03576;0.02436;0.00655;0.00506;0.01249;0.23675;1.57514;1.56065;1.42552;1.29817;0.97397;0.10321;0.06446;0.03109;0.84656;0.76774;0.06649;0.06908;0.01672;0.11214;0.12040;0.22279;0.21091;0.09647;0.33999;0.16021;0.06549;0.03561;0.02792;0.00154;0.05869;0.05826;0.00707;0.05104;0.00021;0.00021;0.00020;0.00015;0.00463;0.00059;0.00058;0.00069;0.00026;0.00021;0.00562;0.03107;0.00380;0.24120;0.01303;0.02758;0.00405;0.03129;0.00131
2020-04-09 00:00;8.41614;8.38053;0.00639;8.37412;0.03547;0.03501;0.00032;8.33555;0.00324;8.31107;0.01214;8.29760;0.00761;8.28921;0.00251;8.27202;8.27037;0.01212;8.25561;8.22198;0.00561;8.21452;0.00605;0.00329;0.00268;8.20763;0.00582;8.20051;8.19265;0.02300;8.16196;0.00779;8.14970;0.00620;8.14236;0.01206;8.12953;8.10154;8.07794;7.83030;7.82426;7.75872;7.75141;0.06459;7.67668;7.66719;0.01415;7.65174;7.64807;7.63714;7.62516;7.60807;7.59864;0.00036;7.59713;0.00052;7.59507;7.59406;7.59067;0.00093;7.58969;7.58706;0.00201;7.58440;7.50916;0.00232;7.50355;7.49470;0.01664;7.47526;0.00467;7.47011;0.29084;0.19043;0.15708;0.10515;0.03490;0.03207;0.09570;7.14208;6.96878;0.07154;6.88716;6.64567;6.19951;6.10417;5.74035;0.16222;5.54980;5.31112;5.24865;5.10199;0.02716;5.07169;0.13440;4.88689;3.06005;2.86105;2.46824;2.27700;1.77377;1.55152;0.08342;1.39414;0.03114;1.35015;0.05641;1.23297;0.00068;1.22898;0.06750;0.03014;0.02691;0.00830;0.00112;1.03870;0.06006;0.97569;0.89685;0.84013;0.37701;0.15029;0.06260;0.04084;0.00229;0.34097;0.03276;0.07391;0.00708;0.06347;0.18815;0.33592;0.02611;0.27908;0.05540;0.01010;0.07600;0.23413;0.07773;0.12175;0.02190;0.05601;0.04093;0.03456;0.02367;0.00637;0.00539;0.01282;0.19612;1.59789;1.55678;1.40739;1.28164;0.96314;0.10078;0.06374;0.03066;0.82963;0.75598;0.06546;0.06810;0.01635;0.11176;0.13921;0.22461;0.21012;0.09345;0.32819;0.15448;0.06640;0.03469;0.02642;0.00295;0.07261;0.07125;0.01410;0.05674;0.00063;0.00111;0.00061;0.00047;0.00911;0.00424;0.00762;0.00907;0.00170;0.00135;0.00637;0.04510;0.00383;0.24730;0.01302;0.02797;0.00728;0.03075;0.00164
2020-04-10 00:00;8.66222;8.62068;0.00759;8.61312;0.04672;0.04622;0.00034;8.56350;0.00345;8.53787;0.01205;8.52485;0.00743;8.51711;0.00260;8.50025;8.49845;0.01250;8.48418;8.45039;0.00575;8.44351;0.00633;0.00346;0.00278;8.43668;0.00630;8.42953;8.42017;0.02433;8.38746;0.00824;8.37471;0.00631;8.36773;0.01243;8.35505;8.32689;8.30378;8.04347;8.03836;7.95691;7.94943;0.08265;7.85826;7.84922;0.02411;7.82539;7.82270;7.80289;7.78259;7.75529;7.74109;0.00037;7.74023;0.00042;7.73821;7.73769;7.73507;0.00096;7.73417;7.73171;0.00263;7.72866;7.63790;0.00199;7.63328;7.62510;0.01936;7.60427;0.00572;7.59817;0.29823;0.19517;0.15896;0.10557;0.03449;0.03501;0.09835;7.26439;7.08901;0.07212;7.00679;6.75836;6.29898;6.19978;5.82575;0.16592;5.63060;5.38770;5.31656;5.10615;0.03007;5.07196;0.13968;4.87576;3.05767;2.84409;2.45620;2.26270;1.77018;1.54865;0.08472;1.39079;0.03127;1.34587;0.05596;1.22911;0.00064;1.22519;0.06724;0.02996;0.02704;0.00832;0.00130;1.03581;0.06007;0.97284;0.89422;0.83618;0.37706;0.14718;0.06374;0.04137;0.00256;0.33394;0.03349;0.07332;0.00668;0.06388;0.18599;0.32656;0.02766;0.27316;0.05520;0.01006;0.07538;0.22253;0.07694;0.10930;0.02204;0.05866;0.04278;0.03599;0.02477;0.00652;0.00572;0.01345;0.20829;1.59562;1.54637;1.38642;1.26219;0.95115;0.09641;0.06319;0.03022;0.82403;0.74994;0.06519;0.06813;0.01601;0.10864;0.20250;0.22878;0.21769;0.09735;0.33691;0.15771;0.06975;0.03682;0.02636;0.00324;0.08873;0.08690;0.01925;0.06709;0.00062;0.00149;0.00049;0.00047;0.01384;0.00656;0.01722;0.01966;0.00233;0.00199;0.00706;0.06237;0.00420;0.26020;0.01322;0.02818;0.00897;0.03210;0.00184
2020-04-11 00:00;8.31532;8.28093;0.00532;8.27549;0.02865;0.02826;0.00026;8.24295;0.00304;8.21600;0.01103;8.20289;0.00714;8.19405;0.00255;8.17540;8.17389;0.01220;8.15709;8.12142;0.00552;8.11256;0.00604;0.00332;0.00269;8.10495;0.00531;8.09740;8.09115;0.02254;8.06140;0.00769;8.04907;0.00620;8.04082;0.01212;8.02687;7.99986;7.97441;7.72695;7.71796;7.64158;7.63337;0.07249;7.54676;7.53540;0.01642;7.51423;7.50800;7.49325;7.47802;7.46333;7.45254;0.00018;7.44982;0.00033;7.44730;7.44555;7.44049;0.00060;7.43959;7.43628;0.00121;7.43392;7.35384;0.00151;7.34757;7.33704;0.01433;7.31764;0.00399;7.31301;0.28056;0.18057;0.15040;0.10359;0.03278;0.02898;0.09553;6.99040;6.81412;0.06608;6.73733;6.48786;6.03740;5.94152;5.57522;0.16484;5.38146;5.14652;5.08938;4.91764;0.02736;4.88714;0.13531;4.70325;2.95966;2.77448;2.40770;2.21917;1.73144;1.51353;0.08225;1.35920;0.03022;1.31576;0.05487;1.20083;0.00060;1.19702;0.06583;0.02971;0.02609;0.00809;0.00110;1.01108;0.05866;0.94955;0.87175;0.81564;0.36753;0.14492;0.06109;0.03999;0.00233;0.32602;0.03229;0.07279;0.00627;0.06314;0.18359;0.32392;0.02629;0.27218;0.05381;0.01003;0.07440;0.20850;0.07578;0.09731;0.02136;0.05603;0.04108;0.03482;0.02388;0.00631;0.00519;0.01248;0.18221;1.53056;1.50930;1.36495;1.24327;0.94049;0.09580;0.06109;0.02980;0.81453;0.73622;0.06420;0.06645;0.01566;0.10276;0.16445;0.21997;0.20978;0.09406;0.32741;0.15614;0.06367;0.03450;0.02481;0.00235;0.07627;0.07550;0.01448;0.06073;0.00035;0.00053;0.00029;0.00025;0.01032;0.00282;0.00618;0.00921;0.00085;0.00078;0.00616;0.04990;0.00398;0.24666;0.01208;0.02691;0.00524;0.03032;0.00141
2020-04-12 00:00;7.75318;7.72876;0.00410;7.72455;0.01787;0.01754;0.00022;7.70342;0.00270;7.68190;0.00960;7.67049;0.00656;7.66243;0.00236;7.64554;7.64426;0.01129;7.62885;7.59649;0.00503;7.58857;0.00552;0.00303;0.00246;7.58168;0.00473;7.57501;7.57043;0.02043;7.54504;0.00696;7.53464;0.00572;7.52709;0.01118;7.51424;7.48806;7.46532;7.23991;7.23175;7.17390;7.16674;0.05524;7.09882;7.08934;0.00686;7.07824;7.07317;7.06685;7.05784;7.04919;7.04354;0.00015;7.04100;0.00031;7.03878;7.03712;7.03271;0.00049;7.03192;7.02905;0.00070;7.02728;6.96351;0.00147;6.95777;6.94852;0.01060;6.93302;0.00295;6.92945;0.26566;0.16957;0.14293;0.10049;0.03049;0.02551;0.09179;6.62492;6.46109;0.06002;6.39104;6.15953;5.73934;5.64842;5.30442;0.15688;5.12016;4.89400;4.84728;4.72179;0.02449;4.69460;0.12695;4.52690;2.84193;2.67381;2.32883;2.14841;1.66794;1.45696;0.07850;1.30758;0.02874;1.26676;0.05359;1.15482;0.00055;1.15110;0.06413;0.02941;0.02490;0.00763;0.00093;0.96986;0.05622;0.91081;0.83423;0.78131;0.35184;0.13752;0.05788;0.03805;0.00206;0.31217;0.03030;0.07184;0.00582;0.06150;0.17861;0.31999;0.02538;0.26950;0.05250;0.01000;0.07267;0.19953;0.07359;0.09281;0.02061;0.05275;0.03880;0.03298;0.02247;0.00599;0.00481;0.01165;0.16605;1.48793;1.47380;1.34129;1.22216;0.92762;0.09508;0.05862;0.02936;0.80296;0.71689;0.06286;0.06550;0.01530;0.10205;0.11871;0.21211;0.19822;0.08914;0.30695;0.14912;0.05708;0.03085;0.02287;0.00192;0.06015;0.05956;0.00979;0.04954;0.00026;0.00028;0.00024;0.00019;0.00523;0.00099;0.00136;0.00140;0.00035;0.00031;0.00532;0.03411;0.00364;0.22469;0.01109;0.02610;0.00373;0.02766;0.00119
2020-04-13 00:00;13.74774;13.71637;0.01620;13.70122;0.10719;0.10627;0.00062;13.60045;0.00504;13.61656;0.01213;13.61274;0.00695;13.61654;0.00308;13.61806;13.61578;0.01352;13.62217;13.61253;0.00620;13.62420;0.00790;0.00411;0.00351;13.62479;0.01054;13.62655;13.61093;0.02947;13.59408;0.01025;13.59634;0.00635;13.60206;0.01358;13.60038;13.57045;13.58358;13.29789;13.32276;12.89319;12.89456;1.15573;11.77598;11.55649;0.44875;11.12399;11.07651;10.92870;10.79962;10.64302;10.37282;0.01752;10.35601;0.03380;10.32145;10.29944;10.22623;0.04009;10.18782;10.15687;0.05879;10.09639;9.46466;0.15890;9.27316;9.09713;0.27993;8.81179;0.12353;8.68765;0.63069;0.47272;0.33768;0.10594;0.03730;0.13088;0.10520;7.77128;7.61643;0.07482;7.53391;7.30472;6.84012;6.73688;6.37938;0.16826;6.18280;5.93268;5.81953;5.32987;0.07235;5.25076;0.15400;5.01675;3.15973;2.88057;2.47225;2.27587;1.79452;1.57909;0.09136;1.41706;0.03080;1.37179;0.05605;1.25734;0.00055;1.25357;0.06867;0.02976;0.02928;0.00987;0.00210;1.06409;0.06215;0.99917;0.91972;0.85901;0.40516;0.13876;0.08619;0.06327;0.00956;0.31463;0.03506;0.07309;0.00553;0.06349;0.17619;0.32094;0.03031;0.26460;0.05606;0.00995;0.07187;0.22423;0.07274;0.11070;0.02332;0.06556;0.04679;0.03799;0.02671;0.00679;0.00777;0.01637;0.26616;1.64922;1.50663;1.32137;1.20073;0.93027;0.09565;0.06116;0.02895;0.80558;0.72582;0.06395;0.06623;0.01499;0.10363;0.47287;0.24049;0.22518;0.10148;0.35703;0.16308;0.08496;0.04006;0.02516;0.11891;0.63086;0.59071;0.48930;0.09410;0.03440;0.02812;0.05075;0.02738;0.27071;0.13957;0.14446;0.15824;0.05316;0.07003;0.01081;0.47812;0.00548;0.29116;0.01514;0.03091;0.02125;0.03687;0.00335
2020-04-14 00:00;21.90027;21.87422;0.01619;21.85896;0.11482;0.11393;0.00057;21.74892;0.00614;21.75256;0.01606;21.74387;0.00850;21.74526;0.00536;21.73797;21.73507;0.01768;21.73495;21.71409;0.00816;21.72266;0.01034;0.00540;0.00474;21.72015;0.01421;21.71700;21.70210;0.03775;21.68024;0.01284;21.68143;0.00946;21.68299;0.01868;21.67524;21.64458;21.65160;21.30314;21.31549;20.26172;20.25659;2.94285;17.34439;17.04226;0.79492;16.26310;16.21237;16.02735;15.90674;15.72106;15.20496;0.02392;15.18155;0.04742;15.13594;15.10607;15.00706;0.05367;14.95532;14.92063;0.07825;14.84098;13.68973;0.25847;13.39304;13.13591;0.49153;12.64331;0.21116;12.43328;1.07632;0.75790;0.54809;0.16095;0.06035;0.20463;0.21561;10.87047;10.67248;0.09933;10.56499;10.23067;9.54154;9.39328;8.90422;0.24331;8.61850;8.32006;8.12215;7.15513;0.22103;6.91511;0.31904;6.34972;4.26997;3.95822;3.24823;2.96813;2.43154;2.14478;0.15629;1.91294;0.06346;1.81315;0.07908;1.65835;0.00064;1.65434;0.08098;0.03420;0.06248;0.02599;0.00886;1.40975;0.08504;1.32139;1.22076;1.09252;0.52707;0.14471;0.13428;0.16393;0.03517;0.45158;0.07059;0.08121;0.00630;0.07435;0.21062;0.34750;0.05474;0.26943;0.07946;0.01351;0.08439;0.29919;0.08641;0.12831;0.03310;0.11590;0.08097;0.06120;0.05308;0.01237;0.01740;0.03165;0.29008;1.76101;1.55448;1.32312;1.19354;0.93481;0.09697;0.06572;0.02894;0.80901;0.76557;0.07744;0.07417;0.01507;0.11088;0.91493;0.28583;0.30373;0.14650;0.51745;0.22843;0.12294;0.07468;0.03463;0.19108;1.15343;1.10033;0.92365;0.16758;0.04621;0.03245;0.06965;0.03644;0.51698;0.18389;0.14458;0.19829;0.05864;0.07279;0.01602;1.09081;0.01510;0.35350;0.01653;0.03158;0.02030;0.04565;0.00386
2020-04-15 00:00;17.86015;17.74328;0.00787;17.73450;0.04794;0.04736;0.00036;17.67249;0.00444;17.58286;0.01391;17.55838;0.00855;17.53851;0.00397;17.49607;17.49308;0.01709;17.45213;17.37896;0.00777;17.35026;0.00881;0.00482;0.00395;17.33177;0.00909;17.30903;17.29428;0.03194;17.21814;0.01128;17.17780;0.00913;17.15572;0.01776;17.12591;17.09648;17.02763;16.71414;16.67581;15.90784;15.88536;2.12906;13.70050;13.54622;0.41140;13.09797;13.04365;12.94355;12.85021;12.73303;12.45662;0.00556;12.43264;0.01040;12.40775;12.38956;12.33550;0.00976;12.32362;12.29980;0.01829;12.27359;11.65594;0.08964;11.53302;11.41901;0.23566;11.15622;0.09398;11.05931;0.61015;0.41684;0.32118;0.16855;0.05178;0.07592;0.16929;10.13626;9.81925;0.09241;9.70301;9.28202;8.54219;8.39241;7.85491;0.25503;7.55195;7.25733;7.11662;6.61646;0.09701;6.51238;0.25990;6.10518;4.18489;3.85923;3.18516;2.87500;2.32177;2.04659;0.13720;1.83486;0.04247;1.76557;0.06723;1.62406;0.00071;1.62001;0.08095;0.04963;0.03968;0.01524;0.00383;1.39318;0.09215;1.29796;1.20483;1.11415;0.44164;0.15476;0.12002;0.09226;0.01369;0.42715;0.05067;0.08137;0.00659;0.07015;0.20796;0.35596;0.05066;0.26755;0.06093;0.01323;0.08196;0.30402;0.08481;0.14536;0.02712;0.10892;0.08107;0.06713;0.04641;0.00998;0.01135;0.02074;0.31791;1.57047;1.51005;1.32334;1.19806;0.93981;0.10211;0.06376;0.02909;0.80899;0.77681;0.07151;0.07132;0.01521;0.10641;0.47704;0.26742;0.27858;0.14800;0.52235;0.22594;0.11871;0.06380;0.03367;0.06247;0.59630;0.58422;0.45072;0.13098;0.00961;0.00495;0.01552;0.00754;0.27315;0.05000;0.03099;0.05964;0.01419;0.01580;0.01005;0.67492;0.00762;0.30806;0.01425;0.02858;0.00793;0.04221;0.00213
2020-04-16 00:00;11.71520;11.61087;0.00590;11.60408;0.02924;0.02872;0.00034;11.56142;0.00421;11.47930;0.01222;11.45664;0.00819;11.43715;0.00345;11.39701;11.39429;0.01631;11.35438;11.28536;0.00720;11.25725;0.00839;0.00460;0.00373;11.23919;0.00724;11.21832;11.20527;0.02787;11.13404;0.01020;11.09497;0.00847;11.07345;0.01659;11.04475;11.01595;10.94953;10.67723;10.64091;10.41799;10.39782;0.52586;9.81809;9.77620;0.05555;9.69264;9.66303;9.62946;9.57761;9.52297;9.48227;0.00021;9.46868;0.00048;9.45725;9.44843;9.42530;0.00074;9.42281;9.40843;0.00109;9.40160;9.23817;0.00298;9.21630;9.18343;0.03802;9.12404;0.01261;9.10883;0.37887;0.25730;0.22268;0.16122;0.04335;0.03298;0.11647;8.63177;8.35038;0.08227;8.24699;7.88180;7.23596;7.10279;6.63182;0.21968;6.36954;6.09652;6.01218;5.81294;0.04195;5.76681;0.19825;5.49866;3.71873;3.40020;2.81089;2.52660;1.98077;1.73030;0.10067;1.55661;0.03402;1.50385;0.05883;1.37623;0.00071;1.37220;0.07147;0.03132;0.02927;0.00948;0.00160;1.17346;0.08461;1.08580;0.99770;0.92593;0.38480;0.15292;0.10227;0.04481;0.00286;0.36288;0.04123;0.07876;0.00636;0.06591;0.19504;0.35794;0.04980;0.27106;0.05609;0.01077;0.07907;0.29360;0.08123;0.14805;0.02375;0.09603;0.07368;0.06331;0.03785;0.00856;0.00818;0.01669;0.31483;1.48466;1.45931;1.32487;1.20248;0.93898;0.10170;0.06004;0.02893;0.80897;0.75678;0.06770;0.06875;0.01509;0.10405;0.18629;0.24889;0.23914;0.13141;0.45702;0.20462;0.09100;0.04783;0.03063;0.00271;0.14612;0.14318;0.05756;0.08412;0.00042;0.00051;0.00075;0.00035;0.03813;0.00371;0.00459;0.00372;0.00083;0.00109;0.00807;0.13176;0.00530;0.26679;0.01327;0.02793;0.00622;0.03828;0.00186
2020-04-17 00:00;9.50273;9.45895;0.00572;9.45301;0.02729;0.02683;0.00031;9.42044;0.00388;9.38634;0.01123;9.37192;0.00758;9.36143;0.00326;9.33730;9.33542;0.01517;9.31298;9.26876;0.00671;9.25648;0.00790;0.00431;0.00354;9.24597;0.00687;9.23538;9.22807;0.02635;9.19049;0.00952;9.17347;0.00791;9.16206;0.01553;9.14334;9.11590;9.08422;8.82967;8.81608;8.73024;8.71913;0.17790;8.52067;8.50829;0.00820;8.49351;8.48577;8.47574;8.46115;8.44645;8.43831;0.00016;8.43465;0.00033;8.43146;8.42908;8.42274;0.00053;8.42176;8.41764;0.00083;8.41525;8.32467;0.00154;8.31719;8.30502;0.01407;8.28405;0.00322;8.27997;0.33256;0.21908;0.18949;0.13468;0.04025;0.02818;0.10870;7.90303;7.68485;0.07436;7.59599;7.28504;6.72853;6.60928;6.19208;0.19915;5.95639;5.70212;5.63402;5.46291;0.03987;5.41982;0.17880;5.18240;3.45231;3.15399;2.63058;2.38219;1.86109;1.62576;0.09175;1.46260;0.03227;1.41380;0.05746;1.29227;0.00068;1.28836;0.07006;0.03112;0.02823;0.00914;0.00148;1.09529;0.07192;1.02047;0.93709;0.87280;0.38404;0.15032;0.09140;0.04454;0.00310;0.34386;0.03801;0.07614;0.00604;0.06492;0.18838;0.34554;0.03243;0.26479;0.05491;0.01012;0.07627;0.27560;0.07796;0.14107;0.02284;0.08198;0.06182;0.05288;0.03112;0.00777;0.00709;0.01534;0.29484;1.46735;1.44436;1.32182;1.20132;0.93773;0.10098;0.05812;0.02865;0.80896;0.73689;0.06577;0.06783;0.01486;0.10339;0.15976;0.23605;0.22526;0.11751;0.39830;0.18804;0.07011;0.04287;0.02771;0.00208;0.08544;0.08456;0.01199;0.07218;0.00029;0.00035;0.00026;0.00021;0.00749;0.00118;0.00262;0.00266;0.00065;0.00049;0.00766;0.04827;0.00507;0.25315;0.01232;0.02724;0.00558;0.03555;0.00170
2020-04-18 00:00;8.66747;8.63634;0.00472;8.63148;0.02143;0.02104;0.00027;8.60599;0.00345;8.57924;0.00991;8.56703;0.00688;8.55821;0.00297;8.53739;8.53578;0.01385;8.51669;8.47812;0.00606;8.46834;0.00715;0.00391;0.00321;8.45944;0.00613;8.45081;8.44524;0.02417;8.41459;0.00860;8.40150;0.00721;8.39195;0.01411;8.37568;8.34912;8.32330;8.08634;8.07585;8.00746;7.99818;0.06086;7.92121;7.91087;0.00593;7.89991;7.89386;7.88664;7.87612;7.86580;7.85959;0.00015;7.85650;0.00032;7.85384;7.85182;7.84652;0.00049;7.84565;7.84222;0.00069;7.84022;7.76345;0.00149;7.75675;7.74593;0.01201;7.72783;0.00286;7.72419;0.28889;0.18415;0.15569;0.10629;0.03718;0.02715;0.10009;7.39319;7.19672;0.06720;7.11628;6.83544;6.33435;6.22779;5.84223;0.18231;5.62717;5.38657;5.32595;5.16928;0.03433;5.13180;0.16147;4.91340;3.22041;2.95442;2.49357;2.27048;1.78203;1.55864;0.08708;1.40136;0.03060;1.35587;0.05627;1.23836;0.00065;1.23452;0.06829;0.03088;0.02689;0.00851;0.00130;1.04707;0.05995;0.98428;0.90403;0.84462;0.37964;0.14761;0.07798;0.04180;0.00267;0.32823;0.03498;0.07380;0.00568;0.06288;0.18173;0.32038;0.02942;0.26379;0.05350;0.01011;0.07365;0.24857;0.07468;0.12907;0.02187;0.06624;0.04880;0.04102;0.02784;0.00706;0.00625;0.01393;0.26304;1.45349;1.43476;1.31262;1.19424;0.92621;0.09748;0.05646;0.02832;0.80147;0.71736;0.06366;0.06692;0.01460;0.10268;0.14698;0.22374;0.21138;0.10485;0.35944;0.17187;0.06383;0.03804;0.02498;0.00194;0.07242;0.07189;0.00877;0.06293;0.00026;0.00027;0.00024;0.00019;0.00569;0.00082;0.00120;0.00130;0.00038;0.00031;0.00685;0.03859;0.00464;0.23604;0.01125;0.02645;0.00446;0.03257;0.00149
2020-04-19 00:00;8.23028;8.20535;0.00453;8.20076;0.02222;0.02187;0.00024;8.17561;0.00327;8.15409;0.00872;8.14394;0.00619;8.13673;0.00273;8.11925;8.11776;0.01284;8.10167;8.06833;0.00553;8.06070;0.00667;0.00363;0.00299;8.05305;0.00590;8.04570;8.04023;0.02288;8.01285;0.00800;8.00188;0.00664;7.99391;0.01303;7.97974;7.95370;7.93271;7.70684;7.69926;7.63821;7.63041;0.05129;7.56788;7.55971;0.00671;7.55047;7.54689;7.54102;7.53338;7.52456;7.51851;0.00017;7.51672;0.00030;7.51498;7.51380;7.51051;0.00051;7.50981;7.50753;0.00090;7.50587;7.43401;0.00139;7.42933;7.42166;0.01150;7.40661;0.00299;7.40317;0.27512;0.17509;0.14674;0.09932;0.03466;0.02708;0.09542;7.09302;6.92469;0.06328;6.85119;6.60036;6.14770;6.04948;5.69204;0.16764;5.49590;5.26342;5.20059;5.02201;0.03443;4.98403;0.15252;4.77336;3.08552;2.86562;2.43205;2.22728;1.75331;1.53709;0.08681;1.38110;0.02994;1.33673;0.05593;1.22166;0.00062;1.21787;0.06815;0.03074;0.02707;0.00847;0.00156;1.03179;0.05854;0.97047;0.89180;0.83063;0.37447;0.14330;0.07228;0.04537;0.00522;0.31702;0.03516;0.07198;0.00533;0.06220;0.17668;0.31289;0.02924;0.25727;0.05361;0.01009;0.07117;0.23935;0.07206;0.12517;0.02178;0.06350;0.04652;0.03878;0.02659;0.00675;0.00644;0.01392;0.21552;1.46974;1.42954;1.29479;1.17777;0.90644;0.09423;0.05530;0.02796;0.78551;0.70244;0.06254;0.06656;0.01431;0.10252;0.16881;0.21857;0.20435;0.09654;0.32901;0.15877;0.06090;0.03426;0.02269;0.00192;0.06901;0.06836;0.00949;0.05864;0.00029;0.00043;0.00025;0.00021;0.00573;0.00139;0.00234;0.00277;0.00059;0.00051;0.00648;0.03844;0.00439;0.22539;0.01040;0.02599;0.00485;0.02988;0.00145
2020-04-20 00:00;8.44148;8.41032;0.00616;8.40420;0.03757;0.03717;0.00028;8.36450;0.00352;8.34328;0.00846;8.33419;0.00581;8.32833;0.00270;8.31280;8.31110;0.01286;8.29700;8.26629;0.00537;8.26033;0.00693;0.00377;0.00308;8.25315;0.00674;8.24592;8.23779;0.02366;8.20783;0.00822;8.19628;0.00642;8.18950;0.01269;8.17680;8.15038;8.13181;7.90071;7.89607;7.82773;7.82030;0.05925;7.75439;7.74778;0.01608;7.73280;7.73155;7.71720;7.70000;7.67894;7.66883;0.00032;7.66839;0.00035;7.66703;7.66679;7.66518;0.00085;7.66442;7.66257;0.00222;7.66010;7.57559;0.00148;7.57228;7.56595;0.01522;7.54991;0.00456;7.54510;0.28475;0.17985;0.14840;0.09746;0.03376;0.03023;0.10017;7.23039;7.07155;0.06442;6.99786;6.75310;6.30587;6.20800;5.85551;0.16540;5.66240;5.42779;5.35358;5.07391;0.05044;5.01892;0.15647;4.79710;3.10891;2.87441;2.44479;2.24019;1.76632;1.55226;0.08785;1.39591;0.02973;1.35147;0.05607;1.23660;0.00061;1.23285;0.06834;0.03064;0.02756;0.00911;0.00160;1.04732;0.06008;0.98450;0.90606;0.84459;0.38899;0.13809;0.08305;0.05618;0.00688;0.31526;0.03504;0.07175;0.00502;0.06205;0.17402;0.31370;0.02998;0.25730;0.05326;0.01006;0.07039;0.23193;0.07084;0.11800;0.02192;0.06501;0.04747;0.03944;0.02709;0.00674;0.00673;0.01448;0.22814;1.47263;1.41948;1.27365;1.15783;0.89560;0.09402;0.05481;0.02761;0.77543;0.69365;0.06218;0.06660;0.01404;0.09688;0.26793;0.22158;0.20499;0.09622;0.32493;0.15535;0.06270;0.03557;0.02231;0.00269;0.08294;0.08143;0.01451;0.06641;0.00052;0.00130;0.00036;0.00039;0.00987;0.00503;0.01583;0.01516;0.00187;0.00161;0.00733;0.05227;0.00447;0.23111;0.01051;0.02646;0.00792;0.02986;0.00175
2020-04-21 00:00;10.15983;10.14711;0.00694;10.14051;0.04492;0.04448;0.00029;10.09650;0.00381;10.09159;0.00904;10.08484;0.00607;10.08216;0.00282;10.07220;10.07065;0.01310;10.06292;10.03975;0.00547;10.03989;0.00704;0.00380;0.00316;10.03547;0.00706;10.03202;10.02487;0.02421;10.00623;0.00839;10.00268;0.00646;9.99986;0.01284;9.99071;9.96455;9.95913;9.72173;9.72620;9.54135;9.53722;0.35013;9.19428;9.13317;0.13761;9.00233;8.99170;8.94412;8.91102;8.86799;8.78911;0.00428;8.78664;0.00761;8.77930;8.77500;8.75777;0.00885;8.74962;8.74284;0.01530;8.72782;8.48315;0.03648;8.44131;8.40827;0.07515;8.33709;0.03179;8.30566;0.36479;0.24926;0.19150;0.09909;0.03367;0.05247;0.10768;7.87282;7.71857;0.06848;7.64198;7.38888;6.92023;6.81534;6.45057;0.17041;6.25107;6.00826;5.91933;5.48124;0.09399;5.38134;0.17061;5.13233;3.41158;3.13742;2.67189;2.45526;1.97517;1.75511;0.09902;1.58793;0.03523;1.53631;0.06125;1.41626;0.00061;1.41254;0.08085;0.03236;0.03953;0.01496;0.00430;1.21156;0.07800;1.13073;1.04672;0.96342;0.42965;0.14372;0.09613;0.07512;0.01183;0.34871;0.04297;0.07393;0.00510;0.06483;0.17517;0.31865;0.03309;0.25750;0.06000;0.01004;0.07125;0.23811;0.07190;0.11653;0.02301;0.07404;0.05397;0.04431;0.03014;0.00756;0.00804;0.01637;0.26500;1.49506;1.41431;1.25630;1.14048;0.89349;0.09409;0.05528;0.02731;0.77374;0.69315;0.06326;0.06730;0.01381;0.09577;0.41569;0.23078;0.21633;0.10327;0.34557;0.16013;0.07152;0.03961;0.02355;0.02500;0.24661;0.23706;0.15873;0.07664;0.00851;0.00777;0.01284;0.00681;0.07925;0.04162;0.04133;0.05309;0.01457;0.01871;0.00779;0.18966;0.00480;0.23913;0.01055;0.02648;0.00900;0.03129;0.00189
2020-04-22 00:00;10.20129;10.16331;0.00506;10.15810;0.02980;0.02946;0.00023;10.12436;0.00334;10.09492;0.00885;10.08377;0.00591;10.07579;0.00270;10.05705;10.05542;0.01267;10.03749;10.00178;0.00549;9.99226;0.00659;0.00357;0.00298;9.98379;0.00603;9.97507;9.96797;0.02277;9.93547;0.00786;9.92146;0.00640;9.91258;0.01287;9.89750;9.87196;9.84741;9.61674;9.60649;9.35246;9.34315;0.54414;8.78349;8.73423;0.12355;8.60186;8.58601;8.54995;8.52018;8.48245;8.41073;0.00137;8.40461;0.00254;8.39797;8.39334;8.37890;0.00250;8.37589;8.36894;0.00563;8.36121;8.15476;0.02002;8.12544;8.09791;0.05551;8.03453;0.02132;8.01213;0.30663;0.19784;0.16085;0.09874;0.03266;0.03506;0.10300;7.62428;7.43861;0.06605;7.36013;7.08912;6.60997;6.50686;6.12819;0.17214;5.92566;5.68513;5.60295;5.29409;0.06267;5.22678;0.16808;4.98605;3.32396;3.08316;2.61498;2.38595;1.90108;1.67989;0.09547;1.51636;0.03309;1.46697;0.05885;1.34702;0.00062;1.34326;0.07881;0.03740;0.03349;0.01191;0.00295;1.14503;0.07279;1.06938;0.98689;0.91221;0.39669;0.13837;0.08777;0.05532;0.00670;0.34066;0.03914;0.07297;0.00516;0.06371;0.17523;0.31927;0.03221;0.25746;0.05541;0.01005;0.07109;0.24077;0.07166;0.11939;0.02235;0.07198;0.05288;0.04374;0.02971;0.00738;0.00745;0.01523;0.23537;1.43114;1.38856;1.24267;1.12861;0.88645;0.09375;0.05413;0.02703;0.76747;0.68801;0.06261;0.06731;0.01361;0.09514;0.29452;0.22413;0.21241;0.10153;0.34196;0.16139;0.06637;0.03819;0.02294;0.01275;0.20024;0.19673;0.12475;0.07121;0.00246;0.00190;0.00389;0.00197;0.07084;0.01700;0.01361;0.02580;0.00551;0.00604;0.00680;0.22560;0.00445;0.22970;0.00964;0.02541;0.00582;0.02955;0.00150
2020-04-23 00:00;8.64242;8.59833;0.00404;8.59399;0.02156;0.02126;0.00020;8.56708;0.00310;8.53080;0.00803;8.51896;0.00556;8.50949;0.00255;8.48886;8.48724;0.01169;8.46683;8.42903;0.00519;8.41654;0.00623;0.00339;0.00280;8.40693;0.00557;8.39655;8.38950;0.02134;8.35260;0.00736;8.33497;0.00615;8.32427;0.01220;8.30789;8.28283;8.25274;8.03794;8.02298;7.91093;7.90051;0.16010;7.71918;7.70131;0.02510;7.66678;7.65624;7.64176;7.62205;7.60072;7.58406;0.00020;7.57925;0.00041;7.57500;7.57187;7.56339;0.00068;7.56214;7.55671;0.00114;7.55354;7.45633;0.00216;7.44692;7.43230;0.01698;7.40725;0.00543;7.40082;0.26919;0.16883;0.14141;0.09584;0.03085;0.02613;0.09542;7.08254;6.90718;0.06274;6.83270;6.57933;6.12361;6.02590;5.66481;0.16655;5.46947;5.23848;5.17079;4.98745;0.03665;4.94704;0.15824;4.72618;3.12047;2.90168;2.46159;2.24605;1.76905;1.55426;0.08841;1.39870;0.03012;1.35341;0.05569;1.23787;0.00061;1.23415;0.07015;0.03149;0.02869;0.00948;0.00191;1.04792;0.06620;0.97889;0.89938;0.83438;0.36353;0.13979;0.07373;0.04203;0.00363;0.31844;0.03621;0.07146;0.00497;0.06150;0.17194;0.31479;0.03041;0.25732;0.05257;0.01005;0.06953;0.22969;0.06991;0.11426;0.02150;0.06676;0.04901;0.04084;0.02771;0.00694;0.00668;0.01424;0.21498;1.38628;1.35579;1.22658;1.11436;0.86719;0.09310;0.05188;0.02673;0.74937;0.67109;0.06115;0.06684;0.01338;0.09455;0.17293;0.21527;0.20152;0.09614;0.32429;0.15704;0.05933;0.03523;0.02150;0.00255;0.09074;0.08924;0.02724;0.06131;0.00038;0.00052;0.00046;0.00029;0.01577;0.00279;0.00359;0.00435;0.00074;0.00078;0.00624;0.07360;0.00418;0.21291;0.00885;0.02478;0.00468;0.02692;0.00134
2020-04-24 00:00;7.74742;7.72304;0.00335;7.71956;0.01636;0.01611;0.00017;7.70012;0.00278;7.67829;0.00697;7.66942;0.00511;7.66260;0.00237;7.64667;7.64539;0.01074;7.63019;7.60020;0.00471;7.59222;0.00570;0.00310;0.00258;7.58499;0.00498;7.57783;7.57326;0.01976;7.54745;0.00673;7.53661;0.00570;7.52887;0.01119;7.51579;7.49170;7.47173;7.27426;7.26543;7.20390;7.19632;0.08346;7.10022;7.09040;0.00696;7.07857;7.07283;7.06555;7.05544;7.04536;7.03938;0.00016;7.03645;0.00035;7.03390;7.03199;7.02692;0.00055;7.02602;7.02272;0.00080;7.02070;6.95162;0.00162;6.94509;6.93447;0.01066;6.91811;0.00296;6.91445;0.25235;0.15905;0.13430;0.09284;0.02884;0.02357;0.08854;6.62308;6.46365;0.05919;6.39409;6.16097;5.73622;5.64431;5.30565;0.15609;5.12243;4.90301;4.84706;4.71178;0.02835;4.68032;0.14433;4.48131;2.92639;2.73232;2.33684;2.13722;1.67049;1.46610;0.08336;1.31691;0.02807;1.27533;0.05413;1.16413;0.00059;1.16049;0.06707;0.03112;0.02615;0.00830;0.00139;0.98145;0.05862;0.92011;0.84361;0.78556;0.34366;0.13506;0.06427;0.03974;0.00280;0.30365;0.03299;0.06979;0.00465;0.05949;0.16629;0.31107;0.02770;0.25712;0.05093;0.01002;0.06735;0.20908;0.06712;0.10107;0.02059;0.06016;0.04425;0.03694;0.02518;0.00635;0.00596;0.01284;0.19146;1.34722;1.32798;1.20429;1.09429;0.84695;0.09255;0.05008;0.02640;0.73025;0.65327;0.05932;0.06607;0.01312;0.09395;0.12703;0.20482;0.19045;0.09037;0.30464;0.14882;0.05497;0.03208;0.01999;0.00218;0.06496;0.06429;0.01142;0.05261;0.00029;0.00031;0.00026;0.00021;0.00549;0.00103;0.00131;0.00170;0.00040;0.00032;0.00556;0.03751;0.00387;0.19666;0.00799;0.02397;0.00357;0.02487;0.00116
2020-04-25 00:00;7.19697;7.17677;0.00289;7.17377;0.01364;0.01342;0.00015;7.15760;0.00249;7.13940;0.00581;7.13205;0.00451;7.12617;0.00212;7.11239;7.11127;0.00966;7.09795;7.07144;0.00423;7.06460;0.00512;0.00277;0.00232;7.05825;0.00446;7.05204;7.04817;0.01804;7.02548;0.00602;7.01624;0.00510;7.00950;0.01012;6.99786;6.97454;6.95764;6.77474;6.76726;6.71637;6.70975;0.04677;6.65234;6.64361;0.00493;6.63457;6.62963;6.62396;6.61563;6.60725;6.60266;0.00015;6.60003;0.00032;6.59775;6.59604;6.59151;0.00050;6.59070;6.58776;0.00069;6.58597;6.52722;0.00152;6.52125;6.51162;0.00973;6.49669;0.00265;6.49340;0.23744;0.15036;0.12719;0.08872;0.02674;0.02203;0.08243;6.21927;6.07823;0.05560;6.01370;5.80146;5.41183;5.32672;5.01292;0.14336;4.84519;4.63716;4.58910;4.47393;0.02493;4.44616;0.13066;4.26820;2.75708;2.58004;2.22499;2.04200;1.58506;1.39092;0.07779;1.24869;0.02625;1.21058;0.05286;1.10355;0.00056;1.10000;0.06481;0.03077;0.02443;0.00748;0.00113;0.92775;0.05393;0.87117;0.79718;0.74126;0.32704;0.12812;0.06006;0.03778;0.00245;0.28652;0.02988;0.06814;0.00429;0.05749;0.16040;0.30797;0.02539;0.25691;0.04951;0.00997;0.06481;0.19321;0.06393;0.09309;0.01965;0.05364;0.03940;0.03288;0.02245;0.00579;0.00537;0.01163;0.17492;1.31467;1.29884;1.17552;1.06789;0.82665;0.09197;0.04830;0.02602;0.71113;0.63558;0.05742;0.06434;0.01280;0.09341;0.10804;0.19486;0.17887;0.08362;0.28130;0.13837;0.05130;0.02883;0.01810;0.00196;0.05503;0.05451;0.00911;0.04521;0.00026;0.00026;0.00024;0.00019;0.00416;0.00071;0.00070;0.00081;0.00030;0.00024;0.00495;0.03058;0.00350;0.18224;0.00696;0.02323;0.00307;0.02238;0.00103
2020-04-26 00:00;6.73140;6.71305;0.00247;6.71048;0.01212;0.01193;0.00012;6.69613;0.00221;6.67984;0.00506;6.67340;0.00387;6.66827;0.00187;6.65630;6.65531;0.00850;6.64351;6.62007;0.00373;6.61395;0.00455;0.00246;0.00207;6.60828;0.00401;6.60267;6.59917;0.01639;6.57849;0.00529;6.57024;0.00449;6.56425;0.00899;6.55388;6.53134;6.51668;6.34685;6.34014;6.29489;6.28896;0.04067;6.23889;6.23048;0.00428;6.22214;6.21730;6.21180;6.20366;6.19536;6.19117;0.00013;6.18859;0.00028;6.18634;6.18466;6.18020;0.00043;6.17946;6.17659;0.00060;6.17489;6.12340;0.00136;6.11766;6.10843;0.00909;6.09419;0.00240;6.09114;0.22218;0.14106;0.11910;0.08334;0.02503;0.02086;0.07659;5.83347;5.71209;0.05162;5.65242;5.46110;5.10964;5.03285;4.74504;0.13143;4.59277;4.39623;4.35332;4.25178;0.02127;4.22776;0.11836;4.06771;2.60411;2.44025;2.12121;1.95671;1.50750;1.32362;0.07304;1.18760;0.02423;1.15300;0.05151;1.05011;0.00052;1.04666;0.06286;0.03044;0.02303;0.00685;0.00097;0.88059;0.05094;0.82708;0.75649;0.70450;0.31735;0.12709;0.05657;0.03553;0.00221;0.26726;0.02687;0.06540;0.00388;0.05543;0.15406;0.30691;0.02523;0.25672;0.04794;0.00990;0.06197;0.18054;0.06041;0.08859;0.01876;0.05053;0.03787;0.03210;0.02240;0.00522;0.00485;0.01051;0.16188;1.27809;1.26372;1.14013;1.03502;0.80583;0.09130;0.04619;0.02560;0.69163;0.61761;0.05549;0.06238;0.01245;0.08823;0.09541;0.18507;0.16738;0.07534;0.25488;0.12706;0.04814;0.02569;0.01621;0.00174;0.04783;0.04737;0.00796;0.03925;0.00023;0.00023;0.00022;0.00017;0.00376;0.00062;0.00057;0.00071;0.00027;0.00021;0.00443;0.02731;0.00312;0.16922;0.00579;0.02246;0.00276;0.01971;0.00091
2020-04-27 00:00;6.31684;6.30045;0.00208;6.29828;0.01109;0.01093;0.00011;6.28521;0.00201;6.27072;0.00470;6.26480;0.00350;6.26019;0.00170;6.24965;6.24875;0.00761;6.23824;6.21732;0.00337;6.21184;0.00412;0.00222;0.00189;6.20674;0.00366;6.20167;6.19851;0.01505;6.17968;0.00473;6.17235;0.00404;6.16699;0.00813;6.15762;6.13582;6.12321;5.96558;5.95955;5.91866;5.91330;0.03760;5.86747;5.85975;0.00392;5.85226;5.84799;5.84313;5.83595;5.82865;5.82474;0.00012;5.82246;0.00026;5.82048;5.81899;5.81507;0.00040;5.81440;5.81186;0.00055;5.81035;5.76471;0.00125;5.75960;5.75141;0.00863;5.73826;0.00224;5.73545;0.21029;0.13432;0.11335;0.08059;0.02276;0.01993;0.07154;5.49237;5.38128;0.04799;5.32651;5.15555;4.83672;4.76673;4.50105;0.11970;4.36263;4.17664;4.13787;4.04719;0.01867;4.02589;0.10855;3.88009;2.46811;2.31449;2.02581;1.87724;1.43533;1.26079;0.06897;1.13033;0.02245;1.09878;0.05023;0.99995;0.00048;0.99660;0.06105;0.03009;0.02179;0.00629;0.00085;0.83611;0.04810;0.78551;0.71794;0.67002;0.30834;0.12591;0.05350;0.03348;0.00203;0.24776;0.02433;0.06288;0.00342;0.05355;0.14791;0.30590;0.02506;0.25656;0.04652;0.00980;0.05921;0.16952;0.05685;0.08488;0.01798;0.04803;0.03664;0.03146;0.02230;0.00475;0.00443;0.00965;0.15163;1.23614;1.22309;1.10370;1.00129;0.78447;0.09054;0.04380;0.02515;0.67171;0.59934;0.05371;0.06057;0.01206;0.08566;0.08527;0.17559;0.15713;0.06857;0.23299;0.11600;0.04551;0.02301;0.01481;0.00157;0.04237;0.04196;0.00715;0.03466;0.00021;0.00021;0.00020;0.00015;0.00353;0.00058;0.00052;0.00065;0.00024;0.00019;0.00404;0.02509;0.00288;0.15711;0.00476;0.02173;0.00251;0.01764;0.00082
2020-04-28 00:00;5.98154;5.96747;0.00186;5.96555;0.01007;0.00993;0.00010;5.95380;0.00184;5.94128;0.00433;5.93594;0.00320;5.93184;0.00154;5.92258;5.92178;0.00685;5.91249;5.89386;0.00307;5.88909;0.00375;0.00202;0.00172;5.88453;0.00335;5.88003;5.87724;0.01392;5.86030;0.00427;5.85395;0.00365;5.84922;0.00739;5.84083;5.81974;5.80897;5.66244;5.65723;5.62027;5.61550;0.03529;5.57327;5.56634;0.00370;5.55982;5.55640;5.55244;5.54669;5.54083;5.53717;0.00011;5.53534;0.00024;5.53373;5.53253;5.52935;0.00037;5.52877;5.52672;0.00051;5.52544;5.48432;0.00116;5.48001;5.47313;0.00825;5.46126;0.00209;5.45871;0.20068;0.12829;0.10799;0.07677;0.02183;0.01930;0.06808;5.22831;5.12821;0.04573;5.07525;4.91993;4.62164;4.55589;4.30299;0.11276;4.17272;3.99407;3.95780;3.87462;0.01739;3.85470;0.10154;3.71912;2.35385;2.20785;1.93879;1.80060;1.36449;1.19751;0.06557;1.07196;0.02078;1.04309;0.04899;0.94786;0.00044;0.94461;0.05931;0.02973;0.02065;0.00577;0.00075;0.78929;0.04543;0.74143;0.67659;0.63209;0.29401;0.11924;0.05074;0.03163;0.00187;0.22876;0.02221;0.06054;0.00295;0.05186;0.14231;0.30518;0.02487;0.25643;0.04517;0.00969;0.05663;0.16160;0.05360;0.08200;0.01728;0.04625;0.03576;0.03094;0.02216;0.00443;0.00416;0.00897;0.14404;1.19737;1.18534;1.06613;0.96649;0.75978;0.08672;0.04150;0.02467;0.65155;0.58092;0.05197;0.05894;0.01164;0.08539;0.07821;0.16869;0.14839;0.06438;0.22011;0.10857;0.04460;0.02110;0.01405;0.00150;0.03843;0.03806;0.00657;0.03136;0.00020;0.00020;0.00019;0.00014;0.00336;0.00055;0.00050;0.00063;0.00023;0.00019;0.00370;0.02343;0.00265;0.14612;0.00413;0.02103;0.00227;0.01594;0.00075
2020-04-29 00:00;5.67708;5.66327;0.00162;5.66159;0.00905;0.00892;0.00008;5.65094;0.00160;5.63916;0.00372;5.63445;0.00274;5.63079;0.00134;5.62259;5.62187;0.00590;5.61360;5.59692;0.00268;5.59250;0.00328;0.00176;0.00151;5.58842;0.00297;5.58428;5.58177;0.01257;5.56608;0.00372;5.56022;0.00316;5.55597;0.00648;5.54848;5.52815;5.51839;5.38404;5.37914;5.34527;5.34092;0.03311;5.30132;5.29446;0.00356;5.28798;5.28445;5.28040;5.27446;5.26842;5.26485;0.00011;5.26296;0.00023;5.26132;5.26008;5.25682;0.00036;5.25623;5.25412;0.00050;5.25283;5.21500;0.00113;5.21066;5.20371;0.00799;5.19195;0.00201;5.18947;0.19045;0.12240;0.10298;0.07419;0.01960;0.01846;0.06384;4.96993;4.87117;0.04391;4.82170;4.67882;4.39943;4.33560;4.10037;0.10333;3.97990;3.80921;3.77674;3.70065;0.01548;3.68270;0.09327;3.55838;2.24161;2.10432;1.85568;1.72303;1.29264;1.13422;0.06202;1.01386;0.01877;0.98813;0.04766;0.89675;0.00039;0.89362;0.05739;0.02934;0.01936;0.00518;0.00062;0.74385;0.04249;0.69900;0.63704;0.59639;0.28486;0.11824;0.04764;0.02944;0.00169;0.20775;0.01976;0.05803;0.00244;0.05003;0.13615;0.30422;0.02464;0.25629;0.04369;0.00956;0.05426;0.15320;0.04986;0.07885;0.01654;0.04426;0.03474;0.03032;0.02199;0.00406;0.00383;0.00818;0.13534;1.15645;1.14539;1.02587;0.92919;0.73663;0.08478;0.03942;0.02416;0.63109;0.56228;0.05016;0.05723;0.01120;0.08391;0.07136;0.16145;0.13970;0.06251;0.20734;0.10184;0.04164;0.01924;0.01333;0.00139;0.03506;0.03470;0.00629;0.02830;0.00019;0.00019;0.00019;0.00014;0.00326;0.00052;0.00048;0.00059;0.00023;0.00019;0.00327;0.02146;0.00235;0.13393;0.00350;0.02027;0.00196;0.01398;0.00066
2020-04-30 00:00;5.51930;5.49529;0.00301;5.49223;0.01963;0.01945;0.00012;5.47101;0.00169;5.45629;0.00381;5.45156;0.00242;5.44831;0.00122;5.44068;5.43977;0.00525;5.43245;5.41655;0.00242;5.41236;0.00309;0.00164;0.00140;5.40849;0.00336;5.40393;5.39926;0.01251;5.37984;0.00363;5.37214;0.00281;5.36825;0.00590;5.36151;5.34127;5.33095;5.20074;5.19661;5.15731;5.15286;0.03948;5.10765;5.10000;0.00955;5.08765;5.08291;5.07403;5.06215;5.04739;5.04112;0.00024;5.03900;0.00036;5.03681;5.03544;5.03139;0.00065;5.03054;5.02770;0.00130;5.02549;4.98529;0.00172;4.97958;4.97092;0.01065;4.95612;0.00309;4.95245;0.18724;0.12152;0.10102;0.07073;0.01929;0.01957;0.06147;4.73429;4.64169;0.04284;4.59246;4.46062;4.19634;4.13682;3.91437;0.09720;3.80122;3.63604;3.60143;3.53005;0.01470;3.51296;0.08455;3.39887;2.12416;1.99071;1.75833;1.63322;1.20841;1.05860;0.05790;0.94407;0.01635;0.92236;0.04624;0.83543;0.00035;0.83240;0.05528;0.02890;0.01794;0.00447;0.00053;0.68902;0.03907;0.64766;0.58880;0.55247;0.27209;0.11343;0.04442;0.02707;0.00155;0.18161;0.01677;0.05520;0.00189;0.04792;0.12865;0.30336;0.02436;0.25612;0.04218;0.00941;0.05105;0.14446;0.04527;0.07591;0.01583;0.04238;0.03382;0.02971;0.02179;0.00372;0.00359;0.00738;0.13151;1.12124;1.10407;0.98163;0.88796;0.71147;0.08080;0.03720;0.02363;0.61070;0.54382;0.04836;0.05542;0.01073;0.08150;0.06693;0.15620;0.13169;0.05825;0.19764;0.09630;0.04134;0.01789;0.01263;0.00174;0.03698;0.03613;0.00933;0.02653;0.00036;0.00066;0.00036;0.00028;0.00587;0.00252;0.00512;0.00529;0.00120;0.00092;0.00358;0.02777;0.00217;0.12982;0.00348;0.02019;0.00404;0.01354;0.00087
2020-05-01 00:00;6.16286;6.14108;0.00543;6.13586;0.05440;0.05415;0.00018;6.08155;0.00259;6.06419;0.00614;6.05873;0.00289;6.05707;0.00140;6.05121;6.04963;0.00605;6.04563;6.03107;0.00296;6.02951;0.00382;0.00198;0.00170;6.02646;0.00557;6.02169;6.01006;0.01632;5.98228;0.00493;5.97213;0.00307;5.97004;0.00668;5.96496;5.94306;5.93417;5.76844;5.77038;5.70649;5.70248;0.06396;5.64142;5.63723;0.02852;5.61414;5.61487;5.59757;5.57515;5.54135;5.52770;0.00045;5.52972;0.00038;5.52983;5.53121;5.53307;0.00111;5.53248;5.53230;0.00341;5.52964;5.46235;0.00165;5.46215;5.46060;0.01796;5.44673;0.00571;5.44131;0.20748;0.13613;0.11001;0.07040;0.01974;0.02519;0.06673;5.22056;5.12890;0.05156;5.07225;4.94203;4.66448;4.59729;4.36346;0.09970;4.24683;4.06005;3.97236;3.88132;0.01905;3.86120;0.09301;3.71663;2.33511;2.10124;1.82922;1.69440;1.26981;1.11847;0.06546;0.99736;0.01769;0.97355;0.04712;0.88741;0.00036;0.88431;0.05712;0.02878;0.02013;0.00506;0.00161;0.73831;0.03981;0.69632;0.63499;0.59412;0.30963;0.11221;0.06506;0.04028;0.00506;0.16971;0.02007;0.05623;0.00173;0.04848;0.12495;0.30430;0.02436;0.25633;0.04505;0.00923;0.04917;0.15414;0.04208;0.08572;0.01777;0.04852;0.03655;0.03008;0.02162;0.00429;0.00587;0.01062;0.23194;1.22739;1.11171;0.94884;0.85488;0.71570;0.08029;0.03936;0.02309;0.61624;0.55126;0.04844;0.05529;0.01033;0.07951;0.08369;0.17994;0.15050;0.06598;0.21501;0.10237;0.04810;0.02233;0.01396;0.00310;0.06854;0.06635;0.02126;0.04437;0.00071;0.00208;0.00047;0.00053;0.01371;0.00872;0.02602;0.02269;0.00400;0.00316;0.00576;0.06320;0.00253;0.16641;0.00627;0.02204;0.01185;0.01762;0.00177
2020-05-02 00:00;6.14629;6.12062;0.00280;6.11768;0.02478;0.02464;0.00008;6.09037;0.00186;6.06797;0.00650;6.05981;0.00311;6.05509;0.00141;6.04461;6.04360;0.00621;6.03355;6.01339;0.00294;6.00739;0.00347;0.00184;0.00162;6.00251;0.00340;5.99710;5.99163;0.01430;5.96926;0.00413;5.96027;0.00326;5.95523;0.00676;5.94685;5.92665;5.91069;5.75192;5.74543;5.67208;5.66624;0.06772;5.58917;5.57772;0.02273;5.54982;5.54280;5.52577;5.50762;5.49067;5.47795;0.00017;5.47523;0.00029;5.47276;5.47103;5.46585;0.00058;5.46497;5.46162;0.00134;5.45916;5.39351;0.00134;5.38737;5.37688;0.01337;5.35851;0.00371;5.35419;0.18963;0.12135;0.10035;0.06823;0.01919;0.02009;0.06406;5.12989;5.02207;0.04633;4.96889;4.81704;4.52662;4.46118;4.20945;0.10251;4.08953;3.91108;3.84803;3.75718;0.01918;3.73549;0.09683;3.59099;2.30877;2.12941;1.85221;1.70982;1.28441;1.12960;0.06603;1.00891;0.01885;0.98228;0.04620;0.89404;0.00039;0.89100;0.05639;0.02856;0.01983;0.00541;0.00129;0.74468;0.04137;0.70110;0.63921;0.59552;0.29178;0.11219;0.05767;0.03568;0.00351;0.18774;0.02145;0.05669;0.00191;0.04914;0.12800;0.30397;0.02427;0.25640;0.04340;0.00909;0.05022;0.15552;0.04458;0.08280;0.01726;0.04722;0.03584;0.03010;0.02146;0.00442;0.00489;0.00944;0.17743;1.11832;1.08258;0.93854;0.84727;0.71895;0.08029;0.03987;0.02264;0.62024;0.55704;0.04831;0.05567;0.01000;0.07914;0.08484;0.16801;0.15053;0.06428;0.21312;0.10331;0.04471;0.02183;0.01351;0.00228;0.06203;0.06134;0.01861;0.04246;0.00034;0.00057;0.00028;0.00025;0.01225;0.00359;0.00833;0.01100;0.00116;0.00105;0.00418;0.05558;0.00249;0.15807;0.00567;0.02010;0.00446;0.01559;0.00090
2020-05-03 00:00;5.54922;5.52838;0.00170;5.52655;0.01048;0.01036;0.00006;5.51380;0.00150;5.49688;0.00349;5.49174;0.00213;5.48791;0.00120;5.47901;5.47822;0.00523;5.46919;5.45201;0.00234;5.44648;0.00295;0.00158;0.00136;5.44206;0.00283;5.43712;5.43347;0.01156;5.41499;0.00339;5.40705;0.00279;5.40231;0.00583;5.39470;5.37529;5.36195;5.23775;5.23138;5.18591;5.18107;0.04157;5.13077;5.12180;0.00771;5.10900;5.10293;5.09497;5.08347;5.07156;5.06577;0.00014;5.06285;0.00026;5.06026;5.05837;5.05329;0.00043;5.05251;5.04918;0.00071;5.04723;5.00341;0.00122;4.99740;4.98768;0.00882;4.97335;0.00230;4.97034;0.17355;0.11052;0.09201;0.06374;0.01833;0.01768;0.05901;4.76503;4.66947;0.04216;4.62100;4.48573;4.21963;4.15976;3.93279;0.09566;3.82159;3.65661;3.61620;3.53777;0.01637;3.51898;0.08754;3.39827;2.17996;2.02834;1.77610;1.64585;1.22647;1.07847;0.06118;0.96420;0.01739;0.93965;0.04466;0.85429;0.00038;0.85131;0.05471;0.02824;0.01870;0.00504;0.00104;0.70965;0.04009;0.66740;0.60754;0.56575;0.27176;0.11215;0.04948;0.02978;0.00232;0.18474;0.02012;0.05509;0.00199;0.04770;0.12440;0.30286;0.02403;0.25625;0.04254;0.00897;0.04805;0.14627;0.04238;0.07786;0.01612;0.04401;0.03414;0.02930;0.02129;0.00387;0.00419;0.00834;0.14970;1.06203;1.03989;0.92778;0.83928;0.69625;0.07987;0.03710;0.02218;0.59874;0.53736;0.04625;0.05387;0.00962;0.07881;0.07351;0.15546;0.13428;0.05876;0.19609;0.09536;0.04019;0.01866;0.01247;0.00160;0.03974;0.03903;0.01023;0.02849;0.00024;0.00033;0.00022;0.00017;0.00527;0.00131;0.00217;0.00212;0.00044;0.00039;0.00313;0.02942;0.00213;0.12341;0.00402;0.01929;0.00260;0.01249;0.00067
2020-05-04 00:00;5.11904;5.10367;0.00126;5.10233;0.00894;0.00885;0.00005;5.09184;0.00127;5.07962;0.00358;5.07496;0.00234;5.07155;0.00101;5.06464;5.06401;0.00443;5.05704;5.04352;0.00213;5.03936;0.00250;0.00134;0.00115;5.03593;0.00234;5.03223;5.02951;0.01014;5.01524;0.00287;5.00962;0.00240;5.00598;0.00498;4.99984;4.98138;4.97274;4.86679;4.86217;4.82874;4.82495;0.03347;4.78522;4.77826;0.00505;4.76978;4.76560;4.76003;4.75244;4.74460;4.74040;0.00012;4.73825;0.00024;4.73635;4.73495;4.73120;0.00039;4.73056;4.72812;0.00059;4.72662;4.69253;0.00115;4.68774;4.68003;0.00777;4.66807;0.00193;4.66560;0.16244;0.10358;0.08620;0.05950;0.01782;0.01662;0.05498;4.47604;4.39092;0.03979;4.34570;4.22548;3.97926;3.92340;3.71511;0.08791;3.61225;3.45723;3.42308;3.35315;0.01473;3.33613;0.07884;3.22742;2.05254;1.91656;1.68693;1.56616;1.15327;1.01477;0.05683;0.90661;0.01541;0.88523;0.04328;0.80381;0.00035;0.80091;0.05271;0.02786;0.01731;0.00441;0.00087;0.66542;0.03695;0.62638;0.56928;0.53142;0.26155;0.11210;0.04544;0.02727;0.00207;0.16693;0.01751;0.05279;0.00190;0.04572;0.11731;0.30174;0.02376;0.25596;0.04078;0.00883;0.04510;0.13670;0.03836;0.07419;0.01527;0.04172;0.03304;0.02868;0.02108;0.00353;0.00378;0.00734;0.13407;1.02730;1.01241;0.90466;0.81919;0.67355;0.07928;0.03438;0.02167;0.57745;0.51804;0.04421;0.05200;0.00918;0.07858;0.06555;0.14625;0.12322;0.05481;0.18302;0.08846;0.03800;0.01682;0.01170;0.00148;0.03105;0.03058;0.00783;0.02257;0.00021;0.00025;0.00020;0.00015;0.00384;0.00085;0.00114;0.00154;0.00032;0.00027;0.00263;0.02183;0.00185;0.10545;0.00218;0.01839;0.00207;0.01049;0.00055
2020-05-05 00:00;4.82920;4.81713;0.00120;4.81588;0.00684;0.00675;0.00005;4.80782;0.00114;4.79823;0.00250;4.79492;0.00173;4.79244;0.00093;4.78661;4.78607;0.00399;4.78019;4.76886;0.00180;4.76561;0.00227;0.00121;0.00105;4.76267;0.00209;4.75960;4.75751;0.00914;4.74573;0.00252;4.74140;0.00214;4.73837;0.00449;4.73305;4.71541;4.70762;4.61576;4.61204;4.58412;4.58089;0.02866;4.54738;4.54167;0.00396;4.53535;4.53245;4.52885;4.52380;4.51878;4.51526;0.00011;4.51372;0.00024;4.51235;4.51134;4.50865;0.00037;4.50811;4.50636;0.00051;4.50521;4.47574;0.00113;4.47197;4.46596;0.00718;4.45575;0.00172;4.45365;0.15474;0.09840;0.08182;0.05612;0.01746;0.01588;0.05259;4.27597;4.19752;0.03842;4.15426;4.04277;3.80693;3.75295;3.55630;0.08340;3.45806;3.30928;3.27926;3.21295;0.01414;3.19665;0.07493;3.09404;1.95683;1.82841;1.61039;1.49461;1.09105;0.95966;0.05373;0.85635;0.01391;0.83707;0.04200;0.75908;0.00033;0.75628;0.05088;0.02748;0.01612;0.00385;0.00075;0.62585;0.03397;0.58986;0.53485;0.49978;0.25234;0.11205;0.04198;0.02492;0.00187;0.14895;0.01580;0.05092;0.00175;0.04417;0.11141;0.29653;0.02350;0.25138;0.03935;0.00867;0.04242;0.13026;0.03481;0.07198;0.01462;0.04052;0.03240;0.02820;0.02084;0.00335;0.00363;0.00682;0.12652;0.99503;0.98289;0.87572;0.79338;0.64721;0.07543;0.03199;0.02114;0.55584;0.49850;0.04258;0.05060;0.00872;0.07846;0.06219;0.14049;0.11569;0.05299;0.17601;0.08484;0.03666;0.01612;0.01129;0.00141;0.02723;0.02686;0.00683;0.01989;0.00020;0.00020;0.00019;0.00014;0.00328;0.00061;0.00066;0.00080;0.00025;0.00021;0.00238;0.01877;0.00170;0.09151;0.00288;0.01760;0.00165;0.00913;0.00049
2020-05-06 00:00;4.59382;4.58195;0.00095;4.58094;0.00626;0.00618;0.00005;4.57346;0.00102;4.56426;0.00273;4.56072;0.00182;4.55811;0.00083;4.55273;4.55224;0.00347;4.54686;4.53675;0.00168;4.53356;0.00203;0.00108;0.00094;4.53084;0.00189;4.52793;4.52609;0.00828;4.51506;0.00226;4.51092;0.00191;4.50808;0.00402;4.50320;4.48635;4.47971;4.40090;4.39726;4.37150;4.36847;0.02615;4.33752;4.33185;0.00352;4.32578;4.32267;4.31904;4.31376;4.30845;4.30518;0.00011;4.30352;0.00023;4.30205;4.30096;4.29806;0.00036;4.29751;4.29564;0.00049;4.29445;4.26692;0.00111;4.26294;4.25660;0.00685;4.24644;0.00159;4.24443;0.14674;0.09318;0.07720;0.05217;0.01710;0.01533;0.04991;4.07509;3.99965;0.03698;3.95800;3.85337;3.62807;3.57656;3.39069;0.07896;3.29696;3.15459;3.12651;3.06380;0.01319;3.04847;0.07107;2.95130;1.85039;1.72956;1.52487;1.41487;1.02259;0.89982;0.05017;0.80195;0.01228;0.78489;0.04066;0.71060;0.00030;0.70790;0.04890;0.02706;0.01482;0.00322;0.00063;0.58304;0.03128;0.54981;0.49726;0.46556;0.24310;0.11200;0.03846;0.02235;0.00172;0.12888;0.01344;0.04876;0.00158;0.04236;0.10428;0.28961;0.02319;0.24519;0.03781;0.00850;0.03930;0.12310;0.03145;0.06920;0.01391;0.03885;0.03152;0.02763;0.02061;0.00307;0.00338;0.00614;0.11895;0.96298;0.95189;0.84447;0.76550;0.62407;0.07523;0.02949;0.02058;0.53382;0.47865;0.04060;0.04903;0.00824;0.07831;0.05881;0.13436;0.10818;0.05058;0.16813;0.08087;0.03523;0.01536;0.01082;0.00138;0.02516;0.02481;0.00642;0.01828;0.00019;0.00019;0.00019;0.00014;0.00300;0.00052;0.00051;0.00061;0.00023;0.00019;0.00214;0.01698;0.00153;0.07845;0.00183;0.01680;0.00137;0.00784;0.00044
2020-05-07 00:00;4.34814;4.33632;0.00094;4.33531;0.00534;0.00526;0.00004;4.32876;0.00089;4.31986;0.00191;4.31713;0.00132;4.31500;0.00072;4.31011;4.30967;0.00311;4.30466;4.29616;0.00139;4.29324;0.00177;0.00094;0.00082;4.29077;0.00165;4.28809;4.28629;0.00738;4.27609;0.00195;4.27220;0.00164;4.26961;0.00352;4.26521;4.24922;4.24242;4.18123;4.17777;4.15427;4.15150;0.02456;4.12230;4.11683;0.00325;4.11098;4.10783;4.10421;4.09890;4.09350;4.09040;0.00010;4.08874;0.00021;4.08727;4.08618;4.08328;0.00032;4.08277;4.08091;0.00044;4.07977;4.05317;0.00102;4.04930;4.04319;0.00639;4.03349;0.00133;4.03174;0.14039;0.08982;0.07450;0.05078;0.01657;0.01474;0.04707;3.87010;3.79417;0.03612;3.75331;3.65423;3.43631;3.38595;3.20825;0.07471;3.11880;2.98214;2.95535;2.89786;0.01178;2.88396;0.06628;2.79375;1.73146;1.61838;1.42609;1.32326;0.94346;0.82991;0.04582;0.73833;0.00976;0.72468;0.03912;0.65454;0.00027;0.65195;0.04665;0.02659;0.01332;0.00247;0.00054;0.53412;0.02867;0.50359;0.45381;0.42645;0.23209;0.11194;0.03361;0.01856;0.00150;0.10665;0.01044;0.04634;0.00138;0.04037;0.09664;0.28204;0.02283;0.23852;0.03615;0.00831;0.03561;0.11698;0.02917;0.06615;0.01309;0.03702;0.03057;0.02699;0.02033;0.00277;0.00312;0.00540;0.11123;0.92953;0.91901;0.81027;0.73497;0.59788;0.07277;0.02689;0.01999;0.51109;0.45819;0.03851;0.04723;0.00772;0.07814;0.05382;0.12860;0.10170;0.04950;0.16148;0.07694;0.03348;0.01525;0.01072;0.00122;0.02423;0.02393;0.00599;0.01785;0.00017;0.00017;0.00017;0.00013;0.00282;0.00049;0.00046;0.00055;0.00021;0.00018;0.00187;0.01526;0.00134;0.06082;0.00215;0.01594;0.00132;0.00618;0.00039
2020-05-08 00:00;4.23704;4.20792;0.00302;4.20486;0.02103;0.02087;0.00011;4.18229;0.00114;4.16801;0.00344;4.16364;0.00168;4.16106;0.00069;4.15592;4.15517;0.00292;4.15030;4.14044;0.00152;4.13698;0.00183;0.00095;0.00083;4.13428;0.00238;4.13058;4.12567;0.00807;4.10920;0.00223;4.10209;0.00153;4.09935;0.00340;4.09507;4.07906;4.07049;4.02039;4.01708;3.98579;3.98239;0.02814;3.94939;3.94252;0.00897;3.93040;3.92529;3.91440;3.90056;3.88328;3.87782;0.00019;3.87556;0.00024;3.87320;3.87175;3.86749;0.00051;3.86675;3.86364;0.00123;3.86140;3.82946;0.00104;3.82411;3.81505;0.00857;3.80191;0.00205;3.79919;0.13634;0.08920;0.07293;0.04785;0.01640;0.01576;0.04363;3.63852;3.56635;0.03481;3.52696;3.43715;3.23376;3.18659;3.02301;0.06883;2.93961;2.81052;2.78296;2.72853;0.01100;2.71546;0.06225;2.63001;1.60454;1.49522;1.31360;1.21757;0.85035;0.74689;0.04193;0.66114;0.00688;0.65085;0.03759;0.58589;0.00023;0.58340;0.04412;0.02609;0.01158;0.00145;0.00044;0.47279;0.02426;0.44674;0.39966;0.37699;0.22143;0.11189;0.02923;0.01512;0.00135;0.07227;0.00668;0.04380;0.00113;0.03824;0.08758;0.27406;0.02244;0.23137;0.03427;0.00811;0.03127;0.11039;0.02617;0.06351;0.01232;0.03551;0.02973;0.02633;0.01999;0.00254;0.00299;0.00482;0.10747;0.89763;0.88529;0.77660;0.70512;0.57122;0.07179;0.02486;0.01937;0.48647;0.43598;0.03587;0.04549;0.00717;0.07802;0.05078;0.12156;0.09303;0.04639;0.15139;0.07198;0.03228;0.01422;0.01003;0.00163;0.02849;0.02764;0.00766;0.01969;0.00031;0.00070;0.00024;0.00023;0.00500;0.00255;0.00614;0.00689;0.00121;0.00088;0.00252;0.02224;0.00132;0.04967;0.00213;0.01594;0.00419;0.00736;0.00071
2020-05-09 00:00;3.96244;3.94532;0.00187;3.94339;0.01193;0.01184;0.00004;3.93010;0.00089;3.91914;0.00288;3.91541;0.00126;3.91333;0.00066;3.90851;3.90801;0.00286;3.90323;3.89425;0.00131;3.89136;0.00165;0.00087;0.00077;3.88898;0.00166;3.88628;3.88357;0.00716;3.87256;0.00188;3.86829;0.00149;3.86588;0.00325;3.86179;3.84685;3.83922;3.78435;3.78098;3.75144;3.74854;0.03212;3.71175;3.70556;0.00895;3.69385;3.69015;3.68262;3.67453;3.66653;3.66091;0.00012;3.65927;0.00022;3.65777;3.65671;3.65369;0.00038;3.65313;3.65116;0.00072;3.64976;3.62172;0.00103;3.61782;3.61140;0.00765;3.60063;0.00163;3.59862;0.12984;0.08494;0.07018;0.04690;0.01599;0.01430;0.04157;3.44959;3.38557;0.03289;3.34878;3.26912;3.07835;3.03363;2.88369;0.06400;2.80532;2.68424;2.65920;2.60739;0.01054;2.59497;0.05908;2.51422;1.53014;1.42617;1.25084;1.16255;0.80901;0.71543;0.03867;0.63520;0.00759;0.62437;0.03610;0.55947;0.00020;0.55711;0.04293;0.02556;0.01124;0.00175;0.00043;0.45200;0.02426;0.42607;0.38132;0.35878;0.21421;0.11182;0.02838;0.01505;0.00126;0.06601;0.00802;0.04186;0.00093;0.03666;0.07926;0.26603;0.02201;0.22421;0.03255;0.00789;0.02695;0.10910;0.02762;0.06125;0.01161;0.03434;0.02899;0.02571;0.01960;0.00236;0.00288;0.00442;0.10215;0.86119;0.85170;0.74351;0.67609;0.54584;0.07175;0.02351;0.01872;0.46225;0.41428;0.03479;0.04390;0.00659;0.07792;0.04832;0.11402;0.08444;0.04402;0.14305;0.06771;0.03072;0.01319;0.00956;0.00146;0.02577;0.02534;0.00761;0.01757;0.00022;0.00031;0.00020;0.00016;0.00535;0.00154;0.00281;0.00426;0.00053;0.00046;0.00200;0.02103;0.00124;0.05450;0.00269;0.01489;0.00219;0.00664;0.00044
2020-05-10 00:00;3.71678;3.70373;0.00109;3.70257;0.00625;0.00618;0.00004;3.69505;0.00079;3.68589;0.00155;3.68348;0.00137;3.68125;0.00062;3.67676;3.67634;0.00261;3.67177;3.66404;0.00127;3.66114;0.00153;0.00081;0.00071;3.65884;0.00147;3.65628;3.65433;0.00613;3.64489;0.00170;3.64099;0.00142;3.63856;0.00304;3.63459;3.62044;3.61415;3.56257;3.55908;3.53527;3.53262;0.02434;3.50358;3.49824;0.00451;3.49091;3.48748;3.48307;3.47687;3.47054;3.46689;0.00010;3.46516;0.00021;3.46364;3.46251;3.45950;0.00033;3.45896;3.45701;0.00050;3.45578;3.43172;0.00101;3.42779;3.42151;0.00615;3.41200;0.00120;3.41037;0.12178;0.07976;0.06601;0.04376;0.01555;0.01338;0.03882;3.27104;3.20857;0.03155;3.17302;3.09921;2.91685;2.87389;2.73338;0.05992;2.65918;2.54476;2.52017;2.47049;0.01000;2.45858;0.05583;2.38129;1.43453;1.33419;1.16662;1.08375;0.74259;0.65896;0.03543;0.58403;0.00616;0.57509;0.03461;0.51435;0.00018;0.51209;0.04081;0.02503;0.00996;0.00112;0.00038;0.41277;0.02209;0.38907;0.34620;0.32496;0.20572;0.11176;0.02627;0.01358;0.00118;0.04284;0.00701;0.03991;0.00084;0.03495;0.06980;0.25790;0.02161;0.21690;0.03086;0.00767;0.02234;0.10200;0.02347;0.05883;0.01091;0.03298;0.02822;0.02507;0.01924;0.00216;0.00278;0.00386;0.09854;0.82749;0.81795;0.71067;0.64748;0.52234;0.07172;0.02246;0.01806;0.44002;0.39467;0.03260;0.04206;0.00599;0.07783;0.04615;0.10731;0.07664;0.04236;0.13598;0.06409;0.02922;0.01262;0.00931;0.00126;0.02167;0.02129;0.00625;0.01490;0.00018;0.00021;0.00018;0.00013;0.00336;0.00076;0.00102;0.00112;0.00027;0.00024;0.00168;0.01555;0.00117;0.05119;0.00155;0.01410;0.00143;0.00528;0.00036
2020-05-11 00:00;3.48840;3.47780;0.00075;3.47699;0.00482;0.00475;0.00004;3.47113;0.00072;3.46354;0.00197;3.46088;0.00104;3.45916;0.00057;3.45521;3.45485;0.00247;3.45082;3.44370;0.00110;3.44133;0.00141;0.00075;0.00065;3.43933;0.00132;3.43715;3.43566;0.00547;3.42783;0.00154;3.42468;0.00130;3.42259;0.00280;3.41906;3.40583;3.40018;3.36580;3.36300;3.34304;3.34079;0.02117;3.31588;3.31157;0.00339;3.30610;3.30353;3.30036;3.29591;3.29145;3.28849;0.00010;3.28713;0.00021;3.28593;3.28504;3.28266;0.00032;3.28219;3.28065;0.00044;3.27964;3.25769;0.00099;3.25436;3.24909;0.00558;3.24084;0.00108;3.23942;0.11709;0.07696;0.06395;0.04265;0.01519;0.01275;0.03709;3.10897;3.05088;0.03032;3.01689;2.95249;2.77953;2.73842;2.60994;0.05580;2.54004;2.43361;2.41052;2.36255;0.00961;2.35120;0.05271;2.27813;1.37036;1.27450;1.11089;1.03264;0.70561;0.63408;0.03186;0.56518;0.00664;0.55543;0.03308;0.49556;0.00015;0.49342;0.03970;0.02447;0.00976;0.00159;0.00038;0.39939;0.02183;0.37609;0.33515;0.31487;0.19774;0.11169;0.02520;0.01317;0.00111;0.04483;0.00708;0.03828;0.00079;0.03352;0.05904;0.24939;0.02116;0.20931;0.02905;0.00744;0.02052;0.10187;0.02626;0.05640;0.01015;0.03168;0.02745;0.02441;0.01882;0.00198;0.00268;0.00335;0.09409;0.79315;0.78480;0.67813;0.61940;0.49962;0.07169;0.02113;0.01738;0.41867;0.37607;0.03138;0.04029;0.00538;0.07774;0.04455;0.09969;0.06819;0.04061;0.12914;0.06059;0.02777;0.01217;0.00890;0.00121;0.02007;0.01976;0.00572;0.01395;0.00017;0.00017;0.00017;0.00013;0.00274;0.00054;0.00057;0.00071;0.00022;0.00019;0.00152;0.01335;0.00107;0.03407;0.00182;0.01318;0.00109;0.00518;0.00032
2020-05-12 00:00;3.31860;3.30674;0.00097;3.30572;0.00516;0.00509;0.00004;3.29948;0.00067;3.29174;0.00144;3.28958;0.00114;3.28773;0.00052;3.28398;3.28363;0.00219;3.27982;3.27326;0.00106;3.27084;0.00129;0.00068;0.00060;3.26892;0.00124;3.26677;3.26516;0.00483;3.25760;0.00143;3.25435;0.00119;3.25231;0.00257;3.24897;3.23667;3.23153;3.19644;3.19349;3.17420;3.17195;0.01840;3.14950;3.14510;0.00312;3.13949;3.13641;3.13281;3.12743;3.12200;3.11922;0.00009;3.11763;0.00020;3.11623;3.11518;3.11242;0.00031;3.11192;3.11014;0.00042;3.10904;3.08773;0.00097;3.08403;3.07816;0.00520;3.06979;0.00103;3.06836;0.10986;0.07256;0.06029;0.03959;0.01483;0.01216;0.03438;2.94596;2.88846;0.02908;2.85556;2.78852;2.62367;2.58412;2.46616;0.05135;2.40082;2.30143;2.27855;2.23226;0.00919;2.22126;0.04947;2.15138;1.28097;1.18933;1.03305;0.95722;0.64357;0.58640;0.02777;0.52378;0.00523;0.51589;0.03151;0.46012;0.00014;0.45808;0.03756;0.02391;0.00852;0.00102;0.00033;0.36994;0.01965;0.34889;0.30988;0.29198;0.18820;0.11162;0.02310;0.01173;0.00104;0.03386;0.00482;0.03630;0.00075;0.03173;0.04521;0.24065;0.02076;0.20139;0.02713;0.00719;0.01871;0.09472;0.02219;0.05377;0.00935;0.03021;0.02671;0.02378;0.01846;0.00180;0.00258;0.00265;0.08990;0.75934;0.75151;0.64591;0.59192;0.47704;0.07165;0.02036;0.01668;0.39759;0.35789;0.02915;0.03803;0.00475;0.07765;0.04283;0.09256;0.05923;0.03918;0.12216;0.05675;0.02685;0.01169;0.00880;0.00117;0.01915;0.01886;0.00546;0.01331;0.00017;0.00017;0.00017;0.00012;0.00251;0.00048;0.00065;0.00063;0.00025;0.00020;0.00142;0.01236;0.00099;0.03476;0.00120;0.01225;0.00118;0.00453;0.00031
2020-05-13 00:00;3.12353;3.11337;0.00070;3.11263;0.00428;0.00421;0.00004;3.10737;0.00059;3.10042;0.00154;3.09823;0.00086;3.09674;0.00047;3.09333;3.09301;0.00202;3.08955;3.08333;0.00091;3.08122;0.00116;0.00061;0.00054;3.07951;0.00109;3.07761;3.07629;0.00388;3.07018;0.00127;3.06740;0.00106;3.06558;0.00232;3.06257;3.05132;3.04642;3.01611;3.01352;2.99611;2.99413;0.01599;2.97459;2.97106;0.00298;2.96598;2.96338;2.96031;2.95583;2.95138;2.94872;0.00010;2.94733;0.00021;2.94610;2.94519;2.94276;0.00031;2.94229;2.94072;0.00043;2.93971;2.91948;0.00099;2.91609;2.91072;0.00495;2.90300;0.00104;2.90162;0.10474;0.06959;0.05793;0.03803;0.01447;0.01155;0.03237;2.78558;2.73234;0.02770;2.70108;2.64031;2.48652;2.44944;2.34424;0.04618;2.28429;2.18954;2.16790;2.12350;0.00880;2.11305;0.04565;2.04815;1.21574;1.12866;0.97868;0.90713;0.60889;0.55735;0.02446;0.50071;0.00537;0.49269;0.02983;0.43841;0.00012;0.43649;0.03617;0.02330;0.00810;0.00133;0.00031;0.35457;0.01872;0.33458;0.29760;0.27875;0.17817;0.11155;0.02143;0.01086;0.00096;0.03486;0.00666;0.03451;0.00071;0.03016;0.04134;0.23146;0.02026;0.19320;0.02515;0.00697;0.01730;0.09312;0.02366;0.05124;0.00845;0.02895;0.02584;0.02307;0.01802;0.00159;0.00245;0.00229;0.08536;0.72632;0.71853;0.61330;0.56433;0.45522;0.07162;0.01955;0.01596;0.37746;0.34083;0.02764;0.03627;0.00410;0.07756;0.04104;0.08832;0.05108;0.03686;0.11413;0.05261;0.02544;0.01101;0.00831;0.00120;0.01838;0.01809;0.00547;0.01253;0.00017;0.00017;0.00017;0.00013;0.00244;0.00046;0.00053;0.00057;0.00021;0.00018;0.00126;0.01134;0.00088;0.03001;0.00144;0.01121;0.00094;0.00440;0.00027
2020-05-14 00:00;2.95643;2.94653;0.00063;2.94586;0.00364;0.00359;0.00003;2.94123;0.00051;2.93443;0.00109;2.93267;0.00082;2.93118;0.00041;2.92794;2.92765;0.00173;2.92443;2.91876;0.00081;2.91669;0.00100;0.00053;0.00046;2.91510;0.00094;2.91331;2.91205;0.00285;2.90684;0.00112;2.90412;0.00093;2.90239;0.00204;2.89963;2.88956;2.88512;2.85832;2.85574;2.83946;2.83760;0.01348;2.82048;2.81737;0.00279;2.81229;2.80950;2.80627;2.80154;2.79677;2.79429;0.00008;2.79284;0.00017;2.79157;2.79062;2.78810;0.00026;2.78767;2.78607;0.00035;2.78510;2.76586;0.00086;2.76255;2.75737;0.00433;2.75020;0.00090;2.74893;0.09552;0.06326;0.05281;0.03403;0.01395;0.01034;0.02964;2.64248;2.58986;0.02664;2.55949;2.49333;2.34347;2.30597;2.20761;0.04186;2.15212;2.06329;2.04168;1.99938;0.00819;1.98951;0.04295;1.92688;1.13154;1.04747;0.89763;0.83045;0.54780;0.50774;0.01919;0.45890;0.00417;0.45211;0.02811;0.40172;0.00011;0.39990;0.03393;0.02269;0.00686;0.00082;0.00031;0.32455;0.01584;0.30753;0.27278;0.25588;0.16567;0.11148;0.01881;0.00909;0.00083;0.02715;0.00474;0.03217;0.00062;0.02809;0.02916;0.22148;0.01978;0.18411;0.02264;0.00671;0.01277;0.08724;0.01992;0.04954;0.00746;0.02866;0.02535;0.02254;0.01761;0.00153;0.00245;0.00248;0.08238;0.69261;0.68527;0.57999;0.53648;0.43399;0.07158;0.01864;0.01520;0.35823;0.32491;0.02538;0.03420;0.00343;0.07752;0.03892;0.08228;0.04407;0.03734;0.10980;0.04850;0.02455;0.01132;0.00825;0.00100;0.01742;0.01717;0.00489;0.01220;0.00015;0.00014;0.00015;0.00011;0.00224;0.00044;0.00043;0.00052;0.00020;0.00017;0.00109;0.01020;0.00076;0.02649;0.00094;0.01002;0.00086;0.00376;0.00024
2020-05-15 00:00;3.01453;2.98921;0.00301;2.98622;0.02504;0.02489;0.00011;2.96023;0.00094;2.94754;0.00286;2.94421;0.00071;2.94312;0.00041;2.93986;2.93913;0.00184;2.93654;2.92962;0.00089;2.92763;0.00122;0.00061;0.00054;2.92596;0.00216;2.92302;2.91722;0.00501;2.90318;0.00164;2.89660;0.00084;2.89507;0.00210;2.89268;2.88269;2.87522;2.83333;2.83190;2.80289;2.80037;0.02030;2.77751;2.77298;0.01156;2.75978;2.75554;2.74293;2.72735;2.70711;2.70113;0.00022;2.69951;0.00022;2.69745;2.69644;2.69307;0.00056;2.69240;2.68966;0.00158;2.68730;2.65693;0.00091;2.65248;2.64460;0.00767;2.63357;0.00234;2.63065;0.09621;0.06565;0.05385;0.03286;0.01393;0.01170;0.02788;2.51940;2.46740;0.02666;2.43710;2.37643;2.23638;2.20139;2.11770;0.03471;2.06966;1.97951;1.95477;1.91348;0.00767;1.90437;0.03787;1.84697;1.07839;0.99279;0.85084;0.78588;0.52062;0.47260;0.01006;0.43586;0.00451;0.42851;0.02630;0.37915;0.00011;0.37743;0.03250;0.02202;0.00651;0.00123;0.00031;0.30904;0.01434;0.29368;0.26059;0.24307;0.15207;0.11140;0.01685;0.00789;0.00071;0.03313;0.00639;0.03080;0.00062;0.02678;0.03932;0.21130;0.01924;0.17493;0.02023;0.00649;0.01485;0.08693;0.02275;0.04712;0.00640;0.02754;0.02439;0.02172;0.01715;0.00127;0.00238;0.00242;0.08394;0.67204;0.65591;0.54916;0.51097;0.41511;0.07154;0.01791;0.01443;0.34124;0.31143;0.02380;0.03306;0.00280;0.07743;0.03802;0.08426;0.03397;0.03486;0.10242;0.04384;0.02421;0.01109;0.00780;0.00166;0.02773;0.02668;0.00814;0.01819;0.00036;0.00095;0.00025;0.00027;0.00559;0.00363;0.00949;0.01022;0.00170;0.00160;0.00218;0.02385;0.00082;0.04172;0.00288;0.00997;0.00532;0.00585;0.00074
2020-05-16 00:00;6.70624;6.59390;0.02136;6.57337;0.15512;0.15413;0.00064;6.42166;0.00368;6.40802;0.00797;6.40546;0.00191;6.41054;0.00086;6.41629;6.41359;0.00367;6.42397;6.42401;0.00238;6.43215;0.00336;0.00158;0.00139;6.43402;0.00919;6.43212;6.40577;0.01742;6.36944;0.00552;6.35809;0.00141;6.36400;0.00437;6.36801;6.35127;6.35550;6.20054;6.22089;5.97713;5.97687;0.71912;5.28585;5.12892;0.29040;4.84495;4.79860;4.64443;4.47402;4.30497;4.14582;0.01004;4.13468;0.01898;4.10906;4.09592;4.05189;0.02368;4.02912;4.00669;0.03630;3.96790;3.69878;0.08809;3.58626;3.46995;0.16860;3.29139;0.07365;3.21555;0.17290;0.12916;0.08662;0.03636;0.01612;0.04248;0.03421;2.87269;2.80110;0.03814;2.75854;2.68917;2.52895;2.48478;2.37910;0.03727;2.32905;2.21950;2.15986;2.09878;0.01180;2.08642;0.04275;2.00795;1.15957;1.00711;0.84556;0.77385;0.51972;0.46951;0.01825;0.42661;0.00431;0.41923;0.02508;0.37327;0.00016;0.37150;0.03106;0.02140;0.00609;0.00083;0.00066;0.30771;0.01429;0.29255;0.25993;0.24259;0.14679;0.11132;0.01593;0.00643;0.00072;0.03411;0.00615;0.02968;0.00064;0.02548;0.03736;0.20381;0.01894;0.16750;0.01932;0.00622;0.01452;0.08960;0.01889;0.05222;0.00719;0.03086;0.02565;0.02155;0.01675;0.00157;0.00380;0.00448;0.15083;0.75102;0.66293;0.53119;0.49238;0.41338;0.07151;0.01985;0.01368;0.33983;0.31350;0.02217;0.03153;0.00266;0.07795;0.05771;0.10515;0.05718;0.04404;0.12595;0.05066;0.03409;0.01653;0.00981;0.07152;0.26227;0.23562;0.17058;0.05989;0.01947;0.01798;0.02751;0.01534;0.15837;0.08784;0.15644;0.15398;0.04206;0.05190;0.00892;0.27990;0.00186;0.15857;0.00909;0.01741;0.02912;0.01840;0.00351
2020-05-17 00:00;6.55740;6.48081;0.00764;6.47287;0.06334;0.06318;0.00006;6.40433;0.00167;6.35997;0.00811;6.34842;0.00263;6.34215;0.00095;6.32905;6.32769;0.00420;6.31577;6.29176;0.00239;6.28257;0.00249;0.00126;0.00121;6.27696;0.00314;6.26943;6.25868;0.01301;6.22561;0.00344;6.21041;0.00209;6.20449;0.00475;6.19628;6.18020;6.15411;5.98221;5.97192;5.62325;5.61486;1.19406;4.40379;4.28971;0.26171;4.00893;3.97257;3.87781;3.79936;3.72582;3.58622;0.00286;3.57518;0.00525;3.56301;3.55469;3.52834;0.00528;3.52224;3.51064;0.01086;3.49634;3.31359;0.04430;3.25337;3.19597;0.11613;3.06884;0.04581;3.02189;0.12741;0.09169;0.06877;0.03650;0.01540;0.02257;0.02994;2.76053;2.68204;0.03055;2.64614;2.55619;2.38718;2.34724;2.21795;0.04139;2.16310;2.06326;2.01819;1.95843;0.01086;1.94586;0.04088;1.87438;1.10065;0.99615;0.84575;0.77765;0.53815;0.48356;0.02407;0.43719;0.00492;0.42896;0.02330;0.38342;0.00018;0.38174;0.02963;0.02081;0.00566;0.00125;0.00047;0.32305;0.01616;0.30618;0.27582;0.25828;0.14324;0.11124;0.01569;0.00715;0.00085;0.05701;0.00695;0.02810;0.00072;0.02420;0.04416;0.19481;0.01856;0.15958;0.01801;0.00599;0.01473;0.08797;0.02089;0.04903;0.00749;0.02854;0.02407;0.02102;0.01639;0.00144;0.00268;0.00361;0.10288;0.67298;0.64793;0.52346;0.48588;0.41089;0.07147;0.02130;0.01302;0.33743;0.31464;0.02047;0.03055;0.00264;0.07750;0.05595;0.09241;0.06731;0.03977;0.12238;0.05098;0.02961;0.01421;0.00906;0.03255;0.17375;0.16744;0.11868;0.04746;0.00504;0.00330;0.00780;0.00394;0.13816;0.03168;0.04412;0.07278;0.01385;0.01520;0.00468;0.31968;0.00182;0.17036;0.00664;0.01584;0.00844;0.01423;0.00111
2020-05-18 00:00;3.89913;3.83069;0.00236;3.82767;0.01098;0.01085;0.00005;3.80852;0.00111;3.75775;0.00575;3.74501;0.00170;3.73528;0.00085;3.71733;3.71617;0.00359;3.69671;3.66637;0.00174;3.65000;0.00211;0.00112;0.00098;3.64114;0.00201;3.62966;3.62247;0.00753;3.58499;0.00240;3.56258;0.00194;3.55160;0.00409;3.53906;3.52279;3.48443;3.37324;3.35068;3.22838;3.21784;0.26985;2.91570;2.88693;0.03964;2.82958;2.81204;2.79250;2.76295;2.73406;2.71104;0.00015;2.70387;0.00036;2.69786;2.69321;2.68103;0.00054;2.67959;2.67211;0.00072;2.66843;2.61465;0.00220;2.60259;2.58513;0.01940;2.55517;0.00692;2.54706;0.09353;0.06530;0.05243;0.03120;0.01399;0.01264;0.02404;2.40741;2.34155;0.02522;2.31110;2.23389;2.08733;2.05333;1.94213;0.03615;1.89266;1.80555;1.78113;1.73620;0.00767;1.72676;0.03392;1.67167;0.95538;0.87800;0.74112;0.67989;0.45543;0.41367;0.01945;0.37457;0.00277;0.36925;0.02125;0.32823;0.00016;0.32666;0.02719;0.02010;0.00438;0.00084;0.00029;0.27600;0.01329;0.26207;0.23453;0.21883;0.13381;0.10880;0.01249;0.00505;0.00076;0.03171;0.00454;0.02506;0.00069;0.02145;0.03242;0.18435;0.01798;0.15043;0.01606;0.00573;0.00874;0.07857;0.01694;0.04484;0.00653;0.02595;0.02274;0.02024;0.01593;0.00121;0.00221;0.00244;0.07579;0.62255;0.61354;0.50823;0.47577;0.39317;0.07143;0.01958;0.01228;0.32006;0.30140;0.01763;0.02805;0.00226;0.07722;0.04127;0.07982;0.05461;0.03385;0.10349;0.04236;0.02347;0.01090;0.00798;0.00199;0.04488;0.04336;0.02178;0.02084;0.00031;0.00031;0.00052;0.00025;0.02164;0.00246;0.00302;0.00186;0.00038;0.00079;0.00237;0.06925;0.00159;0.10733;0.00490;0.01564;0.00237;0.00918;0.00052
2020-05-19 00:00;2.84181;2.82421;0.00204;2.82206;0.00797;0.00789;0.00005;2.81239;0.00093;2.79955;0.00258;2.79572;0.00154;2.79289;0.00072;2.78704;2.78651;0.00315;2.78053;2.76947;0.00147;2.76558;0.00179;0.00095;0.00083;2.76268;0.00170;2.75939;2.75655;0.00636;2.74556;0.00200;2.74040;0.00165;2.73727;0.00349;2.73243;2.71760;2.70806;2.62185;2.61727;2.58558;2.58235;0.10500;2.47140;2.46646;0.00447;2.46018;2.45834;2.45601;2.45292;2.44997;2.44616;0.00012;2.44531;0.00024;2.44451;2.44395;2.44239;0.00038;2.44194;2.44089;0.00054;2.44001;2.41378;0.00119;2.41122;2.40727;0.00645;2.39943;0.00182;2.39748;0.09760;0.06874;0.05621;0.03618;0.01483;0.01245;0.02495;2.28480;2.23377;0.02542;2.20490;2.14283;2.00109;1.96593;1.87109;0.03013;1.82816;1.75112;1.72944;1.67248;0.01370;1.65763;0.03201;1.60517;0.92220;0.84586;0.70296;0.64175;0.43402;0.38773;0.01394;0.35729;0.00410;0.35021;0.01937;0.31052;0.00014;0.30909;0.02574;0.01932;0.00420;0.00111;0.00029;0.26460;0.01354;0.25060;0.22448;0.20750;0.12504;0.10397;0.01047;0.00419;0.00059;0.03478;0.00698;0.02370;0.00071;0.02020;0.03688;0.17261;0.01737;0.13937;0.01242;0.00549;0.01038;0.08010;0.01922;0.04385;0.00555;0.02618;0.02302;0.02012;0.01552;0.00153;0.00245;0.00225;0.07477;0.59378;0.58573;0.48509;0.45815;0.37545;0.07139;0.01700;0.01148;0.30234;0.28802;0.01627;0.02697;0.00201;0.07721;0.05345;0.07124;0.04519;0.03499;0.10460;0.04122;0.02693;0.01151;0.00811;0.00143;0.02491;0.02439;0.00790;0.01627;0.00021;0.00022;0.00020;0.00015;0.00366;0.00060;0.00056;0.00069;0.00027;0.00021;0.00201;0.02058;0.00136;0.08562;0.00275;0.01474;0.00208;0.00752;0.00044
2020-05-20 00:00;2.57076;2.55281;0.00171;2.55098;0.00701;0.00694;0.00004;2.54217;0.00076;2.52926;0.00191;2.52597;0.00108;2.52343;0.00059;2.51790;2.51743;0.00248;2.51183;2.50228;0.00116;2.49838;0.00146;0.00077;0.00068;2.49566;0.00140;2.49245;2.48977;0.00496;2.47942;0.00165;2.47410;0.00134;2.47106;0.00287;2.46662;2.45276;2.44413;2.37717;2.37226;2.34563;2.34236;0.02850;2.30667;2.30004;0.00358;2.29225;2.28726;2.28166;2.27327;2.26469;2.26141;0.00011;2.25876;0.00023;2.25648;2.25475;2.25020;0.00036;2.24952;2.24660;0.00049;2.24498;2.22055;0.00111;2.21497;2.20605;0.00566;2.19509;0.00145;2.19296;0.08248;0.05852;0.04741;0.02879;0.01347;0.01096;0.02006;2.08617;2.03268;0.02239;2.00596;1.94104;1.81372;1.78404;1.69657;0.02804;1.65575;1.58289;1.56063;1.51322;0.00850;1.50323;0.02559;1.45788;0.80530;0.73963;0.61428;0.56015;0.37011;0.33291;0.00971;0.30987;0.00230;0.30525;0.01704;0.27093;0.00012;0.26964;0.02328;0.01846;0.00314;0.00068;0.00022;0.23157;0.01197;0.21924;0.19666;0.18297;0.11571;0.09882;0.00801;0.00281;0.00051;0.02156;0.00423;0.02043;0.00058;0.01731;0.02929;0.16028;0.01689;0.12838;0.00925;0.00522;0.00675;0.06980;0.01489;0.03925;0.00333;0.02435;0.02143;0.01914;0.01505;0.00113;0.00202;0.00223;0.06412;0.56820;0.56061;0.46027;0.43943;0.35735;0.07135;0.01509;0.01068;0.28471;0.27506;0.01305;0.02421;0.00177;0.07701;0.04382;0.06646;0.03671;0.02955;0.08850;0.03264;0.02198;0.00985;0.00718;0.00135;0.02080;0.02044;0.00636;0.01395;0.00019;0.00019;0.00019;0.00014;0.00283;0.00055;0.00050;0.00063;0.00024;0.00019;0.00166;0.01482;0.00111;0.06626;0.00135;0.01376;0.00181;0.00555;0.00037
2020-05-21 00:00;2.26230;2.24940;0.00115;2.24818;0.00592;0.00585;0.00004;2.24111;0.00059;2.23260;0.00127;2.23054;0.00087;2.22889;0.00046;2.22512;2.22478;0.00197;2.22109;2.21444;0.00091;2.21207;0.00113;0.00060;0.00052;2.21026;0.00110;2.20819;2.20625;0.00341;2.20010;0.00129;2.19695;0.00104;2.19501;0.00225;2.19196;2.17928;2.17385;2.13566;2.13305;2.11456;2.11254;0.02030;2.08862;2.08420;0.00317;2.07900;2.07651;2.07358;2.06940;2.06517;2.06236;0.00010;2.06104;0.00021;2.05987;2.05900;2.05670;0.00032;2.05623;2.05473;0.00044;2.05374;2.03086;0.00103;2.02753;2.02229;0.00510;2.01458;0.00119;2.01306;0.07560;0.05298;0.04301;0.02564;0.01375;0.00986;0.01889;1.92362;1.87836;0.02082;1.85388;1.79787;1.68305;1.65511;1.58683;0.02455;1.54994;1.48602;1.46643;1.41473;0.01050;1.40304;0.02131;1.36320;0.74557;0.68469;0.56786;0.51639;0.34397;0.30985;0.00667;0.29326;0.00298;0.28807;0.01473;0.25678;0.00010;0.25565;0.02197;0.01771;0.00312;0.00081;0.00028;0.22097;0.01194;0.20874;0.18843;0.17507;0.10933;0.09357;0.00676;0.00302;0.00041;0.02395;0.00497;0.01827;0.00061;0.01529;0.02748;0.14792;0.01625;0.11698;0.00622;0.00496;0.00722;0.06628;0.01498;0.03601;0.00136;0.02340;0.02095;0.01861;0.01458;0.00113;0.00204;0.00170;0.05937;0.54202;0.53501;0.43544;0.42001;0.34105;0.07130;0.01356;0.00978;0.26844;0.26216;0.01084;0.02244;0.00154;0.07696;0.04825;0.05829;0.02288;0.02781;0.08016;0.02493;0.02284;0.00934;0.00699;0.00125;0.02100;0.02071;0.00582;0.01481;0.00018;0.00017;0.00018;0.00013;0.00260;0.00049;0.00044;0.00054;0.00021;0.00018;0.00130;0.01217;0.00086;0.03785;0.00134;0.01263;0.00149;0.00447;0.00029
2020-05-22 00:00;2.07986;2.06603;0.00073;2.06522;0.00494;0.00488;0.00003;2.05901;0.00045;2.05003;0.00091;2.04816;0.00061;2.04654;0.00035;2.04289;2.04258;0.00150;2.03896;2.03272;0.00069;2.03014;0.00087;0.00047;0.00040;2.02839;0.00084;2.02630;2.02463;0.00273;2.01818;0.00102;2.01462;0.00082;2.01261;0.00178;2.00974;1.99830;1.99248;1.96782;1.96456;1.94694;1.94485;0.01749;1.92247;1.91714;0.00282;1.91083;1.90669;1.90206;1.89506;1.88785;1.88510;0.00009;1.88288;0.00019;1.88097;1.87951;1.87570;0.00029;1.87513;1.87269;0.00041;1.87133;1.85016;0.00094;1.84546;1.83800;0.00452;1.82905;0.00100;1.82747;0.06666;0.04847;0.03997;0.02435;0.01242;0.00839;0.01458;1.74497;1.70083;0.01760;1.67950;1.62671;1.52318;1.50203;1.43647;0.01988;1.40434;1.34598;1.32720;1.28714;0.00632;1.27960;0.01871;1.24363;0.65727;0.60252;0.49829;0.45292;0.29526;0.26596;0.00705;0.25209;0.00163;0.24877;0.01192;0.22269;0.00009;0.22172;0.01976;0.01682;0.00229;0.00052;0.00018;0.19168;0.01076;0.18068;0.16432;0.15382;0.09994;0.08872;0.00434;0.00203;0.00040;0.01495;0.00295;0.01455;0.00045;0.01199;0.02370;0.13822;0.01567;0.10873;0.00710;0.00466;0.00449;0.05939;0.01155;0.03414;0.00189;0.02163;0.01955;0.01765;0.01406;0.00081;0.00170;0.00151;0.05326;0.51776;0.51071;0.41160;0.40116;0.32618;0.07126;0.01215;0.00882;0.25401;0.24965;0.00723;0.01950;0.00125;0.07676;0.03669;0.05277;0.02202;0.02105;0.06945;0.02320;0.01815;0.00768;0.00600;0.00110;0.01813;0.01782;0.00530;0.01241;0.00016;0.00016;0.00016;0.00012;0.00238;0.00044;0.00041;0.00050;0.00019;0.00016;0.00098;0.00975;0.00065;0.02418;0.00088;0.01137;0.00106;0.00346;0.00023
2020-05-23 00:00;1.86032;1.84910;0.00065;1.84840;0.00419;0.00414;0.00003;1.84327;0.00035;1.83660;0.00065;1.83531;0.00056;1.83409;0.00029;1.83133;1.83110;0.00120;1.82852;1.82368;0.00054;1.82193;0.00066;0.00035;0.00030;1.82071;0.00064;1.81926;1.81808;0.00198;1.81380;0.00079;1.81147;0.00064;1.81009;0.00136;1.80806;1.79814;1.79410;1.77600;1.77394;1.76072;1.75930;0.01376;1.74248;1.73921;0.00269;1.73463;1.73233;1.72961;1.72581;1.72198;1.71956;0.00009;1.71836;0.00018;1.71731;1.71653;1.71444;0.00027;1.71403;1.71270;0.00037;1.71183;1.69468;0.00088;1.69182;1.68729;0.00390;1.68113;0.00091;1.67995;0.06166;0.04463;0.03635;0.02136;0.01239;0.00819;0.01358;1.60872;1.57076;0.01544;1.55221;1.50647;1.41243;1.39329;1.33743;0.01751;1.30807;1.25711;1.24073;1.20605;0.00715;1.19801;0.01675;1.16562;0.61187;0.56118;0.46231;0.41824;0.27625;0.24697;0.00551;0.23590;0.00223;0.23202;0.00881;0.21005;0.00007;0.20928;0.01866;0.01597;0.00224;0.00065;0.00019;0.18187;0.01072;0.17094;0.15784;0.14857;0.09448;0.08381;0.00394;0.00253;0.00032;0.01961;0.00387;0.01146;0.00042;0.00915;0.02431;0.12500;0.01499;0.09655;0.00496;0.00437;0.00604;0.05731;0.01200;0.03216;0.00109;0.02086;0.01900;0.01707;0.01354;0.00083;0.00170;0.00123;0.04924;0.49391;0.48794;0.39223;0.38369;0.31408;0.07120;0.01085;0.00772;0.24189;0.23753;0.00530;0.01738;0.00112;0.07669;0.03150;0.04607;0.01735;0.01903;0.06403;0.01974;0.01725;0.00709;0.00582;0.00111;0.01549;0.01519;0.00479;0.01029;0.00015;0.00015;0.00016;0.00011;0.00223;0.00045;0.00039;0.00050;0.00019;0.00016;0.00076;0.00820;0.00049;0.01781;0.00095;0.00988;0.00081;0.00305;0.00018
2020-05-24 00:00;1.72837;1.71685;0.00053;1.71626;0.00355;0.00351;0.00003;1.71171;0.00031;1.70473;0.00059;1.70339;0.00048;1.70213;0.00025;1.69935;1.69913;0.00112;1.69637;1.69159;0.00055;1.68956;0.00061;0.00034;0.00027;1.68826;0.00055;1.68672;1.68550;0.00191;1.68063;0.00071;1.67790;0.00058;1.67637;0.00132;1.67419;1.66566;1.66113;1.64598;1.64337;1.62985;1.62826;0.01061;1.61362;1.60998;0.00253;1.60452;1.60098;1.59699;1.59101;1.58484;1.58240;0.00008;1.58049;0.00018;1.57885;1.57759;1.57430;0.00027;1.57379;1.57169;0.00037;1.57051;1.55428;0.00087;1.55016;1.54371;0.00296;1.53690;0.00089;1.53552;0.05520;0.04132;0.03386;0.01967;0.01136;0.00737;0.01056;1.46678;1.42896;0.01226;1.41342;1.36903;1.28425;1.26656;1.21383;0.01499;1.18712;1.14158;1.12638;1.09894;0.00462;1.09337;0.01480;1.06329;0.53563;0.48990;0.40088;0.36122;0.23523;0.21016;0.00546;0.20019;0.00121;0.19766;0.00518;0.18156;0.00006;0.18101;0.01695;0.01501;0.00160;0.00040;0.00013;0.15689;0.00968;0.14703;0.13825;0.13185;0.08733;0.07885;0.00311;0.00175;0.00030;0.01267;0.00234;0.00724;0.00031;0.00531;0.02058;0.11146;0.01435;0.08448;0.00408;0.00404;0.00375;0.05050;0.00864;0.03036;0.00136;0.01939;0.01776;0.01617;0.01297;0.00060;0.00144;0.00113;0.04432;0.47535;0.46854;0.37409;0.36749;0.30101;0.07115;0.00960;0.00649;0.22918;0.22594;0.00335;0.01412;0.00091;0.07652;0.02425;0.04066;0.01686;0.01762;0.05537;0.01757;0.01379;0.00579;0.00498;0.00094;0.01364;0.01337;0.00467;0.00861;0.00015;0.00014;0.00015;0.00011;0.00212;0.00042;0.00038;0.00047;0.00018;0.00016;0.00066;0.00721;0.00044;0.01477;0.00066;0.00847;0.00074;0.00259;0.00016
2020-05-25 00:00;1.57298;1.55948;0.00098;1.55846;0.00536;0.00530;0.00004;1.55222;0.00030;1.54585;0.00052;1.54476;0.00046;1.54371;0.00021;1.54139;1.54118;0.00098;1.53899;1.53482;0.00048;1.53323;0.00054;0.00029;0.00024;1.53218;0.00058;1.53085;1.52950;0.00174;1.52505;0.00066;1.52266;0.00050;1.52149;0.00112;1.51979;1.51304;1.50929;1.49529;1.49353;1.48115;1.47992;0.01110;1.46610;1.46352;0.00337;1.45832;1.45587;1.45213;1.44748;1.44185;1.43907;0.00011;1.43781;0.00017;1.43662;1.43581;1.43352;0.00029;1.43310;1.43158;0.00051;1.43054;1.41526;0.00082;1.41221;1.40739;0.00266;1.40230;0.00103;1.40095;0.05010;0.03823;0.03053;0.01644;0.01094;0.00761;0.00867;1.34057;1.30842;0.00856;1.29709;1.25928;1.18436;1.16826;1.12552;0.01320;1.10107;1.06361;1.04977;1.02559;0.00444;1.02063;0.01276;0.99393;0.49293;0.44920;0.36769;0.33154;0.22330;0.19922;0.00460;0.19060;0.00173;0.18767;0.00297;0.17532;0.00006;0.17492;0.01616;0.01410;0.00173;0.00054;0.00018;0.15242;0.00980;0.14248;0.13557;0.12867;0.08252;0.07377;0.00324;0.00205;0.00024;0.01809;0.00302;0.00559;0.00029;0.00397;0.02047;0.09570;0.01362;0.06997;0.00217;0.00372;0.00441;0.04724;0.00797;0.02853;0.00083;0.01854;0.01709;0.01549;0.01240;0.00059;0.00142;0.00094;0.04236;0.46041;0.45174;0.35953;0.35211;0.28977;0.07109;0.00830;0.00495;0.21798;0.21486;0.00345;0.01109;0.00082;0.07644;0.02120;0.03341;0.01309;0.01603;0.04876;0.01433;0.01202;0.00501;0.00460;0.00100;0.01355;0.01319;0.00491;0.00815;0.00017;0.00024;0.00016;0.00012;0.00256;0.00091;0.00104;0.00155;0.00032;0.00024;0.00064;0.00792;0.00037;0.01374;0.00085;0.00671;0.00098;0.00258;0.00018
2020-05-26 00:00;1.45466;1.44350;0.00055;1.44290;0.00368;0.00364;0.00002;1.43833;0.00025;1.43215;0.00041;1.43110;0.00035;1.43007;0.00020;1.42770;1.42752;0.00085;1.42527;1.42123;0.00038;1.41957;0.00048;0.00026;0.00022;1.41849;0.00046;1.41718;1.41614;0.00145;1.41207;0.00058;1.40974;0.00046;1.40847;0.00099;1.40674;1.40359;1.39978;1.38887;1.38674;1.37391;1.37260;0.01182;1.35739;1.35431;0.00323;1.34854;1.34544;1.34135;1.33583;1.33005;1.32728;0.00008;1.32564;0.00016;1.32421;1.32314;1.32026;0.00025;1.31981;1.31797;0.00038;1.31689;1.30244;0.00077;1.29886;1.29317;0.00217;1.28772;0.00088;1.28642;0.04548;0.03484;0.02806;0.01536;0.01037;0.00669;0.00762;1.22888;1.19537;0.00539;1.18690;1.14980;1.08086;1.06561;1.02255;0.01172;0.99973;0.96990;0.95567;0.93292;0.00398;0.92835;0.01138;0.90256;0.43340;0.39515;0.31924;0.28500;0.19370;0.17313;0.00400;0.16546;0.00103;0.16330;0.00252;0.15367;0.00006;0.15335;0.01471;0.01306;0.00136;0.00034;0.00013;0.13295;0.00883;0.12396;0.11819;0.11246;0.07535;0.06815;0.00250;0.00144;0.00021;0.01185;0.00201;0.00441;0.00026;0.00316;0.01664;0.07876;0.01289;0.05447;0.00133;0.00336;0.00297;0.04201;0.00474;0.02681;0.00083;0.01741;0.01613;0.01470;0.01178;0.00054;0.00127;0.00081;0.03694;0.44195;0.43605;0.34362;0.33759;0.27870;0.07103;0.00669;0.00289;0.20708;0.20431;0.00277;0.00706;0.00075;0.07630;0.01969;0.02580;0.01125;0.01519;0.04167;0.01247;0.00876;0.00396;0.00409;0.00094;0.01237;0.01212;0.00458;0.00745;0.00014;0.00015;0.00014;0.00010;0.00249;0.00066;0.00068;0.00105;0.00021;0.00018;0.00053;0.00757;0.00033;0.01059;0.00055;0.00310;0.00062;0.00216;0.00013
2020-05-27 00:00;1.29092;1.27905;0.00034;1.27864;0.00230;0.00227;0.00002;1.27528;0.00020;1.26829;0.00032;1.26714;0.00025;1.26598;0.00016;1.26344;1.26327;0.00068;1.26075;1.25659;0.00030;1.25458;0.00039;0.00021;0.00017;1.25340;0.00037;1.25190;1.25092;0.00113;1.24635;0.00047;1.24355;0.00037;1.24210;0.00078;1.24032;1.23954;1.23512;1.22690;1.22419;1.21220;1.21075;0.00906;1.19744;1.19378;0.00231;1.18808;1.18411;1.17951;1.17277;1.16551;1.16356;0.00007;1.16144;0.00013;1.15962;1.15824;1.15459;0.00019;1.15413;1.15180;0.00030;1.15059;1.13813;0.00065;1.13393;1.12729;0.00171;1.12136;0.00072;1.12009;0.03846;0.02997;0.02411;0.01252;0.00958;0.00579;0.00563;1.06791;1.03528;0.00310;1.02889;0.99506;0.93652;0.92385;0.88517;0.00916;0.86519;0.84658;0.83323;0.81453;0.00292;0.81098;0.00889;0.78836;0.34634;0.31461;0.24987;0.22255;0.15416;0.13804;0.00306;0.13211;0.00054;0.13072;0.00188;0.12549;0.00004;0.12526;0.01303;0.01190;0.00092;0.00017;0.00009;0.10797;0.00756;0.10028;0.09613;0.09177;0.06714;0.06206;0.00156;0.00074;0.00016;0.00382;0.00106;0.00293;0.00020;0.00215;0.01282;0.05768;0.01209;0.03487;0.00083;0.00296;0.00097;0.03522;0.00123;0.02437;0.00046;0.01598;0.01500;0.01379;0.01112;0.00041;0.00109;0.00056;0.03047;0.42458;0.41912;0.32744;0.32293;0.26682;0.07057;0.00486;0.00093;0.19581;0.19368;0.00188;0.00253;0.00057;0.07467;0.01566;0.01476;0.00807;0.01262;0.03172;0.00890;0.00503;0.00278;0.00324;0.00074;0.00975;0.00949;0.00370;0.00570;0.00012;0.00013;0.00013;0.00009;0.00158;0.00048;0.00037;0.00060;0.00015;0.00014;0.00041;0.00549;0.00027;0.00777;0.00036;0.00072;0.00043;0.00168;0.00010
2020-05-28 00:00;1.11068;1.10048;0.00029;1.10014;0.00186;0.00183;0.00002;1.09743;0.00017;1.09181;0.00026;1.09092;0.00020;1.09003;0.00013;1.08805;1.08791;0.00057;1.08598;1.08275;0.00025;1.08127;0.00032;0.00017;0.00015;1.08038;0.00031;1.07926;1.07853;0.00099;1.07513;0.00039;1.07313;0.00031;1.07207;0.00062;1.07076;1.06987;1.06671;1.05938;1.05749;1.04868;1.04766;0.00741;1.03738;1.03494;0.00187;1.03096;1.02849;1.02562;1.02153;1.01723;1.01585;0.00005;1.01460;0.00011;1.01353;1.01272;1.01058;0.00016;1.01026;1.00892;0.00024;1.00817;0.99880;0.00057;0.99622;0.99226;0.00142;0.98854;0.00059;0.98765;0.03512;0.02740;0.02267;0.01244;0.00876;0.00467;0.00508;0.94425;0.92029;0.00391;0.91403;0.88629;0.83390;0.82179;0.78550;0.00852;0.76659;0.75327;0.74157;0.72583;0.00248;0.72295;0.00808;0.70297;0.28475;0.25700;0.19993;0.17541;0.13289;0.11809;0.00335;0.11220;0.00045;0.11109;0.00160;0.10793;0.00003;0.10774;0.01164;0.01070;0.00077;0.00015;0.00007;0.09237;0.00709;0.08517;0.08187;0.07820;0.05996;0.05579;0.00122;0.00058;0.00014;0.00207;0.00088;0.00236;0.00017;0.00182;0.01219;0.03381;0.01132;0.01262;0.00125;0.00252;0.00081;0.03297;0.00088;0.02293;0.00069;0.01500;0.01399;0.01292;0.01042;0.00037;0.00095;0.00062;0.02654;0.40564;0.40099;0.31230;0.30856;0.25282;0.06722;0.00351;0.00062;0.18522;0.18336;0.00163;0.00177;0.00048;0.07072;0.01293;0.00995;0.00881;0.01207;0.02845;0.00837;0.00384;0.00260;0.00188;0.00061;0.00785;0.00765;0.00302;0.00457;0.00010;0.00009;0.00011;0.00007;0.00117;0.00037;0.00028;0.00044;0.00011;0.00011;0.00034;0.00429;0.00022;0.00704;0.00030;0.00085;0.00033;0.00141;0.00009
2020-05-29 00:00;1.04317;1.03674;0.00046;1.03628;0.00410;0.00407;0.00002;1.03195;0.00021;1.02892;0.00033;1.02852;0.00018;1.02829;0.00012;1.02745;1.02731;0.00052;1.02672;1.02504;0.00024;1.02471;0.00032;0.00017;0.00014;1.02436;0.00044;1.02385;1.02287;0.00110;1.02076;0.00042;1.01983;0.00027;1.01955;0.00057;1.01903;1.01843;1.01747;1.00874;1.00874;1.00218;1.00183;0.00795;0.99395;0.99357;0.00338;0.99070;0.99086;0.98933;0.98864;0.98657;0.98476;0.00009;0.98493;0.00012;0.98487;0.98498;0.98506;0.00022;0.98490;0.98482;0.00050;0.98440;0.97403;0.00055;0.97355;0.97281;0.00213;0.97114;0.00087;0.97031;0.03509;0.02686;0.02197;0.01102;0.00818;0.00482;0.00573;0.93369;0.91754;0.00424;0.91194;0.88943;0.84172;0.82979;0.79881;0.00854;0.78050;0.76556;0.75137;0.73503;0.00294;0.73212;0.00842;0.71280;0.29070;0.25494;0.19823;0.17484;0.13610;0.11971;0.00372;0.11275;0.00100;0.11093;0.00208;0.10637;0.00005;0.10600;0.01086;0.00951;0.00111;0.00023;0.00016;0.09109;0.00729;0.08371;0.07985;0.07519;0.05571;0.04960;0.00165;0.00082;0.00012;0.00797;0.00185;0.00309;0.00016;0.00254;0.01356;0.03049;0.01050;0.01108;0.00126;0.00208;0.00240;0.03339;0.00230;0.02212;0.00070;0.01460;0.01333;0.01212;0.00972;0.00040;0.00109;0.00090;0.03462;0.40594;0.38815;0.30462;0.29514;0.24060;0.06369;0.00278;0.00122;0.17642;0.17411;0.00226;0.00242;0.00069;0.06694;0.01386;0.01283;0.00955;0.01188;0.02784;0.00848;0.00395;0.00276;0.00118;0.00073;0.01048;0.01017;0.00403;0.00605;0.00014;0.00027;0.00013;0.00011;0.00182;0.00101;0.00136;0.00212;0.00032;0.00025;0.00045;0.00622;0.00021;0.00875;0.00049;0.00061;0.00094;0.00160;0.00014
2020-05-30 00:00;1.14901;1.13775;0.00162;1.13618;0.01069;0.01061;0.00005;1.12560;0.00030;1.12361;0.00093;1.12303;0.00019;1.12331;0.00012;1.12319;1.12299;0.00053;1.12335;1.12259;0.00027;1.12303;0.00037;0.00019;0.00016;1.12300;0.00071;1.12272;1.12084;0.00177;1.11814;0.00055;1.11736;0.00026;1.11756;0.00059;1.11751;1.11411;1.11415;1.09611;1.09722;1.08849;1.08832;0.01141;1.07849;1.07872;0.00607;1.07442;1.07546;1.07314;1.07183;1.06897;1.06615;0.00010;1.06694;0.00012;1.06732;1.06782;1.06881;0.00026;1.06870;1.06914;0.00067;1.06880;1.05611;0.00055;1.05650;1.05704;0.00307;1.05558;0.00114;1.05464;0.03882;0.02953;0.02396;0.01249;0.00764;0.00552;0.00696;1.01682;1.00097;0.00769;0.99236;0.96959;0.91676;0.90311;0.85987;0.01089;0.83953;0.81601;0.79582;0.77754;0.00337;0.77424;0.01142;0.75061;0.32460;0.27416;0.21357;0.18776;0.14432;0.12712;0.00901;0.11356;0.00084;0.11184;0.00310;0.10675;0.00008;0.10621;0.01004;0.00824;0.00146;0.00017;0.00028;0.08997;0.00669;0.08319;0.07897;0.07436;0.05270;0.04331;0.00201;0.00067;0.00014;0.00697;0.00195;0.00338;0.00015;0.00273;0.01319;0.03441;0.00983;0.01660;0.00416;0.00158;0.00174;0.03518;0.00156;0.02427;0.00317;0.01467;0.01260;0.01127;0.00895;0.00043;0.00122;0.00171;0.04935;0.41005;0.38145;0.29713;0.28324;0.23019;0.06076;0.00271;0.00123;0.16891;0.16622;0.00232;0.00239;0.00088;0.06314;0.01582;0.02137;0.02182;0.01361;0.03364;0.01186;0.00634;0.00347;0.00203;0.00083;0.01350;0.01309;0.00552;0.00744;0.00017;0.00037;0.00014;0.00013;0.00294;0.00162;0.00352;0.00419;0.00067;0.00052;0.00072;0.01050;0.00022;0.01827;0.00065;0.00345;0.00206;0.00197;0.00026
2020-05-31 00:00;1.61881;1.57596;0.00661;1.56951;0.04715;0.04687;0.00019;1.52239;0.00102;1.51143;0.00193;1.51017;0.00057;1.51057;0.00019;1.51026;1.50937;0.00095;1.51048;1.50737;0.00068;1.50774;0.00085;0.00039;0.00034;1.50748;0.00268;1.50539;1.49657;0.00486;1.48095;0.00155;1.47430;0.00029;1.47466;0.00102;1.47487;1.46811;1.46375;1.41650;1.41939;1.38908;1.38777;0.02808;1.36299;1.36124;0.02122;1.34311;1.34232;1.32600;1.30860;1.28204;1.27282;0.00033;1.27339;0.00019;1.27256;1.27299;1.27271;0.00075;1.27222;1.27087;0.00264;1.26833;1.23565;0.00068;1.23424;1.23051;0.00935;1.22203;0.00349;1.21839;0.05358;0.04131;0.03013;0.01200;0.00797;0.01110;0.00972;1.15905;1.13456;0.01185;1.12111;1.09324;1.03440;1.01936;0.97059;0.01264;0.94890;0.91996;0.89015;0.86600;0.00458;0.86170;0.01315;0.83017;0.37999;0.31452;0.24559;0.21670;0.17382;0.15209;0.01174;0.13527;0.00234;0.13149;0.00362;0.12274;0.00011;0.12209;0.00938;0.00714;0.00187;0.00046;0.00034;0.10700;0.00792;0.09902;0.09368;0.08753;0.04642;0.03539;0.00296;0.00164;0.00013;0.02675;0.00335;0.00468;0.00016;0.00395;0.01769;0.03271;0.00903;0.01621;0.00308;0.00120;0.00489;0.03957;0.00522;0.02510;0.00435;0.01434;0.01220;0.01059;0.00827;0.00056;0.00150;0.00178;0.06444;0.42705;0.38237;0.29395;0.27526;0.22638;0.05849;0.00339;0.00188;0.16718;0.16392;0.00376;0.00391;0.00113;0.05947;0.02162;0.02723;0.02850;0.01500;0.04028;0.01380;0.01009;0.00499;0.00254;0.00196;0.03230;0.03056;0.01223;0.01775;0.00051;0.00169;0.00031;0.00039;0.00909;0.00706;0.01759;0.01897;0.00298;0.00223;0.00254;0.03344;0.00040;0.04772;0.00337;0.00685;0.00891;0.00569;0.00104
2020-06-01 00:00;1.62603;1.59754;0.00261;1.59482;0.02043;0.02037;0.00002;1.57251;0.00034;1.55716;0.00223;1.55365;0.00031;1.55193;0.00013;1.54805;1.54766;0.00063;1.54418;1.53656;0.00038;1.53349;0.00039;0.00018;0.00019;1.53187;0.00074;1.52937;1.52556;0.00327;1.51419;0.00070;1.50873;0.00027;1.50691;0.00072;1.50479;1.49628;1.48713;1.43115;1.42738;1.38878;1.38619;0.03746;1.34234;1.33414;0.01863;1.30997;1.30260;1.28578;1.26843;1.25069;1.24113;0.00011;1.23812;0.00014;1.23543;1.23351;1.22787;0.00034;1.22718;1.22354;0.00103;1.22121;1.19130;0.00063;1.18547;1.17551;0.00686;1.16301;0.00219;1.16009;0.04412;0.03424;0.02611;0.01256;0.00762;0.00800;0.00759;1.09427;1.05363;0.01005;1.03981;0.99788;0.93107;0.91724;0.85553;0.01295;0.83314;0.80594;0.78152;0.75988;0.00338;0.75567;0.01190;0.72581;0.30685;0.26754;0.20155;0.17076;0.13161;0.11390;0.00923;0.10048;0.00109;0.09810;0.00261;0.09100;0.00010;0.09045;0.00728;0.00584;0.00119;0.00026;0.00017;0.07799;0.00664;0.07119;0.06682;0.06120;0.03193;0.02428;0.00208;0.00114;0.00013;0.01706;0.00188;0.00333;0.00016;0.00274;0.01296;0.02732;0.00825;0.01270;0.00266;0.00081;0.00326;0.03397;0.00312;0.02216;0.00445;0.01215;0.01058;0.00954;0.00748;0.00042;0.00092;0.00119;0.03832;0.38590;0.37102;0.28431;0.26875;0.22054;0.05599;0.00395;0.00187;0.16405;0.16172;0.00253;0.00297;0.00089;0.05485;0.01854;0.02274;0.02836;0.01379;0.03905;0.01407;0.00890;0.00433;0.00245;0.00131;0.02601;0.02544;0.01071;0.01449;0.00023;0.00048;0.00019;0.00017;0.00902;0.00327;0.00648;0.01023;0.00099;0.00087;0.00109;0.02815;0.00024;0.05534;0.00208;0.00842;0.00286;0.00383;0.00029
2020-06-02 00:00;1.21602;1.19576;0.00065;1.19494;0.00343;0.00338;0.00001;1.18945;0.00015;1.17679;0.00087;1.17423;0.00020;1.17209;0.00011;1.16808;1.16785;0.00049;1.16357;1.15688;0.00022;1.15313;0.00028;0.00015;0.00013;1.15122;0.00029;1.14863;1.14683;0.00111;1.13836;0.00034;1.13317;0.00026;1.13073;0.00052;1.12820;1.11967;1.11122;1.08413;1.07920;1.05785;1.05560;0.01671;1.03144;1.02499;0.00489;1.01399;1.00720;0.99923;0.98743;0.97557;0.97221;0.00006;0.96897;0.00012;0.96626;0.96415;0.95865;0.00019;0.95805;0.95458;0.00029;0.95289;0.93761;0.00059;0.93194;0.92288;0.00254;0.91426;0.00085;0.91262;0.03019;0.02312;0.01831;0.00833;0.00691;0.00468;0.00505;0.86407;0.82943;0.00581;0.81981;0.78459;0.72947;0.71982;0.67512;0.00983;0.65627;0.64008;0.62420;0.60818;0.00254;0.60490;0.00848;0.58342;0.21240;0.19126;0.13791;0.11245;0.08164;0.06885;0.00448;0.06157;0.00088;0.05971;0.00165;0.05485;0.00007;0.05458;0.00519;0.00413;0.00088;0.00023;0.00008;0.04552;0.00562;0.03975;0.03617;0.03081;0.01393;0.00786;0.00153;0.00087;0.00012;0.00905;0.00158;0.00263;0.00015;0.00219;0.00910;0.02081;0.00723;0.00847;0.00151;0.00048;0.00251;0.02713;0.00244;0.01691;0.00182;0.01026;0.00930;0.00852;0.00666;0.00036;0.00067;0.00060;0.02022;0.34988;0.34349;0.26418;0.25887;0.20908;0.05232;0.00356;0.00097;0.15639;0.15458;0.00196;0.00223;0.00052;0.04987;0.01311;0.01226;0.01410;0.00961;0.02881;0.00929;0.00546;0.00243;0.00164;0.00069;0.01113;0.01071;0.00484;0.00567;0.00011;0.00012;0.00012;0.00008;0.00279;0.00077;0.00112;0.00109;0.00018;0.00021;0.00033;0.00973;0.00019;0.02617;0.00059;0.00838;0.00063;0.00157;0.00009
2020-06-03 00:00;0.91216;0.89995;0.00031;0.89957;0.00238;0.00236;0.00001;0.89612;0.00014;0.88896;0.00037;0.88775;0.00018;0.88663;0.00011;0.88437;0.88422;0.00046;0.88193;0.87816;0.00021;0.87627;0.00026;0.00014;0.00012;0.87524;0.00028;0.87386;0.87286;0.00088;0.86842;0.00033;0.86577;0.00025;0.86453;0.00050;0.86312;0.85638;0.85227;0.84218;0.84003;0.83022;0.82914;0.00972;0.81622;0.81339;0.00214;0.80885;0.80605;0.80273;0.79796;0.79297;0.79145;0.00006;0.79015;0.00011;0.78902;0.78818;0.78596;0.00017;0.78564;0.78424;0.00027;0.78344;0.77432;0.00056;0.77171;0.76769;0.00157;0.76381;0.00062;0.76289;0.02617;0.01951;0.01603;0.00810;0.00625;0.00341;0.00498;0.72871;0.70708;0.00289;0.70195;0.67648;0.63036;0.62167;0.58644;0.00880;0.56920;0.55518;0.54299;0.52902;0.00245;0.52623;0.00807;0.50760;0.16527;0.15014;0.10498;0.08261;0.05630;0.04735;0.00428;0.04048;0.00058;0.03922;0.00161;0.03576;0.00004;0.03556;0.00296;0.00201;0.00078;0.00017;0.00008;0.02886;0.00488;0.02388;0.02121;0.01771;0.00637;0.00249;0.00128;0.00067;0.00013;0.00525;0.00117;0.00216;0.00015;0.00186;0.00620;0.01803;0.00623;0.00827;0.00169;0.00032;0.00171;0.02267;0.00153;0.01367;0.00044;0.00923;0.00814;0.00747;0.00574;0.00035;0.00056;0.00074;0.01428;0.32559;0.31926;0.25186;0.24779;0.19771;0.04822;0.00294;0.00090;0.14910;0.14734;0.00168;0.00191;0.00047;0.04457;0.01144;0.01106;0.01025;0.00866;0.02453;0.00862;0.00315;0.00219;0.00101;0.00061;0.00753;0.00729;0.00315;0.00405;0.00010;0.00011;0.00011;0.00008;0.00129;0.00043;0.00054;0.00064;0.00017;0.00015;0.00030;0.00470;0.00018;0.00969;0.00043;0.00667;0.00045;0.00132;0.00008
2020-06-04 00:00;0.79779;0.78933;0.00025;0.78904;0.00182;0.00179;0.00001;0.78659;0.00013;0.78212;0.00027;0.78138;0.00016;0.78070;0.00010;0.77917;0.77906;0.00044;0.77758;0.77501;0.00019;0.77385;0.00025;0.00014;0.00011;0.77315;0.00024;0.77226;0.77163;0.00077;0.76887;0.00030;0.76723;0.00024;0.76638;0.00047;0.76535;0.76265;0.76008;0.75307;0.75160;0.74426;0.74343;0.00724;0.73388;0.73172;0.00188;0.72808;0.72595;0.72337;0.71966;0.71581;0.71452;0.00005;0.71341;0.00011;0.71244;0.71171;0.70978;0.00016;0.70949;0.70827;0.00023;0.70757;0.69933;0.00054;0.69693;0.69323;0.00135;0.68972;0.00056;0.68888;0.02183;0.01606;0.01270;0.00536;0.00554;0.00329;0.00448;0.65960;0.63910;0.00346;0.63344;0.60876;0.56667;0.55980;0.52870;0.00786;0.51280;0.50159;0.49084;0.47763;0.00230;0.47499;0.00689;0.45806;0.13842;0.12731;0.08720;0.06739;0.04594;0.04010;0.00335;0.03451;0.00057;0.03335;0.00147;0.03025;0.00003;0.03007;0.00169;0.00080;0.00073;0.00015;0.00007;0.02511;0.00423;0.02079;0.01827;0.01491;0.00600;0.00237;0.00115;0.00057;0.00012;0.00406;0.00117;0.00210;0.00014;0.00181;0.00360;0.01418;0.00504;0.00709;0.00108;0.00030;0.00168;0.01972;0.00150;0.01142;0.00068;0.00775;0.00690;0.00634;0.00478;0.00033;0.00045;0.00051;0.01036;0.30516;0.29969;0.24014;0.23651;0.18648;0.04404;0.00244;0.00066;0.14210;0.14043;0.00158;0.00181;0.00044;0.03877;0.01075;0.00849;0.00752;0.00683;0.02125;0.00742;0.00291;0.00192;0.00127;0.00058;0.00685;0.00669;0.00282;0.00382;0.00010;0.00009;0.00011;0.00007;0.00111;0.00035;0.00039;0.00049;0.00013;0.00013;0.00027;0.00380;0.00017;0.00677;0.00029;0.00267;0.00031;0.00116;0.00007
2020-06-05 00:00;0.71465;0.70654;0.00022;0.70628;0.00146;0.00144;0.00001;0.70423;0.00012;0.70010;0.00018;0.69947;0.00014;0.69885;0.00009;0.69745;0.69735;0.00040;0.69599;0.69370;0.00018;0.69263;0.00023;0.00012;0.00010;0.69200;0.00022;0.69119;0.69065;0.00063;0.68823;0.00027;0.68677;0.00022;0.68600;0.00043;0.68507;0.68455;0.68229;0.67768;0.67637;0.66991;0.66919;0.00625;0.66090;0.65899;0.00160;0.65585;0.65400;0.65187;0.64873;0.64549;0.64437;0.00005;0.64341;0.00010;0.64258;0.64195;0.64029;0.00015;0.64003;0.63898;0.00021;0.63837;0.63099;0.00052;0.62888;0.62566;0.00118;0.62263;0.00051;0.62188;0.01727;0.01283;0.00996;0.00392;0.00462;0.00281;0.00400;0.59834;0.58028;0.00259;0.57570;0.55392;0.51580;0.51039;0.48234;0.00649;0.46822;0.45834;0.44836;0.43602;0.00214;0.43357;0.00572;0.41855;0.12065;0.11115;0.07569;0.05698;0.03868;0.03437;0.00269;0.02961;0.00044;0.02862;0.00133;0.02590;0.00003;0.02575;0.00145;0.00063;0.00067;0.00013;0.00006;0.02132;0.00353;0.01770;0.01544;0.01259;0.00558;0.00220;0.00104;0.00050;0.00011;0.00288;0.00093;0.00183;0.00014;0.00158;0.00217;0.01142;0.00369;0.00615;0.00065;0.00026;0.00123;0.01603;0.00108;0.00854;0.00039;0.00637;0.00559;0.00513;0.00372;0.00031;0.00036;0.00046;0.00885;0.28545;0.28092;0.22820;0.22506;0.17539;0.03960;0.00197;0.00064;0.13546;0.13388;0.00143;0.00161;0.00041;0.03225;0.00997;0.00729;0.00569;0.00538;0.01842;0.00624;0.00250;0.00174;0.00088;0.00055;0.00619;0.00604;0.00260;0.00338;0.00009;0.00008;0.00011;0.00007;0.00096;0.00030;0.00028;0.00033;0.00012;0.00011;0.00024;0.00330;0.00015;0.00439;0.00021;0.00049;0.00026;0.00100;0.00006
2020-06-06 00:00;0.76339;0.74733;0.00230;0.74508;0.01455;0.01445;0.00007;0.73045;0.00038;0.72609;0.00061;0.72566;0.00024;0.72572;0.00011;0.72531;0.72500;0.00052;0.72510;0.72381;0.00030;0.72384;0.00039;0.00019;0.00016;0.72364;0.00096;0.72286;0.71994;0.00178;0.71485;0.00063;0.71266;0.00022;0.71268;0.00055;0.71254;0.71000;0.70889;0.69373;0.69458;0.68397;0.68349;0.01087;0.67370;0.67321;0.00719;0.66727;0.66726;0.66232;0.65774;0.64938;0.64610;0.00014;0.64637;0.00012;0.64610;0.64628;0.64623;0.00034;0.64600;0.64560;0.00102;0.64467;0.63080;0.00053;0.63006;0.62857;0.00363;0.62543;0.00144;0.62399;0.02305;0.01689;0.01152;0.00393;0.00353;0.00535;0.00513;0.59954;0.58623;0.00621;0.57892;0.56077;0.52492;0.51915;0.49507;0.00671;0.48143;0.46950;0.45687;0.44345;0.00246;0.44106;0.00574;0.42684;0.13578;0.11650;0.08323;0.06707;0.05081;0.04531;0.00317;0.03975;0.00099;0.03823;0.00180;0.03488;0.00004;0.03461;0.00206;0.00088;0.00097;0.00023;0.00013;0.02942;0.00345;0.02593;0.02337;0.02045;0.00760;0.00283;0.00151;0.00081;0.00010;0.00852;0.00160;0.00236;0.00013;0.00199;0.00396;0.01106;0.00223;0.00693;0.00071;0.00034;0.00212;0.01674;0.00207;0.00887;0.00167;0.00554;0.00458;0.00396;0.00271;0.00031;0.00053;0.00067;0.01874;0.28086;0.26610;0.22181;0.21421;0.16509;0.03501;0.00165;0.00070;0.12972;0.12791;0.00185;0.00199;0.00054;0.02517;0.01133;0.01043;0.00698;0.00574;0.01983;0.00695;0.00476;0.00245;0.00163;0.00095;0.01378;0.01315;0.00500;0.00796;0.00023;0.00063;0.00017;0.00017;0.00324;0.00241;0.00514;0.00614;0.00098;0.00072;0.00090;0.01151;0.00021;0.01533;0.00080;0.00258;0.00295;0.00212;0.00036
2020-06-07 00:00;0.82312;0.80511;0.00221;0.80290;0.01218;0.01210;0.00005;0.79018;0.00024;0.78496;0.00094;0.78383;0.00018;0.78349;0.00010;0.78237;0.78217;0.00044;0.78136;0.77879;0.00024;0.77813;0.00029;0.00014;0.00013;0.77765;0.00054;0.77681;0.77489;0.00171;0.77052;0.00046;0.76864;0.00020;0.76820;0.00050;0.76756;0.76242;0.75974;0.73709;0.73645;0.72127;0.72041;0.01635;0.70278;0.70029;0.00819;0.69109;0.68915;0.68298;0.67679;0.66988;0.66571;0.00008;0.66502;0.00011;0.66427;0.66381;0.66232;0.00022;0.66203;0.66098;0.00060;0.66007;0.64599;0.00050;0.64409;0.64089;0.00342;0.63611;0.00118;0.63474;0.02061;0.01530;0.01115;0.00534;0.00335;0.00408;0.00456;0.60759;0.59009;0.00472;0.58366;0.56163;0.52340;0.51732;0.48474;0.00756;0.47043;0.45710;0.44388;0.43099;0.00217;0.42855;0.00644;0.41288;0.13908;0.12157;0.08896;0.07113;0.05335;0.04752;0.00511;0.04001;0.00058;0.03883;0.00177;0.03545;0.00005;0.03517;0.00212;0.00107;0.00086;0.00016;0.00013;0.02939;0.00245;0.02686;0.02423;0.02129;0.00753;0.00276;0.00135;0.00063;0.00011;0.00631;0.00118;0.00212;0.00012;0.00175;0.00355;0.01141;0.00140;0.00838;0.00179;0.00027;0.00148;0.01387;0.00134;0.00685;0.00082;0.00442;0.00343;0.00290;0.00183;0.00029;0.00043;0.00070;0.01712;0.25910;0.25043;0.20956;0.20398;0.15455;0.03022;0.00156;0.00088;0.12399;0.12241;0.00149;0.00167;0.00047;0.01647;0.01063;0.01090;0.01149;0.00605;0.01972;0.00802;0.00425;0.00236;0.00130;0.00080;0.01309;0.01272;0.00510;0.00749;0.00015;0.00030;0.00014;0.00011;0.00404;0.00171;0.00351;0.00480;0.00060;0.00051;0.00064;0.01286;0.00018;0.02256;0.00098;0.00513;0.00174;0.00209;0.00020
2020-06-08 00:00;0.72526;0.71239;0.00061;0.71171;0.00385;0.00382;0.00001;0.70687;0.00012;0.70042;0.00044;0.69924;0.00013;0.69826;0.00009;0.69624;0.69611;0.00036;0.69406;0.69059;0.00016;0.68884;0.00021;0.00011;0.00010;0.68790;0.00023;0.68662;0.68565;0.00083;0.68137;0.00027;0.67884;0.00019;0.67766;0.00040;0.67635;0.67324;0.66916;0.65631;0.65404;0.64238;0.64122;0.01090;0.62678;0.62341;0.00350;0.61704;0.61368;0.60921;0.60294;0.59662;0.59441;0.00005;0.59277;0.00010;0.59137;0.59029;0.58742;0.00015;0.58707;0.58525;0.00024;0.58429;0.57472;0.00048;0.57156;0.56657;0.00176;0.56162;0.00063;0.56056;0.01412;0.01008;0.00748;0.00348;0.00224;0.00251;0.00364;0.53662;0.51644;0.00219;0.51181;0.48831;0.45422;0.44967;0.41959;0.00643;0.40678;0.39677;0.38604;0.37506;0.00190;0.37272;0.00530;0.35853;0.11167;0.10180;0.07242;0.05573;0.04035;0.03536;0.00345;0.02994;0.00046;0.02891;0.00131;0.02594;0.00004;0.02576;0.00158;0.00080;0.00064;0.00012;0.00007;0.02124;0.00121;0.01994;0.01762;0.01478;0.00581;0.00220;0.00103;0.00049;0.00010;0.00373;0.00097;0.00183;0.00012;0.00157;0.00276;0.00878;0.00096;0.00639;0.00105;0.00025;0.00132;0.01105;0.00117;0.00499;0.00063;0.00341;0.00271;0.00230;0.00143;0.00027;0.00033;0.00043;0.00969;0.23344;0.22868;0.19660;0.19350;0.14344;0.02471;0.00148;0.00058;0.11844;0.11705;0.00130;0.00149;0.00037;0.00502;0.00868;0.00736;0.00773;0.00452;0.01443;0.00609;0.00233;0.00157;0.00075;0.00054;0.00747;0.00721;0.00312;0.00398;0.00009;0.00010;0.00011;0.00007;0.00192;0.00061;0.00101;0.00113;0.00018;0.00020;0.00028;0.00616;0.00014;0.01244;0.00039;0.00305;0.00044;0.00119;0.00007
2020-06-09 00:00;0.62522;0.61213;0.00102;0.61109;0.00639;0.00634;0.00003;0.60401;0.00020;0.59815;0.00055;0.59713;0.00014;0.59649;0.00009;0.59501;0.59481;0.00038;0.59347;0.59071;0.00019;0.58954;0.00026;0.00013;0.00011;0.58885;0.00047;0.58774;0.58611;0.00111;0.58150;0.00038;0.57906;0.00019;0.57830;0.00043;0.57742;0.57643;0.57337;0.56187;0.56074;0.55213;0.55129;0.00861;0.54095;0.53889;0.00314;0.53455;0.53268;0.52946;0.52478;0.51954;0.51795;0.00006;0.51731;0.00010;0.51665;0.51624;0.51504;0.00017;0.51482;0.51401;0.00034;0.51341;0.50571;0.00047;0.50416;0.50177;0.00168;0.49903;0.00066;0.49823;0.01335;0.00916;0.00653;0.00426;0.00084;0.00260;0.00375;0.48070;0.46682;0.00316;0.46219;0.44405;0.41335;0.40870;0.38204;0.00623;0.37006;0.35954;0.35007;0.34015;0.00179;0.33817;0.00527;0.32581;0.09919;0.08876;0.06312;0.04839;0.03416;0.02984;0.00334;0.02457;0.00037;0.02374;0.00127;0.02138;0.00003;0.02122;0.00142;0.00068;0.00060;0.00011;0.00007;0.01696;0.00051;0.01638;0.01441;0.01239;0.00535;0.00214;0.00093;0.00042;0.00010;0.00245;0.00080;0.00160;0.00011;0.00138;0.00248;0.00867;0.00103;0.00631;0.00123;0.00021;0.00096;0.00967;0.00084;0.00450;0.00037;0.00315;0.00235;0.00196;0.00128;0.00026;0.00032;0.00055;0.01028;0.21472;0.20911;0.18634;0.18276;0.13149;0.01793;0.00136;0.00068;0.11326;0.11192;0.00119;0.00133;0.00036;0.00275;0.00788;0.00848;0.00776;0.00462;0.01412;0.00624;0.00263;0.00171;0.00108;0.00056;0.00687;0.00661;0.00268;0.00385;0.00011;0.00018;0.00011;0.00008;0.00147;0.00070;0.00208;0.00184;0.00044;0.00034;0.00046;0.00558;0.00015;0.01130;0.00065;0.00096;0.00129;0.00148;0.00017
2020-06-10 00:00;0.58974;0.58172;0.00059;0.58111;0.00586;0.00583;0.00002;0.57487;0.00018;0.57069;0.00044;0.57002;0.00013;0.56967;0.00008;0.56864;0.56849;0.00036;0.56766;0.56566;0.00018;0.56498;0.00024;0.00012;0.00010;0.56451;0.00040;0.56376;0.56249;0.00107;0.55920;0.00035;0.55758;0.00018;0.55709;0.00041;0.55646;0.55309;0.55100;0.53873;0.53800;0.52890;0.52819;0.00957;0.51728;0.51534;0.00420;0.51011;0.50840;0.50451;0.49982;0.49427;0.49216;0.00007;0.49136;0.00010;0.49053;0.48999;0.48841;0.00018;0.48814;0.48704;0.00043;0.48625;0.47695;0.00046;0.47489;0.47157;0.00201;0.46783;0.00078;0.46681;0.01276;0.00877;0.00636;0.00308;0.00166;0.00237;0.00347;0.44780;0.43234;0.00257;0.42796;0.40891;0.37941;0.37539;0.35029;0.00562;0.33943;0.33012;0.32036;0.31075;0.00168;0.30879;0.00458;0.29735;0.08644;0.07722;0.05356;0.04052;0.02789;0.02474;0.00264;0.02040;0.00031;0.01966;0.00110;0.01759;0.00002;0.01745;0.00122;0.00056;0.00053;0.00010;0.00006;0.01383;0.00035;0.01342;0.01168;0.01019;0.00493;0.00197;0.00084;0.00037;0.00009;0.00153;0.00061;0.00139;0.00011;0.00117;0.00137;0.00729;0.00082;0.00525;0.00078;0.00019;0.00057;0.00802;0.00059;0.00388;0.00040;0.00266;0.00203;0.00167;0.00116;0.00023;0.00030;0.00039;0.00907;0.20005;0.19482;0.17493;0.17162;0.11624;0.00773;0.00125;0.00049;0.10825;0.10701;0.00107;0.00113;0.00033;0.00254;0.00759;0.00729;0.00630;0.00399;0.01274;0.00546;0.00242;0.00152;0.00076;0.00061;0.00813;0.00786;0.00306;0.00472;0.00012;0.00023;0.00012;0.00009;0.00195;0.00099;0.00213;0.00254;0.00040;0.00034;0.00044;0.00692;0.00015;0.01215;0.00046;0.00335;0.00108;0.00137;0.00014
2020-06-11 00:00;0.56745;0.56122;0.00055;0.56068;0.00545;0.00542;0.00002;0.55508;0.00018;0.55239;0.00052;0.55192;0.00013;0.55190;0.00008;0.55150;0.55138;0.00036;0.55128;0.55027;0.00018;0.55038;0.00024;0.00012;0.00010;0.55030;0.00042;0.55009;0.54901;0.00109;0.54747;0.00035;0.54716;0.00018;0.54734;0.00040;0.54734;0.54575;0.54605;0.53228;0.53343;0.52692;0.52714;0.01035;0.51902;0.52022;0.00511;0.51780;0.52043;0.52047;0.52362;0.52562;0.52326;0.00009;0.52514;0.00010;0.52646;0.52770;0.53064;0.00022;0.53073;0.53246;0.00060;0.53273;0.52295;0.00046;0.52552;0.52973;0.00272;0.53136;0.00100;0.53093;0.02230;0.01561;0.01122;0.00593;0.00132;0.00438;0.00584;0.51773;0.51506;0.00675;0.50886;0.49931;0.46932;0.46201;0.43603;0.00815;0.42371;0.40542;0.39042;0.37798;0.00266;0.37584;0.00831;0.36146;0.13261;0.09942;0.07402;0.06235;0.04410;0.03944;0.00620;0.03004;0.00049;0.02914;0.00202;0.02668;0.00005;0.02631;0.00220;0.00110;0.00089;0.00009;0.00017;0.02047;0.00040;0.02004;0.01774;0.01673;0.00778;0.00304;0.00113;0.00036;0.00010;0.00174;0.00097;0.00200;0.00010;0.00166;0.00257;0.01351;0.00163;0.00988;0.00256;0.00018;0.00053;0.01056;0.00056;0.00662;0.00068;0.00385;0.00240;0.00165;0.00112;0.00030;0.00070;0.00127;0.03289;0.21547;0.18999;0.17217;0.16077;0.10841;0.00336;0.00139;0.00121;0.10464;0.10271;0.00152;0.00141;0.00065;0.00641;0.01092;0.01816;0.01649;0.00729;0.02058;0.00933;0.00547;0.00300;0.00163;0.00070;0.01217;0.01182;0.00502;0.00670;0.00015;0.00034;0.00013;0.00011;0.00266;0.00149;0.00219;0.00337;0.00041;0.00034;0.00043;0.00892;0.00014;0.01399;0.00060;0.00163;0.00118;0.00144;0.00015
2020-06-12 00:00;0.66500;0.66358;0.00026;0.66334;0.00251;0.00249;0.00001;0.66097;0.00011;0.66094;0.00029;0.66081;0.00012;0.66089;0.00008;0.66070;0.66065;0.00033;0.66060;0.65989;0.00015;0.65988;0.00018;0.00010;0.00008;0.65974;0.00021;0.65956;0.65918;0.00070;0.65838;0.00024;0.65796;0.00017;0.65770;0.00035;0.65726;0.65539;0.65440;0.64456;0.64406;0.63518;0.63464;0.00970;0.62353;0.62171;0.00363;0.61668;0.61472;0.61107;0.60653;0.60112;0.59874;0.00005;0.59729;0.00009;0.59600;0.59501;0.59231;0.00014;0.59197;0.59021;0.00028;0.58924;0.57750;0.00044;0.57431;0.56914;0.00186;0.56385;0.00067;0.56272;0.01608;0.01166;0.00888;0.00352;0.00270;0.00269;0.00393;0.53581;0.51197;0.00478;0.50457;0.47945;0.44335;0.43817;0.40281;0.00723;0.39139;0.37785;0.36236;0.35000;0.00209;0.34740;0.00699;0.33077;0.12086;0.10097;0.07314;0.05941;0.04373;0.03791;0.00483;0.03101;0.00060;0.02983;0.00142;0.02665;0.00005;0.02642;0.00168;0.00087;0.00067;0.00014;0.00009;0.02196;0.00091;0.02099;0.01871;0.01657;0.00620;0.00231;0.00105;0.00052;0.00009;0.00536;0.00102;0.00195;0.00011;0.00160;0.00382;0.00989;0.00130;0.00700;0.00136;0.00025;0.00141;0.01083;0.00135;0.00697;0.00214;0.00295;0.00218;0.00169;0.00122;0.00025;0.00042;0.00053;0.01966;0.19177;0.18348;0.15822;0.15156;0.10324;0.00270;0.00159;0.00085;0.10026;0.09887;0.00136;0.00157;0.00045;0.00399;0.01022;0.01099;0.01387;0.00515;0.01748;0.00720;0.00439;0.00218;0.00119;0.00053;0.00969;0.00948;0.00436;0.00504;0.00009;0.00012;0.00010;0.00007;0.00214;0.00075;0.00088;0.00155;0.00017;0.00018;0.00025;0.00728;0.00012;0.00977;0.00029;0.00187;0.00039;0.00101;0.00006
2020-06-13 00:00;0.58265;0.57238;0.00019;0.57212;0.00123;0.00120;0.00001;0.56994;0.00009;0.56387;0.00017;0.56292;0.00012;0.56192;0.00007;0.55994;0.55983;0.00031;0.55778;0.55456;0.00014;0.55280;0.00017;0.00009;0.00008;0.55189;0.00017;0.55066;0.54993;0.00053;0.54611;0.00021;0.54370;0.00017;0.54253;0.00034;0.54127;0.54038;0.53659;0.53163;0.52932;0.52014;0.51906;0.00663;0.50888;0.50577;0.00163;0.50120;0.49784;0.49411;0.48843;0.48249;0.48113;0.00004;0.47942;0.00009;0.47797;0.47685;0.47393;0.00012;0.47359;0.47175;0.00017;0.47084;0.46292;0.00044;0.45973;0.45473;0.00112;0.45029;0.00045;0.44940;0.01237;0.00880;0.00731;0.00369;0.00239;0.00143;0.00325;0.42732;0.40738;0.00201;0.40297;0.38229;0.35186;0.34777;0.32108;0.00563;0.31200;0.30263;0.29272;0.28324;0.00162;0.28117;0.00498;0.26883;0.08692;0.07895;0.05653;0.04540;0.03245;0.02786;0.00232;0.02389;0.00037;0.02303;0.00102;0.02061;0.00003;0.02048;0.00116;0.00055;0.00050;0.00011;0.00005;0.01693;0.00064;0.01621;0.01436;0.01261;0.00477;0.00185;0.00087;0.00044;0.00009;0.00392;0.00073;0.00144;0.00010;0.00123;0.00263;0.00723;0.00088;0.00520;0.00096;0.00020;0.00103;0.00725;0.00093;0.00442;0.00086;0.00255;0.00191;0.00158;0.00112;0.00022;0.00027;0.00043;0.00784;0.17129;0.16744;0.14527;0.14288;0.09847;0.00213;0.00146;0.00042;0.09610;0.09498;0.00107;0.00126;0.00030;0.00212;0.00748;0.00701;0.00632;0.00406;0.01315;0.00533;0.00233;0.00122;0.00067;0.00044;0.00576;0.00555;0.00259;0.00287;0.00008;0.00007;0.00009;0.00006;0.00106;0.00032;0.00032;0.00034;0.00010;0.00011;0.00018;0.00375;0.00012;0.00454;0.00023;0.00082;0.00020;0.00087;0.00005
2020-06-14 00:00;0.46609;0.45751;0.00016;0.45730;0.00106;0.00104;0.00001;0.45552;0.00008;0.45073;0.00014;0.45001;0.00010;0.44924;0.00006;0.44772;0.44763;0.00027;0.44606;0.44360;0.00012;0.44229;0.00015;0.00008;0.00007;0.44159;0.00015;0.44066;0.44010;0.00046;0.43724;0.00019;0.43547;0.00015;0.43461;0.00030;0.43366;0.43322;0.43049;0.42680;0.42513;0.41872;0.41793;0.00540;0.41003;0.40778;0.00124;0.40454;0.40224;0.39976;0.39606;0.39229;0.39133;0.00004;0.39027;0.00008;0.38937;0.38868;0.38689;0.00010;0.38666;0.38556;0.00015;0.38498;0.37924;0.00041;0.37720;0.37412;0.00092;0.37132;0.00039;0.37069;0.00847;0.00560;0.00451;0.00231;0.00079;0.00102;0.00260;0.35648;0.34283;0.00203;0.33921;0.32349;0.29947;0.29642;0.27607;0.00447;0.26924;0.26266;0.25469;0.24647;0.00150;0.24472;0.00401;0.23536;0.06869;0.06229;0.04430;0.03621;0.02611;0.02279;0.00237;0.01911;0.00036;0.01838;0.00093;0.01639;0.00002;0.01629;0.00103;0.00047;0.00046;0.00010;0.00004;0.01322;0.00048;0.01268;0.01109;0.00975;0.00436;0.00177;0.00079;0.00040;0.00008;0.00243;0.00068;0.00129;0.00009;0.00111;0.00198;0.00590;0.00063;0.00433;0.00063;0.00019;0.00094;0.00534;0.00082;0.00315;0.00040;0.00216;0.00168;0.00140;0.00102;0.00019;0.00022;0.00030;0.00627;0.15751;0.15419;0.13701;0.13477;0.09427;0.00193;0.00126;0.00045;0.09213;0.09115;0.00092;0.00106;0.00025;0.00188;0.00650;0.00502;0.00450;0.00303;0.00987;0.00420;0.00171;0.00119;0.00071;0.00040;0.00448;0.00435;0.00195;0.00236;0.00007;0.00006;0.00009;0.00005;0.00078;0.00023;0.00021;0.00024;0.00009;0.00010;0.00016;0.00251;0.00011;0.00340;0.00017;0.00039;0.00018;0.00073;0.00004
2020-06-15 00:00;0.40057;0.39480;0.00018;0.39460;0.00107;0.00105;0.00001;0.39305;0.00011;0.39011;0.00016;0.38965;0.00014;0.38919;0.00010;0.38800;0.38793;0.00041;0.38687;0.38497;0.00018;0.38422;0.00023;0.00013;0.00010;0.38373;0.00019;0.38318;0.38282;0.00059;0.38116;0.00027;0.38017;0.00023;0.37961;0.00043;0.37887;0.37864;0.37715;0.37418;0.37330;0.36876;0.36825;0.00510;0.36177;0.36055;0.00127;0.35844;0.35742;0.35622;0.35457;0.35291;0.35205;0.00004;0.35159;0.00009;0.35117;0.35086;0.35006;0.00012;0.34988;0.34939;0.00017;0.34904;0.34382;0.00044;0.34264;0.34093;0.00096;0.33918;0.00042;0.33867;0.00885;0.00561;0.00479;0.00289;0.00115;0.00079;0.00295;0.32687;0.31588;0.00177;0.31285;0.29942;0.27628;0.27280;0.25396;0.00456;0.24799;0.24113;0.23400;0.22632;0.00142;0.22474;0.00360;0.21690;0.06203;0.05609;0.04059;0.03484;0.02411;0.02130;0.00203;0.01779;0.00028;0.01715;0.00089;0.01546;0.00002;0.01535;0.00103;0.00044;0.00047;0.00009;0.00004;0.01220;0.00041;0.01172;0.01017;0.00895;0.00423;0.00172;0.00075;0.00035;0.00008;0.00176;0.00063;0.00128;0.00010;0.00111;0.00143;0.00627;0.00070;0.00448;0.00058;0.00017;0.00081;0.00529;0.00070;0.00311;0.00025;0.00225;0.00173;0.00142;0.00099;0.00022;0.00024;0.00035;0.00581;0.14702;0.14401;0.12958;0.12738;0.09060;0.00178;0.00109;0.00040;0.08858;0.08745;0.00102;0.00112;0.00029;0.00201;0.00611;0.00547;0.00418;0.00345;0.01042;0.00453;0.00180;0.00119;0.00062;0.00045;0.00469;0.00457;0.00197;0.00257;0.00008;0.00007;0.00009;0.00006;0.00079;0.00024;0.00022;0.00026;0.00010;0.00010;0.00020;0.00244;0.00015;0.00285;0.00020;0.00022;0.00018;0.00105;0.00005
2020-06-16 00:00;0.37154;0.36673;0.00015;0.36656;0.00097;0.00096;0.00001;0.36530;0.00007;0.36314;0.00012;0.36281;0.00010;0.36249;0.00006;0.36171;0.36165;0.00028;0.36093;0.35955;0.00013;0.35900;0.00016;0.00008;0.00007;0.35865;0.00015;0.35821;0.35791;0.00045;0.35659;0.00020;0.35578;0.00015;0.35534;0.00031;0.35478;0.35465;0.35341;0.35077;0.35003;0.34590;0.34546;0.00493;0.33931;0.33806;0.00121;0.33589;0.33470;0.33327;0.33113;0.32873;0.32786;0.00004;0.32715;0.00007;0.32651;0.32603;0.32473;0.00010;0.32454;0.32373;0.00014;0.32327;0.31817;0.00040;0.31651;0.31400;0.00087;0.31158;0.00037;0.31101;0.00693;0.00444;0.00364;0.00190;0.00066;0.00074;0.00224;0.29912;0.28703;0.00141;0.28413;0.27053;0.24958;0.24699;0.22995;0.00375;0.22524;0.22001;0.21283;0.20580;0.00121;0.20436;0.00304;0.19709;0.05195;0.04695;0.03290;0.02759;0.01908;0.01709;0.00163;0.01437;0.00022;0.01383;0.00076;0.01233;0.00002;0.01225;0.00080;0.00036;0.00036;0.00007;0.00004;0.00977;0.00026;0.00946;0.00824;0.00735;0.00388;0.00162;0.00065;0.00030;0.00007;0.00111;0.00042;0.00097;0.00008;0.00083;0.00076;0.00468;0.00049;0.00342;0.00039;0.00013;0.00041;0.00399;0.00044;0.00239;0.00014;0.00174;0.00136;0.00113;0.00082;0.00015;0.00018;0.00023;0.00490;0.13825;0.13547;0.12262;0.12067;0.08651;0.00157;0.00094;0.00030;0.08477;0.08391;0.00071;0.00078;0.00021;0.00156;0.00550;0.00394;0.00286;0.00257;0.00833;0.00357;0.00137;0.00096;0.00052;0.00038;0.00416;0.00405;0.00184;0.00217;0.00007;0.00005;0.00009;0.00005;0.00075;0.00023;0.00020;0.00024;0.00009;0.00009;0.00015;0.00232;0.00011;0.00252;0.00014;0.00011;0.00016;0.00076;0.00004
2020-06-17 00:00;0.34213;0.33700;0.00014;0.33683;0.00096;0.00093;0.00002;0.33541;0.00011;0.33261;0.00017;0.33213;0.00015;0.33168;0.00010;0.33046;0.33038;0.00042;0.32928;0.32737;0.00018;0.32660;0.00023;0.00013;0.00010;0.32610;0.00020;0.32554;0.32518;0.00057;0.32353;0.00027;0.32253;0.00024;0.32195;0.00044;0.32116;0.32105;0.31952;0.31658;0.31561;0.31087;0.31031;0.00488;0.30386;0.30257;0.00118;0.30045;0.29932;0.29803;0.29622;0.29441;0.29360;0.00004;0.29311;0.00008;0.29267;0.29236;0.29151;0.00011;0.29135;0.29085;0.00015;0.29051;0.28536;0.00041;0.28421;0.28257;0.00087;0.28093;0.00038;0.28045;0.00669;0.00400;0.00330;0.00172;0.00073;0.00066;0.00243;0.27099;0.26166;0.00148;0.25909;0.24839;0.22994;0.22736;0.21281;0.00334;0.20856;0.20358;0.19726;0.19071;0.00126;0.18934;0.00278;0.18346;0.04737;0.04206;0.03210;0.02811;0.01944;0.01786;0.00163;0.01493;0.00025;0.01440;0.00084;0.01302;0.00002;0.01292;0.00098;0.00042;0.00046;0.00009;0.00004;0.00998;0.00029;0.00964;0.00827;0.00737;0.00389;0.00159;0.00067;0.00031;0.00007;0.00104;0.00052;0.00114;0.00010;0.00097;0.00056;0.00530;0.00056;0.00380;0.00024;0.00015;0.00046;0.00416;0.00050;0.00251;0.00015;0.00187;0.00146;0.00118;0.00081;0.00020;0.00023;0.00027;0.00519;0.13036;0.12808;0.11656;0.11454;0.08328;0.00151;0.00082;0.00035;0.08156;0.08052;0.00090;0.00093;0.00026;0.00190;0.00524;0.00412;0.00270;0.00256;0.00786;0.00306;0.00136;0.00100;0.00050;0.00040;0.00461;0.00451;0.00179;0.00270;0.00007;0.00006;0.00009;0.00005;0.00073;0.00023;0.00020;0.00024;0.00009;0.00010;0.00021;0.00239;0.00013;0.00281;0.00022;0.00009;0.00016;0.00105;0.00006
2020-06-18 00:00;0.31277;0.30852;0.00013;0.30838;0.00085;0.00084;0.00001;0.30726;0.00007;0.30533;0.00011;0.30503;0.00009;0.30474;0.00006;0.30402;0.30397;0.00026;0.30331;0.30206;0.00012;0.30157;0.00014;0.00008;0.00006;0.30126;0.00015;0.30085;0.30059;0.00043;0.29943;0.00019;0.29874;0.00014;0.29835;0.00028;0.29786;0.29777;0.29670;0.29411;0.29350;0.28974;0.28937;0.00469;0.28369;0.28263;0.00112;0.28077;0.27982;0.27866;0.27691;0.27494;0.27415;0.00003;0.27356;0.00007;0.27303;0.27262;0.27152;0.00009;0.27136;0.27067;0.00012;0.27027;0.26547;0.00037;0.26403;0.26185;0.00079;0.25971;0.00034;0.25919;0.00510;0.00312;0.00256;0.00126;0.00043;0.00052;0.00176;0.24969;0.23943;0.00085;0.23725;0.22646;0.20977;0.20786;0.19387;0.00265;0.19051;0.18686;0.18059;0.17486;0.00095;0.17369;0.00224;0.16866;0.03963;0.03575;0.02658;0.02250;0.01556;0.01410;0.00143;0.01179;0.00016;0.01134;0.00059;0.01009;0.00001;0.01002;0.00064;0.00028;0.00029;0.00006;0.00003;0.00797;0.00021;0.00772;0.00668;0.00590;0.00311;0.00137;0.00053;0.00025;0.00006;0.00084;0.00033;0.00081;0.00006;0.00070;0.00042;0.00378;0.00037;0.00281;0.00015;0.00009;0.00030;0.00309;0.00036;0.00184;0.00009;0.00133;0.00105;0.00087;0.00063;0.00012;0.00014;0.00017;0.00381;0.12393;0.12135;0.11045;0.10893;0.07944;0.00129;0.00071;0.00020;0.07802;0.07732;0.00056;0.00064;0.00016;0.00122;0.00446;0.00287;0.00203;0.00190;0.00607;0.00247;0.00094;0.00070;0.00029;0.00034;0.00399;0.00389;0.00164;0.00222;0.00006;0.00005;0.00008;0.00005;0.00069;0.00021;0.00019;0.00022;0.00008;0.00009;0.00015;0.00221;0.00009;0.00249;0.00013;0.00007;0.00014;0.00072;0.00004
2020-06-19 00:00;0.28898;0.28488;0.00013;0.28473;0.00079;0.00076;0.00001;0.28354;0.00009;0.28101;0.00013;0.28058;0.00013;0.28016;0.00008;0.27907;0.27900;0.00038;0.27801;0.27621;0.00016;0.27547;0.00019;0.00011;0.00007;0.27503;0.00016;0.27451;0.27420;0.00049;0.27263;0.00024;0.27166;0.00021;0.27111;0.00040;0.27037;0.27028;0.26883;0.26585;0.26491;0.26067;0.26016;0.00454;0.25408;0.25280;0.00108;0.25075;0.24959;0.24830;0.24646;0.24462;0.24387;0.00004;0.24338;0.00007;0.24295;0.24263;0.24181;0.00010;0.24166;0.24117;0.00014;0.24086;0.23633;0.00037;0.23526;0.23378;0.00078;0.23230;0.00034;0.23187;0.00493;0.00296;0.00245;0.00127;0.00049;0.00048;0.00175;0.22448;0.21720;0.00107;0.21527;0.20790;0.19431;0.19249;0.18131;0.00236;0.17833;0.17489;0.16821;0.16311;0.00095;0.16209;0.00206;0.15830;0.03730;0.03183;0.02479;0.02225;0.01586;0.01477;0.00143;0.01240;0.00020;0.01200;0.00074;0.01091;0.00002;0.01080;0.00092;0.00040;0.00044;0.00008;0.00004;0.00833;0.00026;0.00803;0.00697;0.00635;0.00357;0.00148;0.00061;0.00028;0.00007;0.00094;0.00041;0.00090;0.00008;0.00075;0.00041;0.00414;0.00044;0.00303;0.00028;0.00010;0.00032;0.00304;0.00037;0.00186;0.00013;0.00137;0.00106;0.00082;0.00056;0.00014;0.00020;0.00022;0.00538;0.11711;0.11529;0.10556;0.10377;0.07650;0.00128;0.00061;0.00026;0.07506;0.07427;0.00065;0.00068;0.00022;0.00162;0.00410;0.00315;0.00224;0.00180;0.00543;0.00217;0.00093;0.00071;0.00030;0.00035;0.00401;0.00391;0.00158;0.00231;0.00007;0.00005;0.00008;0.00005;0.00067;0.00021;0.00018;0.00022;0.00008;0.00009;0.00016;0.00205;0.00012;0.00284;0.00016;0.00007;0.00013;0.00094;0.00004
2020-06-20 00:00;0.26106;0.25792;0.00011;0.25780;0.00071;0.00071;0.00000;0.25685;0.00006;0.25531;0.00009;0.25506;0.00008;0.25481;0.00005;0.25422;0.25418;0.00022;0.25363;0.25257;0.00010;0.25217;0.00012;0.00007;0.00005;0.25192;0.00012;0.25159;0.25137;0.00036;0.25044;0.00016;0.24989;0.00012;0.24959;0.00025;0.24918;0.24911;0.24828;0.24571;0.24525;0.24222;0.24194;0.00434;0.23689;0.23607;0.00103;0.23454;0.23387;0.23303;0.23180;0.23037;0.22966;0.00003;0.22923;0.00006;0.22884;0.22854;0.22773;0.00008;0.22759;0.22709;0.00011;0.22678;0.22274;0.00034;0.22160;0.21993;0.00072;0.21821;0.00031;0.21777;0.00395;0.00243;0.00198;0.00095;0.00029;0.00041;0.00134;0.21040;0.20230;0.00067;0.20056;0.19337;0.18100;0.17956;0.16867;0.00195;0.16620;0.16338;0.15731;0.15281;0.00074;0.15189;0.00175;0.14828;0.03256;0.02891;0.02213;0.01913;0.01356;0.01238;0.00127;0.01041;0.00013;0.01004;0.00053;0.00896;0.00002;0.00889;0.00059;0.00026;0.00027;0.00006;0.00003;0.00713;0.00019;0.00690;0.00598;0.00530;0.00277;0.00114;0.00046;0.00022;0.00005;0.00081;0.00027;0.00072;0.00006;0.00062;0.00034;0.00318;0.00030;0.00243;0.00016;0.00007;0.00020;0.00221;0.00027;0.00126;0.00008;0.00086;0.00064;0.00049;0.00031;0.00009;0.00012;0.00014;0.00359;0.11183;0.10971;0.10021;0.09902;0.07309;0.00109;0.00054;0.00018;0.07189;0.07138;0.00048;0.00055;0.00013;0.00106;0.00362;0.00231;0.00184;0.00142;0.00443;0.00179;0.00073;0.00055;0.00021;0.00030;0.00345;0.00336;0.00146;0.00187;0.00006;0.00004;0.00008;0.00004;0.00064;0.00020;0.00017;0.00020;0.00008;0.00008;0.00012;0.00191;0.00008;0.00250;0.00011;0.00006;0.00012;0.00062;0.00003
2020-06-21 00:00;0.24569;0.24244;0.00011;0.24230;0.00068;0.00066;0.00001;0.24134;0.00008;0.23948;0.00011;0.23915;0.00011;0.23882;0.00007;0.23794;0.23789;0.00031;0.23711;0.23562;0.00014;0.23503;0.00016;0.00010;0.00006;0.23466;0.00014;0.23424;0.23398;0.00046;0.23265;0.00020;0.23184;0.00017;0.23139;0.00033;0.23078;0.23070;0.22947;0.22663;0.22587;0.22221;0.22178;0.00425;0.21618;0.21500;0.00101;0.21308;0.21198;0.21073;0.20892;0.20702;0.20629;0.00003;0.20577;0.00007;0.20530;0.20495;0.20404;0.00009;0.20389;0.20334;0.00012;0.20301;0.19928;0.00035;0.19813;0.19648;0.00073;0.19487;0.00032;0.19444;0.00387;0.00236;0.00194;0.00097;0.00036;0.00040;0.00130;0.18764;0.18072;0.00075;0.17914;0.17469;0.16487;0.16356;0.15532;0.00173;0.15312;0.15067;0.14590;0.14218;0.00075;0.14134;0.00153;0.13808;0.02936;0.02436;0.01892;0.01672;0.01186;0.01095;0.00120;0.00908;0.00014;0.00876;0.00052;0.00791;0.00001;0.00784;0.00057;0.00025;0.00025;0.00005;0.00002;0.00625;0.00018;0.00604;0.00522;0.00475;0.00275;0.00119;0.00047;0.00021;0.00005;0.00065;0.00027;0.00070;0.00006;0.00059;0.00032;0.00299;0.00030;0.00222;0.00014;0.00007;0.00020;0.00202;0.00027;0.00117;0.00009;0.00077;0.00057;0.00041;0.00023;0.00010;0.00013;0.00015;0.00493;0.10579;0.10454;0.09606;0.09459;0.07028;0.00103;0.00048;0.00019;0.06914;0.06862;0.00049;0.00054;0.00014;0.00121;0.00330;0.00213;0.00150;0.00130;0.00401;0.00162;0.00073;0.00050;0.00021;0.00032;0.00312;0.00302;0.00145;0.00154;0.00006;0.00005;0.00008;0.00005;0.00064;0.00020;0.00017;0.00021;0.00008;0.00009;0.00013;0.00187;0.00010;0.00272;0.00012;0.00006;0.00011;0.00079;0.00004
2020-06-22 00:00;0.22153;0.21824;0.00010;0.21812;0.00063;0.00062;0.00000;0.21724;0.00005;0.21569;0.00008;0.21542;0.00007;0.21514;0.00004;0.21454;0.21450;0.00018;0.21391;0.21284;0.00009;0.21238;0.00010;0.00006;0.00004;0.21211;0.00010;0.21175;0.21153;0.00032;0.21048;0.00013;0.20985;0.00010;0.20952;0.00021;0.20911;0.20904;0.20808;0.20567;0.20513;0.20207;0.20177;0.00411;0.19684;0.19592;0.00098;0.19433;0.19355;0.19262;0.19128;0.18979;0.18910;0.00003;0.18867;0.00006;0.18829;0.18799;0.18719;0.00007;0.18706;0.18657;0.00011;0.18628;0.18294;0.00032;0.18185;0.18027;0.00067;0.17867;0.00029;0.17825;0.00320;0.00199;0.00162;0.00075;0.00022;0.00034;0.00104;0.17189;0.16508;0.00051;0.16372;0.15909;0.15192;0.15086;0.14437;0.00144;0.14255;0.14050;0.13589;0.13263;0.00065;0.13185;0.00136;0.12869;0.02479;0.02123;0.01622;0.01404;0.01016;0.00930;0.00108;0.00770;0.00010;0.00743;0.00045;0.00660;0.00001;0.00655;0.00040;0.00014;0.00020;0.00004;0.00002;0.00533;0.00015;0.00515;0.00441;0.00393;0.00213;0.00080;0.00038;0.00018;0.00004;0.00053;0.00020;0.00059;0.00005;0.00051;0.00027;0.00215;0.00022;0.00158;0.00013;0.00005;0.00016;0.00155;0.00018;0.00088;0.00006;0.00058;0.00043;0.00032;0.00020;0.00007;0.00009;0.00010;0.00350;0.10125;0.09976;0.09145;0.09047;0.06737;0.00091;0.00042;0.00016;0.06638;0.06600;0.00040;0.00045;0.00010;0.00095;0.00298;0.00167;0.00121;0.00105;0.00336;0.00135;0.00059;0.00040;0.00016;0.00029;0.00279;0.00270;0.00136;0.00131;0.00006;0.00004;0.00008;0.00004;0.00062;0.00019;0.00016;0.00019;0.00007;0.00008;0.00010;0.00178;0.00007;0.00232;0.00009;0.00006;0.00011;0.00052;0.00003
2020-06-23 00:00;0.20555;0.20197;0.00018;0.20177;0.00076;0.00075;0.00001;0.20076;0.00006;0.19927;0.00010;0.19898;0.00009;0.19869;0.00006;0.19792;0.19788;0.00026;0.19722;0.19593;0.00011;0.19543;0.00013;0.00008;0.00005;0.19512;0.00013;0.19475;0.19452;0.00039;0.19337;0.00018;0.19267;0.00014;0.19229;0.00027;0.19180;0.19173;0.19069;0.18811;0.18748;0.18430;0.18396;0.00399;0.17893;0.17794;0.00097;0.17630;0.17552;0.17464;0.17353;0.17257;0.17194;0.00003;0.17178;0.00006;0.17164;0.17156;0.17137;0.00008;0.17129;0.17126;0.00012;0.17116;0.16867;0.00033;0.16845;0.16846;0.00068;0.16828;0.00030;0.16807;0.00310;0.00191;0.00156;0.00075;0.00027;0.00032;0.00101;0.16597;0.16594;0.00052;0.16574;0.16701;0.16498;0.16393;0.16385;0.00127;0.16246;0.15963;0.15501;0.15218;0.00067;0.15177;0.00134;0.15032;0.04144;0.02818;0.02353;0.02269;0.01607;0.01532;0.00154;0.01266;0.00020;0.01237;0.00085;0.01159;0.00003;0.01131;0.00097;0.00046;0.00041;0.00003;0.00008;0.00891;0.00017;0.00874;0.00765;0.00725;0.00409;0.00181;0.00055;0.00016;0.00004;0.00071;0.00042;0.00102;0.00005;0.00080;0.00027;0.00593;0.00055;0.00462;0.00105;0.00004;0.00015;0.00335;0.00016;0.00250;0.00027;0.00107;0.00065;0.00033;0.00018;0.00010;0.00031;0.00040;0.01319;0.10887;0.09880;0.09276;0.08679;0.06573;0.00129;0.00041;0.00033;0.06429;0.06354;0.00055;0.00053;0.00028;0.00297;0.00281;0.00340;0.00201;0.00103;0.00303;0.00122;0.00061;0.00040;0.00016;0.00030;0.00255;0.00246;0.00137;0.00107;0.00006;0.00005;0.00008;0.00004;0.00061;0.00019;0.00016;0.00019;0.00007;0.00008;0.00011;0.00173;0.00008;0.00248;0.00010;0.00005;0.00010;0.00068;0.00003
2020-06-24 00:00;0.55001;0.50782;0.00881;0.49931;0.04885;0.04845;0.00027;0.45189;0.00089;0.45331;0.00144;0.45417;0.00039;0.45663;0.00012;0.46020;0.45956;0.00062;0.46477;0.46839;0.00050;0.47263;0.00065;0.00029;0.00024;0.47429;0.00242;0.47497;0.46819;0.00396;0.46215;0.00130;0.46147;0.00014;0.46447;0.00067;0.46730;0.46404;0.47018;0.44529;0.45414;0.44602;0.44766;0.02404;0.43699;0.44423;0.02417;0.43250;0.44241;0.43169;0.43293;0.41546;0.40401;0.00049;0.40851;0.00020;0.41008;0.41311;0.41882;0.00105;0.41868;0.42032;0.00402;0.41800;0.39132;0.00056;0.39540;0.39964;0.01285;0.39511;0.00487;0.39085;0.04151;0.03366;0.02091;0.00613;0.00214;0.01290;0.00609;0.36211;0.37498;0.00848;0.36920;0.37655;0.36866;0.36287;0.35878;0.00445;0.35401;0.34252;0.32524;0.31397;0.00283;0.31238;0.00552;0.29854;0.13936;0.09067;0.07330;0.06903;0.05732;0.05185;0.00748;0.04163;0.00133;0.03982;0.00216;0.03588;0.00007;0.03545;0.00211;0.00093;0.00097;0.00017;0.00021;0.03115;0.00162;0.02958;0.02729;0.02623;0.00915;0.00338;0.00144;0.00069;0.00004;0.01293;0.00144;0.00232;0.00005;0.00185;0.00460;0.01077;0.00122;0.00749;0.00126;0.00026;0.00152;0.01185;0.00183;0.00856;0.00286;0.00306;0.00191;0.00097;0.00065;0.00025;0.00096;0.00117;0.04834;0.15281;0.11078;0.09979;0.08472;0.07001;0.00340;0.00085;0.00130;0.06630;0.06455;0.00184;0.00174;0.00074;0.00816;0.01099;0.01417;0.01488;0.00577;0.01557;0.00624;0.00668;0.00363;0.00145;0.00248;0.03051;0.02780;0.01170;0.01523;0.00074;0.00267;0.00040;0.00056;0.01188;0.01073;0.01628;0.02447;0.00275;0.00204;0.00220;0.02580;0.00028;0.02644;0.00194;0.00353;0.00815;0.00413;0.00095
2020-06-25 00:00;0.88202;0.86056;0.00309;0.85746;0.02026;0.02022;0.00001;0.83660;0.00021;0.83062;0.00166;0.82884;0.00017;0.82859;0.00005;0.82745;0.82724;0.00030;0.82656;0.82345;0.00022;0.82276;0.00019;0.00008;0.00011;0.82232;0.00047;0.82148;0.81900;0.00243;0.81343;0.00043;0.81131;0.00010;0.81086;0.00037;0.81017;0.80288;0.79864;0.76542;0.76413;0.73460;0.73310;0.04152;0.68837;0.68266;0.02292;0.65613;0.65084;0.63283;0.61869;0.60162;0.58799;0.00009;0.58528;0.00010;0.58280;0.58103;0.57545;0.00032;0.57480;0.57120;0.00124;0.56871;0.54099;0.00043;0.53542;0.52539;0.00911;0.51068;0.00274;0.50721;0.03119;0.02628;0.01791;0.00596;0.00482;0.00825;0.00311;0.45283;0.42358;0.00664;0.41401;0.38971;0.36165;0.35671;0.32838;0.00490;0.32235;0.31187;0.29278;0.28070;0.00160;0.27826;0.00549;0.25916;0.11406;0.08885;0.06514;0.05558;0.04511;0.04002;0.00623;0.03220;0.00046;0.03108;0.00120;0.02768;0.00006;0.02742;0.00119;0.00068;0.00043;0.00009;0.00008;0.02458;0.00103;0.02348;0.02178;0.01972;0.00579;0.00196;0.00093;0.00048;0.00004;0.00880;0.00061;0.00121;0.00005;0.00087;0.00275;0.00584;0.00088;0.00399;0.00064;0.00012;0.00104;0.00950;0.00101;0.00706;0.00303;0.00165;0.00114;0.00068;0.00050;0.00011;0.00042;0.00043;0.02495;0.12769;0.11652;0.09389;0.08399;0.06915;0.00239;0.00138;0.00077;0.06659;0.06582;0.00079;0.00100;0.00037;0.00433;0.01035;0.00818;0.01389;0.00492;0.01629;0.00611;0.00635;0.00243;0.00112;0.00137;0.02398;0.02343;0.01097;0.01221;0.00024;0.00055;0.00018;0.00017;0.01315;0.00445;0.00562;0.01304;0.00080;0.00073;0.00081;0.02485;0.00013;0.03303;0.00145;0.00727;0.00225;0.00259;0.00020
2020-06-26 00:00;0.61984;0.59987;0.00062;0.59907;0.00262;0.00258;0.00001;0.59434;0.00008;0.58155;0.00058;0.57918;0.00007;0.57702;0.00004;0.57320;0.57298;0.00018;0.56876;0.56248;0.00008;0.55859;0.00012;0.00006;0.00005;0.55672;0.00018;0.55408;0.55225;0.00058;0.54343;0.00015;0.53788;0.00009;0.53546;0.00020;0.53310;0.52514;0.51636;0.50002;0.49476;0.47437;0.47210;0.01565;0.44854;0.44192;0.00490;0.43048;0.42340;0.41508;0.40288;0.39001;0.38626;0.00005;0.38308;0.00008;0.38041;0.37834;0.37295;0.00013;0.37241;0.36900;0.00025;0.36739;0.35548;0.00039;0.35032;0.34207;0.00253;0.33388;0.00076;0.33238;0.01743;0.01448;0.01059;0.00214;0.00517;0.00377;0.00158;0.29841;0.27640;0.00259;0.27130;0.25599;0.23927;0.23679;0.22232;0.00285;0.21883;0.21261;0.20154;0.19486;0.00084;0.19352;0.00303;0.18365;0.06157;0.04904;0.03536;0.02978;0.02203;0.01964;0.00250;0.01600;0.00017;0.01546;0.00067;0.01383;0.00003;0.01368;0.00068;0.00034;0.00027;0.00003;0.00004;0.01187;0.00017;0.01164;0.01041;0.00911;0.00365;0.00134;0.00053;0.00019;0.00004;0.00207;0.00031;0.00076;0.00005;0.00060;0.00052;0.00400;0.00046;0.00286;0.00047;0.00005;0.00023;0.00475;0.00025;0.00350;0.00094;0.00100;0.00064;0.00036;0.00021;0.00009;0.00026;0.00030;0.01245;0.11416;0.10591;0.08613;0.08220;0.06635;0.00195;0.00130;0.00031;0.06428;0.06369;0.00051;0.00052;0.00021;0.00213;0.00541;0.00489;0.00560;0.00247;0.00906;0.00276;0.00286;0.00086;0.00046;0.00044;0.00774;0.00727;0.00399;0.00306;0.00009;0.00013;0.00010;0.00007;0.00316;0.00089;0.00120;0.00115;0.00017;0.00020;0.00018;0.00804;0.00008;0.01534;0.00046;0.00780;0.00055;0.00082;0.00006
2020-06-27 00:00;0.38598;0.37390;0.00038;0.37344;0.00278;0.00276;0.00001;0.36961;0.00009;0.36236;0.00020;0.36128;0.00006;0.36020;0.00004;0.35819;0.35804;0.00017;0.35591;0.35264;0.00009;0.35071;0.00012;0.00006;0.00005;0.34976;0.00021;0.34836;0.34718;0.00050;0.34228;0.00017;0.33932;0.00008;0.33814;0.00019;0.33697;0.33160;0.32741;0.31973;0.31744;0.30740;0.30630;0.00911;0.29377;0.29059;0.00252;0.28524;0.28194;0.27748;0.27148;0.26485;0.26317;0.00005;0.26178;0.00007;0.26056;0.25969;0.25733;0.00013;0.25705;0.25556;0.00028;0.25474;0.24787;0.00037;0.24543;0.24165;0.00148;0.23797;0.00054;0.23714;0.01160;0.00970;0.00741;0.00131;0.00421;0.00222;0.00142;0.21892;0.20894;0.00164;0.20639;0.20039;0.19184;0.19003;0.18194;0.00197;0.17961;0.17471;0.16711;0.16263;0.00073;0.16179;0.00198;0.15563;0.04608;0.03518;0.02753;0.02519;0.01968;0.01875;0.00300;0.01490;0.00017;0.01462;0.00095;0.01361;0.00003;0.01343;0.00112;0.00059;0.00043;0.00003;0.00010;0.01097;0.00017;0.01079;0.00984;0.00922;0.00461;0.00192;0.00057;0.00014;0.00004;0.00091;0.00044;0.00083;0.00005;0.00062;0.00042;0.00431;0.00046;0.00328;0.00068;0.00004;0.00015;0.00380;0.00015;0.00289;0.00097;0.00093;0.00059;0.00036;0.00023;0.00008;0.00022;0.00031;0.01082;0.10611;0.09838;0.08352;0.07973;0.06379;0.00178;0.00111;0.00036;0.06190;0.06136;0.00047;0.00048;0.00020;0.00205;0.00377;0.00454;0.00505;0.00179;0.00576;0.00205;0.00162;0.00074;0.00037;0.00043;0.00517;0.00495;0.00259;0.00228;0.00009;0.00014;0.00009;0.00007;0.00142;0.00062;0.00104;0.00137;0.00022;0.00019;0.00021;0.00461;0.00007;0.00724;0.00024;0.00529;0.00056;0.00065;0.00007
2020-06-28 00:00;0.29534;0.28730;0.00035;0.28692;0.00255;0.00253;0.00001;0.28389;0.00008;0.28028;0.00015;0.27978;0.00006;0.27935;0.00004;0.27845;0.27836;0.00016;0.27749;0.27599;0.00008;0.27527;0.00011;0.00005;0.00005;0.27488;0.00018;0.27429;0.27362;0.00045;0.27148;0.00015;0.27035;0.00008;0.26996;0.00018;0.26952;0.26806;0.26678;0.26168;0.26124;0.25589;0.25563;0.00684;0.24847;0.24791;0.00264;0.24547;0.24564;0.24484;0.24520;0.24562;0.24430;0.00005;0.24509;0.00007;0.24568;0.24625;0.24764;0.00012;0.24767;0.24859;0.00028;0.24877;0.24453;0.00036;0.24592;0.24846;0.00143;0.24972;0.00055;0.24954;0.01232;0.00980;0.00717;0.00132;0.00307;0.00259;0.00203;0.24332;0.24726;0.00209;0.24622;0.24973;0.24626;0.24409;0.24366;0.00212;0.24163;0.23668;0.22629;0.22081;0.00147;0.21989;0.00301;0.21411;0.08825;0.05816;0.04693;0.04406;0.03542;0.03200;0.00343;0.02659;0.00075;0.02551;0.00157;0.02311;0.00005;0.02279;0.00150;0.00071;0.00064;0.00008;0.00014;0.01973;0.00081;0.01893;0.01751;0.01676;0.00653;0.00244;0.00089;0.00033;0.00003;0.00645;0.00083;0.00133;0.00004;0.00108;0.00236;0.00719;0.00087;0.00485;0.00084;0.00011;0.00078;0.00662;0.00081;0.00465;0.00087;0.00186;0.00109;0.00050;0.00032;0.00013;0.00059;0.00077;0.02988;0.12468;0.09909;0.08891;0.07772;0.06352;0.00274;0.00102;0.00063;0.06056;0.05936;0.00110;0.00104;0.00051;0.00570;0.00524;0.00621;0.00516;0.00216;0.00624;0.00248;0.00202;0.00103;0.00036;0.00042;0.00557;0.00539;0.00304;0.00230;0.00009;0.00015;0.00009;0.00007;0.00146;0.00069;0.00095;0.00145;0.00019;0.00018;0.00019;0.00428;0.00007;0.00502;0.00018;0.00144;0.00046;0.00057;0.00006
2020-06-29 00:00;0.53690;0.50151;0.00591;0.49579;0.03490;0.03464;0.00018;0.46165;0.00066;0.45980;0.00185;0.45925;0.00015;0.46073;0.00009;0.46248;0.46196;0.00041;0.46482;0.46575;0.00031;0.46788;0.00049;0.00022;0.00019;0.46858;0.00180;0.46832;0.46285;0.00324;0.45552;0.00097;0.45321;0.00010;0.45460;0.00050;0.45590;0.45221;0.45302;0.42579;0.43003;0.41923;0.41934;0.01569;0.40942;0.41094;0.01211;0.40384;0.40636;0.40027;0.39316;0.38131;0.37676;0.00018;0.37852;0.00011;0.37926;0.38037;0.38243;0.00040;0.38234;0.38298;0.00141;0.38219;0.36856;0.00042;0.36963;0.37062;0.00514;0.36805;0.00189;0.36638;0.01607;0.01186;0.00829;0.00278;0.00223;0.00353;0.00305;0.35284;0.35327;0.00489;0.34904;0.34718;0.33638;0.33227;0.31806;0.00365;0.31427;0.30016;0.28458;0.27704;0.00145;0.27580;0.00461;0.26638;0.12770;0.08850;0.06980;0.06299;0.04987;0.04538;0.00812;0.03459;0.00047;0.03369;0.00197;0.03098;0.00007;0.03060;0.00216;0.00121;0.00077;0.00005;0.00020;0.02580;0.00058;0.02521;0.02339;0.02188;0.00822;0.00303;0.00101;0.00027;0.00004;0.00525;0.00085;0.00146;0.00005;0.00107;0.00245;0.01028;0.00141;0.00730;0.00203;0.00006;0.00057;0.01035;0.00054;0.00808;0.00324;0.00240;0.00124;0.00057;0.00036;0.00014;0.00066;0.00113;0.03902;0.13029;0.10497;0.08968;0.07653;0.06247;0.00313;0.00124;0.00119;0.05906;0.05778;0.00100;0.00094;0.00057;0.00652;0.00701;0.01462;0.01525;0.00410;0.01110;0.00471;0.00430;0.00183;0.00090;0.00105;0.01496;0.01405;0.00583;0.00794;0.00028;0.00090;0.00018;0.00021;0.00475;0.00373;0.01170;0.01102;0.00206;0.00152;0.00165;0.01823;0.00021;0.02798;0.00212;0.00383;0.00607;0.00338;0.00070
