Écoulement vers le réseau hydrographique (couche 1) (surface) (m3/s);ONDE CINEMATIQUE ( VERSION 4.4.0.0000 )
date heure\uhrh;1;2;3;4;5;6;7;8;9;10;11;12;13;14;15;16;17;18;19;20;21;22;23;24;25;26;27;28;29;30;31;32;33;34;35;36;37;38;39;40;41;42;43;44;45;46;47;48;49;50;51;52;53;54;55;56;57;58;59;60;61;62;63;64;65;66;67;68;69;70;71;72;73;74;75;76;77;78;79;80;81;82;83;84;85;86;87;88;89;90;91;92;93;94;95;96;97;98;99;100;101;102;103;104;105;106;107;108;109;110;111;112;113;114;115;116;117;118;119;120;121;122;123;124;125;126;127;128;129;130;131;132;133;134;135;136;137;138;139;140;141;142;143;144;145;146;147;148;149;150;151;152;153;154;155;156;157;158;159;160;161;162;163;164;165;166;167;168;169;170;171;172;173;174;175;176;177;178;179;180;181;182;183;184;185;186;187;188;189;190;191;192;193;194;195;196;197;198;199;200;201;202;203;204;205;206;207;208;209;210;211;212;213;214;215;216;217;218;219;220;221;222;223;224;225;226;227;228;229;230;231;232;233;234;235;236;237;238;239;240;241;242;243;244;245;246;247;248;249;250;251;252;253;254;255;256;257;258;259;260;261;262;263;264;265;266;267;268;269;270;271;272;273;274;275;276;277;278;279;280;281;282;283;284;285;286;287;288;289;290;291;292;293;294;295;296;297;298;299;300;301;302;303;304;305;306;307;308;309;310;311;312;313;314;315;316;317;318;319;320;321;322;323;324;325;326;327;328;329;330;331;332;333;334;335;336;337;338;339;340;341;342;343;344;345;346;347;348;349;350;351;352;353;354;355;356;357;358;359;360;361;362;363;364;365;366;367;368;369;370;371;372;373;374;375;376;377;378;379;380;381;382;383;384;385;386;387;388;389;390;391;392;393;394;395;396;397;398;399;400;401;402;403;404;405;406;407;408;409;410;411;412;413;414;415;416;417;418;419;420;421;422;423;424;425;426;427;428;429;430;431;432;433;434;435;436;437;438;439;440;441;442;443;444;445;446;447;448;449;450;451;452;453;454;455;456;457;458;459;460;461;462;463;464;465;466;467;468;469;470;471;472;473;474;475;476;477;478;479;480;481;482;483;484;485;486;487;488;489;490;491;492;493;494;495
2020-01-01 00:00;0.01537;0.01162;0.00001;0.00283;0.00011;0.00003;0.00001;0.00076;0.00001;0.00001;0.00095;0.00602;0.01797;0.00003;0.00001;0.00001;0.00886;0.00144;0.00032;0.00002;0.00000;0.00006;0.00030;0.00000;0.00001;0.00204;0.00007;0.00027;0.00001;0.00004;0.00000;0.00004;0.00144;0.00001;0.00002;0.00000;0.00001;0.00042;0.00023;0.00003;0.00015;0.00000;0.00035;0.00051;0.00055;0.00025;0.00001;0.00001;0.00018;0.00013;0.00020;0.00001;0.00001;0.00005;0.00002;0.00000;0.00000;0.00010;0.00000;0.00015;0.00038;0.00000;0.00064;0.00024;0.00027;0.00009;0.00351;0.00299;0.00001;0.00288;0.00065;0.00276;0.00013;0.00003;0.00041;0.00003;0.00041;0.00000;0.00001;0.00000;0.00016;0.00007;0.00001;0.00026;0.00000;0.00001;0.00066;0.00262;0.00000;0.00012;0.00000;0.00037;0.00113;0.00194;0.00000;0.00017;0.00094;0.00033;0.00018;0.02055;2.85419;0.08485;0.00139;0.00093;0.00319;0.00062;0.00105;0.74214;0.00453;0.00193;0.00225;0.00326;0.00400;0.00402;0.01157;0.01054;0.00053;0.00083;0.00452;0.00668;0.00637;0.00191;0.01248;0.00408;0.00356;0.01715;0.00255;0.01974;0.00111;0.00175;0.00830;0.03976;0.00022;0.00010;0.01000;0.00865;0.02064;0.00378;0.00988;0.00127;0.00497;0.00141;0.00104;0.06418;0.00609;0.00594;0.03069;0.01900;0.00305;0.02496;0.26066;0.02069;0.05849;0.00944;0.01117;0.01258;0.00684;0.61047;0.00091;0.00056;0.00421;0.00222;0.25397;0.57707;0.10811;0.04748;0.03100;0.00445;0.00630;0.07498;0.17248;0.00000;0.00860;0.00000;0.00000;0.00719;0.00000;0.00263;0.10827;0.00119;0.00155;0.00853;0.00000;0.02534;0.01786;0.00203;0.00083;0.00214;0.00195;0.01370;0.02156;0.01370;0.00376;0.00984;0.00000;0.00000;0.00612;0.00844;0.00046;0.00175;0.00000;0.00030;0.01451;0.00018;0.00115;0.00163;0.06825;0.00141;0.00203;0.00000;0.00000;0.00000;0.00000;0.00425;0.00062;0.03993;0.00790;0.00556;0.00028;0.02277;0.00132;0.00057;0.00000;0.01779;0.00795;0.01142;0.00292;0.00591;0.00038;0.00093;0.00407;0.00452;0.00113;0.01557;0.00000;0.00089;0.00000;0.00139;0.00052;0.00054;0.00000;0.00011;0.00456;0.00029;0.00383;0.00000;0.00044;0.00019;0.00000;0.00015;0.00368;0.00144;0.00031;0.00000;0.00149;0.00000;0.00122;0.00046;0.00042;0.00000;0.00000;0.00000;0.00000;0.00000;0.00046;0.00000;0.00000;0.00137;0.00000;0.00023;0.00000;0.00061;0.00000;0.00125;0.01097;0.00684;0.00405;0.00560;0.00000;0.00327;0.00337;0.00141;0.00000;0.00000;0.00000;0.00000;0.00000;0.00000;0.00000;0.00830;0.01145;0.00362;0.00050;0.00059;0.00000;0.00048;0.00022;0.00000;0.00000;0.00000;0.00105;0.00000;0.00127;0.00000;0.00150;0.00388;0.00302;0.00000;0.00104;0.00014;0.00207;0.00672;0.00507;0.00051;0.00081;0.00237;0.00000;0.00000;0.00032;0.00000;0.00000;0.00000;0.00072;0.00306;0.00007;0.00000;0.00042;0.00000;0.00578;0.00000;0.00608;0.00006;0.00000;0.00000;0.00000;0.00000;0.00000;0.00000;0.00000;0.00031;0.00000;0.00009;0.00015;0.00007;0.00018;0.00059;0.00085;0.00058;0.00097;0.00054;0.02653;0.07229;0.00000;0.03866;0.03540;0.01648;0.01668;0.00103;0.01399;0.00083;0.03085;0.02356;0.00000;0.00000;0.00000;0.00000;0.01003;0.01652;0.00000;0.00000;0.00051;0.00464;0.00000;0.00467;0.00000;0.00270;0.00000;0.00082;0.00127;0.00125;0.00125;0.20098;0.00000;0.03224;0.00000;0.00000;0.00155;0.00091;0.00082;0.00014;0.00084;0.00004;0.00118;0.00120;0.00003;0.00000;0.01214;0.00199;0.00157;0.00772;0.01979;0.00000;0.02019;0.01130;0.00699;0.00000;0.00004;0.04488;0.00252;0.01070;0.00000;0.00743;0.00214;0.00103;0.00081;0.01692;0.00087;0.00385;0.01174;0.00000;0.00488;0.00255;0.00090;0.00027;0.00110;0.01369;0.18716;0.00187;0.00234;0.00127;0.00176;0.00468;0.97507;0.05823;0.07864;0.00211;0.00227;0.04611;0.00719;0.00819;0.02199;0.01316;0.00570;0.00266;0.03132;0.00791;0.01888;0.01321;0.00316;0.01302;0.56646;0.01278;0.13506;0.02450;0.04259;0.10268;0.01141;0.02440;0.00241;0.00123;0.00252;0.14006;0.01535;0.00016;0.00060;0.01589;0.00284;0.00076;0.00000;0.00103;0.00010;0.00399;0.00608;1.38904;0.00002;0.00003;0.00004;0.00000;0.00001;0.07052;0.00001;0.00032;0.00146;0.00013;0.00047;0.00736;0.00058;0.00014;0.00315;0.00144;0.00084;0.00055;0.00026;0.00000;0.00011
2020-01-02 00:00;0.02569;0.01512;0.00002;0.00391;0.00030;0.00007;0.00004;0.00112;0.00004;0.00004;0.00092;0.00945;0.01952;0.00006;0.00002;0.00002;0.01157;0.00232;0.00054;0.00003;0.00000;0.00013;0.00049;0.00000;0.00002;0.00131;0.00014;0.00048;0.00002;0.00007;0.00000;0.00009;0.00188;0.00002;0.00003;0.00000;0.00001;0.00066;0.00041;0.00005;0.00021;0.00000;0.00069;0.00094;0.00117;0.00042;0.00002;0.00004;0.00019;0.00025;0.00036;0.00004;0.00004;0.00010;0.00005;0.00000;0.00000;0.00015;0.00000;0.00030;0.00064;0.00000;0.00126;0.00026;0.00049;0.00016;0.00590;0.00499;0.00002;0.00280;0.00133;0.00456;0.00027;0.00007;0.00046;0.00005;0.00072;0.00000;0.00002;0.00000;0.00032;0.00009;0.00002;0.00032;0.00000;0.00003;0.00095;0.00386;0.00000;0.00023;0.00000;0.00069;0.00164;0.00251;0.00000;0.00031;0.00132;0.00055;0.00019;0.02760;2.02665;0.08895;0.00274;0.00221;0.00570;0.00134;0.00201;0.62134;0.00807;0.00436;0.00456;0.00607;0.00763;0.00840;0.02264;0.02089;0.00008;0.00006;0.00034;0.00053;0.00059;0.00013;0.00134;0.00046;0.00028;0.00154;0.00012;0.00207;0.00007;0.00012;0.00072;0.00409;0.00001;0.00000;0.00077;0.00064;0.00197;0.00033;0.00084;0.00013;0.00042;0.00006;0.00004;0.00674;0.00045;0.00054;0.00297;0.00171;0.00017;0.00227;0.03050;0.00179;0.00545;0.00078;0.00089;0.00127;0.00046;0.13447;0.00011;0.00000;0.00039;0.00012;0.05405;0.13437;0.01081;0.00472;0.00278;0.00033;0.00045;0.00924;0.01785;0.00000;0.00270;0.00000;0.00000;0.00304;0.00000;0.00077;0.01341;0.00040;0.00036;0.00176;0.00000;0.00529;0.00300;0.00031;0.00007;0.00033;0.00041;0.00495;0.00642;0.00241;0.00074;0.00230;0.00000;0.00000;0.00169;0.00130;0.00008;0.00018;0.00000;0.00005;0.00587;0.00001;0.00018;0.00032;0.01308;0.00020;0.00028;0.00000;0.00000;0.00000;0.00000;0.00072;0.00010;0.00652;0.00252;0.00099;0.00007;0.01247;0.00013;0.00009;0.00000;0.00323;0.00169;0.00256;0.00059;0.00103;0.00004;0.00016;0.00091;0.00102;0.00019;0.00829;0.00000;0.00029;0.00000;0.00037;0.00015;0.00010;0.00000;0.00002;0.00176;0.00006;0.00094;0.00000;0.00008;0.00003;0.00000;0.00003;0.00116;0.00024;0.00006;0.00000;0.00038;0.00000;0.00090;0.00009;0.00008;0.00000;0.00000;0.00000;0.00000;0.00000;0.00011;0.00000;0.00000;0.00061;0.00000;0.00013;0.00000;0.00011;0.00000;0.00040;0.00450;0.00165;0.00078;0.00120;0.00000;0.00076;0.00089;0.00028;0.00000;0.00000;0.00000;0.00000;0.00000;0.00000;0.00000;0.00536;0.00494;0.00223;0.00009;0.00011;0.00000;0.00018;0.00004;0.00000;0.00000;0.00000;0.00025;0.00000;0.00035;0.00000;0.00065;0.00209;0.00051;0.00000;0.00022;0.00003;0.00067;0.00161;0.00101;0.00008;0.00013;0.00143;0.00000;0.00000;0.00008;0.00000;0.00000;0.00000;0.00012;0.00079;0.00001;0.00000;0.00018;0.00000;0.00108;0.00000;0.00276;0.00001;0.00000;0.00000;0.00000;0.00000;0.00000;0.00000;0.00000;0.00006;0.00000;0.00001;0.00002;0.00001;0.00003;0.00010;0.00012;0.00011;0.00016;0.00017;0.00762;0.01281;0.00000;0.00688;0.00585;0.00153;0.00283;0.00038;0.00222;0.00015;0.00516;0.01195;0.00000;0.00000;0.00000;0.00000;0.00559;0.00798;0.00000;0.00000;0.00011;0.00081;0.00000;0.00078;0.00000;0.00128;0.00000;0.00014;0.00055;0.00021;0.00022;0.00967;0.00000;0.01871;0.00000;0.00000;0.00058;0.00016;0.00013;0.00005;0.00015;0.00001;0.00056;0.00020;0.00000;0.00000;0.00213;0.00033;0.00027;0.00142;0.00357;0.00000;0.00340;0.00293;0.00395;0.00000;0.00000;0.02229;0.00049;0.00299;0.00000;0.00152;0.00047;0.00018;0.00035;0.00540;0.00014;0.00082;0.00457;0.00000;0.00091;0.00082;0.00016;0.00003;0.00059;0.00117;0.02119;0.00013;0.00027;0.00004;0.00015;0.00041;0.21081;0.00550;0.00855;0.00013;0.00011;0.01215;0.00062;0.00068;0.00221;0.00119;0.00041;0.00026;0.00303;0.00050;0.00200;0.00121;0.00019;0.00135;0.14625;0.00092;0.01640;0.01597;0.00434;0.01219;0.01783;0.03645;0.00410;0.00254;0.00482;0.12114;0.02003;0.00045;0.00107;0.02118;0.00549;0.00124;0.00000;0.00129;0.00017;0.00537;0.00837;0.56633;0.00003;0.00005;0.00007;0.00000;0.00004;0.07336;0.00002;0.00055;0.00091;0.00023;0.00090;0.00849;0.00106;0.00028;0.00430;0.00124;0.00099;0.00051;0.00040;0.00000;0.00019
2020-01-03 00:00;0.08941;0.04499;0.00006;0.01318;0.00107;0.00025;0.00013;0.00411;0.00013;0.00014;0.00369;0.03477;0.06912;0.00023;0.00006;0.00006;0.03964;0.00869;0.00198;0.00013;0.00000;0.00045;0.00183;0.00000;0.00006;0.00536;0.00052;0.00179;0.00006;0.00025;0.00000;0.00032;0.00694;0.00006;0.00013;0.00000;0.00007;0.00243;0.00159;0.00019;0.00077;0.00000;0.00255;0.00370;0.00408;0.00163;0.00007;0.00013;0.00077;0.00093;0.00135;0.00014;0.00013;0.00038;0.00020;0.00000;0.00000;0.00053;0.00000;0.00110;0.00233;0.00000;0.00466;0.00093;0.00179;0.00058;0.02161;0.01813;0.00007;0.01008;0.00476;0.01668;0.00099;0.00027;0.00166;0.00019;0.00266;0.00000;0.00006;0.00000;0.00114;0.00038;0.00006;0.00114;0.00000;0.00013;0.00347;0.01417;0.00000;0.00086;0.00000;0.00271;0.00599;0.00931;0.00000;0.00124;0.00477;0.00235;0.00085;0.08931;2.19524;0.29655;0.01073;0.00831;0.02192;0.00509;0.00770;0.38893;0.03083;0.01722;0.01673;0.02373;0.02832;0.03289;0.03913;0.01854;0.00000;0.00000;0.00001;0.00001;0.00000;0.00000;0.00000;0.00002;0.00001;0.00000;0.00000;0.00000;0.00000;0.00000;0.00002;0.00006;0.00000;0.00000;0.00000;0.00000;0.00001;0.00001;0.00002;0.00000;0.00000;0.00000;0.00000;0.00008;0.00001;0.00002;0.00003;0.00005;0.00000;0.00000;0.00000;0.00005;0.00008;0.00002;0.00002;0.00004;0.00000;0.00999;0.00001;0.00000;0.00001;0.00000;0.00364;0.01038;0.00027;0.00003;0.00003;0.00000;0.00000;0.00044;0.00013;0.00000;0.00038;0.00000;0.00000;0.00058;0.00000;0.00010;0.00068;0.00007;0.00003;0.00019;0.00000;0.00058;0.00025;0.00002;0.00000;0.00002;0.00004;0.00083;0.00069;0.00019;0.00007;0.00023;0.00000;0.00000;0.00016;0.00007;0.00000;0.00000;0.00000;0.00000;0.00102;0.00000;0.00000;0.00003;0.00130;0.00001;0.00002;0.00000;0.00000;0.00000;0.00000;0.00007;0.00001;0.00039;0.00026;0.00009;0.00001;0.00272;0.00000;0.00001;0.00000;0.00028;0.00017;0.00027;0.00005;0.00008;0.00000;0.00001;0.00009;0.00010;0.00002;0.00172;0.00000;0.00003;0.00000;0.00002;0.00001;0.00001;0.00000;0.00000;0.00008;0.00001;0.00015;0.00000;0.00001;0.00000;0.00000;0.00000;0.00013;0.00002;0.00001;0.00000;0.00005;0.00000;0.00018;0.00001;0.00001;0.00000;0.00000;0.00000;0.00000;0.00000;0.00002;0.00000;0.00000;0.00002;0.00000;0.00000;0.00000;0.00001;0.00000;0.00007;0.00075;0.00023;0.00011;0.00019;0.00000;0.00011;0.00013;0.00004;0.00000;0.00000;0.00000;0.00000;0.00000;0.00000;0.00000;0.00069;0.00024;0.00021;0.00001;0.00002;0.00000;0.00003;0.00000;0.00000;0.00000;0.00000;0.00002;0.00000;0.00002;0.00000;0.00003;0.00009;0.00004;0.00000;0.00002;0.00000;0.00008;0.00015;0.00010;0.00001;0.00001;0.00010;0.00000;0.00000;0.00000;0.00000;0.00000;0.00000;0.00001;0.00009;0.00000;0.00000;0.00000;0.00000;0.00009;0.00000;0.00045;0.00000;0.00000;0.00000;0.00000;0.00000;0.00000;0.00000;0.00000;0.00000;0.00000;0.00000;0.00000;0.00000;0.00000;0.00001;0.00001;0.00001;0.00001;0.00001;0.00095;0.00105;0.00000;0.00058;0.00038;0.00131;0.00020;0.00004;0.00015;0.00001;0.00042;0.00008;0.00000;0.00000;0.00000;0.00000;0.00083;0.00040;0.00000;0.00000;0.00001;0.00007;0.00000;0.00070;0.00000;0.00014;0.00000;0.00001;0.00008;0.00002;0.00002;0.00892;0.00000;0.00145;0.00000;0.00000;0.00005;0.00001;0.00001;0.00000;0.00001;0.00000;0.00003;0.00002;0.00000;0.00000;0.00019;0.00003;0.00002;0.00015;0.00039;0.00000;0.00027;0.00034;0.00047;0.00000;0.00000;0.00466;0.00004;0.00036;0.00000;0.00015;0.00004;0.00002;0.00004;0.00074;0.00001;0.00008;0.00094;0.00000;0.00011;0.00012;0.00001;0.00000;0.00009;0.00000;0.00007;0.00000;0.00001;0.00000;0.00000;0.00001;0.01358;0.00000;0.00000;0.00000;0.00000;0.00192;0.00000;0.00000;0.00001;0.00002;0.00000;0.00001;0.00000;0.00000;0.00000;0.00001;0.00000;0.00000;0.01158;0.00000;0.00009;0.00222;0.00011;0.00016;0.06726;0.12415;0.00732;0.00974;0.01845;0.04972;0.07493;0.00180;0.00398;0.07912;0.02088;0.00461;0.00000;0.00459;0.00061;0.01976;0.01450;0.12295;0.00012;0.00019;0.00024;0.00000;0.00013;0.09765;0.00006;0.00202;0.00409;0.00086;0.00338;0.01366;0.00388;0.00103;0.01752;0.00461;0.00352;0.00159;0.00146;0.00000;0.00071
2020-01-04 00:00;0.01754;0.01713;0.00000;0.00380;0.00001;0.00002;0.00000;0.00118;0.00000;0.00000;0.00118;0.00882;0.03066;0.00003;0.00000;0.00001;0.01278;0.00221;0.00034;0.00002;0.00000;0.00004;0.00045;0.00000;0.00001;0.00272;0.00004;0.00036;0.00001;0.00003;0.00000;0.00003;0.00221;0.00001;0.00002;0.00000;0.00000;0.00048;0.00028;0.00003;0.00021;0.00000;0.00030;0.00050;0.00035;0.00031;0.00000;0.00001;0.00032;0.00013;0.00029;0.00000;0.00001;0.00005;0.00001;0.00000;0.00000;0.00013;0.00000;0.00011;0.00046;0.00000;0.00057;0.00042;0.00028;0.00011;0.00369;0.00443;0.00000;0.00459;0.00050;0.00414;0.00007;0.00001;0.00069;0.00002;0.00053;0.00000;0.00001;0.00000;0.00013;0.00007;0.00001;0.00042;0.00000;0.00000;0.00087;0.00410;0.00000;0.00017;0.00000;0.00035;0.00147;0.00325;0.00000;0.00015;0.00125;0.00034;0.00035;0.02395;0.80710;0.16905;0.00194;0.00060;0.00497;0.00047;0.00143;0.04927;0.00505;0.00134;0.00211;0.00529;0.00390;0.00350;0.00622;0.00174;0.00001;0.00000;0.00001;0.00001;0.00000;0.00000;0.00000;0.00003;0.00001;0.00000;0.00000;0.00000;0.00000;0.00001;0.00003;0.00003;0.00000;0.00000;0.00000;0.00001;0.00001;0.00001;0.00002;0.00001;0.00000;0.00000;0.00001;0.00004;0.00001;0.00004;0.00002;0.00004;0.00000;0.00000;0.00000;0.00005;0.00006;0.00002;0.00002;0.00003;0.00000;0.00048;0.00001;0.00000;0.00001;0.00000;0.00008;0.00045;0.00020;0.00002;0.00001;0.00000;0.00000;0.00024;0.00004;0.00000;0.00007;0.00000;0.00000;0.00021;0.00000;0.00005;0.00046;0.00003;0.00000;0.00000;0.00000;0.00000;0.00001;0.00000;0.00000;0.00000;0.00000;0.00000;0.00000;0.00000;0.00000;0.00000;0.00000;0.00000;0.00000;0.00000;0.00000;0.00000;0.00000;0.00000;0.00006;0.00000;0.00000;0.00000;0.00000;0.00000;0.00000;0.00000;0.00000;0.00000;0.00000;0.00000;0.00000;0.00000;0.00000;0.00000;0.00000;0.00019;0.00000;0.00000;0.00000;0.00000;0.00000;0.00000;0.00000;0.00000;0.00000;0.00000;0.00000;0.00000;0.00000;0.00020;0.00000;0.00001;0.00000;0.00000;0.00000;0.00000;0.00000;0.00000;0.00000;0.00000;0.00004;0.00000;0.00000;0.00000;0.00000;0.00000;0.00003;0.00000;0.00000;0.00000;0.00002;0.00000;0.00001;0.00001;0.00001;0.00000;0.00000;0.00000;0.00000;0.00000;0.00001;0.00000;0.00000;0.00001;0.00000;0.00000;0.00000;0.00001;0.00000;0.00002;0.00012;0.00008;0.00005;0.00006;0.00000;0.00004;0.00003;0.00002;0.00000;0.00000;0.00000;0.00000;0.00000;0.00000;0.00000;0.00005;0.00009;0.00003;0.00001;0.00001;0.00000;0.00000;0.00000;0.00000;0.00000;0.00000;0.00000;0.00000;0.00000;0.00000;0.00000;0.00000;0.00000;0.00000;0.00000;0.00000;0.00000;0.00000;0.00000;0.00000;0.00000;0.00000;0.00000;0.00000;0.00000;0.00000;0.00000;0.00000;0.00000;0.00000;0.00000;0.00000;0.00000;0.00000;0.00000;0.00000;0.00000;0.00000;0.00000;0.00000;0.00000;0.00000;0.00000;0.00000;0.00000;0.00000;0.00000;0.00000;0.00000;0.00000;0.00000;0.00000;0.00000;0.00000;0.00000;0.00000;0.00000;0.00000;0.00000;0.00000;0.00000;0.00118;0.00000;0.00000;0.00000;0.00000;0.00000;0.00168;0.00000;0.00000;0.00000;0.00000;0.00000;0.00000;0.00000;0.00000;0.00000;0.00000;0.00000;0.00063;0.00000;0.00000;0.00000;0.00000;0.00000;0.00000;0.00000;0.00805;0.00000;0.00000;0.00000;0.00000;0.00000;0.00000;0.00000;0.00000;0.00000;0.00000;0.00000;0.00000;0.00000;0.00000;0.00000;0.00000;0.00000;0.00000;0.00000;0.00000;0.00000;0.00000;0.00000;0.00000;0.00000;0.00000;0.00000;0.00000;0.00000;0.00000;0.00000;0.00000;0.00000;0.00000;0.00000;0.00000;0.00000;0.00000;0.00000;0.00000;0.00000;0.00000;0.00000;0.00000;0.00002;0.00000;0.00002;0.00001;0.00001;0.00001;0.00016;0.00000;0.00000;0.00000;0.00000;0.00034;0.00000;0.00000;0.00000;0.00002;0.00001;0.00001;0.00000;0.00000;0.00000;0.00000;0.00000;0.00000;0.00026;0.00000;0.00002;0.00002;0.00007;0.00005;0.01466;0.03030;0.00151;0.00097;0.00306;0.00031;0.02476;0.00000;0.00054;0.02443;0.00287;0.00095;0.00000;0.00169;0.00012;0.00600;0.00437;0.01022;0.00003;0.00003;0.00005;0.00000;0.00001;0.05252;0.00001;0.00036;0.00193;0.00015;0.00045;0.00720;0.00073;0.00012;0.00570;0.00256;0.00145;0.00109;0.00037;0.00000;0.00017
2020-01-05 00:00;0.00277;0.00436;0.00000;0.00050;0.00003;0.00001;0.00000;0.00021;0.00000;0.00000;0.00017;0.00159;0.00260;0.00001;0.00000;0.00000;0.00159;0.00040;0.00007;0.00000;0.00000;0.00001;0.00008;0.00000;0.00000;0.00064;0.00001;0.00007;0.00000;0.00001;0.00000;0.00001;0.00027;0.00000;0.00000;0.00000;0.00000;0.00007;0.00005;0.00001;0.00003;0.00000;0.00009;0.00011;0.00013;0.00006;0.00000;0.00000;0.00003;0.00003;0.00005;0.00000;0.00000;0.00001;0.00001;0.00000;0.00000;0.00002;0.00000;0.00003;0.00009;0.00000;0.00016;0.00004;0.00007;0.00002;0.00067;0.00084;0.00000;0.00056;0.00015;0.00079;0.00003;0.00001;0.00006;0.00001;0.00010;0.00000;0.00000;0.00000;0.00004;0.00001;0.00000;0.00005;0.00000;0.00000;0.00011;0.00070;0.00000;0.00003;0.00000;0.00008;0.00018;0.00050;0.00000;0.00004;0.00015;0.00006;0.00005;0.00314;0.19096;0.02283;0.00013;0.00004;0.00043;0.00001;0.00008;0.00172;0.00012;0.00027;0.00012;0.00043;0.00034;0.00092;0.00114;0.00103;0.00003;0.00002;0.00004;0.00008;0.00000;0.00002;0.00000;0.00013;0.00009;0.00001;0.00000;0.00000;0.00001;0.00005;0.00013;0.00019;0.00000;0.00000;0.00000;0.00003;0.00003;0.00006;0.00011;0.00005;0.00003;0.00000;0.00003;0.00018;0.00007;0.00022;0.00009;0.00024;0.00000;0.00001;0.00000;0.00024;0.00034;0.00012;0.00014;0.00014;0.00001;0.00145;0.00004;0.00001;0.00006;0.00001;0.00028;0.00143;0.00112;0.00008;0.00012;0.00001;0.00000;0.00131;0.00031;0.00000;0.00044;0.00000;0.00000;0.00092;0.00000;0.00020;0.00190;0.00014;0.00004;0.00038;0.00000;0.00090;0.00093;0.00014;0.00003;0.00015;0.00007;0.00058;0.00040;0.00047;0.00012;0.00037;0.00000;0.00000;0.00026;0.00026;0.00001;0.00006;0.00000;0.00002;0.00022;0.00001;0.00005;0.00009;0.00231;0.00007;0.00007;0.00000;0.00000;0.00000;0.00000;0.00014;0.00003;0.00108;0.00014;0.00023;0.00001;0.00025;0.00007;0.00002;0.00000;0.00070;0.00033;0.00050;0.00011;0.00026;0.00001;0.00005;0.00017;0.00015;0.00005;0.00023;0.00000;0.00002;0.00000;0.00003;0.00002;0.00002;0.00000;0.00000;0.00003;0.00001;0.00015;0.00000;0.00003;0.00001;0.00000;0.00001;0.00009;0.00004;0.00002;0.00000;0.00005;0.00000;0.00001;0.00002;0.00002;0.00000;0.00000;0.00000;0.00000;0.00000;0.00002;0.00000;0.00000;0.00005;0.00000;0.00001;0.00000;0.00004;0.00000;0.00009;0.00025;0.00026;0.00021;0.00018;0.00000;0.00012;0.00010;0.00006;0.00000;0.00000;0.00000;0.00000;0.00000;0.00000;0.00000;0.00027;0.00010;0.00002;0.00003;0.00003;0.00000;0.00006;0.00001;0.00000;0.00000;0.00000;0.00004;0.00000;0.00002;0.00000;0.00001;0.00000;0.00015;0.00000;0.00004;0.00000;0.00004;0.00015;0.00020;0.00003;0.00005;0.00000;0.00000;0.00000;0.00001;0.00000;0.00000;0.00000;0.00003;0.00012;0.00000;0.00000;0.00001;0.00000;0.00034;0.00000;0.00053;0.00000;0.00000;0.00000;0.00000;0.00000;0.00000;0.00000;0.00000;0.00002;0.00000;0.00000;0.00001;0.00000;0.00001;0.00003;0.00003;0.00002;0.00006;0.00000;0.00123;0.00299;0.00000;0.00192;0.00162;0.00200;0.00102;0.00000;0.00074;0.00003;0.00138;0.00010;0.00000;0.00000;0.00000;0.00000;0.00061;0.00000;0.00000;0.00000;0.00002;0.00017;0.00000;0.00076;0.00000;0.00000;0.00000;0.00004;0.00006;0.00005;0.00005;0.01991;0.00000;0.00007;0.00000;0.00000;0.00008;0.00004;0.00004;0.00000;0.00003;0.00000;0.00001;0.00005;0.00000;0.00000;0.00051;0.00008;0.00007;0.00028;0.00053;0.00000;0.00102;0.00049;0.00001;0.00000;0.00000;0.00071;0.00011;0.00059;0.00000;0.00025;0.00013;0.00004;0.00006;0.00030;0.00004;0.00020;0.00070;0.00000;0.00015;0.00006;0.00004;0.00002;0.00001;0.00001;0.00011;0.00000;0.00010;0.00003;0.00003;0.00003;0.00077;0.00000;0.00000;0.00000;0.00000;0.00116;0.00000;0.00002;0.00002;0.00009;0.00003;0.00003;0.00001;0.00001;0.00000;0.00002;0.00001;0.00000;0.00070;0.00000;0.00011;0.00005;0.00034;0.00023;0.00143;0.00128;0.00000;0.00002;0.00026;0.00151;0.00048;0.00001;0.00011;0.00216;0.00045;0.00014;0.00000;0.00023;0.00002;0.00073;0.00060;0.00156;0.00000;0.00001;0.00001;0.00000;0.00000;0.01245;0.00000;0.00007;0.00065;0.00003;0.00012;0.00321;0.00016;0.00003;0.00083;0.00067;0.00019;0.00023;0.00006;0.00000;0.00003
2020-01-06 00:00;0.00264;0.00267;0.00000;0.00053;0.00003;0.00001;0.00000;0.00012;0.00000;0.00000;0.00011;0.00101;0.00265;0.00001;0.00000;0.00000;0.00154;0.00020;0.00006;0.00000;0.00000;0.00001;0.00004;0.00000;0.00000;0.00030;0.00001;0.00004;0.00000;0.00001;0.00000;0.00001;0.00020;0.00000;0.00000;0.00000;0.00000;0.00007;0.00002;0.00001;0.00002;0.00000;0.00007;0.00006;0.00012;0.00002;0.00000;0.00000;0.00003;0.00003;0.00003;0.00000;0.00000;0.00001;0.00001;0.00000;0.00000;0.00002;0.00000;0.00003;0.00005;0.00000;0.00014;0.00003;0.00005;0.00001;0.00065;0.00050;0.00000;0.00049;0.00014;0.00049;0.00003;0.00001;0.00006;0.00001;0.00006;0.00000;0.00000;0.00000;0.00003;0.00000;0.00000;0.00004;0.00000;0.00000;0.00011;0.00041;0.00000;0.00002;0.00000;0.00005;0.00019;0.00025;0.00000;0.00002;0.00015;0.00001;0.00002;0.00138;0.03444;0.00414;0.00002;0.00004;0.00010;0.00001;0.00001;0.00262;0.00012;0.00010;0.00011;0.00008;0.00032;0.00029;0.00151;0.00091;0.00003;0.00001;0.00004;0.00005;0.00000;0.00002;0.00000;0.00013;0.00006;0.00001;0.00000;0.00000;0.00001;0.00003;0.00013;0.00018;0.00000;0.00000;0.00000;0.00003;0.00003;0.00006;0.00009;0.00004;0.00002;0.00000;0.00002;0.00021;0.00007;0.00018;0.00010;0.00021;0.00000;0.00001;0.00000;0.00024;0.00031;0.00012;0.00010;0.00015;0.00001;0.00197;0.00004;0.00000;0.00006;0.00001;0.00038;0.00203;0.00100;0.00009;0.00012;0.00001;0.00000;0.00144;0.00035;0.00000;0.00033;0.00000;0.00000;0.00112;0.00000;0.00019;0.00208;0.00016;0.00006;0.00039;0.00000;0.00128;0.00088;0.00013;0.00001;0.00015;0.00011;0.00047;0.00078;0.00046;0.00016;0.00031;0.00000;0.00000;0.00020;0.00021;0.00000;0.00001;0.00000;0.00002;0.00055;0.00000;0.00001;0.00009;0.00293;0.00007;0.00006;0.00000;0.00000;0.00000;0.00000;0.00017;0.00003;0.00105;0.00034;0.00027;0.00001;0.00108;0.00004;0.00003;0.00000;0.00083;0.00033;0.00043;0.00015;0.00029;0.00000;0.00005;0.00016;0.00021;0.00005;0.00085;0.00000;0.00003;0.00000;0.00005;0.00001;0.00003;0.00000;0.00001;0.00012;0.00001;0.00015;0.00000;0.00002;0.00001;0.00000;0.00001;0.00016;0.00005;0.00002;0.00000;0.00006;0.00000;0.00006;0.00002;0.00002;0.00000;0.00000;0.00000;0.00000;0.00000;0.00002;0.00000;0.00000;0.00003;0.00000;0.00001;0.00000;0.00004;0.00000;0.00009;0.00047;0.00032;0.00021;0.00022;0.00000;0.00015;0.00012;0.00007;0.00000;0.00000;0.00000;0.00000;0.00000;0.00000;0.00000;0.00021;0.00036;0.00012;0.00003;0.00003;0.00000;0.00005;0.00001;0.00000;0.00000;0.00000;0.00005;0.00000;0.00006;0.00000;0.00005;0.00014;0.00016;0.00000;0.00005;0.00000;0.00008;0.00025;0.00024;0.00003;0.00005;0.00009;0.00000;0.00000;0.00000;0.00000;0.00000;0.00000;0.00004;0.00011;0.00000;0.00000;0.00001;0.00000;0.00036;0.00000;0.00050;0.00000;0.00000;0.00000;0.00000;0.00000;0.00000;0.00000;0.00000;0.00001;0.00000;0.00000;0.00001;0.00000;0.00001;0.00003;0.00003;0.00003;0.00006;0.00002;0.00101;0.00335;0.00000;0.00207;0.00168;0.00102;0.00105;0.00005;0.00075;0.00004;0.00150;0.00200;0.00000;0.00000;0.00000;0.00000;0.00022;0.00048;0.00000;0.00000;0.00002;0.00020;0.00000;0.00047;0.00000;0.00012;0.00000;0.00004;0.00003;0.00006;0.00006;0.00662;0.00000;0.00115;0.00000;0.00000;0.00002;0.00004;0.00004;0.00000;0.00004;0.00000;0.00004;0.00006;0.00000;0.00000;0.00058;0.00009;0.00007;0.00036;0.00073;0.00000;0.00109;0.00046;0.00035;0.00000;0.00000;0.00251;0.00014;0.00045;0.00000;0.00036;0.00010;0.00005;0.00002;0.00069;0.00005;0.00019;0.00083;0.00000;0.00020;0.00014;0.00005;0.00001;0.00010;0.00001;0.00014;0.00000;0.00009;0.00002;0.00003;0.00003;0.00119;0.00000;0.00000;0.00000;0.00000;0.00168;0.00000;0.00002;0.00002;0.00009;0.00003;0.00003;0.00001;0.00001;0.00000;0.00002;0.00001;0.00000;0.00115;0.00000;0.00012;0.00005;0.00037;0.00029;0.00036;0.00317;0.00000;0.00002;0.00002;0.00189;0.00026;0.00000;0.00011;0.00073;0.00005;0.00010;0.00000;0.00016;0.00002;0.00065;0.00068;0.00246;0.00000;0.00001;0.00001;0.00000;0.00000;0.00880;0.00000;0.00006;0.00026;0.00003;0.00010;0.00280;0.00012;0.00003;0.00059;0.00030;0.00013;0.00008;0.00005;0.00000;0.00002
2020-01-07 00:00;0.00249;0.00254;0.00000;0.00049;0.00003;0.00001;0.00000;0.00011;0.00000;0.00000;0.00014;0.00094;0.00247;0.00001;0.00000;0.00000;0.00143;0.00018;0.00006;0.00000;0.00000;0.00001;0.00004;0.00000;0.00000;0.00025;0.00001;0.00004;0.00000;0.00001;0.00000;0.00001;0.00018;0.00000;0.00000;0.00000;0.00000;0.00007;0.00002;0.00001;0.00002;0.00000;0.00007;0.00006;0.00011;0.00002;0.00000;0.00000;0.00002;0.00003;0.00003;0.00000;0.00000;0.00001;0.00001;0.00000;0.00000;0.00002;0.00000;0.00003;0.00005;0.00000;0.00013;0.00003;0.00005;0.00001;0.00061;0.00048;0.00000;0.00035;0.00013;0.00046;0.00003;0.00001;0.00005;0.00001;0.00006;0.00000;0.00000;0.00000;0.00003;0.00000;0.00000;0.00004;0.00000;0.00000;0.00010;0.00038;0.00000;0.00002;0.00000;0.00004;0.00018;0.00022;0.00000;0.00002;0.00014;0.00000;0.00002;0.00064;0.00557;0.00127;0.00001;0.00003;0.00009;0.00001;0.00001;0.00258;0.00011;0.00009;0.00010;0.00007;0.00030;0.00022;0.00115;0.00087;0.00003;0.00001;0.00004;0.00005;0.00000;0.00002;0.00000;0.00013;0.00005;0.00001;0.00000;0.00000;0.00001;0.00003;0.00013;0.00016;0.00000;0.00000;0.00000;0.00002;0.00003;0.00006;0.00008;0.00004;0.00001;0.00000;0.00002;0.00020;0.00006;0.00017;0.00010;0.00020;0.00000;0.00001;0.00000;0.00023;0.00028;0.00011;0.00009;0.00015;0.00001;0.00189;0.00004;0.00000;0.00006;0.00001;0.00037;0.00196;0.00091;0.00009;0.00012;0.00001;0.00000;0.00141;0.00035;0.00000;0.00054;0.00000;0.00000;0.00106;0.00000;0.00016;0.00201;0.00015;0.00006;0.00043;0.00000;0.00111;0.00082;0.00013;0.00000;0.00015;0.00009;0.00077;0.00065;0.00036;0.00014;0.00033;0.00000;0.00000;0.00021;0.00016;0.00000;0.00000;0.00000;0.00002;0.00052;0.00000;0.00000;0.00009;0.00303;0.00006;0.00005;0.00000;0.00000;0.00000;0.00000;0.00017;0.00003;0.00086;0.00026;0.00026;0.00001;0.00097;0.00003;0.00003;0.00000;0.00079;0.00037;0.00055;0.00013;0.00027;0.00000;0.00005;0.00019;0.00018;0.00005;0.00053;0.00000;0.00002;0.00000;0.00004;0.00002;0.00002;0.00000;0.00001;0.00007;0.00001;0.00015;0.00000;0.00002;0.00001;0.00000;0.00001;0.00011;0.00004;0.00001;0.00000;0.00005;0.00000;0.00002;0.00002;0.00002;0.00000;0.00000;0.00000;0.00000;0.00000;0.00002;0.00000;0.00000;0.00004;0.00000;0.00001;0.00000;0.00004;0.00000;0.00007;0.00033;0.00026;0.00018;0.00020;0.00000;0.00012;0.00010;0.00006;0.00000;0.00000;0.00000;0.00000;0.00000;0.00000;0.00000;0.00024;0.00019;0.00007;0.00003;0.00003;0.00000;0.00003;0.00001;0.00000;0.00000;0.00000;0.00004;0.00000;0.00003;0.00000;0.00004;0.00007;0.00016;0.00000;0.00004;0.00000;0.00007;0.00022;0.00022;0.00003;0.00005;0.00005;0.00000;0.00000;0.00000;0.00000;0.00000;0.00000;0.00003;0.00013;0.00000;0.00000;0.00000;0.00000;0.00037;0.00000;0.00016;0.00000;0.00000;0.00000;0.00000;0.00000;0.00000;0.00000;0.00000;0.00001;0.00000;0.00000;0.00001;0.00000;0.00001;0.00004;0.00003;0.00003;0.00006;0.00001;0.00134;0.00337;0.00000;0.00209;0.00168;0.00080;0.00107;0.00001;0.00077;0.00004;0.00152;0.00008;0.00000;0.00000;0.00000;0.00000;0.00059;0.00021;0.00000;0.00000;0.00002;0.00020;0.00000;0.00034;0.00000;0.00003;0.00000;0.00004;0.00008;0.00006;0.00006;0.00436;0.00000;0.00064;0.00000;0.00000;0.00007;0.00004;0.00004;0.00000;0.00004;0.00000;0.00003;0.00006;0.00000;0.00000;0.00057;0.00009;0.00007;0.00034;0.00072;0.00000;0.00113;0.00056;0.00015;0.00000;0.00000;0.00186;0.00013;0.00063;0.00000;0.00032;0.00013;0.00005;0.00006;0.00061;0.00005;0.00022;0.00040;0.00000;0.00020;0.00010;0.00004;0.00001;0.00004;0.00001;0.00013;0.00000;0.00009;0.00002;0.00002;0.00003;0.00118;0.00000;0.00000;0.00000;0.00000;0.00165;0.00000;0.00002;0.00002;0.00009;0.00003;0.00003;0.00001;0.00001;0.00000;0.00002;0.00001;0.00000;0.00115;0.00000;0.00011;0.00005;0.00035;0.00028;0.00003;0.00173;0.00000;0.00002;0.00001;0.00179;0.00012;0.00000;0.00009;0.00009;0.00001;0.00007;0.00000;0.00015;0.00002;0.00060;0.00064;0.00242;0.00000;0.00001;0.00001;0.00000;0.00000;0.00549;0.00000;0.00006;0.00017;0.00002;0.00009;0.00268;0.00011;0.00003;0.00054;0.00016;0.00012;0.00006;0.00004;0.00000;0.00002
2020-01-08 00:00;0.00269;0.00275;0.00000;0.00053;0.00003;0.00001;0.00000;0.00012;0.00000;0.00000;0.00011;0.00103;0.00261;0.00001;0.00000;0.00000;0.00154;0.00021;0.00006;0.00000;0.00000;0.00001;0.00004;0.00000;0.00000;0.00018;0.00001;0.00004;0.00000;0.00001;0.00000;0.00001;0.00019;0.00000;0.00000;0.00000;0.00000;0.00008;0.00002;0.00001;0.00003;0.00000;0.00008;0.00006;0.00012;0.00002;0.00000;0.00000;0.00003;0.00003;0.00003;0.00000;0.00000;0.00001;0.00001;0.00000;0.00000;0.00002;0.00000;0.00003;0.00006;0.00000;0.00014;0.00003;0.00006;0.00001;0.00067;0.00055;0.00000;0.00041;0.00014;0.00051;0.00003;0.00001;0.00006;0.00001;0.00007;0.00000;0.00000;0.00000;0.00004;0.00000;0.00000;0.00004;0.00000;0.00000;0.00011;0.00041;0.00000;0.00002;0.00000;0.00005;0.00019;0.00024;0.00000;0.00002;0.00016;0.00000;0.00003;0.00067;0.00595;0.00096;0.00002;0.00004;0.00010;0.00001;0.00001;0.00286;0.00013;0.00010;0.00011;0.00008;0.00034;0.00024;0.00145;0.00112;0.00004;0.00001;0.00006;0.00006;0.00000;0.00003;0.00000;0.00017;0.00007;0.00001;0.00000;0.00000;0.00002;0.00004;0.00017;0.00021;0.00000;0.00000;0.00000;0.00003;0.00004;0.00008;0.00011;0.00006;0.00002;0.00000;0.00003;0.00025;0.00009;0.00023;0.00013;0.00026;0.00000;0.00001;0.00000;0.00031;0.00037;0.00015;0.00012;0.00019;0.00001;0.00217;0.00005;0.00000;0.00008;0.00001;0.00043;0.00220;0.00113;0.00011;0.00016;0.00001;0.00000;0.00172;0.00044;0.00000;0.00043;0.00000;0.00000;0.00125;0.00000;0.00020;0.00240;0.00019;0.00008;0.00049;0.00000;0.00163;0.00101;0.00018;0.00000;0.00020;0.00014;0.00058;0.00095;0.00054;0.00020;0.00033;0.00000;0.00000;0.00019;0.00022;0.00000;0.00000;0.00000;0.00003;0.00072;0.00000;0.00000;0.00012;0.00383;0.00009;0.00007;0.00000;0.00000;0.00000;0.00000;0.00022;0.00005;0.00111;0.00047;0.00034;0.00002;0.00154;0.00005;0.00003;0.00000;0.00112;0.00042;0.00055;0.00021;0.00039;0.00000;0.00007;0.00022;0.00029;0.00007;0.00121;0.00000;0.00004;0.00000;0.00007;0.00001;0.00004;0.00000;0.00001;0.00017;0.00002;0.00019;0.00000;0.00003;0.00002;0.00000;0.00001;0.00022;0.00006;0.00002;0.00000;0.00008;0.00000;0.00008;0.00003;0.00003;0.00000;0.00000;0.00000;0.00000;0.00000;0.00003;0.00000;0.00000;0.00003;0.00000;0.00001;0.00000;0.00006;0.00000;0.00009;0.00061;0.00042;0.00027;0.00027;0.00000;0.00019;0.00015;0.00009;0.00000;0.00000;0.00000;0.00000;0.00000;0.00000;0.00000;0.00017;0.00052;0.00016;0.00004;0.00005;0.00000;0.00003;0.00002;0.00000;0.00000;0.00000;0.00007;0.00000;0.00008;0.00000;0.00008;0.00022;0.00022;0.00000;0.00007;0.00000;0.00012;0.00032;0.00032;0.00004;0.00006;0.00014;0.00000;0.00000;0.00000;0.00000;0.00000;0.00000;0.00005;0.00014;0.00000;0.00000;0.00000;0.00000;0.00050;0.00000;0.00059;0.00000;0.00000;0.00000;0.00000;0.00000;0.00000;0.00000;0.00000;0.00002;0.00000;0.00000;0.00001;0.00000;0.00002;0.00005;0.00004;0.00004;0.00008;0.00004;0.00127;0.00446;0.00000;0.00274;0.00228;0.00039;0.00141;0.00007;0.00105;0.00005;0.00204;0.00188;0.00000;0.00000;0.00000;0.00000;0.00023;0.00072;0.00000;0.00000;0.00003;0.00027;0.00000;0.00005;0.00000;0.00017;0.00000;0.00006;0.00005;0.00008;0.00007;0.00220;0.00000;0.00169;0.00000;0.00000;0.00002;0.00006;0.00005;0.00000;0.00005;0.00000;0.00006;0.00008;0.00000;0.00000;0.00076;0.00011;0.00010;0.00043;0.00089;0.00000;0.00141;0.00056;0.00049;0.00000;0.00000;0.00321;0.00019;0.00054;0.00000;0.00047;0.00012;0.00007;0.00003;0.00086;0.00006;0.00024;0.00082;0.00000;0.00024;0.00019;0.00006;0.00002;0.00014;0.00001;0.00016;0.00000;0.00012;0.00003;0.00003;0.00004;0.00140;0.00000;0.00000;0.00000;0.00000;0.00194;0.00000;0.00002;0.00002;0.00011;0.00004;0.00003;0.00001;0.00001;0.00000;0.00003;0.00001;0.00000;0.00131;0.00000;0.00012;0.00006;0.00045;0.00034;0.00004;0.00137;0.00000;0.00002;0.00001;0.00211;0.00013;0.00000;0.00011;0.00010;0.00001;0.00010;0.00000;0.00016;0.00002;0.00066;0.00073;0.00266;0.00000;0.00001;0.00001;0.00000;0.00000;0.00655;0.00000;0.00006;0.00011;0.00003;0.00010;0.00287;0.00012;0.00003;0.00057;0.00022;0.00013;0.00007;0.00005;0.00000;0.00002
2020-01-09 00:00;0.00149;0.00149;0.00000;0.00031;0.00001;0.00000;0.00000;0.00007;0.00000;0.00000;0.00008;0.00058;0.00173;0.00000;0.00000;0.00000;0.00098;0.00010;0.00003;0.00000;0.00000;0.00001;0.00002;0.00000;0.00000;0.00017;0.00001;0.00002;0.00000;0.00000;0.00000;0.00001;0.00012;0.00000;0.00000;0.00000;0.00000;0.00004;0.00000;0.00000;0.00002;0.00000;0.00004;0.00003;0.00006;0.00001;0.00000;0.00000;0.00002;0.00001;0.00001;0.00000;0.00000;0.00001;0.00000;0.00000;0.00000;0.00001;0.00000;0.00002;0.00001;0.00000;0.00007;0.00002;0.00003;0.00000;0.00038;0.00023;0.00000;0.00026;0.00008;0.00028;0.00002;0.00000;0.00004;0.00000;0.00002;0.00000;0.00000;0.00000;0.00002;0.00000;0.00000;0.00003;0.00000;0.00000;0.00007;0.00024;0.00000;0.00001;0.00000;0.00002;0.00011;0.00014;0.00000;0.00001;0.00009;0.00000;0.00001;0.00041;0.00551;0.00071;0.00000;0.00002;0.00005;0.00000;0.00001;0.00237;0.00007;0.00005;0.00006;0.00004;0.00019;0.00013;0.00075;0.00057;0.00002;0.00001;0.00003;0.00004;0.00000;0.00001;0.00000;0.00009;0.00004;0.00000;0.00000;0.00000;0.00001;0.00002;0.00009;0.00013;0.00000;0.00000;0.00000;0.00002;0.00002;0.00004;0.00006;0.00003;0.00001;0.00000;0.00002;0.00016;0.00005;0.00012;0.00008;0.00015;0.00000;0.00001;0.00000;0.00017;0.00022;0.00008;0.00007;0.00011;0.00000;0.00174;0.00003;0.00000;0.00005;0.00001;0.00033;0.00177;0.00069;0.00007;0.00010;0.00000;0.00000;0.00118;0.00030;0.00000;0.00043;0.00000;0.00000;0.00093;0.00000;0.00013;0.00165;0.00014;0.00006;0.00036;0.00000;0.00100;0.00066;0.00011;0.00000;0.00012;0.00008;0.00063;0.00068;0.00034;0.00013;0.00028;0.00000;0.00000;0.00018;0.00014;0.00000;0.00000;0.00000;0.00002;0.00057;0.00000;0.00000;0.00008;0.00261;0.00005;0.00004;0.00000;0.00000;0.00000;0.00000;0.00015;0.00003;0.00077;0.00027;0.00022;0.00001;0.00121;0.00003;0.00002;0.00000;0.00065;0.00029;0.00040;0.00010;0.00020;0.00000;0.00003;0.00014;0.00014;0.00004;0.00063;0.00000;0.00002;0.00000;0.00004;0.00001;0.00001;0.00000;0.00000;0.00008;0.00001;0.00010;0.00000;0.00002;0.00001;0.00000;0.00001;0.00009;0.00004;0.00001;0.00000;0.00004;0.00000;0.00003;0.00001;0.00001;0.00000;0.00000;0.00000;0.00000;0.00000;0.00001;0.00000;0.00000;0.00002;0.00000;0.00000;0.00000;0.00002;0.00000;0.00005;0.00031;0.00018;0.00011;0.00015;0.00000;0.00009;0.00008;0.00004;0.00000;0.00000;0.00000;0.00000;0.00000;0.00000;0.00000;0.00012;0.00023;0.00009;0.00001;0.00002;0.00000;0.00002;0.00001;0.00000;0.00000;0.00000;0.00003;0.00000;0.00003;0.00000;0.00004;0.00011;0.00011;0.00000;0.00003;0.00000;0.00006;0.00021;0.00018;0.00002;0.00003;0.00008;0.00000;0.00000;0.00000;0.00000;0.00000;0.00000;0.00002;0.00010;0.00000;0.00000;0.00000;0.00000;0.00028;0.00000;0.00036;0.00000;0.00000;0.00000;0.00000;0.00000;0.00000;0.00000;0.00000;0.00001;0.00000;0.00000;0.00000;0.00000;0.00001;0.00002;0.00002;0.00002;0.00004;0.00001;0.00099;0.00251;0.00000;0.00158;0.00121;0.00032;0.00077;0.00001;0.00054;0.00003;0.00114;0.00008;0.00000;0.00000;0.00000;0.00000;0.00038;0.00031;0.00000;0.00000;0.00002;0.00016;0.00000;0.00006;0.00000;0.00005;0.00000;0.00003;0.00005;0.00005;0.00004;0.00224;0.00000;0.00090;0.00000;0.00000;0.00005;0.00003;0.00003;0.00000;0.00003;0.00000;0.00003;0.00004;0.00000;0.00000;0.00044;0.00007;0.00006;0.00031;0.00067;0.00000;0.00094;0.00048;0.00021;0.00000;0.00000;0.00210;0.00011;0.00052;0.00000;0.00029;0.00011;0.00004;0.00004;0.00066;0.00004;0.00018;0.00062;0.00000;0.00018;0.00011;0.00004;0.00001;0.00007;0.00001;0.00012;0.00000;0.00006;0.00002;0.00002;0.00002;0.00116;0.00000;0.00000;0.00000;0.00000;0.00158;0.00000;0.00001;0.00001;0.00007;0.00002;0.00002;0.00001;0.00001;0.00000;0.00002;0.00000;0.00000;0.00115;0.00000;0.00008;0.00004;0.00028;0.00025;0.00002;0.00083;0.00000;0.00001;0.00001;0.00151;0.00008;0.00000;0.00005;0.00006;0.00001;0.00004;0.00000;0.00010;0.00001;0.00041;0.00047;0.00242;0.00000;0.00000;0.00000;0.00000;0.00000;0.00513;0.00000;0.00004;0.00013;0.00001;0.00005;0.00199;0.00007;0.00002;0.00035;0.00012;0.00008;0.00005;0.00003;0.00000;0.00001
2020-01-10 00:00;0.00256;0.00251;0.00000;0.00047;0.00003;0.00001;0.00000;0.00012;0.00000;0.00000;0.00010;0.00100;0.00227;0.00001;0.00000;0.00000;0.00142;0.00020;0.00006;0.00000;0.00000;0.00001;0.00004;0.00000;0.00000;0.00015;0.00001;0.00004;0.00000;0.00001;0.00000;0.00001;0.00018;0.00000;0.00000;0.00000;0.00000;0.00007;0.00002;0.00001;0.00002;0.00000;0.00008;0.00006;0.00012;0.00002;0.00000;0.00000;0.00002;0.00003;0.00003;0.00000;0.00000;0.00001;0.00001;0.00000;0.00000;0.00002;0.00000;0.00003;0.00006;0.00000;0.00014;0.00003;0.00006;0.00001;0.00065;0.00052;0.00000;0.00036;0.00014;0.00050;0.00003;0.00001;0.00005;0.00001;0.00006;0.00000;0.00000;0.00000;0.00003;0.00000;0.00000;0.00004;0.00000;0.00000;0.00011;0.00039;0.00000;0.00002;0.00000;0.00005;0.00018;0.00022;0.00000;0.00002;0.00014;0.00000;0.00002;0.00060;0.00462;0.00080;0.00002;0.00004;0.00010;0.00001;0.00001;0.00228;0.00012;0.00010;0.00011;0.00008;0.00033;0.00024;0.00115;0.00094;0.00003;0.00001;0.00004;0.00005;0.00000;0.00002;0.00000;0.00014;0.00006;0.00001;0.00000;0.00000;0.00001;0.00003;0.00014;0.00016;0.00000;0.00000;0.00000;0.00003;0.00003;0.00006;0.00009;0.00005;0.00001;0.00000;0.00003;0.00020;0.00007;0.00018;0.00010;0.00021;0.00000;0.00001;0.00000;0.00025;0.00029;0.00012;0.00009;0.00015;0.00001;0.00171;0.00004;0.00000;0.00007;0.00001;0.00032;0.00167;0.00088;0.00009;0.00013;0.00001;0.00000;0.00140;0.00036;0.00000;0.00033;0.00000;0.00000;0.00097;0.00000;0.00015;0.00193;0.00015;0.00007;0.00042;0.00000;0.00138;0.00083;0.00015;0.00000;0.00017;0.00012;0.00047;0.00078;0.00046;0.00017;0.00027;0.00000;0.00000;0.00015;0.00019;0.00000;0.00000;0.00000;0.00002;0.00060;0.00000;0.00000;0.00011;0.00319;0.00007;0.00006;0.00000;0.00000;0.00000;0.00000;0.00019;0.00004;0.00094;0.00039;0.00029;0.00001;0.00134;0.00004;0.00003;0.00000;0.00094;0.00035;0.00044;0.00018;0.00034;0.00000;0.00006;0.00018;0.00024;0.00006;0.00100;0.00000;0.00003;0.00000;0.00006;0.00001;0.00003;0.00000;0.00001;0.00014;0.00001;0.00016;0.00000;0.00003;0.00002;0.00000;0.00001;0.00019;0.00005;0.00002;0.00000;0.00007;0.00000;0.00007;0.00003;0.00003;0.00000;0.00000;0.00000;0.00000;0.00000;0.00002;0.00000;0.00000;0.00002;0.00000;0.00000;0.00000;0.00005;0.00000;0.00008;0.00053;0.00037;0.00025;0.00023;0.00000;0.00016;0.00013;0.00008;0.00000;0.00000;0.00000;0.00000;0.00000;0.00000;0.00000;0.00009;0.00045;0.00014;0.00004;0.00004;0.00000;0.00002;0.00002;0.00000;0.00000;0.00000;0.00006;0.00000;0.00007;0.00000;0.00006;0.00018;0.00019;0.00000;0.00006;0.00000;0.00009;0.00026;0.00028;0.00004;0.00006;0.00012;0.00000;0.00000;0.00000;0.00000;0.00000;0.00000;0.00004;0.00011;0.00000;0.00000;0.00000;0.00000;0.00044;0.00000;0.00031;0.00000;0.00000;0.00000;0.00000;0.00000;0.00000;0.00000;0.00000;0.00001;0.00000;0.00000;0.00001;0.00000;0.00001;0.00004;0.00003;0.00003;0.00007;0.00003;0.00103;0.00377;0.00000;0.00234;0.00195;0.00030;0.00122;0.00006;0.00090;0.00004;0.00173;0.00154;0.00000;0.00000;0.00000;0.00000;0.00016;0.00056;0.00000;0.00000;0.00003;0.00022;0.00000;0.00005;0.00000;0.00014;0.00000;0.00005;0.00004;0.00007;0.00006;0.00210;0.00000;0.00138;0.00000;0.00000;0.00001;0.00005;0.00004;0.00000;0.00004;0.00000;0.00005;0.00007;0.00000;0.00000;0.00063;0.00010;0.00008;0.00036;0.00074;0.00000;0.00124;0.00048;0.00041;0.00000;0.00000;0.00269;0.00016;0.00046;0.00000;0.00039;0.00010;0.00006;0.00002;0.00071;0.00005;0.00020;0.00064;0.00000;0.00019;0.00016;0.00005;0.00002;0.00009;0.00001;0.00013;0.00000;0.00010;0.00003;0.00003;0.00003;0.00113;0.00000;0.00000;0.00000;0.00000;0.00155;0.00000;0.00002;0.00002;0.00009;0.00003;0.00003;0.00001;0.00001;0.00000;0.00002;0.00001;0.00000;0.00102;0.00000;0.00008;0.00005;0.00036;0.00027;0.00003;0.00128;0.00000;0.00002;0.00001;0.00169;0.00012;0.00000;0.00009;0.00009;0.00001;0.00006;0.00000;0.00015;0.00002;0.00061;0.00063;0.00212;0.00000;0.00001;0.00001;0.00000;0.00000;0.00556;0.00000;0.00006;0.00010;0.00003;0.00010;0.00270;0.00012;0.00003;0.00053;0.00020;0.00011;0.00006;0.00005;0.00000;0.00002
2020-01-11 00:00;0.10208;0.05494;0.00008;0.01439;0.00128;0.00032;0.00016;0.00530;0.00016;0.00016;0.00385;0.04454;0.07828;0.00034;0.00007;0.00008;0.04598;0.01257;0.00242;0.00016;0.00000;0.00056;0.00266;0.00000;0.00008;0.00555;0.00065;0.00274;0.00008;0.00032;0.00000;0.00040;0.00835;0.00008;0.00016;0.00000;0.00008;0.00292;0.00275;0.00023;0.00089;0.00000;0.00324;0.00473;0.00509;0.00278;0.00009;0.00017;0.00073;0.00122;0.00201;0.00017;0.00017;0.00048;0.00026;0.00000;0.00000;0.00064;0.00000;0.00137;0.00421;0.00000;0.00593;0.00108;0.00229;0.00102;0.02613;0.02700;0.00009;0.01074;0.00595;0.02233;0.00123;0.00036;0.00188;0.00024;0.00436;0.00000;0.00008;0.00000;0.00143;0.00091;0.00008;0.00135;0.00000;0.00017;0.00414;0.01834;0.00000;0.00127;0.00000;0.00350;0.00717;0.01184;0.00000;0.00158;0.00584;0.00292;0.00087;0.10084;2.24045;0.31246;0.01663;0.00975;0.02889;0.00594;0.00981;0.83762;0.03615;0.02146;0.01989;0.03174;0.03424;0.04093;0.06761;0.05759;0.00206;0.00311;0.01475;0.02022;0.01392;0.00691;0.02003;0.01385;0.01293;0.03887;0.00951;0.03354;0.00440;0.00697;0.02699;0.07894;0.00080;0.00055;0.02645;0.02534;0.04397;0.01242;0.02834;0.00508;0.01267;0.00542;0.00592;0.11913;0.02049;0.02389;0.06392;0.05333;0.01040;0.05355;0.32341;0.06171;0.13423;0.02952;0.03317;0.03157;0.01981;0.59092;0.00343;0.00310;0.01300;0.00743;0.26535;0.51221;0.24548;0.09433;0.08173;0.01515;0.02206;0.16333;0.33250;0.00000;0.01464;0.00000;0.00000;0.00806;0.00000;0.00421;0.22394;0.00173;0.00206;0.01949;0.00000;0.05305;0.04413;0.00793;0.00248;0.00870;0.00427;0.01555;0.02423;0.02756;0.00698;0.01658;0.00000;0.00000;0.01045;0.01787;0.00067;0.00468;0.00000;0.00124;0.01325;0.00062;0.00242;0.00471;0.18158;0.00495;0.00542;0.00000;0.00000;0.00000;0.00000;0.00958;0.00223;0.10222;0.00994;0.01413;0.00063;0.01840;0.00540;0.00161;0.00000;0.04951;0.02002;0.02566;0.00843;0.01932;0.00089;0.00337;0.01040;0.01125;0.00345;0.01500;0.00000;0.00126;0.00000;0.00217;0.00117;0.00193;0.00000;0.00037;0.00279;0.00088;0.00947;0.00000;0.00181;0.00095;0.00000;0.00067;0.00614;0.00302;0.00115;0.00000;0.00339;0.00000;0.00026;0.00164;0.00152;0.00000;0.00000;0.00000;0.00000;0.00000;0.00121;0.00000;0.00000;0.00223;0.00000;0.00075;0.00000;0.00303;0.00000;0.00255;0.01619;0.01845;0.01577;0.01279;0.00000;0.00871;0.00708;0.00450;0.00000;0.00000;0.00000;0.00000;0.00000;0.00000;0.00000;0.00949;0.00473;0.00078;0.00237;0.00257;0.00000;0.00090;0.00091;0.00000;0.00000;0.00000;0.00275;0.00000;0.00164;0.00000;0.00100;0.00009;0.01100;0.00000;0.00278;0.00020;0.00324;0.01127;0.01460;0.00223;0.00335;0.00018;0.00000;0.00000;0.00051;0.00000;0.00000;0.00000;0.00225;0.00637;0.00024;0.00000;0.00165;0.00000;0.02300;0.00000;0.00553;0.00026;0.00000;0.00000;0.00000;0.00000;0.00000;0.00000;0.00000;0.00078;0.00000;0.00039;0.00066;0.00025;0.00081;0.00244;0.00276;0.00175;0.00412;0.00018;0.05705;0.31721;0.00000;0.14311;0.13050;0.10137;0.06645;0.00010;0.05602;0.00239;0.10312;0.00264;0.00000;0.00000;0.00000;0.00000;0.00829;0.00026;0.00000;0.00000;0.00125;0.01284;0.00000;0.02645;0.00000;0.00004;0.00000;0.00286;0.00187;0.00399;0.00361;1.33596;0.00000;0.00567;0.00000;0.00000;0.00127;0.00286;0.00281;0.00056;0.00240;0.00011;0.00052;0.00408;0.00013;0.00000;0.03621;0.00605;0.00493;0.01494;0.03254;0.00000;0.06286;0.02303;0.00060;0.00000;0.00009;0.04548;0.00638;0.02103;0.00000;0.01478;0.00540;0.00261;0.00112;0.01775;0.00245;0.00978;0.01024;0.00000;0.00811;0.00344;0.00214;0.00112;0.00043;0.03191;0.25256;0.00549;0.00890;0.00712;0.00547;0.01274;0.95995;0.11622;0.11940;0.00673;0.00821;0.04859;0.01749;0.02158;0.04204;0.03482;0.01815;0.00694;0.06413;0.02648;0.03150;0.03049;0.01100;0.02296;0.39953;0.03626;0.18122;0.05960;0.10039;0.13843;0.07897;0.15024;0.01197;0.01156;0.02313;0.24062;0.08496;0.00219;0.00484;0.09143;0.02587;0.00569;0.00000;0.00560;0.00075;0.02456;0.02343;0.89560;0.00014;0.00024;0.00031;0.00000;0.00017;0.09876;0.00008;0.00254;0.00420;0.00110;0.00426;0.01283;0.00506;0.00131;0.02231;0.00498;0.00432;0.00191;0.00189;0.00000;0.00094
2020-01-12 00:00;0.02008;0.01319;0.00000;0.00432;0.00000;0.00000;0.00000;0.00101;0.00000;0.00000;0.00118;0.00753;0.03711;0.00000;0.00001;0.00000;0.01498;0.00153;0.00037;0.00001;0.00000;0.00005;0.00029;0.00000;0.00001;0.00242;0.00004;0.00019;0.00001;0.00003;0.00000;0.00003;0.00250;0.00001;0.00002;0.00000;0.00000;0.00057;0.00015;0.00003;0.00023;0.00000;0.00025;0.00043;0.00040;0.00019;0.00000;0.00000;0.00031;0.00010;0.00016;0.00000;0.00000;0.00005;0.00000;0.00000;0.00000;0.00015;0.00000;0.00011;0.00029;0.00000;0.00047;0.00050;0.00025;0.00006;0.00437;0.00296;0.00000;0.00510;0.00051;0.00301;0.00008;0.00000;0.00081;0.00002;0.00029;0.00000;0.00001;0.00000;0.00014;0.00008;0.00001;0.00049;0.00000;0.00000;0.00102;0.00367;0.00000;0.00008;0.00000;0.00029;0.00179;0.00323;0.00000;0.00013;0.00154;0.00034;0.00028;0.02872;3.82762;0.20339;0.00129;0.00071;0.00363;0.00056;0.00110;0.78009;0.00613;0.00142;0.00254;0.00333;0.00471;0.00380;0.01135;0.00530;0.00017;0.00024;0.00159;0.00266;0.00328;0.00060;0.00763;0.00156;0.00114;0.00865;0.00067;0.01175;0.00028;0.00046;0.00303;0.02226;0.00007;0.00000;0.00433;0.00340;0.01102;0.00138;0.00408;0.00034;0.00227;0.00031;0.00000;0.03712;0.00198;0.00158;0.01604;0.00812;0.00093;0.01264;0.17333;0.00821;0.02863;0.00344;0.00424;0.00617;0.00245;0.42691;0.00029;0.00000;0.00169;0.00060;0.17547;0.40477;0.05174;0.02613;0.01505;0.00194;0.00265;0.04089;0.10547;0.00000;0.00460;0.00000;0.00000;0.00358;0.00000;0.00105;0.06019;0.00062;0.00111;0.00520;0.00000;0.01548;0.01039;0.00083;0.00045;0.00081;0.00114;0.00748;0.01377;0.00868;0.00245;0.00682;0.00000;0.00000;0.00472;0.00540;0.00023;0.00108;0.00000;0.00011;0.01005;0.00008;0.00063;0.00073;0.07340;0.00074;0.00142;0.00000;0.00000;0.00000;0.00000;0.00337;0.00033;0.04539;0.00432;0.00381;0.00019;0.01439;0.00056;0.00039;0.00000;0.01241;0.00617;0.00822;0.00158;0.00362;0.00030;0.00055;0.00297;0.00267;0.00087;0.00708;0.00000;0.00063;0.00000;0.00090;0.00035;0.00022;0.00000;0.00008;0.00115;0.00023;0.00331;0.00000;0.00029;0.00008;0.00000;0.00009;0.00185;0.00146;0.00024;0.00000;0.00123;0.00000;0.00009;0.00036;0.00032;0.00000;0.00000;0.00000;0.00000;0.00000;0.00038;0.00000;0.00000;0.00116;0.00000;0.00047;0.00000;0.00026;0.00000;0.00069;0.00712;0.00520;0.00289;0.00596;0.00000;0.00269;0.00303;0.00123;0.00000;0.00000;0.00000;0.00000;0.00000;0.00000;0.00000;0.00670;0.00196;0.00039;0.00027;0.00037;0.00000;0.00022;0.00015;0.00000;0.00000;0.00000;0.00063;0.00000;0.00043;0.00000;0.00049;0.00000;0.00165;0.00000;0.00064;0.00005;0.00122;0.00626;0.00393;0.00032;0.00054;0.00006;0.00000;0.00000;0.00013;0.00000;0.00000;0.00000;0.00040;0.00254;0.00004;0.00000;0.00073;0.00000;0.00417;0.00000;0.00198;0.00003;0.00000;0.00000;0.00000;0.00000;0.00000;0.00000;0.00000;0.00016;0.00000;0.00004;0.00006;0.00005;0.00008;0.00030;0.00061;0.00037;0.00046;0.00004;0.01793;0.07186;0.00000;0.02901;0.01937;0.00161;0.00950;0.00002;0.00812;0.00056;0.02252;0.02598;0.00000;0.00000;0.00000;0.00000;0.00256;0.00001;0.00000;0.00000;0.00033;0.00385;0.00000;0.00088;0.00000;0.00000;0.00000;0.00056;0.00060;0.00093;0.00102;0.01089;0.00000;0.00259;0.00000;0.00000;0.00018;0.00058;0.00048;0.00021;0.00059;0.00003;0.00025;0.00084;0.00001;0.00000;0.00935;0.00153;0.00119;0.00567;0.01700;0.00000;0.01236;0.00750;0.00018;0.00000;0.00002;0.02512;0.00133;0.00573;0.00000;0.00438;0.00118;0.00060;0.00031;0.01162;0.00052;0.00200;0.00616;0.00000;0.00379;0.00136;0.00047;0.00010;0.00013;0.00642;0.11869;0.00073;0.00074;0.00000;0.00067;0.00205;0.75287;0.03070;0.04828;0.00073;0.00060;0.03651;0.00346;0.00371;0.01250;0.00614;0.00211;0.00130;0.01711;0.00278;0.01137;0.00675;0.00102;0.00763;0.42840;0.00514;0.08490;0.00987;0.02239;0.06846;0.01820;0.03899;0.00282;0.00118;0.00262;0.12344;0.03058;0.00000;0.00065;0.03010;0.00282;0.00102;0.00000;0.00186;0.00013;0.00722;0.00835;1.16475;0.00003;0.00002;0.00004;0.00000;0.00000;0.07920;0.00001;0.00035;0.00126;0.00012;0.00038;0.00478;0.00053;0.00009;0.00602;0.00181;0.00162;0.00134;0.00038;0.00000;0.00011
2020-01-13 00:00;0.00000;0.00000;0.00000;0.00000;0.00000;0.00000;0.00000;0.00000;0.00000;0.00000;0.00000;0.00000;0.00000;0.00000;0.00000;0.00000;0.00000;0.00000;0.00000;0.00000;0.00000;0.00000;0.00000;0.00000;0.00000;0.00000;0.00000;0.00000;0.00000;0.00000;0.00000;0.00000;0.00000;0.00000;0.00000;0.00000;0.00000;0.00000;0.00000;0.00000;0.00000;0.00000;0.00000;0.00000;0.00000;0.00000;0.00000;0.00000;0.00000;0.00000;0.00000;0.00000;0.00000;0.00000;0.00000;0.00000;0.00000;0.00000;0.00000;0.00000;0.00000;0.00000;0.00000;0.00000;0.00000;0.00000;0.00000;0.00000;0.00000;0.00000;0.00000;0.00000;0.00000;0.00000;0.00000;0.00000;0.00000;0.00000;0.00000;0.00000;0.00000;0.00000;0.00000;0.00000;0.00000;0.00000;0.00000;0.00000;0.00000;0.00000;0.00000;0.00000;0.00000;0.00000;0.00000;0.00000;0.00000;0.00000;0.00000;0.00000;0.69922;0.02114;0.00000;0.00000;0.00000;0.00000;0.00000;0.10332;0.00000;0.00000;0.00000;0.00000;0.00000;0.00000;0.00000;0.00000;0.00000;0.00000;0.00000;0.00000;0.00000;0.00000;0.00000;0.00000;0.00000;0.00000;0.00000;0.00000;0.00000;0.00000;0.00000;0.00000;0.00000;0.00000;0.00000;0.00000;0.00000;0.00000;0.00000;0.00000;0.00000;0.00000;0.00000;0.00000;0.00000;0.00000;0.00000;0.00000;0.00000;0.00000;0.00000;0.00000;0.00000;0.00000;0.00000;0.00000;0.00000;0.04588;0.00000;0.00000;0.00000;0.00000;0.01913;0.04740;0.00000;0.00000;0.00000;0.00000;0.00000;0.00000;0.00000;0.00000;0.00000;0.00000;0.00000;0.00000;0.00000;0.00000;0.00000;0.00000;0.00000;0.00000;0.00000;0.00000;0.00000;0.00000;0.00000;0.00000;0.00000;0.00000;0.00000;0.00000;0.00000;0.00000;0.00000;0.00000;0.00000;0.00000;0.00000;0.00000;0.00000;0.00000;0.00108;0.00000;0.00000;0.00000;0.00000;0.00000;0.00000;0.00000;0.00000;0.00000;0.00000;0.00000;0.00000;0.00000;0.00000;0.00000;0.00000;0.00164;0.00000;0.00000;0.00000;0.00000;0.00000;0.00000;0.00000;0.00000;0.00000;0.00000;0.00000;0.00000;0.00000;0.00000;0.00000;0.00000;0.00000;0.00000;0.00000;0.00000;0.00000;0.00000;0.00000;0.00000;0.00000;0.00000;0.00000;0.00000;0.00000;0.00000;0.00000;0.00000;0.00000;0.00000;0.00000;0.00000;0.00000;0.00000;0.00000;0.00000;0.00000;0.00000;0.00000;0.00000;0.00000;0.00000;0.00000;0.00000;0.00000;0.00000;0.00000;0.00000;0.00000;0.00000;0.00000;0.00000;0.00000;0.00000;0.00000;0.00000;0.00000;0.00000;0.00000;0.00000;0.00000;0.00000;0.00000;0.00000;0.00000;0.00077;0.00000;0.00000;0.00000;0.00000;0.00000;0.00000;0.00000;0.00000;0.00000;0.00000;0.00000;0.00000;0.00000;0.00000;0.00000;0.00000;0.00000;0.00000;0.00000;0.00000;0.00000;0.00000;0.00000;0.00000;0.00000;0.00000;0.00000;0.00000;0.00000;0.00000;0.00000;0.00000;0.00000;0.00000;0.00000;0.00000;0.00000;0.00000;0.00000;0.00000;0.00000;0.00000;0.00000;0.00000;0.00000;0.00000;0.00000;0.00000;0.00000;0.00000;0.00000;0.00000;0.00000;0.00000;0.00000;0.00000;0.00000;0.00000;0.00000;0.00000;0.00000;0.00000;0.00000;0.00000;0.00000;0.00151;0.00000;0.00000;0.00000;0.00000;0.00000;0.00612;0.00000;0.00000;0.00000;0.00000;0.00000;0.00000;0.00000;0.00000;0.00000;0.00000;0.00000;0.00083;0.00000;0.00000;0.00000;0.00000;0.00000;0.00000;0.00000;0.01021;0.00000;0.00000;0.00000;0.00000;0.00000;0.00000;0.00000;0.00000;0.00000;0.00000;0.00000;0.00000;0.00000;0.00000;0.00000;0.00000;0.00000;0.00000;0.00000;0.00000;0.00000;0.00000;0.00000;0.00000;0.00000;0.00000;0.00000;0.00000;0.00000;0.00000;0.00000;0.00000;0.00000;0.00000;0.00000;0.00000;0.00000;0.00000;0.00000;0.00000;0.00000;0.00000;0.00000;0.00000;0.00000;0.00000;0.00000;0.00000;0.00000;0.00000;0.07358;0.00000;0.00000;0.00000;0.00000;0.00362;0.00000;0.00000;0.00000;0.00000;0.00000;0.00000;0.00000;0.00000;0.00000;0.00000;0.00000;0.00000;0.06111;0.00000;0.00000;0.00000;0.00000;0.00000;0.00000;0.00000;0.00000;0.00000;0.00000;0.00000;0.00000;0.00000;0.00000;0.00000;0.00000;0.00000;0.00000;0.00000;0.00000;0.00000;0.00000;0.15256;0.00000;0.00000;0.00000;0.00000;0.00000;0.00858;0.00000;0.00000;0.00000;0.00000;0.00000;0.00000;0.00000;0.00000;0.00000;0.00000;0.00000;0.00014;0.00000;0.00000;0.00000
2020-01-14 00:00;0.00000;0.00000;0.00000;0.00000;0.00000;0.00000;0.00000;0.00000;0.00000;0.00000;0.00000;0.00000;0.00000;0.00000;0.00000;0.00000;0.00000;0.00000;0.00000;0.00000;0.00000;0.00000;0.00000;0.00000;0.00000;0.00000;0.00000;0.00000;0.00000;0.00000;0.00000;0.00000;0.00000;0.00000;0.00000;0.00000;0.00000;0.00000;0.00000;0.00000;0.00000;0.00000;0.00000;0.00000;0.00000;0.00000;0.00000;0.00000;0.00000;0.00000;0.00000;0.00000;0.00000;0.00000;0.00000;0.00000;0.00000;0.00000;0.00000;0.00000;0.00000;0.00000;0.00000;0.00000;0.00000;0.00000;0.00000;0.00000;0.00000;0.00000;0.00000;0.00000;0.00000;0.00000;0.00000;0.00000;0.00000;0.00000;0.00000;0.00000;0.00000;0.00000;0.00000;0.00000;0.00000;0.00000;0.00000;0.00000;0.00000;0.00000;0.00000;0.00000;0.00000;0.00000;0.00000;0.00000;0.00000;0.00000;0.00000;0.00000;0.23739;0.00000;0.00000;0.00000;0.00000;0.00000;0.00000;0.00000;0.00000;0.00000;0.00000;0.00000;0.00000;0.00000;0.00000;0.00000;0.00000;0.00000;0.00000;0.00000;0.00000;0.00000;0.00000;0.00000;0.00000;0.00000;0.00000;0.00000;0.00000;0.00000;0.00000;0.00000;0.00000;0.00000;0.00000;0.00000;0.00000;0.00000;0.00000;0.00000;0.00000;0.00000;0.00000;0.00000;0.00000;0.00000;0.00000;0.00000;0.00000;0.00000;0.00000;0.00000;0.00000;0.00000;0.00000;0.00000;0.00000;0.00000;0.00000;0.00000;0.00000;0.00000;0.00000;0.00000;0.00000;0.00000;0.00000;0.00000;0.00000;0.00000;0.00000;0.00000;0.00000;0.00000;0.00000;0.00000;0.00000;0.00000;0.00000;0.00000;0.00000;0.00000;0.00000;0.00000;0.00000;0.00000;0.00000;0.00000;0.00000;0.00000;0.00000;0.00000;0.00000;0.00000;0.00000;0.00000;0.00000;0.00000;0.00000;0.00000;0.00000;0.00000;0.00000;0.00000;0.00000;0.00000;0.00000;0.00000;0.00000;0.00000;0.00000;0.00000;0.00000;0.00000;0.00000;0.00000;0.00000;0.00000;0.00000;0.00000;0.00000;0.00000;0.00000;0.00000;0.00000;0.00000;0.00000;0.00000;0.00000;0.00000;0.00000;0.00000;0.00000;0.00000;0.00000;0.00000;0.00000;0.00000;0.00000;0.00000;0.00000;0.00000;0.00000;0.00000;0.00000;0.00000;0.00000;0.00000;0.00000;0.00000;0.00000;0.00000;0.00000;0.00000;0.00000;0.00000;0.00000;0.00000;0.00000;0.00000;0.00000;0.00000;0.00000;0.00000;0.00000;0.00000;0.00000;0.00000;0.00000;0.00000;0.00000;0.00000;0.00000;0.00000;0.00000;0.00000;0.00000;0.00000;0.00000;0.00000;0.00000;0.00000;0.00000;0.00000;0.00000;0.00000;0.00000;0.00000;0.00000;0.00000;0.00000;0.00000;0.00000;0.00000;0.00000;0.00000;0.00000;0.00000;0.00000;0.00000;0.00000;0.00000;0.00000;0.00000;0.00000;0.00000;0.00000;0.00000;0.00000;0.00000;0.00000;0.00000;0.00000;0.00000;0.00000;0.00000;0.00000;0.00000;0.00000;0.00000;0.00000;0.00000;0.00000;0.00000;0.00000;0.00000;0.00000;0.00000;0.00000;0.00000;0.00000;0.00000;0.00000;0.00000;0.00000;0.00000;0.00000;0.00000;0.00000;0.00000;0.00000;0.00000;0.00000;0.00000;0.00000;0.00000;0.00000;0.00000;0.00000;0.00000;0.00000;0.00000;0.00000;0.00000;0.00000;0.00140;0.00000;0.00000;0.00000;0.00000;0.00000;0.00019;0.00000;0.00000;0.00000;0.00000;0.00000;0.00000;0.00000;0.00000;0.00000;0.00000;0.00000;0.00077;0.00000;0.00000;0.00000;0.00000;0.00000;0.00000;0.00000;0.00952;0.00000;0.00000;0.00000;0.00000;0.00000;0.00000;0.00000;0.00000;0.00000;0.00000;0.00000;0.00000;0.00000;0.00000;0.00000;0.00000;0.00000;0.00000;0.00000;0.00000;0.00000;0.00000;0.00000;0.00000;0.00000;0.00000;0.00000;0.00000;0.00000;0.00000;0.00000;0.00000;0.00000;0.00000;0.00000;0.00000;0.00000;0.00000;0.00000;0.00000;0.00000;0.00000;0.00000;0.00000;0.00000;0.00000;0.00000;0.00000;0.00000;0.00000;0.00000;0.00000;0.00000;0.00000;0.00000;0.00000;0.00000;0.00000;0.00000;0.00000;0.00000;0.00000;0.00000;0.00000;0.00000;0.00000;0.00000;0.00000;0.00000;0.00000;0.00000;0.00000;0.00000;0.00000;0.00000;0.00000;0.00000;0.00000;0.00000;0.00000;0.00000;0.00000;0.00000;0.00000;0.00000;0.00000;0.00000;0.00000;0.00000;0.00000;0.00000;0.00000;0.00000;0.00000;0.00000;0.00000;0.00000;0.00000;0.00000;0.00000;0.00000;0.00000;0.00000;0.00000;0.00000;0.00000;0.00000;0.00000;0.00000;0.00000;0.00000;0.00000;0.00000
2020-01-15 00:00;0.00000;0.00000;0.00000;0.00000;0.00000;0.00000;0.00000;0.00000;0.00000;0.00000;0.00000;0.00000;0.00000;0.00000;0.00000;0.00000;0.00000;0.00000;0.00000;0.00000;0.00000;0.00000;0.00000;0.00000;0.00000;0.00000;0.00000;0.00000;0.00000;0.00000;0.00000;0.00000;0.00000;0.00000;0.00000;0.00000;0.00000;0.00000;0.00000;0.00000;0.00000;0.00000;0.00000;0.00000;0.00000;0.00000;0.00000;0.00000;0.00000;0.00000;0.00000;0.00000;0.00000;0.00000;0.00000;0.00000;0.00000;0.00000;0.00000;0.00000;0.00000;0.00000;0.00000;0.00000;0.00000;0.00000;0.00000;0.00000;0.00000;0.00000;0.00000;0.00000;0.00000;0.00000;0.00000;0.00000;0.00000;0.00000;0.00000;0.00000;0.00000;0.00000;0.00000;0.00000;0.00000;0.00000;0.00000;0.00000;0.00000;0.00000;0.00000;0.00000;0.00000;0.00000;0.00000;0.00000;0.00000;0.00000;0.00000;0.00000;0.00000;0.00000;0.00000;0.00000;0.00000;0.00000;0.00000;0.00000;0.00000;0.00000;0.00000;0.00000;0.00000;0.00000;0.00000;0.00000;0.00000;0.00000;0.00000;0.00000;0.00000;0.00000;0.00000;0.00000;0.00000;0.00000;0.00000;0.00000;0.00000;0.00000;0.00000;0.00000;0.00000;0.00000;0.00000;0.00000;0.00000;0.00000;0.00000;0.00000;0.00000;0.00000;0.00000;0.00000;0.00000;0.00000;0.00000;0.00000;0.00000;0.00000;0.00000;0.00000;0.00000;0.00000;0.00000;0.00000;0.00000;0.00000;0.00000;0.00000;0.00000;0.00000;0.00000;0.00000;0.00000;0.00000;0.00000;0.00000;0.00000;0.00000;0.00000;0.00000;0.00000;0.00000;0.00000;0.00000;0.00000;0.00000;0.00000;0.00000;0.00000;0.00000;0.00000;0.00000;0.00000;0.00000;0.00000;0.00000;0.00000;0.00000;0.00000;0.00000;0.00000;0.00000;0.00000;0.00000;0.00000;0.00000;0.00000;0.00000;0.00000;0.00000;0.00000;0.00000;0.00000;0.00000;0.00000;0.00000;0.00000;0.00000;0.00000;0.00000;0.00000;0.00000;0.00000;0.00000;0.00000;0.00000;0.00000;0.00000;0.00000;0.00000;0.00000;0.00000;0.00000;0.00000;0.00000;0.00000;0.00000;0.00000;0.00000;0.00000;0.00000;0.00000;0.00000;0.00000;0.00000;0.00000;0.00000;0.00000;0.00000;0.00000;0.00000;0.00000;0.00000;0.00000;0.00000;0.00000;0.00000;0.00000;0.00000;0.00000;0.00000;0.00000;0.00000;0.00000;0.00000;0.00000;0.00000;0.00000;0.00000;0.00000;0.00000;0.00000;0.00000;0.00000;0.00000;0.00000;0.00000;0.00000;0.00000;0.00000;0.00000;0.00000;0.00000;0.00000;0.00000;0.00000;0.00000;0.00000;0.00000;0.00000;0.00000;0.00000;0.00000;0.00000;0.00000;0.00000;0.00000;0.00000;0.00000;0.00000;0.00000;0.00000;0.00000;0.00000;0.00000;0.00000;0.00000;0.00000;0.00000;0.00000;0.00000;0.00000;0.00000;0.00000;0.00000;0.00000;0.00000;0.00000;0.00000;0.00000;0.00000;0.00000;0.00000;0.00000;0.00000;0.00000;0.00000;0.00000;0.00000;0.00000;0.00000;0.00000;0.00000;0.00000;0.00000;0.00000;0.00000;0.00000;0.00000;0.00000;0.00000;0.00000;0.00000;0.00000;0.00000;0.00000;0.00000;0.00000;0.00000;0.00000;0.00000;0.00000;0.00000;0.00000;0.00000;0.00000;0.00000;0.00000;0.00000;0.00000;0.00000;0.00000;0.00000;0.00129;0.00000;0.00000;0.00000;0.00000;0.00000;0.00347;0.00000;0.00000;0.00000;0.00000;0.00000;0.00000;0.00000;0.00000;0.00000;0.00000;0.00000;0.00070;0.00000;0.00000;0.00000;0.00000;0.00000;0.00000;0.00000;0.00879;0.00000;0.00000;0.00000;0.00000;0.00000;0.00000;0.00000;0.00000;0.00000;0.00000;0.00000;0.00000;0.00000;0.00000;0.00000;0.00000;0.00000;0.00000;0.00000;0.00000;0.00000;0.00000;0.00000;0.00000;0.00000;0.00000;0.00000;0.00000;0.00000;0.00000;0.00000;0.00000;0.00000;0.00000;0.00000;0.00000;0.00000;0.00000;0.00000;0.00000;0.00000;0.00000;0.00000;0.00000;0.00000;0.00000;0.00000;0.00000;0.00000;0.00000;0.00000;0.00000;0.00000;0.00000;0.00000;0.00000;0.00000;0.00000;0.00000;0.00000;0.00000;0.00000;0.00000;0.00000;0.00000;0.00000;0.00000;0.00000;0.00000;0.00000;0.00000;0.00000;0.00000;0.00000;0.00000;0.00000;0.00000;0.00000;0.00000;0.00000;0.00000;0.00000;0.00000;0.00000;0.00000;0.00000;0.00000;0.00000;0.00000;0.00000;0.00000;0.00000;0.00000;0.00000;0.00000;0.00000;0.00000;0.00000;0.00000;0.00000;0.00000;0.00000;0.00000;0.00000;0.00000;0.00000;0.00000;0.00000;0.00000;0.00000;0.00000;0.00000;0.00000
2020-01-16 00:00;0.00000;0.00000;0.00000;0.00000;0.00000;0.00000;0.00000;0.00000;0.00000;0.00000;0.00000;0.00000;0.00000;0.00000;0.00000;0.00000;0.00000;0.00000;0.00000;0.00000;0.00000;0.00000;0.00000;0.00000;0.00000;0.00000;0.00000;0.00000;0.00000;0.00000;0.00000;0.00000;0.00000;0.00000;0.00000;0.00000;0.00000;0.00000;0.00000;0.00000;0.00000;0.00000;0.00000;0.00000;0.00000;0.00000;0.00000;0.00000;0.00000;0.00000;0.00000;0.00000;0.00000;0.00000;0.00000;0.00000;0.00000;0.00000;0.00000;0.00000;0.00000;0.00000;0.00000;0.00000;0.00000;0.00000;0.00000;0.00000;0.00000;0.00000;0.00000;0.00000;0.00000;0.00000;0.00000;0.00000;0.00000;0.00000;0.00000;0.00000;0.00000;0.00000;0.00000;0.00000;0.00000;0.00000;0.00000;0.00000;0.00000;0.00000;0.00000;0.00000;0.00000;0.00000;0.00000;0.00000;0.00000;0.00000;0.00000;0.00000;0.00000;0.00000;0.00000;0.00000;0.00000;0.00000;0.00000;0.00000;0.00000;0.00000;0.00000;0.00000;0.00000;0.00000;0.00000;0.00000;0.00000;0.00000;0.00000;0.00000;0.00000;0.00000;0.00000;0.00000;0.00000;0.00000;0.00000;0.00000;0.00000;0.00000;0.00000;0.00000;0.00000;0.00000;0.00000;0.00000;0.00000;0.00000;0.00000;0.00000;0.00000;0.00000;0.00000;0.00000;0.00000;0.00000;0.00000;0.00000;0.00000;0.00000;0.00000;0.00000;0.00000;0.00000;0.00000;0.00000;0.00000;0.00000;0.00000;0.00000;0.00000;0.00000;0.00000;0.00000;0.00000;0.00000;0.00000;0.00000;0.00000;0.00000;0.00000;0.00000;0.00000;0.00000;0.00000;0.00000;0.00000;0.00000;0.00000;0.00000;0.00000;0.00000;0.00000;0.00000;0.00000;0.00000;0.00000;0.00000;0.00000;0.00000;0.00000;0.00000;0.00000;0.00000;0.00000;0.00000;0.00000;0.00000;0.00000;0.00000;0.00000;0.00000;0.00000;0.00000;0.00000;0.00000;0.00000;0.00000;0.00000;0.00000;0.00000;0.00000;0.00000;0.00000;0.00000;0.00000;0.00000;0.00000;0.00000;0.00000;0.00000;0.00000;0.00000;0.00000;0.00000;0.00000;0.00000;0.00000;0.00000;0.00000;0.00000;0.00000;0.00000;0.00000;0.00000;0.00000;0.00000;0.00000;0.00000;0.00000;0.00000;0.00000;0.00000;0.00000;0.00000;0.00000;0.00000;0.00000;0.00000;0.00000;0.00000;0.00000;0.00000;0.00000;0.00000;0.00000;0.00000;0.00000;0.00000;0.00000;0.00000;0.00000;0.00000;0.00000;0.00000;0.00000;0.00000;0.00000;0.00000;0.00000;0.00000;0.00000;0.00000;0.00000;0.00000;0.00000;0.00000;0.00000;0.00000;0.00000;0.00000;0.00000;0.00000;0.00000;0.00000;0.00000;0.00000;0.00000;0.00000;0.00000;0.00000;0.00000;0.00000;0.00000;0.00000;0.00000;0.00000;0.00000;0.00000;0.00000;0.00000;0.00000;0.00000;0.00000;0.00000;0.00000;0.00000;0.00000;0.00000;0.00000;0.00000;0.00000;0.00000;0.00000;0.00000;0.00000;0.00000;0.00000;0.00000;0.00000;0.00000;0.00000;0.00000;0.00000;0.00000;0.00000;0.00000;0.00000;0.00000;0.00000;0.00000;0.00000;0.00000;0.00000;0.00000;0.00000;0.00000;0.00000;0.00000;0.00000;0.00000;0.00000;0.00000;0.00000;0.00000;0.00000;0.00000;0.00000;0.00000;0.00000;0.00000;0.00000;0.00000;0.00000;0.00000;0.00117;0.00000;0.00000;0.00000;0.00000;0.00000;0.00022;0.00000;0.00000;0.00000;0.00000;0.00000;0.00000;0.00000;0.00000;0.00000;0.00000;0.00000;0.00063;0.00000;0.00000;0.00000;0.00000;0.00000;0.00000;0.00000;0.00794;0.00000;0.00000;0.00000;0.00000;0.00000;0.00000;0.00000;0.00000;0.00000;0.00000;0.00000;0.00000;0.00000;0.00000;0.00000;0.00000;0.00000;0.00000;0.00000;0.00000;0.00000;0.00000;0.00000;0.00000;0.00000;0.00000;0.00000;0.00000;0.00000;0.00000;0.00000;0.00000;0.00000;0.00000;0.00000;0.00000;0.00000;0.00000;0.00000;0.00000;0.00000;0.00000;0.00000;0.00000;0.00000;0.00000;0.00000;0.00000;0.00000;0.00000;0.00000;0.00000;0.00000;0.00000;0.00000;0.00000;0.00000;0.00000;0.00000;0.00000;0.00000;0.00000;0.00000;0.00000;0.00000;0.00000;0.00000;0.00000;0.00000;0.00000;0.00000;0.00000;0.00000;0.00000;0.00000;0.00000;0.00000;0.00000;0.00000;0.00000;0.00000;0.00000;0.00000;0.00000;0.00000;0.00000;0.00000;0.00000;0.00000;0.00000;0.00000;0.00000;0.00000;0.00000;0.00000;0.00000;0.00000;0.00000;0.00000;0.00000;0.00000;0.00000;0.00000;0.00000;0.00000;0.00000;0.00000;0.00000;0.00000;0.00000;0.00000;0.00000;0.00000
2020-01-17 00:00;0.00000;0.00000;0.00000;0.00000;0.00000;0.00000;0.00000;0.00000;0.00000;0.00000;0.00000;0.00000;0.00000;0.00000;0.00000;0.00000;0.00000;0.00000;0.00000;0.00000;0.00000;0.00000;0.00000;0.00000;0.00000;0.00000;0.00000;0.00000;0.00000;0.00000;0.00000;0.00000;0.00000;0.00000;0.00000;0.00000;0.00000;0.00000;0.00000;0.00000;0.00000;0.00000;0.00000;0.00000;0.00000;0.00000;0.00000;0.00000;0.00000;0.00000;0.00000;0.00000;0.00000;0.00000;0.00000;0.00000;0.00000;0.00000;0.00000;0.00000;0.00000;0.00000;0.00000;0.00000;0.00000;0.00000;0.00000;0.00000;0.00000;0.00000;0.00000;0.00000;0.00000;0.00000;0.00000;0.00000;0.00000;0.00000;0.00000;0.00000;0.00000;0.00000;0.00000;0.00000;0.00000;0.00000;0.00000;0.00000;0.00000;0.00000;0.00000;0.00000;0.00000;0.00000;0.00000;0.00000;0.00000;0.00000;0.00000;0.00000;0.00000;0.00000;0.00000;0.00000;0.00000;0.00000;0.00000;0.00000;0.00000;0.00000;0.00000;0.00000;0.00000;0.00000;0.00000;0.00000;0.00000;0.00000;0.00000;0.00000;0.00000;0.00000;0.00000;0.00000;0.00000;0.00000;0.00000;0.00000;0.00000;0.00000;0.00000;0.00000;0.00000;0.00000;0.00000;0.00000;0.00000;0.00000;0.00000;0.00000;0.00000;0.00000;0.00000;0.00000;0.00000;0.00000;0.00000;0.00000;0.00000;0.00000;0.00000;0.00000;0.00000;0.00000;0.00000;0.00000;0.00000;0.00000;0.00000;0.00000;0.00000;0.00000;0.00000;0.00000;0.00000;0.00000;0.00000;0.00000;0.00000;0.00000;0.00000;0.00000;0.00000;0.00000;0.00000;0.00000;0.00000;0.00000;0.00000;0.00000;0.00000;0.00000;0.00000;0.00000;0.00000;0.00000;0.00000;0.00000;0.00000;0.00000;0.00000;0.00000;0.00000;0.00000;0.00000;0.00000;0.00000;0.00000;0.00000;0.00000;0.00000;0.00000;0.00000;0.00000;0.00000;0.00000;0.00000;0.00000;0.00000;0.00000;0.00000;0.00000;0.00000;0.00000;0.00000;0.00000;0.00000;0.00000;0.00000;0.00000;0.00000;0.00000;0.00000;0.00000;0.00000;0.00000;0.00000;0.00000;0.00000;0.00000;0.00000;0.00000;0.00000;0.00000;0.00000;0.00000;0.00000;0.00000;0.00000;0.00000;0.00000;0.00000;0.00000;0.00000;0.00000;0.00000;0.00000;0.00000;0.00000;0.00000;0.00000;0.00000;0.00000;0.00000;0.00000;0.00000;0.00000;0.00000;0.00000;0.00000;0.00000;0.00000;0.00000;0.00000;0.00000;0.00000;0.00000;0.00000;0.00000;0.00000;0.00000;0.00000;0.00000;0.00000;0.00000;0.00000;0.00000;0.00000;0.00000;0.00000;0.00000;0.00000;0.00000;0.00000;0.00000;0.00000;0.00000;0.00000;0.00000;0.00000;0.00000;0.00000;0.00000;0.00000;0.00000;0.00000;0.00000;0.00000;0.00000;0.00000;0.00000;0.00000;0.00000;0.00000;0.00000;0.00000;0.00000;0.00000;0.00000;0.00000;0.00000;0.00000;0.00000;0.00000;0.00000;0.00000;0.00000;0.00000;0.00000;0.00000;0.00000;0.00000;0.00000;0.00000;0.00000;0.00000;0.00000;0.00000;0.00000;0.00000;0.00000;0.00000;0.00000;0.00000;0.00000;0.00000;0.00000;0.00000;0.00000;0.00000;0.00000;0.00000;0.00000;0.00000;0.00000;0.00000;0.00000;0.00000;0.00000;0.00000;0.00000;0.00000;0.00000;0.00000;0.00000;0.00103;0.00000;0.00000;0.00000;0.00000;0.00000;0.00391;0.00000;0.00000;0.00000;0.00000;0.00000;0.00000;0.00000;0.00000;0.00000;0.00000;0.00000;0.00055;0.00000;0.00000;0.00000;0.00000;0.00000;0.00000;0.00000;0.00704;0.00000;0.00000;0.00000;0.00000;0.00000;0.00000;0.00000;0.00000;0.00000;0.00000;0.00000;0.00000;0.00000;0.00000;0.00000;0.00000;0.00000;0.00000;0.00000;0.00000;0.00000;0.00000;0.00000;0.00000;0.00000;0.00000;0.00000;0.00000;0.00000;0.00000;0.00000;0.00000;0.00000;0.00000;0.00000;0.00000;0.00000;0.00000;0.00000;0.00000;0.00000;0.00000;0.00000;0.00000;0.00000;0.00000;0.00000;0.00000;0.00000;0.00000;0.00000;0.00000;0.00000;0.00000;0.00000;0.00000;0.00000;0.00000;0.00000;0.00000;0.00000;0.00000;0.00000;0.00000;0.00000;0.00000;0.00000;0.00000;0.00000;0.00000;0.00000;0.00000;0.00000;0.00000;0.00000;0.00000;0.00000;0.00000;0.00000;0.00000;0.00000;0.00000;0.00000;0.00000;0.00000;0.00000;0.00000;0.00000;0.00000;0.00000;0.00000;0.00000;0.00000;0.00000;0.00000;0.00000;0.00000;0.00000;0.00000;0.00000;0.00000;0.00000;0.00000;0.00000;0.00000;0.00000;0.00000;0.00000;0.00000;0.00000;0.00000;0.00000;0.00000
2020-01-18 00:00;0.00000;0.00000;0.00000;0.00000;0.00000;0.00000;0.00000;0.00000;0.00000;0.00000;0.00000;0.00000;0.00000;0.00000;0.00000;0.00000;0.00000;0.00000;0.00000;0.00000;0.00000;0.00000;0.00000;0.00000;0.00000;0.00000;0.00000;0.00000;0.00000;0.00000;0.00000;0.00000;0.00000;0.00000;0.00000;0.00000;0.00000;0.00000;0.00000;0.00000;0.00000;0.00000;0.00000;0.00000;0.00000;0.00000;0.00000;0.00000;0.00000;0.00000;0.00000;0.00000;0.00000;0.00000;0.00000;0.00000;0.00000;0.00000;0.00000;0.00000;0.00000;0.00000;0.00000;0.00000;0.00000;0.00000;0.00000;0.00000;0.00000;0.00000;0.00000;0.00000;0.00000;0.00000;0.00000;0.00000;0.00000;0.00000;0.00000;0.00000;0.00000;0.00000;0.00000;0.00000;0.00000;0.00000;0.00000;0.00000;0.00000;0.00000;0.00000;0.00000;0.00000;0.00000;0.00000;0.00000;0.00000;0.00000;0.00000;0.00000;0.00000;0.00000;0.00000;0.00000;0.00000;0.00000;0.00000;0.00000;0.00000;0.00000;0.00000;0.00000;0.00000;0.00000;0.00000;0.00000;0.00000;0.00000;0.00000;0.00000;0.00000;0.00000;0.00000;0.00000;0.00000;0.00000;0.00000;0.00000;0.00000;0.00000;0.00000;0.00000;0.00000;0.00000;0.00000;0.00000;0.00000;0.00000;0.00000;0.00000;0.00000;0.00000;0.00000;0.00000;0.00000;0.00000;0.00000;0.00000;0.00000;0.00000;0.00000;0.00000;0.00000;0.00000;0.00000;0.00000;0.00000;0.00000;0.00000;0.00000;0.00000;0.00000;0.00000;0.00000;0.00000;0.00000;0.00000;0.00000;0.00000;0.00000;0.00000;0.00000;0.00000;0.00000;0.00000;0.00000;0.00000;0.00000;0.00000;0.00000;0.00000;0.00000;0.00000;0.00000;0.00000;0.00000;0.00000;0.00000;0.00000;0.00000;0.00000;0.00000;0.00000;0.00000;0.00000;0.00000;0.00000;0.00000;0.00000;0.00000;0.00000;0.00000;0.00000;0.00000;0.00000;0.00000;0.00000;0.00000;0.00000;0.00000;0.00000;0.00000;0.00000;0.00000;0.00000;0.00000;0.00000;0.00000;0.00000;0.00000;0.00000;0.00000;0.00000;0.00000;0.00000;0.00000;0.00000;0.00000;0.00000;0.00000;0.00000;0.00000;0.00000;0.00000;0.00000;0.00000;0.00000;0.00000;0.00000;0.00000;0.00000;0.00000;0.00000;0.00000;0.00000;0.00000;0.00000;0.00000;0.00000;0.00000;0.00000;0.00000;0.00000;0.00000;0.00000;0.00000;0.00000;0.00000;0.00000;0.00000;0.00000;0.00000;0.00000;0.00000;0.00000;0.00000;0.00000;0.00000;0.00000;0.00000;0.00000;0.00000;0.00000;0.00000;0.00000;0.00000;0.00000;0.00000;0.00000;0.00000;0.00000;0.00000;0.00000;0.00000;0.00000;0.00000;0.00000;0.00000;0.00000;0.00000;0.00000;0.00000;0.00000;0.00000;0.00000;0.00000;0.00000;0.00000;0.00000;0.00000;0.00000;0.00000;0.00000;0.00000;0.00000;0.00000;0.00000;0.00000;0.00000;0.00000;0.00000;0.00000;0.00000;0.00000;0.00000;0.00000;0.00000;0.00000;0.00000;0.00000;0.00000;0.00000;0.00000;0.00000;0.00000;0.00000;0.00000;0.00000;0.00000;0.00000;0.00000;0.00000;0.00000;0.00000;0.00000;0.00000;0.00000;0.00000;0.00000;0.00000;0.00000;0.00000;0.00000;0.00000;0.00000;0.00000;0.00000;0.00000;0.00000;0.00000;0.00000;0.00000;0.00000;0.00000;0.00000;0.00086;0.00000;0.00000;0.00000;0.00000;0.00000;0.00021;0.00000;0.00000;0.00000;0.00000;0.00000;0.00000;0.00000;0.00000;0.00000;0.00000;0.00000;0.00045;0.00000;0.00000;0.00000;0.00000;0.00000;0.00000;0.00000;0.00601;0.00000;0.00000;0.00000;0.00000;0.00000;0.00000;0.00000;0.00000;0.00000;0.00000;0.00000;0.00000;0.00000;0.00000;0.00000;0.00000;0.00000;0.00000;0.00000;0.00000;0.00000;0.00000;0.00000;0.00000;0.00000;0.00000;0.00000;0.00000;0.00000;0.00000;0.00000;0.00000;0.00000;0.00000;0.00000;0.00000;0.00000;0.00000;0.00000;0.00000;0.00000;0.00000;0.00000;0.00000;0.00000;0.00000;0.00000;0.00000;0.00000;0.00000;0.00000;0.00000;0.00000;0.00000;0.00000;0.00000;0.00000;0.00000;0.00000;0.00000;0.00000;0.00000;0.00000;0.00000;0.00000;0.00000;0.00000;0.00000;0.00000;0.00000;0.00000;0.00000;0.00000;0.00000;0.00000;0.00000;0.00000;0.00000;0.00000;0.00000;0.00000;0.00000;0.00000;0.00000;0.00000;0.00000;0.00000;0.00000;0.00000;0.00000;0.00000;0.00000;0.00000;0.00000;0.00000;0.00000;0.00000;0.00000;0.00000;0.00000;0.00000;0.00000;0.00000;0.00000;0.00000;0.00000;0.00000;0.00000;0.00000;0.00000;0.00000;0.00000;0.00000
2020-01-19 00:00;0.00000;0.00000;0.00000;0.00000;0.00000;0.00000;0.00000;0.00000;0.00000;0.00000;0.00000;0.00000;0.00000;0.00000;0.00000;0.00000;0.00000;0.00000;0.00000;0.00000;0.00000;0.00000;0.00000;0.00000;0.00000;0.00000;0.00000;0.00000;0.00000;0.00000;0.00000;0.00000;0.00000;0.00000;0.00000;0.00000;0.00000;0.00000;0.00000;0.00000;0.00000;0.00000;0.00000;0.00000;0.00000;0.00000;0.00000;0.00000;0.00000;0.00000;0.00000;0.00000;0.00000;0.00000;0.00000;0.00000;0.00000;0.00000;0.00000;0.00000;0.00000;0.00000;0.00000;0.00000;0.00000;0.00000;0.00000;0.00000;0.00000;0.00000;0.00000;0.00000;0.00000;0.00000;0.00000;0.00000;0.00000;0.00000;0.00000;0.00000;0.00000;0.00000;0.00000;0.00000;0.00000;0.00000;0.00000;0.00000;0.00000;0.00000;0.00000;0.00000;0.00000;0.00000;0.00000;0.00000;0.00000;0.00000;0.00000;0.00000;0.00000;0.00000;0.00000;0.00000;0.00000;0.00000;0.00000;0.00000;0.00000;0.00000;0.00000;0.00000;0.00000;0.00000;0.00000;0.00000;0.00000;0.00000;0.00000;0.00000;0.00000;0.00000;0.00000;0.00000;0.00000;0.00000;0.00000;0.00000;0.00000;0.00000;0.00000;0.00000;0.00000;0.00000;0.00000;0.00000;0.00000;0.00000;0.00000;0.00000;0.00000;0.00000;0.00000;0.00000;0.00000;0.00000;0.00000;0.00000;0.00000;0.00000;0.00000;0.00000;0.00000;0.00000;0.00000;0.00000;0.00000;0.00000;0.00000;0.00000;0.00000;0.00000;0.00000;0.00000;0.00000;0.00000;0.00000;0.00000;0.00000;0.00000;0.00000;0.00000;0.00000;0.00000;0.00000;0.00000;0.00000;0.00000;0.00000;0.00000;0.00000;0.00000;0.00000;0.00000;0.00000;0.00000;0.00000;0.00000;0.00000;0.00000;0.00000;0.00000;0.00000;0.00000;0.00000;0.00000;0.00000;0.00000;0.00000;0.00000;0.00000;0.00000;0.00000;0.00000;0.00000;0.00000;0.00000;0.00000;0.00000;0.00000;0.00000;0.00000;0.00000;0.00000;0.00000;0.00000;0.00000;0.00000;0.00000;0.00000;0.00000;0.00000;0.00000;0.00000;0.00000;0.00000;0.00000;0.00000;0.00000;0.00000;0.00000;0.00000;0.00000;0.00000;0.00000;0.00000;0.00000;0.00000;0.00000;0.00000;0.00000;0.00000;0.00000;0.00000;0.00000;0.00000;0.00000;0.00000;0.00000;0.00000;0.00000;0.00000;0.00000;0.00000;0.00000;0.00000;0.00000;0.00000;0.00000;0.00000;0.00000;0.00000;0.00000;0.00000;0.00000;0.00000;0.00000;0.00000;0.00000;0.00000;0.00000;0.00000;0.00000;0.00000;0.00000;0.00000;0.00000;0.00000;0.00000;0.00000;0.00000;0.00000;0.00000;0.00000;0.00000;0.00000;0.00000;0.00000;0.00000;0.00000;0.00000;0.00000;0.00000;0.00000;0.00000;0.00000;0.00000;0.00000;0.00000;0.00000;0.00000;0.00000;0.00000;0.00000;0.00000;0.00000;0.00000;0.00000;0.00000;0.00000;0.00000;0.00000;0.00000;0.00000;0.00000;0.00000;0.00000;0.00000;0.00000;0.00000;0.00000;0.00000;0.00000;0.00000;0.00000;0.00000;0.00000;0.00000;0.00000;0.00000;0.00000;0.00000;0.00000;0.00000;0.00000;0.00000;0.00000;0.00000;0.00000;0.00000;0.00000;0.00000;0.00000;0.00000;0.00000;0.00000;0.00000;0.00000;0.00000;0.00000;0.00000;0.00000;0.00000;0.00000;0.00000;0.00055;0.00000;0.00000;0.00000;0.00000;0.00000;0.00375;0.00000;0.00000;0.00000;0.00000;0.00000;0.00000;0.00000;0.00000;0.00000;0.00000;0.00000;0.00028;0.00000;0.00000;0.00000;0.00000;0.00000;0.00000;0.00000;0.00404;0.00000;0.00000;0.00000;0.00000;0.00000;0.00000;0.00000;0.00000;0.00000;0.00000;0.00000;0.00000;0.00000;0.00000;0.00000;0.00000;0.00000;0.00000;0.00000;0.00000;0.00000;0.00000;0.00000;0.00000;0.00000;0.00000;0.00000;0.00000;0.00000;0.00000;0.00000;0.00000;0.00000;0.00000;0.00000;0.00000;0.00000;0.00000;0.00000;0.00000;0.00000;0.00000;0.00000;0.00000;0.00000;0.00000;0.00000;0.00000;0.00000;0.00000;0.00000;0.00000;0.00000;0.00000;0.00000;0.00000;0.00000;0.00000;0.00000;0.00000;0.00000;0.00000;0.00000;0.00000;0.00000;0.00000;0.00000;0.00000;0.00000;0.00000;0.00000;0.00000;0.00000;0.00000;0.00000;0.00000;0.00000;0.00000;0.00000;0.00000;0.00000;0.00000;0.00000;0.00000;0.00000;0.00000;0.00000;0.00000;0.00000;0.00000;0.00000;0.00000;0.00000;0.00000;0.00000;0.00000;0.00000;0.00000;0.00000;0.00000;0.00000;0.00000;0.00000;0.00000;0.00000;0.00000;0.00000;0.00000;0.00000;0.00000;0.00000;0.00000;0.00000
2020-01-20 00:00;0.00000;0.00000;0.00000;0.00000;0.00000;0.00000;0.00000;0.00000;0.00000;0.00000;0.00000;0.00000;0.00000;0.00000;0.00000;0.00000;0.00000;0.00000;0.00000;0.00000;0.00000;0.00000;0.00000;0.00000;0.00000;0.00000;0.00000;0.00000;0.00000;0.00000;0.00000;0.00000;0.00000;0.00000;0.00000;0.00000;0.00000;0.00000;0.00000;0.00000;0.00000;0.00000;0.00000;0.00000;0.00000;0.00000;0.00000;0.00000;0.00000;0.00000;0.00000;0.00000;0.00000;0.00000;0.00000;0.00000;0.00000;0.00000;0.00000;0.00000;0.00000;0.00000;0.00000;0.00000;0.00000;0.00000;0.00000;0.00000;0.00000;0.00000;0.00000;0.00000;0.00000;0.00000;0.00000;0.00000;0.00000;0.00000;0.00000;0.00000;0.00000;0.00000;0.00000;0.00000;0.00000;0.00000;0.00000;0.00000;0.00000;0.00000;0.00000;0.00000;0.00000;0.00000;0.00000;0.00000;0.00000;0.00000;0.00000;0.00000;0.00000;0.00000;0.00000;0.00000;0.00000;0.00000;0.00000;0.00000;0.00000;0.00000;0.00000;0.00000;0.00000;0.00000;0.00000;0.00000;0.00000;0.00000;0.00000;0.00000;0.00000;0.00000;0.00000;0.00000;0.00000;0.00000;0.00000;0.00000;0.00000;0.00000;0.00000;0.00000;0.00000;0.00000;0.00000;0.00000;0.00000;0.00000;0.00000;0.00000;0.00000;0.00000;0.00000;0.00000;0.00000;0.00000;0.00000;0.00000;0.00000;0.00000;0.00000;0.00000;0.00000;0.00000;0.00000;0.00000;0.00000;0.00000;0.00000;0.00000;0.00000;0.00000;0.00000;0.00000;0.00000;0.00000;0.00000;0.00000;0.00000;0.00000;0.00000;0.00000;0.00000;0.00000;0.00000;0.00000;0.00000;0.00000;0.00000;0.00000;0.00000;0.00000;0.00000;0.00000;0.00000;0.00000;0.00000;0.00000;0.00000;0.00000;0.00000;0.00000;0.00000;0.00000;0.00000;0.00000;0.00000;0.00000;0.00000;0.00000;0.00000;0.00000;0.00000;0.00000;0.00000;0.00000;0.00000;0.00000;0.00000;0.00000;0.00000;0.00000;0.00000;0.00000;0.00000;0.00000;0.00000;0.00000;0.00000;0.00000;0.00000;0.00000;0.00000;0.00000;0.00000;0.00000;0.00000;0.00000;0.00000;0.00000;0.00000;0.00000;0.00000;0.00000;0.00000;0.00000;0.00000;0.00000;0.00000;0.00000;0.00000;0.00000;0.00000;0.00000;0.00000;0.00000;0.00000;0.00000;0.00000;0.00000;0.00000;0.00000;0.00000;0.00000;0.00000;0.00000;0.00000;0.00000;0.00000;0.00000;0.00000;0.00000;0.00000;0.00000;0.00000;0.00000;0.00000;0.00000;0.00000;0.00000;0.00000;0.00000;0.00000;0.00000;0.00000;0.00000;0.00000;0.00000;0.00000;0.00000;0.00000;0.00000;0.00000;0.00000;0.00000;0.00000;0.00000;0.00000;0.00000;0.00000;0.00000;0.00000;0.00000;0.00000;0.00000;0.00000;0.00000;0.00000;0.00000;0.00000;0.00000;0.00000;0.00000;0.00000;0.00000;0.00000;0.00000;0.00000;0.00000;0.00000;0.00000;0.00000;0.00000;0.00000;0.00000;0.00000;0.00000;0.00000;0.00000;0.00000;0.00000;0.00000;0.00000;0.00000;0.00000;0.00000;0.00000;0.00000;0.00000;0.00000;0.00000;0.00000;0.00000;0.00000;0.00000;0.00000;0.00000;0.00000;0.00000;0.00000;0.00000;0.00000;0.00000;0.00000;0.00000;0.00000;0.00000;0.00000;0.00000;0.00000;0.00000;0.00000;0.00000;0.00000;0.00000;0.00018;0.00000;0.00000;0.00000;0.00000;0.00000;0.00021;0.00000;0.00000;0.00000;0.00000;0.00000;0.00000;0.00000;0.00000;0.00000;0.00000;0.00000;0.00004;0.00000;0.00000;0.00000;0.00000;0.00000;0.00000;0.00000;0.00180;0.00000;0.00000;0.00000;0.00000;0.00000;0.00000;0.00000;0.00000;0.00000;0.00000;0.00000;0.00000;0.00000;0.00000;0.00000;0.00000;0.00000;0.00000;0.00000;0.00000;0.00000;0.00000;0.00000;0.00000;0.00000;0.00000;0.00000;0.00000;0.00000;0.00000;0.00000;0.00000;0.00000;0.00000;0.00000;0.00000;0.00000;0.00000;0.00000;0.00000;0.00000;0.00000;0.00000;0.00000;0.00000;0.00000;0.00000;0.00000;0.00000;0.00000;0.00000;0.00000;0.00000;0.00000;0.00000;0.00000;0.00000;0.00000;0.00000;0.00000;0.00000;0.00000;0.00000;0.00000;0.00000;0.00000;0.00000;0.00000;0.00000;0.00000;0.00000;0.00000;0.00000;0.00000;0.00000;0.00000;0.00000;0.00000;0.00000;0.00000;0.00000;0.00000;0.00000;0.00000;0.00000;0.00000;0.00000;0.00000;0.00000;0.00000;0.00000;0.00000;0.00000;0.00000;0.00000;0.00000;0.00000;0.00000;0.00000;0.00000;0.00000;0.00000;0.00000;0.00000;0.00000;0.00000;0.00000;0.00000;0.00000;0.00000;0.00000;0.00000;0.00000
2020-01-21 00:00;0.00000;0.00000;0.00000;0.00000;0.00000;0.00000;0.00000;0.00000;0.00000;0.00000;0.00000;0.00000;0.00000;0.00000;0.00000;0.00000;0.00000;0.00000;0.00000;0.00000;0.00000;0.00000;0.00000;0.00000;0.00000;0.00000;0.00000;0.00000;0.00000;0.00000;0.00000;0.00000;0.00000;0.00000;0.00000;0.00000;0.00000;0.00000;0.00000;0.00000;0.00000;0.00000;0.00000;0.00000;0.00000;0.00000;0.00000;0.00000;0.00000;0.00000;0.00000;0.00000;0.00000;0.00000;0.00000;0.00000;0.00000;0.00000;0.00000;0.00000;0.00000;0.00000;0.00000;0.00000;0.00000;0.00000;0.00000;0.00000;0.00000;0.00000;0.00000;0.00000;0.00000;0.00000;0.00000;0.00000;0.00000;0.00000;0.00000;0.00000;0.00000;0.00000;0.00000;0.00000;0.00000;0.00000;0.00000;0.00000;0.00000;0.00000;0.00000;0.00000;0.00000;0.00000;0.00000;0.00000;0.00000;0.00000;0.00000;0.00000;0.00000;0.00000;0.00000;0.00000;0.00000;0.00000;0.00000;0.00000;0.00000;0.00000;0.00000;0.00000;0.00000;0.00000;0.00000;0.00000;0.00000;0.00000;0.00000;0.00000;0.00000;0.00000;0.00000;0.00000;0.00000;0.00000;0.00000;0.00000;0.00000;0.00000;0.00000;0.00000;0.00000;0.00000;0.00000;0.00000;0.00000;0.00000;0.00000;0.00000;0.00000;0.00000;0.00000;0.00000;0.00000;0.00000;0.00000;0.00000;0.00000;0.00000;0.00000;0.00000;0.00000;0.00000;0.00000;0.00000;0.00000;0.00000;0.00000;0.00000;0.00000;0.00000;0.00000;0.00000;0.00000;0.00000;0.00000;0.00000;0.00000;0.00000;0.00000;0.00000;0.00000;0.00000;0.00000;0.00000;0.00000;0.00000;0.00000;0.00000;0.00000;0.00000;0.00000;0.00000;0.00000;0.00000;0.00000;0.00000;0.00000;0.00000;0.00000;0.00000;0.00000;0.00000;0.00000;0.00000;0.00000;0.00000;0.00000;0.00000;0.00000;0.00000;0.00000;0.00000;0.00000;0.00000;0.00000;0.00000;0.00000;0.00000;0.00000;0.00000;0.00000;0.00000;0.00000;0.00000;0.00000;0.00000;0.00000;0.00000;0.00000;0.00000;0.00000;0.00000;0.00000;0.00000;0.00000;0.00000;0.00000;0.00000;0.00000;0.00000;0.00000;0.00000;0.00000;0.00000;0.00000;0.00000;0.00000;0.00000;0.00000;0.00000;0.00000;0.00000;0.00000;0.00000;0.00000;0.00000;0.00000;0.00000;0.00000;0.00000;0.00000;0.00000;0.00000;0.00000;0.00000;0.00000;0.00000;0.00000;0.00000;0.00000;0.00000;0.00000;0.00000;0.00000;0.00000;0.00000;0.00000;0.00000;0.00000;0.00000;0.00000;0.00000;0.00000;0.00000;0.00000;0.00000;0.00000;0.00000;0.00000;0.00000;0.00000;0.00000;0.00000;0.00000;0.00000;0.00000;0.00000;0.00000;0.00000;0.00000;0.00000;0.00000;0.00000;0.00000;0.00000;0.00000;0.00000;0.00000;0.00000;0.00000;0.00000;0.00000;0.00000;0.00000;0.00000;0.00000;0.00000;0.00000;0.00000;0.00000;0.00000;0.00000;0.00000;0.00000;0.00000;0.00000;0.00000;0.00000;0.00000;0.00000;0.00000;0.00000;0.00000;0.00000;0.00000;0.00000;0.00000;0.00000;0.00000;0.00000;0.00000;0.00000;0.00000;0.00000;0.00000;0.00000;0.00000;0.00000;0.00000;0.00000;0.00000;0.00000;0.00000;0.00000;0.00000;0.00000;0.00000;0.00000;0.00000;0.00000;0.00000;0.00000;0.00000;0.00020;0.00000;0.00000;0.00000;0.00000;0.00000;0.00342;0.00000;0.00000;0.00000;0.00000;0.00000;0.00000;0.00000;0.00000;0.00000;0.00000;0.00000;0.00005;0.00000;0.00000;0.00000;0.00000;0.00000;0.00000;0.00000;0.00182;0.00000;0.00000;0.00000;0.00000;0.00000;0.00000;0.00000;0.00000;0.00000;0.00000;0.00000;0.00000;0.00000;0.00000;0.00000;0.00000;0.00000;0.00000;0.00000;0.00000;0.00000;0.00000;0.00000;0.00000;0.00000;0.00000;0.00000;0.00000;0.00000;0.00000;0.00000;0.00000;0.00000;0.00000;0.00000;0.00000;0.00000;0.00000;0.00000;0.00000;0.00000;0.00000;0.00000;0.00000;0.00000;0.00000;0.00000;0.00000;0.00000;0.00000;0.00000;0.00000;0.00000;0.00000;0.00000;0.00000;0.00000;0.00000;0.00000;0.00000;0.00000;0.00000;0.00000;0.00000;0.00000;0.00000;0.00000;0.00000;0.00000;0.00000;0.00000;0.00000;0.00000;0.00000;0.00000;0.00000;0.00000;0.00000;0.00000;0.00000;0.00000;0.00000;0.00000;0.00000;0.00000;0.00000;0.00000;0.00000;0.00000;0.00000;0.00000;0.00000;0.00000;0.00000;0.00000;0.00000;0.00000;0.00000;0.00000;0.00000;0.00000;0.00000;0.00000;0.00000;0.00000;0.00000;0.00000;0.00000;0.00000;0.00000;0.00000;0.00000;0.00000
2020-01-22 00:00;0.00000;0.00000;0.00000;0.00000;0.00000;0.00000;0.00000;0.00000;0.00000;0.00000;0.00000;0.00000;0.00000;0.00000;0.00000;0.00000;0.00000;0.00000;0.00000;0.00000;0.00000;0.00000;0.00000;0.00000;0.00000;0.00000;0.00000;0.00000;0.00000;0.00000;0.00000;0.00000;0.00000;0.00000;0.00000;0.00000;0.00000;0.00000;0.00000;0.00000;0.00000;0.00000;0.00000;0.00000;0.00000;0.00000;0.00000;0.00000;0.00000;0.00000;0.00000;0.00000;0.00000;0.00000;0.00000;0.00000;0.00000;0.00000;0.00000;0.00000;0.00000;0.00000;0.00000;0.00000;0.00000;0.00000;0.00000;0.00000;0.00000;0.00000;0.00000;0.00000;0.00000;0.00000;0.00000;0.00000;0.00000;0.00000;0.00000;0.00000;0.00000;0.00000;0.00000;0.00000;0.00000;0.00000;0.00000;0.00000;0.00000;0.00000;0.00000;0.00000;0.00000;0.00000;0.00000;0.00000;0.00000;0.00000;0.00000;0.00000;0.00000;0.00000;0.00000;0.00000;0.00000;0.00000;0.00000;0.00000;0.00000;0.00000;0.00000;0.00000;0.00000;0.00000;0.00000;0.00000;0.00000;0.00000;0.00000;0.00000;0.00000;0.00000;0.00000;0.00000;0.00000;0.00000;0.00000;0.00000;0.00000;0.00000;0.00000;0.00000;0.00000;0.00000;0.00000;0.00000;0.00000;0.00000;0.00000;0.00000;0.00000;0.00000;0.00000;0.00000;0.00000;0.00000;0.00000;0.00000;0.00000;0.00000;0.00000;0.00000;0.00000;0.00000;0.00000;0.00000;0.00000;0.00000;0.00000;0.00000;0.00000;0.00000;0.00000;0.00000;0.00000;0.00000;0.00000;0.00000;0.00000;0.00000;0.00000;0.00000;0.00000;0.00000;0.00000;0.00000;0.00000;0.00000;0.00000;0.00000;0.00000;0.00000;0.00000;0.00000;0.00000;0.00000;0.00000;0.00000;0.00000;0.00000;0.00000;0.00000;0.00000;0.00000;0.00000;0.00000;0.00000;0.00000;0.00000;0.00000;0.00000;0.00000;0.00000;0.00000;0.00000;0.00000;0.00000;0.00000;0.00000;0.00000;0.00000;0.00000;0.00000;0.00000;0.00000;0.00000;0.00000;0.00000;0.00000;0.00000;0.00000;0.00000;0.00000;0.00000;0.00000;0.00000;0.00000;0.00000;0.00000;0.00000;0.00000;0.00000;0.00000;0.00000;0.00000;0.00000;0.00000;0.00000;0.00000;0.00000;0.00000;0.00000;0.00000;0.00000;0.00000;0.00000;0.00000;0.00000;0.00000;0.00000;0.00000;0.00000;0.00000;0.00000;0.00000;0.00000;0.00000;0.00000;0.00000;0.00000;0.00000;0.00000;0.00000;0.00000;0.00000;0.00000;0.00000;0.00000;0.00000;0.00000;0.00000;0.00000;0.00000;0.00000;0.00000;0.00000;0.00000;0.00000;0.00000;0.00000;0.00000;0.00000;0.00000;0.00000;0.00000;0.00000;0.00000;0.00000;0.00000;0.00000;0.00000;0.00000;0.00000;0.00000;0.00000;0.00000;0.00000;0.00000;0.00000;0.00000;0.00000;0.00000;0.00000;0.00000;0.00000;0.00000;0.00000;0.00000;0.00000;0.00000;0.00000;0.00000;0.00000;0.00000;0.00000;0.00000;0.00000;0.00000;0.00000;0.00000;0.00000;0.00000;0.00000;0.00000;0.00000;0.00000;0.00000;0.00000;0.00000;0.00000;0.00000;0.00000;0.00000;0.00000;0.00000;0.00000;0.00000;0.00000;0.00000;0.00000;0.00000;0.00000;0.00000;0.00000;0.00000;0.00000;0.00000;0.00000;0.00000;0.00000;0.00000;0.00000;0.00000;0.00000;0.00000;0.00017;0.00000;0.00000;0.00000;0.00000;0.00000;0.00019;0.00000;0.00000;0.00000;0.00000;0.00000;0.00000;0.00000;0.00000;0.00000;0.00000;0.00000;0.00004;0.00000;0.00000;0.00000;0.00000;0.00000;0.00000;0.00000;0.00172;0.00000;0.00000;0.00000;0.00000;0.00000;0.00000;0.00000;0.00000;0.00000;0.00000;0.00000;0.00000;0.00000;0.00000;0.00000;0.00000;0.00000;0.00000;0.00000;0.00000;0.00000;0.00000;0.00000;0.00000;0.00000;0.00000;0.00000;0.00000;0.00000;0.00000;0.00000;0.00000;0.00000;0.00000;0.00000;0.00000;0.00000;0.00000;0.00000;0.00000;0.00000;0.00000;0.00000;0.00000;0.00000;0.00000;0.00000;0.00000;0.00000;0.00000;0.00000;0.00000;0.00000;0.00000;0.00000;0.00000;0.00000;0.00000;0.00000;0.00000;0.00000;0.00000;0.00000;0.00000;0.00000;0.00000;0.00000;0.00000;0.00000;0.00000;0.00000;0.00000;0.00000;0.00000;0.00000;0.00000;0.00000;0.00000;0.00000;0.00000;0.00000;0.00000;0.00000;0.00000;0.00000;0.00000;0.00000;0.00000;0.00000;0.00000;0.00000;0.00000;0.00000;0.00000;0.00000;0.00000;0.00000;0.00000;0.00000;0.00000;0.00000;0.00000;0.00000;0.00000;0.00000;0.00000;0.00000;0.00000;0.00000;0.00000;0.00000;0.00000;0.00000
2020-01-23 00:00;0.00000;0.00000;0.00000;0.00000;0.00000;0.00000;0.00000;0.00000;0.00000;0.00000;0.00000;0.00000;0.00000;0.00000;0.00000;0.00000;0.00000;0.00000;0.00000;0.00000;0.00000;0.00000;0.00000;0.00000;0.00000;0.00000;0.00000;0.00000;0.00000;0.00000;0.00000;0.00000;0.00000;0.00000;0.00000;0.00000;0.00000;0.00000;0.00000;0.00000;0.00000;0.00000;0.00000;0.00000;0.00000;0.00000;0.00000;0.00000;0.00000;0.00000;0.00000;0.00000;0.00000;0.00000;0.00000;0.00000;0.00000;0.00000;0.00000;0.00000;0.00000;0.00000;0.00000;0.00000;0.00000;0.00000;0.00000;0.00000;0.00000;0.00000;0.00000;0.00000;0.00000;0.00000;0.00000;0.00000;0.00000;0.00000;0.00000;0.00000;0.00000;0.00000;0.00000;0.00000;0.00000;0.00000;0.00000;0.00000;0.00000;0.00000;0.00000;0.00000;0.00000;0.00000;0.00000;0.00000;0.00000;0.00000;0.00000;0.00000;0.00000;0.00000;0.00000;0.00000;0.00000;0.00000;0.00000;0.00000;0.00000;0.00000;0.00000;0.00000;0.00000;0.00000;0.00000;0.00000;0.00000;0.00000;0.00000;0.00000;0.00000;0.00000;0.00000;0.00000;0.00000;0.00000;0.00000;0.00000;0.00000;0.00000;0.00000;0.00000;0.00000;0.00000;0.00000;0.00000;0.00000;0.00000;0.00000;0.00000;0.00000;0.00000;0.00000;0.00000;0.00000;0.00000;0.00000;0.00000;0.00000;0.00000;0.00000;0.00000;0.00000;0.00000;0.00000;0.00000;0.00000;0.00000;0.00000;0.00000;0.00000;0.00000;0.00000;0.00000;0.00000;0.00000;0.00000;0.00000;0.00000;0.00000;0.00000;0.00000;0.00000;0.00000;0.00000;0.00000;0.00000;0.00000;0.00000;0.00000;0.00000;0.00000;0.00000;0.00000;0.00000;0.00000;0.00000;0.00000;0.00000;0.00000;0.00000;0.00000;0.00000;0.00000;0.00000;0.00000;0.00000;0.00000;0.00000;0.00000;0.00000;0.00000;0.00000;0.00000;0.00000;0.00000;0.00000;0.00000;0.00000;0.00000;0.00000;0.00000;0.00000;0.00000;0.00000;0.00000;0.00000;0.00000;0.00000;0.00000;0.00000;0.00000;0.00000;0.00000;0.00000;0.00000;0.00000;0.00000;0.00000;0.00000;0.00000;0.00000;0.00000;0.00000;0.00000;0.00000;0.00000;0.00000;0.00000;0.00000;0.00000;0.00000;0.00000;0.00000;0.00000;0.00000;0.00000;0.00000;0.00000;0.00000;0.00000;0.00000;0.00000;0.00000;0.00000;0.00000;0.00000;0.00000;0.00000;0.00000;0.00000;0.00000;0.00000;0.00000;0.00000;0.00000;0.00000;0.00000;0.00000;0.00000;0.00000;0.00000;0.00000;0.00000;0.00000;0.00000;0.00000;0.00000;0.00000;0.00000;0.00000;0.00000;0.00000;0.00000;0.00000;0.00000;0.00000;0.00000;0.00000;0.00000;0.00000;0.00000;0.00000;0.00000;0.00000;0.00000;0.00000;0.00000;0.00000;0.00000;0.00000;0.00000;0.00000;0.00000;0.00000;0.00000;0.00000;0.00000;0.00000;0.00000;0.00000;0.00000;0.00000;0.00000;0.00000;0.00000;0.00000;0.00000;0.00000;0.00000;0.00000;0.00000;0.00000;0.00000;0.00000;0.00000;0.00000;0.00000;0.00000;0.00000;0.00000;0.00000;0.00000;0.00000;0.00000;0.00000;0.00000;0.00000;0.00000;0.00000;0.00000;0.00000;0.00000;0.00000;0.00000;0.00000;0.00000;0.00000;0.00000;0.00000;0.00000;0.00000;0.00000;0.00000;0.00000;0.00019;0.00000;0.00000;0.00000;0.00000;0.00000;0.00326;0.00000;0.00000;0.00000;0.00000;0.00000;0.00000;0.00000;0.00000;0.00000;0.00000;0.00000;0.00005;0.00000;0.00000;0.00000;0.00000;0.00000;0.00000;0.00000;0.00168;0.00000;0.00000;0.00000;0.00000;0.00000;0.00000;0.00000;0.00000;0.00000;0.00000;0.00000;0.00000;0.00000;0.00000;0.00000;0.00000;0.00000;0.00000;0.00000;0.00000;0.00000;0.00000;0.00000;0.00000;0.00000;0.00000;0.00000;0.00000;0.00000;0.00000;0.00000;0.00000;0.00000;0.00000;0.00000;0.00000;0.00000;0.00000;0.00000;0.00000;0.00000;0.00000;0.00000;0.00000;0.00000;0.00000;0.00000;0.00000;0.00000;0.00000;0.00000;0.00000;0.00000;0.00000;0.00000;0.00000;0.00000;0.00000;0.00000;0.00000;0.00000;0.00000;0.00000;0.00000;0.00000;0.00000;0.00000;0.00000;0.00000;0.00000;0.00000;0.00000;0.00000;0.00000;0.00000;0.00000;0.00000;0.00000;0.00000;0.00000;0.00000;0.00000;0.00000;0.00000;0.00000;0.00000;0.00000;0.00000;0.00000;0.00000;0.00000;0.00000;0.00000;0.00000;0.00000;0.00000;0.00000;0.00000;0.00000;0.00000;0.00000;0.00000;0.00000;0.00000;0.00000;0.00000;0.00000;0.00000;0.00000;0.00000;0.00000;0.00000;0.00000
2020-01-24 00:00;0.00000;0.00000;0.00000;0.00000;0.00000;0.00000;0.00000;0.00000;0.00000;0.00000;0.00000;0.00000;0.00000;0.00000;0.00000;0.00000;0.00000;0.00000;0.00000;0.00000;0.00000;0.00000;0.00000;0.00000;0.00000;0.00000;0.00000;0.00000;0.00000;0.00000;0.00000;0.00000;0.00000;0.00000;0.00000;0.00000;0.00000;0.00000;0.00000;0.00000;0.00000;0.00000;0.00000;0.00000;0.00000;0.00000;0.00000;0.00000;0.00000;0.00000;0.00000;0.00000;0.00000;0.00000;0.00000;0.00000;0.00000;0.00000;0.00000;0.00000;0.00000;0.00000;0.00000;0.00000;0.00000;0.00000;0.00000;0.00000;0.00000;0.00000;0.00000;0.00000;0.00000;0.00000;0.00000;0.00000;0.00000;0.00000;0.00000;0.00000;0.00000;0.00000;0.00000;0.00000;0.00000;0.00000;0.00000;0.00000;0.00000;0.00000;0.00000;0.00000;0.00000;0.00000;0.00000;0.00000;0.00000;0.00000;0.00000;0.00000;0.00000;0.00000;0.00000;0.00000;0.00000;0.00000;0.00000;0.00000;0.00000;0.00000;0.00000;0.00000;0.00000;0.00000;0.00000;0.00000;0.00000;0.00000;0.00000;0.00000;0.00000;0.00000;0.00000;0.00000;0.00000;0.00000;0.00000;0.00000;0.00000;0.00000;0.00000;0.00000;0.00000;0.00000;0.00000;0.00000;0.00000;0.00000;0.00000;0.00000;0.00000;0.00000;0.00000;0.00000;0.00000;0.00000;0.00000;0.00000;0.00000;0.00000;0.00000;0.00000;0.00000;0.00000;0.00000;0.00000;0.00000;0.00000;0.00000;0.00000;0.00000;0.00000;0.00000;0.00000;0.00000;0.00000;0.00000;0.00000;0.00000;0.00000;0.00000;0.00000;0.00000;0.00000;0.00000;0.00000;0.00000;0.00000;0.00000;0.00000;0.00000;0.00000;0.00000;0.00000;0.00000;0.00000;0.00000;0.00000;0.00000;0.00000;0.00000;0.00000;0.00000;0.00000;0.00000;0.00000;0.00000;0.00000;0.00000;0.00000;0.00000;0.00000;0.00000;0.00000;0.00000;0.00000;0.00000;0.00000;0.00000;0.00000;0.00000;0.00000;0.00000;0.00000;0.00000;0.00000;0.00000;0.00000;0.00000;0.00000;0.00000;0.00000;0.00000;0.00000;0.00000;0.00000;0.00000;0.00000;0.00000;0.00000;0.00000;0.00000;0.00000;0.00000;0.00000;0.00000;0.00000;0.00000;0.00000;0.00000;0.00000;0.00000;0.00000;0.00000;0.00000;0.00000;0.00000;0.00000;0.00000;0.00000;0.00000;0.00000;0.00000;0.00000;0.00000;0.00000;0.00000;0.00000;0.00000;0.00000;0.00000;0.00000;0.00000;0.00000;0.00000;0.00000;0.00000;0.00000;0.00000;0.00000;0.00000;0.00000;0.00000;0.00000;0.00000;0.00000;0.00000;0.00000;0.00000;0.00000;0.00000;0.00000;0.00000;0.00000;0.00000;0.00000;0.00000;0.00000;0.00000;0.00000;0.00000;0.00000;0.00000;0.00000;0.00000;0.00000;0.00000;0.00000;0.00000;0.00000;0.00000;0.00000;0.00000;0.00000;0.00000;0.00000;0.00000;0.00000;0.00000;0.00000;0.00000;0.00000;0.00000;0.00000;0.00000;0.00000;0.00000;0.00000;0.00000;0.00000;0.00000;0.00000;0.00000;0.00000;0.00000;0.00000;0.00000;0.00000;0.00000;0.00000;0.00000;0.00000;0.00000;0.00000;0.00000;0.00000;0.00000;0.00000;0.00000;0.00000;0.00000;0.00000;0.00000;0.00000;0.00000;0.00000;0.00000;0.00000;0.00000;0.00000;0.00000;0.00000;0.00000;0.00000;0.00000;0.00016;0.00000;0.00000;0.00000;0.00000;0.00000;0.00019;0.00000;0.00000;0.00000;0.00000;0.00000;0.00000;0.00000;0.00000;0.00000;0.00000;0.00000;0.00004;0.00000;0.00000;0.00000;0.00000;0.00000;0.00000;0.00000;0.00154;0.00000;0.00000;0.00000;0.00000;0.00000;0.00000;0.00000;0.00000;0.00000;0.00000;0.00000;0.00000;0.00000;0.00000;0.00000;0.00000;0.00000;0.00000;0.00000;0.00000;0.00000;0.00000;0.00000;0.00000;0.00000;0.00000;0.00000;0.00000;0.00000;0.00000;0.00000;0.00000;0.00000;0.00000;0.00000;0.00000;0.00000;0.00000;0.00000;0.00000;0.00000;0.00000;0.00000;0.00000;0.00000;0.00000;0.00000;0.00000;0.00000;0.00000;0.00000;0.00000;0.00000;0.00000;0.00000;0.00000;0.00000;0.00000;0.00000;0.00000;0.00000;0.00000;0.00000;0.00000;0.00000;0.00000;0.00000;0.00000;0.00000;0.00000;0.00000;0.00000;0.00000;0.00000;0.00000;0.00000;0.00000;0.00000;0.00000;0.00000;0.00000;0.00000;0.00000;0.00000;0.00000;0.00000;0.00000;0.00000;0.00000;0.00000;0.00000;0.00000;0.00000;0.00000;0.00000;0.00000;0.00000;0.00000;0.00000;0.00000;0.00000;0.00000;0.00000;0.00000;0.00000;0.00000;0.00000;0.00000;0.00000;0.00000;0.00000;0.00000;0.00000
2020-01-25 00:00;0.00000;0.00000;0.00000;0.00000;0.00000;0.00000;0.00000;0.00000;0.00000;0.00000;0.00000;0.00000;0.00000;0.00000;0.00000;0.00000;0.00000;0.00000;0.00000;0.00000;0.00000;0.00000;0.00000;0.00000;0.00000;0.00000;0.00000;0.00000;0.00000;0.00000;0.00000;0.00000;0.00000;0.00000;0.00000;0.00000;0.00000;0.00000;0.00000;0.00000;0.00000;0.00000;0.00000;0.00000;0.00000;0.00000;0.00000;0.00000;0.00000;0.00000;0.00000;0.00000;0.00000;0.00000;0.00000;0.00000;0.00000;0.00000;0.00000;0.00000;0.00000;0.00000;0.00000;0.00000;0.00000;0.00000;0.00000;0.00000;0.00000;0.00000;0.00000;0.00000;0.00000;0.00000;0.00000;0.00000;0.00000;0.00000;0.00000;0.00000;0.00000;0.00000;0.00000;0.00000;0.00000;0.00000;0.00000;0.00000;0.00000;0.00000;0.00000;0.00000;0.00000;0.00000;0.00000;0.00000;0.00000;0.00000;0.00000;0.00000;0.00000;0.00000;0.00000;0.00000;0.00000;0.00000;0.00000;0.00000;0.00000;0.00000;0.00000;0.00000;0.00000;0.00000;0.00000;0.00000;0.00000;0.00000;0.00000;0.00000;0.00000;0.00000;0.00000;0.00000;0.00000;0.00000;0.00000;0.00000;0.00000;0.00000;0.00000;0.00000;0.00000;0.00000;0.00000;0.00000;0.00000;0.00000;0.00000;0.00000;0.00000;0.00000;0.00000;0.00000;0.00000;0.00000;0.00000;0.00000;0.00000;0.00000;0.00000;0.00000;0.00000;0.00000;0.00000;0.00000;0.00000;0.00000;0.00000;0.00000;0.00000;0.00000;0.00000;0.00000;0.00000;0.00000;0.00000;0.00000;0.00000;0.00000;0.00000;0.00000;0.00000;0.00000;0.00000;0.00000;0.00000;0.00000;0.00000;0.00000;0.00000;0.00000;0.00000;0.00000;0.00000;0.00000;0.00000;0.00000;0.00000;0.00000;0.00000;0.00000;0.00000;0.00000;0.00000;0.00000;0.00000;0.00000;0.00000;0.00000;0.00000;0.00000;0.00000;0.00000;0.00000;0.00000;0.00000;0.00000;0.00000;0.00000;0.00000;0.00000;0.00000;0.00000;0.00000;0.00000;0.00000;0.00000;0.00000;0.00000;0.00000;0.00000;0.00000;0.00000;0.00000;0.00000;0.00000;0.00000;0.00000;0.00000;0.00000;0.00000;0.00000;0.00000;0.00000;0.00000;0.00000;0.00000;0.00000;0.00000;0.00000;0.00000;0.00000;0.00000;0.00000;0.00000;0.00000;0.00000;0.00000;0.00000;0.00000;0.00000;0.00000;0.00000;0.00000;0.00000;0.00000;0.00000;0.00000;0.00000;0.00000;0.00000;0.00000;0.00000;0.00000;0.00000;0.00000;0.00000;0.00000;0.00000;0.00000;0.00000;0.00000;0.00000;0.00000;0.00000;0.00000;0.00000;0.00000;0.00000;0.00000;0.00000;0.00000;0.00000;0.00000;0.00000;0.00000;0.00000;0.00000;0.00000;0.00000;0.00000;0.00000;0.00000;0.00000;0.00000;0.00000;0.00000;0.00000;0.00000;0.00000;0.00000;0.00000;0.00000;0.00000;0.00000;0.00000;0.00000;0.00000;0.00000;0.00000;0.00000;0.00000;0.00000;0.00000;0.00000;0.00000;0.00000;0.00000;0.00000;0.00000;0.00000;0.00000;0.00000;0.00000;0.00000;0.00000;0.00000;0.00000;0.00000;0.00000;0.00000;0.00000;0.00000;0.00000;0.00000;0.00000;0.00000;0.00000;0.00000;0.00000;0.00000;0.00000;0.00000;0.00000;0.00000;0.00000;0.00000;0.00000;0.00000;0.00000;0.00000;0.00000;0.00000;0.00000;0.00018;0.00000;0.00000;0.00000;0.00000;0.00000;0.00308;0.00000;0.00000;0.00000;0.00000;0.00000;0.00000;0.00000;0.00000;0.00000;0.00000;0.00000;0.00005;0.00000;0.00000;0.00000;0.00000;0.00000;0.00000;0.00000;0.00156;0.00000;0.00000;0.00000;0.00000;0.00000;0.00000;0.00000;0.00000;0.00000;0.00000;0.00000;0.00000;0.00000;0.00000;0.00000;0.00000;0.00000;0.00000;0.00000;0.00000;0.00000;0.00000;0.00000;0.00000;0.00000;0.00000;0.00000;0.00000;0.00000;0.00000;0.00000;0.00000;0.00000;0.00000;0.00000;0.00000;0.00000;0.00000;0.00000;0.00000;0.00000;0.00000;0.00000;0.00000;0.00000;0.00000;0.00000;0.00000;0.00000;0.00000;0.00000;0.00000;0.00000;0.00000;0.00000;0.00000;0.00000;0.00000;0.00000;0.00000;0.00000;0.00000;0.00000;0.00000;0.00000;0.00000;0.00000;0.00000;0.00000;0.00000;0.00000;0.00000;0.00000;0.00000;0.00000;0.00000;0.00000;0.00000;0.00000;0.00000;0.00000;0.00000;0.00000;0.00000;0.00000;0.00000;0.00000;0.00000;0.00000;0.00000;0.00000;0.00000;0.00000;0.00000;0.00000;0.00000;0.00000;0.00000;0.00000;0.00000;0.00000;0.00000;0.00000;0.00000;0.00000;0.00000;0.00000;0.00000;0.00000;0.00000;0.00000;0.00000;0.00000
2020-01-26 00:00;0.15928;0.07525;0.00013;0.02150;0.00199;0.00049;0.00025;0.00777;0.00025;0.00025;0.00494;0.06541;0.11325;0.00048;0.00012;0.00012;0.06634;0.01763;0.00355;0.00024;0.00000;0.00084;0.00373;0.00000;0.00012;0.00760;0.00098;0.00374;0.00012;0.00047;0.00000;0.00060;0.01228;0.00012;0.00023;0.00000;0.00013;0.00429;0.00353;0.00034;0.00133;0.00000;0.00476;0.00700;0.00761;0.00359;0.00013;0.00026;0.00118;0.00176;0.00278;0.00026;0.00026;0.00070;0.00038;0.00000;0.00000;0.00094;0.00000;0.00203;0.00519;0.00000;0.00867;0.00157;0.00334;0.00128;0.03847;0.03704;0.00013;0.01607;0.00881;0.03231;0.00181;0.00053;0.00276;0.00035;0.00571;0.00000;0.00012;0.00000;0.00213;0.00099;0.00012;0.00197;0.00000;0.00026;0.00607;0.02671;0.00000;0.00177;0.00000;0.00516;0.01047;0.01730;0.00000;0.00235;0.00840;0.00444;0.00140;0.12055;2.88583;0.38722;0.01837;0.01245;0.03598;0.00742;0.01181;1.12327;0.04566;0.02744;0.02583;0.03881;0.04580;0.05257;0.09773;0.08244;0.00312;0.00424;0.02112;0.02761;0.01898;0.00961;0.02707;0.02014;0.01788;0.05305;0.01292;0.04550;0.00628;0.00930;0.03868;0.10789;0.00110;0.00080;0.03643;0.03526;0.05994;0.01806;0.03804;0.00772;0.01716;0.00788;0.00828;0.16326;0.03016;0.03271;0.08947;0.07242;0.01424;0.07384;0.43764;0.08899;0.17933;0.04268;0.04641;0.04275;0.02808;0.79642;0.00514;0.00445;0.01837;0.01027;0.36059;0.68110;0.31939;0.12784;0.09650;0.01565;0.02294;0.18172;0.34841;0.00000;0.01718;0.00000;0.00000;0.01091;0.00000;0.00585;0.26602;0.00237;0.00295;0.02277;0.00000;0.06515;0.05229;0.01009;0.00300;0.01082;0.00521;0.01528;0.02945;0.03319;0.00857;0.01770;0.00000;0.00000;0.00945;0.02164;0.00084;0.00560;0.00000;0.00150;0.01546;0.00082;0.00235;0.00534;0.15797;0.00537;0.00826;0.00022;0.00109;0.00000;0.00000;0.01041;0.00246;0.15024;0.01031;0.01506;0.00058;0.02098;0.00577;0.00282;0.00000;0.05280;0.01917;0.02438;0.00830;0.02036;0.00102;0.00347;0.01047;0.01173;0.00348;0.01470;0.00000;0.00155;0.00000;0.00261;0.00026;0.00199;0.00000;0.00038;0.00562;0.00086;0.00892;0.00000;0.00181;0.00091;0.00000;0.00068;0.00606;0.00311;0.00112;0.00000;0.00348;0.00000;0.00023;0.00161;0.00147;0.00000;0.00000;0.00000;0.00000;0.00000;0.00116;0.00000;0.00000;0.00068;0.00000;0.00007;0.00000;0.00291;0.00000;0.00248;0.01576;0.01744;0.01540;0.01252;0.00000;0.00849;0.00697;0.00427;0.00000;0.00000;0.00000;0.00000;0.00000;0.00000;0.00000;0.00193;0.01374;0.00280;0.00232;0.00252;0.00000;0.00083;0.00092;0.00000;0.00000;0.00000;0.00272;0.00000;0.00235;0.00000;0.00287;0.00531;0.01111;0.00000;0.00281;0.00039;0.00329;0.01214;0.01439;0.00226;0.00335;0.00241;0.00000;0.00000;0.00005;0.00000;0.00000;0.00000;0.00248;0.00571;0.00025;0.00000;0.00000;0.00000;0.02418;0.00000;0.00534;0.00027;0.00000;0.00000;0.00000;0.00000;0.00000;0.00000;0.00000;0.00085;0.00000;0.00041;0.00067;0.00025;0.00084;0.00246;0.00283;0.00181;0.00424;0.00018;0.05514;0.26688;0.00000;0.13363;0.12261;0.10654;0.06676;0.00009;0.05683;0.00257;0.12319;0.00313;0.00000;0.00000;0.00000;0.00000;0.00309;0.01212;0.00000;0.00000;0.00127;0.01345;0.00000;0.02759;0.00000;0.00000;0.00000;0.00296;0.00135;0.00415;0.00364;1.40098;0.00000;0.02739;0.00000;0.00000;0.00126;0.00306;0.00273;0.00046;0.00246;0.00013;0.00151;0.00419;0.00014;0.00000;0.03776;0.00614;0.00495;0.01722;0.03675;0.00000;0.07334;0.02521;0.00048;0.00000;0.00011;0.04978;0.00776;0.02195;0.00000;0.01765;0.00565;0.00326;0.00058;0.02026;0.00286;0.01142;0.01273;0.00000;0.00950;0.00395;0.00262;0.00139;0.00047;0.04449;0.34028;0.00744;0.01280;0.00947;0.00784;0.01719;1.15506;0.15516;0.15919;0.00912;0.01083;0.06937;0.02338;0.02922;0.05616;0.04783;0.02509;0.00958;0.08696;0.03562;0.04261;0.04069;0.01485;0.03111;0.54403;0.04921;0.24547;0.08049;0.13725;0.18782;0.09828;0.20205;0.01505;0.01447;0.02792;0.33266;0.10620;0.00260;0.00698;0.11438;0.03204;0.00778;0.00000;0.00812;0.00117;0.07247;0.03531;1.16305;0.00021;0.00035;0.00046;0.00000;0.00026;0.15768;0.00012;0.00371;0.00564;0.00161;0.00621;0.00967;0.00738;0.00191;0.02622;0.00763;0.00621;0.00265;0.00305;0.00000;0.00137
2020-01-27 00:00;0.10107;0.05225;0.00006;0.01694;0.00087;0.00020;0.00011;0.00467;0.00011;0.00011;0.00445;0.03792;0.11425;0.00019;0.00006;0.00005;0.05344;0.00919;0.00220;0.00012;0.00000;0.00043;0.00190;0.00000;0.00006;0.00956;0.00048;0.00174;0.00006;0.00024;0.00000;0.00031;0.00878;0.00006;0.00012;0.00000;0.00005;0.00285;0.00156;0.00019;0.00093;0.00000;0.00233;0.00351;0.00386;0.00164;0.00005;0.00011;0.00114;0.00087;0.00133;0.00011;0.00011;0.00036;0.00016;0.00000;0.00000;0.00061;0.00000;0.00101;0.00237;0.00000;0.00445;0.00138;0.00175;0.00058;0.02264;0.01884;0.00006;0.01500;0.00446;0.01748;0.00088;0.00041;0.00239;0.00018;0.00261;0.00000;0.00006;0.00000;0.00110;0.00044;0.00006;0.00153;0.00000;0.00011;0.00427;0.01649;0.00000;0.00082;0.00000;0.00255;0.00700;0.01178;0.00000;0.00116;0.00571;0.00233;0.00124;0.10266;6.37310;0.45454;0.01065;0.00759;0.02221;0.00475;0.00754;1.59423;0.03128;0.01541;0.01661;0.02353;0.02819;0.03071;0.05825;0.04082;0.00156;0.00228;0.01265;0.01631;0.01371;0.00541;0.02339;0.01118;0.00949;0.03764;0.00743;0.03792;0.00349;0.00475;0.02266;0.08131;0.00063;0.00040;0.02399;0.02214;0.04391;0.01055;0.02331;0.00411;0.01119;0.00473;0.00407;0.12918;0.01814;0.01652;0.06625;0.04455;0.00848;0.05396;0.44682;0.05517;0.12424;0.02617;0.02860;0.02796;0.01865;0.96350;0.00270;0.00219;0.01097;0.00656;0.41350;0.87770;0.22162;0.09790;0.06595;0.00966;0.01397;0.14077;0.29037;0.00000;0.01510;0.00000;0.00000;0.01692;0.00000;0.00469;0.20505;0.00417;0.00312;0.01586;0.00000;0.04825;0.03332;0.00514;0.00166;0.00835;0.00373;0.01900;0.03534;0.02474;0.00708;0.01642;0.00000;0.00000;0.01101;0.01561;0.00088;0.00338;0.00000;0.00073;0.02257;0.00042;0.00198;0.00318;0.19791;0.00646;0.01294;0.00144;0.00216;0.00000;0.00000;0.00751;0.00128;0.22575;0.01038;0.00959;0.00043;0.03099;0.00262;0.00808;0.00000;0.03314;0.01352;0.01901;0.00502;0.01166;0.00074;0.00184;0.00713;0.00797;0.00209;0.01988;0.00000;0.00148;0.00000;0.00247;0.00052;0.00098;0.00000;0.00022;0.00847;0.00052;0.00637;0.00000;0.00106;0.00039;0.00000;0.00033;0.00573;0.00267;0.00062;0.00000;0.00271;0.00000;0.00117;0.00091;0.00081;0.00000;0.00000;0.00000;0.00000;0.00000;0.00080;0.00000;0.00000;0.00180;0.00000;0.00032;0.00000;0.00124;0.00000;0.00193;0.01649;0.01177;0.00930;0.01026;0.00000;0.00589;0.00579;0.00259;0.00000;0.00000;0.00000;0.00000;0.00000;0.00000;0.00000;0.00943;0.02125;0.00574;0.00106;0.00123;0.00000;0.00070;0.00047;0.00000;0.00000;0.00000;0.00187;0.00000;0.00247;0.00000;0.00351;0.00915;0.00572;0.00000;0.00179;0.00033;0.00311;0.01216;0.00929;0.00112;0.00171;0.00520;0.00000;0.00000;0.00049;0.00000;0.00000;0.00000;0.00147;0.00490;0.00013;0.00000;0.00070;0.00000;0.02912;0.00000;0.01073;0.00013;0.00000;0.00000;0.00000;0.00000;0.00000;0.00000;0.00000;0.00054;0.00000;0.00019;0.00030;0.00014;0.00038;0.00117;0.00184;0.00106;0.00220;0.00065;0.04336;0.31648;0.00000;0.09051;0.07322;0.03927;0.03658;0.00110;0.02833;0.00158;0.16269;0.03121;0.00000;0.00000;0.00000;0.00000;0.01042;0.02959;0.00000;0.00000;0.00087;0.00885;0.00000;0.01070;0.00000;0.00283;0.00000;0.00162;0.00168;0.00244;0.00228;0.50250;0.00000;0.05992;0.00000;0.00000;0.00176;0.00180;0.00155;0.00055;0.00154;0.00009;0.00228;0.00233;0.00006;0.00000;0.05573;0.00369;0.00289;0.01345;0.03364;0.00000;0.04319;0.02076;0.01004;0.00000;0.00007;0.06626;0.00517;0.01822;0.00000;0.01372;0.00424;0.00214;0.00121;0.02616;0.00170;0.00761;0.01612;0.00000;0.00834;0.00405;0.00175;0.00067;0.00151;0.03145;0.32535;0.00464;0.00663;0.00465;0.00469;0.01088;1.46932;0.11699;0.14147;0.00556;0.00637;0.08045;0.01591;0.01913;0.04372;0.03110;0.01506;0.00619;0.06496;0.02079;0.03592;0.02852;0.00857;0.02535;0.84145;0.03131;0.24375;0.05218;0.09350;0.18152;0.07350;0.14631;0.01125;0.00905;0.01793;0.32093;0.09287;0.00146;0.00393;0.09619;0.01996;0.00488;0.00000;0.00629;0.00246;0.10960;0.02685;2.07711;0.00013;0.00018;0.00024;0.00000;0.00011;0.21709;0.00006;0.00211;0.00558;0.00094;0.00321;0.01724;0.00380;0.00094;0.02844;0.00656;0.00490;0.00295;0.00571;0.00000;0.00075
2020-01-28 00:00;0.01450;0.00897;0.00000;0.00330;0.00001;0.00000;0.00000;0.00064;0.00000;0.00000;0.00094;0.00485;0.02935;0.00000;0.00000;0.00000;0.01079;0.00092;0.00028;0.00001;0.00000;0.00004;0.00018;0.00000;0.00000;0.00283;0.00003;0.00011;0.00001;0.00002;0.00000;0.00002;0.00158;0.00001;0.00001;0.00000;0.00000;0.00042;0.00008;0.00002;0.00016;0.00000;0.00017;0.00028;0.00030;0.00010;0.00000;0.00000;0.00028;0.00007;0.00010;0.00000;0.00000;0.00003;0.00000;0.00000;0.00000;0.00009;0.00000;0.00008;0.00016;0.00000;0.00034;0.00031;0.00017;0.00004;0.00292;0.00179;0.00000;0.00360;0.00036;0.00192;0.00006;0.00000;0.00053;0.00001;0.00017;0.00000;0.00001;0.00000;0.00010;0.00003;0.00001;0.00031;0.00000;0.00000;0.00072;0.00235;0.00000;0.00005;0.00000;0.00019;0.00115;0.00200;0.00000;0.00009;0.00097;0.00021;0.00026;0.01971;3.35891;0.15826;0.00072;0.00050;0.00226;0.00039;0.00070;0.64921;0.00403;0.00093;0.00174;0.00207;0.00312;0.00248;0.00744;0.00340;0.00013;0.00016;0.00114;0.00169;0.00218;0.00041;0.00498;0.00107;0.00072;0.00575;0.00046;0.00770;0.00020;0.00028;0.00212;0.01442;0.00004;0.00000;0.00295;0.00235;0.00725;0.00098;0.00261;0.00027;0.00146;0.00025;0.00001;0.02449;0.00151;0.00103;0.01104;0.00520;0.00065;0.00863;0.11377;0.00589;0.01847;0.00253;0.00294;0.00390;0.00188;0.34332;0.00021;0.00000;0.00115;0.00046;0.14187;0.33188;0.03297;0.01735;0.00893;0.00098;0.00135;0.02471;0.05721;0.00000;0.00331;0.00000;0.00000;0.00649;0.00000;0.00089;0.03712;0.00141;0.00086;0.00286;0.00000;0.00924;0.00531;0.00051;0.00020;0.00082;0.00068;0.00604;0.01107;0.00471;0.00152;0.00393;0.00000;0.00000;0.00317;0.00283;0.00020;0.00048;0.00000;0.00007;0.00980;0.00004;0.00036;0.00042;0.05646;0.00107;0.00326;0.00021;0.00068;0.00000;0.00000;0.00263;0.00016;0.07172;0.00272;0.00162;0.00008;0.01367;0.00024;0.00180;0.00000;0.00548;0.00255;0.00391;0.00074;0.00167;0.00013;0.00024;0.00130;0.00139;0.00034;0.00671;0.00000;0.00037;0.00000;0.00062;0.00015;0.00011;0.00000;0.00003;0.00275;0.00008;0.00128;0.00000;0.00014;0.00003;0.00000;0.00004;0.00133;0.00059;0.00009;0.00000;0.00057;0.00000;0.00052;0.00014;0.00012;0.00000;0.00000;0.00000;0.00000;0.00000;0.00015;0.00000;0.00000;0.00080;0.00000;0.00018;0.00000;0.00011;0.00000;0.00039;0.00454;0.00214;0.00132;0.00218;0.00000;0.00110;0.00127;0.00043;0.00000;0.00000;0.00000;0.00000;0.00000;0.00000;0.00000;0.00619;0.00717;0.00248;0.00011;0.00015;0.00000;0.00014;0.00006;0.00000;0.00000;0.00000;0.00033;0.00000;0.00056;0.00000;0.00110;0.00342;0.00071;0.00000;0.00029;0.00006;0.00077;0.00315;0.00161;0.00013;0.00022;0.00224;0.00000;0.00000;0.00012;0.00000;0.00000;0.00000;0.00021;0.00112;0.00002;0.00000;0.00031;0.00000;0.00483;0.00000;0.00353;0.00001;0.00000;0.00000;0.00000;0.00000;0.00000;0.00000;0.00000;0.00008;0.00000;0.00002;0.00002;0.00002;0.00004;0.00013;0.00029;0.00016;0.00024;0.00015;0.00896;0.06110;0.00000;0.01438;0.00935;0.00183;0.00463;0.00026;0.00340;0.00025;0.03124;0.03569;0.00000;0.00000;0.00000;0.00000;0.00334;0.01153;0.00000;0.00000;0.00016;0.00156;0.00000;0.00097;0.00000;0.00099;0.00000;0.00023;0.00045;0.00038;0.00038;0.01228;0.00000;0.02605;0.00000;0.00000;0.00030;0.00027;0.00021;0.00014;0.00025;0.00002;0.00082;0.00034;0.00000;0.00000;0.01341;0.00059;0.00045;0.00278;0.00784;0.00000;0.00631;0.00451;0.00459;0.00000;0.00001;0.02349;0.00083;0.00372;0.00000;0.00273;0.00073;0.00035;0.00033;0.00880;0.00026;0.00122;0.00542;0.00000;0.00190;0.00107;0.00029;0.00006;0.00051;0.00453;0.07780;0.00049;0.00051;0.00001;0.00047;0.00132;0.53070;0.02008;0.03118;0.00050;0.00041;0.02678;0.00224;0.00243;0.00804;0.00404;0.00143;0.00084;0.01115;0.00179;0.00741;0.00433;0.00067;0.00499;0.35988;0.00345;0.06038;0.00646;0.01419;0.04393;0.01173;0.02477;0.00181;0.00078;0.00168;0.07763;0.01971;0.00000;0.00043;0.01930;0.00180;0.00064;0.00000;0.00125;0.00039;0.02625;0.00528;0.93139;0.00002;0.00002;0.00002;0.00000;0.00000;0.08755;0.00001;0.00024;0.00124;0.00010;0.00027;0.00619;0.00035;0.00007;0.00595;0.00144;0.00100;0.00097;0.00104;0.00000;0.00008
2020-01-29 00:00;0.00015;0.00018;0.00000;0.00004;0.00000;0.00000;0.00000;0.00001;0.00000;0.00000;0.00001;0.00005;0.00029;0.00000;0.00000;0.00000;0.00013;0.00001;0.00000;0.00000;0.00000;0.00000;0.00000;0.00000;0.00000;0.00004;0.00000;0.00000;0.00000;0.00000;0.00000;0.00000;0.00002;0.00000;0.00000;0.00000;0.00000;0.00001;0.00000;0.00000;0.00000;0.00000;0.00000;0.00000;0.00000;0.00000;0.00000;0.00000;0.00000;0.00000;0.00000;0.00000;0.00000;0.00000;0.00000;0.00000;0.00000;0.00000;0.00000;0.00000;0.00000;0.00000;0.00000;0.00000;0.00000;0.00000;0.00003;0.00002;0.00000;0.00005;0.00000;0.00002;0.00000;0.00000;0.00001;0.00000;0.00000;0.00000;0.00000;0.00000;0.00000;0.00000;0.00000;0.00000;0.00000;0.00000;0.00001;0.00002;0.00000;0.00000;0.00000;0.00000;0.00001;0.00002;0.00000;0.00000;0.00001;0.00000;0.00000;0.00007;0.75670;0.01387;0.00000;0.00000;0.00000;0.00000;0.00000;0.06812;0.00001;0.00000;0.00000;0.00000;0.00001;0.00001;0.00007;0.00003;0.00000;0.00000;0.00000;0.00000;0.00000;0.00000;0.00000;0.00001;0.00000;0.00000;0.00000;0.00000;0.00000;0.00000;0.00001;0.00002;0.00000;0.00000;0.00000;0.00000;0.00000;0.00000;0.00001;0.00000;0.00000;0.00000;0.00000;0.00003;0.00000;0.00001;0.00001;0.00001;0.00000;0.00000;0.00000;0.00002;0.00003;0.00001;0.00001;0.00001;0.00000;0.03096;0.00000;0.00000;0.00000;0.00000;0.01271;0.03196;0.00009;0.00001;0.00001;0.00000;0.00000;0.00021;0.00005;0.00000;0.00008;0.00000;0.00000;0.00046;0.00000;0.00002;0.00032;0.00007;0.00002;0.00006;0.00000;0.00020;0.00008;0.00001;0.00000;0.00001;0.00002;0.00020;0.00028;0.00006;0.00003;0.00007;0.00000;0.00000;0.00006;0.00003;0.00000;0.00000;0.00000;0.00000;0.00112;0.00000;0.00000;0.00001;0.00085;0.00003;0.00011;0.00001;0.00005;0.00000;0.00000;0.00045;0.00000;0.00043;0.00007;0.00004;0.00000;0.00161;0.00000;0.00000;0.00000;0.00012;0.00006;0.00010;0.00002;0.00004;0.00000;0.00001;0.00003;0.00004;0.00001;0.00025;0.00000;0.00001;0.00000;0.00002;0.00000;0.00000;0.00000;0.00000;0.00008;0.00000;0.00005;0.00000;0.00000;0.00000;0.00000;0.00000;0.00004;0.00001;0.00000;0.00000;0.00002;0.00000;0.00004;0.00000;0.00000;0.00000;0.00000;0.00000;0.00000;0.00000;0.00001;0.00000;0.00000;0.00002;0.00000;0.00000;0.00000;0.00000;0.00000;0.00001;0.00014;0.00006;0.00002;0.00005;0.00000;0.00003;0.00003;0.00001;0.00000;0.00000;0.00000;0.00000;0.00000;0.00000;0.00000;0.00088;0.00024;0.00010;0.00000;0.00000;0.00000;0.00000;0.00000;0.00000;0.00000;0.00000;0.00001;0.00000;0.00002;0.00000;0.00003;0.00010;0.00002;0.00000;0.00001;0.00000;0.00002;0.00009;0.00004;0.00000;0.00000;0.00009;0.00000;0.00000;0.00000;0.00000;0.00000;0.00000;0.00000;0.00003;0.00000;0.00000;0.00000;0.00000;0.00006;0.00000;0.00012;0.00000;0.00000;0.00000;0.00000;0.00000;0.00000;0.00000;0.00000;0.00000;0.00000;0.00000;0.00000;0.00000;0.00000;0.00000;0.00001;0.00000;0.00001;0.00001;0.00024;0.00068;0.00000;0.00031;0.00017;0.00165;0.00011;0.00001;0.00007;0.00001;0.00033;0.02979;0.00000;0.00000;0.00000;0.00000;0.00013;0.00048;0.00000;0.00000;0.00000;0.00004;0.00000;0.00091;0.00000;0.00004;0.00000;0.00001;0.00002;0.00001;0.00001;0.01102;0.00000;0.00115;0.00000;0.00000;0.00001;0.00001;0.00000;0.00000;0.00001;0.00000;0.00003;0.00001;0.00000;0.00000;0.00039;0.00001;0.00001;0.00006;0.00017;0.00000;0.00013;0.00014;0.00023;0.00000;0.00000;0.00108;0.00002;0.00010;0.00000;0.00006;0.00002;0.00001;0.00001;0.00024;0.00000;0.00003;0.00020;0.00000;0.00004;0.00003;0.00001;0.00000;0.00002;0.00000;0.00002;0.00000;0.00000;0.00000;0.00000;0.00000;0.04347;0.00000;0.00000;0.00000;0.00000;0.00248;0.00000;0.00000;0.00000;0.00001;0.00000;0.00000;0.00000;0.00000;0.00000;0.00000;0.00000;0.00000;0.03971;0.00000;0.00003;0.00000;0.00003;0.00005;0.00000;0.00010;0.00000;0.00000;0.00000;0.00030;0.00001;0.00000;0.00000;0.00001;0.00000;0.00000;0.00000;0.00002;0.00000;0.00005;0.00007;0.09673;0.00000;0.00000;0.00000;0.00000;0.00000;0.00920;0.00000;0.00000;0.00002;0.00000;0.00000;0.00033;0.00000;0.00000;0.00004;0.00002;0.00001;0.00009;0.00000;0.00000;0.00000
2020-01-30 00:00;0.00000;0.00000;0.00000;0.00000;0.00000;0.00000;0.00000;0.00000;0.00000;0.00000;0.00000;0.00000;0.00000;0.00000;0.00000;0.00000;0.00000;0.00000;0.00000;0.00000;0.00000;0.00000;0.00000;0.00000;0.00000;0.00000;0.00000;0.00000;0.00000;0.00000;0.00000;0.00000;0.00000;0.00000;0.00000;0.00000;0.00000;0.00000;0.00000;0.00000;0.00000;0.00000;0.00000;0.00000;0.00000;0.00000;0.00000;0.00000;0.00000;0.00000;0.00000;0.00000;0.00000;0.00000;0.00000;0.00000;0.00000;0.00000;0.00000;0.00000;0.00000;0.00000;0.00000;0.00000;0.00000;0.00000;0.00000;0.00000;0.00000;0.00000;0.00000;0.00000;0.00000;0.00000;0.00000;0.00000;0.00000;0.00000;0.00000;0.00000;0.00000;0.00000;0.00000;0.00000;0.00000;0.00000;0.00000;0.00000;0.00000;0.00000;0.00000;0.00000;0.00000;0.00000;0.00000;0.00000;0.00000;0.00000;0.00000;0.00000;0.15267;0.00002;0.00000;0.00000;0.00000;0.00000;0.00000;0.00008;0.00000;0.00000;0.00000;0.00000;0.00000;0.00000;0.00000;0.00000;0.00000;0.00000;0.00000;0.00000;0.00000;0.00000;0.00000;0.00000;0.00000;0.00000;0.00000;0.00000;0.00000;0.00000;0.00000;0.00000;0.00000;0.00000;0.00000;0.00000;0.00000;0.00000;0.00000;0.00000;0.00000;0.00000;0.00000;0.00000;0.00000;0.00000;0.00000;0.00000;0.00000;0.00000;0.00000;0.00000;0.00000;0.00000;0.00000;0.00000;0.00000;0.00009;0.00000;0.00000;0.00000;0.00000;0.00001;0.00007;0.00000;0.00000;0.00000;0.00000;0.00000;0.00000;0.00000;0.00000;0.00000;0.00000;0.00000;0.00000;0.00000;0.00000;0.00000;0.00000;0.00000;0.00000;0.00000;0.00000;0.00000;0.00000;0.00000;0.00000;0.00000;0.00000;0.00000;0.00000;0.00000;0.00000;0.00000;0.00000;0.00000;0.00000;0.00000;0.00000;0.00000;0.00000;0.00003;0.00000;0.00000;0.00000;0.00000;0.00000;0.00000;0.00000;0.00000;0.00000;0.00000;0.00000;0.00000;0.00000;0.00000;0.00000;0.00000;0.00004;0.00000;0.00000;0.00000;0.00000;0.00000;0.00000;0.00000;0.00000;0.00000;0.00000;0.00000;0.00000;0.00000;0.00000;0.00000;0.00000;0.00000;0.00000;0.00000;0.00000;0.00000;0.00000;0.00000;0.00000;0.00000;0.00000;0.00000;0.00000;0.00000;0.00000;0.00000;0.00000;0.00000;0.00000;0.00000;0.00000;0.00000;0.00000;0.00000;0.00000;0.00000;0.00000;0.00000;0.00000;0.00000;0.00000;0.00000;0.00000;0.00000;0.00000;0.00000;0.00000;0.00000;0.00000;0.00000;0.00000;0.00000;0.00000;0.00000;0.00000;0.00000;0.00000;0.00000;0.00000;0.00000;0.00000;0.00000;0.00000;0.00000;0.00003;0.00000;0.00000;0.00000;0.00000;0.00000;0.00000;0.00000;0.00000;0.00000;0.00000;0.00000;0.00000;0.00000;0.00000;0.00000;0.00000;0.00000;0.00000;0.00000;0.00000;0.00000;0.00000;0.00000;0.00000;0.00000;0.00000;0.00000;0.00000;0.00000;0.00000;0.00000;0.00000;0.00000;0.00000;0.00000;0.00000;0.00000;0.00000;0.00000;0.00000;0.00000;0.00000;0.00000;0.00000;0.00000;0.00000;0.00000;0.00000;0.00000;0.00000;0.00000;0.00000;0.00000;0.00000;0.00000;0.00000;0.00000;0.00000;0.00000;0.00000;0.00000;0.00000;0.00000;0.00000;0.00000;0.00155;0.00000;0.00000;0.00000;0.00000;0.00000;0.02238;0.00000;0.00000;0.00000;0.00000;0.00000;0.00000;0.00000;0.00000;0.00000;0.00000;0.00000;0.00085;0.00000;0.00000;0.00000;0.00000;0.00000;0.00000;0.00000;0.01035;0.00000;0.00000;0.00000;0.00000;0.00000;0.00000;0.00000;0.00000;0.00000;0.00000;0.00000;0.00000;0.00000;0.00000;0.00000;0.00000;0.00000;0.00000;0.00000;0.00000;0.00000;0.00000;0.00000;0.00000;0.00000;0.00000;0.00000;0.00000;0.00000;0.00000;0.00000;0.00000;0.00000;0.00000;0.00000;0.00000;0.00000;0.00000;0.00000;0.00000;0.00000;0.00000;0.00000;0.00000;0.00000;0.00000;0.00000;0.00000;0.00000;0.00000;0.00003;0.00000;0.00000;0.00000;0.00000;0.00004;0.00000;0.00000;0.00000;0.00000;0.00000;0.00000;0.00000;0.00000;0.00000;0.00000;0.00000;0.00000;0.00004;0.00000;0.00000;0.00000;0.00000;0.00000;0.00000;0.00000;0.00000;0.00000;0.00000;0.00000;0.00000;0.00000;0.00000;0.00000;0.00000;0.00000;0.00000;0.00000;0.00000;0.00000;0.00000;0.00010;0.00000;0.00000;0.00000;0.00000;0.00000;0.00015;0.00000;0.00000;0.00000;0.00000;0.00000;0.00000;0.00000;0.00000;0.00000;0.00000;0.00000;0.00000;0.00000;0.00000;0.00000
2020-01-31 00:00;0.00000;0.00000;0.00000;0.00000;0.00000;0.00000;0.00000;0.00000;0.00000;0.00000;0.00000;0.00000;0.00000;0.00000;0.00000;0.00000;0.00000;0.00000;0.00000;0.00000;0.00000;0.00000;0.00000;0.00000;0.00000;0.00000;0.00000;0.00000;0.00000;0.00000;0.00000;0.00000;0.00000;0.00000;0.00000;0.00000;0.00000;0.00000;0.00000;0.00000;0.00000;0.00000;0.00000;0.00000;0.00000;0.00000;0.00000;0.00000;0.00000;0.00000;0.00000;0.00000;0.00000;0.00000;0.00000;0.00000;0.00000;0.00000;0.00000;0.00000;0.00000;0.00000;0.00000;0.00000;0.00000;0.00000;0.00000;0.00000;0.00000;0.00000;0.00000;0.00000;0.00000;0.00000;0.00000;0.00000;0.00000;0.00000;0.00000;0.00000;0.00000;0.00000;0.00000;0.00000;0.00000;0.00000;0.00000;0.00000;0.00000;0.00000;0.00000;0.00000;0.00000;0.00000;0.00000;0.00000;0.00000;0.00000;0.00000;0.00000;0.00011;0.00000;0.00000;0.00000;0.00000;0.00000;0.00000;0.00000;0.00000;0.00000;0.00000;0.00000;0.00000;0.00000;0.00000;0.00000;0.00000;0.00000;0.00000;0.00000;0.00000;0.00000;0.00000;0.00000;0.00000;0.00000;0.00000;0.00000;0.00000;0.00000;0.00000;0.00000;0.00000;0.00000;0.00000;0.00000;0.00000;0.00000;0.00000;0.00000;0.00000;0.00000;0.00000;0.00000;0.00000;0.00000;0.00000;0.00000;0.00000;0.00000;0.00000;0.00000;0.00000;0.00000;0.00000;0.00000;0.00000;0.00000;0.00000;0.00000;0.00000;0.00000;0.00000;0.00000;0.00000;0.00000;0.00000;0.00000;0.00000;0.00000;0.00000;0.00000;0.00000;0.00000;0.00000;0.00000;0.00000;0.00000;0.00000;0.00000;0.00000;0.00000;0.00000;0.00000;0.00000;0.00000;0.00000;0.00000;0.00000;0.00000;0.00000;0.00000;0.00000;0.00000;0.00000;0.00000;0.00000;0.00000;0.00000;0.00000;0.00000;0.00000;0.00000;0.00000;0.00000;0.00000;0.00000;0.00000;0.00000;0.00000;0.00000;0.00000;0.00000;0.00000;0.00000;0.00000;0.00000;0.00000;0.00000;0.00000;0.00000;0.00000;0.00000;0.00000;0.00000;0.00000;0.00000;0.00000;0.00000;0.00000;0.00000;0.00000;0.00000;0.00000;0.00000;0.00000;0.00000;0.00000;0.00000;0.00000;0.00000;0.00000;0.00000;0.00000;0.00000;0.00000;0.00000;0.00000;0.00000;0.00000;0.00000;0.00000;0.00000;0.00000;0.00000;0.00000;0.00000;0.00000;0.00000;0.00000;0.00000;0.00000;0.00000;0.00000;0.00000;0.00000;0.00000;0.00000;0.00000;0.00000;0.00000;0.00000;0.00000;0.00000;0.00000;0.00000;0.00000;0.00000;0.00000;0.00000;0.00000;0.00000;0.00000;0.00000;0.00000;0.00000;0.00000;0.00000;0.00000;0.00000;0.00000;0.00000;0.00000;0.00000;0.00000;0.00000;0.00000;0.00000;0.00000;0.00000;0.00000;0.00000;0.00000;0.00000;0.00000;0.00000;0.00000;0.00000;0.00000;0.00000;0.00000;0.00000;0.00000;0.00000;0.00000;0.00000;0.00000;0.00000;0.00000;0.00000;0.00000;0.00000;0.00000;0.00000;0.00000;0.00000;0.00000;0.00000;0.00000;0.00000;0.00000;0.00000;0.00000;0.00000;0.00000;0.00000;0.00000;0.00000;0.00000;0.00000;0.00000;0.00000;0.00000;0.00000;0.00000;0.00000;0.00000;0.00000;0.00000;0.00000;0.00000;0.00000;0.00000;0.00000;0.00000;0.00144;0.00000;0.00000;0.00000;0.00000;0.00000;0.01003;0.00000;0.00000;0.00000;0.00000;0.00000;0.00000;0.00000;0.00000;0.00000;0.00000;0.00000;0.00079;0.00000;0.00000;0.00000;0.00000;0.00000;0.00000;0.00000;0.00968;0.00000;0.00000;0.00000;0.00000;0.00000;0.00000;0.00000;0.00000;0.00000;0.00000;0.00000;0.00000;0.00000;0.00000;0.00000;0.00000;0.00000;0.00000;0.00000;0.00000;0.00000;0.00000;0.00000;0.00000;0.00000;0.00000;0.00000;0.00000;0.00000;0.00000;0.00000;0.00000;0.00000;0.00000;0.00000;0.00000;0.00000;0.00000;0.00000;0.00000;0.00000;0.00000;0.00000;0.00000;0.00000;0.00000;0.00000;0.00000;0.00000;0.00000;0.00000;0.00000;0.00000;0.00000;0.00000;0.00000;0.00000;0.00000;0.00000;0.00000;0.00000;0.00000;0.00000;0.00000;0.00000;0.00000;0.00000;0.00000;0.00000;0.00000;0.00000;0.00000;0.00000;0.00000;0.00000;0.00000;0.00000;0.00000;0.00000;0.00000;0.00000;0.00000;0.00000;0.00000;0.00000;0.00000;0.00000;0.00000;0.00000;0.00000;0.00000;0.00000;0.00000;0.00000;0.00000;0.00000;0.00000;0.00000;0.00000;0.00000;0.00000;0.00000;0.00000;0.00000;0.00000;0.00000;0.00000;0.00000;0.00000;0.00000;0.00000;0.00000;0.00000
2020-02-01 00:00;0.00000;0.00000;0.00000;0.00000;0.00000;0.00000;0.00000;0.00000;0.00000;0.00000;0.00000;0.00000;0.00000;0.00000;0.00000;0.00000;0.00000;0.00000;0.00000;0.00000;0.00000;0.00000;0.00000;0.00000;0.00000;0.00000;0.00000;0.00000;0.00000;0.00000;0.00000;0.00000;0.00000;0.00000;0.00000;0.00000;0.00000;0.00000;0.00000;0.00000;0.00000;0.00000;0.00000;0.00000;0.00000;0.00000;0.00000;0.00000;0.00000;0.00000;0.00000;0.00000;0.00000;0.00000;0.00000;0.00000;0.00000;0.00000;0.00000;0.00000;0.00000;0.00000;0.00000;0.00000;0.00000;0.00000;0.00000;0.00000;0.00000;0.00000;0.00000;0.00000;0.00000;0.00000;0.00000;0.00000;0.00000;0.00000;0.00000;0.00000;0.00000;0.00000;0.00000;0.00000;0.00000;0.00000;0.00000;0.00000;0.00000;0.00000;0.00000;0.00000;0.00000;0.00000;0.00000;0.00000;0.00000;0.00000;0.00000;0.00000;0.00000;0.00000;0.00000;0.00000;0.00000;0.00000;0.00000;0.00000;0.00000;0.00000;0.00000;0.00000;0.00000;0.00000;0.00000;0.00000;0.00000;0.00000;0.00000;0.00000;0.00000;0.00000;0.00000;0.00000;0.00000;0.00000;0.00000;0.00000;0.00000;0.00000;0.00000;0.00000;0.00000;0.00000;0.00000;0.00000;0.00000;0.00000;0.00000;0.00000;0.00000;0.00000;0.00000;0.00000;0.00000;0.00000;0.00000;0.00000;0.00000;0.00000;0.00000;0.00000;0.00000;0.00000;0.00000;0.00000;0.00000;0.00000;0.00000;0.00000;0.00000;0.00000;0.00000;0.00000;0.00000;0.00000;0.00000;0.00000;0.00000;0.00000;0.00000;0.00000;0.00000;0.00000;0.00000;0.00000;0.00000;0.00000;0.00000;0.00000;0.00000;0.00000;0.00000;0.00000;0.00000;0.00000;0.00000;0.00000;0.00000;0.00000;0.00000;0.00000;0.00000;0.00000;0.00000;0.00000;0.00000;0.00000;0.00000;0.00000;0.00000;0.00000;0.00000;0.00000;0.00000;0.00000;0.00000;0.00000;0.00000;0.00000;0.00000;0.00000;0.00000;0.00000;0.00000;0.00000;0.00000;0.00000;0.00000;0.00000;0.00000;0.00000;0.00000;0.00000;0.00000;0.00000;0.00000;0.00000;0.00000;0.00000;0.00000;0.00000;0.00000;0.00000;0.00000;0.00000;0.00000;0.00000;0.00000;0.00000;0.00000;0.00000;0.00000;0.00000;0.00000;0.00000;0.00000;0.00000;0.00000;0.00000;0.00000;0.00000;0.00000;0.00000;0.00000;0.00000;0.00000;0.00000;0.00000;0.00000;0.00000;0.00000;0.00000;0.00000;0.00000;0.00000;0.00000;0.00000;0.00000;0.00000;0.00000;0.00000;0.00000;0.00000;0.00000;0.00000;0.00000;0.00000;0.00000;0.00000;0.00000;0.00000;0.00000;0.00000;0.00000;0.00000;0.00000;0.00000;0.00000;0.00000;0.00000;0.00000;0.00000;0.00000;0.00000;0.00000;0.00000;0.00000;0.00000;0.00000;0.00000;0.00000;0.00000;0.00000;0.00000;0.00000;0.00000;0.00000;0.00000;0.00000;0.00000;0.00000;0.00000;0.00000;0.00000;0.00000;0.00000;0.00000;0.00000;0.00000;0.00000;0.00000;0.00000;0.00000;0.00000;0.00000;0.00000;0.00000;0.00000;0.00000;0.00000;0.00000;0.00000;0.00000;0.00000;0.00000;0.00000;0.00000;0.00000;0.00000;0.00000;0.00000;0.00000;0.00000;0.00000;0.00000;0.00000;0.00000;0.00000;0.00000;0.00000;0.00000;0.00000;0.00000;0.00000;0.00133;0.00000;0.00000;0.00000;0.00000;0.00000;0.00069;0.00000;0.00000;0.00000;0.00000;0.00000;0.00000;0.00000;0.00000;0.00000;0.00000;0.00000;0.00073;0.00000;0.00000;0.00000;0.00000;0.00000;0.00000;0.00000;0.00893;0.00000;0.00000;0.00000;0.00000;0.00000;0.00000;0.00000;0.00000;0.00000;0.00000;0.00000;0.00000;0.00000;0.00000;0.00000;0.00000;0.00000;0.00000;0.00000;0.00000;0.00000;0.00000;0.00000;0.00000;0.00000;0.00000;0.00000;0.00000;0.00000;0.00000;0.00000;0.00000;0.00000;0.00000;0.00000;0.00000;0.00000;0.00000;0.00000;0.00000;0.00000;0.00000;0.00000;0.00000;0.00000;0.00000;0.00000;0.00000;0.00000;0.00000;0.00000;0.00000;0.00000;0.00000;0.00000;0.00000;0.00000;0.00000;0.00000;0.00000;0.00000;0.00000;0.00000;0.00000;0.00000;0.00000;0.00000;0.00000;0.00000;0.00000;0.00000;0.00000;0.00000;0.00000;0.00000;0.00000;0.00000;0.00000;0.00000;0.00000;0.00000;0.00000;0.00000;0.00000;0.00000;0.00000;0.00000;0.00000;0.00000;0.00000;0.00000;0.00000;0.00000;0.00000;0.00000;0.00000;0.00000;0.00000;0.00000;0.00000;0.00000;0.00000;0.00000;0.00000;0.00000;0.00000;0.00000;0.00000;0.00000;0.00000;0.00000;0.00000;0.00000
2020-02-02 00:00;0.00000;0.00000;0.00000;0.00000;0.00000;0.00000;0.00000;0.00000;0.00000;0.00000;0.00000;0.00000;0.00000;0.00000;0.00000;0.00000;0.00000;0.00000;0.00000;0.00000;0.00000;0.00000;0.00000;0.00000;0.00000;0.00000;0.00000;0.00000;0.00000;0.00000;0.00000;0.00000;0.00000;0.00000;0.00000;0.00000;0.00000;0.00000;0.00000;0.00000;0.00000;0.00000;0.00000;0.00000;0.00000;0.00000;0.00000;0.00000;0.00000;0.00000;0.00000;0.00000;0.00000;0.00000;0.00000;0.00000;0.00000;0.00000;0.00000;0.00000;0.00000;0.00000;0.00000;0.00000;0.00000;0.00000;0.00000;0.00000;0.00000;0.00000;0.00000;0.00000;0.00000;0.00000;0.00000;0.00000;0.00000;0.00000;0.00000;0.00000;0.00000;0.00000;0.00000;0.00000;0.00000;0.00000;0.00000;0.00000;0.00000;0.00000;0.00000;0.00000;0.00000;0.00000;0.00000;0.00000;0.00000;0.00000;0.00000;0.00000;0.00000;0.00000;0.00000;0.00000;0.00000;0.00000;0.00000;0.00000;0.00000;0.00000;0.00000;0.00000;0.00000;0.00000;0.00000;0.00000;0.00000;0.00000;0.00000;0.00000;0.00000;0.00000;0.00000;0.00000;0.00000;0.00000;0.00000;0.00000;0.00000;0.00000;0.00000;0.00000;0.00000;0.00000;0.00000;0.00000;0.00000;0.00000;0.00000;0.00000;0.00000;0.00000;0.00000;0.00000;0.00000;0.00000;0.00000;0.00000;0.00000;0.00000;0.00000;0.00000;0.00000;0.00000;0.00000;0.00000;0.00000;0.00000;0.00000;0.00000;0.00000;0.00000;0.00000;0.00000;0.00000;0.00000;0.00000;0.00000;0.00000;0.00000;0.00000;0.00000;0.00000;0.00000;0.00000;0.00000;0.00000;0.00000;0.00000;0.00000;0.00000;0.00000;0.00000;0.00000;0.00000;0.00000;0.00000;0.00000;0.00000;0.00000;0.00000;0.00000;0.00000;0.00000;0.00000;0.00000;0.00000;0.00000;0.00000;0.00000;0.00000;0.00000;0.00000;0.00000;0.00000;0.00000;0.00000;0.00000;0.00000;0.00000;0.00000;0.00000;0.00000;0.00000;0.00000;0.00000;0.00000;0.00000;0.00000;0.00000;0.00000;0.00000;0.00000;0.00000;0.00000;0.00000;0.00000;0.00000;0.00000;0.00000;0.00000;0.00000;0.00000;0.00000;0.00000;0.00000;0.00000;0.00000;0.00000;0.00000;0.00000;0.00000;0.00000;0.00000;0.00000;0.00000;0.00000;0.00000;0.00000;0.00000;0.00000;0.00000;0.00000;0.00000;0.00000;0.00000;0.00000;0.00000;0.00000;0.00000;0.00000;0.00000;0.00000;0.00000;0.00000;0.00000;0.00000;0.00000;0.00000;0.00000;0.00000;0.00000;0.00000;0.00000;0.00000;0.00000;0.00000;0.00000;0.00000;0.00000;0.00000;0.00000;0.00000;0.00000;0.00000;0.00000;0.00000;0.00000;0.00000;0.00000;0.00000;0.00000;0.00000;0.00000;0.00000;0.00000;0.00000;0.00000;0.00000;0.00000;0.00000;0.00000;0.00000;0.00000;0.00000;0.00000;0.00000;0.00000;0.00000;0.00000;0.00000;0.00000;0.00000;0.00000;0.00000;0.00000;0.00000;0.00000;0.00000;0.00000;0.00000;0.00000;0.00000;0.00000;0.00000;0.00000;0.00000;0.00000;0.00000;0.00000;0.00000;0.00000;0.00000;0.00000;0.00000;0.00000;0.00000;0.00000;0.00000;0.00000;0.00000;0.00000;0.00000;0.00000;0.00000;0.00000;0.00000;0.00000;0.00000;0.00000;0.00000;0.00000;0.00000;0.00000;0.00000;0.00122;0.00000;0.00000;0.00000;0.00000;0.00000;0.01402;0.00000;0.00000;0.00000;0.00000;0.00000;0.00000;0.00000;0.00000;0.00000;0.00000;0.00000;0.00066;0.00000;0.00000;0.00000;0.00000;0.00000;0.00000;0.00000;0.00816;0.00000;0.00000;0.00000;0.00000;0.00000;0.00000;0.00000;0.00000;0.00000;0.00000;0.00000;0.00000;0.00000;0.00000;0.00000;0.00000;0.00000;0.00000;0.00000;0.00000;0.00000;0.00000;0.00000;0.00000;0.00000;0.00000;0.00000;0.00000;0.00000;0.00000;0.00000;0.00000;0.00000;0.00000;0.00000;0.00000;0.00000;0.00000;0.00000;0.00000;0.00000;0.00000;0.00000;0.00000;0.00000;0.00000;0.00000;0.00000;0.00000;0.00000;0.00000;0.00000;0.00000;0.00000;0.00000;0.00000;0.00000;0.00000;0.00000;0.00000;0.00000;0.00000;0.00000;0.00000;0.00000;0.00000;0.00000;0.00000;0.00000;0.00000;0.00000;0.00000;0.00000;0.00000;0.00000;0.00000;0.00000;0.00000;0.00000;0.00000;0.00000;0.00000;0.00000;0.00000;0.00000;0.00000;0.00000;0.00000;0.00000;0.00000;0.00000;0.00000;0.00000;0.00000;0.00000;0.00000;0.00000;0.00000;0.00000;0.00000;0.00000;0.00000;0.00000;0.00000;0.00000;0.00000;0.00000;0.00000;0.00000;0.00000;0.00000;0.00000;0.00000
2020-02-03 00:00;0.00000;0.00000;0.00000;0.00000;0.00000;0.00000;0.00000;0.00000;0.00000;0.00000;0.00000;0.00000;0.00000;0.00000;0.00000;0.00000;0.00000;0.00000;0.00000;0.00000;0.00000;0.00000;0.00000;0.00000;0.00000;0.00000;0.00000;0.00000;0.00000;0.00000;0.00000;0.00000;0.00000;0.00000;0.00000;0.00000;0.00000;0.00000;0.00000;0.00000;0.00000;0.00000;0.00000;0.00000;0.00000;0.00000;0.00000;0.00000;0.00000;0.00000;0.00000;0.00000;0.00000;0.00000;0.00000;0.00000;0.00000;0.00000;0.00000;0.00000;0.00000;0.00000;0.00000;0.00000;0.00000;0.00000;0.00000;0.00000;0.00000;0.00000;0.00000;0.00000;0.00000;0.00000;0.00000;0.00000;0.00000;0.00000;0.00000;0.00000;0.00000;0.00000;0.00000;0.00000;0.00000;0.00000;0.00000;0.00000;0.00000;0.00000;0.00000;0.00000;0.00000;0.00000;0.00000;0.00000;0.00000;0.00000;0.00000;0.00000;0.00000;0.00000;0.00000;0.00000;0.00000;0.00000;0.00000;0.00000;0.00000;0.00000;0.00000;0.00000;0.00000;0.00000;0.00000;0.00000;0.00000;0.00000;0.00000;0.00000;0.00000;0.00000;0.00000;0.00000;0.00000;0.00000;0.00000;0.00000;0.00000;0.00000;0.00000;0.00000;0.00000;0.00000;0.00000;0.00000;0.00000;0.00000;0.00000;0.00000;0.00000;0.00000;0.00000;0.00000;0.00000;0.00000;0.00000;0.00000;0.00000;0.00000;0.00000;0.00000;0.00000;0.00000;0.00000;0.00000;0.00000;0.00000;0.00000;0.00000;0.00000;0.00000;0.00000;0.00000;0.00000;0.00000;0.00000;0.00000;0.00000;0.00000;0.00000;0.00000;0.00000;0.00000;0.00000;0.00000;0.00000;0.00000;0.00000;0.00000;0.00000;0.00000;0.00000;0.00000;0.00000;0.00000;0.00000;0.00000;0.00000;0.00000;0.00000;0.00000;0.00000;0.00000;0.00000;0.00000;0.00000;0.00000;0.00000;0.00000;0.00000;0.00000;0.00000;0.00000;0.00000;0.00000;0.00000;0.00000;0.00000;0.00000;0.00000;0.00000;0.00000;0.00000;0.00000;0.00000;0.00000;0.00000;0.00000;0.00000;0.00000;0.00000;0.00000;0.00000;0.00000;0.00000;0.00000;0.00000;0.00000;0.00000;0.00000;0.00000;0.00000;0.00000;0.00000;0.00000;0.00000;0.00000;0.00000;0.00000;0.00000;0.00000;0.00000;0.00000;0.00000;0.00000;0.00000;0.00000;0.00000;0.00000;0.00000;0.00000;0.00000;0.00000;0.00000;0.00000;0.00000;0.00000;0.00000;0.00000;0.00000;0.00000;0.00000;0.00000;0.00000;0.00000;0.00000;0.00000;0.00000;0.00000;0.00000;0.00000;0.00000;0.00000;0.00001;0.00000;0.00000;0.00000;0.00000;0.00000;0.00000;0.00000;0.00000;0.00000;0.00000;0.00000;0.00000;0.00000;0.00000;0.00000;0.00000;0.00000;0.00000;0.00000;0.00000;0.00000;0.00000;0.00000;0.00000;0.00000;0.00000;0.00000;0.00000;0.00000;0.00000;0.00000;0.00000;0.00000;0.00000;0.00000;0.00000;0.00000;0.00000;0.00000;0.00000;0.00000;0.00000;0.00000;0.00000;0.00000;0.00000;0.00000;0.00000;0.00000;0.00000;0.00000;0.00000;0.00000;0.00000;0.00000;0.00000;0.00000;0.00000;0.00000;0.00000;0.00000;0.00000;0.00000;0.00000;0.00000;0.00000;0.00000;0.00000;0.00000;0.00000;0.00000;0.00000;0.00000;0.00000;0.00000;0.00000;0.00000;0.00000;0.00000;0.00000;0.00108;0.00000;0.00000;0.00000;0.00000;0.00000;0.00062;0.00000;0.00000;0.00000;0.00000;0.00000;0.00000;0.00000;0.00000;0.00000;0.00000;0.00000;0.00058;0.00000;0.00000;0.00000;0.00000;0.00000;0.00000;0.00000;0.00729;0.00000;0.00000;0.00000;0.00000;0.00000;0.00000;0.00000;0.00000;0.00000;0.00000;0.00000;0.00000;0.00000;0.00000;0.00000;0.00000;0.00000;0.00000;0.00000;0.00000;0.00000;0.00000;0.00000;0.00000;0.00000;0.00000;0.00000;0.00000;0.00000;0.00000;0.00000;0.00000;0.00000;0.00000;0.00000;0.00000;0.00000;0.00000;0.00000;0.00000;0.00000;0.00000;0.00000;0.00000;0.00000;0.00000;0.00000;0.00000;0.00000;0.00000;0.00000;0.00000;0.00000;0.00000;0.00000;0.00000;0.00000;0.00000;0.00000;0.00000;0.00000;0.00000;0.00000;0.00000;0.00000;0.00000;0.00000;0.00000;0.00000;0.00000;0.00000;0.00000;0.00000;0.00000;0.00000;0.00000;0.00000;0.00000;0.00000;0.00000;0.00000;0.00000;0.00000;0.00000;0.00000;0.00000;0.00000;0.00000;0.00000;0.00000;0.00000;0.00000;0.00000;0.00000;0.00000;0.00000;0.00000;0.00000;0.00000;0.00000;0.00000;0.00000;0.00000;0.00000;0.00000;0.00000;0.00000;0.00000;0.00000;0.00000;0.00000;0.00000;0.00000
2020-02-04 00:00;0.00000;0.00000;0.00000;0.00000;0.00000;0.00000;0.00000;0.00000;0.00000;0.00000;0.00000;0.00000;0.00000;0.00000;0.00000;0.00000;0.00000;0.00000;0.00000;0.00000;0.00000;0.00000;0.00000;0.00000;0.00000;0.00000;0.00000;0.00000;0.00000;0.00000;0.00000;0.00000;0.00000;0.00000;0.00000;0.00000;0.00000;0.00000;0.00000;0.00000;0.00000;0.00000;0.00000;0.00000;0.00000;0.00000;0.00000;0.00000;0.00000;0.00000;0.00000;0.00000;0.00000;0.00000;0.00000;0.00000;0.00000;0.00000;0.00000;0.00000;0.00000;0.00000;0.00000;0.00000;0.00000;0.00000;0.00000;0.00000;0.00000;0.00000;0.00000;0.00000;0.00000;0.00000;0.00000;0.00000;0.00000;0.00000;0.00000;0.00000;0.00000;0.00000;0.00000;0.00000;0.00000;0.00000;0.00000;0.00000;0.00000;0.00000;0.00000;0.00000;0.00000;0.00000;0.00000;0.00000;0.00000;0.00000;0.00000;0.00000;0.00000;0.00000;0.00000;0.00000;0.00000;0.00000;0.00000;0.00000;0.00000;0.00000;0.00000;0.00000;0.00000;0.00000;0.00000;0.00000;0.00000;0.00000;0.00000;0.00000;0.00000;0.00000;0.00000;0.00000;0.00000;0.00000;0.00000;0.00000;0.00000;0.00000;0.00000;0.00000;0.00000;0.00000;0.00000;0.00000;0.00000;0.00000;0.00000;0.00001;0.00000;0.00000;0.00000;0.00000;0.00001;0.00000;0.00000;0.00000;0.00000;0.00000;0.00000;0.00001;0.00000;0.00000;0.00000;0.00000;0.00000;0.00000;0.00000;0.00000;0.00000;0.00000;0.00000;0.00000;0.00000;0.00000;0.00000;0.00000;0.00000;0.00043;0.00004;0.00000;0.00000;0.00000;0.00000;0.00005;0.00000;0.00002;0.00029;0.00001;0.00001;0.00004;0.00000;0.00031;0.00001;0.00007;0.00000;0.00006;0.00003;0.00016;0.00011;0.00004;0.00004;0.00002;0.00000;0.00000;0.00004;0.00002;0.00000;0.00000;0.00000;0.00000;0.00004;0.00000;0.00000;0.00002;0.00109;0.00003;0.00003;0.00002;0.00002;0.00000;0.00002;0.00011;0.00003;0.00054;0.00015;0.00015;0.00000;0.00045;0.00002;0.00010;0.00000;0.00062;0.00017;0.00031;0.00005;0.00020;0.00000;0.00003;0.00008;0.00012;0.00003;0.00056;0.00000;0.00002;0.00000;0.00003;0.00002;0.00002;0.00000;0.00000;0.00007;0.00001;0.00011;0.00000;0.00002;0.00001;0.00000;0.00001;0.00007;0.00002;0.00001;0.00000;0.00004;0.00000;0.00003;0.00002;0.00002;0.00000;0.00000;0.00000;0.00000;0.00000;0.00001;0.00000;0.00000;0.00001;0.00000;0.00000;0.00000;0.00003;0.00000;0.00004;0.00028;0.00016;0.00016;0.00015;0.00002;0.00011;0.00008;0.00004;0.00000;0.00000;0.00000;0.00000;0.00000;0.00000;0.00000;0.00002;0.00027;0.00001;0.00003;0.00003;0.00000;0.00002;0.00001;0.00000;0.00000;0.00000;0.00002;0.00000;0.00001;0.00000;0.00001;0.00000;0.00008;0.00000;0.00002;0.00000;0.00003;0.00010;0.00011;0.00002;0.00003;0.00000;0.00000;0.00000;0.00000;0.00000;0.00000;0.00000;0.00003;0.00005;0.00000;0.00000;0.00000;0.00000;0.00025;0.00000;0.00028;0.00000;0.00000;0.00000;0.00000;0.00000;0.00000;0.00000;0.00000;0.00000;0.00000;0.00000;0.00000;0.00000;0.00001;0.00002;0.00001;0.00001;0.00004;0.00001;0.00080;0.00184;0.00000;0.00142;0.00094;0.00099;0.00088;0.00001;0.00047;0.00002;0.00084;0.01326;0.00000;0.00000;0.00000;0.00000;0.00024;0.00026;0.00000;0.00000;0.00001;0.00014;0.00000;0.00051;0.00000;0.00000;0.00000;0.00003;0.00003;0.00004;0.00003;0.00639;0.00000;0.00005;0.00000;0.00000;0.00002;0.00003;0.00002;0.00000;0.00002;0.00000;0.00000;0.00004;0.00000;0.00000;0.00044;0.00005;0.00004;0.00012;0.00032;0.00000;0.00052;0.00009;0.00008;0.00000;0.00000;0.00038;0.00004;0.00006;0.00000;0.00005;0.00003;0.00001;0.00000;0.00002;0.00000;0.00005;0.00006;0.00000;0.00002;0.00001;0.00000;0.00000;0.00000;0.00000;0.00000;0.00000;0.00000;0.00000;0.00000;0.00000;0.00007;0.00000;0.00000;0.00000;0.00000;0.00000;0.00000;0.00000;0.00000;0.00000;0.00000;0.00000;0.00000;0.00000;0.00000;0.00000;0.00000;0.00000;0.00000;0.00000;0.00000;0.00000;0.00000;0.00000;0.00000;0.00000;0.00000;0.00000;0.00000;0.00000;0.00000;0.00000;0.00000;0.00000;0.00000;0.00000;0.00000;0.00000;0.00000;0.00000;0.00000;0.00000;0.00000;0.00000;0.00000;0.00000;0.00000;0.00000;0.00000;0.00000;0.00000;0.00000;0.00000;0.00000;0.00000;0.00000;0.00000;0.00000;0.00000;0.00000;0.00000;0.00000;0.00000
2020-02-05 00:00;0.00000;0.00000;0.00000;0.00000;0.00000;0.00000;0.00000;0.00000;0.00000;0.00000;0.00000;0.00000;0.00000;0.00000;0.00000;0.00000;0.00000;0.00000;0.00000;0.00000;0.00000;0.00000;0.00000;0.00000;0.00000;0.00000;0.00000;0.00000;0.00000;0.00000;0.00000;0.00000;0.00000;0.00000;0.00000;0.00000;0.00000;0.00000;0.00000;0.00000;0.00000;0.00000;0.00000;0.00000;0.00000;0.00000;0.00000;0.00000;0.00000;0.00000;0.00000;0.00000;0.00000;0.00000;0.00000;0.00000;0.00000;0.00000;0.00000;0.00000;0.00000;0.00000;0.00000;0.00000;0.00000;0.00000;0.00000;0.00000;0.00000;0.00000;0.00000;0.00000;0.00000;0.00000;0.00000;0.00000;0.00000;0.00000;0.00000;0.00000;0.00000;0.00000;0.00000;0.00000;0.00000;0.00000;0.00000;0.00000;0.00000;0.00000;0.00000;0.00000;0.00000;0.00000;0.00000;0.00000;0.00000;0.00000;0.00000;0.00000;0.00000;0.00000;0.00000;0.00000;0.00000;0.00000;0.00000;0.00000;0.00000;0.00000;0.00000;0.00000;0.00000;0.00000;0.00000;0.00000;0.00000;0.00000;0.00000;0.00000;0.00000;0.00000;0.00000;0.00000;0.00000;0.00000;0.00000;0.00000;0.00000;0.00000;0.00000;0.00000;0.00000;0.00000;0.00000;0.00000;0.00000;0.00000;0.00000;0.00000;0.00000;0.00000;0.00000;0.00000;0.00000;0.00000;0.00000;0.00000;0.00000;0.00000;0.00000;0.00000;0.00000;0.00000;0.00000;0.00000;0.00000;0.00000;0.00000;0.00000;0.00000;0.00000;0.00000;0.00000;0.00000;0.00000;0.00000;0.00000;0.00000;0.00011;0.00001;0.00000;0.00000;0.00000;0.00000;0.00002;0.00000;0.00000;0.00008;0.00001;0.00001;0.00001;0.00000;0.00009;0.00000;0.00001;0.00000;0.00001;0.00001;0.00008;0.00006;0.00001;0.00001;0.00001;0.00000;0.00000;0.00002;0.00001;0.00000;0.00000;0.00000;0.00000;0.00003;0.00000;0.00000;0.00000;0.00044;0.00000;0.00001;0.00000;0.00000;0.00000;0.00000;0.00004;0.00000;0.00024;0.00006;0.00004;0.00000;0.00037;0.00000;0.00002;0.00000;0.00016;0.00005;0.00010;0.00001;0.00004;0.00000;0.00001;0.00002;0.00003;0.00001;0.00027;0.00000;0.00001;0.00000;0.00001;0.00000;0.00000;0.00000;0.00000;0.00003;0.00000;0.00004;0.00000;0.00000;0.00000;0.00000;0.00000;0.00002;0.00001;0.00000;0.00000;0.00001;0.00000;0.00001;0.00000;0.00000;0.00000;0.00000;0.00000;0.00000;0.00000;0.00000;0.00000;0.00000;0.00000;0.00000;0.00000;0.00000;0.00000;0.00000;0.00001;0.00012;0.00005;0.00003;0.00007;0.00001;0.00003;0.00004;0.00001;0.00000;0.00000;0.00000;0.00000;0.00000;0.00000;0.00000;0.00002;0.00012;0.00000;0.00000;0.00000;0.00000;0.00001;0.00000;0.00000;0.00000;0.00000;0.00001;0.00000;0.00000;0.00000;0.00000;0.00000;0.00001;0.00000;0.00001;0.00000;0.00001;0.00005;0.00003;0.00000;0.00001;0.00000;0.00000;0.00000;0.00000;0.00000;0.00000;0.00000;0.00000;0.00002;0.00000;0.00000;0.00000;0.00000;0.00005;0.00000;0.00010;0.00000;0.00000;0.00000;0.00000;0.00000;0.00000;0.00000;0.00000;0.00000;0.00000;0.00000;0.00000;0.00000;0.00000;0.00000;0.00000;0.00000;0.00000;0.00000;0.00025;0.00042;0.00000;0.00029;0.00014;0.00074;0.00013;0.00000;0.00007;0.00001;0.00018;0.00056;0.00000;0.00000;0.00000;0.00000;0.00008;0.00011;0.00000;0.00000;0.00000;0.00004;0.00000;0.00038;0.00000;0.00000;0.00000;0.00001;0.00001;0.00001;0.00001;0.00511;0.00000;0.00002;0.00000;0.00000;0.00000;0.00001;0.00000;0.00000;0.00001;0.00000;0.00000;0.00001;0.00000;0.00000;0.00011;0.00001;0.00001;0.00005;0.00017;0.00000;0.00010;0.00003;0.00003;0.00000;0.00000;0.00021;0.00001;0.00002;0.00000;0.00001;0.00001;0.00000;0.00000;0.00001;0.00000;0.00001;0.00003;0.00000;0.00001;0.00000;0.00000;0.00000;0.00000;0.00000;0.00000;0.00000;0.00000;0.00000;0.00000;0.00000;0.00005;0.00000;0.00000;0.00000;0.00000;0.00000;0.00000;0.00000;0.00000;0.00000;0.00000;0.00000;0.00000;0.00000;0.00000;0.00000;0.00000;0.00000;0.00000;0.00000;0.00000;0.00000;0.00000;0.00000;0.00000;0.00000;0.00000;0.00000;0.00000;0.00000;0.00000;0.00000;0.00000;0.00000;0.00000;0.00000;0.00000;0.00000;0.00000;0.00000;0.00000;0.00000;0.00000;0.00000;0.00000;0.00000;0.00000;0.00000;0.00000;0.00000;0.00000;0.00000;0.00000;0.00000;0.00000;0.00000;0.00000;0.00000;0.00000;0.00000;0.00000;0.00000;0.00000
2020-02-06 00:00;0.00000;0.00000;0.00000;0.00000;0.00000;0.00000;0.00000;0.00000;0.00000;0.00000;0.00000;0.00000;0.00000;0.00000;0.00000;0.00000;0.00000;0.00000;0.00000;0.00000;0.00000;0.00000;0.00000;0.00000;0.00000;0.00000;0.00000;0.00000;0.00000;0.00000;0.00000;0.00000;0.00000;0.00000;0.00000;0.00000;0.00000;0.00000;0.00000;0.00000;0.00000;0.00000;0.00000;0.00000;0.00000;0.00000;0.00000;0.00000;0.00000;0.00000;0.00000;0.00000;0.00000;0.00000;0.00000;0.00000;0.00000;0.00000;0.00000;0.00000;0.00000;0.00000;0.00000;0.00000;0.00000;0.00000;0.00000;0.00000;0.00000;0.00000;0.00000;0.00000;0.00000;0.00000;0.00000;0.00000;0.00000;0.00000;0.00000;0.00000;0.00000;0.00000;0.00000;0.00000;0.00000;0.00000;0.00000;0.00000;0.00000;0.00000;0.00000;0.00000;0.00000;0.00000;0.00000;0.00000;0.00000;0.00000;0.00000;0.00000;0.00000;0.00000;0.00000;0.00000;0.00000;0.00000;0.00000;0.00000;0.00000;0.00000;0.00000;0.00000;0.00000;0.00000;0.00000;0.00000;0.00000;0.00000;0.00000;0.00000;0.00000;0.00000;0.00000;0.00000;0.00000;0.00000;0.00000;0.00000;0.00000;0.00000;0.00000;0.00000;0.00000;0.00000;0.00000;0.00000;0.00000;0.00000;0.00000;0.00000;0.00000;0.00000;0.00000;0.00000;0.00000;0.00000;0.00000;0.00000;0.00000;0.00000;0.00000;0.00000;0.00000;0.00000;0.00000;0.00000;0.00000;0.00000;0.00000;0.00000;0.00000;0.00000;0.00000;0.00000;0.00000;0.00000;0.00000;0.00000;0.00000;0.00000;0.00000;0.00000;0.00000;0.00000;0.00000;0.00000;0.00000;0.00000;0.00000;0.00000;0.00000;0.00000;0.00000;0.00000;0.00000;0.00000;0.00000;0.00000;0.00000;0.00000;0.00000;0.00000;0.00000;0.00000;0.00000;0.00000;0.00000;0.00000;0.00000;0.00000;0.00000;0.00000;0.00000;0.00000;0.00000;0.00000;0.00000;0.00000;0.00000;0.00000;0.00000;0.00000;0.00000;0.00000;0.00000;0.00000;0.00000;0.00000;0.00000;0.00004;0.00000;0.00000;0.00000;0.00000;0.00000;0.00000;0.00000;0.00000;0.00000;0.00000;0.00000;0.00000;0.00000;0.00000;0.00000;0.00000;0.00000;0.00000;0.00000;0.00000;0.00000;0.00000;0.00000;0.00000;0.00000;0.00000;0.00000;0.00000;0.00000;0.00000;0.00000;0.00000;0.00000;0.00000;0.00000;0.00000;0.00000;0.00000;0.00000;0.00000;0.00000;0.00000;0.00000;0.00000;0.00000;0.00000;0.00000;0.00000;0.00000;0.00000;0.00000;0.00000;0.00000;0.00000;0.00000;0.00000;0.00000;0.00000;0.00000;0.00000;0.00000;0.00000;0.00000;0.00000;0.00000;0.00000;0.00000;0.00000;0.00000;0.00000;0.00000;0.00000;0.00000;0.00000;0.00000;0.00000;0.00000;0.00000;0.00000;0.00000;0.00000;0.00000;0.00000;0.00000;0.00000;0.00000;0.00000;0.00000;0.00000;0.00000;0.00000;0.00000;0.00000;0.00000;0.00000;0.00000;0.00000;0.00000;0.00000;0.00000;0.00000;0.00000;0.00000;0.00000;0.00000;0.00000;0.00000;0.00000;0.00000;0.00000;0.00000;0.00000;0.00000;0.00000;0.00000;0.00000;0.00000;0.00000;0.00000;0.00000;0.00000;0.00000;0.00000;0.00000;0.00000;0.00000;0.00000;0.00000;0.00000;0.00000;0.00000;0.00000;0.00000;0.00000;0.00000;0.00025;0.00000;0.00000;0.00000;0.00000;0.00000;0.01164;0.00000;0.00000;0.00000;0.00000;0.00000;0.00000;0.00000;0.00000;0.00000;0.00000;0.00000;0.00008;0.00000;0.00000;0.00000;0.00000;0.00000;0.00000;0.00000;0.00199;0.00000;0.00000;0.00000;0.00000;0.00000;0.00000;0.00000;0.00000;0.00000;0.00000;0.00000;0.00000;0.00000;0.00000;0.00000;0.00000;0.00000;0.00000;0.00000;0.00000;0.00000;0.00000;0.00000;0.00000;0.00000;0.00000;0.00000;0.00000;0.00000;0.00000;0.00000;0.00000;0.00000;0.00000;0.00000;0.00000;0.00000;0.00000;0.00000;0.00000;0.00000;0.00000;0.00000;0.00000;0.00000;0.00000;0.00000;0.00000;0.00000;0.00000;0.00001;0.00000;0.00000;0.00000;0.00000;0.00000;0.00000;0.00000;0.00000;0.00000;0.00000;0.00000;0.00000;0.00000;0.00000;0.00000;0.00000;0.00000;0.00000;0.00000;0.00000;0.00000;0.00000;0.00000;0.00000;0.00000;0.00000;0.00000;0.00000;0.00000;0.00000;0.00000;0.00000;0.00000;0.00000;0.00000;0.00000;0.00000;0.00000;0.00000;0.00000;0.00000;0.00000;0.00000;0.00000;0.00000;0.00000;0.00000;0.00000;0.00000;0.00000;0.00000;0.00000;0.00000;0.00000;0.00000;0.00000;0.00000;0.00000;0.00000;0.00000;0.00000;0.00000
2020-02-07 00:00;0.00000;0.00000;0.00000;0.00000;0.00000;0.00000;0.00000;0.00000;0.00000;0.00000;0.00000;0.00000;0.00000;0.00000;0.00000;0.00000;0.00000;0.00000;0.00000;0.00000;0.00000;0.00000;0.00000;0.00000;0.00000;0.00000;0.00000;0.00000;0.00000;0.00000;0.00000;0.00000;0.00000;0.00000;0.00000;0.00000;0.00000;0.00000;0.00000;0.00000;0.00000;0.00000;0.00000;0.00000;0.00000;0.00000;0.00000;0.00000;0.00000;0.00000;0.00000;0.00000;0.00000;0.00000;0.00000;0.00000;0.00000;0.00000;0.00000;0.00000;0.00000;0.00000;0.00000;0.00000;0.00000;0.00000;0.00000;0.00000;0.00000;0.00000;0.00000;0.00000;0.00000;0.00000;0.00000;0.00000;0.00000;0.00000;0.00000;0.00000;0.00000;0.00000;0.00000;0.00000;0.00000;0.00000;0.00000;0.00000;0.00000;0.00000;0.00000;0.00000;0.00000;0.00000;0.00000;0.00000;0.00000;0.00000;0.00000;0.00000;0.00000;0.00000;0.00000;0.00000;0.00000;0.00000;0.00000;0.00000;0.00000;0.00000;0.00000;0.00000;0.00000;0.00000;0.00000;0.00000;0.00000;0.00000;0.00000;0.00000;0.00000;0.00000;0.00000;0.00000;0.00000;0.00000;0.00000;0.00000;0.00000;0.00000;0.00000;0.00000;0.00000;0.00000;0.00000;0.00000;0.00000;0.00000;0.00000;0.00000;0.00000;0.00000;0.00000;0.00000;0.00000;0.00000;0.00000;0.00000;0.00000;0.00000;0.00000;0.00000;0.00000;0.00000;0.00000;0.00000;0.00000;0.00000;0.00000;0.00000;0.00000;0.00000;0.00000;0.00000;0.00000;0.00000;0.00000;0.00000;0.00000;0.00000;0.00000;0.00000;0.00000;0.00000;0.00000;0.00000;0.00000;0.00000;0.00000;0.00000;0.00000;0.00000;0.00000;0.00000;0.00000;0.00000;0.00000;0.00000;0.00000;0.00000;0.00000;0.00000;0.00000;0.00000;0.00000;0.00000;0.00000;0.00000;0.00000;0.00000;0.00000;0.00000;0.00000;0.00000;0.00000;0.00000;0.00000;0.00000;0.00000;0.00000;0.00000;0.00000;0.00000;0.00000;0.00000;0.00000;0.00000;0.00000;0.00000;0.00000;0.00000;0.00000;0.00000;0.00000;0.00000;0.00000;0.00000;0.00000;0.00000;0.00000;0.00000;0.00000;0.00000;0.00000;0.00000;0.00000;0.00000;0.00000;0.00000;0.00000;0.00000;0.00000;0.00000;0.00000;0.00000;0.00000;0.00000;0.00000;0.00000;0.00000;0.00000;0.00000;0.00000;0.00000;0.00000;0.00000;0.00000;0.00000;0.00000;0.00000;0.00000;0.00000;0.00000;0.00000;0.00000;0.00000;0.00000;0.00000;0.00000;0.00000;0.00000;0.00000;0.00000;0.00000;0.00000;0.00000;0.00000;0.00000;0.00000;0.00000;0.00000;0.00000;0.00000;0.00000;0.00000;0.00000;0.00000;0.00000;0.00000;0.00000;0.00000;0.00000;0.00000;0.00000;0.00000;0.00000;0.00000;0.00000;0.00000;0.00000;0.00000;0.00000;0.00000;0.00000;0.00000;0.00000;0.00000;0.00000;0.00000;0.00000;0.00000;0.00000;0.00000;0.00000;0.00000;0.00000;0.00000;0.00000;0.00000;0.00000;0.00000;0.00000;0.00000;0.00000;0.00000;0.00000;0.00000;0.00000;0.00000;0.00000;0.00000;0.00000;0.00000;0.00000;0.00000;0.00000;0.00000;0.00000;0.00000;0.00000;0.00000;0.00000;0.00000;0.00000;0.00000;0.00000;0.00000;0.00000;0.00000;0.00000;0.00000;0.00000;0.00000;0.00000;0.00000;0.00018;0.00000;0.00000;0.00000;0.00000;0.00000;0.00052;0.00000;0.00000;0.00000;0.00000;0.00000;0.00000;0.00000;0.00000;0.00000;0.00000;0.00000;0.00004;0.00000;0.00000;0.00000;0.00000;0.00000;0.00000;0.00000;0.00173;0.00000;0.00000;0.00000;0.00000;0.00000;0.00000;0.00000;0.00000;0.00000;0.00000;0.00000;0.00000;0.00000;0.00000;0.00000;0.00000;0.00000;0.00000;0.00000;0.00000;0.00000;0.00000;0.00000;0.00000;0.00000;0.00000;0.00000;0.00000;0.00000;0.00000;0.00000;0.00000;0.00000;0.00000;0.00000;0.00000;0.00000;0.00000;0.00000;0.00000;0.00000;0.00000;0.00000;0.00000;0.00000;0.00000;0.00000;0.00000;0.00000;0.00000;0.00000;0.00000;0.00000;0.00000;0.00000;0.00000;0.00000;0.00000;0.00000;0.00000;0.00000;0.00000;0.00000;0.00000;0.00000;0.00000;0.00000;0.00000;0.00000;0.00000;0.00000;0.00000;0.00000;0.00000;0.00000;0.00000;0.00000;0.00000;0.00000;0.00000;0.00000;0.00000;0.00000;0.00000;0.00000;0.00000;0.00000;0.00000;0.00000;0.00000;0.00000;0.00000;0.00000;0.00000;0.00000;0.00000;0.00000;0.00000;0.00000;0.00000;0.00000;0.00000;0.00000;0.00000;0.00000;0.00000;0.00000;0.00000;0.00000;0.00000;0.00000;0.00000;0.00000
2020-02-08 00:00;0.00000;0.00000;0.00000;0.00000;0.00000;0.00000;0.00000;0.00000;0.00000;0.00000;0.00000;0.00000;0.00000;0.00000;0.00000;0.00000;0.00000;0.00000;0.00000;0.00000;0.00000;0.00000;0.00000;0.00000;0.00000;0.00000;0.00000;0.00000;0.00000;0.00000;0.00000;0.00000;0.00000;0.00000;0.00000;0.00000;0.00000;0.00000;0.00000;0.00000;0.00000;0.00000;0.00000;0.00000;0.00000;0.00000;0.00000;0.00000;0.00000;0.00000;0.00000;0.00000;0.00000;0.00000;0.00000;0.00000;0.00000;0.00000;0.00000;0.00000;0.00000;0.00000;0.00000;0.00000;0.00000;0.00000;0.00000;0.00000;0.00000;0.00000;0.00000;0.00000;0.00000;0.00000;0.00000;0.00000;0.00000;0.00000;0.00000;0.00000;0.00000;0.00000;0.00000;0.00000;0.00000;0.00000;0.00000;0.00000;0.00000;0.00000;0.00000;0.00000;0.00000;0.00000;0.00000;0.00000;0.00000;0.00000;0.00000;0.00000;0.00000;0.00000;0.00000;0.00000;0.00000;0.00000;0.00000;0.00000;0.00000;0.00000;0.00000;0.00000;0.00000;0.00000;0.00000;0.00000;0.00000;0.00000;0.00000;0.00000;0.00000;0.00000;0.00000;0.00000;0.00000;0.00000;0.00000;0.00000;0.00000;0.00000;0.00000;0.00000;0.00000;0.00000;0.00000;0.00000;0.00000;0.00000;0.00000;0.00000;0.00000;0.00000;0.00000;0.00000;0.00000;0.00000;0.00000;0.00000;0.00000;0.00000;0.00000;0.00000;0.00000;0.00000;0.00000;0.00000;0.00000;0.00000;0.00000;0.00000;0.00000;0.00000;0.00000;0.00000;0.00000;0.00000;0.00000;0.00000;0.00000;0.00000;0.00000;0.00000;0.00000;0.00000;0.00000;0.00000;0.00000;0.00000;0.00000;0.00000;0.00000;0.00000;0.00000;0.00000;0.00000;0.00000;0.00000;0.00000;0.00000;0.00000;0.00000;0.00000;0.00000;0.00000;0.00000;0.00000;0.00000;0.00000;0.00000;0.00000;0.00000;0.00000;0.00000;0.00000;0.00000;0.00000;0.00000;0.00000;0.00000;0.00000;0.00000;0.00000;0.00000;0.00000;0.00000;0.00000;0.00000;0.00000;0.00000;0.00000;0.00000;0.00000;0.00000;0.00000;0.00000;0.00000;0.00000;0.00000;0.00000;0.00000;0.00000;0.00000;0.00000;0.00000;0.00000;0.00000;0.00000;0.00000;0.00000;0.00000;0.00000;0.00000;0.00000;0.00000;0.00000;0.00000;0.00000;0.00000;0.00000;0.00000;0.00000;0.00000;0.00000;0.00000;0.00000;0.00000;0.00000;0.00000;0.00000;0.00000;0.00000;0.00000;0.00000;0.00000;0.00000;0.00000;0.00000;0.00000;0.00000;0.00000;0.00000;0.00000;0.00000;0.00000;0.00000;0.00000;0.00000;0.00000;0.00000;0.00000;0.00000;0.00000;0.00000;0.00000;0.00000;0.00000;0.00000;0.00000;0.00000;0.00000;0.00000;0.00000;0.00000;0.00000;0.00000;0.00000;0.00000;0.00000;0.00000;0.00000;0.00000;0.00000;0.00000;0.00000;0.00000;0.00000;0.00000;0.00000;0.00000;0.00000;0.00000;0.00000;0.00000;0.00000;0.00000;0.00000;0.00000;0.00000;0.00000;0.00000;0.00000;0.00000;0.00000;0.00000;0.00000;0.00000;0.00000;0.00000;0.00000;0.00000;0.00000;0.00000;0.00000;0.00000;0.00000;0.00000;0.00000;0.00000;0.00000;0.00000;0.00000;0.00000;0.00000;0.00000;0.00000;0.00000;0.00000;0.00000;0.00000;0.00000;0.00000;0.00000;0.00000;0.00000;0.00000;0.00020;0.00000;0.00000;0.00000;0.00000;0.00000;0.01109;0.00000;0.00000;0.00000;0.00000;0.00000;0.00000;0.00000;0.00000;0.00000;0.00000;0.00000;0.00006;0.00000;0.00000;0.00000;0.00000;0.00000;0.00000;0.00000;0.00173;0.00000;0.00000;0.00000;0.00000;0.00000;0.00000;0.00000;0.00000;0.00000;0.00000;0.00000;0.00000;0.00000;0.00000;0.00000;0.00000;0.00000;0.00000;0.00000;0.00000;0.00000;0.00000;0.00000;0.00000;0.00000;0.00000;0.00000;0.00000;0.00000;0.00000;0.00000;0.00000;0.00000;0.00000;0.00000;0.00000;0.00000;0.00000;0.00000;0.00000;0.00000;0.00000;0.00000;0.00000;0.00000;0.00000;0.00000;0.00000;0.00000;0.00000;0.00000;0.00000;0.00000;0.00000;0.00000;0.00000;0.00000;0.00000;0.00000;0.00000;0.00000;0.00000;0.00000;0.00000;0.00000;0.00000;0.00000;0.00000;0.00000;0.00000;0.00000;0.00000;0.00000;0.00000;0.00000;0.00000;0.00000;0.00000;0.00000;0.00000;0.00000;0.00000;0.00000;0.00000;0.00000;0.00000;0.00000;0.00000;0.00000;0.00000;0.00000;0.00000;0.00000;0.00000;0.00000;0.00000;0.00000;0.00000;0.00000;0.00000;0.00000;0.00000;0.00000;0.00000;0.00000;0.00000;0.00000;0.00000;0.00000;0.00000;0.00000;0.00000;0.00000
2020-02-09 00:00;0.00000;0.00000;0.00000;0.00000;0.00000;0.00000;0.00000;0.00000;0.00000;0.00000;0.00000;0.00000;0.00000;0.00000;0.00000;0.00000;0.00000;0.00000;0.00000;0.00000;0.00000;0.00000;0.00000;0.00000;0.00000;0.00000;0.00000;0.00000;0.00000;0.00000;0.00000;0.00000;0.00000;0.00000;0.00000;0.00000;0.00000;0.00000;0.00000;0.00000;0.00000;0.00000;0.00000;0.00000;0.00000;0.00000;0.00000;0.00000;0.00000;0.00000;0.00000;0.00000;0.00000;0.00000;0.00000;0.00000;0.00000;0.00000;0.00000;0.00000;0.00000;0.00000;0.00000;0.00000;0.00000;0.00000;0.00000;0.00000;0.00000;0.00000;0.00000;0.00000;0.00000;0.00000;0.00000;0.00000;0.00000;0.00000;0.00000;0.00000;0.00000;0.00000;0.00000;0.00000;0.00000;0.00000;0.00000;0.00000;0.00000;0.00000;0.00000;0.00000;0.00000;0.00000;0.00000;0.00000;0.00000;0.00000;0.00000;0.00000;0.00000;0.00000;0.00000;0.00000;0.00000;0.00000;0.00000;0.00000;0.00000;0.00000;0.00000;0.00000;0.00000;0.00000;0.00000;0.00000;0.00000;0.00000;0.00000;0.00000;0.00000;0.00000;0.00000;0.00000;0.00000;0.00000;0.00000;0.00000;0.00000;0.00000;0.00000;0.00000;0.00000;0.00000;0.00000;0.00000;0.00000;0.00000;0.00000;0.00000;0.00000;0.00000;0.00000;0.00000;0.00000;0.00000;0.00000;0.00000;0.00000;0.00000;0.00000;0.00000;0.00000;0.00000;0.00000;0.00000;0.00000;0.00000;0.00000;0.00000;0.00000;0.00000;0.00000;0.00000;0.00000;0.00000;0.00000;0.00000;0.00000;0.00000;0.00000;0.00000;0.00000;0.00000;0.00000;0.00000;0.00000;0.00000;0.00000;0.00000;0.00000;0.00000;0.00000;0.00000;0.00000;0.00000;0.00000;0.00000;0.00000;0.00000;0.00000;0.00000;0.00000;0.00000;0.00000;0.00000;0.00000;0.00000;0.00000;0.00000;0.00000;0.00000;0.00000;0.00000;0.00000;0.00000;0.00000;0.00000;0.00000;0.00000;0.00000;0.00000;0.00000;0.00000;0.00000;0.00000;0.00000;0.00000;0.00000;0.00000;0.00000;0.00000;0.00000;0.00000;0.00000;0.00000;0.00000;0.00000;0.00000;0.00000;0.00000;0.00000;0.00000;0.00000;0.00000;0.00000;0.00000;0.00000;0.00000;0.00000;0.00000;0.00000;0.00000;0.00000;0.00000;0.00000;0.00000;0.00000;0.00000;0.00000;0.00000;0.00000;0.00000;0.00000;0.00000;0.00000;0.00000;0.00000;0.00000;0.00000;0.00000;0.00000;0.00000;0.00000;0.00000;0.00000;0.00000;0.00000;0.00000;0.00000;0.00000;0.00000;0.00000;0.00000;0.00000;0.00000;0.00000;0.00000;0.00000;0.00000;0.00000;0.00000;0.00000;0.00000;0.00000;0.00000;0.00000;0.00000;0.00000;0.00000;0.00000;0.00000;0.00000;0.00000;0.00000;0.00000;0.00000;0.00000;0.00000;0.00000;0.00000;0.00000;0.00000;0.00000;0.00000;0.00000;0.00000;0.00000;0.00000;0.00000;0.00000;0.00000;0.00000;0.00000;0.00000;0.00000;0.00000;0.00000;0.00000;0.00000;0.00000;0.00000;0.00000;0.00000;0.00000;0.00000;0.00000;0.00000;0.00000;0.00000;0.00000;0.00000;0.00000;0.00000;0.00000;0.00000;0.00000;0.00000;0.00000;0.00000;0.00000;0.00000;0.00000;0.00000;0.00000;0.00000;0.00000;0.00000;0.00000;0.00000;0.00000;0.00000;0.00000;0.00000;0.00000;0.00016;0.00000;0.00000;0.00000;0.00000;0.00000;0.00049;0.00000;0.00000;0.00000;0.00000;0.00000;0.00000;0.00000;0.00000;0.00000;0.00000;0.00000;0.00004;0.00000;0.00000;0.00000;0.00000;0.00000;0.00000;0.00000;0.00156;0.00000;0.00000;0.00000;0.00000;0.00000;0.00000;0.00000;0.00000;0.00000;0.00000;0.00000;0.00000;0.00000;0.00000;0.00000;0.00000;0.00000;0.00000;0.00000;0.00000;0.00000;0.00000;0.00000;0.00000;0.00000;0.00000;0.00000;0.00000;0.00000;0.00000;0.00000;0.00000;0.00000;0.00000;0.00000;0.00000;0.00000;0.00000;0.00000;0.00000;0.00000;0.00000;0.00000;0.00000;0.00000;0.00000;0.00000;0.00000;0.00000;0.00000;0.00000;0.00000;0.00000;0.00000;0.00000;0.00000;0.00000;0.00000;0.00000;0.00000;0.00000;0.00000;0.00000;0.00000;0.00000;0.00000;0.00000;0.00000;0.00000;0.00000;0.00000;0.00000;0.00000;0.00000;0.00000;0.00000;0.00000;0.00000;0.00000;0.00000;0.00000;0.00000;0.00000;0.00000;0.00000;0.00000;0.00000;0.00000;0.00000;0.00000;0.00000;0.00000;0.00000;0.00000;0.00000;0.00000;0.00000;0.00000;0.00000;0.00000;0.00000;0.00000;0.00000;0.00000;0.00000;0.00000;0.00000;0.00000;0.00000;0.00000;0.00000;0.00000;0.00000
2020-02-10 00:00;0.00000;0.00000;0.00000;0.00000;0.00000;0.00000;0.00000;0.00000;0.00000;0.00000;0.00000;0.00000;0.00000;0.00000;0.00000;0.00000;0.00000;0.00000;0.00000;0.00000;0.00000;0.00000;0.00000;0.00000;0.00000;0.00000;0.00000;0.00000;0.00000;0.00000;0.00000;0.00000;0.00000;0.00000;0.00000;0.00000;0.00000;0.00000;0.00000;0.00000;0.00000;0.00000;0.00000;0.00000;0.00000;0.00000;0.00000;0.00000;0.00000;0.00000;0.00000;0.00000;0.00000;0.00000;0.00000;0.00000;0.00000;0.00000;0.00000;0.00000;0.00000;0.00000;0.00000;0.00000;0.00000;0.00000;0.00000;0.00000;0.00000;0.00000;0.00000;0.00000;0.00000;0.00000;0.00000;0.00000;0.00000;0.00000;0.00000;0.00000;0.00000;0.00000;0.00000;0.00000;0.00000;0.00000;0.00000;0.00000;0.00000;0.00000;0.00000;0.00000;0.00000;0.00000;0.00000;0.00000;0.00000;0.00000;0.00000;0.00000;0.00000;0.00000;0.00000;0.00000;0.00000;0.00000;0.00000;0.00000;0.00000;0.00000;0.00000;0.00000;0.00000;0.00000;0.00000;0.00000;0.00000;0.00000;0.00000;0.00000;0.00000;0.00000;0.00000;0.00000;0.00000;0.00000;0.00000;0.00000;0.00000;0.00000;0.00000;0.00000;0.00000;0.00000;0.00000;0.00000;0.00000;0.00000;0.00000;0.00000;0.00000;0.00000;0.00000;0.00000;0.00000;0.00000;0.00000;0.00000;0.00000;0.00000;0.00000;0.00000;0.00000;0.00000;0.00000;0.00000;0.00000;0.00000;0.00000;0.00000;0.00000;0.00000;0.00000;0.00000;0.00000;0.00000;0.00000;0.00000;0.00000;0.00000;0.00000;0.00000;0.00000;0.00000;0.00000;0.00000;0.00000;0.00000;0.00000;0.00000;0.00000;0.00000;0.00000;0.00000;0.00000;0.00000;0.00000;0.00000;0.00000;0.00000;0.00000;0.00000;0.00000;0.00000;0.00000;0.00000;0.00000;0.00000;0.00000;0.00000;0.00000;0.00000;0.00000;0.00000;0.00000;0.00000;0.00000;0.00000;0.00000;0.00000;0.00000;0.00000;0.00000;0.00000;0.00000;0.00000;0.00000;0.00000;0.00000;0.00000;0.00000;0.00000;0.00000;0.00000;0.00000;0.00000;0.00000;0.00000;0.00000;0.00000;0.00000;0.00000;0.00000;0.00000;0.00000;0.00000;0.00000;0.00000;0.00000;0.00000;0.00000;0.00000;0.00000;0.00000;0.00000;0.00000;0.00000;0.00000;0.00000;0.00000;0.00000;0.00000;0.00000;0.00000;0.00000;0.00000;0.00000;0.00000;0.00000;0.00000;0.00000;0.00000;0.00000;0.00000;0.00000;0.00000;0.00000;0.00000;0.00000;0.00000;0.00000;0.00000;0.00000;0.00000;0.00000;0.00000;0.00000;0.00000;0.00000;0.00000;0.00000;0.00000;0.00000;0.00000;0.00000;0.00000;0.00000;0.00000;0.00000;0.00000;0.00000;0.00000;0.00000;0.00000;0.00000;0.00000;0.00000;0.00000;0.00000;0.00000;0.00000;0.00000;0.00000;0.00000;0.00000;0.00000;0.00000;0.00000;0.00000;0.00000;0.00000;0.00000;0.00000;0.00000;0.00000;0.00000;0.00000;0.00000;0.00000;0.00000;0.00000;0.00000;0.00000;0.00000;0.00000;0.00000;0.00000;0.00000;0.00000;0.00000;0.00000;0.00000;0.00000;0.00000;0.00000;0.00000;0.00000;0.00000;0.00000;0.00000;0.00000;0.00000;0.00000;0.00000;0.00000;0.00000;0.00000;0.00000;0.00000;0.00000;0.00000;0.00000;0.00000;0.00000;0.00000;0.00018;0.00000;0.00000;0.00000;0.00000;0.00000;0.00983;0.00000;0.00000;0.00000;0.00000;0.00000;0.00000;0.00000;0.00000;0.00000;0.00000;0.00000;0.00005;0.00000;0.00000;0.00000;0.00000;0.00000;0.00000;0.00000;0.00159;0.00000;0.00000;0.00000;0.00000;0.00000;0.00000;0.00000;0.00000;0.00000;0.00000;0.00000;0.00000;0.00000;0.00000;0.00000;0.00000;0.00000;0.00000;0.00000;0.00000;0.00000;0.00000;0.00000;0.00000;0.00000;0.00000;0.00000;0.00000;0.00000;0.00000;0.00000;0.00000;0.00000;0.00000;0.00000;0.00000;0.00000;0.00000;0.00000;0.00000;0.00000;0.00000;0.00000;0.00000;0.00000;0.00000;0.00000;0.00000;0.00000;0.00000;0.00000;0.00000;0.00000;0.00000;0.00000;0.00000;0.00000;0.00000;0.00000;0.00000;0.00000;0.00000;0.00000;0.00000;0.00000;0.00000;0.00000;0.00000;0.00000;0.00000;0.00000;0.00000;0.00000;0.00000;0.00000;0.00000;0.00000;0.00000;0.00000;0.00000;0.00000;0.00000;0.00000;0.00000;0.00000;0.00000;0.00000;0.00000;0.00000;0.00000;0.00000;0.00000;0.00000;0.00000;0.00000;0.00000;0.00000;0.00000;0.00000;0.00000;0.00000;0.00000;0.00000;0.00000;0.00000;0.00000;0.00000;0.00000;0.00000;0.00000;0.00000;0.00000;0.00000
2020-02-11 00:00;0.00000;0.00000;0.00000;0.00000;0.00000;0.00000;0.00000;0.00000;0.00000;0.00000;0.00000;0.00000;0.00000;0.00000;0.00000;0.00000;0.00000;0.00000;0.00000;0.00000;0.00000;0.00000;0.00000;0.00000;0.00000;0.00000;0.00000;0.00000;0.00000;0.00000;0.00000;0.00000;0.00000;0.00000;0.00000;0.00000;0.00000;0.00000;0.00000;0.00000;0.00000;0.00000;0.00000;0.00000;0.00000;0.00000;0.00000;0.00000;0.00000;0.00000;0.00000;0.00000;0.00000;0.00000;0.00000;0.00000;0.00000;0.00000;0.00000;0.00000;0.00000;0.00000;0.00000;0.00000;0.00000;0.00000;0.00000;0.00000;0.00000;0.00000;0.00000;0.00000;0.00000;0.00000;0.00000;0.00000;0.00000;0.00000;0.00000;0.00000;0.00000;0.00000;0.00000;0.00000;0.00000;0.00000;0.00000;0.00000;0.00000;0.00000;0.00000;0.00000;0.00000;0.00000;0.00000;0.00000;0.00000;0.00000;0.00000;0.00000;0.00000;0.00000;0.00000;0.00000;0.00000;0.00000;0.00000;0.00000;0.00000;0.00000;0.00000;0.00000;0.00000;0.00000;0.00000;0.00000;0.00000;0.00000;0.00000;0.00000;0.00000;0.00000;0.00000;0.00000;0.00000;0.00000;0.00000;0.00000;0.00000;0.00000;0.00000;0.00000;0.00000;0.00000;0.00000;0.00000;0.00000;0.00000;0.00000;0.00000;0.00000;0.00000;0.00000;0.00000;0.00000;0.00000;0.00000;0.00000;0.00000;0.00000;0.00000;0.00000;0.00000;0.00000;0.00000;0.00000;0.00000;0.00000;0.00000;0.00000;0.00000;0.00000;0.00000;0.00000;0.00000;0.00000;0.00000;0.00000;0.00000;0.00000;0.00000;0.00000;0.00000;0.00000;0.00000;0.00000;0.00000;0.00000;0.00000;0.00000;0.00000;0.00000;0.00000;0.00000;0.00000;0.00000;0.00000;0.00000;0.00000;0.00000;0.00000;0.00000;0.00000;0.00000;0.00000;0.00000;0.00000;0.00000;0.00000;0.00000;0.00000;0.00000;0.00000;0.00000;0.00000;0.00000;0.00000;0.00000;0.00000;0.00000;0.00000;0.00000;0.00000;0.00000;0.00000;0.00000;0.00000;0.00000;0.00000;0.00000;0.00000;0.00000;0.00000;0.00000;0.00000;0.00000;0.00000;0.00000;0.00000;0.00000;0.00000;0.00000;0.00000;0.00000;0.00000;0.00000;0.00000;0.00000;0.00000;0.00000;0.00000;0.00000;0.00000;0.00000;0.00000;0.00000;0.00000;0.00000;0.00000;0.00000;0.00000;0.00000;0.00000;0.00000;0.00000;0.00000;0.00000;0.00000;0.00000;0.00000;0.00000;0.00000;0.00000;0.00000;0.00000;0.00000;0.00000;0.00000;0.00000;0.00000;0.00000;0.00000;0.00000;0.00000;0.00000;0.00000;0.00000;0.00000;0.00000;0.00000;0.00000;0.00000;0.00000;0.00000;0.00000;0.00000;0.00000;0.00000;0.00000;0.00000;0.00000;0.00000;0.00000;0.00000;0.00000;0.00000;0.00000;0.00000;0.00000;0.00000;0.00000;0.00000;0.00000;0.00000;0.00000;0.00000;0.00000;0.00000;0.00000;0.00000;0.00000;0.00000;0.00000;0.00000;0.00000;0.00000;0.00000;0.00000;0.00000;0.00000;0.00000;0.00000;0.00000;0.00000;0.00000;0.00000;0.00000;0.00000;0.00000;0.00000;0.00000;0.00000;0.00000;0.00000;0.00000;0.00000;0.00000;0.00000;0.00000;0.00000;0.00000;0.00000;0.00000;0.00000;0.00000;0.00000;0.00000;0.00000;0.00000;0.00000;0.00000;0.00000;0.00000;0.00000;0.00000;0.00016;0.00000;0.00000;0.00000;0.00000;0.00000;0.00044;0.00000;0.00000;0.00000;0.00000;0.00000;0.00000;0.00000;0.00000;0.00000;0.00000;0.00000;0.00004;0.00000;0.00000;0.00000;0.00000;0.00000;0.00000;0.00000;0.00147;0.00000;0.00000;0.00000;0.00000;0.00000;0.00000;0.00000;0.00000;0.00000;0.00000;0.00000;0.00000;0.00000;0.00000;0.00000;0.00000;0.00000;0.00000;0.00000;0.00000;0.00000;0.00000;0.00000;0.00000;0.00000;0.00000;0.00000;0.00000;0.00000;0.00000;0.00000;0.00000;0.00000;0.00000;0.00000;0.00000;0.00000;0.00000;0.00000;0.00000;0.00000;0.00000;0.00000;0.00000;0.00000;0.00000;0.00000;0.00000;0.00000;0.00000;0.00000;0.00000;0.00000;0.00000;0.00000;0.00000;0.00000;0.00000;0.00000;0.00000;0.00000;0.00000;0.00000;0.00000;0.00000;0.00000;0.00000;0.00000;0.00000;0.00000;0.00000;0.00000;0.00000;0.00000;0.00000;0.00000;0.00000;0.00000;0.00000;0.00000;0.00000;0.00000;0.00000;0.00000;0.00000;0.00000;0.00000;0.00000;0.00000;0.00000;0.00000;0.00000;0.00000;0.00000;0.00000;0.00000;0.00000;0.00000;0.00000;0.00000;0.00000;0.00000;0.00000;0.00000;0.00000;0.00000;0.00000;0.00000;0.00000;0.00000;0.00000;0.00000;0.00000
2020-02-12 00:00;0.00000;0.00000;0.00000;0.00000;0.00000;0.00000;0.00000;0.00000;0.00000;0.00000;0.00000;0.00000;0.00000;0.00000;0.00000;0.00000;0.00000;0.00000;0.00000;0.00000;0.00000;0.00000;0.00000;0.00000;0.00000;0.00000;0.00000;0.00000;0.00000;0.00000;0.00000;0.00000;0.00000;0.00000;0.00000;0.00000;0.00000;0.00000;0.00000;0.00000;0.00000;0.00000;0.00000;0.00000;0.00000;0.00000;0.00000;0.00000;0.00000;0.00000;0.00000;0.00000;0.00000;0.00000;0.00000;0.00000;0.00000;0.00000;0.00000;0.00000;0.00000;0.00000;0.00000;0.00000;0.00000;0.00000;0.00000;0.00000;0.00000;0.00000;0.00000;0.00000;0.00000;0.00000;0.00000;0.00000;0.00000;0.00000;0.00000;0.00000;0.00000;0.00000;0.00000;0.00000;0.00000;0.00000;0.00000;0.00000;0.00000;0.00000;0.00000;0.00000;0.00000;0.00000;0.00000;0.00000;0.00000;0.00000;0.00000;0.00000;0.00000;0.00000;0.00000;0.00000;0.00000;0.00000;0.00000;0.00000;0.00000;0.00000;0.00000;0.00000;0.00000;0.00000;0.00000;0.00000;0.00000;0.00000;0.00000;0.00000;0.00000;0.00000;0.00000;0.00000;0.00000;0.00000;0.00000;0.00000;0.00000;0.00000;0.00000;0.00000;0.00000;0.00000;0.00000;0.00000;0.00000;0.00000;0.00000;0.00000;0.00000;0.00000;0.00000;0.00000;0.00000;0.00000;0.00000;0.00000;0.00000;0.00000;0.00000;0.00000;0.00000;0.00000;0.00000;0.00000;0.00000;0.00000;0.00000;0.00000;0.00000;0.00000;0.00000;0.00000;0.00000;0.00000;0.00000;0.00000;0.00000;0.00000;0.00000;0.00000;0.00000;0.00000;0.00000;0.00000;0.00000;0.00000;0.00000;0.00000;0.00000;0.00000;0.00000;0.00000;0.00000;0.00000;0.00000;0.00000;0.00000;0.00000;0.00000;0.00000;0.00000;0.00000;0.00000;0.00000;0.00000;0.00000;0.00000;0.00000;0.00000;0.00000;0.00000;0.00000;0.00000;0.00000;0.00000;0.00000;0.00000;0.00000;0.00000;0.00000;0.00000;0.00000;0.00000;0.00000;0.00000;0.00000;0.00000;0.00000;0.00000;0.00000;0.00000;0.00000;0.00000;0.00000;0.00000;0.00000;0.00000;0.00000;0.00000;0.00000;0.00000;0.00000;0.00000;0.00000;0.00000;0.00000;0.00000;0.00000;0.00000;0.00000;0.00000;0.00000;0.00000;0.00000;0.00000;0.00000;0.00000;0.00000;0.00000;0.00000;0.00000;0.00000;0.00000;0.00000;0.00000;0.00000;0.00000;0.00000;0.00000;0.00000;0.00000;0.00000;0.00000;0.00000;0.00000;0.00000;0.00000;0.00000;0.00000;0.00000;0.00000;0.00000;0.00000;0.00000;0.00000;0.00000;0.00000;0.00000;0.00000;0.00000;0.00000;0.00000;0.00000;0.00000;0.00000;0.00000;0.00000;0.00000;0.00000;0.00000;0.00000;0.00000;0.00000;0.00000;0.00000;0.00000;0.00000;0.00000;0.00000;0.00000;0.00000;0.00000;0.00000;0.00000;0.00000;0.00000;0.00000;0.00000;0.00000;0.00000;0.00000;0.00000;0.00000;0.00000;0.00000;0.00000;0.00000;0.00000;0.00000;0.00000;0.00000;0.00000;0.00000;0.00000;0.00000;0.00000;0.00000;0.00000;0.00000;0.00000;0.00000;0.00000;0.00000;0.00000;0.00000;0.00000;0.00000;0.00000;0.00000;0.00000;0.00000;0.00000;0.00000;0.00000;0.00000;0.00000;0.00000;0.00000;0.00000;0.00000;0.00000;0.00000;0.00000;0.00017;0.00000;0.00000;0.00000;0.00000;0.00000;0.00893;0.00000;0.00000;0.00000;0.00000;0.00000;0.00000;0.00000;0.00000;0.00000;0.00000;0.00000;0.00005;0.00000;0.00000;0.00000;0.00000;0.00000;0.00000;0.00000;0.00150;0.00000;0.00000;0.00000;0.00000;0.00000;0.00000;0.00000;0.00000;0.00000;0.00000;0.00000;0.00000;0.00000;0.00000;0.00000;0.00000;0.00000;0.00000;0.00000;0.00000;0.00000;0.00000;0.00000;0.00000;0.00000;0.00000;0.00000;0.00000;0.00000;0.00000;0.00000;0.00000;0.00000;0.00000;0.00000;0.00000;0.00000;0.00000;0.00000;0.00000;0.00000;0.00000;0.00000;0.00000;0.00000;0.00000;0.00000;0.00000;0.00000;0.00000;0.00000;0.00000;0.00000;0.00000;0.00000;0.00000;0.00000;0.00000;0.00000;0.00000;0.00000;0.00000;0.00000;0.00000;0.00000;0.00000;0.00000;0.00000;0.00000;0.00000;0.00000;0.00000;0.00000;0.00000;0.00000;0.00000;0.00000;0.00000;0.00000;0.00000;0.00000;0.00000;0.00000;0.00000;0.00000;0.00000;0.00000;0.00000;0.00000;0.00000;0.00000;0.00000;0.00000;0.00000;0.00000;0.00000;0.00000;0.00000;0.00000;0.00000;0.00000;0.00000;0.00000;0.00000;0.00000;0.00000;0.00000;0.00000;0.00000;0.00000;0.00000;0.00000;0.00000
2020-02-13 00:00;0.00000;0.00000;0.00000;0.00000;0.00000;0.00000;0.00000;0.00000;0.00000;0.00000;0.00000;0.00000;0.00000;0.00000;0.00000;0.00000;0.00000;0.00000;0.00000;0.00000;0.00000;0.00000;0.00000;0.00000;0.00000;0.00000;0.00000;0.00000;0.00000;0.00000;0.00000;0.00000;0.00000;0.00000;0.00000;0.00000;0.00000;0.00000;0.00000;0.00000;0.00000;0.00000;0.00000;0.00000;0.00000;0.00000;0.00000;0.00000;0.00000;0.00000;0.00000;0.00000;0.00000;0.00000;0.00000;0.00000;0.00000;0.00000;0.00000;0.00000;0.00000;0.00000;0.00000;0.00000;0.00000;0.00000;0.00000;0.00000;0.00000;0.00000;0.00000;0.00000;0.00000;0.00000;0.00000;0.00000;0.00000;0.00000;0.00000;0.00000;0.00000;0.00000;0.00000;0.00000;0.00000;0.00000;0.00000;0.00000;0.00000;0.00000;0.00000;0.00000;0.00000;0.00000;0.00000;0.00000;0.00000;0.00000;0.00000;0.00000;0.00000;0.00000;0.00000;0.00000;0.00000;0.00000;0.00000;0.00000;0.00000;0.00000;0.00000;0.00000;0.00000;0.00000;0.00000;0.00000;0.00000;0.00000;0.00000;0.00000;0.00000;0.00000;0.00000;0.00000;0.00000;0.00000;0.00000;0.00000;0.00000;0.00000;0.00000;0.00000;0.00000;0.00000;0.00000;0.00000;0.00000;0.00000;0.00000;0.00000;0.00000;0.00000;0.00000;0.00000;0.00000;0.00000;0.00000;0.00000;0.00000;0.00000;0.00000;0.00000;0.00000;0.00000;0.00000;0.00000;0.00000;0.00000;0.00000;0.00000;0.00000;0.00000;0.00000;0.00000;0.00000;0.00000;0.00000;0.00000;0.00000;0.00000;0.00000;0.00000;0.00000;0.00000;0.00000;0.00000;0.00000;0.00000;0.00000;0.00000;0.00000;0.00000;0.00000;0.00000;0.00000;0.00000;0.00000;0.00000;0.00000;0.00000;0.00000;0.00000;0.00000;0.00000;0.00000;0.00000;0.00000;0.00000;0.00000;0.00000;0.00000;0.00000;0.00000;0.00000;0.00000;0.00000;0.00000;0.00000;0.00000;0.00000;0.00000;0.00000;0.00000;0.00000;0.00000;0.00000;0.00000;0.00000;0.00000;0.00000;0.00000;0.00000;0.00000;0.00000;0.00000;0.00000;0.00000;0.00000;0.00000;0.00000;0.00000;0.00000;0.00000;0.00000;0.00000;0.00000;0.00000;0.00000;0.00000;0.00000;0.00000;0.00000;0.00000;0.00000;0.00000;0.00000;0.00000;0.00000;0.00000;0.00000;0.00000;0.00000;0.00000;0.00000;0.00000;0.00000;0.00000;0.00000;0.00000;0.00000;0.00000;0.00000;0.00000;0.00000;0.00000;0.00000;0.00000;0.00000;0.00000;0.00000;0.00000;0.00000;0.00000;0.00000;0.00000;0.00000;0.00000;0.00000;0.00000;0.00000;0.00000;0.00000;0.00000;0.00000;0.00000;0.00000;0.00000;0.00000;0.00000;0.00000;0.00000;0.00000;0.00000;0.00000;0.00000;0.00000;0.00000;0.00000;0.00000;0.00000;0.00000;0.00000;0.00000;0.00000;0.00000;0.00000;0.00000;0.00000;0.00000;0.00000;0.00000;0.00000;0.00000;0.00000;0.00000;0.00000;0.00000;0.00000;0.00000;0.00000;0.00000;0.00000;0.00000;0.00000;0.00000;0.00000;0.00000;0.00000;0.00000;0.00000;0.00000;0.00000;0.00000;0.00000;0.00000;0.00000;0.00000;0.00000;0.00000;0.00000;0.00000;0.00000;0.00000;0.00000;0.00000;0.00000;0.00000;0.00000;0.00000;0.00000;0.00000;0.00000;0.00000;0.00000;0.00000;0.00015;0.00000;0.00000;0.00000;0.00000;0.00000;0.00040;0.00000;0.00000;0.00000;0.00000;0.00000;0.00000;0.00000;0.00000;0.00000;0.00000;0.00000;0.00004;0.00000;0.00000;0.00000;0.00000;0.00000;0.00000;0.00000;0.00137;0.00000;0.00000;0.00000;0.00000;0.00000;0.00000;0.00000;0.00000;0.00000;0.00000;0.00000;0.00000;0.00000;0.00000;0.00000;0.00000;0.00000;0.00000;0.00000;0.00000;0.00000;0.00000;0.00000;0.00000;0.00000;0.00000;0.00000;0.00000;0.00000;0.00000;0.00000;0.00000;0.00000;0.00000;0.00000;0.00000;0.00000;0.00000;0.00000;0.00000;0.00000;0.00000;0.00000;0.00000;0.00000;0.00000;0.00000;0.00000;0.00000;0.00000;0.00000;0.00000;0.00000;0.00000;0.00000;0.00000;0.00000;0.00000;0.00000;0.00000;0.00000;0.00000;0.00000;0.00000;0.00000;0.00000;0.00000;0.00000;0.00000;0.00000;0.00000;0.00000;0.00000;0.00000;0.00000;0.00000;0.00000;0.00000;0.00000;0.00000;0.00000;0.00000;0.00000;0.00000;0.00000;0.00000;0.00000;0.00000;0.00000;0.00000;0.00000;0.00000;0.00000;0.00000;0.00000;0.00000;0.00000;0.00000;0.00000;0.00000;0.00000;0.00000;0.00000;0.00000;0.00000;0.00000;0.00000;0.00000;0.00000;0.00000;0.00000;0.00000;0.00000
2020-02-14 00:00;0.00000;0.00000;0.00000;0.00000;0.00000;0.00000;0.00000;0.00000;0.00000;0.00000;0.00000;0.00000;0.00000;0.00000;0.00000;0.00000;0.00000;0.00000;0.00000;0.00000;0.00000;0.00000;0.00000;0.00000;0.00000;0.00000;0.00000;0.00000;0.00000;0.00000;0.00000;0.00000;0.00000;0.00000;0.00000;0.00000;0.00000;0.00000;0.00000;0.00000;0.00000;0.00000;0.00000;0.00000;0.00000;0.00000;0.00000;0.00000;0.00000;0.00000;0.00000;0.00000;0.00000;0.00000;0.00000;0.00000;0.00000;0.00000;0.00000;0.00000;0.00000;0.00000;0.00000;0.00000;0.00000;0.00000;0.00000;0.00000;0.00000;0.00000;0.00000;0.00000;0.00000;0.00000;0.00000;0.00000;0.00000;0.00000;0.00000;0.00000;0.00000;0.00000;0.00000;0.00000;0.00000;0.00000;0.00000;0.00000;0.00000;0.00000;0.00000;0.00000;0.00000;0.00000;0.00000;0.00000;0.00000;0.00000;0.00000;0.00000;0.00000;0.00000;0.00000;0.00000;0.00000;0.00000;0.00000;0.00000;0.00000;0.00000;0.00000;0.00000;0.00000;0.00000;0.00000;0.00000;0.00000;0.00000;0.00000;0.00000;0.00000;0.00000;0.00000;0.00000;0.00000;0.00000;0.00000;0.00000;0.00000;0.00000;0.00000;0.00000;0.00000;0.00000;0.00000;0.00000;0.00000;0.00000;0.00000;0.00000;0.00000;0.00000;0.00000;0.00000;0.00000;0.00000;0.00000;0.00000;0.00000;0.00000;0.00000;0.00000;0.00000;0.00000;0.00000;0.00000;0.00000;0.00000;0.00000;0.00000;0.00000;0.00000;0.00000;0.00000;0.00000;0.00000;0.00000;0.00000;0.00000;0.00000;0.00000;0.00000;0.00000;0.00000;0.00000;0.00000;0.00000;0.00000;0.00000;0.00000;0.00000;0.00000;0.00000;0.00000;0.00000;0.00000;0.00000;0.00000;0.00000;0.00000;0.00000;0.00000;0.00000;0.00000;0.00000;0.00000;0.00000;0.00000;0.00000;0.00000;0.00000;0.00000;0.00000;0.00000;0.00000;0.00000;0.00000;0.00000;0.00000;0.00000;0.00000;0.00000;0.00000;0.00000;0.00000;0.00000;0.00000;0.00000;0.00000;0.00000;0.00000;0.00000;0.00000;0.00000;0.00000;0.00000;0.00000;0.00000;0.00000;0.00000;0.00000;0.00000;0.00000;0.00000;0.00000;0.00000;0.00000;0.00000;0.00000;0.00000;0.00000;0.00000;0.00000;0.00000;0.00000;0.00000;0.00000;0.00000;0.00000;0.00000;0.00000;0.00000;0.00000;0.00000;0.00000;0.00000;0.00000;0.00000;0.00000;0.00000;0.00000;0.00000;0.00000;0.00000;0.00000;0.00000;0.00000;0.00000;0.00000;0.00000;0.00000;0.00000;0.00000;0.00000;0.00000;0.00000;0.00000;0.00000;0.00000;0.00000;0.00000;0.00000;0.00000;0.00000;0.00000;0.00000;0.00000;0.00000;0.00000;0.00000;0.00000;0.00000;0.00000;0.00000;0.00000;0.00000;0.00000;0.00000;0.00000;0.00000;0.00000;0.00000;0.00000;0.00000;0.00000;0.00000;0.00000;0.00000;0.00000;0.00000;0.00000;0.00000;0.00000;0.00000;0.00000;0.00000;0.00000;0.00000;0.00000;0.00000;0.00000;0.00000;0.00000;0.00000;0.00000;0.00000;0.00000;0.00000;0.00000;0.00000;0.00000;0.00000;0.00000;0.00000;0.00000;0.00000;0.00000;0.00000;0.00000;0.00000;0.00000;0.00000;0.00000;0.00000;0.00000;0.00000;0.00000;0.00000;0.00000;0.00000;0.00000;0.00000;0.00000;0.00000;0.00000;0.00016;0.00000;0.00000;0.00000;0.00000;0.00000;0.00816;0.00000;0.00000;0.00000;0.00000;0.00000;0.00000;0.00000;0.00000;0.00000;0.00000;0.00000;0.00005;0.00000;0.00000;0.00000;0.00000;0.00000;0.00000;0.00000;0.00141;0.00000;0.00000;0.00000;0.00000;0.00000;0.00000;0.00000;0.00000;0.00000;0.00000;0.00000;0.00000;0.00000;0.00000;0.00000;0.00000;0.00000;0.00000;0.00000;0.00000;0.00000;0.00000;0.00000;0.00000;0.00000;0.00000;0.00000;0.00000;0.00000;0.00000;0.00000;0.00000;0.00000;0.00000;0.00000;0.00000;0.00000;0.00000;0.00000;0.00000;0.00000;0.00000;0.00000;0.00000;0.00000;0.00000;0.00000;0.00000;0.00000;0.00000;0.00000;0.00000;0.00000;0.00000;0.00000;0.00000;0.00000;0.00000;0.00000;0.00000;0.00000;0.00000;0.00000;0.00000;0.00000;0.00000;0.00000;0.00000;0.00000;0.00000;0.00000;0.00000;0.00000;0.00000;0.00000;0.00000;0.00000;0.00000;0.00000;0.00000;0.00000;0.00000;0.00000;0.00000;0.00000;0.00000;0.00000;0.00000;0.00000;0.00000;0.00000;0.00000;0.00000;0.00000;0.00000;0.00000;0.00000;0.00000;0.00000;0.00000;0.00000;0.00000;0.00000;0.00000;0.00000;0.00000;0.00000;0.00000;0.00000;0.00000;0.00000;0.00000;0.00000
2020-02-15 00:00;0.00000;0.00000;0.00000;0.00000;0.00000;0.00000;0.00000;0.00000;0.00000;0.00000;0.00000;0.00000;0.00000;0.00000;0.00000;0.00000;0.00000;0.00000;0.00000;0.00000;0.00000;0.00000;0.00000;0.00000;0.00000;0.00000;0.00000;0.00000;0.00000;0.00000;0.00000;0.00000;0.00000;0.00000;0.00000;0.00000;0.00000;0.00000;0.00000;0.00000;0.00000;0.00000;0.00000;0.00000;0.00000;0.00000;0.00000;0.00000;0.00000;0.00000;0.00000;0.00000;0.00000;0.00000;0.00000;0.00000;0.00000;0.00000;0.00000;0.00000;0.00000;0.00000;0.00000;0.00000;0.00000;0.00000;0.00000;0.00000;0.00000;0.00000;0.00000;0.00000;0.00000;0.00000;0.00000;0.00000;0.00000;0.00000;0.00000;0.00000;0.00000;0.00000;0.00000;0.00000;0.00000;0.00000;0.00000;0.00000;0.00000;0.00000;0.00000;0.00000;0.00000;0.00000;0.00000;0.00000;0.00000;0.00000;0.00000;0.00000;0.00000;0.00000;0.00000;0.00000;0.00000;0.00000;0.00000;0.00000;0.00000;0.00000;0.00000;0.00000;0.00000;0.00000;0.00000;0.00000;0.00000;0.00000;0.00000;0.00000;0.00000;0.00000;0.00000;0.00000;0.00000;0.00000;0.00000;0.00000;0.00000;0.00000;0.00000;0.00000;0.00000;0.00000;0.00000;0.00000;0.00000;0.00000;0.00000;0.00000;0.00000;0.00000;0.00000;0.00000;0.00000;0.00000;0.00000;0.00000;0.00000;0.00000;0.00000;0.00000;0.00000;0.00000;0.00000;0.00000;0.00000;0.00000;0.00000;0.00000;0.00000;0.00000;0.00000;0.00000;0.00000;0.00000;0.00000;0.00000;0.00000;0.00000;0.00000;0.00000;0.00000;0.00000;0.00000;0.00000;0.00000;0.00000;0.00000;0.00000;0.00000;0.00000;0.00000;0.00000;0.00000;0.00000;0.00000;0.00000;0.00000;0.00000;0.00000;0.00000;0.00000;0.00000;0.00000;0.00000;0.00000;0.00000;0.00000;0.00000;0.00000;0.00000;0.00000;0.00000;0.00000;0.00000;0.00000;0.00000;0.00000;0.00000;0.00000;0.00000;0.00000;0.00000;0.00000;0.00000;0.00000;0.00000;0.00000;0.00000;0.00000;0.00000;0.00000;0.00000;0.00000;0.00000;0.00000;0.00000;0.00000;0.00000;0.00000;0.00000;0.00000;0.00000;0.00000;0.00000;0.00000;0.00000;0.00000;0.00000;0.00000;0.00000;0.00000;0.00000;0.00000;0.00000;0.00000;0.00000;0.00000;0.00000;0.00000;0.00000;0.00000;0.00000;0.00000;0.00000;0.00000;0.00000;0.00000;0.00000;0.00000;0.00000;0.00000;0.00000;0.00000;0.00000;0.00000;0.00000;0.00000;0.00000;0.00000;0.00000;0.00000;0.00000;0.00000;0.00000;0.00000;0.00000;0.00000;0.00000;0.00000;0.00000;0.00000;0.00000;0.00000;0.00000;0.00000;0.00000;0.00000;0.00000;0.00000;0.00000;0.00000;0.00000;0.00000;0.00000;0.00000;0.00000;0.00000;0.00000;0.00000;0.00000;0.00000;0.00000;0.00000;0.00000;0.00000;0.00000;0.00000;0.00000;0.00000;0.00000;0.00000;0.00000;0.00000;0.00000;0.00000;0.00000;0.00000;0.00000;0.00000;0.00000;0.00000;0.00000;0.00000;0.00000;0.00000;0.00000;0.00000;0.00000;0.00000;0.00000;0.00000;0.00000;0.00000;0.00000;0.00000;0.00000;0.00000;0.00000;0.00000;0.00000;0.00000;0.00000;0.00000;0.00000;0.00000;0.00000;0.00000;0.00000;0.00000;0.00000;0.00000;0.00000;0.00000;0.00014;0.00000;0.00000;0.00000;0.00000;0.00000;0.00036;0.00000;0.00000;0.00000;0.00000;0.00000;0.00000;0.00000;0.00000;0.00000;0.00000;0.00000;0.00004;0.00000;0.00000;0.00000;0.00000;0.00000;0.00000;0.00000;0.00129;0.00000;0.00000;0.00000;0.00000;0.00000;0.00000;0.00000;0.00000;0.00000;0.00000;0.00000;0.00000;0.00000;0.00000;0.00000;0.00000;0.00000;0.00000;0.00000;0.00000;0.00000;0.00000;0.00000;0.00000;0.00000;0.00000;0.00000;0.00000;0.00000;0.00000;0.00000;0.00000;0.00000;0.00000;0.00000;0.00000;0.00000;0.00000;0.00000;0.00000;0.00000;0.00000;0.00000;0.00000;0.00000;0.00000;0.00000;0.00000;0.00000;0.00000;0.00000;0.00000;0.00000;0.00000;0.00000;0.00000;0.00000;0.00000;0.00000;0.00000;0.00000;0.00000;0.00000;0.00000;0.00000;0.00000;0.00000;0.00000;0.00000;0.00000;0.00000;0.00000;0.00000;0.00000;0.00000;0.00000;0.00000;0.00000;0.00000;0.00000;0.00000;0.00000;0.00000;0.00000;0.00000;0.00000;0.00000;0.00000;0.00000;0.00000;0.00000;0.00000;0.00000;0.00000;0.00000;0.00000;0.00000;0.00000;0.00000;0.00000;0.00000;0.00000;0.00000;0.00000;0.00000;0.00000;0.00000;0.00000;0.00000;0.00000;0.00000;0.00000;0.00000
2020-02-16 00:00;0.00000;0.00000;0.00000;0.00000;0.00000;0.00000;0.00000;0.00000;0.00000;0.00000;0.00000;0.00000;0.00000;0.00000;0.00000;0.00000;0.00000;0.00000;0.00000;0.00000;0.00000;0.00000;0.00000;0.00000;0.00000;0.00000;0.00000;0.00000;0.00000;0.00000;0.00000;0.00000;0.00000;0.00000;0.00000;0.00000;0.00000;0.00000;0.00000;0.00000;0.00000;0.00000;0.00000;0.00000;0.00000;0.00000;0.00000;0.00000;0.00000;0.00000;0.00000;0.00000;0.00000;0.00000;0.00000;0.00000;0.00000;0.00000;0.00000;0.00000;0.00000;0.00000;0.00000;0.00000;0.00000;0.00000;0.00000;0.00000;0.00000;0.00000;0.00000;0.00000;0.00000;0.00000;0.00000;0.00000;0.00000;0.00000;0.00000;0.00000;0.00000;0.00000;0.00000;0.00000;0.00000;0.00000;0.00000;0.00000;0.00000;0.00000;0.00000;0.00000;0.00000;0.00000;0.00000;0.00000;0.00000;0.00000;0.00000;0.00000;0.00000;0.00000;0.00000;0.00000;0.00000;0.00000;0.00000;0.00000;0.00000;0.00000;0.00000;0.00000;0.00000;0.00000;0.00000;0.00000;0.00000;0.00000;0.00000;0.00000;0.00000;0.00000;0.00000;0.00000;0.00000;0.00000;0.00000;0.00000;0.00000;0.00000;0.00000;0.00000;0.00000;0.00000;0.00000;0.00000;0.00000;0.00000;0.00000;0.00000;0.00000;0.00000;0.00000;0.00000;0.00000;0.00000;0.00000;0.00000;0.00000;0.00000;0.00000;0.00000;0.00000;0.00000;0.00000;0.00000;0.00000;0.00000;0.00000;0.00000;0.00000;0.00000;0.00000;0.00000;0.00000;0.00000;0.00000;0.00000;0.00000;0.00000;0.00000;0.00000;0.00000;0.00000;0.00000;0.00000;0.00000;0.00000;0.00000;0.00000;0.00000;0.00000;0.00000;0.00000;0.00000;0.00000;0.00000;0.00000;0.00000;0.00000;0.00000;0.00000;0.00000;0.00000;0.00000;0.00000;0.00000;0.00000;0.00000;0.00000;0.00000;0.00000;0.00000;0.00000;0.00000;0.00000;0.00000;0.00000;0.00000;0.00000;0.00000;0.00000;0.00000;0.00000;0.00000;0.00000;0.00000;0.00000;0.00000;0.00000;0.00000;0.00000;0.00000;0.00000;0.00000;0.00000;0.00000;0.00000;0.00000;0.00000;0.00000;0.00000;0.00000;0.00000;0.00000;0.00000;0.00000;0.00000;0.00000;0.00000;0.00000;0.00000;0.00000;0.00000;0.00000;0.00000;0.00000;0.00000;0.00000;0.00000;0.00000;0.00000;0.00000;0.00000;0.00000;0.00000;0.00000;0.00000;0.00000;0.00000;0.00000;0.00000;0.00000;0.00000;0.00000;0.00000;0.00000;0.00000;0.00000;0.00000;0.00000;0.00000;0.00000;0.00000;0.00000;0.00000;0.00000;0.00000;0.00000;0.00000;0.00000;0.00000;0.00000;0.00000;0.00000;0.00000;0.00000;0.00000;0.00000;0.00000;0.00000;0.00000;0.00000;0.00000;0.00000;0.00000;0.00000;0.00000;0.00000;0.00000;0.00000;0.00000;0.00000;0.00000;0.00000;0.00000;0.00000;0.00000;0.00000;0.00000;0.00000;0.00000;0.00000;0.00000;0.00000;0.00000;0.00000;0.00000;0.00000;0.00000;0.00000;0.00000;0.00000;0.00000;0.00000;0.00000;0.00000;0.00000;0.00000;0.00000;0.00000;0.00000;0.00000;0.00000;0.00000;0.00000;0.00000;0.00000;0.00000;0.00000;0.00000;0.00000;0.00000;0.00000;0.00000;0.00000;0.00000;0.00000;0.00000;0.00000;0.00000;0.00000;0.00000;0.00000;0.00000;0.00015;0.00000;0.00000;0.00000;0.00000;0.00000;0.00686;0.00000;0.00000;0.00000;0.00000;0.00000;0.00000;0.00000;0.00000;0.00000;0.00000;0.00000;0.00004;0.00000;0.00000;0.00000;0.00000;0.00000;0.00000;0.00000;0.00130;0.00000;0.00000;0.00000;0.00000;0.00000;0.00000;0.00000;0.00000;0.00000;0.00000;0.00000;0.00000;0.00000;0.00000;0.00000;0.00000;0.00000;0.00000;0.00000;0.00000;0.00000;0.00000;0.00000;0.00000;0.00000;0.00000;0.00000;0.00000;0.00000;0.00000;0.00000;0.00000;0.00000;0.00000;0.00000;0.00000;0.00000;0.00000;0.00000;0.00000;0.00000;0.00000;0.00000;0.00000;0.00000;0.00000;0.00000;0.00000;0.00000;0.00000;0.00000;0.00000;0.00000;0.00000;0.00000;0.00000;0.00000;0.00000;0.00000;0.00000;0.00000;0.00000;0.00000;0.00000;0.00000;0.00000;0.00000;0.00000;0.00000;0.00000;0.00000;0.00000;0.00000;0.00000;0.00000;0.00000;0.00000;0.00000;0.00000;0.00000;0.00000;0.00000;0.00000;0.00000;0.00000;0.00000;0.00000;0.00000;0.00000;0.00000;0.00000;0.00000;0.00000;0.00000;0.00000;0.00000;0.00000;0.00000;0.00000;0.00000;0.00000;0.00000;0.00000;0.00000;0.00000;0.00000;0.00000;0.00000;0.00000;0.00000;0.00000;0.00000;0.00000
2020-02-17 00:00;0.00000;0.00000;0.00000;0.00000;0.00000;0.00000;0.00000;0.00000;0.00000;0.00000;0.00000;0.00000;0.00000;0.00000;0.00000;0.00000;0.00000;0.00000;0.00000;0.00000;0.00000;0.00000;0.00000;0.00000;0.00000;0.00000;0.00000;0.00000;0.00000;0.00000;0.00000;0.00000;0.00000;0.00000;0.00000;0.00000;0.00000;0.00000;0.00000;0.00000;0.00000;0.00000;0.00000;0.00000;0.00000;0.00000;0.00000;0.00000;0.00000;0.00000;0.00000;0.00000;0.00000;0.00000;0.00000;0.00000;0.00000;0.00000;0.00000;0.00000;0.00000;0.00000;0.00000;0.00000;0.00000;0.00000;0.00000;0.00000;0.00000;0.00000;0.00000;0.00000;0.00000;0.00000;0.00000;0.00000;0.00000;0.00000;0.00000;0.00000;0.00000;0.00000;0.00000;0.00000;0.00000;0.00000;0.00000;0.00000;0.00000;0.00000;0.00000;0.00000;0.00000;0.00000;0.00000;0.00000;0.00000;0.00000;0.00000;0.00000;0.00000;0.00000;0.00000;0.00000;0.00000;0.00000;0.00000;0.00000;0.00000;0.00000;0.00000;0.00000;0.00000;0.00000;0.00000;0.00000;0.00000;0.00000;0.00000;0.00000;0.00000;0.00000;0.00000;0.00000;0.00000;0.00000;0.00000;0.00000;0.00000;0.00000;0.00000;0.00000;0.00000;0.00000;0.00000;0.00000;0.00000;0.00000;0.00000;0.00000;0.00000;0.00000;0.00000;0.00000;0.00000;0.00000;0.00000;0.00000;0.00000;0.00000;0.00000;0.00000;0.00000;0.00000;0.00000;0.00000;0.00000;0.00000;0.00000;0.00000;0.00000;0.00000;0.00000;0.00000;0.00000;0.00000;0.00000;0.00000;0.00000;0.00000;0.00000;0.00000;0.00000;0.00000;0.00000;0.00000;0.00000;0.00000;0.00000;0.00000;0.00000;0.00000;0.00000;0.00000;0.00000;0.00000;0.00000;0.00000;0.00000;0.00000;0.00000;0.00000;0.00000;0.00000;0.00000;0.00000;0.00000;0.00000;0.00000;0.00000;0.00000;0.00000;0.00000;0.00000;0.00000;0.00000;0.00000;0.00000;0.00000;0.00000;0.00000;0.00000;0.00000;0.00000;0.00000;0.00000;0.00000;0.00000;0.00000;0.00000;0.00000;0.00000;0.00000;0.00000;0.00000;0.00000;0.00000;0.00000;0.00000;0.00000;0.00000;0.00000;0.00000;0.00000;0.00000;0.00000;0.00000;0.00000;0.00000;0.00000;0.00000;0.00000;0.00000;0.00000;0.00000;0.00000;0.00000;0.00000;0.00000;0.00000;0.00000;0.00000;0.00000;0.00000;0.00000;0.00000;0.00000;0.00000;0.00000;0.00000;0.00000;0.00000;0.00000;0.00000;0.00000;0.00000;0.00000;0.00000;0.00000;0.00000;0.00000;0.00000;0.00000;0.00000;0.00000;0.00000;0.00000;0.00000;0.00000;0.00000;0.00000;0.00000;0.00000;0.00000;0.00000;0.00000;0.00000;0.00000;0.00000;0.00000;0.00000;0.00000;0.00000;0.00000;0.00000;0.00000;0.00000;0.00000;0.00000;0.00000;0.00000;0.00000;0.00000;0.00000;0.00000;0.00000;0.00000;0.00000;0.00000;0.00000;0.00000;0.00000;0.00000;0.00000;0.00000;0.00000;0.00000;0.00000;0.00000;0.00000;0.00000;0.00000;0.00000;0.00000;0.00000;0.00000;0.00000;0.00000;0.00000;0.00000;0.00000;0.00000;0.00000;0.00000;0.00000;0.00000;0.00000;0.00000;0.00000;0.00000;0.00000;0.00000;0.00000;0.00000;0.00000;0.00000;0.00000;0.00000;0.00000;0.00000;0.00000;0.00000;0.00000;0.00000;0.00000;0.00013;0.00000;0.00000;0.00000;0.00000;0.00000;0.00032;0.00000;0.00000;0.00000;0.00000;0.00000;0.00000;0.00000;0.00000;0.00000;0.00000;0.00000;0.00004;0.00000;0.00000;0.00000;0.00000;0.00000;0.00000;0.00000;0.00121;0.00000;0.00000;0.00000;0.00000;0.00000;0.00000;0.00000;0.00000;0.00000;0.00000;0.00000;0.00000;0.00000;0.00000;0.00000;0.00000;0.00000;0.00000;0.00000;0.00000;0.00000;0.00000;0.00000;0.00000;0.00000;0.00000;0.00000;0.00000;0.00000;0.00000;0.00000;0.00000;0.00000;0.00000;0.00000;0.00000;0.00000;0.00000;0.00000;0.00000;0.00000;0.00000;0.00000;0.00000;0.00000;0.00000;0.00000;0.00000;0.00000;0.00000;0.00000;0.00000;0.00000;0.00000;0.00000;0.00000;0.00000;0.00000;0.00000;0.00000;0.00000;0.00000;0.00000;0.00000;0.00000;0.00000;0.00000;0.00000;0.00000;0.00000;0.00000;0.00000;0.00000;0.00000;0.00000;0.00000;0.00000;0.00000;0.00000;0.00000;0.00000;0.00000;0.00000;0.00000;0.00000;0.00000;0.00000;0.00000;0.00000;0.00000;0.00000;0.00000;0.00000;0.00000;0.00000;0.00000;0.00000;0.00000;0.00000;0.00000;0.00000;0.00000;0.00000;0.00000;0.00000;0.00000;0.00000;0.00000;0.00000;0.00000;0.00000;0.00000;0.00000
2020-02-18 00:00;0.00000;0.00000;0.00000;0.00000;0.00000;0.00000;0.00000;0.00000;0.00000;0.00000;0.00000;0.00000;0.00000;0.00000;0.00000;0.00000;0.00000;0.00000;0.00000;0.00000;0.00000;0.00000;0.00000;0.00000;0.00000;0.00000;0.00000;0.00000;0.00000;0.00000;0.00000;0.00000;0.00000;0.00000;0.00000;0.00000;0.00000;0.00000;0.00000;0.00000;0.00000;0.00000;0.00000;0.00000;0.00000;0.00000;0.00000;0.00000;0.00000;0.00000;0.00000;0.00000;0.00000;0.00000;0.00000;0.00000;0.00000;0.00000;0.00000;0.00000;0.00000;0.00000;0.00000;0.00000;0.00000;0.00000;0.00000;0.00000;0.00000;0.00000;0.00000;0.00000;0.00000;0.00000;0.00000;0.00000;0.00000;0.00000;0.00000;0.00000;0.00000;0.00000;0.00000;0.00000;0.00000;0.00000;0.00000;0.00000;0.00000;0.00000;0.00000;0.00000;0.00000;0.00000;0.00000;0.00000;0.00000;0.00000;0.00000;0.00000;0.00000;0.00000;0.00000;0.00000;0.00000;0.00000;0.00000;0.00000;0.00000;0.00000;0.00000;0.00000;0.00000;0.00000;0.00000;0.00000;0.00000;0.00000;0.00000;0.00000;0.00000;0.00000;0.00000;0.00000;0.00000;0.00000;0.00000;0.00000;0.00000;0.00000;0.00000;0.00000;0.00000;0.00000;0.00000;0.00000;0.00000;0.00000;0.00000;0.00000;0.00000;0.00000;0.00000;0.00000;0.00000;0.00000;0.00000;0.00000;0.00000;0.00000;0.00000;0.00000;0.00000;0.00000;0.00000;0.00000;0.00000;0.00000;0.00000;0.00000;0.00000;0.00000;0.00000;0.00000;0.00000;0.00000;0.00000;0.00000;0.00000;0.00000;0.00000;0.00000;0.00000;0.00000;0.00000;0.00000;0.00000;0.00000;0.00000;0.00000;0.00000;0.00000;0.00000;0.00000;0.00000;0.00000;0.00000;0.00000;0.00000;0.00000;0.00000;0.00000;0.00000;0.00000;0.00000;0.00000;0.00000;0.00000;0.00000;0.00000;0.00000;0.00000;0.00000;0.00000;0.00000;0.00000;0.00000;0.00000;0.00000;0.00000;0.00000;0.00000;0.00000;0.00000;0.00000;0.00000;0.00000;0.00000;0.00000;0.00000;0.00000;0.00000;0.00000;0.00000;0.00000;0.00000;0.00000;0.00000;0.00000;0.00000;0.00000;0.00000;0.00000;0.00000;0.00000;0.00000;0.00000;0.00000;0.00000;0.00000;0.00000;0.00000;0.00000;0.00000;0.00000;0.00000;0.00000;0.00000;0.00000;0.00000;0.00000;0.00000;0.00000;0.00000;0.00000;0.00000;0.00000;0.00000;0.00000;0.00000;0.00000;0.00000;0.00000;0.00000;0.00000;0.00000;0.00000;0.00000;0.00000;0.00000;0.00000;0.00000;0.00000;0.00000;0.00000;0.00000;0.00000;0.00000;0.00000;0.00000;0.00000;0.00000;0.00000;0.00000;0.00000;0.00000;0.00000;0.00000;0.00000;0.00000;0.00000;0.00000;0.00000;0.00000;0.00000;0.00000;0.00000;0.00000;0.00000;0.00000;0.00000;0.00000;0.00000;0.00000;0.00000;0.00000;0.00000;0.00000;0.00000;0.00000;0.00000;0.00000;0.00000;0.00000;0.00000;0.00000;0.00000;0.00000;0.00000;0.00000;0.00000;0.00000;0.00000;0.00000;0.00000;0.00000;0.00000;0.00000;0.00000;0.00000;0.00000;0.00000;0.00000;0.00000;0.00000;0.00000;0.00000;0.00000;0.00000;0.00000;0.00000;0.00000;0.00000;0.00000;0.00000;0.00000;0.00000;0.00000;0.00000;0.00000;0.00000;0.00000;0.00000;0.00000;0.00000;0.00014;0.00000;0.00000;0.00000;0.00000;0.00000;0.00584;0.00000;0.00000;0.00000;0.00000;0.00000;0.00000;0.00000;0.00000;0.00000;0.00000;0.00000;0.00004;0.00000;0.00000;0.00000;0.00000;0.00000;0.00000;0.00000;0.00121;0.00000;0.00000;0.00000;0.00000;0.00000;0.00000;0.00000;0.00000;0.00000;0.00000;0.00000;0.00000;0.00000;0.00000;0.00000;0.00000;0.00000;0.00000;0.00000;0.00000;0.00000;0.00000;0.00000;0.00000;0.00000;0.00000;0.00000;0.00000;0.00000;0.00000;0.00000;0.00000;0.00000;0.00000;0.00000;0.00000;0.00000;0.00000;0.00000;0.00000;0.00000;0.00000;0.00000;0.00000;0.00000;0.00000;0.00000;0.00000;0.00000;0.00000;0.00000;0.00000;0.00000;0.00000;0.00000;0.00000;0.00000;0.00000;0.00000;0.00000;0.00000;0.00000;0.00000;0.00000;0.00000;0.00000;0.00000;0.00000;0.00000;0.00000;0.00000;0.00000;0.00000;0.00000;0.00000;0.00000;0.00000;0.00000;0.00000;0.00000;0.00000;0.00000;0.00000;0.00000;0.00000;0.00000;0.00000;0.00000;0.00000;0.00000;0.00000;0.00000;0.00000;0.00000;0.00000;0.00000;0.00000;0.00000;0.00000;0.00000;0.00000;0.00000;0.00000;0.00000;0.00000;0.00000;0.00000;0.00000;0.00000;0.00000;0.00000;0.00000;0.00000
2020-02-19 00:00;0.00000;0.00000;0.00000;0.00000;0.00000;0.00000;0.00000;0.00000;0.00000;0.00000;0.00000;0.00000;0.00000;0.00000;0.00000;0.00000;0.00000;0.00000;0.00000;0.00000;0.00000;0.00000;0.00000;0.00000;0.00000;0.00000;0.00000;0.00000;0.00000;0.00000;0.00000;0.00000;0.00000;0.00000;0.00000;0.00000;0.00000;0.00000;0.00000;0.00000;0.00000;0.00000;0.00000;0.00000;0.00000;0.00000;0.00000;0.00000;0.00000;0.00000;0.00000;0.00000;0.00000;0.00000;0.00000;0.00000;0.00000;0.00000;0.00000;0.00000;0.00000;0.00000;0.00000;0.00000;0.00000;0.00000;0.00000;0.00000;0.00000;0.00000;0.00000;0.00000;0.00000;0.00000;0.00000;0.00000;0.00000;0.00000;0.00000;0.00000;0.00000;0.00000;0.00000;0.00000;0.00000;0.00000;0.00000;0.00000;0.00000;0.00000;0.00000;0.00000;0.00000;0.00000;0.00000;0.00000;0.00000;0.00000;0.00000;0.00000;0.00000;0.00000;0.00000;0.00000;0.00000;0.00000;0.00000;0.00000;0.00000;0.00000;0.00000;0.00000;0.00000;0.00000;0.00000;0.00000;0.00000;0.00000;0.00000;0.00000;0.00000;0.00000;0.00000;0.00000;0.00000;0.00000;0.00000;0.00000;0.00000;0.00000;0.00000;0.00000;0.00000;0.00000;0.00000;0.00000;0.00000;0.00000;0.00000;0.00000;0.00000;0.00000;0.00000;0.00000;0.00000;0.00000;0.00000;0.00000;0.00000;0.00000;0.00000;0.00000;0.00000;0.00000;0.00000;0.00000;0.00000;0.00000;0.00000;0.00000;0.00000;0.00000;0.00000;0.00000;0.00000;0.00000;0.00000;0.00000;0.00000;0.00000;0.00000;0.00000;0.00000;0.00000;0.00000;0.00000;0.00000;0.00000;0.00000;0.00000;0.00000;0.00000;0.00000;0.00000;0.00000;0.00000;0.00000;0.00000;0.00000;0.00000;0.00000;0.00000;0.00000;0.00000;0.00000;0.00000;0.00000;0.00000;0.00000;0.00000;0.00000;0.00000;0.00000;0.00000;0.00000;0.00000;0.00000;0.00000;0.00000;0.00000;0.00000;0.00000;0.00000;0.00000;0.00000;0.00000;0.00000;0.00000;0.00000;0.00000;0.00000;0.00000;0.00000;0.00000;0.00000;0.00000;0.00000;0.00000;0.00000;0.00000;0.00000;0.00000;0.00000;0.00000;0.00000;0.00000;0.00000;0.00000;0.00000;0.00000;0.00000;0.00000;0.00000;0.00000;0.00000;0.00000;0.00000;0.00000;0.00000;0.00000;0.00000;0.00000;0.00000;0.00000;0.00000;0.00000;0.00000;0.00000;0.00000;0.00000;0.00000;0.00000;0.00000;0.00000;0.00000;0.00000;0.00000;0.00000;0.00000;0.00000;0.00000;0.00000;0.00000;0.00000;0.00000;0.00000;0.00000;0.00000;0.00000;0.00000;0.00000;0.00000;0.00000;0.00000;0.00000;0.00000;0.00000;0.00000;0.00000;0.00000;0.00000;0.00000;0.00000;0.00000;0.00000;0.00000;0.00000;0.00000;0.00000;0.00000;0.00000;0.00000;0.00000;0.00000;0.00000;0.00000;0.00000;0.00000;0.00000;0.00000;0.00000;0.00000;0.00000;0.00000;0.00000;0.00000;0.00000;0.00000;0.00000;0.00000;0.00000;0.00000;0.00000;0.00000;0.00000;0.00000;0.00000;0.00000;0.00000;0.00000;0.00000;0.00000;0.00000;0.00000;0.00000;0.00000;0.00000;0.00000;0.00000;0.00000;0.00000;0.00000;0.00000;0.00000;0.00000;0.00000;0.00000;0.00000;0.00000;0.00000;0.00000;0.00000;0.00000;0.00000;0.00000;0.00013;0.00000;0.00000;0.00000;0.00000;0.00000;0.00028;0.00000;0.00000;0.00000;0.00000;0.00000;0.00000;0.00000;0.00000;0.00000;0.00000;0.00000;0.00003;0.00000;0.00000;0.00000;0.00000;0.00000;0.00000;0.00000;0.00114;0.00000;0.00000;0.00000;0.00000;0.00000;0.00000;0.00000;0.00000;0.00000;0.00000;0.00000;0.00000;0.00000;0.00000;0.00000;0.00000;0.00000;0.00000;0.00000;0.00000;0.00000;0.00000;0.00000;0.00000;0.00000;0.00000;0.00000;0.00000;0.00000;0.00000;0.00000;0.00000;0.00000;0.00000;0.00000;0.00000;0.00000;0.00000;0.00000;0.00000;0.00000;0.00000;0.00000;0.00000;0.00000;0.00000;0.00000;0.00000;0.00000;0.00000;0.00000;0.00000;0.00000;0.00000;0.00000;0.00000;0.00000;0.00000;0.00000;0.00000;0.00000;0.00000;0.00000;0.00000;0.00000;0.00000;0.00000;0.00000;0.00000;0.00000;0.00000;0.00000;0.00000;0.00000;0.00000;0.00000;0.00000;0.00000;0.00000;0.00000;0.00000;0.00000;0.00000;0.00000;0.00000;0.00000;0.00000;0.00000;0.00000;0.00000;0.00000;0.00000;0.00000;0.00000;0.00000;0.00000;0.00000;0.00000;0.00000;0.00000;0.00000;0.00000;0.00000;0.00000;0.00000;0.00000;0.00000;0.00000;0.00000;0.00000;0.00000;0.00000;0.00000
2020-02-20 00:00;0.00000;0.00000;0.00000;0.00000;0.00000;0.00000;0.00000;0.00000;0.00000;0.00000;0.00000;0.00000;0.00000;0.00000;0.00000;0.00000;0.00000;0.00000;0.00000;0.00000;0.00000;0.00000;0.00000;0.00000;0.00000;0.00000;0.00000;0.00000;0.00000;0.00000;0.00000;0.00000;0.00000;0.00000;0.00000;0.00000;0.00000;0.00000;0.00000;0.00000;0.00000;0.00000;0.00000;0.00000;0.00000;0.00000;0.00000;0.00000;0.00000;0.00000;0.00000;0.00000;0.00000;0.00000;0.00000;0.00000;0.00000;0.00000;0.00000;0.00000;0.00000;0.00000;0.00000;0.00000;0.00000;0.00000;0.00000;0.00000;0.00000;0.00000;0.00000;0.00000;0.00000;0.00000;0.00000;0.00000;0.00000;0.00000;0.00000;0.00000;0.00000;0.00000;0.00000;0.00000;0.00000;0.00000;0.00000;0.00000;0.00000;0.00000;0.00000;0.00000;0.00000;0.00000;0.00000;0.00000;0.00000;0.00000;0.00000;0.00000;0.00000;0.00000;0.00000;0.00000;0.00000;0.00000;0.00000;0.00000;0.00000;0.00000;0.00000;0.00000;0.00000;0.00000;0.00000;0.00000;0.00000;0.00000;0.00000;0.00000;0.00000;0.00000;0.00000;0.00000;0.00000;0.00000;0.00000;0.00000;0.00000;0.00000;0.00000;0.00000;0.00000;0.00000;0.00000;0.00000;0.00000;0.00000;0.00000;0.00000;0.00000;0.00000;0.00000;0.00000;0.00000;0.00000;0.00000;0.00000;0.00000;0.00000;0.00000;0.00000;0.00000;0.00000;0.00000;0.00000;0.00000;0.00000;0.00000;0.00000;0.00000;0.00000;0.00000;0.00000;0.00000;0.00000;0.00000;0.00000;0.00000;0.00000;0.00000;0.00000;0.00000;0.00000;0.00000;0.00000;0.00000;0.00000;0.00000;0.00000;0.00000;0.00000;0.00000;0.00000;0.00000;0.00000;0.00000;0.00000;0.00000;0.00000;0.00000;0.00000;0.00000;0.00000;0.00000;0.00000;0.00000;0.00000;0.00000;0.00000;0.00000;0.00000;0.00000;0.00000;0.00000;0.00000;0.00000;0.00000;0.00000;0.00000;0.00000;0.00000;0.00000;0.00000;0.00000;0.00000;0.00000;0.00000;0.00000;0.00000;0.00000;0.00000;0.00000;0.00000;0.00000;0.00000;0.00000;0.00000;0.00000;0.00000;0.00000;0.00000;0.00000;0.00000;0.00000;0.00000;0.00000;0.00000;0.00000;0.00000;0.00000;0.00000;0.00000;0.00000;0.00000;0.00000;0.00000;0.00000;0.00000;0.00000;0.00000;0.00000;0.00000;0.00000;0.00000;0.00000;0.00000;0.00000;0.00000;0.00000;0.00000;0.00000;0.00000;0.00000;0.00000;0.00000;0.00000;0.00000;0.00000;0.00000;0.00000;0.00000;0.00000;0.00000;0.00000;0.00000;0.00000;0.00000;0.00000;0.00000;0.00000;0.00000;0.00000;0.00000;0.00000;0.00000;0.00000;0.00000;0.00000;0.00000;0.00000;0.00000;0.00000;0.00000;0.00000;0.00000;0.00000;0.00000;0.00000;0.00000;0.00000;0.00000;0.00000;0.00000;0.00000;0.00000;0.00000;0.00000;0.00000;0.00000;0.00000;0.00000;0.00000;0.00000;0.00000;0.00000;0.00000;0.00000;0.00000;0.00000;0.00000;0.00000;0.00000;0.00000;0.00000;0.00000;0.00000;0.00000;0.00000;0.00000;0.00000;0.00000;0.00000;0.00000;0.00000;0.00000;0.00000;0.00000;0.00000;0.00000;0.00000;0.00000;0.00000;0.00000;0.00000;0.00000;0.00000;0.00000;0.00000;0.00000;0.00000;0.00000;0.00000;0.00000;0.00000;0.00014;0.00000;0.00000;0.00000;0.00000;0.00000;0.00571;0.00000;0.00000;0.00000;0.00000;0.00000;0.00000;0.00000;0.00000;0.00000;0.00000;0.00000;0.00004;0.00000;0.00000;0.00000;0.00000;0.00000;0.00000;0.00000;0.00117;0.00000;0.00000;0.00000;0.00000;0.00000;0.00000;0.00000;0.00000;0.00000;0.00000;0.00000;0.00000;0.00000;0.00000;0.00000;0.00000;0.00000;0.00000;0.00000;0.00000;0.00000;0.00000;0.00000;0.00000;0.00000;0.00000;0.00000;0.00000;0.00000;0.00000;0.00000;0.00000;0.00000;0.00000;0.00000;0.00000;0.00000;0.00000;0.00000;0.00000;0.00000;0.00000;0.00000;0.00000;0.00000;0.00000;0.00000;0.00000;0.00000;0.00000;0.00000;0.00000;0.00000;0.00000;0.00000;0.00000;0.00000;0.00000;0.00000;0.00000;0.00000;0.00000;0.00000;0.00000;0.00000;0.00000;0.00000;0.00000;0.00000;0.00000;0.00000;0.00000;0.00000;0.00000;0.00000;0.00000;0.00000;0.00000;0.00000;0.00000;0.00000;0.00000;0.00000;0.00000;0.00000;0.00000;0.00000;0.00000;0.00000;0.00000;0.00000;0.00000;0.00000;0.00000;0.00000;0.00000;0.00000;0.00000;0.00000;0.00000;0.00000;0.00000;0.00000;0.00000;0.00000;0.00000;0.00000;0.00000;0.00000;0.00000;0.00000;0.00000;0.00000
2020-02-21 00:00;0.00000;0.00000;0.00000;0.00000;0.00000;0.00000;0.00000;0.00000;0.00000;0.00000;0.00000;0.00000;0.00000;0.00000;0.00000;0.00000;0.00000;0.00000;0.00000;0.00000;0.00000;0.00000;0.00000;0.00000;0.00000;0.00000;0.00000;0.00000;0.00000;0.00000;0.00000;0.00000;0.00000;0.00000;0.00000;0.00000;0.00000;0.00000;0.00000;0.00000;0.00000;0.00000;0.00000;0.00000;0.00000;0.00000;0.00000;0.00000;0.00000;0.00000;0.00000;0.00000;0.00000;0.00000;0.00000;0.00000;0.00000;0.00000;0.00000;0.00000;0.00000;0.00000;0.00000;0.00000;0.00000;0.00000;0.00000;0.00000;0.00000;0.00000;0.00000;0.00000;0.00000;0.00000;0.00000;0.00000;0.00000;0.00000;0.00000;0.00000;0.00000;0.00000;0.00000;0.00000;0.00000;0.00000;0.00000;0.00000;0.00000;0.00000;0.00000;0.00000;0.00000;0.00000;0.00000;0.00000;0.00000;0.00000;0.00000;0.00000;0.00000;0.00000;0.00000;0.00000;0.00000;0.00000;0.00000;0.00000;0.00000;0.00000;0.00000;0.00000;0.00000;0.00000;0.00000;0.00000;0.00000;0.00000;0.00000;0.00000;0.00000;0.00000;0.00000;0.00000;0.00000;0.00000;0.00000;0.00000;0.00000;0.00000;0.00000;0.00000;0.00000;0.00000;0.00000;0.00000;0.00000;0.00000;0.00000;0.00000;0.00000;0.00000;0.00000;0.00000;0.00000;0.00000;0.00000;0.00000;0.00000;0.00000;0.00000;0.00000;0.00000;0.00000;0.00000;0.00000;0.00000;0.00000;0.00000;0.00000;0.00000;0.00000;0.00000;0.00000;0.00000;0.00000;0.00000;0.00000;0.00000;0.00000;0.00000;0.00000;0.00000;0.00000;0.00000;0.00000;0.00000;0.00000;0.00000;0.00000;0.00000;0.00000;0.00000;0.00000;0.00000;0.00000;0.00000;0.00000;0.00000;0.00000;0.00000;0.00000;0.00000;0.00000;0.00000;0.00000;0.00000;0.00000;0.00000;0.00000;0.00000;0.00000;0.00000;0.00000;0.00000;0.00000;0.00000;0.00000;0.00000;0.00000;0.00000;0.00000;0.00000;0.00000;0.00000;0.00000;0.00000;0.00000;0.00000;0.00000;0.00000;0.00000;0.00000;0.00000;0.00000;0.00000;0.00000;0.00000;0.00000;0.00000;0.00000;0.00000;0.00000;0.00000;0.00000;0.00000;0.00000;0.00000;0.00000;0.00000;0.00000;0.00000;0.00000;0.00000;0.00000;0.00000;0.00000;0.00000;0.00000;0.00000;0.00000;0.00000;0.00000;0.00000;0.00000;0.00000;0.00000;0.00000;0.00000;0.00000;0.00000;0.00000;0.00000;0.00000;0.00000;0.00000;0.00000;0.00000;0.00000;0.00000;0.00000;0.00000;0.00000;0.00000;0.00000;0.00000;0.00000;0.00000;0.00000;0.00000;0.00000;0.00000;0.00000;0.00000;0.00000;0.00000;0.00000;0.00000;0.00000;0.00000;0.00000;0.00000;0.00000;0.00000;0.00000;0.00000;0.00000;0.00000;0.00000;0.00000;0.00000;0.00000;0.00000;0.00000;0.00000;0.00000;0.00000;0.00000;0.00000;0.00000;0.00000;0.00000;0.00000;0.00000;0.00000;0.00000;0.00000;0.00000;0.00000;0.00000;0.00000;0.00000;0.00000;0.00000;0.00000;0.00000;0.00000;0.00000;0.00000;0.00000;0.00000;0.00000;0.00000;0.00000;0.00000;0.00000;0.00000;0.00000;0.00000;0.00000;0.00000;0.00000;0.00000;0.00000;0.00000;0.00000;0.00000;0.00000;0.00000;0.00000;0.00000;0.00000;0.00000;0.00000;0.00000;0.00012;0.00000;0.00000;0.00000;0.00000;0.00000;0.00026;0.00000;0.00000;0.00000;0.00000;0.00000;0.00000;0.00000;0.00000;0.00000;0.00000;0.00000;0.00003;0.00000;0.00000;0.00000;0.00000;0.00000;0.00000;0.00000;0.00108;0.00000;0.00000;0.00000;0.00000;0.00000;0.00000;0.00000;0.00000;0.00000;0.00000;0.00000;0.00000;0.00000;0.00000;0.00000;0.00000;0.00000;0.00000;0.00000;0.00000;0.00000;0.00000;0.00000;0.00000;0.00000;0.00000;0.00000;0.00000;0.00000;0.00000;0.00000;0.00000;0.00000;0.00000;0.00000;0.00000;0.00000;0.00000;0.00000;0.00000;0.00000;0.00000;0.00000;0.00000;0.00000;0.00000;0.00000;0.00000;0.00000;0.00000;0.00000;0.00000;0.00000;0.00000;0.00000;0.00000;0.00000;0.00000;0.00000;0.00000;0.00000;0.00000;0.00000;0.00000;0.00000;0.00000;0.00000;0.00000;0.00000;0.00000;0.00000;0.00000;0.00000;0.00000;0.00000;0.00000;0.00000;0.00000;0.00000;0.00000;0.00000;0.00000;0.00000;0.00000;0.00000;0.00000;0.00000;0.00000;0.00000;0.00000;0.00000;0.00000;0.00000;0.00000;0.00000;0.00000;0.00000;0.00000;0.00000;0.00000;0.00000;0.00000;0.00000;0.00000;0.00000;0.00000;0.00000;0.00000;0.00000;0.00000;0.00000;0.00000;0.00000
2020-02-22 00:00;0.00000;0.00000;0.00000;0.00000;0.00000;0.00000;0.00000;0.00000;0.00000;0.00000;0.00000;0.00000;0.00000;0.00000;0.00000;0.00000;0.00000;0.00000;0.00000;0.00000;0.00000;0.00000;0.00000;0.00000;0.00000;0.00000;0.00000;0.00000;0.00000;0.00000;0.00000;0.00000;0.00000;0.00000;0.00000;0.00000;0.00000;0.00000;0.00000;0.00000;0.00000;0.00000;0.00000;0.00000;0.00000;0.00000;0.00000;0.00000;0.00000;0.00000;0.00000;0.00000;0.00000;0.00000;0.00000;0.00000;0.00000;0.00000;0.00000;0.00000;0.00000;0.00000;0.00000;0.00000;0.00000;0.00000;0.00000;0.00000;0.00000;0.00000;0.00000;0.00000;0.00000;0.00000;0.00000;0.00000;0.00000;0.00000;0.00000;0.00000;0.00000;0.00000;0.00000;0.00000;0.00000;0.00000;0.00000;0.00000;0.00000;0.00000;0.00000;0.00000;0.00000;0.00000;0.00000;0.00000;0.00000;0.00000;0.00000;0.00000;0.00000;0.00000;0.00000;0.00000;0.00000;0.00000;0.00000;0.00000;0.00000;0.00000;0.00000;0.00000;0.00000;0.00000;0.00000;0.00000;0.00000;0.00000;0.00000;0.00000;0.00000;0.00000;0.00000;0.00000;0.00000;0.00000;0.00000;0.00000;0.00000;0.00000;0.00000;0.00000;0.00000;0.00000;0.00000;0.00000;0.00000;0.00000;0.00000;0.00000;0.00000;0.00000;0.00000;0.00000;0.00000;0.00000;0.00000;0.00000;0.00000;0.00000;0.00000;0.00000;0.00000;0.00000;0.00000;0.00000;0.00000;0.00000;0.00000;0.00000;0.00000;0.00000;0.00000;0.00000;0.00000;0.00000;0.00000;0.00000;0.00000;0.00000;0.00000;0.00000;0.00000;0.00000;0.00000;0.00000;0.00000;0.00000;0.00000;0.00000;0.00000;0.00000;0.00000;0.00000;0.00000;0.00000;0.00000;0.00000;0.00000;0.00000;0.00000;0.00000;0.00000;0.00000;0.00000;0.00000;0.00000;0.00000;0.00000;0.00000;0.00000;0.00000;0.00000;0.00000;0.00000;0.00000;0.00000;0.00000;0.00000;0.00000;0.00000;0.00000;0.00000;0.00000;0.00000;0.00000;0.00000;0.00000;0.00000;0.00000;0.00000;0.00000;0.00000;0.00000;0.00000;0.00000;0.00000;0.00000;0.00000;0.00000;0.00000;0.00000;0.00000;0.00000;0.00000;0.00000;0.00000;0.00000;0.00000;0.00000;0.00000;0.00000;0.00000;0.00000;0.00000;0.00000;0.00000;0.00000;0.00000;0.00000;0.00000;0.00000;0.00000;0.00000;0.00000;0.00000;0.00000;0.00000;0.00000;0.00000;0.00000;0.00000;0.00000;0.00000;0.00000;0.00000;0.00000;0.00000;0.00000;0.00000;0.00000;0.00000;0.00000;0.00000;0.00000;0.00000;0.00000;0.00000;0.00000;0.00000;0.00000;0.00000;0.00000;0.00000;0.00000;0.00000;0.00000;0.00000;0.00000;0.00000;0.00000;0.00000;0.00000;0.00000;0.00000;0.00000;0.00000;0.00000;0.00000;0.00000;0.00000;0.00000;0.00000;0.00000;0.00000;0.00000;0.00000;0.00000;0.00000;0.00000;0.00000;0.00000;0.00000;0.00000;0.00000;0.00000;0.00000;0.00000;0.00000;0.00000;0.00000;0.00000;0.00000;0.00000;0.00000;0.00000;0.00000;0.00000;0.00000;0.00000;0.00000;0.00000;0.00000;0.00000;0.00000;0.00000;0.00000;0.00000;0.00000;0.00000;0.00000;0.00000;0.00000;0.00000;0.00000;0.00000;0.00000;0.00000;0.00000;0.00000;0.00000;0.00000;0.00000;0.00000;0.00000;0.00013;0.00000;0.00000;0.00000;0.00000;0.00000;0.00507;0.00000;0.00000;0.00000;0.00000;0.00000;0.00000;0.00000;0.00000;0.00000;0.00000;0.00000;0.00004;0.00000;0.00000;0.00000;0.00000;0.00000;0.00000;0.00000;0.00110;0.00000;0.00000;0.00000;0.00000;0.00000;0.00000;0.00000;0.00000;0.00000;0.00000;0.00000;0.00000;0.00000;0.00000;0.00000;0.00000;0.00000;0.00000;0.00000;0.00000;0.00000;0.00000;0.00000;0.00000;0.00000;0.00000;0.00000;0.00000;0.00000;0.00000;0.00000;0.00000;0.00000;0.00000;0.00000;0.00000;0.00000;0.00000;0.00000;0.00000;0.00000;0.00000;0.00000;0.00000;0.00000;0.00000;0.00000;0.00000;0.00000;0.00000;0.00000;0.00000;0.00000;0.00000;0.00000;0.00000;0.00000;0.00000;0.00000;0.00000;0.00000;0.00000;0.00000;0.00000;0.00000;0.00000;0.00000;0.00000;0.00000;0.00000;0.00000;0.00000;0.00000;0.00000;0.00000;0.00000;0.00000;0.00000;0.00000;0.00000;0.00000;0.00000;0.00000;0.00000;0.00000;0.00000;0.00000;0.00000;0.00000;0.00000;0.00000;0.00000;0.00000;0.00000;0.00000;0.00000;0.00000;0.00000;0.00000;0.00000;0.00000;0.00000;0.00000;0.00000;0.00000;0.00000;0.00000;0.00000;0.00000;0.00000;0.00000;0.00000;0.00000
2020-02-23 00:00;0.00000;0.00000;0.00000;0.00000;0.00000;0.00000;0.00000;0.00000;0.00000;0.00000;0.00000;0.00000;0.00000;0.00000;0.00000;0.00000;0.00000;0.00000;0.00000;0.00000;0.00000;0.00000;0.00000;0.00000;0.00000;0.00000;0.00000;0.00000;0.00000;0.00000;0.00000;0.00000;0.00000;0.00000;0.00000;0.00000;0.00000;0.00000;0.00000;0.00000;0.00000;0.00000;0.00000;0.00000;0.00000;0.00000;0.00000;0.00000;0.00000;0.00000;0.00000;0.00000;0.00000;0.00000;0.00000;0.00000;0.00000;0.00000;0.00000;0.00000;0.00000;0.00000;0.00000;0.00000;0.00000;0.00000;0.00000;0.00000;0.00000;0.00000;0.00000;0.00000;0.00000;0.00000;0.00000;0.00000;0.00000;0.00000;0.00000;0.00000;0.00000;0.00000;0.00000;0.00000;0.00000;0.00000;0.00000;0.00000;0.00000;0.00000;0.00000;0.00000;0.00000;0.00000;0.00000;0.00000;0.00000;0.00000;0.00000;0.00000;0.02333;0.00000;0.00000;0.00000;0.00000;0.00000;0.00000;0.02149;0.00000;0.00000;0.00000;0.00000;0.00000;0.00000;0.00012;0.00594;0.00080;0.00034;0.00104;0.00201;0.00024;0.00052;0.00000;0.00315;0.00195;0.00056;0.00004;0.00000;0.00034;0.00090;0.00308;0.00511;0.00004;0.00008;0.00031;0.00057;0.00106;0.00156;0.00228;0.00121;0.00066;0.00005;0.00063;0.00515;0.00170;0.00424;0.00278;0.00502;0.00004;0.00087;0.00361;0.00573;0.00823;0.00279;0.00349;0.00310;0.00014;0.01854;0.00100;0.00040;0.00158;0.00017;0.00654;0.01263;0.01360;0.00288;0.00247;0.00013;0.00004;0.00969;0.00610;0.00000;0.00674;0.00000;0.00000;0.00638;0.00000;0.00225;0.01233;0.00125;0.00120;0.00727;0.00000;0.02361;0.01526;0.00364;0.00074;0.00374;0.00186;0.00747;0.01395;0.01046;0.00337;0.00664;0.00000;0.00000;0.00484;0.00680;0.00023;0.00142;0.00000;0.00048;0.00798;0.00025;0.00062;0.00177;0.04290;0.00193;0.00165;0.00000;0.00000;0.00000;0.00000;0.00700;0.00085;0.02512;0.00418;0.00507;0.00019;0.00935;0.00165;0.00056;0.00000;0.01784;0.00639;0.00945;0.00284;0.00712;0.00029;0.00115;0.00339;0.00379;0.00105;0.00456;0.00000;0.00037;0.00000;0.00066;0.00008;0.00062;0.00000;0.00012;0.00082;0.00026;0.00293;0.00008;0.00060;0.00024;0.00000;0.00023;0.00295;0.00090;0.00037;0.00000;0.00121;0.00000;0.00061;0.00052;0.00044;0.00000;0.00000;0.00000;0.00000;0.00000;0.00037;0.00000;0.00000;0.00109;0.00000;0.00025;0.00000;0.00087;0.00000;0.00101;0.00518;0.00601;0.00495;0.00414;0.00000;0.00277;0.00227;0.00125;0.00000;0.00000;0.00000;0.00000;0.00000;0.00000;0.00000;0.00544;0.00137;0.00202;0.00076;0.00083;0.00000;0.00033;0.00031;0.00000;0.00000;0.00000;0.00104;0.00000;0.00128;0.00000;0.00155;0.00329;0.00348;0.00000;0.00095;0.00006;0.00137;0.00406;0.00459;0.00074;0.00107;0.00173;0.00000;0.00000;0.00037;0.00000;0.00000;0.00000;0.00075;0.00217;0.00007;0.00000;0.00051;0.00000;0.00665;0.00000;0.00135;0.00008;0.00000;0.00000;0.00000;0.00000;0.00000;0.00000;0.00000;0.00037;0.00000;0.00012;0.00019;0.00007;0.00026;0.00076;0.00084;0.00056;0.00133;0.00050;0.01924;0.06976;0.00000;0.03903;0.03612;0.02885;0.02098;0.00076;0.01743;0.00085;0.03171;0.00106;0.00000;0.00000;0.00000;0.00000;0.00101;0.00001;0.00000;0.00000;0.00044;0.00444;0.00000;0.00713;0.00000;0.00147;0.00000;0.00094;0.00087;0.00133;0.00108;0.39108;0.00000;0.01994;0.00000;0.00000;0.00018;0.00102;0.00095;0.00000;0.00075;0.00003;0.00078;0.00131;0.00004;0.00000;0.01236;0.00185;0.00147;0.00563;0.01244;0.00000;0.02513;0.00890;0.00014;0.00000;0.00003;0.02403;0.00297;0.00891;0.00000;0.00673;0.00236;0.00105;0.00016;0.00900;0.00083;0.00385;0.00514;0.00000;0.00301;0.00171;0.00086;0.00044;0.00070;0.00025;0.00492;0.00000;0.00215;0.00056;0.00059;0.00078;0.01628;0.00126;0.00128;0.00008;0.00000;0.02143;0.00026;0.00059;0.00032;0.00222;0.00081;0.00063;0.00023;0.00017;0.00000;0.00077;0.00025;0.00000;0.01278;0.00045;0.00281;0.00135;0.00797;0.00608;0.00000;0.00000;0.00000;0.00000;0.00000;0.01866;0.00000;0.00000;0.00000;0.00000;0.00000;0.00000;0.00000;0.00000;0.00000;0.00000;0.00036;0.02846;0.00000;0.00000;0.00000;0.00000;0.00000;0.00731;0.00000;0.00000;0.00000;0.00000;0.00000;0.00000;0.00000;0.00000;0.00000;0.00000;0.00000;0.00000;0.00000;0.00000;0.00000
2020-02-24 00:00;0.12694;0.05074;0.00010;0.01685;0.00159;0.00036;0.00021;0.00561;0.00020;0.00019;0.00446;0.04795;0.08475;0.00034;0.00009;0.00009;0.05059;0.01233;0.00269;0.00018;0.00000;0.00065;0.00260;0.00000;0.00009;0.00452;0.00076;0.00257;0.00009;0.00035;0.00000;0.00047;0.00915;0.00009;0.00017;0.00000;0.00009;0.00326;0.00235;0.00025;0.00101;0.00000;0.00357;0.00509;0.00601;0.00235;0.00010;0.00019;0.00092;0.00129;0.00192;0.00020;0.00019;0.00053;0.00029;0.00000;0.00000;0.00071;0.00000;0.00153;0.00342;0.00000;0.00650;0.00117;0.00248;0.00084;0.02935;0.02598;0.00010;0.01236;0.00674;0.02334;0.00138;0.00038;0.00210;0.00027;0.00379;0.00000;0.00009;0.00000;0.00163;0.00052;0.00009;0.00148;0.00000;0.00019;0.00461;0.01942;0.00000;0.00124;0.00000;0.00374;0.00792;0.01251;0.00000;0.00172;0.00626;0.00320;0.00100;0.04906;2.46777;0.16820;0.00586;0.00596;0.01655;0.00328;0.00461;1.04405;0.02245;0.01376;0.01395;0.01598;0.02775;0.02651;0.08722;0.07368;0.00325;0.00434;0.02472;0.02859;0.02126;0.01079;0.03098;0.02224;0.01816;0.05982;0.01438;0.05222;0.00723;0.00884;0.04404;0.11914;0.00122;0.00077;0.04100;0.04056;0.06713;0.02089;0.03928;0.00885;0.01842;0.00930;0.00865;0.18442;0.03565;0.03207;0.10173;0.07613;0.01584;0.08301;0.49038;0.10394;0.18396;0.04871;0.04696;0.04555;0.03171;0.87808;0.00552;0.00446;0.02053;0.00994;0.40454;0.75235;0.31547;0.14475;0.10315;0.01724;0.02607;0.19959;0.34747;0.00000;0.01962;0.00000;0.00000;0.01382;0.00000;0.00671;0.29498;0.00301;0.00361;0.02362;0.00000;0.07326;0.05212;0.01048;0.00278;0.01100;0.00581;0.02332;0.04333;0.03568;0.01032;0.02161;0.00000;0.00000;0.01484;0.02299;0.00121;0.00529;0.00000;0.00149;0.02599;0.00081;0.00266;0.00554;0.14936;0.00522;0.00565;0.00389;0.01029;0.00000;0.00000;0.04228;0.00251;0.08743;0.01465;0.01562;0.00062;0.03414;0.00541;0.01580;0.00000;0.05499;0.02057;0.02866;0.00869;0.02108;0.00100;0.00347;0.01069;0.01283;0.00342;0.02341;0.00000;0.00160;0.00000;0.00280;0.00086;0.00187;0.00000;0.00038;0.00704;0.00083;0.00938;0.00028;0.00183;0.00081;0.00000;0.00068;0.00846;0.00329;0.00113;0.00000;0.00378;0.00000;0.00162;0.00163;0.00142;0.00000;0.00000;0.00000;0.00000;0.00000;0.00121;0.00000;0.00000;0.00279;0.00000;0.00068;0.00000;0.00273;0.00000;0.00288;0.02121;0.01879;0.01598;0.01388;0.00000;0.01041;0.00791;0.00415;0.00000;0.00000;0.00000;0.00000;0.00000;0.00000;0.00000;0.01438;0.01716;0.00490;0.00228;0.00250;0.00000;0.00106;0.00092;0.00000;0.00000;0.00000;0.00306;0.00000;0.00298;0.00000;0.00375;0.00823;0.01083;0.00000;0.00293;0.00038;0.00419;0.01381;0.01477;0.00222;0.00331;0.00444;0.00000;0.00000;0.00071;0.00000;0.00000;0.00000;0.00247;0.00681;0.00023;0.00000;0.00151;0.00000;0.01966;0.00000;0.00784;0.00026;0.00000;0.00000;0.00000;0.00000;0.00000;0.00000;0.00000;0.00092;0.00000;0.00039;0.00062;0.00024;0.00079;0.00235;0.00273;0.00176;0.00406;0.00097;0.06396;0.22188;0.00000;0.12462;0.11408;0.09758;0.06524;0.00138;0.05461;0.00259;0.10224;0.03089;0.00000;0.00000;0.00000;0.00000;0.01151;0.01874;0.00000;0.00000;0.00137;0.01399;0.00000;0.02596;0.00000;0.00333;0.00000;0.00292;0.00233;0.00416;0.00359;1.27695;0.00000;0.05009;0.00000;0.00000;0.00173;0.00309;0.00283;0.00036;0.00249;0.00013;0.00208;0.00413;0.00013;0.00000;0.05084;0.00604;0.00483;0.01862;0.04223;0.00000;0.07630;0.02762;0.00929;0.00000;0.00012;0.07602;0.00874;0.02670;0.00000;0.02058;0.00688;0.00342;0.00141;0.02987;0.00282;0.01241;0.01710;0.00000;0.01052;0.00527;0.00269;0.00136;0.00178;0.05171;0.37046;0.00842;0.01355;0.00900;0.00897;0.01826;1.34041;0.16557;0.17228;0.00994;0.01066;0.08245;0.02560;0.03230;0.06366;0.05366;0.02806;0.01085;0.09951;0.04015;0.04881;0.04472;0.01625;0.03564;0.63387;0.05388;0.26724;0.08022;0.15518;0.21559;0.04287;0.12785;0.00964;0.00685;0.01095;0.33335;0.04855;0.00087;0.00514;0.05156;0.01358;0.00501;0.00000;0.00603;0.00083;0.02557;0.03227;1.25344;0.00016;0.00026;0.00034;0.00000;0.00019;0.15290;0.00009;0.00279;0.00338;0.00120;0.00464;0.00287;0.00545;0.00144;0.01891;0.00516;0.00457;0.00185;0.00198;0.00000;0.00099
2020-02-25 00:00;0.05906;0.02921;0.00002;0.01025;0.00043;0.00010;0.00005;0.00261;0.00005;0.00005;0.00303;0.02110;0.06397;0.00010;0.00003;0.00002;0.03080;0.00481;0.00114;0.00006;0.00000;0.00023;0.00098;0.00000;0.00003;0.00484;0.00025;0.00087;0.00003;0.00013;0.00000;0.00016;0.00519;0.00003;0.00007;0.00000;0.00002;0.00152;0.00075;0.00011;0.00055;0.00000;0.00124;0.00179;0.00207;0.00078;0.00003;0.00005;0.00070;0.00046;0.00067;0.00005;0.00005;0.00020;0.00008;0.00000;0.00000;0.00035;0.00000;0.00053;0.00119;0.00000;0.00227;0.00087;0.00094;0.00028;0.01282;0.00997;0.00003;0.00963;0.00238;0.00950;0.00046;0.00010;0.00150;0.00010;0.00129;0.00000;0.00003;0.00000;0.00059;0.00018;0.00003;0.00094;0.00000;0.00005;0.00239;0.00912;0.00000;0.00041;0.00000;0.00128;0.00412;0.00675;0.00000;0.00058;0.00336;0.00115;0.00069;0.04776;5.41633;0.20699;0.00480;0.00366;0.01050;0.00225;0.00350;1.46763;0.01512;0.00738;0.00820;0.01089;0.01441;0.01477;0.04390;0.03492;0.00184;0.00265;0.01492;0.01875;0.01583;0.00633;0.02702;0.01318;0.01099;0.04356;0.00866;0.04388;0.00411;0.00549;0.02671;0.09302;0.00073;0.00048;0.02780;0.02586;0.05055;0.01247;0.02662;0.00491;0.01283;0.00555;0.00486;0.14886;0.02140;0.01929;0.07683;0.05115;0.00986;0.06232;0.50945;0.06508;0.14064;0.03067;0.03279;0.03192;0.02160;1.07782;0.00318;0.00260;0.01283;0.00763;0.46935;0.98330;0.24692;0.11316;0.07550;0.01115;0.01631;0.15982;0.31990;0.00000;0.01614;0.00000;0.00000;0.02736;0.00000;0.02332;0.23325;0.00678;0.00318;0.01719;0.00000;0.05404;0.03646;0.00661;0.00180;0.00899;0.00417;0.02153;0.04044;0.02704;0.00799;0.01819;0.00000;0.00002;0.01304;0.01711;0.00104;0.00361;0.00000;0.00085;0.02779;0.00048;0.00219;0.00362;0.15838;0.01434;0.02328;0.00506;0.02487;0.01203;0.00275;0.18357;0.02360;0.19223;0.02277;0.06250;0.00047;0.04616;0.00397;0.02698;0.00000;0.04411;0.01531;0.02188;0.00594;0.01381;0.00076;0.00221;0.00785;0.01114;0.00239;0.04603;0.00000;0.00527;0.00010;0.00246;0.00438;0.00187;0.00322;0.00025;0.00801;0.00229;0.03112;0.01764;0.00287;0.00047;0.00000;0.00101;0.00772;0.00285;0.00252;0.00000;0.00583;0.00000;0.00502;0.00192;0.00095;0.00035;0.00023;0.00024;0.00000;0.00000;0.00281;0.00007;0.00000;0.00415;0.00038;0.00119;0.00000;0.00157;0.00000;0.00260;0.05493;0.01394;0.04749;0.09790;0.00767;0.11194;0.00656;0.01403;0.00066;0.00079;0.00800;0.00851;0.00000;0.00000;0.00064;0.02647;0.01882;0.01217;0.00161;0.00248;0.00000;0.00294;0.00058;0.00001;0.00000;0.00000;0.00221;0.00000;0.00258;0.00000;0.00305;0.00718;0.00684;0.00000;0.00204;0.00028;0.00460;0.01274;0.01070;0.00483;0.00327;0.00477;0.00000;0.00000;0.00063;0.00000;0.00000;0.00000;0.00165;0.00559;0.00015;0.00000;0.00126;0.00000;0.02235;0.00000;0.01586;0.00016;0.00000;0.00000;0.00000;0.00000;0.00000;0.00000;0.00000;0.00059;0.00000;0.00023;0.00036;0.00016;0.00046;0.00198;0.00496;0.00119;0.00473;0.00078;0.06839;0.25077;0.00000;0.10376;0.08200;0.05060;0.04492;0.00124;0.03427;0.00176;0.13556;0.06315;0.00009;0.00018;0.00024;0.00066;0.01832;0.02584;0.00010;0.00000;0.00178;0.03207;0.00657;0.01365;0.00000;0.00357;0.00000;0.00317;0.00234;0.00283;0.00257;0.65343;0.00000;0.05581;0.00000;0.00000;0.00174;0.00206;0.00184;0.00030;0.00175;0.00009;0.00191;0.00737;0.00007;0.00000;0.14823;0.00421;0.00333;0.01463;0.45598;0.00000;0.05674;0.02239;0.01466;0.00000;0.00008;0.08019;0.00593;0.02061;0.00000;0.01553;0.00481;0.00238;0.00151;0.03026;0.00189;0.00860;0.04316;0.00000;0.00892;0.00461;0.00190;0.00078;0.00187;0.03671;0.36645;0.00539;0.00784;0.00556;0.00552;0.01250;1.70492;0.13284;0.15961;0.00644;0.00740;0.13319;0.01824;0.02201;0.05045;0.03611;0.01749;0.00720;0.07515;0.02411;0.04152;0.03265;0.00992;0.02931;0.96897;0.03612;0.27490;0.05303;0.10865;0.20892;0.03437;0.08093;0.00762;0.00433;0.00831;0.31124;0.04374;0.00070;0.00215;0.04510;0.00938;0.00259;0.00000;0.00366;0.00037;0.01461;0.02262;2.18349;0.00008;0.00010;0.00013;0.00000;0.00005;0.18744;0.00003;0.00114;0.00320;0.00046;0.00168;0.00965;0.00205;0.00049;0.01062;0.00388;0.00297;0.00183;0.00094;0.00000;0.00039
2020-02-26 00:00;0.00876;0.00592;0.00000;0.00198;0.00003;0.00001;0.00000;0.00039;0.00000;0.00000;0.00063;0.00299;0.01284;0.00001;0.00000;0.00000;0.00573;0.00057;0.00016;0.00001;0.00000;0.00003;0.00011;0.00000;0.00000;0.00152;0.00002;0.00008;0.00000;0.00001;0.00000;0.00002;0.00087;0.00000;0.00001;0.00000;0.00000;0.00023;0.00006;0.00001;0.00009;0.00000;0.00014;0.00017;0.00023;0.00006;0.00000;0.00000;0.00015;0.00005;0.00007;0.00000;0.00000;0.00002;0.00001;0.00000;0.00000;0.00006;0.00000;0.00006;0.00012;0.00000;0.00026;0.00017;0.00012;0.00003;0.00185;0.00123;0.00000;0.00203;0.00027;0.00126;0.00005;0.00001;0.00029;0.00001;0.00013;0.00000;0.00000;0.00000;0.00007;0.00001;0.00000;0.00017;0.00000;0.00000;0.00039;0.00136;0.00000;0.00004;0.00000;0.00012;0.00068;0.00108;0.00000;0.00005;0.00057;0.00009;0.00014;0.01006;2.91080;0.07533;0.00035;0.00027;0.00114;0.00019;0.00035;0.60483;0.00202;0.00051;0.00091;0.00103;0.00173;0.00134;0.00600;0.00357;0.00037;0.00046;0.00286;0.00386;0.00392;0.00117;0.00775;0.00273;0.00205;0.01057;0.00142;0.01225;0.00069;0.00091;0.00527;0.02461;0.00013;0.00004;0.00604;0.00526;0.01280;0.00247;0.00557;0.00088;0.00288;0.00082;0.00056;0.04054;0.00392;0.00334;0.01935;0.01103;0.00172;0.01533;0.16433;0.01335;0.03374;0.00594;0.00643;0.00759;0.00405;0.45780;0.00061;0.00026;0.00268;0.00109;0.19055;0.43800;0.06086;0.02956;0.01694;0.00223;0.00320;0.04454;0.08850;0.00000;0.00530;0.00000;0.00000;0.01234;0.00000;0.01227;0.06546;0.00266;0.00111;0.00501;0.00000;0.01651;0.00976;0.00158;0.00040;0.00230;0.00153;0.00796;0.01559;0.00779;0.00243;0.00589;0.00000;0.00001;0.00447;0.00478;0.00031;0.00088;0.00000;0.00018;0.01271;0.00010;0.00063;0.00090;0.06153;0.00442;0.00614;0.00099;0.00711;0.00408;0.00382;0.06604;0.00862;0.07670;0.01045;0.03706;0.00014;0.02694;0.00097;0.00722;0.00000;0.01511;0.00473;0.00658;0.00156;0.00350;0.00021;0.00054;0.00293;0.00301;0.00065;0.02731;0.00002;0.00624;0.00015;0.00120;0.00490;0.00043;0.00281;0.00007;0.00302;0.00355;0.01578;0.01259;0.00055;0.00010;0.00000;0.00036;0.00311;0.00093;0.00180;0.00000;0.00675;0.00000;0.00405;0.00071;0.00034;0.00019;0.00023;0.00023;0.00001;0.00000;0.00090;0.00004;0.00000;0.00256;0.00020;0.00104;0.00000;0.00033;0.00036;0.00090;0.02262;0.00404;0.00967;0.06074;0.01748;0.04739;0.00285;0.00483;0.00041;0.00038;0.00774;0.00917;0.00000;0.00000;0.00203;0.02003;0.00939;0.01030;0.00045;0.00118;0.00000;0.00080;0.00019;0.00000;0.00000;0.00000;0.00064;0.00000;0.00085;0.00000;0.00126;0.00355;0.00173;0.00000;0.00080;0.00007;0.00186;0.00452;0.00303;0.00082;0.00090;0.00202;0.00000;0.00000;0.00018;0.00000;0.00000;0.00000;0.00041;0.00180;0.00003;0.00000;0.00038;0.00000;0.00523;0.00000;0.00645;0.00004;0.00000;0.00000;0.00000;0.00000;0.00000;0.00000;0.00000;0.00014;0.00000;0.00005;0.00007;0.00004;0.00011;0.00051;0.00117;0.00045;0.00184;0.00025;0.04159;0.06371;0.00000;0.02641;0.01936;0.00800;0.01037;0.00047;0.00796;0.00134;0.03255;0.06035;0.00015;0.00037;0.00048;0.00135;0.01532;0.01233;0.00020;0.00000;0.00065;0.00953;0.00141;0.00263;0.00025;0.00133;0.00000;0.00093;0.00095;0.00076;0.00073;0.09233;0.00000;0.02533;0.00000;0.00000;0.00058;0.00058;0.00045;0.00028;0.00048;0.00003;0.00106;0.00390;0.00001;0.00000;0.03807;0.00124;0.00090;0.03123;0.27484;0.00009;0.01571;0.00732;0.00720;0.00000;0.00002;0.03584;0.00157;0.00621;0.00000;0.00461;0.00130;0.00065;0.00056;0.01209;0.00049;0.00310;0.03260;0.00000;0.00332;0.00161;0.00052;0.00016;0.00075;0.00845;0.11475;0.00109;0.00150;0.00058;0.00112;0.00275;0.70466;0.03427;0.04759;0.00122;0.00114;0.09309;0.00428;0.00493;0.01343;0.00820;0.00347;0.00168;0.01925;0.00464;0.01170;0.00797;0.00184;0.00805;0.45794;0.00748;0.08962;0.00942;0.02658;0.06501;0.00567;0.01342;0.00126;0.00039;0.00081;0.08192;0.00955;0.00000;0.00027;0.00933;0.00087;0.00035;0.00000;0.00066;0.00006;0.00256;0.00463;1.03871;0.00001;0.00001;0.00002;0.00000;0.00000;0.07159;0.00000;0.00015;0.00086;0.00006;0.00020;0.00559;0.00026;0.00005;0.00192;0.00089;0.00056;0.00054;0.00015;0.00000;0.00005
2020-02-27 00:00;0.02064;0.01282;0.00001;0.00334;0.00026;0.00006;0.00003;0.00102;0.00003;0.00003;0.00099;0.00849;0.01550;0.00006;0.00002;0.00002;0.00942;0.00223;0.00047;0.00003;0.00000;0.00010;0.00047;0.00000;0.00002;0.00189;0.00012;0.00048;0.00002;0.00006;0.00000;0.00008;0.00158;0.00002;0.00003;0.00000;0.00001;0.00056;0.00043;0.00004;0.00017;0.00000;0.00061;0.00085;0.00097;0.00044;0.00002;0.00003;0.00015;0.00023;0.00035;0.00003;0.00003;0.00009;0.00005;0.00000;0.00000;0.00012;0.00000;0.00026;0.00068;0.00000;0.00112;0.00021;0.00044;0.00016;0.00501;0.00483;0.00002;0.00244;0.00113;0.00421;0.00023;0.00007;0.00037;0.00005;0.00073;0.00000;0.00002;0.00000;0.00027;0.00012;0.00002;0.00026;0.00000;0.00003;0.00080;0.00345;0.00000;0.00022;0.00000;0.00063;0.00137;0.00220;0.00000;0.00028;0.00111;0.00049;0.00016;0.02033;0.90266;0.06040;0.00240;0.00162;0.00483;0.00098;0.00161;0.16696;0.00615;0.00356;0.00342;0.00515;0.00608;0.00687;0.01081;0.00763;0.00016;0.00019;0.00090;0.00131;0.00103;0.00043;0.00180;0.00100;0.00083;0.00284;0.00051;0.00293;0.00024;0.00041;0.00177;0.00637;0.00005;0.00002;0.00174;0.00160;0.00337;0.00080;0.00185;0.00032;0.00085;0.00023;0.00028;0.00999;0.00115;0.00148;0.00487;0.00358;0.00057;0.00389;0.03362;0.00399;0.00946;0.00174;0.00193;0.00234;0.00100;0.11898;0.00024;0.00014;0.00089;0.00033;0.04671;0.11618;0.01960;0.00715;0.00448;0.00070;0.00102;0.01439;0.01990;0.00000;0.00198;0.00000;0.00000;0.00232;0.00000;0.00632;0.02125;0.00053;0.00029;0.00179;0.00000;0.00551;0.00343;0.00065;0.00013;0.00069;0.00063;0.00238;0.00468;0.00232;0.00070;0.00166;0.00000;0.00001;0.00118;0.00136;0.00008;0.00025;0.00000;0.00008;0.00367;0.00003;0.00020;0.00037;0.02191;0.00189;0.00033;0.00026;0.00092;0.00179;0.00245;0.00263;0.00374;0.00922;0.00348;0.00965;0.00005;0.01005;0.00044;0.00047;0.00000;0.00652;0.00186;0.00203;0.00062;0.00124;0.00005;0.00020;0.00119;0.00127;0.00022;0.01389;0.00002;0.00245;0.00003;0.00065;0.00139;0.00022;0.00130;0.00002;0.00084;0.00103;0.00717;0.00273;0.00024;0.00005;0.00000;0.00008;0.00133;0.00024;0.00114;0.00001;0.00396;0.00000;0.00138;0.00030;0.00021;0.00010;0.00013;0.00014;0.00000;0.00000;0.00010;0.00002;0.00000;0.00108;0.00012;0.00068;0.00001;0.00016;0.00019;0.00039;0.00819;0.00144;0.00095;0.00874;0.01448;0.00714;0.00134;0.00054;0.00018;0.00016;0.00494;0.00541;0.00000;0.00000;0.00185;0.00934;0.00434;0.00300;0.00021;0.00035;0.00000;0.00012;0.00008;0.00002;0.00000;0.00000;0.00023;0.00000;0.00030;0.00000;0.00061;0.00219;0.00074;0.00000;0.00035;0.00002;0.00065;0.00118;0.00102;0.00013;0.00036;0.00059;0.00000;0.00000;0.00004;0.00000;0.00000;0.00000;0.00015;0.00054;0.00001;0.00000;0.00007;0.00000;0.00268;0.00000;0.00253;0.00002;0.00000;0.00000;0.00000;0.00000;0.00000;0.00000;0.00000;0.00005;0.00000;0.00004;0.00003;0.00002;0.00005;0.00022;0.00052;0.00025;0.00041;0.00010;0.01302;0.02555;0.00000;0.00997;0.00826;0.00516;0.00404;0.00026;0.00314;0.00086;0.01302;0.05683;0.00012;0.00030;0.00040;0.00112;0.00520;0.00547;0.00016;0.00000;0.00025;0.00361;0.00110;0.00186;0.00019;0.00051;0.00000;0.00035;0.00040;0.00028;0.00024;0.05508;0.00002;0.00868;0.00000;0.00000;0.00030;0.00020;0.00017;0.00032;0.00018;0.00001;0.00058;0.00122;0.00000;0.00000;0.00244;0.00041;0.00034;0.03170;0.02511;0.00025;0.00558;0.00249;0.00272;0.00000;0.00001;0.01229;0.00054;0.00218;0.00000;0.00149;0.00046;0.00022;0.00023;0.00333;0.00018;0.00123;0.01503;0.00000;0.00152;0.00052;0.00019;0.00007;0.00030;0.00211;0.02430;0.00035;0.00061;0.00036;0.00036;0.00088;0.15726;0.00860;0.01071;0.00038;0.00042;0.04820;0.00123;0.00148;0.00344;0.00248;0.00113;0.00052;0.00510;0.00168;0.00278;0.00227;0.00066;0.00196;0.11052;0.00228;0.02076;0.00582;0.00806;0.01436;0.01321;0.02661;0.00166;0.00195;0.00380;0.02958;0.01428;0.00034;0.00092;0.01545;0.00433;0.00106;0.00000;0.00109;0.00015;0.00512;0.00452;0.24050;0.00003;0.00005;0.00006;0.00000;0.00003;0.03365;0.00002;0.00048;0.00143;0.00021;0.00081;0.00836;0.00096;0.00025;0.00371;0.00135;0.00084;0.00041;0.00036;0.00000;0.00018
2020-02-28 00:00;0.00400;0.00300;0.00000;0.00097;0.00000;0.00000;0.00000;0.00019;0.00000;0.00000;0.00029;0.00142;0.00705;0.00000;0.00000;0.00000;0.00298;0.00027;0.00007;0.00000;0.00000;0.00001;0.00005;0.00000;0.00000;0.00078;0.00001;0.00003;0.00000;0.00001;0.00000;0.00001;0.00046;0.00000;0.00000;0.00000;0.00000;0.00011;0.00002;0.00001;0.00004;0.00000;0.00005;0.00008;0.00008;0.00003;0.00000;0.00000;0.00006;0.00002;0.00003;0.00000;0.00000;0.00001;0.00000;0.00000;0.00000;0.00003;0.00000;0.00002;0.00005;0.00000;0.00009;0.00009;0.00005;0.00001;0.00083;0.00053;0.00000;0.00112;0.00010;0.00056;0.00002;0.00000;0.00015;0.00000;0.00005;0.00000;0.00000;0.00000;0.00003;0.00001;0.00000;0.00009;0.00000;0.00000;0.00019;0.00068;0.00000;0.00001;0.00000;0.00005;0.00034;0.00059;0.00000;0.00002;0.00029;0.00006;0.00005;0.00576;0.55958;0.03489;0.00019;0.00012;0.00061;0.00009;0.00018;0.09493;0.00104;0.00024;0.00044;0.00054;0.00083;0.00064;0.00179;0.00070;0.00001;0.00001;0.00008;0.00014;0.00017;0.00003;0.00040;0.00009;0.00006;0.00044;0.00003;0.00062;0.00001;0.00002;0.00016;0.00118;0.00000;0.00000;0.00022;0.00017;0.00057;0.00007;0.00021;0.00002;0.00011;0.00001;0.00000;0.00196;0.00009;0.00009;0.00082;0.00043;0.00004;0.00063;0.00895;0.00042;0.00147;0.00016;0.00020;0.00034;0.00010;0.03202;0.00002;0.00000;0.00009;0.00002;0.01142;0.03264;0.00313;0.00127;0.00060;0.00007;0.00010;0.00255;0.00412;0.00000;0.00043;0.00000;0.00000;0.00065;0.00000;0.00116;0.00400;0.00012;0.00008;0.00034;0.00000;0.00107;0.00060;0.00006;0.00002;0.00005;0.00011;0.00065;0.00137;0.00049;0.00015;0.00041;0.00000;0.00000;0.00030;0.00027;0.00002;0.00004;0.00000;0.00001;0.00109;0.00000;0.00004;0.00005;0.00577;0.00023;0.00006;0.00002;0.00012;0.00021;0.00026;0.00017;0.00045;0.00288;0.00097;0.00106;0.00001;0.00345;0.00004;0.00002;0.00000;0.00119;0.00041;0.00043;0.00009;0.00018;0.00001;0.00003;0.00022;0.00025;0.00004;0.00441;0.00000;0.00024;0.00000;0.00016;0.00009;0.00002;0.00023;0.00000;0.00020;0.00006;0.00180;0.00035;0.00003;0.00000;0.00000;0.00001;0.00027;0.00007;0.00018;0.00000;0.00077;0.00000;0.00019;0.00005;0.00004;0.00001;0.00003;0.00003;0.00000;0.00000;0.00002;0.00000;0.00000;0.00029;0.00002;0.00023;0.00000;0.00001;0.00002;0.00008;0.00328;0.00029;0.00013;0.00027;0.00344;0.00091;0.00034;0.00005;0.00002;0.00003;0.00122;0.00171;0.00000;0.00000;0.00045;0.00301;0.00106;0.00021;0.00002;0.00003;0.00000;0.00002;0.00001;0.00000;0.00000;0.00000;0.00004;0.00000;0.00005;0.00000;0.00019;0.00068;0.00009;0.00000;0.00006;0.00000;0.00016;0.00035;0.00019;0.00001;0.00005;0.00018;0.00000;0.00000;0.00001;0.00000;0.00000;0.00000;0.00002;0.00013;0.00000;0.00000;0.00002;0.00000;0.00043;0.00000;0.00070;0.00000;0.00000;0.00000;0.00000;0.00000;0.00000;0.00000;0.00000;0.00001;0.00000;0.00000;0.00000;0.00000;0.00000;0.00002;0.00011;0.00004;0.00003;0.00002;0.00154;0.00490;0.00000;0.00161;0.00102;0.00169;0.00047;0.00004;0.00037;0.00014;0.00250;0.05302;0.00001;0.00002;0.00003;0.00010;0.00058;0.00147;0.00001;0.00000;0.00005;0.00100;0.00019;0.00093;0.00004;0.00011;0.00000;0.00005;0.00009;0.00005;0.00005;0.01138;0.00000;0.00263;0.00000;0.00000;0.00003;0.00003;0.00002;0.00009;0.00003;0.00000;0.00016;0.00014;0.00000;0.00000;0.00044;0.00007;0.00006;0.00802;0.00091;0.00006;0.00082;0.00053;0.00066;0.00000;0.00000;0.00363;0.00008;0.00042;0.00000;0.00030;0.00007;0.00004;0.00005;0.00110;0.00003;0.00018;0.00505;0.00000;0.00046;0.00013;0.00003;0.00001;0.00007;0.00030;0.00615;0.00004;0.00004;0.00000;0.00004;0.00011;0.03858;0.00153;0.00251;0.00003;0.00003;0.01882;0.00018;0.00019;0.00066;0.00033;0.00011;0.00007;0.00091;0.00015;0.00060;0.00036;0.00005;0.00040;0.02954;0.00025;0.00551;0.00089;0.00130;0.00376;0.00304;0.00685;0.00039;0.00020;0.00043;0.01324;0.00513;0.00000;0.00012;0.00508;0.00047;0.00019;0.00000;0.00035;0.00002;0.00147;0.00154;0.09408;0.00001;0.00000;0.00001;0.00000;0.00000;0.02039;0.00000;0.00007;0.00041;0.00002;0.00007;0.00300;0.00010;0.00002;0.00097;0.00048;0.00030;0.00025;0.00007;0.00000;0.00002
2020-02-29 00:00;0.00000;0.00000;0.00000;0.00000;0.00000;0.00000;0.00000;0.00000;0.00000;0.00000;0.00000;0.00000;0.00000;0.00000;0.00000;0.00000;0.00000;0.00000;0.00000;0.00000;0.00000;0.00000;0.00000;0.00000;0.00000;0.00000;0.00000;0.00000;0.00000;0.00000;0.00000;0.00000;0.00000;0.00000;0.00000;0.00000;0.00000;0.00000;0.00000;0.00000;0.00000;0.00000;0.00000;0.00000;0.00000;0.00000;0.00000;0.00000;0.00000;0.00000;0.00000;0.00000;0.00000;0.00000;0.00000;0.00000;0.00000;0.00000;0.00000;0.00000;0.00000;0.00000;0.00000;0.00000;0.00000;0.00000;0.00000;0.00000;0.00000;0.00000;0.00000;0.00000;0.00000;0.00000;0.00000;0.00000;0.00000;0.00000;0.00000;0.00000;0.00000;0.00000;0.00000;0.00000;0.00000;0.00000;0.00000;0.00000;0.00000;0.00000;0.00000;0.00000;0.00000;0.00000;0.00000;0.00000;0.00000;0.00000;0.00000;0.00000;0.07800;0.00362;0.00000;0.00000;0.00000;0.00000;0.00000;0.01253;0.00000;0.00000;0.00000;0.00000;0.00000;0.00000;0.00000;0.00000;0.00000;0.00000;0.00000;0.00000;0.00000;0.00000;0.00000;0.00000;0.00000;0.00000;0.00000;0.00000;0.00000;0.00000;0.00000;0.00000;0.00000;0.00000;0.00000;0.00000;0.00000;0.00000;0.00000;0.00000;0.00000;0.00000;0.00000;0.00000;0.00000;0.00000;0.00000;0.00000;0.00000;0.00000;0.00000;0.00000;0.00000;0.00000;0.00000;0.00000;0.00000;0.00290;0.00000;0.00000;0.00000;0.00000;0.00104;0.00321;0.00000;0.00000;0.00000;0.00000;0.00000;0.00000;0.00000;0.00000;0.00000;0.00000;0.00000;0.00000;0.00000;0.00000;0.00000;0.00000;0.00000;0.00000;0.00000;0.00000;0.00000;0.00000;0.00000;0.00000;0.00000;0.00000;0.00000;0.00000;0.00000;0.00000;0.00000;0.00000;0.00000;0.00000;0.00000;0.00000;0.00000;0.00000;0.00010;0.00000;0.00000;0.00000;0.00000;0.00000;0.00000;0.00000;0.00000;0.00000;0.00000;0.00000;0.00000;0.00000;0.00000;0.00000;0.00000;0.00034;0.00000;0.00000;0.00000;0.00000;0.00000;0.00000;0.00000;0.00000;0.00000;0.00000;0.00000;0.00000;0.00000;0.00000;0.00000;0.00000;0.00000;0.00000;0.00000;0.00000;0.00000;0.00000;0.00000;0.00000;0.00000;0.00002;0.00000;0.00000;0.00000;0.00000;0.00000;0.00000;0.00000;0.00000;0.00000;0.00000;0.00000;0.00000;0.00000;0.00000;0.00000;0.00000;0.00000;0.00000;0.00000;0.00000;0.00000;0.00000;0.00000;0.00000;0.00000;0.00000;0.00000;0.00000;0.00000;0.00000;0.00000;0.00000;0.00000;0.00000;0.00000;0.00000;0.00000;0.00000;0.00000;0.00000;0.00000;0.00000;0.00000;0.00029;0.00000;0.00000;0.00000;0.00000;0.00000;0.00000;0.00000;0.00000;0.00000;0.00000;0.00000;0.00000;0.00000;0.00000;0.00000;0.00000;0.00000;0.00000;0.00000;0.00000;0.00000;0.00000;0.00000;0.00000;0.00000;0.00000;0.00000;0.00000;0.00000;0.00000;0.00000;0.00000;0.00000;0.00000;0.00000;0.00000;0.00000;0.00000;0.00000;0.00000;0.00000;0.00000;0.00000;0.00000;0.00000;0.00000;0.00000;0.00000;0.00000;0.00000;0.00000;0.00000;0.00000;0.00000;0.00000;0.00000;0.00000;0.00000;0.00000;0.00000;0.00000;0.00000;0.00000;0.00000;0.00000;0.00160;0.00000;0.00000;0.00000;0.00000;0.00000;0.04848;0.00000;0.00000;0.00000;0.00000;0.00000;0.00000;0.00000;0.00000;0.00000;0.00000;0.00000;0.00088;0.00000;0.00000;0.00000;0.00000;0.00000;0.00000;0.00000;0.01072;0.00000;0.00000;0.00000;0.00000;0.00000;0.00000;0.00000;0.00000;0.00000;0.00000;0.00000;0.00000;0.00000;0.00000;0.00000;0.00000;0.00000;0.00000;0.00000;0.00000;0.00000;0.00000;0.00000;0.00000;0.00000;0.00000;0.00000;0.00000;0.00000;0.00000;0.00000;0.00000;0.00000;0.00000;0.00000;0.00000;0.00000;0.00000;0.00000;0.00000;0.00000;0.00000;0.00000;0.00000;0.00000;0.00000;0.00000;0.00000;0.00000;0.00000;0.00314;0.00000;0.00000;0.00000;0.00000;0.00167;0.00000;0.00000;0.00000;0.00000;0.00000;0.00000;0.00000;0.00000;0.00000;0.00000;0.00000;0.00000;0.00335;0.00000;0.00000;0.00000;0.00000;0.00000;0.00000;0.00000;0.00000;0.00000;0.00000;0.00000;0.00000;0.00000;0.00000;0.00000;0.00000;0.00000;0.00000;0.00000;0.00000;0.00000;0.00000;0.01105;0.00000;0.00000;0.00000;0.00000;0.00000;0.00218;0.00000;0.00000;0.00000;0.00000;0.00000;0.00000;0.00000;0.00000;0.00000;0.00000;0.00000;0.00003;0.00000;0.00000;0.00000
2020-03-01 00:00;0.00000;0.00000;0.00000;0.00000;0.00000;0.00000;0.00000;0.00000;0.00000;0.00000;0.00000;0.00000;0.00000;0.00000;0.00000;0.00000;0.00000;0.00000;0.00000;0.00000;0.00000;0.00000;0.00000;0.00000;0.00000;0.00000;0.00000;0.00000;0.00000;0.00000;0.00000;0.00000;0.00000;0.00000;0.00000;0.00000;0.00000;0.00000;0.00000;0.00000;0.00000;0.00000;0.00000;0.00000;0.00000;0.00000;0.00000;0.00000;0.00000;0.00000;0.00000;0.00000;0.00000;0.00000;0.00000;0.00000;0.00000;0.00000;0.00000;0.00000;0.00000;0.00000;0.00000;0.00000;0.00000;0.00000;0.00000;0.00000;0.00000;0.00000;0.00000;0.00000;0.00000;0.00000;0.00000;0.00000;0.00000;0.00000;0.00000;0.00000;0.00000;0.00000;0.00000;0.00000;0.00000;0.00000;0.00000;0.00000;0.00000;0.00000;0.00000;0.00000;0.00000;0.00000;0.00000;0.00000;0.00000;0.00000;0.00000;0.00000;0.02640;0.00000;0.00000;0.00000;0.00000;0.00000;0.00000;0.00000;0.00000;0.00000;0.00000;0.00000;0.00000;0.00000;0.00000;0.00000;0.00000;0.00000;0.00000;0.00000;0.00000;0.00000;0.00000;0.00000;0.00000;0.00000;0.00000;0.00000;0.00000;0.00000;0.00000;0.00000;0.00000;0.00000;0.00000;0.00000;0.00000;0.00000;0.00000;0.00000;0.00000;0.00000;0.00000;0.00000;0.00000;0.00000;0.00000;0.00000;0.00000;0.00000;0.00000;0.00000;0.00000;0.00000;0.00000;0.00000;0.00000;0.00000;0.00000;0.00000;0.00000;0.00000;0.00000;0.00000;0.00000;0.00000;0.00000;0.00000;0.00000;0.00000;0.00000;0.00000;0.00000;0.00000;0.00000;0.00000;0.00000;0.00000;0.00000;0.00000;0.00000;0.00000;0.00000;0.00000;0.00000;0.00000;0.00000;0.00000;0.00000;0.00000;0.00000;0.00000;0.00000;0.00000;0.00000;0.00000;0.00000;0.00000;0.00000;0.00000;0.00000;0.00000;0.00000;0.00000;0.00000;0.00000;0.00000;0.00000;0.00000;0.00000;0.00000;0.00000;0.00000;0.00000;0.00000;0.00000;0.00000;0.00000;0.00000;0.00000;0.00000;0.00000;0.00000;0.00000;0.00000;0.00000;0.00000;0.00000;0.00000;0.00000;0.00000;0.00000;0.00000;0.00000;0.00000;0.00000;0.00000;0.00000;0.00000;0.00000;0.00000;0.00000;0.00000;0.00000;0.00000;0.00000;0.00000;0.00000;0.00000;0.00000;0.00000;0.00000;0.00000;0.00000;0.00000;0.00000;0.00000;0.00000;0.00000;0.00000;0.00000;0.00000;0.00000;0.00000;0.00000;0.00000;0.00000;0.00000;0.00000;0.00000;0.00000;0.00000;0.00000;0.00000;0.00000;0.00000;0.00000;0.00000;0.00000;0.00000;0.00000;0.00000;0.00000;0.00000;0.00000;0.00000;0.00000;0.00000;0.00000;0.00000;0.00000;0.00000;0.00000;0.00000;0.00000;0.00000;0.00000;0.00000;0.00000;0.00000;0.00000;0.00000;0.00000;0.00000;0.00000;0.00000;0.00000;0.00000;0.00000;0.00000;0.00000;0.00000;0.00000;0.00000;0.00000;0.00000;0.00000;0.00000;0.00000;0.00000;0.00000;0.00000;0.00000;0.00000;0.00000;0.00000;0.00000;0.00000;0.00000;0.00000;0.00000;0.00000;0.00000;0.00000;0.00000;0.00000;0.00000;0.00000;0.00000;0.00000;0.00000;0.00000;0.00000;0.00000;0.00000;0.00000;0.00000;0.00000;0.00000;0.00000;0.00000;0.00000;0.00000;0.00000;0.00000;0.00149;0.00000;0.00000;0.00000;0.00000;0.00000;0.04361;0.00000;0.00000;0.00000;0.00000;0.00000;0.00000;0.00000;0.00000;0.00000;0.00000;0.00000;0.00082;0.00000;0.00000;0.00000;0.00000;0.00000;0.00000;0.00000;0.01006;0.00000;0.00000;0.00000;0.00000;0.00000;0.00000;0.00000;0.00000;0.00000;0.00000;0.00000;0.00000;0.00000;0.00000;0.00000;0.00000;0.00000;0.00000;0.00000;0.00000;0.00000;0.00000;0.00000;0.00000;0.00000;0.00000;0.00000;0.00000;0.00000;0.00000;0.00000;0.00000;0.00000;0.00000;0.00000;0.00000;0.00000;0.00000;0.00000;0.00000;0.00000;0.00000;0.00000;0.00000;0.00000;0.00000;0.00000;0.00000;0.00000;0.00000;0.00000;0.00000;0.00000;0.00000;0.00000;0.00000;0.00000;0.00000;0.00000;0.00000;0.00000;0.00000;0.00000;0.00000;0.00000;0.00000;0.00000;0.00000;0.00000;0.00000;0.00000;0.00000;0.00000;0.00000;0.00000;0.00000;0.00000;0.00000;0.00000;0.00000;0.00000;0.00000;0.00000;0.00000;0.00000;0.00000;0.00000;0.00000;0.00000;0.00000;0.00000;0.00000;0.00000;0.00000;0.00000;0.00000;0.00000;0.00000;0.00000;0.00000;0.00000;0.00000;0.00000;0.00000;0.00000;0.00000;0.00000;0.00000;0.00000;0.00000;0.00000;0.00000;0.00000
2020-03-02 00:00;0.00000;0.00000;0.00000;0.00000;0.00000;0.00000;0.00000;0.00000;0.00000;0.00000;0.00000;0.00000;0.00000;0.00000;0.00000;0.00000;0.00000;0.00000;0.00000;0.00000;0.00000;0.00000;0.00000;0.00000;0.00000;0.00000;0.00000;0.00000;0.00000;0.00000;0.00000;0.00000;0.00000;0.00000;0.00000;0.00000;0.00000;0.00000;0.00000;0.00000;0.00000;0.00000;0.00000;0.00000;0.00000;0.00000;0.00000;0.00000;0.00000;0.00000;0.00000;0.00000;0.00000;0.00000;0.00000;0.00000;0.00000;0.00000;0.00000;0.00000;0.00000;0.00000;0.00000;0.00000;0.00000;0.00000;0.00000;0.00000;0.00000;0.00000;0.00000;0.00000;0.00000;0.00000;0.00000;0.00000;0.00000;0.00000;0.00000;0.00000;0.00000;0.00000;0.00000;0.00000;0.00000;0.00000;0.00000;0.00000;0.00000;0.00000;0.00000;0.00000;0.00000;0.00000;0.00000;0.00000;0.00000;0.00000;0.00000;0.00000;0.00000;0.00000;0.00000;0.00000;0.00000;0.00000;0.00000;0.00000;0.00000;0.00000;0.00000;0.00000;0.00000;0.00000;0.00000;0.00000;0.00000;0.00000;0.00000;0.00000;0.00000;0.00000;0.00000;0.00000;0.00000;0.00000;0.00000;0.00000;0.00000;0.00000;0.00000;0.00000;0.00000;0.00000;0.00000;0.00000;0.00000;0.00000;0.00000;0.00000;0.00000;0.00000;0.00000;0.00000;0.00000;0.00000;0.00000;0.00000;0.00000;0.00000;0.00000;0.00000;0.00000;0.00000;0.00000;0.00000;0.00000;0.00000;0.00000;0.00000;0.00000;0.00000;0.00000;0.00000;0.00000;0.00000;0.00000;0.00000;0.00000;0.00000;0.00000;0.00000;0.00000;0.00000;0.00000;0.00000;0.00000;0.00000;0.00000;0.00000;0.00000;0.00000;0.00000;0.00000;0.00000;0.00000;0.00000;0.00000;0.00000;0.00000;0.00000;0.00000;0.00000;0.00000;0.00000;0.00000;0.00000;0.00000;0.00000;0.00000;0.00000;0.00000;0.00000;0.00000;0.00000;0.00000;0.00000;0.00000;0.00000;0.00000;0.00000;0.00000;0.00000;0.00000;0.00000;0.00000;0.00000;0.00000;0.00000;0.00000;0.00000;0.00000;0.00000;0.00000;0.00000;0.00000;0.00000;0.00000;0.00000;0.00000;0.00000;0.00000;0.00000;0.00000;0.00000;0.00000;0.00000;0.00000;0.00000;0.00000;0.00000;0.00000;0.00000;0.00000;0.00000;0.00000;0.00000;0.00000;0.00000;0.00000;0.00000;0.00000;0.00000;0.00000;0.00000;0.00000;0.00000;0.00000;0.00000;0.00000;0.00000;0.00000;0.00000;0.00000;0.00000;0.00000;0.00000;0.00000;0.00000;0.00000;0.00000;0.00000;0.00000;0.00000;0.00000;0.00000;0.00000;0.00000;0.00000;0.00000;0.00000;0.00000;0.00000;0.00000;0.00000;0.00000;0.00000;0.00000;0.00000;0.00000;0.00000;0.00000;0.00000;0.00000;0.00000;0.00000;0.00000;0.00000;0.00000;0.00000;0.00000;0.00000;0.00000;0.00000;0.00000;0.00000;0.00000;0.00000;0.00000;0.00000;0.00000;0.00000;0.00000;0.00000;0.00000;0.00000;0.00000;0.00000;0.00000;0.00000;0.00000;0.00000;0.00000;0.00000;0.00000;0.00000;0.00000;0.00000;0.00000;0.00000;0.00000;0.00000;0.00000;0.00000;0.00000;0.00000;0.00000;0.00000;0.00000;0.00000;0.00000;0.00000;0.00000;0.00000;0.00000;0.00000;0.00000;0.00000;0.00000;0.00000;0.00000;0.00000;0.00000;0.00000;0.00000;0.00139;0.00000;0.00000;0.00000;0.00000;0.00000;0.03815;0.00000;0.00000;0.00000;0.00000;0.00000;0.00000;0.00000;0.00000;0.00000;0.00000;0.00000;0.00076;0.00000;0.00000;0.00000;0.00000;0.00000;0.00000;0.00000;0.00937;0.00000;0.00000;0.00000;0.00000;0.00000;0.00000;0.00000;0.00000;0.00000;0.00000;0.00000;0.00000;0.00000;0.00000;0.00000;0.00000;0.00000;0.00000;0.00000;0.00000;0.00000;0.00000;0.00000;0.00000;0.00000;0.00000;0.00000;0.00000;0.00000;0.00000;0.00000;0.00000;0.00000;0.00000;0.00000;0.00000;0.00000;0.00000;0.00000;0.00000;0.00000;0.00000;0.00000;0.00000;0.00000;0.00000;0.00000;0.00000;0.00000;0.00000;0.00000;0.00000;0.00000;0.00000;0.00000;0.00000;0.00000;0.00000;0.00000;0.00000;0.00000;0.00000;0.00000;0.00000;0.00000;0.00000;0.00000;0.00000;0.00000;0.00000;0.00000;0.00000;0.00000;0.00000;0.00000;0.00000;0.00000;0.00000;0.00000;0.00000;0.00000;0.00000;0.00000;0.00000;0.00000;0.00000;0.00000;0.00000;0.00000;0.00000;0.00000;0.00000;0.00000;0.00000;0.00000;0.00000;0.00000;0.00000;0.00000;0.00000;0.00000;0.00000;0.00000;0.00000;0.00000;0.00000;0.00000;0.00000;0.00000;0.00000;0.00000;0.00000;0.00000
2020-03-03 00:00;0.10149;0.04819;0.00008;0.01398;0.00127;0.00031;0.00016;0.00474;0.00016;0.00016;0.00341;0.03921;0.06842;0.00030;0.00007;0.00008;0.04024;0.01037;0.00218;0.00014;0.00000;0.00050;0.00218;0.00000;0.00007;0.00444;0.00058;0.00218;0.00007;0.00028;0.00000;0.00036;0.00725;0.00007;0.00014;0.00000;0.00007;0.00254;0.00204;0.00020;0.00079;0.00000;0.00281;0.00407;0.00452;0.00205;0.00008;0.00015;0.00072;0.00103;0.00161;0.00015;0.00015;0.00041;0.00023;0.00000;0.00000;0.00055;0.00000;0.00119;0.00299;0.00000;0.00510;0.00092;0.00196;0.00073;0.02264;0.02152;0.00008;0.00970;0.00515;0.01880;0.00106;0.00030;0.00163;0.00021;0.00325;0.00000;0.00007;0.00000;0.00124;0.00053;0.00007;0.00115;0.00000;0.00015;0.00354;0.01547;0.00000;0.00102;0.00000;0.00295;0.00609;0.00993;0.00000;0.00134;0.00486;0.00250;0.00083;0.07716;1.46417;0.23964;0.01125;0.00777;0.02191;0.00464;0.00733;0.54584;0.02816;0.01673;0.01587;0.02371;0.02758;0.03184;0.05236;0.04134;0.00136;0.00187;0.00941;0.01224;0.00827;0.00421;0.01174;0.00884;0.00789;0.02307;0.00575;0.01970;0.00277;0.00410;0.01708;0.04703;0.00049;0.00035;0.01614;0.01561;0.02593;0.00796;0.01675;0.00338;0.00758;0.00341;0.00361;0.07075;0.01318;0.01434;0.03940;0.03200;0.00624;0.03250;0.18847;0.03920;0.07844;0.01857;0.01992;0.01856;0.01208;0.34573;0.00223;0.00191;0.00804;0.00442;0.15495;0.29910;0.14062;0.05500;0.04012;0.00621;0.00899;0.07511;0.13410;0.00000;0.00860;0.00025;0.00000;0.02755;0.00031;0.02081;0.11195;0.00737;0.00113;0.01001;0.00000;0.02891;0.02185;0.00420;0.00114;0.00448;0.00285;0.01212;0.01514;0.01430;0.00373;0.00829;0.00000;0.00013;0.00532;0.00851;0.00039;0.00200;0.00000;0.00056;0.00801;0.00029;0.00109;0.00217;0.05390;0.00447;0.01700;0.00176;0.00638;0.00602;0.00251;0.08762;0.00700;0.03435;0.01182;0.01020;0.00023;0.01623;0.00183;0.00817;0.00000;0.01934;0.00681;0.00975;0.00337;0.00693;0.00029;0.00116;0.00466;0.00493;0.00113;0.01421;0.00000;0.00152;0.00030;0.00100;0.00093;0.00105;0.00053;0.00012;0.00182;0.00121;0.00512;0.00768;0.00072;0.00028;0.00000;0.00028;0.00332;0.00096;0.00075;0.00002;0.00226;0.00000;0.00321;0.00153;0.00048;0.00037;0.00021;0.00019;0.00000;0.00000;0.00105;0.00011;0.00000;0.00221;0.00038;0.00085;0.00000;0.00089;0.00072;0.00124;0.01922;0.00555;0.01183;0.06652;0.02130;0.04560;0.00253;0.00830;0.00202;0.00100;0.01050;0.00666;0.00001;0.00000;0.00237;0.00849;0.00517;0.00905;0.00090;0.00149;0.00000;0.00097;0.00041;0.00005;0.00000;0.00004;0.00102;0.00000;0.00068;0.00000;0.00084;0.00259;0.00368;0.00014;0.00100;0.00011;0.00233;0.00394;0.00480;0.00220;0.00166;0.00119;0.00000;0.00001;0.00010;0.00000;0.00000;0.00000;0.00079;0.00223;0.00008;0.00000;0.00017;0.00000;0.00757;0.00000;0.00619;0.00009;0.00003;0.00000;0.00000;0.00000;0.00000;0.00000;0.00000;0.00034;0.00000;0.00017;0.00025;0.00008;0.00027;0.00103;0.00120;0.00085;0.00187;0.00034;0.03508;0.07677;0.00000;0.04096;0.03852;0.03343;0.02130;0.00059;0.01796;0.00386;0.03682;0.03623;0.00000;0.00013;0.00017;0.00046;0.00953;0.00574;0.00007;0.00000;0.00150;0.00850;0.01156;0.00922;0.00016;0.00126;0.00000;0.00168;0.00134;0.00134;0.00116;0.43860;0.00007;0.01366;0.00000;0.00000;0.00103;0.00100;0.00091;0.00056;0.00082;0.00004;0.00114;0.00184;0.00004;0.00000;0.03133;0.00194;0.00158;0.08291;0.32593;0.00282;0.03249;0.01001;0.00018;0.00000;0.00004;0.03950;0.00329;0.01118;0.00000;0.00768;0.00271;0.00128;0.00064;0.01030;0.00228;0.00498;0.03318;0.00002;0.00535;0.00225;0.00104;0.00055;0.00109;0.01950;0.14784;0.00326;0.00563;0.00414;0.00345;0.00758;0.47810;0.06838;0.06875;0.00402;0.00467;0.09124;0.01012;0.01266;0.02431;0.02080;0.01089;0.00417;0.03749;0.01538;0.01836;0.01772;0.00648;0.01347;0.23629;0.02195;0.10561;0.03759;0.06063;0.08219;0.06016;0.11889;0.00837;0.00891;0.01725;0.15905;0.06528;0.00165;0.00407;0.06984;0.01962;0.00460;0.00000;0.00532;0.00071;0.02361;0.02456;0.53335;0.00012;0.00020;0.00029;0.00000;0.00015;0.10449;0.00007;0.00216;0.00331;0.00097;0.00363;0.00928;0.00433;0.00113;0.01528;0.00458;0.00366;0.00153;0.00166;0.00000;0.00080
2020-03-04 00:00;0.16085;0.08737;0.00011;0.02950;0.00176;0.00043;0.00022;0.00782;0.00022;0.00022;0.01884;0.06489;0.16493;0.00042;0.00011;0.00011;0.08078;0.01684;0.01863;0.00034;0.00000;0.00079;0.00356;0.00000;0.00011;0.03658;0.00091;0.00344;0.00014;0.00050;0.00000;0.00057;0.01617;0.00011;0.00027;0.00007;0.00011;0.00780;0.00321;0.00055;0.00165;0.00027;0.00446;0.00657;0.00718;0.00327;0.00012;0.00023;0.00160;0.00165;0.00258;0.00023;0.00023;0.00103;0.00049;0.00000;0.00000;0.00180;0.00005;0.00191;0.00475;0.00000;0.00852;0.00283;0.00324;0.00116;0.03893;0.03513;0.00012;0.07443;0.00830;0.03124;0.00169;0.00099;0.00382;0.00034;0.00519;0.00000;0.00017;0.00000;0.00202;0.00087;0.00016;0.00284;0.00000;0.00023;0.01497;0.02738;0.00000;0.00163;0.00000;0.00481;0.02901;0.01927;0.00000;0.00220;0.00975;0.00422;0.00145;0.16055;5.47645;0.58481;0.02150;0.01461;0.04138;0.00894;0.01426;1.63754;0.05466;0.03037;0.02994;0.04513;0.05021;0.05857;0.09654;0.07552;0.00272;0.00424;0.02159;0.02801;0.02062;0.00956;0.03089;0.01888;0.01728;0.05725;0.01368;0.05127;0.00634;0.00920;0.03860;0.11672;0.00114;0.00082;0.03896;0.03706;0.06469;0.01787;0.03971;0.00726;0.01820;0.00861;0.00831;0.17956;0.03123;0.03146;0.09758;0.07471;0.01522;0.08124;0.52895;0.09100;0.19581;0.04426;0.04890;0.04410;0.03144;1.05438;0.00470;0.00447;0.01826;0.01200;0.45412;0.91921;0.35257;0.14101;0.10740;0.01700;0.02478;0.21252;0.42033;0.09919;0.09955;0.03357;0.00000;0.16565;0.00292;0.08377;0.30143;0.03653;0.07736;0.12682;0.00000;0.23220;0.08005;0.01741;0.00268;0.02202;0.04735;0.08985;0.36747;0.17000;0.05586;0.12740;0.00202;0.00474;0.01676;0.15534;0.00099;0.00505;0.00000;0.00152;0.11984;0.00467;0.00265;0.00602;0.32375;0.03192;0.06890;0.00883;0.04368;0.03480;0.04422;0.35528;0.06546;0.41935;0.30966;0.28568;0.00414;0.30337;0.02487;0.04352;0.00076;0.33562;0.22279;0.10951;0.00825;0.06848;0.00307;0.01483;0.07978;0.08483;0.03697;0.11668;0.01170;0.05280;0.00557;0.04406;0.03119;0.02741;0.01913;0.00744;0.03871;0.07988;0.12569;0.06067;0.00869;0.00082;0.00022;0.00309;0.08267;0.02773;0.02643;0.00626;0.08609;0.01696;0.00951;0.04802;0.01919;0.00408;0.00915;0.01479;0.00090;0.00004;0.01219;0.00601;0.00078;0.05135;0.02866;0.02016;0.01242;0.00663;0.03079;0.02976;0.32592;0.07927;0.16142;0.54370;0.30634;0.33700;0.11128;0.06606;0.07173;0.04588;0.08534;0.06715;0.00180;0.00036;0.03758;0.14111;0.10839;0.03740;0.01656;0.03938;0.00230;0.00725;0.00893;0.00071;0.00423;0.01061;0.01698;0.02643;0.00269;0.00378;0.04902;0.02363;0.03395;0.00002;0.02843;0.01236;0.04692;0.11081;0.06615;0.01886;0.04808;0.01062;0.00423;0.00364;0.00277;0.00000;0.00065;0.00052;0.01246;0.02938;0.00023;0.00293;0.00873;0.00447;0.05649;0.00043;0.02903;0.00355;0.00001;0.00012;0.00006;0.00003;0.00302;0.00015;0.00000;0.00688;0.01759;0.00512;0.00081;0.00462;0.00433;0.01698;0.01570;0.01965;0.01895;0.00318;0.42712;0.60484;0.00000;0.16948;0.14288;0.09411;0.06703;0.00309;0.05202;0.15011;0.33618;0.06912;0.00023;0.00039;0.00053;0.00143;0.05037;0.03674;0.00021;0.00466;0.04053;0.16060;0.07185;0.02478;0.00213;0.00495;0.00506;0.03970;0.01670;0.03061;0.03910;1.23650;0.00200;0.13336;0.00081;0.00015;0.00552;0.03768;0.02499;0.00702;0.02896;0.00549;0.01866;0.03879;0.00012;0.00062;0.25265;0.09892;0.02071;0.53718;1.56046;0.03363;0.25575;0.02481;0.00666;0.00000;0.00010;0.25802;0.03536;0.07805;0.00000;0.03267;0.02692;0.04173;0.00298;0.03524;0.01257;0.11160;0.12482;0.00033;0.09842;0.01267;0.00402;0.00500;0.00297;0.04904;0.40626;0.00786;0.01187;0.00988;0.00788;0.01800;1.53107;0.17440;0.18533;0.00974;0.01204;0.68909;0.02507;0.03077;0.06215;0.04938;0.02567;0.00968;0.09441;0.03627;0.04814;0.04366;0.01524;0.03481;0.77411;0.05262;0.30948;0.08626;0.14206;0.21993;0.12241;0.23095;0.01813;0.01693;0.03371;0.39261;0.13985;0.00312;0.00693;0.14802;0.03747;0.00832;0.00005;0.04995;0.00628;0.20672;0.35302;1.84902;0.00156;0.00042;0.00265;0.00009;0.00031;0.91042;0.00011;0.00728;0.01431;0.00826;0.00603;0.01853;0.00715;0.00183;0.04388;0.00876;0.00798;0.00340;0.01111;0.00000;0.00139
2020-03-05 00:00;0.02988;0.01969;0.00000;0.00803;0.00003;0.00001;0.00000;0.00142;0.00000;0.00000;0.00558;0.01068;0.06497;0.00001;0.00001;0.00000;0.02320;0.00207;0.00283;0.00003;0.00000;0.00008;0.00040;0.00000;0.00001;0.01552;0.00007;0.00026;0.00002;0.00005;0.00002;0.00005;0.00442;0.00002;0.00003;0.00002;0.00000;0.00150;0.00019;0.00009;0.00044;0.00013;0.00039;0.00062;0.00064;0.00023;0.00000;0.00000;0.00060;0.00016;0.00022;0.00000;0.00000;0.00011;0.00001;0.00000;0.00000;0.00039;0.00001;0.00017;0.00037;0.00000;0.00075;0.00122;0.00038;0.00008;0.00640;0.00404;0.00000;0.03384;0.00078;0.00427;0.00013;0.00001;0.00143;0.00003;0.00039;0.00000;0.00002;0.00000;0.00021;0.00007;0.00002;0.00095;0.00001;0.00000;0.00358;0.00518;0.00000;0.00012;0.00000;0.00042;0.00703;0.00478;0.00000;0.00019;0.00240;0.00045;0.00040;0.04012;5.54466;0.29621;0.00161;0.00105;0.00494;0.00081;0.00152;1.15605;0.00856;0.00201;0.00366;0.00454;0.00664;0.00535;0.01577;0.00755;0.00058;0.00083;0.00491;0.00684;0.00685;0.00202;0.01356;0.00445;0.00358;0.01847;0.00261;0.02142;0.00119;0.00168;0.00896;0.04272;0.00023;0.00010;0.01066;0.00923;0.02229;0.00414;0.01005;0.00142;0.00515;0.00153;0.00105;0.07000;0.00677;0.00587;0.03347;0.01953;0.00316;0.02690;0.28584;0.02268;0.06065;0.01032;0.01165;0.01318;0.00740;0.71691;0.00099;0.00054;0.00453;0.00227;0.29074;0.66947;0.11019;0.05123;0.03084;0.00411;0.00586;0.08079;0.16568;0.04762;0.03315;0.02352;0.00000;0.08893;0.00087;0.03237;0.11660;0.01529;0.06698;0.03922;0.00000;0.07383;0.05298;0.00456;0.00113;0.00347;0.01407;0.04363;0.23272;0.05825;0.02187;0.06426;0.00048;0.00098;0.01045;0.05429;0.00100;0.00232;0.00033;0.00065;0.09110;0.00215;0.00091;0.00382;0.14075;0.00698;0.02213;0.00197;0.01439;0.00822;0.00858;0.14389;0.01475;0.20647;0.14552;0.08813;0.00360;0.24278;0.00317;0.01411;0.00088;0.09253;0.07323;0.06568;0.00408;0.01767;0.00455;0.01066;0.02438;0.02156;0.01032;0.06363;0.00311;0.03007;0.00120;0.02226;0.01487;0.00443;0.00838;0.00489;0.02492;0.02612;0.05108;0.03971;0.00177;0.00021;0.00003;0.00049;0.03112;0.01489;0.00776;0.00117;0.03881;0.00678;0.00781;0.01408;0.00540;0.00114;0.00599;0.00716;0.00017;0.00000;0.00468;0.00128;0.00085;0.03825;0.00842;0.01984;0.00301;0.00091;0.01507;0.01076;0.17496;0.02541;0.04004;0.28901;0.14681;0.13365;0.05727;0.02290;0.01958;0.01656;0.04604;0.04975;0.00078;0.00023;0.01838;0.14896;0.06900;0.03312;0.00225;0.00804;0.00173;0.00275;0.00206;0.00014;0.00163;0.00502;0.00479;0.02131;0.00645;0.00125;0.02803;0.02113;0.00634;0.00051;0.00808;0.00375;0.02175;0.08439;0.02275;0.00402;0.01155;0.01253;0.00256;0.00099;0.00243;0.00000;0.00459;0.00104;0.00914;0.01215;0.00044;0.00573;0.00647;0.00463;0.01330;0.00038;0.01451;0.00048;0.00013;0.00079;0.00013;0.00003;0.00056;0.00135;0.00024;0.00158;0.00953;0.00068;0.00114;0.00112;0.00058;0.00244;0.00415;0.00520;0.00262;0.00084;0.14987;0.16308;0.00028;0.04866;0.03430;0.01318;0.01763;0.00113;0.01377;0.04900;0.08928;0.06854;0.00041;0.00066;0.00089;0.00243;0.02388;0.04490;0.00035;0.00120;0.01457;0.05769;0.01968;0.00397;0.00362;0.00189;0.00121;0.01024;0.00647;0.00798;0.01369;0.16129;0.00075;0.12586;0.00015;0.00045;0.00118;0.00800;0.00459;0.00881;0.00833;0.01174;0.01361;0.01009;0.00007;0.00129;0.08247;0.03244;0.00570;0.25698;0.86377;0.01318;0.05776;0.01354;0.00507;0.00000;0.00116;0.15377;0.02796;0.02361;0.00031;0.03851;0.02455;0.01391;0.00345;0.07626;0.00822;0.03249;0.08331;0.00065;0.05207;0.00531;0.00534;0.00059;0.00298;0.01485;0.20170;0.00195;0.00248;0.00119;0.00190;0.00486;1.09276;0.06122;0.08408;0.00219;0.00226;0.52592;0.00756;0.00865;0.02356;0.01414;0.00604;0.00286;0.03369;0.00821;0.02047;0.01402;0.00326;0.01409;0.66431;0.01338;0.15618;0.01930;0.04563;0.11265;0.02504;0.05295;0.00381;0.00165;0.00361;0.17481;0.04198;0.00000;0.00094;0.04123;0.00386;0.00139;0.00001;0.01627;0.00106;0.05951;0.12416;1.70129;0.00036;0.00006;0.00032;0.00003;0.00001;0.69627;0.00001;0.00101;0.00417;0.00093;0.00060;0.00799;0.00080;0.00015;0.01118;0.00276;0.00264;0.00180;0.00220;0.00000;0.00018
2020-03-06 00:00;0.00120;0.00109;0.00000;0.00027;0.00001;0.00000;0.00000;0.00005;0.00000;0.00000;0.00010;0.00042;0.00141;0.00000;0.00000;0.00000;0.00069;0.00008;0.00003;0.00000;0.00000;0.00000;0.00002;0.00000;0.00000;0.00026;0.00000;0.00002;0.00000;0.00000;0.00001;0.00000;0.00012;0.00000;0.00000;0.00000;0.00000;0.00004;0.00001;0.00001;0.00002;0.00001;0.00003;0.00002;0.00004;0.00001;0.00000;0.00000;0.00003;0.00001;0.00001;0.00000;0.00000;0.00001;0.00000;0.00000;0.00000;0.00002;0.00000;0.00001;0.00002;0.00000;0.00005;0.00006;0.00002;0.00000;0.00025;0.00019;0.00000;0.00025;0.00005;0.00018;0.00001;0.00000;0.00006;0.00000;0.00002;0.00000;0.00000;0.00000;0.00001;0.00000;0.00000;0.00005;0.00001;0.00000;0.00006;0.00016;0.00000;0.00001;0.00000;0.00001;0.00010;0.00013;0.00000;0.00001;0.00008;0.00000;0.00001;0.00036;1.09038;0.02967;0.00001;0.00001;0.00003;0.00000;0.00000;0.17358;0.00004;0.00003;0.00004;0.00002;0.00011;0.00007;0.00044;0.00032;0.00004;0.00004;0.00030;0.00046;0.00058;0.00011;0.00133;0.00032;0.00020;0.00153;0.00012;0.00206;0.00006;0.00008;0.00058;0.00386;0.00001;0.00000;0.00077;0.00062;0.00194;0.00027;0.00070;0.00008;0.00039;0.00006;0.00001;0.00657;0.00040;0.00031;0.00290;0.00141;0.00017;0.00225;0.03028;0.00157;0.00486;0.00066;0.00076;0.00107;0.00046;0.14155;0.00006;0.00000;0.00032;0.00011;0.05650;0.14427;0.00918;0.00456;0.00232;0.00026;0.00036;0.00873;0.01461;0.00426;0.00123;0.00395;0.00001;0.00864;0.00007;0.00332;0.01273;0.00109;0.01402;0.00197;0.00000;0.00388;0.00860;0.00035;0.00013;0.00022;0.00052;0.00196;0.01570;0.00261;0.00150;0.00593;0.00003;0.00005;0.00192;0.00283;0.00026;0.00031;0.00005;0.00006;0.01204;0.00022;0.00008;0.00048;0.00804;0.00038;0.00140;0.00011;0.00102;0.00049;0.00041;0.01048;0.00084;0.01208;0.00534;0.00345;0.00077;0.03142;0.00015;0.00099;0.00007;0.00370;0.00214;0.01087;0.00057;0.00156;0.00129;0.00148;0.00072;0.00062;0.00040;0.00537;0.00021;0.00202;0.00006;0.00175;0.00176;0.00019;0.00077;0.00080;0.00395;0.00134;0.00275;0.00696;0.00008;0.00002;0.00000;0.00002;0.00209;0.00112;0.00046;0.00006;0.00285;0.00069;0.00185;0.00084;0.00032;0.00007;0.00094;0.00074;0.00001;0.00000;0.00030;0.00007;0.00004;0.00634;0.00056;0.00479;0.00019;0.00008;0.00172;0.00080;0.01521;0.00150;0.00210;0.02280;0.01201;0.01041;0.00425;0.00149;0.00123;0.00118;0.00565;0.00761;0.00008;0.00003;0.00157;0.04862;0.01066;0.00850;0.00008;0.00038;0.00035;0.00027;0.00012;0.00001;0.00016;0.00055;0.00027;0.00422;0.00157;0.00014;0.00189;0.00530;0.00044;0.00008;0.00042;0.00020;0.00165;0.01356;0.00164;0.00021;0.00064;0.00398;0.00042;0.00007;0.00046;0.00000;0.00086;0.00045;0.00126;0.00051;0.00008;0.00129;0.00133;0.00084;0.00073;0.00004;0.00188;0.00002;0.00003;0.00005;0.00001;0.00000;0.00005;0.00013;0.00004;0.00010;0.00119;0.00002;0.00010;0.00006;0.00004;0.00008;0.00017;0.00027;0.00010;0.00007;0.00666;0.00778;0.00009;0.00372;0.00245;0.00179;0.00148;0.00014;0.00111;0.00340;0.00431;0.06425;0.00003;0.00005;0.00008;0.00024;0.00315;0.01350;0.00003;0.00005;0.00103;0.00315;0.00129;0.00098;0.00094;0.00024;0.00008;0.00053;0.00044;0.00035;0.00090;0.01191;0.00005;0.03251;0.00004;0.00006;0.00011;0.00019;0.00020;0.00239;0.00039;0.00290;0.00235;0.00048;0.00000;0.00023;0.00516;0.00205;0.00030;0.02468;0.06954;0.00114;0.00232;0.00229;0.00103;0.00000;0.00033;0.01197;0.00463;0.00144;0.00010;0.00990;0.00462;0.00108;0.00087;0.03880;0.00141;0.00217;0.01170;0.00008;0.00341;0.00042;0.00101;0.00008;0.00075;0.00116;0.02043;0.00013;0.00016;0.00001;0.00013;0.00036;0.20581;0.00526;0.00824;0.00013;0.00010;0.08299;0.00059;0.00065;0.00215;0.00110;0.00038;0.00023;0.00298;0.00048;0.00198;0.00116;0.00018;0.00133;0.15434;0.00090;0.01614;0.00101;0.00389;0.01191;0.00001;0.00052;0.00000;0.00001;0.00000;0.00805;0.00005;0.00000;0.00003;0.00004;0.00000;0.00002;0.00000;0.00007;0.00001;0.00026;0.00032;0.33639;0.00002;0.00001;0.00000;0.00000;0.00000;0.07952;0.00000;0.00003;0.00011;0.00001;0.00004;0.00159;0.00004;0.00001;0.00026;0.00010;0.00009;0.00021;0.00002;0.00000;0.00001
2020-03-07 00:00;0.00016;0.00019;0.00000;0.00005;0.00000;0.00000;0.00000;0.00001;0.00000;0.00000;0.00002;0.00005;0.00030;0.00000;0.00000;0.00000;0.00012;0.00001;0.00000;0.00000;0.00000;0.00000;0.00000;0.00000;0.00000;0.00005;0.00000;0.00000;0.00000;0.00000;0.00000;0.00000;0.00002;0.00000;0.00000;0.00000;0.00000;0.00000;0.00000;0.00000;0.00000;0.00000;0.00000;0.00000;0.00000;0.00000;0.00000;0.00000;0.00000;0.00000;0.00000;0.00000;0.00000;0.00000;0.00000;0.00000;0.00000;0.00000;0.00000;0.00000;0.00000;0.00000;0.00000;0.00001;0.00000;0.00000;0.00003;0.00002;0.00000;0.00007;0.00000;0.00002;0.00000;0.00000;0.00001;0.00000;0.00000;0.00000;0.00000;0.00000;0.00000;0.00000;0.00000;0.00001;0.00000;0.00000;0.00001;0.00002;0.00000;0.00000;0.00000;0.00000;0.00002;0.00002;0.00000;0.00000;0.00001;0.00000;0.00000;0.00006;0.31780;0.00018;0.00000;0.00000;0.00000;0.00000;0.00000;0.00487;0.00000;0.00000;0.00000;0.00000;0.00001;0.00001;0.00005;0.00002;0.00000;0.00000;0.00000;0.00000;0.00000;0.00000;0.00000;0.00000;0.00000;0.00000;0.00000;0.00000;0.00000;0.00000;0.00000;0.00001;0.00000;0.00000;0.00000;0.00000;0.00000;0.00000;0.00000;0.00000;0.00000;0.00000;0.00000;0.00002;0.00000;0.00000;0.00001;0.00001;0.00000;0.00000;0.00000;0.00001;0.00002;0.00000;0.00000;0.00001;0.00000;0.00893;0.00000;0.00000;0.00000;0.00000;0.00344;0.00989;0.00006;0.00001;0.00001;0.00000;0.00000;0.00016;0.00002;0.00009;0.00013;0.00006;0.00000;0.00012;0.00000;0.00004;0.00027;0.00002;0.00017;0.00010;0.00000;0.00044;0.00006;0.00001;0.00000;0.00001;0.00003;0.00025;0.00052;0.00023;0.00021;0.00023;0.00000;0.00000;0.00006;0.00012;0.00001;0.00000;0.00000;0.00000;0.00082;0.00000;0.00000;0.00000;0.00029;0.00000;0.00001;0.00000;0.00000;0.00000;0.00001;0.00005;0.00001;0.00013;0.00020;0.00009;0.00001;0.00104;0.00001;0.00000;0.00000;0.00035;0.00020;0.00024;0.00001;0.00012;0.00003;0.00002;0.00005;0.00006;0.00004;0.00021;0.00000;0.00003;0.00000;0.00003;0.00003;0.00000;0.00001;0.00002;0.00007;0.00002;0.00004;0.00036;0.00000;0.00000;0.00000;0.00000;0.00006;0.00015;0.00000;0.00000;0.00002;0.00001;0.00002;0.00001;0.00001;0.00000;0.00000;0.00001;0.00000;0.00000;0.00000;0.00000;0.00000;0.00003;0.00000;0.00002;0.00000;0.00000;0.00002;0.00002;0.00015;0.00015;0.00002;0.00004;0.00001;0.00001;0.00001;0.00001;0.00000;0.00000;0.00000;0.00000;0.00000;0.00000;0.00000;0.00453;0.00028;0.00005;0.00000;0.00001;0.00001;0.00000;0.00000;0.00000;0.00000;0.00000;0.00001;0.00005;0.00001;0.00001;0.00012;0.00015;0.00004;0.00000;0.00001;0.00002;0.00002;0.00022;0.00006;0.00000;0.00000;0.00007;0.00001;0.00000;0.00001;0.00000;0.00000;0.00002;0.00001;0.00009;0.00000;0.00003;0.00007;0.00000;0.00002;0.00000;0.00006;0.00000;0.00000;0.00000;0.00000;0.00000;0.00001;0.00000;0.00000;0.00001;0.00003;0.00000;0.00000;0.00000;0.00000;0.00000;0.00000;0.00001;0.00000;0.00001;0.00026;0.00024;0.00000;0.00010;0.00006;0.00169;0.00004;0.00001;0.00002;0.00002;0.00011;0.06040;0.00000;0.00000;0.00000;0.00000;0.00010;0.00025;0.00000;0.00001;0.00000;0.00004;0.00000;0.00093;0.00001;0.00003;0.00000;0.00001;0.00001;0.00003;0.00004;0.01129;0.00000;0.00063;0.00001;0.00000;0.00001;0.00002;0.00002;0.00001;0.00002;0.00002;0.00004;0.00001;0.00000;0.00000;0.00005;0.00004;0.00003;0.00011;0.00006;0.00000;0.00012;0.00005;0.00003;0.00000;0.00001;0.00045;0.00006;0.00016;0.00000;0.00033;0.00011;0.00002;0.00004;0.00030;0.00004;0.00003;0.00013;0.00000;0.00007;0.00008;0.00001;0.00001;0.00002;0.00000;0.00001;0.00000;0.00000;0.00000;0.00000;0.00000;0.01158;0.00000;0.00000;0.00000;0.00000;0.00391;0.00000;0.00000;0.00000;0.00000;0.00000;0.00000;0.00000;0.00000;0.00000;0.00000;0.00000;0.00000;0.01081;0.00000;0.00002;0.00000;0.00002;0.00003;0.00000;0.00007;0.00000;0.00000;0.00000;0.00019;0.00001;0.00000;0.00000;0.00001;0.00000;0.00000;0.00000;0.00001;0.00000;0.00004;0.00005;0.01869;0.00000;0.00000;0.00000;0.00000;0.00000;0.00168;0.00000;0.00000;0.00002;0.00000;0.00000;0.00031;0.00000;0.00000;0.00004;0.00002;0.00001;0.00001;0.00000;0.00000;0.00000
2020-03-08 00:00;0.00264;0.00206;0.00000;0.00048;0.00004;0.00001;0.00000;0.00009;0.00000;0.00000;0.00015;0.00085;0.00189;0.00001;0.00000;0.00000;0.00110;0.00016;0.00006;0.00000;0.00000;0.00001;0.00003;0.00000;0.00000;0.00037;0.00001;0.00003;0.00000;0.00001;0.00000;0.00001;0.00016;0.00000;0.00001;0.00000;0.00000;0.00007;0.00002;0.00002;0.00002;0.00001;0.00006;0.00005;0.00011;0.00002;0.00000;0.00000;0.00002;0.00002;0.00002;0.00000;0.00000;0.00001;0.00001;0.00000;0.00000;0.00003;0.00000;0.00003;0.00004;0.00000;0.00011;0.00005;0.00004;0.00001;0.00051;0.00036;0.00000;0.00034;0.00011;0.00034;0.00002;0.00001;0.00004;0.00000;0.00004;0.00000;0.00000;0.00000;0.00003;0.00000;0.00000;0.00005;0.00000;0.00000;0.00009;0.00025;0.00000;0.00001;0.00000;0.00003;0.00014;0.00014;0.00000;0.00001;0.00010;0.00000;0.00001;0.00055;1.06439;0.00055;0.00001;0.00003;0.00006;0.00000;0.00001;0.46647;0.00009;0.00006;0.00008;0.00004;0.00023;0.00015;0.01760;0.02357;0.00175;0.00253;0.01335;0.01651;0.01200;0.00596;0.01698;0.01186;0.01038;0.03350;0.00832;0.02854;0.00397;0.00537;0.02383;0.06634;0.00069;0.00049;0.02327;0.02237;0.03748;0.01111;0.02302;0.00468;0.01051;0.00530;0.00522;0.10178;0.01938;0.01887;0.05652;0.04368;0.00916;0.04705;0.27483;0.05570;0.11070;0.02699;0.02855;0.02576;0.01866;0.51012;0.00297;0.00272;0.01120;0.00693;0.22567;0.44100;0.19652;0.08049;0.06033;0.00967;0.01427;0.12170;0.21833;0.08498;0.09087;0.03469;0.00471;0.10199;0.00209;0.05449;0.17336;0.01833;0.15517;0.09155;0.00120;0.18628;0.06842;0.00882;0.00331;0.01153;0.02695;0.06050;0.27504;0.16321;0.10764;0.17048;0.00241;0.00271;0.07499;0.15449;0.00260;0.00515;0.00076;0.00276;0.19130;0.00658;0.00149;0.00594;0.13212;0.01618;0.03139;0.00437;0.02010;0.01901;0.02276;0.16760;0.03391;0.17443;0.14018;0.12431;0.00621;0.14872;0.01249;0.02039;0.00107;0.21533;0.16677;0.12258;0.00948;0.06587;0.04589;0.02220;0.04235;0.04115;0.04214;0.05820;0.00903;0.02286;0.00262;0.02761;0.01882;0.01110;0.00965;0.01058;0.04196;0.03234;0.05017;0.02482;0.00330;0.00059;0.00015;0.00125;0.04452;0.11414;0.01121;0.00445;0.03746;0.01723;0.00696;0.02309;0.01222;0.00179;0.00614;0.00871;0.00049;0.00007;0.00466;0.00298;0.00129;0.03336;0.01447;0.01781;0.00966;0.00645;0.02150;0.01585;0.14070;0.06988;0.06239;0.22491;0.13975;0.14431;0.05790;0.02591;0.03248;0.02069;0.04357;0.03437;0.00148;0.00119;0.01693;0.10699;0.09991;0.02662;0.00807;0.01630;0.01270;0.00369;0.00496;0.00035;0.00527;0.00949;0.01340;0.05619;0.01065;0.00933;0.04547;0.03740;0.03061;0.00131;0.01575;0.01502;0.02197;0.17871;0.06726;0.00776;0.02226;0.01756;0.00730;0.00312;0.00418;0.00088;0.01133;0.00898;0.01219;0.05465;0.00420;0.01620;0.01799;0.01190;0.02384;0.00098;0.01651;0.00256;0.00034;0.00117;0.00045;0.00088;0.00809;0.00279;0.00155;0.01398;0.02131;0.00307;0.00248;0.00447;0.00308;0.00740;0.00607;0.01180;0.00749;0.00339;0.18206;0.24354;0.00084;0.08367;0.07036;0.05225;0.03672;0.00392;0.02879;0.08833;0.13559;0.06982;0.00041;0.00057;0.00077;0.00209;0.03766;0.06565;0.00031;0.00792;0.01869;0.06507;0.03275;0.01409;0.00453;0.00742;0.00716;0.01787;0.00947;0.03021;0.04138;0.67385;0.00176;0.16681;0.00201;0.00184;0.00404;0.02697;0.03681;0.01032;0.02270;0.02273;0.01602;0.01617;0.00019;0.00280;0.10771;0.07483;0.01826;0.33842;0.69668;0.02145;0.12104;0.04139;0.00907;0.00173;0.01247;0.14064;0.05138;0.09836;0.00213;0.14765;0.05832;0.03133;0.00806;0.14440;0.03465;0.06550;0.07378;0.00152;0.06565;0.02242;0.01458;0.00931;0.00482;0.02862;0.21331;0.00472;0.00743;0.00595;0.00483;0.01061;0.72087;0.09822;0.09989;0.00584;0.00706;0.29645;0.01468;0.01829;0.03512;0.02958;0.01573;0.00580;0.05427;0.02217;0.02666;0.02540;0.00934;0.01950;0.33633;0.03130;0.16199;0.04083;0.08291;0.11605;0.00002;0.00265;0.00266;0.00001;0.00001;0.13998;0.00007;0.00000;0.00006;0.00005;0.00001;0.00004;0.00000;0.00011;0.00002;0.00044;0.01017;0.62849;0.00002;0.00000;0.00001;0.00000;0.00000;0.07455;0.00000;0.00005;0.00015;0.00002;0.00008;0.00221;0.00009;0.00002;0.00040;0.00012;0.00009;0.00004;0.00004;0.00000;0.00002
2020-03-09 00:00;0.31584;0.22872;0.00023;0.07962;0.00387;0.00095;0.00052;0.02260;0.00066;0.00058;0.08661;0.12249;0.30708;0.00085;0.00256;0.00023;0.20409;0.04668;0.04623;0.02121;0.00870;0.00201;0.00914;0.01420;0.01941;0.07160;0.00238;0.00625;0.01128;0.01606;0.03530;0.00333;0.18268;0.01114;0.01638;0.02716;0.00021;0.03075;0.00582;0.02912;0.08232;0.07885;0.01063;0.01600;0.01540;0.00594;0.00044;0.00083;0.08180;0.00347;0.00481;0.00046;0.00058;0.01934;0.01132;0.03958;0.00543;0.05228;0.00965;0.00493;0.00846;0.00560;0.01610;0.10637;0.00612;0.00206;0.07199;0.06304;0.00023;0.32126;0.01713;0.05694;0.00317;0.00304;0.12066;0.00206;0.00929;0.01911;0.01726;0.06274;0.00524;0.00138;0.01601;0.12738;0.06451;0.00044;0.07250;0.07936;0.00018;0.00299;0.00018;0.01063;0.15927;0.15808;0.00000;0.00582;0.09529;0.02066;0.04495;0.26859;8.61912;0.82395;0.03757;0.02704;0.07265;0.01630;0.02529;3.05831;0.09576;0.05560;0.05408;0.07941;0.09011;0.10540;0.18970;0.15944;0.00521;0.00898;0.04053;0.05842;0.04021;0.01881;0.06010;0.03654;0.03689;0.11268;0.02802;0.10121;0.01232;0.02079;0.07567;0.23584;0.00236;0.00175;0.07792;0.07417;0.12951;0.03477;0.08684;0.01372;0.03916;0.01687;0.01778;0.36154;0.06033;0.07250;0.19665;0.16751;0.03270;0.16841;1.07005;0.18534;0.44113;0.09219;0.10872;0.09801;0.06624;2.20252;0.00995;0.01007;0.03908;0.02702;0.93946;1.98928;0.82904;0.30939;0.24458;0.03842;0.05640;0.52754;0.93981;0.54217;0.66675;0.19887;0.06656;0.67091;0.01200;0.41490;0.72438;0.10491;1.01351;0.80902;0.01693;1.62208;1.31914;0.10551;0.13675;0.08261;0.23406;0.55861;2.15595;1.64286;1.10074;1.46568;0.01826;0.01357;1.21626;1.38362;0.21524;0.27082;0.14852;0.13000;1.84203;0.07245;0.12000;0.14674;1.03064;0.11230;0.20676;0.02039;0.10326;0.11768;0.16850;0.98350;0.23716;1.22684;1.17315;1.12279;0.07929;1.65341;0.15356;0.10694;0.02554;2.04933;1.82190;1.35433;0.51406;0.83214;1.12337;0.28423;0.41298;0.39867;0.45185;0.33756;0.06617;0.15925;0.01391;0.22042;0.08790;0.08639;0.05340;0.17035;0.26173;0.22668;0.35170;0.13216;0.02398;0.01644;0.00080;0.00976;0.30611;0.99560;0.06605;0.03165;0.22015;0.12641;0.02346;0.14881;0.10077;0.00894;0.02771;0.04897;0.00347;0.00076;0.02965;0.01654;0.02215;0.15408;0.08446;0.07324;0.07676;0.06549;0.12587;0.22596;0.79409;0.79553;0.38625;1.16635;0.71778;0.70482;0.40108;0.14936;0.16884;0.11143;0.20106;0.15503;0.00871;0.01040;0.08674;0.40170;0.51796;0.08188;0.06828;0.11417;0.14403;0.03207;0.03582;0.00154;0.03442;0.05644;0.12183;0.42205;0.12700;0.08664;0.32885;0.07551;0.32545;0.16402;0.13710;0.13127;0.14515;1.48322;0.62166;0.04613;0.14038;0.05726;0.08338;0.01797;0.01417;0.06355;0.17634;0.02694;0.19762;0.48300;0.12419;0.16678;0.03872;0.17407;0.18870;0.01328;0.07859;0.02888;0.04231;0.02230;0.01486;0.01642;0.07401;0.03903;0.07074;0.16775;0.15590;0.02969;0.05691;0.04457;0.03738;0.07489;0.04649;0.10655;0.06901;0.01801;1.50695;1.80085;0.05449;0.45825;0.38311;0.20749;0.15351;0.01094;0.11564;0.61679;0.99469;0.13128;0.00054;0.00072;0.00098;0.00269;0.14285;0.12673;0.00039;0.08020;0.11314;0.43237;0.16111;0.05356;0.00771;0.01456;0.06689;0.13234;0.07098;0.26933;0.40638;2.66693;0.00890;0.59857;0.00536;0.02451;0.01701;0.26906;0.33175;0.02454;0.21215;0.32106;0.08244;0.11777;0.02338;0.03485;0.66917;0.67580;0.16456;2.00399;3.97886;0.11752;1.08023;1.25258;0.06311;0.19485;0.46873;1.02831;0.73712;0.90777;0.16924;1.51762;0.81968;0.19854;0.04478;1.67183;0.26009;0.40952;0.60365;0.02288;0.54296;0.21019;0.19456;0.08586;0.09127;0.10393;0.87390;0.01745;0.02541;0.02307;0.01608;0.03930;3.19221;0.38020;0.40217;0.02089;0.02751;1.82018;0.05346;0.06465;0.12999;0.10018;0.05253;0.01979;0.19309;0.07622;0.09810;0.08889;0.03114;0.06882;1.44407;0.10440;0.60401;0.18333;0.27219;0.41327;0.20726;0.39737;0.03483;0.03072;0.05983;0.80032;0.22272;0.00589;0.01252;0.23862;0.06710;0.01456;0.01254;0.11889;0.01207;0.34726;0.71911;3.47608;0.08559;0.03401;0.00790;0.03550;0.01130;1.99368;0.00611;0.03237;0.05460;0.01999;0.02385;0.03019;0.01327;0.00801;0.08748;0.06738;0.18899;0.04897;0.02357;0.00076;0.00618
2020-03-10 00:00;0.15809;0.13860;0.00007;0.05050;0.00117;0.00030;0.00024;0.01510;0.00024;0.00029;0.05913;0.05919;0.24508;0.00026;0.00143;0.00008;0.13330;0.02957;0.02268;0.01045;0.00492;0.00103;0.00514;0.00779;0.01061;0.06225;0.00111;0.00258;0.00571;0.00877;0.03600;0.00270;0.12748;0.00683;0.00851;0.01706;0.00007;0.01665;0.00237;0.01524;0.05849;0.06304;0.00477;0.00845;0.00616;0.00238;0.00019;0.00046;0.06843;0.00150;0.00245;0.00014;0.00023;0.00861;0.00429;0.02952;0.00306;0.03011;0.00586;0.00211;0.00345;0.00321;0.00626;0.08821;0.00258;0.00083;0.03427;0.02701;0.00007;0.26667;0.00700;0.02569;0.00118;0.00103;0.09924;0.00121;0.00382;0.01155;0.01019;0.04959;0.00240;0.00061;0.00911;0.09587;0.05339;0.00013;0.04302;0.04482;0.00052;0.00121;0.00174;0.00534;0.09533;0.10310;0.00002;0.00295;0.06181;0.01394;0.07811;0.19134;13.42752;0.79228;0.01463;0.00991;0.03134;0.00633;0.01044;3.04723;0.04466;0.02057;0.02291;0.03275;0.03941;0.04196;0.10721;0.07476;0.00134;0.00204;0.01061;0.01620;0.01461;0.00452;0.02865;0.00998;0.00889;0.03956;0.00604;0.04576;0.00269;0.00473;0.01993;0.09445;0.00054;0.00027;0.02330;0.02038;0.04827;0.00912;0.02525;0.00318;0.01209;0.00345;0.00267;0.15228;0.01479;0.01573;0.07306;0.04779;0.00739;0.05977;0.62746;0.05066;0.14992;0.02376;0.03047;0.03218;0.01726;1.64762;0.00240;0.00150;0.01052;0.00620;0.65469;1.60568;0.31489;0.12090;0.08889;0.01347;0.01809;0.24190;0.51650;0.31167;0.42102;0.14243;0.04126;0.43212;0.00510;0.17786;0.32577;0.05766;0.77790;0.41422;0.01150;0.76762;0.68286;0.02466;0.07673;0.02032;0.10549;0.46917;1.61627;0.91369;0.59066;1.05276;0.00492;0.00399;0.83211;0.74093;0.14933;0.17107;0.06050;0.04201;1.85532;0.02001;0.11777;0.07531;0.80267;0.05852;0.12891;0.00829;0.05302;0.05300;0.06267;0.55858;0.08956;0.93297;0.91962;0.59394;0.08495;2.08390;0.06548;0.05258;0.01269;1.11210;1.26303;0.96551;0.36376;0.40832;0.84172;0.13098;0.25108;0.21899;0.25325;0.31920;0.03309;0.14129;0.00583;0.15837;0.06799;0.04653;0.03784;0.10310;0.21609;0.16364;0.26915;0.12046;0.01216;0.01227;0.00026;0.00468;0.21606;0.81350;0.03819;0.01412;0.16502;0.09489;0.02748;0.09206;0.06752;0.00492;0.02367;0.03591;0.00167;0.00027;0.02241;0.00808;0.00925;0.14444;0.05279;0.08635;0.04332;0.03303;0.09490;0.13875;0.66207;0.53077;0.21977;0.91740;0.52631;0.47231;0.30991;0.11526;0.09632;0.07811;0.16589;0.14833;0.00895;0.01074;0.07262;0.45473;0.47811;0.09017;0.03220;0.05725;0.12844;0.01903;0.01765;0.00063;0.01730;0.03489;0.06854;0.33772;0.08250;0.04344;0.29991;0.12626;0.15247;0.09862;0.07887;0.08327;0.10580;1.34793;0.40085;0.02291;0.06809;0.08930;0.04481;0.00776;0.01268;0.03112;0.09948;0.05126;0.10487;0.38269;0.07155;0.11032;0.06021;0.11388;0.10496;0.00582;0.07520;0.01206;0.03079;0.00838;0.00700;0.00720;0.03884;0.01826;0.03752;0.09191;0.11352;0.01126;0.02611;0.02488;0.01503;0.03334;0.02539;0.06255;0.02975;0.01409;0.95078;1.00722;0.05248;0.23180;0.19785;0.07164;0.07038;0.01486;0.05830;0.34216;0.56704;0.11327;0.00079;0.00103;0.00140;0.00382;0.13657;0.18996;0.00055;0.04356;0.06644;0.24645;0.07341;0.01731;0.01128;0.02195;0.03136;0.06366;0.07277;0.14770;0.25188;0.85620;0.00488;0.65371;0.00702;0.01353;0.01214;0.13746;0.16407;0.02900;0.13549;0.19783;0.08255;0.06031;0.01218;0.02085;0.35532;0.40418;0.09849;1.28595;2.75688;0.05431;0.44619;0.94092;0.09991;0.20477;0.30683;0.95366;0.29373;0.50758;0.12935;0.77205;0.38515;0.09234;0.04083;1.65614;0.13496;0.19012;0.56737;0.00698;0.36336;0.17979;0.10276;0.02431;0.09732;0.03354;0.47715;0.00456;0.00599;0.00324;0.00429;0.01148;2.57037;0.14321;0.19762;0.00508;0.00563;1.45653;0.01726;0.01956;0.05283;0.03128;0.01353;0.00639;0.07402;0.01869;0.04487;0.03103;0.00743;0.03017;1.37923;0.02955;0.32842;0.05486;0.09818;0.23300;0.10907;0.22693;0.02161;0.01220;0.02466;0.48688;0.14596;0.00174;0.00549;0.14916;0.02721;0.00701;0.00868;0.08021;0.00607;0.21713;0.55661;3.96589;0.04955;0.01738;0.00363;0.02197;0.00434;2.29119;0.00525;0.01565;0.04074;0.00905;0.01044;0.04427;0.00551;0.00370;0.05291;0.05747;0.15040;0.05756;0.01267;0.00108;0.00300
2020-03-11 00:00;0.02106;0.02109;0.00000;0.00842;0.00003;0.00001;0.00000;0.00214;0.00000;0.00000;0.01013;0.00717;0.04859;0.00000;0.00009;0.00000;0.02268;0.00304;0.00242;0.00067;0.00054;0.00009;0.00048;0.00060;0.00077;0.01389;0.00007;0.00017;0.00045;0.00064;0.00887;0.00021;0.02196;0.00058;0.00071;0.00250;0.00000;0.00213;0.00012;0.00159;0.00969;0.01231;0.00035;0.00068;0.00048;0.00014;0.00000;0.00000;0.01432;0.00012;0.00018;0.00000;0.00000;0.00067;0.00000;0.00536;0.00016;0.00416;0.00076;0.00015;0.00022;0.00024;0.00047;0.01800;0.00024;0.00005;0.00407;0.00239;0.00000;0.05412;0.00054;0.00262;0.00008;0.00000;0.02036;0.00009;0.00023;0.00103;0.00079;0.00937;0.00020;0.00004;0.00079;0.01804;0.01059;0.00000;0.00626;0.00594;0.00004;0.00007;0.00017;0.00039;0.01396;0.01647;0.00000;0.00021;0.00975;0.00134;0.02046;0.03352;4.74252;0.22292;0.00091;0.00059;0.00281;0.00046;0.00086;0.83202;0.00486;0.00115;0.00209;0.00258;0.00382;0.00304;0.01376;0.00642;0.00011;0.00012;0.00073;0.00121;0.00137;0.00027;0.00313;0.00080;0.00056;0.00360;0.00029;0.00484;0.00014;0.00025;0.00144;0.00951;0.00003;0.00000;0.00183;0.00148;0.00458;0.00066;0.00199;0.00020;0.00099;0.00015;0.00002;0.01558;0.00094;0.00091;0.00692;0.00374;0.00041;0.00535;0.07123;0.00380;0.01324;0.00166;0.00228;0.00286;0.00116;0.34839;0.00017;0.00000;0.00079;0.00033;0.13395;0.36624;0.03314;0.01153;0.00856;0.00112;0.00138;0.03225;0.07651;0.04675;0.07261;0.02774;0.00523;0.06722;0.00053;0.01998;0.04284;0.00807;0.14970;0.05585;0.00167;0.09526;0.09234;0.00174;0.00978;0.00147;0.01239;0.10607;0.27180;0.13245;0.07814;0.19966;0.00035;0.00026;0.13935;0.10356;0.02680;0.02569;0.00590;0.00310;0.55291;0.00152;0.02315;0.00875;0.16938;0.00651;0.02040;0.00070;0.00706;0.00542;0.00561;0.08264;0.00860;0.18927;0.19301;0.08249;0.01911;0.81882;0.00549;0.00677;0.00095;0.15866;0.22458;0.17857;0.05227;0.05020;0.16035;0.01468;0.03985;0.03113;0.03649;0.08528;0.00368;0.03400;0.00051;0.03014;0.01356;0.00432;0.00706;0.01472;0.04902;0.02841;0.05390;0.03667;0.00139;0.00100;0.00000;0.00047;0.03946;0.17444;0.00530;0.00101;0.03289;0.01583;0.00799;0.01335;0.01004;0.00062;0.00549;0.00695;0.00014;0.00000;0.00433;0.00073;0.00047;0.03858;0.00714;0.02966;0.00490;0.00257;0.01884;0.02167;0.15170;0.09015;0.02819;0.19709;0.10436;0.08339;0.06384;0.02105;0.01201;0.01329;0.03659;0.04078;0.00173;0.00163;0.01619;0.18032;0.12179;0.02975;0.00295;0.00611;0.03024;0.00286;0.00198;0.00004;0.00210;0.00567;0.00973;0.07137;0.01376;0.00511;0.07520;0.05076;0.01658;0.01095;0.01136;0.01347;0.02078;0.32275;0.06543;0.00241;0.00754;0.03543;0.00588;0.00063;0.00256;0.00274;0.01294;0.02318;0.01296;0.08060;0.00926;0.01715;0.02192;0.01743;0.01374;0.00042;0.01938;0.00111;0.00450;0.00051;0.00053;0.00037;0.00488;0.00145;0.00427;0.01225;0.02212;0.00092;0.00204;0.00326;0.00123;0.00311;0.00349;0.00872;0.00266;0.00243;0.16096;0.14370;0.01167;0.03117;0.02307;0.00284;0.00866;0.00282;0.00689;0.04789;0.08022;0.09736;0.00006;0.00008;0.00012;0.00036;0.03238;0.06811;0.00004;0.00601;0.01010;0.03728;0.00815;0.00145;0.00302;0.00628;0.00345;0.00770;0.01684;0.02076;0.04023;0.02082;0.00038;0.21151;0.00133;0.00148;0.00169;0.01758;0.01916;0.00801;0.02116;0.03128;0.02315;0.00774;0.00069;0.00278;0.04993;0.06115;0.01481;0.21847;0.45018;0.00649;0.04951;0.17813;0.03324;0.05445;0.04902;0.24233;0.03144;0.07612;0.02480;0.10258;0.04723;0.01143;0.00859;0.40770;0.01769;0.02324;0.13862;0.00054;0.05815;0.04053;0.01374;0.00165;0.02281;0.00278;0.05345;0.00031;0.00041;0.00002;0.00032;0.00090;0.55836;0.01311;0.02076;0.00031;0.00027;0.28862;0.00144;0.00156;0.00515;0.00264;0.00091;0.00056;0.00704;0.00115;0.00467;0.00281;0.00043;0.00314;0.34344;0.00218;0.03806;0.00429;0.00957;0.02835;0.01414;0.03264;0.00319;0.00093;0.00203;0.05895;0.02372;0.00000;0.00054;0.02327;0.00217;0.00080;0.00108;0.01357;0.00069;0.03401;0.10816;0.97198;0.00688;0.00141;0.00032;0.00310;0.00000;0.74619;0.00046;0.00156;0.00743;0.00077;0.00080;0.01554;0.00049;0.00024;0.00818;0.01213;0.02991;0.01982;0.00162;0.00000;0.00029
2020-03-12 00:00;0.02624;0.01123;0.00001;0.00444;0.00030;0.00005;0.00002;0.00080;0.00004;0.00003;0.00117;0.00645;0.01455;0.00005;0.00003;0.00001;0.00856;0.00158;0.00037;0.00002;0.00000;0.00010;0.00033;0.00000;0.00001;0.00259;0.00010;0.00032;0.00001;0.00017;0.00000;0.00009;0.00251;0.00007;0.00002;0.00000;0.00001;0.00059;0.00027;0.00003;0.00014;0.00000;0.00047;0.00061;0.00080;0.00027;0.00001;0.00003;0.00014;0.00017;0.00023;0.00003;0.00002;0.00007;0.00005;0.00000;0.00000;0.00009;0.00000;0.00020;0.00044;0.00000;0.00084;0.00016;0.00032;0.00010;0.00377;0.00333;0.00001;0.00194;0.00085;0.00297;0.00017;0.00006;0.00028;0.00004;0.00047;0.00000;0.00001;0.00000;0.00021;0.00005;0.00001;0.00019;0.00000;0.00002;0.00100;0.00254;0.00000;0.00015;0.00003;0.00042;0.00157;0.00212;0.00000;0.00019;0.00125;0.00036;0.00125;0.02649;1.37664;0.05767;0.00112;0.00106;0.00283;0.00064;0.00094;0.13824;0.00407;0.00213;0.00229;0.00279;0.00416;0.00403;0.01142;0.00631;0.00020;0.00015;0.00065;0.00111;0.00068;0.00041;0.00107;0.00114;0.00081;0.00191;0.00022;0.00187;0.00018;0.00035;0.00156;0.00459;0.00003;0.00001;0.00106;0.00106;0.00239;0.00073;0.00131;0.00033;0.00059;0.00001;0.00015;0.00680;0.00053;0.00146;0.00287;0.00290;0.00022;0.00214;0.01703;0.00296;0.00556;0.00095;0.00072;0.00211;0.00003;0.06223;0.00028;0.00004;0.00085;0.00004;0.02446;0.07144;0.01371;0.00423;0.00054;0.00009;0.00023;0.01231;0.00207;0.01349;0.02664;0.00887;0.00164;0.01020;0.00016;0.00782;0.02260;0.00165;0.01682;0.01194;0.00031;0.01324;0.00737;0.00070;0.00034;0.00076;0.00331;0.01401;0.04479;0.01778;0.01076;0.03566;0.00026;0.00000;0.01254;0.01791;0.00161;0.00259;0.00031;0.00038;0.09279;0.00034;0.00385;0.00086;0.02349;0.00145;0.00217;0.00000;0.00000;0.00114;0.00185;0.00962;0.00283;0.01847;0.03673;0.01541;0.00265;0.12144;0.00075;0.00035;0.00010;0.01138;0.02186;0.00860;0.00279;0.00279;0.00932;0.00109;0.00494;0.00382;0.00388;0.01570;0.00084;0.00307;0.00008;0.00399;0.00497;0.00118;0.00169;0.00066;0.01145;0.00265;0.00503;0.00332;0.00023;0.00011;0.00000;0.00007;0.00504;0.00978;0.00048;0.00026;0.00219;0.00160;0.00237;0.00135;0.00087;0.00003;0.00083;0.00092;0.00003;0.00000;0.00032;0.00013;0.00008;0.00651;0.00042;0.00545;0.00057;0.00030;0.00542;0.00185;0.01715;0.00453;0.00346;0.00439;0.00182;0.00198;0.00092;0.00083;0.00079;0.00034;0.00415;0.00058;0.00003;0.00009;0.00012;0.04286;0.02534;0.00609;0.00036;0.00091;0.00357;0.00061;0.00032;0.00000;0.00032;0.00039;0.00121;0.00435;0.00148;0.00117;0.01083;0.01947;0.00173;0.00031;0.00187;0.00242;0.00322;0.01801;0.00586;0.00045;0.00122;0.01295;0.00073;0.00013;0.00165;0.00016;0.00102;0.00705;0.00084;0.00682;0.00053;0.00264;0.00934;0.00206;0.00315;0.00008;0.00871;0.00020;0.00024;0.00008;0.00004;0.00009;0.00037;0.00029;0.00016;0.00137;0.00402;0.00021;0.00025;0.00055;0.00018;0.00074;0.00053;0.00168;0.00066;0.00093;0.02576;0.02277;0.00196;0.00883;0.00743;0.00328;0.00446;0.00195;0.00263;0.00800;0.01417;0.09464;0.00000;0.00000;0.00000;0.00000;0.01640;0.04601;0.00000;0.00056;0.00133;0.00521;0.00000;0.00161;0.00284;0.00393;0.00055;0.00165;0.00305;0.00163;0.00374;0.01946;0.00041;0.07618;0.00069;0.00022;0.00101;0.00205;0.00259;0.00485;0.00229;0.00228;0.00590;0.00151;0.00004;0.00020;0.00794;0.00854;0.00112;0.02286;0.03973;0.00087;0.00851;0.02819;0.01311;0.00764;0.01096;0.05041;0.00570;0.01767;0.00342;0.01485;0.00783;0.00261;0.00540;0.04854;0.00385;0.00673;0.01976;0.00023;0.00877;0.00556;0.00213;0.00057;0.00210;0.00087;0.01152;0.00024;0.00073;0.00012;0.00031;0.00069;0.06119;0.00457;0.00572;0.00020;0.00002;0.04143;0.00087;0.00110;0.00239;0.00216;0.00094;0.00050;0.00365;0.00150;0.00177;0.00175;0.00054;0.00128;0.05111;0.00131;0.01174;0.00443;0.00743;0.00893;0.00867;0.02220;0.00231;0.00128;0.00224;0.02345;0.00942;0.00019;0.00067;0.01021;0.00279;0.00073;0.00000;0.00077;0.00010;0.00324;0.00325;0.11814;0.00002;0.00003;0.00004;0.00000;0.00002;0.09493;0.00008;0.00051;0.00212;0.00015;0.00064;0.01593;0.00071;0.00020;0.00289;0.00123;0.00096;0.00226;0.00026;0.00001;0.00015
2020-03-13 00:00;0.07098;0.11230;0.00004;0.01818;0.00091;0.00034;0.00010;0.00847;0.00012;0.00015;0.02631;0.05052;0.11026;0.00039;0.00020;0.00010;0.07106;0.02299;0.01870;0.01095;0.00446;0.00054;0.00505;0.00787;0.01122;0.03814;0.00062;0.00352;0.00572;0.00871;0.02695;0.00058;0.08047;0.00662;0.00899;0.01448;0.00009;0.01235;0.00368;0.01488;0.04816;0.04768;0.00418;0.00622;0.00528;0.00407;0.00010;0.00037;0.04566;0.00178;0.00313;0.00019;0.00030;0.00924;0.00614;0.02500;0.00385;0.02700;0.00601;0.00221;0.00578;0.00390;0.00801;0.06076;0.00315;0.00138;0.03449;0.03918;0.00010;0.17130;0.00808;0.03369;0.00161;0.00167;0.07346;0.00124;0.00624;0.01520;0.01427;0.04897;0.00251;0.00105;0.01206;0.08680;0.05479;0.00024;0.04091;0.05150;0.00060;0.00213;0.00407;0.00687;0.09368;0.11401;0.00019;0.00409;0.06003;0.01764;0.11286;0.19449;1.90246;0.52810;0.02677;0.01483;0.05021;0.00939;0.01735;0.60535;0.05681;0.03530;0.03023;0.05542;0.05308;0.06978;0.04530;0.03670;0.00131;0.00208;0.01005;0.01336;0.00926;0.00452;0.01329;0.00888;0.00842;0.02578;0.00666;0.02220;0.00302;0.00466;0.01806;0.05210;0.00055;0.00040;0.01793;0.01721;0.02891;0.00829;0.01921;0.00340;0.00852;0.00408;0.00421;0.07874;0.01459;0.01590;0.04343;0.03580;0.00736;0.03646;0.21737;0.04203;0.09199;0.02085;0.02370;0.02069;0.01477;0.41981;0.00225;0.00222;0.00852;0.00574;0.18349;0.39311;0.17609;0.06347;0.05680;0.01003;0.01449;0.11822;0.22992;0.09350;0.12799;0.04778;0.01095;0.11455;0.00217;0.05914;0.16336;0.01742;0.18656;0.10843;0.00311;0.19606;0.16334;0.01076;0.01795;0.01133;0.02772;0.06792;0.32384;0.19671;0.11756;0.21299;0.00227;0.00286;0.15183;0.17343;0.03112;0.03752;0.01437;0.01262;0.30305;0.00723;0.02719;0.01777;0.21361;0.02193;0.04497;0.00563;0.02622;0.02565;0.03080;0.21097;0.04287;0.25907;0.28107;0.19885;0.02395;0.35032;0.02041;0.02665;0.00317;0.27119;0.32312;0.20941;0.07897;0.11365;0.18842;0.03563;0.07714;0.07027;0.07682;0.12350;0.01362;0.04206;0.00348;0.04663;0.03394;0.01985;0.01661;0.02558;0.08132;0.05678;0.08778;0.03659;0.00490;0.00279;0.00020;0.00181;0.07108;0.18828;0.01576;0.00653;0.05453;0.02967;0.01763;0.03352;0.02106;0.00237;0.00996;0.01316;0.00072;0.00012;0.00731;0.00403;0.00328;0.05572;0.02168;0.04146;0.01551;0.00983;0.04577;0.04524;0.22643;0.13293;0.08990;0.30075;0.19086;0.19753;0.09042;0.04040;0.04478;0.03034;0.07427;0.05313;0.00278;0.00302;0.02531;0.19680;0.20095;0.05055;0.01171;0.02366;0.04089;0.00636;0.00680;0.00044;0.00690;0.01261;0.02255;0.08361;0.02538;0.01671;0.10306;0.10442;0.04772;0.02216;0.02748;0.02952;0.03548;0.29831;0.11326;0.01036;0.03051;0.06342;0.01554;0.00413;0.00850;0.00908;0.02817;0.03893;0.02715;0.08812;0.01781;0.03449;0.04736;0.03245;0.03887;0.00209;0.03985;0.00459;0.00666;0.00285;0.00177;0.00236;0.01177;0.00649;0.00991;0.02819;0.03781;0.00499;0.00758;0.00827;0.00520;0.01307;0.00924;0.02101;0.01253;0.00843;0.31184;0.37145;0.01910;0.11017;0.09669;0.06405;0.04506;0.01127;0.03526;0.13239;0.20530;0.11011;0.00074;0.00096;0.00130;0.00351;0.08558;0.16019;0.00052;0.01299;0.02773;0.08764;0.04317;0.01723;0.00995;0.01796;0.01114;0.02582;0.01848;0.04148;0.07232;0.81637;0.00303;0.36177;0.00530;0.00521;0.00759;0.04511;0.05592;0.02261;0.03990;0.05257;0.03569;0.02384;0.00336;0.00557;0.14421;0.12522;0.02560;0.39025;0.80832;0.02204;0.11726;0.19853;0.06445;0.05205;0.07339;0.25540;0.06855;0.13123;0.02780;0.16164;0.09889;0.03152;0.01996;0.28596;0.04132;0.06992;0.11578;0.00234;0.07599;0.03294;0.02306;0.00747;0.02973;0.02231;0.17214;0.00369;0.00576;0.00518;0.00367;0.00850;0.64963;0.07926;0.08034;0.00464;0.00606;0.24048;0.01156;0.01424;0.02759;0.02264;0.01201;0.00444;0.04205;0.01712;0.02082;0.01989;0.00725;0.01517;0.28048;0.02472;0.12816;0.03932;0.06421;0.09167;0.13209;0.22389;0.00812;0.01910;0.04126;0.16184;0.13821;0.00376;0.00744;0.15479;0.04344;0.00948;0.01194;0.08274;0.00778;0.23702;0.14003;0.63953;0.05702;0.02633;0.00527;0.02666;0.00806;0.41611;0.00776;0.01938;0.03805;0.01204;0.01309;0.04695;0.00707;0.00398;0.04885;0.04780;0.11596;0.03964;0.01147;0.00127;0.00304
2020-03-14 00:00;0.01357;0.02798;0.00000;0.00523;0.00001;0.00000;0.00000;0.00167;0.00000;0.00000;0.00803;0.00861;0.05014;0.00000;0.00001;0.00000;0.02273;0.00293;0.00284;0.00083;0.00066;0.00005;0.00060;0.00073;0.00096;0.01642;0.00004;0.00036;0.00055;0.00075;0.01122;0.00005;0.02408;0.00067;0.00094;0.00338;0.00000;0.00244;0.00021;0.00214;0.01260;0.01616;0.00033;0.00062;0.00044;0.00055;0.00000;0.00000;0.01954;0.00020;0.00038;0.00000;0.00001;0.00092;0.00000;0.00781;0.00023;0.00617;0.00114;0.00020;0.00083;0.00035;0.00067;0.02844;0.00040;0.00023;0.00598;0.00491;0.00000;0.08217;0.00086;0.00494;0.00011;0.00000;0.03205;0.00012;0.00102;0.00164;0.00130;0.01532;0.00030;0.00045;0.00129;0.03153;0.01808;0.00000;0.01015;0.01048;0.00005;0.00014;0.00041;0.00078;0.02362;0.03135;0.00002;0.00038;0.01624;0.00205;0.04487;0.05455;2.48553;0.33081;0.00497;0.00108;0.00646;0.00089;0.00194;0.51272;0.00961;0.00251;0.00393;0.00802;0.00762;0.00785;0.00755;0.00353;0.00012;0.00016;0.00108;0.00175;0.00215;0.00039;0.00491;0.00101;0.00075;0.00565;0.00047;0.00755;0.00019;0.00031;0.00204;0.01437;0.00005;0.00000;0.00291;0.00230;0.00710;0.00092;0.00276;0.00024;0.00151;0.00024;0.00001;0.02393;0.00142;0.00109;0.01074;0.00543;0.00066;0.00849;0.11160;0.00559;0.01944;0.00244;0.00304;0.00399;0.00183;0.28681;0.00019;0.00000;0.00111;0.00046;0.11569;0.28802;0.03693;0.01728;0.01047;0.00128;0.00174;0.02971;0.07284;0.03332;0.03864;0.01996;0.00186;0.05125;0.00036;0.01463;0.04362;0.00625;0.09727;0.02859;0.00062;0.05790;0.03902;0.00117;0.00328;0.00112;0.00733;0.03071;0.17405;0.06134;0.04089;0.08298;0.00026;0.00027;0.06827;0.05148;0.01091;0.00869;0.00202;0.00122;0.21233;0.00094;0.00698;0.00285;0.08432;0.00332;0.01175;0.00066;0.00631;0.00378;0.00405;0.07365;0.00647;0.11233;0.11829;0.05314;0.00722;0.26523;0.00218;0.00642;0.00028;0.06896;0.09905;0.06779;0.01518;0.02178;0.06317;0.00601;0.02198;0.01684;0.01945;0.05852;0.00217;0.02067;0.00043;0.01895;0.01012;0.00230;0.00523;0.00554;0.03266;0.01523;0.03073;0.02194;0.00079;0.00026;0.00000;0.00025;0.02171;0.08938;0.00339;0.00058;0.01980;0.00713;0.00690;0.00735;0.00454;0.00045;0.00396;0.00447;0.00008;0.00000;0.00234;0.00048;0.00021;0.02791;0.00415;0.02397;0.00239;0.00095;0.01489;0.01237;0.09924;0.03880;0.01679;0.14053;0.07413;0.06139;0.03887;0.01114;0.00794;0.00803;0.02808;0.03055;0.00070;0.00056;0.00992;0.13099;0.08558;0.02610;0.00143;0.00354;0.01696;0.00152;0.00110;0.00004;0.00130;0.00382;0.00518;0.03981;0.00682;0.00286;0.05074;0.04753;0.00736;0.00313;0.00630;0.00761;0.01319;0.16257;0.03055;0.00149;0.00493;0.03071;0.00325;0.00044;0.00212;0.00098;0.00538;0.02020;0.00490;0.03465;0.00332;0.00793;0.01953;0.00744;0.00715;0.00018;0.01381;0.00059;0.00131;0.00020;0.00016;0.00013;0.00222;0.00062;0.00155;0.00586;0.01355;0.00055;0.00071;0.00163;0.00055;0.00162;0.00206;0.00440;0.00145;0.00179;0.09739;0.08440;0.00588;0.02259;0.01465;0.00240;0.00679;0.00218;0.00524;0.03063;0.04490;0.09595;0.00005;0.00008;0.00011;0.00035;0.02578;0.06146;0.00004;0.00304;0.00737;0.02612;0.00770;0.00134;0.00285;0.00530;0.00182;0.00507;0.00578;0.00979;0.02032;0.01541;0.00028;0.17225;0.00102;0.00069;0.00114;0.00924;0.00970;0.00795;0.00975;0.01447;0.01667;0.00491;0.00021;0.00106;0.03712;0.03154;0.00621;0.14613;0.41584;0.00603;0.02344;0.06292;0.02503;0.02262;0.01867;0.13218;0.01458;0.03550;0.00911;0.04791;0.02170;0.00724;0.00523;0.17244;0.00879;0.01433;0.06526;0.00027;0.03408;0.01263;0.00506;0.00070;0.00978;0.00446;0.07840;0.00049;0.00049;0.00001;0.00045;0.00136;0.49594;0.02062;0.03155;0.00050;0.00044;0.17177;0.00226;0.00242;0.00800;0.00394;0.00139;0.00082;0.01096;0.00178;0.00728;0.00432;0.00067;0.00490;0.27592;0.00348;0.05752;0.00640;0.01403;0.04325;0.02999;0.05699;0.00178;0.00194;0.00465;0.07752;0.04858;0.00000;0.00101;0.04988;0.00470;0.00169;0.00194;0.02783;0.00132;0.06995;0.05003;0.75848;0.01317;0.00265;0.00063;0.00580;0.00000;0.32831;0.00076;0.00268;0.01136;0.00135;0.00128;0.01807;0.00076;0.00029;0.01316;0.01764;0.04382;0.02810;0.00230;0.00000;0.00037
2020-03-15 00:00;0.00011;0.00034;0.00000;0.00003;0.00000;0.00000;0.00000;0.00001;0.00000;0.00000;0.00001;0.00004;0.00021;0.00000;0.00000;0.00000;0.00009;0.00002;0.00000;0.00000;0.00000;0.00000;0.00001;0.00000;0.00000;0.00005;0.00000;0.00001;0.00000;0.00000;0.00000;0.00000;0.00002;0.00000;0.00000;0.00000;0.00000;0.00000;0.00000;0.00000;0.00000;0.00000;0.00000;0.00001;0.00000;0.00002;0.00000;0.00000;0.00000;0.00000;0.00001;0.00000;0.00000;0.00000;0.00000;0.00000;0.00000;0.00000;0.00000;0.00000;0.00003;0.00000;0.00000;0.00001;0.00001;0.00001;0.00005;0.00007;0.00000;0.00004;0.00002;0.00006;0.00000;0.00000;0.00001;0.00000;0.00005;0.00000;0.00000;0.00000;0.00001;0.00003;0.00000;0.00000;0.00000;0.00000;0.00001;0.00005;0.00000;0.00000;0.00000;0.00002;0.00006;0.00006;0.00000;0.00000;0.00012;0.00000;0.00282;0.00035;0.46472;0.03465;0.00022;0.00000;0.00002;0.00000;0.00000;0.06708;0.00001;0.00001;0.00001;0.00024;0.00005;0.00013;0.00004;0.00002;0.00000;0.00000;0.00000;0.00000;0.00000;0.00000;0.00000;0.00000;0.00000;0.00000;0.00000;0.00000;0.00000;0.00000;0.00000;0.00001;0.00000;0.00000;0.00000;0.00000;0.00000;0.00000;0.00000;0.00000;0.00000;0.00000;0.00000;0.00001;0.00000;0.00000;0.00000;0.00001;0.00000;0.00000;0.00000;0.00001;0.00001;0.00000;0.00000;0.00001;0.00000;0.03085;0.00000;0.00000;0.00000;0.00000;0.01255;0.03375;0.00008;0.00000;0.00000;0.00000;0.00000;0.00020;0.00003;0.00015;0.00024;0.00011;0.00001;0.00012;0.00000;0.00005;0.00032;0.00002;0.00020;0.00010;0.00000;0.00039;0.00019;0.00000;0.00001;0.00001;0.00003;0.00037;0.00070;0.00025;0.00019;0.00034;0.00000;0.00000;0.00067;0.00015;0.00006;0.00004;0.00001;0.00001;0.02321;0.00000;0.00004;0.00002;0.00043;0.00001;0.00002;0.00000;0.00000;0.00000;0.00001;0.00008;0.00001;0.00019;0.00045;0.00010;0.00002;0.03144;0.00001;0.00000;0.00000;0.00033;0.00030;0.00038;0.00007;0.00010;0.00021;0.00003;0.00007;0.00006;0.00005;0.00082;0.00000;0.00012;0.00000;0.00005;0.00010;0.00001;0.00004;0.00003;0.00016;0.00005;0.00016;0.00237;0.00000;0.00000;0.00000;0.00000;0.00015;0.00013;0.00001;0.00000;0.00006;0.00003;0.00007;0.00003;0.00002;0.00000;0.00002;0.00002;0.00000;0.00000;0.00001;0.00000;0.00000;0.00026;0.00000;0.00021;0.00001;0.00001;0.00015;0.00004;0.00064;0.00040;0.00007;0.00012;0.00003;0.00007;0.00004;0.00002;0.00000;0.00000;0.00000;0.00000;0.00000;0.00000;0.00000;0.01603;0.00144;0.00012;0.00001;0.00002;0.00014;0.00001;0.00000;0.00000;0.00000;0.00000;0.00002;0.00007;0.00004;0.00001;0.00039;0.00040;0.00003;0.00002;0.00002;0.00003;0.00004;0.00034;0.00008;0.00000;0.00001;0.00024;0.00000;0.00000;0.00001;0.00000;0.00002;0.00021;0.00002;0.00014;0.00001;0.00002;0.00018;0.00002;0.00003;0.00000;0.00014;0.00000;0.00001;0.00000;0.00000;0.00000;0.00001;0.00000;0.00001;0.00001;0.00004;0.00000;0.00000;0.00000;0.00000;0.00000;0.00000;0.00001;0.00000;0.00001;0.00043;0.00026;0.00005;0.00011;0.00006;0.00231;0.00006;0.00002;0.00002;0.00004;0.00012;0.09304;0.00000;0.00000;0.00000;0.00000;0.00024;0.00050;0.00000;0.00001;0.00001;0.00005;0.00000;0.00130;0.00002;0.00006;0.00000;0.00001;0.00004;0.00003;0.00004;0.01490;0.00000;0.00128;0.00001;0.00001;0.00001;0.00003;0.00003;0.00004;0.00002;0.00005;0.00009;0.00001;0.00000;0.00000;0.00006;0.00005;0.00002;0.00012;0.00035;0.00000;0.00012;0.00028;0.00027;0.00019;0.00005;0.00104;0.00009;0.00023;0.00003;0.00026;0.00009;0.00002;0.00004;0.00090;0.00002;0.00005;0.00030;0.00000;0.00008;0.00008;0.00002;0.00000;0.00003;0.00000;0.00001;0.00000;0.00000;0.00000;0.00000;0.00000;0.04838;0.00000;0.00000;0.00000;0.00000;0.01727;0.00000;0.00000;0.00000;0.00000;0.00000;0.00000;0.00000;0.00000;0.00000;0.00000;0.00000;0.00000;0.03893;0.00000;0.00001;0.00000;0.00002;0.00002;0.00000;0.00007;0.00000;0.00000;0.00000;0.00015;0.00001;0.00000;0.00000;0.00001;0.00000;0.00000;0.00000;0.00004;0.00000;0.00004;0.00004;0.09861;0.00000;0.00000;0.00000;0.00000;0.00000;0.03636;0.00000;0.00000;0.00002;0.00000;0.00001;0.00066;0.00000;0.00000;0.00003;0.00006;0.00004;0.00303;0.00000;0.00000;0.00000
2020-03-16 00:00;0.00000;0.00000;0.00000;0.00000;0.00000;0.00000;0.00000;0.00000;0.00000;0.00000;0.00000;0.00000;0.00000;0.00000;0.00000;0.00000;0.00000;0.00000;0.00000;0.00000;0.00000;0.00000;0.00000;0.00000;0.00000;0.00000;0.00000;0.00000;0.00000;0.00000;0.00000;0.00000;0.00000;0.00000;0.00000;0.00000;0.00000;0.00000;0.00000;0.00000;0.00000;0.00000;0.00000;0.00000;0.00000;0.00000;0.00000;0.00000;0.00000;0.00000;0.00000;0.00000;0.00000;0.00000;0.00000;0.00000;0.00000;0.00000;0.00000;0.00000;0.00000;0.00000;0.00000;0.00000;0.00000;0.00000;0.00000;0.00000;0.00000;0.00000;0.00000;0.00000;0.00000;0.00000;0.00000;0.00000;0.00001;0.00000;0.00000;0.00000;0.00000;0.00000;0.00000;0.00000;0.00000;0.00000;0.00000;0.00000;0.00000;0.00000;0.00000;0.00000;0.00001;0.00000;0.00000;0.00000;0.00002;0.00000;0.00004;0.00000;0.15064;0.00007;0.00000;0.00000;0.00000;0.00000;0.00000;0.00005;0.00000;0.00000;0.00000;0.00000;0.00000;0.00000;0.00000;0.00000;0.00000;0.00000;0.00000;0.00000;0.00000;0.00000;0.00000;0.00000;0.00000;0.00000;0.00000;0.00000;0.00000;0.00000;0.00000;0.00000;0.00000;0.00000;0.00000;0.00000;0.00000;0.00000;0.00000;0.00000;0.00000;0.00000;0.00000;0.00000;0.00000;0.00000;0.00000;0.00000;0.00000;0.00000;0.00000;0.00000;0.00000;0.00000;0.00000;0.00000;0.00000;0.00004;0.00000;0.00000;0.00000;0.00000;0.00001;0.00007;0.00000;0.00000;0.00000;0.00000;0.00000;0.00000;0.00000;0.00000;0.00000;0.00000;0.00000;0.00000;0.00000;0.00000;0.00000;0.00000;0.00000;0.00000;0.00000;0.00000;0.00000;0.00000;0.00000;0.00000;0.00000;0.00000;0.00000;0.00000;0.00000;0.00000;0.00000;0.00000;0.00000;0.00000;0.00000;0.00000;0.00000;0.00000;0.00010;0.00000;0.00000;0.00000;0.00000;0.00000;0.00000;0.00000;0.00000;0.00000;0.00000;0.00000;0.00000;0.00000;0.00000;0.00000;0.00000;0.00019;0.00000;0.00000;0.00000;0.00000;0.00000;0.00000;0.00000;0.00000;0.00000;0.00000;0.00000;0.00000;0.00000;0.00000;0.00000;0.00000;0.00000;0.00000;0.00000;0.00000;0.00000;0.00000;0.00000;0.00000;0.00000;0.00000;0.00000;0.00000;0.00000;0.00000;0.00000;0.00000;0.00000;0.00000;0.00000;0.00000;0.00000;0.00000;0.00000;0.00000;0.00000;0.00000;0.00000;0.00000;0.00000;0.00000;0.00000;0.00000;0.00000;0.00000;0.00000;0.00000;0.00000;0.00000;0.00000;0.00000;0.00000;0.00000;0.00000;0.00000;0.00000;0.00000;0.00000;0.00000;0.00000;0.00000;0.00000;0.00000;0.00000;0.00016;0.00000;0.00000;0.00000;0.00000;0.00000;0.00000;0.00000;0.00000;0.00000;0.00000;0.00000;0.00000;0.00000;0.00000;0.00000;0.00000;0.00000;0.00000;0.00000;0.00000;0.00000;0.00000;0.00000;0.00000;0.00000;0.00000;0.00000;0.00000;0.00000;0.00000;0.00000;0.00000;0.00000;0.00000;0.00000;0.00000;0.00000;0.00000;0.00000;0.00000;0.00000;0.00000;0.00000;0.00000;0.00000;0.00000;0.00000;0.00000;0.00000;0.00000;0.00000;0.00000;0.00000;0.00000;0.00000;0.00000;0.00000;0.00000;0.00000;0.00000;0.00000;0.00000;0.00000;0.00000;0.00000;0.00224;0.00000;0.00000;0.00000;0.00000;0.00000;0.09005;0.00000;0.00000;0.00000;0.00000;0.00000;0.00000;0.00000;0.00000;0.00000;0.00000;0.00000;0.00126;0.00000;0.00000;0.00000;0.00000;0.00000;0.00000;0.00000;0.01440;0.00000;0.00000;0.00000;0.00000;0.00000;0.00000;0.00000;0.00000;0.00000;0.00000;0.00000;0.00000;0.00000;0.00000;0.00000;0.00000;0.00000;0.00000;0.00000;0.00000;0.00000;0.00000;0.00000;0.00000;0.00000;0.00000;0.00000;0.00000;0.00000;0.00000;0.00000;0.00000;0.00000;0.00000;0.00000;0.00000;0.00000;0.00000;0.00000;0.00000;0.00000;0.00000;0.00000;0.00000;0.00000;0.00000;0.00000;0.00000;0.00000;0.00000;0.00001;0.00000;0.00000;0.00000;0.00000;0.00004;0.00000;0.00000;0.00000;0.00000;0.00000;0.00000;0.00000;0.00000;0.00000;0.00000;0.00000;0.00000;0.00002;0.00000;0.00000;0.00000;0.00000;0.00000;0.00000;0.00000;0.00000;0.00000;0.00000;0.00000;0.00000;0.00000;0.00000;0.00000;0.00000;0.00000;0.00000;0.00000;0.00000;0.00000;0.00000;0.00005;0.00000;0.00000;0.00000;0.00000;0.00000;0.00011;0.00000;0.00000;0.00000;0.00000;0.00000;0.00000;0.00000;0.00000;0.00000;0.00000;0.00000;0.00001;0.00000;0.00000;0.00000
2020-03-17 00:00;0.02619;0.01615;0.00002;0.00450;0.00033;0.00008;0.00004;0.00131;0.00004;0.00004;0.00198;0.01115;0.02010;0.00008;0.00002;0.00002;0.01274;0.00294;0.00079;0.00015;0.00007;0.00014;0.00062;0.00009;0.00013;0.00475;0.00016;0.00063;0.00007;0.00015;0.00076;0.00010;0.00275;0.00008;0.00012;0.00023;0.00002;0.00079;0.00057;0.00024;0.00060;0.00069;0.00082;0.00111;0.00130;0.00057;0.00002;0.00004;0.00071;0.00031;0.00047;0.00004;0.00004;0.00020;0.00011;0.00029;0.00003;0.00046;0.00008;0.00035;0.00090;0.00003;0.00151;0.00111;0.00058;0.00022;0.00664;0.00643;0.00002;0.00493;0.00152;0.00558;0.00031;0.00010;0.00105;0.00006;0.00101;0.00012;0.00013;0.00037;0.00037;0.00017;0.00011;0.00099;0.00042;0.00004;0.00124;0.00460;0.00000;0.00030;0.00000;0.00082;0.00239;0.00350;0.00000;0.00037;0.00172;0.00063;0.00194;0.02569;0.29089;0.04929;0.00240;0.00121;0.00502;0.00064;0.00111;0.11914;0.00575;0.00386;0.00331;0.00569;0.00697;0.00811;0.01622;0.01401;0.00050;0.00048;0.00191;0.00310;0.00165;0.00101;0.00245;0.00283;0.00229;0.00459;0.00091;0.00413;0.00057;0.00115;0.00415;0.01124;0.00010;0.00006;0.00286;0.00292;0.00561;0.00195;0.00397;0.00094;0.00167;0.00036;0.00078;0.01599;0.00253;0.00441;0.00790;0.00804;0.00101;0.00585;0.03958;0.00852;0.01689;0.00376;0.00433;0.00502;0.00132;0.08154;0.00073;0.00039;0.00210;0.00025;0.03473;0.07939;0.03501;0.01180;0.01135;0.00249;0.00364;0.03739;0.05186;0.04466;0.06657;0.02388;0.00345;0.02284;0.00079;0.02225;0.04839;0.00716;0.07283;0.01077;0.00142;0.02731;0.02084;0.00242;0.00092;0.00273;0.00276;0.01764;0.02726;0.01772;0.00920;0.01714;0.00008;0.00077;0.01706;0.01290;0.00232;0.00285;0.00067;0.00065;0.02303;0.00050;0.00194;0.00248;0.05610;0.00966;0.01836;0.00177;0.00677;0.01030;0.01413;0.07999;0.02038;0.07736;0.07305;0.04118;0.00143;0.05608;0.00259;0.00620;0.00015;0.03153;0.05231;0.02835;0.00728;0.01407;0.01060;0.00375;0.01560;0.01150;0.01066;0.05276;0.00356;0.01324;0.00087;0.01279;0.01731;0.00623;0.00564;0.00182;0.03285;0.01733;0.03190;0.01478;0.00160;0.00044;0.00005;0.00054;0.02776;0.05174;0.00454;0.00205;0.01638;0.01024;0.01087;0.01005;0.00669;0.00089;0.00497;0.00517;0.00025;0.00003;0.00280;0.00115;0.00068;0.02576;0.00707;0.01977;0.00479;0.00171;0.01916;0.01463;0.09338;0.03094;0.02886;0.11643;0.07573;0.08404;0.01355;0.01422;0.01564;0.01130;0.03584;0.02828;0.00107;0.00083;0.01071;0.10817;0.10707;0.02931;0.00293;0.00853;0.01558;0.00252;0.00183;0.00017;0.00187;0.00391;0.00504;0.02080;0.00347;0.00337;0.03420;0.04598;0.00608;0.00113;0.00643;0.00678;0.01166;0.08142;0.02888;0.00335;0.00813;0.03223;0.00426;0.00117;0.00509;0.00031;0.00155;0.01120;0.00266;0.01829;0.00111;0.00666;0.02180;0.00457;0.01251;0.00016;0.01842;0.00039;0.00039;0.00015;0.00013;0.00015;0.00071;0.00036;0.00046;0.00469;0.01211;0.00073;0.00057;0.00173;0.00055;0.00240;0.00265;0.00506;0.00244;0.00217;0.08873;0.11118;0.00249;0.04741;0.04155;0.03466;0.02328;0.00532;0.01905;0.04125;0.06165;0.09258;0.00063;0.00088;0.00119;0.00322;0.03736;0.09917;0.00047;0.00172;0.00802;0.02699;0.01404;0.00962;0.00668;0.00877;0.00180;0.00723;0.00775;0.00300;0.01574;0.44049;0.00135;0.20631;0.00091;0.00052;0.00299;0.00598;0.00637;0.01360;0.00920;0.00290;0.01478;0.00686;0.00020;0.00031;0.04851;0.03066;0.00299;0.12117;0.23732;0.00615;0.02295;0.01778;0.01314;0.00514;0.00308;0.05190;0.00682;0.01673;0.00140;0.01386;0.00718;0.01327;0.01008;0.02411;0.01765;0.03029;0.04359;0.00011;0.00633;0.00407;0.00186;0.00077;0.00310;0.00314;0.02971;0.00060;0.00185;0.00087;0.00083;0.00174;0.13994;0.01250;0.01390;0.00066;0.00061;0.04041;0.00209;0.00268;0.00531;0.00499;0.00234;0.00115;0.00807;0.00334;0.00390;0.00392;0.00133;0.00283;0.05652;0.00386;0.02371;0.00799;0.01630;0.01976;0.00967;0.02915;0.00145;0.00150;0.00289;0.04444;0.01090;0.00017;0.00118;0.01195;0.00318;0.00121;0.00008;0.00213;0.00026;0.00817;0.01000;0.11580;0.00060;0.00028;0.00012;0.00028;0.00010;0.06074;0.00003;0.00070;0.00307;0.00036;0.00109;0.01995;0.00129;0.00034;0.00521;0.00188;0.00193;0.00081;0.00057;0.00002;0.00024
2020-03-18 00:00;0.00572;0.00454;0.00000;0.00148;0.00001;0.00000;0.00000;0.00029;0.00000;0.00000;0.00065;0.00229;0.01038;0.00000;0.00000;0.00000;0.00471;0.00045;0.00015;0.00002;0.00001;0.00002;0.00009;0.00001;0.00002;0.00236;0.00002;0.00006;0.00001;0.00002;0.00035;0.00001;0.00090;0.00001;0.00002;0.00006;0.00000;0.00019;0.00004;0.00004;0.00018;0.00026;0.00010;0.00013;0.00016;0.00005;0.00000;0.00000;0.00034;0.00004;0.00005;0.00000;0.00000;0.00003;0.00000;0.00010;0.00000;0.00013;0.00002;0.00004;0.00009;0.00000;0.00018;0.00057;0.00009;0.00002;0.00139;0.00095;0.00000;0.00259;0.00019;0.00097;0.00003;0.00000;0.00050;0.00001;0.00011;0.00002;0.00002;0.00013;0.00005;0.00001;0.00002;0.00039;0.00016;0.00000;0.00036;0.00110;0.00000;0.00003;0.00000;0.00009;0.00070;0.00105;0.00000;0.00004;0.00053;0.00007;0.00072;0.00790;0.49918;0.03265;0.00019;0.00010;0.00067;0.00006;0.00013;0.11200;0.00103;0.00030;0.00047;0.00063;0.00110;0.00086;0.00327;0.00179;0.00006;0.00004;0.00023;0.00044;0.00039;0.00010;0.00093;0.00040;0.00024;0.00103;0.00007;0.00145;0.00005;0.00009;0.00055;0.00326;0.00001;0.00000;0.00047;0.00041;0.00142;0.00026;0.00062;0.00009;0.00031;0.00002;0.00002;0.00509;0.00029;0.00041;0.00204;0.00135;0.00009;0.00139;0.02121;0.00128;0.00377;0.00051;0.00061;0.00107;0.00017;0.06013;0.00009;0.00000;0.00031;0.00003;0.02320;0.06425;0.00820;0.00332;0.00215;0.00032;0.00044;0.01079;0.01662;0.01911;0.02397;0.01290;0.00064;0.01384;0.00016;0.00742;0.01520;0.00291;0.04237;0.00318;0.00031;0.00875;0.00535;0.00032;0.00018;0.00033;0.00082;0.00907;0.01645;0.00603;0.00350;0.00751;0.00001;0.00009;0.00811;0.00417;0.00084;0.00069;0.00011;0.00008;0.01847;0.00007;0.00055;0.00045;0.02401;0.00165;0.00517;0.00021;0.00163;0.00171;0.00211;0.02973;0.00344;0.03560;0.03366;0.01173;0.00047;0.04845;0.00030;0.00152;0.00002;0.00844;0.01692;0.00937;0.00146;0.00277;0.00367;0.00065;0.00464;0.00286;0.00282;0.02695;0.00061;0.00706;0.00011;0.00553;0.00603;0.00081;0.00190;0.00040;0.01454;0.00499;0.01195;0.00888;0.00027;0.00004;0.00000;0.00008;0.00906;0.02558;0.00101;0.00023;0.00611;0.00274;0.00450;0.00238;0.00158;0.00017;0.00207;0.00190;0.00003;0.00000;0.00095;0.00014;0.00004;0.01386;0.00138;0.01250;0.00082;0.00017;0.00699;0.00420;0.04431;0.00949;0.00582;0.05476;0.02954;0.02617;0.00589;0.00398;0.00281;0.00301;0.01385;0.01643;0.00027;0.00016;0.00421;0.07817;0.05109;0.01633;0.00039;0.00141;0.00675;0.00067;0.00031;0.00001;0.00038;0.00123;0.00122;0.01048;0.00097;0.00062;0.01794;0.02327;0.00098;0.00017;0.00156;0.00181;0.00468;0.04659;0.00803;0.00052;0.00142;0.01815;0.00093;0.00014;0.00147;0.00004;0.00030;0.00643;0.00049;0.00749;0.00021;0.00163;0.00998;0.00108;0.00244;0.00001;0.00713;0.00006;0.00008;0.00001;0.00001;0.00001;0.00014;0.00004;0.00008;0.00100;0.00467;0.00009;0.00006;0.00035;0.00006;0.00032;0.00062;0.00112;0.00030;0.00048;0.02876;0.02642;0.00079;0.01027;0.00668;0.00222;0.00373;0.00108;0.00294;0.01013;0.01410;0.08756;0.00005;0.00007;0.00011;0.00034;0.01226;0.04561;0.00004;0.00042;0.00224;0.00840;0.00250;0.00123;0.00229;0.00277;0.00031;0.00150;0.00262;0.00077;0.00458;0.01436;0.00016;0.11310;0.00018;0.00007;0.00047;0.00129;0.00116;0.00561;0.00232;0.00082;0.00785;0.00149;0.00001;0.00006;0.01313;0.00806;0.00075;0.04936;0.12979;0.00184;0.00510;0.00630;0.00576;0.00249;0.00089;0.03115;0.00162;0.00507;0.00051;0.00454;0.00179;0.00344;0.00340;0.01681;0.00416;0.00719;0.03010;0.00002;0.00311;0.00176;0.00046;0.00009;0.00113;0.00064;0.01403;0.00008;0.00022;0.00002;0.00012;0.00030;0.11018;0.00330;0.00562;0.00007;0.00004;0.03219;0.00042;0.00047;0.00159;0.00093;0.00029;0.00023;0.00216;0.00036;0.00141;0.00088;0.00013;0.00094;0.06106;0.00055;0.01117;0.00135;0.00385;0.00992;0.00224;0.00811;0.00034;0.00016;0.00033;0.02364;0.00397;0.00000;0.00020;0.00397;0.00035;0.00024;0.00002;0.00080;0.00006;0.00275;0.00405;0.15142;0.00016;0.00004;0.00002;0.00008;0.00000;0.05328;0.00001;0.00013;0.00108;0.00006;0.00015;0.01022;0.00019;0.00004;0.00167;0.00078;0.00081;0.00061;0.00014;0.00000;0.00004
2020-03-19 00:00;0.00011;0.00015;0.00000;0.00004;0.00000;0.00000;0.00000;0.00001;0.00000;0.00000;0.00001;0.00007;0.00036;0.00000;0.00000;0.00000;0.00017;0.00001;0.00000;0.00000;0.00000;0.00000;0.00000;0.00000;0.00000;0.00012;0.00000;0.00000;0.00000;0.00000;0.00001;0.00000;0.00002;0.00000;0.00000;0.00000;0.00000;0.00001;0.00000;0.00000;0.00001;0.00001;0.00000;0.00000;0.00000;0.00000;0.00000;0.00000;0.00001;0.00000;0.00000;0.00000;0.00000;0.00000;0.00000;0.00000;0.00000;0.00000;0.00000;0.00000;0.00000;0.00000;0.00000;0.00002;0.00000;0.00000;0.00005;0.00003;0.00000;0.00010;0.00001;0.00003;0.00000;0.00000;0.00002;0.00000;0.00016;0.00000;0.00000;0.00000;0.00000;0.00017;0.00000;0.00001;0.00001;0.00000;0.00001;0.00003;0.00000;0.00000;0.00000;0.00000;0.00007;0.00002;0.00000;0.00000;0.00012;0.00000;0.00030;0.00018;0.09365;0.00369;0.00000;0.00000;0.00001;0.00000;0.00000;0.01555;0.00001;0.00001;0.00001;0.00005;0.00002;0.00001;0.00009;0.00005;0.00000;0.00000;0.00000;0.00000;0.00000;0.00000;0.00000;0.00001;0.00000;0.00000;0.00000;0.00000;0.00000;0.00000;0.00001;0.00003;0.00000;0.00000;0.00000;0.00000;0.00000;0.00000;0.00001;0.00000;0.00000;0.00000;0.00000;0.00003;0.00000;0.00001;0.00001;0.00002;0.00000;0.00000;0.00000;0.00002;0.00004;0.00001;0.00001;0.00002;0.00000;0.00717;0.00000;0.00000;0.00001;0.00000;0.00265;0.00848;0.00017;0.00001;0.00001;0.00000;0.00000;0.00035;0.00005;0.00094;0.00093;0.00098;0.00001;0.00151;0.00001;0.00046;0.00058;0.00010;0.00147;0.00008;0.00001;0.00021;0.00010;0.00001;0.00000;0.00001;0.00002;0.00025;0.00041;0.00013;0.00009;0.00018;0.00000;0.00000;0.00017;0.00008;0.00001;0.00001;0.00000;0.00000;0.00239;0.00000;0.00001;0.00001;0.00049;0.00003;0.00009;0.00000;0.00000;0.00003;0.00003;0.00051;0.00006;0.00051;0.00062;0.00016;0.00001;0.00740;0.00000;0.00001;0.00000;0.00013;0.00022;0.00008;0.00002;0.00002;0.00003;0.00001;0.00005;0.00003;0.00003;0.00060;0.00001;0.00020;0.00000;0.00007;0.00025;0.00001;0.00003;0.00000;0.00030;0.00009;0.00026;0.00096;0.00000;0.00000;0.00000;0.00000;0.00018;0.00024;0.00001;0.00000;0.00005;0.00007;0.00005;0.00004;0.00003;0.00000;0.00002;0.00005;0.00000;0.00000;0.00002;0.00000;0.00000;0.00020;0.00000;0.00015;0.00002;0.00000;0.00024;0.00006;0.00118;0.00020;0.00009;0.00004;0.00002;0.00002;0.00002;0.00002;0.00000;0.00000;0.00000;0.00005;0.00000;0.00000;0.00000;0.00995;0.00213;0.00018;0.00001;0.00002;0.00008;0.00002;0.00000;0.00000;0.00000;0.00001;0.00002;0.00018;0.00001;0.00001;0.00026;0.00038;0.00001;0.00000;0.00002;0.00002;0.00009;0.00052;0.00006;0.00001;0.00002;0.00054;0.00001;0.00000;0.00004;0.00000;0.00000;0.00009;0.00000;0.00006;0.00000;0.00002;0.00018;0.00001;0.00003;0.00000;0.00015;0.00000;0.00000;0.00000;0.00000;0.00000;0.00000;0.00000;0.00000;0.00000;0.00007;0.00000;0.00000;0.00000;0.00000;0.00000;0.00001;0.00001;0.00000;0.00001;0.00024;0.00027;0.00001;0.00013;0.00007;0.00213;0.00006;0.00001;0.00003;0.00012;0.00013;0.08442;0.00000;0.00000;0.00000;0.00000;0.00021;0.00143;0.00000;0.00000;0.00002;0.00008;0.00000;0.00119;0.00008;0.00003;0.00000;0.00001;0.00004;0.00001;0.00004;0.01382;0.00000;0.00269;0.00000;0.00000;0.00001;0.00001;0.00001;0.00018;0.00002;0.00001;0.00021;0.00001;0.00000;0.00000;0.00014;0.00006;0.00001;0.00117;0.00247;0.00004;0.00011;0.00016;0.00015;0.00007;0.00002;0.00090;0.00004;0.00013;0.00001;0.00012;0.00005;0.00009;0.00017;0.00045;0.00008;0.00020;0.00185;0.00000;0.00006;0.00005;0.00001;0.00000;0.00003;0.00000;0.00003;0.00000;0.00001;0.00000;0.00000;0.00000;0.01102;0.00000;0.00000;0.00000;0.00000;0.00411;0.00000;0.00000;0.00000;0.00001;0.00000;0.00000;0.00000;0.00000;0.00000;0.00000;0.00000;0.00000;0.00906;0.00000;0.00003;0.00000;0.00005;0.00007;0.00000;0.00014;0.00000;0.00000;0.00000;0.00040;0.00002;0.00000;0.00001;0.00001;0.00000;0.00000;0.00000;0.00003;0.00000;0.00010;0.00017;0.02053;0.00000;0.00000;0.00000;0.00000;0.00000;0.00794;0.00000;0.00000;0.00005;0.00000;0.00002;0.00089;0.00001;0.00000;0.00007;0.00003;0.00003;0.00008;0.00000;0.00000;0.00000
2020-03-20 00:00;0.04209;0.02179;0.00002;0.00678;0.00054;0.00014;0.00006;0.00208;0.00007;0.00007;0.00240;0.01774;0.03165;0.00014;0.00003;0.00003;0.02018;0.00454;0.00126;0.00022;0.00008;0.00022;0.00096;0.00010;0.00013;0.00596;0.00025;0.00098;0.00011;0.00015;0.00077;0.00016;0.00370;0.00005;0.00018;0.00031;0.00002;0.00120;0.00085;0.00028;0.00062;0.00073;0.00131;0.00168;0.00208;0.00085;0.00004;0.00007;0.00103;0.00049;0.00072;0.00007;0.00007;0.00026;0.00018;0.00025;0.00004;0.00071;0.00008;0.00055;0.00141;0.00004;0.00242;0.00138;0.00093;0.00034;0.01066;0.01018;0.00004;0.00686;0.00243;0.00887;0.00050;0.00014;0.00138;0.00010;0.00153;0.00012;0.00016;0.00046;0.00059;0.00022;0.00010;0.00138;0.00059;0.00006;0.00168;0.00716;0.00000;0.00046;0.00000;0.00125;0.00368;0.00469;0.00000;0.00055;0.00244;0.00086;0.00194;0.04107;0.65511;0.10404;0.00471;0.00332;0.00944;0.00195;0.00318;0.23353;0.01215;0.00721;0.00680;0.01074;0.01239;0.01380;0.02539;0.02043;0.00068;0.00081;0.00387;0.00515;0.00320;0.00177;0.00469;0.00417;0.00350;0.00891;0.00231;0.00787;0.00117;0.00185;0.00735;0.01969;0.00021;0.00013;0.00646;0.00635;0.01045;0.00347;0.00740;0.00153;0.00303;0.00133;0.00160;0.02919;0.00542;0.00696;0.01528;0.01403;0.00252;0.01312;0.07346;0.01655;0.03444;0.00786;0.00860;0.00855;0.00477;0.14563;0.00108;0.00076;0.00356;0.00179;0.06243;0.13070;0.06640;0.02193;0.01779;0.00305;0.00437;0.04375;0.06872;0.01262;0.02560;0.02184;0.00125;0.01757;0.00075;0.02292;0.06039;0.00599;0.05934;0.01167;0.00043;0.02649;0.01623;0.00235;0.00073;0.00282;0.00303;0.01594;0.02776;0.01796;0.00797;0.01803;0.00009;0.00072;0.00704;0.01153;0.00166;0.00224;0.00009;0.00057;0.02359;0.00029;0.00210;0.00197;0.05170;0.00590;0.01391;0.00115;0.00462;0.00856;0.00594;0.07223;0.00874;0.04250;0.02083;0.01129;0.00125;0.04089;0.00203;0.00608;0.00018;0.02580;0.02107;0.02544;0.00754;0.01052;0.00958;0.00342;0.00683;0.00778;0.00404;0.02940;0.00091;0.01256;0.00118;0.00328;0.01560;0.00341;0.00767;0.00151;0.01960;0.01422;0.02714;0.01037;0.00109;0.00044;0.00006;0.00030;0.01599;0.01971;0.00657;0.00188;0.02582;0.01108;0.00895;0.01273;0.00661;0.00074;0.00528;0.00590;0.00018;0.00001;0.00292;0.00186;0.00020;0.03311;0.00886;0.02172;0.00401;0.00166;0.01918;0.01072;0.09297;0.01573;0.03717;0.09620;0.06201;0.06807;0.01253;0.01619;0.01721;0.00937;0.02858;0.02428;0.00087;0.00137;0.00877;0.12042;0.09513;0.02947;0.00135;0.00640;0.00436;0.00210;0.00066;0.00013;0.00107;0.00331;0.00227;0.01517;0.00320;0.00093;0.00955;0.01692;0.00554;0.00104;0.00211;0.00177;0.00652;0.02205;0.00981;0.00264;0.00900;0.02022;0.00155;0.00127;0.00445;0.00039;0.00129;0.00582;0.00244;0.00738;0.00091;0.00188;0.00795;0.00150;0.00873;0.00009;0.01065;0.00029;0.00038;0.00016;0.00005;0.00012;0.00058;0.00036;0.00047;0.00158;0.00266;0.00028;0.00050;0.00038;0.00050;0.00132;0.00104;0.00137;0.00178;0.00139;0.03907;0.07733;0.00215;0.03873;0.03693;0.02565;0.02115;0.00228;0.01732;0.02083;0.03618;0.08570;0.00058;0.00080;0.00108;0.00293;0.01862;0.03910;0.00043;0.00049;0.00910;0.00796;0.00851;0.00725;0.00588;0.00547;0.00045;0.00163;0.00314;0.00306;0.00376;0.32537;0.00128;0.12418;0.00092;0.00051;0.00235;0.00288;0.00337;0.01352;0.00237;0.00265;0.01064;0.00191;0.00003;0.00023;0.02741;0.00618;0.00242;0.13037;0.26250;0.00726;0.02332;0.01795;0.01401;0.00634;0.00315;0.04827;0.00564;0.01718;0.00147;0.01425;0.00656;0.00605;0.00611;0.01987;0.00601;0.01270;0.04298;0.00006;0.00558;0.00364;0.00157;0.00051;0.00242;0.00775;0.05834;0.00134;0.00275;0.00190;0.00147;0.00323;0.20808;0.02835;0.02721;0.00161;0.00192;0.02435;0.00402;0.00518;0.00996;0.00878;0.00446;0.00185;0.01516;0.00627;0.00739;0.00729;0.00256;0.00539;0.09816;0.00891;0.04189;0.01546;0.02647;0.03402;0.02527;0.05435;0.00358;0.00378;0.00738;0.07388;0.02767;0.00068;0.00194;0.02961;0.00831;0.00214;0.00006;0.00311;0.00040;0.01214;0.01482;0.21921;0.00090;0.00033;0.00016;0.00038;0.00013;0.08414;0.00005;0.00103;0.00392;0.00054;0.00175;0.01895;0.00207;0.00053;0.00800;0.00350;0.00276;0.00110;0.00087;0.00000;0.00041
2020-03-21 00:00;0.00979;0.00693;0.00000;0.00236;0.00002;0.00000;0.00000;0.00046;0.00000;0.00000;0.00086;0.00353;0.01631;0.00000;0.00000;0.00000;0.00726;0.00066;0.00023;0.00002;0.00001;0.00003;0.00013;0.00001;0.00002;0.00291;0.00002;0.00009;0.00001;0.00002;0.00035;0.00002;0.00121;0.00001;0.00002;0.00009;0.00000;0.00027;0.00006;0.00005;0.00019;0.00028;0.00014;0.00019;0.00023;0.00007;0.00000;0.00000;0.00048;0.00006;0.00007;0.00000;0.00000;0.00004;0.00001;0.00009;0.00000;0.00018;0.00002;0.00006;0.00014;0.00001;0.00027;0.00070;0.00013;0.00003;0.00213;0.00141;0.00000;0.00355;0.00028;0.00146;0.00005;0.00000;0.00065;0.00001;0.00014;0.00002;0.00002;0.00016;0.00007;0.00002;0.00002;0.00055;0.00022;0.00000;0.00048;0.00164;0.00000;0.00004;0.00000;0.00013;0.00102;0.00140;0.00000;0.00006;0.00071;0.00010;0.00065;0.01302;1.07005;0.06874;0.00038;0.00026;0.00125;0.00019;0.00037;0.21878;0.00213;0.00053;0.00093;0.00118;0.00188;0.00142;0.00486;0.00239;0.00007;0.00007;0.00044;0.00071;0.00076;0.00017;0.00179;0.00055;0.00034;0.00200;0.00017;0.00277;0.00008;0.00014;0.00090;0.00565;0.00002;0.00000;0.00107;0.00087;0.00265;0.00042;0.00112;0.00013;0.00055;0.00008;0.00002;0.00923;0.00057;0.00057;0.00390;0.00226;0.00023;0.00312;0.03946;0.00235;0.00753;0.00099;0.00116;0.00176;0.00060;0.10672;0.00011;0.00000;0.00050;0.00015;0.04160;0.10519;0.01478;0.00615;0.00336;0.00040;0.00053;0.01232;0.02204;0.00535;0.00902;0.01035;0.00023;0.00935;0.00015;0.00605;0.01822;0.00230;0.03307;0.00352;0.00010;0.00841;0.00426;0.00032;0.00014;0.00035;0.00092;0.00828;0.01702;0.00617;0.00305;0.00799;0.00001;0.00008;0.00330;0.00383;0.00063;0.00055;0.00001;0.00007;0.01906;0.00005;0.00059;0.00037;0.02262;0.00096;0.00392;0.00013;0.00114;0.00143;0.00084;0.02716;0.00142;0.01941;0.00976;0.00333;0.00042;0.03428;0.00024;0.00160;0.00002;0.00692;0.00707;0.00869;0.00158;0.00224;0.00347;0.00063;0.00214;0.00206;0.00113;0.01502;0.00019;0.00657;0.00016;0.00145;0.00492;0.00043;0.00260;0.00035;0.00866;0.00405;0.00993;0.00623;0.00019;0.00005;0.00000;0.00005;0.00545;0.00992;0.00155;0.00019;0.01007;0.00280;0.00369;0.00299;0.00147;0.00014;0.00242;0.00226;0.00002;0.00000;0.00101;0.00026;0.00001;0.01941;0.00185;0.01505;0.00065;0.00018;0.00713;0.00305;0.04503;0.00478;0.00744;0.04527;0.02414;0.02130;0.00545;0.00471;0.00333;0.00249;0.01113;0.01403;0.00022;0.00028;0.00344;0.09436;0.04363;0.01812;0.00019;0.00104;0.00194;0.00058;0.00013;0.00001;0.00023;0.00108;0.00058;0.00760;0.00095;0.00018;0.00510;0.00874;0.00097;0.00017;0.00054;0.00051;0.00274;0.01340;0.00290;0.00044;0.00163;0.01200;0.00034;0.00016;0.00121;0.00005;0.00027;0.00344;0.00048;0.00315;0.00019;0.00048;0.00371;0.00038;0.00184;0.00001;0.00452;0.00004;0.00008;0.00001;0.00001;0.00001;0.00012;0.00004;0.00008;0.00036;0.00105;0.00003;0.00006;0.00008;0.00006;0.00019;0.00025;0.00032;0.00025;0.00033;0.01342;0.01941;0.00071;0.00898;0.00637;0.00212;0.00380;0.00050;0.00293;0.00514;0.00880;0.08119;0.00010;0.00006;0.00009;0.00029;0.00639;0.01821;0.00003;0.00013;0.00257;0.00282;0.00153;0.00115;0.00208;0.00182;0.00008;0.00041;0.00110;0.00079;0.00116;0.01359;0.00013;0.07082;0.00019;0.00008;0.00041;0.00066;0.00066;0.00558;0.00064;0.00079;0.00551;0.00049;0.00001;0.00005;0.00806;0.00172;0.00065;0.05362;0.14615;0.00223;0.00527;0.00650;0.00618;0.00300;0.00094;0.02951;0.00134;0.00528;0.00055;0.00464;0.00165;0.00155;0.00192;0.01415;0.00143;0.00309;0.03018;0.00001;0.00281;0.00161;0.00040;0.00006;0.00091;0.00157;0.02755;0.00018;0.00028;0.00002;0.00020;0.00054;0.16389;0.00753;0.01104;0.00018;0.00014;0.01935;0.00080;0.00091;0.00298;0.00160;0.00054;0.00036;0.00407;0.00067;0.00268;0.00163;0.00024;0.00180;0.10577;0.00127;0.01994;0.00260;0.00611;0.01699;0.00586;0.01476;0.00085;0.00040;0.00085;0.03881;0.01004;0.00000;0.00031;0.00982;0.00092;0.00042;0.00001;0.00115;0.00008;0.00391;0.00585;0.28632;0.00021;0.00004;0.00003;0.00010;0.00000;0.07308;0.00001;0.00018;0.00137;0.00008;0.00021;0.00982;0.00028;0.00005;0.00248;0.00139;0.00112;0.00082;0.00020;0.00000;0.00006
2020-03-22 00:00;0.00226;0.00262;0.00000;0.00051;0.00003;0.00001;0.00000;0.00010;0.00000;0.00000;0.00019;0.00083;0.00214;0.00001;0.00000;0.00000;0.00121;0.00017;0.00006;0.00001;0.00000;0.00001;0.00004;0.00000;0.00001;0.00052;0.00001;0.00004;0.00000;0.00001;0.00004;0.00001;0.00016;0.00001;0.00001;0.00001;0.00000;0.00006;0.00002;0.00001;0.00002;0.00004;0.00006;0.00005;0.00010;0.00002;0.00000;0.00000;0.00006;0.00002;0.00003;0.00000;0.00000;0.00001;0.00000;0.00002;0.00000;0.00003;0.00000;0.00003;0.00006;0.00000;0.00011;0.00008;0.00004;0.00001;0.00054;0.00045;0.00000;0.00042;0.00012;0.00041;0.00002;0.00001;0.00007;0.00000;0.00006;0.00001;0.00001;0.00002;0.00003;0.00000;0.00001;0.00006;0.00003;0.00000;0.00010;0.00032;0.00000;0.00002;0.00000;0.00004;0.00020;0.00019;0.00000;0.00001;0.00015;0.00000;0.00008;0.00113;0.20133;0.00839;0.00001;0.00003;0.00008;0.00000;0.00001;0.03096;0.00010;0.00008;0.00009;0.00007;0.00027;0.00020;0.00092;0.00073;0.00002;0.00001;0.00003;0.00004;0.00000;0.00002;0.00000;0.00010;0.00004;0.00001;0.00000;0.00000;0.00001;0.00002;0.00010;0.00013;0.00000;0.00000;0.00000;0.00002;0.00003;0.00005;0.00007;0.00004;0.00001;0.00000;0.00002;0.00016;0.00005;0.00014;0.00008;0.00016;0.00000;0.00001;0.00005;0.00019;0.00023;0.00009;0.00007;0.00012;0.00001;0.01349;0.00003;0.00000;0.00005;0.00001;0.00493;0.01486;0.00099;0.00008;0.00010;0.00000;0.00000;0.00173;0.00029;0.00038;0.00131;0.00050;0.00002;0.00183;0.00001;0.00075;0.00250;0.00014;0.00101;0.00057;0.00001;0.00107;0.00060;0.00011;0.00001;0.00012;0.00014;0.00105;0.00178;0.00061;0.00037;0.00092;0.00000;0.00000;0.00052;0.00048;0.00003;0.00006;0.00000;0.00002;0.00346;0.00000;0.00004;0.00009;0.00280;0.00009;0.00024;0.00002;0.00017;0.00008;0.00006;0.00137;0.00009;0.00089;0.00100;0.00044;0.00004;0.00614;0.00005;0.00022;0.00000;0.00097;0.00087;0.00092;0.00031;0.00045;0.00031;0.00011;0.00029;0.00032;0.00016;0.00137;0.00002;0.00021;0.00001;0.00016;0.00022;0.00005;0.00010;0.00003;0.00063;0.00012;0.00033;0.00084;0.00003;0.00001;0.00000;0.00001;0.00048;0.00046;0.00007;0.00001;0.00038;0.00008;0.00075;0.00010;0.00006;0.00001;0.00061;0.00011;0.00000;0.00000;0.00005;0.00001;0.00001;0.00154;0.00022;0.00148;0.00002;0.00005;0.00040;0.00012;0.00240;0.00052;0.00034;0.00190;0.00107;0.00108;0.00026;0.00053;0.00058;0.00017;0.00137;0.00112;0.00001;0.00001;0.00013;0.02371;0.00247;0.00505;0.00004;0.00007;0.00020;0.00007;0.00002;0.00000;0.00001;0.00003;0.00009;0.00022;0.00015;0.00004;0.00046;0.00096;0.00020;0.00003;0.00009;0.00008;0.00023;0.00114;0.00039;0.00004;0.00009;0.00106;0.00002;0.00001;0.00008;0.00002;0.00004;0.00037;0.00008;0.00034;0.00002;0.00008;0.00042;0.00005;0.00040;0.00000;0.00078;0.00001;0.00001;0.00000;0.00000;0.00000;0.00001;0.00001;0.00001;0.00005;0.00013;0.00001;0.00002;0.00001;0.00001;0.00005;0.00003;0.00006;0.00006;0.00007;0.00184;0.00295;0.00007;0.00173;0.00134;0.00206;0.00107;0.00011;0.00061;0.00024;0.00140;0.07804;0.00011;0.00000;0.00000;0.00000;0.00111;0.00245;0.00000;0.00002;0.00009;0.00034;0.00005;0.00111;0.00017;0.00029;0.00002;0.00008;0.00015;0.00011;0.00015;0.01323;0.00001;0.00655;0.00003;0.00002;0.00012;0.00012;0.00012;0.00036;0.00009;0.00010;0.00026;0.00009;0.00000;0.00000;0.00075;0.00025;0.00009;0.00383;0.01414;0.00035;0.00092;0.00089;0.00084;0.00035;0.00016;0.00381;0.00033;0.00077;0.00007;0.00071;0.00033;0.00015;0.00024;0.00127;0.00013;0.00041;0.00385;0.00000;0.00032;0.00022;0.00008;0.00002;0.00015;0.00001;0.00013;0.00000;0.00007;0.00002;0.00002;0.00003;0.01697;0.00001;0.00001;0.00000;0.00000;0.00361;0.00000;0.00001;0.00002;0.00007;0.00002;0.00002;0.00001;0.00001;0.00000;0.00002;0.00000;0.00000;0.01591;0.00000;0.00021;0.00004;0.00028;0.00023;0.00003;0.00106;0.00000;0.00002;0.00001;0.00141;0.00011;0.00000;0.00007;0.00008;0.00001;0.00005;0.00001;0.00017;0.00002;0.00069;0.00080;0.03944;0.00005;0.00002;0.00001;0.00002;0.00001;0.01546;0.00000;0.00005;0.00028;0.00003;0.00008;0.00378;0.00010;0.00003;0.00051;0.00019;0.00011;0.00014;0.00004;0.00000;0.00002
2020-03-23 00:00;0.00333;0.00369;0.00000;0.00075;0.00004;0.00001;0.00000;0.00015;0.00000;0.00000;0.00025;0.00130;0.00320;0.00001;0.00000;0.00000;0.00192;0.00027;0.00009;0.00001;0.00000;0.00001;0.00006;0.00001;0.00002;0.00076;0.00002;0.00006;0.00001;0.00001;0.00004;0.00001;0.00024;0.00000;0.00001;0.00002;0.00000;0.00009;0.00004;0.00001;0.00004;0.00004;0.00010;0.00008;0.00016;0.00003;0.00000;0.00001;0.00006;0.00004;0.00004;0.00001;0.00001;0.00002;0.00001;0.00002;0.00000;0.00004;0.00000;0.00004;0.00009;0.00000;0.00018;0.00010;0.00007;0.00002;0.00085;0.00072;0.00000;0.00074;0.00018;0.00065;0.00004;0.00001;0.00008;0.00001;0.00009;0.00000;0.00000;0.00001;0.00004;0.00000;0.00001;0.00010;0.00002;0.00000;0.00015;0.00051;0.00000;0.00003;0.00000;0.00006;0.00026;0.00029;0.00000;0.00002;0.00020;0.00000;0.00017;0.00125;0.07319;0.00150;0.00002;0.00005;0.00013;0.00001;0.00002;0.00308;0.00016;0.00013;0.00014;0.00010;0.00042;0.00031;0.00152;0.00127;0.00005;0.00001;0.00006;0.00007;0.00001;0.00003;0.00000;0.00019;0.00008;0.00001;0.00000;0.00000;0.00002;0.00004;0.00019;0.00023;0.00000;0.00000;0.00000;0.00004;0.00004;0.00009;0.00012;0.00007;0.00002;0.00000;0.00004;0.00028;0.00010;0.00026;0.00014;0.00030;0.00000;0.00002;0.00000;0.00035;0.00041;0.00017;0.00013;0.00021;0.00001;0.00275;0.00006;0.00000;0.00009;0.00001;0.00057;0.00336;0.00164;0.00013;0.00018;0.00001;0.00000;0.00265;0.00050;0.00105;0.00123;0.00039;0.00000;0.00275;0.00002;0.00085;0.00358;0.00032;0.00117;0.00101;0.00001;0.00216;0.00123;0.00021;0.00000;0.00023;0.00026;0.00210;0.00249;0.00145;0.00089;0.00135;0.00001;0.00001;0.00051;0.00065;0.00000;0.00001;0.00000;0.00003;0.00194;0.00000;0.00002;0.00017;0.00540;0.00016;0.00021;0.00008;0.00042;0.00007;0.00025;0.00185;0.00018;0.00181;0.00192;0.00090;0.00011;0.00434;0.00010;0.00061;0.00000;0.00160;0.00157;0.00162;0.00031;0.00061;0.00054;0.00016;0.00056;0.00062;0.00030;0.00299;0.00004;0.00027;0.00001;0.00034;0.00044;0.00012;0.00012;0.00009;0.00115;0.00015;0.00056;0.00083;0.00006;0.00002;0.00000;0.00002;0.00076;0.00074;0.00007;0.00002;0.00033;0.00011;0.00239;0.00013;0.00010;0.00006;0.00050;0.00008;0.00000;0.00000;0.00006;0.00001;0.00001;0.00098;0.00008;0.00077;0.00005;0.00011;0.00034;0.00023;0.00237;0.00105;0.00058;0.00811;0.00444;0.00459;0.00047;0.00048;0.00055;0.00074;0.00518;0.00492;0.00006;0.00001;0.00060;0.00954;0.00377;0.00603;0.00009;0.00013;0.00041;0.00012;0.00004;0.00000;0.00002;0.00003;0.00020;0.00031;0.00021;0.00008;0.00096;0.00205;0.00034;0.00000;0.00018;0.00013;0.00039;0.00163;0.00078;0.00007;0.00015;0.00106;0.00005;0.00001;0.00015;0.00000;0.00009;0.00056;0.00009;0.00056;0.00008;0.00016;0.00082;0.00008;0.00086;0.00000;0.00147;0.00001;0.00002;0.00001;0.00000;0.00001;0.00006;0.00002;0.00001;0.00008;0.00027;0.00001;0.00002;0.00003;0.00002;0.00009;0.00007;0.00012;0.00013;0.00010;0.00370;0.00640;0.00005;0.00369;0.00295;0.00209;0.00205;0.00027;0.00137;0.00047;0.00304;0.07498;0.00021;0.00004;0.00005;0.00013;0.00237;0.00508;0.00002;0.00003;0.00013;0.00058;0.00065;0.00107;0.00021;0.00057;0.00004;0.00014;0.00030;0.00021;0.00032;0.01314;0.00003;0.01017;0.00007;0.00005;0.00026;0.00019;0.00019;0.00048;0.00020;0.00019;0.00050;0.00017;0.00000;0.00002;0.00130;0.00051;0.00021;0.00430;0.01865;0.00023;0.00214;0.00159;0.00202;0.00013;0.00024;0.00677;0.00034;0.00135;0.00009;0.00125;0.00060;0.00032;0.00048;0.00267;0.00015;0.00058;0.00457;0.00000;0.00056;0.00046;0.00021;0.00004;0.00019;0.00002;0.00018;0.00000;0.00014;0.00004;0.00004;0.00005;0.00147;0.00000;0.00000;0.00000;0.00000;0.00316;0.00001;0.00003;0.00002;0.00013;0.00004;0.00004;0.00002;0.00001;0.00000;0.00003;0.00001;0.00000;0.00132;0.00000;0.00015;0.00007;0.00051;0.00037;0.00005;0.00168;0.00000;0.00003;0.00001;0.00232;0.00016;0.00000;0.00013;0.00012;0.00001;0.00008;0.00001;0.00025;0.00003;0.00099;0.00126;0.00282;0.00009;0.00002;0.00001;0.00002;0.00001;0.01331;0.00000;0.00008;0.00045;0.00004;0.00013;0.00537;0.00016;0.00004;0.00078;0.00030;0.00018;0.00008;0.00006;0.00000;0.00003
2020-03-24 00:00;0.04945;0.03049;0.00003;0.00772;0.00062;0.00015;0.00007;0.00247;0.00008;0.00008;0.00258;0.02083;0.03701;0.00015;0.00004;0.00004;0.02279;0.00556;0.00144;0.00020;0.00008;0.00026;0.00117;0.00011;0.00015;0.00626;0.00030;0.00118;0.00010;0.00017;0.00087;0.00019;0.00406;0.00005;0.00022;0.00033;0.00004;0.00139;0.00109;0.00039;0.00071;0.00083;0.00151;0.00213;0.00238;0.00111;0.00004;0.00008;0.00097;0.00056;0.00088;0.00008;0.00008;0.00030;0.00014;0.00042;0.00004;0.00085;0.00012;0.00064;0.00168;0.00005;0.00276;0.00170;0.00107;0.00041;0.01226;0.01192;0.00004;0.00770;0.00278;0.01035;0.00057;0.00016;0.00193;0.00011;0.00182;0.00012;0.00017;0.00045;0.00067;0.00030;0.00011;0.00136;0.00042;0.00008;0.00201;0.00850;0.00000;0.00056;0.00000;0.00158;0.00361;0.00616;0.00000;0.00071;0.00306;0.00127;0.00113;0.04668;0.81471;0.12796;0.00611;0.00404;0.01187;0.00243;0.00397;0.30124;0.01506;0.00896;0.00834;0.01272;0.01488;0.01724;0.02982;0.02432;0.00079;0.00107;0.00499;0.00691;0.00452;0.00231;0.00639;0.00501;0.00455;0.01259;0.00317;0.01073;0.00151;0.00244;0.00925;0.02626;0.00027;0.00019;0.00873;0.00846;0.01414;0.00426;0.00952;0.00184;0.00425;0.00182;0.00206;0.03895;0.00706;0.00865;0.02102;0.01819;0.00339;0.01766;0.10463;0.02085;0.04526;0.01022;0.01125;0.01072;0.00659;0.19486;0.00127;0.00107;0.00444;0.00239;0.08748;0.17473;0.08569;0.03000;0.02296;0.00357;0.00519;0.04855;0.08375;0.01184;0.01253;0.01424;0.00000;0.02159;0.00057;0.01362;0.07010;0.00351;0.02810;0.01087;0.00000;0.02219;0.01661;0.00234;0.00076;0.00263;0.00284;0.01609;0.02615;0.01719;0.00799;0.01589;0.00009;0.00052;0.00474;0.01349;0.00073;0.00136;0.00000;0.00043;0.01960;0.00031;0.00117;0.00179;0.04648;0.00323;0.00975;0.00169;0.00578;0.00485;0.00316;0.04627;0.00406;0.03097;0.01929;0.01133;0.00086;0.03651;0.00180;0.00636;0.00011;0.02484;0.01840;0.01710;0.00391;0.00733;0.00806;0.00092;0.00596;0.00632;0.00355;0.02085;0.00040;0.00212;0.00047;0.00275;0.00321;0.00116;0.00254;0.00119;0.00960;0.00470;0.00636;0.00735;0.00054;0.00023;0.00003;0.00020;0.00618;0.00596;0.00199;0.00018;0.00844;0.00091;0.00668;0.00186;0.00095;0.00049;0.00398;0.00233;0.00002;0.00000;0.00108;0.00049;0.00012;0.01707;0.00406;0.01250;0.00041;0.00106;0.00543;0.00253;0.03559;0.01004;0.00720;0.06557;0.03591;0.03719;0.00496;0.00886;0.00974;0.00627;0.02026;0.01957;0.00045;0.00042;0.00482;0.08065;0.02583;0.02501;0.00092;0.00116;0.00320;0.00098;0.00038;0.00012;0.00017;0.00092;0.00165;0.00265;0.00267;0.00076;0.00828;0.01598;0.00505;0.00025;0.00175;0.00147;0.00289;0.01285;0.00712;0.00070;0.00163;0.00685;0.00041;0.00044;0.00123;0.00019;0.00106;0.00619;0.00152;0.00561;0.00083;0.00171;0.00703;0.00113;0.00722;0.00008;0.00848;0.00022;0.00026;0.00011;0.00001;0.00009;0.00052;0.00030;0.00013;0.00134;0.00244;0.00026;0.00036;0.00033;0.00039;0.00104;0.00091;0.00119;0.00145;0.00130;0.03338;0.06490;0.00142;0.03305;0.03144;0.02566;0.01637;0.00209;0.01415;0.00820;0.03068;0.07558;0.00050;0.00071;0.00096;0.00259;0.01632;0.03377;0.00038;0.00048;0.00330;0.00546;0.01064;0.00728;0.00380;0.00472;0.00040;0.00146;0.00231;0.00252;0.00273;0.30822;0.00063;0.06887;0.00074;0.00041;0.00212;0.00223;0.00259;0.00930;0.00208;0.00221;0.00367;0.00163;0.00005;0.00015;0.02058;0.00546;0.00224;0.09000;0.24642;0.00665;0.02021;0.01693;0.01374;0.00520;0.00258;0.04428;0.00502;0.01320;0.00134;0.00844;0.00683;0.00376;0.00371;0.01774;0.00517;0.00640;0.03557;0.00008;0.00561;0.00335;0.00193;0.00065;0.00272;0.01063;0.08168;0.00177;0.00326;0.00243;0.00187;0.00421;0.26689;0.03829;0.03855;0.00219;0.00266;0.02817;0.00567;0.00693;0.01349;0.01156;0.00590;0.00235;0.02059;0.00850;0.01007;0.00983;0.00358;0.00734;0.13213;0.01203;0.05873;0.02067;0.03389;0.04558;0.03188;0.06561;0.00457;0.00472;0.00934;0.09011;0.03490;0.00083;0.00226;0.03706;0.01052;0.00258;0.00007;0.00378;0.00046;0.02150;0.01531;0.28594;0.00427;0.00048;0.00021;0.00034;0.00014;0.09547;0.00010;0.00121;0.00427;0.00067;0.00198;0.01768;0.00237;0.00061;0.00920;0.00344;0.00261;0.00106;0.00103;0.00001;0.00045
2020-03-25 00:00;0.00966;0.00721;0.00000;0.00228;0.00000;0.00000;0.00000;0.00047;0.00000;0.00000;0.00078;0.00350;0.01719;0.00000;0.00000;0.00000;0.00732;0.00067;0.00022;0.00002;0.00001;0.00002;0.00013;0.00001;0.00001;0.00264;0.00002;0.00008;0.00001;0.00001;0.00036;0.00002;0.00121;0.00001;0.00002;0.00008;0.00000;0.00027;0.00006;0.00006;0.00018;0.00028;0.00011;0.00019;0.00019;0.00007;0.00000;0.00000;0.00041;0.00005;0.00007;0.00000;0.00000;0.00003;0.00000;0.00013;0.00000;0.00019;0.00002;0.00005;0.00012;0.00000;0.00022;0.00078;0.00012;0.00003;0.00204;0.00130;0.00000;0.00357;0.00024;0.00139;0.00004;0.00000;0.00083;0.00001;0.00012;0.00001;0.00002;0.00014;0.00006;0.00003;0.00001;0.00048;0.00014;0.00000;0.00049;0.00169;0.00000;0.00004;0.00000;0.00013;0.00089;0.00167;0.00000;0.00006;0.00080;0.00015;0.00035;0.01323;1.38529;0.08301;0.00047;0.00029;0.00149;0.00023;0.00045;0.27960;0.00255;0.00059;0.00106;0.00133;0.00204;0.00160;0.00505;0.00233;0.00007;0.00008;0.00055;0.00092;0.00107;0.00021;0.00243;0.00059;0.00041;0.00280;0.00022;0.00376;0.00010;0.00017;0.00106;0.00742;0.00002;0.00000;0.00143;0.00114;0.00355;0.00049;0.00139;0.00013;0.00076;0.00011;0.00001;0.01215;0.00070;0.00061;0.00529;0.00281;0.00030;0.00417;0.05608;0.00282;0.00970;0.00121;0.00146;0.00212;0.00082;0.14043;0.00011;0.00000;0.00059;0.00019;0.05779;0.13737;0.01825;0.00832;0.00424;0.00046;0.00062;0.01203;0.02653;0.00425;0.00387;0.00634;0.00000;0.00954;0.00009;0.00349;0.01884;0.00126;0.01506;0.00285;0.00000;0.00636;0.00387;0.00024;0.00014;0.00024;0.00075;0.00739;0.01450;0.00531;0.00273;0.00639;0.00001;0.00005;0.00209;0.00404;0.00026;0.00031;0.00000;0.00004;0.01453;0.00004;0.00030;0.00027;0.01815;0.00048;0.00255;0.00020;0.00137;0.00071;0.00041;0.01616;0.00061;0.01350;0.00821;0.00301;0.00026;0.02797;0.00018;0.00150;0.00001;0.00617;0.00557;0.00536;0.00073;0.00136;0.00266;0.00015;0.00167;0.00148;0.00088;0.00957;0.00006;0.00101;0.00006;0.00110;0.00093;0.00013;0.00080;0.00025;0.00387;0.00125;0.00218;0.00419;0.00008;0.00002;0.00000;0.00003;0.00182;0.00275;0.00042;0.00002;0.00305;0.00021;0.00235;0.00040;0.00020;0.00009;0.00157;0.00079;0.00000;0.00000;0.00034;0.00006;0.00001;0.00872;0.00078;0.00758;0.00006;0.00009;0.00175;0.00068;0.01548;0.00277;0.00130;0.02919;0.01337;0.01114;0.00207;0.00241;0.00172;0.00162;0.00713;0.00989;0.00011;0.00008;0.00181;0.05518;0.01054;0.01250;0.00010;0.00017;0.00128;0.00023;0.00006;0.00001;0.00003;0.00028;0.00037;0.00123;0.00070;0.00013;0.00402;0.00741;0.00075;0.00003;0.00040;0.00037;0.00105;0.00679;0.00188;0.00010;0.00026;0.00340;0.00008;0.00005;0.00030;0.00002;0.00020;0.00334;0.00027;0.00218;0.00015;0.00039;0.00296;0.00026;0.00129;0.00001;0.00292;0.00003;0.00005;0.00001;0.00000;0.00000;0.00010;0.00003;0.00002;0.00028;0.00087;0.00003;0.00003;0.00006;0.00004;0.00013;0.00020;0.00025;0.00016;0.00027;0.01022;0.01444;0.00043;0.00658;0.00461;0.00187;0.00231;0.00039;0.00203;0.00189;0.00659;0.07148;0.00003;0.00006;0.00008;0.00026;0.00485;0.01360;0.00003;0.00011;0.00088;0.00160;0.00188;0.00103;0.00115;0.00138;0.00006;0.00028;0.00071;0.00058;0.00075;0.01230;0.00006;0.03375;0.00014;0.00005;0.00030;0.00045;0.00044;0.00346;0.00050;0.00059;0.00174;0.00033;0.00000;0.00003;0.00526;0.00136;0.00053;0.03389;0.12620;0.00182;0.00391;0.00539;0.00533;0.00236;0.00066;0.02351;0.00104;0.00352;0.00044;0.00243;0.00147;0.00085;0.00099;0.01089;0.00110;0.00129;0.02078;0.00001;0.00254;0.00129;0.00041;0.00006;0.00089;0.00214;0.03838;0.00024;0.00029;0.00001;0.00023;0.00068;0.20892;0.01012;0.01559;0.00024;0.00019;0.02043;0.00112;0.00119;0.00401;0.00205;0.00069;0.00044;0.00549;0.00089;0.00363;0.00218;0.00033;0.00244;0.14113;0.00170;0.02752;0.00343;0.00761;0.02253;0.00735;0.01698;0.00108;0.00048;0.00106;0.04608;0.01255;0.00000;0.00030;0.01219;0.00115;0.00046;0.00001;0.00124;0.00008;0.00629;0.00537;0.36993;0.00098;0.00005;0.00002;0.00007;0.00000;0.07340;0.00001;0.00016;0.00125;0.00007;0.00018;0.00641;0.00025;0.00004;0.00245;0.00124;0.00097;0.00073;0.00020;0.00000;0.00005
2020-03-26 00:00;0.00055;0.00066;0.00000;0.00012;0.00001;0.00000;0.00000;0.00002;0.00000;0.00000;0.00003;0.00021;0.00045;0.00000;0.00000;0.00000;0.00030;0.00005;0.00002;0.00000;0.00000;0.00000;0.00001;0.00000;0.00000;0.00010;0.00000;0.00001;0.00000;0.00000;0.00001;0.00000;0.00004;0.00000;0.00000;0.00000;0.00000;0.00002;0.00001;0.00000;0.00000;0.00001;0.00002;0.00001;0.00003;0.00001;0.00000;0.00000;0.00001;0.00001;0.00001;0.00000;0.00000;0.00000;0.00000;0.00000;0.00000;0.00001;0.00000;0.00001;0.00002;0.00000;0.00003;0.00001;0.00001;0.00000;0.00014;0.00012;0.00000;0.00010;0.00003;0.00011;0.00001;0.00000;0.00001;0.00000;0.00002;0.00000;0.00000;0.00001;0.00001;0.00000;0.00000;0.00002;0.00001;0.00000;0.00002;0.00008;0.00000;0.00000;0.00000;0.00001;0.00004;0.00005;0.00000;0.00000;0.00003;0.00000;0.00001;0.00046;0.25418;0.00899;0.00001;0.00001;0.00002;0.00000;0.00000;0.03751;0.00003;0.00002;0.00003;0.00002;0.00007;0.00006;0.00025;0.00021;0.00001;0.00000;0.00001;0.00001;0.00000;0.00000;0.00000;0.00003;0.00001;0.00000;0.00000;0.00000;0.00000;0.00001;0.00003;0.00004;0.00000;0.00000;0.00000;0.00001;0.00001;0.00001;0.00002;0.00001;0.00000;0.00000;0.00001;0.00005;0.00002;0.00004;0.00002;0.00005;0.00000;0.00000;0.00000;0.00006;0.00007;0.00003;0.00002;0.00004;0.00000;0.01564;0.00001;0.00000;0.00002;0.00000;0.00640;0.01671;0.00031;0.00002;0.00004;0.00001;0.00000;0.00076;0.00019;0.00007;0.00026;0.00008;0.00000;0.00062;0.00000;0.00030;0.00104;0.00010;0.00036;0.00018;0.00000;0.00051;0.00031;0.00006;0.00000;0.00007;0.00007;0.00032;0.00061;0.00016;0.00009;0.00020;0.00000;0.00000;0.00008;0.00013;0.00000;0.00000;0.00000;0.00001;0.00183;0.00000;0.00000;0.00005;0.00194;0.00004;0.00007;0.00003;0.00019;0.00004;0.00005;0.00075;0.00002;0.00082;0.00049;0.00018;0.00002;0.00445;0.00002;0.00026;0.00000;0.00061;0.00044;0.00051;0.00014;0.00026;0.00011;0.00004;0.00026;0.00034;0.00013;0.00131;0.00002;0.00012;0.00000;0.00015;0.00020;0.00006;0.00006;0.00001;0.00049;0.00008;0.00028;0.00091;0.00003;0.00001;0.00000;0.00001;0.00039;0.00028;0.00004;0.00001;0.00017;0.00007;0.00135;0.00008;0.00006;0.00002;0.00007;0.00005;0.00000;0.00000;0.00004;0.00001;0.00000;0.00046;0.00003;0.00031;0.00002;0.00004;0.00018;0.00017;0.00129;0.00036;0.00035;0.00246;0.00233;0.00346;0.00021;0.00012;0.00007;0.00022;0.00248;0.00345;0.00004;0.00000;0.00044;0.00888;0.00166;0.00087;0.00004;0.00007;0.00010;0.00006;0.00002;0.00000;0.00001;0.00001;0.00008;0.00014;0.00010;0.00001;0.00029;0.00087;0.00015;0.00000;0.00008;0.00005;0.00018;0.00064;0.00032;0.00004;0.00008;0.00048;0.00002;0.00001;0.00007;0.00000;0.00003;0.00010;0.00003;0.00023;0.00000;0.00006;0.00019;0.00004;0.00039;0.00000;0.00070;0.00001;0.00000;0.00000;0.00000;0.00000;0.00000;0.00001;0.00000;0.00002;0.00011;0.00000;0.00001;0.00001;0.00001;0.00004;0.00003;0.00005;0.00006;0.00003;0.00141;0.00291;0.00001;0.00177;0.00139;0.00187;0.00107;0.00009;0.00068;0.00022;0.00143;0.06768;0.00005;0.00025;0.00034;0.00092;0.00110;0.00209;0.00013;0.00002;0.00006;0.00027;0.00047;0.00098;0.00009;0.00028;0.00001;0.00007;0.00012;0.00010;0.00009;0.01196;0.00001;0.00459;0.00000;0.00000;0.00015;0.00010;0.00011;0.00021;0.00007;0.00003;0.00023;0.00008;0.00000;0.00000;0.00062;0.00020;0.00006;0.00079;0.00191;0.00003;0.00068;0.00037;0.00037;0.00000;0.00003;0.00204;0.00006;0.00034;0.00001;0.00017;0.00007;0.00005;0.00008;0.00028;0.00002;0.00014;0.00076;0.00000;0.00009;0.00009;0.00002;0.00001;0.00005;0.00000;0.00003;0.00000;0.00002;0.00001;0.00001;0.00001;0.02070;0.00000;0.00000;0.00000;0.00000;0.00265;0.00000;0.00000;0.00000;0.00002;0.00001;0.00001;0.00000;0.00000;0.00000;0.00001;0.00000;0.00000;0.02036;0.00000;0.00003;0.00001;0.00009;0.00007;0.00001;0.00026;0.00000;0.00001;0.00000;0.00039;0.00003;0.00000;0.00002;0.00003;0.00001;0.00001;0.00000;0.00004;0.00000;0.00016;0.00026;0.04891;0.00001;0.00000;0.00000;0.00000;0.00000;0.00977;0.00000;0.00002;0.00007;0.00001;0.00002;0.00088;0.00003;0.00001;0.00012;0.00004;0.00002;0.00009;0.00001;0.00000;0.00000
2020-03-27 00:00;0.01856;0.01397;0.00001;0.00316;0.00024;0.00006;0.00002;0.00091;0.00003;0.00003;0.00106;0.00763;0.01400;0.00006;0.00001;0.00001;0.00876;0.00195;0.00048;0.00010;0.00003;0.00009;0.00041;0.00003;0.00001;0.00250;0.00011;0.00042;0.00005;0.00006;0.00019;0.00007;0.00139;0.00003;0.00010;0.00010;0.00001;0.00051;0.00036;0.00009;0.00020;0.00020;0.00056;0.00072;0.00089;0.00036;0.00002;0.00003;0.00030;0.00021;0.00031;0.00003;0.00003;0.00008;0.00005;0.00009;0.00000;0.00022;0.00003;0.00024;0.00060;0.00000;0.00104;0.00046;0.00040;0.00014;0.00459;0.00437;0.00002;0.00376;0.00104;0.00381;0.00022;0.00006;0.00034;0.00004;0.00065;0.00011;0.00001;0.00000;0.00025;0.00009;0.00001;0.00042;0.00028;0.00003;0.00077;0.00308;0.00000;0.00020;0.00000;0.00053;0.00134;0.00191;0.00000;0.00023;0.00101;0.00037;0.00026;0.00365;0.09963;0.00337;0.00037;0.00027;0.00102;0.00004;0.00010;0.01089;0.00085;0.00105;0.00080;0.00095;0.00282;0.00225;0.01045;0.00913;0.00032;0.00013;0.00035;0.00067;0.00003;0.00016;0.00000;0.00138;0.00081;0.00004;0.00002;0.00000;0.00012;0.00038;0.00106;0.00154;0.00002;0.00002;0.00000;0.00020;0.00021;0.00052;0.00089;0.00039;0.00023;0.00002;0.00021;0.00141;0.00055;0.00185;0.00072;0.00196;0.00002;0.00009;0.00000;0.00192;0.00271;0.00094;0.00113;0.00112;0.00005;0.00689;0.00040;0.00011;0.00052;0.00007;0.00184;0.00846;0.00760;0.00067;0.00112;0.00053;0.00073;0.01296;0.00658;0.00003;0.00601;0.00003;0.00000;0.00823;0.00013;0.00433;0.01500;0.00179;0.00085;0.00758;0.00000;0.01322;0.01010;0.00154;0.00040;0.00170;0.00189;0.00854;0.02102;0.00998;0.00250;0.00788;0.00004;0.00005;0.00297;0.00840;0.00020;0.00071;0.00000;0.00024;0.01609;0.00010;0.00054;0.00123;0.03384;0.00104;0.00252;0.00077;0.00455;0.00082;0.00001;0.01548;0.00050;0.02104;0.01459;0.00894;0.00078;0.02659;0.00123;0.00587;0.00001;0.01254;0.01140;0.00732;0.00227;0.00478;0.00367;0.00098;0.00431;0.00404;0.00213;0.01860;0.00032;0.00209;0.00009;0.00222;0.00293;0.00103;0.00083;0.00033;0.00755;0.00128;0.00473;0.00775;0.00045;0.00017;0.00000;0.00016;0.00553;0.00460;0.00056;0.00016;0.00255;0.00087;0.00632;0.00108;0.00093;0.00040;0.00163;0.00068;0.00001;0.00000;0.00051;0.00009;0.00011;0.00600;0.00101;0.00412;0.00040;0.00071;0.00198;0.00235;0.01693;0.00990;0.00559;0.05346;0.03691;0.04807;0.00345;0.00356;0.00246;0.00513;0.01977;0.02090;0.00053;0.00007;0.00603;0.02538;0.02486;0.01717;0.00075;0.00103;0.00308;0.00057;0.00030;0.00007;0.00013;0.00023;0.00133;0.00174;0.00173;0.00061;0.00725;0.01237;0.00257;0.00000;0.00130;0.00125;0.00235;0.01013;0.00561;0.00057;0.00114;0.00575;0.00032;0.00008;0.00099;0.00000;0.00062;0.00252;0.00074;0.00340;0.00021;0.00129;0.00553;0.00091;0.00545;0.00005;0.00723;0.00016;0.00006;0.00000;0.00000;0.00001;0.00015;0.00004;0.00000;0.00112;0.00188;0.00015;0.00021;0.00019;0.00019;0.00081;0.00071;0.00087;0.00116;0.00066;0.02547;0.05119;0.00028;0.02643;0.02499;0.01933;0.01313;0.00164;0.01126;0.00310;0.02378;0.06650;0.00037;0.00062;0.00085;0.00230;0.01497;0.02671;0.00033;0.00019;0.00092;0.00404;0.00837;0.00549;0.00131;0.00433;0.00021;0.00112;0.00191;0.00083;0.00200;0.22652;0.00020;0.05294;0.00054;0.00009;0.00153;0.00191;0.00238;0.00313;0.00148;0.00083;0.00304;0.00130;0.00002;0.00010;0.01026;0.00357;0.00133;0.01494;0.07572;0.00119;0.01117;0.00927;0.00655;0.00044;0.00104;0.03243;0.00176;0.00808;0.00060;0.00564;0.00138;0.00059;0.00079;0.01269;0.00048;0.00349;0.01263;0.00003;0.00287;0.00253;0.00052;0.00023;0.00154;0.00009;0.00084;0.00000;0.00096;0.00021;0.00020;0.00026;0.01588;0.00000;0.00000;0.00000;0.00000;0.01300;0.00003;0.00014;0.00012;0.00068;0.00022;0.00026;0.00008;0.00006;0.00000;0.00017;0.00005;0.00000;0.00484;0.00002;0.00057;0.00038;0.00311;0.00174;0.00024;0.01295;0.00000;0.00015;0.00007;0.01579;0.00078;0.00000;0.00079;0.00058;0.00007;0.00066;0.00000;0.00121;0.00016;0.00600;0.00646;0.00901;0.00046;0.00009;0.00007;0.00014;0.00003;0.03851;0.00001;0.00045;0.00185;0.00021;0.00074;0.01185;0.00089;0.00023;0.00363;0.00141;0.00083;0.00039;0.00036;0.00000;0.00016
2020-03-28 00:00;0.00365;0.00335;0.00000;0.00095;0.00000;0.00000;0.00000;0.00017;0.00000;0.00000;0.00032;0.00129;0.00661;0.00000;0.00000;0.00000;0.00285;0.00024;0.00007;0.00001;0.00000;0.00001;0.00005;0.00000;0.00000;0.00108;0.00001;0.00003;0.00000;0.00000;0.00008;0.00001;0.00042;0.00000;0.00001;0.00002;0.00000;0.00010;0.00002;0.00001;0.00005;0.00007;0.00004;0.00007;0.00007;0.00002;0.00000;0.00000;0.00012;0.00002;0.00002;0.00000;0.00000;0.00001;0.00000;0.00003;0.00000;0.00005;0.00001;0.00002;0.00004;0.00000;0.00008;0.00021;0.00004;0.00001;0.00077;0.00048;0.00000;0.00179;0.00009;0.00051;0.00001;0.00000;0.00015;0.00000;0.00004;0.00001;0.00000;0.00000;0.00002;0.00001;0.00000;0.00015;0.00009;0.00000;0.00019;0.00062;0.00000;0.00001;0.00000;0.00004;0.00033;0.00052;0.00000;0.00002;0.00027;0.00004;0.00008;0.00100;0.02202;0.00206;0.00003;0.00002;0.00013;0.00000;0.00001;0.00988;0.00014;0.00007;0.00010;0.00010;0.00039;0.00021;0.00175;0.00084;0.00003;0.00001;0.00004;0.00009;0.00001;0.00001;0.00000;0.00016;0.00007;0.00001;0.00000;0.00000;0.00001;0.00003;0.00012;0.00043;0.00000;0.00000;0.00000;0.00003;0.00005;0.00006;0.00013;0.00003;0.00004;0.00000;0.00000;0.00043;0.00005;0.00012;0.00018;0.00030;0.00000;0.00002;0.00000;0.00025;0.00058;0.00011;0.00014;0.00022;0.00001;0.00482;0.00003;0.00000;0.00007;0.00001;0.00119;0.00645;0.00159;0.00018;0.00021;0.00007;0.00009;0.00320;0.00207;0.00000;0.00187;0.00000;0.00000;0.00368;0.00002;0.00107;0.00397;0.00065;0.00036;0.00202;0.00000;0.00384;0.00237;0.00016;0.00007;0.00016;0.00050;0.00406;0.01193;0.00314;0.00087;0.00322;0.00000;0.00000;0.00133;0.00254;0.00007;0.00016;0.00000;0.00002;0.01235;0.00001;0.00014;0.00019;0.01344;0.00016;0.00066;0.00009;0.00108;0.00012;0.00000;0.00538;0.00007;0.00921;0.00635;0.00241;0.00024;0.02099;0.00013;0.00140;0.00000;0.00312;0.00349;0.00230;0.00042;0.00089;0.00122;0.00016;0.00122;0.00095;0.00053;0.00875;0.00005;0.00102;0.00001;0.00090;0.00086;0.00011;0.00026;0.00007;0.00309;0.00034;0.00163;0.00452;0.00007;0.00001;0.00000;0.00002;0.00165;0.00216;0.00012;0.00001;0.00091;0.00020;0.00232;0.00023;0.00019;0.00008;0.00065;0.00023;0.00000;0.00000;0.00016;0.00001;0.00001;0.00301;0.00019;0.00244;0.00006;0.00006;0.00063;0.00063;0.00730;0.00278;0.00102;0.02456;0.01402;0.01459;0.00144;0.00097;0.00044;0.00135;0.00727;0.01093;0.00013;0.00001;0.00230;0.01690;0.01041;0.00911;0.00009;0.00015;0.00128;0.00013;0.00005;0.00001;0.00002;0.00007;0.00030;0.00081;0.00046;0.00010;0.00362;0.00584;0.00038;0.00000;0.00030;0.00032;0.00087;0.00548;0.00149;0.00008;0.00018;0.00292;0.00007;0.00001;0.00025;0.00000;0.00012;0.00138;0.00013;0.00132;0.00004;0.00030;0.00239;0.00021;0.00098;0.00000;0.00254;0.00002;0.00001;0.00000;0.00000;0.00000;0.00003;0.00000;0.00000;0.00023;0.00068;0.00002;0.00002;0.00004;0.00002;0.00010;0.00016;0.00018;0.00013;0.00014;0.00790;0.01147;0.00008;0.00530;0.00369;0.00170;0.00186;0.00031;0.00162;0.00071;0.00514;0.06296;0.00003;0.00005;0.00007;0.00022;0.00453;0.01100;0.00002;0.00004;0.00024;0.00119;0.00148;0.00092;0.00039;0.00128;0.00003;0.00022;0.00060;0.00019;0.00056;0.01122;0.00002;0.02645;0.00010;0.00001;0.00021;0.00039;0.00041;0.00115;0.00036;0.00023;0.00147;0.00027;0.00000;0.00002;0.00262;0.00090;0.00032;0.00559;0.03939;0.00033;0.00218;0.00299;0.00262;0.00020;0.00027;0.01781;0.00037;0.00219;0.00020;0.00167;0.00030;0.00013;0.00021;0.00836;0.00010;0.00071;0.00757;0.00000;0.00133;0.00100;0.00011;0.00002;0.00051;0.00002;0.00039;0.00000;0.00008;0.00000;0.00003;0.00004;0.01233;0.00000;0.00000;0.00000;0.00000;0.00963;0.00001;0.00002;0.00004;0.00012;0.00003;0.00005;0.00002;0.00001;0.00000;0.00004;0.00000;0.00000;0.00505;0.00000;0.00026;0.00006;0.00069;0.00085;0.00005;0.00335;0.00000;0.00002;0.00001;0.00804;0.00028;0.00000;0.00011;0.00019;0.00001;0.00012;0.00000;0.00040;0.00003;0.00176;0.00229;0.01112;0.00011;0.00001;0.00001;0.00003;0.00000;0.03079;0.00000;0.00006;0.00055;0.00002;0.00007;0.00461;0.00009;0.00002;0.00097;0.00052;0.00031;0.00027;0.00007;0.00000;0.00002
2020-03-29 00:00;0.05598;0.03260;0.00004;0.00850;0.00070;0.00018;0.00009;0.00280;0.00009;0.00009;0.00247;0.02348;0.04064;0.00018;0.00004;0.00004;0.02412;0.00635;0.00154;0.00021;0.00012;0.00029;0.00134;0.00012;0.00017;0.00535;0.00034;0.00135;0.00010;0.00019;0.00091;0.00021;0.00497;0.00006;0.00018;0.00028;0.00004;0.00163;0.00127;0.00041;0.00068;0.00101;0.00170;0.00246;0.00268;0.00129;0.00005;0.00009;0.00093;0.00063;0.00100;0.00009;0.00009;0.00036;0.00016;0.00051;0.00003;0.00081;0.00013;0.00072;0.00191;0.00003;0.00311;0.00178;0.00120;0.00047;0.01369;0.01347;0.00005;0.00795;0.00313;0.01166;0.00064;0.00019;0.00138;0.00013;0.00208;0.00008;0.00011;0.00042;0.00075;0.00036;0.00010;0.00203;0.00037;0.00009;0.00217;0.00958;0.00000;0.00064;0.00000;0.00182;0.00402;0.00666;0.00000;0.00082;0.00301;0.00152;0.00099;0.05119;0.92852;0.14679;0.00727;0.00472;0.01417;0.00276;0.00452;0.35574;0.01747;0.01070;0.00989;0.01531;0.01736;0.02059;0.03297;0.02717;0.00088;0.00128;0.00574;0.00818;0.00511;0.00272;0.00735;0.00574;0.00537;0.01426;0.00341;0.01234;0.00172;0.00293;0.01098;0.03083;0.00031;0.00022;0.00959;0.00941;0.01634;0.00508;0.01130;0.00218;0.00492;0.00191;0.00233;0.04525;0.00792;0.01023;0.02417;0.02166;0.00373;0.01945;0.11835;0.02451;0.05175;0.01159;0.01312;0.01277;0.00691;0.22239;0.00147;0.00124;0.00530;0.00258;0.09904;0.19551;0.09687;0.03500;0.02893;0.00463;0.00670;0.05738;0.10769;0.01264;0.02254;0.01200;0.00000;0.01709;0.00047;0.01282;0.08163;0.00268;0.03180;0.01064;0.00009;0.02256;0.01797;0.00276;0.00082;0.00303;0.00270;0.01333;0.03404;0.01855;0.00294;0.01236;0.00007;0.00058;0.00504;0.01220;0.00040;0.00169;0.00000;0.00043;0.02613;0.00021;0.00110;0.00197;0.05181;0.00425;0.00981;0.00143;0.00623;0.00646;0.00367;0.04675;0.00525;0.03790;0.01654;0.00848;0.00077;0.03160;0.00168;0.00803;0.00003;0.02145;0.01521;0.01247;0.00329;0.00702;0.00624;0.00146;0.00591;0.00788;0.00237;0.02170;0.00051;0.00623;0.00066;0.00306;0.00819;0.00124;0.00329;0.00046;0.00952;0.00596;0.01233;0.00866;0.00073;0.00031;0.00004;0.00025;0.00715;0.00615;0.00321;0.00032;0.01173;0.00308;0.00602;0.00409;0.00118;0.00055;0.00375;0.00259;0.00002;0.00000;0.00154;0.00078;0.00009;0.01924;0.00493;0.01330;0.00047;0.00107;0.00682;0.00303;0.04700;0.01025;0.01631;0.07248;0.04157;0.03734;0.00574;0.00924;0.00885;0.00708;0.01962;0.01509;0.00073;0.00057;0.00423;0.08743;0.02715;0.02297;0.00097;0.00147;0.00402;0.00128;0.00055;0.00012;0.00037;0.00188;0.00197;0.00324;0.00237;0.00085;0.00645;0.01442;0.00459;0.00000;0.00205;0.00188;0.00522;0.01421;0.00844;0.00193;0.00451;0.01031;0.00064;0.00061;0.00153;0.00006;0.00092;0.00702;0.00078;0.00546;0.00049;0.00134;0.00759;0.00086;0.00782;0.00007;0.00860;0.00015;0.00016;0.00000;0.00003;0.00001;0.00039;0.00021;0.00005;0.00122;0.00209;0.00025;0.00032;0.00031;0.00038;0.00111;0.00108;0.00133;0.00161;0.00150;0.03407;0.07356;0.00088;0.03810;0.03631;0.03083;0.02037;0.00190;0.01702;0.01383;0.03468;0.06278;0.00039;0.00057;0.00077;0.00208;0.01622;0.03332;0.00031;0.00033;0.00558;0.00734;0.00721;0.00841;0.00344;0.00460;0.00032;0.00174;0.00237;0.00235;0.00298;0.40416;0.00073;0.07678;0.00033;0.00025;0.00228;0.00299;0.00350;0.00982;0.00245;0.00168;0.00457;0.00194;0.00004;0.00020;0.02443;0.00647;0.00228;0.09228;0.20535;0.00545;0.02329;0.01769;0.01110;0.00297;0.00259;0.05102;0.00262;0.01474;0.00095;0.00654;0.00413;0.00379;0.00427;0.01939;0.00348;0.01158;0.02872;0.00001;0.00606;0.00298;0.00143;0.00048;0.00235;0.01156;0.09305;0.00200;0.00376;0.00276;0.00223;0.00496;0.33555;0.04198;0.04345;0.00242;0.00287;0.03087;0.00643;0.00807;0.01557;0.01356;0.00690;0.00274;0.02375;0.00982;0.01160;0.01138;0.00406;0.00846;0.15398;0.01311;0.06610;0.02405;0.03967;0.05309;0.03706;0.07462;0.00520;0.00547;0.01057;0.10361;0.03980;0.00097;0.00251;0.04289;0.01198;0.00287;0.00004;0.00399;0.00048;0.02921;0.03572;0.35018;0.00534;0.00046;0.00021;0.00042;0.00018;0.10185;0.00004;0.00139;0.00418;0.00074;0.00223;0.01530;0.00266;0.00069;0.00998;0.00375;0.00267;0.00105;0.00115;0.00000;0.00049
2020-03-30 00:00;0.14593;0.10290;0.00010;0.02882;0.00169;0.00042;0.00021;0.00731;0.00021;0.00021;0.02961;0.06188;0.15647;0.00042;0.00016;0.00011;0.08232;0.01641;0.02274;0.01199;0.00559;0.00073;0.00344;0.00902;0.01157;0.04147;0.00086;0.00338;0.00633;0.00665;0.02813;0.00055;0.04943;0.00561;0.00882;0.01796;0.00011;0.00992;0.00318;0.01628;0.04094;0.05202;0.00424;0.00629;0.00667;0.00326;0.00011;0.00022;0.04600;0.00159;0.00254;0.00022;0.00022;0.00816;0.00486;0.02569;0.00336;0.02767;0.00628;0.00182;0.00476;0.00355;0.00820;0.06264;0.00311;0.00117;0.03647;0.03411;0.00011;0.15292;0.00781;0.02982;0.00160;0.00121;0.05817;0.00032;0.00519;0.01194;0.01035;0.04038;0.00190;0.00093;0.00914;0.07046;0.04324;0.00022;0.02599;0.02677;0.00001;0.00159;0.00004;0.00463;0.06280;0.04130;0.00000;0.00208;0.02605;0.00395;0.07204;0.15629;4.50468;0.51278;0.02134;0.01371;0.03983;0.00839;0.01368;1.44005;0.05100;0.02913;0.02782;0.04383;0.04682;0.05614;0.09057;0.07470;0.00263;0.00426;0.02058;0.02781;0.01965;0.00928;0.02899;0.01817;0.01736;0.05458;0.01347;0.04827;0.00611;0.00951;0.03702;0.11154;0.00112;0.00082;0.03740;0.03565;0.06158;0.01700;0.03974;0.00684;0.01790;0.00824;0.00827;0.16940;0.02941;0.03221;0.09190;0.07431;0.01496;0.07712;0.48697;0.08639;0.19304;0.04233;0.04828;0.04340;0.03019;0.94563;0.00454;0.00446;0.01760;0.01194;0.41397;0.84047;0.35620;0.13311;0.10439;0.01639;0.02374;0.22117;0.43998;0.15905;0.20770;0.07210;0.01896;0.16479;0.00388;0.08625;0.31192;0.03129;0.26560;0.17675;0.00490;0.17728;0.10973;0.00978;0.01055;0.01274;0.04262;0.09638;0.46953;0.27464;0.16309;0.34570;0.00407;0.00480;0.13014;0.25926;0.01684;0.02337;0.00504;0.00731;0.38775;0.00667;0.01416;0.01295;0.30071;0.03523;0.06986;0.00946;0.04490;0.03817;0.04905;0.32024;0.07082;0.45694;0.40759;0.35441;0.02464;0.44462;0.03479;0.04140;0.00505;0.36120;0.42449;0.18594;0.05613;0.09051;0.21016;0.03472;0.09927;0.08639;0.10219;0.13671;0.02095;0.06578;0.00502;0.06374;0.04412;0.03122;0.02367;0.03036;0.08457;0.09489;0.13427;0.05759;0.00537;0.00102;0.00022;0.00188;0.08304;0.19987;0.02070;0.00893;0.07344;0.03944;0.01420;0.04642;0.02833;0.00312;0.01223;0.01686;0.00099;0.00014;0.00981;0.00539;0.00340;0.06815;0.02856;0.03979;0.02047;0.00833;0.04702;0.04992;0.27489;0.15033;0.12141;0.41382;0.26237;0.26959;0.13190;0.05424;0.05993;0.04009;0.08547;0.07287;0.00369;0.00404;0.03486;0.23530;0.20784;0.05303;0.01365;0.03226;0.03655;0.00549;0.00723;0.00051;0.00792;0.01446;0.02030;0.09191;0.01682;0.02136;0.11169;0.07507;0.04961;0.01840;0.03823;0.03318;0.04987;0.33994;0.10922;0.01190;0.03560;0.03790;0.01609;0.00466;0.00736;0.00612;0.03266;0.03587;0.02555;0.11347;0.01826;0.04396;0.03986;0.03912;0.05093;0.00245;0.03472;0.00591;0.00645;0.00286;0.00151;0.00239;0.01096;0.00698;0.00563;0.03603;0.04947;0.00659;0.00685;0.01097;0.00592;0.01712;0.01387;0.02937;0.01614;0.00742;0.37888;0.53283;0.01507;0.16132;0.14153;0.08466;0.06075;0.00826;0.04790;0.19336;0.29455;0.08516;0.00050;0.00066;0.00090;0.00247;0.06806;0.12394;0.00035;0.01710;0.03918;0.13613;0.06335;0.02233;0.00751;0.01576;0.01501;0.03922;0.02254;0.05127;0.10092;1.01150;0.00353;0.33635;0.00408;0.00470;0.00736;0.05617;0.06784;0.02075;0.05407;0.06084;0.03622;0.03619;0.00192;0.00600;0.21528;0.17668;0.03027;0.57036;1.20414;0.03114;0.10314;0.15756;0.04435;0.02505;0.08003;0.21772;0.07612;0.15632;0.02372;0.21332;0.11727;0.04896;0.01832;0.34999;0.06195;0.10634;0.13210;0.00357;0.12440;0.04457;0.03298;0.01050;0.01516;0.04651;0.38050;0.00767;0.01169;0.01016;0.00755;0.01772;1.37024;0.16857;0.17580;0.00952;0.01218;0.50657;0.02435;0.02983;0.05942;0.04748;0.02484;0.00932;0.09008;0.03560;0.04537;0.04223;0.01497;0.03289;0.67987;0.05119;0.28147;0.08329;0.13616;0.20383;0.11361;0.21266;0.01701;0.01597;0.03222;0.35962;0.12664;0.00303;0.00647;0.13522;0.03566;0.00779;0.00774;0.06531;0.00678;0.19984;0.32565;1.50734;0.05141;0.02037;0.00416;0.02397;0.00594;0.79280;0.00244;0.01097;0.02526;0.01019;0.00697;0.03530;0.00687;0.00176;0.04605;0.01157;0.09074;0.02633;0.01244;0.00033;0.00170
2020-03-31 00:00;0.06862;0.05669;0.00003;0.01834;0.00053;0.00013;0.00006;0.00406;0.00007;0.00007;0.02115;0.03631;0.12543;0.00013;0.00011;0.00003;0.06910;0.00929;0.01388;0.00677;0.00325;0.00039;0.00194;0.00511;0.00691;0.03904;0.00044;0.00171;0.00365;0.00534;0.02649;0.00037;0.06019;0.00422;0.00541;0.01139;0.00005;0.00877;0.00155;0.00969;0.03480;0.04185;0.00220;0.00323;0.00348;0.00163;0.00005;0.00010;0.04171;0.00084;0.00130;0.00010;0.00011;0.00520;0.00281;0.01940;0.00199;0.01843;0.00389;0.00097;0.00242;0.00210;0.00428;0.05502;0.00173;0.00058;0.02180;0.01840;0.00005;0.14786;0.00413;0.01674;0.00081;0.00069;0.05572;0.00022;0.00262;0.00754;0.00657;0.03237;0.00104;0.00046;0.00582;0.05823;0.03621;0.00010;0.02271;0.02041;0.00002;0.00080;0.00012;0.00237;0.05185;0.04928;0.00001;0.00108;0.03001;0.00255;0.06739;0.11298;6.58294;0.46974;0.01071;0.00686;0.02161;0.00434;0.00728;1.57225;0.02942;0.01444;0.01518;0.02303;0.02603;0.02906;0.05293;0.03937;0.00138;0.00217;0.01096;0.01535;0.01248;0.00480;0.02153;0.00986;0.00899;0.03408;0.00671;0.03478;0.00303;0.00474;0.01993;0.07459;0.00057;0.00035;0.02158;0.01972;0.03979;0.00913;0.02233;0.00345;0.01054;0.00398;0.00364;0.11711;0.01535;0.01615;0.05938;0.04231;0.00768;0.04893;0.41369;0.04784;0.11901;0.02281;0.02640;0.02622;0.01631;0.94864;0.00236;0.00194;0.00974;0.00598;0.39230;0.87347;0.22153;0.08961;0.06731;0.01076;0.01544;0.14798;0.31033;0.15093;0.18861;0.07197;0.01551;0.17793;0.00264;0.09200;0.20540;0.02783;0.34726;0.20353;0.00528;0.34619;0.27374;0.01769;0.02585;0.01576;0.05283;0.15464;0.67357;0.37960;0.25762;0.44225;0.00384;0.00326;0.30554;0.32792;0.04949;0.05579;0.01764;0.01934;0.65271;0.01293;0.02804;0.02426;0.26478;0.02244;0.04561;0.00410;0.02491;0.02127;0.02696;0.23597;0.03988;0.34921;0.35564;0.22746;0.01990;0.57576;0.01939;0.02452;0.00305;0.28950;0.33086;0.19491;0.06167;0.08887;0.19257;0.03108;0.07462;0.06516;0.07317;0.11100;0.01141;0.04185;0.00245;0.05352;0.02666;0.01081;0.01214;0.01788;0.08110;0.03746;0.06549;0.04089;0.00278;0.00175;0.00009;0.00084;0.04849;0.18448;0.00834;0.00207;0.03841;0.01610;0.01275;0.01718;0.01017;0.00113;0.00830;0.00924;0.00025;0.00001;0.00469;0.00155;0.00050;0.05193;0.01029;0.03454;0.00603;0.00253;0.02804;0.02702;0.17242;0.06043;0.04159;0.25014;0.14194;0.12922;0.07543;0.02372;0.02095;0.01728;0.05496;0.05721;0.00154;0.00140;0.01938;0.21953;0.15291;0.04611;0.00303;0.00969;0.03403;0.00412;0.00433;0.00023;0.00476;0.00996;0.01570;0.08327;0.01787;0.01404;0.10687;0.09404;0.03838;0.01463;0.02490;0.02662;0.03888;0.33582;0.08540;0.00645;0.01974;0.04712;0.01081;0.00238;0.00719;0.00615;0.02448;0.04573;0.02307;0.10198;0.01561;0.03151;0.04903;0.02883;0.03124;0.00155;0.03286;0.00360;0.00569;0.00218;0.00142;0.00173;0.00938;0.00477;0.00680;0.02454;0.04177;0.00378;0.00576;0.00706;0.00406;0.01004;0.00844;0.01850;0.00933;0.00667;0.30209;0.32764;0.01684;0.09182;0.07258;0.03246;0.03146;0.00799;0.02435;0.11923;0.18137;0.08267;0.00059;0.00080;0.00109;0.00298;0.06535;0.15794;0.00043;0.01221;0.02520;0.09074;0.03280;0.00895;0.00877;0.01704;0.00951;0.02282;0.01999;0.03890;0.07233;0.38467;0.00218;0.38413;0.00428;0.00438;0.00622;0.04000;0.04673;0.02148;0.03738;0.04995;0.03687;0.02120;0.00210;0.00482;0.13399;0.11899;0.02342;0.57760;1.21499;0.03149;0.17233;0.28289;0.06832;0.07108;0.10883;0.31682;0.14644;0.22455;0.04218;0.34546;0.17945;0.05154;0.02259;0.59251;0.06774;0.10709;0.16673;0.00459;0.16027;0.06390;0.04616;0.01643;0.02116;0.02821;0.30655;0.00424;0.00607;0.00445;0.00413;0.01021;1.46550;0.11065;0.13364;0.00506;0.00605;0.70153;0.01474;0.01744;0.04048;0.02797;0.01341;0.00558;0.05931;0.01889;0.03303;0.02633;0.00778;0.02326;0.80543;0.02861;0.23095;0.04823;0.08518;0.16670;0.07055;0.13695;0.01068;0.00838;0.01716;0.29482;0.09004;0.00132;0.00361;0.09335;0.01889;0.00458;0.00558;0.04902;0.00388;0.13567;0.26057;2.03092;0.03201;0.01140;0.00232;0.01485;0.00288;1.05192;0.00313;0.00886;0.02444;0.00576;0.00605;0.04160;0.00373;0.00117;0.03249;0.02462;0.08611;0.03368;0.00786;0.00066;0.00165
2020-04-01 00:00;0.00829;0.00816;0.00000;0.00315;0.00000;0.00000;0.00000;0.00053;0.00000;0.00000;0.00378;0.00449;0.02865;0.00000;0.00001;0.00000;0.01468;0.00090;0.00159;0.00044;0.00036;0.00003;0.00017;0.00040;0.00051;0.00960;0.00002;0.00010;0.00029;0.00041;0.00622;0.00003;0.01378;0.00037;0.00047;0.00168;0.00000;0.00136;0.00007;0.00106;0.00632;0.00825;0.00014;0.00025;0.00023;0.00010;0.00000;0.00000;0.00950;0.00006;0.00009;0.00000;0.00000;0.00044;0.00000;0.00357;0.00011;0.00278;0.00051;0.00007;0.00015;0.00016;0.00029;0.01221;0.00015;0.00003;0.00270;0.00163;0.00000;0.03663;0.00030;0.00175;0.00005;0.00000;0.01336;0.00002;0.00015;0.00068;0.00051;0.00619;0.00008;0.00003;0.00052;0.01195;0.00725;0.00000;0.00407;0.00310;0.00000;0.00004;0.00001;0.00017;0.00912;0.01055;0.00000;0.00008;0.00619;0.00024;0.01425;0.02070;3.22734;0.15072;0.00071;0.00043;0.00212;0.00034;0.00065;0.59753;0.00361;0.00083;0.00151;0.00195;0.00274;0.00223;0.00650;0.00302;0.00010;0.00014;0.00095;0.00156;0.00192;0.00035;0.00440;0.00089;0.00066;0.00504;0.00041;0.00679;0.00017;0.00027;0.00179;0.01286;0.00004;0.00000;0.00257;0.00203;0.00636;0.00081;0.00243;0.00020;0.00134;0.00020;0.00000;0.02142;0.00121;0.00093;0.00950;0.00480;0.00057;0.00751;0.10006;0.00489;0.01711;0.00210;0.00261;0.00356;0.00157;0.32396;0.00017;0.00000;0.00098;0.00040;0.12741;0.31074;0.03179;0.01535;0.00904;0.00112;0.00152;0.02411;0.05761;0.03476;0.03957;0.01886;0.00208;0.04877;0.00033;0.01792;0.03429;0.00614;0.11550;0.04205;0.00086;0.08695;0.05880;0.00175;0.00431;0.00137;0.01116;0.05380;0.23891;0.09319;0.07086;0.12461;0.00038;0.00026;0.11231;0.07592;0.01529;0.01163;0.00233;0.00173;0.31376;0.00151;0.00635;0.00346;0.06143;0.00259;0.00734;0.00035;0.00348;0.00233;0.00269;0.04546;0.00441;0.06823;0.07899;0.03578;0.00382;0.22673;0.00163;0.00362;0.00022;0.05033;0.06221;0.04387;0.00965;0.01354;0.04127;0.00418;0.01338;0.01074;0.01203;0.02414;0.00129;0.00520;0.00023;0.01146;0.00425;0.00082;0.00157;0.00243;0.01986;0.00334;0.00696;0.00865;0.00031;0.00014;0.00000;0.00008;0.00727;0.04316;0.00087;0.00011;0.00481;0.00164;0.00322;0.00158;0.00089;0.00011;0.00161;0.00129;0.00002;0.00000;0.00055;0.00011;0.00002;0.01127;0.00096;0.00929;0.00045;0.00016;0.00438;0.00372;0.02638;0.00528;0.00364;0.03372;0.01794;0.01525;0.00848;0.00261;0.00188;0.00189;0.00961;0.01164;0.00017;0.00012;0.00249;0.07716;0.02947;0.01311;0.00017;0.00073;0.00815;0.00069;0.00051;0.00002;0.00062;0.00175;0.00256;0.01913;0.00362;0.00177;0.02631;0.02972;0.00467;0.00165;0.00373;0.00470;0.00787;0.08392;0.01528;0.00068;0.00228;0.01588;0.00156;0.00020;0.00138;0.00057;0.00347;0.01559;0.00328;0.02300;0.00225;0.00495;0.01449;0.00457;0.00405;0.00011;0.00778;0.00036;0.00086;0.00013;0.00011;0.00008;0.00137;0.00038;0.00091;0.00355;0.00878;0.00033;0.00046;0.00097;0.00035;0.00097;0.00121;0.00260;0.00085;0.00108;0.05868;0.04779;0.00378;0.01232;0.00778;0.00195;0.00332;0.00123;0.00258;0.01747;0.02596;0.07532;0.00004;0.00006;0.00009;0.00028;0.01419;0.04736;0.00003;0.00192;0.00405;0.01519;0.00388;0.00108;0.00208;0.00384;0.00115;0.00299;0.00418;0.00634;0.01245;0.01266;0.00017;0.11991;0.00066;0.00048;0.00074;0.00585;0.00604;0.00568;0.00595;0.00917;0.00996;0.00285;0.00011;0.00069;0.02069;0.01895;0.00392;0.14257;0.33595;0.00643;0.03017;0.07633;0.02131;0.02739;0.02308;0.11925;0.02738;0.05006;0.01158;0.08433;0.03367;0.00935;0.00493;0.24559;0.01172;0.01762;0.05952;0.00048;0.04852;0.01871;0.00854;0.00137;0.00546;0.00389;0.06969;0.00043;0.00043;0.00000;0.00040;0.00121;0.53264;0.01824;0.02816;0.00044;0.00038;0.28861;0.00201;0.00216;0.00719;0.00353;0.00124;0.00074;0.00986;0.00160;0.00656;0.00388;0.00060;0.00441;0.32444;0.00306;0.05322;0.00581;0.01267;0.03901;0.01068;0.02254;0.00164;0.00069;0.00155;0.07060;0.01786;0.00000;0.00038;0.01761;0.00165;0.00059;0.00070;0.00925;0.00047;0.02340;0.05324;0.96084;0.00472;0.00094;0.00022;0.00210;0.00000;0.44015;0.00028;0.00101;0.00519;0.00052;0.00049;0.01199;0.00032;0.00007;0.00562;0.00770;0.01973;0.01284;0.00109;0.00000;0.00018
2020-04-02 00:00;0.00055;0.00057;0.00000;0.00011;0.00001;0.00000;0.00000;0.00004;0.00000;0.00000;0.00005;0.00040;0.00075;0.00000;0.00000;0.00000;0.00053;0.00009;0.00004;0.00001;0.00000;0.00001;0.00002;0.00001;0.00001;0.00026;0.00001;0.00002;0.00001;0.00001;0.00005;0.00000;0.00012;0.00001;0.00001;0.00001;0.00000;0.00004;0.00001;0.00001;0.00004;0.00004;0.00003;0.00003;0.00005;0.00001;0.00000;0.00000;0.00004;0.00001;0.00001;0.00000;0.00000;0.00001;0.00001;0.00002;0.00000;0.00002;0.00000;0.00001;0.00003;0.00000;0.00006;0.00004;0.00002;0.00001;0.00028;0.00024;0.00000;0.00026;0.00006;0.00022;0.00001;0.00000;0.00006;0.00000;0.00003;0.00001;0.00001;0.00003;0.00002;0.00000;0.00001;0.00006;0.00003;0.00000;0.00006;0.00017;0.00000;0.00001;0.00000;0.00002;0.00012;0.00012;0.00000;0.00001;0.00008;0.00000;0.00008;0.00148;0.71766;0.01382;0.00001;0.00002;0.00005;0.00000;0.00001;0.06193;0.00006;0.00005;0.00005;0.00004;0.00015;0.00011;0.00048;0.00040;0.00001;0.00000;0.00002;0.00002;0.00000;0.00001;0.00000;0.00006;0.00003;0.00001;0.00000;0.00001;0.00001;0.00001;0.00006;0.00008;0.00000;0.00000;0.00000;0.00001;0.00002;0.00003;0.00003;0.00002;0.00001;0.00000;0.00001;0.00010;0.00003;0.00008;0.00004;0.00009;0.00000;0.00000;0.00007;0.00010;0.00011;0.00005;0.00004;0.00006;0.00000;0.02979;0.00002;0.00000;0.00003;0.00000;0.01141;0.03002;0.00056;0.00003;0.00004;0.00000;0.00000;0.00068;0.00006;0.00078;0.00134;0.00057;0.00008;0.00088;0.00001;0.00070;0.00127;0.00008;0.00113;0.00035;0.00002;0.00036;0.00025;0.00003;0.00001;0.00004;0.00009;0.00031;0.00127;0.00044;0.00025;0.00086;0.00001;0.00001;0.00018;0.00038;0.00003;0.00001;0.00001;0.00001;0.03152;0.00000;0.00000;0.00003;0.00032;0.00009;0.00015;0.00001;0.00005;0.00008;0.00013;0.00066;0.00019;0.00050;0.00088;0.00039;0.00002;0.02229;0.00002;0.00006;0.00000;0.00015;0.00006;0.00000;0.00000;0.00000;0.00000;0.00000;0.00000;0.00000;0.00000;0.00000;0.00000;0.00000;0.00000;0.00000;0.00000;0.00000;0.00000;0.00000;0.00000;0.00000;0.00000;0.00056;0.00000;0.00000;0.00000;0.00000;0.00000;0.00000;0.00000;0.00000;0.00000;0.00000;0.00000;0.00000;0.00000;0.00000;0.00000;0.00000;0.00000;0.00000;0.00000;0.00000;0.00000;0.00000;0.00000;0.00000;0.00000;0.00000;0.00000;0.00000;0.00000;0.00000;0.00000;0.00000;0.00000;0.00000;0.00000;0.00000;0.00000;0.00000;0.00000;0.00000;0.00000;0.00000;0.00000;0.00726;0.00000;0.00000;0.00000;0.00000;0.00000;0.00000;0.00000;0.00000;0.00000;0.00000;0.00000;0.00000;0.00000;0.00000;0.00000;0.00000;0.00000;0.00000;0.00000;0.00000;0.00000;0.00000;0.00000;0.00000;0.00000;0.00000;0.00000;0.00000;0.00000;0.00000;0.00000;0.00000;0.00000;0.00000;0.00000;0.00000;0.00000;0.00000;0.00000;0.00000;0.00000;0.00000;0.00000;0.00000;0.00000;0.00000;0.00000;0.00000;0.00000;0.00000;0.00000;0.00000;0.00000;0.00000;0.00000;0.00000;0.00000;0.00000;0.00000;0.00000;0.00001;0.00005;0.00000;0.00010;0.00011;0.00187;0.00000;0.00000;0.00000;0.00000;0.00000;0.07166;0.00000;0.00000;0.00000;0.00000;0.00000;0.00000;0.00000;0.00000;0.00000;0.00000;0.00000;0.00103;0.00000;0.00000;0.00000;0.00000;0.00000;0.00000;0.00000;0.01203;0.00000;0.00000;0.00000;0.00000;0.00000;0.00000;0.00000;0.00000;0.00000;0.00000;0.00000;0.00000;0.00000;0.00000;0.00000;0.00000;0.00000;0.00121;0.00235;0.00006;0.00000;0.00000;0.00000;0.00000;0.00002;0.00000;0.00007;0.00032;0.00000;0.00030;0.00022;0.00018;0.00027;0.00082;0.00022;0.00045;0.00132;0.00000;0.00026;0.00014;0.00005;0.00001;0.00010;0.00000;0.00004;0.00000;0.00004;0.00001;0.00001;0.00002;0.04397;0.00000;0.00000;0.00000;0.00000;0.02706;0.00001;0.00001;0.00002;0.00004;0.00002;0.00001;0.00002;0.00001;0.00001;0.00002;0.00000;0.00000;0.03535;0.00000;0.00030;0.00003;0.00016;0.00012;0.00003;0.00054;0.00000;0.00001;0.00001;0.00062;0.00007;0.00000;0.00004;0.00006;0.00001;0.00003;0.00001;0.00009;0.00001;0.00031;0.00031;0.10289;0.00002;0.00002;0.00001;0.00001;0.00001;0.04365;0.00000;0.00003;0.00015;0.00002;0.00005;0.00223;0.00005;0.00001;0.00026;0.00009;0.00012;0.00118;0.00003;0.00000;0.00001
2020-04-03 00:00;0.06073;0.04267;0.00004;0.00961;0.00076;0.00019;0.00009;0.00288;0.00010;0.00010;0.00575;0.02175;0.04065;0.00019;0.00006;0.00005;0.02466;0.00577;0.00274;0.00094;0.00060;0.00026;0.00121;0.00072;0.00067;0.00977;0.00030;0.00121;0.00049;0.00038;0.00407;0.00019;0.00631;0.00021;0.00058;0.00215;0.00004;0.00174;0.00112;0.00163;0.00158;0.00508;0.00153;0.00218;0.00243;0.00114;0.00004;0.00008;0.00431;0.00057;0.00089;0.00008;0.00008;0.00048;0.00022;0.00250;0.00015;0.00302;0.00066;0.00065;0.00171;0.00023;0.00280;0.00727;0.00108;0.00042;0.01242;0.01209;0.00004;0.01526;0.00282;0.01049;0.00058;0.00019;0.00317;0.00012;0.00186;0.00061;0.00037;0.00277;0.00070;0.00031;0.00040;0.00611;0.00317;0.00008;0.00265;0.00890;0.00001;0.00057;0.00002;0.00161;0.00480;0.00742;0.00000;0.00073;0.00410;0.00159;0.00333;0.05100;1.07021;0.12662;0.00606;0.00395;0.01175;0.00232;0.00380;0.36075;0.01457;0.00889;0.00824;0.01273;0.01478;0.01714;0.03177;0.02756;0.00101;0.00144;0.00666;0.00920;0.00607;0.00308;0.00860;0.00653;0.00604;0.01677;0.00419;0.01444;0.00200;0.00328;0.01233;0.03504;0.00036;0.00026;0.01158;0.01123;0.01900;0.00569;0.01294;0.00241;0.00570;0.00244;0.00273;0.05201;0.00934;0.01137;0.02837;0.02448;0.00459;0.02348;0.13879;0.02813;0.06043;0.01358;0.01534;0.01429;0.00884;0.26327;0.00166;0.00145;0.00593;0.00337;0.11582;0.23874;0.11417;0.04035;0.03002;0.00454;0.00659;0.07393;0.12299;0.06123;0.09590;0.02880;0.00905;0.04602;0.00110;0.02825;0.10547;0.01081;0.08278;0.04909;0.00197;0.03207;0.02941;0.00356;0.00198;0.00365;0.01266;0.04187;0.15073;0.09091;0.04844;0.10043;0.00101;0.00101;0.02305;0.06936;0.00252;0.00314;0.00134;0.00135;0.12286;0.00155;0.00243;0.00316;0.07157;0.01031;0.01523;0.00180;0.00740;0.00808;0.01373;0.05988;0.01890;0.08774;0.08962;0.05822;0.00320;0.11606;0.00253;0.00710;0.00021;0.02756;0.03631;0.01873;0.00642;0.00998;0.00753;0.00268;0.01155;0.00685;0.00999;0.03031;0.00328;0.01040;0.00089;0.01284;0.01286;0.00420;0.00503;0.00121;0.02183;0.01060;0.01991;0.00598;0.00071;0.00029;0.00004;0.00017;0.01320;0.02757;0.00349;0.00089;0.01289;0.00631;0.00616;0.00598;0.00295;0.00047;0.00380;0.00358;0.00009;0.00000;0.00158;0.00085;0.00011;0.02108;0.00481;0.01439;0.00171;0.00093;0.01088;0.00762;0.05374;0.00852;0.01765;0.06098;0.03443;0.03486;0.00434;0.00911;0.00982;0.00574;0.01971;0.01541;0.00049;0.00062;0.00416;0.08753;0.05369;0.02306;0.00078;0.00361;0.00209;0.00177;0.00091;0.00007;0.00123;0.00265;0.00191;0.01400;0.00198;0.00326;0.02498;0.03988;0.00480;0.00125;0.00537;0.00453;0.01069;0.05017;0.01144;0.00239;0.00669;0.01882;0.00228;0.00100;0.00356;0.00038;0.00093;0.00633;0.00197;0.01254;0.00086;0.00730;0.01915;0.00338;0.00964;0.00007;0.01396;0.00066;0.00030;0.00014;0.00008;0.00011;0.00053;0.00025;0.00045;0.00323;0.01007;0.00068;0.00053;0.00171;0.00041;0.00210;0.00244;0.00390;0.00212;0.00128;0.05508;0.09225;0.00152;0.03664;0.03284;0.02501;0.01718;0.00322;0.01375;0.03709;0.04684;0.07139;0.00044;0.00067;0.00090;0.00244;0.02784;0.08679;0.00036;0.00119;0.00817;0.02418;0.00848;0.00699;0.00539;0.00530;0.00133;0.00677;0.00584;0.00242;0.01547;0.28956;0.00121;0.14743;0.00053;0.00044;0.00207;0.00627;0.00823;0.01268;0.00650;0.00313;0.01291;0.00631;0.00019;0.00022;0.04012;0.02885;0.00207;0.10500;0.22007;0.00720;0.02237;0.05250;0.00998;0.00460;0.02314;0.07755;0.02026;0.04275;0.00616;0.06055;0.03703;0.01673;0.01097;0.10529;0.02311;0.04026;0.04488;0.00090;0.03478;0.01573;0.00872;0.00313;0.00636;0.01408;0.11042;0.00240;0.00426;0.00328;0.00250;0.00567;0.34382;0.05083;0.05182;0.00295;0.00364;0.13222;0.00754;0.00937;0.01810;0.01538;0.00797;0.00310;0.02764;0.01142;0.01354;0.01318;0.00481;0.00988;0.17512;0.01589;0.07968;0.02586;0.04460;0.06046;0.03073;0.06500;0.00476;0.00458;0.00892;0.10799;0.03331;0.00082;0.00226;0.03587;0.01005;0.00253;0.00020;0.00848;0.00102;0.03523;0.04636;0.32893;0.00787;0.00190;0.00051;0.00287;0.00050;0.11417;0.00021;0.00155;0.00467;0.00128;0.00213;0.02390;0.00240;0.00067;0.01008;0.00395;0.00441;0.00159;0.00180;0.00003;0.00049
2020-04-04 00:00;0.01307;0.01132;0.00000;0.00312;0.00001;0.00000;0.00000;0.00059;0.00000;0.00000;0.00184;0.00392;0.01993;0.00000;0.00001;0.00000;0.00831;0.00075;0.00043;0.00007;0.00009;0.00003;0.00014;0.00007;0.00006;0.00434;0.00002;0.00009;0.00005;0.00004;0.00169;0.00002;0.00195;0.00002;0.00006;0.00050;0.00000;0.00036;0.00007;0.00024;0.00042;0.00172;0.00013;0.00021;0.00022;0.00008;0.00000;0.00000;0.00185;0.00005;0.00008;0.00000;0.00000;0.00005;0.00000;0.00078;0.00001;0.00070;0.00013;0.00006;0.00013;0.00002;0.00025;0.00340;0.00013;0.00003;0.00222;0.00145;0.00000;0.00738;0.00027;0.00152;0.00005;0.00000;0.00139;0.00001;0.00014;0.00007;0.00004;0.00087;0.00007;0.00003;0.00004;0.00223;0.00105;0.00000;0.00068;0.00187;0.00000;0.00004;0.00000;0.00014;0.00125;0.00209;0.00000;0.00007;0.00112;0.00018;0.00109;0.01475;1.58903;0.08243;0.00047;0.00029;0.00150;0.00022;0.00043;0.33589;0.00250;0.00061;0.00108;0.00135;0.00210;0.00164;0.00551;0.00264;0.00008;0.00011;0.00072;0.00121;0.00143;0.00027;0.00328;0.00074;0.00053;0.00373;0.00030;0.00506;0.00013;0.00022;0.00138;0.00988;0.00003;0.00000;0.00190;0.00151;0.00476;0.00063;0.00186;0.00016;0.00102;0.00014;0.00000;0.01620;0.00090;0.00075;0.00712;0.00373;0.00041;0.00554;0.07436;0.00374;0.01289;0.00158;0.00196;0.00279;0.00109;0.18975;0.00014;0.00000;0.00077;0.00027;0.07653;0.18837;0.02405;0.01118;0.00553;0.00058;0.00079;0.01850;0.03902;0.02262;0.03016;0.01281;0.00153;0.02114;0.00018;0.00708;0.02831;0.00398;0.04476;0.01313;0.00039;0.00939;0.00694;0.00037;0.00036;0.00034;0.00339;0.02021;0.08659;0.02872;0.01711;0.04136;0.00011;0.00009;0.01042;0.02099;0.00088;0.00072;0.00018;0.00012;0.09479;0.00019;0.00063;0.00049;0.02930;0.00155;0.00400;0.00021;0.00178;0.00119;0.00179;0.02109;0.00284;0.03914;0.03941;0.01574;0.00099;0.09454;0.00026;0.00171;0.00002;0.00709;0.01182;0.00626;0.00129;0.00201;0.00263;0.00047;0.00345;0.00175;0.00263;0.01549;0.00054;0.00539;0.00012;0.00543;0.00422;0.00052;0.00171;0.00028;0.00973;0.00303;0.00732;0.00371;0.00013;0.00003;0.00000;0.00003;0.00429;0.01380;0.00082;0.00009;0.00507;0.00160;0.00344;0.00144;0.00070;0.00011;0.00184;0.00135;0.00001;0.00000;0.00055;0.00012;0.00001;0.01213;0.00106;0.00993;0.00030;0.00012;0.00395;0.00215;0.02595;0.00280;0.00367;0.03142;0.01511;0.01250;0.00206;0.00282;0.00210;0.00179;0.00962;0.01012;0.00015;0.00013;0.00181;0.06876;0.02478;0.01526;0.00012;0.00060;0.00097;0.00049;0.00016;0.00001;0.00025;0.00086;0.00049;0.00696;0.00059;0.00058;0.01302;0.01997;0.00078;0.00019;0.00129;0.00123;0.00420;0.02878;0.00336;0.00038;0.00118;0.01057;0.00050;0.00012;0.00102;0.00004;0.00019;0.00369;0.00037;0.00514;0.00017;0.00172;0.00860;0.00080;0.00190;0.00001;0.00529;0.00009;0.00006;0.00001;0.00001;0.00001;0.00011;0.00003;0.00008;0.00069;0.00384;0.00008;0.00005;0.00034;0.00005;0.00028;0.00056;0.00086;0.00026;0.00029;0.01808;0.02190;0.00049;0.00789;0.00517;0.00183;0.00280;0.00068;0.00217;0.00889;0.01077;0.06798;0.00004;0.00007;0.00010;0.00031;0.00910;0.03789;0.00003;0.00030;0.00228;0.00743;0.00154;0.00099;0.00179;0.00172;0.00023;0.00137;0.00196;0.00060;0.00444;0.01175;0.00013;0.08074;0.00010;0.00006;0.00033;0.00132;0.00146;0.00518;0.00165;0.00088;0.00670;0.00134;0.00001;0.00004;0.01077;0.00745;0.00053;0.03994;0.11537;0.00198;0.00442;0.01718;0.00410;0.00209;0.00606;0.04417;0.00425;0.01168;0.00208;0.01806;0.00809;0.00386;0.00300;0.07010;0.00495;0.00825;0.02742;0.00010;0.01633;0.00632;0.00191;0.00028;0.00211;0.00283;0.05189;0.00032;0.00035;0.00000;0.00031;0.00091;0.26968;0.01343;0.02095;0.00032;0.00026;0.09981;0.00149;0.00161;0.00538;0.00271;0.00093;0.00058;0.00737;0.00120;0.00489;0.00291;0.00045;0.00328;0.18771;0.00225;0.03727;0.00428;0.00995;0.02990;0.00709;0.01712;0.00112;0.00047;0.00101;0.05549;0.01201;0.00000;0.00032;0.01182;0.00110;0.00047;0.00003;0.00287;0.00018;0.01052;0.01674;0.42763;0.00182;0.00019;0.00006;0.00062;0.00000;0.09420;0.00002;0.00023;0.00146;0.00015;0.00022;0.01022;0.00028;0.00005;0.00283;0.00149;0.00169;0.00113;0.00037;0.00000;0.00007
2020-04-05 00:00;0.00076;0.00084;0.00000;0.00018;0.00001;0.00000;0.00000;0.00004;0.00000;0.00000;0.00007;0.00044;0.00104;0.00000;0.00000;0.00000;0.00062;0.00009;0.00004;0.00001;0.00000;0.00001;0.00002;0.00001;0.00001;0.00028;0.00001;0.00002;0.00000;0.00001;0.00004;0.00000;0.00012;0.00000;0.00001;0.00001;0.00000;0.00004;0.00001;0.00001;0.00003;0.00004;0.00003;0.00003;0.00006;0.00001;0.00000;0.00000;0.00004;0.00001;0.00002;0.00000;0.00000;0.00001;0.00001;0.00002;0.00000;0.00002;0.00000;0.00001;0.00003;0.00000;0.00007;0.00005;0.00003;0.00001;0.00030;0.00026;0.00000;0.00027;0.00007;0.00023;0.00001;0.00000;0.00006;0.00000;0.00003;0.00001;0.00001;0.00002;0.00002;0.00000;0.00001;0.00005;0.00003;0.00000;0.00006;0.00018;0.00000;0.00001;0.00000;0.00002;0.00011;0.00012;0.00000;0.00001;0.00008;0.00000;0.00005;0.00068;0.29276;0.00930;0.00001;0.00002;0.00005;0.00000;0.00001;0.04551;0.00006;0.00004;0.00005;0.00004;0.00015;0.00011;0.00057;0.00051;0.00002;0.00001;0.00003;0.00004;0.00001;0.00001;0.00001;0.00009;0.00004;0.00002;0.00000;0.00001;0.00001;0.00002;0.00009;0.00012;0.00000;0.00000;0.00001;0.00002;0.00003;0.00004;0.00006;0.00003;0.00001;0.00000;0.00002;0.00015;0.00005;0.00012;0.00008;0.00014;0.00000;0.00002;0.00010;0.00017;0.00021;0.00008;0.00007;0.00010;0.00000;0.02245;0.00003;0.00000;0.00004;0.00001;0.00870;0.02458;0.00091;0.00008;0.00013;0.00001;0.00001;0.00250;0.00041;0.00316;0.00391;0.00262;0.00008;0.00386;0.00004;0.00194;0.00320;0.00036;0.00605;0.00075;0.00005;0.00177;0.00101;0.00015;0.00002;0.00018;0.00020;0.00120;0.00189;0.00107;0.00060;0.00104;0.00001;0.00005;0.00086;0.00068;0.00012;0.00010;0.00004;0.00004;0.01164;0.00002;0.00007;0.00015;0.00352;0.00034;0.00086;0.00005;0.00026;0.00048;0.00026;0.00391;0.00039;0.00119;0.00117;0.00059;0.00007;0.01368;0.00008;0.00033;0.00001;0.00158;0.00155;0.00108;0.00041;0.00054;0.00060;0.00015;0.00047;0.00053;0.00028;0.00244;0.00003;0.00028;0.00001;0.00025;0.00044;0.00010;0.00013;0.00008;0.00105;0.00019;0.00054;0.00126;0.00005;0.00002;0.00000;0.00002;0.00070;0.00078;0.00007;0.00002;0.00037;0.00011;0.00165;0.00014;0.00010;0.00001;0.00021;0.00010;0.00000;0.00000;0.00006;0.00001;0.00001;0.00118;0.00007;0.00107;0.00005;0.00007;0.00038;0.00022;0.00271;0.00099;0.00058;0.00216;0.00291;0.00514;0.00041;0.00025;0.00015;0.00021;0.00233;0.00552;0.00003;0.00001;0.00073;0.01509;0.00328;0.00261;0.00008;0.00012;0.00033;0.00013;0.00004;0.00001;0.00002;0.00004;0.00018;0.00032;0.00024;0.00006;0.00085;0.00155;0.00034;0.00009;0.00015;0.00013;0.00029;0.00157;0.00075;0.00007;0.00015;0.00106;0.00005;0.00001;0.00014;0.00003;0.00008;0.00054;0.00011;0.00051;0.00005;0.00012;0.00063;0.00010;0.00068;0.00001;0.00106;0.00002;0.00002;0.00001;0.00000;0.00001;0.00003;0.00002;0.00003;0.00009;0.00024;0.00001;0.00002;0.00002;0.00003;0.00008;0.00005;0.00010;0.00011;0.00011;0.00280;0.00488;0.00011;0.00282;0.00220;0.00183;0.00162;0.00019;0.00105;0.00040;0.00231;0.06417;0.00014;0.00029;0.00039;0.00105;0.00178;0.00339;0.00015;0.00004;0.00012;0.00044;0.00068;0.00094;0.00017;0.00042;0.00003;0.00011;0.00025;0.00020;0.00026;0.01146;0.00002;0.00878;0.00006;0.00003;0.00019;0.00018;0.00021;0.00048;0.00017;0.00018;0.00044;0.00013;0.00001;0.00002;0.00106;0.00042;0.00016;0.00638;0.01342;0.00038;0.00134;0.00116;0.00095;0.00035;0.00021;0.00361;0.00040;0.00114;0.00010;0.00101;0.00055;0.00092;0.00114;0.00163;0.00075;0.00180;0.00569;0.00001;0.00035;0.00030;0.00013;0.00004;0.00026;0.00002;0.00015;0.00000;0.00006;0.00002;0.00002;0.00002;0.02732;0.00004;0.00004;0.00000;0.00000;0.01111;0.00001;0.00002;0.00002;0.00006;0.00002;0.00002;0.00003;0.00001;0.00001;0.00002;0.00001;0.00001;0.02726;0.00001;0.00044;0.00003;0.00021;0.00018;0.00002;0.00059;0.00000;0.00001;0.00000;0.00083;0.00005;0.00000;0.00004;0.00004;0.00000;0.00003;0.00000;0.00010;0.00001;0.00039;0.00054;0.05697;0.00003;0.00001;0.00001;0.00001;0.00000;0.01492;0.00000;0.00003;0.00016;0.00002;0.00005;0.00234;0.00006;0.00002;0.00029;0.00009;0.00010;0.00016;0.00003;0.00000;0.00001
2020-04-06 00:00;0.00174;0.00183;0.00000;0.00037;0.00002;0.00001;0.00000;0.00008;0.00000;0.00000;0.00012;0.00070;0.00170;0.00001;0.00000;0.00000;0.00104;0.00015;0.00005;0.00001;0.00000;0.00001;0.00003;0.00000;0.00001;0.00040;0.00001;0.00003;0.00000;0.00001;0.00004;0.00001;0.00016;0.00000;0.00001;0.00001;0.00000;0.00006;0.00002;0.00001;0.00003;0.00004;0.00005;0.00004;0.00009;0.00002;0.00000;0.00000;0.00005;0.00002;0.00002;0.00000;0.00000;0.00001;0.00001;0.00001;0.00000;0.00003;0.00000;0.00002;0.00005;0.00000;0.00010;0.00007;0.00004;0.00001;0.00046;0.00039;0.00000;0.00042;0.00010;0.00035;0.00002;0.00001;0.00008;0.00000;0.00005;0.00001;0.00001;0.00003;0.00002;0.00000;0.00001;0.00007;0.00003;0.00000;0.00009;0.00028;0.00000;0.00001;0.00000;0.00003;0.00015;0.00017;0.00000;0.00001;0.00011;0.00000;0.00009;0.00097;0.10372;0.00115;0.00001;0.00003;0.00007;0.00000;0.00001;0.00189;0.00009;0.00007;0.00008;0.00006;0.00023;0.00017;0.00081;0.00065;0.00002;0.00001;0.00003;0.00004;0.00000;0.00001;0.00000;0.00009;0.00004;0.00001;0.00000;0.00000;0.00001;0.00002;0.00009;0.00013;0.00000;0.00000;0.00000;0.00002;0.00002;0.00004;0.00006;0.00003;0.00001;0.00000;0.00002;0.00016;0.00005;0.00013;0.00008;0.00015;0.00000;0.00001;0.00006;0.00017;0.00021;0.00008;0.00007;0.00011;0.00000;0.00282;0.00003;0.00000;0.00005;0.00001;0.00044;0.00339;0.00097;0.00007;0.00009;0.00000;0.00000;0.00208;0.00029;0.00195;0.00214;0.00272;0.00005;0.00436;0.00004;0.00227;0.00309;0.00032;0.00460;0.00044;0.00001;0.00121;0.00066;0.00007;0.00002;0.00008;0.00011;0.00102;0.00169;0.00061;0.00030;0.00080;0.00000;0.00001;0.00053;0.00038;0.00009;0.00005;0.00001;0.00002;0.00165;0.00001;0.00005;0.00007;0.00242;0.00010;0.00037;0.00004;0.00022;0.00017;0.00007;0.00257;0.00012;0.00091;0.00098;0.00039;0.00004;0.00304;0.00003;0.00025;0.00000;0.00078;0.00061;0.00054;0.00014;0.00020;0.00027;0.00004;0.00018;0.00019;0.00010;0.00136;0.00001;0.00013;0.00000;0.00012;0.00015;0.00002;0.00004;0.00002;0.00046;0.00006;0.00020;0.00051;0.00001;0.00000;0.00000;0.00000;0.00021;0.00035;0.00001;0.00000;0.00009;0.00002;0.00051;0.00002;0.00002;0.00000;0.00004;0.00002;0.00000;0.00000;0.00002;0.00000;0.00000;0.00031;0.00001;0.00028;0.00001;0.00001;0.00008;0.00007;0.00082;0.00025;0.00009;0.00040;0.00088;0.00144;0.00014;0.00005;0.00002;0.00004;0.00061;0.00282;0.00001;0.00000;0.00026;0.00277;0.00111;0.00063;0.00001;0.00002;0.00014;0.00004;0.00001;0.00000;0.00001;0.00001;0.00006;0.00015;0.00009;0.00002;0.00044;0.00080;0.00009;0.00002;0.00005;0.00004;0.00014;0.00081;0.00026;0.00002;0.00004;0.00052;0.00001;0.00000;0.00004;0.00001;0.00002;0.00031;0.00003;0.00023;0.00001;0.00004;0.00029;0.00003;0.00023;0.00000;0.00054;0.00000;0.00000;0.00000;0.00000;0.00000;0.00001;0.00000;0.00001;0.00002;0.00009;0.00000;0.00000;0.00001;0.00001;0.00002;0.00002;0.00003;0.00003;0.00004;0.00120;0.00184;0.00005;0.00113;0.00079;0.00165;0.00054;0.00006;0.00032;0.00013;0.00085;0.06010;0.00002;0.00010;0.00014;0.00038;0.00078;0.00199;0.00005;0.00001;0.00004;0.00018;0.00018;0.00089;0.00006;0.00017;0.00001;0.00004;0.00011;0.00007;0.00009;0.01059;0.00000;0.00454;0.00001;0.00001;0.00006;0.00006;0.00005;0.00018;0.00006;0.00006;0.00022;0.00004;0.00000;0.00000;0.00041;0.00014;0.00006;0.00592;0.01350;0.00029;0.00074;0.00073;0.00071;0.00027;0.00007;0.00347;0.00015;0.00066;0.00005;0.00056;0.00022;0.00031;0.00047;0.00158;0.00027;0.00063;0.00636;0.00000;0.00030;0.00022;0.00007;0.00002;0.00018;0.00001;0.00013;0.00000;0.00007;0.00002;0.00002;0.00002;0.00113;0.00001;0.00002;0.00000;0.00000;0.00169;0.00000;0.00001;0.00002;0.00006;0.00002;0.00002;0.00001;0.00001;0.00000;0.00002;0.00000;0.00000;0.00089;0.00000;0.00029;0.00004;0.00026;0.00022;0.00002;0.00092;0.00000;0.00001;0.00001;0.00128;0.00009;0.00000;0.00006;0.00006;0.00001;0.00004;0.00000;0.00014;0.00002;0.00053;0.00074;0.00183;0.00004;0.00001;0.00001;0.00001;0.00001;0.00791;0.00000;0.00005;0.00024;0.00002;0.00007;0.00339;0.00009;0.00002;0.00044;0.00017;0.00013;0.00006;0.00004;0.00000;0.00002
2020-04-07 00:00;0.00032;0.00041;0.00000;0.00010;0.00000;0.00000;0.00000;0.00001;0.00000;0.00000;0.00003;0.00011;0.00064;0.00000;0.00000;0.00000;0.00028;0.00002;0.00001;0.00000;0.00000;0.00000;0.00000;0.00000;0.00000;0.00013;0.00000;0.00000;0.00000;0.00000;0.00001;0.00000;0.00004;0.00000;0.00000;0.00000;0.00000;0.00001;0.00000;0.00000;0.00001;0.00001;0.00000;0.00000;0.00001;0.00000;0.00000;0.00000;0.00001;0.00000;0.00000;0.00000;0.00000;0.00000;0.00000;0.00000;0.00000;0.00000;0.00000;0.00000;0.00000;0.00000;0.00001;0.00002;0.00000;0.00000;0.00007;0.00004;0.00000;0.00015;0.00001;0.00004;0.00000;0.00000;0.00003;0.00000;0.00000;0.00000;0.00000;0.00001;0.00000;0.00000;0.00000;0.00002;0.00001;0.00000;0.00002;0.00005;0.00000;0.00000;0.00000;0.00000;0.00003;0.00004;0.00000;0.00000;0.00002;0.00000;0.00002;0.00023;0.00404;0.00053;0.00000;0.00000;0.00001;0.00000;0.00000;0.00106;0.00001;0.00000;0.00001;0.00001;0.00003;0.00001;0.00012;0.00006;0.00000;0.00000;0.00000;0.00000;0.00000;0.00000;0.00000;0.00001;0.00000;0.00000;0.00000;0.00000;0.00000;0.00000;0.00001;0.00003;0.00000;0.00000;0.00000;0.00000;0.00000;0.00000;0.00001;0.00000;0.00000;0.00000;0.00000;0.00003;0.00000;0.00001;0.00001;0.00002;0.00000;0.00000;0.00000;0.00002;0.00004;0.00001;0.00001;0.00002;0.00000;0.00112;0.00000;0.00000;0.00001;0.00000;0.00016;0.00134;0.00016;0.00001;0.00001;0.00000;0.00000;0.00037;0.00005;0.00029;0.00028;0.00069;0.00001;0.00119;0.00001;0.00045;0.00060;0.00007;0.00071;0.00006;0.00000;0.00020;0.00010;0.00001;0.00000;0.00001;0.00002;0.00021;0.00034;0.00009;0.00003;0.00015;0.00000;0.00000;0.00006;0.00005;0.00002;0.00001;0.00000;0.00000;0.00053;0.00000;0.00001;0.00001;0.00042;0.00001;0.00004;0.00000;0.00004;0.00002;0.00000;0.00042;0.00001;0.00018;0.00020;0.00006;0.00001;0.00091;0.00000;0.00004;0.00000;0.00010;0.00006;0.00007;0.00001;0.00002;0.00003;0.00000;0.00002;0.00002;0.00001;0.00017;0.00000;0.00001;0.00000;0.00001;0.00001;0.00000;0.00000;0.00000;0.00005;0.00000;0.00002;0.00006;0.00000;0.00000;0.00000;0.00000;0.00001;0.00003;0.00000;0.00000;0.00000;0.00000;0.00000;0.00000;0.00000;0.00000;0.00000;0.00000;0.00000;0.00000;0.00000;0.00000;0.00000;0.00000;0.00000;0.00000;0.00000;0.00000;0.00000;0.00000;0.00000;0.00000;0.00000;0.00000;0.00000;0.00000;0.00000;0.00000;0.00000;0.00000;0.00000;0.00002;0.00000;0.00000;0.00000;0.00026;0.00000;0.00000;0.00000;0.00000;0.00001;0.00000;0.00000;0.00000;0.00000;0.00000;0.00000;0.00001;0.00001;0.00000;0.00004;0.00007;0.00001;0.00000;0.00000;0.00000;0.00002;0.00008;0.00002;0.00000;0.00000;0.00006;0.00000;0.00000;0.00000;0.00000;0.00000;0.00003;0.00000;0.00002;0.00000;0.00000;0.00002;0.00000;0.00002;0.00000;0.00007;0.00000;0.00000;0.00000;0.00000;0.00000;0.00000;0.00000;0.00000;0.00000;0.00001;0.00000;0.00000;0.00000;0.00000;0.00000;0.00000;0.00000;0.00000;0.00000;0.00012;0.00018;0.00001;0.00012;0.00007;0.00152;0.00005;0.00001;0.00002;0.00001;0.00008;0.05539;0.00000;0.00001;0.00001;0.00003;0.00009;0.00030;0.00000;0.00000;0.00000;0.00002;0.00001;0.00083;0.00001;0.00002;0.00000;0.00000;0.00001;0.00001;0.00001;0.00974;0.00000;0.00049;0.00000;0.00000;0.00000;0.00000;0.00000;0.00002;0.00000;0.00000;0.00003;0.00000;0.00000;0.00000;0.00004;0.00001;0.00001;0.00133;0.00339;0.00005;0.00009;0.00012;0.00013;0.00005;0.00000;0.00080;0.00001;0.00010;0.00001;0.00008;0.00002;0.00002;0.00004;0.00033;0.00002;0.00005;0.00175;0.00000;0.00006;0.00004;0.00001;0.00000;0.00003;0.00000;0.00003;0.00000;0.00001;0.00000;0.00000;0.00000;0.00037;0.00000;0.00000;0.00000;0.00000;0.00068;0.00000;0.00000;0.00000;0.00001;0.00000;0.00000;0.00000;0.00000;0.00000;0.00000;0.00000;0.00000;0.00047;0.00000;0.00004;0.00001;0.00005;0.00007;0.00000;0.00020;0.00000;0.00000;0.00000;0.00045;0.00003;0.00000;0.00001;0.00002;0.00000;0.00001;0.00000;0.00004;0.00000;0.00013;0.00020;0.00099;0.00001;0.00000;0.00000;0.00000;0.00000;0.00420;0.00000;0.00001;0.00006;0.00000;0.00001;0.00105;0.00001;0.00000;0.00010;0.00005;0.00004;0.00003;0.00001;0.00000;0.00000
2020-04-08 00:00;0.00000;0.00000;0.00000;0.00000;0.00000;0.00000;0.00000;0.00000;0.00000;0.00000;0.00000;0.00000;0.00000;0.00000;0.00000;0.00000;0.00000;0.00000;0.00000;0.00000;0.00000;0.00000;0.00000;0.00000;0.00000;0.00000;0.00000;0.00000;0.00000;0.00000;0.00000;0.00000;0.00000;0.00000;0.00000;0.00000;0.00000;0.00000;0.00000;0.00000;0.00000;0.00000;0.00000;0.00000;0.00000;0.00000;0.00000;0.00000;0.00000;0.00000;0.00000;0.00000;0.00000;0.00000;0.00000;0.00000;0.00000;0.00000;0.00000;0.00000;0.00000;0.00000;0.00000;0.00000;0.00000;0.00000;0.00000;0.00000;0.00000;0.00000;0.00000;0.00000;0.00000;0.00000;0.00000;0.00000;0.00000;0.00000;0.00000;0.00000;0.00000;0.00000;0.00000;0.00000;0.00000;0.00000;0.00000;0.00000;0.00000;0.00000;0.00000;0.00000;0.00000;0.00000;0.00000;0.00000;0.00000;0.00000;0.00000;0.00000;0.00082;0.00005;0.00000;0.00000;0.00000;0.00000;0.00000;0.00013;0.00000;0.00000;0.00000;0.00000;0.00000;0.00000;0.00000;0.00000;0.00000;0.00000;0.00000;0.00000;0.00000;0.00000;0.00000;0.00000;0.00000;0.00000;0.00000;0.00000;0.00000;0.00000;0.00000;0.00000;0.00000;0.00000;0.00000;0.00000;0.00000;0.00000;0.00000;0.00000;0.00000;0.00000;0.00000;0.00000;0.00000;0.00000;0.00000;0.00000;0.00000;0.00000;0.00000;0.00000;0.00000;0.00000;0.00000;0.00000;0.00000;0.00010;0.00000;0.00000;0.00000;0.00000;0.00001;0.00013;0.00000;0.00000;0.00000;0.00000;0.00000;0.00000;0.00000;0.00000;0.00000;0.00000;0.00000;0.00000;0.00000;0.00000;0.00000;0.00000;0.00000;0.00000;0.00000;0.00000;0.00000;0.00000;0.00000;0.00000;0.00000;0.00000;0.00000;0.00000;0.00000;0.00000;0.00000;0.00000;0.00000;0.00000;0.00000;0.00000;0.00000;0.00000;0.00004;0.00000;0.00000;0.00000;0.00000;0.00000;0.00000;0.00000;0.00000;0.00000;0.00000;0.00000;0.00000;0.00000;0.00000;0.00000;0.00000;0.00008;0.00000;0.00000;0.00000;0.00000;0.00000;0.00000;0.00000;0.00000;0.00000;0.00000;0.00000;0.00000;0.00000;0.00000;0.00000;0.00000;0.00000;0.00000;0.00000;0.00000;0.00000;0.00000;0.00000;0.00000;0.00000;0.00000;0.00000;0.00000;0.00000;0.00000;0.00000;0.00000;0.00000;0.00000;0.00000;0.00000;0.00000;0.00000;0.00000;0.00000;0.00000;0.00000;0.00000;0.00000;0.00000;0.00000;0.00000;0.00000;0.00000;0.00000;0.00000;0.00000;0.00000;0.00000;0.00000;0.00000;0.00000;0.00000;0.00000;0.00000;0.00000;0.00000;0.00000;0.00000;0.00000;0.00000;0.00000;0.00000;0.00000;0.00000;0.00000;0.00000;0.00000;0.00000;0.00000;0.00000;0.00000;0.00000;0.00000;0.00000;0.00000;0.00000;0.00000;0.00000;0.00000;0.00000;0.00000;0.00000;0.00000;0.00000;0.00000;0.00000;0.00000;0.00000;0.00000;0.00000;0.00000;0.00000;0.00000;0.00000;0.00000;0.00000;0.00000;0.00000;0.00000;0.00000;0.00000;0.00000;0.00000;0.00000;0.00000;0.00000;0.00000;0.00000;0.00000;0.00000;0.00000;0.00000;0.00000;0.00000;0.00000;0.00000;0.00000;0.00000;0.00000;0.00000;0.00000;0.00000;0.00000;0.00000;0.00000;0.00000;0.00000;0.00000;0.00000;0.00140;0.00000;0.00000;0.00000;0.00000;0.00000;0.05032;0.00000;0.00000;0.00000;0.00000;0.00000;0.00000;0.00000;0.00000;0.00000;0.00000;0.00000;0.00076;0.00000;0.00000;0.00000;0.00000;0.00000;0.00000;0.00000;0.00895;0.00000;0.00000;0.00000;0.00000;0.00000;0.00000;0.00000;0.00000;0.00000;0.00000;0.00000;0.00000;0.00000;0.00000;0.00000;0.00000;0.00000;0.00000;0.00000;0.00000;0.00000;0.00000;0.00000;0.00000;0.00000;0.00000;0.00000;0.00000;0.00000;0.00000;0.00000;0.00000;0.00000;0.00000;0.00000;0.00000;0.00000;0.00000;0.00000;0.00000;0.00000;0.00000;0.00000;0.00000;0.00000;0.00000;0.00000;0.00000;0.00000;0.00000;0.00003;0.00000;0.00000;0.00000;0.00000;0.00006;0.00000;0.00000;0.00000;0.00000;0.00000;0.00000;0.00000;0.00000;0.00000;0.00000;0.00000;0.00000;0.00006;0.00000;0.00000;0.00000;0.00000;0.00000;0.00000;0.00000;0.00000;0.00000;0.00000;0.00000;0.00000;0.00000;0.00000;0.00000;0.00000;0.00000;0.00000;0.00000;0.00000;0.00000;0.00000;0.00011;0.00000;0.00000;0.00000;0.00000;0.00000;0.00042;0.00000;0.00000;0.00000;0.00000;0.00000;0.00000;0.00000;0.00000;0.00000;0.00000;0.00000;0.00000;0.00000;0.00000;0.00000
2020-04-09 00:00;0.01346;0.01069;0.00001;0.00227;0.00017;0.00004;0.00002;0.00071;0.00002;0.00002;0.00067;0.00625;0.01103;0.00004;0.00001;0.00001;0.00714;0.00169;0.00038;0.00004;0.00000;0.00008;0.00036;0.00002;0.00002;0.00185;0.00009;0.00036;0.00002;0.00005;0.00010;0.00006;0.00117;0.00001;0.00005;0.00000;0.00001;0.00042;0.00033;0.00005;0.00013;0.00010;0.00046;0.00065;0.00073;0.00034;0.00001;0.00003;0.00018;0.00017;0.00027;0.00003;0.00003;0.00007;0.00004;0.00003;0.00001;0.00012;0.00000;0.00020;0.00051;0.00001;0.00085;0.00018;0.00033;0.00013;0.00373;0.00365;0.00001;0.00250;0.00085;0.00316;0.00018;0.00005;0.00038;0.00003;0.00056;0.00002;0.00008;0.00007;0.00021;0.00009;0.00006;0.00030;0.00008;0.00002;0.00059;0.00259;0.00000;0.00017;0.00000;0.00048;0.00102;0.00165;0.00000;0.00022;0.00082;0.00039;0.00015;0.00522;0.01796;0.00417;0.00040;0.00025;0.00097;0.00005;0.00011;0.01036;0.00079;0.00099;0.00070;0.00095;0.00197;0.00203;0.00651;0.00608;0.00019;0.00010;0.00029;0.00055;0.00006;0.00013;0.00006;0.00078;0.00055;0.00014;0.00004;0.00010;0.00009;0.00030;0.00082;0.00132;0.00001;0.00002;0.00008;0.00022;0.00027;0.00040;0.00072;0.00028;0.00021;0.00003;0.00017;0.00131;0.00044;0.00133;0.00069;0.00155;0.00004;0.00022;0.00093;0.00151;0.00233;0.00075;0.00093;0.00087;0.00010;0.00781;0.00025;0.00010;0.00039;0.00007;0.00222;0.00989;0.00676;0.00074;0.00101;0.00009;0.00008;0.00699;0.00297;0.00000;0.00399;0.00455;0.00000;0.00532;0.00004;0.00200;0.00835;0.00085;0.00046;0.00315;0.00000;0.00909;0.00718;0.00104;0.00029;0.00114;0.00082;0.00589;0.00658;0.00457;0.00117;0.00363;0.00001;0.00003;0.00214;0.00298;0.00015;0.00059;0.00000;0.00016;0.00453;0.00007;0.00051;0.00081;0.02159;0.00071;0.00060;0.00048;0.00095;0.00000;0.00021;0.00339;0.00026;0.01259;0.00382;0.00198;0.00012;0.00941;0.00059;0.00073;0.00000;0.00692;0.00379;0.00488;0.00156;0.00286;0.00013;0.00047;0.00178;0.00217;0.00045;0.01111;0.00010;0.00061;0.00003;0.00056;0.00069;0.00030;0.00025;0.00005;0.00391;0.00045;0.00151;0.00034;0.00028;0.00015;0.00000;0.00010;0.00267;0.00149;0.00022;0.00003;0.00127;0.00016;0.00234;0.00041;0.00025;0.00002;0.00036;0.00033;0.00000;0.00000;0.00025;0.00002;0.00000;0.00338;0.00010;0.00213;0.00002;0.00047;0.00096;0.00100;0.00725;0.00338;0.00295;0.00411;0.00254;0.00420;0.00127;0.00101;0.00047;0.00028;0.00267;0.00318;0.00003;0.00001;0.00037;0.01728;0.00791;0.00639;0.00033;0.00046;0.00000;0.00052;0.00016;0.00001;0.00006;0.00013;0.00073;0.00092;0.00082;0.00000;0.00084;0.00447;0.00155;0.00000;0.00051;0.00007;0.00148;0.00357;0.00265;0.00044;0.00085;0.00496;0.00003;0.00003;0.00053;0.00000;0.00000;0.00000;0.00034;0.00118;0.00003;0.00000;0.00075;0.00000;0.00361;0.00000;0.00564;0.00003;0.00000;0.00000;0.00000;0.00000;0.00000;0.00000;0.00000;0.00019;0.00000;0.00005;0.00009;0.00003;0.00011;0.00034;0.00035;0.00027;0.00058;0.00044;0.01407;0.02973;0.00000;0.01625;0.01480;0.01317;0.00856;0.00088;0.00720;0.00122;0.01370;0.04568;0.00008;0.00019;0.00026;0.00070;0.00923;0.01611;0.00010;0.00000;0.00046;0.00217;0.00041;0.00354;0.00009;0.00195;0.00002;0.00037;0.00096;0.00052;0.00057;0.18065;0.00008;0.03804;0.00000;0.00000;0.00104;0.00042;0.00039;0.00166;0.00036;0.00002;0.00180;0.00059;0.00002;0.00000;0.00549;0.00079;0.00064;0.00710;0.02211;0.00040;0.00939;0.00489;0.00473;0.00000;0.00001;0.02538;0.00106;0.00478;0.00000;0.00265;0.00099;0.00040;0.00061;0.00464;0.00032;0.00183;0.01178;0.00000;0.00134;0.00109;0.00036;0.00014;0.00107;0.00016;0.00132;0.00002;0.00057;0.00017;0.00016;0.00022;0.00754;0.00035;0.00035;0.00002;0.00003;0.00903;0.00007;0.00016;0.00021;0.00057;0.00021;0.00016;0.00024;0.00012;0.00009;0.00021;0.00007;0.00007;0.00439;0.00012;0.00160;0.00045;0.00213;0.00159;0.00044;0.00744;0.00004;0.00016;0.00013;0.00841;0.00088;0.00001;0.00058;0.00075;0.00014;0.00037;0.00004;0.00080;0.00011;0.00412;0.00347;0.00954;0.00004;0.00005;0.00005;0.00000;0.00003;0.03547;0.00001;0.00036;0.00149;0.00017;0.00061;0.01114;0.00072;0.00019;0.00289;0.00116;0.00061;0.00026;0.00027;0.00000;0.00013
2020-04-10 00:00;0.02064;0.01569;0.00001;0.00365;0.00023;0.00006;0.00003;0.00105;0.00003;0.00003;0.00139;0.00890;0.01926;0.00006;0.00001;0.00001;0.01122;0.00226;0.00051;0.00004;0.00000;0.00010;0.00048;0.00001;0.00003;0.00287;0.00012;0.00047;0.00002;0.00006;0.00004;0.00008;0.00180;0.00002;0.00005;0.00000;0.00001;0.00061;0.00041;0.00006;0.00031;0.00003;0.00062;0.00083;0.00098;0.00042;0.00002;0.00003;0.00027;0.00023;0.00035;0.00003;0.00003;0.00012;0.00006;0.00001;0.00000;0.00016;0.00000;0.00026;0.00067;0.00001;0.00113;0.00028;0.00045;0.00016;0.00533;0.00494;0.00002;0.00381;0.00115;0.00437;0.00023;0.00007;0.00060;0.00005;0.00072;0.00003;0.00005;0.00005;0.00028;0.00011;0.00004;0.00040;0.00006;0.00003;0.00089;0.00372;0.00000;0.00022;0.00000;0.00061;0.00193;0.00246;0.00000;0.00027;0.00125;0.00047;0.00024;0.00512;0.04349;0.00592;0.00045;0.00030;0.00121;0.00005;0.00011;0.02035;0.00101;0.00119;0.00091;0.00113;0.00341;0.00256;0.01319;0.01071;0.00036;0.00014;0.00038;0.00078;0.00004;0.00017;0.00002;0.00142;0.00078;0.00008;0.00002;0.00003;0.00012;0.00042;0.00115;0.00194;0.00002;0.00003;0.00001;0.00023;0.00028;0.00056;0.00102;0.00040;0.00028;0.00002;0.00021;0.00180;0.00059;0.00189;0.00089;0.00222;0.00002;0.00014;0.00050;0.00211;0.00325;0.00103;0.00129;0.00129;0.00006;0.01249;0.00039;0.00012;0.00057;0.00007;0.00326;0.01605;0.00913;0.00086;0.00116;0.00006;0.00003;0.00884;0.00355;0.00000;0.00639;0.00204;0.00000;0.00875;0.00008;0.00505;0.01113;0.00133;0.00077;0.00580;0.00000;0.01306;0.00980;0.00132;0.00037;0.00144;0.00121;0.00912;0.01451;0.00695;0.00208;0.00900;0.00005;0.00004;0.00327;0.00665;0.00021;0.00073;0.00000;0.00021;0.01095;0.00009;0.00059;0.00102;0.03088;0.00075;0.00079;0.00065;0.00307;0.00000;0.00003;0.00486;0.00032;0.01870;0.00800;0.00418;0.00017;0.01753;0.00068;0.00299;0.00000;0.00863;0.00523;0.00599;0.00173;0.00321;0.00052;0.00052;0.00228;0.00277;0.00065;0.01576;0.00023;0.00137;0.00004;0.00156;0.00230;0.00056;0.00040;0.00006;0.00700;0.00053;0.00292;0.00057;0.00027;0.00013;0.00000;0.00010;0.00264;0.00184;0.00036;0.00009;0.00184;0.00026;0.00299;0.00065;0.00051;0.00003;0.00068;0.00022;0.00001;0.00000;0.00035;0.00005;0.00000;0.00532;0.00028;0.00375;0.00017;0.00043;0.00167;0.00167;0.01177;0.00440;0.00326;0.00698;0.00324;0.00520;0.00238;0.00122;0.00055;0.00041;0.00386;0.00437;0.00004;0.00004;0.00049;0.02903;0.00882;0.00767;0.00035;0.00070;0.00105;0.00055;0.00023;0.00004;0.00008;0.00016;0.00101;0.00181;0.00089;0.00014;0.00203;0.00874;0.00170;0.00000;0.00092;0.00041;0.00220;0.00921;0.00403;0.00045;0.00082;0.00737;0.00024;0.00001;0.00075;0.00000;0.00005;0.00071;0.00038;0.00174;0.00003;0.00016;0.00133;0.00005;0.00435;0.00000;0.00708;0.00005;0.00000;0.00000;0.00000;0.00000;0.00000;0.00000;0.00000;0.00025;0.00118;0.00005;0.00009;0.00007;0.00011;0.00040;0.00044;0.00054;0.00064;0.00046;0.01789;0.03711;0.00000;0.01935;0.01709;0.01143;0.00940;0.00116;0.00791;0.00175;0.01794;0.04297;0.00008;0.00035;0.00047;0.00129;0.01282;0.02609;0.00019;0.00004;0.00068;0.00262;0.00046;0.00344;0.00051;0.00238;0.00002;0.00043;0.00142;0.00068;0.00109;0.14244;0.00008;0.06013;0.00000;0.00000;0.00106;0.00062;0.00043;0.00263;0.00049;0.00012;0.00311;0.00086;0.00001;0.00000;0.00756;0.00221;0.00077;0.02373;0.06579;0.00212;0.01146;0.00774;0.00619;0.00000;0.00118;0.04191;0.00141;0.00757;0.00015;0.00382;0.00133;0.00055;0.00082;0.00906;0.00044;0.00244;0.02096;0.00001;0.00281;0.00182;0.00049;0.00018;0.00154;0.00012;0.00144;0.00000;0.00097;0.00021;0.00022;0.00029;0.01196;0.00009;0.00014;0.00000;0.00000;0.01784;0.00004;0.00016;0.00018;0.00077;0.00024;0.00024;0.00015;0.00008;0.00003;0.00022;0.00005;0.00002;0.00940;0.00003;0.00128;0.00046;0.00313;0.00250;0.00034;0.01685;0.00001;0.00017;0.00009;0.01887;0.00110;0.00000;0.00095;0.00084;0.00009;0.00088;0.00004;0.00130;0.00015;0.00572;0.00678;0.02108;0.00022;0.00006;0.00006;0.00000;0.00004;0.06854;0.00002;0.00051;0.00217;0.00022;0.00082;0.01637;0.00099;0.00025;0.00434;0.00186;0.00122;0.00052;0.00038;0.00000;0.00018
2020-04-11 00:00;0.00573;0.00546;0.00000;0.00133;0.00003;0.00001;0.00000;0.00026;0.00000;0.00000;0.00048;0.00200;0.00822;0.00001;0.00000;0.00000;0.00378;0.00039;0.00011;0.00001;0.00000;0.00002;0.00008;0.00000;0.00001;0.00114;0.00002;0.00006;0.00000;0.00001;0.00000;0.00001;0.00054;0.00000;0.00001;0.00001;0.00000;0.00015;0.00004;0.00001;0.00009;0.00000;0.00009;0.00011;0.00015;0.00004;0.00000;0.00000;0.00010;0.00004;0.00005;0.00000;0.00000;0.00002;0.00001;0.00000;0.00000;0.00004;0.00000;0.00004;0.00009;0.00000;0.00018;0.00013;0.00008;0.00002;0.00121;0.00086;0.00000;0.00149;0.00019;0.00086;0.00003;0.00001;0.00024;0.00001;0.00009;0.00001;0.00000;0.00001;0.00005;0.00001;0.00001;0.00013;0.00002;0.00000;0.00025;0.00089;0.00000;0.00003;0.00000;0.00008;0.00053;0.00069;0.00000;0.00003;0.00037;0.00005;0.00008;0.00155;0.02923;0.00288;0.00004;0.00004;0.00020;0.00001;0.00002;0.01199;0.00023;0.00014;0.00018;0.00016;0.00064;0.00038;0.00269;0.00144;0.00004;0.00001;0.00006;0.00011;0.00001;0.00002;0.00000;0.00021;0.00009;0.00001;0.00000;0.00000;0.00001;0.00004;0.00017;0.00050;0.00000;0.00000;0.00000;0.00004;0.00006;0.00008;0.00017;0.00005;0.00005;0.00000;0.00001;0.00051;0.00008;0.00020;0.00022;0.00039;0.00000;0.00002;0.00000;0.00035;0.00070;0.00016;0.00019;0.00028;0.00001;0.00614;0.00005;0.00000;0.00009;0.00001;0.00147;0.00813;0.00210;0.00021;0.00022;0.00001;0.00000;0.00240;0.00093;0.00000;0.00190;0.00014;0.00000;0.00343;0.00002;0.00134;0.00344;0.00044;0.00030;0.00142;0.00000;0.00331;0.00208;0.00016;0.00006;0.00016;0.00029;0.00321;0.00637;0.00182;0.00063;0.00320;0.00001;0.00000;0.00108;0.00182;0.00006;0.00014;0.00000;0.00002;0.00632;0.00001;0.00012;0.00016;0.00961;0.00011;0.00018;0.00008;0.00072;0.00000;0.00000;0.00139;0.00005;0.00606;0.00296;0.00105;0.00004;0.00920;0.00007;0.00070;0.00000;0.00191;0.00138;0.00153;0.00031;0.00057;0.00016;0.00008;0.00057;0.00059;0.00015;0.00577;0.00003;0.00063;0.00000;0.00059;0.00076;0.00009;0.00012;0.00001;0.00238;0.00015;0.00094;0.00027;0.00005;0.00001;0.00000;0.00001;0.00065;0.00055;0.00008;0.00001;0.00054;0.00006;0.00096;0.00014;0.00011;0.00001;0.00025;0.00004;0.00000;0.00000;0.00010;0.00001;0.00000;0.00193;0.00006;0.00159;0.00003;0.00005;0.00048;0.00045;0.00424;0.00113;0.00061;0.00262;0.00098;0.00141;0.00084;0.00030;0.00010;0.00010;0.00124;0.00162;0.00001;0.00001;0.00015;0.01405;0.00277;0.00264;0.00005;0.00012;0.00045;0.00011;0.00004;0.00000;0.00001;0.00004;0.00021;0.00069;0.00019;0.00002;0.00089;0.00333;0.00026;0.00000;0.00020;0.00011;0.00066;0.00422;0.00097;0.00006;0.00013;0.00261;0.00006;0.00000;0.00017;0.00000;0.00001;0.00041;0.00006;0.00054;0.00000;0.00004;0.00046;0.00001;0.00078;0.00000;0.00204;0.00001;0.00000;0.00000;0.00000;0.00000;0.00000;0.00000;0.00000;0.00005;0.00044;0.00001;0.00001;0.00001;0.00001;0.00005;0.00009;0.00011;0.00008;0.00009;0.00461;0.00764;0.00000;0.00374;0.00258;0.00130;0.00149;0.00021;0.00117;0.00036;0.00364;0.03959;0.00001;0.00005;0.00007;0.00021;0.00332;0.00841;0.00003;0.00001;0.00016;0.00066;0.00008;0.00067;0.00016;0.00059;0.00000;0.00009;0.00039;0.00014;0.00027;0.00838;0.00001;0.02214;0.00000;0.00000;0.00016;0.00012;0.00008;0.00077;0.00011;0.00003;0.00116;0.00017;0.00000;0.00000;0.00173;0.00054;0.00016;0.00851;0.02930;0.00057;0.00212;0.00214;0.00188;0.00001;0.00034;0.01632;0.00028;0.00185;0.00006;0.00099;0.00027;0.00012;0.00020;0.00412;0.00009;0.00048;0.00888;0.00000;0.00108;0.00059;0.00010;0.00002;0.00042;0.00002;0.00043;0.00000;0.00012;0.00001;0.00004;0.00006;0.00554;0.00000;0.00000;0.00000;0.00000;0.00942;0.00001;0.00003;0.00004;0.00015;0.00004;0.00005;0.00003;0.00001;0.00000;0.00005;0.00001;0.00000;0.00595;0.00000;0.00028;0.00009;0.00073;0.00094;0.00008;0.00465;0.00000;0.00003;0.00001;0.00816;0.00035;0.00000;0.00017;0.00025;0.00001;0.00019;0.00001;0.00045;0.00004;0.00172;0.00239;0.01328;0.00006;0.00001;0.00001;0.00000;0.00000;0.03902;0.00000;0.00010;0.00069;0.00004;0.00014;0.00742;0.00018;0.00004;0.00132;0.00066;0.00044;0.00029;0.00010;0.00000;0.00004
2020-04-12 00:00;0.00043;0.00055;0.00000;0.00013;0.00000;0.00000;0.00000;0.00002;0.00000;0.00000;0.00004;0.00011;0.00073;0.00000;0.00000;0.00000;0.00029;0.00002;0.00001;0.00000;0.00000;0.00000;0.00000;0.00000;0.00000;0.00010;0.00000;0.00000;0.00000;0.00000;0.00000;0.00000;0.00003;0.00000;0.00000;0.00000;0.00000;0.00001;0.00000;0.00000;0.00000;0.00000;0.00000;0.00000;0.00001;0.00000;0.00000;0.00000;0.00001;0.00000;0.00000;0.00000;0.00000;0.00000;0.00000;0.00000;0.00000;0.00000;0.00000;0.00000;0.00000;0.00000;0.00001;0.00002;0.00000;0.00000;0.00007;0.00004;0.00000;0.00012;0.00001;0.00004;0.00000;0.00000;0.00002;0.00000;0.00000;0.00000;0.00000;0.00000;0.00000;0.00000;0.00000;0.00001;0.00000;0.00000;0.00002;0.00005;0.00000;0.00000;0.00000;0.00000;0.00003;0.00004;0.00000;0.00000;0.00002;0.00000;0.00001;0.00015;0.00808;0.00055;0.00000;0.00000;0.00001;0.00000;0.00000;0.00202;0.00001;0.00000;0.00001;0.00001;0.00003;0.00001;0.00011;0.00005;0.00000;0.00000;0.00000;0.00000;0.00000;0.00000;0.00000;0.00001;0.00000;0.00000;0.00000;0.00000;0.00000;0.00000;0.00001;0.00002;0.00000;0.00000;0.00000;0.00000;0.00000;0.00000;0.00001;0.00000;0.00000;0.00000;0.00000;0.00002;0.00000;0.00001;0.00001;0.00001;0.00000;0.00000;0.00000;0.00001;0.00002;0.00001;0.00000;0.00001;0.00000;0.00095;0.00000;0.00000;0.00000;0.00000;0.00021;0.00132;0.00010;0.00001;0.00001;0.00000;0.00000;0.00016;0.00003;0.00000;0.00009;0.00006;0.00000;0.00024;0.00000;0.00005;0.00028;0.00002;0.00001;0.00003;0.00000;0.00008;0.00004;0.00000;0.00000;0.00000;0.00001;0.00009;0.00011;0.00003;0.00001;0.00004;0.00000;0.00000;0.00002;0.00002;0.00000;0.00000;0.00000;0.00000;0.00075;0.00000;0.00000;0.00000;0.00025;0.00000;0.00000;0.00000;0.00001;0.00000;0.00000;0.00003;0.00000;0.00010;0.00008;0.00002;0.00000;0.00115;0.00000;0.00001;0.00000;0.00004;0.00004;0.00004;0.00001;0.00001;0.00000;0.00000;0.00002;0.00001;0.00000;0.00036;0.00000;0.00005;0.00000;0.00002;0.00004;0.00000;0.00001;0.00000;0.00005;0.00001;0.00004;0.00004;0.00000;0.00000;0.00000;0.00000;0.00003;0.00000;0.00000;0.00000;0.00001;0.00000;0.00005;0.00000;0.00000;0.00000;0.00001;0.00000;0.00000;0.00000;0.00000;0.00000;0.00000;0.00004;0.00000;0.00005;0.00000;0.00000;0.00001;0.00002;0.00019;0.00004;0.00002;0.00011;0.00004;0.00006;0.00002;0.00001;0.00000;0.00000;0.00006;0.00009;0.00000;0.00000;0.00001;0.00190;0.00019;0.00019;0.00000;0.00000;0.00000;0.00000;0.00000;0.00000;0.00000;0.00000;0.00000;0.00001;0.00000;0.00000;0.00004;0.00006;0.00001;0.00000;0.00000;0.00000;0.00002;0.00010;0.00002;0.00000;0.00000;0.00005;0.00000;0.00000;0.00000;0.00000;0.00000;0.00001;0.00000;0.00001;0.00000;0.00000;0.00001;0.00000;0.00002;0.00000;0.00008;0.00000;0.00000;0.00000;0.00000;0.00000;0.00000;0.00000;0.00000;0.00000;0.00000;0.00000;0.00000;0.00000;0.00000;0.00000;0.00000;0.00000;0.00000;0.00000;0.00012;0.00017;0.00000;0.00010;0.00005;0.00114;0.00005;0.00000;0.00002;0.00000;0.00008;0.03340;0.00000;0.00000;0.00000;0.00001;0.00007;0.00009;0.00000;0.00000;0.00000;0.00002;0.00000;0.00059;0.00000;0.00001;0.00000;0.00000;0.00001;0.00000;0.00000;0.00737;0.00000;0.00057;0.00000;0.00000;0.00000;0.00000;0.00000;0.00000;0.00000;0.00000;0.00003;0.00000;0.00000;0.00000;0.00004;0.00001;0.00000;0.00018;0.00040;0.00000;0.00004;0.00004;0.00006;0.00000;0.00001;0.00039;0.00001;0.00004;0.00000;0.00003;0.00001;0.00000;0.00000;0.00009;0.00000;0.00001;0.00025;0.00000;0.00002;0.00001;0.00000;0.00000;0.00001;0.00000;0.00002;0.00000;0.00000;0.00000;0.00000;0.00000;0.00064;0.00000;0.00000;0.00000;0.00000;0.00112;0.00000;0.00000;0.00000;0.00001;0.00000;0.00000;0.00000;0.00000;0.00000;0.00000;0.00000;0.00000;0.00098;0.00000;0.00001;0.00000;0.00003;0.00004;0.00000;0.00020;0.00000;0.00000;0.00000;0.00035;0.00003;0.00000;0.00001;0.00002;0.00000;0.00001;0.00000;0.00003;0.00000;0.00012;0.00014;0.00197;0.00000;0.00000;0.00000;0.00000;0.00000;0.00634;0.00000;0.00001;0.00005;0.00000;0.00001;0.00106;0.00001;0.00000;0.00010;0.00005;0.00003;0.00005;0.00001;0.00000;0.00000
2020-04-13 00:00;0.07957;0.04243;0.00005;0.01150;0.00101;0.00025;0.00012;0.00388;0.00013;0.00013;0.00338;0.03208;0.05642;0.00025;0.00006;0.00006;0.03281;0.00848;0.00190;0.00018;0.00005;0.00040;0.00179;0.00007;0.00013;0.00498;0.00046;0.00181;0.00011;0.00026;0.00038;0.00029;0.00588;0.00008;0.00017;0.00027;0.00005;0.00213;0.00166;0.00029;0.00108;0.00032;0.00233;0.00323;0.00368;0.00168;0.00006;0.00013;0.00097;0.00087;0.00134;0.00013;0.00013;0.00034;0.00024;0.00026;0.00001;0.00079;0.00006;0.00098;0.00257;0.00001;0.00427;0.00133;0.00165;0.00063;0.01882;0.01832;0.00006;0.00999;0.00429;0.01589;0.00089;0.00025;0.00188;0.00017;0.00279;0.00004;0.00009;0.00011;0.00103;0.00045;0.00006;0.00133;0.00039;0.00012;0.00306;0.01297;0.00000;0.00085;0.00000;0.00239;0.00571;0.00824;0.00000;0.00107;0.00413;0.00189;0.00106;0.05835;1.09818;0.17630;0.00879;0.00586;0.01802;0.00330;0.00553;0.43803;0.02194;0.01379;0.01268;0.01921;0.02311;0.02665;0.04568;0.03771;0.00126;0.00159;0.00681;0.01015;0.00578;0.00335;0.00833;0.00805;0.00711;0.01611;0.00365;0.01400;0.00205;0.00374;0.01383;0.03715;0.00036;0.00024;0.01059;0.01064;0.01879;0.00646;0.01369;0.00295;0.00583;0.00194;0.00279;0.05371;0.00926;0.01370;0.02781;0.02691;0.00400;0.02152;0.13390;0.02990;0.06038;0.01373;0.01531;0.01629;0.00684;0.25311;0.00208;0.00143;0.00679;0.00235;0.11301;0.21860;0.11088;0.04002;0.03318;0.00607;0.00887;0.07227;0.12316;0.00000;0.01499;0.00000;0.00000;0.01878;0.00056;0.01539;0.10290;0.00263;0.00868;0.01335;0.00000;0.03421;0.02649;0.00426;0.00111;0.00469;0.00338;0.01674;0.02266;0.01803;0.00458;0.01572;0.00007;0.00052;0.00752;0.01343;0.00056;0.00209;0.00000;0.00067;0.02326;0.00028;0.00151;0.00307;0.08246;0.00268;0.00866;0.00234;0.00984;0.00415;0.00000;0.04299;0.00125;0.04820;0.02284;0.01522;0.00051;0.04064;0.00279;0.01073;0.00000;0.02943;0.01253;0.01774;0.00597;0.01136;0.00206;0.00193;0.00758;0.00918;0.00331;0.03188;0.00054;0.00360;0.00036;0.00336;0.00390;0.00185;0.00113;0.00021;0.01296;0.00247;0.01001;0.00835;0.00122;0.00054;0.00003;0.00045;0.00946;0.00849;0.00241;0.00019;0.00881;0.00132;0.00553;0.00236;0.00233;0.00050;0.00301;0.00125;0.00005;0.00000;0.00108;0.00047;0.00003;0.01137;0.00307;0.00906;0.00056;0.00178;0.00473;0.00435;0.03860;0.01344;0.01243;0.06762;0.03773;0.05330;0.00630;0.01005;0.00759;0.00633;0.01867;0.01794;0.00061;0.00035;0.00672;0.05199;0.03310;0.01868;0.00168;0.00226;0.00260;0.00132;0.00071;0.00017;0.00038;0.00108;0.00296;0.00403;0.00248;0.00038;0.00581;0.02003;0.00623;0.00000;0.00299;0.00179;0.00438;0.01933;0.01184;0.00163;0.00305;0.00912;0.00076;0.00023;0.00181;0.00000;0.00041;0.00379;0.00134;0.00705;0.00011;0.00149;0.00459;0.00089;0.01277;0.00000;0.01162;0.00020;0.00000;0.00000;0.00000;0.00000;0.00000;0.00000;0.00000;0.00153;0.00295;0.00033;0.00035;0.00023;0.00044;0.00176;0.00165;0.00177;0.00266;0.00149;0.04901;0.12806;0.00000;0.06740;0.06534;0.04935;0.03477;0.00280;0.03032;0.00616;0.06125;0.02935;0.00014;0.00018;0.00024;0.00066;0.02377;0.04234;0.00010;0.00026;0.00319;0.00989;0.01200;0.01303;0.00130;0.00541;0.00036;0.00261;0.00287;0.00247;0.00408;0.64420;0.00018;0.10016;0.00013;0.00000;0.00240;0.00229;0.00268;0.00552;0.00292;0.00007;0.00470;0.00314;0.00006;0.00000;0.02644;0.00673;0.00287;0.11628;0.26696;0.00708;0.03371;0.01722;0.01486;0.00000;0.00159;0.06409;0.00411;0.01640;0.00122;0.01024;0.00367;0.00154;0.00183;0.02365;0.00132;0.00650;0.03797;0.00000;0.00729;0.00350;0.00138;0.00057;0.00320;0.01245;0.10309;0.00220;0.00530;0.00319;0.00279;0.00596;0.40191;0.04607;0.04851;0.00259;0.00289;0.04057;0.00729;0.00926;0.01785;0.01655;0.00802;0.00358;0.02715;0.01124;0.01318;0.01328;0.00460;0.00960;0.18295;0.01439;0.07449;0.02835;0.05137;0.06415;0.04391;0.09929;0.00612;0.00671;0.01254;0.14000;0.04848;0.00111;0.00344;0.05310;0.01437;0.00386;0.00003;0.00454;0.00060;0.01972;0.01938;0.42775;0.00095;0.00033;0.00027;0.00026;0.00014;0.11516;0.00006;0.00187;0.00483;0.00086;0.00306;0.01615;0.00365;0.00094;0.01335;0.00494;0.00337;0.00159;0.00141;0.00000;0.00067
2020-04-14 00:00;0.06627;0.03634;0.00004;0.01109;0.00064;0.00016;0.00008;0.00323;0.00008;0.00008;0.00385;0.02608;0.06414;0.00016;0.00004;0.00004;0.03401;0.00656;0.00177;0.00036;0.00019;0.00029;0.00136;0.00021;0.00031;0.00794;0.00033;0.00130;0.00019;0.00023;0.00089;0.00021;0.00576;0.00015;0.00029;0.00165;0.00004;0.00179;0.00118;0.00043;0.00125;0.00126;0.00167;0.00242;0.00264;0.00123;0.00004;0.00008;0.00178;0.00063;0.00098;0.00008;0.00008;0.00044;0.00020;0.00053;0.00007;0.00101;0.00025;0.00071;0.00185;0.00008;0.00310;0.00484;0.00124;0.00045;0.01522;0.01381;0.00004;0.01472;0.00311;0.01237;0.00063;0.00017;0.00292;0.00013;0.00200;0.00026;0.00030;0.00106;0.00076;0.00034;0.00028;0.00239;0.00110;0.00008;0.00289;0.01122;0.00000;0.00061;0.00000;0.00177;0.00559;0.00791;0.00000;0.00080;0.00383;0.00151;0.00198;0.06706;2.87486;0.25288;0.00754;0.00485;0.01504;0.00299;0.00486;0.78384;0.01972;0.01045;0.01059;0.01582;0.01844;0.02083;0.03883;0.03039;0.00109;0.00161;0.00788;0.01086;0.00787;0.00350;0.01242;0.00730;0.00673;0.02174;0.00497;0.02043;0.00228;0.00358;0.01436;0.04710;0.00042;0.00030;0.01446;0.01369;0.02506;0.00662;0.01555;0.00267;0.00707;0.00305;0.00299;0.07152;0.01119;0.01252;0.03741;0.02941;0.00557;0.03079;0.22120;0.03368;0.07766;0.01639;0.01870;0.01780;0.01140;0.45924;0.00182;0.00160;0.00698;0.00448;0.19820;0.42184;0.14479;0.05599;0.04746;0.00831;0.01207;0.11015;0.21701;0.04630;0.07107;0.03207;0.00335;0.04368;0.00152;0.03756;0.14659;0.01012;0.12021;0.03366;0.00163;0.05251;0.03796;0.00452;0.00216;0.00522;0.00669;0.02682;0.07541;0.02986;0.01642;0.05302;0.00069;0.00187;0.02067;0.03489;0.00194;0.00578;0.00047;0.00115;0.08315;0.00082;0.00306;0.00405;0.15963;0.01434;0.03056;0.00362;0.01780;0.01683;0.01800;0.15196;0.02631;0.18331;0.10881;0.07747;0.00527;0.15603;0.00686;0.01803;0.00025;0.07579;0.12873;0.03900;0.01093;0.01959;0.06030;0.00575;0.03543;0.02772;0.03481;0.08060;0.00717;0.03307;0.00281;0.02207;0.02537;0.01294;0.01282;0.00705;0.04333;0.04843;0.07388;0.04209;0.00307;0.00063;0.00014;0.00098;0.04575;0.09056;0.01385;0.00502;0.05006;0.02333;0.01059;0.02926;0.01547;0.00237;0.00886;0.01105;0.00052;0.00005;0.00697;0.00359;0.00145;0.04759;0.02054;0.03014;0.01073;0.00519;0.02844;0.01787;0.19101;0.07358;0.08217;0.32486;0.20696;0.21313;0.06830;0.03955;0.04261;0.03092;0.06453;0.05805;0.00289;0.00273;0.02750;0.17090;0.13056;0.04207;0.00590;0.01822;0.01844;0.00378;0.00327;0.00038;0.00379;0.00879;0.01190;0.04289;0.00931;0.00593;0.04628;0.05356;0.01519;0.00146;0.01255;0.01157;0.02272;0.14052;0.05202;0.00741;0.02147;0.02917;0.00649;0.00303;0.00483;0.00061;0.01091;0.02159;0.00293;0.04296;0.00277;0.01282;0.02331;0.01340;0.02478;0.00071;0.02161;0.00206;0.00126;0.00030;0.00013;0.00046;0.00271;0.00195;0.00053;0.01267;0.01852;0.00195;0.00099;0.00347;0.00210;0.00537;0.00567;0.00922;0.00624;0.00438;0.16329;0.25496;0.00334;0.10020;0.08684;0.05563;0.04301;0.00537;0.03458;0.08268;0.13627;0.05469;0.00029;0.00040;0.00054;0.00147;0.04430;0.08771;0.00021;0.00448;0.02093;0.05539;0.04009;0.01474;0.00440;0.01064;0.00412;0.01429;0.00924;0.01602;0.02686;0.69081;0.00177;0.23582;0.00207;0.00079;0.00443;0.01545;0.02085;0.01507;0.01538;0.01648;0.02064;0.01377;0.00028;0.00161;0.11169;0.05166;0.00975;0.25356;0.53501;0.01386;0.04319;0.04087;0.02041;0.00682;0.02066;0.12178;0.01174;0.02713;0.00553;0.02483;0.01277;0.01875;0.00880;0.04863;0.02220;0.04268;0.07870;0.00023;0.02912;0.00846;0.00377;0.00149;0.00465;0.01831;0.16802;0.00292;0.00464;0.00368;0.00295;0.00697;0.77915;0.06790;0.07509;0.00359;0.00448;0.09846;0.00960;0.01167;0.02470;0.01886;0.00947;0.00386;0.03688;0.01342;0.01932;0.01690;0.00557;0.01382;0.37917;0.01950;0.11783;0.03235;0.05742;0.09423;0.04471;0.09237;0.00672;0.00580;0.01159;0.18034;0.05465;0.00099;0.00267;0.05647;0.01286;0.00323;0.00012;0.00764;0.00114;0.05015;0.06537;0.95416;0.00967;0.00044;0.00028;0.00221;0.00020;0.18432;0.00007;0.00150;0.00497;0.00078;0.00231;0.02200;0.00272;0.00067;0.01271;0.00527;0.00458;0.00237;0.00165;0.00002;0.00052
2020-04-15 00:00;0.01053;0.00694;0.00000;0.00241;0.00001;0.00000;0.00000;0.00050;0.00000;0.00000;0.00090;0.00372;0.01824;0.00000;0.00000;0.00000;0.00790;0.00072;0.00024;0.00003;0.00003;0.00003;0.00014;0.00002;0.00003;0.00259;0.00002;0.00009;0.00002;0.00002;0.00031;0.00002;0.00124;0.00002;0.00003;0.00037;0.00000;0.00029;0.00006;0.00006;0.00027;0.00039;0.00013;0.00021;0.00021;0.00008;0.00000;0.00000;0.00060;0.00005;0.00008;0.00000;0.00000;0.00005;0.00000;0.00014;0.00001;0.00019;0.00005;0.00006;0.00013;0.00001;0.00025;0.00198;0.00013;0.00003;0.00216;0.00142;0.00000;0.00489;0.00027;0.00149;0.00004;0.00000;0.00094;0.00001;0.00014;0.00003;0.00003;0.00033;0.00007;0.00003;0.00003;0.00071;0.00034;0.00000;0.00056;0.00182;0.00000;0.00004;0.00000;0.00014;0.00110;0.00160;0.00000;0.00006;0.00076;0.00015;0.00055;0.01459;2.05215;0.10210;0.00053;0.00033;0.00163;0.00026;0.00048;0.40456;0.00274;0.00065;0.00117;0.00147;0.00217;0.00176;0.00548;0.00268;0.00009;0.00012;0.00078;0.00126;0.00153;0.00028;0.00352;0.00075;0.00055;0.00404;0.00033;0.00544;0.00014;0.00023;0.00147;0.01036;0.00003;0.00000;0.00208;0.00165;0.00511;0.00067;0.00197;0.00018;0.00108;0.00017;0.00001;0.01711;0.00101;0.00081;0.00766;0.00390;0.00047;0.00607;0.08009;0.00400;0.01388;0.00175;0.00216;0.00289;0.00131;0.21987;0.00015;0.00000;0.00081;0.00035;0.08988;0.21758;0.02584;0.01246;0.00764;0.00097;0.00132;0.02354;0.05652;0.01791;0.02212;0.01501;0.00062;0.01727;0.00025;0.00907;0.03270;0.00346;0.06397;0.00843;0.00035;0.01283;0.00772;0.00046;0.00036;0.00049;0.00164;0.00923;0.03768;0.00801;0.00534;0.02031;0.00008;0.00017;0.00800;0.00998;0.00064;0.00124;0.00007;0.00011;0.05335;0.00010;0.00071;0.00059;0.05326;0.00222;0.00757;0.00039;0.00373;0.00244;0.00256;0.04892;0.00423;0.07305;0.04495;0.02065;0.00173;0.10852;0.00080;0.00376;0.00003;0.01943;0.04221;0.01240;0.00207;0.00375;0.02217;0.00118;0.01050;0.00720;0.00963;0.03407;0.00118;0.01602;0.00034;0.00894;0.00789;0.00160;0.00416;0.00186;0.01708;0.01319;0.02563;0.02285;0.00052;0.00007;0.00000;0.00016;0.01444;0.04305;0.00291;0.00048;0.01740;0.00577;0.00361;0.00650;0.00342;0.00043;0.00311;0.00370;0.00006;0.00000;0.00217;0.00042;0.00023;0.02238;0.00383;0.01544;0.00179;0.00066;0.00927;0.00504;0.07949;0.02499;0.01557;0.13799;0.07486;0.06162;0.02847;0.01026;0.00734;0.00776;0.02215;0.02784;0.00069;0.00049;0.00980;0.09997;0.05525;0.01821;0.00098;0.00289;0.00882;0.00092;0.00058;0.00003;0.00074;0.00262;0.00316;0.02039;0.00297;0.00118;0.02357;0.02317;0.00259;0.00025;0.00291;0.00336;0.00825;0.07485;0.01525;0.00110;0.00356;0.01391;0.00144;0.00033;0.00127;0.00008;0.00230;0.01220;0.00073;0.01718;0.00069;0.00334;0.01060;0.00338;0.00453;0.00008;0.00692;0.00031;0.00030;0.00004;0.00002;0.00004;0.00061;0.00025;0.00010;0.00289;0.00673;0.00027;0.00013;0.00076;0.00025;0.00079;0.00124;0.00199;0.00085;0.00105;0.05142;0.05473;0.00122;0.01909;0.01264;0.00167;0.00629;0.00111;0.00490;0.01939;0.02860;0.05547;0.00002;0.00003;0.00005;0.00014;0.01275;0.03140;0.00001;0.00119;0.00545;0.01622;0.00678;0.00088;0.00133;0.00338;0.00079;0.00285;0.00288;0.00413;0.00777;0.01074;0.00018;0.10440;0.00048;0.00016;0.00078;0.00370;0.00420;0.00519;0.00393;0.00512;0.00949;0.00283;0.00002;0.00036;0.02790;0.01333;0.00250;0.08121;0.20880;0.00335;0.00750;0.01208;0.00602;0.00316;0.00555;0.04998;0.00236;0.00638;0.00179;0.00670;0.00271;0.00444;0.00250;0.02256;0.00494;0.00897;0.03523;0.00003;0.01238;0.00292;0.00078;0.00014;0.00124;0.00318;0.05622;0.00035;0.00037;0.00001;0.00033;0.00097;0.39491;0.01472;0.02243;0.00036;0.00031;0.05595;0.00162;0.00174;0.00577;0.00283;0.00100;0.00060;0.00791;0.00129;0.00525;0.00309;0.00048;0.00353;0.22440;0.00247;0.03888;0.00459;0.01033;0.03097;0.00798;0.01757;0.00124;0.00053;0.00115;0.05602;0.01342;0.00000;0.00032;0.01285;0.00123;0.00047;0.00002;0.00208;0.00018;0.01323;0.02110;0.59047;0.00218;0.00004;0.00003;0.00047;0.00000;0.08541;0.00001;0.00019;0.00112;0.00008;0.00021;0.00696;0.00027;0.00005;0.00258;0.00132;0.00130;0.00102;0.00028;0.00000;0.00006
2020-04-16 00:00;0.00338;0.00370;0.00000;0.00064;0.00004;0.00001;0.00000;0.00019;0.00001;0.00001;0.00019;0.00186;0.00372;0.00001;0.00000;0.00000;0.00244;0.00041;0.00019;0.00003;0.00001;0.00002;0.00009;0.00003;0.00003;0.00065;0.00002;0.00009;0.00002;0.00003;0.00017;0.00002;0.00035;0.00001;0.00002;0.00002;0.00000;0.00015;0.00006;0.00006;0.00012;0.00024;0.00015;0.00013;0.00025;0.00005;0.00000;0.00001;0.00018;0.00006;0.00007;0.00001;0.00001;0.00004;0.00002;0.00007;0.00001;0.00007;0.00001;0.00006;0.00014;0.00001;0.00029;0.00015;0.00011;0.00003;0.00127;0.00111;0.00000;0.00100;0.00029;0.00099;0.00006;0.00002;0.00021;0.00001;0.00015;0.00002;0.00002;0.00009;0.00007;0.00000;0.00002;0.00029;0.00009;0.00000;0.00024;0.00076;0.00000;0.00004;0.00000;0.00009;0.00041;0.00045;0.00000;0.00004;0.00033;0.00000;0.00022;0.00146;0.43293;0.01086;0.00004;0.00007;0.00020;0.00001;0.00003;0.04872;0.00024;0.00020;0.00022;0.00016;0.00064;0.00049;0.00193;0.00144;0.00003;0.00001;0.00005;0.00005;0.00000;0.00002;0.00000;0.00014;0.00006;0.00001;0.00000;0.00000;0.00002;0.00003;0.00014;0.00016;0.00000;0.00000;0.00000;0.00003;0.00003;0.00007;0.00009;0.00005;0.00001;0.00000;0.00003;0.00019;0.00007;0.00020;0.00010;0.00022;0.00000;0.00001;0.00000;0.00026;0.00029;0.00013;0.00010;0.00015;0.00001;0.02346;0.00005;0.00000;0.00007;0.00001;0.00925;0.02493;0.00116;0.00009;0.00009;0.00000;0.00000;0.00096;0.00014;0.00145;0.00157;0.00148;0.00003;0.00245;0.00002;0.00173;0.00181;0.00021;0.00291;0.00039;0.00002;0.00069;0.00054;0.00006;0.00002;0.00007;0.00010;0.00042;0.00164;0.00051;0.00026;0.00080;0.00000;0.00001;0.00031;0.00042;0.00005;0.00003;0.00000;0.00001;0.00668;0.00001;0.00002;0.00006;0.00148;0.00015;0.00017;0.00001;0.00006;0.00008;0.00016;0.00079;0.00024;0.00112;0.00154;0.00072;0.00006;0.01553;0.00003;0.00007;0.00000;0.00088;0.00151;0.00077;0.00011;0.00021;0.00080;0.00008;0.00039;0.00034;0.00030;0.00183;0.00005;0.00033;0.00001;0.00029;0.00049;0.00008;0.00016;0.00009;0.00070;0.00027;0.00063;0.00247;0.00002;0.00000;0.00000;0.00001;0.00065;0.00056;0.00005;0.00003;0.00032;0.00019;0.00027;0.00017;0.00012;0.00000;0.00009;0.00010;0.00000;0.00000;0.00005;0.00001;0.00001;0.00089;0.00005;0.00057;0.00008;0.00003;0.00044;0.00021;0.00219;0.00166;0.00050;0.00065;0.00027;0.00049;0.00016;0.00013;0.00010;0.00004;0.00035;0.00046;0.00000;0.00001;0.00005;0.01401;0.00383;0.00110;0.00006;0.00012;0.00067;0.00002;0.00001;0.00000;0.00001;0.00001;0.00014;0.00024;0.00018;0.00006;0.00120;0.00166;0.00013;0.00002;0.00013;0.00014;0.00027;0.00146;0.00057;0.00001;0.00003;0.00053;0.00002;0.00000;0.00004;0.00001;0.00006;0.00078;0.00007;0.00050;0.00004;0.00015;0.00076;0.00009;0.00024;0.00000;0.00053;0.00001;0.00001;0.00000;0.00000;0.00000;0.00003;0.00001;0.00001;0.00008;0.00030;0.00001;0.00001;0.00003;0.00001;0.00004;0.00004;0.00009;0.00004;0.00006;0.00190;0.00199;0.00008;0.00086;0.00058;0.00153;0.00044;0.00012;0.00025;0.00057;0.00102;0.05113;0.00002;0.00002;0.00003;0.00008;0.00102;0.00273;0.00001;0.00005;0.00013;0.00041;0.00007;0.00082;0.00019;0.00026;0.00003;0.00010;0.00016;0.00015;0.00031;0.01008;0.00003;0.00551;0.00002;0.00001;0.00005;0.00016;0.00015;0.00052;0.00017;0.00019;0.00048;0.00010;0.00000;0.00001;0.00073;0.00048;0.00010;0.00325;0.00371;0.00020;0.00034;0.00039;0.00022;0.00009;0.00010;0.00146;0.00015;0.00043;0.00004;0.00041;0.00017;0.00040;0.00048;0.00100;0.00041;0.00091;0.00293;0.00000;0.00027;0.00013;0.00005;0.00002;0.00008;0.00001;0.00012;0.00000;0.00010;0.00003;0.00003;0.00003;0.03626;0.00000;0.00000;0.00000;0.00000;0.00983;0.00000;0.00002;0.00002;0.00009;0.00003;0.00003;0.00001;0.00001;0.00000;0.00002;0.00001;0.00000;0.02875;0.00000;0.00014;0.00006;0.00037;0.00025;0.00007;0.00236;0.00000;0.00004;0.00002;0.00199;0.00022;0.00000;0.00021;0.00016;0.00002;0.00012;0.00001;0.00037;0.00005;0.00114;0.00146;0.06962;0.00001;0.00008;0.00002;0.00004;0.00002;0.02296;0.00001;0.00015;0.00049;0.00008;0.00020;0.00551;0.00024;0.00006;0.00109;0.00038;0.00038;0.00021;0.00011;0.00000;0.00005
2020-04-17 00:00;0.00446;0.00471;0.00000;0.00089;0.00005;0.00001;0.00000;0.00019;0.00001;0.00001;0.00032;0.00143;0.00420;0.00001;0.00000;0.00000;0.00207;0.00028;0.00011;0.00002;0.00001;0.00001;0.00006;0.00001;0.00001;0.00063;0.00001;0.00006;0.00001;0.00001;0.00011;0.00001;0.00028;0.00000;0.00001;0.00003;0.00000;0.00011;0.00003;0.00003;0.00007;0.00013;0.00010;0.00008;0.00015;0.00003;0.00000;0.00000;0.00015;0.00004;0.00004;0.00000;0.00000;0.00002;0.00001;0.00006;0.00000;0.00007;0.00001;0.00004;0.00009;0.00000;0.00018;0.00018;0.00007;0.00002;0.00090;0.00073;0.00000;0.00095;0.00018;0.00067;0.00004;0.00001;0.00018;0.00001;0.00009;0.00001;0.00001;0.00006;0.00004;0.00000;0.00001;0.00021;0.00007;0.00000;0.00017;0.00056;0.00000;0.00003;0.00000;0.00006;0.00035;0.00035;0.00000;0.00002;0.00026;0.00000;0.00010;0.00121;0.11370;0.00170;0.00002;0.00005;0.00013;0.00001;0.00002;0.00291;0.00017;0.00012;0.00015;0.00010;0.00044;0.00031;0.00132;0.00084;0.00002;0.00001;0.00002;0.00003;0.00000;0.00001;0.00000;0.00007;0.00003;0.00000;0.00000;0.00000;0.00001;0.00001;0.00007;0.00011;0.00000;0.00000;0.00000;0.00001;0.00002;0.00003;0.00005;0.00002;0.00001;0.00000;0.00001;0.00013;0.00004;0.00009;0.00006;0.00012;0.00000;0.00001;0.00000;0.00013;0.00017;0.00006;0.00005;0.00009;0.00000;0.00195;0.00002;0.00000;0.00004;0.00000;0.00033;0.00197;0.00071;0.00006;0.00005;0.00000;0.00000;0.00063;0.00010;0.00060;0.00060;0.00083;0.00002;0.00131;0.00001;0.00068;0.00119;0.00011;0.00192;0.00022;0.00001;0.00052;0.00027;0.00004;0.00000;0.00004;0.00005;0.00034;0.00073;0.00027;0.00015;0.00034;0.00000;0.00001;0.00024;0.00019;0.00002;0.00003;0.00000;0.00001;0.00076;0.00000;0.00000;0.00004;0.00182;0.00023;0.00055;0.00003;0.00020;0.00030;0.00026;0.00255;0.00041;0.00093;0.00107;0.00052;0.00004;0.00193;0.00004;0.00023;0.00000;0.00074;0.00075;0.00064;0.00025;0.00036;0.00027;0.00007;0.00025;0.00026;0.00014;0.00167;0.00002;0.00024;0.00002;0.00017;0.00030;0.00007;0.00008;0.00005;0.00045;0.00016;0.00047;0.00071;0.00003;0.00001;0.00000;0.00001;0.00048;0.00030;0.00016;0.00001;0.00075;0.00010;0.00180;0.00012;0.00009;0.00005;0.00058;0.00018;0.00000;0.00000;0.00008;0.00004;0.00001;0.00205;0.00035;0.00195;0.00004;0.00007;0.00026;0.00016;0.00359;0.00084;0.00054;0.00623;0.00389;0.00414;0.00030;0.00078;0.00088;0.00059;0.00405;0.00365;0.00005;0.00003;0.00051;0.01446;0.00228;0.00530;0.00007;0.00010;0.00017;0.00006;0.00002;0.00000;0.00001;0.00006;0.00009;0.00012;0.00012;0.00003;0.00057;0.00092;0.00014;0.00005;0.00009;0.00006;0.00018;0.00076;0.00038;0.00004;0.00012;0.00039;0.00002;0.00002;0.00005;0.00002;0.00003;0.00021;0.00006;0.00023;0.00002;0.00007;0.00030;0.00005;0.00033;0.00000;0.00055;0.00001;0.00000;0.00000;0.00000;0.00000;0.00001;0.00001;0.00002;0.00004;0.00015;0.00001;0.00001;0.00001;0.00001;0.00004;0.00003;0.00006;0.00006;0.00005;0.00142;0.00260;0.00002;0.00155;0.00119;0.00149;0.00087;0.00009;0.00054;0.00027;0.00124;0.04638;0.00006;0.00013;0.00018;0.00050;0.00087;0.00178;0.00007;0.00002;0.00016;0.00028;0.00038;0.00076;0.00009;0.00018;0.00002;0.00007;0.00011;0.00009;0.00016;0.00963;0.00002;0.00342;0.00002;0.00001;0.00008;0.00009;0.00010;0.00066;0.00009;0.00009;0.00030;0.00008;0.00000;0.00001;0.00062;0.00026;0.00008;0.00329;0.00773;0.00014;0.00059;0.00045;0.00035;0.00014;0.00007;0.00175;0.00012;0.00030;0.00004;0.00026;0.00009;0.00014;0.00018;0.00064;0.00014;0.00029;0.00258;0.00000;0.00013;0.00008;0.00003;0.00001;0.00005;0.00001;0.00009;0.00000;0.00005;0.00001;0.00001;0.00002;0.00070;0.00000;0.00000;0.00000;0.00000;0.00354;0.00000;0.00001;0.00001;0.00005;0.00001;0.00002;0.00001;0.00000;0.00000;0.00001;0.00000;0.00000;0.00093;0.00000;0.00011;0.00004;0.00022;0.00020;0.00005;0.00187;0.00000;0.00003;0.00001;0.00181;0.00019;0.00000;0.00014;0.00014;0.00001;0.00009;0.00001;0.00035;0.00004;0.00119;0.00159;0.00263;0.00008;0.00003;0.00002;0.00004;0.00001;0.01757;0.00000;0.00009;0.00037;0.00005;0.00013;0.00550;0.00016;0.00004;0.00086;0.00034;0.00033;0.00013;0.00008;0.00000;0.00003
2020-04-18 00:00;0.00075;0.00093;0.00000;0.00021;0.00000;0.00000;0.00000;0.00003;0.00000;0.00000;0.00008;0.00019;0.00121;0.00000;0.00000;0.00000;0.00043;0.00003;0.00001;0.00000;0.00000;0.00000;0.00001;0.00000;0.00000;0.00016;0.00000;0.00000;0.00000;0.00000;0.00001;0.00000;0.00005;0.00000;0.00000;0.00001;0.00000;0.00002;0.00000;0.00000;0.00001;0.00002;0.00001;0.00001;0.00001;0.00000;0.00000;0.00000;0.00003;0.00000;0.00000;0.00000;0.00000;0.00000;0.00000;0.00001;0.00000;0.00001;0.00000;0.00000;0.00001;0.00000;0.00001;0.00005;0.00001;0.00000;0.00012;0.00007;0.00000;0.00024;0.00001;0.00007;0.00000;0.00000;0.00004;0.00000;0.00001;0.00000;0.00000;0.00001;0.00000;0.00000;0.00000;0.00004;0.00001;0.00000;0.00003;0.00008;0.00000;0.00000;0.00000;0.00000;0.00006;0.00006;0.00000;0.00000;0.00005;0.00000;0.00001;0.00023;0.00405;0.00061;0.00000;0.00000;0.00001;0.00000;0.00000;0.00117;0.00002;0.00001;0.00002;0.00001;0.00005;0.00002;0.00017;0.00007;0.00000;0.00000;0.00000;0.00000;0.00000;0.00000;0.00000;0.00001;0.00000;0.00000;0.00000;0.00000;0.00000;0.00000;0.00001;0.00002;0.00000;0.00000;0.00000;0.00000;0.00000;0.00000;0.00001;0.00000;0.00000;0.00000;0.00000;0.00002;0.00000;0.00001;0.00001;0.00001;0.00000;0.00000;0.00000;0.00001;0.00002;0.00001;0.00000;0.00001;0.00000;0.00064;0.00000;0.00000;0.00000;0.00000;0.00011;0.00069;0.00010;0.00001;0.00001;0.00000;0.00000;0.00010;0.00002;0.00006;0.00007;0.00013;0.00000;0.00018;0.00000;0.00007;0.00020;0.00002;0.00035;0.00004;0.00000;0.00010;0.00004;0.00000;0.00000;0.00000;0.00001;0.00008;0.00020;0.00005;0.00003;0.00008;0.00000;0.00000;0.00006;0.00004;0.00000;0.00001;0.00000;0.00000;0.00024;0.00000;0.00000;0.00000;0.00063;0.00003;0.00013;0.00000;0.00005;0.00004;0.00003;0.00083;0.00006;0.00028;0.00029;0.00010;0.00001;0.00098;0.00000;0.00005;0.00000;0.00017;0.00019;0.00018;0.00004;0.00006;0.00008;0.00001;0.00006;0.00006;0.00003;0.00082;0.00000;0.00010;0.00000;0.00004;0.00010;0.00001;0.00003;0.00001;0.00015;0.00005;0.00019;0.00045;0.00001;0.00000;0.00000;0.00000;0.00018;0.00015;0.00004;0.00000;0.00028;0.00003;0.00084;0.00003;0.00003;0.00001;0.00023;0.00006;0.00000;0.00000;0.00003;0.00001;0.00000;0.00099;0.00007;0.00110;0.00001;0.00001;0.00008;0.00005;0.00157;0.00033;0.00016;0.00310;0.00170;0.00167;0.00016;0.00023;0.00017;0.00018;0.00174;0.00243;0.00002;0.00001;0.00025;0.00951;0.00098;0.00283;0.00002;0.00003;0.00007;0.00002;0.00000;0.00000;0.00000;0.00002;0.00002;0.00006;0.00003;0.00000;0.00020;0.00026;0.00002;0.00001;0.00002;0.00001;0.00004;0.00034;0.00010;0.00001;0.00002;0.00021;0.00000;0.00000;0.00001;0.00000;0.00001;0.00010;0.00001;0.00008;0.00000;0.00001;0.00009;0.00001;0.00005;0.00000;0.00016;0.00000;0.00000;0.00000;0.00000;0.00000;0.00000;0.00000;0.00000;0.00001;0.00003;0.00000;0.00000;0.00000;0.00000;0.00000;0.00001;0.00001;0.00001;0.00001;0.00041;0.00053;0.00000;0.00029;0.00017;0.00129;0.00012;0.00001;0.00007;0.00004;0.00024;0.04121;0.00000;0.00001;0.00002;0.00005;0.00021;0.00040;0.00000;0.00000;0.00004;0.00006;0.00007;0.00069;0.00001;0.00005;0.00000;0.00001;0.00003;0.00002;0.00003;0.00853;0.00000;0.00149;0.00000;0.00000;0.00001;0.00002;0.00002;0.00019;0.00002;0.00002;0.00007;0.00001;0.00000;0.00000;0.00012;0.00005;0.00002;0.00086;0.00318;0.00003;0.00011;0.00012;0.00012;0.00005;0.00002;0.00078;0.00002;0.00005;0.00001;0.00005;0.00001;0.00001;0.00002;0.00016;0.00001;0.00003;0.00070;0.00000;0.00003;0.00002;0.00000;0.00000;0.00001;0.00000;0.00002;0.00000;0.00000;0.00000;0.00000;0.00000;0.00023;0.00000;0.00000;0.00000;0.00000;0.00077;0.00000;0.00000;0.00000;0.00001;0.00000;0.00000;0.00000;0.00000;0.00000;0.00000;0.00000;0.00000;0.00036;0.00000;0.00002;0.00000;0.00003;0.00004;0.00001;0.00033;0.00000;0.00000;0.00000;0.00045;0.00004;0.00000;0.00001;0.00003;0.00000;0.00001;0.00000;0.00008;0.00000;0.00026;0.00039;0.00106;0.00002;0.00000;0.00000;0.00001;0.00000;0.00615;0.00000;0.00001;0.00007;0.00000;0.00001;0.00137;0.00001;0.00000;0.00016;0.00008;0.00007;0.00004;0.00001;0.00000;0.00000
2020-04-19 00:00;0.00273;0.00302;0.00000;0.00051;0.00004;0.00001;0.00000;0.00015;0.00000;0.00000;0.00013;0.00142;0.00275;0.00001;0.00000;0.00000;0.00201;0.00031;0.00009;0.00001;0.00000;0.00002;0.00007;0.00000;0.00000;0.00036;0.00002;0.00007;0.00000;0.00001;0.00001;0.00001;0.00025;0.00000;0.00001;0.00001;0.00000;0.00011;0.00004;0.00001;0.00009;0.00002;0.00012;0.00010;0.00019;0.00004;0.00000;0.00001;0.00003;0.00004;0.00005;0.00001;0.00001;0.00002;0.00001;0.00001;0.00000;0.00004;0.00000;0.00005;0.00011;0.00000;0.00022;0.00008;0.00008;0.00002;0.00097;0.00085;0.00000;0.00061;0.00022;0.00076;0.00005;0.00001;0.00008;0.00001;0.00011;0.00000;0.00001;0.00003;0.00005;0.00000;0.00000;0.00005;0.00003;0.00000;0.00015;0.00058;0.00000;0.00003;0.00000;0.00007;0.00035;0.00032;0.00000;0.00003;0.00021;0.00000;0.00004;0.00114;0.00413;0.00112;0.00003;0.00006;0.00015;0.00001;0.00002;0.00228;0.00018;0.00015;0.00017;0.00012;0.00051;0.00037;0.00167;0.00140;0.00005;0.00002;0.00006;0.00007;0.00001;0.00003;0.00000;0.00020;0.00008;0.00001;0.00000;0.00000;0.00002;0.00004;0.00020;0.00022;0.00000;0.00000;0.00000;0.00004;0.00004;0.00009;0.00012;0.00007;0.00002;0.00000;0.00004;0.00026;0.00010;0.00027;0.00013;0.00030;0.00000;0.00002;0.00000;0.00035;0.00040;0.00017;0.00014;0.00021;0.00001;0.00194;0.00006;0.00000;0.00009;0.00001;0.00043;0.00244;0.00154;0.00013;0.00027;0.00002;0.00001;0.00289;0.00067;0.00000;0.00154;0.00000;0.00000;0.00277;0.00001;0.00089;0.00340;0.00029;0.00175;0.00163;0.00000;0.00375;0.00224;0.00043;0.00000;0.00049;0.00034;0.00209;0.00528;0.00116;0.00045;0.00108;0.00001;0.00001;0.00058;0.00171;0.00000;0.00003;0.00000;0.00007;0.00293;0.00000;0.00007;0.00036;0.01443;0.00042;0.00114;0.00035;0.00168;0.00026;0.00038;0.00343;0.00068;0.00746;0.00465;0.00201;0.00008;0.00478;0.00022;0.00181;0.00000;0.00486;0.00620;0.00360;0.00118;0.00224;0.00006;0.00045;0.00227;0.00213;0.00122;0.01120;0.00017;0.00117;0.00003;0.00116;0.00174;0.00040;0.00046;0.00005;0.00411;0.00086;0.00309;0.00129;0.00031;0.00014;0.00000;0.00013;0.00334;0.00390;0.00043;0.00012;0.00186;0.00064;0.00385;0.00082;0.00071;0.00010;0.00058;0.00043;0.00002;0.00000;0.00037;0.00007;0.00007;0.00374;0.00036;0.00283;0.00031;0.00065;0.00168;0.00155;0.01243;0.00732;0.00412;0.01467;0.01077;0.02251;0.00268;0.00135;0.00075;0.00125;0.00670;0.00934;0.00015;0.00005;0.00294;0.01968;0.01487;0.00635;0.00065;0.00091;0.00193;0.00048;0.00024;0.00005;0.00009;0.00019;0.00094;0.00143;0.00057;0.00023;0.00377;0.00597;0.00133;0.00000;0.00073;0.00047;0.00126;0.00759;0.00375;0.00047;0.00086;0.00348;0.00026;0.00006;0.00047;0.00000;0.00000;0.00000;0.00032;0.00204;0.00001;0.00052;0.00212;0.00022;0.00322;0.00002;0.00449;0.00005;0.00000;0.00001;0.00000;0.00000;0.00002;0.00003;0.00000;0.00041;0.00085;0.00008;0.00007;0.00011;0.00009;0.00042;0.00035;0.00045;0.00048;0.00034;0.01426;0.02670;0.00006;0.01355;0.01181;0.00728;0.00722;0.00092;0.00599;0.00125;0.01279;0.03520;0.00005;0.00027;0.00036;0.00097;0.00766;0.01048;0.00014;0.00010;0.00052;0.00230;0.00037;0.00208;0.00042;0.00142;0.00010;0.00060;0.00096;0.00078;0.00090;0.10625;0.00006;0.03148;0.00007;0.00002;0.00079;0.00070;0.00083;0.00149;0.00074;0.00067;0.00158;0.00069;0.00001;0.00001;0.00547;0.00215;0.00067;0.00793;0.03427;0.00046;0.00561;0.00326;0.00257;0.00000;0.00000;0.01592;0.00048;0.00236;0.00028;0.00109;0.00038;0.00016;0.00023;0.00211;0.00014;0.00131;0.00571;0.00000;0.00050;0.00042;0.00015;0.00004;0.00032;0.00002;0.00015;0.00000;0.00014;0.00004;0.00004;0.00005;0.00172;0.00000;0.00000;0.00000;0.00000;0.00279;0.00001;0.00002;0.00002;0.00012;0.00004;0.00004;0.00002;0.00001;0.00000;0.00003;0.00001;0.00000;0.00090;0.00000;0.00015;0.00007;0.00049;0.00032;0.00005;0.00190;0.00000;0.00003;0.00001;0.00205;0.00016;0.00000;0.00013;0.00019;0.00001;0.00009;0.00000;0.00023;0.00003;0.00101;0.00118;0.00240;0.00006;0.00003;0.00001;0.00002;0.00001;0.00985;0.00000;0.00009;0.00033;0.00005;0.00016;0.00466;0.00019;0.00005;0.00078;0.00031;0.00017;0.00007;0.00008;0.00000;0.00003
2020-04-20 00:00;0.01483;0.01188;0.00001;0.00249;0.00019;0.00005;0.00002;0.00080;0.00002;0.00002;0.00065;0.00717;0.01357;0.00005;0.00001;0.00001;0.00885;0.00183;0.00041;0.00003;0.00001;0.00009;0.00039;0.00000;0.00001;0.00142;0.00010;0.00039;0.00001;0.00005;0.00000;0.00007;0.00136;0.00001;0.00003;0.00004;0.00001;0.00050;0.00034;0.00015;0.00050;0.00001;0.00054;0.00067;0.00085;0.00034;0.00001;0.00003;0.00014;0.00020;0.00029;0.00003;0.00003;0.00010;0.00004;0.00018;0.00001;0.00020;0.00001;0.00023;0.00057;0.00000;0.00099;0.00037;0.00038;0.00014;0.00445;0.00417;0.00001;0.00260;0.00100;0.00366;0.00020;0.00006;0.00046;0.00004;0.00061;0.00002;0.00002;0.00001;0.00024;0.00008;0.00003;0.00024;0.00001;0.00002;0.00072;0.00298;0.00000;0.00019;0.00000;0.00050;0.00125;0.00185;0.00000;0.00022;0.00100;0.00033;0.00018;0.00349;0.01777;0.00360;0.00034;0.00026;0.00096;0.00004;0.00009;0.01199;0.00083;0.00098;0.00077;0.00089;0.00308;0.00212;0.01098;0.00908;0.00030;0.00013;0.00034;0.00067;0.00003;0.00016;0.00000;0.00109;0.00070;0.00004;0.00002;0.00000;0.00011;0.00038;0.00103;0.00154;0.00002;0.00003;0.00000;0.00020;0.00021;0.00050;0.00088;0.00036;0.00023;0.00002;0.00020;0.00140;0.00053;0.00173;0.00071;0.00192;0.00002;0.00008;0.00000;0.00186;0.00269;0.00091;0.00112;0.00110;0.00005;0.00750;0.00033;0.00012;0.00050;0.00006;0.00194;0.00939;0.00746;0.00065;0.00099;0.00005;0.00002;0.00759;0.00279;0.00000;0.00543;0.00000;0.00000;0.00775;0.00009;0.00190;0.00951;0.00119;0.00920;0.00614;0.00000;0.01115;0.00817;0.00123;0.00031;0.00135;0.00100;0.00661;0.01556;0.00502;0.00144;0.00908;0.00000;0.00004;0.00241;0.00563;0.00016;0.00057;0.00000;0.00019;0.01188;0.00008;0.00042;0.00095;0.02958;0.00092;0.00309;0.00074;0.00390;0.00180;0.00005;0.01900;0.00042;0.01864;0.01095;0.00617;0.00027;0.02004;0.00073;0.00383;0.00000;0.00967;0.00958;0.00686;0.00164;0.00313;0.00377;0.00070;0.00323;0.00350;0.00167;0.01675;0.00023;0.00171;0.00004;0.00180;0.00199;0.00061;0.00051;0.00036;0.00566;0.00103;0.00359;0.00530;0.00032;0.00013;0.00000;0.00012;0.00387;0.00481;0.00036;0.00010;0.00213;0.00063;0.00613;0.00078;0.00061;0.00032;0.00204;0.00042;0.00001;0.00000;0.00036;0.00010;0.00006;0.00488;0.00214;0.00460;0.00028;0.00048;0.00159;0.00164;0.01372;0.00730;0.00369;0.04600;0.02833;0.02974;0.00283;0.00495;0.00540;0.00419;0.01655;0.01689;0.00039;0.00009;0.00437;0.04866;0.01585;0.01809;0.00054;0.00073;0.00224;0.00050;0.00024;0.00005;0.00011;0.00019;0.00104;0.00195;0.00123;0.00030;0.00533;0.00962;0.00187;0.00000;0.00111;0.00054;0.00200;0.01096;0.00433;0.00043;0.00089;0.00537;0.00028;0.00005;0.00059;0.00000;0.00039;0.00205;0.00044;0.00355;0.00014;0.00066;0.00288;0.00058;0.00433;0.00001;0.00657;0.00006;0.00005;0.00000;0.00000;0.00000;0.00010;0.00010;0.00000;0.00070;0.00147;0.00012;0.00009;0.00011;0.00014;0.00051;0.00054;0.00069;0.00074;0.00069;0.02121;0.03805;0.00016;0.02009;0.01778;0.01190;0.00959;0.00124;0.00807;0.00226;0.01844;0.03226;0.00012;0.00029;0.00039;0.00108;0.01135;0.01732;0.00015;0.00019;0.00073;0.00355;0.00412;0.00352;0.00061;0.00231;0.00017;0.00086;0.00144;0.00112;0.00183;0.14566;0.00008;0.04496;0.00026;0.00005;0.00100;0.00091;0.00160;0.00211;0.00118;0.00089;0.00266;0.00100;0.00002;0.00004;0.00755;0.00331;0.00093;0.02447;0.13035;0.00081;0.01024;0.00942;0.00481;0.00060;0.00094;0.02878;0.00124;0.00618;0.00034;0.00365;0.00133;0.00047;0.00064;0.00764;0.00040;0.00220;0.01444;0.00001;0.00254;0.00133;0.00047;0.00016;0.00090;0.00009;0.00085;0.00000;0.00075;0.00020;0.00020;0.00025;0.00711;0.00000;0.00000;0.00000;0.00000;0.01335;0.00003;0.00013;0.00012;0.00066;0.00021;0.00020;0.00008;0.00006;0.00000;0.00017;0.00005;0.00000;0.00536;0.00002;0.00061;0.00037;0.00263;0.00178;0.00023;0.01602;0.00000;0.00015;0.00007;0.01449;0.00078;0.00000;0.00080;0.00060;0.00007;0.00079;0.00002;0.00118;0.00014;0.00464;0.00525;0.01090;0.00021;0.00004;0.00006;0.00006;0.00003;0.03905;0.00001;0.00043;0.00137;0.00024;0.00071;0.01256;0.00085;0.00022;0.00338;0.00140;0.00077;0.00035;0.00032;0.00000;0.00016
2020-04-21 00:00;0.01932;0.01489;0.00001;0.00337;0.00021;0.00005;0.00002;0.00099;0.00003;0.00003;0.00090;0.00856;0.01922;0.00005;0.00001;0.00001;0.01136;0.00208;0.00064;0.00003;0.00001;0.00010;0.00044;0.00000;0.00002;0.00201;0.00011;0.00043;0.00007;0.00006;0.00031;0.00008;0.00173;0.00002;0.00004;0.00009;0.00001;0.00060;0.00035;0.00013;0.00039;0.00044;0.00060;0.00073;0.00096;0.00035;0.00002;0.00003;0.00020;0.00023;0.00032;0.00003;0.00003;0.00010;0.00006;0.00013;0.00000;0.00024;0.00002;0.00025;0.00063;0.00000;0.00111;0.00051;0.00044;0.00015;0.00529;0.00475;0.00002;0.00345;0.00113;0.00424;0.00023;0.00007;0.00056;0.00005;0.00067;0.00001;0.00003;0.00000;0.00027;0.00008;0.00002;0.00032;0.00000;0.00002;0.00089;0.00358;0.00000;0.00020;0.00000;0.00054;0.00181;0.00231;0.00000;0.00023;0.00125;0.00034;0.00023;0.01997;0.31365;0.05076;0.00171;0.00133;0.00475;0.00075;0.00130;0.13231;0.00590;0.00339;0.00338;0.00469;0.00621;0.00670;0.01319;0.01031;0.00038;0.00038;0.00139;0.00267;0.00126;0.00090;0.00200;0.00253;0.00203;0.00356;0.00036;0.00346;0.00039;0.00090;0.00356;0.01027;0.00007;0.00002;0.00184;0.00194;0.00469;0.00169;0.00310;0.00079;0.00131;0.00002;0.00040;0.01428;0.00128;0.00362;0.00585;0.00671;0.00032;0.00371;0.03165;0.00677;0.01198;0.00230;0.00215;0.00477;0.00005;0.06632;0.00062;0.00012;0.00195;0.00007;0.02816;0.05820;0.02222;0.00930;0.00873;0.00245;0.00369;0.02432;0.02985;0.00000;0.00670;0.00000;0.00000;0.00939;0.00013;0.00209;0.03342;0.00161;0.01784;0.00672;0.00000;0.01573;0.01085;0.00160;0.00041;0.00175;0.00203;0.00944;0.02113;0.01200;0.00353;0.00953;0.00005;0.00030;0.00345;0.00957;0.00022;0.00083;0.00000;0.00025;0.01576;0.00012;0.00062;0.00127;0.04576;0.00294;0.01158;0.00121;0.00602;0.00625;0.00240;0.05483;0.00322;0.03009;0.01807;0.00966;0.00089;0.03726;0.00152;0.00640;0.00004;0.02301;0.01600;0.01120;0.00428;0.00769;0.00678;0.00215;0.00617;0.00664;0.00349;0.02404;0.00040;0.00971;0.00078;0.00273;0.01055;0.00117;0.00397;0.00078;0.00823;0.01077;0.02339;0.01096;0.00066;0.00027;0.00006;0.00027;0.01144;0.00790;0.00601;0.00157;0.02186;0.00945;0.00750;0.01004;0.00562;0.00072;0.00469;0.00508;0.00018;0.00001;0.00284;0.00149;0.00016;0.02529;0.00752;0.01755;0.00279;0.00136;0.01382;0.00816;0.08719;0.01416;0.03197;0.10419;0.05839;0.06144;0.00653;0.01485;0.01460;0.00946;0.02633;0.02448;0.00078;0.00116;0.00778;0.10149;0.06141;0.02877;0.00123;0.00630;0.00327;0.00169;0.00049;0.00008;0.00077;0.00320;0.00199;0.00843;0.00241;0.00061;0.00905;0.01481;0.00412;0.00034;0.00183;0.00118;0.00301;0.01665;0.00897;0.00191;0.00721;0.01251;0.00052;0.00101;0.00183;0.00012;0.00117;0.00502;0.00164;0.00590;0.00081;0.00152;0.00552;0.00127;0.00724;0.00008;0.00875;0.00022;0.00029;0.00003;0.00005;0.00010;0.00040;0.00019;0.00008;0.00130;0.00234;0.00025;0.00035;0.00033;0.00030;0.00104;0.00097;0.00116;0.00147;0.00103;0.03014;0.06804;0.00051;0.03379;0.03072;0.02263;0.01748;0.00175;0.01458;0.00894;0.03229;0.03476;0.00019;0.00031;0.00042;0.00114;0.01573;0.02338;0.00016;0.00049;0.00573;0.00597;0.00984;0.00614;0.00209;0.00376;0.00025;0.00153;0.00212;0.00235;0.00356;0.29327;0.00051;0.06055;0.00045;0.00016;0.00149;0.00209;0.00276;0.00864;0.00218;0.00147;0.00384;0.00177;0.00003;0.00020;0.02157;0.00553;0.00207;0.07773;0.22348;0.00397;0.01675;0.01328;0.00784;0.00144;0.00215;0.04261;0.00246;0.01022;0.00070;0.00673;0.00179;0.00063;0.00082;0.00987;0.00054;0.00273;0.02709;0.00005;0.00393;0.00281;0.00106;0.00021;0.00108;0.00147;0.02134;0.00041;0.00163;0.00032;0.00071;0.00144;0.13894;0.00775;0.01004;0.00034;0.00000;0.02140;0.00163;0.00218;0.00452;0.00458;0.00188;0.00112;0.00689;0.00284;0.00330;0.00337;0.00097;0.00238;0.05654;0.00226;0.01899;0.00753;0.01614;0.01905;0.01191;0.02828;0.00164;0.00180;0.00303;0.04796;0.01323;0.00015;0.00093;0.01407;0.00388;0.00106;0.00002;0.00150;0.00018;0.00607;0.00702;0.15116;0.00030;0.00017;0.00007;0.00013;0.00003;0.05911;0.00002;0.00050;0.00166;0.00023;0.00081;0.01505;0.00097;0.00024;0.00433;0.00183;0.00166;0.00054;0.00041;0.00000;0.00018
2020-04-22 00:00;0.00723;0.00700;0.00000;0.00152;0.00005;0.00001;0.00000;0.00035;0.00001;0.00001;0.00041;0.00293;0.00969;0.00001;0.00000;0.00000;0.00506;0.00061;0.00019;0.00002;0.00000;0.00003;0.00012;0.00001;0.00001;0.00105;0.00003;0.00011;0.00001;0.00002;0.00013;0.00002;0.00070;0.00000;0.00001;0.00004;0.00000;0.00022;0.00008;0.00003;0.00020;0.00024;0.00017;0.00019;0.00028;0.00008;0.00000;0.00001;0.00016;0.00007;0.00009;0.00001;0.00001;0.00003;0.00002;0.00003;0.00000;0.00008;0.00001;0.00007;0.00017;0.00000;0.00033;0.00024;0.00014;0.00004;0.00184;0.00144;0.00000;0.00168;0.00033;0.00136;0.00006;0.00001;0.00027;0.00001;0.00018;0.00001;0.00001;0.00000;0.00008;0.00001;0.00001;0.00027;0.00000;0.00000;0.00035;0.00127;0.00000;0.00005;0.00000;0.00014;0.00067;0.00088;0.00000;0.00006;0.00050;0.00006;0.00010;0.00653;0.50786;0.03306;0.00018;0.00016;0.00077;0.00008;0.00017;0.11869;0.00118;0.00041;0.00061;0.00065;0.00134;0.00105;0.00428;0.00302;0.00011;0.00006;0.00025;0.00049;0.00030;0.00012;0.00076;0.00058;0.00034;0.00080;0.00010;0.00121;0.00006;0.00014;0.00070;0.00317;0.00001;0.00000;0.00030;0.00032;0.00122;0.00033;0.00065;0.00016;0.00027;0.00001;0.00006;0.00473;0.00028;0.00070;0.00163;0.00149;0.00022;0.00090;0.01696;0.00143;0.00313;0.00053;0.00052;0.00122;0.00002;0.04755;0.00015;0.00009;0.00040;0.00002;0.01858;0.04477;0.00662;0.00272;0.00188;0.00035;0.00047;0.00868;0.01002;0.00000;0.00311;0.00098;0.00000;0.00594;0.00007;0.00175;0.01234;0.00089;0.01046;0.00320;0.00000;0.00716;0.00445;0.00056;0.00012;0.00060;0.00098;0.00514;0.01139;0.00508;0.00203;0.00420;0.00001;0.00013;0.00173;0.00362;0.00008;0.00030;0.00000;0.00009;0.01050;0.00003;0.00027;0.00047;0.02347;0.00084;0.00402;0.00036;0.00240;0.00204;0.00056;0.02753;0.00081;0.01481;0.00942;0.00404;0.00042;0.02500;0.00033;0.00258;0.00003;0.00778;0.00755;0.00645;0.00186;0.00269;0.00348;0.00081;0.00263;0.00260;0.00147;0.01349;0.00013;0.00627;0.00028;0.00136;0.00560;0.00045;0.00293;0.00033;0.00412;0.00620;0.01269;0.00605;0.00026;0.00008;0.00001;0.00008;0.00730;0.00468;0.00245;0.00060;0.01208;0.00478;0.00441;0.00509;0.00207;0.00013;0.00283;0.00322;0.00005;0.00000;0.00153;0.00044;0.00005;0.02112;0.00243;0.01577;0.00128;0.00038;0.00974;0.00345;0.06240;0.00625;0.01364;0.04114;0.02470;0.02481;0.00301;0.00586;0.00464;0.00224;0.01114;0.01547;0.00025;0.00042;0.00361;0.05744;0.04150;0.01229;0.00039;0.00217;0.00167;0.00087;0.00016;0.00002;0.00033;0.00156;0.00076;0.00496;0.00100;0.00021;0.00526;0.00801;0.00130;0.00007;0.00072;0.00056;0.00141;0.00978;0.00376;0.00093;0.00237;0.01138;0.00018;0.00037;0.00123;0.00009;0.00043;0.00312;0.00064;0.00303;0.00031;0.00059;0.00296;0.00050;0.00264;0.00002;0.00447;0.00007;0.00011;0.00001;0.00002;0.00002;0.00015;0.00005;0.00003;0.00048;0.00107;0.00007;0.00012;0.00012;0.00010;0.00032;0.00035;0.00044;0.00044;0.00041;0.01431;0.02599;0.00026;0.01286;0.00996;0.00389;0.00589;0.00066;0.00468;0.00424;0.01206;0.03784;0.00016;0.00002;0.00003;0.00010;0.00725;0.01182;0.00001;0.00020;0.00264;0.00253;0.00295;0.00135;0.00108;0.00168;0.00011;0.00054;0.00097;0.00098;0.00147;0.04249;0.00015;0.03549;0.00014;0.00011;0.00054;0.00084;0.00093;0.00577;0.00084;0.00075;0.00202;0.00064;0.00000;0.00007;0.00954;0.00219;0.00083;0.03039;0.12667;0.00141;0.00705;0.00682;0.00526;0.00063;0.00089;0.02676;0.00093;0.00486;0.00036;0.00299;0.00092;0.00037;0.00036;0.00539;0.00022;0.00163;0.01501;0.00002;0.00209;0.00162;0.00044;0.00007;0.00069;0.00032;0.01010;0.00005;0.00036;0.00017;0.00014;0.00030;0.10771;0.00205;0.00406;0.00004;0.00000;0.01428;0.00033;0.00041;0.00137;0.00098;0.00028;0.00026;0.00186;0.00032;0.00119;0.00079;0.00010;0.00079;0.05750;0.00032;0.00895;0.00134;0.00425;0.00953;0.00279;0.00836;0.00039;0.00022;0.00036;0.02405;0.00485;0.00000;0.00028;0.00471;0.00044;0.00027;0.00001;0.00064;0.00006;0.00254;0.00329;0.18693;0.00012;0.00003;0.00002;0.00004;0.00001;0.04172;0.00000;0.00017;0.00072;0.00007;0.00024;0.00918;0.00030;0.00007;0.00182;0.00084;0.00086;0.00033;0.00015;0.00000;0.00006
2020-04-23 00:00;0.00287;0.00337;0.00000;0.00060;0.00003;0.00001;0.00000;0.00016;0.00000;0.00000;0.00016;0.00153;0.00392;0.00001;0.00000;0.00000;0.00251;0.00033;0.00010;0.00001;0.00001;0.00002;0.00007;0.00000;0.00001;0.00046;0.00002;0.00007;0.00000;0.00001;0.00002;0.00001;0.00031;0.00000;0.00001;0.00001;0.00000;0.00012;0.00004;0.00001;0.00006;0.00005;0.00011;0.00010;0.00019;0.00004;0.00000;0.00001;0.00007;0.00004;0.00005;0.00001;0.00001;0.00003;0.00001;0.00002;0.00000;0.00003;0.00001;0.00005;0.00011;0.00000;0.00021;0.00008;0.00009;0.00002;0.00104;0.00087;0.00000;0.00077;0.00022;0.00079;0.00004;0.00001;0.00013;0.00001;0.00011;0.00001;0.00000;0.00001;0.00005;0.00000;0.00001;0.00011;0.00001;0.00000;0.00018;0.00065;0.00000;0.00003;0.00000;0.00007;0.00030;0.00039;0.00000;0.00003;0.00025;0.00000;0.00005;0.00120;0.10198;0.00489;0.00003;0.00006;0.00016;0.00001;0.00002;0.01961;0.00019;0.00015;0.00018;0.00013;0.00051;0.00038;0.00182;0.00131;0.00004;0.00001;0.00006;0.00007;0.00001;0.00003;0.00000;0.00017;0.00007;0.00001;0.00001;0.00000;0.00002;0.00004;0.00017;0.00026;0.00000;0.00000;0.00000;0.00003;0.00004;0.00008;0.00012;0.00006;0.00002;0.00000;0.00003;0.00031;0.00010;0.00022;0.00015;0.00029;0.00002;0.00002;0.00000;0.00032;0.00042;0.00015;0.00013;0.00021;0.00001;0.00774;0.00005;0.00000;0.00009;0.00001;0.00261;0.00854;0.00145;0.00014;0.00023;0.00002;0.00001;0.00274;0.00074;0.00000;0.00132;0.00063;0.00000;0.00275;0.00002;0.00094;0.00355;0.00042;0.00279;0.00187;0.00000;0.00329;0.00190;0.00031;0.00001;0.00034;0.00047;0.00224;0.00325;0.00135;0.00068;0.00225;0.00001;0.00002;0.00063;0.00165;0.00001;0.00003;0.00000;0.00005;0.00610;0.00000;0.00003;0.00025;0.01002;0.00042;0.00084;0.00019;0.00111;0.00035;0.00033;0.00465;0.00054;0.00451;0.00352;0.00171;0.00019;0.00837;0.00012;0.00116;0.00000;0.00255;0.00337;0.00248;0.00067;0.00123;0.00182;0.00038;0.00117;0.00112;0.00064;0.00640;0.00007;0.00130;0.00004;0.00055;0.00137;0.00026;0.00078;0.00027;0.00165;0.00124;0.00288;0.00104;0.00014;0.00005;0.00000;0.00005;0.00255;0.00185;0.00102;0.00009;0.00569;0.00083;0.00163;0.00173;0.00045;0.00000;0.00195;0.00105;0.00001;0.00000;0.00054;0.00036;0.00004;0.01216;0.00172;0.01123;0.00025;0.00029;0.00252;0.00087;0.02370;0.00351;0.00405;0.00128;0.00219;0.00513;0.00174;0.00325;0.00281;0.00000;0.00118;0.00419;0.00003;0.00024;0.00078;0.01998;0.01231;0.00354;0.00029;0.00052;0.00074;0.00027;0.00009;0.00000;0.00007;0.00023;0.00038;0.00101;0.00042;0.00012;0.00204;0.00328;0.00081;0.00000;0.00035;0.00020;0.00063;0.00354;0.00168;0.00023;0.00046;0.00418;0.00009;0.00006;0.00033;0.00001;0.00020;0.00128;0.00021;0.00105;0.00015;0.00029;0.00119;0.00016;0.00143;0.00001;0.00234;0.00003;0.00005;0.00002;0.00001;0.00000;0.00010;0.00004;0.00001;0.00016;0.00046;0.00003;0.00006;0.00006;0.00004;0.00018;0.00014;0.00021;0.00024;0.00015;0.00714;0.01232;0.00026;0.00668;0.00533;0.00144;0.00333;0.00037;0.00251;0.00115;0.00586;0.03386;0.00013;0.00000;0.00000;0.00000;0.00365;0.00522;0.00000;0.00008;0.00048;0.00111;0.00155;0.00068;0.00027;0.00082;0.00007;0.00027;0.00046;0.00041;0.00066;0.00806;0.00003;0.01465;0.00009;0.00007;0.00034;0.00027;0.00043;0.00146;0.00040;0.00040;0.00078;0.00032;0.00000;0.00004;0.00307;0.00100;0.00039;0.00585;0.03101;0.00021;0.00316;0.00359;0.00261;0.00020;0.00031;0.01154;0.00037;0.00227;0.00023;0.00104;0.00042;0.00029;0.00045;0.00315;0.00046;0.00119;0.00432;0.00000;0.00083;0.00065;0.00016;0.00003;0.00042;0.00002;0.00022;0.00000;0.00012;0.00003;0.00003;0.00005;0.01288;0.00000;0.00000;0.00000;0.00000;0.00560;0.00001;0.00002;0.00003;0.00012;0.00004;0.00004;0.00002;0.00001;0.00000;0.00003;0.00001;0.00000;0.00999;0.00000;0.00015;0.00007;0.00052;0.00047;0.00006;0.00214;0.00000;0.00003;0.00001;0.00306;0.00021;0.00000;0.00017;0.00015;0.00001;0.00010;0.00000;0.00033;0.00003;0.00122;0.00139;0.02890;0.00004;0.00001;0.00001;0.00001;0.00001;0.01939;0.00000;0.00010;0.00037;0.00005;0.00016;0.00614;0.00019;0.00005;0.00094;0.00040;0.00027;0.00014;0.00008;0.00000;0.00004
2020-04-24 00:00;0.00041;0.00058;0.00000;0.00012;0.00000;0.00000;0.00000;0.00002;0.00000;0.00000;0.00003;0.00021;0.00112;0.00000;0.00000;0.00000;0.00059;0.00003;0.00001;0.00000;0.00000;0.00000;0.00001;0.00000;0.00000;0.00012;0.00000;0.00000;0.00000;0.00000;0.00001;0.00000;0.00007;0.00000;0.00000;0.00000;0.00000;0.00002;0.00000;0.00000;0.00001;0.00001;0.00001;0.00001;0.00001;0.00000;0.00000;0.00000;0.00001;0.00000;0.00000;0.00000;0.00000;0.00000;0.00000;0.00001;0.00000;0.00000;0.00000;0.00000;0.00001;0.00000;0.00002;0.00002;0.00001;0.00000;0.00015;0.00008;0.00000;0.00024;0.00002;0.00009;0.00000;0.00000;0.00003;0.00000;0.00001;0.00000;0.00000;0.00000;0.00000;0.00000;0.00000;0.00002;0.00000;0.00000;0.00003;0.00010;0.00000;0.00000;0.00000;0.00001;0.00006;0.00008;0.00000;0.00000;0.00005;0.00000;0.00001;0.00025;0.03647;0.00065;0.00000;0.00000;0.00002;0.00000;0.00000;0.00191;0.00003;0.00001;0.00002;0.00001;0.00006;0.00003;0.00024;0.00010;0.00000;0.00000;0.00000;0.00001;0.00000;0.00000;0.00000;0.00002;0.00001;0.00000;0.00000;0.00000;0.00000;0.00000;0.00002;0.00004;0.00000;0.00000;0.00000;0.00000;0.00001;0.00001;0.00001;0.00000;0.00000;0.00000;0.00000;0.00006;0.00001;0.00001;0.00002;0.00003;0.00000;0.00000;0.00000;0.00003;0.00006;0.00001;0.00001;0.00003;0.00000;0.00105;0.00000;0.00000;0.00001;0.00000;0.00022;0.00140;0.00021;0.00002;0.00003;0.00000;0.00000;0.00050;0.00015;0.00000;0.00027;0.00009;0.00000;0.00063;0.00000;0.00015;0.00067;0.00010;0.00057;0.00037;0.00000;0.00067;0.00032;0.00003;0.00000;0.00003;0.00009;0.00064;0.00076;0.00025;0.00012;0.00063;0.00000;0.00000;0.00016;0.00039;0.00000;0.00000;0.00000;0.00000;0.00242;0.00000;0.00000;0.00003;0.00262;0.00005;0.00014;0.00002;0.00020;0.00003;0.00004;0.00035;0.00007;0.00113;0.00093;0.00033;0.00004;0.00261;0.00001;0.00021;0.00000;0.00048;0.00073;0.00044;0.00009;0.00018;0.00043;0.00005;0.00025;0.00020;0.00012;0.00206;0.00001;0.00023;0.00000;0.00015;0.00018;0.00003;0.00007;0.00005;0.00045;0.00009;0.00042;0.00006;0.00002;0.00000;0.00000;0.00001;0.00040;0.00054;0.00017;0.00000;0.00151;0.00005;0.00031;0.00024;0.00005;0.00000;0.00059;0.00018;0.00000;0.00000;0.00011;0.00004;0.00000;0.00398;0.00029;0.00466;0.00002;0.00002;0.00025;0.00014;0.00557;0.00078;0.00048;0.00041;0.00000;0.00083;0.00066;0.00073;0.00043;0.00000;0.00000;0.00068;0.00000;0.00004;0.00014;0.00916;0.00219;0.00165;0.00003;0.00005;0.00021;0.00004;0.00001;0.00000;0.00001;0.00002;0.00007;0.00022;0.00008;0.00002;0.00064;0.00104;0.00011;0.00000;0.00006;0.00003;0.00017;0.00118;0.00034;0.00002;0.00004;0.00060;0.00002;0.00000;0.00003;0.00000;0.00003;0.00042;0.00003;0.00024;0.00002;0.00005;0.00035;0.00002;0.00021;0.00000;0.00059;0.00000;0.00001;0.00000;0.00000;0.00000;0.00002;0.00000;0.00000;0.00002;0.00012;0.00000;0.00000;0.00001;0.00000;0.00002;0.00002;0.00004;0.00002;0.00002;0.00161;0.00217;0.00007;0.00108;0.00067;0.00101;0.00040;0.00006;0.00031;0.00015;0.00101;0.02857;0.00001;0.00000;0.00000;0.00000;0.00082;0.00146;0.00000;0.00001;0.00005;0.00025;0.00023;0.00051;0.00004;0.00018;0.00001;0.00004;0.00011;0.00007;0.00014;0.00711;0.00000;0.00449;0.00001;0.00001;0.00004;0.00004;0.00006;0.00016;0.00008;0.00008;0.00025;0.00005;0.00000;0.00001;0.00050;0.00019;0.00007;0.00168;0.00521;0.00003;0.00046;0.00081;0.00062;0.00007;0.00006;0.00369;0.00006;0.00044;0.00006;0.00020;0.00006;0.00005;0.00011;0.00140;0.00009;0.00020;0.00177;0.00000;0.00022;0.00015;0.00003;0.00000;0.00009;0.00000;0.00005;0.00000;0.00001;0.00000;0.00000;0.00001;0.00100;0.00000;0.00000;0.00000;0.00000;0.00162;0.00000;0.00000;0.00000;0.00002;0.00000;0.00001;0.00000;0.00000;0.00000;0.00000;0.00000;0.00000;0.00086;0.00000;0.00003;0.00001;0.00008;0.00011;0.00001;0.00042;0.00000;0.00000;0.00000;0.00080;0.00005;0.00000;0.00002;0.00004;0.00000;0.00001;0.00000;0.00008;0.00000;0.00026;0.00032;0.00243;0.00001;0.00000;0.00000;0.00000;0.00000;0.00643;0.00000;0.00001;0.00008;0.00000;0.00001;0.00168;0.00002;0.00000;0.00019;0.00010;0.00005;0.00005;0.00001;0.00000;0.00000
2020-04-25 00:00;0.00000;0.00000;0.00000;0.00000;0.00000;0.00000;0.00000;0.00000;0.00000;0.00000;0.00000;0.00000;0.00000;0.00000;0.00000;0.00000;0.00000;0.00000;0.00000;0.00000;0.00000;0.00000;0.00000;0.00000;0.00000;0.00000;0.00000;0.00000;0.00000;0.00000;0.00000;0.00000;0.00000;0.00000;0.00000;0.00000;0.00000;0.00000;0.00000;0.00000;0.00000;0.00000;0.00000;0.00000;0.00000;0.00000;0.00000;0.00000;0.00000;0.00000;0.00000;0.00000;0.00000;0.00000;0.00000;0.00000;0.00000;0.00000;0.00000;0.00000;0.00000;0.00000;0.00000;0.00000;0.00000;0.00000;0.00000;0.00000;0.00000;0.00000;0.00000;0.00000;0.00000;0.00000;0.00000;0.00000;0.00000;0.00000;0.00000;0.00000;0.00000;0.00000;0.00000;0.00000;0.00000;0.00000;0.00000;0.00000;0.00000;0.00000;0.00000;0.00000;0.00000;0.00000;0.00000;0.00000;0.00000;0.00000;0.00000;0.00000;0.00120;0.00006;0.00000;0.00000;0.00000;0.00000;0.00000;0.00020;0.00000;0.00000;0.00000;0.00000;0.00000;0.00000;0.00000;0.00000;0.00000;0.00000;0.00000;0.00000;0.00000;0.00000;0.00000;0.00000;0.00000;0.00000;0.00000;0.00000;0.00000;0.00000;0.00000;0.00000;0.00000;0.00000;0.00000;0.00000;0.00000;0.00000;0.00000;0.00000;0.00000;0.00000;0.00000;0.00000;0.00000;0.00000;0.00000;0.00000;0.00000;0.00000;0.00000;0.00000;0.00000;0.00000;0.00000;0.00000;0.00000;0.00009;0.00000;0.00000;0.00000;0.00000;0.00002;0.00013;0.00000;0.00000;0.00000;0.00000;0.00000;0.00000;0.00000;0.00000;0.00000;0.00000;0.00000;0.00000;0.00000;0.00000;0.00000;0.00000;0.00000;0.00000;0.00000;0.00000;0.00000;0.00000;0.00000;0.00000;0.00000;0.00000;0.00000;0.00000;0.00000;0.00000;0.00000;0.00000;0.00000;0.00000;0.00000;0.00000;0.00000;0.00000;0.00023;0.00000;0.00000;0.00000;0.00000;0.00000;0.00000;0.00000;0.00000;0.00000;0.00000;0.00000;0.00000;0.00000;0.00000;0.00000;0.00000;0.00025;0.00000;0.00000;0.00000;0.00000;0.00000;0.00000;0.00000;0.00000;0.00000;0.00000;0.00000;0.00000;0.00000;0.00000;0.00000;0.00000;0.00000;0.00000;0.00000;0.00000;0.00000;0.00000;0.00000;0.00000;0.00000;0.00000;0.00000;0.00000;0.00000;0.00000;0.00000;0.00000;0.00000;0.00000;0.00000;0.00000;0.00000;0.00000;0.00000;0.00000;0.00000;0.00000;0.00000;0.00000;0.00000;0.00000;0.00000;0.00000;0.00000;0.00000;0.00000;0.00000;0.00000;0.00000;0.00000;0.00000;0.00000;0.00000;0.00000;0.00000;0.00000;0.00000;0.00000;0.00000;0.00000;0.00000;0.00000;0.00000;0.00000;0.00104;0.00000;0.00000;0.00000;0.00000;0.00000;0.00000;0.00000;0.00000;0.00000;0.00000;0.00000;0.00000;0.00000;0.00000;0.00000;0.00000;0.00000;0.00000;0.00000;0.00000;0.00000;0.00000;0.00000;0.00000;0.00000;0.00000;0.00000;0.00000;0.00000;0.00000;0.00000;0.00000;0.00000;0.00000;0.00000;0.00000;0.00000;0.00000;0.00000;0.00000;0.00000;0.00000;0.00000;0.00000;0.00000;0.00000;0.00000;0.00000;0.00000;0.00000;0.00000;0.00000;0.00000;0.00000;0.00000;0.00000;0.00000;0.00000;0.00000;0.00000;0.00000;0.00000;0.00000;0.00000;0.00000;0.00082;0.00000;0.00000;0.00000;0.00000;0.00000;0.01619;0.00000;0.00000;0.00000;0.00000;0.00000;0.00000;0.00000;0.00000;0.00000;0.00000;0.00000;0.00040;0.00000;0.00000;0.00000;0.00000;0.00000;0.00000;0.00000;0.00571;0.00000;0.00000;0.00000;0.00000;0.00000;0.00000;0.00000;0.00000;0.00000;0.00000;0.00000;0.00000;0.00000;0.00000;0.00000;0.00000;0.00000;0.00000;0.00000;0.00000;0.00000;0.00000;0.00000;0.00000;0.00000;0.00000;0.00000;0.00000;0.00000;0.00000;0.00000;0.00000;0.00000;0.00000;0.00000;0.00000;0.00000;0.00000;0.00000;0.00000;0.00000;0.00000;0.00000;0.00000;0.00000;0.00000;0.00000;0.00000;0.00000;0.00000;0.00008;0.00000;0.00000;0.00000;0.00000;0.00013;0.00000;0.00000;0.00000;0.00000;0.00000;0.00000;0.00000;0.00000;0.00000;0.00000;0.00000;0.00000;0.00009;0.00000;0.00000;0.00000;0.00000;0.00000;0.00000;0.00000;0.00000;0.00000;0.00000;0.00000;0.00000;0.00000;0.00000;0.00000;0.00000;0.00000;0.00000;0.00000;0.00000;0.00000;0.00000;0.00026;0.00000;0.00000;0.00000;0.00000;0.00000;0.00058;0.00000;0.00000;0.00000;0.00000;0.00000;0.00000;0.00000;0.00000;0.00000;0.00000;0.00000;0.00000;0.00000;0.00000;0.00000
2020-04-26 00:00;0.00000;0.00000;0.00000;0.00000;0.00000;0.00000;0.00000;0.00000;0.00000;0.00000;0.00000;0.00000;0.00000;0.00000;0.00000;0.00000;0.00000;0.00000;0.00000;0.00000;0.00000;0.00000;0.00000;0.00000;0.00000;0.00000;0.00000;0.00000;0.00000;0.00000;0.00000;0.00000;0.00000;0.00000;0.00000;0.00000;0.00000;0.00000;0.00000;0.00000;0.00000;0.00000;0.00000;0.00000;0.00000;0.00000;0.00000;0.00000;0.00000;0.00000;0.00000;0.00000;0.00000;0.00000;0.00000;0.00000;0.00000;0.00000;0.00000;0.00000;0.00000;0.00000;0.00000;0.00000;0.00000;0.00000;0.00000;0.00000;0.00000;0.00000;0.00000;0.00000;0.00000;0.00000;0.00000;0.00000;0.00000;0.00000;0.00000;0.00000;0.00000;0.00000;0.00000;0.00000;0.00000;0.00000;0.00000;0.00000;0.00000;0.00000;0.00000;0.00000;0.00000;0.00000;0.00000;0.00000;0.00000;0.00000;0.00000;0.00000;0.00026;0.00000;0.00000;0.00000;0.00000;0.00000;0.00000;0.00000;0.00000;0.00000;0.00000;0.00000;0.00000;0.00000;0.00000;0.00000;0.00000;0.00000;0.00000;0.00000;0.00000;0.00000;0.00000;0.00000;0.00000;0.00000;0.00000;0.00000;0.00000;0.00000;0.00000;0.00000;0.00000;0.00000;0.00000;0.00000;0.00000;0.00000;0.00000;0.00000;0.00000;0.00000;0.00000;0.00000;0.00000;0.00000;0.00000;0.00000;0.00000;0.00000;0.00000;0.00000;0.00000;0.00000;0.00000;0.00000;0.00000;0.00000;0.00000;0.00000;0.00000;0.00000;0.00000;0.00000;0.00000;0.00000;0.00000;0.00000;0.00000;0.00000;0.00000;0.00000;0.00000;0.00000;0.00000;0.00000;0.00000;0.00000;0.00000;0.00000;0.00000;0.00000;0.00000;0.00000;0.00000;0.00000;0.00000;0.00000;0.00000;0.00000;0.00000;0.00000;0.00000;0.00000;0.00000;0.00000;0.00000;0.00000;0.00000;0.00000;0.00000;0.00000;0.00000;0.00000;0.00000;0.00000;0.00000;0.00000;0.00000;0.00000;0.00000;0.00000;0.00000;0.00000;0.00000;0.00000;0.00000;0.00000;0.00000;0.00000;0.00000;0.00000;0.00000;0.00000;0.00000;0.00000;0.00000;0.00000;0.00000;0.00000;0.00000;0.00000;0.00000;0.00000;0.00000;0.00000;0.00000;0.00000;0.00000;0.00000;0.00000;0.00000;0.00000;0.00000;0.00000;0.00000;0.00000;0.00000;0.00000;0.00000;0.00000;0.00000;0.00000;0.00000;0.00000;0.00000;0.00000;0.00000;0.00000;0.00000;0.00000;0.00000;0.00000;0.00000;0.00000;0.00000;0.00000;0.00000;0.00000;0.00000;0.00000;0.00000;0.00000;0.00000;0.00000;0.00000;0.00000;0.00000;0.00000;0.00000;0.00000;0.00000;0.00000;0.00000;0.00000;0.00000;0.00000;0.00000;0.00000;0.00000;0.00000;0.00000;0.00000;0.00000;0.00000;0.00000;0.00000;0.00000;0.00000;0.00000;0.00000;0.00000;0.00000;0.00000;0.00000;0.00000;0.00000;0.00000;0.00000;0.00000;0.00000;0.00000;0.00000;0.00000;0.00000;0.00000;0.00000;0.00000;0.00000;0.00000;0.00000;0.00000;0.00000;0.00000;0.00000;0.00000;0.00000;0.00000;0.00000;0.00000;0.00000;0.00000;0.00000;0.00000;0.00000;0.00000;0.00000;0.00000;0.00000;0.00000;0.00000;0.00000;0.00000;0.00000;0.00000;0.00000;0.00000;0.00000;0.00000;0.00000;0.00000;0.00000;0.00000;0.00000;0.00000;0.00027;0.00000;0.00000;0.00000;0.00000;0.00000;0.00059;0.00000;0.00000;0.00000;0.00000;0.00000;0.00000;0.00000;0.00000;0.00000;0.00000;0.00000;0.00006;0.00000;0.00000;0.00000;0.00000;0.00000;0.00000;0.00000;0.00235;0.00000;0.00000;0.00000;0.00000;0.00000;0.00000;0.00000;0.00000;0.00000;0.00000;0.00000;0.00000;0.00000;0.00000;0.00000;0.00000;0.00000;0.00000;0.00000;0.00000;0.00000;0.00000;0.00000;0.00000;0.00000;0.00000;0.00000;0.00000;0.00000;0.00000;0.00000;0.00000;0.00000;0.00000;0.00000;0.00000;0.00000;0.00000;0.00000;0.00000;0.00000;0.00000;0.00000;0.00000;0.00000;0.00000;0.00000;0.00000;0.00000;0.00000;0.00000;0.00000;0.00000;0.00000;0.00000;0.00000;0.00000;0.00000;0.00000;0.00000;0.00000;0.00000;0.00000;0.00000;0.00000;0.00000;0.00000;0.00000;0.00000;0.00000;0.00000;0.00000;0.00000;0.00000;0.00000;0.00000;0.00000;0.00000;0.00000;0.00000;0.00000;0.00000;0.00000;0.00000;0.00000;0.00000;0.00000;0.00000;0.00000;0.00000;0.00000;0.00000;0.00000;0.00000;0.00000;0.00000;0.00000;0.00000;0.00000;0.00000;0.00000;0.00000;0.00000;0.00000;0.00000;0.00000;0.00000;0.00000;0.00000;0.00000;0.00000;0.00000;0.00000
2020-04-27 00:00;0.00000;0.00000;0.00000;0.00000;0.00000;0.00000;0.00000;0.00000;0.00000;0.00000;0.00000;0.00000;0.00000;0.00000;0.00000;0.00000;0.00000;0.00000;0.00000;0.00000;0.00000;0.00000;0.00000;0.00000;0.00000;0.00000;0.00000;0.00000;0.00000;0.00000;0.00000;0.00000;0.00000;0.00000;0.00000;0.00000;0.00000;0.00000;0.00000;0.00000;0.00000;0.00000;0.00000;0.00000;0.00000;0.00000;0.00000;0.00000;0.00000;0.00000;0.00000;0.00000;0.00000;0.00000;0.00000;0.00000;0.00000;0.00000;0.00000;0.00000;0.00000;0.00000;0.00000;0.00000;0.00000;0.00000;0.00000;0.00000;0.00000;0.00000;0.00000;0.00000;0.00000;0.00000;0.00000;0.00000;0.00000;0.00000;0.00000;0.00000;0.00000;0.00000;0.00000;0.00000;0.00000;0.00000;0.00000;0.00000;0.00000;0.00000;0.00000;0.00000;0.00000;0.00000;0.00000;0.00000;0.00000;0.00000;0.00000;0.00000;0.00000;0.00000;0.00000;0.00000;0.00000;0.00000;0.00000;0.00000;0.00000;0.00000;0.00000;0.00000;0.00000;0.00000;0.00000;0.00000;0.00000;0.00000;0.00000;0.00000;0.00000;0.00000;0.00000;0.00000;0.00000;0.00000;0.00000;0.00000;0.00000;0.00000;0.00000;0.00000;0.00000;0.00000;0.00000;0.00000;0.00000;0.00000;0.00000;0.00000;0.00000;0.00000;0.00000;0.00000;0.00000;0.00000;0.00000;0.00000;0.00000;0.00000;0.00000;0.00000;0.00000;0.00000;0.00000;0.00000;0.00000;0.00000;0.00000;0.00000;0.00000;0.00000;0.00000;0.00000;0.00000;0.00000;0.00000;0.00000;0.00000;0.00000;0.00000;0.00000;0.00000;0.00000;0.00000;0.00000;0.00000;0.00000;0.00000;0.00000;0.00000;0.00000;0.00000;0.00000;0.00000;0.00000;0.00000;0.00000;0.00000;0.00000;0.00000;0.00000;0.00000;0.00000;0.00000;0.00000;0.00000;0.00000;0.00000;0.00000;0.00000;0.00000;0.00000;0.00000;0.00000;0.00000;0.00000;0.00000;0.00000;0.00000;0.00000;0.00000;0.00000;0.00000;0.00000;0.00000;0.00000;0.00000;0.00000;0.00000;0.00000;0.00000;0.00000;0.00000;0.00000;0.00000;0.00000;0.00000;0.00000;0.00000;0.00000;0.00000;0.00000;0.00000;0.00000;0.00000;0.00000;0.00000;0.00000;0.00000;0.00000;0.00000;0.00000;0.00000;0.00000;0.00000;0.00000;0.00000;0.00000;0.00000;0.00000;0.00000;0.00000;0.00000;0.00000;0.00000;0.00000;0.00000;0.00000;0.00000;0.00000;0.00000;0.00000;0.00000;0.00000;0.00000;0.00000;0.00000;0.00000;0.00000;0.00000;0.00000;0.00000;0.00000;0.00000;0.00000;0.00000;0.00000;0.00000;0.00000;0.00000;0.00000;0.00000;0.00000;0.00000;0.00000;0.00000;0.00000;0.00000;0.00000;0.00000;0.00000;0.00000;0.00000;0.00000;0.00000;0.00000;0.00000;0.00000;0.00000;0.00000;0.00000;0.00000;0.00000;0.00000;0.00000;0.00000;0.00000;0.00000;0.00000;0.00000;0.00000;0.00000;0.00000;0.00000;0.00000;0.00000;0.00000;0.00000;0.00000;0.00000;0.00000;0.00000;0.00000;0.00000;0.00000;0.00000;0.00000;0.00000;0.00000;0.00000;0.00000;0.00000;0.00000;0.00000;0.00000;0.00000;0.00000;0.00000;0.00000;0.00000;0.00000;0.00000;0.00000;0.00000;0.00000;0.00000;0.00000;0.00000;0.00000;0.00000;0.00000;0.00000;0.00000;0.00000;0.00021;0.00000;0.00000;0.00000;0.00000;0.00000;0.01147;0.00000;0.00000;0.00000;0.00000;0.00000;0.00000;0.00000;0.00000;0.00000;0.00000;0.00000;0.00004;0.00000;0.00000;0.00000;0.00000;0.00000;0.00000;0.00000;0.00238;0.00000;0.00000;0.00000;0.00000;0.00000;0.00000;0.00000;0.00000;0.00000;0.00000;0.00000;0.00000;0.00000;0.00000;0.00000;0.00000;0.00000;0.00000;0.00000;0.00000;0.00000;0.00000;0.00000;0.00000;0.00000;0.00000;0.00000;0.00000;0.00000;0.00000;0.00000;0.00000;0.00000;0.00000;0.00000;0.00000;0.00000;0.00000;0.00000;0.00000;0.00000;0.00000;0.00000;0.00000;0.00000;0.00000;0.00000;0.00000;0.00000;0.00000;0.00000;0.00000;0.00000;0.00000;0.00000;0.00000;0.00000;0.00000;0.00000;0.00000;0.00000;0.00000;0.00000;0.00000;0.00000;0.00000;0.00000;0.00000;0.00000;0.00000;0.00000;0.00000;0.00000;0.00000;0.00000;0.00000;0.00000;0.00000;0.00000;0.00000;0.00000;0.00000;0.00000;0.00000;0.00000;0.00000;0.00000;0.00000;0.00000;0.00000;0.00000;0.00000;0.00000;0.00000;0.00000;0.00000;0.00000;0.00000;0.00000;0.00000;0.00000;0.00000;0.00000;0.00000;0.00000;0.00000;0.00000;0.00000;0.00000;0.00000;0.00000;0.00000;0.00000
2020-04-28 00:00;0.00000;0.00000;0.00000;0.00000;0.00000;0.00000;0.00000;0.00000;0.00000;0.00000;0.00000;0.00000;0.00000;0.00000;0.00000;0.00000;0.00000;0.00000;0.00000;0.00000;0.00000;0.00000;0.00000;0.00000;0.00000;0.00000;0.00000;0.00000;0.00000;0.00000;0.00000;0.00000;0.00000;0.00000;0.00000;0.00000;0.00000;0.00000;0.00000;0.00000;0.00000;0.00000;0.00000;0.00000;0.00000;0.00000;0.00000;0.00000;0.00000;0.00000;0.00000;0.00000;0.00000;0.00000;0.00000;0.00000;0.00000;0.00000;0.00000;0.00000;0.00000;0.00000;0.00000;0.00000;0.00000;0.00000;0.00000;0.00000;0.00000;0.00000;0.00000;0.00000;0.00000;0.00000;0.00000;0.00000;0.00000;0.00000;0.00000;0.00000;0.00000;0.00000;0.00000;0.00000;0.00000;0.00000;0.00000;0.00000;0.00000;0.00000;0.00000;0.00000;0.00000;0.00000;0.00000;0.00000;0.00000;0.00000;0.00000;0.00000;0.00000;0.00000;0.00000;0.00000;0.00000;0.00000;0.00000;0.00000;0.00000;0.00000;0.00000;0.00000;0.00000;0.00000;0.00000;0.00000;0.00000;0.00000;0.00000;0.00000;0.00000;0.00000;0.00000;0.00000;0.00000;0.00000;0.00000;0.00000;0.00000;0.00000;0.00000;0.00000;0.00000;0.00000;0.00000;0.00000;0.00000;0.00000;0.00000;0.00000;0.00000;0.00000;0.00000;0.00000;0.00000;0.00000;0.00000;0.00000;0.00000;0.00000;0.00000;0.00000;0.00000;0.00000;0.00000;0.00000;0.00000;0.00000;0.00000;0.00000;0.00000;0.00000;0.00000;0.00000;0.00000;0.00000;0.00000;0.00000;0.00000;0.00000;0.00000;0.00000;0.00000;0.00000;0.00000;0.00000;0.00000;0.00000;0.00000;0.00000;0.00000;0.00000;0.00000;0.00000;0.00000;0.00000;0.00000;0.00000;0.00000;0.00000;0.00000;0.00000;0.00000;0.00000;0.00000;0.00000;0.00000;0.00000;0.00000;0.00000;0.00000;0.00000;0.00000;0.00000;0.00000;0.00000;0.00000;0.00000;0.00000;0.00000;0.00000;0.00000;0.00000;0.00000;0.00000;0.00000;0.00000;0.00000;0.00000;0.00000;0.00000;0.00000;0.00000;0.00000;0.00000;0.00000;0.00000;0.00000;0.00000;0.00000;0.00000;0.00000;0.00000;0.00000;0.00000;0.00000;0.00000;0.00000;0.00000;0.00000;0.00000;0.00000;0.00000;0.00000;0.00000;0.00000;0.00000;0.00000;0.00000;0.00000;0.00000;0.00000;0.00000;0.00000;0.00000;0.00000;0.00000;0.00000;0.00000;0.00000;0.00000;0.00000;0.00000;0.00000;0.00000;0.00000;0.00000;0.00000;0.00000;0.00000;0.00000;0.00000;0.00000;0.00000;0.00000;0.00000;0.00000;0.00000;0.00000;0.00000;0.00000;0.00000;0.00000;0.00000;0.00000;0.00000;0.00000;0.00000;0.00000;0.00000;0.00000;0.00000;0.00000;0.00000;0.00000;0.00000;0.00000;0.00000;0.00000;0.00000;0.00000;0.00000;0.00000;0.00000;0.00000;0.00000;0.00000;0.00000;0.00000;0.00000;0.00000;0.00000;0.00000;0.00000;0.00000;0.00000;0.00000;0.00000;0.00000;0.00000;0.00000;0.00000;0.00000;0.00000;0.00000;0.00000;0.00000;0.00000;0.00000;0.00000;0.00000;0.00000;0.00000;0.00000;0.00000;0.00000;0.00000;0.00000;0.00000;0.00000;0.00000;0.00000;0.00000;0.00000;0.00000;0.00000;0.00000;0.00000;0.00000;0.00000;0.00000;0.00000;0.00000;0.00000;0.00000;0.00022;0.00000;0.00000;0.00000;0.00000;0.00000;0.00049;0.00000;0.00000;0.00000;0.00000;0.00000;0.00000;0.00000;0.00000;0.00000;0.00000;0.00000;0.00005;0.00000;0.00000;0.00000;0.00000;0.00000;0.00000;0.00000;0.00213;0.00000;0.00000;0.00000;0.00000;0.00000;0.00000;0.00000;0.00000;0.00000;0.00000;0.00000;0.00000;0.00000;0.00000;0.00000;0.00000;0.00000;0.00000;0.00000;0.00000;0.00000;0.00000;0.00000;0.00000;0.00000;0.00000;0.00000;0.00000;0.00000;0.00000;0.00000;0.00000;0.00000;0.00000;0.00000;0.00000;0.00000;0.00000;0.00000;0.00000;0.00000;0.00000;0.00000;0.00000;0.00000;0.00000;0.00000;0.00000;0.00000;0.00000;0.00000;0.00000;0.00000;0.00000;0.00000;0.00000;0.00000;0.00000;0.00000;0.00000;0.00000;0.00000;0.00000;0.00000;0.00000;0.00000;0.00000;0.00000;0.00000;0.00000;0.00000;0.00000;0.00000;0.00000;0.00000;0.00000;0.00000;0.00000;0.00000;0.00000;0.00000;0.00000;0.00000;0.00000;0.00000;0.00000;0.00000;0.00000;0.00000;0.00000;0.00000;0.00000;0.00000;0.00000;0.00000;0.00000;0.00000;0.00000;0.00000;0.00000;0.00000;0.00000;0.00000;0.00000;0.00000;0.00000;0.00000;0.00000;0.00000;0.00000;0.00000;0.00000;0.00000
2020-04-29 00:00;0.00000;0.00000;0.00000;0.00000;0.00000;0.00000;0.00000;0.00000;0.00000;0.00000;0.00000;0.00000;0.00000;0.00000;0.00000;0.00000;0.00000;0.00000;0.00000;0.00000;0.00000;0.00000;0.00000;0.00000;0.00000;0.00000;0.00000;0.00000;0.00000;0.00000;0.00000;0.00000;0.00000;0.00000;0.00000;0.00000;0.00000;0.00000;0.00000;0.00000;0.00000;0.00000;0.00000;0.00000;0.00000;0.00000;0.00000;0.00000;0.00000;0.00000;0.00000;0.00000;0.00000;0.00000;0.00000;0.00000;0.00000;0.00000;0.00000;0.00000;0.00000;0.00000;0.00000;0.00000;0.00000;0.00000;0.00000;0.00000;0.00000;0.00000;0.00000;0.00000;0.00000;0.00000;0.00000;0.00000;0.00000;0.00000;0.00000;0.00000;0.00000;0.00000;0.00000;0.00000;0.00000;0.00000;0.00000;0.00000;0.00000;0.00000;0.00000;0.00000;0.00000;0.00000;0.00000;0.00000;0.00000;0.00000;0.00000;0.00000;0.00000;0.00000;0.00000;0.00000;0.00000;0.00000;0.00000;0.00000;0.00000;0.00000;0.00000;0.00000;0.00000;0.00000;0.00000;0.00000;0.00000;0.00000;0.00000;0.00000;0.00000;0.00000;0.00000;0.00000;0.00000;0.00000;0.00000;0.00000;0.00000;0.00000;0.00000;0.00000;0.00000;0.00000;0.00000;0.00000;0.00000;0.00000;0.00000;0.00000;0.00000;0.00000;0.00000;0.00000;0.00000;0.00000;0.00000;0.00000;0.00000;0.00000;0.00000;0.00000;0.00000;0.00000;0.00000;0.00000;0.00000;0.00000;0.00000;0.00000;0.00000;0.00000;0.00000;0.00000;0.00000;0.00000;0.00000;0.00000;0.00000;0.00000;0.00000;0.00000;0.00000;0.00000;0.00000;0.00000;0.00000;0.00000;0.00000;0.00000;0.00000;0.00000;0.00000;0.00000;0.00000;0.00000;0.00000;0.00000;0.00000;0.00000;0.00000;0.00000;0.00000;0.00000;0.00000;0.00000;0.00000;0.00000;0.00000;0.00000;0.00000;0.00000;0.00000;0.00000;0.00000;0.00000;0.00000;0.00000;0.00000;0.00000;0.00000;0.00000;0.00000;0.00000;0.00000;0.00000;0.00000;0.00000;0.00000;0.00000;0.00000;0.00000;0.00000;0.00000;0.00000;0.00000;0.00000;0.00000;0.00000;0.00000;0.00000;0.00000;0.00000;0.00000;0.00000;0.00000;0.00000;0.00000;0.00000;0.00000;0.00000;0.00000;0.00000;0.00000;0.00000;0.00000;0.00000;0.00000;0.00000;0.00000;0.00000;0.00000;0.00000;0.00000;0.00000;0.00000;0.00000;0.00000;0.00000;0.00000;0.00000;0.00000;0.00000;0.00000;0.00000;0.00000;0.00000;0.00000;0.00000;0.00000;0.00000;0.00000;0.00000;0.00000;0.00000;0.00000;0.00000;0.00000;0.00000;0.00000;0.00000;0.00000;0.00000;0.00000;0.00000;0.00000;0.00000;0.00000;0.00000;0.00000;0.00000;0.00000;0.00000;0.00000;0.00000;0.00000;0.00000;0.00000;0.00000;0.00000;0.00000;0.00000;0.00000;0.00000;0.00000;0.00000;0.00000;0.00000;0.00000;0.00000;0.00000;0.00000;0.00000;0.00000;0.00000;0.00000;0.00000;0.00000;0.00000;0.00000;0.00000;0.00000;0.00000;0.00000;0.00000;0.00000;0.00000;0.00000;0.00000;0.00000;0.00000;0.00000;0.00000;0.00000;0.00000;0.00000;0.00000;0.00000;0.00000;0.00000;0.00000;0.00000;0.00000;0.00000;0.00000;0.00000;0.00000;0.00000;0.00000;0.00000;0.00000;0.00000;0.00000;0.00000;0.00000;0.00020;0.00000;0.00000;0.00000;0.00000;0.00000;0.00710;0.00000;0.00000;0.00000;0.00000;0.00000;0.00000;0.00000;0.00000;0.00000;0.00000;0.00000;0.00004;0.00000;0.00000;0.00000;0.00000;0.00000;0.00000;0.00000;0.00203;0.00000;0.00000;0.00000;0.00000;0.00000;0.00000;0.00000;0.00000;0.00000;0.00000;0.00000;0.00000;0.00000;0.00000;0.00000;0.00000;0.00000;0.00000;0.00000;0.00000;0.00000;0.00000;0.00000;0.00000;0.00000;0.00000;0.00000;0.00000;0.00000;0.00000;0.00000;0.00000;0.00000;0.00000;0.00000;0.00000;0.00000;0.00000;0.00000;0.00000;0.00000;0.00000;0.00000;0.00000;0.00000;0.00000;0.00000;0.00000;0.00000;0.00000;0.00000;0.00000;0.00000;0.00000;0.00000;0.00000;0.00000;0.00000;0.00000;0.00000;0.00000;0.00000;0.00000;0.00000;0.00000;0.00000;0.00000;0.00000;0.00000;0.00000;0.00000;0.00000;0.00000;0.00000;0.00000;0.00000;0.00000;0.00000;0.00000;0.00000;0.00000;0.00000;0.00000;0.00000;0.00000;0.00000;0.00000;0.00000;0.00000;0.00000;0.00000;0.00000;0.00000;0.00000;0.00000;0.00000;0.00000;0.00000;0.00000;0.00000;0.00000;0.00000;0.00000;0.00000;0.00000;0.00000;0.00000;0.00000;0.00000;0.00000;0.00000;0.00000;0.00000
2020-04-30 00:00;0.00967;0.00697;0.00000;0.00144;0.00013;0.00003;0.00001;0.00049;0.00002;0.00002;0.00032;0.00426;0.00770;0.00003;0.00001;0.00001;0.00497;0.00107;0.00024;0.00002;0.00000;0.00005;0.00023;0.00000;0.00001;0.00066;0.00006;0.00023;0.00001;0.00003;0.00000;0.00004;0.00077;0.00001;0.00002;0.00000;0.00000;0.00029;0.00019;0.00002;0.00009;0.00000;0.00032;0.00038;0.00051;0.00019;0.00001;0.00002;0.00008;0.00012;0.00017;0.00002;0.00002;0.00005;0.00003;0.00000;0.00000;0.00006;0.00000;0.00013;0.00034;0.00000;0.00060;0.00011;0.00023;0.00008;0.00263;0.00247;0.00001;0.00152;0.00060;0.00216;0.00012;0.00004;0.00019;0.00002;0.00036;0.00000;0.00001;0.00000;0.00014;0.00004;0.00001;0.00014;0.00000;0.00001;0.00042;0.00173;0.00000;0.00011;0.00000;0.00029;0.00071;0.00105;0.00000;0.00012;0.00058;0.00017;0.00009;0.00221;0.01089;0.00195;0.00019;0.00018;0.00060;0.00002;0.00006;0.00630;0.00056;0.00060;0.00050;0.00057;0.00138;0.00130;0.00432;0.00368;0.00010;0.00005;0.00016;0.00025;0.00003;0.00007;0.00003;0.00042;0.00025;0.00008;0.00001;0.00005;0.00005;0.00014;0.00045;0.00066;0.00001;0.00001;0.00004;0.00012;0.00015;0.00022;0.00035;0.00015;0.00009;0.00002;0.00009;0.00073;0.00025;0.00068;0.00038;0.00079;0.00002;0.00012;0.00052;0.00084;0.00118;0.00041;0.00043;0.00048;0.00005;0.00429;0.00014;0.00003;0.00022;0.00004;0.00120;0.00537;0.00293;0.00040;0.00044;0.00003;0.00003;0.00346;0.00117;0.00000;0.00219;0.00000;0.00004;0.00232;0.00000;0.00069;0.00460;0.00037;0.00017;0.00113;0.00000;0.00348;0.00216;0.00035;0.00003;0.00039;0.00030;0.00286;0.00249;0.00130;0.00044;0.00112;0.00000;0.00000;0.00073;0.00060;0.00006;0.00006;0.00000;0.00006;0.00177;0.00001;0.00005;0.00030;0.00713;0.00016;0.00013;0.00000;0.00000;0.00000;0.00000;0.00034;0.00008;0.00242;0.00137;0.00062;0.00005;0.00391;0.00011;0.00006;0.00000;0.00205;0.00096;0.00153;0.00046;0.00070;0.00001;0.00012;0.00052;0.00055;0.00012;0.00424;0.00000;0.00010;0.00000;0.00010;0.00008;0.00007;0.00000;0.00001;0.00048;0.00003;0.00046;0.00003;0.00008;0.00004;0.00000;0.00003;0.00062;0.00013;0.00005;0.00000;0.00019;0.00000;0.00079;0.00007;0.00006;0.00000;0.00000;0.00000;0.00000;0.00000;0.00005;0.00000;0.00000;0.00024;0.00000;0.00007;0.00000;0.00013;0.00000;0.00036;0.00224;0.00094;0.00059;0.00071;0.00006;0.00048;0.00034;0.00017;0.00000;0.00000;0.00010;0.00000;0.00000;0.00000;0.00004;0.00148;0.00125;0.00088;0.00009;0.00010;0.00000;0.00017;0.00004;0.00000;0.00000;0.00000;0.00020;0.00000;0.00020;0.00000;0.00028;0.00093;0.00038;0.00000;0.00015;0.00001;0.00028;0.00071;0.00077;0.00010;0.00015;0.00075;0.00000;0.00000;0.00002;0.00000;0.00000;0.00000;0.00008;0.00040;0.00000;0.00000;0.00001;0.00000;0.00115;0.00000;0.00232;0.00001;0.00000;0.00000;0.00000;0.00000;0.00000;0.00000;0.00000;0.00003;0.00000;0.00000;0.00002;0.00001;0.00003;0.00009;0.00007;0.00007;0.00016;0.00014;0.00468;0.00757;0.00000;0.00460;0.00403;0.00124;0.00250;0.00030;0.00188;0.00010;0.00349;0.00039;0.00000;0.00000;0.00000;0.00000;0.00336;0.00000;0.00000;0.00000;0.00007;0.00044;0.00000;0.00036;0.00000;0.00050;0.00000;0.00010;0.00035;0.00014;0.00012;0.01773;0.00000;0.00599;0.00000;0.00000;0.00021;0.00011;0.00009;0.00001;0.00010;0.00000;0.00023;0.00014;0.00000;0.00000;0.00132;0.00019;0.00017;0.00079;0.00142;0.00000;0.00245;0.00157;0.00173;0.00000;0.00000;0.00972;0.00040;0.00217;0.00000;0.00102;0.00040;0.00012;0.00024;0.00214;0.00011;0.00062;0.00237;0.00000;0.00043;0.00049;0.00012;0.00004;0.00040;0.00009;0.00033;0.00001;0.00032;0.00009;0.00009;0.00010;0.00326;0.00019;0.00019;0.00001;0.00001;0.00308;0.00004;0.00009;0.00005;0.00032;0.00009;0.00009;0.00013;0.00007;0.00000;0.00012;0.00004;0.00000;0.00244;0.00007;0.00085;0.00026;0.00119;0.00088;0.00014;0.00516;0.00000;0.00011;0.00004;0.00476;0.00062;0.00001;0.00036;0.00053;0.00004;0.00025;0.00000;0.00056;0.00008;0.00232;0.00222;0.00473;0.00001;0.00002;0.00003;0.00000;0.00002;0.01992;0.00001;0.00026;0.00048;0.00011;0.00043;0.00868;0.00051;0.00013;0.00177;0.00094;0.00043;0.00018;0.00018;0.00000;0.00009
2020-05-01 00:00;0.02311;0.01483;0.00001;0.00363;0.00027;0.00007;0.00003;0.00163;0.00003;0.00003;0.00114;0.01678;0.02878;0.00007;0.00002;0.00002;0.01982;0.00458;0.00099;0.00006;0.00000;0.00022;0.00098;0.00000;0.00003;0.00289;0.00025;0.00098;0.00003;0.00013;0.00000;0.00016;0.00340;0.00003;0.00006;0.00000;0.00003;0.00120;0.00088;0.00009;0.00038;0.00000;0.00129;0.00174;0.00204;0.00089;0.00003;0.00007;0.00035;0.00048;0.00073;0.00007;0.00007;0.00019;0.00010;0.00000;0.00000;0.00027;0.00000;0.00054;0.00141;0.00000;0.00237;0.00047;0.00092;0.00034;0.01068;0.01017;0.00003;0.00596;0.00239;0.00889;0.00049;0.00014;0.00082;0.00010;0.00152;0.00000;0.00003;0.00000;0.00058;0.00023;0.00003;0.00058;0.00000;0.00006;0.00172;0.00734;0.00000;0.00046;0.00000;0.00129;0.00296;0.00469;0.00000;0.00057;0.00240;0.00098;0.00039;0.00458;0.04001;0.00597;0.00094;0.00062;0.00246;0.00010;0.00022;0.02523;0.00200;0.00252;0.00186;0.00233;0.00607;0.00532;0.02242;0.01817;0.00050;0.00021;0.00060;0.00114;0.00006;0.00027;0.00001;0.00180;0.00118;0.00009;0.00003;0.00002;0.00019;0.00064;0.00181;0.00271;0.00003;0.00004;0.00001;0.00035;0.00039;0.00088;0.00152;0.00064;0.00039;0.00003;0.00035;0.00254;0.00093;0.00298;0.00129;0.00334;0.00003;0.00017;0.00028;0.00328;0.00471;0.00161;0.00191;0.00195;0.00008;0.01190;0.00058;0.00018;0.00088;0.00011;0.00331;0.01307;0.01108;0.00123;0.00213;0.00013;0.00005;0.01000;0.00535;0.00000;0.00861;0.00000;0.00001;0.00747;0.00000;0.00270;0.01184;0.00126;0.00147;0.00880;0.00000;0.02680;0.01919;0.00311;0.00083;0.00343;0.00223;0.01606;0.01895;0.01308;0.00380;0.00987;0.00000;0.00002;0.00752;0.00801;0.00054;0.00182;0.00000;0.00049;0.01335;0.00021;0.00171;0.00241;0.06902;0.00189;0.00200;0.00000;0.00000;0.00000;0.00000;0.00380;0.00087;0.03439;0.01121;0.00629;0.00043;0.03160;0.00194;0.00063;0.00000;0.02480;0.01201;0.01819;0.00584;0.01015;0.00050;0.00178;0.00620;0.00661;0.00175;0.02642;0.00000;0.00124;0.00004;0.00125;0.00080;0.00104;0.00021;0.00020;0.00428;0.00072;0.00680;0.00392;0.00109;0.00057;0.00001;0.00040;0.00591;0.00192;0.00114;0.00004;0.00408;0.00022;0.00440;0.00173;0.00104;0.00026;0.00074;0.00036;0.00000;0.00000;0.00093;0.00010;0.00000;0.00424;0.00072;0.00439;0.00000;0.00186;0.00119;0.00316;0.02472;0.01250;0.01118;0.04811;0.02170;0.03202;0.00502;0.00429;0.00104;0.00253;0.01314;0.00879;0.00014;0.00006;0.00330;0.02775;0.00927;0.00900;0.00142;0.00181;0.00000;0.00105;0.00054;0.00009;0.00004;0.00025;0.00210;0.00049;0.00179;0.00000;0.00294;0.00812;0.00572;0.00000;0.00177;0.00028;0.00270;0.00863;0.00952;0.00148;0.00262;0.00734;0.00000;0.00009;0.00034;0.00000;0.00000;0.00000;0.00121;0.00461;0.00011;0.00000;0.00048;0.00000;0.01106;0.00000;0.01026;0.00013;0.00000;0.00000;0.00000;0.00000;0.00000;0.00000;0.00000;0.00095;0.00000;0.00018;0.00033;0.00013;0.00041;0.00128;0.00136;0.00094;0.00216;0.00110;0.04222;0.11124;0.00000;0.05808;0.05520;0.04630;0.03135;0.00201;0.02789;0.00142;0.05158;0.01513;0.00005;0.00000;0.00000;0.00000;0.01848;0.00947;0.00000;0.00000;0.00131;0.00655;0.00128;0.01181;0.00012;0.00300;0.00000;0.00145;0.00259;0.00202;0.00184;0.66538;0.00001;0.03900;0.00000;0.00000;0.00106;0.00150;0.00138;0.00116;0.00135;0.00006;0.00205;0.00207;0.00006;0.00000;0.01977;0.00305;0.00250;0.00695;0.01396;0.00000;0.03205;0.01607;0.01305;0.00000;0.00005;0.05752;0.00345;0.01486;0.00000;0.00814;0.00313;0.00109;0.00158;0.01596;0.00097;0.00475;0.01232;0.00000;0.00366;0.00320;0.00098;0.00042;0.00227;0.00016;0.00152;0.00000;0.00132;0.00035;0.00035;0.00044;0.01566;0.00005;0.00008;0.00000;0.00000;0.02138;0.00006;0.00024;0.00022;0.00117;0.00038;0.00036;0.00017;0.00011;0.00000;0.00031;0.00008;0.00000;0.01039;0.00003;0.00102;0.00072;0.00468;0.00328;0.00056;0.02619;0.00000;0.00035;0.00016;0.02190;0.00194;0.00000;0.00184;0.00146;0.00016;0.00146;0.00000;0.00237;0.00031;0.00973;0.01109;0.02525;0.00006;0.00010;0.00013;0.00000;0.00007;0.08199;0.00003;0.00103;0.00221;0.00044;0.00170;0.01534;0.00204;0.00052;0.00754;0.00317;0.00183;0.00085;0.00075;0.00000;0.00038
2020-05-02 00:00;0.00419;0.00319;0.00000;0.00097;0.00000;0.00000;0.00000;0.00030;0.00000;0.00000;0.00032;0.00273;0.01203;0.00000;0.00000;0.00000;0.00598;0.00054;0.00014;0.00000;0.00000;0.00002;0.00011;0.00000;0.00000;0.00114;0.00002;0.00007;0.00000;0.00001;0.00000;0.00001;0.00095;0.00000;0.00001;0.00000;0.00000;0.00022;0.00005;0.00001;0.00009;0.00000;0.00010;0.00016;0.00016;0.00006;0.00000;0.00000;0.00014;0.00004;0.00006;0.00000;0.00000;0.00002;0.00000;0.00000;0.00000;0.00006;0.00000;0.00004;0.00010;0.00000;0.00018;0.00020;0.00010;0.00002;0.00172;0.00109;0.00000;0.00252;0.00020;0.00116;0.00003;0.00000;0.00032;0.00001;0.00010;0.00000;0.00000;0.00000;0.00005;0.00002;0.00000;0.00019;0.00000;0.00000;0.00040;0.00140;0.00000;0.00003;0.00000;0.00011;0.00070;0.00121;0.00000;0.00005;0.00060;0.00011;0.00011;0.00113;0.03997;0.00320;0.00007;0.00004;0.00030;0.00001;0.00002;0.01883;0.00032;0.00016;0.00023;0.00024;0.00081;0.00048;0.00365;0.00164;0.00004;0.00002;0.00006;0.00015;0.00001;0.00002;0.00000;0.00020;0.00010;0.00002;0.00000;0.00000;0.00001;0.00004;0.00020;0.00071;0.00000;0.00000;0.00000;0.00004;0.00009;0.00010;0.00021;0.00004;0.00007;0.00000;0.00000;0.00072;0.00009;0.00019;0.00030;0.00049;0.00000;0.00003;0.00000;0.00042;0.00095;0.00018;0.00024;0.00036;0.00001;0.00670;0.00005;0.00000;0.00011;0.00001;0.00175;0.00748;0.00221;0.00031;0.00038;0.00002;0.00001;0.00229;0.00158;0.00000;0.00250;0.00000;0.00000;0.00296;0.00000;0.00064;0.00285;0.00042;0.00075;0.00228;0.00000;0.00757;0.00441;0.00032;0.00015;0.00032;0.00058;0.00711;0.01011;0.00401;0.00129;0.00389;0.00000;0.00000;0.00326;0.00237;0.00018;0.00042;0.00000;0.00004;0.00945;0.00003;0.00044;0.00037;0.02688;0.00028;0.00052;0.00000;0.00000;0.00000;0.00000;0.00130;0.00013;0.01484;0.00468;0.00166;0.00013;0.02358;0.00020;0.00015;0.00000;0.00611;0.00363;0.00569;0.00108;0.00188;0.00017;0.00029;0.00174;0.00155;0.00044;0.01187;0.00000;0.00060;0.00000;0.00051;0.00023;0.00012;0.00007;0.00004;0.00172;0.00019;0.00234;0.00234;0.00017;0.00005;0.00000;0.00005;0.00174;0.00090;0.00024;0.00000;0.00146;0.00005;0.00164;0.00037;0.00022;0.00005;0.00030;0.00012;0.00000;0.00000;0.00029;0.00001;0.00000;0.00215;0.00014;0.00270;0.00000;0.00016;0.00039;0.00084;0.01058;0.00347;0.00204;0.02244;0.00844;0.00990;0.00210;0.00117;0.00019;0.00067;0.00506;0.00508;0.00004;0.00001;0.00129;0.01903;0.00377;0.00465;0.00016;0.00026;0.00000;0.00024;0.00009;0.00001;0.00001;0.00008;0.00047;0.00024;0.00046;0.00000;0.00143;0.00375;0.00085;0.00000;0.00040;0.00007;0.00099;0.00462;0.00252;0.00021;0.00042;0.00369;0.00000;0.00001;0.00008;0.00000;0.00000;0.00000;0.00021;0.00178;0.00002;0.00000;0.00021;0.00000;0.00197;0.00000;0.00343;0.00002;0.00000;0.00000;0.00000;0.00000;0.00000;0.00000;0.00000;0.00020;0.00000;0.00002;0.00003;0.00002;0.00004;0.00015;0.00030;0.00019;0.00024;0.00022;0.01286;0.02487;0.00000;0.01162;0.00812;0.00128;0.00444;0.00037;0.00401;0.00032;0.01113;0.02603;0.00000;0.00000;0.00000;0.00000;0.00540;0.00404;0.00000;0.00000;0.00035;0.00194;0.00023;0.00068;0.00004;0.00086;0.00000;0.00028;0.00080;0.00047;0.00051;0.00901;0.00000;0.01877;0.00000;0.00000;0.00015;0.00030;0.00023;0.00044;0.00033;0.00002;0.00097;0.00042;0.00000;0.00000;0.00504;0.00076;0.00059;0.00254;0.00697;0.00000;0.00623;0.00509;0.00506;0.00000;0.00001;0.02961;0.00071;0.00391;0.00000;0.00234;0.00066;0.00025;0.00042;0.00972;0.00020;0.00095;0.00674;0.00000;0.00163;0.00121;0.00021;0.00004;0.00071;0.00003;0.00064;0.00000;0.00011;0.00000;0.00004;0.00007;0.01053;0.00000;0.00000;0.00000;0.00000;0.01474;0.00001;0.00004;0.00006;0.00020;0.00004;0.00006;0.00004;0.00001;0.00000;0.00006;0.00001;0.00000;0.00871;0.00000;0.00029;0.00011;0.00099;0.00141;0.00012;0.00646;0.00000;0.00003;0.00002;0.01001;0.00062;0.00000;0.00024;0.00042;0.00002;0.00025;0.00000;0.00073;0.00005;0.00267;0.00370;0.02567;0.00001;0.00001;0.00001;0.00000;0.00000;0.05604;0.00000;0.00014;0.00062;0.00005;0.00015;0.00475;0.00021;0.00004;0.00192;0.00104;0.00063;0.00052;0.00014;0.00000;0.00004
2020-05-03 00:00;0.00109;0.00145;0.00000;0.00019;0.00001;0.00000;0.00000;0.00007;0.00000;0.00000;0.00004;0.00079;0.00143;0.00000;0.00000;0.00000;0.00116;0.00018;0.00005;0.00000;0.00000;0.00001;0.00004;0.00000;0.00000;0.00009;0.00001;0.00004;0.00000;0.00001;0.00000;0.00001;0.00014;0.00000;0.00000;0.00000;0.00000;0.00006;0.00002;0.00000;0.00002;0.00000;0.00007;0.00005;0.00011;0.00002;0.00000;0.00000;0.00002;0.00003;0.00003;0.00000;0.00000;0.00001;0.00001;0.00000;0.00000;0.00001;0.00000;0.00003;0.00006;0.00000;0.00013;0.00002;0.00005;0.00001;0.00055;0.00049;0.00000;0.00033;0.00013;0.00043;0.00003;0.00001;0.00004;0.00001;0.00006;0.00000;0.00000;0.00000;0.00003;0.00000;0.00000;0.00003;0.00000;0.00000;0.00009;0.00033;0.00000;0.00002;0.00000;0.00004;0.00015;0.00018;0.00000;0.00002;0.00012;0.00000;0.00002;0.00057;0.00961;0.00088;0.00002;0.00003;0.00009;0.00001;0.00001;0.00363;0.00010;0.00009;0.00010;0.00007;0.00029;0.00021;0.00096;0.00081;0.00003;0.00001;0.00004;0.00004;0.00000;0.00002;0.00000;0.00011;0.00005;0.00000;0.00000;0.00000;0.00001;0.00002;0.00011;0.00012;0.00000;0.00000;0.00000;0.00002;0.00002;0.00005;0.00007;0.00004;0.00001;0.00000;0.00002;0.00015;0.00006;0.00016;0.00008;0.00017;0.00000;0.00001;0.00000;0.00020;0.00023;0.00010;0.00008;0.00012;0.00000;0.00169;0.00004;0.00000;0.00005;0.00001;0.00039;0.00194;0.00076;0.00007;0.00013;0.00001;0.00000;0.00159;0.00036;0.00000;0.00086;0.00000;0.00000;0.00105;0.00000;0.00026;0.00196;0.00016;0.00010;0.00063;0.00000;0.00201;0.00109;0.00020;0.00000;0.00023;0.00017;0.00157;0.00126;0.00062;0.00024;0.00055;0.00000;0.00000;0.00039;0.00027;0.00000;0.00000;0.00000;0.00003;0.00194;0.00000;0.00000;0.00019;0.00627;0.00012;0.00009;0.00000;0.00000;0.00000;0.00000;0.00028;0.00007;0.00169;0.00097;0.00049;0.00003;0.00565;0.00007;0.00005;0.00000;0.00200;0.00100;0.00163;0.00049;0.00080;0.00000;0.00014;0.00054;0.00059;0.00014;0.00371;0.00000;0.00014;0.00000;0.00012;0.00007;0.00009;0.00003;0.00002;0.00043;0.00006;0.00067;0.00039;0.00011;0.00005;0.00000;0.00004;0.00075;0.00014;0.00012;0.00002;0.00045;0.00022;0.00084;0.00025;0.00011;0.00001;0.00013;0.00008;0.00000;0.00000;0.00011;0.00001;0.00000;0.00089;0.00010;0.00076;0.00000;0.00018;0.00055;0.00037;0.00333;0.00123;0.00102;0.00215;0.00101;0.00171;0.00043;0.00046;0.00024;0.00015;0.00101;0.00077;0.00001;0.00001;0.00015;0.00703;0.00141;0.00168;0.00013;0.00018;0.00000;0.00018;0.00005;0.00000;0.00002;0.00004;0.00021;0.00014;0.00020;0.00000;0.00023;0.00068;0.00047;0.00000;0.00015;0.00000;0.00026;0.00075;0.00088;0.00018;0.00030;0.00128;0.00001;0.00002;0.00007;0.00000;0.00000;0.00000;0.00010;0.00040;0.00000;0.00000;0.00000;0.00000;0.00116;0.00000;0.00188;0.00001;0.00000;0.00000;0.00000;0.00000;0.00000;0.00000;0.00000;0.00003;0.00000;0.00000;0.00002;0.00001;0.00003;0.00011;0.00007;0.00008;0.00018;0.00011;0.00439;0.00883;0.00000;0.00520;0.00436;0.00139;0.00289;0.00023;0.00222;0.00017;0.00409;0.00959;0.00000;0.00000;0.00000;0.00000;0.00253;0.00112;0.00000;0.00000;0.00013;0.00052;0.00012;0.00059;0.00001;0.00038;0.00000;0.00012;0.00029;0.00016;0.00015;0.00927;0.00000;0.00486;0.00000;0.00000;0.00019;0.00012;0.00010;0.00004;0.00011;0.00000;0.00018;0.00016;0.00000;0.00000;0.00162;0.00023;0.00020;0.00048;0.00098;0.00000;0.00224;0.00128;0.00124;0.00000;0.00000;0.00704;0.00024;0.00129;0.00000;0.00057;0.00022;0.00007;0.00014;0.00116;0.00006;0.00036;0.00136;0.00000;0.00025;0.00027;0.00007;0.00002;0.00022;0.00001;0.00009;0.00000;0.00008;0.00002;0.00002;0.00003;0.00187;0.00000;0.00000;0.00000;0.00000;0.00269;0.00000;0.00001;0.00001;0.00007;0.00002;0.00002;0.00001;0.00001;0.00000;0.00002;0.00001;0.00000;0.00168;0.00000;0.00006;0.00004;0.00028;0.00018;0.00003;0.00104;0.00000;0.00002;0.00001;0.00117;0.00009;0.00000;0.00008;0.00007;0.00001;0.00005;0.00000;0.00012;0.00002;0.00049;0.00059;0.00458;0.00000;0.00001;0.00001;0.00000;0.00000;0.01166;0.00000;0.00005;0.00015;0.00002;0.00009;0.00346;0.00011;0.00003;0.00044;0.00020;0.00009;0.00009;0.00004;0.00000;0.00002
2020-05-04 00:00;0.00076;0.00113;0.00000;0.00014;0.00001;0.00000;0.00000;0.00004;0.00000;0.00000;0.00004;0.00035;0.00113;0.00000;0.00000;0.00000;0.00069;0.00007;0.00002;0.00000;0.00000;0.00000;0.00001;0.00000;0.00000;0.00010;0.00000;0.00001;0.00000;0.00000;0.00000;0.00000;0.00008;0.00000;0.00000;0.00000;0.00000;0.00003;0.00001;0.00000;0.00001;0.00000;0.00002;0.00002;0.00004;0.00001;0.00000;0.00000;0.00001;0.00001;0.00001;0.00000;0.00000;0.00000;0.00000;0.00000;0.00000;0.00001;0.00000;0.00001;0.00002;0.00000;0.00004;0.00002;0.00002;0.00000;0.00023;0.00018;0.00000;0.00024;0.00004;0.00017;0.00001;0.00000;0.00003;0.00000;0.00002;0.00000;0.00000;0.00000;0.00001;0.00000;0.00000;0.00002;0.00000;0.00000;0.00004;0.00015;0.00000;0.00001;0.00000;0.00001;0.00007;0.00009;0.00000;0.00001;0.00006;0.00000;0.00001;0.00031;0.00578;0.00053;0.00001;0.00001;0.00003;0.00000;0.00000;0.00147;0.00004;0.00003;0.00004;0.00002;0.00011;0.00007;0.00040;0.00027;0.00001;0.00000;0.00001;0.00002;0.00000;0.00001;0.00000;0.00004;0.00002;0.00000;0.00000;0.00000;0.00000;0.00001;0.00004;0.00007;0.00000;0.00000;0.00000;0.00001;0.00001;0.00002;0.00003;0.00001;0.00000;0.00000;0.00001;0.00008;0.00002;0.00005;0.00004;0.00007;0.00000;0.00000;0.00000;0.00008;0.00010;0.00004;0.00003;0.00005;0.00000;0.00101;0.00001;0.00000;0.00002;0.00000;0.00019;0.00118;0.00036;0.00004;0.00005;0.00000;0.00000;0.00076;0.00018;0.00000;0.00045;0.00000;0.00000;0.00072;0.00000;0.00012;0.00106;0.00009;0.00007;0.00026;0.00000;0.00088;0.00042;0.00005;0.00000;0.00005;0.00007;0.00100;0.00091;0.00029;0.00012;0.00031;0.00000;0.00000;0.00023;0.00012;0.00000;0.00000;0.00000;0.00001;0.00087;0.00000;0.00000;0.00006;0.00322;0.00003;0.00003;0.00000;0.00000;0.00000;0.00000;0.00013;0.00002;0.00093;0.00054;0.00019;0.00001;0.00278;0.00001;0.00002;0.00000;0.00069;0.00039;0.00065;0.00013;0.00021;0.00000;0.00003;0.00020;0.00018;0.00005;0.00210;0.00000;0.00008;0.00000;0.00006;0.00003;0.00002;0.00001;0.00000;0.00020;0.00002;0.00027;0.00009;0.00002;0.00001;0.00000;0.00001;0.00026;0.00007;0.00003;0.00000;0.00018;0.00006;0.00039;0.00006;0.00003;0.00000;0.00006;0.00003;0.00000;0.00000;0.00004;0.00000;0.00000;0.00052;0.00002;0.00051;0.00000;0.00003;0.00020;0.00012;0.00175;0.00042;0.00025;0.00113;0.00044;0.00062;0.00021;0.00014;0.00005;0.00005;0.00046;0.00048;0.00000;0.00000;0.00007;0.00357;0.00068;0.00102;0.00002;0.00004;0.00000;0.00006;0.00001;0.00000;0.00000;0.00001;0.00006;0.00007;0.00006;0.00000;0.00014;0.00039;0.00011;0.00000;0.00005;0.00000;0.00012;0.00047;0.00029;0.00003;0.00007;0.00072;0.00000;0.00000;0.00002;0.00000;0.00000;0.00000;0.00002;0.00019;0.00000;0.00000;0.00000;0.00000;0.00031;0.00000;0.00087;0.00000;0.00000;0.00000;0.00000;0.00000;0.00000;0.00000;0.00000;0.00001;0.00000;0.00000;0.00000;0.00000;0.00001;0.00002;0.00002;0.00002;0.00004;0.00003;0.00176;0.00269;0.00000;0.00153;0.00101;0.00101;0.00071;0.00006;0.00049;0.00005;0.00121;0.00052;0.00000;0.00000;0.00000;0.00000;0.00101;0.00055;0.00000;0.00000;0.00004;0.00020;0.00003;0.00050;0.00000;0.00015;0.00000;0.00003;0.00012;0.00005;0.00005;0.00726;0.00000;0.00282;0.00000;0.00000;0.00004;0.00003;0.00003;0.00002;0.00004;0.00000;0.00010;0.00005;0.00000;0.00000;0.00054;0.00007;0.00006;0.00025;0.00064;0.00000;0.00067;0.00055;0.00064;0.00000;0.00000;0.00483;0.00008;0.00053;0.00000;0.00025;0.00008;0.00003;0.00006;0.00095;0.00002;0.00013;0.00106;0.00000;0.00015;0.00015;0.00002;0.00000;0.00011;0.00000;0.00006;0.00000;0.00003;0.00001;0.00001;0.00001;0.00083;0.00000;0.00000;0.00000;0.00000;0.00117;0.00000;0.00001;0.00001;0.00003;0.00001;0.00001;0.00000;0.00000;0.00000;0.00001;0.00000;0.00000;0.00065;0.00000;0.00004;0.00002;0.00013;0.00013;0.00001;0.00053;0.00000;0.00001;0.00000;0.00089;0.00006;0.00000;0.00003;0.00004;0.00000;0.00002;0.00000;0.00007;0.00001;0.00027;0.00033;0.00197;0.00000;0.00000;0.00000;0.00000;0.00000;0.00594;0.00000;0.00002;0.00006;0.00001;0.00003;0.00253;0.00004;0.00001;0.00023;0.00013;0.00006;0.00004;0.00002;0.00000;0.00001
2020-05-05 00:00;0.00011;0.00019;0.00000;0.00002;0.00000;0.00000;0.00000;0.00000;0.00000;0.00000;0.00001;0.00004;0.00021;0.00000;0.00000;0.00000;0.00010;0.00001;0.00000;0.00000;0.00000;0.00000;0.00000;0.00000;0.00000;0.00003;0.00000;0.00000;0.00000;0.00000;0.00000;0.00000;0.00001;0.00000;0.00000;0.00000;0.00000;0.00000;0.00000;0.00000;0.00000;0.00000;0.00000;0.00000;0.00000;0.00000;0.00000;0.00000;0.00000;0.00000;0.00000;0.00000;0.00000;0.00000;0.00000;0.00000;0.00000;0.00000;0.00000;0.00000;0.00000;0.00000;0.00000;0.00000;0.00000;0.00000;0.00002;0.00001;0.00000;0.00004;0.00000;0.00001;0.00000;0.00000;0.00000;0.00000;0.00000;0.00000;0.00000;0.00000;0.00000;0.00000;0.00000;0.00000;0.00000;0.00000;0.00001;0.00002;0.00000;0.00000;0.00000;0.00000;0.00001;0.00001;0.00000;0.00000;0.00001;0.00000;0.00000;0.00004;0.00137;0.00014;0.00000;0.00000;0.00000;0.00000;0.00000;0.00045;0.00000;0.00000;0.00000;0.00000;0.00001;0.00000;0.00004;0.00002;0.00000;0.00000;0.00000;0.00000;0.00000;0.00000;0.00000;0.00000;0.00000;0.00000;0.00000;0.00000;0.00000;0.00000;0.00000;0.00001;0.00000;0.00000;0.00000;0.00000;0.00000;0.00000;0.00000;0.00000;0.00000;0.00000;0.00000;0.00001;0.00000;0.00000;0.00000;0.00001;0.00000;0.00000;0.00000;0.00001;0.00001;0.00000;0.00000;0.00001;0.00000;0.00028;0.00000;0.00000;0.00000;0.00000;0.00005;0.00033;0.00004;0.00000;0.00000;0.00000;0.00000;0.00009;0.00002;0.00000;0.00006;0.00000;0.00000;0.00011;0.00000;0.00001;0.00014;0.00001;0.00001;0.00002;0.00000;0.00009;0.00004;0.00000;0.00000;0.00000;0.00001;0.00012;0.00011;0.00003;0.00001;0.00003;0.00000;0.00000;0.00003;0.00001;0.00000;0.00000;0.00000;0.00000;0.00019;0.00000;0.00000;0.00000;0.00027;0.00000;0.00000;0.00000;0.00000;0.00000;0.00000;0.00001;0.00000;0.00008;0.00005;0.00001;0.00000;0.00055;0.00000;0.00000;0.00000;0.00005;0.00003;0.00004;0.00001;0.00001;0.00000;0.00000;0.00001;0.00001;0.00000;0.00014;0.00000;0.00000;0.00000;0.00000;0.00000;0.00000;0.00000;0.00000;0.00001;0.00000;0.00001;0.00001;0.00000;0.00000;0.00000;0.00000;0.00001;0.00000;0.00000;0.00000;0.00001;0.00000;0.00002;0.00000;0.00000;0.00000;0.00000;0.00000;0.00000;0.00000;0.00000;0.00000;0.00000;0.00003;0.00000;0.00002;0.00000;0.00000;0.00001;0.00001;0.00012;0.00002;0.00001;0.00006;0.00002;0.00003;0.00001;0.00000;0.00000;0.00000;0.00003;0.00002;0.00000;0.00000;0.00000;0.00049;0.00003;0.00006;0.00000;0.00000;0.00000;0.00000;0.00000;0.00000;0.00000;0.00000;0.00000;0.00000;0.00000;0.00000;0.00001;0.00003;0.00001;0.00000;0.00000;0.00000;0.00001;0.00003;0.00001;0.00000;0.00000;0.00002;0.00000;0.00000;0.00000;0.00000;0.00000;0.00000;0.00000;0.00001;0.00000;0.00000;0.00000;0.00000;0.00002;0.00000;0.00007;0.00000;0.00000;0.00000;0.00000;0.00000;0.00000;0.00000;0.00000;0.00000;0.00000;0.00000;0.00000;0.00000;0.00000;0.00000;0.00000;0.00000;0.00000;0.00000;0.00012;0.00016;0.00000;0.00010;0.00005;0.00081;0.00004;0.00000;0.00002;0.00000;0.00007;0.00944;0.00000;0.00000;0.00000;0.00000;0.00007;0.00003;0.00000;0.00000;0.00000;0.00001;0.00000;0.00039;0.00000;0.00001;0.00000;0.00000;0.00001;0.00000;0.00000;0.00602;0.00000;0.00015;0.00000;0.00000;0.00000;0.00000;0.00000;0.00000;0.00000;0.00000;0.00001;0.00000;0.00000;0.00000;0.00003;0.00000;0.00000;0.00002;0.00006;0.00000;0.00004;0.00004;0.00005;0.00000;0.00000;0.00047;0.00001;0.00005;0.00000;0.00002;0.00001;0.00000;0.00001;0.00012;0.00000;0.00001;0.00013;0.00000;0.00002;0.00002;0.00000;0.00000;0.00001;0.00000;0.00001;0.00000;0.00000;0.00000;0.00000;0.00000;0.00019;0.00000;0.00000;0.00000;0.00000;0.00026;0.00000;0.00000;0.00000;0.00000;0.00000;0.00000;0.00000;0.00000;0.00000;0.00000;0.00000;0.00000;0.00021;0.00000;0.00001;0.00000;0.00002;0.00002;0.00000;0.00007;0.00000;0.00000;0.00000;0.00015;0.00001;0.00000;0.00000;0.00001;0.00000;0.00000;0.00000;0.00001;0.00000;0.00004;0.00004;0.00054;0.00000;0.00000;0.00000;0.00000;0.00000;0.00149;0.00000;0.00000;0.00000;0.00000;0.00000;0.00046;0.00000;0.00000;0.00003;0.00002;0.00001;0.00001;0.00000;0.00000;0.00000
2020-05-06 00:00;0.00000;0.00000;0.00000;0.00000;0.00000;0.00000;0.00000;0.00000;0.00000;0.00000;0.00000;0.00000;0.00000;0.00000;0.00000;0.00000;0.00000;0.00000;0.00000;0.00000;0.00000;0.00000;0.00000;0.00000;0.00000;0.00000;0.00000;0.00000;0.00000;0.00000;0.00000;0.00000;0.00000;0.00000;0.00000;0.00000;0.00000;0.00000;0.00000;0.00000;0.00000;0.00000;0.00000;0.00000;0.00000;0.00000;0.00000;0.00000;0.00000;0.00000;0.00000;0.00000;0.00000;0.00000;0.00000;0.00000;0.00000;0.00000;0.00000;0.00000;0.00000;0.00000;0.00000;0.00000;0.00000;0.00000;0.00000;0.00000;0.00000;0.00000;0.00000;0.00000;0.00000;0.00000;0.00000;0.00000;0.00000;0.00000;0.00000;0.00000;0.00000;0.00000;0.00000;0.00000;0.00000;0.00000;0.00000;0.00000;0.00000;0.00000;0.00000;0.00000;0.00000;0.00000;0.00000;0.00000;0.00000;0.00000;0.00000;0.00000;0.00034;0.00001;0.00000;0.00000;0.00000;0.00000;0.00000;0.00004;0.00000;0.00000;0.00000;0.00000;0.00000;0.00000;0.00000;0.00000;0.00000;0.00000;0.00000;0.00000;0.00000;0.00000;0.00000;0.00000;0.00000;0.00000;0.00000;0.00000;0.00000;0.00000;0.00000;0.00000;0.00000;0.00000;0.00000;0.00000;0.00000;0.00000;0.00000;0.00000;0.00000;0.00000;0.00000;0.00000;0.00000;0.00000;0.00000;0.00000;0.00000;0.00000;0.00000;0.00000;0.00000;0.00000;0.00000;0.00000;0.00000;0.00002;0.00000;0.00000;0.00000;0.00000;0.00000;0.00003;0.00000;0.00000;0.00000;0.00000;0.00000;0.00000;0.00000;0.00000;0.00000;0.00000;0.00000;0.00000;0.00000;0.00000;0.00000;0.00000;0.00000;0.00000;0.00000;0.00000;0.00000;0.00000;0.00000;0.00000;0.00000;0.00000;0.00000;0.00000;0.00000;0.00000;0.00000;0.00000;0.00000;0.00000;0.00000;0.00000;0.00000;0.00000;0.00001;0.00000;0.00000;0.00000;0.00000;0.00000;0.00000;0.00000;0.00000;0.00000;0.00000;0.00000;0.00000;0.00000;0.00000;0.00000;0.00000;0.00003;0.00000;0.00000;0.00000;0.00000;0.00000;0.00000;0.00000;0.00000;0.00000;0.00000;0.00000;0.00000;0.00000;0.00000;0.00000;0.00000;0.00000;0.00000;0.00000;0.00000;0.00000;0.00000;0.00000;0.00000;0.00000;0.00000;0.00000;0.00000;0.00000;0.00000;0.00000;0.00000;0.00000;0.00000;0.00000;0.00000;0.00000;0.00000;0.00000;0.00000;0.00000;0.00000;0.00000;0.00000;0.00000;0.00000;0.00000;0.00000;0.00000;0.00000;0.00000;0.00000;0.00000;0.00000;0.00000;0.00000;0.00000;0.00000;0.00000;0.00000;0.00000;0.00000;0.00000;0.00000;0.00000;0.00000;0.00000;0.00000;0.00000;0.00001;0.00000;0.00000;0.00000;0.00000;0.00000;0.00000;0.00000;0.00000;0.00000;0.00000;0.00000;0.00000;0.00000;0.00000;0.00000;0.00000;0.00000;0.00000;0.00000;0.00000;0.00000;0.00000;0.00000;0.00000;0.00000;0.00000;0.00000;0.00000;0.00000;0.00000;0.00000;0.00000;0.00000;0.00000;0.00000;0.00000;0.00000;0.00000;0.00000;0.00000;0.00000;0.00000;0.00000;0.00000;0.00000;0.00000;0.00000;0.00000;0.00000;0.00000;0.00000;0.00000;0.00000;0.00000;0.00000;0.00000;0.00000;0.00000;0.00000;0.00000;0.00000;0.00000;0.00000;0.00000;0.00000;0.00028;0.00000;0.00000;0.00000;0.00000;0.00000;0.00043;0.00000;0.00000;0.00000;0.00000;0.00000;0.00000;0.00000;0.00000;0.00000;0.00000;0.00000;0.00006;0.00000;0.00000;0.00000;0.00000;0.00000;0.00000;0.00000;0.00291;0.00000;0.00000;0.00000;0.00000;0.00000;0.00000;0.00000;0.00000;0.00000;0.00000;0.00000;0.00000;0.00000;0.00000;0.00000;0.00000;0.00000;0.00000;0.00000;0.00000;0.00000;0.00000;0.00000;0.00000;0.00000;0.00000;0.00000;0.00000;0.00000;0.00000;0.00000;0.00000;0.00000;0.00000;0.00000;0.00000;0.00000;0.00000;0.00000;0.00000;0.00000;0.00000;0.00000;0.00000;0.00000;0.00000;0.00000;0.00000;0.00000;0.00000;0.00001;0.00000;0.00000;0.00000;0.00000;0.00002;0.00000;0.00000;0.00000;0.00000;0.00000;0.00000;0.00000;0.00000;0.00000;0.00000;0.00000;0.00000;0.00002;0.00000;0.00000;0.00000;0.00000;0.00000;0.00000;0.00000;0.00000;0.00000;0.00000;0.00000;0.00000;0.00000;0.00000;0.00000;0.00000;0.00000;0.00000;0.00000;0.00000;0.00000;0.00000;0.00004;0.00000;0.00000;0.00000;0.00000;0.00000;0.00011;0.00000;0.00000;0.00000;0.00000;0.00000;0.00000;0.00000;0.00000;0.00000;0.00000;0.00000;0.00000;0.00000;0.00000;0.00000
2020-05-07 00:00;0.00000;0.00000;0.00000;0.00000;0.00000;0.00000;0.00000;0.00000;0.00000;0.00000;0.00000;0.00000;0.00000;0.00000;0.00000;0.00000;0.00000;0.00000;0.00000;0.00000;0.00000;0.00000;0.00000;0.00000;0.00000;0.00000;0.00000;0.00000;0.00000;0.00000;0.00000;0.00000;0.00000;0.00000;0.00000;0.00000;0.00000;0.00000;0.00000;0.00000;0.00000;0.00000;0.00000;0.00000;0.00000;0.00000;0.00000;0.00000;0.00000;0.00000;0.00000;0.00000;0.00000;0.00000;0.00000;0.00000;0.00000;0.00000;0.00000;0.00000;0.00000;0.00000;0.00000;0.00000;0.00000;0.00000;0.00000;0.00000;0.00000;0.00000;0.00000;0.00000;0.00000;0.00000;0.00000;0.00000;0.00000;0.00000;0.00000;0.00000;0.00000;0.00000;0.00000;0.00000;0.00000;0.00000;0.00000;0.00000;0.00000;0.00000;0.00000;0.00000;0.00000;0.00000;0.00000;0.00000;0.00000;0.00000;0.00000;0.00000;0.00005;0.00000;0.00000;0.00000;0.00000;0.00000;0.00000;0.00000;0.00000;0.00000;0.00000;0.00000;0.00000;0.00000;0.00000;0.00000;0.00000;0.00000;0.00000;0.00000;0.00000;0.00000;0.00000;0.00000;0.00000;0.00000;0.00000;0.00000;0.00000;0.00000;0.00000;0.00000;0.00000;0.00000;0.00000;0.00000;0.00000;0.00000;0.00000;0.00000;0.00000;0.00000;0.00000;0.00000;0.00000;0.00000;0.00000;0.00000;0.00000;0.00000;0.00000;0.00000;0.00000;0.00000;0.00000;0.00000;0.00000;0.00000;0.00000;0.00000;0.00000;0.00000;0.00000;0.00000;0.00000;0.00000;0.00000;0.00000;0.00000;0.00000;0.00000;0.00000;0.00000;0.00000;0.00000;0.00000;0.00000;0.00000;0.00000;0.00000;0.00000;0.00000;0.00000;0.00000;0.00000;0.00000;0.00000;0.00000;0.00000;0.00000;0.00000;0.00000;0.00000;0.00000;0.00000;0.00000;0.00000;0.00000;0.00000;0.00000;0.00000;0.00000;0.00000;0.00000;0.00000;0.00001;0.00048;0.00001;0.00001;0.00000;0.00000;0.00000;0.00000;0.00003;0.00001;0.00018;0.00012;0.00006;0.00000;0.00038;0.00001;0.00001;0.00000;0.00019;0.00009;0.00014;0.00004;0.00006;0.00000;0.00001;0.00004;0.00004;0.00001;0.00058;0.00000;0.00002;0.00000;0.00001;0.00001;0.00001;0.00000;0.00000;0.00001;0.00000;0.00007;0.00000;0.00000;0.00000;0.00000;0.00000;0.00002;0.00000;0.00000;0.00000;0.00001;0.00000;0.00006;0.00001;0.00000;0.00000;0.00000;0.00000;0.00000;0.00000;0.00000;0.00000;0.00000;0.00001;0.00000;0.00000;0.00000;0.00001;0.00000;0.00001;0.00015;0.00007;0.00004;0.00005;0.00001;0.00007;0.00003;0.00001;0.00000;0.00000;0.00001;0.00000;0.00000;0.00000;0.00000;0.00007;0.00005;0.00004;0.00001;0.00001;0.00000;0.00000;0.00000;0.00000;0.00000;0.00000;0.00000;0.00000;0.00000;0.00000;0.00003;0.00006;0.00003;0.00000;0.00001;0.00000;0.00002;0.00001;0.00001;0.00000;0.00000;0.00000;0.00000;0.00000;0.00000;0.00000;0.00000;0.00000;0.00001;0.00004;0.00000;0.00000;0.00000;0.00000;0.00012;0.00000;0.00024;0.00000;0.00000;0.00000;0.00000;0.00000;0.00000;0.00000;0.00000;0.00000;0.00000;0.00000;0.00000;0.00000;0.00000;0.00001;0.00001;0.00001;0.00001;0.00001;0.00042;0.00069;0.00000;0.00048;0.00037;0.00024;0.00031;0.00002;0.00017;0.00001;0.00031;0.00658;0.00000;0.00000;0.00000;0.00000;0.00027;0.00000;0.00000;0.00000;0.00001;0.00004;0.00000;0.00005;0.00000;0.00001;0.00000;0.00001;0.00003;0.00001;0.00001;0.00211;0.00000;0.00006;0.00000;0.00000;0.00001;0.00001;0.00001;0.00000;0.00001;0.00000;0.00002;0.00001;0.00000;0.00000;0.00012;0.00002;0.00002;0.00001;0.00006;0.00000;0.00000;0.00000;0.00001;0.00000;0.00000;0.00000;0.00000;0.00000;0.00000;0.00000;0.00000;0.00000;0.00000;0.00000;0.00000;0.00000;0.00000;0.00000;0.00000;0.00000;0.00000;0.00000;0.00000;0.00000;0.00000;0.00000;0.00000;0.00000;0.00000;0.00000;0.00000;0.00000;0.00000;0.00000;0.00000;0.00000;0.00000;0.00000;0.00000;0.00000;0.00000;0.00000;0.00000;0.00000;0.00000;0.00000;0.00000;0.00000;0.00000;0.00000;0.00000;0.00000;0.00000;0.00000;0.00000;0.00000;0.00000;0.00000;0.00000;0.00000;0.00000;0.00000;0.00000;0.00000;0.00000;0.00000;0.00000;0.00000;0.00000;0.00000;0.00000;0.00000;0.00000;0.00000;0.00000;0.00000;0.00000;0.00000;0.00000;0.00000;0.00000;0.00000;0.00000;0.00000;0.00000;0.00000;0.00000;0.00000;0.00000;0.00000;0.00000;0.00000;0.00000
2020-05-08 00:00;0.01436;0.00910;0.00001;0.00200;0.00019;0.00005;0.00002;0.00067;0.00002;0.00002;0.00076;0.00553;0.00996;0.00005;0.00001;0.00001;0.00610;0.00138;0.00031;0.00002;0.00000;0.00007;0.00029;0.00000;0.00001;0.00130;0.00008;0.00030;0.00001;0.00004;0.00000;0.00005;0.00099;0.00001;0.00002;0.00000;0.00001;0.00037;0.00025;0.00003;0.00012;0.00000;0.00041;0.00050;0.00065;0.00025;0.00001;0.00002;0.00011;0.00015;0.00022;0.00002;0.00002;0.00006;0.00003;0.00000;0.00000;0.00008;0.00000;0.00017;0.00043;0.00000;0.00075;0.00014;0.00029;0.00010;0.00332;0.00314;0.00001;0.00187;0.00076;0.00274;0.00016;0.00004;0.00024;0.00003;0.00046;0.00000;0.00001;0.00000;0.00018;0.00006;0.00001;0.00017;0.00000;0.00002;0.00053;0.00220;0.00000;0.00014;0.00000;0.00037;0.00090;0.00135;0.00000;0.00016;0.00073;0.00024;0.00010;0.00168;0.00724;0.00184;0.00025;0.00020;0.00078;0.00003;0.00007;0.00603;0.00062;0.00074;0.00063;0.00066;0.00169;0.00159;0.00541;0.00466;0.00013;0.00006;0.00017;0.00030;0.00001;0.00008;0.00000;0.00053;0.00032;0.00002;0.00001;0.00000;0.00006;0.00017;0.00053;0.00072;0.00001;0.00001;0.00000;0.00010;0.00011;0.00026;0.00041;0.00019;0.00010;0.00001;0.00011;0.00070;0.00027;0.00085;0.00036;0.00093;0.00001;0.00004;0.00000;0.00095;0.00127;0.00047;0.00051;0.00056;0.00002;0.00324;0.00017;0.00004;0.00026;0.00003;0.00067;0.00295;0.00283;0.00031;0.00036;0.00001;0.00000;0.00267;0.00078;0.00000;0.00231;0.00000;0.00000;0.00285;0.00000;0.00099;0.00368;0.00042;0.00015;0.00071;0.00000;0.00295;0.00185;0.00029;0.00001;0.00033;0.00026;0.00259;0.00156;0.00101;0.00036;0.00091;0.00000;0.00000;0.00067;0.00035;0.00001;0.00000;0.00000;0.00005;0.00143;0.00000;0.00000;0.00026;0.00430;0.00011;0.00007;0.00000;0.00000;0.00000;0.00000;0.00023;0.00005;0.00120;0.00093;0.00042;0.00003;0.00281;0.00005;0.00004;0.00000;0.00109;0.00041;0.00063;0.00017;0.00025;0.00000;0.00004;0.00019;0.00017;0.00005;0.00155;0.00000;0.00003;0.00000;0.00003;0.00000;0.00002;0.00000;0.00000;0.00002;0.00001;0.00013;0.00000;0.00002;0.00001;0.00000;0.00001;0.00008;0.00002;0.00001;0.00000;0.00003;0.00000;0.00010;0.00001;0.00001;0.00000;0.00000;0.00000;0.00000;0.00000;0.00001;0.00000;0.00000;0.00001;0.00000;0.00001;0.00000;0.00002;0.00000;0.00006;0.00039;0.00014;0.00010;0.00010;0.00001;0.00012;0.00007;0.00003;0.00000;0.00000;0.00001;0.00000;0.00000;0.00000;0.00000;0.00015;0.00005;0.00010;0.00001;0.00002;0.00000;0.00004;0.00001;0.00000;0.00000;0.00000;0.00004;0.00000;0.00002;0.00000;0.00009;0.00027;0.00015;0.00000;0.00006;0.00000;0.00008;0.00018;0.00017;0.00002;0.00003;0.00015;0.00000;0.00000;0.00000;0.00000;0.00000;0.00000;0.00003;0.00016;0.00000;0.00000;0.00000;0.00000;0.00049;0.00000;0.00100;0.00000;0.00000;0.00000;0.00000;0.00000;0.00000;0.00000;0.00000;0.00002;0.00000;0.00000;0.00001;0.00000;0.00001;0.00004;0.00002;0.00002;0.00006;0.00004;0.00183;0.00300;0.00000;0.00214;0.00182;0.00033;0.00108;0.00009;0.00071;0.00004;0.00136;0.00033;0.00000;0.00000;0.00000;0.00000;0.00110;0.00062;0.00000;0.00000;0.00003;0.00017;0.00000;0.00009;0.00000;0.00007;0.00000;0.00004;0.00015;0.00005;0.00005;0.00223;0.00000;0.00008;0.00000;0.00000;0.00002;0.00004;0.00003;0.00000;0.00004;0.00000;0.00008;0.00005;0.00000;0.00000;0.00052;0.00007;0.00006;0.00063;0.00109;0.00000;0.00156;0.00097;0.00075;0.00000;0.00000;0.00566;0.00033;0.00183;0.00000;0.00079;0.00036;0.00010;0.00021;0.00180;0.00009;0.00047;0.00212;0.00000;0.00037;0.00045;0.00009;0.00003;0.00039;0.00004;0.00041;0.00000;0.00039;0.00011;0.00010;0.00013;0.00219;0.00000;0.00000;0.00000;0.00000;0.00348;0.00001;0.00007;0.00006;0.00034;0.00011;0.00010;0.00004;0.00003;0.00000;0.00009;0.00002;0.00000;0.00234;0.00001;0.00022;0.00021;0.00133;0.00086;0.00017;0.00626;0.00000;0.00011;0.00005;0.00642;0.00056;0.00000;0.00046;0.00042;0.00005;0.00032;0.00000;0.00071;0.00010;0.00293;0.00267;0.00373;0.00002;0.00003;0.00004;0.00000;0.00002;0.01060;0.00001;0.00032;0.00039;0.00014;0.00054;0.00792;0.00064;0.00017;0.00223;0.00092;0.00054;0.00023;0.00023;0.00000;0.00012
2020-05-09 00:00;0.00338;0.00306;0.00000;0.00073;0.00001;0.00000;0.00000;0.00015;0.00000;0.00000;0.00025;0.00115;0.00521;0.00000;0.00000;0.00000;0.00232;0.00021;0.00006;0.00000;0.00000;0.00001;0.00004;0.00000;0.00000;0.00062;0.00001;0.00003;0.00000;0.00001;0.00000;0.00001;0.00033;0.00000;0.00000;0.00000;0.00000;0.00009;0.00002;0.00001;0.00004;0.00000;0.00005;0.00006;0.00008;0.00002;0.00000;0.00000;0.00005;0.00002;0.00002;0.00000;0.00000;0.00001;0.00000;0.00000;0.00000;0.00002;0.00000;0.00002;0.00005;0.00000;0.00009;0.00007;0.00004;0.00001;0.00070;0.00047;0.00000;0.00099;0.00010;0.00048;0.00002;0.00000;0.00012;0.00000;0.00005;0.00000;0.00000;0.00000;0.00003;0.00000;0.00000;0.00007;0.00000;0.00000;0.00015;0.00052;0.00000;0.00001;0.00000;0.00004;0.00026;0.00041;0.00000;0.00002;0.00022;0.00003;0.00004;0.00059;0.01282;0.00133;0.00002;0.00002;0.00012;0.00000;0.00001;0.00594;0.00013;0.00007;0.00010;0.00009;0.00030;0.00020;0.00115;0.00063;0.00002;0.00001;0.00003;0.00005;0.00000;0.00001;0.00000;0.00009;0.00004;0.00001;0.00000;0.00000;0.00001;0.00002;0.00009;0.00023;0.00000;0.00000;0.00000;0.00002;0.00003;0.00004;0.00008;0.00002;0.00002;0.00000;0.00001;0.00025;0.00004;0.00010;0.00011;0.00018;0.00000;0.00001;0.00000;0.00018;0.00033;0.00008;0.00008;0.00014;0.00000;0.00260;0.00002;0.00000;0.00005;0.00000;0.00048;0.00253;0.00072;0.00010;0.00009;0.00000;0.00000;0.00076;0.00027;0.00000;0.00073;0.00000;0.00000;0.00132;0.00000;0.00027;0.00115;0.00015;0.00009;0.00027;0.00000;0.00116;0.00061;0.00006;0.00000;0.00006;0.00010;0.00153;0.00104;0.00042;0.00016;0.00047;0.00000;0.00000;0.00037;0.00014;0.00000;0.00000;0.00000;0.00001;0.00125;0.00000;0.00000;0.00006;0.00192;0.00002;0.00002;0.00000;0.00000;0.00000;0.00000;0.00008;0.00001;0.00050;0.00039;0.00011;0.00001;0.00207;0.00001;0.00001;0.00000;0.00026;0.00012;0.00019;0.00003;0.00004;0.00000;0.00001;0.00005;0.00004;0.00001;0.00082;0.00000;0.00002;0.00000;0.00001;0.00000;0.00001;0.00000;0.00000;0.00002;0.00000;0.00008;0.00000;0.00001;0.00000;0.00000;0.00000;0.00005;0.00002;0.00001;0.00000;0.00002;0.00000;0.00007;0.00001;0.00001;0.00000;0.00000;0.00000;0.00000;0.00000;0.00001;0.00000;0.00000;0.00001;0.00000;0.00001;0.00000;0.00001;0.00000;0.00004;0.00030;0.00010;0.00006;0.00008;0.00000;0.00007;0.00005;0.00002;0.00000;0.00000;0.00000;0.00000;0.00000;0.00000;0.00000;0.00011;0.00010;0.00007;0.00001;0.00001;0.00000;0.00002;0.00000;0.00000;0.00000;0.00000;0.00002;0.00000;0.00002;0.00000;0.00004;0.00012;0.00002;0.00000;0.00001;0.00000;0.00003;0.00013;0.00009;0.00001;0.00002;0.00013;0.00000;0.00000;0.00000;0.00000;0.00000;0.00000;0.00000;0.00006;0.00000;0.00000;0.00000;0.00000;0.00008;0.00000;0.00033;0.00000;0.00000;0.00000;0.00000;0.00000;0.00000;0.00000;0.00000;0.00000;0.00000;0.00000;0.00000;0.00000;0.00000;0.00000;0.00001;0.00000;0.00001;0.00001;0.00053;0.00065;0.00000;0.00042;0.00026;0.00019;0.00015;0.00002;0.00010;0.00001;0.00029;0.00659;0.00000;0.00000;0.00000;0.00000;0.00031;0.00026;0.00000;0.00000;0.00001;0.00005;0.00000;0.00004;0.00000;0.00002;0.00000;0.00001;0.00004;0.00001;0.00001;0.00198;0.00000;0.00023;0.00000;0.00000;0.00000;0.00001;0.00001;0.00000;0.00001;0.00000;0.00003;0.00001;0.00000;0.00000;0.00013;0.00002;0.00001;0.00029;0.00062;0.00000;0.00053;0.00046;0.00040;0.00000;0.00000;0.00408;0.00010;0.00070;0.00000;0.00031;0.00012;0.00003;0.00008;0.00138;0.00003;0.00014;0.00156;0.00000;0.00021;0.00023;0.00003;0.00001;0.00017;0.00001;0.00022;0.00000;0.00005;0.00001;0.00002;0.00003;0.00187;0.00000;0.00000;0.00000;0.00000;0.00287;0.00000;0.00002;0.00002;0.00008;0.00002;0.00002;0.00001;0.00001;0.00000;0.00002;0.00000;0.00000;0.00264;0.00000;0.00012;0.00004;0.00037;0.00047;0.00005;0.00189;0.00000;0.00002;0.00001;0.00360;0.00022;0.00000;0.00008;0.00016;0.00001;0.00007;0.00000;0.00027;0.00002;0.00099;0.00108;0.00510;0.00000;0.00000;0.00001;0.00000;0.00000;0.00984;0.00000;0.00006;0.00018;0.00002;0.00007;0.00436;0.00009;0.00002;0.00072;0.00038;0.00023;0.00018;0.00006;0.00000;0.00002
2020-05-10 00:00;0.00065;0.00108;0.00000;0.00013;0.00001;0.00000;0.00000;0.00003;0.00000;0.00000;0.00004;0.00025;0.00064;0.00000;0.00000;0.00000;0.00042;0.00005;0.00001;0.00000;0.00000;0.00000;0.00001;0.00000;0.00000;0.00004;0.00000;0.00001;0.00000;0.00000;0.00000;0.00000;0.00005;0.00000;0.00000;0.00000;0.00000;0.00002;0.00001;0.00000;0.00001;0.00000;0.00002;0.00001;0.00003;0.00001;0.00000;0.00000;0.00001;0.00001;0.00001;0.00000;0.00000;0.00000;0.00000;0.00000;0.00000;0.00000;0.00000;0.00001;0.00002;0.00000;0.00003;0.00001;0.00001;0.00000;0.00016;0.00014;0.00000;0.00012;0.00003;0.00012;0.00001;0.00000;0.00001;0.00000;0.00002;0.00000;0.00000;0.00000;0.00001;0.00000;0.00000;0.00001;0.00000;0.00000;0.00003;0.00010;0.00000;0.00001;0.00000;0.00001;0.00005;0.00006;0.00000;0.00000;0.00004;0.00000;0.00001;0.00013;0.00342;0.00033;0.00000;0.00001;0.00002;0.00000;0.00000;0.00134;0.00003;0.00002;0.00003;0.00002;0.00008;0.00006;0.00028;0.00022;0.00001;0.00000;0.00001;0.00001;0.00000;0.00000;0.00000;0.00003;0.00001;0.00000;0.00000;0.00000;0.00000;0.00001;0.00003;0.00004;0.00000;0.00000;0.00000;0.00001;0.00001;0.00001;0.00002;0.00001;0.00000;0.00000;0.00001;0.00005;0.00002;0.00004;0.00002;0.00005;0.00000;0.00000;0.00000;0.00006;0.00007;0.00003;0.00002;0.00004;0.00000;0.00069;0.00001;0.00000;0.00002;0.00000;0.00011;0.00060;0.00014;0.00002;0.00003;0.00000;0.00000;0.00034;0.00007;0.00000;0.00017;0.00000;0.00000;0.00028;0.00000;0.00007;0.00048;0.00004;0.00002;0.00009;0.00000;0.00038;0.00022;0.00003;0.00000;0.00004;0.00003;0.00042;0.00020;0.00013;0.00005;0.00013;0.00000;0.00000;0.00009;0.00005;0.00000;0.00000;0.00000;0.00001;0.00037;0.00000;0.00000;0.00003;0.00124;0.00001;0.00001;0.00000;0.00000;0.00000;0.00000;0.00003;0.00001;0.00024;0.00012;0.00006;0.00000;0.00073;0.00001;0.00001;0.00000;0.00029;0.00017;0.00030;0.00008;0.00012;0.00000;0.00002;0.00008;0.00008;0.00002;0.00080;0.00000;0.00002;0.00000;0.00001;0.00000;0.00001;0.00000;0.00000;0.00002;0.00001;0.00010;0.00000;0.00001;0.00001;0.00000;0.00000;0.00007;0.00002;0.00001;0.00000;0.00003;0.00000;0.00009;0.00001;0.00001;0.00000;0.00000;0.00000;0.00000;0.00000;0.00001;0.00000;0.00000;0.00001;0.00000;0.00001;0.00000;0.00002;0.00000;0.00005;0.00040;0.00014;0.00010;0.00010;0.00000;0.00008;0.00006;0.00003;0.00000;0.00000;0.00000;0.00000;0.00000;0.00000;0.00000;0.00010;0.00006;0.00004;0.00001;0.00002;0.00000;0.00003;0.00001;0.00000;0.00000;0.00000;0.00003;0.00000;0.00002;0.00000;0.00004;0.00009;0.00007;0.00000;0.00003;0.00000;0.00003;0.00012;0.00012;0.00001;0.00002;0.00013;0.00000;0.00000;0.00000;0.00000;0.00000;0.00000;0.00001;0.00007;0.00000;0.00000;0.00000;0.00000;0.00025;0.00000;0.00046;0.00000;0.00000;0.00000;0.00000;0.00000;0.00000;0.00000;0.00000;0.00001;0.00000;0.00000;0.00000;0.00000;0.00001;0.00002;0.00001;0.00001;0.00003;0.00001;0.00082;0.00135;0.00000;0.00088;0.00063;0.00025;0.00057;0.00004;0.00034;0.00002;0.00064;0.00029;0.00000;0.00000;0.00000;0.00000;0.00044;0.00024;0.00000;0.00000;0.00001;0.00008;0.00000;0.00007;0.00000;0.00004;0.00000;0.00002;0.00007;0.00002;0.00002;0.00203;0.00000;0.00029;0.00000;0.00000;0.00000;0.00002;0.00002;0.00000;0.00002;0.00000;0.00003;0.00003;0.00000;0.00000;0.00025;0.00003;0.00003;0.00009;0.00016;0.00000;0.00049;0.00032;0.00020;0.00000;0.00000;0.00210;0.00005;0.00028;0.00000;0.00010;0.00004;0.00001;0.00003;0.00030;0.00001;0.00005;0.00040;0.00000;0.00006;0.00007;0.00001;0.00000;0.00006;0.00000;0.00003;0.00000;0.00002;0.00001;0.00001;0.00001;0.00044;0.00000;0.00000;0.00000;0.00000;0.00065;0.00000;0.00000;0.00000;0.00002;0.00001;0.00001;0.00000;0.00000;0.00000;0.00001;0.00000;0.00000;0.00061;0.00000;0.00002;0.00001;0.00009;0.00007;0.00001;0.00033;0.00000;0.00001;0.00000;0.00044;0.00003;0.00000;0.00002;0.00002;0.00000;0.00002;0.00000;0.00004;0.00000;0.00016;0.00020;0.00118;0.00000;0.00000;0.00000;0.00000;0.00000;0.00293;0.00000;0.00002;0.00003;0.00001;0.00002;0.00164;0.00003;0.00001;0.00014;0.00004;0.00003;0.00003;0.00001;0.00000;0.00001
2020-05-11 00:00;0.00011;0.00021;0.00000;0.00003;0.00000;0.00000;0.00000;0.00000;0.00000;0.00000;0.00001;0.00004;0.00021;0.00000;0.00000;0.00000;0.00010;0.00001;0.00000;0.00000;0.00000;0.00000;0.00000;0.00000;0.00000;0.00001;0.00000;0.00000;0.00000;0.00000;0.00000;0.00000;0.00001;0.00000;0.00000;0.00000;0.00000;0.00000;0.00000;0.00000;0.00000;0.00000;0.00000;0.00000;0.00000;0.00000;0.00000;0.00000;0.00000;0.00000;0.00000;0.00000;0.00000;0.00000;0.00000;0.00000;0.00000;0.00000;0.00000;0.00000;0.00000;0.00000;0.00000;0.00000;0.00000;0.00000;0.00002;0.00001;0.00000;0.00004;0.00000;0.00001;0.00000;0.00000;0.00000;0.00000;0.00000;0.00000;0.00000;0.00000;0.00000;0.00000;0.00000;0.00000;0.00000;0.00000;0.00001;0.00002;0.00000;0.00000;0.00000;0.00000;0.00001;0.00001;0.00000;0.00000;0.00001;0.00000;0.00000;0.00003;0.00162;0.00009;0.00000;0.00000;0.00000;0.00000;0.00000;0.00033;0.00000;0.00000;0.00000;0.00000;0.00001;0.00000;0.00004;0.00002;0.00000;0.00000;0.00000;0.00000;0.00000;0.00000;0.00000;0.00000;0.00000;0.00000;0.00000;0.00000;0.00000;0.00000;0.00000;0.00001;0.00000;0.00000;0.00000;0.00000;0.00000;0.00000;0.00000;0.00000;0.00000;0.00000;0.00000;0.00001;0.00000;0.00000;0.00000;0.00001;0.00000;0.00000;0.00000;0.00001;0.00001;0.00000;0.00000;0.00001;0.00000;0.00020;0.00000;0.00000;0.00000;0.00000;0.00003;0.00016;0.00002;0.00000;0.00000;0.00000;0.00000;0.00008;0.00002;0.00000;0.00005;0.00000;0.00000;0.00013;0.00000;0.00002;0.00012;0.00001;0.00001;0.00002;0.00000;0.00009;0.00004;0.00000;0.00000;0.00000;0.00001;0.00014;0.00007;0.00003;0.00001;0.00004;0.00000;0.00000;0.00003;0.00001;0.00000;0.00000;0.00000;0.00000;0.00012;0.00000;0.00000;0.00000;0.00046;0.00000;0.00000;0.00000;0.00000;0.00000;0.00000;0.00001;0.00000;0.00011;0.00005;0.00002;0.00000;0.00040;0.00000;0.00000;0.00000;0.00007;0.00005;0.00010;0.00002;0.00002;0.00000;0.00000;0.00002;0.00002;0.00001;0.00034;0.00000;0.00001;0.00000;0.00001;0.00000;0.00000;0.00000;0.00000;0.00001;0.00000;0.00003;0.00000;0.00000;0.00000;0.00000;0.00000;0.00002;0.00001;0.00000;0.00000;0.00001;0.00000;0.00003;0.00000;0.00000;0.00000;0.00000;0.00000;0.00000;0.00000;0.00000;0.00000;0.00000;0.00000;0.00000;0.00000;0.00000;0.00000;0.00000;0.00001;0.00014;0.00003;0.00002;0.00004;0.00000;0.00002;0.00002;0.00001;0.00000;0.00000;0.00000;0.00000;0.00000;0.00000;0.00000;0.00005;0.00001;0.00001;0.00000;0.00000;0.00000;0.00001;0.00000;0.00000;0.00000;0.00000;0.00001;0.00000;0.00000;0.00000;0.00002;0.00004;0.00001;0.00000;0.00001;0.00000;0.00001;0.00006;0.00003;0.00000;0.00000;0.00005;0.00000;0.00000;0.00000;0.00000;0.00000;0.00000;0.00000;0.00003;0.00000;0.00000;0.00000;0.00000;0.00004;0.00000;0.00017;0.00000;0.00000;0.00000;0.00000;0.00000;0.00000;0.00000;0.00000;0.00000;0.00000;0.00000;0.00000;0.00000;0.00000;0.00000;0.00000;0.00000;0.00000;0.00000;0.00026;0.00031;0.00000;0.00018;0.00009;0.00018;0.00008;0.00001;0.00005;0.00000;0.00014;0.00577;0.00000;0.00000;0.00000;0.00000;0.00014;0.00010;0.00000;0.00000;0.00000;0.00002;0.00000;0.00004;0.00000;0.00001;0.00000;0.00000;0.00002;0.00001;0.00001;0.00179;0.00000;0.00010;0.00000;0.00000;0.00000;0.00000;0.00000;0.00000;0.00000;0.00000;0.00001;0.00001;0.00000;0.00000;0.00006;0.00001;0.00001;0.00003;0.00007;0.00000;0.00009;0.00009;0.00007;0.00000;0.00000;0.00092;0.00001;0.00006;0.00000;0.00002;0.00001;0.00000;0.00001;0.00012;0.00000;0.00001;0.00015;0.00000;0.00002;0.00002;0.00000;0.00000;0.00001;0.00000;0.00001;0.00000;0.00000;0.00000;0.00000;0.00000;0.00013;0.00000;0.00000;0.00000;0.00000;0.00018;0.00000;0.00000;0.00000;0.00000;0.00000;0.00000;0.00000;0.00000;0.00000;0.00000;0.00000;0.00000;0.00015;0.00000;0.00001;0.00000;0.00002;0.00002;0.00000;0.00007;0.00000;0.00000;0.00000;0.00015;0.00001;0.00000;0.00000;0.00001;0.00000;0.00000;0.00000;0.00001;0.00000;0.00004;0.00006;0.00035;0.00000;0.00000;0.00000;0.00000;0.00000;0.00100;0.00000;0.00000;0.00000;0.00000;0.00000;0.00047;0.00000;0.00000;0.00003;0.00001;0.00001;0.00001;0.00000;0.00000;0.00000
2020-05-12 00:00;0.00109;0.00153;0.00000;0.00020;0.00001;0.00000;0.00000;0.00004;0.00000;0.00000;0.00006;0.00024;0.00056;0.00000;0.00000;0.00000;0.00032;0.00005;0.00001;0.00000;0.00000;0.00000;0.00001;0.00000;0.00000;0.00002;0.00000;0.00001;0.00000;0.00000;0.00000;0.00000;0.00004;0.00000;0.00000;0.00000;0.00000;0.00002;0.00001;0.00000;0.00000;0.00000;0.00002;0.00001;0.00003;0.00001;0.00000;0.00000;0.00000;0.00001;0.00001;0.00000;0.00000;0.00000;0.00000;0.00000;0.00000;0.00000;0.00000;0.00001;0.00002;0.00000;0.00003;0.00001;0.00001;0.00000;0.00014;0.00012;0.00000;0.00008;0.00003;0.00011;0.00001;0.00000;0.00001;0.00000;0.00002;0.00000;0.00000;0.00000;0.00001;0.00000;0.00000;0.00001;0.00000;0.00000;0.00002;0.00008;0.00000;0.00000;0.00000;0.00001;0.00004;0.00005;0.00000;0.00000;0.00003;0.00000;0.00000;0.00007;0.00036;0.00011;0.00000;0.00001;0.00002;0.00000;0.00000;0.00015;0.00003;0.00002;0.00002;0.00002;0.00007;0.00005;0.00017;0.00010;0.00000;0.00000;0.00000;0.00000;0.00000;0.00000;0.00000;0.00000;0.00000;0.00000;0.00000;0.00000;0.00000;0.00000;0.00000;0.00000;0.00000;0.00000;0.00000;0.00000;0.00000;0.00000;0.00000;0.00000;0.00000;0.00000;0.00000;0.00000;0.00000;0.00000;0.00000;0.00000;0.00000;0.00000;0.00000;0.00000;0.00000;0.00000;0.00000;0.00000;0.00000;0.00002;0.00000;0.00000;0.00000;0.00000;0.00000;0.00002;0.00000;0.00000;0.00000;0.00000;0.00000;0.00000;0.00000;0.00000;0.00000;0.00000;0.00000;0.00000;0.00000;0.00000;0.00000;0.00000;0.00000;0.00000;0.00000;0.00000;0.00000;0.00000;0.00000;0.00000;0.00000;0.00000;0.00000;0.00000;0.00000;0.00000;0.00000;0.00000;0.00000;0.00000;0.00000;0.00000;0.00000;0.00000;0.00001;0.00000;0.00000;0.00000;0.00000;0.00000;0.00000;0.00000;0.00000;0.00000;0.00000;0.00000;0.00000;0.00000;0.00000;0.00000;0.00000;0.00005;0.00000;0.00000;0.00000;0.00000;0.00000;0.00000;0.00000;0.00000;0.00000;0.00000;0.00000;0.00000;0.00000;0.00000;0.00000;0.00000;0.00000;0.00000;0.00000;0.00000;0.00000;0.00000;0.00000;0.00000;0.00000;0.00000;0.00000;0.00000;0.00000;0.00000;0.00000;0.00000;0.00000;0.00000;0.00000;0.00000;0.00000;0.00000;0.00000;0.00000;0.00000;0.00000;0.00000;0.00000;0.00000;0.00000;0.00000;0.00000;0.00000;0.00000;0.00000;0.00000;0.00000;0.00000;0.00000;0.00000;0.00000;0.00000;0.00000;0.00000;0.00000;0.00000;0.00000;0.00000;0.00000;0.00000;0.00000;0.00000;0.00000;0.00001;0.00000;0.00000;0.00000;0.00000;0.00000;0.00000;0.00000;0.00000;0.00000;0.00000;0.00000;0.00000;0.00000;0.00000;0.00000;0.00000;0.00000;0.00000;0.00000;0.00000;0.00000;0.00000;0.00000;0.00000;0.00000;0.00000;0.00000;0.00000;0.00000;0.00000;0.00000;0.00000;0.00000;0.00000;0.00000;0.00000;0.00000;0.00000;0.00000;0.00000;0.00000;0.00000;0.00000;0.00000;0.00000;0.00000;0.00000;0.00000;0.00000;0.00000;0.00000;0.00000;0.00000;0.00000;0.00000;0.00000;0.00000;0.00000;0.00000;0.00000;0.00000;0.00000;0.00000;0.00000;0.00000;0.00019;0.00000;0.00000;0.00000;0.00000;0.00000;0.00027;0.00000;0.00000;0.00000;0.00000;0.00000;0.00000;0.00000;0.00000;0.00000;0.00000;0.00000;0.00005;0.00000;0.00000;0.00000;0.00000;0.00000;0.00000;0.00000;0.00178;0.00000;0.00000;0.00000;0.00000;0.00000;0.00000;0.00000;0.00000;0.00000;0.00000;0.00000;0.00000;0.00000;0.00000;0.00000;0.00000;0.00000;0.00000;0.00000;0.00000;0.00000;0.00000;0.00000;0.00000;0.00000;0.00000;0.00000;0.00000;0.00000;0.00000;0.00000;0.00000;0.00000;0.00000;0.00000;0.00000;0.00000;0.00000;0.00000;0.00000;0.00000;0.00000;0.00000;0.00000;0.00000;0.00000;0.00000;0.00000;0.00000;0.00000;0.00001;0.00000;0.00000;0.00000;0.00000;0.00002;0.00000;0.00000;0.00000;0.00000;0.00000;0.00000;0.00000;0.00000;0.00000;0.00000;0.00000;0.00000;0.00002;0.00000;0.00000;0.00000;0.00000;0.00000;0.00001;0.00025;0.00000;0.00000;0.00000;0.00009;0.00002;0.00000;0.00002;0.00002;0.00000;0.00001;0.00000;0.00003;0.00000;0.00012;0.00008;0.00007;0.00000;0.00000;0.00000;0.00000;0.00000;0.00069;0.00000;0.00001;0.00002;0.00001;0.00002;0.00110;0.00003;0.00001;0.00011;0.00003;0.00002;0.00001;0.00001;0.00000;0.00000
2020-05-13 00:00;0.00022;0.00037;0.00000;0.00006;0.00000;0.00000;0.00000;0.00001;0.00000;0.00000;0.00002;0.00004;0.00027;0.00000;0.00000;0.00000;0.00011;0.00001;0.00000;0.00000;0.00000;0.00000;0.00000;0.00000;0.00000;0.00001;0.00000;0.00000;0.00000;0.00000;0.00000;0.00000;0.00001;0.00000;0.00000;0.00000;0.00000;0.00000;0.00000;0.00000;0.00000;0.00000;0.00000;0.00000;0.00000;0.00000;0.00000;0.00000;0.00000;0.00000;0.00000;0.00000;0.00000;0.00000;0.00000;0.00000;0.00000;0.00000;0.00000;0.00000;0.00000;0.00000;0.00000;0.00000;0.00000;0.00000;0.00002;0.00001;0.00000;0.00004;0.00000;0.00001;0.00000;0.00000;0.00000;0.00000;0.00000;0.00000;0.00000;0.00000;0.00000;0.00000;0.00000;0.00000;0.00000;0.00000;0.00001;0.00002;0.00000;0.00000;0.00000;0.00000;0.00001;0.00001;0.00000;0.00000;0.00001;0.00000;0.00000;0.00002;0.00035;0.00007;0.00000;0.00000;0.00000;0.00000;0.00000;0.00010;0.00000;0.00000;0.00000;0.00000;0.00001;0.00000;0.00003;0.00001;0.00000;0.00000;0.00000;0.00000;0.00000;0.00000;0.00000;0.00000;0.00000;0.00000;0.00000;0.00000;0.00000;0.00000;0.00000;0.00000;0.00000;0.00000;0.00000;0.00000;0.00000;0.00000;0.00000;0.00000;0.00000;0.00000;0.00000;0.00000;0.00000;0.00000;0.00000;0.00000;0.00000;0.00000;0.00000;0.00000;0.00000;0.00000;0.00000;0.00000;0.00000;0.00000;0.00000;0.00000;0.00000;0.00000;0.00000;0.00000;0.00000;0.00000;0.00000;0.00000;0.00000;0.00000;0.00000;0.00000;0.00000;0.00000;0.00000;0.00000;0.00000;0.00000;0.00000;0.00000;0.00000;0.00000;0.00000;0.00000;0.00000;0.00000;0.00000;0.00000;0.00000;0.00000;0.00000;0.00000;0.00000;0.00000;0.00000;0.00000;0.00000;0.00000;0.00000;0.00000;0.00000;0.00000;0.00000;0.00000;0.00000;0.00000;0.00000;0.00000;0.00000;0.00000;0.00000;0.00000;0.00000;0.00000;0.00000;0.00000;0.00000;0.00000;0.00000;0.00000;0.00000;0.00000;0.00000;0.00000;0.00000;0.00000;0.00000;0.00000;0.00000;0.00000;0.00000;0.00000;0.00000;0.00000;0.00000;0.00000;0.00000;0.00000;0.00000;0.00000;0.00000;0.00000;0.00000;0.00000;0.00000;0.00000;0.00000;0.00000;0.00000;0.00000;0.00000;0.00000;0.00000;0.00000;0.00000;0.00000;0.00000;0.00000;0.00000;0.00000;0.00000;0.00000;0.00000;0.00000;0.00000;0.00000;0.00000;0.00000;0.00000;0.00000;0.00000;0.00000;0.00000;0.00000;0.00000;0.00000;0.00000;0.00000;0.00000;0.00000;0.00000;0.00000;0.00000;0.00000;0.00000;0.00000;0.00000;0.00000;0.00000;0.00000;0.00000;0.00000;0.00000;0.00000;0.00000;0.00000;0.00000;0.00000;0.00000;0.00000;0.00000;0.00000;0.00000;0.00000;0.00000;0.00000;0.00000;0.00000;0.00000;0.00000;0.00000;0.00000;0.00000;0.00000;0.00000;0.00000;0.00000;0.00000;0.00000;0.00000;0.00000;0.00000;0.00000;0.00000;0.00000;0.00000;0.00000;0.00000;0.00000;0.00000;0.00000;0.00000;0.00000;0.00000;0.00000;0.00000;0.00000;0.00000;0.00000;0.00000;0.00000;0.00000;0.00000;0.00000;0.00000;0.00000;0.00000;0.00000;0.00000;0.00000;0.00000;0.00000;0.00000;0.00000;0.00000;0.00017;0.00000;0.00000;0.00000;0.00000;0.00000;0.00402;0.00000;0.00000;0.00000;0.00000;0.00000;0.00000;0.00000;0.00000;0.00000;0.00000;0.00000;0.00004;0.00000;0.00000;0.00000;0.00000;0.00000;0.00000;0.00000;0.00170;0.00000;0.00000;0.00000;0.00000;0.00000;0.00000;0.00000;0.00000;0.00000;0.00000;0.00000;0.00000;0.00000;0.00000;0.00000;0.00000;0.00000;0.00000;0.00000;0.00000;0.00000;0.00000;0.00000;0.00000;0.00000;0.00000;0.00000;0.00000;0.00000;0.00000;0.00000;0.00000;0.00000;0.00000;0.00000;0.00000;0.00000;0.00000;0.00000;0.00000;0.00000;0.00000;0.00000;0.00000;0.00000;0.00000;0.00000;0.00000;0.00000;0.00000;0.00000;0.00000;0.00000;0.00000;0.00000;0.00000;0.00000;0.00000;0.00000;0.00000;0.00000;0.00000;0.00000;0.00000;0.00000;0.00000;0.00000;0.00000;0.00000;0.00000;0.00000;0.00000;0.00000;0.00000;0.00000;0.00006;0.00000;0.00000;0.00000;0.00005;0.00001;0.00000;0.00000;0.00001;0.00000;0.00000;0.00000;0.00001;0.00000;0.00004;0.00003;0.00004;0.00000;0.00000;0.00000;0.00000;0.00000;0.00049;0.00000;0.00000;0.00000;0.00000;0.00000;0.00044;0.00000;0.00000;0.00003;0.00001;0.00001;0.00001;0.00000;0.00000;0.00000
2020-05-14 00:00;0.00000;0.00000;0.00000;0.00000;0.00000;0.00000;0.00000;0.00000;0.00000;0.00000;0.00000;0.00000;0.00000;0.00000;0.00000;0.00000;0.00000;0.00000;0.00000;0.00000;0.00000;0.00000;0.00000;0.00000;0.00000;0.00000;0.00000;0.00000;0.00000;0.00000;0.00000;0.00000;0.00000;0.00000;0.00000;0.00000;0.00000;0.00000;0.00000;0.00000;0.00000;0.00000;0.00000;0.00000;0.00000;0.00000;0.00000;0.00000;0.00000;0.00000;0.00000;0.00000;0.00000;0.00000;0.00000;0.00000;0.00000;0.00000;0.00000;0.00000;0.00000;0.00000;0.00000;0.00000;0.00000;0.00000;0.00000;0.00000;0.00000;0.00000;0.00000;0.00000;0.00000;0.00000;0.00000;0.00000;0.00000;0.00000;0.00000;0.00000;0.00000;0.00000;0.00000;0.00000;0.00000;0.00000;0.00000;0.00000;0.00000;0.00000;0.00000;0.00000;0.00000;0.00000;0.00000;0.00000;0.00000;0.00000;0.00000;0.00000;0.00006;0.00001;0.00000;0.00000;0.00000;0.00000;0.00000;0.00001;0.00000;0.00000;0.00000;0.00000;0.00000;0.00000;0.00000;0.00000;0.00000;0.00000;0.00000;0.00000;0.00000;0.00000;0.00000;0.00000;0.00000;0.00000;0.00000;0.00000;0.00000;0.00000;0.00000;0.00000;0.00000;0.00000;0.00000;0.00000;0.00000;0.00000;0.00000;0.00000;0.00000;0.00000;0.00000;0.00000;0.00000;0.00000;0.00000;0.00000;0.00000;0.00000;0.00000;0.00000;0.00000;0.00000;0.00000;0.00000;0.00000;0.00000;0.00000;0.00000;0.00000;0.00000;0.00000;0.00000;0.00000;0.00000;0.00000;0.00000;0.00000;0.00000;0.00000;0.00000;0.00000;0.00000;0.00000;0.00000;0.00000;0.00000;0.00000;0.00000;0.00000;0.00000;0.00000;0.00000;0.00000;0.00000;0.00000;0.00000;0.00000;0.00000;0.00000;0.00000;0.00000;0.00000;0.00000;0.00000;0.00000;0.00000;0.00000;0.00000;0.00000;0.00000;0.00000;0.00000;0.00000;0.00000;0.00000;0.00000;0.00000;0.00000;0.00000;0.00000;0.00000;0.00000;0.00000;0.00000;0.00000;0.00000;0.00000;0.00000;0.00000;0.00000;0.00000;0.00000;0.00000;0.00000;0.00000;0.00000;0.00000;0.00000;0.00000;0.00000;0.00000;0.00000;0.00000;0.00000;0.00000;0.00000;0.00000;0.00000;0.00000;0.00000;0.00000;0.00000;0.00000;0.00000;0.00000;0.00000;0.00000;0.00000;0.00000;0.00000;0.00000;0.00000;0.00000;0.00000;0.00000;0.00000;0.00000;0.00000;0.00000;0.00000;0.00000;0.00000;0.00000;0.00000;0.00000;0.00000;0.00000;0.00000;0.00000;0.00000;0.00000;0.00000;0.00000;0.00000;0.00000;0.00000;0.00000;0.00000;0.00000;0.00000;0.00000;0.00000;0.00000;0.00000;0.00000;0.00000;0.00000;0.00000;0.00000;0.00000;0.00000;0.00000;0.00000;0.00000;0.00000;0.00000;0.00000;0.00000;0.00000;0.00000;0.00000;0.00000;0.00000;0.00000;0.00000;0.00000;0.00000;0.00000;0.00000;0.00000;0.00000;0.00000;0.00000;0.00000;0.00000;0.00000;0.00000;0.00000;0.00000;0.00000;0.00000;0.00000;0.00000;0.00000;0.00000;0.00000;0.00000;0.00000;0.00000;0.00000;0.00000;0.00000;0.00000;0.00000;0.00000;0.00000;0.00000;0.00000;0.00000;0.00000;0.00000;0.00000;0.00000;0.00000;0.00000;0.00000;0.00000;0.00000;0.00000;0.00000;0.00000;0.00000;0.00000;0.00016;0.00000;0.00000;0.00000;0.00000;0.00000;0.00020;0.00000;0.00000;0.00000;0.00000;0.00000;0.00000;0.00000;0.00000;0.00000;0.00000;0.00000;0.00004;0.00000;0.00000;0.00000;0.00000;0.00000;0.00000;0.00000;0.00156;0.00000;0.00000;0.00000;0.00000;0.00000;0.00000;0.00000;0.00000;0.00000;0.00000;0.00000;0.00000;0.00000;0.00000;0.00000;0.00000;0.00000;0.00000;0.00000;0.00000;0.00000;0.00000;0.00000;0.00000;0.00000;0.00000;0.00000;0.00000;0.00000;0.00000;0.00000;0.00000;0.00000;0.00000;0.00000;0.00000;0.00000;0.00000;0.00000;0.00000;0.00000;0.00000;0.00000;0.00000;0.00000;0.00000;0.00000;0.00000;0.00000;0.00000;0.00000;0.00000;0.00000;0.00000;0.00000;0.00000;0.00000;0.00000;0.00000;0.00000;0.00000;0.00000;0.00000;0.00000;0.00000;0.00000;0.00000;0.00000;0.00000;0.00000;0.00000;0.00000;0.00000;0.00000;0.00000;0.00000;0.00000;0.00000;0.00000;0.00000;0.00000;0.00000;0.00000;0.00000;0.00000;0.00000;0.00000;0.00000;0.00000;0.00000;0.00000;0.00001;0.00000;0.00000;0.00000;0.00000;0.00000;0.00005;0.00000;0.00000;0.00000;0.00000;0.00000;0.00000;0.00000;0.00000;0.00000;0.00000;0.00000;0.00000;0.00000;0.00000;0.00000
2020-05-15 00:00;0.01613;0.00975;0.00001;0.00223;0.00021;0.00005;0.00002;0.00089;0.00003;0.00003;0.00052;0.00810;0.01363;0.00005;0.00001;0.00001;0.00893;0.00215;0.00046;0.00003;0.00000;0.00010;0.00046;0.00000;0.00002;0.00173;0.00012;0.00046;0.00002;0.00006;0.00000;0.00008;0.00152;0.00002;0.00003;0.00000;0.00001;0.00055;0.00041;0.00004;0.00017;0.00000;0.00062;0.00081;0.00097;0.00041;0.00002;0.00003;0.00014;0.00023;0.00034;0.00003;0.00003;0.00009;0.00005;0.00000;0.00000;0.00012;0.00000;0.00026;0.00066;0.00000;0.00113;0.00020;0.00044;0.00016;0.00498;0.00479;0.00002;0.00234;0.00114;0.00416;0.00023;0.00007;0.00036;0.00005;0.00072;0.00000;0.00002;0.00000;0.00027;0.00010;0.00002;0.00026;0.00000;0.00003;0.00079;0.00337;0.00000;0.00022;0.00000;0.00060;0.00135;0.00211;0.00000;0.00026;0.00109;0.00043;0.00021;0.00062;0.00900;0.00171;0.00043;0.00030;0.00123;0.00005;0.00010;0.00898;0.00106;0.00118;0.00094;0.00107;0.00262;0.00260;0.00822;0.00725;0.00020;0.00010;0.00027;0.00053;0.00002;0.00012;0.00000;0.00081;0.00056;0.00003;0.00001;0.00000;0.00009;0.00030;0.00081;0.00119;0.00001;0.00002;0.00000;0.00015;0.00016;0.00040;0.00069;0.00029;0.00019;0.00001;0.00016;0.00106;0.00042;0.00138;0.00055;0.00151;0.00001;0.00007;0.00000;0.00146;0.00210;0.00072;0.00089;0.00085;0.00004;0.00373;0.00026;0.00009;0.00039;0.00005;0.00104;0.00241;0.00455;0.00049;0.00063;0.00003;0.00001;0.00252;0.00133;0.00000;0.00207;0.00000;0.00000;0.00385;0.00000;0.00127;0.00259;0.00054;0.00025;0.00183;0.00000;0.00518;0.00466;0.00065;0.00015;0.00072;0.00055;0.00492;0.00191;0.00304;0.00076;0.00235;0.00000;0.00000;0.00186;0.00143;0.00008;0.00030;0.00000;0.00010;0.00183;0.00004;0.00036;0.00053;0.00951;0.00023;0.00016;0.00000;0.00000;0.00000;0.00000;0.00037;0.00009;0.00332;0.00116;0.00073;0.00006;0.00520;0.00015;0.00006;0.00000;0.00254;0.00132;0.00220;0.00054;0.00092;0.00002;0.00015;0.00043;0.00049;0.00015;0.00045;0.00000;0.00004;0.00000;0.00016;0.00004;0.00006;0.00000;0.00001;0.00061;0.00002;0.00030;0.00000;0.00009;0.00005;0.00000;0.00003;0.00022;0.00016;0.00004;0.00000;0.00009;0.00000;0.00029;0.00005;0.00004;0.00000;0.00000;0.00001;0.00000;0.00000;0.00004;0.00000;0.00000;0.00010;0.00000;0.00000;0.00000;0.00012;0.00000;0.00033;0.00101;0.00049;0.00041;0.00036;0.00000;0.00023;0.00024;0.00012;0.00000;0.00000;0.00000;0.00000;0.00000;0.00000;0.00000;0.00005;0.00088;0.00028;0.00006;0.00007;0.00000;0.00024;0.00005;0.00000;0.00000;0.00000;0.00019;0.00000;0.00025;0.00000;0.00016;0.00059;0.00048;0.00000;0.00012;0.00001;0.00014;0.00066;0.00083;0.00012;0.00020;0.00065;0.00000;0.00000;0.00004;0.00000;0.00002;0.00000;0.00011;0.00053;0.00001;0.00000;0.00003;0.00000;0.00143;0.00000;0.00142;0.00001;0.00000;0.00000;0.00000;0.00000;0.00000;0.00000;0.00000;0.00008;0.00000;0.00001;0.00002;0.00001;0.00004;0.00012;0.00010;0.00009;0.00020;0.00005;0.00445;0.00958;0.00000;0.00558;0.00492;0.00257;0.00291;0.00000;0.00239;0.00013;0.00454;0.00580;0.00000;0.00000;0.00000;0.00000;0.00184;0.00000;0.00000;0.00001;0.00008;0.00059;0.00000;0.00058;0.00000;0.00000;0.00001;0.00012;0.00048;0.00017;0.00016;0.03938;0.00000;0.00515;0.00000;0.00000;0.00020;0.00014;0.00012;0.00001;0.00010;0.00001;0.00015;0.00018;0.00000;0.00000;0.00169;0.00025;0.00021;0.00136;0.00210;0.00000;0.00550;0.00276;0.00158;0.00000;0.00001;0.00571;0.00073;0.00355;0.00000;0.00121;0.00081;0.00023;0.00032;0.00292;0.00020;0.00077;0.00376;0.00000;0.00082;0.00092;0.00018;0.00009;0.00086;0.00007;0.00063;0.00000;0.00059;0.00016;0.00016;0.00020;0.00403;0.00000;0.00000;0.00000;0.00000;0.00699;0.00002;0.00010;0.00009;0.00051;0.00017;0.00016;0.00006;0.00005;0.00000;0.00013;0.00004;0.00000;0.00358;0.00001;0.00025;0.00031;0.00204;0.00131;0.00026;0.00982;0.00000;0.00021;0.00007;0.00974;0.00083;0.00000;0.00070;0.00100;0.00008;0.00049;0.00000;0.00106;0.00014;0.00440;0.00470;0.00725;0.00003;0.00005;0.00006;0.00000;0.00003;0.01944;0.00002;0.00048;0.00140;0.00021;0.00081;0.00522;0.00097;0.00025;0.00334;0.00130;0.00081;0.00035;0.00035;0.00000;0.00018
2020-05-16 00:00;0.13193;0.06221;0.00009;0.01854;0.00162;0.00041;0.00019;0.00636;0.00020;0.00020;0.00498;0.05176;0.09416;0.00041;0.00010;0.00010;0.05360;0.01368;0.00278;0.00018;0.00000;0.00063;0.00288;0.00000;0.00009;0.00648;0.00073;0.00289;0.00009;0.00036;0.00000;0.00046;0.00969;0.00009;0.00018;0.00000;0.00009;0.00337;0.00268;0.00026;0.00106;0.00000;0.00367;0.00523;0.00578;0.00272;0.00010;0.00020;0.00098;0.00137;0.00214;0.00020;0.00020;0.00054;0.00029;0.00000;0.00000;0.00074;0.00000;0.00155;0.00408;0.00000;0.00670;0.00129;0.00260;0.00100;0.03002;0.02912;0.00010;0.01350;0.00676;0.02533;0.00139;0.00039;0.00226;0.00027;0.00444;0.00000;0.00009;0.00000;0.00163;0.00075;0.00009;0.00160;0.00000;0.00019;0.00481;0.02099;0.00000;0.00136;0.00000;0.00386;0.00829;0.01359;0.00000;0.00174;0.00670;0.00317;0.00097;0.03791;0.69940;0.12497;0.00790;0.00502;0.01820;0.00251;0.00420;0.28264;0.01910;0.01536;0.01277;0.01798;0.02953;0.03037;0.06964;0.05686;0.00173;0.00125;0.00479;0.00748;0.00329;0.00218;0.00451;0.00897;0.00681;0.00903;0.00235;0.00757;0.00148;0.00336;0.01026;0.02414;0.00025;0.00026;0.00618;0.00671;0.01074;0.00495;0.01023;0.00291;0.00395;0.00147;0.00223;0.03234;0.00705;0.01403;0.01766;0.02015;0.00259;0.01285;0.07300;0.02174;0.04255;0.01072;0.01279;0.01192;0.00526;0.15071;0.00244;0.00129;0.00517;0.00229;0.06562;0.11924;0.08085;0.02219;0.01176;0.00018;0.00006;0.01750;0.01520;0.00000;0.01072;0.00000;0.00000;0.01092;0.00000;0.00507;0.03632;0.00173;0.00153;0.01083;0.00000;0.03118;0.02685;0.00425;0.00122;0.00466;0.00285;0.01718;0.01772;0.01768;0.00454;0.01232;0.00000;0.00000;0.00971;0.00959;0.00055;0.00223;0.00000;0.00067;0.01019;0.00030;0.00179;0.00285;0.06259;0.00210;0.00204;0.00000;0.00000;0.00000;0.00000;0.00387;0.00088;0.03115;0.00779;0.00647;0.00048;0.03073;0.00198;0.00064;0.00000;0.02152;0.00995;0.01469;0.00405;0.00739;0.00034;0.00132;0.00425;0.00497;0.00134;0.01054;0.00000;0.00043;0.00000;0.00088;0.00010;0.00074;0.00000;0.00014;0.00123;0.00029;0.00355;0.00000;0.00065;0.00035;0.00000;0.00023;0.00316;0.00116;0.00038;0.00000;0.00126;0.00000;0.00114;0.00055;0.00050;0.00000;0.00000;0.00000;0.00000;0.00000;0.00040;0.00000;0.00000;0.00027;0.00000;0.00021;0.00000;0.00105;0.00000;0.00188;0.00775;0.00669;0.00509;0.00430;0.00000;0.00305;0.00277;0.00147;0.00000;0.00000;0.00000;0.00000;0.00000;0.00000;0.00000;0.00526;0.00183;0.00038;0.00076;0.00084;0.00000;0.00073;0.00034;0.00000;0.00000;0.00000;0.00114;0.00000;0.00096;0.00000;0.00089;0.00143;0.00436;0.00000;0.00119;0.00014;0.00174;0.00495;0.00573;0.00083;0.00126;0.00264;0.00000;0.00000;0.00003;0.00000;0.00000;0.00000;0.00087;0.00363;0.00008;0.00000;0.00001;0.00000;0.00846;0.00000;0.00479;0.00010;0.00000;0.00000;0.00000;0.00000;0.00000;0.00000;0.00000;0.00060;0.00000;0.00013;0.00024;0.00010;0.00031;0.00097;0.00102;0.00068;0.00163;0.00028;0.02678;0.08546;0.00000;0.04563;0.04491;0.03268;0.02345;0.00072;0.02108;0.00109;0.03944;0.00107;0.00000;0.00000;0.00000;0.00000;0.00500;0.01205;0.00000;0.00000;0.00059;0.00500;0.00000;0.00838;0.00000;0.00184;0.00000;0.00110;0.00213;0.00154;0.00140;0.42560;0.00000;0.01402;0.00000;0.00000;0.00065;0.00110;0.00101;0.00001;0.00098;0.00004;0.00026;0.00157;0.00004;0.00000;0.01427;0.00231;0.00190;0.00878;0.01637;0.00000;0.03128;0.01311;0.00445;0.00000;0.00005;0.03367;0.00411;0.01527;0.00000;0.00919;0.00418;0.00143;0.00118;0.01510;0.00133;0.00555;0.01310;0.00000;0.00499;0.00379;0.00129;0.00058;0.00273;0.00798;0.06153;0.00128;0.00621;0.00255;0.00204;0.00392;0.11825;0.02717;0.02730;0.00160;0.00207;0.04386;0.00409;0.00543;0.00993;0.01040;0.00500;0.00259;0.01476;0.00620;0.00710;0.00752;0.00270;0.00518;0.11028;0.00857;0.04047;0.01695;0.03600;0.03771;0.03102;0.12577;0.00397;0.00508;0.00917;0.14061;0.03563;0.00087;0.00548;0.03733;0.01010;0.00545;0.00000;0.00657;0.00086;0.02708;0.02692;0.22758;0.00016;0.00027;0.00036;0.00000;0.00020;0.13430;0.00009;0.00290;0.00489;0.00125;0.00482;0.01029;0.00576;0.00148;0.02075;0.00654;0.00508;0.00230;0.00210;0.00000;0.00107
2020-05-17 00:00;0.02544;0.01451;0.00000;0.00541;0.00000;0.00000;0.00000;0.00119;0.00000;0.00000;0.00148;0.00855;0.04202;0.00000;0.00001;0.00000;0.01665;0.00164;0.00041;0.00001;0.00000;0.00006;0.00031;0.00000;0.00001;0.00251;0.00005;0.00020;0.00001;0.00003;0.00000;0.00004;0.00278;0.00001;0.00002;0.00000;0.00000;0.00064;0.00014;0.00004;0.00027;0.00000;0.00028;0.00047;0.00045;0.00018;0.00000;0.00000;0.00039;0.00011;0.00017;0.00000;0.00000;0.00005;0.00000;0.00000;0.00000;0.00016;0.00000;0.00012;0.00028;0.00000;0.00052;0.00056;0.00028;0.00006;0.00490;0.00314;0.00000;0.00596;0.00057;0.00335;0.00009;0.00000;0.00092;0.00002;0.00029;0.00000;0.00001;0.00000;0.00015;0.00006;0.00001;0.00055;0.00000;0.00000;0.00115;0.00408;0.00000;0.00008;0.00000;0.00032;0.00200;0.00357;0.00000;0.00014;0.00170;0.00036;0.00029;0.01076;1.17322;0.08082;0.00061;0.00036;0.00227;0.00024;0.00047;0.25689;0.00321;0.00101;0.00162;0.00188;0.00402;0.00280;0.01149;0.00518;0.00014;0.00010;0.00051;0.00098;0.00078;0.00019;0.00172;0.00100;0.00060;0.00201;0.00017;0.00265;0.00009;0.00022;0.00114;0.00671;0.00002;0.00000;0.00101;0.00090;0.00268;0.00054;0.00146;0.00019;0.00070;0.00008;0.00000;0.00998;0.00068;0.00092;0.00440;0.00303;0.00023;0.00303;0.03912;0.00287;0.00899;0.00124;0.00162;0.00230;0.00065;0.10735;0.00020;0.00000;0.00067;0.00018;0.04303;0.09308;0.01685;0.00611;0.00214;0.00002;0.00001;0.00423;0.00469;0.00000;0.00318;0.00000;0.00000;0.00423;0.00000;0.00120;0.00959;0.00056;0.00076;0.00277;0.00000;0.00871;0.00609;0.00044;0.00021;0.00043;0.00073;0.00717;0.00960;0.00529;0.00151;0.00469;0.00000;0.00000;0.00402;0.00277;0.00018;0.00050;0.00000;0.00006;0.00696;0.00004;0.00044;0.00043;0.02388;0.00031;0.00053;0.00000;0.00000;0.00000;0.00000;0.00132;0.00013;0.01322;0.00322;0.00170;0.00014;0.02212;0.00020;0.00015;0.00000;0.00526;0.00295;0.00450;0.00074;0.00136;0.00011;0.00021;0.00118;0.00116;0.00033;0.00503;0.00000;0.00020;0.00000;0.00034;0.00003;0.00008;0.00000;0.00003;0.00041;0.00008;0.00121;0.00000;0.00010;0.00003;0.00000;0.00003;0.00094;0.00053;0.00008;0.00000;0.00045;0.00000;0.00041;0.00012;0.00010;0.00000;0.00000;0.00000;0.00000;0.00000;0.00012;0.00000;0.00000;0.00012;0.00000;0.00013;0.00000;0.00009;0.00000;0.00049;0.00325;0.00186;0.00092;0.00194;0.00000;0.00092;0.00115;0.00040;0.00000;0.00000;0.00000;0.00000;0.00000;0.00000;0.00000;0.00370;0.00063;0.00012;0.00009;0.00012;0.00000;0.00016;0.00005;0.00000;0.00000;0.00000;0.00025;0.00000;0.00024;0.00000;0.00041;0.00056;0.00065;0.00000;0.00027;0.00003;0.00064;0.00257;0.00149;0.00012;0.00020;0.00122;0.00000;0.00000;0.00000;0.00000;0.00000;0.00000;0.00015;0.00137;0.00001;0.00000;0.00000;0.00000;0.00149;0.00000;0.00155;0.00001;0.00000;0.00000;0.00000;0.00000;0.00000;0.00000;0.00000;0.00012;0.00000;0.00001;0.00002;0.00002;0.00003;0.00012;0.00022;0.00014;0.00018;0.00006;0.00801;0.01891;0.00000;0.00905;0.00657;0.00113;0.00330;0.00014;0.00301;0.00025;0.00842;0.01213;0.00000;0.00000;0.00000;0.00000;0.00137;0.00513;0.00000;0.00000;0.00015;0.00145;0.00000;0.00059;0.00000;0.00056;0.00000;0.00021;0.00064;0.00035;0.00038;0.00780;0.00000;0.00593;0.00000;0.00000;0.00009;0.00022;0.00017;0.00000;0.00023;0.00001;0.00009;0.00032;0.00000;0.00000;0.00359;0.00057;0.00045;0.00316;0.00804;0.00000;0.00596;0.00400;0.00156;0.00000;0.00001;0.01732;0.00083;0.00392;0.00000;0.00264;0.00088;0.00032;0.00030;0.00880;0.00028;0.00111;0.00670;0.00000;0.00217;0.00138;0.00027;0.00005;0.00081;0.00160;0.02878;0.00017;0.00051;0.00000;0.00025;0.00063;0.09061;0.00718;0.01104;0.00017;0.00015;0.02991;0.00081;0.00093;0.00294;0.00182;0.00058;0.00048;0.00393;0.00065;0.00256;0.00166;0.00025;0.00172;0.11484;0.00121;0.01891;0.00280;0.00793;0.01834;0.00714;0.03204;0.00094;0.00052;0.00104;0.06976;0.01272;0.00000;0.00073;0.01218;0.00110;0.00096;0.00000;0.00209;0.00014;0.00763;0.00906;0.28537;0.00004;0.00003;0.00004;0.00000;0.00000;0.09965;0.00001;0.00039;0.00135;0.00014;0.00043;0.00329;0.00059;0.00010;0.00538;0.00224;0.00180;0.00148;0.00041;0.00000;0.00013
2020-05-18 00:00;0.00000;0.00000;0.00000;0.00000;0.00000;0.00000;0.00000;0.00000;0.00000;0.00000;0.00000;0.00000;0.00000;0.00000;0.00000;0.00000;0.00000;0.00000;0.00000;0.00000;0.00000;0.00000;0.00000;0.00000;0.00000;0.00000;0.00000;0.00000;0.00000;0.00000;0.00000;0.00000;0.00000;0.00000;0.00000;0.00000;0.00000;0.00000;0.00000;0.00000;0.00000;0.00000;0.00000;0.00000;0.00000;0.00000;0.00000;0.00000;0.00000;0.00000;0.00000;0.00000;0.00000;0.00000;0.00000;0.00000;0.00000;0.00000;0.00000;0.00000;0.00000;0.00000;0.00000;0.00000;0.00000;0.00000;0.00000;0.00000;0.00000;0.00000;0.00000;0.00000;0.00000;0.00000;0.00000;0.00000;0.00000;0.00000;0.00000;0.00000;0.00000;0.00000;0.00000;0.00000;0.00000;0.00000;0.00000;0.00000;0.00000;0.00000;0.00000;0.00000;0.00000;0.00000;0.00000;0.00000;0.00000;0.00000;0.00000;0.00000;0.21474;0.00839;0.00000;0.00000;0.00000;0.00000;0.00000;0.03388;0.00000;0.00000;0.00000;0.00000;0.00000;0.00000;0.00000;0.00000;0.00000;0.00000;0.00000;0.00000;0.00000;0.00000;0.00000;0.00000;0.00000;0.00000;0.00000;0.00000;0.00000;0.00000;0.00000;0.00000;0.00000;0.00000;0.00000;0.00000;0.00000;0.00000;0.00000;0.00000;0.00000;0.00000;0.00000;0.00000;0.00000;0.00000;0.00000;0.00000;0.00000;0.00000;0.00000;0.00000;0.00000;0.00000;0.00000;0.00000;0.00000;0.01151;0.00000;0.00000;0.00000;0.00000;0.00468;0.01088;0.00000;0.00000;0.00000;0.00000;0.00000;0.00000;0.00000;0.00000;0.00000;0.00000;0.00000;0.00000;0.00000;0.00000;0.00000;0.00000;0.00000;0.00000;0.00000;0.00000;0.00000;0.00000;0.00000;0.00000;0.00000;0.00000;0.00000;0.00000;0.00000;0.00000;0.00000;0.00000;0.00000;0.00000;0.00000;0.00000;0.00000;0.00000;0.00073;0.00000;0.00000;0.00000;0.00000;0.00000;0.00000;0.00000;0.00000;0.00000;0.00000;0.00000;0.00000;0.00000;0.00000;0.00000;0.00000;0.00248;0.00000;0.00000;0.00000;0.00000;0.00000;0.00000;0.00000;0.00000;0.00000;0.00000;0.00000;0.00000;0.00000;0.00000;0.00000;0.00000;0.00000;0.00000;0.00000;0.00000;0.00000;0.00000;0.00000;0.00000;0.00000;0.00000;0.00000;0.00000;0.00000;0.00000;0.00000;0.00000;0.00000;0.00000;0.00000;0.00000;0.00000;0.00000;0.00000;0.00000;0.00000;0.00000;0.00000;0.00000;0.00000;0.00000;0.00000;0.00000;0.00000;0.00000;0.00000;0.00000;0.00000;0.00000;0.00000;0.00000;0.00000;0.00000;0.00000;0.00000;0.00000;0.00000;0.00000;0.00000;0.00000;0.00000;0.00000;0.00000;0.00000;0.00043;0.00000;0.00000;0.00000;0.00000;0.00000;0.00000;0.00000;0.00000;0.00000;0.00000;0.00000;0.00000;0.00000;0.00000;0.00000;0.00000;0.00000;0.00000;0.00000;0.00000;0.00000;0.00000;0.00000;0.00000;0.00000;0.00000;0.00000;0.00000;0.00000;0.00000;0.00000;0.00000;0.00000;0.00000;0.00000;0.00000;0.00000;0.00000;0.00000;0.00000;0.00000;0.00000;0.00000;0.00000;0.00000;0.00000;0.00000;0.00000;0.00000;0.00000;0.00000;0.00000;0.00000;0.00000;0.00000;0.00000;0.00000;0.00000;0.00000;0.00000;0.00000;0.00000;0.00000;0.00000;0.00000;0.00096;0.00000;0.00000;0.00000;0.00000;0.00000;0.00026;0.00000;0.00000;0.00000;0.00000;0.00000;0.00000;0.00000;0.00000;0.00000;0.00000;0.00000;0.00049;0.00000;0.00000;0.00000;0.00000;0.00000;0.00000;0.00000;0.00673;0.00000;0.00000;0.00000;0.00000;0.00000;0.00000;0.00000;0.00000;0.00000;0.00000;0.00000;0.00000;0.00000;0.00000;0.00000;0.00000;0.00000;0.00000;0.00000;0.00000;0.00000;0.00000;0.00000;0.00000;0.00000;0.00000;0.00000;0.00000;0.00000;0.00000;0.00000;0.00000;0.00000;0.00000;0.00000;0.00000;0.00000;0.00000;0.00000;0.00000;0.00000;0.00000;0.00000;0.00000;0.00000;0.00000;0.00000;0.00000;0.00000;0.00000;0.00883;0.00000;0.00000;0.00000;0.00000;0.00292;0.00000;0.00000;0.00000;0.00000;0.00000;0.00000;0.00000;0.00000;0.00000;0.00000;0.00000;0.00000;0.01631;0.00000;0.00000;0.00000;0.00000;0.00000;0.00000;0.00000;0.00000;0.00000;0.00000;0.00000;0.00000;0.00000;0.00000;0.00000;0.00000;0.00000;0.00000;0.00000;0.00000;0.00000;0.00000;0.03722;0.00000;0.00000;0.00000;0.00000;0.00000;0.01066;0.00000;0.00000;0.00000;0.00000;0.00000;0.00000;0.00000;0.00000;0.00000;0.00000;0.00000;0.00015;0.00000;0.00000;0.00000
2020-05-19 00:00;0.00000;0.00000;0.00000;0.00000;0.00000;0.00000;0.00000;0.00000;0.00000;0.00000;0.00000;0.00000;0.00000;0.00000;0.00000;0.00000;0.00000;0.00000;0.00000;0.00000;0.00000;0.00000;0.00000;0.00000;0.00000;0.00000;0.00000;0.00000;0.00000;0.00000;0.00000;0.00000;0.00000;0.00000;0.00000;0.00000;0.00000;0.00000;0.00000;0.00000;0.00000;0.00000;0.00000;0.00000;0.00000;0.00000;0.00000;0.00000;0.00000;0.00000;0.00000;0.00000;0.00000;0.00000;0.00000;0.00000;0.00000;0.00000;0.00000;0.00000;0.00000;0.00000;0.00000;0.00000;0.00000;0.00000;0.00000;0.00000;0.00000;0.00000;0.00000;0.00000;0.00000;0.00000;0.00000;0.00000;0.00000;0.00000;0.00000;0.00000;0.00000;0.00000;0.00000;0.00000;0.00000;0.00000;0.00000;0.00000;0.00000;0.00000;0.00000;0.00000;0.00000;0.00000;0.00000;0.00000;0.00000;0.00000;0.00000;0.00000;0.07260;0.00000;0.00000;0.00000;0.00000;0.00000;0.00000;0.00000;0.00000;0.00000;0.00000;0.00000;0.00000;0.00000;0.00000;0.00000;0.00000;0.00000;0.00000;0.00000;0.00000;0.00000;0.00000;0.00000;0.00000;0.00000;0.00000;0.00000;0.00000;0.00000;0.00000;0.00000;0.00000;0.00000;0.00000;0.00000;0.00000;0.00000;0.00000;0.00000;0.00000;0.00000;0.00000;0.00000;0.00000;0.00000;0.00000;0.00000;0.00000;0.00000;0.00000;0.00000;0.00000;0.00000;0.00000;0.00000;0.00000;0.00000;0.00000;0.00000;0.00000;0.00000;0.00000;0.00000;0.00000;0.00000;0.00000;0.00000;0.00000;0.00000;0.00000;0.00000;0.00000;0.00000;0.00000;0.00000;0.00000;0.00000;0.00000;0.00000;0.00000;0.00000;0.00000;0.00000;0.00000;0.00000;0.00000;0.00000;0.00000;0.00000;0.00000;0.00000;0.00000;0.00000;0.00000;0.00000;0.00000;0.00000;0.00000;0.00000;0.00000;0.00000;0.00000;0.00000;0.00000;0.00000;0.00000;0.00000;0.00000;0.00000;0.00000;0.00000;0.00000;0.00000;0.00000;0.00000;0.00000;0.00000;0.00000;0.00000;0.00000;0.00000;0.00000;0.00000;0.00000;0.00000;0.00000;0.00000;0.00000;0.00000;0.00000;0.00000;0.00000;0.00000;0.00000;0.00000;0.00000;0.00000;0.00000;0.00000;0.00000;0.00000;0.00000;0.00000;0.00000;0.00000;0.00000;0.00000;0.00000;0.00000;0.00000;0.00000;0.00000;0.00000;0.00000;0.00000;0.00000;0.00000;0.00000;0.00000;0.00000;0.00000;0.00000;0.00000;0.00000;0.00000;0.00000;0.00000;0.00000;0.00000;0.00000;0.00000;0.00000;0.00000;0.00000;0.00000;0.00000;0.00000;0.00000;0.00000;0.00000;0.00000;0.00000;0.00000;0.00000;0.00000;0.00000;0.00000;0.00000;0.00000;0.00000;0.00000;0.00000;0.00000;0.00000;0.00000;0.00000;0.00000;0.00000;0.00000;0.00000;0.00000;0.00000;0.00000;0.00000;0.00000;0.00000;0.00000;0.00000;0.00000;0.00000;0.00000;0.00000;0.00000;0.00000;0.00000;0.00000;0.00000;0.00000;0.00000;0.00000;0.00000;0.00000;0.00000;0.00000;0.00000;0.00000;0.00000;0.00000;0.00000;0.00000;0.00000;0.00000;0.00000;0.00000;0.00000;0.00000;0.00000;0.00000;0.00000;0.00000;0.00000;0.00000;0.00000;0.00000;0.00000;0.00000;0.00000;0.00000;0.00000;0.00000;0.00000;0.00000;0.00000;0.00000;0.00069;0.00000;0.00000;0.00000;0.00000;0.00000;0.00355;0.00000;0.00000;0.00000;0.00000;0.00000;0.00000;0.00000;0.00000;0.00000;0.00000;0.00000;0.00031;0.00000;0.00000;0.00000;0.00000;0.00000;0.00000;0.00000;0.00496;0.00000;0.00000;0.00000;0.00000;0.00000;0.00000;0.00000;0.00000;0.00000;0.00000;0.00000;0.00000;0.00000;0.00000;0.00000;0.00000;0.00000;0.00000;0.00000;0.00000;0.00000;0.00000;0.00000;0.00000;0.00000;0.00000;0.00000;0.00000;0.00000;0.00000;0.00000;0.00000;0.00000;0.00000;0.00000;0.00000;0.00000;0.00000;0.00000;0.00000;0.00000;0.00000;0.00000;0.00000;0.00000;0.00000;0.00000;0.00000;0.00000;0.00000;0.00000;0.00000;0.00000;0.00000;0.00000;0.00000;0.00000;0.00000;0.00000;0.00000;0.00000;0.00000;0.00000;0.00000;0.00000;0.00000;0.00000;0.00000;0.00000;0.00000;0.00000;0.00000;0.00000;0.00000;0.00000;0.00000;0.00000;0.00000;0.00000;0.00000;0.00000;0.00000;0.00000;0.00000;0.00000;0.00000;0.00000;0.00000;0.00000;0.00000;0.00000;0.00000;0.00000;0.00000;0.00000;0.00000;0.00000;0.00000;0.00000;0.00000;0.00000;0.00000;0.00000;0.00000;0.00000;0.00000;0.00000;0.00000;0.00000;0.00000;0.00000;0.00000;0.00000
2020-05-20 00:00;0.00000;0.00000;0.00000;0.00000;0.00000;0.00000;0.00000;0.00000;0.00000;0.00000;0.00000;0.00000;0.00000;0.00000;0.00000;0.00000;0.00000;0.00000;0.00000;0.00000;0.00000;0.00000;0.00000;0.00000;0.00000;0.00000;0.00000;0.00000;0.00000;0.00000;0.00000;0.00000;0.00000;0.00000;0.00000;0.00000;0.00000;0.00000;0.00000;0.00000;0.00000;0.00000;0.00000;0.00000;0.00000;0.00000;0.00000;0.00000;0.00000;0.00000;0.00000;0.00000;0.00000;0.00000;0.00000;0.00000;0.00000;0.00000;0.00000;0.00000;0.00000;0.00000;0.00000;0.00000;0.00000;0.00000;0.00000;0.00000;0.00000;0.00000;0.00000;0.00000;0.00000;0.00000;0.00000;0.00000;0.00000;0.00000;0.00000;0.00000;0.00000;0.00000;0.00000;0.00000;0.00000;0.00000;0.00000;0.00000;0.00000;0.00000;0.00000;0.00000;0.00000;0.00000;0.00000;0.00000;0.00000;0.00000;0.00000;0.00000;0.00000;0.00000;0.00000;0.00000;0.00000;0.00000;0.00000;0.00000;0.00000;0.00000;0.00000;0.00000;0.00000;0.00000;0.00000;0.00000;0.00000;0.00000;0.00000;0.00000;0.00000;0.00000;0.00000;0.00000;0.00000;0.00000;0.00000;0.00000;0.00000;0.00000;0.00000;0.00000;0.00000;0.00000;0.00000;0.00000;0.00000;0.00000;0.00000;0.00000;0.00000;0.00000;0.00000;0.00000;0.00000;0.00000;0.00000;0.00000;0.00000;0.00000;0.00000;0.00000;0.00000;0.00000;0.00000;0.00000;0.00000;0.00000;0.00000;0.00000;0.00000;0.00000;0.00000;0.00000;0.00000;0.00000;0.00000;0.00000;0.00000;0.00000;0.00000;0.00000;0.00000;0.00000;0.00000;0.00000;0.00000;0.00000;0.00000;0.00000;0.00000;0.00000;0.00000;0.00000;0.00000;0.00000;0.00000;0.00000;0.00000;0.00000;0.00000;0.00000;0.00000;0.00000;0.00000;0.00000;0.00000;0.00000;0.00000;0.00000;0.00000;0.00000;0.00000;0.00000;0.00000;0.00000;0.00000;0.00000;0.00000;0.00000;0.00000;0.00000;0.00000;0.00000;0.00000;0.00000;0.00000;0.00000;0.00000;0.00000;0.00000;0.00000;0.00000;0.00000;0.00000;0.00000;0.00000;0.00000;0.00000;0.00000;0.00000;0.00000;0.00000;0.00000;0.00000;0.00000;0.00000;0.00000;0.00000;0.00000;0.00000;0.00000;0.00000;0.00000;0.00000;0.00000;0.00000;0.00000;0.00000;0.00000;0.00000;0.00000;0.00000;0.00000;0.00000;0.00000;0.00000;0.00000;0.00000;0.00000;0.00000;0.00000;0.00000;0.00000;0.00000;0.00000;0.00000;0.00000;0.00000;0.00000;0.00000;0.00000;0.00000;0.00000;0.00000;0.00000;0.00000;0.00000;0.00000;0.00000;0.00000;0.00000;0.00000;0.00000;0.00000;0.00000;0.00000;0.00000;0.00000;0.00000;0.00000;0.00000;0.00000;0.00000;0.00000;0.00000;0.00000;0.00000;0.00000;0.00000;0.00000;0.00000;0.00000;0.00000;0.00000;0.00000;0.00000;0.00000;0.00000;0.00000;0.00000;0.00000;0.00000;0.00000;0.00000;0.00000;0.00000;0.00000;0.00000;0.00000;0.00000;0.00000;0.00000;0.00000;0.00000;0.00000;0.00000;0.00000;0.00000;0.00000;0.00000;0.00000;0.00000;0.00000;0.00000;0.00000;0.00000;0.00000;0.00000;0.00000;0.00000;0.00000;0.00000;0.00000;0.00000;0.00000;0.00000;0.00000;0.00000;0.00000;0.00000;0.00000;0.00000;0.00000;0.00000;0.00020;0.00000;0.00000;0.00000;0.00000;0.00000;0.00019;0.00000;0.00000;0.00000;0.00000;0.00000;0.00000;0.00000;0.00000;0.00000;0.00000;0.00000;0.00004;0.00000;0.00000;0.00000;0.00000;0.00000;0.00000;0.00000;0.00202;0.00000;0.00000;0.00000;0.00000;0.00000;0.00000;0.00000;0.00000;0.00000;0.00000;0.00000;0.00000;0.00000;0.00000;0.00000;0.00000;0.00000;0.00000;0.00000;0.00000;0.00000;0.00000;0.00000;0.00000;0.00000;0.00000;0.00000;0.00000;0.00000;0.00000;0.00000;0.00000;0.00000;0.00000;0.00000;0.00000;0.00000;0.00000;0.00000;0.00000;0.00000;0.00000;0.00000;0.00000;0.00000;0.00000;0.00000;0.00000;0.00000;0.00000;0.00000;0.00000;0.00000;0.00000;0.00000;0.00000;0.00000;0.00000;0.00000;0.00000;0.00000;0.00000;0.00000;0.00000;0.00000;0.00000;0.00000;0.00000;0.00000;0.00000;0.00000;0.00000;0.00000;0.00000;0.00000;0.00000;0.00000;0.00000;0.00000;0.00000;0.00000;0.00000;0.00000;0.00000;0.00000;0.00000;0.00000;0.00000;0.00000;0.00000;0.00000;0.00000;0.00000;0.00000;0.00000;0.00000;0.00000;0.00000;0.00000;0.00000;0.00000;0.00000;0.00000;0.00000;0.00000;0.00000;0.00000;0.00000;0.00000;0.00000;0.00000;0.00000;0.00000
2020-05-21 00:00;0.00000;0.00000;0.00000;0.00000;0.00000;0.00000;0.00000;0.00000;0.00000;0.00000;0.00000;0.00000;0.00000;0.00000;0.00000;0.00000;0.00000;0.00000;0.00000;0.00000;0.00000;0.00000;0.00000;0.00000;0.00000;0.00000;0.00000;0.00000;0.00000;0.00000;0.00000;0.00000;0.00000;0.00000;0.00000;0.00000;0.00000;0.00000;0.00000;0.00000;0.00000;0.00000;0.00000;0.00000;0.00000;0.00000;0.00000;0.00000;0.00000;0.00000;0.00000;0.00000;0.00000;0.00000;0.00000;0.00000;0.00000;0.00000;0.00000;0.00000;0.00000;0.00000;0.00000;0.00000;0.00000;0.00000;0.00000;0.00000;0.00000;0.00000;0.00000;0.00000;0.00000;0.00000;0.00000;0.00000;0.00000;0.00000;0.00000;0.00000;0.00000;0.00000;0.00000;0.00000;0.00000;0.00000;0.00000;0.00000;0.00000;0.00000;0.00000;0.00000;0.00000;0.00000;0.00000;0.00000;0.00000;0.00000;0.00000;0.00000;0.00000;0.00000;0.00000;0.00000;0.00000;0.00000;0.00000;0.00000;0.00000;0.00000;0.00000;0.00000;0.00000;0.00000;0.00000;0.00000;0.00000;0.00000;0.00000;0.00000;0.00000;0.00000;0.00000;0.00000;0.00000;0.00000;0.00000;0.00000;0.00000;0.00000;0.00000;0.00000;0.00000;0.00000;0.00000;0.00000;0.00000;0.00000;0.00000;0.00000;0.00000;0.00000;0.00000;0.00000;0.00000;0.00000;0.00000;0.00000;0.00000;0.00000;0.00000;0.00000;0.00000;0.00000;0.00000;0.00000;0.00000;0.00000;0.00000;0.00000;0.00000;0.00000;0.00000;0.00000;0.00000;0.00000;0.00000;0.00000;0.00000;0.00000;0.00000;0.00000;0.00000;0.00000;0.00000;0.00000;0.00000;0.00000;0.00000;0.00000;0.00000;0.00000;0.00000;0.00000;0.00000;0.00000;0.00000;0.00000;0.00000;0.00000;0.00000;0.00000;0.00000;0.00000;0.00000;0.00000;0.00000;0.00000;0.00000;0.00000;0.00000;0.00000;0.00000;0.00000;0.00000;0.00000;0.00000;0.00000;0.00000;0.00000;0.00000;0.00000;0.00000;0.00000;0.00000;0.00000;0.00000;0.00000;0.00000;0.00000;0.00000;0.00000;0.00000;0.00000;0.00000;0.00000;0.00000;0.00000;0.00000;0.00000;0.00000;0.00000;0.00000;0.00000;0.00000;0.00000;0.00000;0.00000;0.00000;0.00000;0.00000;0.00000;0.00000;0.00000;0.00000;0.00000;0.00000;0.00000;0.00000;0.00000;0.00000;0.00000;0.00000;0.00000;0.00000;0.00000;0.00000;0.00000;0.00000;0.00000;0.00000;0.00000;0.00000;0.00000;0.00000;0.00000;0.00000;0.00000;0.00000;0.00000;0.00000;0.00000;0.00000;0.00000;0.00000;0.00000;0.00000;0.00000;0.00000;0.00000;0.00000;0.00000;0.00000;0.00000;0.00000;0.00000;0.00000;0.00000;0.00000;0.00000;0.00000;0.00000;0.00000;0.00000;0.00000;0.00000;0.00000;0.00000;0.00000;0.00000;0.00000;0.00000;0.00000;0.00000;0.00000;0.00000;0.00000;0.00000;0.00000;0.00000;0.00000;0.00000;0.00000;0.00000;0.00000;0.00000;0.00000;0.00000;0.00000;0.00000;0.00000;0.00000;0.00000;0.00000;0.00000;0.00000;0.00000;0.00000;0.00000;0.00000;0.00000;0.00000;0.00000;0.00000;0.00000;0.00000;0.00000;0.00000;0.00000;0.00000;0.00000;0.00000;0.00000;0.00000;0.00000;0.00000;0.00000;0.00000;0.00000;0.00000;0.00000;0.00000;0.00000;0.00000;0.00000;0.00019;0.00000;0.00000;0.00000;0.00000;0.00000;0.00145;0.00000;0.00000;0.00000;0.00000;0.00000;0.00000;0.00000;0.00000;0.00000;0.00000;0.00000;0.00004;0.00000;0.00000;0.00000;0.00000;0.00000;0.00000;0.00000;0.00190;0.00000;0.00000;0.00000;0.00000;0.00000;0.00000;0.00000;0.00000;0.00000;0.00000;0.00000;0.00000;0.00000;0.00000;0.00000;0.00000;0.00000;0.00000;0.00000;0.00000;0.00000;0.00000;0.00000;0.00000;0.00000;0.00000;0.00000;0.00000;0.00000;0.00000;0.00000;0.00000;0.00000;0.00000;0.00000;0.00000;0.00000;0.00000;0.00000;0.00000;0.00000;0.00000;0.00000;0.00000;0.00000;0.00000;0.00000;0.00000;0.00000;0.00000;0.00000;0.00000;0.00000;0.00000;0.00000;0.00000;0.00000;0.00000;0.00000;0.00000;0.00000;0.00000;0.00000;0.00000;0.00000;0.00000;0.00000;0.00000;0.00000;0.00000;0.00000;0.00000;0.00000;0.00000;0.00000;0.00000;0.00000;0.00000;0.00000;0.00000;0.00000;0.00000;0.00000;0.00000;0.00000;0.00000;0.00000;0.00000;0.00000;0.00000;0.00000;0.00000;0.00000;0.00000;0.00000;0.00000;0.00000;0.00000;0.00000;0.00000;0.00000;0.00000;0.00000;0.00000;0.00000;0.00000;0.00000;0.00000;0.00000;0.00000;0.00000;0.00000;0.00000
2020-05-22 00:00;0.00000;0.00000;0.00000;0.00000;0.00000;0.00000;0.00000;0.00000;0.00000;0.00000;0.00000;0.00000;0.00000;0.00000;0.00000;0.00000;0.00000;0.00000;0.00000;0.00000;0.00000;0.00000;0.00000;0.00000;0.00000;0.00000;0.00000;0.00000;0.00000;0.00000;0.00000;0.00000;0.00000;0.00000;0.00000;0.00000;0.00000;0.00000;0.00000;0.00000;0.00000;0.00000;0.00000;0.00000;0.00000;0.00000;0.00000;0.00000;0.00000;0.00000;0.00000;0.00000;0.00000;0.00000;0.00000;0.00000;0.00000;0.00000;0.00000;0.00000;0.00000;0.00000;0.00000;0.00000;0.00000;0.00000;0.00000;0.00000;0.00000;0.00000;0.00000;0.00000;0.00000;0.00000;0.00000;0.00000;0.00000;0.00000;0.00000;0.00000;0.00000;0.00000;0.00000;0.00000;0.00000;0.00000;0.00000;0.00000;0.00000;0.00000;0.00000;0.00000;0.00000;0.00000;0.00000;0.00000;0.00000;0.00000;0.00000;0.00000;0.00000;0.00000;0.00000;0.00000;0.00000;0.00000;0.00000;0.00000;0.00000;0.00000;0.00000;0.00000;0.00000;0.00000;0.00000;0.00000;0.00000;0.00000;0.00000;0.00000;0.00000;0.00000;0.00000;0.00000;0.00000;0.00000;0.00000;0.00000;0.00000;0.00000;0.00000;0.00000;0.00000;0.00000;0.00000;0.00000;0.00000;0.00000;0.00000;0.00000;0.00000;0.00000;0.00000;0.00000;0.00000;0.00000;0.00000;0.00000;0.00000;0.00000;0.00000;0.00000;0.00000;0.00000;0.00000;0.00000;0.00000;0.00000;0.00000;0.00000;0.00000;0.00000;0.00000;0.00000;0.00000;0.00000;0.00000;0.00000;0.00000;0.00000;0.00000;0.00000;0.00000;0.00000;0.00000;0.00000;0.00000;0.00000;0.00000;0.00000;0.00000;0.00000;0.00000;0.00000;0.00000;0.00000;0.00000;0.00000;0.00000;0.00000;0.00000;0.00000;0.00000;0.00000;0.00000;0.00000;0.00000;0.00000;0.00000;0.00000;0.00000;0.00000;0.00000;0.00000;0.00000;0.00000;0.00000;0.00000;0.00000;0.00000;0.00000;0.00000;0.00000;0.00000;0.00000;0.00000;0.00000;0.00000;0.00000;0.00000;0.00000;0.00000;0.00000;0.00000;0.00000;0.00000;0.00000;0.00000;0.00000;0.00000;0.00000;0.00000;0.00000;0.00000;0.00000;0.00000;0.00000;0.00000;0.00000;0.00000;0.00000;0.00000;0.00000;0.00000;0.00000;0.00000;0.00000;0.00000;0.00000;0.00000;0.00000;0.00000;0.00000;0.00000;0.00000;0.00000;0.00000;0.00000;0.00000;0.00000;0.00000;0.00000;0.00000;0.00000;0.00000;0.00000;0.00000;0.00000;0.00000;0.00000;0.00000;0.00000;0.00000;0.00000;0.00000;0.00000;0.00000;0.00000;0.00000;0.00000;0.00000;0.00000;0.00000;0.00000;0.00000;0.00000;0.00000;0.00000;0.00000;0.00000;0.00000;0.00000;0.00000;0.00000;0.00000;0.00000;0.00000;0.00000;0.00000;0.00000;0.00000;0.00000;0.00000;0.00000;0.00000;0.00000;0.00000;0.00000;0.00000;0.00000;0.00000;0.00000;0.00000;0.00000;0.00000;0.00000;0.00000;0.00000;0.00000;0.00000;0.00000;0.00000;0.00000;0.00000;0.00000;0.00000;0.00000;0.00000;0.00000;0.00000;0.00000;0.00000;0.00000;0.00000;0.00000;0.00000;0.00000;0.00000;0.00000;0.00000;0.00000;0.00000;0.00000;0.00000;0.00000;0.00000;0.00000;0.00000;0.00000;0.00000;0.00000;0.00000;0.00000;0.00000;0.00000;0.00018;0.00000;0.00000;0.00000;0.00000;0.00000;0.00013;0.00000;0.00000;0.00000;0.00000;0.00000;0.00000;0.00000;0.00000;0.00000;0.00000;0.00000;0.00004;0.00000;0.00000;0.00000;0.00000;0.00000;0.00000;0.00000;0.00181;0.00000;0.00000;0.00000;0.00000;0.00000;0.00000;0.00000;0.00000;0.00000;0.00000;0.00000;0.00000;0.00000;0.00000;0.00000;0.00000;0.00000;0.00000;0.00000;0.00000;0.00000;0.00000;0.00000;0.00000;0.00000;0.00000;0.00000;0.00000;0.00000;0.00000;0.00000;0.00000;0.00000;0.00000;0.00000;0.00000;0.00000;0.00000;0.00000;0.00000;0.00000;0.00000;0.00000;0.00000;0.00000;0.00000;0.00000;0.00000;0.00000;0.00000;0.00000;0.00000;0.00000;0.00000;0.00000;0.00000;0.00000;0.00000;0.00000;0.00000;0.00000;0.00000;0.00000;0.00000;0.00000;0.00000;0.00000;0.00000;0.00000;0.00000;0.00000;0.00000;0.00000;0.00000;0.00000;0.00000;0.00000;0.00000;0.00000;0.00000;0.00000;0.00000;0.00000;0.00000;0.00000;0.00000;0.00000;0.00000;0.00000;0.00000;0.00000;0.00000;0.00000;0.00000;0.00000;0.00000;0.00000;0.00000;0.00000;0.00000;0.00000;0.00000;0.00000;0.00000;0.00000;0.00000;0.00000;0.00000;0.00000;0.00000;0.00000;0.00000;0.00000
2020-05-23 00:00;0.00000;0.00000;0.00000;0.00000;0.00000;0.00000;0.00000;0.00000;0.00000;0.00000;0.00000;0.00000;0.00000;0.00000;0.00000;0.00000;0.00000;0.00000;0.00000;0.00000;0.00000;0.00000;0.00000;0.00000;0.00000;0.00000;0.00000;0.00000;0.00000;0.00000;0.00000;0.00000;0.00000;0.00000;0.00000;0.00000;0.00000;0.00000;0.00000;0.00000;0.00000;0.00000;0.00000;0.00000;0.00000;0.00000;0.00000;0.00000;0.00000;0.00000;0.00000;0.00000;0.00000;0.00000;0.00000;0.00000;0.00000;0.00000;0.00000;0.00000;0.00000;0.00000;0.00000;0.00000;0.00000;0.00000;0.00000;0.00000;0.00000;0.00000;0.00000;0.00000;0.00000;0.00000;0.00000;0.00000;0.00000;0.00000;0.00000;0.00000;0.00000;0.00000;0.00000;0.00000;0.00000;0.00000;0.00000;0.00000;0.00000;0.00000;0.00000;0.00000;0.00000;0.00000;0.00000;0.00000;0.00000;0.00000;0.00000;0.00000;0.00000;0.00000;0.00000;0.00000;0.00000;0.00000;0.00000;0.00000;0.00000;0.00000;0.00000;0.00000;0.00000;0.00000;0.00000;0.00000;0.00000;0.00000;0.00000;0.00000;0.00000;0.00000;0.00000;0.00000;0.00000;0.00000;0.00000;0.00000;0.00000;0.00000;0.00000;0.00000;0.00000;0.00000;0.00000;0.00000;0.00000;0.00000;0.00000;0.00000;0.00000;0.00000;0.00000;0.00000;0.00000;0.00000;0.00000;0.00000;0.00000;0.00000;0.00000;0.00000;0.00000;0.00000;0.00000;0.00000;0.00000;0.00000;0.00000;0.00000;0.00000;0.00000;0.00000;0.00000;0.00000;0.00000;0.00000;0.00000;0.00000;0.00000;0.00000;0.00000;0.00000;0.00000;0.00000;0.00000;0.00000;0.00000;0.00000;0.00000;0.00000;0.00000;0.00000;0.00000;0.00000;0.00000;0.00000;0.00000;0.00000;0.00000;0.00000;0.00000;0.00000;0.00000;0.00000;0.00000;0.00000;0.00000;0.00000;0.00000;0.00000;0.00000;0.00000;0.00000;0.00000;0.00000;0.00000;0.00000;0.00000;0.00000;0.00000;0.00000;0.00000;0.00000;0.00000;0.00000;0.00000;0.00000;0.00000;0.00000;0.00000;0.00000;0.00000;0.00000;0.00000;0.00000;0.00000;0.00000;0.00000;0.00000;0.00000;0.00000;0.00000;0.00000;0.00000;0.00000;0.00000;0.00000;0.00000;0.00000;0.00000;0.00000;0.00000;0.00000;0.00000;0.00000;0.00000;0.00000;0.00000;0.00000;0.00000;0.00000;0.00000;0.00000;0.00000;0.00000;0.00000;0.00000;0.00000;0.00000;0.00000;0.00000;0.00000;0.00000;0.00000;0.00000;0.00000;0.00000;0.00000;0.00000;0.00000;0.00000;0.00000;0.00000;0.00000;0.00000;0.00000;0.00000;0.00000;0.00000;0.00000;0.00000;0.00000;0.00000;0.00000;0.00000;0.00000;0.00000;0.00000;0.00000;0.00000;0.00000;0.00000;0.00000;0.00000;0.00000;0.00000;0.00000;0.00000;0.00000;0.00000;0.00000;0.00000;0.00000;0.00000;0.00000;0.00000;0.00000;0.00000;0.00000;0.00000;0.00000;0.00000;0.00000;0.00000;0.00000;0.00000;0.00000;0.00000;0.00000;0.00000;0.00000;0.00000;0.00000;0.00000;0.00000;0.00000;0.00000;0.00000;0.00000;0.00000;0.00000;0.00000;0.00000;0.00000;0.00000;0.00000;0.00000;0.00000;0.00000;0.00000;0.00000;0.00000;0.00000;0.00000;0.00000;0.00000;0.00000;0.00000;0.00000;0.00000;0.00000;0.00000;0.00000;0.00000;0.00018;0.00000;0.00000;0.00000;0.00000;0.00000;0.00199;0.00000;0.00000;0.00000;0.00000;0.00000;0.00000;0.00000;0.00000;0.00000;0.00000;0.00000;0.00004;0.00000;0.00000;0.00000;0.00000;0.00000;0.00000;0.00000;0.00172;0.00000;0.00000;0.00000;0.00000;0.00000;0.00000;0.00000;0.00000;0.00000;0.00000;0.00000;0.00000;0.00000;0.00000;0.00000;0.00000;0.00000;0.00000;0.00000;0.00000;0.00000;0.00000;0.00000;0.00000;0.00000;0.00000;0.00000;0.00000;0.00000;0.00000;0.00000;0.00000;0.00000;0.00000;0.00000;0.00000;0.00000;0.00000;0.00000;0.00000;0.00000;0.00000;0.00000;0.00000;0.00000;0.00000;0.00000;0.00000;0.00000;0.00000;0.00000;0.00000;0.00000;0.00000;0.00000;0.00000;0.00000;0.00000;0.00000;0.00000;0.00000;0.00000;0.00000;0.00000;0.00000;0.00000;0.00000;0.00000;0.00000;0.00000;0.00000;0.00000;0.00000;0.00000;0.00000;0.00000;0.00000;0.00000;0.00000;0.00000;0.00000;0.00000;0.00000;0.00000;0.00000;0.00000;0.00000;0.00000;0.00000;0.00000;0.00000;0.00000;0.00000;0.00000;0.00000;0.00000;0.00000;0.00000;0.00000;0.00000;0.00000;0.00000;0.00000;0.00000;0.00000;0.00000;0.00000;0.00000;0.00000;0.00000;0.00000;0.00000;0.00000
2020-05-24 00:00;0.00000;0.00000;0.00000;0.00000;0.00000;0.00000;0.00000;0.00000;0.00000;0.00000;0.00000;0.00000;0.00000;0.00000;0.00000;0.00000;0.00000;0.00000;0.00000;0.00000;0.00000;0.00000;0.00000;0.00000;0.00000;0.00000;0.00000;0.00000;0.00000;0.00000;0.00000;0.00000;0.00000;0.00000;0.00000;0.00000;0.00000;0.00000;0.00000;0.00000;0.00000;0.00000;0.00000;0.00000;0.00000;0.00000;0.00000;0.00000;0.00000;0.00000;0.00000;0.00000;0.00000;0.00000;0.00000;0.00000;0.00000;0.00000;0.00000;0.00000;0.00000;0.00000;0.00000;0.00000;0.00000;0.00000;0.00000;0.00000;0.00000;0.00000;0.00000;0.00000;0.00000;0.00000;0.00000;0.00000;0.00000;0.00000;0.00000;0.00000;0.00000;0.00000;0.00000;0.00000;0.00000;0.00000;0.00000;0.00000;0.00000;0.00000;0.00000;0.00000;0.00000;0.00000;0.00000;0.00000;0.00000;0.00000;0.00000;0.00000;0.00000;0.00000;0.00000;0.00000;0.00000;0.00000;0.00000;0.00000;0.00000;0.00000;0.00000;0.00000;0.00000;0.00000;0.00000;0.00000;0.00000;0.00000;0.00000;0.00000;0.00000;0.00000;0.00000;0.00000;0.00000;0.00000;0.00000;0.00000;0.00000;0.00000;0.00000;0.00000;0.00000;0.00000;0.00000;0.00000;0.00000;0.00000;0.00000;0.00000;0.00000;0.00000;0.00000;0.00000;0.00000;0.00000;0.00000;0.00000;0.00000;0.00000;0.00000;0.00000;0.00000;0.00000;0.00000;0.00000;0.00000;0.00000;0.00000;0.00000;0.00000;0.00000;0.00000;0.00000;0.00000;0.00000;0.00000;0.00000;0.00000;0.00000;0.00000;0.00000;0.00000;0.00000;0.00000;0.00000;0.00000;0.00000;0.00000;0.00000;0.00000;0.00000;0.00000;0.00000;0.00000;0.00000;0.00000;0.00000;0.00000;0.00000;0.00000;0.00000;0.00000;0.00000;0.00000;0.00000;0.00000;0.00000;0.00000;0.00000;0.00000;0.00000;0.00000;0.00000;0.00000;0.00000;0.00000;0.00000;0.00000;0.00000;0.00000;0.00000;0.00000;0.00000;0.00000;0.00000;0.00000;0.00000;0.00000;0.00000;0.00000;0.00000;0.00000;0.00000;0.00000;0.00000;0.00000;0.00000;0.00000;0.00000;0.00000;0.00000;0.00000;0.00000;0.00000;0.00000;0.00000;0.00000;0.00000;0.00000;0.00000;0.00000;0.00000;0.00000;0.00000;0.00000;0.00000;0.00000;0.00000;0.00000;0.00000;0.00000;0.00000;0.00000;0.00000;0.00000;0.00000;0.00000;0.00000;0.00000;0.00000;0.00000;0.00000;0.00000;0.00000;0.00000;0.00000;0.00000;0.00000;0.00000;0.00000;0.00000;0.00000;0.00000;0.00000;0.00000;0.00000;0.00000;0.00000;0.00000;0.00000;0.00000;0.00000;0.00000;0.00000;0.00000;0.00000;0.00000;0.00000;0.00000;0.00000;0.00000;0.00000;0.00000;0.00000;0.00000;0.00000;0.00000;0.00000;0.00000;0.00000;0.00000;0.00000;0.00000;0.00000;0.00000;0.00000;0.00000;0.00000;0.00000;0.00000;0.00000;0.00000;0.00000;0.00000;0.00000;0.00000;0.00000;0.00000;0.00000;0.00000;0.00000;0.00000;0.00000;0.00000;0.00000;0.00000;0.00000;0.00000;0.00000;0.00000;0.00000;0.00000;0.00000;0.00000;0.00000;0.00000;0.00000;0.00000;0.00000;0.00000;0.00000;0.00000;0.00000;0.00000;0.00000;0.00000;0.00000;0.00000;0.00000;0.00000;0.00000;0.00000;0.00000;0.00000;0.00017;0.00000;0.00000;0.00000;0.00000;0.00000;0.00010;0.00000;0.00000;0.00000;0.00000;0.00000;0.00000;0.00000;0.00000;0.00000;0.00000;0.00000;0.00004;0.00000;0.00000;0.00000;0.00000;0.00000;0.00000;0.00000;0.00169;0.00000;0.00000;0.00000;0.00000;0.00000;0.00000;0.00000;0.00000;0.00000;0.00000;0.00000;0.00000;0.00000;0.00000;0.00000;0.00000;0.00000;0.00000;0.00000;0.00000;0.00000;0.00000;0.00000;0.00000;0.00000;0.00000;0.00000;0.00000;0.00000;0.00000;0.00000;0.00000;0.00000;0.00000;0.00000;0.00000;0.00000;0.00000;0.00000;0.00000;0.00000;0.00000;0.00000;0.00000;0.00000;0.00000;0.00000;0.00000;0.00000;0.00000;0.00000;0.00000;0.00000;0.00000;0.00000;0.00000;0.00000;0.00000;0.00000;0.00000;0.00000;0.00000;0.00000;0.00000;0.00000;0.00000;0.00000;0.00000;0.00000;0.00000;0.00000;0.00000;0.00000;0.00000;0.00000;0.00000;0.00000;0.00000;0.00000;0.00000;0.00000;0.00000;0.00000;0.00000;0.00000;0.00000;0.00000;0.00000;0.00000;0.00000;0.00000;0.00000;0.00000;0.00000;0.00000;0.00000;0.00000;0.00000;0.00000;0.00000;0.00000;0.00000;0.00000;0.00000;0.00000;0.00000;0.00000;0.00000;0.00000;0.00000;0.00000;0.00000;0.00000
2020-05-25 00:00;0.00273;0.00305;0.00000;0.00047;0.00004;0.00001;0.00000;0.00010;0.00000;0.00000;0.00009;0.00070;0.00157;0.00001;0.00000;0.00000;0.00096;0.00014;0.00004;0.00000;0.00000;0.00001;0.00003;0.00000;0.00000;0.00007;0.00001;0.00003;0.00000;0.00001;0.00000;0.00001;0.00011;0.00000;0.00000;0.00000;0.00000;0.00005;0.00002;0.00000;0.00001;0.00000;0.00005;0.00004;0.00008;0.00002;0.00000;0.00000;0.00001;0.00002;0.00002;0.00000;0.00000;0.00001;0.00000;0.00000;0.00000;0.00001;0.00000;0.00002;0.00005;0.00000;0.00009;0.00002;0.00004;0.00001;0.00041;0.00037;0.00000;0.00017;0.00009;0.00032;0.00002;0.00001;0.00003;0.00000;0.00005;0.00000;0.00000;0.00000;0.00002;0.00000;0.00000;0.00002;0.00000;0.00000;0.00007;0.00025;0.00000;0.00001;0.00000;0.00003;0.00011;0.00014;0.00000;0.00001;0.00009;0.00000;0.00002;0.00004;0.00188;0.00014;0.00001;0.00002;0.00007;0.00000;0.00001;0.00104;0.00009;0.00007;0.00008;0.00006;0.00021;0.00017;0.00078;0.00070;0.00003;0.00001;0.00004;0.00005;0.00001;0.00002;0.00000;0.00011;0.00005;0.00000;0.00000;0.00000;0.00001;0.00003;0.00012;0.00015;0.00000;0.00000;0.00000;0.00002;0.00002;0.00006;0.00007;0.00004;0.00002;0.00000;0.00002;0.00015;0.00007;0.00016;0.00008;0.00019;0.00000;0.00001;0.00000;0.00022;0.00023;0.00010;0.00009;0.00013;0.00000;0.00042;0.00004;0.00000;0.00006;0.00001;0.00014;0.00059;0.00050;0.00007;0.00010;0.00001;0.00000;0.00040;0.00042;0.00000;0.00024;0.00000;0.00000;0.00141;0.00000;0.00026;0.00068;0.00021;0.00003;0.00028;0.00000;0.00077;0.00074;0.00012;0.00000;0.00013;0.00009;0.00038;0.00031;0.00037;0.00009;0.00016;0.00000;0.00000;0.00008;0.00012;0.00000;0.00000;0.00000;0.00002;0.00019;0.00000;0.00000;0.00007;0.00189;0.00005;0.00004;0.00000;0.00000;0.00000;0.00000;0.00012;0.00003;0.00094;0.00013;0.00026;0.00002;0.00097;0.00003;0.00002;0.00000;0.00081;0.00045;0.00067;0.00013;0.00031;0.00000;0.00005;0.00015;0.00017;0.00005;0.00027;0.00000;0.00004;0.00000;0.00005;0.00002;0.00004;0.00000;0.00001;0.00020;0.00002;0.00023;0.00000;0.00006;0.00003;0.00000;0.00002;0.00021;0.00008;0.00004;0.00000;0.00014;0.00000;0.00017;0.00006;0.00006;0.00000;0.00000;0.00000;0.00000;0.00000;0.00005;0.00000;0.00000;0.00011;0.00000;0.00002;0.00000;0.00011;0.00000;0.00040;0.00056;0.00066;0.00054;0.00046;0.00000;0.00035;0.00021;0.00016;0.00000;0.00000;0.00000;0.00000;0.00000;0.00000;0.00000;0.00077;0.00093;0.00029;0.00008;0.00009;0.00000;0.00017;0.00003;0.00000;0.00000;0.00000;0.00009;0.00000;0.00013;0.00000;0.00002;0.00016;0.00018;0.00000;0.00004;0.00000;0.00005;0.00032;0.00045;0.00008;0.00011;0.00000;0.00000;0.00000;0.00000;0.00000;0.00000;0.00000;0.00004;0.00009;0.00000;0.00000;0.00000;0.00000;0.00057;0.00000;0.00006;0.00000;0.00000;0.00000;0.00000;0.00000;0.00000;0.00000;0.00000;0.00002;0.00000;0.00000;0.00001;0.00000;0.00001;0.00004;0.00003;0.00003;0.00006;0.00000;0.00082;0.00341;0.00000;0.00221;0.00173;0.00029;0.00094;0.00000;0.00085;0.00004;0.00157;0.00155;0.00000;0.00000;0.00000;0.00000;0.00005;0.00045;0.00000;0.00000;0.00002;0.00020;0.00000;0.00005;0.00000;0.00000;0.00000;0.00004;0.00007;0.00006;0.00006;0.00184;0.00000;0.00230;0.00000;0.00000;0.00001;0.00005;0.00004;0.00000;0.00004;0.00000;0.00004;0.00006;0.00000;0.00000;0.00061;0.00009;0.00008;0.00029;0.00045;0.00000;0.00089;0.00030;0.00001;0.00000;0.00000;0.00062;0.00009;0.00028;0.00000;0.00022;0.00012;0.00004;0.00001;0.00026;0.00004;0.00014;0.00058;0.00000;0.00016;0.00011;0.00003;0.00001;0.00016;0.00002;0.00009;0.00000;0.00008;0.00003;0.00002;0.00003;0.00063;0.00000;0.00000;0.00000;0.00000;0.00099;0.00000;0.00001;0.00001;0.00007;0.00002;0.00002;0.00001;0.00001;0.00000;0.00002;0.00001;0.00000;0.00065;0.00000;0.00004;0.00006;0.00031;0.00023;0.00002;0.00082;0.00000;0.00002;0.00001;0.00115;0.00010;0.00000;0.00006;0.00005;0.00002;0.00004;0.00000;0.00009;0.00001;0.00037;0.00043;0.00134;0.00000;0.00000;0.00000;0.00000;0.00000;0.00181;0.00000;0.00004;0.00012;0.00002;0.00007;0.00175;0.00008;0.00002;0.00028;0.00012;0.00007;0.00003;0.00003;0.00000;0.00001
2020-05-26 00:00;0.00054;0.00074;0.00000;0.00014;0.00000;0.00000;0.00000;0.00002;0.00000;0.00000;0.00003;0.00012;0.00075;0.00000;0.00000;0.00000;0.00031;0.00002;0.00001;0.00000;0.00000;0.00000;0.00000;0.00000;0.00000;0.00003;0.00000;0.00000;0.00000;0.00000;0.00000;0.00000;0.00003;0.00000;0.00000;0.00000;0.00000;0.00001;0.00000;0.00000;0.00000;0.00000;0.00000;0.00000;0.00001;0.00000;0.00000;0.00000;0.00001;0.00000;0.00000;0.00000;0.00000;0.00000;0.00000;0.00000;0.00000;0.00000;0.00000;0.00000;0.00000;0.00000;0.00001;0.00001;0.00000;0.00000;0.00007;0.00004;0.00000;0.00008;0.00001;0.00004;0.00000;0.00000;0.00001;0.00000;0.00000;0.00000;0.00000;0.00000;0.00000;0.00000;0.00000;0.00001;0.00000;0.00000;0.00002;0.00005;0.00000;0.00000;0.00000;0.00000;0.00003;0.00004;0.00000;0.00000;0.00002;0.00000;0.00000;0.00001;0.00321;0.00009;0.00000;0.00000;0.00001;0.00000;0.00000;0.00097;0.00001;0.00000;0.00001;0.00001;0.00003;0.00002;0.00013;0.00006;0.00000;0.00000;0.00000;0.00001;0.00000;0.00000;0.00000;0.00001;0.00000;0.00000;0.00000;0.00000;0.00000;0.00000;0.00001;0.00004;0.00000;0.00000;0.00000;0.00000;0.00001;0.00001;0.00001;0.00000;0.00000;0.00000;0.00000;0.00005;0.00001;0.00001;0.00002;0.00003;0.00000;0.00000;0.00000;0.00003;0.00005;0.00001;0.00001;0.00003;0.00000;0.00030;0.00000;0.00000;0.00001;0.00000;0.00009;0.00046;0.00011;0.00002;0.00002;0.00000;0.00000;0.00010;0.00013;0.00000;0.00008;0.00000;0.00000;0.00065;0.00000;0.00007;0.00018;0.00008;0.00002;0.00008;0.00000;0.00023;0.00017;0.00001;0.00000;0.00001;0.00002;0.00019;0.00018;0.00012;0.00003;0.00007;0.00000;0.00000;0.00003;0.00003;0.00000;0.00000;0.00000;0.00000;0.00015;0.00000;0.00000;0.00001;0.00077;0.00001;0.00001;0.00000;0.00000;0.00000;0.00000;0.00004;0.00000;0.00042;0.00006;0.00007;0.00001;0.00079;0.00000;0.00001;0.00000;0.00020;0.00014;0.00022;0.00002;0.00006;0.00000;0.00001;0.00004;0.00004;0.00001;0.00013;0.00000;0.00002;0.00000;0.00002;0.00001;0.00000;0.00000;0.00000;0.00009;0.00000;0.00008;0.00000;0.00001;0.00000;0.00000;0.00000;0.00007;0.00004;0.00001;0.00000;0.00005;0.00000;0.00007;0.00001;0.00001;0.00000;0.00000;0.00000;0.00000;0.00000;0.00002;0.00000;0.00000;0.00006;0.00000;0.00001;0.00000;0.00001;0.00000;0.00011;0.00025;0.00019;0.00010;0.00021;0.00000;0.00011;0.00009;0.00004;0.00000;0.00000;0.00000;0.00000;0.00000;0.00000;0.00000;0.00055;0.00040;0.00016;0.00001;0.00001;0.00000;0.00004;0.00000;0.00000;0.00000;0.00000;0.00002;0.00000;0.00003;0.00000;0.00001;0.00008;0.00003;0.00000;0.00001;0.00000;0.00002;0.00018;0.00012;0.00001;0.00002;0.00000;0.00000;0.00000;0.00000;0.00000;0.00000;0.00000;0.00001;0.00004;0.00000;0.00000;0.00000;0.00000;0.00010;0.00000;0.00002;0.00000;0.00000;0.00000;0.00000;0.00000;0.00000;0.00000;0.00000;0.00000;0.00000;0.00000;0.00000;0.00000;0.00000;0.00001;0.00001;0.00001;0.00001;0.00000;0.00026;0.00077;0.00000;0.00045;0.00026;0.00016;0.00013;0.00000;0.00012;0.00001;0.00034;0.00009;0.00000;0.00000;0.00000;0.00000;0.00001;0.00019;0.00000;0.00000;0.00001;0.00006;0.00000;0.00003;0.00000;0.00000;0.00000;0.00001;0.00002;0.00001;0.00002;0.00153;0.00000;0.00120;0.00000;0.00000;0.00000;0.00001;0.00001;0.00000;0.00001;0.00000;0.00002;0.00001;0.00000;0.00000;0.00016;0.00002;0.00002;0.00011;0.00023;0.00000;0.00018;0.00010;0.00000;0.00000;0.00000;0.00035;0.00002;0.00008;0.00000;0.00007;0.00003;0.00001;0.00000;0.00017;0.00001;0.00003;0.00036;0.00000;0.00007;0.00004;0.00001;0.00000;0.00005;0.00000;0.00004;0.00000;0.00001;0.00000;0.00000;0.00000;0.00049;0.00000;0.00000;0.00000;0.00000;0.00075;0.00000;0.00000;0.00000;0.00001;0.00000;0.00000;0.00000;0.00000;0.00000;0.00000;0.00000;0.00000;0.00070;0.00000;0.00002;0.00001;0.00007;0.00012;0.00000;0.00021;0.00000;0.00000;0.00000;0.00059;0.00004;0.00000;0.00001;0.00002;0.00000;0.00001;0.00000;0.00003;0.00000;0.00011;0.00016;0.00174;0.00000;0.00000;0.00000;0.00000;0.00000;0.00150;0.00000;0.00001;0.00004;0.00000;0.00001;0.00070;0.00001;0.00000;0.00008;0.00004;0.00003;0.00002;0.00001;0.00000;0.00000
2020-05-27 00:00;0.00000;0.00000;0.00000;0.00000;0.00000;0.00000;0.00000;0.00000;0.00000;0.00000;0.00000;0.00000;0.00000;0.00000;0.00000;0.00000;0.00000;0.00000;0.00000;0.00000;0.00000;0.00000;0.00000;0.00000;0.00000;0.00000;0.00000;0.00000;0.00000;0.00000;0.00000;0.00000;0.00000;0.00000;0.00000;0.00000;0.00000;0.00000;0.00000;0.00000;0.00000;0.00000;0.00000;0.00000;0.00000;0.00000;0.00000;0.00000;0.00000;0.00000;0.00000;0.00000;0.00000;0.00000;0.00000;0.00000;0.00000;0.00000;0.00000;0.00000;0.00000;0.00000;0.00000;0.00000;0.00000;0.00000;0.00000;0.00000;0.00000;0.00000;0.00000;0.00000;0.00000;0.00000;0.00000;0.00000;0.00000;0.00000;0.00000;0.00000;0.00000;0.00000;0.00000;0.00000;0.00000;0.00000;0.00000;0.00000;0.00000;0.00000;0.00000;0.00000;0.00000;0.00000;0.00000;0.00000;0.00000;0.00000;0.00000;0.00000;0.00074;0.00001;0.00000;0.00000;0.00000;0.00000;0.00000;0.00031;0.00000;0.00000;0.00000;0.00000;0.00000;0.00000;0.00007;0.00010;0.00001;0.00000;0.00001;0.00001;0.00000;0.00000;0.00000;0.00003;0.00001;0.00000;0.00000;0.00000;0.00000;0.00001;0.00003;0.00003;0.00000;0.00000;0.00000;0.00001;0.00001;0.00001;0.00002;0.00001;0.00000;0.00000;0.00001;0.00004;0.00001;0.00004;0.00002;0.00004;0.00000;0.00000;0.00000;0.00005;0.00006;0.00002;0.00002;0.00003;0.00000;0.00014;0.00001;0.00000;0.00001;0.00000;0.00005;0.00012;0.00011;0.00002;0.00002;0.00000;0.00000;0.00008;0.00006;0.00000;0.00005;0.00000;0.00000;0.00051;0.00000;0.00007;0.00011;0.00008;0.00001;0.00007;0.00000;0.00019;0.00021;0.00003;0.00000;0.00003;0.00002;0.00005;0.00008;0.00007;0.00002;0.00004;0.00000;0.00000;0.00002;0.00003;0.00000;0.00000;0.00000;0.00000;0.00006;0.00000;0.00000;0.00002;0.00043;0.00001;0.00001;0.00000;0.00000;0.00000;0.00000;0.00003;0.00001;0.00028;0.00003;0.00007;0.00000;0.00018;0.00001;0.00001;0.00000;0.00015;0.00007;0.00007;0.00003;0.00006;0.00000;0.00001;0.00003;0.00003;0.00001;0.00004;0.00000;0.00000;0.00000;0.00001;0.00000;0.00001;0.00000;0.00000;0.00001;0.00000;0.00003;0.00000;0.00001;0.00000;0.00000;0.00000;0.00002;0.00001;0.00000;0.00000;0.00001;0.00000;0.00000;0.00000;0.00000;0.00000;0.00000;0.00000;0.00000;0.00000;0.00000;0.00000;0.00000;0.00000;0.00000;0.00000;0.00000;0.00001;0.00000;0.00005;0.00005;0.00005;0.00004;0.00004;0.00000;0.00003;0.00002;0.00001;0.00000;0.00000;0.00000;0.00000;0.00000;0.00000;0.00000;0.00007;0.00001;0.00000;0.00001;0.00001;0.00000;0.00003;0.00000;0.00000;0.00000;0.00000;0.00001;0.00000;0.00001;0.00000;0.00000;0.00000;0.00003;0.00000;0.00001;0.00000;0.00001;0.00003;0.00004;0.00001;0.00001;0.00000;0.00000;0.00000;0.00000;0.00000;0.00000;0.00000;0.00001;0.00002;0.00000;0.00000;0.00000;0.00000;0.00014;0.00000;0.00001;0.00000;0.00000;0.00000;0.00000;0.00000;0.00000;0.00000;0.00000;0.00001;0.00000;0.00000;0.00000;0.00000;0.00000;0.00001;0.00001;0.00001;0.00001;0.00000;0.00016;0.00069;0.00000;0.00056;0.00037;0.00017;0.00019;0.00000;0.00017;0.00001;0.00032;0.00006;0.00000;0.00000;0.00000;0.00000;0.00001;0.00000;0.00000;0.00000;0.00000;0.00004;0.00000;0.00003;0.00000;0.00000;0.00000;0.00001;0.00001;0.00001;0.00001;0.00146;0.00000;0.00002;0.00000;0.00000;0.00000;0.00001;0.00001;0.00000;0.00001;0.00000;0.00000;0.00001;0.00000;0.00000;0.00012;0.00002;0.00002;0.00009;0.00011;0.00000;0.00022;0.00007;0.00000;0.00000;0.00000;0.00016;0.00002;0.00007;0.00000;0.00006;0.00002;0.00001;0.00000;0.00007;0.00001;0.00003;0.00004;0.00000;0.00004;0.00001;0.00001;0.00000;0.00004;0.00000;0.00002;0.00000;0.00002;0.00001;0.00001;0.00001;0.00020;0.00000;0.00000;0.00000;0.00000;0.00029;0.00000;0.00000;0.00000;0.00002;0.00001;0.00001;0.00000;0.00000;0.00000;0.00000;0.00000;0.00000;0.00022;0.00000;0.00000;0.00001;0.00007;0.00005;0.00000;0.00001;0.00000;0.00000;0.00000;0.00020;0.00000;0.00000;0.00000;0.00000;0.00000;0.00000;0.00000;0.00000;0.00000;0.00000;0.00000;0.00041;0.00000;0.00000;0.00000;0.00000;0.00000;0.00016;0.00000;0.00000;0.00000;0.00000;0.00000;0.00000;0.00000;0.00000;0.00000;0.00000;0.00000;0.00000;0.00000;0.00000;0.00000
2020-05-28 00:00;0.00000;0.00000;0.00000;0.00000;0.00000;0.00000;0.00000;0.00000;0.00000;0.00000;0.00000;0.00000;0.00000;0.00000;0.00000;0.00000;0.00000;0.00000;0.00000;0.00000;0.00000;0.00000;0.00000;0.00000;0.00000;0.00000;0.00000;0.00000;0.00000;0.00000;0.00000;0.00000;0.00000;0.00000;0.00000;0.00000;0.00000;0.00000;0.00000;0.00000;0.00000;0.00000;0.00000;0.00000;0.00000;0.00000;0.00000;0.00000;0.00000;0.00000;0.00000;0.00000;0.00000;0.00000;0.00000;0.00000;0.00000;0.00000;0.00000;0.00000;0.00000;0.00000;0.00000;0.00000;0.00000;0.00000;0.00000;0.00000;0.00000;0.00000;0.00000;0.00000;0.00000;0.00000;0.00000;0.00000;0.00000;0.00000;0.00000;0.00000;0.00000;0.00000;0.00000;0.00000;0.00000;0.00000;0.00000;0.00000;0.00000;0.00000;0.00000;0.00000;0.00000;0.00000;0.00000;0.00000;0.00000;0.00000;0.00000;0.00000;0.00046;0.00000;0.00000;0.00000;0.00000;0.00000;0.00000;0.00017;0.00000;0.00000;0.00000;0.00000;0.00000;0.00000;0.00001;0.00001;0.00000;0.00000;0.00000;0.00000;0.00000;0.00000;0.00000;0.00000;0.00000;0.00000;0.00000;0.00000;0.00000;0.00000;0.00000;0.00001;0.00000;0.00000;0.00000;0.00000;0.00000;0.00000;0.00000;0.00000;0.00000;0.00000;0.00000;0.00001;0.00000;0.00000;0.00000;0.00001;0.00000;0.00000;0.00000;0.00001;0.00001;0.00000;0.00000;0.00001;0.00000;0.00008;0.00000;0.00000;0.00000;0.00000;0.00002;0.00005;0.00002;0.00000;0.00000;0.00000;0.00000;0.00002;0.00002;0.00000;0.00002;0.00000;0.00000;0.00023;0.00000;0.00002;0.00003;0.00003;0.00000;0.00002;0.00000;0.00006;0.00005;0.00000;0.00000;0.00000;0.00000;0.00002;0.00005;0.00002;0.00001;0.00002;0.00000;0.00000;0.00001;0.00001;0.00000;0.00000;0.00000;0.00000;0.00004;0.00000;0.00000;0.00000;0.00018;0.00000;0.00000;0.00000;0.00000;0.00000;0.00000;0.00001;0.00000;0.00012;0.00001;0.00002;0.00000;0.00007;0.00000;0.00000;0.00000;0.00004;0.00002;0.00002;0.00000;0.00001;0.00000;0.00000;0.00001;0.00001;0.00000;0.00002;0.00000;0.00000;0.00000;0.00000;0.00000;0.00000;0.00000;0.00000;0.00000;0.00000;0.00001;0.00000;0.00000;0.00000;0.00000;0.00000;0.00001;0.00000;0.00000;0.00000;0.00000;0.00000;0.00000;0.00000;0.00000;0.00000;0.00000;0.00000;0.00000;0.00000;0.00000;0.00000;0.00000;0.00000;0.00000;0.00000;0.00000;0.00000;0.00000;0.00001;0.00002;0.00002;0.00001;0.00002;0.00000;0.00001;0.00001;0.00000;0.00000;0.00000;0.00000;0.00000;0.00000;0.00000;0.00000;0.00000;0.00001;0.00000;0.00000;0.00000;0.00000;0.00001;0.00000;0.00000;0.00000;0.00000;0.00000;0.00000;0.00000;0.00000;0.00000;0.00000;0.00001;0.00000;0.00000;0.00000;0.00000;0.00002;0.00001;0.00000;0.00000;0.00000;0.00000;0.00000;0.00000;0.00000;0.00000;0.00000;0.00000;0.00001;0.00000;0.00000;0.00000;0.00000;0.00003;0.00000;0.00000;0.00000;0.00000;0.00000;0.00000;0.00000;0.00000;0.00000;0.00000;0.00000;0.00000;0.00000;0.00000;0.00000;0.00000;0.00000;0.00000;0.00000;0.00000;0.00000;0.00005;0.00016;0.00000;0.00011;0.00005;0.00014;0.00003;0.00000;0.00002;0.00000;0.00007;0.00006;0.00000;0.00000;0.00000;0.00000;0.00000;0.00000;0.00000;0.00000;0.00000;0.00001;0.00000;0.00003;0.00000;0.00000;0.00000;0.00000;0.00000;0.00000;0.00000;0.00139;0.00000;0.00001;0.00000;0.00000;0.00000;0.00000;0.00000;0.00000;0.00000;0.00000;0.00000;0.00000;0.00000;0.00000;0.00003;0.00000;0.00000;0.00003;0.00006;0.00000;0.00004;0.00002;0.00000;0.00000;0.00000;0.00009;0.00000;0.00002;0.00000;0.00002;0.00000;0.00000;0.00000;0.00004;0.00000;0.00001;0.00002;0.00000;0.00002;0.00001;0.00000;0.00000;0.00001;0.00000;0.00001;0.00000;0.00000;0.00000;0.00000;0.00000;0.00012;0.00000;0.00000;0.00000;0.00000;0.00016;0.00000;0.00000;0.00000;0.00000;0.00000;0.00000;0.00000;0.00000;0.00000;0.00000;0.00000;0.00000;0.00013;0.00000;0.00000;0.00000;0.00002;0.00002;0.00000;0.00000;0.00000;0.00000;0.00000;0.00010;0.00000;0.00000;0.00000;0.00000;0.00000;0.00000;0.00000;0.00000;0.00000;0.00000;0.00000;0.00024;0.00000;0.00000;0.00000;0.00000;0.00000;0.00000;0.00000;0.00000;0.00000;0.00000;0.00000;0.00000;0.00000;0.00000;0.00000;0.00000;0.00000;0.00000;0.00000;0.00000;0.00000
2020-05-29 00:00;0.00109;0.00189;0.00000;0.00017;0.00001;0.00000;0.00000;0.00009;0.00000;0.00000;0.00004;0.00097;0.00164;0.00000;0.00000;0.00000;0.00150;0.00022;0.00006;0.00000;0.00000;0.00001;0.00005;0.00000;0.00000;0.00011;0.00001;0.00005;0.00000;0.00001;0.00000;0.00001;0.00018;0.00000;0.00000;0.00000;0.00000;0.00008;0.00003;0.00001;0.00002;0.00000;0.00008;0.00007;0.00014;0.00003;0.00000;0.00000;0.00002;0.00003;0.00004;0.00000;0.00000;0.00001;0.00001;0.00000;0.00000;0.00002;0.00000;0.00003;0.00008;0.00000;0.00016;0.00003;0.00006;0.00002;0.00069;0.00061;0.00000;0.00028;0.00016;0.00054;0.00003;0.00001;0.00005;0.00001;0.00008;0.00000;0.00000;0.00000;0.00004;0.00000;0.00000;0.00004;0.00000;0.00000;0.00011;0.00041;0.00000;0.00002;0.00000;0.00005;0.00019;0.00023;0.00000;0.00002;0.00015;0.00000;0.00002;0.00005;0.00176;0.00022;0.00002;0.00004;0.00011;0.00001;0.00001;0.00182;0.00013;0.00011;0.00012;0.00009;0.00035;0.00027;0.00133;0.00120;0.00005;0.00002;0.00006;0.00007;0.00001;0.00003;0.00000;0.00020;0.00008;0.00001;0.00000;0.00000;0.00002;0.00004;0.00020;0.00022;0.00000;0.00000;0.00000;0.00004;0.00004;0.00009;0.00012;0.00007;0.00002;0.00000;0.00004;0.00026;0.00010;0.00027;0.00013;0.00030;0.00000;0.00002;0.00000;0.00035;0.00040;0.00017;0.00014;0.00021;0.00001;0.00074;0.00006;0.00000;0.00009;0.00001;0.00025;0.00052;0.00084;0.00013;0.00026;0.00002;0.00001;0.00086;0.00068;0.00000;0.00043;0.00000;0.00000;0.00244;0.00000;0.00014;0.00115;0.00041;0.00011;0.00099;0.00000;0.00268;0.00241;0.00040;0.00000;0.00046;0.00022;0.00063;0.00110;0.00106;0.00033;0.00055;0.00000;0.00000;0.00027;0.00042;0.00000;0.00000;0.00000;0.00007;0.00068;0.00000;0.00000;0.00024;0.00812;0.00022;0.00017;0.00000;0.00000;0.00000;0.00000;0.00053;0.00012;0.00347;0.00054;0.00106;0.00005;0.00310;0.00013;0.00009;0.00000;0.00300;0.00155;0.00158;0.00056;0.00134;0.00000;0.00023;0.00068;0.00077;0.00024;0.00096;0.00000;0.00011;0.00000;0.00019;0.00006;0.00014;0.00000;0.00003;0.00047;0.00006;0.00060;0.00000;0.00014;0.00007;0.00000;0.00005;0.00044;0.00019;0.00008;0.00000;0.00026;0.00000;0.00019;0.00011;0.00011;0.00000;0.00000;0.00000;0.00000;0.00000;0.00009;0.00000;0.00000;0.00015;0.00000;0.00003;0.00000;0.00022;0.00000;0.00078;0.00108;0.00126;0.00103;0.00087;0.00000;0.00064;0.00042;0.00031;0.00000;0.00000;0.00000;0.00000;0.00000;0.00000;0.00000;0.00081;0.00135;0.00039;0.00016;0.00018;0.00000;0.00015;0.00007;0.00000;0.00000;0.00000;0.00021;0.00000;0.00026;0.00000;0.00006;0.00057;0.00078;0.00000;0.00019;0.00000;0.00022;0.00082;0.00108;0.00017;0.00026;0.00001;0.00000;0.00000;0.00000;0.00000;0.00000;0.00000;0.00017;0.00039;0.00000;0.00000;0.00000;0.00000;0.00148;0.00000;0.00028;0.00002;0.00000;0.00000;0.00000;0.00000;0.00000;0.00000;0.00000;0.00011;0.00000;0.00000;0.00003;0.00002;0.00006;0.00017;0.00012;0.00013;0.00028;0.00001;0.00359;0.01499;0.00000;0.00820;0.00755;0.00062;0.00413;0.00001;0.00375;0.00016;0.00693;0.00040;0.00000;0.00000;0.00000;0.00000;0.00020;0.00140;0.00000;0.00000;0.00010;0.00088;0.00000;0.00004;0.00000;0.00000;0.00000;0.00020;0.00030;0.00027;0.00025;0.00182;0.00000;0.00457;0.00000;0.00000;0.00004;0.00020;0.00017;0.00000;0.00016;0.00001;0.00015;0.00028;0.00000;0.00000;0.00251;0.00038;0.00034;0.00112;0.00173;0.00000;0.00400;0.00134;0.00003;0.00000;0.00000;0.00280;0.00034;0.00101;0.00000;0.00077;0.00024;0.00014;0.00003;0.00091;0.00013;0.00049;0.00052;0.00000;0.00047;0.00018;0.00011;0.00004;0.00002;0.00002;0.00015;0.00000;0.00014;0.00004;0.00004;0.00005;0.00163;0.00000;0.00000;0.00000;0.00000;0.00204;0.00001;0.00002;0.00002;0.00012;0.00004;0.00004;0.00002;0.00001;0.00000;0.00003;0.00001;0.00000;0.00088;0.00000;0.00003;0.00007;0.00049;0.00032;0.00004;0.00132;0.00000;0.00002;0.00001;0.00186;0.00012;0.00000;0.00010;0.00009;0.00001;0.00007;0.00000;0.00015;0.00002;0.00061;0.00071;0.00195;0.00000;0.00001;0.00001;0.00000;0.00000;0.00296;0.00000;0.00007;0.00013;0.00003;0.00011;0.00005;0.00013;0.00003;0.00046;0.00017;0.00011;0.00005;0.00005;0.00000;0.00002
2020-05-30 00:00;0.00839;0.00611;0.00000;0.00125;0.00011;0.00003;0.00001;0.00035;0.00001;0.00001;0.00041;0.00280;0.00613;0.00003;0.00001;0.00001;0.00370;0.00058;0.00016;0.00001;0.00000;0.00003;0.00012;0.00000;0.00001;0.00063;0.00003;0.00012;0.00001;0.00002;0.00000;0.00003;0.00048;0.00001;0.00001;0.00000;0.00000;0.00020;0.00008;0.00002;0.00006;0.00000;0.00021;0.00017;0.00034;0.00007;0.00001;0.00001;0.00005;0.00008;0.00009;0.00001;0.00001;0.00003;0.00002;0.00000;0.00000;0.00004;0.00000;0.00009;0.00019;0.00000;0.00039;0.00008;0.00015;0.00004;0.00178;0.00153;0.00001;0.00095;0.00039;0.00137;0.00008;0.00002;0.00014;0.00002;0.00020;0.00000;0.00001;0.00000;0.00009;0.00000;0.00001;0.00010;0.00000;0.00001;0.00029;0.00107;0.00000;0.00006;0.00000;0.00013;0.00049;0.00060;0.00000;0.00005;0.00040;0.00000;0.00006;0.00011;0.00584;0.00066;0.00005;0.00010;0.00027;0.00002;0.00004;0.00455;0.00033;0.00027;0.00031;0.00022;0.00089;0.00067;0.00289;0.00223;0.00007;0.00002;0.00009;0.00010;0.00001;0.00004;0.00000;0.00027;0.00011;0.00001;0.00000;0.00000;0.00003;0.00006;0.00027;0.00034;0.00000;0.00000;0.00000;0.00005;0.00006;0.00013;0.00017;0.00009;0.00003;0.00000;0.00005;0.00041;0.00014;0.00037;0.00020;0.00043;0.00000;0.00002;0.00000;0.00050;0.00059;0.00024;0.00019;0.00031;0.00001;0.00157;0.00009;0.00000;0.00013;0.00002;0.00048;0.00103;0.00121;0.00020;0.00037;0.00002;0.00001;0.00176;0.00105;0.00000;0.00130;0.00000;0.00000;0.00370;0.00000;0.00046;0.00152;0.00059;0.00024;0.00166;0.00000;0.00492;0.00341;0.00053;0.00000;0.00060;0.00041;0.00276;0.00286;0.00141;0.00062;0.00126;0.00000;0.00000;0.00082;0.00071;0.00000;0.00000;0.00000;0.00009;0.00206;0.00000;0.00000;0.00045;0.01692;0.00036;0.00031;0.00000;0.00000;0.00000;0.00000;0.00102;0.00021;0.00650;0.00220;0.00187;0.00006;0.00413;0.00022;0.00016;0.00000;0.00602;0.00250;0.00428;0.00133;0.00227;0.00000;0.00043;0.00156;0.00182;0.00043;0.00686;0.00000;0.00021;0.00000;0.00032;0.00005;0.00024;0.00000;0.00005;0.00045;0.00012;0.00164;0.00000;0.00028;0.00013;0.00000;0.00010;0.00199;0.00042;0.00019;0.00000;0.00062;0.00000;0.00011;0.00028;0.00026;0.00000;0.00000;0.00000;0.00000;0.00000;0.00022;0.00000;0.00000;0.00019;0.00000;0.00003;0.00000;0.00047;0.00000;0.00137;0.00550;0.00390;0.00255;0.00244;0.00000;0.00155;0.00142;0.00078;0.00000;0.00000;0.00000;0.00000;0.00000;0.00000;0.00000;0.00088;0.00128;0.00032;0.00039;0.00042;0.00000;0.00023;0.00013;0.00000;0.00000;0.00000;0.00057;0.00000;0.00029;0.00000;0.00059;0.00028;0.00131;0.00000;0.00043;0.00000;0.00072;0.00230;0.00238;0.00032;0.00049;0.00126;0.00000;0.00000;0.00000;0.00000;0.00000;0.00000;0.00027;0.00112;0.00000;0.00000;0.00000;0.00000;0.00261;0.00000;0.00255;0.00003;0.00000;0.00000;0.00000;0.00000;0.00000;0.00000;0.00000;0.00019;0.00000;0.00000;0.00005;0.00003;0.00009;0.00030;0.00023;0.00022;0.00050;0.00024;0.01042;0.02726;0.00000;0.01439;0.01313;0.00105;0.00736;0.00047;0.00652;0.00033;0.01251;0.00006;0.00000;0.00000;0.00000;0.00000;0.00498;0.00060;0.00000;0.00000;0.00016;0.00166;0.00000;0.00009;0.00000;0.00113;0.00000;0.00035;0.00024;0.00050;0.00046;0.01868;0.00000;0.00301;0.00000;0.00000;0.00064;0.00035;0.00029;0.00000;0.00033;0.00001;0.00013;0.00050;0.00000;0.00000;0.00463;0.00070;0.00062;0.00184;0.00347;0.00000;0.00618;0.00302;0.00218;0.00000;0.00000;0.01267;0.00059;0.00256;0.00000;0.00141;0.00051;0.00021;0.00021;0.00261;0.00018;0.00085;0.00222;0.00000;0.00072;0.00056;0.00018;0.00005;0.00036;0.00002;0.00027;0.00000;0.00020;0.00005;0.00005;0.00007;0.00321;0.00000;0.00000;0.00000;0.00000;0.00363;0.00001;0.00004;0.00004;0.00018;0.00006;0.00006;0.00002;0.00002;0.00000;0.00005;0.00001;0.00000;0.00204;0.00000;0.00005;0.00011;0.00074;0.00056;0.00009;0.00343;0.00000;0.00006;0.00003;0.00387;0.00032;0.00000;0.00024;0.00024;0.00003;0.00017;0.00000;0.00040;0.00005;0.00165;0.00163;0.00465;0.00001;0.00002;0.00002;0.00000;0.00001;0.01221;0.00001;0.00017;0.00023;0.00007;0.00028;0.00269;0.00034;0.00009;0.00136;0.00037;0.00031;0.00015;0.00013;0.00000;0.00006
2020-05-31 00:00;0.03891;0.02018;0.00002;0.00578;0.00047;0.00012;0.00005;0.00189;0.00006;0.00006;0.00131;0.01566;0.02914;0.00012;0.00003;0.00003;0.01682;0.00406;0.00086;0.00006;0.00000;0.00019;0.00086;0.00000;0.00003;0.00167;0.00022;0.00086;0.00003;0.00011;0.00000;0.00014;0.00292;0.00003;0.00006;0.00000;0.00002;0.00104;0.00077;0.00008;0.00034;0.00000;0.00113;0.00152;0.00178;0.00078;0.00003;0.00006;0.00034;0.00042;0.00064;0.00006;0.00006;0.00017;0.00009;0.00000;0.00000;0.00023;0.00000;0.00048;0.00123;0.00000;0.00207;0.00040;0.00080;0.00030;0.00927;0.00887;0.00003;0.00406;0.00208;0.00774;0.00043;0.00012;0.00070;0.00008;0.00133;0.00000;0.00003;0.00000;0.00050;0.00020;0.00003;0.00049;0.00000;0.00005;0.00149;0.00635;0.00000;0.00041;0.00000;0.00113;0.00256;0.00403;0.00000;0.00050;0.00207;0.00085;0.00043;0.00106;0.02241;0.00339;0.00082;0.00054;0.00214;0.00008;0.00019;0.01961;0.00172;0.00221;0.00161;0.00203;0.00469;0.00464;0.01533;0.01354;0.00038;0.00019;0.00051;0.00101;0.00004;0.00024;0.00000;0.00156;0.00105;0.00006;0.00002;0.00000;0.00017;0.00057;0.00156;0.00232;0.00002;0.00004;0.00000;0.00030;0.00032;0.00076;0.00133;0.00055;0.00035;0.00002;0.00031;0.00212;0.00080;0.00262;0.00108;0.00291;0.00002;0.00013;0.00000;0.00282;0.00406;0.00139;0.00169;0.00167;0.00007;0.00658;0.00050;0.00017;0.00076;0.00010;0.00216;0.00510;0.00867;0.00099;0.00146;0.00008;0.00003;0.00542;0.00410;0.00000;0.00325;0.00000;0.00000;0.00575;0.00000;0.00124;0.00770;0.00103;0.00055;0.00454;0.00000;0.01282;0.01125;0.00179;0.00044;0.00197;0.00108;0.00537;0.00644;0.00667;0.00168;0.00352;0.00000;0.00000;0.00188;0.00362;0.00012;0.00079;0.00000;0.00028;0.00410;0.00011;0.00034;0.00114;0.03204;0.00100;0.00102;0.00000;0.00000;0.00000;0.00000;0.00214;0.00046;0.01632;0.00275;0.00356;0.00019;0.01127;0.00094;0.00034;0.00000;0.01061;0.00456;0.00631;0.00164;0.00395;0.00012;0.00063;0.00206;0.00227;0.00068;0.00943;0.00000;0.00046;0.00000;0.00075;0.00036;0.00040;0.00000;0.00007;0.00257;0.00016;0.00200;0.00000;0.00031;0.00016;0.00000;0.00011;0.00144;0.00064;0.00020;0.00000;0.00081;0.00000;0.00078;0.00029;0.00026;0.00000;0.00000;0.00000;0.00000;0.00000;0.00026;0.00000;0.00000;0.00079;0.00000;0.00016;0.00000;0.00049;0.00000;0.00143;0.00605;0.00365;0.00259;0.00270;0.00000;0.00184;0.00148;0.00081;0.00000;0.00000;0.00000;0.00000;0.00000;0.00000;0.00000;0.00455;0.00666;0.00212;0.00037;0.00041;0.00000;0.00030;0.00016;0.00000;0.00000;0.00000;0.00054;0.00000;0.00089;0.00000;0.00044;0.00315;0.00218;0.00000;0.00055;0.00003;0.00078;0.00279;0.00295;0.00039;0.00059;0.00069;0.00000;0.00000;0.00015;0.00000;0.00000;0.00000;0.00050;0.00144;0.00003;0.00000;0.00032;0.00000;0.00402;0.00000;0.00365;0.00005;0.00000;0.00000;0.00000;0.00000;0.00000;0.00000;0.00000;0.00038;0.00000;0.00005;0.00011;0.00005;0.00015;0.00045;0.00047;0.00038;0.00076;0.00008;0.01460;0.04275;0.00000;0.02307;0.02205;0.01294;0.01136;0.00010;0.01011;0.00047;0.01953;0.00728;0.00000;0.00000;0.00000;0.00000;0.00379;0.01026;0.00000;0.00000;0.00031;0.00257;0.00000;0.00306;0.00000;0.00034;0.00000;0.00054;0.00078;0.00077;0.00071;0.16341;0.00000;0.02169;0.00000;0.00000;0.00018;0.00060;0.00055;0.00010;0.00047;0.00003;0.00079;0.00078;0.00002;0.00000;0.00717;0.00115;0.00095;0.00436;0.00792;0.00000;0.01370;0.00512;0.00098;0.00000;0.00001;0.02036;0.00150;0.00471;0.00000;0.00360;0.00112;0.00062;0.00017;0.00518;0.00057;0.00221;0.00450;0.00000;0.00210;0.00095;0.00051;0.00024;0.00056;0.00013;0.00129;0.00000;0.00114;0.00031;0.00030;0.00038;0.01037;0.00000;0.00000;0.00000;0.00000;0.01404;0.00004;0.00020;0.00019;0.00100;0.00033;0.00031;0.00013;0.00009;0.00000;0.00026;0.00007;0.00000;0.00810;0.00002;0.00027;0.00061;0.00400;0.00269;0.00048;0.01785;0.00000;0.00031;0.00014;0.01852;0.00160;0.00000;0.00128;0.00120;0.00014;0.00090;0.00000;0.00203;0.00027;0.00838;0.00876;0.01569;0.00005;0.00008;0.00011;0.00000;0.00006;0.04235;0.00003;0.00090;0.00219;0.00039;0.00149;0.00468;0.00178;0.00046;0.00643;0.00230;0.00157;0.00072;0.00065;0.00000;0.00033
2020-06-01 00:00;0.00846;0.00638;0.00000;0.00203;0.00001;0.00000;0.00000;0.00041;0.00000;0.00000;0.00049;0.00319;0.01399;0.00000;0.00000;0.00000;0.00617;0.00062;0.00017;0.00001;0.00000;0.00002;0.00012;0.00000;0.00000;0.00121;0.00002;0.00009;0.00000;0.00001;0.00000;0.00002;0.00095;0.00000;0.00001;0.00000;0.00000;0.00024;0.00006;0.00001;0.00010;0.00000;0.00014;0.00018;0.00022;0.00007;0.00000;0.00000;0.00015;0.00005;0.00007;0.00000;0.00000;0.00002;0.00000;0.00000;0.00000;0.00006;0.00000;0.00006;0.00013;0.00000;0.00025;0.00019;0.00012;0.00003;0.00193;0.00132;0.00000;0.00208;0.00027;0.00135;0.00005;0.00001;0.00031;0.00001;0.00014;0.00000;0.00000;0.00000;0.00007;0.00002;0.00000;0.00019;0.00000;0.00000;0.00042;0.00148;0.00000;0.00004;0.00000;0.00012;0.00072;0.00120;0.00000;0.00005;0.00061;0.00010;0.00015;0.00035;0.03095;0.00218;0.00007;0.00006;0.00033;0.00001;0.00003;0.01682;0.00036;0.00021;0.00027;0.00026;0.00084;0.00059;0.00322;0.00183;0.00005;0.00002;0.00008;0.00016;0.00001;0.00003;0.00000;0.00026;0.00013;0.00002;0.00000;0.00000;0.00002;0.00006;0.00026;0.00072;0.00000;0.00000;0.00000;0.00006;0.00009;0.00012;0.00024;0.00007;0.00007;0.00000;0.00002;0.00074;0.00012;0.00029;0.00032;0.00056;0.00000;0.00004;0.00000;0.00052;0.00101;0.00023;0.00027;0.00040;0.00001;0.00472;0.00007;0.00000;0.00014;0.00001;0.00141;0.00393;0.00227;0.00031;0.00034;0.00001;0.00000;0.00190;0.00139;0.00000;0.00123;0.00000;0.00000;0.00289;0.00000;0.00042;0.00276;0.00045;0.00029;0.00149;0.00000;0.00460;0.00323;0.00030;0.00008;0.00031;0.00036;0.00295;0.00361;0.00237;0.00066;0.00156;0.00000;0.00000;0.00089;0.00119;0.00004;0.00018;0.00000;0.00004;0.00276;0.00001;0.00009;0.00026;0.01369;0.00019;0.00028;0.00000;0.00000;0.00000;0.00000;0.00075;0.00009;0.00710;0.00108;0.00104;0.00006;0.00898;0.00012;0.00009;0.00000;0.00297;0.00153;0.00211;0.00041;0.00092;0.00004;0.00014;0.00065;0.00066;0.00019;0.00440;0.00000;0.00021;0.00000;0.00030;0.00011;0.00007;0.00000;0.00002;0.00107;0.00005;0.00071;0.00000;0.00007;0.00003;0.00000;0.00002;0.00053;0.00027;0.00006;0.00000;0.00030;0.00000;0.00041;0.00008;0.00008;0.00000;0.00000;0.00000;0.00000;0.00000;0.00009;0.00000;0.00000;0.00040;0.00000;0.00010;0.00000;0.00010;0.00000;0.00056;0.00229;0.00122;0.00071;0.00109;0.00000;0.00062;0.00058;0.00026;0.00000;0.00000;0.00000;0.00000;0.00000;0.00000;0.00000;0.00309;0.00283;0.00114;0.00009;0.00010;0.00000;0.00014;0.00004;0.00000;0.00000;0.00000;0.00016;0.00000;0.00025;0.00000;0.00013;0.00154;0.00044;0.00000;0.00016;0.00001;0.00030;0.00120;0.00089;0.00008;0.00014;0.00015;0.00000;0.00000;0.00004;0.00000;0.00000;0.00000;0.00011;0.00053;0.00001;0.00000;0.00014;0.00000;0.00114;0.00000;0.00211;0.00001;0.00000;0.00000;0.00000;0.00000;0.00000;0.00000;0.00000;0.00009;0.00000;0.00001;0.00001;0.00001;0.00002;0.00009;0.00012;0.00009;0.00014;0.00004;0.00504;0.01120;0.00000;0.00599;0.00438;0.00089;0.00247;0.00008;0.00203;0.00013;0.00504;0.00056;0.00000;0.00000;0.00000;0.00000;0.00155;0.00437;0.00000;0.00000;0.00009;0.00081;0.00000;0.00042;0.00000;0.00018;0.00000;0.00013;0.00035;0.00021;0.00022;0.00573;0.00000;0.01125;0.00000;0.00000;0.00015;0.00014;0.00012;0.00004;0.00013;0.00001;0.00039;0.00019;0.00000;0.00000;0.00208;0.00032;0.00026;0.00176;0.00388;0.00000;0.00384;0.00214;0.00072;0.00000;0.00000;0.01319;0.00042;0.00187;0.00000;0.00127;0.00034;0.00018;0.00010;0.00313;0.00015;0.00063;0.00293;0.00000;0.00102;0.00046;0.00014;0.00003;0.00027;0.00003;0.00063;0.00000;0.00016;0.00002;0.00005;0.00008;0.00755;0.00000;0.00000;0.00000;0.00000;0.01049;0.00001;0.00004;0.00006;0.00022;0.00005;0.00007;0.00004;0.00001;0.00000;0.00007;0.00001;0.00000;0.00782;0.00000;0.00013;0.00013;0.00107;0.00137;0.00013;0.00521;0.00000;0.00004;0.00002;0.00963;0.00061;0.00000;0.00023;0.00042;0.00002;0.00020;0.00000;0.00073;0.00006;0.00272;0.00340;0.01764;0.00001;0.00001;0.00002;0.00000;0.00000;0.03941;0.00000;0.00016;0.00098;0.00006;0.00020;0.00543;0.00026;0.00005;0.00210;0.00102;0.00062;0.00049;0.00015;0.00000;0.00005
2020-06-02 00:00;0.00022;0.00044;0.00000;0.00012;0.00000;0.00000;0.00000;0.00001;0.00000;0.00000;0.00004;0.00010;0.00059;0.00000;0.00000;0.00000;0.00032;0.00002;0.00001;0.00000;0.00000;0.00000;0.00000;0.00000;0.00000;0.00026;0.00000;0.00000;0.00000;0.00000;0.00000;0.00000;0.00003;0.00000;0.00000;0.00000;0.00000;0.00001;0.00000;0.00000;0.00000;0.00000;0.00000;0.00000;0.00001;0.00000;0.00000;0.00000;0.00000;0.00000;0.00000;0.00000;0.00000;0.00000;0.00000;0.00000;0.00000;0.00000;0.00000;0.00000;0.00000;0.00000;0.00001;0.00001;0.00000;0.00000;0.00007;0.00004;0.00000;0.00015;0.00001;0.00004;0.00000;0.00000;0.00001;0.00000;0.00000;0.00000;0.00000;0.00000;0.00000;0.00000;0.00000;0.00001;0.00000;0.00000;0.00002;0.00005;0.00000;0.00000;0.00000;0.00000;0.00003;0.00004;0.00000;0.00000;0.00002;0.00000;0.00000;0.00002;0.00712;0.00031;0.00000;0.00000;0.00001;0.00000;0.00000;0.00289;0.00001;0.00000;0.00001;0.00001;0.00003;0.00001;0.00012;0.00006;0.00000;0.00000;0.00000;0.00000;0.00000;0.00000;0.00000;0.00001;0.00000;0.00000;0.00000;0.00000;0.00000;0.00000;0.00001;0.00003;0.00000;0.00000;0.00000;0.00000;0.00000;0.00000;0.00001;0.00000;0.00000;0.00000;0.00000;0.00003;0.00000;0.00001;0.00001;0.00002;0.00000;0.00000;0.00000;0.00002;0.00004;0.00001;0.00001;0.00002;0.00000;0.00079;0.00000;0.00000;0.00001;0.00000;0.00021;0.00063;0.00010;0.00001;0.00002;0.00000;0.00000;0.00028;0.00009;0.00000;0.00015;0.00000;0.00000;0.00077;0.00000;0.00006;0.00031;0.00012;0.00002;0.00010;0.00000;0.00035;0.00017;0.00001;0.00000;0.00001;0.00003;0.00045;0.00036;0.00011;0.00004;0.00012;0.00000;0.00000;0.00008;0.00004;0.00000;0.00000;0.00000;0.00000;0.00056;0.00000;0.00000;0.00002;0.00171;0.00002;0.00002;0.00000;0.00000;0.00000;0.00000;0.00006;0.00001;0.00063;0.00014;0.00012;0.00000;0.00173;0.00001;0.00001;0.00000;0.00031;0.00015;0.00022;0.00005;0.00010;0.00000;0.00002;0.00008;0.00009;0.00002;0.00071;0.00000;0.00002;0.00000;0.00002;0.00001;0.00001;0.00000;0.00000;0.00003;0.00001;0.00012;0.00000;0.00001;0.00000;0.00000;0.00000;0.00011;0.00003;0.00001;0.00000;0.00005;0.00000;0.00004;0.00002;0.00002;0.00000;0.00000;0.00000;0.00000;0.00000;0.00002;0.00000;0.00000;0.00002;0.00000;0.00000;0.00000;0.00002;0.00000;0.00014;0.00036;0.00024;0.00015;0.00020;0.00000;0.00011;0.00011;0.00005;0.00000;0.00000;0.00000;0.00000;0.00000;0.00000;0.00000;0.00046;0.00018;0.00005;0.00002;0.00002;0.00000;0.00003;0.00001;0.00000;0.00000;0.00000;0.00002;0.00000;0.00002;0.00000;0.00003;0.00003;0.00006;0.00000;0.00002;0.00000;0.00005;0.00015;0.00011;0.00001;0.00002;0.00008;0.00000;0.00000;0.00000;0.00000;0.00000;0.00000;0.00001;0.00006;0.00000;0.00000;0.00000;0.00000;0.00023;0.00000;0.00047;0.00000;0.00000;0.00000;0.00000;0.00000;0.00000;0.00000;0.00000;0.00001;0.00000;0.00000;0.00000;0.00000;0.00000;0.00001;0.00001;0.00001;0.00002;0.00001;0.00059;0.00131;0.00000;0.00094;0.00057;0.00035;0.00044;0.00001;0.00027;0.00002;0.00059;0.00005;0.00000;0.00000;0.00000;0.00000;0.00027;0.00006;0.00000;0.00000;0.00001;0.00009;0.00000;0.00010;0.00000;0.00006;0.00000;0.00002;0.00004;0.00002;0.00002;0.00258;0.00000;0.00026;0.00000;0.00000;0.00002;0.00002;0.00001;0.00000;0.00002;0.00000;0.00001;0.00002;0.00000;0.00000;0.00025;0.00003;0.00003;0.00013;0.00027;0.00000;0.00027;0.00024;0.00028;0.00000;0.00000;0.00295;0.00003;0.00021;0.00000;0.00009;0.00003;0.00001;0.00002;0.00037;0.00001;0.00004;0.00054;0.00000;0.00007;0.00007;0.00001;0.00000;0.00004;0.00000;0.00003;0.00000;0.00001;0.00000;0.00000;0.00000;0.00111;0.00000;0.00000;0.00000;0.00000;0.00166;0.00000;0.00000;0.00000;0.00001;0.00000;0.00000;0.00000;0.00000;0.00000;0.00000;0.00000;0.00000;0.00144;0.00000;0.00001;0.00001;0.00005;0.00007;0.00000;0.00020;0.00000;0.00000;0.00000;0.00045;0.00003;0.00000;0.00001;0.00002;0.00000;0.00001;0.00000;0.00003;0.00000;0.00011;0.00016;0.00334;0.00000;0.00000;0.00000;0.00000;0.00000;0.01165;0.00000;0.00001;0.00010;0.00000;0.00001;0.00160;0.00001;0.00000;0.00012;0.00008;0.00003;0.00007;0.00001;0.00000;0.00000
2020-06-03 00:00;0.00000;0.00010;0.00000;0.00000;0.00000;0.00000;0.00000;0.00001;0.00000;0.00000;0.00000;0.00018;0.00030;0.00000;0.00000;0.00000;0.00038;0.00004;0.00001;0.00000;0.00000;0.00000;0.00001;0.00000;0.00000;0.00005;0.00000;0.00001;0.00000;0.00000;0.00000;0.00000;0.00004;0.00000;0.00000;0.00000;0.00000;0.00002;0.00001;0.00000;0.00000;0.00000;0.00002;0.00001;0.00003;0.00001;0.00000;0.00000;0.00000;0.00001;0.00001;0.00000;0.00000;0.00000;0.00000;0.00000;0.00000;0.00000;0.00000;0.00001;0.00002;0.00000;0.00003;0.00001;0.00001;0.00000;0.00014;0.00012;0.00000;0.00007;0.00003;0.00011;0.00001;0.00000;0.00001;0.00000;0.00002;0.00000;0.00000;0.00000;0.00001;0.00000;0.00000;0.00001;0.00000;0.00000;0.00002;0.00008;0.00000;0.00000;0.00000;0.00001;0.00004;0.00005;0.00000;0.00000;0.00003;0.00000;0.00000;0.00001;0.00236;0.00006;0.00000;0.00001;0.00002;0.00000;0.00000;0.00039;0.00003;0.00002;0.00002;0.00002;0.00007;0.00005;0.00024;0.00020;0.00001;0.00000;0.00001;0.00001;0.00000;0.00000;0.00000;0.00003;0.00001;0.00000;0.00000;0.00000;0.00000;0.00001;0.00003;0.00003;0.00000;0.00000;0.00000;0.00001;0.00001;0.00001;0.00002;0.00001;0.00000;0.00000;0.00001;0.00004;0.00001;0.00004;0.00002;0.00004;0.00000;0.00000;0.00000;0.00005;0.00006;0.00002;0.00002;0.00003;0.00000;0.00015;0.00001;0.00000;0.00001;0.00000;0.00004;0.00011;0.00012;0.00002;0.00002;0.00000;0.00000;0.00011;0.00007;0.00000;0.00012;0.00000;0.00000;0.00056;0.00000;0.00002;0.00014;0.00010;0.00001;0.00008;0.00000;0.00024;0.00018;0.00003;0.00000;0.00003;0.00002;0.00005;0.00013;0.00006;0.00003;0.00006;0.00000;0.00000;0.00004;0.00003;0.00000;0.00000;0.00000;0.00000;0.00012;0.00000;0.00000;0.00003;0.00126;0.00003;0.00003;0.00000;0.00000;0.00000;0.00000;0.00010;0.00002;0.00078;0.00021;0.00020;0.00001;0.00072;0.00002;0.00002;0.00000;0.00047;0.00018;0.00025;0.00007;0.00014;0.00000;0.00002;0.00008;0.00010;0.00002;0.00059;0.00000;0.00002;0.00000;0.00002;0.00000;0.00002;0.00000;0.00000;0.00002;0.00001;0.00013;0.00000;0.00001;0.00000;0.00000;0.00000;0.00006;0.00001;0.00001;0.00000;0.00003;0.00000;0.00002;0.00001;0.00001;0.00000;0.00000;0.00000;0.00000;0.00000;0.00001;0.00000;0.00000;0.00001;0.00000;0.00000;0.00000;0.00002;0.00000;0.00009;0.00022;0.00016;0.00011;0.00011;0.00000;0.00007;0.00006;0.00003;0.00000;0.00000;0.00000;0.00000;0.00000;0.00000;0.00000;0.00007;0.00009;0.00003;0.00002;0.00002;0.00000;0.00001;0.00000;0.00000;0.00000;0.00000;0.00001;0.00000;0.00001;0.00000;0.00003;0.00001;0.00008;0.00000;0.00002;0.00000;0.00004;0.00007;0.00007;0.00001;0.00001;0.00002;0.00000;0.00000;0.00000;0.00000;0.00000;0.00000;0.00002;0.00006;0.00000;0.00000;0.00000;0.00000;0.00025;0.00000;0.00005;0.00000;0.00000;0.00000;0.00000;0.00000;0.00000;0.00000;0.00000;0.00001;0.00000;0.00000;0.00000;0.00000;0.00001;0.00002;0.00001;0.00001;0.00003;0.00001;0.00060;0.00156;0.00000;0.00123;0.00089;0.00022;0.00056;0.00002;0.00037;0.00002;0.00069;0.00072;0.00000;0.00000;0.00000;0.00000;0.00025;0.00002;0.00000;0.00000;0.00001;0.00009;0.00000;0.00004;0.00000;0.00005;0.00000;0.00002;0.00004;0.00003;0.00003;0.00188;0.00000;0.00013;0.00000;0.00000;0.00003;0.00002;0.00002;0.00000;0.00002;0.00000;0.00001;0.00003;0.00000;0.00000;0.00026;0.00004;0.00003;0.00011;0.00026;0.00000;0.00023;0.00010;0.00008;0.00000;0.00000;0.00046;0.00003;0.00012;0.00000;0.00007;0.00003;0.00001;0.00001;0.00011;0.00001;0.00004;0.00004;0.00000;0.00003;0.00003;0.00001;0.00000;0.00000;0.00000;0.00002;0.00000;0.00002;0.00001;0.00001;0.00001;0.00020;0.00000;0.00000;0.00000;0.00000;0.00029;0.00000;0.00000;0.00000;0.00002;0.00001;0.00001;0.00000;0.00000;0.00000;0.00000;0.00000;0.00000;0.00018;0.00000;0.00000;0.00001;0.00007;0.00005;0.00001;0.00026;0.00000;0.00000;0.00000;0.00029;0.00002;0.00000;0.00002;0.00002;0.00000;0.00001;0.00000;0.00003;0.00000;0.00012;0.00016;0.00037;0.00000;0.00000;0.00000;0.00000;0.00000;0.00210;0.00000;0.00001;0.00004;0.00001;0.00002;0.00154;0.00003;0.00001;0.00009;0.00004;0.00002;0.00001;0.00001;0.00000;0.00000
2020-06-04 00:00;0.00000;0.00002;0.00000;0.00000;0.00000;0.00000;0.00000;0.00000;0.00000;0.00000;0.00000;0.00003;0.00014;0.00000;0.00000;0.00000;0.00013;0.00001;0.00000;0.00000;0.00000;0.00000;0.00000;0.00000;0.00000;0.00002;0.00000;0.00000;0.00000;0.00000;0.00000;0.00000;0.00001;0.00000;0.00000;0.00000;0.00000;0.00000;0.00000;0.00000;0.00000;0.00000;0.00000;0.00000;0.00000;0.00000;0.00000;0.00000;0.00000;0.00000;0.00000;0.00000;0.00000;0.00000;0.00000;0.00000;0.00000;0.00000;0.00000;0.00000;0.00000;0.00000;0.00000;0.00000;0.00000;0.00000;0.00002;0.00001;0.00000;0.00003;0.00000;0.00001;0.00000;0.00000;0.00000;0.00000;0.00000;0.00000;0.00000;0.00000;0.00000;0.00000;0.00000;0.00000;0.00000;0.00000;0.00001;0.00002;0.00000;0.00000;0.00000;0.00000;0.00001;0.00001;0.00000;0.00000;0.00001;0.00000;0.00000;0.00000;0.00058;0.00003;0.00000;0.00000;0.00000;0.00000;0.00000;0.00027;0.00000;0.00000;0.00000;0.00000;0.00001;0.00000;0.00004;0.00002;0.00000;0.00000;0.00000;0.00000;0.00000;0.00000;0.00000;0.00000;0.00000;0.00000;0.00000;0.00000;0.00000;0.00000;0.00000;0.00001;0.00000;0.00000;0.00000;0.00000;0.00000;0.00000;0.00000;0.00000;0.00000;0.00000;0.00000;0.00001;0.00000;0.00000;0.00000;0.00001;0.00000;0.00000;0.00000;0.00001;0.00001;0.00000;0.00000;0.00001;0.00000;0.00008;0.00000;0.00000;0.00000;0.00000;0.00002;0.00006;0.00003;0.00000;0.00000;0.00000;0.00000;0.00002;0.00002;0.00000;0.00003;0.00000;0.00000;0.00017;0.00000;0.00000;0.00003;0.00003;0.00001;0.00002;0.00000;0.00007;0.00004;0.00000;0.00000;0.00000;0.00001;0.00002;0.00007;0.00002;0.00001;0.00002;0.00000;0.00000;0.00002;0.00001;0.00000;0.00000;0.00000;0.00000;0.00007;0.00000;0.00000;0.00001;0.00071;0.00001;0.00002;0.00000;0.00000;0.00000;0.00000;0.00006;0.00001;0.00055;0.00012;0.00011;0.00000;0.00054;0.00001;0.00001;0.00000;0.00026;0.00011;0.00014;0.00004;0.00008;0.00000;0.00001;0.00005;0.00006;0.00002;0.00034;0.00000;0.00002;0.00000;0.00001;0.00000;0.00001;0.00000;0.00000;0.00002;0.00001;0.00009;0.00000;0.00001;0.00000;0.00000;0.00000;0.00005;0.00001;0.00001;0.00000;0.00003;0.00000;0.00001;0.00001;0.00001;0.00000;0.00000;0.00000;0.00000;0.00000;0.00001;0.00000;0.00000;0.00001;0.00000;0.00000;0.00000;0.00002;0.00000;0.00009;0.00018;0.00015;0.00011;0.00011;0.00000;0.00007;0.00006;0.00003;0.00000;0.00000;0.00000;0.00000;0.00000;0.00000;0.00000;0.00005;0.00009;0.00002;0.00002;0.00002;0.00000;0.00001;0.00000;0.00000;0.00000;0.00000;0.00001;0.00000;0.00001;0.00000;0.00002;0.00002;0.00005;0.00000;0.00001;0.00000;0.00002;0.00006;0.00006;0.00001;0.00001;0.00001;0.00000;0.00000;0.00000;0.00000;0.00000;0.00000;0.00001;0.00004;0.00000;0.00000;0.00000;0.00000;0.00012;0.00000;0.00008;0.00000;0.00000;0.00000;0.00000;0.00000;0.00000;0.00000;0.00000;0.00001;0.00000;0.00000;0.00000;0.00000;0.00000;0.00001;0.00001;0.00001;0.00002;0.00000;0.00034;0.00101;0.00000;0.00079;0.00049;0.00020;0.00035;0.00000;0.00022;0.00001;0.00044;0.00005;0.00000;0.00000;0.00000;0.00000;0.00009;0.00002;0.00000;0.00000;0.00001;0.00006;0.00000;0.00004;0.00000;0.00002;0.00000;0.00001;0.00002;0.00002;0.00002;0.00179;0.00000;0.00012;0.00000;0.00000;0.00001;0.00001;0.00001;0.00000;0.00001;0.00000;0.00001;0.00002;0.00000;0.00000;0.00017;0.00003;0.00002;0.00006;0.00018;0.00000;0.00005;0.00003;0.00003;0.00000;0.00000;0.00026;0.00001;0.00003;0.00000;0.00002;0.00001;0.00000;0.00000;0.00008;0.00000;0.00001;0.00002;0.00000;0.00001;0.00001;0.00000;0.00000;0.00000;0.00000;0.00001;0.00000;0.00000;0.00000;0.00000;0.00000;0.00012;0.00000;0.00000;0.00000;0.00000;0.00017;0.00000;0.00000;0.00000;0.00000;0.00000;0.00000;0.00000;0.00000;0.00000;0.00000;0.00000;0.00000;0.00013;0.00000;0.00000;0.00000;0.00002;0.00002;0.00000;0.00007;0.00000;0.00000;0.00000;0.00015;0.00001;0.00000;0.00000;0.00001;0.00000;0.00000;0.00000;0.00001;0.00000;0.00004;0.00006;0.00028;0.00000;0.00000;0.00000;0.00000;0.00000;0.00097;0.00000;0.00000;0.00001;0.00000;0.00000;0.00062;0.00000;0.00000;0.00003;0.00001;0.00001;0.00001;0.00000;0.00000;0.00000
2020-06-05 00:00;0.00000;0.00000;0.00000;0.00000;0.00000;0.00000;0.00000;0.00000;0.00000;0.00000;0.00000;0.00000;0.00000;0.00000;0.00000;0.00000;0.00000;0.00000;0.00000;0.00000;0.00000;0.00000;0.00000;0.00000;0.00000;0.00000;0.00000;0.00000;0.00000;0.00000;0.00000;0.00000;0.00000;0.00000;0.00000;0.00000;0.00000;0.00000;0.00000;0.00000;0.00000;0.00000;0.00000;0.00000;0.00000;0.00000;0.00000;0.00000;0.00000;0.00000;0.00000;0.00000;0.00000;0.00000;0.00000;0.00000;0.00000;0.00000;0.00000;0.00000;0.00000;0.00000;0.00000;0.00000;0.00000;0.00000;0.00000;0.00000;0.00000;0.00000;0.00000;0.00000;0.00000;0.00000;0.00000;0.00000;0.00000;0.00000;0.00000;0.00000;0.00000;0.00000;0.00000;0.00000;0.00000;0.00000;0.00000;0.00000;0.00000;0.00000;0.00000;0.00000;0.00000;0.00000;0.00000;0.00000;0.00000;0.00000;0.00000;0.00000;0.00009;0.00000;0.00000;0.00000;0.00000;0.00000;0.00000;0.00004;0.00000;0.00000;0.00000;0.00000;0.00000;0.00000;0.00000;0.00000;0.00000;0.00000;0.00000;0.00000;0.00000;0.00000;0.00000;0.00000;0.00000;0.00000;0.00000;0.00000;0.00000;0.00000;0.00000;0.00000;0.00000;0.00000;0.00000;0.00000;0.00000;0.00000;0.00000;0.00000;0.00000;0.00000;0.00000;0.00000;0.00000;0.00000;0.00000;0.00000;0.00000;0.00000;0.00000;0.00000;0.00000;0.00000;0.00000;0.00000;0.00000;0.00001;0.00000;0.00000;0.00000;0.00000;0.00000;0.00001;0.00000;0.00000;0.00000;0.00000;0.00000;0.00000;0.00000;0.00000;0.00000;0.00000;0.00000;0.00000;0.00000;0.00000;0.00000;0.00000;0.00000;0.00000;0.00000;0.00000;0.00000;0.00000;0.00000;0.00000;0.00000;0.00000;0.00000;0.00000;0.00000;0.00000;0.00000;0.00000;0.00000;0.00000;0.00000;0.00000;0.00000;0.00000;0.00001;0.00000;0.00000;0.00000;0.00012;0.00000;0.00000;0.00000;0.00000;0.00000;0.00000;0.00001;0.00000;0.00011;0.00001;0.00002;0.00000;0.00010;0.00000;0.00000;0.00000;0.00004;0.00002;0.00002;0.00000;0.00001;0.00000;0.00000;0.00001;0.00001;0.00000;0.00003;0.00000;0.00000;0.00000;0.00000;0.00000;0.00000;0.00000;0.00000;0.00001;0.00000;0.00002;0.00000;0.00000;0.00000;0.00000;0.00000;0.00001;0.00000;0.00000;0.00000;0.00001;0.00000;0.00000;0.00000;0.00000;0.00000;0.00000;0.00000;0.00000;0.00000;0.00000;0.00000;0.00000;0.00000;0.00000;0.00000;0.00000;0.00000;0.00000;0.00002;0.00004;0.00003;0.00002;0.00004;0.00000;0.00002;0.00002;0.00001;0.00000;0.00000;0.00000;0.00000;0.00000;0.00000;0.00000;0.00003;0.00003;0.00001;0.00000;0.00000;0.00000;0.00000;0.00000;0.00000;0.00000;0.00000;0.00000;0.00000;0.00000;0.00000;0.00000;0.00001;0.00001;0.00000;0.00000;0.00000;0.00000;0.00002;0.00001;0.00000;0.00000;0.00000;0.00000;0.00000;0.00000;0.00000;0.00000;0.00000;0.00000;0.00001;0.00000;0.00000;0.00000;0.00000;0.00001;0.00000;0.00003;0.00000;0.00000;0.00000;0.00000;0.00000;0.00000;0.00000;0.00000;0.00000;0.00000;0.00000;0.00000;0.00000;0.00000;0.00000;0.00000;0.00000;0.00000;0.00000;0.00005;0.00016;0.00000;0.00011;0.00005;0.00017;0.00004;0.00000;0.00002;0.00000;0.00007;0.00005;0.00000;0.00000;0.00000;0.00000;0.00000;0.00001;0.00000;0.00000;0.00000;0.00001;0.00000;0.00004;0.00000;0.00000;0.00000;0.00000;0.00000;0.00000;0.00000;0.00169;0.00000;0.00006;0.00000;0.00000;0.00000;0.00000;0.00000;0.00000;0.00000;0.00000;0.00000;0.00000;0.00000;0.00000;0.00003;0.00000;0.00000;0.00001;0.00003;0.00000;0.00000;0.00000;0.00000;0.00000;0.00000;0.00000;0.00000;0.00000;0.00000;0.00000;0.00000;0.00000;0.00000;0.00000;0.00000;0.00000;0.00000;0.00000;0.00000;0.00000;0.00000;0.00000;0.00000;0.00000;0.00000;0.00000;0.00000;0.00000;0.00000;0.00000;0.00001;0.00000;0.00000;0.00000;0.00000;0.00002;0.00000;0.00000;0.00000;0.00000;0.00000;0.00000;0.00000;0.00000;0.00000;0.00000;0.00000;0.00000;0.00002;0.00000;0.00000;0.00000;0.00000;0.00000;0.00000;0.00000;0.00000;0.00000;0.00000;0.00000;0.00000;0.00000;0.00000;0.00000;0.00000;0.00000;0.00000;0.00000;0.00000;0.00000;0.00000;0.00004;0.00000;0.00000;0.00000;0.00000;0.00000;0.00011;0.00000;0.00000;0.00000;0.00000;0.00000;0.00000;0.00000;0.00000;0.00000;0.00000;0.00000;0.00000;0.00000;0.00000;0.00000
2020-06-06 00:00;0.01199;0.00711;0.00000;0.00189;0.00016;0.00004;0.00001;0.00053;0.00002;0.00002;0.00041;0.00449;0.00873;0.00004;0.00001;0.00001;0.00529;0.00095;0.00027;0.00002;0.00000;0.00005;0.00020;0.00000;0.00001;0.00046;0.00005;0.00021;0.00001;0.00004;0.00000;0.00004;0.00075;0.00001;0.00002;0.00000;0.00000;0.00032;0.00013;0.00003;0.00010;0.00000;0.00035;0.00029;0.00057;0.00012;0.00001;0.00002;0.00009;0.00013;0.00015;0.00002;0.00002;0.00005;0.00003;0.00000;0.00000;0.00007;0.00000;0.00014;0.00033;0.00000;0.00066;0.00012;0.00025;0.00007;0.00290;0.00256;0.00001;0.00118;0.00066;0.00227;0.00014;0.00004;0.00021;0.00003;0.00034;0.00000;0.00001;0.00000;0.00016;0.00000;0.00001;0.00015;0.00000;0.00001;0.00046;0.00173;0.00000;0.00010;0.00000;0.00022;0.00078;0.00095;0.00000;0.00008;0.00064;0.00000;0.00011;0.00018;0.00574;0.00091;0.00008;0.00017;0.00045;0.00003;0.00006;0.00580;0.00054;0.00046;0.00051;0.00037;0.00148;0.00112;0.00495;0.00414;0.00014;0.00004;0.00018;0.00020;0.00001;0.00009;0.00000;0.00056;0.00024;0.00002;0.00001;0.00000;0.00006;0.00012;0.00056;0.00062;0.00001;0.00000;0.00000;0.00011;0.00011;0.00027;0.00035;0.00020;0.00005;0.00001;0.00011;0.00073;0.00029;0.00078;0.00038;0.00085;0.00001;0.00004;0.00000;0.00101;0.00113;0.00049;0.00039;0.00059;0.00002;0.00208;0.00018;0.00000;0.00027;0.00003;0.00070;0.00136;0.00229;0.00034;0.00049;0.00002;0.00001;0.00205;0.00124;0.00000;0.00096;0.00000;0.00000;0.00140;0.00000;0.00067;0.00265;0.00047;0.00015;0.00141;0.00000;0.00384;0.00273;0.00058;0.00000;0.00065;0.00032;0.00245;0.00157;0.00155;0.00047;0.00079;0.00000;0.00000;0.00038;0.00056;0.00000;0.00000;0.00000;0.00009;0.00097;0.00000;0.00000;0.00032;0.00746;0.00025;0.00018;0.00000;0.00000;0.00000;0.00000;0.00056;0.00013;0.00295;0.00057;0.00081;0.00003;0.00099;0.00014;0.00009;0.00000;0.00260;0.00095;0.00115;0.00041;0.00092;0.00000;0.00017;0.00050;0.00056;0.00017;0.00084;0.00000;0.00013;0.00000;0.00015;0.00008;0.00012;0.00000;0.00002;0.00033;0.00006;0.00058;0.00000;0.00009;0.00004;0.00000;0.00004;0.00035;0.00011;0.00007;0.00000;0.00024;0.00000;0.00001;0.00010;0.00010;0.00000;0.00000;0.00000;0.00000;0.00000;0.00008;0.00000;0.00000;0.00018;0.00000;0.00004;0.00000;0.00017;0.00000;0.00049;0.00099;0.00115;0.00094;0.00080;0.00000;0.00059;0.00039;0.00028;0.00000;0.00000;0.00000;0.00000;0.00000;0.00000;0.00000;0.00095;0.00154;0.00044;0.00015;0.00016;0.00000;0.00009;0.00004;0.00000;0.00000;0.00000;0.00013;0.00000;0.00016;0.00000;0.00005;0.00049;0.00055;0.00000;0.00014;0.00000;0.00016;0.00052;0.00066;0.00010;0.00016;0.00001;0.00000;0.00000;0.00000;0.00000;0.00000;0.00000;0.00012;0.00028;0.00000;0.00000;0.00000;0.00000;0.00111;0.00000;0.00115;0.00001;0.00000;0.00000;0.00000;0.00000;0.00000;0.00000;0.00000;0.00008;0.00000;0.00000;0.00002;0.00001;0.00004;0.00013;0.00009;0.00009;0.00022;0.00001;0.00263;0.01108;0.00000;0.00643;0.00606;0.00053;0.00301;0.00000;0.00273;0.00012;0.00508;0.00005;0.00000;0.00000;0.00000;0.00000;0.00015;0.00137;0.00000;0.00000;0.00006;0.00064;0.00000;0.00005;0.00000;0.00000;0.00000;0.00014;0.00007;0.00020;0.00018;0.00202;0.00000;0.00316;0.00000;0.00000;0.00003;0.00015;0.00013;0.00000;0.00012;0.00001;0.00013;0.00020;0.00000;0.00000;0.00184;0.00028;0.00024;0.00125;0.00212;0.00000;0.00377;0.00126;0.00003;0.00000;0.00000;0.00264;0.00046;0.00136;0.00000;0.00110;0.00035;0.00019;0.00004;0.00130;0.00018;0.00070;0.00176;0.00000;0.00066;0.00025;0.00016;0.00006;0.00037;0.00005;0.00043;0.00000;0.00041;0.00011;0.00011;0.00014;0.00311;0.00000;0.00000;0.00000;0.00000;0.00480;0.00002;0.00007;0.00006;0.00035;0.00012;0.00011;0.00004;0.00003;0.00000;0.00009;0.00003;0.00000;0.00247;0.00001;0.00007;0.00021;0.00140;0.00090;0.00015;0.00544;0.00000;0.00010;0.00004;0.00594;0.00049;0.00000;0.00041;0.00037;0.00004;0.00028;0.00000;0.00062;0.00008;0.00257;0.00289;0.00480;0.00002;0.00003;0.00003;0.00000;0.00002;0.01197;0.00001;0.00028;0.00034;0.00012;0.00047;0.00182;0.00056;0.00015;0.00203;0.00055;0.00047;0.00020;0.00020;0.00000;0.00010
2020-06-07 00:00;0.00946;0.00670;0.00000;0.00184;0.00010;0.00002;0.00001;0.00034;0.00001;0.00001;0.00053;0.00225;0.00783;0.00002;0.00001;0.00001;0.00349;0.00040;0.00012;0.00001;0.00000;0.00002;0.00008;0.00000;0.00000;0.00063;0.00002;0.00007;0.00000;0.00001;0.00000;0.00002;0.00044;0.00000;0.00001;0.00000;0.00000;0.00015;0.00004;0.00001;0.00005;0.00000;0.00013;0.00011;0.00021;0.00004;0.00000;0.00001;0.00006;0.00005;0.00006;0.00001;0.00001;0.00002;0.00001;0.00000;0.00000;0.00004;0.00000;0.00005;0.00012;0.00000;0.00024;0.00009;0.00010;0.00003;0.00132;0.00101;0.00000;0.00102;0.00025;0.00096;0.00005;0.00001;0.00015;0.00001;0.00012;0.00000;0.00000;0.00000;0.00006;0.00000;0.00000;0.00010;0.00000;0.00000;0.00025;0.00084;0.00000;0.00004;0.00000;0.00008;0.00042;0.00053;0.00000;0.00003;0.00035;0.00000;0.00006;0.00015;0.01119;0.00089;0.00003;0.00006;0.00018;0.00001;0.00002;0.00676;0.00025;0.00016;0.00021;0.00014;0.00063;0.00042;0.00214;0.00139;0.00004;0.00001;0.00006;0.00007;0.00001;0.00002;0.00000;0.00017;0.00007;0.00001;0.00000;0.00000;0.00002;0.00003;0.00017;0.00030;0.00000;0.00000;0.00000;0.00004;0.00005;0.00008;0.00012;0.00005;0.00002;0.00000;0.00002;0.00038;0.00009;0.00021;0.00017;0.00030;0.00000;0.00002;0.00000;0.00033;0.00047;0.00015;0.00013;0.00023;0.00001;0.00201;0.00005;0.00000;0.00009;0.00001;0.00061;0.00142;0.00102;0.00016;0.00015;0.00000;0.00000;0.00073;0.00049;0.00000;0.00054;0.00000;0.00000;0.00109;0.00000;0.00025;0.00110;0.00029;0.00009;0.00046;0.00000;0.00139;0.00083;0.00009;0.00000;0.00009;0.00011;0.00128;0.00103;0.00055;0.00020;0.00039;0.00000;0.00000;0.00021;0.00021;0.00000;0.00000;0.00000;0.00001;0.00084;0.00000;0.00000;0.00008;0.00477;0.00006;0.00007;0.00000;0.00000;0.00000;0.00000;0.00026;0.00003;0.00186;0.00038;0.00033;0.00002;0.00134;0.00003;0.00003;0.00000;0.00118;0.00058;0.00083;0.00021;0.00042;0.00000;0.00007;0.00029;0.00031;0.00009;0.00171;0.00000;0.00009;0.00000;0.00009;0.00003;0.00005;0.00000;0.00001;0.00018;0.00003;0.00047;0.00000;0.00007;0.00003;0.00000;0.00003;0.00048;0.00013;0.00005;0.00000;0.00020;0.00000;0.00017;0.00008;0.00007;0.00000;0.00000;0.00000;0.00000;0.00000;0.00007;0.00000;0.00000;0.00012;0.00000;0.00003;0.00000;0.00012;0.00000;0.00043;0.00153;0.00106;0.00066;0.00080;0.00000;0.00047;0.00041;0.00023;0.00000;0.00000;0.00000;0.00000;0.00000;0.00000;0.00000;0.00074;0.00081;0.00026;0.00009;0.00011;0.00000;0.00009;0.00003;0.00000;0.00000;0.00000;0.00014;0.00000;0.00009;0.00000;0.00007;0.00024;0.00023;0.00000;0.00007;0.00000;0.00013;0.00064;0.00064;0.00008;0.00013;0.00022;0.00000;0.00000;0.00000;0.00000;0.00000;0.00000;0.00005;0.00022;0.00000;0.00000;0.00000;0.00000;0.00057;0.00000;0.00047;0.00000;0.00000;0.00000;0.00000;0.00000;0.00000;0.00000;0.00000;0.00004;0.00000;0.00000;0.00001;0.00001;0.00001;0.00005;0.00004;0.00004;0.00008;0.00002;0.00200;0.00521;0.00000;0.00300;0.00216;0.00025;0.00132;0.00005;0.00108;0.00006;0.00236;0.00021;0.00000;0.00000;0.00000;0.00000;0.00064;0.00059;0.00000;0.00000;0.00004;0.00035;0.00000;0.00004;0.00000;0.00010;0.00000;0.00006;0.00010;0.00010;0.00010;0.00179;0.00000;0.00178;0.00000;0.00000;0.00007;0.00007;0.00005;0.00000;0.00006;0.00000;0.00007;0.00009;0.00000;0.00000;0.00094;0.00014;0.00012;0.00056;0.00129;0.00000;0.00120;0.00063;0.00017;0.00000;0.00000;0.00281;0.00013;0.00053;0.00000;0.00040;0.00010;0.00006;0.00002;0.00099;0.00005;0.00019;0.00119;0.00000;0.00034;0.00013;0.00004;0.00001;0.00013;0.00002;0.00029;0.00000;0.00012;0.00002;0.00003;0.00005;0.00281;0.00000;0.00000;0.00000;0.00000;0.00427;0.00001;0.00003;0.00003;0.00013;0.00004;0.00004;0.00002;0.00001;0.00000;0.00004;0.00001;0.00000;0.00314;0.00000;0.00005;0.00008;0.00059;0.00063;0.00008;0.00295;0.00000;0.00004;0.00002;0.00441;0.00031;0.00000;0.00017;0.00022;0.00002;0.00013;0.00000;0.00038;0.00004;0.00149;0.00158;0.00693;0.00001;0.00001;0.00001;0.00000;0.00001;0.01579;0.00000;0.00012;0.00046;0.00005;0.00018;0.00404;0.00022;0.00005;0.00120;0.00049;0.00032;0.00020;0.00010;0.00000;0.00004
2020-06-08 00:00;0.00140;0.00121;0.00000;0.00038;0.00000;0.00000;0.00000;0.00005;0.00000;0.00000;0.00013;0.00025;0.00175;0.00000;0.00000;0.00000;0.00058;0.00003;0.00001;0.00000;0.00000;0.00000;0.00001;0.00000;0.00000;0.00019;0.00000;0.00000;0.00000;0.00000;0.00000;0.00000;0.00006;0.00000;0.00000;0.00000;0.00000;0.00002;0.00000;0.00000;0.00001;0.00000;0.00001;0.00001;0.00001;0.00000;0.00000;0.00000;0.00001;0.00000;0.00000;0.00000;0.00000;0.00000;0.00000;0.00000;0.00000;0.00000;0.00000;0.00000;0.00001;0.00000;0.00001;0.00002;0.00001;0.00000;0.00014;0.00008;0.00000;0.00022;0.00002;0.00009;0.00000;0.00000;0.00003;0.00000;0.00001;0.00000;0.00000;0.00000;0.00000;0.00000;0.00000;0.00002;0.00000;0.00000;0.00003;0.00010;0.00000;0.00000;0.00000;0.00001;0.00006;0.00007;0.00000;0.00000;0.00005;0.00000;0.00001;0.00003;0.00421;0.00025;0.00000;0.00000;0.00002;0.00000;0.00000;0.00198;0.00003;0.00001;0.00002;0.00001;0.00006;0.00003;0.00022;0.00009;0.00000;0.00000;0.00000;0.00001;0.00000;0.00000;0.00000;0.00001;0.00000;0.00000;0.00000;0.00000;0.00000;0.00000;0.00001;0.00004;0.00000;0.00000;0.00000;0.00000;0.00001;0.00001;0.00001;0.00000;0.00000;0.00000;0.00000;0.00005;0.00001;0.00001;0.00002;0.00003;0.00000;0.00000;0.00000;0.00003;0.00005;0.00001;0.00001;0.00002;0.00000;0.00053;0.00000;0.00000;0.00001;0.00000;0.00015;0.00039;0.00011;0.00002;0.00001;0.00000;0.00000;0.00005;0.00003;0.00000;0.00007;0.00000;0.00000;0.00021;0.00000;0.00002;0.00010;0.00004;0.00001;0.00002;0.00000;0.00008;0.00004;0.00000;0.00000;0.00000;0.00001;0.00005;0.00007;0.00002;0.00001;0.00002;0.00000;0.00000;0.00002;0.00001;0.00000;0.00000;0.00000;0.00000;0.00015;0.00000;0.00000;0.00000;0.00071;0.00000;0.00001;0.00000;0.00000;0.00000;0.00000;0.00002;0.00000;0.00024;0.00006;0.00003;0.00000;0.00054;0.00000;0.00000;0.00000;0.00013;0.00009;0.00015;0.00003;0.00005;0.00000;0.00001;0.00004;0.00004;0.00001;0.00063;0.00000;0.00001;0.00000;0.00001;0.00000;0.00000;0.00000;0.00000;0.00002;0.00000;0.00009;0.00000;0.00001;0.00000;0.00000;0.00000;0.00011;0.00004;0.00001;0.00000;0.00004;0.00000;0.00007;0.00001;0.00001;0.00000;0.00000;0.00000;0.00000;0.00000;0.00001;0.00000;0.00000;0.00001;0.00000;0.00000;0.00000;0.00001;0.00000;0.00008;0.00049;0.00021;0.00009;0.00020;0.00000;0.00009;0.00010;0.00004;0.00000;0.00000;0.00000;0.00000;0.00000;0.00000;0.00000;0.00012;0.00006;0.00001;0.00001;0.00001;0.00000;0.00002;0.00000;0.00000;0.00000;0.00000;0.00003;0.00000;0.00001;0.00000;0.00003;0.00000;0.00002;0.00000;0.00001;0.00000;0.00003;0.00020;0.00012;0.00001;0.00002;0.00011;0.00000;0.00000;0.00000;0.00000;0.00000;0.00000;0.00000;0.00004;0.00000;0.00000;0.00000;0.00000;0.00007;0.00000;0.00002;0.00000;0.00000;0.00000;0.00000;0.00000;0.00000;0.00000;0.00000;0.00000;0.00000;0.00000;0.00000;0.00000;0.00000;0.00000;0.00001;0.00000;0.00001;0.00000;0.00037;0.00061;0.00000;0.00034;0.00019;0.00016;0.00013;0.00001;0.00010;0.00001;0.00027;0.00004;0.00000;0.00000;0.00000;0.00000;0.00018;0.00000;0.00000;0.00000;0.00001;0.00005;0.00000;0.00003;0.00000;0.00003;0.00000;0.00001;0.00002;0.00001;0.00001;0.00156;0.00000;0.00007;0.00000;0.00000;0.00001;0.00001;0.00001;0.00000;0.00001;0.00000;0.00000;0.00001;0.00000;0.00000;0.00012;0.00002;0.00001;0.00003;0.00009;0.00000;0.00009;0.00007;0.00006;0.00000;0.00000;0.00074;0.00001;0.00004;0.00000;0.00002;0.00001;0.00000;0.00000;0.00008;0.00000;0.00001;0.00006;0.00000;0.00002;0.00001;0.00000;0.00000;0.00000;0.00000;0.00004;0.00000;0.00001;0.00000;0.00000;0.00000;0.00053;0.00000;0.00000;0.00000;0.00000;0.00083;0.00000;0.00000;0.00000;0.00001;0.00000;0.00000;0.00000;0.00000;0.00000;0.00000;0.00000;0.00000;0.00091;0.00000;0.00001;0.00001;0.00006;0.00009;0.00001;0.00040;0.00000;0.00000;0.00000;0.00070;0.00005;0.00000;0.00002;0.00003;0.00000;0.00001;0.00000;0.00006;0.00000;0.00022;0.00019;0.00170;0.00000;0.00000;0.00000;0.00000;0.00000;0.00595;0.00000;0.00001;0.00011;0.00000;0.00001;0.00133;0.00002;0.00000;0.00018;0.00011;0.00005;0.00006;0.00001;0.00000;0.00000
2020-06-09 00:00;0.00436;0.00373;0.00000;0.00073;0.00006;0.00001;0.00000;0.00020;0.00001;0.00001;0.00020;0.00170;0.00327;0.00001;0.00000;0.00000;0.00221;0.00036;0.00010;0.00001;0.00000;0.00002;0.00008;0.00000;0.00000;0.00034;0.00002;0.00008;0.00000;0.00001;0.00000;0.00002;0.00029;0.00000;0.00001;0.00000;0.00000;0.00012;0.00005;0.00001;0.00004;0.00000;0.00013;0.00011;0.00022;0.00005;0.00000;0.00001;0.00003;0.00005;0.00006;0.00001;0.00001;0.00002;0.00001;0.00000;0.00000;0.00003;0.00000;0.00005;0.00012;0.00000;0.00025;0.00005;0.00010;0.00003;0.00111;0.00097;0.00000;0.00053;0.00025;0.00086;0.00005;0.00001;0.00008;0.00001;0.00013;0.00000;0.00000;0.00000;0.00006;0.00000;0.00000;0.00006;0.00000;0.00000;0.00018;0.00066;0.00000;0.00004;0.00000;0.00008;0.00030;0.00036;0.00000;0.00003;0.00024;0.00000;0.00003;0.00011;0.00270;0.00039;0.00003;0.00007;0.00017;0.00001;0.00002;0.00172;0.00021;0.00017;0.00019;0.00014;0.00056;0.00043;0.00165;0.00122;0.00003;0.00001;0.00004;0.00004;0.00000;0.00002;0.00000;0.00011;0.00005;0.00000;0.00000;0.00000;0.00001;0.00002;0.00011;0.00012;0.00000;0.00000;0.00000;0.00002;0.00002;0.00005;0.00007;0.00004;0.00001;0.00000;0.00002;0.00015;0.00006;0.00016;0.00008;0.00017;0.00000;0.00001;0.00000;0.00020;0.00023;0.00010;0.00008;0.00012;0.00000;0.00049;0.00004;0.00000;0.00005;0.00001;0.00015;0.00033;0.00049;0.00007;0.00007;0.00000;0.00000;0.00022;0.00012;0.00000;0.00020;0.00000;0.00000;0.00004;0.00000;0.00010;0.00036;0.00010;0.00002;0.00016;0.00000;0.00047;0.00033;0.00006;0.00000;0.00007;0.00004;0.00028;0.00024;0.00013;0.00006;0.00011;0.00000;0.00000;0.00008;0.00007;0.00000;0.00000;0.00000;0.00001;0.00017;0.00000;0.00000;0.00004;0.00134;0.00003;0.00002;0.00000;0.00000;0.00000;0.00000;0.00006;0.00001;0.00042;0.00012;0.00011;0.00001;0.00048;0.00002;0.00001;0.00000;0.00043;0.00021;0.00033;0.00010;0.00018;0.00000;0.00003;0.00011;0.00013;0.00003;0.00055;0.00000;0.00001;0.00000;0.00002;0.00000;0.00002;0.00000;0.00000;0.00002;0.00001;0.00012;0.00000;0.00002;0.00001;0.00000;0.00001;0.00011;0.00002;0.00001;0.00000;0.00004;0.00000;0.00004;0.00002;0.00002;0.00000;0.00000;0.00000;0.00000;0.00000;0.00002;0.00000;0.00000;0.00001;0.00000;0.00000;0.00000;0.00003;0.00000;0.00009;0.00033;0.00025;0.00018;0.00015;0.00000;0.00010;0.00009;0.00005;0.00000;0.00000;0.00000;0.00000;0.00000;0.00000;0.00000;0.00003;0.00005;0.00001;0.00003;0.00003;0.00000;0.00001;0.00001;0.00000;0.00000;0.00000;0.00003;0.00000;0.00002;0.00000;0.00003;0.00000;0.00011;0.00000;0.00003;0.00000;0.00005;0.00012;0.00014;0.00002;0.00003;0.00006;0.00000;0.00000;0.00000;0.00000;0.00000;0.00000;0.00002;0.00008;0.00000;0.00000;0.00000;0.00000;0.00025;0.00000;0.00004;0.00000;0.00000;0.00000;0.00000;0.00000;0.00000;0.00000;0.00000;0.00002;0.00000;0.00000;0.00000;0.00000;0.00001;0.00002;0.00002;0.00002;0.00004;0.00001;0.00076;0.00203;0.00000;0.00133;0.00100;0.00022;0.00056;0.00003;0.00051;0.00002;0.00095;0.00027;0.00000;0.00000;0.00000;0.00000;0.00031;0.00000;0.00000;0.00000;0.00001;0.00012;0.00000;0.00004;0.00000;0.00006;0.00000;0.00003;0.00005;0.00004;0.00003;0.00157;0.00000;0.00005;0.00000;0.00000;0.00004;0.00003;0.00002;0.00000;0.00002;0.00000;0.00000;0.00004;0.00000;0.00000;0.00035;0.00005;0.00005;0.00012;0.00023;0.00000;0.00067;0.00030;0.00020;0.00000;0.00000;0.00123;0.00006;0.00025;0.00000;0.00013;0.00005;0.00002;0.00002;0.00021;0.00002;0.00008;0.00022;0.00000;0.00007;0.00005;0.00002;0.00001;0.00004;0.00001;0.00009;0.00000;0.00008;0.00002;0.00002;0.00003;0.00050;0.00000;0.00000;0.00000;0.00000;0.00091;0.00000;0.00001;0.00001;0.00007;0.00002;0.00002;0.00001;0.00001;0.00000;0.00002;0.00001;0.00000;0.00057;0.00000;0.00002;0.00005;0.00028;0.00018;0.00006;0.00204;0.00000;0.00004;0.00002;0.00155;0.00019;0.00000;0.00015;0.00014;0.00002;0.00011;0.00000;0.00024;0.00003;0.00098;0.00096;0.00110;0.00001;0.00001;0.00001;0.00000;0.00001;0.00674;0.00000;0.00011;0.00029;0.00005;0.00018;0.00007;0.00021;0.00006;0.00080;0.00030;0.00018;0.00008;0.00008;0.00000;0.00004
2020-06-10 00:00;0.00195;0.00267;0.00000;0.00038;0.00001;0.00000;0.00000;0.00012;0.00000;0.00000;0.00010;0.00126;0.00324;0.00000;0.00000;0.00000;0.00219;0.00027;0.00008;0.00000;0.00000;0.00001;0.00006;0.00000;0.00000;0.00026;0.00001;0.00006;0.00000;0.00001;0.00000;0.00001;0.00027;0.00000;0.00000;0.00000;0.00000;0.00010;0.00003;0.00001;0.00003;0.00000;0.00009;0.00008;0.00015;0.00003;0.00000;0.00000;0.00003;0.00004;0.00004;0.00000;0.00000;0.00001;0.00001;0.00000;0.00000;0.00002;0.00000;0.00004;0.00009;0.00000;0.00018;0.00005;0.00007;0.00002;0.00088;0.00072;0.00000;0.00054;0.00018;0.00066;0.00004;0.00001;0.00008;0.00001;0.00009;0.00000;0.00000;0.00000;0.00004;0.00000;0.00000;0.00006;0.00000;0.00000;0.00015;0.00055;0.00000;0.00003;0.00000;0.00006;0.00026;0.00032;0.00000;0.00002;0.00022;0.00000;0.00003;0.00007;0.00437;0.00046;0.00002;0.00005;0.00013;0.00001;0.00002;0.00288;0.00016;0.00012;0.00015;0.00010;0.00043;0.00031;0.00147;0.00111;0.00004;0.00001;0.00005;0.00006;0.00000;0.00002;0.00000;0.00015;0.00006;0.00001;0.00000;0.00000;0.00002;0.00003;0.00015;0.00019;0.00000;0.00000;0.00000;0.00003;0.00003;0.00007;0.00010;0.00005;0.00002;0.00000;0.00003;0.00023;0.00008;0.00021;0.00011;0.00024;0.00000;0.00001;0.00000;0.00028;0.00033;0.00013;0.00011;0.00017;0.00001;0.00085;0.00005;0.00000;0.00007;0.00001;0.00027;0.00057;0.00068;0.00010;0.00012;0.00001;0.00000;0.00039;0.00029;0.00000;0.00025;0.00000;0.00000;0.00057;0.00000;0.00010;0.00059;0.00019;0.00004;0.00032;0.00000;0.00091;0.00057;0.00012;0.00000;0.00014;0.00007;0.00031;0.00045;0.00033;0.00011;0.00021;0.00000;0.00000;0.00011;0.00014;0.00000;0.00000;0.00000;0.00002;0.00032;0.00000;0.00000;0.00007;0.00170;0.00004;0.00002;0.00000;0.00000;0.00000;0.00000;0.00008;0.00002;0.00049;0.00012;0.00012;0.00001;0.00046;0.00002;0.00001;0.00000;0.00041;0.00018;0.00025;0.00007;0.00015;0.00000;0.00003;0.00009;0.00010;0.00003;0.00033;0.00000;0.00001;0.00000;0.00002;0.00000;0.00001;0.00000;0.00000;0.00002;0.00001;0.00007;0.00000;0.00001;0.00000;0.00000;0.00000;0.00005;0.00002;0.00001;0.00000;0.00002;0.00000;0.00002;0.00001;0.00001;0.00000;0.00000;0.00000;0.00000;0.00000;0.00001;0.00000;0.00000;0.00001;0.00000;0.00000;0.00000;0.00001;0.00000;0.00004;0.00020;0.00013;0.00008;0.00011;0.00000;0.00006;0.00006;0.00003;0.00000;0.00000;0.00000;0.00000;0.00000;0.00000;0.00000;0.00002;0.00004;0.00001;0.00001;0.00001;0.00000;0.00001;0.00000;0.00000;0.00000;0.00000;0.00002;0.00000;0.00001;0.00000;0.00002;0.00000;0.00008;0.00000;0.00002;0.00000;0.00004;0.00011;0.00009;0.00001;0.00002;0.00003;0.00000;0.00000;0.00000;0.00000;0.00000;0.00000;0.00002;0.00007;0.00000;0.00000;0.00000;0.00000;0.00016;0.00000;0.00010;0.00000;0.00000;0.00000;0.00000;0.00000;0.00000;0.00000;0.00000;0.00002;0.00000;0.00000;0.00000;0.00000;0.00001;0.00002;0.00002;0.00001;0.00003;0.00000;0.00057;0.00184;0.00000;0.00125;0.00088;0.00019;0.00050;0.00001;0.00042;0.00002;0.00086;0.00004;0.00000;0.00000;0.00000;0.00000;0.00011;0.00000;0.00000;0.00000;0.00001;0.00012;0.00000;0.00003;0.00000;0.00002;0.00000;0.00002;0.00002;0.00003;0.00003;0.00149;0.00000;0.00004;0.00000;0.00000;0.00001;0.00002;0.00002;0.00000;0.00002;0.00000;0.00001;0.00003;0.00000;0.00000;0.00031;0.00005;0.00004;0.00025;0.00046;0.00000;0.00101;0.00040;0.00009;0.00000;0.00000;0.00132;0.00011;0.00035;0.00000;0.00026;0.00008;0.00004;0.00001;0.00040;0.00004;0.00016;0.00028;0.00000;0.00015;0.00007;0.00004;0.00001;0.00002;0.00001;0.00015;0.00000;0.00011;0.00003;0.00003;0.00004;0.00110;0.00000;0.00000;0.00000;0.00000;0.00199;0.00000;0.00002;0.00002;0.00010;0.00003;0.00003;0.00001;0.00001;0.00000;0.00003;0.00001;0.00000;0.00115;0.00000;0.00003;0.00006;0.00041;0.00032;0.00005;0.00183;0.00000;0.00003;0.00001;0.00226;0.00018;0.00000;0.00012;0.00013;0.00001;0.00009;0.00000;0.00023;0.00003;0.00090;0.00109;0.00260;0.00001;0.00001;0.00001;0.00000;0.00000;0.00829;0.00000;0.00008;0.00017;0.00003;0.00013;0.00255;0.00016;0.00004;0.00068;0.00024;0.00018;0.00010;0.00006;0.00000;0.00003
2020-06-11 00:00;0.00185;0.00257;0.00000;0.00033;0.00002;0.00001;0.00000;0.00013;0.00000;0.00000;0.00008;0.00135;0.00282;0.00001;0.00000;0.00000;0.00219;0.00029;0.00009;0.00001;0.00000;0.00002;0.00006;0.00000;0.00000;0.00032;0.00002;0.00006;0.00000;0.00001;0.00000;0.00001;0.00027;0.00000;0.00001;0.00000;0.00000;0.00011;0.00004;0.00001;0.00003;0.00000;0.00011;0.00009;0.00017;0.00004;0.00000;0.00001;0.00003;0.00004;0.00005;0.00001;0.00001;0.00002;0.00001;0.00000;0.00000;0.00002;0.00000;0.00004;0.00010;0.00000;0.00020;0.00005;0.00008;0.00002;0.00095;0.00080;0.00000;0.00054;0.00020;0.00072;0.00004;0.00001;0.00008;0.00001;0.00010;0.00000;0.00000;0.00000;0.00005;0.00000;0.00000;0.00006;0.00000;0.00000;0.00016;0.00058;0.00000;0.00003;0.00000;0.00007;0.00027;0.00033;0.00000;0.00002;0.00022;0.00000;0.00003;0.00009;0.00508;0.00045;0.00002;0.00005;0.00014;0.00001;0.00002;0.00380;0.00018;0.00014;0.00016;0.00011;0.00047;0.00035;0.00183;0.00159;0.00006;0.00002;0.00009;0.00010;0.00001;0.00004;0.00000;0.00027;0.00011;0.00001;0.00000;0.00000;0.00003;0.00006;0.00027;0.00032;0.00000;0.00000;0.00000;0.00005;0.00006;0.00013;0.00017;0.00009;0.00003;0.00000;0.00005;0.00039;0.00014;0.00036;0.00019;0.00042;0.00000;0.00002;0.00000;0.00049;0.00057;0.00023;0.00019;0.00029;0.00001;0.00145;0.00008;0.00000;0.00013;0.00002;0.00045;0.00109;0.00124;0.00020;0.00046;0.00003;0.00001;0.00239;0.00150;0.00000;0.00207;0.00000;0.00000;0.00061;0.00000;0.00063;0.00258;0.00036;0.00032;0.00225;0.00000;0.00653;0.00376;0.00079;0.00000;0.00089;0.00055;0.00321;0.00367;0.00179;0.00083;0.00169;0.00000;0.00000;0.00118;0.00093;0.00000;0.00000;0.00000;0.00013;0.00259;0.00000;0.00001;0.00061;0.01581;0.00050;0.00045;0.00000;0.00000;0.00000;0.00000;0.00120;0.00028;0.00550;0.00272;0.00192;0.00013;0.00688;0.00038;0.00020;0.00000;0.00601;0.00254;0.00362;0.00113;0.00210;0.00001;0.00037;0.00125;0.00148;0.00036;0.00461;0.00000;0.00011;0.00000;0.00023;0.00002;0.00019;0.00000;0.00004;0.00021;0.00008;0.00097;0.00000;0.00018;0.00010;0.00000;0.00006;0.00103;0.00024;0.00010;0.00000;0.00031;0.00000;0.00032;0.00015;0.00014;0.00000;0.00000;0.00000;0.00000;0.00000;0.00012;0.00000;0.00000;0.00006;0.00000;0.00001;0.00000;0.00029;0.00000;0.00022;0.00266;0.00197;0.00134;0.00118;0.00000;0.00079;0.00067;0.00041;0.00000;0.00000;0.00000;0.00000;0.00000;0.00000;0.00000;0.00018;0.00041;0.00006;0.00021;0.00023;0.00000;0.00008;0.00009;0.00000;0.00000;0.00000;0.00036;0.00000;0.00016;0.00000;0.00048;0.00000;0.00120;0.00000;0.00035;0.00001;0.00055;0.00142;0.00157;0.00022;0.00033;0.00078;0.00000;0.00000;0.00000;0.00000;0.00000;0.00000;0.00023;0.00088;0.00000;0.00000;0.00000;0.00000;0.00216;0.00000;0.00046;0.00003;0.00000;0.00000;0.00000;0.00000;0.00000;0.00000;0.00000;0.00017;0.00000;0.00000;0.00005;0.00003;0.00008;0.00025;0.00020;0.00020;0.00042;0.00020;0.00823;0.02319;0.00000;0.01285;0.01269;0.00186;0.00626;0.00036;0.00568;0.00028;0.01057;0.00198;0.00000;0.00000;0.00000;0.00000;0.00365;0.00000;0.00000;0.00000;0.00016;0.00134;0.00000;0.00031;0.00000;0.00086;0.00000;0.00030;0.00047;0.00041;0.00038;0.01542;0.00000;0.00050;0.00000;0.00000;0.00047;0.00030;0.00025;0.00000;0.00027;0.00001;0.00005;0.00042;0.00000;0.00000;0.00381;0.00059;0.00051;0.00173;0.00394;0.00000;0.00709;0.00330;0.00252;0.00000;0.00000;0.01128;0.00081;0.00333;0.00000;0.00194;0.00074;0.00029;0.00030;0.00327;0.00025;0.00119;0.00233;0.00000;0.00094;0.00071;0.00026;0.00008;0.00047;0.00002;0.00025;0.00000;0.00019;0.00005;0.00005;0.00007;0.00335;0.00000;0.00000;0.00000;0.00000;0.00410;0.00001;0.00004;0.00003;0.00018;0.00006;0.00005;0.00002;0.00002;0.00000;0.00005;0.00001;0.00000;0.00185;0.00000;0.00005;0.00010;0.00071;0.00052;0.00005;0.00193;0.00000;0.00003;0.00001;0.00310;0.00018;0.00000;0.00013;0.00013;0.00001;0.00009;0.00000;0.00023;0.00003;0.00091;0.00114;0.00471;0.00001;0.00001;0.00001;0.00000;0.00001;0.00979;0.00000;0.00009;0.00026;0.00004;0.00015;0.00107;0.00017;0.00004;0.00075;0.00028;0.00018;0.00010;0.00007;0.00000;0.00003
2020-06-12 00:00;0.00032;0.00052;0.00000;0.00009;0.00000;0.00000;0.00000;0.00002;0.00000;0.00000;0.00002;0.00020;0.00096;0.00000;0.00000;0.00000;0.00056;0.00003;0.00001;0.00000;0.00000;0.00000;0.00001;0.00000;0.00000;0.00012;0.00000;0.00000;0.00000;0.00000;0.00000;0.00000;0.00006;0.00000;0.00000;0.00000;0.00000;0.00002;0.00000;0.00000;0.00001;0.00000;0.00001;0.00001;0.00001;0.00000;0.00000;0.00000;0.00001;0.00000;0.00000;0.00000;0.00000;0.00000;0.00000;0.00000;0.00000;0.00000;0.00000;0.00000;0.00001;0.00000;0.00001;0.00002;0.00001;0.00000;0.00014;0.00008;0.00000;0.00019;0.00002;0.00009;0.00000;0.00000;0.00003;0.00000;0.00001;0.00000;0.00000;0.00000;0.00000;0.00000;0.00000;0.00002;0.00000;0.00000;0.00003;0.00010;0.00000;0.00000;0.00000;0.00001;0.00006;0.00007;0.00000;0.00000;0.00005;0.00000;0.00001;0.00002;0.00434;0.00020;0.00000;0.00000;0.00002;0.00000;0.00000;0.00230;0.00003;0.00001;0.00002;0.00001;0.00006;0.00003;0.00027;0.00014;0.00001;0.00000;0.00001;0.00001;0.00000;0.00000;0.00000;0.00003;0.00001;0.00000;0.00000;0.00000;0.00000;0.00000;0.00003;0.00008;0.00000;0.00000;0.00000;0.00001;0.00001;0.00001;0.00002;0.00001;0.00000;0.00000;0.00000;0.00010;0.00001;0.00002;0.00004;0.00006;0.00000;0.00000;0.00000;0.00006;0.00011;0.00003;0.00002;0.00005;0.00000;0.00079;0.00001;0.00000;0.00002;0.00000;0.00023;0.00066;0.00024;0.00005;0.00008;0.00000;0.00000;0.00058;0.00045;0.00000;0.00064;0.00000;0.00000;0.00016;0.00000;0.00015;0.00066;0.00011;0.00016;0.00058;0.00000;0.00185;0.00086;0.00008;0.00000;0.00008;0.00014;0.00151;0.00201;0.00054;0.00028;0.00067;0.00000;0.00000;0.00052;0.00027;0.00000;0.00000;0.00000;0.00001;0.00190;0.00000;0.00000;0.00009;0.00623;0.00007;0.00012;0.00000;0.00000;0.00000;0.00000;0.00042;0.00004;0.00239;0.00119;0.00051;0.00004;0.00553;0.00004;0.00005;0.00000;0.00149;0.00078;0.00115;0.00021;0.00039;0.00000;0.00006;0.00035;0.00035;0.00009;0.00223;0.00000;0.00006;0.00000;0.00009;0.00001;0.00002;0.00000;0.00001;0.00009;0.00002;0.00034;0.00000;0.00003;0.00001;0.00000;0.00001;0.00031;0.00012;0.00002;0.00000;0.00011;0.00000;0.00013;0.00003;0.00003;0.00000;0.00000;0.00000;0.00000;0.00000;0.00004;0.00000;0.00000;0.00003;0.00000;0.00000;0.00000;0.00003;0.00000;0.00006;0.00118;0.00055;0.00025;0.00055;0.00000;0.00024;0.00029;0.00011;0.00000;0.00000;0.00000;0.00000;0.00000;0.00000;0.00000;0.00013;0.00017;0.00003;0.00002;0.00003;0.00000;0.00002;0.00001;0.00000;0.00000;0.00000;0.00008;0.00000;0.00004;0.00000;0.00025;0.00000;0.00018;0.00000;0.00008;0.00000;0.00021;0.00078;0.00042;0.00003;0.00005;0.00042;0.00000;0.00000;0.00000;0.00000;0.00000;0.00000;0.00004;0.00035;0.00000;0.00000;0.00000;0.00000;0.00039;0.00000;0.00016;0.00000;0.00000;0.00000;0.00000;0.00000;0.00000;0.00000;0.00000;0.00003;0.00000;0.00000;0.00000;0.00001;0.00001;0.00003;0.00004;0.00004;0.00005;0.00004;0.00257;0.00519;0.00000;0.00257;0.00187;0.00027;0.00089;0.00007;0.00082;0.00006;0.00229;0.00004;0.00000;0.00000;0.00000;0.00000;0.00113;0.00000;0.00000;0.00000;0.00004;0.00040;0.00000;0.00008;0.00000;0.00026;0.00000;0.00006;0.00015;0.00010;0.00010;0.00194;0.00000;0.00026;0.00000;0.00000;0.00007;0.00006;0.00004;0.00000;0.00007;0.00000;0.00003;0.00009;0.00000;0.00000;0.00097;0.00015;0.00012;0.00063;0.00198;0.00000;0.00137;0.00105;0.00103;0.00000;0.00000;0.00622;0.00017;0.00089;0.00000;0.00056;0.00016;0.00007;0.00008;0.00207;0.00005;0.00024;0.00139;0.00000;0.00041;0.00028;0.00006;0.00001;0.00016;0.00000;0.00009;0.00000;0.00002;0.00000;0.00001;0.00001;0.00221;0.00000;0.00000;0.00000;0.00000;0.00240;0.00000;0.00001;0.00001;0.00003;0.00001;0.00001;0.00001;0.00000;0.00000;0.00001;0.00000;0.00000;0.00129;0.00000;0.00002;0.00001;0.00014;0.00020;0.00001;0.00041;0.00000;0.00000;0.00000;0.00121;0.00005;0.00000;0.00002;0.00003;0.00000;0.00001;0.00000;0.00006;0.00000;0.00022;0.00031;0.00391;0.00000;0.00000;0.00000;0.00000;0.00000;0.00577;0.00000;0.00001;0.00007;0.00000;0.00001;0.00002;0.00002;0.00000;0.00017;0.00009;0.00005;0.00004;0.00001;0.00000;0.00000
2020-06-13 00:00;0.00000;0.00000;0.00000;0.00000;0.00000;0.00000;0.00000;0.00000;0.00000;0.00000;0.00000;0.00000;0.00000;0.00000;0.00000;0.00000;0.00000;0.00000;0.00000;0.00000;0.00000;0.00000;0.00000;0.00000;0.00000;0.00000;0.00000;0.00000;0.00000;0.00000;0.00000;0.00000;0.00000;0.00000;0.00000;0.00000;0.00000;0.00000;0.00000;0.00000;0.00000;0.00000;0.00000;0.00000;0.00000;0.00000;0.00000;0.00000;0.00000;0.00000;0.00000;0.00000;0.00000;0.00000;0.00000;0.00000;0.00000;0.00000;0.00000;0.00000;0.00000;0.00000;0.00000;0.00000;0.00000;0.00000;0.00000;0.00000;0.00000;0.00000;0.00000;0.00000;0.00000;0.00000;0.00000;0.00000;0.00000;0.00000;0.00000;0.00000;0.00000;0.00000;0.00000;0.00000;0.00000;0.00000;0.00000;0.00000;0.00000;0.00000;0.00000;0.00000;0.00000;0.00000;0.00000;0.00000;0.00000;0.00000;0.00000;0.00000;0.00083;0.00002;0.00000;0.00000;0.00000;0.00000;0.00000;0.00028;0.00000;0.00000;0.00000;0.00000;0.00000;0.00000;0.00000;0.00000;0.00000;0.00000;0.00000;0.00000;0.00000;0.00000;0.00000;0.00000;0.00000;0.00000;0.00000;0.00000;0.00000;0.00000;0.00000;0.00000;0.00000;0.00000;0.00000;0.00000;0.00000;0.00000;0.00000;0.00000;0.00000;0.00000;0.00000;0.00000;0.00000;0.00000;0.00000;0.00000;0.00000;0.00000;0.00000;0.00000;0.00000;0.00000;0.00000;0.00000;0.00000;0.00008;0.00000;0.00000;0.00000;0.00000;0.00002;0.00007;0.00000;0.00000;0.00000;0.00000;0.00000;0.00000;0.00000;0.00000;0.00000;0.00000;0.00000;0.00000;0.00000;0.00000;0.00000;0.00000;0.00000;0.00000;0.00000;0.00000;0.00000;0.00000;0.00000;0.00000;0.00000;0.00000;0.00000;0.00000;0.00000;0.00000;0.00000;0.00000;0.00000;0.00000;0.00000;0.00000;0.00000;0.00000;0.00020;0.00000;0.00000;0.00000;0.00012;0.00001;0.00001;0.00000;0.00000;0.00000;0.00000;0.00003;0.00001;0.00014;0.00006;0.00004;0.00000;0.00068;0.00001;0.00001;0.00000;0.00007;0.00001;0.00000;0.00000;0.00000;0.00000;0.00000;0.00000;0.00000;0.00000;0.00002;0.00000;0.00000;0.00000;0.00000;0.00000;0.00000;0.00000;0.00000;0.00000;0.00000;0.00002;0.00000;0.00000;0.00000;0.00000;0.00000;0.00000;0.00000;0.00000;0.00000;0.00000;0.00000;0.00000;0.00000;0.00000;0.00000;0.00000;0.00000;0.00000;0.00000;0.00000;0.00000;0.00000;0.00000;0.00000;0.00000;0.00000;0.00000;0.00000;0.00000;0.00000;0.00000;0.00000;0.00000;0.00000;0.00000;0.00000;0.00000;0.00000;0.00000;0.00000;0.00000;0.00000;0.00000;0.00000;0.00001;0.00000;0.00000;0.00000;0.00000;0.00000;0.00000;0.00000;0.00000;0.00000;0.00000;0.00000;0.00000;0.00000;0.00000;0.00000;0.00000;0.00000;0.00000;0.00000;0.00000;0.00000;0.00000;0.00000;0.00000;0.00000;0.00000;0.00000;0.00000;0.00000;0.00000;0.00000;0.00000;0.00000;0.00000;0.00000;0.00000;0.00000;0.00000;0.00000;0.00000;0.00000;0.00000;0.00000;0.00000;0.00000;0.00000;0.00000;0.00000;0.00000;0.00000;0.00000;0.00000;0.00000;0.00000;0.00000;0.00000;0.00000;0.00000;0.00000;0.00000;0.00000;0.00003;0.00000;0.00011;0.00010;0.00016;0.00000;0.00000;0.00000;0.00000;0.00000;0.00010;0.00000;0.00000;0.00000;0.00000;0.00000;0.00000;0.00000;0.00000;0.00000;0.00000;0.00000;0.00003;0.00000;0.00000;0.00000;0.00000;0.00000;0.00000;0.00000;0.00149;0.00000;0.00000;0.00000;0.00000;0.00000;0.00000;0.00000;0.00000;0.00000;0.00000;0.00000;0.00000;0.00000;0.00000;0.00000;0.00000;0.00000;0.00001;0.00006;0.00000;0.00000;0.00000;0.00000;0.00000;0.00000;0.00000;0.00000;0.00000;0.00000;0.00000;0.00000;0.00000;0.00000;0.00000;0.00000;0.00000;0.00000;0.00000;0.00000;0.00000;0.00000;0.00000;0.00000;0.00000;0.00000;0.00000;0.00000;0.00000;0.00000;0.00000;0.00021;0.00000;0.00000;0.00000;0.00000;0.00023;0.00000;0.00000;0.00000;0.00000;0.00000;0.00000;0.00000;0.00000;0.00000;0.00000;0.00000;0.00000;0.00017;0.00000;0.00000;0.00000;0.00000;0.00000;0.00000;0.00000;0.00000;0.00000;0.00000;0.00000;0.00000;0.00000;0.00000;0.00000;0.00000;0.00000;0.00000;0.00000;0.00000;0.00000;0.00000;0.00048;0.00000;0.00000;0.00000;0.00000;0.00000;0.00060;0.00000;0.00000;0.00000;0.00000;0.00000;0.00000;0.00000;0.00000;0.00000;0.00000;0.00000;0.00000;0.00000;0.00000;0.00000
2020-06-14 00:00;0.00000;0.00000;0.00000;0.00000;0.00000;0.00000;0.00000;0.00000;0.00000;0.00000;0.00000;0.00000;0.00000;0.00000;0.00000;0.00000;0.00000;0.00000;0.00000;0.00000;0.00000;0.00000;0.00000;0.00000;0.00000;0.00000;0.00000;0.00000;0.00000;0.00000;0.00000;0.00000;0.00000;0.00000;0.00000;0.00000;0.00000;0.00000;0.00000;0.00000;0.00000;0.00000;0.00000;0.00000;0.00000;0.00000;0.00000;0.00000;0.00000;0.00000;0.00000;0.00000;0.00000;0.00000;0.00000;0.00000;0.00000;0.00000;0.00000;0.00000;0.00000;0.00000;0.00000;0.00000;0.00000;0.00000;0.00000;0.00000;0.00000;0.00000;0.00000;0.00000;0.00000;0.00000;0.00000;0.00000;0.00000;0.00000;0.00000;0.00000;0.00000;0.00000;0.00000;0.00000;0.00000;0.00000;0.00000;0.00000;0.00000;0.00000;0.00000;0.00000;0.00000;0.00000;0.00000;0.00000;0.00000;0.00000;0.00000;0.00000;0.00023;0.00000;0.00000;0.00000;0.00000;0.00000;0.00000;0.00000;0.00000;0.00000;0.00000;0.00000;0.00000;0.00000;0.00000;0.00000;0.00000;0.00000;0.00000;0.00000;0.00000;0.00000;0.00000;0.00000;0.00000;0.00000;0.00000;0.00000;0.00000;0.00000;0.00000;0.00000;0.00000;0.00000;0.00000;0.00000;0.00000;0.00000;0.00000;0.00000;0.00000;0.00000;0.00000;0.00000;0.00000;0.00000;0.00000;0.00000;0.00000;0.00000;0.00000;0.00000;0.00000;0.00000;0.00000;0.00000;0.00000;0.00000;0.00000;0.00000;0.00000;0.00000;0.00000;0.00000;0.00000;0.00000;0.00000;0.00000;0.00000;0.00000;0.00000;0.00000;0.00000;0.00000;0.00000;0.00000;0.00000;0.00000;0.00000;0.00000;0.00000;0.00000;0.00000;0.00000;0.00000;0.00000;0.00000;0.00000;0.00000;0.00000;0.00000;0.00000;0.00000;0.00000;0.00000;0.00000;0.00000;0.00000;0.00000;0.00000;0.00000;0.00000;0.00000;0.00000;0.00000;0.00000;0.00005;0.00000;0.00000;0.00000;0.00000;0.00000;0.00000;0.00001;0.00000;0.00006;0.00003;0.00001;0.00000;0.00004;0.00000;0.00000;0.00000;0.00002;0.00000;0.00000;0.00000;0.00000;0.00000;0.00000;0.00000;0.00000;0.00000;0.00001;0.00000;0.00000;0.00000;0.00000;0.00000;0.00000;0.00000;0.00000;0.00000;0.00000;0.00001;0.00000;0.00000;0.00000;0.00000;0.00000;0.00000;0.00000;0.00000;0.00000;0.00000;0.00000;0.00000;0.00000;0.00000;0.00000;0.00000;0.00000;0.00000;0.00000;0.00000;0.00000;0.00000;0.00000;0.00000;0.00000;0.00000;0.00000;0.00000;0.00000;0.00000;0.00000;0.00000;0.00000;0.00000;0.00000;0.00000;0.00000;0.00000;0.00000;0.00000;0.00000;0.00000;0.00000;0.00000;0.00000;0.00000;0.00000;0.00000;0.00000;0.00000;0.00000;0.00000;0.00000;0.00000;0.00000;0.00000;0.00000;0.00000;0.00000;0.00000;0.00000;0.00000;0.00000;0.00000;0.00000;0.00000;0.00000;0.00000;0.00000;0.00000;0.00000;0.00000;0.00000;0.00000;0.00000;0.00000;0.00000;0.00000;0.00000;0.00000;0.00000;0.00000;0.00000;0.00000;0.00000;0.00000;0.00000;0.00000;0.00000;0.00000;0.00000;0.00000;0.00000;0.00000;0.00000;0.00000;0.00000;0.00000;0.00000;0.00000;0.00000;0.00000;0.00000;0.00000;0.00000;0.00000;0.00001;0.00000;0.00002;0.00001;0.00015;0.00000;0.00000;0.00000;0.00000;0.00000;0.00004;0.00000;0.00000;0.00000;0.00000;0.00000;0.00000;0.00000;0.00000;0.00000;0.00000;0.00000;0.00003;0.00000;0.00000;0.00000;0.00000;0.00000;0.00000;0.00000;0.00144;0.00000;0.00000;0.00000;0.00000;0.00000;0.00000;0.00000;0.00000;0.00000;0.00000;0.00000;0.00000;0.00000;0.00000;0.00000;0.00000;0.00000;0.00000;0.00003;0.00000;0.00000;0.00000;0.00000;0.00000;0.00000;0.00000;0.00000;0.00000;0.00000;0.00000;0.00000;0.00000;0.00000;0.00000;0.00000;0.00000;0.00000;0.00000;0.00000;0.00000;0.00000;0.00000;0.00000;0.00000;0.00000;0.00000;0.00000;0.00000;0.00000;0.00000;0.00000;0.00000;0.00000;0.00000;0.00000;0.00000;0.00000;0.00000;0.00000;0.00000;0.00000;0.00000;0.00000;0.00000;0.00000;0.00000;0.00000;0.00000;0.00000;0.00000;0.00000;0.00000;0.00000;0.00000;0.00000;0.00000;0.00000;0.00000;0.00000;0.00000;0.00000;0.00000;0.00000;0.00000;0.00000;0.00000;0.00000;0.00000;0.00000;0.00000;0.00000;0.00000;0.00000;0.00000;0.00000;0.00000;0.00000;0.00000;0.00000;0.00000;0.00000;0.00000;0.00000;0.00000;0.00000;0.00000;0.00000;0.00000;0.00000;0.00000;0.00000;0.00000;0.00000
2020-06-15 00:00;0.00000;0.00000;0.00000;0.00000;0.00000;0.00000;0.00000;0.00000;0.00000;0.00000;0.00000;0.00000;0.00000;0.00000;0.00000;0.00000;0.00000;0.00000;0.00000;0.00000;0.00000;0.00000;0.00000;0.00000;0.00000;0.00000;0.00000;0.00000;0.00000;0.00000;0.00000;0.00000;0.00000;0.00000;0.00000;0.00000;0.00000;0.00000;0.00000;0.00000;0.00000;0.00000;0.00000;0.00000;0.00000;0.00000;0.00000;0.00000;0.00000;0.00000;0.00000;0.00000;0.00000;0.00000;0.00000;0.00000;0.00000;0.00000;0.00000;0.00000;0.00000;0.00000;0.00000;0.00000;0.00000;0.00000;0.00000;0.00000;0.00000;0.00000;0.00000;0.00000;0.00000;0.00000;0.00000;0.00000;0.00000;0.00000;0.00000;0.00000;0.00000;0.00000;0.00000;0.00000;0.00000;0.00000;0.00000;0.00000;0.00000;0.00000;0.00000;0.00000;0.00000;0.00000;0.00000;0.00000;0.00000;0.00000;0.00000;0.00000;0.00000;0.00000;0.00000;0.00000;0.00000;0.00000;0.00000;0.00000;0.00000;0.00000;0.00000;0.00000;0.00000;0.00000;0.00000;0.00000;0.00000;0.00000;0.00000;0.00000;0.00000;0.00000;0.00000;0.00000;0.00000;0.00000;0.00000;0.00000;0.00000;0.00000;0.00000;0.00000;0.00000;0.00000;0.00000;0.00000;0.00000;0.00000;0.00000;0.00000;0.00000;0.00000;0.00000;0.00000;0.00000;0.00000;0.00000;0.00000;0.00000;0.00000;0.00000;0.00000;0.00000;0.00000;0.00000;0.00000;0.00000;0.00000;0.00000;0.00000;0.00000;0.00000;0.00000;0.00000;0.00000;0.00000;0.00000;0.00000;0.00000;0.00000;0.00000;0.00000;0.00000;0.00000;0.00000;0.00000;0.00000;0.00000;0.00000;0.00000;0.00000;0.00000;0.00000;0.00000;0.00000;0.00000;0.00000;0.00000;0.00000;0.00000;0.00000;0.00000;0.00000;0.00000;0.00000;0.00000;0.00000;0.00000;0.00000;0.00000;0.00000;0.00000;0.00000;0.00000;0.00000;0.00000;0.00000;0.00000;0.00000;0.00000;0.00000;0.00000;0.00000;0.00000;0.00000;0.00000;0.00000;0.00000;0.00000;0.00000;0.00000;0.00000;0.00000;0.00000;0.00000;0.00000;0.00000;0.00000;0.00000;0.00000;0.00000;0.00000;0.00000;0.00000;0.00000;0.00000;0.00000;0.00000;0.00000;0.00000;0.00000;0.00000;0.00000;0.00000;0.00000;0.00000;0.00000;0.00000;0.00000;0.00000;0.00000;0.00000;0.00000;0.00000;0.00000;0.00000;0.00000;0.00000;0.00000;0.00000;0.00000;0.00000;0.00000;0.00000;0.00000;0.00000;0.00000;0.00000;0.00000;0.00000;0.00000;0.00000;0.00000;0.00000;0.00000;0.00000;0.00000;0.00000;0.00000;0.00000;0.00000;0.00000;0.00000;0.00000;0.00000;0.00000;0.00000;0.00000;0.00000;0.00000;0.00000;0.00000;0.00000;0.00000;0.00000;0.00000;0.00000;0.00000;0.00000;0.00000;0.00000;0.00000;0.00000;0.00000;0.00000;0.00000;0.00000;0.00000;0.00000;0.00000;0.00000;0.00000;0.00000;0.00000;0.00000;0.00000;0.00000;0.00000;0.00000;0.00000;0.00000;0.00000;0.00000;0.00000;0.00000;0.00000;0.00000;0.00000;0.00000;0.00000;0.00000;0.00000;0.00000;0.00000;0.00000;0.00000;0.00000;0.00000;0.00000;0.00000;0.00000;0.00000;0.00000;0.00000;0.00000;0.00000;0.00000;0.00000;0.00000;0.00000;0.00000;0.00000;0.00000;0.00000;0.00000;0.00014;0.00000;0.00000;0.00000;0.00000;0.00000;0.00003;0.00000;0.00000;0.00000;0.00000;0.00000;0.00000;0.00000;0.00000;0.00000;0.00000;0.00000;0.00003;0.00000;0.00000;0.00000;0.00000;0.00000;0.00000;0.00000;0.00139;0.00000;0.00000;0.00000;0.00000;0.00000;0.00000;0.00000;0.00000;0.00000;0.00000;0.00000;0.00000;0.00000;0.00000;0.00000;0.00000;0.00000;0.00000;0.00000;0.00000;0.00000;0.00000;0.00000;0.00000;0.00000;0.00000;0.00000;0.00000;0.00000;0.00000;0.00000;0.00000;0.00000;0.00000;0.00000;0.00000;0.00000;0.00000;0.00000;0.00000;0.00000;0.00000;0.00000;0.00000;0.00000;0.00000;0.00000;0.00000;0.00000;0.00000;0.00000;0.00000;0.00000;0.00000;0.00000;0.00000;0.00000;0.00000;0.00000;0.00000;0.00000;0.00000;0.00000;0.00000;0.00000;0.00000;0.00000;0.00000;0.00000;0.00000;0.00000;0.00000;0.00000;0.00000;0.00000;0.00000;0.00000;0.00000;0.00000;0.00000;0.00000;0.00000;0.00000;0.00000;0.00000;0.00000;0.00000;0.00000;0.00000;0.00000;0.00000;0.00000;0.00000;0.00000;0.00000;0.00000;0.00000;0.00000;0.00000;0.00000;0.00000;0.00000;0.00000;0.00000;0.00000;0.00000;0.00000;0.00000;0.00000;0.00000;0.00000;0.00000;0.00000
2020-06-16 00:00;0.00000;0.00000;0.00000;0.00000;0.00000;0.00000;0.00000;0.00000;0.00000;0.00000;0.00000;0.00000;0.00000;0.00000;0.00000;0.00000;0.00000;0.00000;0.00000;0.00000;0.00000;0.00000;0.00000;0.00000;0.00000;0.00000;0.00000;0.00000;0.00000;0.00000;0.00000;0.00000;0.00000;0.00000;0.00000;0.00000;0.00000;0.00000;0.00000;0.00000;0.00000;0.00000;0.00000;0.00000;0.00000;0.00000;0.00000;0.00000;0.00000;0.00000;0.00000;0.00000;0.00000;0.00000;0.00000;0.00000;0.00000;0.00000;0.00000;0.00000;0.00000;0.00000;0.00000;0.00000;0.00000;0.00000;0.00000;0.00000;0.00000;0.00000;0.00000;0.00000;0.00000;0.00000;0.00000;0.00000;0.00000;0.00000;0.00000;0.00000;0.00000;0.00000;0.00000;0.00000;0.00000;0.00000;0.00000;0.00000;0.00000;0.00000;0.00000;0.00000;0.00000;0.00000;0.00000;0.00000;0.00000;0.00000;0.00000;0.00000;0.00000;0.00000;0.00000;0.00000;0.00000;0.00000;0.00000;0.00000;0.00000;0.00000;0.00000;0.00000;0.00000;0.00000;0.00000;0.00000;0.00000;0.00000;0.00000;0.00000;0.00000;0.00000;0.00000;0.00000;0.00000;0.00000;0.00000;0.00000;0.00000;0.00000;0.00000;0.00000;0.00000;0.00000;0.00000;0.00000;0.00000;0.00000;0.00000;0.00000;0.00000;0.00000;0.00000;0.00000;0.00000;0.00000;0.00000;0.00000;0.00000;0.00000;0.00000;0.00000;0.00000;0.00000;0.00000;0.00000;0.00000;0.00000;0.00000;0.00000;0.00000;0.00000;0.00000;0.00000;0.00000;0.00000;0.00000;0.00000;0.00000;0.00000;0.00000;0.00000;0.00000;0.00000;0.00000;0.00000;0.00000;0.00000;0.00000;0.00000;0.00000;0.00000;0.00000;0.00000;0.00000;0.00000;0.00000;0.00000;0.00000;0.00000;0.00000;0.00000;0.00000;0.00000;0.00000;0.00000;0.00000;0.00000;0.00000;0.00000;0.00000;0.00000;0.00000;0.00000;0.00000;0.00000;0.00000;0.00000;0.00000;0.00000;0.00000;0.00000;0.00000;0.00000;0.00000;0.00000;0.00000;0.00000;0.00000;0.00000;0.00000;0.00000;0.00000;0.00000;0.00000;0.00000;0.00000;0.00000;0.00000;0.00000;0.00000;0.00000;0.00000;0.00000;0.00000;0.00000;0.00000;0.00000;0.00000;0.00000;0.00000;0.00000;0.00000;0.00000;0.00000;0.00000;0.00000;0.00000;0.00000;0.00000;0.00000;0.00000;0.00000;0.00000;0.00000;0.00000;0.00000;0.00000;0.00000;0.00000;0.00000;0.00000;0.00000;0.00000;0.00000;0.00000;0.00000;0.00000;0.00000;0.00000;0.00000;0.00000;0.00000;0.00000;0.00000;0.00000;0.00000;0.00000;0.00000;0.00000;0.00000;0.00000;0.00000;0.00000;0.00000;0.00000;0.00000;0.00000;0.00000;0.00000;0.00000;0.00000;0.00000;0.00000;0.00000;0.00000;0.00000;0.00000;0.00000;0.00000;0.00000;0.00000;0.00000;0.00000;0.00000;0.00000;0.00000;0.00000;0.00000;0.00000;0.00000;0.00000;0.00000;0.00000;0.00000;0.00000;0.00000;0.00000;0.00000;0.00000;0.00000;0.00000;0.00000;0.00000;0.00000;0.00000;0.00000;0.00000;0.00000;0.00000;0.00000;0.00000;0.00000;0.00000;0.00000;0.00000;0.00000;0.00000;0.00000;0.00000;0.00000;0.00000;0.00000;0.00000;0.00000;0.00000;0.00000;0.00000;0.00000;0.00000;0.00000;0.00000;0.00000;0.00000;0.00000;0.00013;0.00000;0.00000;0.00000;0.00000;0.00000;0.00003;0.00000;0.00000;0.00000;0.00000;0.00000;0.00000;0.00000;0.00000;0.00000;0.00000;0.00000;0.00003;0.00000;0.00000;0.00000;0.00000;0.00000;0.00000;0.00000;0.00133;0.00000;0.00000;0.00000;0.00000;0.00000;0.00000;0.00000;0.00000;0.00000;0.00000;0.00000;0.00000;0.00000;0.00000;0.00000;0.00000;0.00000;0.00000;0.00000;0.00000;0.00000;0.00000;0.00000;0.00000;0.00000;0.00000;0.00000;0.00000;0.00000;0.00000;0.00000;0.00000;0.00000;0.00000;0.00000;0.00000;0.00000;0.00000;0.00000;0.00000;0.00000;0.00000;0.00000;0.00000;0.00000;0.00000;0.00000;0.00000;0.00000;0.00000;0.00000;0.00000;0.00000;0.00000;0.00000;0.00000;0.00000;0.00000;0.00000;0.00000;0.00000;0.00000;0.00000;0.00000;0.00000;0.00000;0.00000;0.00000;0.00000;0.00000;0.00000;0.00000;0.00000;0.00000;0.00000;0.00000;0.00000;0.00000;0.00000;0.00000;0.00000;0.00000;0.00000;0.00000;0.00000;0.00000;0.00000;0.00000;0.00000;0.00000;0.00000;0.00000;0.00000;0.00000;0.00000;0.00000;0.00000;0.00000;0.00000;0.00000;0.00000;0.00000;0.00000;0.00000;0.00000;0.00000;0.00000;0.00000;0.00000;0.00000;0.00000;0.00000;0.00000
2020-06-17 00:00;0.00000;0.00000;0.00000;0.00000;0.00000;0.00000;0.00000;0.00000;0.00000;0.00000;0.00000;0.00000;0.00000;0.00000;0.00000;0.00000;0.00000;0.00000;0.00000;0.00000;0.00000;0.00000;0.00000;0.00000;0.00000;0.00000;0.00000;0.00000;0.00000;0.00000;0.00000;0.00000;0.00000;0.00000;0.00000;0.00000;0.00000;0.00000;0.00000;0.00000;0.00000;0.00000;0.00000;0.00000;0.00000;0.00000;0.00000;0.00000;0.00000;0.00000;0.00000;0.00000;0.00000;0.00000;0.00000;0.00000;0.00000;0.00000;0.00000;0.00000;0.00000;0.00000;0.00000;0.00000;0.00000;0.00000;0.00000;0.00000;0.00000;0.00000;0.00000;0.00000;0.00000;0.00000;0.00000;0.00000;0.00000;0.00000;0.00000;0.00000;0.00000;0.00000;0.00000;0.00000;0.00000;0.00000;0.00000;0.00000;0.00000;0.00000;0.00000;0.00000;0.00000;0.00000;0.00000;0.00000;0.00000;0.00000;0.00000;0.00000;0.00000;0.00000;0.00000;0.00000;0.00000;0.00000;0.00000;0.00000;0.00000;0.00000;0.00000;0.00000;0.00000;0.00000;0.00000;0.00000;0.00000;0.00000;0.00000;0.00000;0.00000;0.00000;0.00000;0.00000;0.00000;0.00000;0.00000;0.00000;0.00000;0.00000;0.00000;0.00000;0.00000;0.00000;0.00000;0.00000;0.00000;0.00000;0.00000;0.00000;0.00000;0.00000;0.00000;0.00000;0.00000;0.00000;0.00000;0.00000;0.00000;0.00000;0.00000;0.00000;0.00000;0.00000;0.00000;0.00000;0.00000;0.00000;0.00000;0.00000;0.00000;0.00000;0.00000;0.00000;0.00000;0.00000;0.00000;0.00000;0.00000;0.00000;0.00000;0.00000;0.00000;0.00000;0.00000;0.00000;0.00000;0.00000;0.00000;0.00000;0.00000;0.00000;0.00000;0.00000;0.00000;0.00000;0.00000;0.00000;0.00000;0.00000;0.00000;0.00000;0.00000;0.00000;0.00000;0.00000;0.00000;0.00000;0.00000;0.00000;0.00000;0.00000;0.00000;0.00000;0.00000;0.00000;0.00000;0.00000;0.00000;0.00000;0.00000;0.00000;0.00000;0.00000;0.00000;0.00000;0.00000;0.00000;0.00000;0.00000;0.00000;0.00000;0.00000;0.00000;0.00000;0.00000;0.00000;0.00000;0.00000;0.00000;0.00000;0.00000;0.00000;0.00000;0.00000;0.00000;0.00000;0.00000;0.00000;0.00000;0.00000;0.00000;0.00000;0.00000;0.00000;0.00000;0.00000;0.00000;0.00000;0.00000;0.00000;0.00000;0.00000;0.00000;0.00000;0.00000;0.00000;0.00000;0.00000;0.00000;0.00000;0.00000;0.00000;0.00000;0.00000;0.00000;0.00000;0.00000;0.00000;0.00000;0.00000;0.00000;0.00000;0.00000;0.00000;0.00000;0.00000;0.00000;0.00000;0.00000;0.00000;0.00000;0.00000;0.00000;0.00000;0.00000;0.00000;0.00000;0.00000;0.00000;0.00000;0.00000;0.00000;0.00000;0.00000;0.00000;0.00000;0.00000;0.00000;0.00000;0.00000;0.00000;0.00000;0.00000;0.00000;0.00000;0.00000;0.00000;0.00000;0.00000;0.00000;0.00000;0.00000;0.00000;0.00000;0.00000;0.00000;0.00000;0.00000;0.00000;0.00000;0.00000;0.00000;0.00000;0.00000;0.00000;0.00000;0.00000;0.00000;0.00000;0.00000;0.00000;0.00000;0.00000;0.00000;0.00000;0.00000;0.00000;0.00000;0.00000;0.00000;0.00000;0.00000;0.00000;0.00000;0.00000;0.00000;0.00000;0.00000;0.00000;0.00000;0.00000;0.00000;0.00000;0.00000;0.00013;0.00000;0.00000;0.00000;0.00000;0.00000;0.00003;0.00000;0.00000;0.00000;0.00000;0.00000;0.00000;0.00000;0.00000;0.00000;0.00000;0.00000;0.00003;0.00000;0.00000;0.00000;0.00000;0.00000;0.00000;0.00000;0.00127;0.00000;0.00000;0.00000;0.00000;0.00000;0.00000;0.00000;0.00000;0.00000;0.00000;0.00000;0.00000;0.00000;0.00000;0.00000;0.00000;0.00000;0.00000;0.00000;0.00000;0.00000;0.00000;0.00000;0.00000;0.00000;0.00000;0.00000;0.00000;0.00000;0.00000;0.00000;0.00000;0.00000;0.00000;0.00000;0.00000;0.00000;0.00000;0.00000;0.00000;0.00000;0.00000;0.00000;0.00000;0.00000;0.00000;0.00000;0.00000;0.00000;0.00000;0.00000;0.00000;0.00000;0.00000;0.00000;0.00000;0.00000;0.00000;0.00000;0.00000;0.00000;0.00000;0.00000;0.00000;0.00000;0.00000;0.00000;0.00000;0.00000;0.00000;0.00000;0.00000;0.00000;0.00000;0.00000;0.00000;0.00000;0.00000;0.00000;0.00000;0.00000;0.00000;0.00000;0.00000;0.00000;0.00000;0.00000;0.00000;0.00000;0.00000;0.00000;0.00000;0.00000;0.00000;0.00000;0.00000;0.00000;0.00000;0.00000;0.00000;0.00000;0.00000;0.00000;0.00000;0.00000;0.00000;0.00000;0.00000;0.00000;0.00000;0.00000;0.00000;0.00000
2020-06-18 00:00;0.00000;0.00000;0.00000;0.00000;0.00000;0.00000;0.00000;0.00000;0.00000;0.00000;0.00000;0.00000;0.00000;0.00000;0.00000;0.00000;0.00000;0.00000;0.00000;0.00000;0.00000;0.00000;0.00000;0.00000;0.00000;0.00000;0.00000;0.00000;0.00000;0.00000;0.00000;0.00000;0.00000;0.00000;0.00000;0.00000;0.00000;0.00000;0.00000;0.00000;0.00000;0.00000;0.00000;0.00000;0.00000;0.00000;0.00000;0.00000;0.00000;0.00000;0.00000;0.00000;0.00000;0.00000;0.00000;0.00000;0.00000;0.00000;0.00000;0.00000;0.00000;0.00000;0.00000;0.00000;0.00000;0.00000;0.00000;0.00000;0.00000;0.00000;0.00000;0.00000;0.00000;0.00000;0.00000;0.00000;0.00000;0.00000;0.00000;0.00000;0.00000;0.00000;0.00000;0.00000;0.00000;0.00000;0.00000;0.00000;0.00000;0.00000;0.00000;0.00000;0.00000;0.00000;0.00000;0.00000;0.00000;0.00000;0.00000;0.00000;0.00000;0.00000;0.00000;0.00000;0.00000;0.00000;0.00000;0.00000;0.00000;0.00000;0.00000;0.00000;0.00000;0.00000;0.00000;0.00000;0.00000;0.00000;0.00000;0.00000;0.00000;0.00000;0.00000;0.00000;0.00000;0.00000;0.00000;0.00000;0.00000;0.00000;0.00000;0.00000;0.00000;0.00000;0.00000;0.00000;0.00000;0.00000;0.00000;0.00000;0.00000;0.00000;0.00000;0.00000;0.00000;0.00000;0.00000;0.00000;0.00000;0.00000;0.00000;0.00000;0.00000;0.00000;0.00000;0.00000;0.00000;0.00000;0.00000;0.00000;0.00000;0.00000;0.00000;0.00000;0.00000;0.00000;0.00000;0.00000;0.00000;0.00000;0.00000;0.00000;0.00000;0.00000;0.00000;0.00000;0.00000;0.00000;0.00000;0.00000;0.00000;0.00000;0.00000;0.00000;0.00000;0.00000;0.00000;0.00000;0.00000;0.00000;0.00000;0.00000;0.00000;0.00000;0.00000;0.00000;0.00000;0.00000;0.00000;0.00000;0.00000;0.00000;0.00000;0.00000;0.00000;0.00000;0.00000;0.00000;0.00000;0.00000;0.00000;0.00000;0.00000;0.00000;0.00000;0.00000;0.00000;0.00000;0.00000;0.00000;0.00000;0.00000;0.00000;0.00000;0.00000;0.00000;0.00000;0.00000;0.00000;0.00000;0.00000;0.00000;0.00000;0.00000;0.00000;0.00000;0.00000;0.00000;0.00000;0.00000;0.00000;0.00000;0.00000;0.00000;0.00000;0.00000;0.00000;0.00000;0.00000;0.00000;0.00000;0.00000;0.00000;0.00000;0.00000;0.00000;0.00000;0.00000;0.00000;0.00000;0.00000;0.00000;0.00000;0.00000;0.00000;0.00000;0.00000;0.00000;0.00000;0.00000;0.00000;0.00000;0.00000;0.00000;0.00000;0.00000;0.00000;0.00000;0.00000;0.00000;0.00000;0.00000;0.00000;0.00000;0.00000;0.00000;0.00000;0.00000;0.00000;0.00000;0.00000;0.00000;0.00000;0.00000;0.00000;0.00000;0.00000;0.00000;0.00000;0.00000;0.00000;0.00000;0.00000;0.00000;0.00000;0.00000;0.00000;0.00000;0.00000;0.00000;0.00000;0.00000;0.00000;0.00000;0.00000;0.00000;0.00000;0.00000;0.00000;0.00000;0.00000;0.00000;0.00000;0.00000;0.00000;0.00000;0.00000;0.00000;0.00000;0.00000;0.00000;0.00000;0.00000;0.00000;0.00000;0.00000;0.00000;0.00000;0.00000;0.00000;0.00000;0.00000;0.00000;0.00000;0.00000;0.00000;0.00000;0.00000;0.00000;0.00000;0.00000;0.00000;0.00000;0.00000;0.00000;0.00012;0.00000;0.00000;0.00000;0.00000;0.00000;0.00002;0.00000;0.00000;0.00000;0.00000;0.00000;0.00000;0.00000;0.00000;0.00000;0.00000;0.00000;0.00003;0.00000;0.00000;0.00000;0.00000;0.00000;0.00000;0.00000;0.00121;0.00000;0.00000;0.00000;0.00000;0.00000;0.00000;0.00000;0.00000;0.00000;0.00000;0.00000;0.00000;0.00000;0.00000;0.00000;0.00000;0.00000;0.00000;0.00000;0.00000;0.00000;0.00000;0.00000;0.00000;0.00000;0.00000;0.00000;0.00000;0.00000;0.00000;0.00000;0.00000;0.00000;0.00000;0.00000;0.00000;0.00000;0.00000;0.00000;0.00000;0.00000;0.00000;0.00000;0.00000;0.00000;0.00000;0.00000;0.00000;0.00000;0.00000;0.00000;0.00000;0.00000;0.00000;0.00000;0.00000;0.00000;0.00000;0.00000;0.00000;0.00000;0.00000;0.00000;0.00000;0.00000;0.00000;0.00000;0.00000;0.00000;0.00000;0.00000;0.00000;0.00000;0.00000;0.00000;0.00000;0.00000;0.00000;0.00000;0.00000;0.00000;0.00000;0.00000;0.00000;0.00000;0.00000;0.00000;0.00000;0.00000;0.00000;0.00000;0.00000;0.00000;0.00000;0.00000;0.00000;0.00000;0.00000;0.00000;0.00000;0.00000;0.00000;0.00000;0.00000;0.00000;0.00000;0.00000;0.00000;0.00000;0.00000;0.00000;0.00000;0.00000
2020-06-19 00:00;0.00000;0.00000;0.00000;0.00000;0.00000;0.00000;0.00000;0.00000;0.00000;0.00000;0.00000;0.00000;0.00000;0.00000;0.00000;0.00000;0.00000;0.00000;0.00000;0.00000;0.00000;0.00000;0.00000;0.00000;0.00000;0.00000;0.00000;0.00000;0.00000;0.00000;0.00000;0.00000;0.00000;0.00000;0.00000;0.00000;0.00000;0.00000;0.00000;0.00000;0.00000;0.00000;0.00000;0.00000;0.00000;0.00000;0.00000;0.00000;0.00000;0.00000;0.00000;0.00000;0.00000;0.00000;0.00000;0.00000;0.00000;0.00000;0.00000;0.00000;0.00000;0.00000;0.00000;0.00000;0.00000;0.00000;0.00000;0.00000;0.00000;0.00000;0.00000;0.00000;0.00000;0.00000;0.00000;0.00000;0.00000;0.00000;0.00000;0.00000;0.00000;0.00000;0.00000;0.00000;0.00000;0.00000;0.00000;0.00000;0.00000;0.00000;0.00000;0.00000;0.00000;0.00000;0.00000;0.00000;0.00000;0.00000;0.00000;0.00000;0.00000;0.00000;0.00000;0.00000;0.00000;0.00000;0.00000;0.00000;0.00000;0.00000;0.00000;0.00000;0.00000;0.00000;0.00000;0.00000;0.00000;0.00000;0.00000;0.00000;0.00000;0.00000;0.00000;0.00000;0.00000;0.00000;0.00000;0.00000;0.00000;0.00000;0.00000;0.00000;0.00000;0.00000;0.00000;0.00000;0.00000;0.00000;0.00000;0.00000;0.00000;0.00000;0.00000;0.00000;0.00000;0.00000;0.00000;0.00000;0.00000;0.00000;0.00000;0.00000;0.00000;0.00000;0.00000;0.00000;0.00000;0.00000;0.00000;0.00000;0.00000;0.00000;0.00000;0.00000;0.00000;0.00000;0.00000;0.00000;0.00000;0.00000;0.00000;0.00000;0.00000;0.00000;0.00000;0.00000;0.00000;0.00000;0.00000;0.00000;0.00000;0.00000;0.00000;0.00000;0.00000;0.00000;0.00000;0.00000;0.00000;0.00000;0.00000;0.00000;0.00000;0.00000;0.00000;0.00000;0.00000;0.00000;0.00000;0.00000;0.00000;0.00000;0.00000;0.00000;0.00000;0.00000;0.00000;0.00000;0.00000;0.00000;0.00000;0.00000;0.00000;0.00000;0.00000;0.00000;0.00000;0.00000;0.00000;0.00000;0.00000;0.00000;0.00000;0.00000;0.00000;0.00000;0.00000;0.00000;0.00000;0.00000;0.00000;0.00000;0.00000;0.00000;0.00000;0.00000;0.00000;0.00000;0.00000;0.00000;0.00000;0.00000;0.00000;0.00000;0.00000;0.00000;0.00000;0.00000;0.00000;0.00000;0.00000;0.00000;0.00000;0.00000;0.00000;0.00000;0.00000;0.00000;0.00000;0.00000;0.00000;0.00000;0.00000;0.00000;0.00000;0.00000;0.00000;0.00000;0.00000;0.00000;0.00000;0.00000;0.00000;0.00000;0.00000;0.00000;0.00000;0.00000;0.00000;0.00000;0.00000;0.00000;0.00000;0.00000;0.00000;0.00000;0.00000;0.00000;0.00000;0.00000;0.00000;0.00000;0.00000;0.00000;0.00000;0.00000;0.00000;0.00000;0.00000;0.00000;0.00000;0.00000;0.00000;0.00000;0.00000;0.00000;0.00000;0.00000;0.00000;0.00000;0.00000;0.00000;0.00000;0.00000;0.00000;0.00000;0.00000;0.00000;0.00000;0.00000;0.00000;0.00000;0.00000;0.00000;0.00000;0.00000;0.00000;0.00000;0.00000;0.00000;0.00000;0.00000;0.00000;0.00000;0.00000;0.00000;0.00000;0.00000;0.00000;0.00000;0.00000;0.00000;0.00000;0.00000;0.00000;0.00000;0.00000;0.00000;0.00000;0.00000;0.00000;0.00000;0.00000;0.00000;0.00000;0.00012;0.00000;0.00000;0.00000;0.00000;0.00000;0.00003;0.00000;0.00000;0.00000;0.00000;0.00000;0.00000;0.00000;0.00000;0.00000;0.00000;0.00000;0.00002;0.00000;0.00000;0.00000;0.00000;0.00000;0.00000;0.00000;0.00115;0.00000;0.00000;0.00000;0.00000;0.00000;0.00000;0.00000;0.00000;0.00000;0.00000;0.00000;0.00000;0.00000;0.00000;0.00000;0.00000;0.00000;0.00000;0.00000;0.00000;0.00000;0.00000;0.00000;0.00000;0.00000;0.00000;0.00000;0.00000;0.00000;0.00000;0.00000;0.00000;0.00000;0.00000;0.00000;0.00000;0.00000;0.00000;0.00000;0.00000;0.00000;0.00000;0.00000;0.00000;0.00000;0.00000;0.00000;0.00000;0.00000;0.00000;0.00000;0.00000;0.00000;0.00000;0.00000;0.00000;0.00000;0.00000;0.00000;0.00000;0.00000;0.00000;0.00000;0.00000;0.00000;0.00000;0.00000;0.00000;0.00000;0.00000;0.00000;0.00000;0.00000;0.00000;0.00000;0.00000;0.00000;0.00000;0.00000;0.00000;0.00000;0.00000;0.00000;0.00000;0.00000;0.00000;0.00000;0.00000;0.00000;0.00000;0.00000;0.00000;0.00000;0.00000;0.00000;0.00000;0.00000;0.00000;0.00000;0.00000;0.00000;0.00000;0.00000;0.00000;0.00000;0.00000;0.00000;0.00000;0.00000;0.00000;0.00000;0.00000;0.00000
2020-06-20 00:00;0.00000;0.00000;0.00000;0.00000;0.00000;0.00000;0.00000;0.00000;0.00000;0.00000;0.00000;0.00000;0.00000;0.00000;0.00000;0.00000;0.00000;0.00000;0.00000;0.00000;0.00000;0.00000;0.00000;0.00000;0.00000;0.00000;0.00000;0.00000;0.00000;0.00000;0.00000;0.00000;0.00000;0.00000;0.00000;0.00000;0.00000;0.00000;0.00000;0.00000;0.00000;0.00000;0.00000;0.00000;0.00000;0.00000;0.00000;0.00000;0.00000;0.00000;0.00000;0.00000;0.00000;0.00000;0.00000;0.00000;0.00000;0.00000;0.00000;0.00000;0.00000;0.00000;0.00000;0.00000;0.00000;0.00000;0.00000;0.00000;0.00000;0.00000;0.00000;0.00000;0.00000;0.00000;0.00000;0.00000;0.00000;0.00000;0.00000;0.00000;0.00000;0.00000;0.00000;0.00000;0.00000;0.00000;0.00000;0.00000;0.00000;0.00000;0.00000;0.00000;0.00000;0.00000;0.00000;0.00000;0.00000;0.00000;0.00000;0.00000;0.00000;0.00000;0.00000;0.00000;0.00000;0.00000;0.00000;0.00000;0.00000;0.00000;0.00000;0.00000;0.00000;0.00000;0.00000;0.00000;0.00000;0.00000;0.00000;0.00000;0.00000;0.00000;0.00000;0.00000;0.00000;0.00000;0.00000;0.00000;0.00000;0.00000;0.00000;0.00000;0.00000;0.00000;0.00000;0.00000;0.00000;0.00000;0.00000;0.00000;0.00000;0.00000;0.00000;0.00000;0.00000;0.00000;0.00000;0.00000;0.00000;0.00000;0.00000;0.00000;0.00000;0.00000;0.00000;0.00000;0.00000;0.00000;0.00000;0.00000;0.00000;0.00000;0.00000;0.00000;0.00000;0.00000;0.00000;0.00000;0.00000;0.00000;0.00000;0.00000;0.00000;0.00000;0.00000;0.00000;0.00000;0.00000;0.00000;0.00000;0.00000;0.00000;0.00000;0.00000;0.00000;0.00000;0.00000;0.00000;0.00000;0.00000;0.00000;0.00000;0.00000;0.00000;0.00000;0.00000;0.00000;0.00000;0.00000;0.00000;0.00000;0.00000;0.00000;0.00000;0.00000;0.00000;0.00000;0.00000;0.00000;0.00000;0.00000;0.00000;0.00000;0.00000;0.00000;0.00000;0.00000;0.00000;0.00000;0.00000;0.00000;0.00000;0.00000;0.00000;0.00000;0.00000;0.00000;0.00000;0.00000;0.00000;0.00000;0.00000;0.00000;0.00000;0.00000;0.00000;0.00000;0.00000;0.00000;0.00000;0.00000;0.00000;0.00000;0.00000;0.00000;0.00000;0.00000;0.00000;0.00000;0.00000;0.00000;0.00000;0.00000;0.00000;0.00000;0.00000;0.00000;0.00000;0.00000;0.00000;0.00000;0.00000;0.00000;0.00000;0.00000;0.00000;0.00000;0.00000;0.00000;0.00000;0.00000;0.00000;0.00000;0.00000;0.00000;0.00000;0.00000;0.00000;0.00000;0.00000;0.00000;0.00000;0.00000;0.00000;0.00000;0.00000;0.00000;0.00000;0.00000;0.00000;0.00000;0.00000;0.00000;0.00000;0.00000;0.00000;0.00000;0.00000;0.00000;0.00000;0.00000;0.00000;0.00000;0.00000;0.00000;0.00000;0.00000;0.00000;0.00000;0.00000;0.00000;0.00000;0.00000;0.00000;0.00000;0.00000;0.00000;0.00000;0.00000;0.00000;0.00000;0.00000;0.00000;0.00000;0.00000;0.00000;0.00000;0.00000;0.00000;0.00000;0.00000;0.00000;0.00000;0.00000;0.00000;0.00000;0.00000;0.00000;0.00000;0.00000;0.00000;0.00000;0.00000;0.00000;0.00000;0.00000;0.00000;0.00000;0.00000;0.00000;0.00000;0.00000;0.00000;0.00000;0.00000;0.00011;0.00000;0.00000;0.00000;0.00000;0.00000;0.00002;0.00000;0.00000;0.00000;0.00000;0.00000;0.00000;0.00000;0.00000;0.00000;0.00000;0.00000;0.00002;0.00000;0.00000;0.00000;0.00000;0.00000;0.00000;0.00000;0.00110;0.00000;0.00000;0.00000;0.00000;0.00000;0.00000;0.00000;0.00000;0.00000;0.00000;0.00000;0.00000;0.00000;0.00000;0.00000;0.00000;0.00000;0.00000;0.00000;0.00000;0.00000;0.00000;0.00000;0.00000;0.00000;0.00000;0.00000;0.00000;0.00000;0.00000;0.00000;0.00000;0.00000;0.00000;0.00000;0.00000;0.00000;0.00000;0.00000;0.00000;0.00000;0.00000;0.00000;0.00000;0.00000;0.00000;0.00000;0.00000;0.00000;0.00000;0.00000;0.00000;0.00000;0.00000;0.00000;0.00000;0.00000;0.00000;0.00000;0.00000;0.00000;0.00000;0.00000;0.00000;0.00000;0.00000;0.00000;0.00000;0.00000;0.00000;0.00000;0.00000;0.00000;0.00000;0.00000;0.00000;0.00000;0.00000;0.00000;0.00000;0.00000;0.00000;0.00000;0.00000;0.00000;0.00000;0.00000;0.00000;0.00000;0.00000;0.00000;0.00000;0.00000;0.00000;0.00000;0.00000;0.00000;0.00000;0.00000;0.00000;0.00000;0.00000;0.00000;0.00000;0.00000;0.00000;0.00000;0.00000;0.00000;0.00000;0.00000;0.00000;0.00000
2020-06-21 00:00;0.00000;0.00000;0.00000;0.00000;0.00000;0.00000;0.00000;0.00000;0.00000;0.00000;0.00000;0.00000;0.00000;0.00000;0.00000;0.00000;0.00000;0.00000;0.00000;0.00000;0.00000;0.00000;0.00000;0.00000;0.00000;0.00000;0.00000;0.00000;0.00000;0.00000;0.00000;0.00000;0.00000;0.00000;0.00000;0.00000;0.00000;0.00000;0.00000;0.00000;0.00000;0.00000;0.00000;0.00000;0.00000;0.00000;0.00000;0.00000;0.00000;0.00000;0.00000;0.00000;0.00000;0.00000;0.00000;0.00000;0.00000;0.00000;0.00000;0.00000;0.00000;0.00000;0.00000;0.00000;0.00000;0.00000;0.00000;0.00000;0.00000;0.00000;0.00000;0.00000;0.00000;0.00000;0.00000;0.00000;0.00000;0.00000;0.00000;0.00000;0.00000;0.00000;0.00000;0.00000;0.00000;0.00000;0.00000;0.00000;0.00000;0.00000;0.00000;0.00000;0.00000;0.00000;0.00000;0.00000;0.00000;0.00000;0.00000;0.00000;0.00000;0.00000;0.00000;0.00000;0.00000;0.00000;0.00000;0.00000;0.00000;0.00000;0.00000;0.00000;0.00000;0.00000;0.00000;0.00000;0.00000;0.00000;0.00000;0.00000;0.00000;0.00000;0.00000;0.00000;0.00000;0.00000;0.00000;0.00000;0.00000;0.00000;0.00000;0.00000;0.00000;0.00000;0.00000;0.00000;0.00000;0.00000;0.00000;0.00000;0.00000;0.00000;0.00000;0.00000;0.00000;0.00000;0.00000;0.00000;0.00000;0.00000;0.00000;0.00000;0.00000;0.00000;0.00000;0.00000;0.00000;0.00000;0.00000;0.00000;0.00000;0.00000;0.00000;0.00000;0.00000;0.00000;0.00000;0.00000;0.00000;0.00000;0.00000;0.00000;0.00000;0.00000;0.00000;0.00000;0.00000;0.00000;0.00000;0.00000;0.00000;0.00000;0.00000;0.00000;0.00000;0.00000;0.00000;0.00000;0.00000;0.00000;0.00000;0.00000;0.00000;0.00000;0.00000;0.00000;0.00000;0.00000;0.00000;0.00000;0.00000;0.00000;0.00000;0.00000;0.00000;0.00000;0.00000;0.00000;0.00000;0.00000;0.00000;0.00000;0.00000;0.00000;0.00000;0.00000;0.00000;0.00000;0.00000;0.00000;0.00000;0.00000;0.00000;0.00000;0.00000;0.00000;0.00000;0.00000;0.00000;0.00000;0.00000;0.00000;0.00000;0.00000;0.00000;0.00000;0.00000;0.00000;0.00000;0.00000;0.00000;0.00000;0.00000;0.00000;0.00000;0.00000;0.00000;0.00000;0.00000;0.00000;0.00000;0.00000;0.00000;0.00000;0.00000;0.00000;0.00000;0.00000;0.00000;0.00000;0.00000;0.00000;0.00000;0.00000;0.00000;0.00000;0.00000;0.00000;0.00000;0.00000;0.00000;0.00000;0.00000;0.00000;0.00000;0.00000;0.00000;0.00000;0.00000;0.00000;0.00000;0.00000;0.00000;0.00000;0.00000;0.00000;0.00000;0.00000;0.00000;0.00000;0.00000;0.00000;0.00000;0.00000;0.00000;0.00000;0.00000;0.00000;0.00000;0.00000;0.00000;0.00000;0.00000;0.00000;0.00000;0.00000;0.00000;0.00000;0.00000;0.00000;0.00000;0.00000;0.00000;0.00000;0.00000;0.00000;0.00000;0.00000;0.00000;0.00000;0.00000;0.00000;0.00000;0.00000;0.00000;0.00000;0.00000;0.00000;0.00000;0.00000;0.00000;0.00000;0.00000;0.00000;0.00000;0.00000;0.00000;0.00000;0.00000;0.00000;0.00000;0.00000;0.00000;0.00000;0.00000;0.00000;0.00000;0.00000;0.00000;0.00000;0.00000;0.00000;0.00000;0.00000;0.00000;0.00010;0.00000;0.00000;0.00000;0.00000;0.00000;0.00003;0.00000;0.00000;0.00000;0.00000;0.00000;0.00000;0.00000;0.00000;0.00000;0.00000;0.00000;0.00002;0.00000;0.00000;0.00000;0.00000;0.00000;0.00000;0.00000;0.00105;0.00000;0.00000;0.00000;0.00000;0.00000;0.00000;0.00000;0.00000;0.00000;0.00000;0.00000;0.00000;0.00000;0.00000;0.00000;0.00000;0.00000;0.00000;0.00000;0.00000;0.00000;0.00000;0.00000;0.00000;0.00000;0.00000;0.00000;0.00000;0.00000;0.00000;0.00000;0.00000;0.00000;0.00000;0.00000;0.00000;0.00000;0.00000;0.00000;0.00000;0.00000;0.00000;0.00000;0.00000;0.00000;0.00000;0.00000;0.00000;0.00000;0.00000;0.00000;0.00000;0.00000;0.00000;0.00000;0.00000;0.00000;0.00000;0.00000;0.00000;0.00000;0.00000;0.00000;0.00000;0.00000;0.00000;0.00000;0.00000;0.00000;0.00000;0.00000;0.00000;0.00000;0.00000;0.00000;0.00000;0.00000;0.00000;0.00000;0.00000;0.00000;0.00000;0.00000;0.00000;0.00000;0.00000;0.00000;0.00000;0.00000;0.00000;0.00000;0.00000;0.00000;0.00000;0.00000;0.00000;0.00000;0.00000;0.00000;0.00000;0.00000;0.00000;0.00000;0.00000;0.00000;0.00000;0.00000;0.00000;0.00000;0.00000;0.00000;0.00000;0.00000
2020-06-22 00:00;0.00000;0.00000;0.00000;0.00000;0.00000;0.00000;0.00000;0.00000;0.00000;0.00000;0.00000;0.00000;0.00000;0.00000;0.00000;0.00000;0.00000;0.00000;0.00000;0.00000;0.00000;0.00000;0.00000;0.00000;0.00000;0.00000;0.00000;0.00000;0.00000;0.00000;0.00000;0.00000;0.00000;0.00000;0.00000;0.00000;0.00000;0.00000;0.00000;0.00000;0.00000;0.00000;0.00000;0.00000;0.00000;0.00000;0.00000;0.00000;0.00000;0.00000;0.00000;0.00000;0.00000;0.00000;0.00000;0.00000;0.00000;0.00000;0.00000;0.00000;0.00000;0.00000;0.00000;0.00000;0.00000;0.00000;0.00000;0.00000;0.00000;0.00000;0.00000;0.00000;0.00000;0.00000;0.00000;0.00000;0.00000;0.00000;0.00000;0.00000;0.00000;0.00000;0.00000;0.00000;0.00000;0.00000;0.00000;0.00000;0.00000;0.00000;0.00000;0.00000;0.00000;0.00000;0.00000;0.00000;0.00000;0.00000;0.00000;0.00000;0.00000;0.00000;0.00000;0.00000;0.00000;0.00000;0.00000;0.00000;0.00000;0.00000;0.00000;0.00000;0.00000;0.00000;0.00000;0.00000;0.00000;0.00000;0.00000;0.00000;0.00000;0.00000;0.00000;0.00000;0.00000;0.00000;0.00000;0.00000;0.00000;0.00000;0.00000;0.00000;0.00000;0.00000;0.00000;0.00000;0.00000;0.00000;0.00000;0.00000;0.00000;0.00000;0.00000;0.00000;0.00000;0.00000;0.00000;0.00000;0.00000;0.00000;0.00000;0.00000;0.00000;0.00000;0.00000;0.00000;0.00000;0.00000;0.00000;0.00000;0.00000;0.00000;0.00000;0.00000;0.00000;0.00000;0.00000;0.00000;0.00000;0.00000;0.00000;0.00000;0.00000;0.00000;0.00000;0.00000;0.00000;0.00000;0.00000;0.00000;0.00000;0.00000;0.00000;0.00000;0.00000;0.00000;0.00000;0.00000;0.00000;0.00000;0.00000;0.00000;0.00000;0.00000;0.00000;0.00000;0.00000;0.00000;0.00000;0.00000;0.00000;0.00000;0.00000;0.00000;0.00000;0.00000;0.00012;0.00001;0.00001;0.00000;0.00000;0.00000;0.00000;0.00003;0.00001;0.00011;0.00003;0.00004;0.00000;0.00004;0.00001;0.00001;0.00000;0.00007;0.00001;0.00000;0.00000;0.00000;0.00000;0.00000;0.00000;0.00000;0.00000;0.00000;0.00000;0.00000;0.00000;0.00000;0.00000;0.00000;0.00000;0.00000;0.00000;0.00000;0.00000;0.00000;0.00000;0.00000;0.00000;0.00000;0.00000;0.00000;0.00000;0.00000;0.00000;0.00000;0.00000;0.00000;0.00000;0.00000;0.00000;0.00000;0.00000;0.00000;0.00000;0.00000;0.00000;0.00000;0.00000;0.00000;0.00000;0.00000;0.00000;0.00000;0.00000;0.00000;0.00000;0.00000;0.00000;0.00000;0.00000;0.00000;0.00000;0.00000;0.00000;0.00000;0.00000;0.00000;0.00000;0.00000;0.00000;0.00000;0.00000;0.00000;0.00000;0.00000;0.00000;0.00000;0.00000;0.00000;0.00000;0.00000;0.00000;0.00000;0.00000;0.00000;0.00000;0.00000;0.00000;0.00000;0.00000;0.00000;0.00000;0.00000;0.00000;0.00000;0.00000;0.00000;0.00000;0.00000;0.00000;0.00000;0.00000;0.00000;0.00000;0.00000;0.00000;0.00000;0.00000;0.00000;0.00000;0.00000;0.00000;0.00000;0.00000;0.00000;0.00000;0.00000;0.00000;0.00000;0.00000;0.00000;0.00000;0.00000;0.00000;0.00000;0.00000;0.00000;0.00000;0.00000;0.00000;0.00003;0.00000;0.00007;0.00010;0.00010;0.00000;0.00000;0.00000;0.00000;0.00000;0.00002;0.00000;0.00000;0.00000;0.00000;0.00000;0.00000;0.00000;0.00000;0.00000;0.00000;0.00000;0.00002;0.00000;0.00000;0.00000;0.00000;0.00000;0.00000;0.00000;0.00100;0.00000;0.00000;0.00000;0.00000;0.00000;0.00000;0.00000;0.00000;0.00000;0.00000;0.00000;0.00000;0.00000;0.00000;0.00000;0.00000;0.00000;0.00001;0.00006;0.00000;0.00000;0.00000;0.00000;0.00000;0.00000;0.00000;0.00000;0.00000;0.00000;0.00000;0.00000;0.00000;0.00000;0.00000;0.00000;0.00000;0.00000;0.00000;0.00000;0.00000;0.00000;0.00000;0.00000;0.00000;0.00000;0.00000;0.00000;0.00000;0.00000;0.00000;0.00000;0.00000;0.00000;0.00000;0.00000;0.00000;0.00000;0.00000;0.00000;0.00000;0.00000;0.00000;0.00000;0.00000;0.00000;0.00000;0.00000;0.00000;0.00000;0.00000;0.00000;0.00000;0.00000;0.00000;0.00000;0.00000;0.00000;0.00000;0.00000;0.00000;0.00000;0.00000;0.00000;0.00000;0.00000;0.00000;0.00000;0.00000;0.00000;0.00000;0.00000;0.00000;0.00000;0.00000;0.00000;0.00000;0.00000;0.00000;0.00000;0.00000;0.00000;0.00000;0.00000;0.00000;0.00000;0.00000;0.00000;0.00000;0.00000;0.00000;0.00000;0.00000;0.00000
2020-06-23 00:00;0.00055;0.00037;0.00000;0.00008;0.00001;0.00000;0.00000;0.00001;0.00000;0.00000;0.00002;0.00003;0.00015;0.00000;0.00000;0.00000;0.00000;0.00000;0.00000;0.00000;0.00000;0.00000;0.00000;0.00000;0.00000;0.00000;0.00000;0.00000;0.00000;0.00000;0.00000;0.00000;0.00000;0.00000;0.00000;0.00000;0.00000;0.00000;0.00000;0.00000;0.00000;0.00000;0.00000;0.00000;0.00000;0.00000;0.00000;0.00000;0.00000;0.00000;0.00000;0.00000;0.00000;0.00000;0.00000;0.00000;0.00000;0.00000;0.00000;0.00000;0.00000;0.00000;0.00000;0.00000;0.00000;0.00000;0.00000;0.00000;0.00000;0.00000;0.00000;0.00000;0.00000;0.00000;0.00000;0.00000;0.00000;0.00000;0.00000;0.00000;0.00000;0.00000;0.00000;0.00000;0.00000;0.00000;0.00000;0.00000;0.00000;0.00000;0.00000;0.00000;0.00000;0.00000;0.00000;0.00000;0.00000;0.00000;0.00000;0.00000;0.00000;0.00000;0.00000;0.00000;0.00000;0.00000;0.00000;0.00000;0.00000;0.00000;0.00000;0.00000;0.00000;0.00000;0.00000;0.00000;0.00000;0.00000;0.00000;0.00000;0.00000;0.00000;0.00000;0.00000;0.00000;0.00000;0.00000;0.00000;0.00000;0.00000;0.00000;0.00000;0.00000;0.00000;0.00000;0.00000;0.00000;0.00000;0.00000;0.00000;0.00000;0.00000;0.00000;0.00000;0.00000;0.00000;0.00000;0.00000;0.00000;0.00000;0.00000;0.00000;0.00000;0.00000;0.00000;0.00000;0.00000;0.00000;0.00000;0.00000;0.00000;0.00000;0.00000;0.00000;0.00000;0.00000;0.00001;0.00000;0.00000;0.00002;0.00002;0.00000;0.00000;0.00000;0.00000;0.00000;0.00000;0.00000;0.00000;0.00000;0.00001;0.00007;0.00000;0.00019;0.00012;0.00003;0.00000;0.00003;0.00002;0.00005;0.00008;0.00006;0.00002;0.00004;0.00000;0.00000;0.00002;0.00006;0.00000;0.00000;0.00000;0.00000;0.00005;0.00000;0.00000;0.00003;0.00411;0.00005;0.00005;0.00000;0.00000;0.00000;0.00000;0.00017;0.00004;0.00102;0.00017;0.00024;0.00001;0.00044;0.00004;0.00003;0.00000;0.00165;0.00098;0.00115;0.00045;0.00094;0.00000;0.00017;0.00053;0.00061;0.00017;0.00068;0.00000;0.00005;0.00000;0.00011;0.00001;0.00009;0.00000;0.00002;0.00015;0.00004;0.00047;0.00000;0.00015;0.00009;0.00000;0.00005;0.00053;0.00021;0.00007;0.00000;0.00018;0.00000;0.00010;0.00009;0.00008;0.00000;0.00000;0.00000;0.00000;0.00000;0.00007;0.00000;0.00000;0.00004;0.00000;0.00000;0.00000;0.00020;0.00000;0.00031;0.00116;0.00105;0.00080;0.00069;0.00000;0.00047;0.00035;0.00024;0.00000;0.00000;0.00000;0.00000;0.00000;0.00000;0.00000;0.00011;0.00024;0.00004;0.00013;0.00014;0.00000;0.00007;0.00008;0.00000;0.00000;0.00000;0.00029;0.00000;0.00015;0.00000;0.00005;0.00000;0.00055;0.00000;0.00015;0.00000;0.00019;0.00096;0.00128;0.00020;0.00030;0.00034;0.00000;0.00000;0.00000;0.00000;0.00000;0.00000;0.00011;0.00033;0.00000;0.00000;0.00000;0.00000;0.00107;0.00000;0.00021;0.00001;0.00000;0.00000;0.00000;0.00000;0.00000;0.00000;0.00000;0.00002;0.00000;0.00000;0.00002;0.00001;0.00004;0.00012;0.00009;0.00009;0.00020;0.00003;0.00259;0.01068;0.00000;0.00520;0.00476;0.00041;0.00301;0.00006;0.00273;0.00012;0.00499;0.00002;0.00000;0.00000;0.00000;0.00000;0.00092;0.00000;0.00000;0.00000;0.00007;0.00064;0.00000;0.00002;0.00000;0.00012;0.00000;0.00014;0.00007;0.00020;0.00018;0.00123;0.00000;0.00039;0.00000;0.00000;0.00011;0.00014;0.00012;0.00000;0.00012;0.00001;0.00002;0.00020;0.00000;0.00000;0.00179;0.00028;0.00024;0.00010;0.00036;0.00000;0.00180;0.00062;0.00001;0.00000;0.00000;0.00124;0.00005;0.00014;0.00000;0.00006;0.00002;0.00001;0.00000;0.00007;0.00001;0.00003;0.00004;0.00000;0.00003;0.00001;0.00001;0.00000;0.00000;0.00000;0.00000;0.00000;0.00000;0.00000;0.00000;0.00000;0.00007;0.00000;0.00000;0.00000;0.00000;0.00000;0.00000;0.00000;0.00000;0.00000;0.00000;0.00000;0.00000;0.00000;0.00000;0.00000;0.00000;0.00000;0.00000;0.00000;0.00000;0.00000;0.00000;0.00000;0.00000;0.00000;0.00000;0.00000;0.00000;0.00000;0.00000;0.00000;0.00000;0.00000;0.00000;0.00000;0.00000;0.00000;0.00000;0.00000;0.00000;0.00000;0.00000;0.00000;0.00000;0.00000;0.00000;0.00000;0.00000;0.00000;0.00000;0.00000;0.00000;0.00000;0.00000;0.00000;0.00000;0.00000;0.00000;0.00000;0.00000;0.00000;0.00000
2020-06-24 00:00;0.05727;0.02398;0.00004;0.00784;0.00073;0.00018;0.00008;0.00230;0.00009;0.00009;0.00182;0.01604;0.03128;0.00018;0.00004;0.00005;0.01517;0.00390;0.00082;0.00006;0.00000;0.00018;0.00081;0.00000;0.00003;0.00139;0.00021;0.00082;0.00003;0.00011;0.00000;0.00014;0.00270;0.00003;0.00005;0.00000;0.00002;0.00098;0.00072;0.00008;0.00031;0.00000;0.00109;0.00142;0.00173;0.00072;0.00003;0.00006;0.00031;0.00041;0.00061;0.00006;0.00006;0.00016;0.00009;0.00000;0.00000;0.00022;0.00000;0.00046;0.00118;0.00000;0.00200;0.00036;0.00077;0.00028;0.00885;0.00849;0.00003;0.00361;0.00202;0.00739;0.00042;0.00012;0.00063;0.00008;0.00127;0.00000;0.00003;0.00000;0.00049;0.00018;0.00003;0.00046;0.00000;0.00005;0.00140;0.00598;0.00000;0.00039;0.00000;0.00105;0.00240;0.00373;0.00000;0.00046;0.00194;0.00075;0.00042;0.00054;0.02231;0.00278;0.00075;0.00052;0.00200;0.00008;0.00019;0.02335;0.00165;0.00207;0.00155;0.00188;0.00466;0.00461;0.01735;0.01738;0.00064;0.00033;0.00086;0.00176;0.00007;0.00040;0.00000;0.00267;0.00182;0.00011;0.00004;0.00000;0.00028;0.00100;0.00259;0.00388;0.00004;0.00007;0.00000;0.00049;0.00052;0.00127;0.00227;0.00093;0.00061;0.00004;0.00052;0.00341;0.00134;0.00460;0.00176;0.00491;0.00004;0.00021;0.00000;0.00467;0.00682;0.00231;0.00292;0.00274;0.00011;0.00976;0.00085;0.00032;0.00126;0.00016;0.00326;0.00657;0.01410;0.00155;0.00199;0.00008;0.00003;0.00902;0.00623;0.00000;0.00553;0.00000;0.00000;0.00203;0.00000;0.00209;0.01255;0.00066;0.00053;0.00482;0.00000;0.01349;0.01127;0.00201;0.00050;0.00222;0.00118;0.00490;0.00598;0.00700;0.00174;0.00357;0.00000;0.00000;0.00181;0.00376;0.00013;0.00077;0.00000;0.00032;0.00333;0.00013;0.00027;0.00129;0.02970;0.00122;0.00128;0.00000;0.00000;0.00000;0.00000;0.00249;0.00057;0.01650;0.00256;0.00378;0.00013;0.01010;0.00123;0.00041;0.00000;0.01133;0.00367;0.00616;0.00151;0.00344;0.00011;0.00060;0.00186;0.00206;0.00064;0.00765;0.00000;0.00048;0.00000;0.00068;0.00048;0.00041;0.00000;0.00007;0.00230;0.00017;0.00172;0.00000;0.00028;0.00015;0.00000;0.00010;0.00103;0.00055;0.00018;0.00000;0.00066;0.00000;0.00007;0.00025;0.00024;0.00000;0.00000;0.00000;0.00000;0.00000;0.00019;0.00000;0.00000;0.00074;0.00000;0.00021;0.00000;0.00046;0.00000;0.00055;0.00275;0.00288;0.00233;0.00211;0.00000;0.00154;0.00113;0.00070;0.00000;0.00000;0.00000;0.00000;0.00000;0.00000;0.00000;0.00396;0.00592;0.00166;0.00035;0.00038;0.00000;0.00026;0.00014;0.00000;0.00000;0.00000;0.00046;0.00000;0.00083;0.00000;0.00019;0.00324;0.00196;0.00000;0.00051;0.00002;0.00062;0.00223;0.00248;0.00035;0.00054;0.00020;0.00000;0.00000;0.00013;0.00000;0.00000;0.00000;0.00049;0.00110;0.00003;0.00000;0.00048;0.00000;0.00369;0.00000;0.00274;0.00005;0.00000;0.00000;0.00000;0.00000;0.00000;0.00000;0.00000;0.00018;0.00000;0.00005;0.00010;0.00004;0.00014;0.00044;0.00045;0.00032;0.00075;0.00003;0.01376;0.04101;0.00000;0.02271;0.02314;0.01230;0.01094;0.00003;0.00981;0.00044;0.01844;0.00033;0.00000;0.00000;0.00000;0.00000;0.00079;0.00836;0.00000;0.00000;0.00023;0.00238;0.00000;0.00285;0.00000;0.00004;0.00000;0.00052;0.00073;0.00073;0.00067;0.14737;0.00000;0.01930;0.00000;0.00000;0.00011;0.00057;0.00054;0.00014;0.00044;0.00003;0.00075;0.00074;0.00002;0.00000;0.00671;0.00108;0.00090;0.00398;0.00831;0.00000;0.01084;0.00372;0.00008;0.00000;0.00001;0.01506;0.00154;0.00456;0.00000;0.00376;0.00118;0.00067;0.00013;0.00447;0.00062;0.00238;0.00359;0.00000;0.00211;0.00123;0.00055;0.00027;0.00056;0.00022;0.00202;0.00000;0.00195;0.00052;0.00050;0.00063;0.01181;0.00000;0.00000;0.00000;0.00000;0.01441;0.00007;0.00033;0.00030;0.00165;0.00054;0.00051;0.00020;0.00016;0.00000;0.00042;0.00012;0.00000;0.01146;0.00004;0.00034;0.00090;0.00649;0.00420;0.00046;0.01717;0.00000;0.00030;0.00013;0.02444;0.00148;0.00000;0.00123;0.00111;0.00013;0.00088;0.00000;0.00189;0.00025;0.00782;0.00643;0.01373;0.00005;0.00008;0.00011;0.00000;0.00006;0.02480;0.00003;0.00086;0.00104;0.00037;0.00144;0.00177;0.00172;0.00044;0.00595;0.00166;0.00145;0.00062;0.00062;0.00000;0.00032
2020-06-25 00:00;0.01130;0.00580;0.00000;0.00237;0.00000;0.00000;0.00000;0.00044;0.00000;0.00000;0.00056;0.00272;0.01497;0.00000;0.00000;0.00000;0.00498;0.00048;0.00012;0.00000;0.00000;0.00002;0.00009;0.00000;0.00000;0.00061;0.00001;0.00006;0.00000;0.00001;0.00000;0.00001;0.00081;0.00000;0.00001;0.00000;0.00000;0.00019;0.00004;0.00001;0.00008;0.00000;0.00008;0.00013;0.00014;0.00005;0.00000;0.00000;0.00013;0.00003;0.00005;0.00000;0.00000;0.00002;0.00000;0.00000;0.00000;0.00005;0.00000;0.00004;0.00008;0.00000;0.00016;0.00017;0.00009;0.00002;0.00149;0.00093;0.00000;0.00174;0.00017;0.00100;0.00003;0.00000;0.00028;0.00001;0.00008;0.00000;0.00000;0.00000;0.00005;0.00002;0.00000;0.00017;0.00000;0.00000;0.00035;0.00120;0.00000;0.00002;0.00000;0.00009;0.00060;0.00102;0.00000;0.00004;0.00052;0.00009;0.00014;0.00015;0.03818;0.00181;0.00006;0.00004;0.00025;0.00001;0.00002;0.02178;0.00028;0.00014;0.00020;0.00020;0.00064;0.00043;0.00292;0.00160;0.00005;0.00003;0.00009;0.00023;0.00002;0.00003;0.00000;0.00030;0.00016;0.00002;0.00000;0.00000;0.00002;0.00007;0.00029;0.00109;0.00000;0.00000;0.00000;0.00007;0.00013;0.00014;0.00033;0.00006;0.00011;0.00000;0.00000;0.00106;0.00013;0.00030;0.00044;0.00075;0.00000;0.00005;0.00000;0.00062;0.00146;0.00027;0.00037;0.00053;0.00001;0.00706;0.00007;0.00000;0.00016;0.00001;0.00215;0.00520;0.00297;0.00043;0.00037;0.00001;0.00000;0.00226;0.00197;0.00000;0.00175;0.00000;0.00000;0.00094;0.00000;0.00053;0.00338;0.00024;0.00029;0.00129;0.00000;0.00394;0.00266;0.00021;0.00009;0.00021;0.00032;0.00236;0.00343;0.00221;0.00061;0.00147;0.00000;0.00000;0.00082;0.00113;0.00005;0.00018;0.00000;0.00003;0.00256;0.00002;0.00007;0.00020;0.01140;0.00018;0.00033;0.00000;0.00000;0.00000;0.00000;0.00086;0.00009;0.00716;0.00110;0.00101;0.00004;0.00801;0.00013;0.00010;0.00000;0.00275;0.00104;0.00186;0.00027;0.00061;0.00004;0.00009;0.00049;0.00046;0.00015;0.00357;0.00000;0.00023;0.00000;0.00027;0.00014;0.00005;0.00000;0.00001;0.00094;0.00004;0.00055;0.00000;0.00004;0.00001;0.00000;0.00001;0.00026;0.00022;0.00003;0.00000;0.00022;0.00000;0.00001;0.00005;0.00005;0.00000;0.00000;0.00000;0.00000;0.00000;0.00005;0.00000;0.00000;0.00038;0.00000;0.00013;0.00000;0.00004;0.00000;0.00013;0.00100;0.00073;0.00040;0.00084;0.00000;0.00043;0.00042;0.00017;0.00000;0.00000;0.00000;0.00000;0.00000;0.00000;0.00000;0.00276;0.00251;0.00089;0.00004;0.00005;0.00000;0.00006;0.00002;0.00000;0.00000;0.00000;0.00009;0.00000;0.00021;0.00000;0.00009;0.00158;0.00028;0.00000;0.00011;0.00001;0.00021;0.00095;0.00058;0.00005;0.00008;0.00001;0.00000;0.00000;0.00003;0.00000;0.00000;0.00000;0.00008;0.00039;0.00001;0.00000;0.00021;0.00000;0.00064;0.00000;0.00097;0.00001;0.00000;0.00000;0.00000;0.00000;0.00000;0.00000;0.00000;0.00004;0.00000;0.00001;0.00001;0.00001;0.00001;0.00005;0.00010;0.00006;0.00008;0.00001;0.00408;0.00876;0.00000;0.00440;0.00334;0.00073;0.00151;0.00000;0.00137;0.00010;0.00380;0.00140;0.00000;0.00000;0.00000;0.00000;0.00016;0.00356;0.00000;0.00000;0.00006;0.00066;0.00000;0.00039;0.00000;0.00000;0.00000;0.00010;0.00023;0.00016;0.00017;0.00492;0.00000;0.01000;0.00000;0.00000;0.00001;0.00011;0.00009;0.00005;0.00010;0.00001;0.00037;0.00014;0.00000;0.00000;0.00162;0.00026;0.00020;0.00151;0.00429;0.00000;0.00207;0.00115;0.00003;0.00000;0.00000;0.00817;0.00032;0.00124;0.00000;0.00112;0.00026;0.00015;0.00004;0.00297;0.00013;0.00049;0.00222;0.00000;0.00099;0.00049;0.00012;0.00002;0.00019;0.00004;0.00095;0.00000;0.00016;0.00000;0.00006;0.00010;0.00923;0.00000;0.00000;0.00000;0.00000;0.01099;0.00001;0.00006;0.00009;0.00029;0.00006;0.00010;0.00005;0.00002;0.00000;0.00009;0.00001;0.00000;0.01231;0.00001;0.00016;0.00015;0.00145;0.00208;0.00011;0.00446;0.00000;0.00003;0.00002;0.01257;0.00053;0.00000;0.00017;0.00037;0.00001;0.00016;0.00000;0.00063;0.00004;0.00231;0.00231;0.01789;0.00001;0.00001;0.00001;0.00000;0.00000;0.02054;0.00000;0.00012;0.00031;0.00004;0.00013;0.00071;0.00018;0.00003;0.00161;0.00061;0.00055;0.00044;0.00012;0.00000;0.00004
2020-06-26 00:00;0.00000;0.00030;0.00000;0.00000;0.00000;0.00000;0.00000;0.00002;0.00000;0.00000;0.00000;0.00036;0.00068;0.00000;0.00000;0.00000;0.00068;0.00009;0.00003;0.00000;0.00000;0.00001;0.00002;0.00000;0.00000;0.00004;0.00001;0.00002;0.00000;0.00000;0.00000;0.00000;0.00007;0.00000;0.00000;0.00000;0.00000;0.00003;0.00001;0.00000;0.00001;0.00000;0.00003;0.00003;0.00005;0.00001;0.00000;0.00000;0.00001;0.00001;0.00001;0.00000;0.00000;0.00001;0.00000;0.00000;0.00000;0.00001;0.00000;0.00001;0.00003;0.00000;0.00006;0.00001;0.00002;0.00001;0.00028;0.00024;0.00000;0.00011;0.00006;0.00022;0.00001;0.00000;0.00002;0.00000;0.00003;0.00000;0.00000;0.00000;0.00002;0.00000;0.00000;0.00001;0.00000;0.00000;0.00004;0.00017;0.00000;0.00001;0.00000;0.00002;0.00007;0.00009;0.00000;0.00001;0.00006;0.00000;0.00001;0.00002;0.00753;0.00028;0.00001;0.00002;0.00004;0.00000;0.00001;0.00346;0.00005;0.00004;0.00005;0.00004;0.00014;0.00011;0.00048;0.00040;0.00001;0.00000;0.00002;0.00002;0.00000;0.00001;0.00000;0.00006;0.00002;0.00000;0.00000;0.00000;0.00001;0.00001;0.00006;0.00006;0.00000;0.00000;0.00000;0.00001;0.00001;0.00003;0.00003;0.00002;0.00001;0.00000;0.00001;0.00007;0.00003;0.00008;0.00004;0.00009;0.00000;0.00000;0.00000;0.00010;0.00011;0.00005;0.00004;0.00006;0.00000;0.00097;0.00002;0.00000;0.00003;0.00000;0.00030;0.00075;0.00023;0.00004;0.00009;0.00001;0.00000;0.00067;0.00024;0.00000;0.00014;0.00000;0.00000;0.00166;0.00000;0.00009;0.00066;0.00024;0.00004;0.00035;0.00000;0.00095;0.00077;0.00014;0.00000;0.00016;0.00008;0.00023;0.00039;0.00031;0.00012;0.00020;0.00000;0.00000;0.00009;0.00016;0.00000;0.00000;0.00000;0.00002;0.00052;0.00000;0.00000;0.00008;0.00414;0.00007;0.00005;0.00000;0.00000;0.00000;0.00000;0.00016;0.00004;0.00140;0.00016;0.00022;0.00001;0.00124;0.00004;0.00003;0.00000;0.00108;0.00051;0.00065;0.00023;0.00052;0.00000;0.00009;0.00028;0.00031;0.00010;0.00039;0.00000;0.00003;0.00000;0.00006;0.00001;0.00005;0.00000;0.00001;0.00006;0.00002;0.00023;0.00000;0.00005;0.00003;0.00000;0.00002;0.00014;0.00007;0.00003;0.00000;0.00007;0.00000;0.00000;0.00003;0.00003;0.00000;0.00000;0.00000;0.00000;0.00000;0.00003;0.00000;0.00000;0.00001;0.00000;0.00000;0.00000;0.00007;0.00000;0.00006;0.00033;0.00038;0.00031;0.00027;0.00000;0.00018;0.00013;0.00009;0.00000;0.00000;0.00000;0.00000;0.00000;0.00000;0.00000;0.00036;0.00009;0.00001;0.00005;0.00005;0.00000;0.00002;0.00002;0.00000;0.00000;0.00000;0.00008;0.00000;0.00005;0.00000;0.00003;0.00000;0.00031;0.00000;0.00008;0.00000;0.00009;0.00030;0.00039;0.00006;0.00009;0.00000;0.00000;0.00000;0.00000;0.00000;0.00000;0.00000;0.00006;0.00016;0.00000;0.00000;0.00000;0.00000;0.00083;0.00000;0.00012;0.00001;0.00000;0.00000;0.00000;0.00000;0.00000;0.00000;0.00000;0.00001;0.00000;0.00000;0.00001;0.00001;0.00002;0.00007;0.00005;0.00005;0.00011;0.00000;0.00146;0.00607;0.00000;0.00342;0.00289;0.00034;0.00191;0.00000;0.00154;0.00007;0.00284;0.00002;0.00000;0.00000;0.00000;0.00000;0.00008;0.00000;0.00000;0.00000;0.00003;0.00036;0.00000;0.00003;0.00000;0.00000;0.00000;0.00008;0.00004;0.00011;0.00010;0.00143;0.00000;0.00024;0.00000;0.00000;0.00001;0.00008;0.00007;0.00000;0.00007;0.00000;0.00001;0.00011;0.00000;0.00000;0.00101;0.00016;0.00014;0.00027;0.00056;0.00000;0.00177;0.00059;0.00001;0.00000;0.00000;0.00124;0.00013;0.00038;0.00000;0.00028;0.00009;0.00005;0.00001;0.00033;0.00005;0.00017;0.00019;0.00000;0.00015;0.00006;0.00004;0.00001;0.00001;0.00000;0.00004;0.00000;0.00004;0.00001;0.00001;0.00001;0.00145;0.00000;0.00000;0.00000;0.00000;0.00178;0.00000;0.00001;0.00001;0.00004;0.00001;0.00001;0.00000;0.00000;0.00000;0.00001;0.00000;0.00000;0.00200;0.00000;0.00001;0.00002;0.00014;0.00009;0.00001;0.00052;0.00000;0.00001;0.00000;0.00058;0.00005;0.00000;0.00004;0.00003;0.00000;0.00003;0.00000;0.00006;0.00001;0.00024;0.00046;0.00302;0.00000;0.00000;0.00000;0.00000;0.00000;0.00430;0.00000;0.00003;0.00003;0.00001;0.00005;0.00403;0.00005;0.00001;0.00027;0.00005;0.00005;0.00007;0.00002;0.00000;0.00001
2020-06-27 00:00;0.00109;0.00196;0.00000;0.00016;0.00001;0.00000;0.00000;0.00007;0.00000;0.00000;0.00004;0.00067;0.00148;0.00000;0.00000;0.00000;0.00114;0.00015;0.00004;0.00000;0.00000;0.00001;0.00003;0.00000;0.00000;0.00010;0.00001;0.00003;0.00000;0.00001;0.00000;0.00001;0.00013;0.00000;0.00000;0.00000;0.00000;0.00005;0.00002;0.00000;0.00002;0.00000;0.00005;0.00004;0.00009;0.00002;0.00000;0.00000;0.00001;0.00002;0.00002;0.00000;0.00000;0.00001;0.00000;0.00000;0.00000;0.00001;0.00000;0.00002;0.00005;0.00000;0.00010;0.00002;0.00004;0.00001;0.00046;0.00039;0.00000;0.00024;0.00010;0.00035;0.00002;0.00001;0.00004;0.00000;0.00005;0.00000;0.00000;0.00000;0.00002;0.00000;0.00000;0.00003;0.00000;0.00000;0.00008;0.00028;0.00000;0.00001;0.00000;0.00003;0.00013;0.00016;0.00000;0.00001;0.00011;0.00000;0.00002;0.00004;0.00417;0.00019;0.00001;0.00003;0.00007;0.00000;0.00001;0.00139;0.00009;0.00007;0.00008;0.00006;0.00023;0.00017;0.00080;0.00064;0.00002;0.00001;0.00003;0.00003;0.00000;0.00001;0.00000;0.00009;0.00004;0.00000;0.00000;0.00000;0.00001;0.00002;0.00009;0.00011;0.00000;0.00000;0.00000;0.00002;0.00002;0.00004;0.00006;0.00003;0.00001;0.00000;0.00002;0.00013;0.00005;0.00012;0.00007;0.00014;0.00000;0.00001;0.00000;0.00016;0.00019;0.00008;0.00006;0.00010;0.00000;0.00049;0.00003;0.00000;0.00004;0.00001;0.00015;0.00033;0.00039;0.00006;0.00010;0.00001;0.00000;0.00044;0.00029;0.00000;0.00029;0.00000;0.00000;0.00217;0.00000;0.00007;0.00052;0.00031;0.00006;0.00040;0.00000;0.00119;0.00066;0.00013;0.00000;0.00015;0.00010;0.00063;0.00061;0.00040;0.00015;0.00029;0.00000;0.00000;0.00016;0.00018;0.00000;0.00000;0.00000;0.00002;0.00045;0.00000;0.00000;0.00010;0.00410;0.00007;0.00005;0.00000;0.00000;0.00000;0.00000;0.00018;0.00003;0.00168;0.00026;0.00027;0.00001;0.00104;0.00003;0.00003;0.00000;0.00121;0.00064;0.00095;0.00026;0.00052;0.00000;0.00009;0.00033;0.00037;0.00010;0.00208;0.00000;0.00007;0.00000;0.00007;0.00001;0.00007;0.00000;0.00001;0.00008;0.00004;0.00058;0.00000;0.00008;0.00004;0.00000;0.00003;0.00054;0.00011;0.00007;0.00000;0.00022;0.00000;0.00020;0.00010;0.00009;0.00000;0.00000;0.00000;0.00000;0.00000;0.00008;0.00000;0.00000;0.00005;0.00000;0.00000;0.00000;0.00016;0.00000;0.00030;0.00175;0.00132;0.00090;0.00086;0.00000;0.00055;0.00046;0.00028;0.00000;0.00000;0.00000;0.00000;0.00000;0.00000;0.00000;0.00014;0.00029;0.00005;0.00014;0.00015;0.00000;0.00010;0.00004;0.00000;0.00000;0.00000;0.00014;0.00000;0.00007;0.00000;0.00008;0.00000;0.00029;0.00000;0.00009;0.00000;0.00014;0.00056;0.00061;0.00008;0.00013;0.00018;0.00000;0.00000;0.00000;0.00000;0.00000;0.00000;0.00006;0.00023;0.00000;0.00000;0.00000;0.00000;0.00070;0.00000;0.00075;0.00001;0.00000;0.00000;0.00000;0.00000;0.00000;0.00000;0.00000;0.00003;0.00000;0.00000;0.00001;0.00001;0.00002;0.00006;0.00005;0.00005;0.00011;0.00003;0.00227;0.00611;0.00000;0.00342;0.00269;0.00026;0.00178;0.00006;0.00142;0.00007;0.00283;0.00002;0.00000;0.00000;0.00000;0.00000;0.00078;0.00000;0.00000;0.00000;0.00004;0.00039;0.00000;0.00003;0.00000;0.00012;0.00000;0.00008;0.00012;0.00011;0.00011;0.00140;0.00000;0.00028;0.00000;0.00000;0.00009;0.00008;0.00006;0.00000;0.00007;0.00000;0.00002;0.00011;0.00000;0.00000;0.00108;0.00016;0.00014;0.00035;0.00075;0.00000;0.00169;0.00077;0.00029;0.00000;0.00000;0.00343;0.00014;0.00057;0.00000;0.00032;0.00011;0.00005;0.00003;0.00058;0.00005;0.00020;0.00056;0.00000;0.00020;0.00012;0.00004;0.00001;0.00007;0.00001;0.00009;0.00000;0.00006;0.00002;0.00002;0.00002;0.00097;0.00000;0.00000;0.00000;0.00000;0.00130;0.00000;0.00001;0.00001;0.00006;0.00002;0.00002;0.00001;0.00001;0.00000;0.00002;0.00000;0.00000;0.00063;0.00000;0.00002;0.00003;0.00024;0.00018;0.00002;0.00091;0.00000;0.00001;0.00001;0.00118;0.00009;0.00000;0.00006;0.00006;0.00001;0.00004;0.00000;0.00011;0.00001;0.00044;0.00053;0.00165;0.00000;0.00000;0.00001;0.00000;0.00000;0.00403;0.00000;0.00004;0.00008;0.00002;0.00007;0.00419;0.00009;0.00002;0.00035;0.00012;0.00008;0.00004;0.00003;0.00000;0.00002
2020-06-28 00:00;0.00131;0.00223;0.00000;0.00023;0.00001;0.00000;0.00000;0.00006;0.00000;0.00000;0.00005;0.00053;0.00137;0.00000;0.00000;0.00000;0.00096;0.00011;0.00003;0.00000;0.00000;0.00001;0.00002;0.00000;0.00000;0.00008;0.00001;0.00002;0.00000;0.00000;0.00000;0.00000;0.00010;0.00000;0.00000;0.00000;0.00000;0.00004;0.00001;0.00000;0.00001;0.00000;0.00004;0.00003;0.00006;0.00001;0.00000;0.00000;0.00001;0.00001;0.00002;0.00000;0.00000;0.00001;0.00000;0.00000;0.00000;0.00001;0.00000;0.00002;0.00003;0.00000;0.00007;0.00002;0.00003;0.00001;0.00035;0.00028;0.00000;0.00020;0.00007;0.00026;0.00001;0.00000;0.00003;0.00000;0.00004;0.00000;0.00000;0.00000;0.00002;0.00000;0.00000;0.00002;0.00000;0.00000;0.00006;0.00021;0.00000;0.00001;0.00000;0.00002;0.00010;0.00013;0.00000;0.00001;0.00008;0.00000;0.00001;0.00003;0.00233;0.00018;0.00001;0.00002;0.00005;0.00000;0.00001;0.00162;0.00006;0.00005;0.00006;0.00004;0.00017;0.00012;0.00066;0.00055;0.00002;0.00001;0.00003;0.00003;0.00000;0.00001;0.00000;0.00009;0.00004;0.00000;0.00000;0.00000;0.00001;0.00002;0.00009;0.00012;0.00000;0.00000;0.00000;0.00002;0.00002;0.00004;0.00006;0.00003;0.00001;0.00000;0.00002;0.00014;0.00005;0.00012;0.00007;0.00015;0.00000;0.00001;0.00000;0.00017;0.00021;0.00008;0.00007;0.00011;0.00000;0.00057;0.00003;0.00000;0.00005;0.00001;0.00018;0.00043;0.00044;0.00008;0.00022;0.00002;0.00001;0.00130;0.00079;0.00000;0.00056;0.00000;0.00000;0.00207;0.00000;0.00027;0.00125;0.00038;0.00013;0.00107;0.00000;0.00293;0.00211;0.00042;0.00000;0.00047;0.00024;0.00088;0.00132;0.00098;0.00037;0.00064;0.00000;0.00000;0.00032;0.00045;0.00000;0.00000;0.00000;0.00007;0.00090;0.00000;0.00000;0.00030;0.01395;0.00037;0.00033;0.00000;0.00000;0.00000;0.00000;0.00104;0.00024;0.00490;0.00110;0.00150;0.00006;0.00250;0.00024;0.00017;0.00000;0.00546;0.00225;0.00283;0.00096;0.00215;0.00000;0.00039;0.00119;0.00133;0.00041;0.00259;0.00000;0.00028;0.00000;0.00037;0.00021;0.00026;0.00000;0.00004;0.00087;0.00011;0.00117;0.00000;0.00018;0.00009;0.00000;0.00006;0.00069;0.00027;0.00011;0.00000;0.00042;0.00000;0.00010;0.00016;0.00015;0.00000;0.00000;0.00000;0.00000;0.00000;0.00013;0.00000;0.00000;0.00033;0.00000;0.00007;0.00000;0.00028;0.00000;0.00028;0.00208;0.00193;0.00145;0.00145;0.00000;0.00099;0.00073;0.00046;0.00000;0.00000;0.00000;0.00000;0.00000;0.00000;0.00000;0.00179;0.00275;0.00084;0.00022;0.00024;0.00000;0.00010;0.00009;0.00000;0.00000;0.00000;0.00028;0.00000;0.00038;0.00000;0.00014;0.00139;0.00127;0.00000;0.00033;0.00000;0.00040;0.00129;0.00148;0.00022;0.00033;0.00010;0.00000;0.00000;0.00000;0.00000;0.00000;0.00000;0.00029;0.00070;0.00000;0.00000;0.00000;0.00000;0.00219;0.00000;0.00072;0.00003;0.00000;0.00000;0.00000;0.00000;0.00000;0.00000;0.00000;0.00004;0.00000;0.00000;0.00005;0.00003;0.00009;0.00028;0.00021;0.00020;0.00047;0.00002;0.00646;0.02574;0.00000;0.01371;0.01311;0.00095;0.00715;0.00002;0.00631;0.00028;0.01170;0.00002;0.00000;0.00000;0.00000;0.00000;0.00056;0.00303;0.00000;0.00000;0.00015;0.00152;0.00000;0.00006;0.00000;0.00004;0.00000;0.00033;0.00018;0.00047;0.00042;0.00202;0.00000;0.00809;0.00000;0.00000;0.00007;0.00035;0.00031;0.00000;0.00028;0.00002;0.00035;0.00047;0.00000;0.00000;0.00425;0.00066;0.00058;0.00103;0.00280;0.00000;0.00367;0.00130;0.00014;0.00000;0.00000;0.00388;0.00036;0.00111;0.00000;0.00084;0.00026;0.00015;0.00004;0.00115;0.00014;0.00052;0.00080;0.00000;0.00048;0.00022;0.00012;0.00004;0.00004;0.00001;0.00010;0.00000;0.00007;0.00002;0.00002;0.00002;0.00170;0.00000;0.00000;0.00000;0.00000;0.00142;0.00000;0.00001;0.00001;0.00006;0.00002;0.00002;0.00001;0.00001;0.00000;0.00002;0.00000;0.00000;0.00080;0.00000;0.00002;0.00003;0.00026;0.00020;0.00002;0.00073;0.00000;0.00001;0.00000;0.00123;0.00007;0.00000;0.00005;0.00005;0.00000;0.00003;0.00000;0.00009;0.00001;0.00035;0.00037;0.00184;0.00000;0.00000;0.00000;0.00000;0.00000;0.00308;0.00000;0.00003;0.00005;0.00001;0.00005;0.00105;0.00006;0.00002;0.00028;0.00009;0.00007;0.00004;0.00003;0.00000;0.00001
2020-06-29 00:00;0.03711;0.01732;0.00001;0.00524;0.00048;0.00012;0.00004;0.00151;0.00006;0.00006;0.00158;0.01104;0.02233;0.00012;0.00003;0.00003;0.01146;0.00245;0.00061;0.00004;0.00000;0.00013;0.00051;0.00000;0.00002;0.00180;0.00013;0.00052;0.00002;0.00008;0.00000;0.00010;0.00182;0.00002;0.00004;0.00000;0.00001;0.00072;0.00039;0.00006;0.00022;0.00000;0.00080;0.00080;0.00127;0.00037;0.00002;0.00004;0.00018;0.00030;0.00038;0.00004;0.00004;0.00012;0.00007;0.00000;0.00000;0.00016;0.00000;0.00033;0.00079;0.00000;0.00148;0.00027;0.00057;0.00018;0.00655;0.00595;0.00002;0.00297;0.00149;0.00525;0.00031;0.00009;0.00048;0.00006;0.00083;0.00000;0.00002;0.00000;0.00036;0.00005;0.00002;0.00034;0.00000;0.00003;0.00104;0.00411;0.00000;0.00025;0.00000;0.00060;0.00177;0.00239;0.00000;0.00024;0.00144;0.00022;0.00020;0.00073;0.01229;0.00225;0.00033;0.00039;0.00119;0.00006;0.00014;0.01111;0.00122;0.00122;0.00114;0.00105;0.00333;0.00281;0.01021;0.00804;0.00021;0.00007;0.00028;0.00033;0.00002;0.00013;0.00000;0.00085;0.00037;0.00003;0.00001;0.00000;0.00009;0.00019;0.00085;0.00098;0.00001;0.00000;0.00000;0.00016;0.00017;0.00041;0.00054;0.00030;0.00009;0.00001;0.00017;0.00114;0.00043;0.00120;0.00058;0.00132;0.00001;0.00007;0.00000;0.00153;0.00176;0.00074;0.00061;0.00090;0.00004;0.00363;0.00027;0.00001;0.00041;0.00005;0.00115;0.00255;0.00358;0.00052;0.00064;0.00003;0.00001;0.00160;0.00122;0.00000;0.00160;0.00000;0.00000;0.00179;0.00000;0.00038;0.00245;0.00040;0.00027;0.00183;0.00000;0.00541;0.00287;0.00059;0.00000;0.00066;0.00045;0.00315;0.00313;0.00180;0.00068;0.00138;0.00000;0.00000;0.00091;0.00080;0.00000;0.00000;0.00000;0.00009;0.00227;0.00000;0.00000;0.00047;0.01793;0.00031;0.00026;0.00000;0.00000;0.00000;0.00000;0.00091;0.00017;0.00522;0.00193;0.00142;0.00008;0.00719;0.00016;0.00013;0.00000;0.00574;0.00306;0.00473;0.00132;0.00241;0.00001;0.00041;0.00158;0.00184;0.00043;0.00827;0.00000;0.00025;0.00000;0.00036;0.00009;0.00022;0.00000;0.00005;0.00055;0.00011;0.00151;0.00000;0.00020;0.00010;0.00000;0.00008;0.00151;0.00033;0.00014;0.00000;0.00049;0.00000;0.00058;0.00021;0.00019;0.00000;0.00000;0.00000;0.00000;0.00000;0.00018;0.00000;0.00000;0.00024;0.00000;0.00005;0.00000;0.00035;0.00000;0.00061;0.00445;0.00294;0.00186;0.00192;0.00000;0.00119;0.00111;0.00059;0.00000;0.00000;0.00000;0.00000;0.00000;0.00000;0.00000;0.00143;0.00162;0.00052;0.00028;0.00031;0.00000;0.00022;0.00010;0.00000;0.00000;0.00000;0.00043;0.00000;0.00025;0.00000;0.00064;0.00068;0.00134;0.00000;0.00043;0.00001;0.00077;0.00200;0.00189;0.00024;0.00036;0.00095;0.00000;0.00000;0.00000;0.00000;0.00000;0.00000;0.00027;0.00118;0.00000;0.00000;0.00000;0.00000;0.00263;0.00000;0.00304;0.00003;0.00000;0.00000;0.00000;0.00000;0.00000;0.00000;0.00000;0.00011;0.00000;0.00000;0.00005;0.00003;0.00009;0.00028;0.00023;0.00023;0.00047;0.00026;0.01151;0.02654;0.00000;0.01351;0.01194;0.00148;0.00705;0.00051;0.00618;0.00033;0.01228;0.00132;0.00000;0.00000;0.00000;0.00000;0.00557;0.00129;0.00000;0.00000;0.00020;0.00167;0.00000;0.00022;0.00000;0.00124;0.00000;0.00034;0.00073;0.00049;0.00046;0.01065;0.00000;0.00465;0.00000;0.00000;0.00070;0.00035;0.00029;0.00000;0.00033;0.00001;0.00022;0.00049;0.00000;0.00000;0.00462;0.00070;0.00061;0.00157;0.00352;0.00000;0.00758;0.00365;0.00275;0.00000;0.00000;0.01431;0.00067;0.00285;0.00000;0.00155;0.00057;0.00023;0.00023;0.00283;0.00020;0.00094;0.00259;0.00000;0.00084;0.00060;0.00020;0.00006;0.00043;0.00007;0.00068;0.00000;0.00062;0.00017;0.00016;0.00021;0.00482;0.00000;0.00000;0.00000;0.00000;0.00716;0.00002;0.00011;0.00010;0.00054;0.00018;0.00017;0.00007;0.00005;0.00000;0.00014;0.00004;0.00000;0.00415;0.00001;0.00014;0.00035;0.00216;0.00142;0.00034;0.01224;0.00000;0.00022;0.00010;0.01078;0.00110;0.00000;0.00091;0.00083;0.00010;0.00063;0.00000;0.00140;0.00019;0.00582;0.00505;0.00802;0.00004;0.00006;0.00008;0.00000;0.00004;0.02679;0.00002;0.00064;0.00143;0.00028;0.00106;0.00249;0.00127;0.00033;0.00442;0.00156;0.00108;0.00047;0.00046;0.00000;0.00023
