Écoulement vers le réseau hydrographique (couche 3) (base) (m3/s);ONDE CINEMATIQUE ( VERSION 4.4.0.0000 )
date heure\uhrh;1;2;3;4;5;6;7;8;9;10;11;12;13;14;15;16;17;18;19;20;21;22;23;24;25;26;27;28;29;30;31;32;33;34;35;36;37;38;39;40;41;42;43;44;45;46;47;48;49;50;51;52;53;54;55;56;57;58;59;60;61;62;63;64;65;66;67;68;69;70;71;72;73;74;75;76;77;78;79;80;81;82;83;84;85;86;87;88;89;90;91;92;93;94;95;96;97;98;99;100;101;102;103;104;105;106;107;108;109;110;111;112;113;114;115;116;117;118;119;120;121;122;123;124;125;126;127;128;129;130;131;132;133;134;135;136;137;138;139;140;141;142;143;144;145;146;147;148;149;150;151;152;153;154;155;156;157;158;159;160;161;162;163;164;165;166;167;168;169;170;171;172;173;174;175;176;177;178;179;180;181;182;183;184;185;186;187;188;189;190;191;192;193;194;195;196;197;198;199;200;201;202;203;204;205;206;207;208;209;210;211;212;213;214;215;216;217;218;219;220;221;222;223;224;225;226;227;228;229;230;231;232;233;234;235;236;237;238;239;240;241;242;243;244;245;246;247;248;249;250;251;252;253;254;255;256;257;258;259;260;261;262;263;264;265;266;267;268;269;270;271;272;273;274;275;276;277;278;279;280;281;282;283;284;285;286;287;288;289;290;291;292;293;294;295;296;297;298;299;300;301;302;303;304;305;306;307;308;309;310;311;312;313;314;315;316;317;318;319;320;321;322;323;324;325;326;327;328;329;330;331;332;333;334;335;336;337;338;339;340;341;342;343;344;345;346;347;348;349;350;351;352;353;354;355;356;357;358;359;360;361;362;363;364;365;366;367;368;369;370;371;372;373;374;375;376;377;378;379;380;381;382;383;384;385;386;387;388;389;390;391;392;393;394;395;396;397;398;399;400;401;402;403;404;405;406;407;408;409;410;411;412;413;414;415;416;417;418;419;420;421;422;423;424;425;426;427;428;429;430;431;432;433;434;435;436;437;438;439;440;441;442;443;444;445;446;447;448;449;450;451;452;453;454;455;456;457;458;459;460;461;462;463;464;465;466;467;468;469;470;471;472;473;474;475;476;477;478;479;480;481;482;483;484;485;486;487;488;489;490;491;492;493;494;495
2020-01-01 00:00;0.00001;0.00003;0.00000;0.00002;0.00000;0.00000;0.00000;0.00001;0.00000;0.00000;0.00006;0.00000;0.00005;0.00000;0.00000;0.00000;0.00003;0.00003;0.00001;0.00001;0.00000;0.00000;0.00000;0.00000;0.00001;0.00006;0.00000;0.00000;0.00000;0.00001;0.00004;0.00000;0.00007;0.00000;0.00001;0.00001;0.00000;0.00001;0.00000;0.00001;0.00004;0.00003;0.00000;0.00001;0.00000;0.00000;0.00000;0.00000;0.00004;0.00000;0.00000;0.00000;0.00000;0.00001;0.00000;0.00002;0.00000;0.00002;0.00000;0.00000;0.00000;0.00000;0.00000;0.00004;0.00000;0.00000;0.00000;0.00000;0.00000;0.00014;0.00000;0.00000;0.00000;0.00000;0.00005;0.00000;0.00000;0.00001;0.00001;0.00003;0.00000;0.00000;0.00001;0.00005;0.00003;0.00000;0.00002;0.00002;0.00000;0.00000;0.00000;0.00000;0.00005;0.00006;0.00000;0.00000;0.00004;0.00001;0.00009;0.00009;0.00348;0.00030;0.00001;0.00000;0.00001;0.00000;0.00001;0.00080;0.00002;0.00001;0.00001;0.00001;0.00001;0.00002;0.00001;0.00001;0.00000;0.00000;0.00001;0.00001;0.00001;0.00000;0.00001;0.00000;0.00000;0.00002;0.00001;0.00002;0.00000;0.00000;0.00001;0.00004;0.00000;0.00000;0.00002;0.00001;0.00003;0.00001;0.00001;0.00000;0.00001;0.00000;0.00000;0.00007;0.00001;0.00001;0.00004;0.00002;0.00001;0.00003;0.00024;0.00003;0.00007;0.00001;0.00002;0.00001;0.00001;0.00051;0.00000;0.00000;0.00001;0.00000;0.00021;0.00048;0.00013;0.00006;0.00004;0.00001;0.00001;0.00008;0.00017;0.00021;0.00033;0.00016;0.00002;0.00012;0.00000;0.00011;0.00012;0.00002;0.00036;0.00019;0.00000;0.00041;0.00028;0.00002;0.00003;0.00001;0.00005;0.00025;0.00086;0.00037;0.00028;0.00046;0.00000;0.00000;0.00053;0.00030;0.00009;0.00006;0.00003;0.00002;0.00087;0.00001;0.00006;0.00004;0.00019;0.00002;0.00005;0.00000;0.00002;0.00002;0.00003;0.00022;0.00005;0.00022;0.00058;0.00022;0.00003;0.00091;0.00003;0.00002;0.00001;0.00046;0.00045;0.00043;0.00016;0.00019;0.00026;0.00006;0.00011;0.00011;0.00009;0.00024;0.00001;0.00008;0.00000;0.00009;0.00015;0.00002;0.00004;0.00004;0.00036;0.00005;0.00009;0.00003;0.00000;0.00000;0.00000;0.00000;0.00015;0.00022;0.00001;0.00001;0.00006;0.00003;0.00006;0.00003;0.00002;0.00000;0.00003;0.00003;0.00000;0.00000;0.00001;0.00000;0.00000;0.00024;0.00002;0.00018;0.00001;0.00001;0.00011;0.00005;0.00039;0.00021;0.00007;0.00026;0.00016;0.00017;0.00011;0.00003;0.00003;0.00002;0.00017;0.00016;0.00000;0.00000;0.00002;0.00117;0.00107;0.00027;0.00001;0.00002;0.00015;0.00001;0.00001;0.00000;0.00001;0.00001;0.00004;0.00010;0.00009;0.00003;0.00039;0.00071;0.00007;0.00004;0.00003;0.00007;0.00006;0.00046;0.00014;0.00001;0.00002;0.00033;0.00001;0.00000;0.00006;0.00001;0.00004;0.00028;0.00005;0.00016;0.00003;0.00004;0.00035;0.00004;0.00003;0.00000;0.00006;0.00001;0.00001;0.00000;0.00000;0.00000;0.00002;0.00001;0.00002;0.00003;0.00010;0.00001;0.00001;0.00001;0.00001;0.00001;0.00001;0.00002;0.00001;0.00004;0.00048;0.00029;0.00006;0.00004;0.00003;0.00000;0.00001;0.00006;0.00000;0.00013;0.00017;0.00000;0.00001;0.00001;0.00001;0.00004;0.00029;0.00127;0.00001;0.00002;0.00003;0.00008;0.00003;0.00000;0.00006;0.00012;0.00001;0.00002;0.00005;0.00005;0.00008;0.00000;0.00001;0.00235;0.00004;0.00002;0.00004;0.00006;0.00008;0.00015;0.00005;0.00007;0.00015;0.00002;0.00001;0.00001;0.00012;0.00013;0.00003;0.00045;0.00098;0.00002;0.00018;0.00039;0.00048;0.00028;0.00011;0.00051;0.00017;0.00031;0.00004;0.00041;0.00022;0.00005;0.00006;0.00076;0.00006;0.00011;0.00020;0.00000;0.00012;0.00008;0.00005;0.00001;0.00006;0.00002;0.00018;0.00000;0.00000;0.00000;0.00000;0.00001;0.00073;0.00007;0.00008;0.00000;0.00000;0.00046;0.00001;0.00001;0.00003;0.00002;0.00001;0.00000;0.00004;0.00001;0.00002;0.00002;0.00001;0.00001;0.00039;0.00002;0.00013;0.00003;0.00005;0.00009;0.00005;0.00006;0.00001;0.00001;0.00001;0.00013;0.00006;0.00000;0.00000;0.00006;0.00001;0.00000;0.00001;0.00004;0.00000;0.00009;0.00017;0.00097;0.00003;0.00001;0.00000;0.00001;0.00000;0.00107;0.00000;0.00001;0.00005;0.00001;0.00001;0.00004;0.00000;0.00000;0.00002;0.00006;0.00008;0.00003;0.00001;0.00000;0.00000
2020-01-02 00:00;0.00001;0.00003;0.00000;0.00002;0.00000;0.00000;0.00000;0.00001;0.00000;0.00000;0.00004;0.00000;0.00005;0.00000;0.00000;0.00000;0.00003;0.00003;0.00001;0.00001;0.00000;0.00000;0.00000;0.00001;0.00001;0.00003;0.00000;0.00000;0.00000;0.00001;0.00003;0.00000;0.00007;0.00000;0.00001;0.00001;0.00000;0.00001;0.00000;0.00001;0.00003;0.00004;0.00000;0.00001;0.00000;0.00000;0.00000;0.00000;0.00004;0.00000;0.00000;0.00000;0.00000;0.00001;0.00000;0.00002;0.00000;0.00002;0.00000;0.00000;0.00000;0.00000;0.00000;0.00004;0.00000;0.00000;0.00000;0.00000;0.00000;0.00013;0.00000;0.00000;0.00000;0.00000;0.00005;0.00000;0.00000;0.00001;0.00001;0.00003;0.00000;0.00000;0.00001;0.00005;0.00003;0.00000;0.00002;0.00002;0.00000;0.00000;0.00000;0.00000;0.00005;0.00006;0.00000;0.00000;0.00004;0.00001;0.00007;0.00008;0.00338;0.00028;0.00001;0.00000;0.00001;0.00000;0.00001;0.00080;0.00002;0.00001;0.00001;0.00001;0.00001;0.00002;0.00001;0.00001;0.00000;0.00000;0.00001;0.00001;0.00001;0.00000;0.00001;0.00000;0.00000;0.00002;0.00001;0.00002;0.00000;0.00000;0.00001;0.00004;0.00000;0.00000;0.00002;0.00001;0.00003;0.00001;0.00001;0.00000;0.00001;0.00000;0.00000;0.00007;0.00001;0.00001;0.00004;0.00002;0.00001;0.00003;0.00024;0.00003;0.00007;0.00001;0.00002;0.00001;0.00001;0.00102;0.00000;0.00000;0.00001;0.00000;0.00027;0.00112;0.00019;0.00006;0.00004;0.00001;0.00001;0.00020;0.00018;0.00021;0.00050;0.00010;0.00002;0.00023;0.00000;0.00017;0.00029;0.00003;0.00037;0.00024;0.00001;0.00053;0.00034;0.00002;0.00003;0.00001;0.00007;0.00050;0.00117;0.00047;0.00031;0.00066;0.00000;0.00000;0.00076;0.00035;0.00010;0.00006;0.00003;0.00002;0.00117;0.00001;0.00010;0.00005;0.00020;0.00002;0.00005;0.00000;0.00002;0.00002;0.00003;0.00023;0.00005;0.00024;0.00076;0.00024;0.00004;0.00167;0.00003;0.00002;0.00001;0.00051;0.00053;0.00055;0.00019;0.00020;0.00030;0.00006;0.00014;0.00014;0.00009;0.00055;0.00001;0.00008;0.00000;0.00008;0.00006;0.00002;0.00002;0.00004;0.00032;0.00005;0.00011;0.00003;0.00000;0.00000;0.00000;0.00000;0.00018;0.00023;0.00001;0.00001;0.00007;0.00003;0.00015;0.00003;0.00002;0.00000;0.00002;0.00002;0.00000;0.00000;0.00001;0.00000;0.00000;0.00014;0.00002;0.00011;0.00001;0.00001;0.00005;0.00008;0.00064;0.00023;0.00007;0.00027;0.00016;0.00018;0.00014;0.00003;0.00003;0.00002;0.00009;0.00010;0.00000;0.00000;0.00002;0.00083;0.00078;0.00032;0.00001;0.00002;0.00008;0.00002;0.00001;0.00000;0.00001;0.00001;0.00004;0.00010;0.00008;0.00002;0.00034;0.00062;0.00007;0.00004;0.00004;0.00005;0.00010;0.00049;0.00017;0.00001;0.00002;0.00038;0.00002;0.00000;0.00002;0.00002;0.00004;0.00016;0.00005;0.00021;0.00003;0.00005;0.00015;0.00004;0.00003;0.00000;0.00015;0.00001;0.00001;0.00000;0.00000;0.00000;0.00002;0.00001;0.00002;0.00004;0.00006;0.00001;0.00001;0.00001;0.00001;0.00001;0.00001;0.00002;0.00001;0.00005;0.00080;0.00029;0.00007;0.00004;0.00003;0.00000;0.00001;0.00010;0.00000;0.00013;0.00017;0.00000;0.00000;0.00000;0.00000;0.00000;0.00072;0.00113;0.00000;0.00002;0.00003;0.00008;0.00003;0.00000;0.00002;0.00020;0.00001;0.00002;0.00010;0.00005;0.00008;0.00000;0.00000;0.00282;0.00001;0.00001;0.00008;0.00006;0.00006;0.00006;0.00005;0.00008;0.00014;0.00002;0.00001;0.00001;0.00013;0.00013;0.00003;0.00051;0.00103;0.00002;0.00018;0.00058;0.00081;0.00016;0.00011;0.00137;0.00019;0.00049;0.00005;0.00045;0.00028;0.00005;0.00012;0.00114;0.00006;0.00015;0.00046;0.00000;0.00014;0.00015;0.00005;0.00001;0.00013;0.00002;0.00018;0.00000;0.00000;0.00000;0.00000;0.00001;0.00073;0.00007;0.00008;0.00000;0.00000;0.00048;0.00001;0.00001;0.00003;0.00002;0.00001;0.00000;0.00004;0.00001;0.00002;0.00002;0.00001;0.00001;0.00039;0.00002;0.00065;0.00003;0.00005;0.00009;0.00005;0.00006;0.00001;0.00001;0.00001;0.00013;0.00006;0.00000;0.00000;0.00006;0.00001;0.00000;0.00001;0.00004;0.00000;0.00009;0.00017;0.00098;0.00003;0.00001;0.00000;0.00001;0.00000;0.00109;0.00000;0.00001;0.00003;0.00001;0.00001;0.00003;0.00000;0.00000;0.00002;0.00004;0.00008;0.00003;0.00001;0.00000;0.00000
2020-01-03 00:00;0.00001;0.00003;0.00000;0.00002;0.00000;0.00000;0.00000;0.00001;0.00000;0.00000;0.00003;0.00000;0.00005;0.00000;0.00000;0.00000;0.00003;0.00003;0.00001;0.00001;0.00000;0.00000;0.00000;0.00001;0.00001;0.00003;0.00000;0.00000;0.00000;0.00001;0.00010;0.00000;0.00007;0.00000;0.00001;0.00001;0.00000;0.00001;0.00000;0.00001;0.00004;0.00004;0.00000;0.00001;0.00000;0.00000;0.00000;0.00000;0.00004;0.00000;0.00000;0.00000;0.00000;0.00001;0.00000;0.00002;0.00000;0.00002;0.00000;0.00000;0.00000;0.00000;0.00000;0.00004;0.00000;0.00000;0.00000;0.00000;0.00000;0.00012;0.00000;0.00000;0.00000;0.00000;0.00005;0.00000;0.00000;0.00001;0.00001;0.00003;0.00000;0.00000;0.00001;0.00005;0.00003;0.00000;0.00002;0.00002;0.00000;0.00000;0.00000;0.00000;0.00005;0.00006;0.00000;0.00000;0.00004;0.00001;0.00008;0.00007;0.00336;0.00028;0.00001;0.00000;0.00001;0.00000;0.00001;0.00085;0.00002;0.00001;0.00001;0.00001;0.00001;0.00002;0.00001;0.00001;0.00000;0.00000;0.00001;0.00001;0.00001;0.00000;0.00001;0.00000;0.00000;0.00002;0.00001;0.00002;0.00000;0.00000;0.00001;0.00004;0.00000;0.00000;0.00002;0.00001;0.00003;0.00001;0.00001;0.00000;0.00001;0.00000;0.00000;0.00007;0.00001;0.00001;0.00004;0.00002;0.00001;0.00003;0.00024;0.00003;0.00007;0.00001;0.00002;0.00001;0.00001;0.00150;0.00000;0.00000;0.00001;0.00000;0.00033;0.00173;0.00023;0.00006;0.00004;0.00001;0.00001;0.00027;0.00018;0.00015;0.00050;0.00012;0.00002;0.00031;0.00000;0.00020;0.00044;0.00004;0.00029;0.00019;0.00000;0.00055;0.00036;0.00002;0.00003;0.00001;0.00007;0.00062;0.00074;0.00048;0.00025;0.00054;0.00000;0.00000;0.00057;0.00029;0.00006;0.00006;0.00003;0.00002;0.00081;0.00001;0.00008;0.00005;0.00020;0.00002;0.00005;0.00000;0.00002;0.00002;0.00003;0.00022;0.00005;0.00024;0.00041;0.00025;0.00004;0.00187;0.00003;0.00002;0.00001;0.00051;0.00049;0.00052;0.00013;0.00017;0.00027;0.00006;0.00010;0.00009;0.00009;0.00066;0.00001;0.00005;0.00000;0.00005;0.00007;0.00002;0.00002;0.00004;0.00011;0.00005;0.00010;0.00003;0.00000;0.00000;0.00000;0.00000;0.00009;0.00023;0.00001;0.00001;0.00005;0.00003;0.00005;0.00003;0.00002;0.00000;0.00002;0.00002;0.00000;0.00000;0.00001;0.00000;0.00000;0.00011;0.00002;0.00009;0.00001;0.00001;0.00007;0.00009;0.00034;0.00018;0.00007;0.00026;0.00016;0.00015;0.00010;0.00003;0.00003;0.00002;0.00010;0.00008;0.00000;0.00000;0.00002;0.00055;0.00021;0.00010;0.00001;0.00002;0.00010;0.00003;0.00001;0.00000;0.00001;0.00001;0.00003;0.00010;0.00003;0.00002;0.00012;0.00014;0.00006;0.00004;0.00003;0.00003;0.00005;0.00039;0.00013;0.00001;0.00002;0.00011;0.00002;0.00000;0.00002;0.00001;0.00004;0.00017;0.00004;0.00016;0.00003;0.00004;0.00017;0.00004;0.00003;0.00000;0.00019;0.00001;0.00001;0.00000;0.00000;0.00000;0.00001;0.00001;0.00002;0.00004;0.00007;0.00001;0.00001;0.00001;0.00001;0.00001;0.00001;0.00002;0.00001;0.00001;0.00084;0.00029;0.00002;0.00004;0.00003;0.00000;0.00001;0.00002;0.00000;0.00012;0.00017;0.00000;0.00000;0.00000;0.00000;0.00001;0.00052;0.00025;0.00000;0.00002;0.00002;0.00008;0.00003;0.00000;0.00003;0.00005;0.00001;0.00002;0.00010;0.00005;0.00008;0.00000;0.00000;0.00089;0.00002;0.00002;0.00003;0.00005;0.00007;0.00006;0.00004;0.00007;0.00005;0.00002;0.00001;0.00001;0.00013;0.00013;0.00003;0.00053;0.00101;0.00002;0.00018;0.00041;0.00026;0.00021;0.00010;0.00199;0.00015;0.00049;0.00004;0.00034;0.00022;0.00004;0.00007;0.00076;0.00006;0.00012;0.00066;0.00000;0.00014;0.00016;0.00004;0.00001;0.00015;0.00002;0.00018;0.00000;0.00000;0.00000;0.00000;0.00001;0.00073;0.00007;0.00008;0.00000;0.00000;0.00047;0.00001;0.00001;0.00003;0.00002;0.00001;0.00000;0.00004;0.00001;0.00002;0.00002;0.00001;0.00001;0.00039;0.00002;0.00086;0.00003;0.00005;0.00009;0.00005;0.00006;0.00001;0.00001;0.00001;0.00013;0.00006;0.00000;0.00000;0.00006;0.00001;0.00000;0.00001;0.00004;0.00000;0.00009;0.00018;0.00106;0.00003;0.00001;0.00000;0.00001;0.00000;0.00092;0.00000;0.00001;0.00002;0.00001;0.00001;0.00001;0.00000;0.00000;0.00002;0.00004;0.00008;0.00003;0.00001;0.00000;0.00000
2020-01-04 00:00;0.00001;0.00004;0.00000;0.00002;0.00000;0.00000;0.00000;0.00001;0.00000;0.00000;0.00007;0.00000;0.00005;0.00000;0.00000;0.00000;0.00003;0.00003;0.00001;0.00001;0.00000;0.00000;0.00000;0.00001;0.00001;0.00009;0.00000;0.00000;0.00000;0.00001;0.00009;0.00000;0.00007;0.00000;0.00001;0.00001;0.00000;0.00001;0.00000;0.00001;0.00004;0.00004;0.00000;0.00001;0.00000;0.00000;0.00000;0.00000;0.00006;0.00000;0.00000;0.00000;0.00000;0.00001;0.00000;0.00002;0.00000;0.00002;0.00000;0.00000;0.00000;0.00000;0.00000;0.00004;0.00000;0.00000;0.00000;0.00000;0.00000;0.00020;0.00000;0.00000;0.00000;0.00000;0.00005;0.00000;0.00000;0.00001;0.00001;0.00003;0.00000;0.00000;0.00001;0.00005;0.00003;0.00000;0.00002;0.00002;0.00000;0.00000;0.00000;0.00000;0.00005;0.00006;0.00000;0.00000;0.00004;0.00001;0.00011;0.00085;0.00416;0.00066;0.00001;0.00000;0.00001;0.00000;0.00001;0.00089;0.00002;0.00001;0.00001;0.00001;0.00001;0.00002;0.00001;0.00001;0.00000;0.00000;0.00001;0.00001;0.00001;0.00000;0.00001;0.00000;0.00000;0.00002;0.00001;0.00002;0.00000;0.00000;0.00001;0.00004;0.00000;0.00000;0.00002;0.00001;0.00003;0.00001;0.00001;0.00000;0.00001;0.00000;0.00000;0.00007;0.00001;0.00001;0.00004;0.00002;0.00001;0.00003;0.00024;0.00003;0.00007;0.00001;0.00002;0.00001;0.00001;0.00153;0.00000;0.00000;0.00001;0.00000;0.00034;0.00185;0.00023;0.00006;0.00004;0.00001;0.00001;0.00027;0.00018;0.00020;0.00029;0.00008;0.00002;0.00031;0.00000;0.00018;0.00044;0.00004;0.00033;0.00016;0.00001;0.00044;0.00035;0.00002;0.00003;0.00001;0.00006;0.00054;0.00068;0.00044;0.00026;0.00035;0.00000;0.00000;0.00033;0.00029;0.00008;0.00006;0.00003;0.00002;0.00073;0.00001;0.00004;0.00004;0.00021;0.00002;0.00005;0.00000;0.00002;0.00002;0.00003;0.00023;0.00005;0.00025;0.00047;0.00024;0.00003;0.00138;0.00003;0.00002;0.00001;0.00049;0.00039;0.00035;0.00015;0.00018;0.00029;0.00006;0.00008;0.00010;0.00009;0.00039;0.00001;0.00006;0.00000;0.00006;0.00003;0.00002;0.00001;0.00004;0.00017;0.00005;0.00008;0.00003;0.00000;0.00000;0.00000;0.00000;0.00011;0.00023;0.00001;0.00001;0.00005;0.00003;0.00003;0.00003;0.00002;0.00000;0.00001;0.00001;0.00000;0.00000;0.00001;0.00000;0.00000;0.00007;0.00002;0.00006;0.00001;0.00001;0.00004;0.00008;0.00030;0.00019;0.00007;0.00026;0.00015;0.00016;0.00010;0.00003;0.00003;0.00002;0.00006;0.00006;0.00000;0.00000;0.00002;0.00035;0.00046;0.00011;0.00001;0.00002;0.00006;0.00002;0.00001;0.00000;0.00001;0.00001;0.00003;0.00010;0.00006;0.00002;0.00023;0.00032;0.00007;0.00004;0.00003;0.00005;0.00005;0.00041;0.00013;0.00001;0.00002;0.00016;0.00002;0.00000;0.00001;0.00002;0.00004;0.00009;0.00004;0.00012;0.00003;0.00005;0.00007;0.00004;0.00004;0.00000;0.00017;0.00001;0.00001;0.00000;0.00000;0.00000;0.00002;0.00001;0.00002;0.00004;0.00004;0.00001;0.00001;0.00001;0.00001;0.00001;0.00001;0.00002;0.00001;0.00002;0.00042;0.00029;0.00006;0.00004;0.00003;0.00000;0.00001;0.00003;0.00000;0.00012;0.00017;0.00000;0.00000;0.00000;0.00000;0.00000;0.00011;0.00045;0.00000;0.00002;0.00003;0.00008;0.00003;0.00000;0.00001;0.00006;0.00001;0.00002;0.00005;0.00005;0.00008;0.00000;0.00000;0.00100;0.00000;0.00001;0.00001;0.00005;0.00006;0.00002;0.00005;0.00008;0.00007;0.00002;0.00001;0.00001;0.00013;0.00013;0.00003;0.00051;0.00097;0.00002;0.00018;0.00028;0.00028;0.00012;0.00011;0.00146;0.00016;0.00024;0.00005;0.00037;0.00016;0.00004;0.00002;0.00066;0.00006;0.00009;0.00063;0.00000;0.00014;0.00011;0.00004;0.00001;0.00012;0.00002;0.00018;0.00000;0.00000;0.00000;0.00000;0.00001;0.00073;0.00007;0.00008;0.00000;0.00000;0.00046;0.00001;0.00001;0.00003;0.00002;0.00001;0.00000;0.00004;0.00001;0.00002;0.00002;0.00001;0.00001;0.00039;0.00002;0.00079;0.00003;0.00005;0.00009;0.00005;0.00006;0.00001;0.00001;0.00001;0.00013;0.00006;0.00000;0.00000;0.00006;0.00001;0.00000;0.00001;0.00004;0.00000;0.00009;0.00018;0.00114;0.00003;0.00001;0.00000;0.00001;0.00000;0.00159;0.00000;0.00001;0.00010;0.00001;0.00001;0.00005;0.00000;0.00000;0.00002;0.00007;0.00008;0.00003;0.00001;0.00000;0.00000
2020-01-05 00:00;0.00001;0.00005;0.00000;0.00002;0.00000;0.00000;0.00000;0.00001;0.00000;0.00000;0.00006;0.00000;0.00005;0.00000;0.00000;0.00000;0.00004;0.00003;0.00001;0.00001;0.00000;0.00000;0.00000;0.00001;0.00001;0.00010;0.00000;0.00000;0.00000;0.00001;0.00003;0.00000;0.00007;0.00000;0.00001;0.00001;0.00000;0.00001;0.00000;0.00001;0.00004;0.00004;0.00000;0.00001;0.00000;0.00000;0.00000;0.00000;0.00004;0.00000;0.00000;0.00000;0.00000;0.00001;0.00000;0.00002;0.00000;0.00002;0.00000;0.00000;0.00000;0.00000;0.00000;0.00004;0.00000;0.00000;0.00000;0.00000;0.00000;0.00021;0.00000;0.00000;0.00000;0.00000;0.00005;0.00000;0.00000;0.00001;0.00001;0.00003;0.00000;0.00000;0.00001;0.00005;0.00003;0.00000;0.00002;0.00002;0.00000;0.00000;0.00000;0.00000;0.00005;0.00006;0.00000;0.00000;0.00004;0.00001;0.00008;0.00073;0.00534;0.00060;0.00001;0.00000;0.00001;0.00000;0.00001;0.00088;0.00002;0.00001;0.00001;0.00001;0.00001;0.00002;0.00001;0.00001;0.00000;0.00000;0.00001;0.00001;0.00001;0.00000;0.00001;0.00000;0.00000;0.00002;0.00001;0.00002;0.00000;0.00000;0.00001;0.00004;0.00000;0.00000;0.00002;0.00001;0.00003;0.00001;0.00001;0.00000;0.00001;0.00000;0.00000;0.00007;0.00001;0.00001;0.00004;0.00002;0.00001;0.00003;0.00024;0.00003;0.00007;0.00001;0.00002;0.00001;0.00001;0.00133;0.00000;0.00000;0.00001;0.00000;0.00032;0.00174;0.00021;0.00006;0.00004;0.00001;0.00001;0.00024;0.00018;0.00016;0.00027;0.00013;0.00002;0.00028;0.00000;0.00014;0.00037;0.00003;0.00029;0.00018;0.00000;0.00035;0.00033;0.00002;0.00003;0.00001;0.00004;0.00033;0.00059;0.00036;0.00024;0.00043;0.00000;0.00000;0.00050;0.00027;0.00006;0.00006;0.00003;0.00002;0.00065;0.00001;0.00006;0.00004;0.00021;0.00002;0.00005;0.00000;0.00002;0.00002;0.00003;0.00022;0.00005;0.00025;0.00035;0.00024;0.00003;0.00068;0.00003;0.00002;0.00001;0.00044;0.00044;0.00043;0.00013;0.00017;0.00027;0.00006;0.00010;0.00008;0.00009;0.00013;0.00001;0.00005;0.00000;0.00005;0.00007;0.00002;0.00002;0.00004;0.00010;0.00005;0.00009;0.00003;0.00000;0.00000;0.00000;0.00000;0.00007;0.00022;0.00001;0.00001;0.00005;0.00003;0.00001;0.00003;0.00002;0.00000;0.00002;0.00002;0.00000;0.00000;0.00001;0.00000;0.00000;0.00011;0.00002;0.00009;0.00001;0.00001;0.00008;0.00007;0.00023;0.00017;0.00007;0.00026;0.00016;0.00015;0.00009;0.00003;0.00003;0.00002;0.00011;0.00009;0.00000;0.00000;0.00002;0.00049;0.00025;0.00007;0.00001;0.00002;0.00011;0.00002;0.00001;0.00000;0.00001;0.00001;0.00002;0.00010;0.00003;0.00002;0.00015;0.00016;0.00006;0.00004;0.00003;0.00003;0.00004;0.00038;0.00012;0.00001;0.00002;0.00008;0.00002;0.00000;0.00003;0.00001;0.00004;0.00018;0.00004;0.00015;0.00003;0.00004;0.00018;0.00004;0.00004;0.00000;0.00012;0.00001;0.00001;0.00000;0.00000;0.00000;0.00001;0.00001;0.00002;0.00004;0.00007;0.00001;0.00001;0.00001;0.00001;0.00001;0.00001;0.00002;0.00001;0.00001;0.00045;0.00029;0.00003;0.00004;0.00003;0.00000;0.00001;0.00001;0.00000;0.00012;0.00017;0.00000;0.00000;0.00000;0.00000;0.00001;0.00020;0.00019;0.00000;0.00002;0.00002;0.00008;0.00003;0.00000;0.00003;0.00002;0.00001;0.00002;0.00003;0.00005;0.00008;0.00000;0.00001;0.00056;0.00002;0.00002;0.00002;0.00005;0.00007;0.00007;0.00004;0.00007;0.00004;0.00002;0.00001;0.00001;0.00013;0.00013;0.00003;0.00049;0.00098;0.00002;0.00018;0.00036;0.00012;0.00022;0.00010;0.00052;0.00014;0.00028;0.00004;0.00033;0.00022;0.00004;0.00005;0.00058;0.00006;0.00010;0.00045;0.00000;0.00013;0.00006;0.00004;0.00001;0.00003;0.00002;0.00018;0.00000;0.00000;0.00000;0.00000;0.00001;0.00073;0.00007;0.00008;0.00000;0.00000;0.00046;0.00001;0.00001;0.00003;0.00002;0.00001;0.00000;0.00004;0.00001;0.00002;0.00002;0.00001;0.00001;0.00039;0.00002;0.00071;0.00003;0.00005;0.00009;0.00005;0.00006;0.00001;0.00001;0.00001;0.00013;0.00006;0.00000;0.00000;0.00006;0.00001;0.00000;0.00001;0.00004;0.00000;0.00009;0.00018;0.00111;0.00003;0.00001;0.00000;0.00001;0.00000;0.00187;0.00000;0.00001;0.00010;0.00001;0.00001;0.00007;0.00000;0.00000;0.00002;0.00009;0.00008;0.00003;0.00001;0.00000;0.00000
2020-01-06 00:00;0.00001;0.00005;0.00000;0.00002;0.00000;0.00000;0.00000;0.00001;0.00000;0.00000;0.00003;0.00000;0.00005;0.00000;0.00000;0.00000;0.00004;0.00003;0.00001;0.00001;0.00000;0.00000;0.00000;0.00001;0.00001;0.00005;0.00000;0.00000;0.00000;0.00001;0.00004;0.00000;0.00007;0.00000;0.00001;0.00001;0.00000;0.00001;0.00000;0.00001;0.00004;0.00004;0.00000;0.00001;0.00000;0.00000;0.00000;0.00000;0.00004;0.00000;0.00000;0.00000;0.00000;0.00001;0.00000;0.00002;0.00000;0.00002;0.00000;0.00000;0.00000;0.00000;0.00000;0.00004;0.00000;0.00000;0.00000;0.00000;0.00000;0.00016;0.00000;0.00000;0.00000;0.00000;0.00005;0.00000;0.00000;0.00001;0.00001;0.00003;0.00000;0.00000;0.00001;0.00005;0.00003;0.00000;0.00002;0.00002;0.00000;0.00000;0.00000;0.00000;0.00005;0.00006;0.00000;0.00000;0.00004;0.00001;0.00008;0.00092;0.00532;0.00071;0.00001;0.00000;0.00001;0.00000;0.00001;0.00086;0.00002;0.00001;0.00001;0.00001;0.00001;0.00002;0.00001;0.00001;0.00000;0.00000;0.00001;0.00001;0.00001;0.00000;0.00001;0.00000;0.00000;0.00002;0.00001;0.00002;0.00000;0.00000;0.00001;0.00004;0.00000;0.00000;0.00002;0.00001;0.00003;0.00001;0.00001;0.00000;0.00001;0.00000;0.00000;0.00007;0.00001;0.00001;0.00004;0.00002;0.00001;0.00003;0.00024;0.00003;0.00007;0.00001;0.00002;0.00001;0.00001;0.00120;0.00000;0.00000;0.00001;0.00000;0.00031;0.00165;0.00020;0.00006;0.00004;0.00001;0.00001;0.00023;0.00018;0.00020;0.00018;0.00008;0.00002;0.00026;0.00000;0.00012;0.00035;0.00003;0.00033;0.00016;0.00001;0.00040;0.00032;0.00002;0.00003;0.00001;0.00005;0.00015;0.00069;0.00036;0.00026;0.00036;0.00000;0.00000;0.00038;0.00029;0.00008;0.00006;0.00003;0.00002;0.00072;0.00001;0.00004;0.00003;0.00021;0.00002;0.00005;0.00000;0.00002;0.00002;0.00003;0.00022;0.00005;0.00025;0.00047;0.00023;0.00003;0.00089;0.00003;0.00002;0.00001;0.00046;0.00039;0.00034;0.00016;0.00018;0.00029;0.00006;0.00009;0.00010;0.00009;0.00023;0.00001;0.00006;0.00000;0.00006;0.00003;0.00002;0.00002;0.00004;0.00017;0.00005;0.00008;0.00003;0.00000;0.00000;0.00000;0.00000;0.00011;0.00023;0.00001;0.00001;0.00005;0.00003;0.00003;0.00003;0.00002;0.00000;0.00001;0.00001;0.00000;0.00000;0.00001;0.00000;0.00000;0.00007;0.00002;0.00006;0.00001;0.00001;0.00004;0.00006;0.00030;0.00019;0.00007;0.00026;0.00015;0.00016;0.00010;0.00003;0.00003;0.00002;0.00006;0.00006;0.00000;0.00000;0.00002;0.00035;0.00047;0.00011;0.00001;0.00002;0.00006;0.00001;0.00001;0.00000;0.00001;0.00001;0.00003;0.00010;0.00006;0.00002;0.00023;0.00033;0.00007;0.00004;0.00003;0.00005;0.00005;0.00041;0.00013;0.00001;0.00002;0.00016;0.00002;0.00000;0.00001;0.00002;0.00004;0.00010;0.00005;0.00012;0.00003;0.00005;0.00008;0.00004;0.00004;0.00000;0.00008;0.00001;0.00001;0.00000;0.00000;0.00000;0.00002;0.00001;0.00002;0.00004;0.00005;0.00001;0.00001;0.00001;0.00001;0.00001;0.00001;0.00002;0.00001;0.00003;0.00034;0.00029;0.00006;0.00004;0.00003;0.00000;0.00001;0.00003;0.00000;0.00012;0.00017;0.00000;0.00000;0.00000;0.00000;0.00000;0.00007;0.00047;0.00000;0.00002;0.00003;0.00008;0.00003;0.00000;0.00001;0.00007;0.00001;0.00002;0.00002;0.00005;0.00008;0.00000;0.00000;0.00104;0.00000;0.00001;0.00000;0.00005;0.00006;0.00003;0.00005;0.00008;0.00007;0.00002;0.00001;0.00001;0.00012;0.00013;0.00003;0.00048;0.00097;0.00002;0.00018;0.00030;0.00029;0.00013;0.00011;0.00050;0.00016;0.00020;0.00005;0.00037;0.00016;0.00004;0.00002;0.00066;0.00006;0.00009;0.00028;0.00000;0.00012;0.00008;0.00005;0.00001;0.00007;0.00002;0.00018;0.00000;0.00000;0.00000;0.00000;0.00001;0.00073;0.00007;0.00008;0.00000;0.00000;0.00046;0.00001;0.00001;0.00003;0.00002;0.00001;0.00000;0.00004;0.00001;0.00002;0.00002;0.00001;0.00001;0.00039;0.00002;0.00063;0.00003;0.00005;0.00009;0.00005;0.00006;0.00001;0.00001;0.00001;0.00013;0.00006;0.00000;0.00000;0.00006;0.00001;0.00000;0.00001;0.00004;0.00000;0.00009;0.00018;0.00108;0.00003;0.00001;0.00000;0.00001;0.00000;0.00144;0.00000;0.00001;0.00005;0.00001;0.00001;0.00007;0.00000;0.00000;0.00002;0.00007;0.00008;0.00003;0.00001;0.00000;0.00000
2020-01-07 00:00;0.00001;0.00005;0.00000;0.00002;0.00000;0.00000;0.00000;0.00001;0.00000;0.00000;0.00004;0.00000;0.00005;0.00000;0.00000;0.00000;0.00004;0.00003;0.00001;0.00001;0.00000;0.00000;0.00000;0.00001;0.00001;0.00004;0.00000;0.00000;0.00000;0.00001;0.00003;0.00000;0.00007;0.00000;0.00001;0.00001;0.00000;0.00001;0.00000;0.00001;0.00004;0.00004;0.00000;0.00001;0.00000;0.00000;0.00000;0.00000;0.00004;0.00000;0.00000;0.00000;0.00000;0.00001;0.00000;0.00002;0.00000;0.00002;0.00000;0.00000;0.00000;0.00000;0.00000;0.00004;0.00000;0.00000;0.00000;0.00000;0.00000;0.00013;0.00000;0.00000;0.00000;0.00000;0.00005;0.00000;0.00000;0.00001;0.00001;0.00003;0.00000;0.00000;0.00001;0.00005;0.00003;0.00000;0.00002;0.00002;0.00000;0.00000;0.00000;0.00000;0.00005;0.00006;0.00000;0.00000;0.00004;0.00001;0.00007;0.00099;0.00535;0.00087;0.00001;0.00000;0.00001;0.00000;0.00001;0.00086;0.00002;0.00001;0.00001;0.00001;0.00001;0.00002;0.00001;0.00001;0.00000;0.00000;0.00001;0.00001;0.00001;0.00000;0.00001;0.00000;0.00000;0.00002;0.00001;0.00002;0.00000;0.00000;0.00001;0.00004;0.00000;0.00000;0.00002;0.00001;0.00003;0.00001;0.00001;0.00000;0.00001;0.00000;0.00000;0.00007;0.00001;0.00001;0.00004;0.00002;0.00001;0.00003;0.00024;0.00003;0.00007;0.00001;0.00002;0.00001;0.00001;0.00117;0.00000;0.00000;0.00001;0.00000;0.00031;0.00161;0.00020;0.00006;0.00004;0.00001;0.00001;0.00023;0.00018;0.00016;0.00031;0.00013;0.00002;0.00026;0.00000;0.00010;0.00035;0.00003;0.00029;0.00018;0.00000;0.00035;0.00032;0.00002;0.00003;0.00001;0.00004;0.00026;0.00060;0.00032;0.00024;0.00043;0.00000;0.00000;0.00050;0.00027;0.00006;0.00006;0.00003;0.00002;0.00065;0.00001;0.00006;0.00003;0.00021;0.00002;0.00005;0.00000;0.00002;0.00002;0.00003;0.00022;0.00005;0.00025;0.00035;0.00023;0.00003;0.00076;0.00003;0.00002;0.00001;0.00044;0.00044;0.00043;0.00013;0.00017;0.00027;0.00006;0.00010;0.00008;0.00009;0.00015;0.00001;0.00005;0.00000;0.00005;0.00007;0.00002;0.00002;0.00004;0.00010;0.00005;0.00009;0.00003;0.00000;0.00000;0.00000;0.00000;0.00008;0.00022;0.00001;0.00001;0.00005;0.00003;0.00001;0.00003;0.00002;0.00000;0.00002;0.00002;0.00000;0.00000;0.00001;0.00000;0.00000;0.00011;0.00002;0.00009;0.00001;0.00001;0.00008;0.00005;0.00023;0.00017;0.00007;0.00026;0.00016;0.00015;0.00009;0.00003;0.00003;0.00002;0.00010;0.00008;0.00000;0.00000;0.00002;0.00048;0.00026;0.00007;0.00001;0.00002;0.00010;0.00001;0.00001;0.00000;0.00001;0.00001;0.00002;0.00010;0.00003;0.00002;0.00015;0.00016;0.00006;0.00004;0.00003;0.00003;0.00004;0.00038;0.00012;0.00001;0.00002;0.00009;0.00002;0.00000;0.00002;0.00001;0.00004;0.00017;0.00004;0.00015;0.00003;0.00004;0.00017;0.00004;0.00004;0.00000;0.00003;0.00001;0.00001;0.00000;0.00000;0.00000;0.00001;0.00001;0.00002;0.00004;0.00007;0.00001;0.00001;0.00001;0.00001;0.00001;0.00001;0.00002;0.00001;0.00001;0.00045;0.00029;0.00003;0.00004;0.00003;0.00000;0.00001;0.00001;0.00000;0.00012;0.00017;0.00000;0.00000;0.00000;0.00000;0.00001;0.00021;0.00020;0.00000;0.00002;0.00002;0.00008;0.00003;0.00000;0.00003;0.00002;0.00001;0.00002;0.00004;0.00005;0.00008;0.00000;0.00000;0.00058;0.00002;0.00002;0.00002;0.00005;0.00007;0.00006;0.00004;0.00007;0.00005;0.00002;0.00001;0.00001;0.00012;0.00013;0.00003;0.00046;0.00098;0.00002;0.00018;0.00036;0.00012;0.00021;0.00010;0.00037;0.00014;0.00029;0.00004;0.00033;0.00022;0.00004;0.00005;0.00059;0.00006;0.00010;0.00014;0.00000;0.00012;0.00006;0.00004;0.00001;0.00003;0.00002;0.00018;0.00000;0.00000;0.00000;0.00000;0.00001;0.00073;0.00007;0.00008;0.00000;0.00000;0.00046;0.00001;0.00001;0.00003;0.00002;0.00001;0.00000;0.00004;0.00001;0.00002;0.00002;0.00001;0.00001;0.00039;0.00002;0.00058;0.00003;0.00005;0.00009;0.00005;0.00006;0.00001;0.00001;0.00001;0.00013;0.00006;0.00000;0.00000;0.00006;0.00001;0.00000;0.00001;0.00004;0.00000;0.00009;0.00018;0.00107;0.00003;0.00001;0.00000;0.00001;0.00000;0.00092;0.00000;0.00001;0.00004;0.00001;0.00001;0.00008;0.00000;0.00000;0.00002;0.00004;0.00008;0.00003;0.00001;0.00000;0.00000
2020-01-08 00:00;0.00001;0.00005;0.00000;0.00002;0.00000;0.00000;0.00000;0.00001;0.00000;0.00000;0.00003;0.00000;0.00005;0.00000;0.00000;0.00000;0.00004;0.00003;0.00001;0.00001;0.00000;0.00000;0.00000;0.00001;0.00001;0.00003;0.00000;0.00000;0.00000;0.00001;0.00004;0.00000;0.00007;0.00000;0.00001;0.00001;0.00000;0.00001;0.00000;0.00001;0.00004;0.00004;0.00000;0.00001;0.00000;0.00000;0.00000;0.00000;0.00004;0.00000;0.00000;0.00000;0.00000;0.00001;0.00000;0.00002;0.00000;0.00002;0.00000;0.00000;0.00000;0.00000;0.00000;0.00004;0.00000;0.00000;0.00000;0.00000;0.00000;0.00014;0.00000;0.00000;0.00000;0.00000;0.00005;0.00000;0.00000;0.00001;0.00001;0.00003;0.00000;0.00000;0.00001;0.00005;0.00003;0.00000;0.00002;0.00002;0.00000;0.00000;0.00000;0.00000;0.00005;0.00006;0.00000;0.00000;0.00004;0.00001;0.00008;0.00095;0.00526;0.00087;0.00001;0.00000;0.00001;0.00000;0.00001;0.00086;0.00002;0.00001;0.00001;0.00001;0.00001;0.00002;0.00001;0.00001;0.00000;0.00000;0.00001;0.00001;0.00001;0.00000;0.00001;0.00000;0.00000;0.00002;0.00001;0.00002;0.00000;0.00000;0.00001;0.00004;0.00000;0.00000;0.00002;0.00001;0.00003;0.00001;0.00001;0.00000;0.00001;0.00000;0.00000;0.00007;0.00001;0.00001;0.00004;0.00002;0.00001;0.00003;0.00024;0.00003;0.00007;0.00001;0.00002;0.00001;0.00001;0.00113;0.00000;0.00000;0.00001;0.00000;0.00030;0.00155;0.00020;0.00006;0.00004;0.00001;0.00001;0.00022;0.00018;0.00021;0.00020;0.00008;0.00002;0.00024;0.00000;0.00010;0.00033;0.00003;0.00033;0.00016;0.00001;0.00040;0.00031;0.00002;0.00003;0.00001;0.00005;0.00017;0.00069;0.00038;0.00026;0.00036;0.00000;0.00000;0.00038;0.00029;0.00008;0.00006;0.00003;0.00002;0.00073;0.00001;0.00004;0.00003;0.00021;0.00002;0.00005;0.00000;0.00002;0.00002;0.00003;0.00022;0.00005;0.00025;0.00048;0.00023;0.00003;0.00091;0.00003;0.00002;0.00001;0.00046;0.00039;0.00034;0.00016;0.00018;0.00029;0.00006;0.00009;0.00010;0.00009;0.00023;0.00001;0.00006;0.00000;0.00006;0.00003;0.00002;0.00001;0.00004;0.00018;0.00005;0.00008;0.00003;0.00000;0.00000;0.00000;0.00000;0.00011;0.00023;0.00001;0.00001;0.00005;0.00003;0.00003;0.00003;0.00002;0.00000;0.00001;0.00001;0.00000;0.00000;0.00001;0.00000;0.00000;0.00007;0.00002;0.00006;0.00001;0.00001;0.00004;0.00004;0.00030;0.00019;0.00007;0.00026;0.00015;0.00016;0.00010;0.00003;0.00003;0.00002;0.00006;0.00006;0.00000;0.00000;0.00002;0.00034;0.00048;0.00011;0.00001;0.00002;0.00006;0.00001;0.00001;0.00000;0.00001;0.00001;0.00003;0.00010;0.00006;0.00002;0.00024;0.00034;0.00007;0.00004;0.00003;0.00005;0.00005;0.00041;0.00013;0.00001;0.00002;0.00016;0.00002;0.00000;0.00001;0.00002;0.00004;0.00010;0.00005;0.00012;0.00003;0.00005;0.00008;0.00004;0.00004;0.00000;0.00007;0.00001;0.00001;0.00000;0.00000;0.00000;0.00002;0.00001;0.00002;0.00004;0.00005;0.00001;0.00001;0.00001;0.00001;0.00001;0.00001;0.00002;0.00001;0.00003;0.00034;0.00029;0.00006;0.00004;0.00003;0.00000;0.00001;0.00003;0.00000;0.00013;0.00017;0.00000;0.00000;0.00000;0.00000;0.00000;0.00008;0.00048;0.00000;0.00002;0.00003;0.00008;0.00003;0.00000;0.00001;0.00007;0.00001;0.00002;0.00002;0.00005;0.00008;0.00000;0.00000;0.00106;0.00000;0.00001;0.00001;0.00005;0.00006;0.00003;0.00005;0.00008;0.00008;0.00002;0.00001;0.00001;0.00012;0.00013;0.00003;0.00046;0.00097;0.00002;0.00018;0.00030;0.00029;0.00012;0.00011;0.00049;0.00016;0.00020;0.00005;0.00037;0.00016;0.00004;0.00002;0.00066;0.00006;0.00009;0.00022;0.00000;0.00012;0.00008;0.00005;0.00001;0.00006;0.00002;0.00018;0.00000;0.00000;0.00000;0.00000;0.00001;0.00073;0.00007;0.00008;0.00000;0.00000;0.00046;0.00001;0.00001;0.00003;0.00002;0.00001;0.00000;0.00004;0.00001;0.00002;0.00002;0.00001;0.00001;0.00039;0.00002;0.00053;0.00003;0.00005;0.00009;0.00005;0.00006;0.00001;0.00001;0.00001;0.00013;0.00006;0.00000;0.00000;0.00006;0.00001;0.00000;0.00001;0.00004;0.00000;0.00009;0.00018;0.00107;0.00003;0.00001;0.00000;0.00001;0.00000;0.00099;0.00000;0.00001;0.00002;0.00001;0.00001;0.00008;0.00000;0.00000;0.00002;0.00005;0.00008;0.00003;0.00001;0.00000;0.00000
2020-01-09 00:00;0.00001;0.00005;0.00000;0.00002;0.00000;0.00000;0.00000;0.00001;0.00000;0.00000;0.00004;0.00000;0.00005;0.00000;0.00000;0.00000;0.00004;0.00003;0.00001;0.00001;0.00000;0.00000;0.00000;0.00001;0.00001;0.00005;0.00000;0.00000;0.00000;0.00001;0.00003;0.00000;0.00007;0.00000;0.00001;0.00001;0.00000;0.00001;0.00000;0.00001;0.00004;0.00004;0.00000;0.00001;0.00000;0.00000;0.00000;0.00000;0.00004;0.00000;0.00000;0.00000;0.00000;0.00001;0.00000;0.00002;0.00000;0.00002;0.00000;0.00000;0.00000;0.00000;0.00000;0.00004;0.00000;0.00000;0.00000;0.00000;0.00000;0.00013;0.00000;0.00000;0.00000;0.00000;0.00005;0.00000;0.00000;0.00001;0.00001;0.00003;0.00000;0.00000;0.00001;0.00005;0.00003;0.00000;0.00002;0.00002;0.00000;0.00000;0.00000;0.00000;0.00005;0.00006;0.00000;0.00000;0.00004;0.00001;0.00007;0.00096;0.00524;0.00088;0.00001;0.00000;0.00001;0.00000;0.00001;0.00086;0.00002;0.00001;0.00001;0.00001;0.00001;0.00002;0.00001;0.00001;0.00000;0.00000;0.00001;0.00001;0.00001;0.00000;0.00001;0.00000;0.00000;0.00002;0.00001;0.00002;0.00000;0.00000;0.00001;0.00004;0.00000;0.00000;0.00002;0.00001;0.00003;0.00001;0.00001;0.00000;0.00001;0.00000;0.00000;0.00007;0.00001;0.00001;0.00004;0.00002;0.00001;0.00003;0.00024;0.00003;0.00007;0.00001;0.00002;0.00001;0.00001;0.00115;0.00000;0.00000;0.00001;0.00000;0.00030;0.00153;0.00020;0.00006;0.00004;0.00001;0.00001;0.00023;0.00017;0.00016;0.00031;0.00013;0.00002;0.00025;0.00000;0.00010;0.00035;0.00003;0.00029;0.00018;0.00000;0.00035;0.00030;0.00002;0.00003;0.00001;0.00004;0.00026;0.00060;0.00033;0.00024;0.00043;0.00000;0.00000;0.00050;0.00027;0.00006;0.00006;0.00003;0.00002;0.00065;0.00001;0.00006;0.00003;0.00022;0.00002;0.00005;0.00000;0.00002;0.00002;0.00003;0.00022;0.00005;0.00026;0.00035;0.00023;0.00003;0.00076;0.00003;0.00002;0.00001;0.00045;0.00044;0.00044;0.00013;0.00017;0.00027;0.00006;0.00010;0.00008;0.00009;0.00015;0.00001;0.00005;0.00000;0.00005;0.00007;0.00002;0.00002;0.00004;0.00010;0.00005;0.00009;0.00003;0.00000;0.00000;0.00000;0.00000;0.00008;0.00022;0.00001;0.00001;0.00005;0.00003;0.00001;0.00003;0.00002;0.00000;0.00002;0.00002;0.00000;0.00000;0.00001;0.00000;0.00000;0.00011;0.00002;0.00008;0.00001;0.00001;0.00007;0.00005;0.00023;0.00017;0.00007;0.00026;0.00016;0.00015;0.00009;0.00003;0.00003;0.00002;0.00010;0.00008;0.00000;0.00000;0.00002;0.00047;0.00026;0.00007;0.00001;0.00002;0.00010;0.00001;0.00001;0.00000;0.00001;0.00001;0.00002;0.00010;0.00003;0.00002;0.00015;0.00017;0.00006;0.00004;0.00003;0.00003;0.00004;0.00038;0.00012;0.00001;0.00002;0.00009;0.00002;0.00000;0.00002;0.00001;0.00004;0.00017;0.00004;0.00015;0.00003;0.00004;0.00017;0.00004;0.00004;0.00000;0.00006;0.00001;0.00001;0.00000;0.00000;0.00000;0.00001;0.00001;0.00002;0.00004;0.00007;0.00001;0.00001;0.00001;0.00001;0.00001;0.00001;0.00002;0.00001;0.00001;0.00046;0.00029;0.00003;0.00004;0.00003;0.00000;0.00001;0.00001;0.00000;0.00012;0.00017;0.00000;0.00000;0.00000;0.00000;0.00001;0.00022;0.00021;0.00000;0.00002;0.00002;0.00008;0.00003;0.00000;0.00003;0.00002;0.00001;0.00002;0.00004;0.00005;0.00008;0.00000;0.00000;0.00059;0.00002;0.00002;0.00002;0.00005;0.00007;0.00006;0.00004;0.00007;0.00005;0.00002;0.00001;0.00001;0.00012;0.00013;0.00003;0.00046;0.00098;0.00002;0.00018;0.00036;0.00012;0.00021;0.00010;0.00037;0.00014;0.00029;0.00004;0.00033;0.00022;0.00004;0.00005;0.00059;0.00006;0.00010;0.00020;0.00000;0.00012;0.00006;0.00004;0.00001;0.00005;0.00002;0.00018;0.00000;0.00000;0.00000;0.00000;0.00001;0.00073;0.00007;0.00008;0.00000;0.00000;0.00046;0.00001;0.00001;0.00003;0.00002;0.00001;0.00000;0.00004;0.00001;0.00002;0.00002;0.00001;0.00001;0.00039;0.00002;0.00049;0.00003;0.00005;0.00009;0.00005;0.00006;0.00001;0.00001;0.00001;0.00013;0.00006;0.00000;0.00000;0.00006;0.00001;0.00000;0.00001;0.00004;0.00000;0.00009;0.00018;0.00107;0.00003;0.00001;0.00000;0.00001;0.00000;0.00091;0.00000;0.00001;0.00005;0.00001;0.00001;0.00008;0.00000;0.00000;0.00002;0.00004;0.00008;0.00003;0.00001;0.00000;0.00000
2020-01-10 00:00;0.00001;0.00005;0.00000;0.00002;0.00000;0.00000;0.00000;0.00001;0.00000;0.00000;0.00003;0.00000;0.00005;0.00000;0.00000;0.00000;0.00004;0.00003;0.00001;0.00001;0.00000;0.00000;0.00000;0.00001;0.00001;0.00003;0.00000;0.00000;0.00000;0.00001;0.00003;0.00000;0.00007;0.00000;0.00001;0.00001;0.00000;0.00001;0.00000;0.00001;0.00004;0.00004;0.00000;0.00001;0.00000;0.00000;0.00000;0.00000;0.00004;0.00000;0.00000;0.00000;0.00000;0.00001;0.00000;0.00002;0.00000;0.00002;0.00000;0.00000;0.00000;0.00000;0.00000;0.00004;0.00000;0.00000;0.00000;0.00000;0.00000;0.00014;0.00000;0.00000;0.00000;0.00000;0.00005;0.00000;0.00000;0.00001;0.00001;0.00003;0.00000;0.00000;0.00001;0.00005;0.00003;0.00000;0.00002;0.00002;0.00000;0.00000;0.00000;0.00000;0.00005;0.00006;0.00000;0.00000;0.00004;0.00001;0.00008;0.00092;0.00525;0.00085;0.00001;0.00000;0.00001;0.00000;0.00001;0.00086;0.00002;0.00001;0.00001;0.00001;0.00001;0.00002;0.00001;0.00001;0.00000;0.00000;0.00001;0.00001;0.00001;0.00000;0.00001;0.00000;0.00000;0.00002;0.00001;0.00002;0.00000;0.00000;0.00001;0.00004;0.00000;0.00000;0.00002;0.00001;0.00003;0.00001;0.00001;0.00000;0.00001;0.00000;0.00000;0.00007;0.00001;0.00001;0.00004;0.00002;0.00001;0.00003;0.00024;0.00003;0.00007;0.00001;0.00002;0.00001;0.00001;0.00115;0.00000;0.00000;0.00001;0.00000;0.00029;0.00150;0.00019;0.00006;0.00004;0.00001;0.00001;0.00022;0.00017;0.00020;0.00020;0.00008;0.00002;0.00024;0.00000;0.00009;0.00033;0.00003;0.00032;0.00016;0.00001;0.00040;0.00030;0.00002;0.00003;0.00001;0.00005;0.00018;0.00067;0.00037;0.00026;0.00036;0.00000;0.00000;0.00037;0.00029;0.00008;0.00006;0.00003;0.00002;0.00071;0.00001;0.00004;0.00003;0.00022;0.00002;0.00005;0.00000;0.00002;0.00002;0.00003;0.00022;0.00005;0.00026;0.00046;0.00023;0.00003;0.00089;0.00003;0.00002;0.00001;0.00045;0.00039;0.00034;0.00015;0.00018;0.00029;0.00006;0.00009;0.00010;0.00009;0.00022;0.00001;0.00005;0.00000;0.00006;0.00003;0.00002;0.00001;0.00004;0.00016;0.00005;0.00008;0.00003;0.00000;0.00000;0.00000;0.00000;0.00010;0.00023;0.00001;0.00001;0.00005;0.00003;0.00003;0.00003;0.00002;0.00000;0.00001;0.00001;0.00000;0.00000;0.00001;0.00000;0.00000;0.00007;0.00002;0.00006;0.00001;0.00001;0.00004;0.00004;0.00028;0.00019;0.00007;0.00026;0.00015;0.00015;0.00010;0.00003;0.00003;0.00002;0.00006;0.00006;0.00000;0.00000;0.00002;0.00033;0.00043;0.00010;0.00001;0.00002;0.00006;0.00000;0.00001;0.00000;0.00001;0.00001;0.00003;0.00010;0.00005;0.00002;0.00022;0.00031;0.00006;0.00004;0.00003;0.00005;0.00005;0.00040;0.00013;0.00001;0.00002;0.00015;0.00002;0.00000;0.00001;0.00002;0.00004;0.00009;0.00004;0.00012;0.00003;0.00005;0.00007;0.00004;0.00004;0.00000;0.00005;0.00001;0.00001;0.00000;0.00000;0.00000;0.00002;0.00001;0.00002;0.00004;0.00004;0.00001;0.00001;0.00001;0.00001;0.00001;0.00001;0.00002;0.00001;0.00002;0.00034;0.00029;0.00006;0.00004;0.00003;0.00000;0.00001;0.00003;0.00000;0.00012;0.00017;0.00000;0.00000;0.00000;0.00000;0.00000;0.00008;0.00042;0.00000;0.00002;0.00003;0.00008;0.00003;0.00000;0.00001;0.00006;0.00001;0.00002;0.00002;0.00005;0.00008;0.00000;0.00000;0.00095;0.00000;0.00001;0.00001;0.00005;0.00006;0.00002;0.00005;0.00008;0.00007;0.00002;0.00001;0.00001;0.00012;0.00013;0.00003;0.00046;0.00097;0.00002;0.00018;0.00030;0.00027;0.00012;0.00011;0.00047;0.00016;0.00020;0.00005;0.00037;0.00016;0.00004;0.00002;0.00065;0.00006;0.00009;0.00021;0.00000;0.00011;0.00008;0.00004;0.00001;0.00005;0.00002;0.00018;0.00000;0.00000;0.00000;0.00000;0.00001;0.00073;0.00007;0.00008;0.00000;0.00000;0.00046;0.00001;0.00001;0.00003;0.00002;0.00001;0.00000;0.00004;0.00001;0.00002;0.00002;0.00001;0.00001;0.00039;0.00002;0.00045;0.00003;0.00005;0.00009;0.00005;0.00006;0.00001;0.00001;0.00001;0.00013;0.00006;0.00000;0.00000;0.00006;0.00001;0.00000;0.00001;0.00004;0.00000;0.00009;0.00018;0.00107;0.00003;0.00001;0.00000;0.00001;0.00000;0.00097;0.00000;0.00001;0.00003;0.00001;0.00001;0.00008;0.00000;0.00000;0.00002;0.00005;0.00008;0.00003;0.00001;0.00000;0.00000
2020-01-11 00:00;0.00001;0.00003;0.00000;0.00002;0.00000;0.00000;0.00000;0.00001;0.00000;0.00000;0.00003;0.00000;0.00005;0.00000;0.00000;0.00000;0.00003;0.00003;0.00001;0.00001;0.00000;0.00000;0.00000;0.00001;0.00001;0.00003;0.00000;0.00000;0.00000;0.00001;0.00002;0.00000;0.00007;0.00000;0.00001;0.00001;0.00000;0.00001;0.00000;0.00001;0.00004;0.00004;0.00000;0.00001;0.00000;0.00000;0.00000;0.00000;0.00004;0.00000;0.00000;0.00000;0.00000;0.00001;0.00000;0.00002;0.00000;0.00002;0.00000;0.00000;0.00000;0.00000;0.00000;0.00004;0.00000;0.00000;0.00000;0.00000;0.00000;0.00013;0.00000;0.00000;0.00000;0.00000;0.00005;0.00000;0.00000;0.00001;0.00001;0.00003;0.00000;0.00000;0.00001;0.00005;0.00003;0.00000;0.00002;0.00002;0.00000;0.00000;0.00000;0.00000;0.00005;0.00006;0.00000;0.00000;0.00004;0.00001;0.00007;0.00025;0.00458;0.00051;0.00001;0.00000;0.00001;0.00000;0.00001;0.00083;0.00002;0.00001;0.00001;0.00001;0.00001;0.00002;0.00001;0.00001;0.00000;0.00000;0.00001;0.00001;0.00001;0.00000;0.00001;0.00000;0.00000;0.00002;0.00001;0.00002;0.00000;0.00000;0.00001;0.00004;0.00000;0.00000;0.00002;0.00001;0.00003;0.00001;0.00001;0.00000;0.00001;0.00000;0.00000;0.00007;0.00001;0.00001;0.00004;0.00002;0.00001;0.00003;0.00024;0.00003;0.00007;0.00001;0.00002;0.00001;0.00001;0.00077;0.00000;0.00000;0.00001;0.00000;0.00025;0.00093;0.00014;0.00006;0.00004;0.00001;0.00001;0.00010;0.00017;0.00016;0.00018;0.00018;0.00002;0.00011;0.00000;0.00006;0.00015;0.00001;0.00029;0.00016;0.00000;0.00035;0.00026;0.00002;0.00003;0.00001;0.00004;0.00011;0.00059;0.00033;0.00024;0.00033;0.00000;0.00000;0.00034;0.00027;0.00006;0.00006;0.00003;0.00002;0.00064;0.00001;0.00004;0.00003;0.00019;0.00002;0.00005;0.00000;0.00002;0.00002;0.00003;0.00023;0.00005;0.00023;0.00035;0.00021;0.00002;0.00075;0.00003;0.00002;0.00001;0.00044;0.00038;0.00032;0.00013;0.00017;0.00027;0.00006;0.00009;0.00008;0.00009;0.00014;0.00001;0.00005;0.00000;0.00005;0.00006;0.00002;0.00004;0.00004;0.00010;0.00005;0.00008;0.00003;0.00000;0.00000;0.00000;0.00000;0.00007;0.00023;0.00001;0.00001;0.00005;0.00003;0.00001;0.00003;0.00002;0.00000;0.00004;0.00003;0.00000;0.00000;0.00001;0.00000;0.00000;0.00008;0.00002;0.00010;0.00001;0.00001;0.00009;0.00003;0.00022;0.00017;0.00007;0.00026;0.00017;0.00015;0.00009;0.00003;0.00003;0.00002;0.00018;0.00019;0.00000;0.00000;0.00002;0.00027;0.00024;0.00006;0.00001;0.00002;0.00015;0.00000;0.00001;0.00000;0.00001;0.00001;0.00002;0.00010;0.00003;0.00003;0.00015;0.00015;0.00006;0.00004;0.00003;0.00003;0.00004;0.00038;0.00013;0.00001;0.00002;0.00008;0.00002;0.00000;0.00001;0.00001;0.00004;0.00025;0.00004;0.00012;0.00003;0.00004;0.00021;0.00004;0.00003;0.00000;0.00002;0.00001;0.00001;0.00000;0.00000;0.00000;0.00001;0.00001;0.00002;0.00002;0.00010;0.00001;0.00001;0.00001;0.00001;0.00001;0.00001;0.00002;0.00001;0.00001;0.00031;0.00029;0.00003;0.00004;0.00003;0.00000;0.00001;0.00001;0.00000;0.00012;0.00017;0.00000;0.00001;0.00002;0.00002;0.00007;0.00004;0.00018;0.00001;0.00002;0.00002;0.00008;0.00003;0.00000;0.00008;0.00002;0.00001;0.00002;0.00002;0.00005;0.00008;0.00000;0.00001;0.00053;0.00004;0.00002;0.00001;0.00005;0.00007;0.00009;0.00004;0.00007;0.00004;0.00002;0.00001;0.00001;0.00012;0.00013;0.00003;0.00043;0.00097;0.00002;0.00018;0.00029;0.00011;0.00026;0.00010;0.00036;0.00014;0.00019;0.00004;0.00033;0.00017;0.00004;0.00002;0.00058;0.00006;0.00009;0.00015;0.00000;0.00011;0.00006;0.00004;0.00002;0.00002;0.00002;0.00018;0.00000;0.00000;0.00000;0.00000;0.00001;0.00073;0.00007;0.00008;0.00000;0.00000;0.00046;0.00001;0.00001;0.00003;0.00002;0.00001;0.00000;0.00004;0.00001;0.00002;0.00002;0.00001;0.00001;0.00039;0.00002;0.00023;0.00003;0.00005;0.00009;0.00005;0.00006;0.00001;0.00001;0.00001;0.00013;0.00006;0.00000;0.00000;0.00006;0.00001;0.00000;0.00001;0.00004;0.00000;0.00009;0.00018;0.00103;0.00003;0.00001;0.00000;0.00001;0.00000;0.00089;0.00000;0.00001;0.00002;0.00001;0.00001;0.00003;0.00000;0.00000;0.00002;0.00004;0.00008;0.00003;0.00001;0.00000;0.00000
2020-01-12 00:00;0.00001;0.00005;0.00000;0.00002;0.00000;0.00000;0.00000;0.00001;0.00000;0.00000;0.00005;0.00000;0.00005;0.00000;0.00000;0.00000;0.00003;0.00003;0.00001;0.00001;0.00000;0.00000;0.00000;0.00001;0.00001;0.00007;0.00000;0.00000;0.00000;0.00001;0.00003;0.00000;0.00008;0.00000;0.00001;0.00001;0.00000;0.00001;0.00000;0.00001;0.00004;0.00004;0.00000;0.00001;0.00000;0.00000;0.00000;0.00000;0.00005;0.00000;0.00000;0.00000;0.00000;0.00001;0.00000;0.00002;0.00000;0.00002;0.00000;0.00000;0.00000;0.00000;0.00000;0.00004;0.00000;0.00000;0.00000;0.00000;0.00000;0.00017;0.00000;0.00000;0.00000;0.00000;0.00005;0.00000;0.00000;0.00001;0.00001;0.00003;0.00000;0.00000;0.00001;0.00005;0.00003;0.00000;0.00002;0.00002;0.00000;0.00000;0.00001;0.00000;0.00005;0.00006;0.00000;0.00000;0.00004;0.00001;0.00010;0.00095;0.00450;0.00079;0.00001;0.00000;0.00001;0.00000;0.00001;0.00085;0.00002;0.00001;0.00001;0.00001;0.00001;0.00002;0.00001;0.00001;0.00000;0.00000;0.00001;0.00001;0.00001;0.00000;0.00001;0.00000;0.00000;0.00002;0.00001;0.00002;0.00000;0.00000;0.00001;0.00004;0.00000;0.00000;0.00002;0.00001;0.00003;0.00001;0.00001;0.00000;0.00001;0.00000;0.00000;0.00007;0.00001;0.00001;0.00004;0.00002;0.00001;0.00003;0.00024;0.00003;0.00007;0.00001;0.00002;0.00001;0.00001;0.00133;0.00000;0.00000;0.00001;0.00000;0.00030;0.00133;0.00022;0.00006;0.00004;0.00001;0.00001;0.00026;0.00018;0.00020;0.00042;0.00030;0.00002;0.00016;0.00000;0.00014;0.00042;0.00002;0.00035;0.00025;0.00001;0.00050;0.00032;0.00002;0.00003;0.00001;0.00006;0.00044;0.00112;0.00043;0.00030;0.00062;0.00000;0.00000;0.00067;0.00034;0.00009;0.00006;0.00003;0.00002;0.00102;0.00001;0.00008;0.00005;0.00020;0.00002;0.00005;0.00000;0.00002;0.00002;0.00003;0.00023;0.00005;0.00022;0.00056;0.00023;0.00004;0.00100;0.00003;0.00002;0.00001;0.00049;0.00052;0.00054;0.00018;0.00021;0.00030;0.00006;0.00014;0.00015;0.00009;0.00034;0.00001;0.00007;0.00000;0.00010;0.00023;0.00002;0.00007;0.00004;0.00045;0.00005;0.00011;0.00004;0.00000;0.00000;0.00000;0.00000;0.00023;0.00024;0.00001;0.00001;0.00008;0.00003;0.00015;0.00003;0.00002;0.00000;0.00008;0.00006;0.00000;0.00000;0.00001;0.00000;0.00000;0.00050;0.00002;0.00039;0.00002;0.00001;0.00019;0.00007;0.00060;0.00025;0.00008;0.00029;0.00019;0.00022;0.00016;0.00003;0.00003;0.00002;0.00037;0.00040;0.00000;0.00000;0.00002;0.00241;0.00114;0.00049;0.00001;0.00002;0.00033;0.00002;0.00001;0.00000;0.00001;0.00001;0.00005;0.00010;0.00011;0.00005;0.00031;0.00065;0.00008;0.00004;0.00004;0.00006;0.00010;0.00051;0.00017;0.00001;0.00003;0.00044;0.00002;0.00000;0.00013;0.00002;0.00004;0.00061;0.00005;0.00020;0.00003;0.00005;0.00074;0.00004;0.00003;0.00000;0.00007;0.00001;0.00001;0.00000;0.00000;0.00000;0.00002;0.00001;0.00002;0.00003;0.00019;0.00001;0.00001;0.00001;0.00001;0.00001;0.00001;0.00003;0.00001;0.00006;0.00071;0.00029;0.00005;0.00004;0.00003;0.00000;0.00001;0.00010;0.00000;0.00014;0.00017;0.00000;0.00002;0.00003;0.00004;0.00011;0.00062;0.00179;0.00002;0.00002;0.00004;0.00009;0.00003;0.00000;0.00017;0.00022;0.00001;0.00003;0.00008;0.00006;0.00008;0.00000;0.00002;0.00386;0.00008;0.00004;0.00007;0.00006;0.00009;0.00032;0.00005;0.00008;0.00016;0.00002;0.00001;0.00001;0.00013;0.00014;0.00003;0.00049;0.00103;0.00002;0.00019;0.00055;0.00071;0.00048;0.00011;0.00124;0.00018;0.00047;0.00005;0.00046;0.00027;0.00005;0.00010;0.00092;0.00006;0.00014;0.00035;0.00000;0.00013;0.00012;0.00006;0.00002;0.00010;0.00002;0.00018;0.00000;0.00000;0.00000;0.00000;0.00001;0.00073;0.00007;0.00008;0.00000;0.00000;0.00050;0.00001;0.00001;0.00003;0.00002;0.00001;0.00000;0.00004;0.00001;0.00002;0.00002;0.00001;0.00001;0.00039;0.00002;0.00069;0.00003;0.00005;0.00009;0.00005;0.00006;0.00001;0.00001;0.00001;0.00013;0.00006;0.00000;0.00000;0.00006;0.00001;0.00000;0.00001;0.00004;0.00000;0.00009;0.00018;0.00108;0.00003;0.00001;0.00000;0.00001;0.00000;0.00112;0.00000;0.00001;0.00007;0.00001;0.00001;0.00007;0.00000;0.00000;0.00002;0.00008;0.00008;0.00003;0.00001;0.00000;0.00000
2020-01-13 00:00;0.00001;0.00006;0.00000;0.00002;0.00000;0.00000;0.00000;0.00001;0.00000;0.00000;0.00005;0.00000;0.00005;0.00000;0.00000;0.00000;0.00004;0.00003;0.00001;0.00001;0.00000;0.00000;0.00000;0.00001;0.00001;0.00008;0.00000;0.00000;0.00000;0.00001;0.00002;0.00000;0.00008;0.00000;0.00001;0.00001;0.00000;0.00001;0.00000;0.00001;0.00004;0.00004;0.00000;0.00001;0.00000;0.00000;0.00000;0.00000;0.00004;0.00000;0.00000;0.00000;0.00000;0.00001;0.00000;0.00002;0.00000;0.00002;0.00000;0.00000;0.00000;0.00000;0.00000;0.00004;0.00000;0.00000;0.00000;0.00000;0.00000;0.00018;0.00000;0.00000;0.00000;0.00000;0.00005;0.00000;0.00000;0.00001;0.00001;0.00003;0.00000;0.00000;0.00001;0.00005;0.00003;0.00000;0.00002;0.00002;0.00000;0.00000;0.00001;0.00000;0.00005;0.00006;0.00000;0.00000;0.00004;0.00001;0.00008;0.00120;0.00586;0.00108;0.00001;0.00000;0.00001;0.00000;0.00001;0.00090;0.00002;0.00001;0.00001;0.00001;0.00001;0.00002;0.00001;0.00001;0.00000;0.00000;0.00001;0.00001;0.00001;0.00000;0.00001;0.00000;0.00000;0.00002;0.00001;0.00002;0.00000;0.00000;0.00001;0.00004;0.00000;0.00000;0.00002;0.00001;0.00003;0.00001;0.00001;0.00000;0.00001;0.00000;0.00000;0.00007;0.00001;0.00001;0.00004;0.00002;0.00001;0.00003;0.00024;0.00003;0.00007;0.00001;0.00002;0.00001;0.00001;0.00180;0.00000;0.00000;0.00001;0.00000;0.00034;0.00192;0.00023;0.00006;0.00004;0.00001;0.00001;0.00030;0.00018;0.00016;0.00054;0.00014;0.00002;0.00024;0.00000;0.00018;0.00050;0.00003;0.00032;0.00027;0.00000;0.00057;0.00036;0.00002;0.00003;0.00001;0.00007;0.00064;0.00104;0.00049;0.00030;0.00077;0.00000;0.00000;0.00096;0.00033;0.00009;0.00006;0.00003;0.00002;0.00107;0.00001;0.00012;0.00005;0.00021;0.00002;0.00005;0.00000;0.00002;0.00003;0.00004;0.00023;0.00005;0.00023;0.00062;0.00024;0.00004;0.00148;0.00003;0.00002;0.00001;0.00052;0.00059;0.00067;0.00019;0.00020;0.00029;0.00006;0.00015;0.00013;0.00010;0.00049;0.00001;0.00006;0.00000;0.00007;0.00014;0.00002;0.00003;0.00004;0.00022;0.00005;0.00012;0.00004;0.00000;0.00000;0.00000;0.00000;0.00016;0.00024;0.00001;0.00001;0.00006;0.00003;0.00016;0.00003;0.00002;0.00000;0.00003;0.00002;0.00000;0.00000;0.00001;0.00000;0.00000;0.00034;0.00002;0.00027;0.00002;0.00001;0.00014;0.00009;0.00065;0.00023;0.00008;0.00028;0.00017;0.00018;0.00014;0.00003;0.00003;0.00002;0.00015;0.00019;0.00000;0.00000;0.00002;0.00217;0.00055;0.00027;0.00001;0.00002;0.00018;0.00002;0.00001;0.00000;0.00001;0.00001;0.00004;0.00010;0.00005;0.00002;0.00020;0.00032;0.00007;0.00004;0.00004;0.00004;0.00009;0.00045;0.00017;0.00001;0.00003;0.00024;0.00002;0.00000;0.00005;0.00001;0.00004;0.00046;0.00004;0.00025;0.00003;0.00004;0.00040;0.00004;0.00003;0.00000;0.00009;0.00001;0.00001;0.00000;0.00000;0.00000;0.00002;0.00001;0.00002;0.00004;0.00011;0.00001;0.00001;0.00001;0.00001;0.00002;0.00001;0.00002;0.00001;0.00003;0.00085;0.00029;0.00006;0.00005;0.00003;0.00000;0.00001;0.00007;0.00000;0.00013;0.00017;0.00000;0.00000;0.00000;0.00000;0.00001;0.00079;0.00076;0.00000;0.00002;0.00003;0.00009;0.00003;0.00000;0.00004;0.00016;0.00001;0.00003;0.00011;0.00006;0.00009;0.00000;0.00000;0.00206;0.00001;0.00002;0.00008;0.00006;0.00008;0.00011;0.00005;0.00008;0.00009;0.00002;0.00001;0.00001;0.00013;0.00014;0.00004;0.00054;0.00108;0.00003;0.00019;0.00076;0.00065;0.00036;0.00011;0.00189;0.00019;0.00060;0.00005;0.00042;0.00033;0.00005;0.00016;0.00107;0.00006;0.00017;0.00057;0.00000;0.00015;0.00016;0.00004;0.00002;0.00015;0.00002;0.00018;0.00000;0.00000;0.00000;0.00000;0.00001;0.00073;0.00007;0.00008;0.00000;0.00000;0.00050;0.00001;0.00001;0.00003;0.00002;0.00001;0.00000;0.00004;0.00001;0.00002;0.00002;0.00001;0.00001;0.00039;0.00002;0.00090;0.00003;0.00005;0.00009;0.00005;0.00006;0.00001;0.00001;0.00001;0.00013;0.00006;0.00000;0.00000;0.00006;0.00001;0.00000;0.00001;0.00004;0.00000;0.00009;0.00018;0.00119;0.00003;0.00001;0.00000;0.00001;0.00000;0.00142;0.00000;0.00001;0.00007;0.00001;0.00001;0.00009;0.00000;0.00000;0.00002;0.00008;0.00008;0.00003;0.00001;0.00000;0.00000
2020-01-14 00:00;0.00001;0.00006;0.00000;0.00002;0.00000;0.00000;0.00000;0.00001;0.00000;0.00000;0.00003;0.00000;0.00005;0.00000;0.00000;0.00000;0.00004;0.00003;0.00001;0.00001;0.00000;0.00000;0.00000;0.00001;0.00001;0.00006;0.00000;0.00000;0.00000;0.00001;0.00003;0.00000;0.00008;0.00000;0.00001;0.00001;0.00000;0.00001;0.00000;0.00001;0.00004;0.00004;0.00000;0.00001;0.00000;0.00000;0.00000;0.00000;0.00004;0.00000;0.00000;0.00000;0.00000;0.00001;0.00000;0.00002;0.00000;0.00002;0.00000;0.00000;0.00000;0.00000;0.00000;0.00004;0.00000;0.00000;0.00000;0.00000;0.00000;0.00015;0.00000;0.00000;0.00000;0.00000;0.00005;0.00000;0.00000;0.00001;0.00001;0.00003;0.00000;0.00000;0.00001;0.00005;0.00003;0.00000;0.00002;0.00002;0.00000;0.00000;0.00001;0.00000;0.00005;0.00006;0.00000;0.00000;0.00004;0.00001;0.00008;0.00119;0.00605;0.00111;0.00001;0.00000;0.00001;0.00000;0.00001;0.00091;0.00002;0.00001;0.00001;0.00001;0.00001;0.00002;0.00001;0.00001;0.00000;0.00000;0.00001;0.00001;0.00001;0.00000;0.00001;0.00000;0.00000;0.00002;0.00001;0.00002;0.00000;0.00000;0.00001;0.00004;0.00000;0.00000;0.00002;0.00001;0.00003;0.00001;0.00001;0.00000;0.00001;0.00000;0.00000;0.00007;0.00001;0.00001;0.00004;0.00002;0.00001;0.00003;0.00024;0.00003;0.00007;0.00001;0.00002;0.00001;0.00001;0.00173;0.00000;0.00000;0.00001;0.00000;0.00035;0.00197;0.00023;0.00006;0.00004;0.00001;0.00001;0.00030;0.00018;0.00017;0.00033;0.00010;0.00002;0.00018;0.00000;0.00012;0.00050;0.00002;0.00032;0.00020;0.00001;0.00046;0.00032;0.00002;0.00003;0.00001;0.00006;0.00046;0.00060;0.00041;0.00024;0.00055;0.00000;0.00000;0.00063;0.00028;0.00006;0.00006;0.00003;0.00002;0.00067;0.00001;0.00007;0.00004;0.00021;0.00002;0.00005;0.00000;0.00002;0.00002;0.00003;0.00023;0.00005;0.00023;0.00036;0.00023;0.00003;0.00125;0.00003;0.00002;0.00001;0.00049;0.00050;0.00051;0.00014;0.00018;0.00030;0.00006;0.00012;0.00009;0.00009;0.00036;0.00001;0.00005;0.00000;0.00006;0.00003;0.00002;0.00002;0.00004;0.00014;0.00005;0.00010;0.00004;0.00000;0.00000;0.00000;0.00000;0.00008;0.00024;0.00001;0.00001;0.00005;0.00003;0.00004;0.00003;0.00002;0.00000;0.00001;0.00002;0.00000;0.00000;0.00001;0.00000;0.00000;0.00007;0.00002;0.00005;0.00002;0.00001;0.00005;0.00007;0.00030;0.00018;0.00008;0.00027;0.00016;0.00015;0.00010;0.00003;0.00003;0.00002;0.00009;0.00007;0.00000;0.00000;0.00002;0.00062;0.00038;0.00009;0.00001;0.00002;0.00005;0.00001;0.00001;0.00000;0.00001;0.00001;0.00003;0.00010;0.00005;0.00002;0.00020;0.00025;0.00006;0.00004;0.00003;0.00005;0.00004;0.00041;0.00014;0.00001;0.00003;0.00012;0.00002;0.00000;0.00001;0.00002;0.00004;0.00011;0.00005;0.00019;0.00003;0.00005;0.00005;0.00004;0.00003;0.00000;0.00009;0.00001;0.00001;0.00000;0.00000;0.00000;0.00002;0.00001;0.00002;0.00003;0.00004;0.00001;0.00001;0.00001;0.00001;0.00001;0.00001;0.00002;0.00001;0.00001;0.00066;0.00029;0.00002;0.00005;0.00003;0.00000;0.00001;0.00001;0.00000;0.00013;0.00017;0.00000;0.00000;0.00000;0.00000;0.00001;0.00049;0.00035;0.00000;0.00002;0.00002;0.00009;0.00003;0.00000;0.00002;0.00003;0.00001;0.00003;0.00007;0.00006;0.00008;0.00000;0.00000;0.00082;0.00001;0.00001;0.00004;0.00006;0.00007;0.00005;0.00005;0.00008;0.00006;0.00002;0.00001;0.00001;0.00013;0.00014;0.00003;0.00048;0.00102;0.00002;0.00019;0.00047;0.00015;0.00013;0.00011;0.00132;0.00015;0.00039;0.00005;0.00033;0.00023;0.00004;0.00007;0.00065;0.00006;0.00011;0.00039;0.00000;0.00014;0.00011;0.00004;0.00002;0.00009;0.00002;0.00018;0.00000;0.00000;0.00000;0.00000;0.00001;0.00073;0.00007;0.00008;0.00000;0.00000;0.00048;0.00001;0.00001;0.00003;0.00002;0.00001;0.00000;0.00004;0.00001;0.00002;0.00002;0.00001;0.00001;0.00039;0.00002;0.00082;0.00003;0.00005;0.00009;0.00005;0.00006;0.00001;0.00001;0.00001;0.00013;0.00006;0.00000;0.00000;0.00006;0.00001;0.00000;0.00001;0.00004;0.00000;0.00009;0.00018;0.00119;0.00003;0.00001;0.00000;0.00001;0.00000;0.00137;0.00000;0.00001;0.00005;0.00001;0.00001;0.00009;0.00000;0.00000;0.00002;0.00006;0.00008;0.00003;0.00001;0.00000;0.00000
2020-01-15 00:00;0.00001;0.00006;0.00000;0.00002;0.00000;0.00000;0.00000;0.00001;0.00000;0.00000;0.00004;0.00000;0.00005;0.00000;0.00000;0.00000;0.00004;0.00003;0.00001;0.00001;0.00000;0.00000;0.00000;0.00001;0.00001;0.00003;0.00000;0.00000;0.00000;0.00001;0.00003;0.00000;0.00008;0.00000;0.00001;0.00001;0.00000;0.00001;0.00000;0.00001;0.00004;0.00004;0.00000;0.00001;0.00000;0.00000;0.00000;0.00000;0.00004;0.00000;0.00000;0.00000;0.00000;0.00001;0.00000;0.00002;0.00000;0.00002;0.00000;0.00000;0.00000;0.00000;0.00000;0.00004;0.00000;0.00000;0.00000;0.00000;0.00000;0.00013;0.00000;0.00000;0.00000;0.00000;0.00005;0.00000;0.00000;0.00001;0.00001;0.00003;0.00000;0.00000;0.00001;0.00005;0.00003;0.00000;0.00002;0.00002;0.00000;0.00000;0.00001;0.00000;0.00005;0.00006;0.00000;0.00000;0.00004;0.00001;0.00007;0.00119;0.00612;0.00110;0.00001;0.00000;0.00001;0.00000;0.00001;0.00091;0.00002;0.00001;0.00001;0.00001;0.00001;0.00002;0.00001;0.00001;0.00000;0.00000;0.00001;0.00001;0.00001;0.00000;0.00001;0.00000;0.00000;0.00002;0.00001;0.00002;0.00000;0.00000;0.00001;0.00004;0.00000;0.00000;0.00002;0.00001;0.00003;0.00001;0.00001;0.00000;0.00001;0.00000;0.00000;0.00007;0.00001;0.00001;0.00004;0.00002;0.00001;0.00003;0.00024;0.00003;0.00007;0.00001;0.00002;0.00001;0.00001;0.00161;0.00000;0.00000;0.00001;0.00000;0.00034;0.00196;0.00023;0.00006;0.00004;0.00001;0.00001;0.00031;0.00018;0.00021;0.00046;0.00007;0.00002;0.00025;0.00000;0.00016;0.00050;0.00003;0.00029;0.00017;0.00000;0.00042;0.00035;0.00002;0.00003;0.00001;0.00006;0.00048;0.00082;0.00043;0.00030;0.00044;0.00000;0.00000;0.00055;0.00032;0.00012;0.00006;0.00003;0.00002;0.00088;0.00001;0.00007;0.00004;0.00021;0.00002;0.00005;0.00000;0.00002;0.00003;0.00003;0.00023;0.00005;0.00024;0.00054;0.00024;0.00004;0.00114;0.00003;0.00002;0.00001;0.00050;0.00051;0.00055;0.00019;0.00020;0.00029;0.00006;0.00009;0.00011;0.00009;0.00034;0.00001;0.00005;0.00000;0.00005;0.00008;0.00002;0.00001;0.00004;0.00009;0.00005;0.00010;0.00004;0.00000;0.00000;0.00000;0.00000;0.00013;0.00024;0.00001;0.00001;0.00005;0.00003;0.00004;0.00003;0.00002;0.00000;0.00001;0.00001;0.00000;0.00000;0.00001;0.00000;0.00000;0.00013;0.00002;0.00011;0.00002;0.00001;0.00010;0.00008;0.00034;0.00021;0.00008;0.00028;0.00016;0.00017;0.00011;0.00003;0.00003;0.00002;0.00006;0.00006;0.00000;0.00000;0.00002;0.00058;0.00022;0.00006;0.00001;0.00002;0.00015;0.00002;0.00001;0.00000;0.00001;0.00001;0.00003;0.00010;0.00003;0.00002;0.00014;0.00012;0.00007;0.00004;0.00004;0.00003;0.00005;0.00039;0.00015;0.00001;0.00003;0.00006;0.00002;0.00000;0.00004;0.00001;0.00004;0.00027;0.00004;0.00016;0.00003;0.00004;0.00028;0.00004;0.00003;0.00000;0.00009;0.00001;0.00001;0.00000;0.00000;0.00000;0.00002;0.00001;0.00002;0.00004;0.00009;0.00001;0.00001;0.00001;0.00001;0.00002;0.00001;0.00002;0.00001;0.00004;0.00063;0.00029;0.00010;0.00005;0.00003;0.00000;0.00001;0.00005;0.00000;0.00012;0.00017;0.00000;0.00000;0.00000;0.00000;0.00000;0.00025;0.00015;0.00000;0.00002;0.00003;0.00009;0.00003;0.00000;0.00001;0.00009;0.00001;0.00003;0.00007;0.00006;0.00009;0.00000;0.00000;0.00047;0.00000;0.00002;0.00001;0.00006;0.00007;0.00002;0.00005;0.00007;0.00004;0.00002;0.00001;0.00001;0.00013;0.00014;0.00004;0.00052;0.00103;0.00003;0.00019;0.00030;0.00053;0.00032;0.00011;0.00090;0.00019;0.00034;0.00005;0.00043;0.00023;0.00004;0.00004;0.00081;0.00006;0.00010;0.00042;0.00000;0.00014;0.00010;0.00004;0.00002;0.00010;0.00002;0.00018;0.00000;0.00000;0.00000;0.00000;0.00001;0.00073;0.00007;0.00008;0.00000;0.00000;0.00048;0.00001;0.00001;0.00003;0.00002;0.00001;0.00000;0.00004;0.00001;0.00002;0.00002;0.00001;0.00001;0.00039;0.00002;0.00076;0.00003;0.00005;0.00009;0.00005;0.00006;0.00001;0.00001;0.00001;0.00013;0.00006;0.00000;0.00000;0.00006;0.00001;0.00000;0.00001;0.00004;0.00000;0.00009;0.00018;0.00117;0.00003;0.00001;0.00000;0.00001;0.00000;0.00124;0.00000;0.00001;0.00002;0.00001;0.00001;0.00010;0.00000;0.00000;0.00002;0.00004;0.00008;0.00003;0.00001;0.00000;0.00000
2020-01-16 00:00;0.00001;0.00006;0.00000;0.00002;0.00000;0.00000;0.00000;0.00001;0.00000;0.00000;0.00003;0.00000;0.00005;0.00000;0.00000;0.00000;0.00004;0.00003;0.00001;0.00001;0.00000;0.00000;0.00000;0.00001;0.00001;0.00005;0.00000;0.00000;0.00000;0.00001;0.00003;0.00000;0.00008;0.00000;0.00001;0.00001;0.00000;0.00001;0.00000;0.00001;0.00004;0.00004;0.00000;0.00001;0.00000;0.00000;0.00000;0.00000;0.00004;0.00000;0.00000;0.00000;0.00000;0.00001;0.00000;0.00002;0.00000;0.00002;0.00000;0.00000;0.00000;0.00000;0.00000;0.00004;0.00000;0.00000;0.00000;0.00000;0.00000;0.00014;0.00000;0.00000;0.00000;0.00000;0.00005;0.00000;0.00000;0.00001;0.00001;0.00003;0.00000;0.00000;0.00001;0.00005;0.00003;0.00000;0.00002;0.00002;0.00000;0.00000;0.00001;0.00000;0.00005;0.00006;0.00000;0.00000;0.00004;0.00001;0.00008;0.00119;0.00613;0.00110;0.00001;0.00000;0.00001;0.00000;0.00001;0.00091;0.00002;0.00001;0.00001;0.00001;0.00001;0.00002;0.00001;0.00001;0.00000;0.00000;0.00001;0.00001;0.00001;0.00000;0.00001;0.00000;0.00000;0.00002;0.00001;0.00002;0.00000;0.00000;0.00001;0.00004;0.00000;0.00000;0.00002;0.00001;0.00003;0.00001;0.00001;0.00000;0.00001;0.00000;0.00000;0.00007;0.00001;0.00001;0.00004;0.00002;0.00001;0.00003;0.00024;0.00003;0.00007;0.00001;0.00002;0.00001;0.00001;0.00151;0.00000;0.00000;0.00001;0.00000;0.00034;0.00197;0.00023;0.00006;0.00004;0.00001;0.00001;0.00032;0.00018;0.00015;0.00025;0.00010;0.00002;0.00020;0.00000;0.00011;0.00050;0.00002;0.00031;0.00018;0.00001;0.00035;0.00031;0.00002;0.00003;0.00001;0.00004;0.00035;0.00068;0.00036;0.00025;0.00035;0.00000;0.00000;0.00037;0.00029;0.00007;0.00006;0.00003;0.00002;0.00078;0.00001;0.00004;0.00004;0.00022;0.00002;0.00005;0.00000;0.00002;0.00002;0.00003;0.00023;0.00005;0.00024;0.00039;0.00023;0.00003;0.00097;0.00003;0.00002;0.00001;0.00047;0.00041;0.00043;0.00014;0.00018;0.00029;0.00006;0.00010;0.00009;0.00009;0.00022;0.00001;0.00005;0.00000;0.00006;0.00004;0.00002;0.00002;0.00004;0.00014;0.00005;0.00008;0.00004;0.00000;0.00000;0.00000;0.00000;0.00008;0.00024;0.00001;0.00001;0.00005;0.00003;0.00002;0.00003;0.00002;0.00000;0.00002;0.00002;0.00000;0.00000;0.00001;0.00000;0.00000;0.00008;0.00002;0.00008;0.00002;0.00001;0.00005;0.00006;0.00025;0.00018;0.00008;0.00027;0.00016;0.00015;0.00010;0.00003;0.00003;0.00002;0.00009;0.00007;0.00000;0.00000;0.00002;0.00041;0.00039;0.00009;0.00001;0.00002;0.00008;0.00001;0.00001;0.00000;0.00001;0.00001;0.00003;0.00010;0.00005;0.00002;0.00020;0.00025;0.00006;0.00004;0.00003;0.00005;0.00004;0.00041;0.00013;0.00001;0.00003;0.00012;0.00002;0.00000;0.00001;0.00002;0.00004;0.00015;0.00005;0.00012;0.00003;0.00005;0.00012;0.00004;0.00003;0.00000;0.00009;0.00001;0.00001;0.00000;0.00000;0.00000;0.00002;0.00001;0.00002;0.00003;0.00005;0.00001;0.00001;0.00001;0.00001;0.00001;0.00001;0.00002;0.00001;0.00001;0.00038;0.00029;0.00004;0.00005;0.00003;0.00000;0.00001;0.00001;0.00000;0.00013;0.00017;0.00000;0.00000;0.00000;0.00000;0.00001;0.00006;0.00035;0.00000;0.00002;0.00002;0.00009;0.00003;0.00000;0.00002;0.00003;0.00001;0.00002;0.00004;0.00006;0.00008;0.00000;0.00000;0.00081;0.00001;0.00001;0.00002;0.00006;0.00007;0.00005;0.00005;0.00008;0.00006;0.00002;0.00001;0.00001;0.00013;0.00014;0.00003;0.00048;0.00099;0.00002;0.00018;0.00034;0.00022;0.00017;0.00011;0.00044;0.00015;0.00021;0.00005;0.00035;0.00017;0.00004;0.00002;0.00069;0.00006;0.00009;0.00032;0.00000;0.00013;0.00006;0.00004;0.00002;0.00004;0.00002;0.00018;0.00000;0.00000;0.00000;0.00000;0.00001;0.00073;0.00007;0.00008;0.00000;0.00000;0.00047;0.00001;0.00001;0.00003;0.00002;0.00001;0.00000;0.00004;0.00001;0.00002;0.00002;0.00001;0.00001;0.00039;0.00002;0.00070;0.00003;0.00005;0.00009;0.00005;0.00006;0.00001;0.00001;0.00001;0.00013;0.00006;0.00000;0.00000;0.00006;0.00001;0.00000;0.00001;0.00004;0.00000;0.00009;0.00018;0.00115;0.00003;0.00001;0.00000;0.00001;0.00000;0.00109;0.00000;0.00001;0.00004;0.00001;0.00001;0.00010;0.00000;0.00000;0.00002;0.00005;0.00008;0.00003;0.00001;0.00000;0.00000
2020-01-17 00:00;0.00001;0.00006;0.00000;0.00002;0.00000;0.00000;0.00000;0.00001;0.00000;0.00000;0.00004;0.00000;0.00005;0.00000;0.00000;0.00000;0.00004;0.00003;0.00001;0.00001;0.00000;0.00000;0.00000;0.00001;0.00001;0.00003;0.00000;0.00000;0.00000;0.00001;0.00002;0.00000;0.00008;0.00000;0.00001;0.00001;0.00000;0.00001;0.00000;0.00001;0.00004;0.00004;0.00000;0.00001;0.00000;0.00000;0.00000;0.00000;0.00004;0.00000;0.00000;0.00000;0.00000;0.00001;0.00000;0.00002;0.00000;0.00002;0.00000;0.00000;0.00000;0.00000;0.00000;0.00004;0.00000;0.00000;0.00000;0.00000;0.00000;0.00013;0.00000;0.00000;0.00000;0.00000;0.00005;0.00000;0.00000;0.00001;0.00001;0.00003;0.00000;0.00000;0.00001;0.00005;0.00003;0.00000;0.00002;0.00002;0.00000;0.00000;0.00001;0.00000;0.00005;0.00006;0.00000;0.00000;0.00004;0.00001;0.00007;0.00120;0.00615;0.00110;0.00001;0.00000;0.00001;0.00000;0.00001;0.00091;0.00002;0.00001;0.00001;0.00001;0.00001;0.00002;0.00001;0.00001;0.00000;0.00000;0.00001;0.00001;0.00001;0.00000;0.00001;0.00000;0.00000;0.00002;0.00001;0.00002;0.00000;0.00000;0.00001;0.00004;0.00000;0.00000;0.00002;0.00001;0.00003;0.00001;0.00001;0.00000;0.00001;0.00000;0.00000;0.00007;0.00001;0.00001;0.00004;0.00002;0.00001;0.00003;0.00024;0.00003;0.00007;0.00001;0.00002;0.00001;0.00001;0.00148;0.00000;0.00000;0.00001;0.00000;0.00034;0.00196;0.00023;0.00006;0.00004;0.00001;0.00001;0.00031;0.00018;0.00027;0.00045;0.00007;0.00002;0.00024;0.00000;0.00015;0.00051;0.00003;0.00029;0.00017;0.00000;0.00045;0.00034;0.00002;0.00003;0.00001;0.00006;0.00030;0.00082;0.00040;0.00031;0.00051;0.00000;0.00000;0.00071;0.00032;0.00012;0.00006;0.00003;0.00002;0.00091;0.00001;0.00009;0.00004;0.00022;0.00002;0.00005;0.00000;0.00002;0.00003;0.00003;0.00023;0.00005;0.00024;0.00055;0.00024;0.00003;0.00096;0.00003;0.00002;0.00001;0.00049;0.00050;0.00047;0.00019;0.00020;0.00029;0.00006;0.00009;0.00011;0.00009;0.00024;0.00001;0.00005;0.00000;0.00005;0.00009;0.00002;0.00001;0.00004;0.00009;0.00005;0.00010;0.00004;0.00000;0.00000;0.00000;0.00000;0.00013;0.00024;0.00001;0.00001;0.00005;0.00003;0.00004;0.00003;0.00002;0.00000;0.00001;0.00001;0.00000;0.00000;0.00001;0.00000;0.00000;0.00014;0.00002;0.00012;0.00002;0.00001;0.00010;0.00007;0.00035;0.00021;0.00008;0.00028;0.00016;0.00017;0.00011;0.00003;0.00003;0.00002;0.00006;0.00006;0.00000;0.00000;0.00002;0.00062;0.00022;0.00006;0.00001;0.00002;0.00016;0.00001;0.00001;0.00000;0.00001;0.00001;0.00003;0.00010;0.00003;0.00002;0.00014;0.00012;0.00007;0.00004;0.00004;0.00003;0.00006;0.00039;0.00015;0.00001;0.00003;0.00006;0.00002;0.00000;0.00004;0.00001;0.00004;0.00030;0.00004;0.00018;0.00003;0.00004;0.00030;0.00004;0.00004;0.00000;0.00009;0.00001;0.00001;0.00000;0.00000;0.00000;0.00002;0.00001;0.00002;0.00004;0.00009;0.00001;0.00001;0.00001;0.00001;0.00001;0.00001;0.00002;0.00001;0.00004;0.00052;0.00029;0.00011;0.00005;0.00003;0.00000;0.00001;0.00005;0.00000;0.00012;0.00017;0.00000;0.00000;0.00000;0.00000;0.00000;0.00028;0.00015;0.00000;0.00002;0.00003;0.00009;0.00003;0.00000;0.00001;0.00010;0.00001;0.00003;0.00004;0.00006;0.00009;0.00000;0.00000;0.00047;0.00000;0.00003;0.00000;0.00006;0.00007;0.00002;0.00005;0.00007;0.00004;0.00002;0.00001;0.00001;0.00013;0.00014;0.00004;0.00052;0.00103;0.00003;0.00019;0.00030;0.00054;0.00033;0.00011;0.00062;0.00019;0.00036;0.00005;0.00043;0.00028;0.00004;0.00008;0.00083;0.00006;0.00013;0.00033;0.00000;0.00013;0.00011;0.00004;0.00002;0.00008;0.00002;0.00018;0.00000;0.00000;0.00000;0.00000;0.00001;0.00073;0.00007;0.00008;0.00000;0.00000;0.00048;0.00001;0.00001;0.00003;0.00002;0.00001;0.00000;0.00004;0.00001;0.00002;0.00002;0.00001;0.00001;0.00039;0.00002;0.00066;0.00003;0.00005;0.00009;0.00005;0.00006;0.00001;0.00001;0.00001;0.00013;0.00006;0.00000;0.00000;0.00006;0.00001;0.00000;0.00001;0.00004;0.00000;0.00009;0.00018;0.00114;0.00003;0.00001;0.00000;0.00001;0.00000;0.00096;0.00000;0.00001;0.00002;0.00001;0.00001;0.00011;0.00000;0.00000;0.00002;0.00004;0.00008;0.00003;0.00001;0.00000;0.00000
2020-01-18 00:00;0.00001;0.00006;0.00000;0.00002;0.00000;0.00000;0.00000;0.00001;0.00000;0.00000;0.00003;0.00000;0.00005;0.00000;0.00000;0.00000;0.00004;0.00003;0.00001;0.00001;0.00000;0.00000;0.00000;0.00001;0.00001;0.00005;0.00000;0.00000;0.00000;0.00001;0.00003;0.00000;0.00008;0.00000;0.00001;0.00001;0.00000;0.00001;0.00000;0.00001;0.00004;0.00004;0.00000;0.00001;0.00000;0.00000;0.00000;0.00000;0.00004;0.00000;0.00000;0.00000;0.00000;0.00001;0.00000;0.00002;0.00000;0.00002;0.00000;0.00000;0.00000;0.00000;0.00000;0.00004;0.00000;0.00000;0.00000;0.00000;0.00000;0.00014;0.00000;0.00000;0.00000;0.00000;0.00005;0.00000;0.00000;0.00001;0.00001;0.00003;0.00000;0.00000;0.00001;0.00005;0.00003;0.00000;0.00002;0.00002;0.00000;0.00000;0.00001;0.00000;0.00005;0.00006;0.00000;0.00000;0.00004;0.00001;0.00008;0.00117;0.00612;0.00110;0.00001;0.00000;0.00001;0.00000;0.00001;0.00091;0.00002;0.00001;0.00001;0.00001;0.00001;0.00002;0.00001;0.00001;0.00000;0.00000;0.00001;0.00001;0.00001;0.00000;0.00001;0.00000;0.00000;0.00002;0.00001;0.00002;0.00000;0.00000;0.00001;0.00004;0.00000;0.00000;0.00002;0.00001;0.00003;0.00001;0.00001;0.00000;0.00001;0.00000;0.00000;0.00007;0.00001;0.00001;0.00004;0.00002;0.00001;0.00003;0.00024;0.00003;0.00007;0.00001;0.00002;0.00001;0.00001;0.00144;0.00000;0.00000;0.00001;0.00000;0.00033;0.00193;0.00023;0.00006;0.00004;0.00001;0.00001;0.00031;0.00018;0.00018;0.00029;0.00010;0.00002;0.00019;0.00000;0.00010;0.00050;0.00003;0.00032;0.00018;0.00001;0.00037;0.00031;0.00002;0.00003;0.00001;0.00005;0.00017;0.00068;0.00034;0.00025;0.00040;0.00000;0.00000;0.00047;0.00028;0.00008;0.00006;0.00003;0.00002;0.00079;0.00001;0.00005;0.00003;0.00022;0.00002;0.00005;0.00000;0.00002;0.00002;0.00003;0.00023;0.00005;0.00025;0.00039;0.00023;0.00003;0.00086;0.00003;0.00002;0.00001;0.00046;0.00044;0.00035;0.00014;0.00018;0.00029;0.00006;0.00010;0.00009;0.00009;0.00014;0.00001;0.00005;0.00000;0.00006;0.00004;0.00002;0.00002;0.00004;0.00014;0.00005;0.00009;0.00004;0.00000;0.00000;0.00000;0.00000;0.00008;0.00024;0.00001;0.00001;0.00005;0.00003;0.00002;0.00003;0.00002;0.00000;0.00002;0.00002;0.00000;0.00000;0.00001;0.00000;0.00000;0.00009;0.00002;0.00008;0.00002;0.00001;0.00005;0.00006;0.00025;0.00018;0.00008;0.00027;0.00016;0.00015;0.00010;0.00003;0.00003;0.00002;0.00009;0.00007;0.00000;0.00000;0.00002;0.00044;0.00039;0.00009;0.00001;0.00002;0.00009;0.00001;0.00001;0.00000;0.00001;0.00001;0.00003;0.00010;0.00005;0.00002;0.00020;0.00025;0.00006;0.00004;0.00003;0.00005;0.00004;0.00041;0.00013;0.00001;0.00003;0.00012;0.00002;0.00000;0.00001;0.00002;0.00004;0.00017;0.00005;0.00014;0.00003;0.00005;0.00013;0.00004;0.00004;0.00000;0.00008;0.00001;0.00001;0.00000;0.00000;0.00000;0.00002;0.00001;0.00002;0.00003;0.00005;0.00001;0.00001;0.00001;0.00001;0.00001;0.00001;0.00002;0.00001;0.00001;0.00037;0.00029;0.00005;0.00005;0.00003;0.00000;0.00001;0.00001;0.00000;0.00013;0.00017;0.00000;0.00000;0.00000;0.00000;0.00001;0.00010;0.00036;0.00000;0.00002;0.00002;0.00009;0.00003;0.00000;0.00002;0.00003;0.00001;0.00002;0.00002;0.00006;0.00008;0.00000;0.00000;0.00081;0.00001;0.00001;0.00002;0.00006;0.00007;0.00005;0.00005;0.00008;0.00006;0.00002;0.00001;0.00001;0.00013;0.00014;0.00003;0.00047;0.00101;0.00002;0.00018;0.00034;0.00023;0.00018;0.00010;0.00044;0.00015;0.00022;0.00005;0.00035;0.00019;0.00004;0.00003;0.00070;0.00006;0.00009;0.00025;0.00000;0.00012;0.00007;0.00004;0.00002;0.00003;0.00002;0.00018;0.00000;0.00000;0.00000;0.00000;0.00001;0.00073;0.00007;0.00008;0.00000;0.00000;0.00047;0.00001;0.00001;0.00003;0.00002;0.00001;0.00000;0.00004;0.00001;0.00002;0.00002;0.00001;0.00001;0.00039;0.00002;0.00060;0.00003;0.00005;0.00009;0.00005;0.00006;0.00001;0.00001;0.00001;0.00013;0.00006;0.00000;0.00000;0.00006;0.00001;0.00000;0.00001;0.00004;0.00000;0.00009;0.00018;0.00113;0.00003;0.00001;0.00000;0.00001;0.00000;0.00096;0.00000;0.00001;0.00004;0.00001;0.00001;0.00011;0.00000;0.00000;0.00002;0.00005;0.00008;0.00003;0.00001;0.00000;0.00000
2020-01-19 00:00;0.00001;0.00006;0.00000;0.00002;0.00000;0.00000;0.00000;0.00001;0.00000;0.00000;0.00004;0.00000;0.00005;0.00000;0.00000;0.00000;0.00004;0.00003;0.00001;0.00001;0.00000;0.00000;0.00000;0.00001;0.00001;0.00003;0.00000;0.00000;0.00000;0.00001;0.00002;0.00000;0.00008;0.00000;0.00001;0.00001;0.00000;0.00001;0.00000;0.00001;0.00004;0.00004;0.00000;0.00001;0.00000;0.00000;0.00000;0.00000;0.00004;0.00000;0.00000;0.00000;0.00000;0.00001;0.00000;0.00002;0.00000;0.00002;0.00000;0.00000;0.00000;0.00000;0.00000;0.00004;0.00000;0.00000;0.00000;0.00000;0.00000;0.00013;0.00000;0.00000;0.00000;0.00000;0.00005;0.00000;0.00000;0.00001;0.00001;0.00003;0.00000;0.00000;0.00001;0.00005;0.00003;0.00000;0.00002;0.00002;0.00000;0.00000;0.00001;0.00000;0.00005;0.00006;0.00000;0.00000;0.00004;0.00001;0.00007;0.00115;0.00606;0.00108;0.00001;0.00000;0.00001;0.00000;0.00001;0.00090;0.00002;0.00001;0.00001;0.00001;0.00001;0.00002;0.00001;0.00001;0.00000;0.00000;0.00001;0.00001;0.00001;0.00000;0.00001;0.00000;0.00000;0.00002;0.00001;0.00002;0.00000;0.00000;0.00001;0.00004;0.00000;0.00000;0.00002;0.00001;0.00003;0.00001;0.00001;0.00000;0.00001;0.00000;0.00000;0.00007;0.00001;0.00001;0.00004;0.00002;0.00001;0.00003;0.00024;0.00003;0.00007;0.00001;0.00002;0.00001;0.00001;0.00143;0.00000;0.00000;0.00001;0.00000;0.00033;0.00188;0.00022;0.00006;0.00004;0.00001;0.00001;0.00031;0.00017;0.00028;0.00043;0.00007;0.00002;0.00025;0.00000;0.00014;0.00050;0.00003;0.00029;0.00017;0.00000;0.00046;0.00033;0.00002;0.00003;0.00001;0.00005;0.00033;0.00083;0.00042;0.00031;0.00051;0.00000;0.00000;0.00071;0.00032;0.00012;0.00006;0.00003;0.00002;0.00091;0.00001;0.00009;0.00004;0.00022;0.00002;0.00005;0.00000;0.00002;0.00002;0.00003;0.00023;0.00005;0.00025;0.00054;0.00024;0.00003;0.00094;0.00003;0.00002;0.00001;0.00048;0.00047;0.00051;0.00019;0.00020;0.00029;0.00006;0.00009;0.00011;0.00009;0.00028;0.00001;0.00005;0.00000;0.00005;0.00009;0.00002;0.00001;0.00004;0.00009;0.00005;0.00010;0.00004;0.00000;0.00000;0.00000;0.00000;0.00013;0.00024;0.00001;0.00001;0.00005;0.00003;0.00004;0.00003;0.00002;0.00000;0.00001;0.00001;0.00000;0.00000;0.00001;0.00000;0.00000;0.00014;0.00002;0.00012;0.00002;0.00001;0.00010;0.00006;0.00035;0.00021;0.00008;0.00028;0.00016;0.00017;0.00011;0.00003;0.00003;0.00002;0.00006;0.00006;0.00000;0.00000;0.00002;0.00061;0.00022;0.00006;0.00001;0.00002;0.00016;0.00001;0.00001;0.00000;0.00001;0.00001;0.00003;0.00010;0.00003;0.00002;0.00014;0.00012;0.00007;0.00004;0.00004;0.00003;0.00005;0.00039;0.00015;0.00001;0.00003;0.00007;0.00002;0.00000;0.00004;0.00001;0.00004;0.00029;0.00004;0.00018;0.00003;0.00004;0.00029;0.00004;0.00004;0.00000;0.00007;0.00001;0.00001;0.00000;0.00000;0.00000;0.00002;0.00001;0.00002;0.00004;0.00009;0.00001;0.00001;0.00001;0.00001;0.00001;0.00001;0.00002;0.00001;0.00004;0.00052;0.00029;0.00009;0.00005;0.00003;0.00000;0.00001;0.00005;0.00000;0.00012;0.00017;0.00000;0.00000;0.00000;0.00000;0.00000;0.00027;0.00015;0.00000;0.00002;0.00003;0.00009;0.00003;0.00000;0.00001;0.00010;0.00001;0.00003;0.00005;0.00006;0.00009;0.00000;0.00000;0.00047;0.00000;0.00003;0.00000;0.00006;0.00007;0.00002;0.00005;0.00007;0.00004;0.00002;0.00001;0.00001;0.00013;0.00014;0.00004;0.00051;0.00102;0.00003;0.00019;0.00030;0.00053;0.00032;0.00012;0.00062;0.00019;0.00037;0.00005;0.00043;0.00026;0.00004;0.00009;0.00083;0.00006;0.00013;0.00030;0.00000;0.00013;0.00011;0.00004;0.00002;0.00010;0.00002;0.00018;0.00000;0.00000;0.00000;0.00000;0.00001;0.00073;0.00007;0.00008;0.00000;0.00000;0.00047;0.00001;0.00001;0.00003;0.00002;0.00001;0.00000;0.00004;0.00001;0.00002;0.00002;0.00001;0.00001;0.00039;0.00002;0.00055;0.00003;0.00005;0.00009;0.00005;0.00006;0.00001;0.00001;0.00001;0.00013;0.00006;0.00000;0.00000;0.00006;0.00001;0.00000;0.00001;0.00004;0.00000;0.00009;0.00018;0.00113;0.00003;0.00001;0.00000;0.00001;0.00000;0.00095;0.00000;0.00001;0.00002;0.00001;0.00001;0.00011;0.00000;0.00000;0.00002;0.00004;0.00008;0.00003;0.00001;0.00000;0.00000
2020-01-20 00:00;0.00001;0.00006;0.00000;0.00002;0.00000;0.00000;0.00000;0.00001;0.00000;0.00000;0.00003;0.00000;0.00005;0.00000;0.00000;0.00000;0.00004;0.00003;0.00001;0.00001;0.00000;0.00000;0.00000;0.00001;0.00001;0.00005;0.00000;0.00000;0.00000;0.00001;0.00003;0.00000;0.00008;0.00000;0.00001;0.00001;0.00000;0.00001;0.00000;0.00001;0.00004;0.00004;0.00000;0.00001;0.00000;0.00000;0.00000;0.00000;0.00004;0.00000;0.00000;0.00000;0.00000;0.00001;0.00000;0.00002;0.00000;0.00002;0.00000;0.00000;0.00000;0.00000;0.00000;0.00004;0.00000;0.00000;0.00000;0.00000;0.00000;0.00014;0.00000;0.00000;0.00000;0.00000;0.00005;0.00000;0.00000;0.00001;0.00001;0.00003;0.00000;0.00000;0.00001;0.00005;0.00003;0.00000;0.00002;0.00002;0.00000;0.00000;0.00001;0.00000;0.00005;0.00006;0.00000;0.00000;0.00004;0.00001;0.00008;0.00112;0.00602;0.00106;0.00001;0.00000;0.00001;0.00000;0.00001;0.00090;0.00002;0.00001;0.00001;0.00001;0.00001;0.00002;0.00001;0.00001;0.00000;0.00000;0.00001;0.00001;0.00001;0.00000;0.00001;0.00000;0.00000;0.00002;0.00001;0.00002;0.00000;0.00000;0.00001;0.00004;0.00000;0.00000;0.00002;0.00001;0.00003;0.00001;0.00001;0.00000;0.00001;0.00000;0.00000;0.00007;0.00001;0.00001;0.00004;0.00002;0.00001;0.00003;0.00024;0.00003;0.00007;0.00001;0.00002;0.00001;0.00001;0.00142;0.00000;0.00000;0.00001;0.00000;0.00032;0.00184;0.00021;0.00006;0.00004;0.00001;0.00001;0.00031;0.00017;0.00018;0.00023;0.00010;0.00002;0.00019;0.00000;0.00010;0.00049;0.00003;0.00032;0.00018;0.00001;0.00037;0.00030;0.00002;0.00003;0.00001;0.00004;0.00025;0.00068;0.00037;0.00025;0.00040;0.00000;0.00000;0.00047;0.00028;0.00007;0.00006;0.00003;0.00002;0.00079;0.00001;0.00005;0.00003;0.00023;0.00002;0.00005;0.00000;0.00002;0.00002;0.00003;0.00023;0.00005;0.00025;0.00038;0.00023;0.00003;0.00087;0.00003;0.00002;0.00001;0.00046;0.00040;0.00042;0.00014;0.00018;0.00029;0.00006;0.00010;0.00009;0.00009;0.00022;0.00001;0.00005;0.00000;0.00006;0.00004;0.00002;0.00002;0.00004;0.00014;0.00005;0.00008;0.00004;0.00000;0.00000;0.00000;0.00000;0.00008;0.00024;0.00001;0.00001;0.00005;0.00003;0.00002;0.00003;0.00002;0.00000;0.00002;0.00002;0.00000;0.00000;0.00001;0.00000;0.00000;0.00009;0.00002;0.00008;0.00002;0.00001;0.00005;0.00005;0.00025;0.00018;0.00008;0.00027;0.00016;0.00015;0.00010;0.00003;0.00003;0.00002;0.00009;0.00007;0.00000;0.00000;0.00002;0.00043;0.00039;0.00009;0.00001;0.00002;0.00009;0.00001;0.00001;0.00000;0.00001;0.00001;0.00003;0.00010;0.00005;0.00002;0.00019;0.00025;0.00006;0.00004;0.00003;0.00005;0.00004;0.00041;0.00013;0.00001;0.00003;0.00012;0.00002;0.00000;0.00001;0.00002;0.00004;0.00017;0.00005;0.00014;0.00003;0.00005;0.00013;0.00004;0.00004;0.00000;0.00006;0.00001;0.00001;0.00000;0.00000;0.00000;0.00002;0.00001;0.00002;0.00003;0.00005;0.00001;0.00001;0.00001;0.00001;0.00001;0.00001;0.00002;0.00001;0.00001;0.00036;0.00029;0.00004;0.00005;0.00003;0.00000;0.00001;0.00001;0.00000;0.00013;0.00017;0.00000;0.00000;0.00000;0.00000;0.00001;0.00010;0.00035;0.00000;0.00002;0.00002;0.00009;0.00003;0.00000;0.00002;0.00003;0.00001;0.00002;0.00003;0.00006;0.00008;0.00000;0.00000;0.00081;0.00001;0.00001;0.00002;0.00006;0.00007;0.00005;0.00005;0.00008;0.00006;0.00002;0.00001;0.00001;0.00013;0.00014;0.00003;0.00047;0.00098;0.00002;0.00018;0.00034;0.00022;0.00018;0.00011;0.00044;0.00015;0.00023;0.00005;0.00035;0.00017;0.00004;0.00003;0.00070;0.00006;0.00009;0.00022;0.00000;0.00012;0.00007;0.00004;0.00002;0.00006;0.00002;0.00018;0.00000;0.00000;0.00000;0.00000;0.00001;0.00073;0.00007;0.00008;0.00000;0.00000;0.00047;0.00001;0.00001;0.00003;0.00002;0.00001;0.00000;0.00004;0.00001;0.00002;0.00002;0.00001;0.00001;0.00039;0.00002;0.00051;0.00003;0.00005;0.00009;0.00005;0.00006;0.00001;0.00001;0.00001;0.00013;0.00006;0.00000;0.00000;0.00006;0.00001;0.00000;0.00001;0.00004;0.00000;0.00009;0.00018;0.00113;0.00003;0.00001;0.00000;0.00001;0.00000;0.00096;0.00000;0.00001;0.00004;0.00001;0.00001;0.00011;0.00000;0.00000;0.00002;0.00005;0.00008;0.00003;0.00001;0.00000;0.00000
2020-01-21 00:00;0.00001;0.00006;0.00000;0.00002;0.00000;0.00000;0.00000;0.00001;0.00000;0.00000;0.00004;0.00000;0.00005;0.00000;0.00000;0.00000;0.00004;0.00003;0.00001;0.00001;0.00000;0.00000;0.00000;0.00001;0.00001;0.00003;0.00000;0.00000;0.00000;0.00001;0.00002;0.00000;0.00008;0.00000;0.00001;0.00001;0.00000;0.00001;0.00000;0.00001;0.00004;0.00004;0.00000;0.00001;0.00000;0.00000;0.00000;0.00000;0.00004;0.00000;0.00000;0.00000;0.00000;0.00001;0.00000;0.00002;0.00000;0.00002;0.00000;0.00000;0.00000;0.00000;0.00000;0.00004;0.00000;0.00000;0.00000;0.00000;0.00000;0.00013;0.00000;0.00000;0.00000;0.00000;0.00005;0.00000;0.00000;0.00001;0.00001;0.00003;0.00000;0.00000;0.00001;0.00005;0.00003;0.00000;0.00002;0.00002;0.00000;0.00000;0.00001;0.00000;0.00005;0.00006;0.00000;0.00000;0.00004;0.00001;0.00007;0.00111;0.00596;0.00104;0.00001;0.00000;0.00001;0.00000;0.00001;0.00090;0.00002;0.00001;0.00001;0.00001;0.00001;0.00002;0.00001;0.00001;0.00000;0.00000;0.00001;0.00001;0.00001;0.00000;0.00001;0.00000;0.00000;0.00002;0.00001;0.00002;0.00000;0.00000;0.00001;0.00004;0.00000;0.00000;0.00002;0.00001;0.00003;0.00001;0.00001;0.00000;0.00001;0.00000;0.00000;0.00007;0.00001;0.00001;0.00004;0.00002;0.00001;0.00003;0.00024;0.00003;0.00007;0.00001;0.00002;0.00001;0.00001;0.00142;0.00000;0.00000;0.00001;0.00000;0.00031;0.00179;0.00021;0.00006;0.00004;0.00001;0.00001;0.00030;0.00017;0.00026;0.00049;0.00007;0.00002;0.00025;0.00000;0.00014;0.00048;0.00003;0.00029;0.00017;0.00000;0.00045;0.00033;0.00002;0.00003;0.00001;0.00006;0.00028;0.00081;0.00039;0.00030;0.00051;0.00000;0.00000;0.00070;0.00031;0.00011;0.00006;0.00003;0.00002;0.00090;0.00001;0.00008;0.00004;0.00023;0.00002;0.00005;0.00000;0.00002;0.00002;0.00003;0.00023;0.00005;0.00025;0.00054;0.00024;0.00003;0.00095;0.00003;0.00002;0.00001;0.00048;0.00050;0.00047;0.00019;0.00020;0.00028;0.00006;0.00009;0.00011;0.00009;0.00023;0.00001;0.00005;0.00000;0.00005;0.00009;0.00002;0.00001;0.00004;0.00009;0.00005;0.00009;0.00004;0.00000;0.00000;0.00000;0.00000;0.00013;0.00024;0.00001;0.00001;0.00005;0.00003;0.00004;0.00003;0.00002;0.00000;0.00001;0.00001;0.00000;0.00000;0.00001;0.00000;0.00000;0.00013;0.00002;0.00011;0.00002;0.00001;0.00010;0.00006;0.00034;0.00021;0.00008;0.00028;0.00016;0.00017;0.00010;0.00003;0.00003;0.00002;0.00006;0.00006;0.00000;0.00000;0.00002;0.00058;0.00022;0.00006;0.00001;0.00002;0.00016;0.00001;0.00001;0.00000;0.00001;0.00001;0.00003;0.00010;0.00003;0.00002;0.00014;0.00012;0.00007;0.00004;0.00004;0.00003;0.00005;0.00039;0.00015;0.00001;0.00003;0.00007;0.00002;0.00000;0.00004;0.00001;0.00004;0.00028;0.00004;0.00018;0.00003;0.00004;0.00027;0.00004;0.00004;0.00000;0.00006;0.00001;0.00001;0.00000;0.00000;0.00000;0.00002;0.00001;0.00002;0.00004;0.00009;0.00001;0.00001;0.00001;0.00001;0.00001;0.00001;0.00002;0.00001;0.00004;0.00051;0.00029;0.00011;0.00005;0.00003;0.00000;0.00001;0.00005;0.00000;0.00012;0.00017;0.00000;0.00000;0.00000;0.00000;0.00000;0.00026;0.00015;0.00000;0.00002;0.00003;0.00009;0.00003;0.00000;0.00001;0.00009;0.00001;0.00003;0.00005;0.00006;0.00009;0.00000;0.00000;0.00046;0.00000;0.00003;0.00000;0.00006;0.00007;0.00002;0.00005;0.00007;0.00004;0.00002;0.00001;0.00001;0.00012;0.00014;0.00004;0.00051;0.00104;0.00003;0.00019;0.00030;0.00051;0.00032;0.00012;0.00062;0.00019;0.00036;0.00004;0.00043;0.00028;0.00004;0.00008;0.00082;0.00006;0.00012;0.00031;0.00000;0.00013;0.00011;0.00004;0.00002;0.00007;0.00002;0.00018;0.00000;0.00000;0.00000;0.00000;0.00001;0.00073;0.00007;0.00008;0.00000;0.00000;0.00047;0.00001;0.00001;0.00003;0.00002;0.00001;0.00000;0.00004;0.00001;0.00002;0.00002;0.00001;0.00001;0.00039;0.00002;0.00050;0.00003;0.00005;0.00009;0.00005;0.00006;0.00001;0.00001;0.00001;0.00013;0.00006;0.00000;0.00000;0.00006;0.00001;0.00000;0.00001;0.00004;0.00000;0.00009;0.00018;0.00113;0.00003;0.00001;0.00000;0.00001;0.00000;0.00094;0.00000;0.00001;0.00002;0.00001;0.00001;0.00011;0.00000;0.00000;0.00002;0.00004;0.00008;0.00003;0.00001;0.00000;0.00000
2020-01-22 00:00;0.00001;0.00006;0.00000;0.00002;0.00000;0.00000;0.00000;0.00001;0.00000;0.00000;0.00003;0.00000;0.00005;0.00000;0.00000;0.00000;0.00004;0.00003;0.00001;0.00001;0.00000;0.00000;0.00000;0.00001;0.00001;0.00005;0.00000;0.00000;0.00000;0.00001;0.00003;0.00000;0.00008;0.00000;0.00001;0.00001;0.00000;0.00001;0.00000;0.00001;0.00004;0.00004;0.00000;0.00001;0.00000;0.00000;0.00000;0.00000;0.00004;0.00000;0.00000;0.00000;0.00000;0.00001;0.00000;0.00002;0.00000;0.00002;0.00000;0.00000;0.00000;0.00000;0.00000;0.00004;0.00000;0.00000;0.00000;0.00000;0.00000;0.00014;0.00000;0.00000;0.00000;0.00000;0.00005;0.00000;0.00000;0.00001;0.00001;0.00003;0.00000;0.00000;0.00001;0.00005;0.00003;0.00000;0.00002;0.00002;0.00000;0.00000;0.00001;0.00000;0.00005;0.00006;0.00000;0.00000;0.00004;0.00001;0.00008;0.00109;0.00595;0.00103;0.00001;0.00000;0.00001;0.00000;0.00001;0.00090;0.00002;0.00001;0.00001;0.00001;0.00001;0.00002;0.00001;0.00001;0.00000;0.00000;0.00001;0.00001;0.00001;0.00000;0.00001;0.00000;0.00000;0.00002;0.00001;0.00002;0.00000;0.00000;0.00001;0.00004;0.00000;0.00000;0.00002;0.00001;0.00003;0.00001;0.00001;0.00000;0.00001;0.00000;0.00000;0.00007;0.00001;0.00001;0.00004;0.00002;0.00001;0.00003;0.00024;0.00003;0.00007;0.00001;0.00002;0.00001;0.00001;0.00142;0.00000;0.00000;0.00001;0.00000;0.00030;0.00175;0.00020;0.00006;0.00004;0.00001;0.00001;0.00031;0.00017;0.00018;0.00031;0.00010;0.00002;0.00019;0.00000;0.00009;0.00048;0.00003;0.00031;0.00017;0.00001;0.00037;0.00029;0.00002;0.00003;0.00001;0.00005;0.00017;0.00067;0.00033;0.00025;0.00039;0.00000;0.00000;0.00047;0.00028;0.00007;0.00006;0.00003;0.00002;0.00078;0.00001;0.00005;0.00003;0.00023;0.00002;0.00005;0.00000;0.00002;0.00002;0.00003;0.00023;0.00005;0.00026;0.00038;0.00023;0.00003;0.00085;0.00003;0.00002;0.00001;0.00046;0.00043;0.00035;0.00013;0.00018;0.00029;0.00006;0.00010;0.00009;0.00009;0.00014;0.00001;0.00005;0.00000;0.00006;0.00004;0.00002;0.00002;0.00004;0.00014;0.00005;0.00008;0.00004;0.00000;0.00000;0.00000;0.00000;0.00008;0.00024;0.00001;0.00001;0.00005;0.00003;0.00002;0.00003;0.00002;0.00000;0.00001;0.00002;0.00000;0.00000;0.00001;0.00000;0.00000;0.00008;0.00002;0.00008;0.00002;0.00001;0.00005;0.00004;0.00025;0.00018;0.00008;0.00027;0.00016;0.00015;0.00010;0.00003;0.00003;0.00002;0.00009;0.00007;0.00000;0.00000;0.00002;0.00041;0.00037;0.00009;0.00001;0.00002;0.00008;0.00001;0.00001;0.00000;0.00001;0.00001;0.00003;0.00010;0.00005;0.00002;0.00019;0.00025;0.00006;0.00004;0.00003;0.00005;0.00004;0.00040;0.00013;0.00001;0.00003;0.00011;0.00002;0.00000;0.00001;0.00002;0.00004;0.00016;0.00004;0.00014;0.00003;0.00005;0.00012;0.00004;0.00004;0.00000;0.00005;0.00001;0.00001;0.00000;0.00000;0.00000;0.00002;0.00001;0.00002;0.00003;0.00005;0.00001;0.00001;0.00001;0.00001;0.00001;0.00001;0.00002;0.00001;0.00001;0.00036;0.00029;0.00004;0.00005;0.00003;0.00000;0.00001;0.00001;0.00000;0.00013;0.00017;0.00000;0.00000;0.00000;0.00000;0.00001;0.00009;0.00033;0.00000;0.00002;0.00002;0.00009;0.00003;0.00000;0.00002;0.00003;0.00001;0.00002;0.00003;0.00006;0.00008;0.00000;0.00000;0.00077;0.00001;0.00001;0.00002;0.00006;0.00007;0.00005;0.00005;0.00008;0.00006;0.00002;0.00001;0.00001;0.00013;0.00014;0.00003;0.00047;0.00100;0.00002;0.00018;0.00033;0.00021;0.00018;0.00010;0.00044;0.00015;0.00023;0.00005;0.00035;0.00018;0.00004;0.00003;0.00070;0.00006;0.00009;0.00025;0.00000;0.00012;0.00007;0.00004;0.00002;0.00003;0.00002;0.00018;0.00000;0.00000;0.00000;0.00000;0.00001;0.00073;0.00007;0.00008;0.00000;0.00000;0.00047;0.00001;0.00001;0.00003;0.00002;0.00001;0.00000;0.00004;0.00001;0.00002;0.00002;0.00001;0.00001;0.00039;0.00002;0.00050;0.00003;0.00005;0.00009;0.00005;0.00006;0.00001;0.00001;0.00001;0.00013;0.00006;0.00000;0.00000;0.00006;0.00001;0.00000;0.00001;0.00004;0.00000;0.00009;0.00018;0.00113;0.00003;0.00001;0.00000;0.00001;0.00000;0.00096;0.00000;0.00001;0.00004;0.00001;0.00001;0.00011;0.00000;0.00000;0.00002;0.00005;0.00008;0.00003;0.00001;0.00000;0.00000
2020-01-23 00:00;0.00001;0.00006;0.00000;0.00002;0.00000;0.00000;0.00000;0.00001;0.00000;0.00000;0.00004;0.00000;0.00005;0.00000;0.00000;0.00000;0.00004;0.00003;0.00001;0.00001;0.00000;0.00000;0.00000;0.00001;0.00001;0.00003;0.00000;0.00000;0.00000;0.00001;0.00002;0.00000;0.00008;0.00000;0.00001;0.00001;0.00000;0.00001;0.00000;0.00001;0.00004;0.00004;0.00000;0.00001;0.00000;0.00000;0.00000;0.00000;0.00004;0.00000;0.00000;0.00000;0.00000;0.00001;0.00000;0.00002;0.00000;0.00002;0.00000;0.00000;0.00000;0.00000;0.00000;0.00004;0.00000;0.00000;0.00000;0.00000;0.00000;0.00013;0.00000;0.00000;0.00000;0.00000;0.00005;0.00000;0.00000;0.00001;0.00001;0.00003;0.00000;0.00000;0.00001;0.00005;0.00003;0.00000;0.00002;0.00002;0.00000;0.00000;0.00001;0.00000;0.00005;0.00006;0.00000;0.00000;0.00004;0.00001;0.00007;0.00109;0.00593;0.00102;0.00001;0.00000;0.00001;0.00000;0.00001;0.00090;0.00002;0.00001;0.00001;0.00001;0.00001;0.00002;0.00001;0.00001;0.00000;0.00000;0.00001;0.00001;0.00001;0.00000;0.00001;0.00000;0.00000;0.00002;0.00001;0.00002;0.00000;0.00000;0.00001;0.00004;0.00000;0.00000;0.00002;0.00001;0.00003;0.00001;0.00001;0.00000;0.00001;0.00000;0.00000;0.00007;0.00001;0.00001;0.00004;0.00002;0.00001;0.00003;0.00024;0.00003;0.00007;0.00001;0.00002;0.00001;0.00001;0.00143;0.00000;0.00000;0.00001;0.00000;0.00029;0.00169;0.00019;0.00006;0.00004;0.00001;0.00001;0.00030;0.00017;0.00027;0.00043;0.00007;0.00002;0.00025;0.00000;0.00015;0.00048;0.00003;0.00029;0.00017;0.00000;0.00045;0.00032;0.00002;0.00003;0.00001;0.00006;0.00034;0.00082;0.00042;0.00030;0.00051;0.00000;0.00000;0.00071;0.00032;0.00011;0.00006;0.00003;0.00002;0.00091;0.00001;0.00008;0.00004;0.00023;0.00002;0.00005;0.00000;0.00002;0.00002;0.00003;0.00023;0.00005;0.00026;0.00054;0.00024;0.00003;0.00096;0.00003;0.00002;0.00001;0.00048;0.00048;0.00052;0.00019;0.00020;0.00028;0.00006;0.00009;0.00011;0.00009;0.00028;0.00001;0.00005;0.00000;0.00005;0.00009;0.00002;0.00001;0.00004;0.00009;0.00005;0.00009;0.00004;0.00000;0.00000;0.00000;0.00000;0.00013;0.00024;0.00001;0.00001;0.00005;0.00003;0.00004;0.00003;0.00002;0.00000;0.00001;0.00001;0.00000;0.00000;0.00001;0.00000;0.00000;0.00014;0.00002;0.00012;0.00002;0.00001;0.00010;0.00006;0.00035;0.00021;0.00008;0.00028;0.00016;0.00017;0.00010;0.00003;0.00003;0.00002;0.00006;0.00005;0.00000;0.00000;0.00002;0.00060;0.00022;0.00006;0.00001;0.00002;0.00016;0.00001;0.00001;0.00000;0.00001;0.00001;0.00003;0.00010;0.00003;0.00002;0.00013;0.00012;0.00007;0.00004;0.00004;0.00003;0.00005;0.00039;0.00015;0.00001;0.00003;0.00006;0.00002;0.00000;0.00004;0.00001;0.00004;0.00029;0.00004;0.00017;0.00003;0.00004;0.00028;0.00004;0.00004;0.00000;0.00005;0.00001;0.00001;0.00000;0.00000;0.00000;0.00002;0.00001;0.00002;0.00004;0.00009;0.00001;0.00001;0.00001;0.00001;0.00001;0.00001;0.00002;0.00001;0.00004;0.00052;0.00029;0.00011;0.00005;0.00003;0.00000;0.00001;0.00005;0.00000;0.00012;0.00017;0.00000;0.00000;0.00000;0.00000;0.00000;0.00027;0.00014;0.00000;0.00002;0.00003;0.00009;0.00003;0.00000;0.00001;0.00009;0.00001;0.00003;0.00005;0.00006;0.00009;0.00000;0.00000;0.00044;0.00000;0.00003;0.00000;0.00005;0.00007;0.00002;0.00005;0.00007;0.00004;0.00002;0.00001;0.00001;0.00012;0.00014;0.00003;0.00050;0.00102;0.00003;0.00019;0.00030;0.00051;0.00032;0.00012;0.00062;0.00019;0.00036;0.00004;0.00043;0.00028;0.00004;0.00008;0.00083;0.00006;0.00012;0.00029;0.00000;0.00013;0.00011;0.00004;0.00002;0.00010;0.00002;0.00018;0.00000;0.00000;0.00000;0.00000;0.00001;0.00073;0.00007;0.00008;0.00000;0.00000;0.00047;0.00001;0.00001;0.00003;0.00002;0.00001;0.00000;0.00004;0.00001;0.00002;0.00002;0.00001;0.00001;0.00039;0.00002;0.00051;0.00003;0.00005;0.00009;0.00005;0.00006;0.00001;0.00001;0.00001;0.00013;0.00006;0.00000;0.00000;0.00006;0.00001;0.00000;0.00001;0.00004;0.00000;0.00009;0.00018;0.00113;0.00003;0.00001;0.00000;0.00001;0.00000;0.00089;0.00000;0.00001;0.00002;0.00001;0.00001;0.00011;0.00000;0.00000;0.00002;0.00004;0.00008;0.00003;0.00001;0.00000;0.00000
2020-01-24 00:00;0.00001;0.00007;0.00000;0.00002;0.00000;0.00000;0.00000;0.00001;0.00000;0.00000;0.00003;0.00000;0.00005;0.00000;0.00000;0.00000;0.00004;0.00003;0.00001;0.00001;0.00000;0.00000;0.00000;0.00001;0.00001;0.00005;0.00000;0.00000;0.00000;0.00001;0.00003;0.00000;0.00008;0.00000;0.00001;0.00001;0.00000;0.00001;0.00000;0.00001;0.00004;0.00004;0.00000;0.00001;0.00000;0.00000;0.00000;0.00000;0.00004;0.00000;0.00000;0.00000;0.00000;0.00001;0.00000;0.00002;0.00000;0.00002;0.00000;0.00000;0.00000;0.00000;0.00000;0.00004;0.00000;0.00000;0.00000;0.00000;0.00000;0.00014;0.00000;0.00000;0.00000;0.00000;0.00005;0.00000;0.00000;0.00001;0.00001;0.00003;0.00000;0.00000;0.00001;0.00005;0.00003;0.00000;0.00002;0.00002;0.00000;0.00000;0.00001;0.00000;0.00005;0.00006;0.00000;0.00000;0.00004;0.00001;0.00008;0.00105;0.00591;0.00101;0.00001;0.00000;0.00001;0.00000;0.00001;0.00090;0.00002;0.00001;0.00001;0.00001;0.00001;0.00002;0.00001;0.00001;0.00000;0.00000;0.00001;0.00001;0.00001;0.00000;0.00001;0.00000;0.00000;0.00002;0.00001;0.00002;0.00000;0.00000;0.00001;0.00004;0.00000;0.00000;0.00002;0.00001;0.00003;0.00001;0.00001;0.00000;0.00001;0.00000;0.00000;0.00007;0.00001;0.00001;0.00004;0.00002;0.00001;0.00003;0.00024;0.00003;0.00007;0.00001;0.00002;0.00001;0.00001;0.00143;0.00000;0.00000;0.00001;0.00000;0.00027;0.00165;0.00018;0.00006;0.00004;0.00001;0.00001;0.00031;0.00017;0.00018;0.00023;0.00010;0.00002;0.00020;0.00000;0.00009;0.00046;0.00003;0.00031;0.00017;0.00001;0.00037;0.00029;0.00002;0.00003;0.00001;0.00005;0.00025;0.00068;0.00036;0.00025;0.00039;0.00000;0.00000;0.00047;0.00028;0.00007;0.00006;0.00003;0.00002;0.00078;0.00001;0.00005;0.00003;0.00024;0.00002;0.00005;0.00000;0.00002;0.00002;0.00003;0.00023;0.00005;0.00027;0.00038;0.00023;0.00003;0.00086;0.00003;0.00002;0.00001;0.00046;0.00040;0.00042;0.00013;0.00018;0.00029;0.00006;0.00010;0.00009;0.00009;0.00017;0.00001;0.00005;0.00000;0.00006;0.00004;0.00002;0.00002;0.00004;0.00014;0.00005;0.00008;0.00004;0.00000;0.00000;0.00000;0.00000;0.00008;0.00023;0.00001;0.00001;0.00005;0.00003;0.00002;0.00003;0.00002;0.00000;0.00001;0.00002;0.00000;0.00000;0.00001;0.00000;0.00000;0.00009;0.00002;0.00008;0.00002;0.00001;0.00005;0.00004;0.00025;0.00018;0.00008;0.00027;0.00016;0.00015;0.00010;0.00003;0.00003;0.00002;0.00009;0.00007;0.00000;0.00000;0.00002;0.00042;0.00037;0.00009;0.00001;0.00002;0.00008;0.00001;0.00001;0.00000;0.00001;0.00001;0.00003;0.00010;0.00005;0.00002;0.00019;0.00024;0.00006;0.00004;0.00003;0.00005;0.00004;0.00040;0.00013;0.00001;0.00003;0.00011;0.00002;0.00000;0.00001;0.00002;0.00004;0.00016;0.00004;0.00014;0.00003;0.00005;0.00012;0.00004;0.00004;0.00000;0.00005;0.00001;0.00001;0.00000;0.00000;0.00000;0.00002;0.00001;0.00002;0.00003;0.00005;0.00001;0.00001;0.00001;0.00001;0.00001;0.00001;0.00002;0.00001;0.00001;0.00036;0.00029;0.00004;0.00005;0.00003;0.00000;0.00001;0.00001;0.00000;0.00013;0.00017;0.00000;0.00000;0.00000;0.00000;0.00001;0.00010;0.00033;0.00000;0.00002;0.00002;0.00009;0.00003;0.00000;0.00002;0.00003;0.00001;0.00002;0.00003;0.00006;0.00008;0.00000;0.00000;0.00076;0.00001;0.00001;0.00002;0.00006;0.00007;0.00005;0.00005;0.00008;0.00006;0.00002;0.00001;0.00001;0.00012;0.00013;0.00003;0.00046;0.00098;0.00002;0.00018;0.00033;0.00021;0.00018;0.00010;0.00044;0.00015;0.00022;0.00005;0.00035;0.00018;0.00004;0.00003;0.00070;0.00006;0.00009;0.00020;0.00000;0.00012;0.00007;0.00004;0.00002;0.00005;0.00002;0.00018;0.00000;0.00000;0.00000;0.00000;0.00001;0.00073;0.00007;0.00008;0.00000;0.00000;0.00047;0.00001;0.00001;0.00003;0.00002;0.00001;0.00000;0.00004;0.00001;0.00002;0.00002;0.00001;0.00001;0.00039;0.00002;0.00050;0.00003;0.00005;0.00009;0.00005;0.00006;0.00001;0.00001;0.00001;0.00013;0.00006;0.00000;0.00000;0.00006;0.00001;0.00000;0.00001;0.00004;0.00000;0.00009;0.00018;0.00113;0.00003;0.00001;0.00000;0.00001;0.00000;0.00096;0.00000;0.00001;0.00004;0.00001;0.00001;0.00011;0.00000;0.00000;0.00002;0.00005;0.00008;0.00003;0.00001;0.00000;0.00000
2020-01-25 00:00;0.00001;0.00007;0.00000;0.00002;0.00000;0.00000;0.00000;0.00001;0.00000;0.00000;0.00004;0.00000;0.00005;0.00000;0.00000;0.00000;0.00004;0.00003;0.00001;0.00001;0.00000;0.00000;0.00000;0.00001;0.00001;0.00003;0.00000;0.00000;0.00000;0.00001;0.00002;0.00000;0.00008;0.00000;0.00001;0.00001;0.00000;0.00001;0.00000;0.00001;0.00004;0.00004;0.00000;0.00001;0.00000;0.00000;0.00000;0.00000;0.00004;0.00000;0.00000;0.00000;0.00000;0.00001;0.00000;0.00002;0.00000;0.00002;0.00000;0.00000;0.00000;0.00000;0.00000;0.00004;0.00000;0.00000;0.00000;0.00000;0.00000;0.00013;0.00000;0.00000;0.00000;0.00000;0.00005;0.00000;0.00000;0.00001;0.00001;0.00003;0.00000;0.00000;0.00001;0.00005;0.00003;0.00000;0.00002;0.00002;0.00000;0.00000;0.00001;0.00000;0.00005;0.00006;0.00000;0.00000;0.00004;0.00001;0.00007;0.00104;0.00586;0.00098;0.00001;0.00000;0.00001;0.00000;0.00001;0.00090;0.00002;0.00001;0.00001;0.00001;0.00001;0.00002;0.00001;0.00001;0.00000;0.00000;0.00001;0.00001;0.00001;0.00000;0.00001;0.00000;0.00000;0.00002;0.00001;0.00002;0.00000;0.00000;0.00001;0.00004;0.00000;0.00000;0.00002;0.00001;0.00003;0.00001;0.00001;0.00000;0.00001;0.00000;0.00000;0.00007;0.00001;0.00001;0.00004;0.00002;0.00001;0.00003;0.00024;0.00003;0.00007;0.00001;0.00002;0.00001;0.00001;0.00144;0.00000;0.00000;0.00001;0.00000;0.00024;0.00156;0.00014;0.00006;0.00004;0.00001;0.00001;0.00030;0.00017;0.00026;0.00053;0.00007;0.00002;0.00026;0.00000;0.00016;0.00047;0.00004;0.00029;0.00016;0.00000;0.00045;0.00032;0.00002;0.00003;0.00001;0.00006;0.00029;0.00082;0.00040;0.00030;0.00051;0.00000;0.00000;0.00071;0.00031;0.00011;0.00006;0.00003;0.00002;0.00091;0.00001;0.00008;0.00004;0.00024;0.00002;0.00005;0.00000;0.00002;0.00002;0.00003;0.00023;0.00005;0.00027;0.00054;0.00024;0.00003;0.00098;0.00003;0.00002;0.00001;0.00048;0.00050;0.00046;0.00019;0.00020;0.00028;0.00006;0.00009;0.00011;0.00009;0.00027;0.00001;0.00005;0.00000;0.00005;0.00009;0.00002;0.00001;0.00004;0.00009;0.00005;0.00009;0.00003;0.00000;0.00000;0.00000;0.00000;0.00013;0.00023;0.00001;0.00001;0.00005;0.00003;0.00004;0.00003;0.00002;0.00000;0.00001;0.00001;0.00000;0.00000;0.00001;0.00000;0.00000;0.00014;0.00002;0.00011;0.00002;0.00001;0.00010;0.00006;0.00034;0.00021;0.00008;0.00028;0.00016;0.00017;0.00010;0.00003;0.00003;0.00002;0.00006;0.00005;0.00000;0.00000;0.00002;0.00059;0.00022;0.00005;0.00001;0.00002;0.00016;0.00001;0.00001;0.00000;0.00001;0.00001;0.00003;0.00010;0.00003;0.00002;0.00013;0.00012;0.00007;0.00004;0.00004;0.00003;0.00005;0.00039;0.00015;0.00001;0.00003;0.00006;0.00002;0.00000;0.00003;0.00001;0.00004;0.00029;0.00004;0.00017;0.00003;0.00004;0.00028;0.00004;0.00004;0.00000;0.00005;0.00001;0.00001;0.00000;0.00000;0.00000;0.00002;0.00001;0.00002;0.00004;0.00009;0.00001;0.00001;0.00001;0.00001;0.00001;0.00001;0.00002;0.00001;0.00004;0.00052;0.00029;0.00011;0.00005;0.00003;0.00000;0.00001;0.00005;0.00000;0.00012;0.00017;0.00000;0.00000;0.00000;0.00000;0.00000;0.00027;0.00014;0.00000;0.00002;0.00003;0.00009;0.00003;0.00000;0.00001;0.00010;0.00001;0.00003;0.00005;0.00006;0.00008;0.00000;0.00000;0.00044;0.00000;0.00003;0.00000;0.00005;0.00007;0.00002;0.00005;0.00007;0.00004;0.00002;0.00001;0.00001;0.00012;0.00014;0.00003;0.00050;0.00104;0.00003;0.00019;0.00030;0.00050;0.00031;0.00012;0.00061;0.00019;0.00036;0.00004;0.00043;0.00028;0.00004;0.00008;0.00083;0.00006;0.00012;0.00033;0.00000;0.00013;0.00011;0.00004;0.00002;0.00008;0.00002;0.00018;0.00000;0.00000;0.00000;0.00000;0.00001;0.00073;0.00007;0.00008;0.00000;0.00000;0.00047;0.00001;0.00001;0.00003;0.00002;0.00001;0.00000;0.00004;0.00001;0.00002;0.00002;0.00001;0.00001;0.00039;0.00002;0.00051;0.00003;0.00005;0.00009;0.00005;0.00006;0.00001;0.00001;0.00001;0.00013;0.00006;0.00000;0.00000;0.00006;0.00001;0.00000;0.00001;0.00004;0.00000;0.00009;0.00018;0.00113;0.00003;0.00001;0.00000;0.00001;0.00000;0.00084;0.00000;0.00001;0.00002;0.00001;0.00001;0.00011;0.00000;0.00000;0.00002;0.00004;0.00008;0.00003;0.00001;0.00000;0.00000
2020-01-26 00:00;0.00001;0.00003;0.00000;0.00002;0.00000;0.00000;0.00000;0.00001;0.00000;0.00000;0.00003;0.00000;0.00005;0.00000;0.00000;0.00000;0.00003;0.00003;0.00001;0.00001;0.00000;0.00000;0.00000;0.00001;0.00001;0.00002;0.00000;0.00000;0.00000;0.00001;0.00007;0.00000;0.00008;0.00000;0.00001;0.00001;0.00000;0.00001;0.00000;0.00001;0.00004;0.00005;0.00000;0.00001;0.00000;0.00000;0.00000;0.00000;0.00004;0.00000;0.00000;0.00000;0.00000;0.00001;0.00000;0.00002;0.00000;0.00002;0.00000;0.00000;0.00000;0.00000;0.00000;0.00004;0.00000;0.00000;0.00000;0.00000;0.00000;0.00012;0.00000;0.00000;0.00000;0.00000;0.00005;0.00000;0.00000;0.00001;0.00001;0.00003;0.00000;0.00000;0.00001;0.00005;0.00003;0.00000;0.00002;0.00002;0.00000;0.00000;0.00001;0.00000;0.00005;0.00006;0.00000;0.00000;0.00004;0.00001;0.00008;0.00028;0.00506;0.00056;0.00001;0.00000;0.00001;0.00000;0.00001;0.00085;0.00002;0.00001;0.00001;0.00001;0.00001;0.00002;0.00001;0.00001;0.00000;0.00000;0.00001;0.00001;0.00001;0.00000;0.00001;0.00000;0.00000;0.00002;0.00001;0.00002;0.00000;0.00000;0.00001;0.00004;0.00000;0.00000;0.00002;0.00001;0.00003;0.00001;0.00001;0.00000;0.00001;0.00000;0.00000;0.00007;0.00001;0.00001;0.00004;0.00002;0.00001;0.00003;0.00024;0.00003;0.00007;0.00001;0.00002;0.00001;0.00001;0.00092;0.00000;0.00000;0.00001;0.00000;0.00022;0.00095;0.00013;0.00006;0.00004;0.00001;0.00001;0.00012;0.00017;0.00018;0.00029;0.00012;0.00002;0.00013;0.00000;0.00008;0.00018;0.00002;0.00030;0.00016;0.00001;0.00037;0.00027;0.00002;0.00003;0.00001;0.00005;0.00018;0.00069;0.00034;0.00026;0.00040;0.00000;0.00000;0.00048;0.00029;0.00007;0.00006;0.00003;0.00002;0.00079;0.00001;0.00005;0.00003;0.00020;0.00002;0.00005;0.00000;0.00002;0.00002;0.00003;0.00023;0.00005;0.00023;0.00039;0.00022;0.00003;0.00079;0.00003;0.00002;0.00001;0.00045;0.00042;0.00035;0.00014;0.00018;0.00030;0.00006;0.00009;0.00009;0.00009;0.00017;0.00001;0.00005;0.00000;0.00006;0.00004;0.00002;0.00003;0.00004;0.00009;0.00005;0.00009;0.00004;0.00000;0.00000;0.00000;0.00000;0.00008;0.00024;0.00001;0.00001;0.00005;0.00003;0.00002;0.00003;0.00002;0.00000;0.00003;0.00002;0.00000;0.00000;0.00001;0.00000;0.00000;0.00009;0.00002;0.00008;0.00002;0.00001;0.00005;0.00003;0.00025;0.00018;0.00008;0.00027;0.00017;0.00015;0.00010;0.00003;0.00004;0.00002;0.00014;0.00014;0.00000;0.00000;0.00002;0.00042;0.00025;0.00004;0.00001;0.00002;0.00009;0.00000;0.00001;0.00000;0.00001;0.00001;0.00003;0.00011;0.00004;0.00003;0.00017;0.00014;0.00007;0.00004;0.00003;0.00004;0.00004;0.00039;0.00013;0.00001;0.00003;0.00005;0.00002;0.00000;0.00001;0.00002;0.00004;0.00016;0.00004;0.00014;0.00003;0.00006;0.00012;0.00004;0.00003;0.00000;0.00002;0.00001;0.00001;0.00000;0.00000;0.00000;0.00002;0.00001;0.00002;0.00002;0.00005;0.00001;0.00001;0.00001;0.00001;0.00001;0.00001;0.00002;0.00001;0.00001;0.00037;0.00029;0.00004;0.00004;0.00003;0.00000;0.00001;0.00001;0.00000;0.00012;0.00017;0.00000;0.00001;0.00001;0.00002;0.00005;0.00010;0.00014;0.00001;0.00002;0.00002;0.00009;0.00003;0.00000;0.00005;0.00003;0.00001;0.00003;0.00003;0.00006;0.00009;0.00000;0.00001;0.00033;0.00002;0.00001;0.00000;0.00006;0.00007;0.00007;0.00005;0.00008;0.00004;0.00002;0.00001;0.00001;0.00012;0.00014;0.00003;0.00046;0.00101;0.00003;0.00019;0.00029;0.00021;0.00017;0.00011;0.00044;0.00015;0.00023;0.00005;0.00035;0.00018;0.00004;0.00003;0.00071;0.00006;0.00009;0.00024;0.00000;0.00012;0.00007;0.00004;0.00002;0.00003;0.00002;0.00018;0.00000;0.00000;0.00000;0.00000;0.00001;0.00073;0.00007;0.00008;0.00000;0.00000;0.00047;0.00001;0.00001;0.00003;0.00002;0.00001;0.00000;0.00004;0.00001;0.00002;0.00002;0.00001;0.00001;0.00039;0.00002;0.00025;0.00003;0.00005;0.00009;0.00005;0.00006;0.00001;0.00001;0.00001;0.00013;0.00006;0.00000;0.00000;0.00006;0.00001;0.00000;0.00001;0.00004;0.00000;0.00009;0.00018;0.00107;0.00003;0.00001;0.00000;0.00001;0.00000;0.00067;0.00000;0.00001;0.00002;0.00001;0.00001;0.00004;0.00000;0.00000;0.00002;0.00004;0.00008;0.00003;0.00001;0.00000;0.00000
2020-01-27 00:00;0.00001;0.00002;0.00000;0.00002;0.00000;0.00000;0.00000;0.00001;0.00000;0.00000;0.00004;0.00000;0.00005;0.00000;0.00000;0.00000;0.00003;0.00003;0.00001;0.00001;0.00000;0.00000;0.00000;0.00001;0.00001;0.00003;0.00000;0.00000;0.00000;0.00001;0.00014;0.00000;0.00008;0.00001;0.00001;0.00001;0.00000;0.00001;0.00000;0.00001;0.00004;0.00006;0.00000;0.00001;0.00000;0.00000;0.00000;0.00000;0.00005;0.00000;0.00000;0.00000;0.00000;0.00001;0.00000;0.00002;0.00000;0.00002;0.00000;0.00000;0.00000;0.00000;0.00000;0.00004;0.00000;0.00000;0.00000;0.00000;0.00000;0.00013;0.00000;0.00000;0.00000;0.00000;0.00005;0.00000;0.00000;0.00001;0.00001;0.00003;0.00000;0.00000;0.00001;0.00005;0.00004;0.00000;0.00002;0.00002;0.00000;0.00000;0.00001;0.00000;0.00005;0.00006;0.00000;0.00000;0.00004;0.00001;0.00011;0.00007;0.00368;0.00030;0.00001;0.00000;0.00001;0.00000;0.00001;0.00080;0.00002;0.00001;0.00001;0.00001;0.00001;0.00002;0.00001;0.00001;0.00000;0.00000;0.00001;0.00001;0.00001;0.00000;0.00001;0.00000;0.00000;0.00002;0.00001;0.00002;0.00000;0.00000;0.00001;0.00004;0.00000;0.00000;0.00002;0.00001;0.00003;0.00001;0.00001;0.00000;0.00001;0.00000;0.00000;0.00007;0.00001;0.00001;0.00004;0.00002;0.00001;0.00003;0.00024;0.00003;0.00007;0.00001;0.00002;0.00001;0.00001;0.00053;0.00000;0.00000;0.00001;0.00000;0.00021;0.00050;0.00013;0.00006;0.00004;0.00001;0.00001;0.00008;0.00017;0.00019;0.00025;0.00023;0.00002;0.00005;0.00000;0.00008;0.00011;0.00001;0.00040;0.00019;0.00001;0.00039;0.00028;0.00002;0.00003;0.00001;0.00005;0.00016;0.00070;0.00036;0.00028;0.00041;0.00000;0.00000;0.00046;0.00031;0.00009;0.00006;0.00004;0.00003;0.00075;0.00001;0.00006;0.00004;0.00018;0.00002;0.00005;0.00000;0.00002;0.00003;0.00004;0.00023;0.00005;0.00022;0.00038;0.00022;0.00003;0.00063;0.00003;0.00002;0.00001;0.00047;0.00044;0.00040;0.00016;0.00020;0.00035;0.00007;0.00010;0.00010;0.00010;0.00012;0.00002;0.00006;0.00000;0.00008;0.00007;0.00002;0.00004;0.00004;0.00028;0.00005;0.00009;0.00004;0.00000;0.00000;0.00000;0.00000;0.00011;0.00027;0.00001;0.00001;0.00006;0.00004;0.00002;0.00003;0.00002;0.00000;0.00006;0.00004;0.00000;0.00000;0.00001;0.00000;0.00000;0.00015;0.00002;0.00012;0.00002;0.00001;0.00008;0.00004;0.00028;0.00020;0.00008;0.00028;0.00018;0.00017;0.00010;0.00003;0.00004;0.00002;0.00024;0.00028;0.00000;0.00000;0.00003;0.00064;0.00085;0.00017;0.00001;0.00002;0.00016;0.00000;0.00001;0.00000;0.00001;0.00001;0.00003;0.00014;0.00008;0.00005;0.00038;0.00060;0.00007;0.00005;0.00003;0.00008;0.00005;0.00048;0.00014;0.00001;0.00003;0.00026;0.00002;0.00000;0.00004;0.00002;0.00004;0.00024;0.00005;0.00015;0.00003;0.00009;0.00026;0.00005;0.00003;0.00000;0.00002;0.00001;0.00001;0.00000;0.00000;0.00000;0.00002;0.00001;0.00002;0.00002;0.00009;0.00001;0.00001;0.00001;0.00001;0.00001;0.00001;0.00002;0.00001;0.00002;0.00038;0.00029;0.00005;0.00004;0.00003;0.00000;0.00001;0.00003;0.00000;0.00014;0.00017;0.00000;0.00001;0.00003;0.00004;0.00011;0.00013;0.00091;0.00002;0.00002;0.00003;0.00009;0.00003;0.00000;0.00013;0.00006;0.00001;0.00003;0.00003;0.00006;0.00009;0.00000;0.00002;0.00167;0.00006;0.00002;0.00002;0.00006;0.00008;0.00020;0.00005;0.00010;0.00012;0.00002;0.00001;0.00001;0.00012;0.00014;0.00004;0.00046;0.00102;0.00003;0.00019;0.00039;0.00030;0.00029;0.00012;0.00035;0.00017;0.00025;0.00009;0.00039;0.00021;0.00005;0.00004;0.00066;0.00006;0.00010;0.00014;0.00000;0.00012;0.00007;0.00005;0.00002;0.00003;0.00002;0.00018;0.00000;0.00000;0.00000;0.00000;0.00001;0.00073;0.00007;0.00008;0.00000;0.00000;0.00048;0.00001;0.00001;0.00003;0.00002;0.00001;0.00000;0.00004;0.00001;0.00002;0.00002;0.00001;0.00001;0.00039;0.00002;0.00013;0.00003;0.00005;0.00009;0.00005;0.00006;0.00001;0.00001;0.00001;0.00013;0.00006;0.00000;0.00000;0.00006;0.00001;0.00000;0.00001;0.00004;0.00000;0.00009;0.00018;0.00098;0.00003;0.00001;0.00000;0.00001;0.00000;0.00075;0.00000;0.00001;0.00003;0.00001;0.00001;0.00001;0.00000;0.00000;0.00002;0.00004;0.00009;0.00003;0.00001;0.00000;0.00000
2020-01-28 00:00;0.00001;0.00005;0.00000;0.00002;0.00000;0.00000;0.00000;0.00001;0.00000;0.00000;0.00004;0.00000;0.00005;0.00000;0.00000;0.00000;0.00003;0.00003;0.00001;0.00001;0.00000;0.00000;0.00000;0.00001;0.00001;0.00006;0.00000;0.00000;0.00000;0.00001;0.00012;0.00000;0.00008;0.00001;0.00001;0.00001;0.00000;0.00001;0.00000;0.00001;0.00004;0.00006;0.00000;0.00001;0.00000;0.00000;0.00000;0.00000;0.00006;0.00000;0.00000;0.00000;0.00000;0.00001;0.00000;0.00002;0.00000;0.00002;0.00000;0.00000;0.00000;0.00000;0.00000;0.00004;0.00000;0.00000;0.00000;0.00000;0.00000;0.00014;0.00000;0.00000;0.00000;0.00000;0.00005;0.00000;0.00000;0.00001;0.00001;0.00003;0.00000;0.00000;0.00001;0.00005;0.00004;0.00000;0.00002;0.00002;0.00000;0.00000;0.00001;0.00000;0.00005;0.00006;0.00000;0.00000;0.00004;0.00001;0.00014;0.00098;0.00454;0.00076;0.00001;0.00000;0.00001;0.00000;0.00001;0.00085;0.00002;0.00001;0.00001;0.00001;0.00001;0.00002;0.00001;0.00001;0.00000;0.00000;0.00001;0.00001;0.00001;0.00000;0.00001;0.00000;0.00000;0.00002;0.00001;0.00002;0.00000;0.00000;0.00001;0.00004;0.00000;0.00000;0.00002;0.00001;0.00003;0.00001;0.00001;0.00000;0.00001;0.00000;0.00000;0.00007;0.00001;0.00001;0.00004;0.00002;0.00001;0.00003;0.00024;0.00003;0.00007;0.00001;0.00002;0.00001;0.00001;0.00154;0.00000;0.00000;0.00001;0.00000;0.00030;0.00130;0.00022;0.00006;0.00004;0.00001;0.00001;0.00024;0.00018;0.00023;0.00036;0.00026;0.00002;0.00010;0.00000;0.00011;0.00038;0.00002;0.00048;0.00023;0.00001;0.00047;0.00032;0.00002;0.00003;0.00001;0.00006;0.00031;0.00107;0.00042;0.00032;0.00055;0.00000;0.00000;0.00067;0.00035;0.00012;0.00006;0.00004;0.00003;0.00110;0.00001;0.00009;0.00004;0.00020;0.00002;0.00005;0.00000;0.00002;0.00003;0.00004;0.00024;0.00005;0.00024;0.00045;0.00023;0.00003;0.00081;0.00003;0.00002;0.00001;0.00049;0.00048;0.00048;0.00018;0.00021;0.00037;0.00007;0.00012;0.00012;0.00010;0.00018;0.00002;0.00007;0.00000;0.00011;0.00010;0.00002;0.00004;0.00004;0.00053;0.00005;0.00009;0.00004;0.00000;0.00000;0.00000;0.00000;0.00017;0.00029;0.00001;0.00001;0.00007;0.00004;0.00005;0.00003;0.00002;0.00000;0.00006;0.00004;0.00000;0.00000;0.00001;0.00000;0.00000;0.00025;0.00002;0.00019;0.00002;0.00001;0.00010;0.00005;0.00040;0.00024;0.00008;0.00029;0.00019;0.00019;0.00012;0.00003;0.00004;0.00003;0.00025;0.00030;0.00000;0.00000;0.00003;0.00128;0.00142;0.00033;0.00001;0.00002;0.00019;0.00001;0.00001;0.00000;0.00001;0.00001;0.00004;0.00016;0.00013;0.00005;0.00050;0.00095;0.00008;0.00006;0.00004;0.00009;0.00007;0.00059;0.00016;0.00001;0.00003;0.00053;0.00002;0.00000;0.00007;0.00002;0.00004;0.00037;0.00006;0.00018;0.00003;0.00009;0.00039;0.00005;0.00003;0.00000;0.00004;0.00001;0.00001;0.00000;0.00000;0.00000;0.00002;0.00001;0.00002;0.00003;0.00010;0.00001;0.00001;0.00001;0.00001;0.00001;0.00001;0.00003;0.00001;0.00004;0.00048;0.00029;0.00007;0.00004;0.00003;0.00000;0.00001;0.00006;0.00000;0.00015;0.00017;0.00000;0.00001;0.00002;0.00002;0.00007;0.00025;0.00205;0.00001;0.00002;0.00003;0.00009;0.00003;0.00000;0.00014;0.00014;0.00001;0.00003;0.00005;0.00006;0.00009;0.00000;0.00002;0.00376;0.00007;0.00003;0.00003;0.00007;0.00008;0.00024;0.00005;0.00010;0.00019;0.00002;0.00001;0.00001;0.00012;0.00015;0.00004;0.00049;0.00105;0.00003;0.00020;0.00059;0.00091;0.00045;0.00013;0.00080;0.00019;0.00038;0.00010;0.00048;0.00026;0.00005;0.00009;0.00099;0.00006;0.00013;0.00026;0.00000;0.00013;0.00011;0.00006;0.00002;0.00009;0.00002;0.00018;0.00000;0.00000;0.00000;0.00000;0.00001;0.00073;0.00007;0.00008;0.00000;0.00000;0.00051;0.00001;0.00001;0.00003;0.00002;0.00001;0.00000;0.00004;0.00001;0.00002;0.00002;0.00001;0.00001;0.00039;0.00002;0.00067;0.00003;0.00005;0.00009;0.00005;0.00006;0.00001;0.00001;0.00001;0.00013;0.00006;0.00000;0.00000;0.00006;0.00001;0.00000;0.00001;0.00004;0.00000;0.00009;0.00018;0.00109;0.00003;0.00001;0.00000;0.00001;0.00000;0.00096;0.00000;0.00001;0.00004;0.00001;0.00001;0.00007;0.00000;0.00000;0.00002;0.00005;0.00009;0.00003;0.00001;0.00000;0.00000
2020-01-29 00:00;0.00001;0.00006;0.00000;0.00002;0.00000;0.00000;0.00000;0.00001;0.00000;0.00000;0.00004;0.00000;0.00005;0.00000;0.00000;0.00000;0.00003;0.00003;0.00001;0.00001;0.00000;0.00000;0.00000;0.00001;0.00001;0.00006;0.00000;0.00000;0.00000;0.00001;0.00005;0.00000;0.00008;0.00001;0.00001;0.00001;0.00000;0.00001;0.00000;0.00001;0.00004;0.00004;0.00000;0.00001;0.00000;0.00000;0.00000;0.00000;0.00004;0.00000;0.00000;0.00000;0.00000;0.00001;0.00000;0.00002;0.00000;0.00002;0.00000;0.00000;0.00000;0.00000;0.00000;0.00004;0.00000;0.00000;0.00000;0.00000;0.00000;0.00014;0.00000;0.00000;0.00000;0.00000;0.00005;0.00000;0.00000;0.00001;0.00001;0.00003;0.00000;0.00000;0.00001;0.00005;0.00004;0.00000;0.00002;0.00002;0.00000;0.00000;0.00001;0.00000;0.00005;0.00006;0.00000;0.00000;0.00004;0.00001;0.00010;0.00125;0.00633;0.00110;0.00001;0.00000;0.00001;0.00000;0.00001;0.00092;0.00002;0.00001;0.00001;0.00001;0.00001;0.00002;0.00001;0.00001;0.00000;0.00000;0.00001;0.00001;0.00001;0.00000;0.00001;0.00000;0.00000;0.00002;0.00001;0.00002;0.00000;0.00000;0.00001;0.00004;0.00000;0.00000;0.00002;0.00001;0.00003;0.00001;0.00001;0.00000;0.00001;0.00000;0.00000;0.00007;0.00001;0.00001;0.00004;0.00002;0.00001;0.00003;0.00024;0.00003;0.00007;0.00001;0.00002;0.00001;0.00001;0.00229;0.00000;0.00000;0.00001;0.00000;0.00036;0.00201;0.00024;0.00006;0.00004;0.00001;0.00001;0.00030;0.00018;0.00022;0.00038;0.00022;0.00002;0.00013;0.00000;0.00012;0.00050;0.00002;0.00047;0.00023;0.00001;0.00048;0.00032;0.00002;0.00003;0.00001;0.00006;0.00036;0.00112;0.00043;0.00032;0.00057;0.00000;0.00000;0.00069;0.00035;0.00011;0.00006;0.00004;0.00003;0.00119;0.00001;0.00009;0.00004;0.00021;0.00002;0.00005;0.00000;0.00002;0.00003;0.00004;0.00024;0.00005;0.00025;0.00046;0.00023;0.00003;0.00090;0.00003;0.00002;0.00001;0.00050;0.00049;0.00049;0.00018;0.00021;0.00036;0.00007;0.00012;0.00012;0.00010;0.00021;0.00002;0.00007;0.00000;0.00010;0.00008;0.00002;0.00003;0.00004;0.00047;0.00005;0.00009;0.00004;0.00000;0.00000;0.00000;0.00000;0.00016;0.00027;0.00001;0.00001;0.00007;0.00004;0.00006;0.00003;0.00002;0.00000;0.00003;0.00003;0.00000;0.00000;0.00001;0.00000;0.00000;0.00011;0.00002;0.00008;0.00002;0.00001;0.00008;0.00006;0.00041;0.00023;0.00008;0.00029;0.00018;0.00018;0.00012;0.00003;0.00004;0.00003;0.00016;0.00012;0.00000;0.00000;0.00003;0.00091;0.00117;0.00034;0.00001;0.00002;0.00008;0.00001;0.00001;0.00000;0.00001;0.00001;0.00004;0.00013;0.00012;0.00003;0.00045;0.00089;0.00007;0.00005;0.00004;0.00008;0.00007;0.00059;0.00016;0.00001;0.00003;0.00053;0.00002;0.00000;0.00002;0.00002;0.00004;0.00013;0.00006;0.00018;0.00003;0.00006;0.00012;0.00005;0.00003;0.00000;0.00006;0.00001;0.00001;0.00000;0.00000;0.00000;0.00002;0.00001;0.00002;0.00003;0.00005;0.00001;0.00001;0.00001;0.00001;0.00001;0.00001;0.00003;0.00001;0.00004;0.00049;0.00029;0.00007;0.00005;0.00003;0.00000;0.00001;0.00006;0.00000;0.00015;0.00017;0.00000;0.00000;0.00000;0.00000;0.00001;0.00027;0.00175;0.00000;0.00002;0.00003;0.00009;0.00003;0.00000;0.00003;0.00013;0.00001;0.00003;0.00005;0.00006;0.00009;0.00000;0.00000;0.00386;0.00003;0.00001;0.00003;0.00007;0.00007;0.00013;0.00005;0.00009;0.00018;0.00002;0.00001;0.00001;0.00012;0.00015;0.00004;0.00050;0.00106;0.00003;0.00020;0.00061;0.00091;0.00019;0.00012;0.00100;0.00019;0.00039;0.00007;0.00047;0.00026;0.00005;0.00009;0.00106;0.00006;0.00013;0.00032;0.00000;0.00014;0.00012;0.00006;0.00002;0.00010;0.00002;0.00018;0.00000;0.00000;0.00000;0.00000;0.00001;0.00073;0.00007;0.00008;0.00000;0.00000;0.00051;0.00001;0.00001;0.00003;0.00002;0.00001;0.00000;0.00004;0.00001;0.00002;0.00002;0.00001;0.00001;0.00039;0.00002;0.00087;0.00003;0.00005;0.00009;0.00005;0.00006;0.00001;0.00001;0.00001;0.00013;0.00006;0.00000;0.00000;0.00006;0.00001;0.00000;0.00001;0.00004;0.00000;0.00009;0.00018;0.00126;0.00003;0.00001;0.00000;0.00001;0.00000;0.00109;0.00000;0.00001;0.00005;0.00001;0.00001;0.00010;0.00000;0.00000;0.00002;0.00006;0.00009;0.00003;0.00001;0.00000;0.00000
2020-01-30 00:00;0.00001;0.00006;0.00000;0.00002;0.00000;0.00000;0.00000;0.00001;0.00000;0.00000;0.00004;0.00000;0.00005;0.00000;0.00000;0.00000;0.00004;0.00003;0.00001;0.00001;0.00000;0.00000;0.00000;0.00001;0.00001;0.00006;0.00000;0.00000;0.00000;0.00001;0.00004;0.00000;0.00008;0.00001;0.00001;0.00001;0.00000;0.00001;0.00000;0.00001;0.00004;0.00004;0.00000;0.00001;0.00000;0.00000;0.00000;0.00000;0.00004;0.00000;0.00000;0.00000;0.00000;0.00001;0.00000;0.00002;0.00000;0.00002;0.00000;0.00000;0.00000;0.00000;0.00000;0.00004;0.00000;0.00000;0.00000;0.00000;0.00000;0.00014;0.00000;0.00000;0.00000;0.00000;0.00005;0.00000;0.00000;0.00001;0.00001;0.00003;0.00000;0.00000;0.00001;0.00005;0.00004;0.00000;0.00002;0.00002;0.00000;0.00000;0.00001;0.00000;0.00005;0.00006;0.00000;0.00000;0.00004;0.00001;0.00007;0.00125;0.00651;0.00114;0.00001;0.00000;0.00001;0.00000;0.00001;0.00092;0.00002;0.00001;0.00001;0.00001;0.00001;0.00002;0.00001;0.00001;0.00000;0.00000;0.00001;0.00001;0.00001;0.00000;0.00001;0.00000;0.00000;0.00002;0.00001;0.00002;0.00000;0.00000;0.00001;0.00004;0.00000;0.00000;0.00002;0.00001;0.00003;0.00001;0.00001;0.00000;0.00001;0.00000;0.00000;0.00007;0.00001;0.00001;0.00004;0.00002;0.00001;0.00003;0.00024;0.00003;0.00007;0.00001;0.00002;0.00001;0.00001;0.00225;0.00000;0.00000;0.00001;0.00000;0.00036;0.00209;0.00025;0.00006;0.00004;0.00001;0.00001;0.00031;0.00018;0.00021;0.00036;0.00010;0.00002;0.00015;0.00000;0.00012;0.00052;0.00002;0.00041;0.00022;0.00001;0.00047;0.00032;0.00002;0.00003;0.00001;0.00006;0.00035;0.00091;0.00043;0.00030;0.00053;0.00000;0.00000;0.00063;0.00033;0.00009;0.00006;0.00004;0.00003;0.00100;0.00001;0.00008;0.00004;0.00021;0.00002;0.00005;0.00000;0.00002;0.00003;0.00004;0.00024;0.00005;0.00025;0.00047;0.00023;0.00003;0.00093;0.00003;0.00002;0.00001;0.00050;0.00048;0.00048;0.00017;0.00020;0.00033;0.00007;0.00012;0.00011;0.00010;0.00022;0.00001;0.00007;0.00000;0.00006;0.00004;0.00002;0.00002;0.00004;0.00016;0.00005;0.00009;0.00004;0.00000;0.00000;0.00000;0.00000;0.00012;0.00025;0.00001;0.00001;0.00006;0.00004;0.00005;0.00003;0.00002;0.00000;0.00001;0.00001;0.00000;0.00000;0.00001;0.00000;0.00000;0.00012;0.00002;0.00009;0.00002;0.00001;0.00006;0.00006;0.00038;0.00021;0.00008;0.00029;0.00017;0.00016;0.00011;0.00003;0.00004;0.00003;0.00007;0.00008;0.00000;0.00000;0.00002;0.00050;0.00037;0.00020;0.00001;0.00002;0.00011;0.00001;0.00001;0.00000;0.00001;0.00001;0.00003;0.00011;0.00006;0.00002;0.00033;0.00056;0.00007;0.00004;0.00004;0.00006;0.00006;0.00051;0.00016;0.00001;0.00003;0.00032;0.00002;0.00000;0.00003;0.00002;0.00004;0.00018;0.00005;0.00017;0.00003;0.00004;0.00018;0.00004;0.00003;0.00000;0.00006;0.00001;0.00001;0.00000;0.00000;0.00000;0.00002;0.00001;0.00002;0.00003;0.00007;0.00001;0.00001;0.00001;0.00001;0.00001;0.00001;0.00002;0.00001;0.00003;0.00049;0.00029;0.00006;0.00005;0.00003;0.00000;0.00001;0.00004;0.00000;0.00014;0.00017;0.00000;0.00000;0.00000;0.00000;0.00001;0.00026;0.00044;0.00000;0.00002;0.00003;0.00009;0.00003;0.00000;0.00003;0.00008;0.00001;0.00003;0.00005;0.00006;0.00009;0.00000;0.00000;0.00195;0.00000;0.00002;0.00003;0.00006;0.00008;0.00003;0.00005;0.00008;0.00011;0.00002;0.00001;0.00001;0.00013;0.00015;0.00004;0.00050;0.00106;0.00003;0.00020;0.00055;0.00025;0.00023;0.00011;0.00095;0.00019;0.00037;0.00005;0.00042;0.00024;0.00005;0.00007;0.00092;0.00006;0.00012;0.00032;0.00000;0.00014;0.00011;0.00005;0.00002;0.00009;0.00002;0.00018;0.00000;0.00000;0.00000;0.00000;0.00001;0.00073;0.00007;0.00008;0.00000;0.00000;0.00051;0.00001;0.00001;0.00003;0.00002;0.00001;0.00000;0.00004;0.00001;0.00002;0.00002;0.00001;0.00001;0.00039;0.00002;0.00079;0.00003;0.00005;0.00009;0.00005;0.00006;0.00001;0.00001;0.00001;0.00013;0.00006;0.00000;0.00000;0.00006;0.00001;0.00000;0.00001;0.00004;0.00000;0.00009;0.00018;0.00127;0.00003;0.00001;0.00000;0.00001;0.00000;0.00111;0.00000;0.00001;0.00005;0.00001;0.00001;0.00010;0.00000;0.00000;0.00002;0.00006;0.00009;0.00003;0.00001;0.00000;0.00000
2020-01-31 00:00;0.00001;0.00006;0.00000;0.00002;0.00000;0.00000;0.00000;0.00001;0.00000;0.00000;0.00004;0.00000;0.00005;0.00000;0.00000;0.00000;0.00004;0.00003;0.00001;0.00001;0.00000;0.00000;0.00000;0.00001;0.00001;0.00006;0.00000;0.00000;0.00000;0.00001;0.00003;0.00000;0.00008;0.00001;0.00001;0.00001;0.00000;0.00001;0.00000;0.00001;0.00004;0.00004;0.00000;0.00001;0.00000;0.00000;0.00000;0.00000;0.00004;0.00000;0.00000;0.00000;0.00000;0.00001;0.00000;0.00002;0.00000;0.00002;0.00000;0.00000;0.00000;0.00000;0.00000;0.00004;0.00000;0.00000;0.00000;0.00000;0.00000;0.00014;0.00000;0.00000;0.00000;0.00000;0.00005;0.00000;0.00000;0.00001;0.00001;0.00003;0.00000;0.00000;0.00001;0.00005;0.00004;0.00000;0.00002;0.00002;0.00000;0.00000;0.00001;0.00000;0.00005;0.00006;0.00000;0.00000;0.00004;0.00001;0.00009;0.00126;0.00638;0.00115;0.00001;0.00000;0.00001;0.00000;0.00001;0.00092;0.00002;0.00001;0.00001;0.00001;0.00001;0.00002;0.00001;0.00001;0.00000;0.00000;0.00001;0.00001;0.00001;0.00000;0.00001;0.00000;0.00000;0.00002;0.00001;0.00002;0.00000;0.00000;0.00001;0.00004;0.00000;0.00000;0.00002;0.00001;0.00003;0.00001;0.00001;0.00000;0.00001;0.00000;0.00000;0.00007;0.00001;0.00001;0.00004;0.00002;0.00001;0.00003;0.00024;0.00003;0.00007;0.00001;0.00002;0.00001;0.00001;0.00209;0.00000;0.00000;0.00001;0.00000;0.00036;0.00210;0.00025;0.00006;0.00004;0.00001;0.00001;0.00031;0.00018;0.00020;0.00035;0.00013;0.00002;0.00016;0.00000;0.00012;0.00053;0.00003;0.00032;0.00020;0.00001;0.00045;0.00033;0.00002;0.00003;0.00001;0.00006;0.00033;0.00063;0.00042;0.00028;0.00050;0.00000;0.00000;0.00057;0.00031;0.00008;0.00006;0.00004;0.00003;0.00070;0.00001;0.00007;0.00004;0.00022;0.00002;0.00005;0.00000;0.00002;0.00003;0.00004;0.00024;0.00005;0.00028;0.00047;0.00023;0.00003;0.00097;0.00003;0.00002;0.00001;0.00050;0.00048;0.00047;0.00016;0.00019;0.00030;0.00006;0.00011;0.00010;0.00010;0.00023;0.00001;0.00006;0.00000;0.00007;0.00006;0.00002;0.00003;0.00004;0.00019;0.00005;0.00009;0.00004;0.00000;0.00000;0.00000;0.00000;0.00008;0.00026;0.00001;0.00001;0.00005;0.00003;0.00004;0.00003;0.00002;0.00000;0.00002;0.00002;0.00000;0.00000;0.00001;0.00000;0.00000;0.00008;0.00002;0.00006;0.00002;0.00001;0.00007;0.00006;0.00034;0.00019;0.00008;0.00029;0.00017;0.00017;0.00011;0.00003;0.00004;0.00003;0.00011;0.00006;0.00000;0.00000;0.00002;0.00025;0.00049;0.00006;0.00001;0.00002;0.00007;0.00001;0.00001;0.00000;0.00001;0.00001;0.00003;0.00011;0.00003;0.00003;0.00015;0.00014;0.00007;0.00005;0.00003;0.00003;0.00004;0.00042;0.00015;0.00001;0.00003;0.00008;0.00002;0.00000;0.00001;0.00002;0.00004;0.00010;0.00005;0.00016;0.00003;0.00005;0.00008;0.00004;0.00004;0.00000;0.00007;0.00001;0.00001;0.00000;0.00000;0.00000;0.00002;0.00001;0.00002;0.00003;0.00005;0.00001;0.00001;0.00001;0.00001;0.00001;0.00001;0.00002;0.00001;0.00001;0.00050;0.00029;0.00005;0.00005;0.00003;0.00000;0.00001;0.00002;0.00000;0.00014;0.00017;0.00000;0.00000;0.00000;0.00000;0.00000;0.00025;0.00049;0.00000;0.00002;0.00002;0.00009;0.00003;0.00000;0.00001;0.00002;0.00001;0.00003;0.00005;0.00006;0.00009;0.00000;0.00000;0.00045;0.00002;0.00001;0.00003;0.00006;0.00007;0.00007;0.00005;0.00009;0.00004;0.00002;0.00001;0.00001;0.00013;0.00015;0.00004;0.00050;0.00105;0.00003;0.00019;0.00044;0.00031;0.00014;0.00012;0.00089;0.00018;0.00035;0.00006;0.00036;0.00023;0.00005;0.00005;0.00074;0.00006;0.00011;0.00031;0.00000;0.00014;0.00011;0.00004;0.00002;0.00009;0.00002;0.00018;0.00000;0.00000;0.00000;0.00000;0.00001;0.00073;0.00007;0.00008;0.00000;0.00000;0.00050;0.00001;0.00001;0.00003;0.00002;0.00001;0.00000;0.00004;0.00001;0.00002;0.00002;0.00001;0.00001;0.00039;0.00002;0.00073;0.00003;0.00005;0.00009;0.00005;0.00006;0.00001;0.00001;0.00001;0.00013;0.00006;0.00000;0.00000;0.00006;0.00001;0.00000;0.00001;0.00004;0.00000;0.00009;0.00018;0.00125;0.00003;0.00001;0.00000;0.00001;0.00000;0.00112;0.00000;0.00001;0.00005;0.00001;0.00001;0.00011;0.00000;0.00000;0.00002;0.00006;0.00009;0.00003;0.00001;0.00000;0.00000
2020-02-01 00:00;0.00001;0.00006;0.00000;0.00002;0.00000;0.00000;0.00000;0.00001;0.00000;0.00000;0.00004;0.00000;0.00005;0.00000;0.00000;0.00000;0.00004;0.00003;0.00001;0.00001;0.00000;0.00000;0.00000;0.00001;0.00001;0.00005;0.00000;0.00000;0.00000;0.00001;0.00004;0.00000;0.00008;0.00001;0.00001;0.00001;0.00000;0.00001;0.00000;0.00001;0.00004;0.00004;0.00000;0.00001;0.00000;0.00000;0.00000;0.00000;0.00004;0.00000;0.00000;0.00000;0.00000;0.00001;0.00000;0.00002;0.00000;0.00002;0.00000;0.00000;0.00000;0.00000;0.00000;0.00004;0.00000;0.00000;0.00000;0.00000;0.00000;0.00014;0.00000;0.00000;0.00000;0.00000;0.00005;0.00000;0.00000;0.00001;0.00001;0.00003;0.00000;0.00000;0.00001;0.00005;0.00004;0.00000;0.00002;0.00002;0.00000;0.00000;0.00001;0.00000;0.00005;0.00006;0.00000;0.00000;0.00004;0.00001;0.00008;0.00127;0.00632;0.00116;0.00001;0.00000;0.00001;0.00000;0.00001;0.00091;0.00002;0.00001;0.00001;0.00001;0.00001;0.00002;0.00001;0.00001;0.00000;0.00000;0.00001;0.00001;0.00001;0.00000;0.00001;0.00000;0.00000;0.00002;0.00001;0.00002;0.00000;0.00000;0.00001;0.00004;0.00000;0.00000;0.00002;0.00001;0.00003;0.00001;0.00001;0.00000;0.00001;0.00000;0.00000;0.00007;0.00001;0.00001;0.00004;0.00002;0.00001;0.00003;0.00024;0.00003;0.00007;0.00001;0.00002;0.00001;0.00001;0.00197;0.00000;0.00000;0.00001;0.00000;0.00036;0.00213;0.00025;0.00006;0.00004;0.00001;0.00001;0.00032;0.00018;0.00020;0.00034;0.00009;0.00002;0.00017;0.00000;0.00013;0.00053;0.00003;0.00035;0.00018;0.00000;0.00046;0.00034;0.00002;0.00003;0.00001;0.00006;0.00035;0.00078;0.00043;0.00028;0.00047;0.00000;0.00000;0.00053;0.00032;0.00008;0.00006;0.00004;0.00003;0.00081;0.00001;0.00006;0.00004;0.00022;0.00002;0.00005;0.00000;0.00002;0.00003;0.00004;0.00024;0.00005;0.00029;0.00048;0.00023;0.00003;0.00101;0.00003;0.00002;0.00001;0.00050;0.00049;0.00048;0.00016;0.00020;0.00033;0.00007;0.00011;0.00010;0.00010;0.00024;0.00001;0.00006;0.00000;0.00006;0.00003;0.00002;0.00002;0.00004;0.00011;0.00005;0.00009;0.00004;0.00000;0.00000;0.00000;0.00000;0.00012;0.00025;0.00001;0.00001;0.00006;0.00003;0.00003;0.00003;0.00002;0.00000;0.00001;0.00001;0.00000;0.00000;0.00001;0.00000;0.00000;0.00012;0.00002;0.00010;0.00002;0.00001;0.00006;0.00006;0.00029;0.00021;0.00008;0.00029;0.00017;0.00016;0.00010;0.00003;0.00004;0.00003;0.00007;0.00009;0.00000;0.00000;0.00002;0.00053;0.00027;0.00012;0.00001;0.00002;0.00012;0.00001;0.00001;0.00000;0.00001;0.00001;0.00003;0.00011;0.00007;0.00002;0.00028;0.00040;0.00007;0.00004;0.00003;0.00006;0.00005;0.00046;0.00014;0.00001;0.00003;0.00019;0.00002;0.00000;0.00003;0.00002;0.00004;0.00019;0.00005;0.00016;0.00003;0.00004;0.00020;0.00004;0.00004;0.00000;0.00007;0.00001;0.00001;0.00000;0.00000;0.00000;0.00002;0.00001;0.00002;0.00003;0.00008;0.00001;0.00001;0.00001;0.00001;0.00001;0.00001;0.00002;0.00001;0.00003;0.00049;0.00029;0.00005;0.00005;0.00003;0.00000;0.00001;0.00003;0.00000;0.00014;0.00017;0.00000;0.00000;0.00000;0.00000;0.00001;0.00023;0.00021;0.00000;0.00002;0.00003;0.00009;0.00003;0.00000;0.00003;0.00008;0.00001;0.00003;0.00005;0.00006;0.00009;0.00000;0.00001;0.00122;0.00000;0.00002;0.00002;0.00006;0.00008;0.00003;0.00005;0.00008;0.00009;0.00002;0.00001;0.00001;0.00013;0.00015;0.00004;0.00050;0.00105;0.00003;0.00020;0.00033;0.00013;0.00022;0.00011;0.00083;0.00017;0.00033;0.00005;0.00042;0.00023;0.00005;0.00003;0.00070;0.00006;0.00011;0.00031;0.00000;0.00014;0.00010;0.00005;0.00002;0.00009;0.00002;0.00018;0.00000;0.00000;0.00000;0.00000;0.00001;0.00073;0.00007;0.00008;0.00000;0.00000;0.00050;0.00001;0.00001;0.00003;0.00002;0.00001;0.00000;0.00004;0.00001;0.00002;0.00002;0.00001;0.00001;0.00039;0.00002;0.00068;0.00003;0.00005;0.00009;0.00005;0.00006;0.00001;0.00001;0.00001;0.00013;0.00006;0.00000;0.00000;0.00006;0.00001;0.00000;0.00001;0.00004;0.00000;0.00009;0.00018;0.00122;0.00003;0.00001;0.00000;0.00001;0.00000;0.00112;0.00000;0.00001;0.00004;0.00001;0.00001;0.00011;0.00000;0.00000;0.00002;0.00006;0.00009;0.00003;0.00001;0.00000;0.00000
2020-02-02 00:00;0.00001;0.00006;0.00000;0.00002;0.00000;0.00000;0.00000;0.00001;0.00000;0.00000;0.00004;0.00000;0.00005;0.00000;0.00000;0.00000;0.00004;0.00003;0.00001;0.00001;0.00000;0.00000;0.00000;0.00001;0.00001;0.00005;0.00000;0.00000;0.00000;0.00001;0.00003;0.00000;0.00008;0.00001;0.00001;0.00001;0.00000;0.00001;0.00000;0.00001;0.00004;0.00004;0.00000;0.00001;0.00000;0.00000;0.00000;0.00000;0.00004;0.00000;0.00000;0.00000;0.00000;0.00001;0.00000;0.00002;0.00000;0.00002;0.00000;0.00000;0.00000;0.00000;0.00000;0.00004;0.00000;0.00000;0.00000;0.00000;0.00000;0.00014;0.00000;0.00000;0.00000;0.00000;0.00005;0.00000;0.00000;0.00001;0.00001;0.00003;0.00000;0.00000;0.00001;0.00005;0.00004;0.00000;0.00002;0.00002;0.00000;0.00000;0.00001;0.00000;0.00005;0.00006;0.00000;0.00000;0.00004;0.00001;0.00009;0.00128;0.00632;0.00116;0.00001;0.00000;0.00001;0.00000;0.00001;0.00092;0.00002;0.00001;0.00001;0.00001;0.00001;0.00002;0.00001;0.00001;0.00000;0.00000;0.00001;0.00001;0.00001;0.00000;0.00001;0.00000;0.00000;0.00002;0.00001;0.00002;0.00000;0.00000;0.00001;0.00004;0.00000;0.00000;0.00002;0.00001;0.00003;0.00001;0.00001;0.00000;0.00001;0.00000;0.00000;0.00007;0.00001;0.00001;0.00004;0.00002;0.00001;0.00003;0.00024;0.00003;0.00007;0.00001;0.00002;0.00001;0.00001;0.00183;0.00000;0.00000;0.00001;0.00000;0.00036;0.00213;0.00025;0.00006;0.00004;0.00001;0.00001;0.00033;0.00018;0.00018;0.00030;0.00012;0.00002;0.00018;0.00000;0.00011;0.00053;0.00003;0.00032;0.00019;0.00001;0.00042;0.00031;0.00002;0.00003;0.00001;0.00005;0.00028;0.00066;0.00039;0.00026;0.00040;0.00000;0.00000;0.00042;0.00030;0.00007;0.00006;0.00004;0.00003;0.00073;0.00001;0.00006;0.00004;0.00022;0.00002;0.00005;0.00000;0.00002;0.00003;0.00004;0.00024;0.00005;0.00029;0.00047;0.00023;0.00003;0.00102;0.00003;0.00002;0.00001;0.00049;0.00045;0.00043;0.00015;0.00019;0.00030;0.00006;0.00010;0.00009;0.00010;0.00025;0.00001;0.00006;0.00000;0.00007;0.00007;0.00002;0.00002;0.00004;0.00016;0.00005;0.00009;0.00004;0.00000;0.00000;0.00000;0.00000;0.00008;0.00025;0.00001;0.00001;0.00005;0.00003;0.00003;0.00003;0.00002;0.00000;0.00002;0.00002;0.00000;0.00000;0.00001;0.00000;0.00000;0.00008;0.00002;0.00007;0.00002;0.00001;0.00006;0.00005;0.00029;0.00019;0.00008;0.00029;0.00017;0.00017;0.00010;0.00003;0.00004;0.00003;0.00010;0.00007;0.00000;0.00000;0.00002;0.00039;0.00043;0.00007;0.00001;0.00002;0.00007;0.00001;0.00001;0.00000;0.00001;0.00001;0.00003;0.00011;0.00004;0.00002;0.00018;0.00020;0.00007;0.00005;0.00003;0.00004;0.00004;0.00043;0.00014;0.00001;0.00003;0.00010;0.00002;0.00000;0.00001;0.00002;0.00004;0.00011;0.00005;0.00014;0.00003;0.00005;0.00009;0.00004;0.00004;0.00000;0.00007;0.00001;0.00001;0.00000;0.00000;0.00000;0.00002;0.00001;0.00002;0.00003;0.00005;0.00001;0.00001;0.00001;0.00001;0.00001;0.00001;0.00002;0.00001;0.00001;0.00048;0.00029;0.00004;0.00005;0.00003;0.00000;0.00001;0.00001;0.00000;0.00013;0.00017;0.00000;0.00000;0.00000;0.00000;0.00000;0.00020;0.00041;0.00000;0.00002;0.00002;0.00009;0.00003;0.00000;0.00001;0.00002;0.00001;0.00003;0.00004;0.00006;0.00009;0.00000;0.00000;0.00068;0.00001;0.00001;0.00001;0.00006;0.00007;0.00005;0.00005;0.00008;0.00005;0.00002;0.00001;0.00001;0.00013;0.00014;0.00004;0.00049;0.00104;0.00003;0.00019;0.00037;0.00026;0.00013;0.00012;0.00066;0.00016;0.00027;0.00006;0.00036;0.00020;0.00005;0.00005;0.00062;0.00006;0.00010;0.00028;0.00000;0.00013;0.00008;0.00004;0.00002;0.00005;0.00002;0.00018;0.00000;0.00000;0.00000;0.00000;0.00001;0.00073;0.00007;0.00008;0.00000;0.00000;0.00049;0.00001;0.00001;0.00003;0.00002;0.00001;0.00000;0.00004;0.00001;0.00002;0.00002;0.00001;0.00001;0.00039;0.00002;0.00063;0.00003;0.00005;0.00009;0.00005;0.00006;0.00001;0.00001;0.00001;0.00013;0.00006;0.00000;0.00000;0.00006;0.00001;0.00000;0.00001;0.00004;0.00000;0.00009;0.00018;0.00120;0.00003;0.00001;0.00000;0.00001;0.00000;0.00112;0.00000;0.00001;0.00004;0.00001;0.00001;0.00011;0.00000;0.00000;0.00002;0.00006;0.00009;0.00003;0.00001;0.00000;0.00000
2020-02-03 00:00;0.00001;0.00006;0.00000;0.00002;0.00000;0.00000;0.00000;0.00001;0.00000;0.00000;0.00004;0.00000;0.00005;0.00000;0.00000;0.00000;0.00004;0.00003;0.00001;0.00001;0.00000;0.00000;0.00000;0.00001;0.00001;0.00004;0.00000;0.00000;0.00000;0.00001;0.00004;0.00000;0.00008;0.00001;0.00001;0.00001;0.00000;0.00001;0.00000;0.00001;0.00004;0.00004;0.00000;0.00001;0.00000;0.00000;0.00000;0.00000;0.00004;0.00000;0.00000;0.00000;0.00000;0.00001;0.00000;0.00002;0.00000;0.00002;0.00000;0.00000;0.00000;0.00000;0.00000;0.00004;0.00000;0.00000;0.00000;0.00000;0.00000;0.00014;0.00000;0.00000;0.00000;0.00000;0.00005;0.00000;0.00000;0.00001;0.00001;0.00003;0.00000;0.00000;0.00001;0.00005;0.00004;0.00000;0.00002;0.00002;0.00000;0.00000;0.00001;0.00000;0.00005;0.00006;0.00000;0.00000;0.00004;0.00001;0.00008;0.00129;0.00632;0.00117;0.00001;0.00000;0.00001;0.00000;0.00001;0.00092;0.00002;0.00001;0.00001;0.00001;0.00001;0.00002;0.00001;0.00001;0.00000;0.00000;0.00001;0.00001;0.00001;0.00000;0.00001;0.00000;0.00000;0.00002;0.00001;0.00002;0.00000;0.00000;0.00001;0.00004;0.00000;0.00000;0.00002;0.00001;0.00003;0.00001;0.00001;0.00000;0.00001;0.00000;0.00000;0.00007;0.00001;0.00001;0.00004;0.00002;0.00001;0.00003;0.00024;0.00003;0.00007;0.00001;0.00002;0.00001;0.00001;0.00171;0.00000;0.00000;0.00001;0.00000;0.00036;0.00214;0.00024;0.00006;0.00004;0.00001;0.00001;0.00032;0.00018;0.00021;0.00032;0.00008;0.00002;0.00019;0.00000;0.00013;0.00054;0.00003;0.00030;0.00019;0.00000;0.00043;0.00033;0.00002;0.00003;0.00001;0.00006;0.00030;0.00085;0.00041;0.00030;0.00047;0.00000;0.00000;0.00056;0.00033;0.00009;0.00006;0.00004;0.00003;0.00089;0.00001;0.00006;0.00004;0.00023;0.00002;0.00005;0.00000;0.00002;0.00003;0.00004;0.00024;0.00005;0.00029;0.00047;0.00024;0.00003;0.00103;0.00003;0.00002;0.00001;0.00050;0.00047;0.00046;0.00017;0.00020;0.00034;0.00007;0.00011;0.00011;0.00010;0.00025;0.00001;0.00006;0.00000;0.00006;0.00003;0.00002;0.00002;0.00004;0.00010;0.00005;0.00009;0.00004;0.00000;0.00000;0.00000;0.00000;0.00011;0.00025;0.00001;0.00001;0.00006;0.00004;0.00003;0.00003;0.00002;0.00000;0.00001;0.00001;0.00000;0.00000;0.00001;0.00000;0.00000;0.00012;0.00002;0.00011;0.00002;0.00001;0.00007;0.00006;0.00028;0.00022;0.00008;0.00029;0.00017;0.00016;0.00010;0.00003;0.00004;0.00003;0.00006;0.00008;0.00000;0.00000;0.00002;0.00058;0.00025;0.00012;0.00001;0.00002;0.00015;0.00001;0.00001;0.00000;0.00001;0.00001;0.00003;0.00011;0.00008;0.00002;0.00031;0.00043;0.00007;0.00005;0.00003;0.00007;0.00005;0.00047;0.00015;0.00001;0.00003;0.00021;0.00002;0.00000;0.00003;0.00001;0.00004;0.00024;0.00005;0.00016;0.00003;0.00004;0.00022;0.00004;0.00004;0.00000;0.00008;0.00001;0.00001;0.00000;0.00000;0.00000;0.00002;0.00001;0.00002;0.00003;0.00009;0.00001;0.00001;0.00001;0.00001;0.00001;0.00001;0.00002;0.00001;0.00003;0.00047;0.00029;0.00007;0.00005;0.00003;0.00000;0.00001;0.00005;0.00000;0.00014;0.00017;0.00000;0.00000;0.00000;0.00000;0.00001;0.00017;0.00017;0.00000;0.00002;0.00003;0.00009;0.00003;0.00000;0.00004;0.00009;0.00001;0.00003;0.00004;0.00006;0.00009;0.00000;0.00001;0.00132;0.00000;0.00002;0.00002;0.00006;0.00008;0.00002;0.00005;0.00008;0.00010;0.00002;0.00001;0.00001;0.00013;0.00015;0.00004;0.00051;0.00105;0.00003;0.00019;0.00038;0.00011;0.00014;0.00012;0.00062;0.00018;0.00029;0.00005;0.00043;0.00023;0.00005;0.00002;0.00075;0.00006;0.00011;0.00030;0.00000;0.00013;0.00009;0.00005;0.00002;0.00007;0.00002;0.00018;0.00000;0.00000;0.00000;0.00000;0.00001;0.00073;0.00007;0.00008;0.00000;0.00000;0.00049;0.00001;0.00001;0.00003;0.00002;0.00001;0.00000;0.00004;0.00001;0.00002;0.00002;0.00001;0.00001;0.00039;0.00002;0.00058;0.00003;0.00005;0.00009;0.00005;0.00006;0.00001;0.00001;0.00001;0.00013;0.00006;0.00000;0.00000;0.00006;0.00001;0.00000;0.00001;0.00004;0.00000;0.00009;0.00018;0.00118;0.00003;0.00001;0.00000;0.00001;0.00000;0.00112;0.00000;0.00001;0.00004;0.00001;0.00001;0.00012;0.00000;0.00000;0.00002;0.00005;0.00009;0.00003;0.00001;0.00000;0.00000
2020-02-04 00:00;0.00001;0.00006;0.00000;0.00002;0.00000;0.00000;0.00000;0.00001;0.00000;0.00000;0.00004;0.00000;0.00005;0.00000;0.00000;0.00000;0.00004;0.00003;0.00001;0.00001;0.00000;0.00000;0.00000;0.00001;0.00001;0.00004;0.00000;0.00000;0.00000;0.00001;0.00003;0.00000;0.00008;0.00001;0.00001;0.00001;0.00000;0.00001;0.00000;0.00001;0.00004;0.00004;0.00000;0.00001;0.00000;0.00000;0.00000;0.00000;0.00004;0.00000;0.00000;0.00000;0.00000;0.00001;0.00000;0.00002;0.00000;0.00002;0.00000;0.00000;0.00000;0.00000;0.00000;0.00004;0.00000;0.00000;0.00000;0.00000;0.00000;0.00014;0.00000;0.00000;0.00000;0.00000;0.00005;0.00000;0.00000;0.00001;0.00001;0.00003;0.00000;0.00000;0.00001;0.00005;0.00004;0.00000;0.00002;0.00002;0.00000;0.00000;0.00001;0.00000;0.00005;0.00006;0.00000;0.00000;0.00004;0.00001;0.00009;0.00127;0.00635;0.00116;0.00001;0.00000;0.00001;0.00000;0.00001;0.00092;0.00002;0.00001;0.00001;0.00001;0.00001;0.00002;0.00001;0.00001;0.00000;0.00000;0.00001;0.00001;0.00001;0.00000;0.00001;0.00000;0.00000;0.00002;0.00001;0.00002;0.00000;0.00000;0.00001;0.00004;0.00000;0.00000;0.00002;0.00001;0.00003;0.00001;0.00001;0.00000;0.00001;0.00000;0.00000;0.00007;0.00001;0.00001;0.00004;0.00002;0.00001;0.00003;0.00024;0.00003;0.00007;0.00001;0.00002;0.00001;0.00001;0.00161;0.00000;0.00000;0.00001;0.00000;0.00036;0.00213;0.00024;0.00006;0.00004;0.00001;0.00001;0.00032;0.00018;0.00018;0.00025;0.00012;0.00002;0.00020;0.00000;0.00012;0.00053;0.00003;0.00039;0.00018;0.00001;0.00041;0.00032;0.00002;0.00003;0.00001;0.00005;0.00029;0.00071;0.00040;0.00028;0.00044;0.00000;0.00000;0.00052;0.00030;0.00007;0.00006;0.00004;0.00003;0.00079;0.00001;0.00004;0.00004;0.00023;0.00002;0.00005;0.00000;0.00002;0.00003;0.00004;0.00024;0.00005;0.00029;0.00046;0.00024;0.00003;0.00103;0.00003;0.00002;0.00001;0.00049;0.00046;0.00044;0.00015;0.00019;0.00031;0.00006;0.00009;0.00009;0.00010;0.00025;0.00001;0.00005;0.00000;0.00007;0.00008;0.00002;0.00003;0.00004;0.00017;0.00005;0.00009;0.00004;0.00000;0.00000;0.00000;0.00000;0.00008;0.00026;0.00001;0.00001;0.00005;0.00003;0.00002;0.00003;0.00002;0.00000;0.00002;0.00002;0.00000;0.00000;0.00001;0.00000;0.00000;0.00008;0.00002;0.00007;0.00002;0.00001;0.00004;0.00005;0.00028;0.00019;0.00008;0.00029;0.00017;0.00017;0.00010;0.00003;0.00004;0.00003;0.00011;0.00006;0.00000;0.00000;0.00002;0.00041;0.00047;0.00007;0.00001;0.00002;0.00008;0.00001;0.00001;0.00000;0.00001;0.00001;0.00003;0.00011;0.00004;0.00002;0.00019;0.00021;0.00007;0.00004;0.00003;0.00005;0.00004;0.00044;0.00014;0.00001;0.00003;0.00011;0.00002;0.00000;0.00001;0.00002;0.00004;0.00013;0.00005;0.00015;0.00003;0.00005;0.00010;0.00004;0.00004;0.00000;0.00008;0.00001;0.00001;0.00000;0.00000;0.00000;0.00002;0.00001;0.00002;0.00003;0.00006;0.00001;0.00001;0.00001;0.00001;0.00001;0.00001;0.00002;0.00001;0.00002;0.00045;0.00029;0.00005;0.00005;0.00003;0.00000;0.00001;0.00002;0.00000;0.00013;0.00017;0.00000;0.00000;0.00000;0.00000;0.00000;0.00015;0.00046;0.00000;0.00002;0.00002;0.00009;0.00003;0.00000;0.00001;0.00003;0.00001;0.00003;0.00004;0.00006;0.00009;0.00000;0.00000;0.00073;0.00002;0.00001;0.00001;0.00006;0.00007;0.00006;0.00005;0.00008;0.00006;0.00002;0.00001;0.00001;0.00013;0.00014;0.00004;0.00049;0.00104;0.00003;0.00019;0.00032;0.00027;0.00024;0.00011;0.00047;0.00016;0.00026;0.00006;0.00037;0.00021;0.00005;0.00008;0.00064;0.00006;0.00009;0.00029;0.00000;0.00013;0.00008;0.00004;0.00002;0.00006;0.00002;0.00018;0.00000;0.00000;0.00000;0.00000;0.00001;0.00073;0.00007;0.00008;0.00000;0.00000;0.00049;0.00001;0.00001;0.00003;0.00002;0.00001;0.00000;0.00004;0.00001;0.00002;0.00002;0.00001;0.00001;0.00039;0.00002;0.00054;0.00003;0.00005;0.00009;0.00005;0.00006;0.00001;0.00001;0.00001;0.00013;0.00006;0.00000;0.00000;0.00006;0.00001;0.00000;0.00001;0.00004;0.00000;0.00009;0.00018;0.00116;0.00003;0.00001;0.00000;0.00001;0.00000;0.00111;0.00000;0.00001;0.00004;0.00001;0.00001;0.00012;0.00000;0.00000;0.00002;0.00005;0.00009;0.00003;0.00001;0.00000;0.00000
2020-02-05 00:00;0.00001;0.00006;0.00000;0.00002;0.00000;0.00000;0.00000;0.00001;0.00000;0.00000;0.00004;0.00000;0.00005;0.00000;0.00000;0.00000;0.00004;0.00003;0.00001;0.00001;0.00000;0.00000;0.00000;0.00001;0.00001;0.00004;0.00000;0.00000;0.00000;0.00001;0.00004;0.00000;0.00008;0.00001;0.00001;0.00001;0.00000;0.00001;0.00000;0.00001;0.00004;0.00004;0.00000;0.00001;0.00000;0.00000;0.00000;0.00000;0.00004;0.00000;0.00000;0.00000;0.00000;0.00001;0.00000;0.00002;0.00000;0.00002;0.00000;0.00000;0.00000;0.00000;0.00000;0.00004;0.00000;0.00000;0.00000;0.00000;0.00000;0.00014;0.00000;0.00000;0.00000;0.00000;0.00005;0.00000;0.00000;0.00001;0.00001;0.00003;0.00000;0.00000;0.00001;0.00005;0.00004;0.00000;0.00002;0.00002;0.00000;0.00000;0.00001;0.00000;0.00005;0.00006;0.00000;0.00000;0.00004;0.00001;0.00008;0.00129;0.00636;0.00117;0.00001;0.00000;0.00001;0.00000;0.00001;0.00092;0.00002;0.00001;0.00001;0.00001;0.00001;0.00002;0.00001;0.00001;0.00000;0.00000;0.00001;0.00001;0.00001;0.00000;0.00001;0.00000;0.00000;0.00002;0.00001;0.00002;0.00000;0.00000;0.00001;0.00004;0.00000;0.00000;0.00002;0.00001;0.00003;0.00001;0.00001;0.00000;0.00001;0.00000;0.00000;0.00007;0.00001;0.00001;0.00004;0.00002;0.00001;0.00003;0.00024;0.00003;0.00007;0.00001;0.00002;0.00001;0.00001;0.00154;0.00000;0.00000;0.00001;0.00000;0.00036;0.00215;0.00024;0.00006;0.00004;0.00001;0.00001;0.00034;0.00017;0.00020;0.00031;0.00008;0.00002;0.00021;0.00000;0.00012;0.00054;0.00003;0.00033;0.00019;0.00001;0.00041;0.00033;0.00002;0.00003;0.00001;0.00005;0.00028;0.00077;0.00040;0.00028;0.00044;0.00000;0.00000;0.00050;0.00032;0.00010;0.00006;0.00004;0.00003;0.00082;0.00001;0.00007;0.00004;0.00023;0.00002;0.00005;0.00000;0.00002;0.00003;0.00004;0.00024;0.00005;0.00030;0.00045;0.00024;0.00003;0.00102;0.00003;0.00002;0.00001;0.00049;0.00046;0.00044;0.00016;0.00020;0.00033;0.00007;0.00011;0.00011;0.00010;0.00025;0.00001;0.00006;0.00000;0.00006;0.00004;0.00002;0.00002;0.00004;0.00011;0.00005;0.00009;0.00004;0.00000;0.00000;0.00000;0.00000;0.00012;0.00025;0.00001;0.00001;0.00006;0.00004;0.00003;0.00003;0.00002;0.00000;0.00001;0.00001;0.00000;0.00000;0.00001;0.00000;0.00000;0.00012;0.00002;0.00011;0.00002;0.00001;0.00008;0.00006;0.00029;0.00021;0.00008;0.00029;0.00017;0.00016;0.00010;0.00003;0.00004;0.00003;0.00007;0.00009;0.00000;0.00000;0.00002;0.00052;0.00026;0.00012;0.00001;0.00002;0.00012;0.00001;0.00001;0.00000;0.00001;0.00001;0.00003;0.00011;0.00007;0.00002;0.00026;0.00039;0.00007;0.00005;0.00003;0.00005;0.00005;0.00046;0.00015;0.00001;0.00003;0.00020;0.00002;0.00000;0.00003;0.00001;0.00004;0.00020;0.00005;0.00015;0.00003;0.00004;0.00020;0.00004;0.00004;0.00000;0.00008;0.00001;0.00001;0.00000;0.00000;0.00000;0.00002;0.00001;0.00002;0.00003;0.00008;0.00001;0.00001;0.00001;0.00001;0.00001;0.00001;0.00002;0.00001;0.00002;0.00044;0.00029;0.00005;0.00005;0.00003;0.00000;0.00001;0.00003;0.00000;0.00014;0.00017;0.00000;0.00000;0.00000;0.00000;0.00001;0.00016;0.00020;0.00000;0.00002;0.00003;0.00009;0.00003;0.00000;0.00003;0.00008;0.00001;0.00003;0.00004;0.00006;0.00009;0.00000;0.00001;0.00122;0.00000;0.00002;0.00002;0.00006;0.00008;0.00002;0.00005;0.00008;0.00009;0.00002;0.00001;0.00001;0.00013;0.00014;0.00004;0.00050;0.00104;0.00003;0.00019;0.00041;0.00011;0.00013;0.00012;0.00050;0.00018;0.00028;0.00005;0.00041;0.00021;0.00005;0.00007;0.00074;0.00006;0.00011;0.00026;0.00000;0.00013;0.00008;0.00005;0.00002;0.00006;0.00002;0.00018;0.00000;0.00000;0.00000;0.00000;0.00001;0.00073;0.00007;0.00008;0.00000;0.00000;0.00049;0.00001;0.00001;0.00003;0.00002;0.00001;0.00000;0.00004;0.00001;0.00002;0.00002;0.00001;0.00001;0.00039;0.00002;0.00052;0.00003;0.00005;0.00009;0.00005;0.00006;0.00001;0.00001;0.00001;0.00013;0.00006;0.00000;0.00000;0.00006;0.00001;0.00000;0.00001;0.00004;0.00000;0.00009;0.00018;0.00115;0.00003;0.00001;0.00000;0.00001;0.00000;0.00110;0.00000;0.00001;0.00003;0.00001;0.00001;0.00012;0.00000;0.00000;0.00002;0.00005;0.00009;0.00003;0.00001;0.00000;0.00000
2020-02-06 00:00;0.00001;0.00006;0.00000;0.00002;0.00000;0.00000;0.00000;0.00001;0.00000;0.00000;0.00004;0.00000;0.00005;0.00000;0.00000;0.00000;0.00004;0.00003;0.00001;0.00001;0.00000;0.00000;0.00000;0.00001;0.00001;0.00004;0.00000;0.00000;0.00000;0.00001;0.00003;0.00000;0.00008;0.00001;0.00001;0.00001;0.00000;0.00001;0.00000;0.00001;0.00004;0.00004;0.00000;0.00001;0.00000;0.00000;0.00000;0.00000;0.00004;0.00000;0.00000;0.00000;0.00000;0.00001;0.00000;0.00002;0.00000;0.00002;0.00000;0.00000;0.00000;0.00000;0.00000;0.00004;0.00000;0.00000;0.00000;0.00000;0.00000;0.00014;0.00000;0.00000;0.00000;0.00000;0.00005;0.00000;0.00000;0.00001;0.00001;0.00003;0.00000;0.00000;0.00001;0.00005;0.00003;0.00000;0.00002;0.00002;0.00000;0.00000;0.00001;0.00000;0.00005;0.00006;0.00000;0.00000;0.00004;0.00001;0.00009;0.00125;0.00635;0.00115;0.00001;0.00000;0.00001;0.00000;0.00001;0.00092;0.00002;0.00001;0.00001;0.00001;0.00001;0.00002;0.00001;0.00001;0.00000;0.00000;0.00001;0.00001;0.00001;0.00000;0.00001;0.00000;0.00000;0.00002;0.00001;0.00002;0.00000;0.00000;0.00001;0.00004;0.00000;0.00000;0.00002;0.00001;0.00003;0.00001;0.00001;0.00000;0.00001;0.00000;0.00000;0.00007;0.00001;0.00001;0.00004;0.00002;0.00001;0.00003;0.00024;0.00003;0.00007;0.00001;0.00002;0.00001;0.00001;0.00150;0.00000;0.00000;0.00001;0.00000;0.00035;0.00212;0.00024;0.00006;0.00004;0.00001;0.00001;0.00034;0.00017;0.00020;0.00025;0.00013;0.00002;0.00022;0.00000;0.00012;0.00055;0.00003;0.00035;0.00017;0.00001;0.00041;0.00033;0.00002;0.00003;0.00001;0.00005;0.00027;0.00066;0.00039;0.00027;0.00043;0.00000;0.00000;0.00049;0.00030;0.00008;0.00006;0.00004;0.00003;0.00073;0.00001;0.00007;0.00004;0.00024;0.00002;0.00005;0.00000;0.00002;0.00003;0.00004;0.00024;0.00005;0.00030;0.00044;0.00024;0.00003;0.00101;0.00003;0.00002;0.00001;0.00050;0.00046;0.00044;0.00015;0.00019;0.00030;0.00006;0.00010;0.00009;0.00010;0.00025;0.00001;0.00005;0.00000;0.00007;0.00007;0.00002;0.00002;0.00004;0.00019;0.00005;0.00009;0.00004;0.00000;0.00000;0.00000;0.00000;0.00008;0.00026;0.00001;0.00001;0.00005;0.00003;0.00002;0.00003;0.00002;0.00000;0.00002;0.00002;0.00000;0.00000;0.00001;0.00000;0.00000;0.00008;0.00002;0.00007;0.00002;0.00001;0.00004;0.00006;0.00028;0.00019;0.00008;0.00029;0.00017;0.00017;0.00010;0.00003;0.00004;0.00003;0.00011;0.00007;0.00000;0.00000;0.00002;0.00036;0.00050;0.00007;0.00001;0.00002;0.00007;0.00001;0.00001;0.00000;0.00001;0.00001;0.00003;0.00011;0.00004;0.00002;0.00017;0.00019;0.00007;0.00004;0.00003;0.00003;0.00004;0.00043;0.00014;0.00001;0.00003;0.00011;0.00002;0.00000;0.00001;0.00002;0.00004;0.00011;0.00005;0.00015;0.00003;0.00005;0.00009;0.00004;0.00004;0.00000;0.00008;0.00001;0.00001;0.00000;0.00000;0.00000;0.00002;0.00001;0.00002;0.00004;0.00005;0.00001;0.00001;0.00001;0.00001;0.00001;0.00001;0.00002;0.00001;0.00001;0.00043;0.00029;0.00005;0.00005;0.00003;0.00000;0.00001;0.00001;0.00000;0.00013;0.00017;0.00000;0.00000;0.00000;0.00000;0.00000;0.00015;0.00050;0.00000;0.00002;0.00002;0.00009;0.00003;0.00000;0.00001;0.00002;0.00001;0.00003;0.00004;0.00006;0.00009;0.00000;0.00000;0.00068;0.00002;0.00001;0.00000;0.00006;0.00007;0.00007;0.00005;0.00008;0.00005;0.00002;0.00001;0.00001;0.00013;0.00014;0.00004;0.00050;0.00104;0.00003;0.00019;0.00033;0.00031;0.00023;0.00011;0.00050;0.00017;0.00027;0.00006;0.00036;0.00021;0.00005;0.00004;0.00072;0.00006;0.00011;0.00026;0.00000;0.00013;0.00008;0.00004;0.00002;0.00005;0.00002;0.00018;0.00000;0.00000;0.00000;0.00000;0.00001;0.00073;0.00007;0.00008;0.00000;0.00000;0.00049;0.00001;0.00001;0.00003;0.00002;0.00001;0.00000;0.00004;0.00001;0.00002;0.00002;0.00001;0.00001;0.00039;0.00002;0.00050;0.00003;0.00005;0.00009;0.00005;0.00006;0.00001;0.00001;0.00001;0.00013;0.00006;0.00000;0.00000;0.00006;0.00001;0.00000;0.00001;0.00004;0.00000;0.00009;0.00018;0.00114;0.00003;0.00001;0.00000;0.00001;0.00000;0.00108;0.00000;0.00001;0.00003;0.00001;0.00001;0.00013;0.00000;0.00000;0.00002;0.00005;0.00009;0.00003;0.00001;0.00000;0.00000
2020-02-07 00:00;0.00001;0.00006;0.00000;0.00002;0.00000;0.00000;0.00000;0.00001;0.00000;0.00000;0.00004;0.00000;0.00005;0.00000;0.00000;0.00000;0.00004;0.00003;0.00001;0.00001;0.00000;0.00000;0.00000;0.00001;0.00001;0.00004;0.00000;0.00000;0.00000;0.00001;0.00004;0.00000;0.00008;0.00001;0.00001;0.00001;0.00000;0.00001;0.00000;0.00001;0.00004;0.00004;0.00000;0.00001;0.00000;0.00000;0.00000;0.00000;0.00004;0.00000;0.00000;0.00000;0.00000;0.00001;0.00000;0.00002;0.00000;0.00002;0.00000;0.00000;0.00000;0.00000;0.00000;0.00004;0.00000;0.00000;0.00000;0.00000;0.00000;0.00014;0.00000;0.00000;0.00000;0.00000;0.00005;0.00000;0.00000;0.00001;0.00001;0.00003;0.00000;0.00000;0.00001;0.00005;0.00004;0.00000;0.00002;0.00002;0.00000;0.00000;0.00001;0.00000;0.00005;0.00006;0.00000;0.00000;0.00004;0.00001;0.00008;0.00125;0.00631;0.00114;0.00001;0.00000;0.00001;0.00000;0.00001;0.00092;0.00002;0.00001;0.00001;0.00001;0.00001;0.00002;0.00001;0.00001;0.00000;0.00000;0.00001;0.00001;0.00001;0.00000;0.00001;0.00000;0.00000;0.00002;0.00001;0.00002;0.00000;0.00000;0.00001;0.00004;0.00000;0.00000;0.00002;0.00001;0.00003;0.00001;0.00001;0.00000;0.00001;0.00000;0.00000;0.00007;0.00001;0.00001;0.00004;0.00002;0.00001;0.00003;0.00024;0.00003;0.00007;0.00001;0.00002;0.00001;0.00001;0.00150;0.00000;0.00000;0.00001;0.00000;0.00035;0.00209;0.00023;0.00006;0.00004;0.00001;0.00001;0.00033;0.00017;0.00019;0.00032;0.00009;0.00002;0.00022;0.00000;0.00012;0.00053;0.00003;0.00032;0.00019;0.00000;0.00041;0.00033;0.00002;0.00003;0.00001;0.00005;0.00026;0.00075;0.00039;0.00028;0.00043;0.00000;0.00000;0.00048;0.00032;0.00009;0.00006;0.00004;0.00003;0.00080;0.00001;0.00006;0.00004;0.00024;0.00002;0.00005;0.00000;0.00002;0.00003;0.00004;0.00024;0.00005;0.00030;0.00044;0.00024;0.00003;0.00099;0.00003;0.00002;0.00001;0.00049;0.00046;0.00044;0.00016;0.00020;0.00033;0.00007;0.00010;0.00011;0.00010;0.00024;0.00001;0.00006;0.00000;0.00006;0.00003;0.00002;0.00002;0.00004;0.00011;0.00005;0.00009;0.00004;0.00000;0.00000;0.00000;0.00000;0.00012;0.00025;0.00001;0.00001;0.00006;0.00003;0.00003;0.00003;0.00002;0.00000;0.00001;0.00001;0.00000;0.00000;0.00001;0.00000;0.00000;0.00012;0.00002;0.00010;0.00002;0.00001;0.00008;0.00006;0.00029;0.00021;0.00008;0.00028;0.00017;0.00016;0.00010;0.00003;0.00004;0.00003;0.00007;0.00009;0.00000;0.00000;0.00002;0.00051;0.00027;0.00012;0.00001;0.00002;0.00012;0.00001;0.00001;0.00000;0.00001;0.00001;0.00003;0.00011;0.00006;0.00002;0.00026;0.00037;0.00007;0.00005;0.00003;0.00006;0.00005;0.00046;0.00015;0.00001;0.00003;0.00018;0.00002;0.00000;0.00003;0.00001;0.00004;0.00019;0.00005;0.00015;0.00003;0.00004;0.00019;0.00004;0.00004;0.00000;0.00008;0.00001;0.00001;0.00000;0.00000;0.00000;0.00002;0.00001;0.00002;0.00004;0.00008;0.00001;0.00001;0.00001;0.00001;0.00001;0.00001;0.00002;0.00001;0.00003;0.00043;0.00029;0.00005;0.00005;0.00003;0.00000;0.00001;0.00004;0.00000;0.00013;0.00017;0.00000;0.00000;0.00000;0.00000;0.00001;0.00015;0.00021;0.00000;0.00002;0.00003;0.00009;0.00003;0.00000;0.00003;0.00007;0.00001;0.00003;0.00004;0.00006;0.00009;0.00000;0.00001;0.00116;0.00000;0.00002;0.00002;0.00006;0.00008;0.00003;0.00005;0.00008;0.00008;0.00002;0.00001;0.00001;0.00013;0.00014;0.00004;0.00050;0.00104;0.00003;0.00019;0.00040;0.00013;0.00014;0.00012;0.00047;0.00017;0.00027;0.00005;0.00041;0.00021;0.00005;0.00004;0.00070;0.00006;0.00010;0.00024;0.00000;0.00013;0.00008;0.00005;0.00002;0.00005;0.00002;0.00018;0.00000;0.00000;0.00000;0.00000;0.00001;0.00073;0.00007;0.00008;0.00000;0.00000;0.00049;0.00001;0.00001;0.00003;0.00002;0.00001;0.00000;0.00004;0.00001;0.00002;0.00002;0.00001;0.00001;0.00039;0.00002;0.00051;0.00003;0.00005;0.00009;0.00005;0.00006;0.00001;0.00001;0.00001;0.00013;0.00006;0.00000;0.00000;0.00006;0.00001;0.00000;0.00001;0.00004;0.00000;0.00009;0.00018;0.00114;0.00003;0.00001;0.00000;0.00001;0.00000;0.00105;0.00000;0.00001;0.00003;0.00001;0.00001;0.00013;0.00000;0.00000;0.00002;0.00005;0.00009;0.00003;0.00001;0.00000;0.00000
2020-02-08 00:00;0.00001;0.00006;0.00000;0.00002;0.00000;0.00000;0.00000;0.00001;0.00000;0.00000;0.00004;0.00000;0.00005;0.00000;0.00000;0.00000;0.00004;0.00003;0.00001;0.00001;0.00000;0.00000;0.00000;0.00001;0.00001;0.00004;0.00000;0.00000;0.00000;0.00001;0.00003;0.00000;0.00008;0.00001;0.00001;0.00001;0.00000;0.00001;0.00000;0.00001;0.00004;0.00004;0.00000;0.00001;0.00000;0.00000;0.00000;0.00000;0.00004;0.00000;0.00000;0.00000;0.00000;0.00001;0.00000;0.00002;0.00000;0.00002;0.00000;0.00000;0.00000;0.00000;0.00000;0.00004;0.00000;0.00000;0.00000;0.00000;0.00000;0.00013;0.00000;0.00000;0.00000;0.00000;0.00005;0.00000;0.00000;0.00001;0.00001;0.00003;0.00000;0.00000;0.00001;0.00005;0.00003;0.00000;0.00002;0.00002;0.00000;0.00000;0.00001;0.00000;0.00005;0.00006;0.00000;0.00000;0.00004;0.00001;0.00009;0.00120;0.00626;0.00111;0.00001;0.00000;0.00001;0.00000;0.00001;0.00091;0.00002;0.00001;0.00001;0.00001;0.00001;0.00002;0.00001;0.00001;0.00000;0.00000;0.00001;0.00001;0.00001;0.00000;0.00001;0.00000;0.00000;0.00002;0.00001;0.00002;0.00000;0.00000;0.00001;0.00004;0.00000;0.00000;0.00002;0.00001;0.00003;0.00001;0.00001;0.00000;0.00001;0.00000;0.00000;0.00007;0.00001;0.00001;0.00004;0.00002;0.00001;0.00003;0.00024;0.00003;0.00007;0.00001;0.00002;0.00001;0.00001;0.00148;0.00000;0.00000;0.00001;0.00000;0.00034;0.00204;0.00023;0.00006;0.00004;0.00001;0.00001;0.00034;0.00017;0.00020;0.00025;0.00014;0.00002;0.00023;0.00000;0.00012;0.00053;0.00003;0.00036;0.00017;0.00001;0.00040;0.00032;0.00002;0.00003;0.00001;0.00005;0.00024;0.00065;0.00038;0.00026;0.00042;0.00000;0.00000;0.00048;0.00030;0.00007;0.00006;0.00004;0.00003;0.00071;0.00001;0.00006;0.00004;0.00024;0.00002;0.00005;0.00000;0.00002;0.00003;0.00004;0.00024;0.00005;0.00029;0.00044;0.00024;0.00003;0.00101;0.00003;0.00002;0.00001;0.00049;0.00045;0.00042;0.00015;0.00019;0.00030;0.00006;0.00010;0.00009;0.00010;0.00023;0.00001;0.00006;0.00000;0.00007;0.00008;0.00002;0.00003;0.00004;0.00019;0.00005;0.00009;0.00004;0.00000;0.00000;0.00000;0.00000;0.00008;0.00025;0.00001;0.00001;0.00005;0.00003;0.00002;0.00003;0.00002;0.00000;0.00002;0.00002;0.00000;0.00000;0.00001;0.00000;0.00000;0.00008;0.00002;0.00006;0.00002;0.00001;0.00004;0.00005;0.00028;0.00019;0.00008;0.00029;0.00017;0.00017;0.00011;0.00003;0.00004;0.00003;0.00011;0.00007;0.00000;0.00000;0.00002;0.00036;0.00053;0.00007;0.00001;0.00002;0.00007;0.00001;0.00001;0.00000;0.00001;0.00001;0.00003;0.00011;0.00004;0.00002;0.00017;0.00018;0.00007;0.00004;0.00003;0.00004;0.00004;0.00043;0.00014;0.00001;0.00003;0.00010;0.00002;0.00000;0.00001;0.00002;0.00004;0.00011;0.00005;0.00015;0.00003;0.00005;0.00008;0.00004;0.00004;0.00000;0.00008;0.00001;0.00001;0.00000;0.00000;0.00000;0.00002;0.00001;0.00002;0.00003;0.00005;0.00001;0.00001;0.00001;0.00001;0.00001;0.00001;0.00002;0.00001;0.00001;0.00043;0.00029;0.00005;0.00005;0.00003;0.00000;0.00001;0.00001;0.00000;0.00013;0.00017;0.00000;0.00000;0.00000;0.00000;0.00000;0.00016;0.00051;0.00000;0.00002;0.00002;0.00009;0.00003;0.00000;0.00001;0.00002;0.00001;0.00003;0.00003;0.00006;0.00009;0.00000;0.00000;0.00065;0.00002;0.00001;0.00001;0.00006;0.00007;0.00007;0.00005;0.00008;0.00005;0.00002;0.00001;0.00001;0.00013;0.00014;0.00004;0.00050;0.00104;0.00003;0.00019;0.00033;0.00032;0.00024;0.00011;0.00044;0.00017;0.00026;0.00006;0.00036;0.00021;0.00005;0.00003;0.00060;0.00006;0.00011;0.00024;0.00000;0.00013;0.00007;0.00004;0.00002;0.00005;0.00002;0.00018;0.00000;0.00000;0.00000;0.00000;0.00001;0.00073;0.00007;0.00008;0.00000;0.00000;0.00049;0.00001;0.00001;0.00003;0.00002;0.00001;0.00000;0.00004;0.00001;0.00002;0.00002;0.00001;0.00001;0.00039;0.00002;0.00049;0.00003;0.00005;0.00009;0.00005;0.00006;0.00001;0.00001;0.00001;0.00013;0.00006;0.00000;0.00000;0.00006;0.00001;0.00000;0.00001;0.00004;0.00000;0.00009;0.00018;0.00114;0.00003;0.00001;0.00000;0.00001;0.00000;0.00103;0.00000;0.00001;0.00003;0.00001;0.00001;0.00013;0.00000;0.00000;0.00002;0.00005;0.00009;0.00003;0.00001;0.00000;0.00000
2020-02-09 00:00;0.00001;0.00006;0.00000;0.00002;0.00000;0.00000;0.00000;0.00001;0.00000;0.00000;0.00004;0.00000;0.00005;0.00000;0.00000;0.00000;0.00004;0.00003;0.00001;0.00001;0.00000;0.00000;0.00000;0.00001;0.00001;0.00004;0.00000;0.00000;0.00000;0.00001;0.00004;0.00000;0.00008;0.00001;0.00001;0.00001;0.00000;0.00001;0.00000;0.00001;0.00004;0.00004;0.00000;0.00001;0.00000;0.00000;0.00000;0.00000;0.00004;0.00000;0.00000;0.00000;0.00000;0.00001;0.00000;0.00002;0.00000;0.00002;0.00000;0.00000;0.00000;0.00000;0.00000;0.00004;0.00000;0.00000;0.00000;0.00000;0.00000;0.00013;0.00000;0.00000;0.00000;0.00000;0.00005;0.00000;0.00000;0.00001;0.00001;0.00003;0.00000;0.00000;0.00001;0.00005;0.00004;0.00000;0.00002;0.00002;0.00000;0.00000;0.00001;0.00000;0.00005;0.00006;0.00000;0.00000;0.00004;0.00001;0.00008;0.00119;0.00618;0.00109;0.00001;0.00000;0.00001;0.00000;0.00001;0.00091;0.00002;0.00001;0.00001;0.00001;0.00001;0.00002;0.00001;0.00001;0.00000;0.00000;0.00001;0.00001;0.00001;0.00000;0.00001;0.00000;0.00000;0.00002;0.00001;0.00002;0.00000;0.00000;0.00001;0.00004;0.00000;0.00000;0.00002;0.00001;0.00003;0.00001;0.00001;0.00000;0.00001;0.00000;0.00000;0.00007;0.00001;0.00001;0.00004;0.00002;0.00001;0.00003;0.00024;0.00003;0.00007;0.00001;0.00002;0.00001;0.00001;0.00148;0.00000;0.00000;0.00001;0.00000;0.00033;0.00199;0.00022;0.00006;0.00004;0.00001;0.00001;0.00033;0.00017;0.00017;0.00033;0.00009;0.00002;0.00024;0.00000;0.00011;0.00051;0.00003;0.00032;0.00019;0.00000;0.00042;0.00033;0.00002;0.00003;0.00001;0.00005;0.00026;0.00076;0.00039;0.00030;0.00045;0.00000;0.00000;0.00049;0.00032;0.00009;0.00006;0.00004;0.00003;0.00083;0.00001;0.00004;0.00004;0.00024;0.00002;0.00005;0.00000;0.00002;0.00003;0.00004;0.00023;0.00005;0.00029;0.00042;0.00024;0.00003;0.00091;0.00003;0.00002;0.00001;0.00050;0.00047;0.00044;0.00016;0.00020;0.00033;0.00007;0.00010;0.00010;0.00010;0.00022;0.00001;0.00005;0.00000;0.00006;0.00004;0.00002;0.00002;0.00004;0.00011;0.00005;0.00009;0.00004;0.00000;0.00000;0.00000;0.00000;0.00010;0.00025;0.00001;0.00001;0.00006;0.00003;0.00003;0.00003;0.00002;0.00000;0.00001;0.00001;0.00000;0.00000;0.00001;0.00000;0.00000;0.00009;0.00002;0.00007;0.00002;0.00001;0.00008;0.00006;0.00028;0.00021;0.00008;0.00028;0.00017;0.00016;0.00010;0.00003;0.00004;0.00003;0.00007;0.00007;0.00000;0.00000;0.00002;0.00041;0.00029;0.00011;0.00001;0.00002;0.00013;0.00001;0.00001;0.00000;0.00001;0.00001;0.00003;0.00011;0.00007;0.00002;0.00026;0.00028;0.00007;0.00005;0.00003;0.00005;0.00005;0.00044;0.00015;0.00001;0.00003;0.00014;0.00002;0.00000;0.00002;0.00001;0.00004;0.00021;0.00005;0.00015;0.00003;0.00004;0.00016;0.00004;0.00004;0.00000;0.00008;0.00001;0.00001;0.00000;0.00000;0.00000;0.00002;0.00001;0.00002;0.00004;0.00008;0.00001;0.00001;0.00001;0.00001;0.00001;0.00001;0.00002;0.00001;0.00003;0.00040;0.00029;0.00005;0.00005;0.00003;0.00000;0.00001;0.00004;0.00000;0.00014;0.00017;0.00000;0.00000;0.00000;0.00000;0.00001;0.00012;0.00022;0.00000;0.00002;0.00003;0.00009;0.00003;0.00000;0.00002;0.00006;0.00001;0.00003;0.00004;0.00006;0.00009;0.00000;0.00000;0.00089;0.00000;0.00002;0.00002;0.00006;0.00008;0.00003;0.00005;0.00008;0.00008;0.00002;0.00001;0.00001;0.00013;0.00014;0.00004;0.00050;0.00104;0.00003;0.00019;0.00041;0.00013;0.00014;0.00012;0.00051;0.00018;0.00029;0.00005;0.00041;0.00022;0.00005;0.00004;0.00075;0.00006;0.00009;0.00024;0.00000;0.00013;0.00008;0.00005;0.00002;0.00006;0.00002;0.00018;0.00000;0.00000;0.00000;0.00000;0.00001;0.00073;0.00007;0.00008;0.00000;0.00000;0.00049;0.00001;0.00001;0.00003;0.00002;0.00001;0.00000;0.00004;0.00001;0.00002;0.00002;0.00001;0.00001;0.00039;0.00002;0.00049;0.00003;0.00005;0.00009;0.00005;0.00006;0.00001;0.00001;0.00001;0.00013;0.00006;0.00000;0.00000;0.00006;0.00001;0.00000;0.00001;0.00004;0.00000;0.00009;0.00018;0.00114;0.00003;0.00001;0.00000;0.00001;0.00000;0.00101;0.00000;0.00001;0.00003;0.00001;0.00001;0.00013;0.00000;0.00000;0.00002;0.00005;0.00009;0.00003;0.00001;0.00000;0.00000
2020-02-10 00:00;0.00001;0.00007;0.00000;0.00002;0.00000;0.00000;0.00000;0.00001;0.00000;0.00000;0.00004;0.00000;0.00005;0.00000;0.00000;0.00000;0.00004;0.00003;0.00001;0.00001;0.00000;0.00000;0.00000;0.00001;0.00001;0.00004;0.00000;0.00000;0.00000;0.00001;0.00003;0.00000;0.00008;0.00001;0.00001;0.00001;0.00000;0.00001;0.00000;0.00001;0.00004;0.00004;0.00000;0.00001;0.00000;0.00000;0.00000;0.00000;0.00004;0.00000;0.00000;0.00000;0.00000;0.00001;0.00000;0.00002;0.00000;0.00002;0.00000;0.00000;0.00000;0.00000;0.00000;0.00004;0.00000;0.00000;0.00000;0.00000;0.00000;0.00013;0.00000;0.00000;0.00000;0.00000;0.00005;0.00000;0.00000;0.00001;0.00001;0.00003;0.00000;0.00000;0.00001;0.00005;0.00003;0.00000;0.00002;0.00002;0.00000;0.00000;0.00001;0.00000;0.00005;0.00006;0.00000;0.00000;0.00004;0.00001;0.00009;0.00113;0.00615;0.00107;0.00001;0.00000;0.00001;0.00000;0.00001;0.00091;0.00002;0.00001;0.00001;0.00001;0.00001;0.00002;0.00001;0.00001;0.00000;0.00000;0.00001;0.00001;0.00001;0.00000;0.00001;0.00000;0.00000;0.00002;0.00001;0.00002;0.00000;0.00000;0.00001;0.00004;0.00000;0.00000;0.00002;0.00001;0.00003;0.00001;0.00001;0.00000;0.00001;0.00000;0.00000;0.00007;0.00001;0.00001;0.00004;0.00002;0.00001;0.00003;0.00024;0.00003;0.00007;0.00001;0.00002;0.00001;0.00001;0.00148;0.00000;0.00000;0.00001;0.00000;0.00033;0.00194;0.00022;0.00006;0.00004;0.00001;0.00001;0.00034;0.00017;0.00023;0.00025;0.00017;0.00002;0.00023;0.00000;0.00013;0.00052;0.00003;0.00034;0.00017;0.00001;0.00039;0.00031;0.00002;0.00003;0.00001;0.00005;0.00020;0.00066;0.00037;0.00026;0.00038;0.00000;0.00000;0.00044;0.00030;0.00008;0.00006;0.00004;0.00003;0.00074;0.00001;0.00008;0.00003;0.00025;0.00002;0.00005;0.00000;0.00002;0.00003;0.00004;0.00024;0.00005;0.00029;0.00045;0.00024;0.00003;0.00094;0.00003;0.00002;0.00001;0.00048;0.00043;0.00040;0.00013;0.00019;0.00030;0.00006;0.00010;0.00010;0.00010;0.00021;0.00001;0.00006;0.00000;0.00007;0.00008;0.00002;0.00003;0.00004;0.00020;0.00005;0.00009;0.00004;0.00000;0.00000;0.00000;0.00000;0.00008;0.00025;0.00001;0.00001;0.00005;0.00004;0.00001;0.00003;0.00002;0.00000;0.00002;0.00002;0.00000;0.00000;0.00001;0.00000;0.00000;0.00007;0.00002;0.00005;0.00002;0.00001;0.00004;0.00005;0.00029;0.00019;0.00008;0.00029;0.00018;0.00017;0.00011;0.00003;0.00004;0.00002;0.00011;0.00006;0.00000;0.00000;0.00002;0.00029;0.00062;0.00006;0.00001;0.00002;0.00007;0.00001;0.00001;0.00000;0.00001;0.00001;0.00003;0.00011;0.00004;0.00002;0.00017;0.00014;0.00007;0.00004;0.00003;0.00003;0.00004;0.00042;0.00014;0.00001;0.00003;0.00008;0.00002;0.00000;0.00001;0.00002;0.00004;0.00012;0.00005;0.00014;0.00003;0.00005;0.00007;0.00004;0.00005;0.00000;0.00008;0.00001;0.00001;0.00000;0.00000;0.00000;0.00002;0.00001;0.00002;0.00003;0.00005;0.00001;0.00001;0.00001;0.00001;0.00001;0.00001;0.00002;0.00001;0.00001;0.00045;0.00029;0.00004;0.00005;0.00003;0.00000;0.00001;0.00001;0.00000;0.00013;0.00017;0.00000;0.00000;0.00000;0.00000;0.00000;0.00019;0.00056;0.00000;0.00002;0.00002;0.00009;0.00003;0.00000;0.00001;0.00002;0.00001;0.00003;0.00003;0.00006;0.00009;0.00000;0.00000;0.00051;0.00003;0.00001;0.00001;0.00006;0.00007;0.00008;0.00005;0.00008;0.00005;0.00002;0.00001;0.00001;0.00013;0.00014;0.00004;0.00049;0.00103;0.00003;0.00019;0.00033;0.00024;0.00030;0.00011;0.00034;0.00015;0.00024;0.00006;0.00036;0.00019;0.00005;0.00002;0.00065;0.00006;0.00012;0.00020;0.00000;0.00013;0.00007;0.00004;0.00002;0.00004;0.00002;0.00018;0.00000;0.00000;0.00000;0.00000;0.00001;0.00073;0.00007;0.00008;0.00000;0.00000;0.00049;0.00001;0.00001;0.00003;0.00002;0.00001;0.00000;0.00004;0.00001;0.00002;0.00002;0.00001;0.00001;0.00039;0.00002;0.00049;0.00003;0.00005;0.00009;0.00005;0.00006;0.00001;0.00001;0.00001;0.00013;0.00006;0.00000;0.00000;0.00006;0.00001;0.00000;0.00001;0.00004;0.00000;0.00009;0.00018;0.00114;0.00003;0.00001;0.00000;0.00001;0.00000;0.00099;0.00000;0.00001;0.00003;0.00001;0.00001;0.00013;0.00000;0.00000;0.00002;0.00005;0.00009;0.00003;0.00001;0.00000;0.00000
2020-02-11 00:00;0.00001;0.00007;0.00000;0.00002;0.00000;0.00000;0.00000;0.00001;0.00000;0.00000;0.00004;0.00000;0.00005;0.00000;0.00000;0.00000;0.00004;0.00003;0.00001;0.00001;0.00000;0.00000;0.00000;0.00001;0.00001;0.00004;0.00000;0.00000;0.00000;0.00001;0.00003;0.00000;0.00008;0.00001;0.00001;0.00001;0.00000;0.00001;0.00000;0.00001;0.00004;0.00004;0.00000;0.00001;0.00000;0.00000;0.00000;0.00000;0.00004;0.00000;0.00000;0.00000;0.00000;0.00001;0.00000;0.00002;0.00000;0.00002;0.00000;0.00000;0.00000;0.00000;0.00000;0.00004;0.00000;0.00000;0.00000;0.00000;0.00000;0.00013;0.00000;0.00000;0.00000;0.00000;0.00005;0.00000;0.00000;0.00001;0.00001;0.00003;0.00000;0.00000;0.00001;0.00005;0.00004;0.00000;0.00002;0.00002;0.00000;0.00000;0.00001;0.00000;0.00005;0.00006;0.00000;0.00000;0.00004;0.00001;0.00008;0.00113;0.00611;0.00106;0.00001;0.00000;0.00001;0.00000;0.00001;0.00091;0.00002;0.00001;0.00001;0.00001;0.00001;0.00002;0.00001;0.00001;0.00000;0.00000;0.00001;0.00001;0.00001;0.00000;0.00001;0.00000;0.00000;0.00002;0.00001;0.00002;0.00000;0.00000;0.00001;0.00004;0.00000;0.00000;0.00002;0.00001;0.00003;0.00001;0.00001;0.00000;0.00001;0.00000;0.00000;0.00007;0.00001;0.00001;0.00004;0.00002;0.00001;0.00003;0.00024;0.00003;0.00007;0.00001;0.00002;0.00001;0.00001;0.00150;0.00000;0.00000;0.00001;0.00000;0.00032;0.00192;0.00020;0.00006;0.00004;0.00001;0.00001;0.00032;0.00017;0.00019;0.00033;0.00010;0.00002;0.00025;0.00000;0.00009;0.00051;0.00003;0.00032;0.00020;0.00000;0.00043;0.00033;0.00002;0.00003;0.00001;0.00005;0.00025;0.00080;0.00039;0.00030;0.00048;0.00000;0.00000;0.00053;0.00032;0.00008;0.00006;0.00004;0.00003;0.00089;0.00001;0.00006;0.00004;0.00025;0.00002;0.00005;0.00000;0.00002;0.00003;0.00003;0.00023;0.00005;0.00029;0.00042;0.00025;0.00003;0.00090;0.00003;0.00002;0.00001;0.00049;0.00047;0.00045;0.00018;0.00020;0.00033;0.00007;0.00010;0.00009;0.00010;0.00020;0.00001;0.00005;0.00000;0.00006;0.00004;0.00002;0.00002;0.00004;0.00012;0.00005;0.00009;0.00004;0.00000;0.00000;0.00000;0.00000;0.00011;0.00025;0.00001;0.00001;0.00006;0.00003;0.00004;0.00003;0.00002;0.00000;0.00001;0.00001;0.00000;0.00000;0.00001;0.00000;0.00000;0.00010;0.00002;0.00008;0.00002;0.00001;0.00007;0.00006;0.00022;0.00022;0.00008;0.00028;0.00017;0.00016;0.00010;0.00003;0.00004;0.00003;0.00007;0.00008;0.00000;0.00000;0.00002;0.00040;0.00032;0.00010;0.00001;0.00002;0.00013;0.00001;0.00001;0.00000;0.00001;0.00001;0.00003;0.00011;0.00008;0.00002;0.00033;0.00028;0.00007;0.00005;0.00003;0.00005;0.00005;0.00043;0.00015;0.00001;0.00003;0.00014;0.00002;0.00000;0.00003;0.00001;0.00004;0.00024;0.00005;0.00016;0.00003;0.00004;0.00014;0.00004;0.00005;0.00000;0.00008;0.00001;0.00001;0.00000;0.00000;0.00000;0.00002;0.00001;0.00002;0.00004;0.00008;0.00001;0.00001;0.00001;0.00001;0.00001;0.00001;0.00002;0.00001;0.00003;0.00040;0.00029;0.00007;0.00005;0.00003;0.00000;0.00001;0.00004;0.00000;0.00014;0.00017;0.00000;0.00000;0.00000;0.00000;0.00001;0.00010;0.00024;0.00000;0.00002;0.00003;0.00009;0.00003;0.00000;0.00002;0.00006;0.00001;0.00003;0.00004;0.00006;0.00009;0.00000;0.00000;0.00089;0.00001;0.00003;0.00001;0.00006;0.00008;0.00003;0.00005;0.00008;0.00007;0.00002;0.00001;0.00001;0.00013;0.00014;0.00004;0.00051;0.00104;0.00003;0.00019;0.00046;0.00010;0.00017;0.00012;0.00059;0.00019;0.00031;0.00005;0.00043;0.00023;0.00005;0.00005;0.00079;0.00006;0.00010;0.00024;0.00000;0.00013;0.00009;0.00005;0.00002;0.00006;0.00002;0.00018;0.00000;0.00000;0.00000;0.00000;0.00001;0.00073;0.00007;0.00008;0.00000;0.00000;0.00049;0.00001;0.00001;0.00003;0.00002;0.00001;0.00000;0.00004;0.00001;0.00002;0.00002;0.00001;0.00001;0.00039;0.00002;0.00050;0.00003;0.00005;0.00009;0.00005;0.00006;0.00001;0.00001;0.00001;0.00013;0.00006;0.00000;0.00000;0.00006;0.00001;0.00000;0.00001;0.00004;0.00000;0.00009;0.00018;0.00114;0.00003;0.00001;0.00000;0.00001;0.00000;0.00097;0.00000;0.00001;0.00003;0.00001;0.00001;0.00013;0.00000;0.00000;0.00002;0.00005;0.00009;0.00003;0.00001;0.00000;0.00000
2020-02-12 00:00;0.00001;0.00007;0.00000;0.00002;0.00000;0.00000;0.00000;0.00001;0.00000;0.00000;0.00004;0.00000;0.00005;0.00000;0.00000;0.00000;0.00004;0.00003;0.00001;0.00001;0.00000;0.00000;0.00000;0.00001;0.00001;0.00004;0.00000;0.00000;0.00000;0.00001;0.00003;0.00000;0.00008;0.00001;0.00001;0.00001;0.00000;0.00001;0.00000;0.00001;0.00004;0.00004;0.00000;0.00001;0.00000;0.00000;0.00000;0.00000;0.00004;0.00000;0.00000;0.00000;0.00000;0.00001;0.00000;0.00002;0.00000;0.00002;0.00000;0.00000;0.00000;0.00000;0.00000;0.00004;0.00000;0.00000;0.00000;0.00000;0.00000;0.00013;0.00000;0.00000;0.00000;0.00000;0.00005;0.00000;0.00000;0.00001;0.00001;0.00003;0.00000;0.00000;0.00001;0.00005;0.00003;0.00000;0.00002;0.00002;0.00000;0.00000;0.00001;0.00000;0.00005;0.00006;0.00000;0.00000;0.00004;0.00001;0.00008;0.00108;0.00609;0.00104;0.00001;0.00000;0.00001;0.00000;0.00001;0.00091;0.00002;0.00001;0.00001;0.00001;0.00001;0.00002;0.00001;0.00001;0.00000;0.00000;0.00001;0.00001;0.00001;0.00000;0.00001;0.00000;0.00000;0.00002;0.00001;0.00002;0.00000;0.00000;0.00001;0.00004;0.00000;0.00000;0.00002;0.00001;0.00003;0.00001;0.00001;0.00000;0.00001;0.00000;0.00000;0.00007;0.00001;0.00001;0.00004;0.00002;0.00001;0.00003;0.00024;0.00003;0.00007;0.00001;0.00002;0.00001;0.00001;0.00149;0.00000;0.00000;0.00001;0.00000;0.00031;0.00186;0.00019;0.00006;0.00004;0.00001;0.00001;0.00032;0.00017;0.00024;0.00025;0.00019;0.00002;0.00023;0.00000;0.00012;0.00052;0.00003;0.00030;0.00017;0.00001;0.00039;0.00031;0.00002;0.00003;0.00001;0.00005;0.00023;0.00068;0.00038;0.00026;0.00042;0.00000;0.00000;0.00038;0.00030;0.00009;0.00006;0.00004;0.00003;0.00079;0.00001;0.00007;0.00003;0.00025;0.00002;0.00005;0.00000;0.00002;0.00003;0.00004;0.00023;0.00005;0.00030;0.00047;0.00024;0.00003;0.00097;0.00003;0.00002;0.00001;0.00048;0.00045;0.00041;0.00016;0.00019;0.00030;0.00006;0.00009;0.00010;0.00010;0.00020;0.00001;0.00006;0.00000;0.00007;0.00009;0.00002;0.00003;0.00004;0.00022;0.00005;0.00009;0.00004;0.00000;0.00000;0.00000;0.00000;0.00008;0.00025;0.00001;0.00001;0.00005;0.00004;0.00002;0.00003;0.00002;0.00000;0.00002;0.00002;0.00000;0.00000;0.00001;0.00000;0.00000;0.00007;0.00002;0.00005;0.00002;0.00001;0.00007;0.00005;0.00035;0.00019;0.00008;0.00029;0.00018;0.00017;0.00011;0.00003;0.00004;0.00002;0.00012;0.00006;0.00000;0.00000;0.00002;0.00029;0.00059;0.00006;0.00001;0.00002;0.00008;0.00001;0.00001;0.00000;0.00001;0.00001;0.00003;0.00011;0.00004;0.00002;0.00020;0.00014;0.00007;0.00004;0.00003;0.00005;0.00004;0.00043;0.00014;0.00001;0.00003;0.00007;0.00002;0.00000;0.00001;0.00002;0.00004;0.00013;0.00005;0.00014;0.00003;0.00005;0.00006;0.00004;0.00005;0.00000;0.00008;0.00001;0.00001;0.00000;0.00000;0.00000;0.00002;0.00001;0.00002;0.00003;0.00005;0.00001;0.00001;0.00001;0.00001;0.00001;0.00001;0.00002;0.00001;0.00001;0.00046;0.00029;0.00004;0.00005;0.00003;0.00000;0.00001;0.00001;0.00000;0.00013;0.00017;0.00000;0.00000;0.00000;0.00000;0.00000;0.00023;0.00064;0.00000;0.00002;0.00002;0.00009;0.00003;0.00000;0.00001;0.00002;0.00001;0.00003;0.00003;0.00006;0.00009;0.00000;0.00000;0.00051;0.00003;0.00001;0.00002;0.00006;0.00007;0.00008;0.00005;0.00008;0.00004;0.00002;0.00001;0.00001;0.00013;0.00014;0.00004;0.00048;0.00102;0.00003;0.00019;0.00034;0.00023;0.00045;0.00011;0.00053;0.00017;0.00024;0.00006;0.00036;0.00020;0.00005;0.00003;0.00068;0.00006;0.00012;0.00020;0.00000;0.00013;0.00007;0.00004;0.00002;0.00004;0.00002;0.00018;0.00000;0.00000;0.00000;0.00000;0.00001;0.00073;0.00007;0.00008;0.00000;0.00000;0.00049;0.00001;0.00001;0.00003;0.00002;0.00001;0.00000;0.00004;0.00001;0.00002;0.00002;0.00001;0.00001;0.00039;0.00002;0.00050;0.00003;0.00005;0.00009;0.00005;0.00006;0.00001;0.00001;0.00001;0.00013;0.00006;0.00000;0.00000;0.00006;0.00001;0.00000;0.00001;0.00004;0.00000;0.00009;0.00018;0.00114;0.00003;0.00001;0.00000;0.00001;0.00000;0.00096;0.00000;0.00001;0.00003;0.00001;0.00001;0.00012;0.00000;0.00000;0.00002;0.00005;0.00009;0.00003;0.00001;0.00000;0.00000
2020-02-13 00:00;0.00001;0.00007;0.00000;0.00002;0.00000;0.00000;0.00000;0.00001;0.00000;0.00000;0.00004;0.00000;0.00005;0.00000;0.00000;0.00000;0.00004;0.00003;0.00001;0.00001;0.00000;0.00000;0.00000;0.00001;0.00001;0.00004;0.00000;0.00000;0.00000;0.00001;0.00003;0.00000;0.00008;0.00001;0.00001;0.00001;0.00000;0.00001;0.00000;0.00001;0.00004;0.00004;0.00000;0.00001;0.00000;0.00000;0.00000;0.00000;0.00004;0.00000;0.00000;0.00000;0.00000;0.00001;0.00000;0.00002;0.00000;0.00002;0.00000;0.00000;0.00000;0.00000;0.00000;0.00004;0.00000;0.00000;0.00000;0.00000;0.00000;0.00013;0.00000;0.00000;0.00000;0.00000;0.00005;0.00000;0.00000;0.00001;0.00001;0.00003;0.00000;0.00000;0.00001;0.00005;0.00004;0.00000;0.00002;0.00002;0.00000;0.00000;0.00001;0.00000;0.00005;0.00006;0.00000;0.00000;0.00004;0.00001;0.00008;0.00108;0.00605;0.00102;0.00001;0.00000;0.00001;0.00000;0.00001;0.00091;0.00002;0.00001;0.00001;0.00001;0.00001;0.00002;0.00001;0.00001;0.00000;0.00000;0.00001;0.00001;0.00001;0.00000;0.00001;0.00000;0.00000;0.00002;0.00001;0.00002;0.00000;0.00000;0.00001;0.00004;0.00000;0.00000;0.00002;0.00001;0.00003;0.00001;0.00001;0.00000;0.00001;0.00000;0.00000;0.00007;0.00001;0.00001;0.00004;0.00002;0.00001;0.00003;0.00024;0.00003;0.00007;0.00001;0.00002;0.00001;0.00001;0.00150;0.00000;0.00000;0.00001;0.00000;0.00030;0.00180;0.00017;0.00006;0.00004;0.00001;0.00001;0.00031;0.00017;0.00019;0.00034;0.00011;0.00002;0.00028;0.00000;0.00010;0.00049;0.00003;0.00039;0.00020;0.00000;0.00043;0.00033;0.00002;0.00003;0.00001;0.00005;0.00026;0.00079;0.00039;0.00030;0.00046;0.00000;0.00000;0.00059;0.00032;0.00007;0.00006;0.00004;0.00003;0.00085;0.00001;0.00005;0.00004;0.00025;0.00002;0.00005;0.00000;0.00002;0.00003;0.00003;0.00023;0.00005;0.00030;0.00041;0.00025;0.00003;0.00089;0.00003;0.00002;0.00001;0.00049;0.00047;0.00045;0.00016;0.00020;0.00033;0.00007;0.00011;0.00009;0.00010;0.00019;0.00001;0.00005;0.00000;0.00006;0.00004;0.00002;0.00002;0.00004;0.00012;0.00005;0.00009;0.00004;0.00000;0.00000;0.00000;0.00000;0.00011;0.00025;0.00001;0.00001;0.00006;0.00003;0.00003;0.00003;0.00002;0.00000;0.00001;0.00001;0.00000;0.00000;0.00001;0.00000;0.00000;0.00010;0.00002;0.00008;0.00002;0.00001;0.00004;0.00006;0.00025;0.00022;0.00008;0.00028;0.00017;0.00016;0.00010;0.00003;0.00004;0.00003;0.00007;0.00007;0.00000;0.00000;0.00002;0.00041;0.00031;0.00010;0.00001;0.00002;0.00014;0.00001;0.00001;0.00000;0.00001;0.00001;0.00003;0.00011;0.00007;0.00002;0.00029;0.00029;0.00007;0.00005;0.00004;0.00004;0.00005;0.00043;0.00015;0.00001;0.00003;0.00014;0.00002;0.00000;0.00003;0.00001;0.00004;0.00024;0.00005;0.00016;0.00003;0.00004;0.00014;0.00004;0.00005;0.00000;0.00007;0.00001;0.00001;0.00000;0.00000;0.00000;0.00002;0.00001;0.00002;0.00004;0.00008;0.00001;0.00001;0.00001;0.00001;0.00001;0.00001;0.00002;0.00001;0.00003;0.00040;0.00029;0.00007;0.00005;0.00003;0.00000;0.00001;0.00004;0.00000;0.00014;0.00017;0.00000;0.00000;0.00000;0.00000;0.00001;0.00008;0.00027;0.00000;0.00002;0.00003;0.00009;0.00003;0.00000;0.00002;0.00006;0.00001;0.00003;0.00004;0.00006;0.00009;0.00000;0.00000;0.00091;0.00001;0.00002;0.00000;0.00006;0.00008;0.00003;0.00005;0.00008;0.00007;0.00002;0.00001;0.00001;0.00013;0.00014;0.00004;0.00050;0.00104;0.00003;0.00019;0.00043;0.00010;0.00024;0.00013;0.00053;0.00018;0.00031;0.00005;0.00043;0.00023;0.00004;0.00003;0.00079;0.00006;0.00009;0.00024;0.00000;0.00013;0.00009;0.00005;0.00002;0.00006;0.00002;0.00018;0.00000;0.00000;0.00000;0.00000;0.00001;0.00073;0.00007;0.00008;0.00000;0.00000;0.00049;0.00001;0.00001;0.00003;0.00002;0.00001;0.00000;0.00004;0.00001;0.00002;0.00002;0.00001;0.00001;0.00039;0.00002;0.00050;0.00003;0.00005;0.00009;0.00005;0.00006;0.00001;0.00001;0.00001;0.00013;0.00006;0.00000;0.00000;0.00006;0.00001;0.00000;0.00001;0.00004;0.00000;0.00009;0.00018;0.00114;0.00003;0.00001;0.00000;0.00001;0.00000;0.00096;0.00000;0.00001;0.00003;0.00001;0.00001;0.00012;0.00000;0.00000;0.00002;0.00005;0.00009;0.00003;0.00001;0.00000;0.00000
2020-02-14 00:00;0.00001;0.00008;0.00000;0.00002;0.00000;0.00000;0.00000;0.00001;0.00000;0.00000;0.00004;0.00000;0.00005;0.00000;0.00000;0.00000;0.00004;0.00003;0.00001;0.00001;0.00000;0.00000;0.00000;0.00001;0.00001;0.00003;0.00000;0.00000;0.00000;0.00001;0.00003;0.00000;0.00008;0.00001;0.00001;0.00001;0.00000;0.00001;0.00000;0.00001;0.00004;0.00004;0.00000;0.00001;0.00000;0.00000;0.00000;0.00000;0.00004;0.00000;0.00000;0.00000;0.00000;0.00001;0.00000;0.00002;0.00000;0.00002;0.00000;0.00000;0.00000;0.00000;0.00000;0.00004;0.00000;0.00000;0.00000;0.00000;0.00000;0.00013;0.00000;0.00000;0.00000;0.00000;0.00005;0.00000;0.00000;0.00001;0.00001;0.00003;0.00000;0.00000;0.00001;0.00005;0.00003;0.00000;0.00002;0.00002;0.00000;0.00000;0.00001;0.00000;0.00005;0.00006;0.00000;0.00000;0.00004;0.00001;0.00009;0.00099;0.00599;0.00098;0.00001;0.00000;0.00001;0.00000;0.00001;0.00090;0.00002;0.00001;0.00001;0.00001;0.00001;0.00002;0.00001;0.00001;0.00000;0.00000;0.00001;0.00001;0.00001;0.00000;0.00001;0.00000;0.00000;0.00002;0.00001;0.00002;0.00000;0.00000;0.00001;0.00004;0.00000;0.00000;0.00002;0.00001;0.00003;0.00001;0.00001;0.00000;0.00001;0.00000;0.00000;0.00007;0.00001;0.00001;0.00004;0.00002;0.00001;0.00003;0.00024;0.00003;0.00007;0.00001;0.00002;0.00001;0.00001;0.00147;0.00000;0.00000;0.00001;0.00000;0.00027;0.00169;0.00013;0.00006;0.00004;0.00001;0.00001;0.00031;0.00017;0.00025;0.00025;0.00020;0.00002;0.00025;0.00000;0.00012;0.00047;0.00004;0.00032;0.00017;0.00001;0.00039;0.00031;0.00002;0.00003;0.00001;0.00005;0.00022;0.00067;0.00037;0.00026;0.00038;0.00000;0.00000;0.00051;0.00030;0.00011;0.00006;0.00004;0.00003;0.00075;0.00001;0.00008;0.00003;0.00025;0.00002;0.00005;0.00000;0.00002;0.00002;0.00004;0.00023;0.00005;0.00030;0.00048;0.00024;0.00003;0.00095;0.00003;0.00002;0.00001;0.00048;0.00044;0.00041;0.00013;0.00019;0.00030;0.00006;0.00009;0.00011;0.00010;0.00021;0.00001;0.00006;0.00000;0.00007;0.00009;0.00002;0.00003;0.00004;0.00022;0.00005;0.00009;0.00004;0.00000;0.00000;0.00000;0.00000;0.00008;0.00025;0.00001;0.00001;0.00005;0.00004;0.00002;0.00003;0.00002;0.00000;0.00002;0.00002;0.00000;0.00000;0.00001;0.00000;0.00000;0.00007;0.00002;0.00005;0.00002;0.00001;0.00010;0.00005;0.00036;0.00019;0.00008;0.00029;0.00017;0.00017;0.00011;0.00003;0.00004;0.00002;0.00013;0.00006;0.00000;0.00000;0.00002;0.00030;0.00061;0.00006;0.00001;0.00002;0.00008;0.00001;0.00001;0.00000;0.00001;0.00001;0.00003;0.00011;0.00004;0.00002;0.00018;0.00014;0.00007;0.00004;0.00003;0.00005;0.00004;0.00041;0.00014;0.00001;0.00003;0.00007;0.00002;0.00000;0.00001;0.00002;0.00004;0.00013;0.00005;0.00014;0.00003;0.00005;0.00006;0.00004;0.00005;0.00000;0.00006;0.00001;0.00001;0.00000;0.00000;0.00000;0.00002;0.00001;0.00002;0.00003;0.00005;0.00001;0.00001;0.00001;0.00001;0.00001;0.00001;0.00002;0.00001;0.00001;0.00046;0.00029;0.00004;0.00005;0.00003;0.00000;0.00001;0.00001;0.00000;0.00013;0.00017;0.00000;0.00000;0.00000;0.00000;0.00000;0.00027;0.00062;0.00000;0.00002;0.00002;0.00009;0.00003;0.00000;0.00001;0.00002;0.00001;0.00003;0.00003;0.00006;0.00009;0.00000;0.00000;0.00052;0.00003;0.00001;0.00003;0.00006;0.00007;0.00008;0.00005;0.00008;0.00004;0.00002;0.00001;0.00001;0.00013;0.00014;0.00004;0.00048;0.00102;0.00003;0.00019;0.00034;0.00023;0.00037;0.00011;0.00036;0.00015;0.00022;0.00006;0.00036;0.00019;0.00005;0.00006;0.00068;0.00006;0.00013;0.00021;0.00000;0.00013;0.00007;0.00004;0.00002;0.00004;0.00002;0.00018;0.00000;0.00000;0.00000;0.00000;0.00001;0.00073;0.00007;0.00008;0.00000;0.00000;0.00049;0.00001;0.00001;0.00003;0.00002;0.00001;0.00000;0.00004;0.00001;0.00002;0.00002;0.00001;0.00001;0.00039;0.00002;0.00049;0.00003;0.00005;0.00009;0.00005;0.00006;0.00001;0.00001;0.00001;0.00013;0.00006;0.00000;0.00000;0.00006;0.00001;0.00000;0.00001;0.00004;0.00000;0.00009;0.00018;0.00114;0.00003;0.00001;0.00000;0.00001;0.00000;0.00095;0.00000;0.00001;0.00003;0.00001;0.00001;0.00012;0.00000;0.00000;0.00002;0.00005;0.00009;0.00003;0.00001;0.00000;0.00000
2020-02-15 00:00;0.00001;0.00008;0.00000;0.00002;0.00000;0.00000;0.00000;0.00001;0.00000;0.00000;0.00003;0.00000;0.00005;0.00000;0.00000;0.00000;0.00004;0.00003;0.00001;0.00001;0.00000;0.00000;0.00000;0.00001;0.00001;0.00005;0.00000;0.00000;0.00000;0.00001;0.00003;0.00000;0.00008;0.00001;0.00001;0.00001;0.00000;0.00001;0.00000;0.00001;0.00004;0.00004;0.00000;0.00001;0.00000;0.00000;0.00000;0.00000;0.00004;0.00000;0.00000;0.00000;0.00000;0.00001;0.00000;0.00002;0.00000;0.00002;0.00000;0.00000;0.00000;0.00000;0.00000;0.00004;0.00000;0.00000;0.00000;0.00000;0.00000;0.00013;0.00000;0.00000;0.00000;0.00000;0.00005;0.00000;0.00000;0.00001;0.00001;0.00003;0.00000;0.00000;0.00001;0.00005;0.00004;0.00000;0.00002;0.00002;0.00000;0.00000;0.00001;0.00000;0.00005;0.00006;0.00000;0.00000;0.00004;0.00001;0.00008;0.00094;0.00588;0.00095;0.00001;0.00000;0.00001;0.00000;0.00001;0.00090;0.00002;0.00001;0.00001;0.00001;0.00001;0.00002;0.00001;0.00001;0.00000;0.00000;0.00001;0.00001;0.00001;0.00000;0.00001;0.00000;0.00000;0.00002;0.00001;0.00002;0.00000;0.00000;0.00001;0.00004;0.00000;0.00000;0.00002;0.00001;0.00003;0.00001;0.00001;0.00000;0.00001;0.00000;0.00000;0.00007;0.00001;0.00001;0.00004;0.00002;0.00001;0.00003;0.00023;0.00003;0.00007;0.00001;0.00002;0.00001;0.00001;0.00146;0.00000;0.00000;0.00001;0.00000;0.00023;0.00158;0.00014;0.00005;0.00004;0.00001;0.00001;0.00029;0.00017;0.00019;0.00035;0.00012;0.00002;0.00029;0.00000;0.00009;0.00044;0.00003;0.00041;0.00020;0.00000;0.00043;0.00033;0.00002;0.00003;0.00001;0.00005;0.00025;0.00079;0.00039;0.00030;0.00050;0.00000;0.00000;0.00055;0.00032;0.00007;0.00006;0.00004;0.00003;0.00085;0.00001;0.00006;0.00004;0.00024;0.00002;0.00005;0.00000;0.00002;0.00003;0.00003;0.00023;0.00005;0.00030;0.00042;0.00025;0.00003;0.00091;0.00003;0.00002;0.00001;0.00049;0.00047;0.00045;0.00018;0.00020;0.00033;0.00007;0.00011;0.00009;0.00010;0.00017;0.00001;0.00005;0.00000;0.00006;0.00004;0.00002;0.00002;0.00004;0.00012;0.00005;0.00009;0.00004;0.00000;0.00000;0.00000;0.00000;0.00010;0.00025;0.00001;0.00001;0.00006;0.00003;0.00003;0.00003;0.00002;0.00000;0.00001;0.00001;0.00000;0.00000;0.00001;0.00000;0.00000;0.00010;0.00002;0.00008;0.00002;0.00001;0.00005;0.00006;0.00026;0.00021;0.00008;0.00028;0.00017;0.00016;0.00010;0.00003;0.00004;0.00002;0.00007;0.00007;0.00000;0.00000;0.00002;0.00042;0.00032;0.00009;0.00001;0.00002;0.00013;0.00001;0.00001;0.00000;0.00001;0.00001;0.00003;0.00011;0.00007;0.00002;0.00029;0.00028;0.00007;0.00005;0.00004;0.00003;0.00005;0.00043;0.00015;0.00001;0.00003;0.00013;0.00002;0.00000;0.00003;0.00001;0.00004;0.00023;0.00005;0.00016;0.00003;0.00004;0.00014;0.00004;0.00005;0.00000;0.00006;0.00001;0.00001;0.00000;0.00000;0.00000;0.00002;0.00001;0.00002;0.00004;0.00008;0.00001;0.00001;0.00001;0.00001;0.00001;0.00001;0.00002;0.00001;0.00003;0.00041;0.00029;0.00007;0.00005;0.00003;0.00000;0.00001;0.00004;0.00000;0.00014;0.00017;0.00000;0.00000;0.00000;0.00000;0.00001;0.00016;0.00027;0.00000;0.00002;0.00003;0.00009;0.00003;0.00000;0.00002;0.00005;0.00001;0.00003;0.00004;0.00006;0.00009;0.00000;0.00000;0.00089;0.00001;0.00002;0.00001;0.00006;0.00008;0.00003;0.00005;0.00008;0.00007;0.00002;0.00001;0.00001;0.00013;0.00014;0.00004;0.00051;0.00104;0.00003;0.00019;0.00043;0.00010;0.00020;0.00012;0.00059;0.00019;0.00033;0.00005;0.00043;0.00023;0.00004;0.00002;0.00079;0.00006;0.00010;0.00024;0.00000;0.00013;0.00009;0.00005;0.00002;0.00006;0.00002;0.00018;0.00000;0.00000;0.00000;0.00000;0.00001;0.00073;0.00007;0.00008;0.00000;0.00000;0.00049;0.00001;0.00001;0.00003;0.00002;0.00001;0.00000;0.00004;0.00001;0.00002;0.00002;0.00001;0.00001;0.00039;0.00002;0.00048;0.00003;0.00005;0.00009;0.00005;0.00006;0.00001;0.00001;0.00001;0.00013;0.00006;0.00000;0.00000;0.00006;0.00001;0.00000;0.00001;0.00004;0.00000;0.00009;0.00018;0.00113;0.00003;0.00001;0.00000;0.00001;0.00000;0.00095;0.00000;0.00001;0.00004;0.00001;0.00001;0.00011;0.00000;0.00000;0.00002;0.00005;0.00009;0.00003;0.00001;0.00000;0.00000
2020-02-16 00:00;0.00001;0.00008;0.00000;0.00002;0.00000;0.00000;0.00000;0.00001;0.00000;0.00000;0.00004;0.00000;0.00005;0.00000;0.00000;0.00000;0.00004;0.00003;0.00001;0.00001;0.00000;0.00000;0.00000;0.00001;0.00001;0.00003;0.00000;0.00000;0.00000;0.00001;0.00003;0.00000;0.00008;0.00001;0.00001;0.00001;0.00000;0.00001;0.00000;0.00001;0.00004;0.00004;0.00000;0.00001;0.00000;0.00000;0.00000;0.00000;0.00004;0.00000;0.00000;0.00000;0.00000;0.00001;0.00000;0.00002;0.00000;0.00002;0.00000;0.00000;0.00000;0.00000;0.00000;0.00004;0.00000;0.00000;0.00000;0.00000;0.00000;0.00013;0.00000;0.00000;0.00000;0.00000;0.00005;0.00000;0.00000;0.00001;0.00001;0.00003;0.00000;0.00000;0.00001;0.00005;0.00003;0.00000;0.00002;0.00002;0.00000;0.00000;0.00001;0.00000;0.00005;0.00006;0.00000;0.00000;0.00004;0.00001;0.00008;0.00085;0.00578;0.00091;0.00001;0.00000;0.00001;0.00000;0.00001;0.00089;0.00002;0.00001;0.00001;0.00001;0.00001;0.00002;0.00001;0.00001;0.00000;0.00000;0.00001;0.00001;0.00001;0.00000;0.00001;0.00000;0.00000;0.00002;0.00001;0.00002;0.00000;0.00000;0.00001;0.00004;0.00000;0.00000;0.00002;0.00001;0.00003;0.00001;0.00001;0.00000;0.00001;0.00000;0.00000;0.00007;0.00001;0.00001;0.00004;0.00002;0.00001;0.00003;0.00023;0.00003;0.00007;0.00001;0.00002;0.00001;0.00001;0.00142;0.00000;0.00000;0.00001;0.00000;0.00022;0.00144;0.00013;0.00005;0.00004;0.00001;0.00001;0.00029;0.00017;0.00026;0.00025;0.00020;0.00002;0.00025;0.00000;0.00013;0.00045;0.00004;0.00034;0.00017;0.00001;0.00037;0.00030;0.00002;0.00003;0.00001;0.00005;0.00022;0.00067;0.00037;0.00026;0.00043;0.00000;0.00000;0.00039;0.00030;0.00011;0.00006;0.00003;0.00002;0.00075;0.00001;0.00007;0.00003;0.00024;0.00002;0.00005;0.00000;0.00002;0.00002;0.00004;0.00023;0.00005;0.00031;0.00048;0.00024;0.00003;0.00095;0.00003;0.00002;0.00001;0.00047;0.00044;0.00041;0.00014;0.00018;0.00030;0.00006;0.00009;0.00011;0.00010;0.00023;0.00001;0.00006;0.00000;0.00006;0.00009;0.00002;0.00003;0.00004;0.00021;0.00005;0.00009;0.00004;0.00000;0.00000;0.00000;0.00000;0.00008;0.00025;0.00001;0.00001;0.00005;0.00004;0.00002;0.00003;0.00002;0.00000;0.00002;0.00002;0.00000;0.00000;0.00001;0.00000;0.00000;0.00007;0.00002;0.00005;0.00002;0.00001;0.00009;0.00005;0.00035;0.00019;0.00008;0.00029;0.00017;0.00017;0.00011;0.00003;0.00004;0.00002;0.00012;0.00006;0.00000;0.00000;0.00002;0.00030;0.00058;0.00006;0.00001;0.00002;0.00008;0.00001;0.00001;0.00000;0.00001;0.00001;0.00003;0.00011;0.00004;0.00002;0.00018;0.00014;0.00007;0.00004;0.00003;0.00006;0.00004;0.00041;0.00014;0.00001;0.00003;0.00007;0.00002;0.00000;0.00001;0.00002;0.00004;0.00013;0.00005;0.00013;0.00003;0.00005;0.00006;0.00004;0.00005;0.00000;0.00005;0.00001;0.00001;0.00000;0.00000;0.00000;0.00002;0.00001;0.00002;0.00003;0.00005;0.00001;0.00001;0.00001;0.00001;0.00001;0.00001;0.00002;0.00001;0.00001;0.00046;0.00029;0.00004;0.00005;0.00003;0.00000;0.00001;0.00001;0.00000;0.00013;0.00017;0.00000;0.00000;0.00000;0.00000;0.00000;0.00020;0.00059;0.00000;0.00002;0.00002;0.00009;0.00003;0.00000;0.00001;0.00002;0.00001;0.00003;0.00003;0.00006;0.00009;0.00000;0.00000;0.00051;0.00003;0.00001;0.00003;0.00006;0.00007;0.00008;0.00005;0.00008;0.00004;0.00002;0.00001;0.00001;0.00013;0.00014;0.00004;0.00048;0.00102;0.00003;0.00019;0.00033;0.00021;0.00033;0.00011;0.00043;0.00016;0.00026;0.00006;0.00036;0.00019;0.00005;0.00009;0.00068;0.00006;0.00012;0.00021;0.00000;0.00013;0.00007;0.00004;0.00002;0.00004;0.00002;0.00018;0.00000;0.00000;0.00000;0.00000;0.00001;0.00073;0.00007;0.00008;0.00000;0.00000;0.00048;0.00001;0.00001;0.00003;0.00002;0.00001;0.00000;0.00004;0.00001;0.00002;0.00002;0.00001;0.00001;0.00039;0.00002;0.00047;0.00003;0.00005;0.00009;0.00005;0.00006;0.00001;0.00001;0.00001;0.00013;0.00006;0.00000;0.00000;0.00006;0.00001;0.00000;0.00001;0.00004;0.00000;0.00009;0.00018;0.00112;0.00003;0.00001;0.00000;0.00001;0.00000;0.00095;0.00000;0.00001;0.00002;0.00001;0.00001;0.00010;0.00000;0.00000;0.00002;0.00005;0.00009;0.00003;0.00001;0.00000;0.00000
2020-02-17 00:00;0.00001;0.00008;0.00000;0.00002;0.00000;0.00000;0.00000;0.00001;0.00000;0.00000;0.00003;0.00000;0.00005;0.00000;0.00000;0.00000;0.00004;0.00003;0.00001;0.00001;0.00000;0.00000;0.00000;0.00001;0.00001;0.00005;0.00000;0.00000;0.00000;0.00001;0.00004;0.00000;0.00008;0.00001;0.00001;0.00001;0.00000;0.00001;0.00000;0.00001;0.00004;0.00004;0.00000;0.00001;0.00000;0.00000;0.00000;0.00000;0.00004;0.00000;0.00000;0.00000;0.00000;0.00001;0.00000;0.00002;0.00000;0.00002;0.00000;0.00000;0.00000;0.00000;0.00000;0.00004;0.00000;0.00000;0.00000;0.00000;0.00000;0.00013;0.00000;0.00000;0.00000;0.00000;0.00005;0.00000;0.00000;0.00001;0.00001;0.00003;0.00000;0.00000;0.00001;0.00005;0.00004;0.00000;0.00002;0.00002;0.00000;0.00000;0.00001;0.00000;0.00005;0.00006;0.00000;0.00000;0.00004;0.00001;0.00007;0.00080;0.00567;0.00086;0.00001;0.00000;0.00001;0.00000;0.00001;0.00089;0.00002;0.00001;0.00001;0.00001;0.00001;0.00002;0.00001;0.00001;0.00000;0.00000;0.00001;0.00001;0.00001;0.00000;0.00001;0.00000;0.00000;0.00002;0.00001;0.00002;0.00000;0.00000;0.00001;0.00004;0.00000;0.00000;0.00002;0.00001;0.00003;0.00001;0.00001;0.00000;0.00001;0.00000;0.00000;0.00007;0.00001;0.00001;0.00004;0.00002;0.00001;0.00003;0.00023;0.00003;0.00007;0.00001;0.00002;0.00001;0.00001;0.00143;0.00000;0.00000;0.00001;0.00000;0.00021;0.00130;0.00014;0.00005;0.00004;0.00001;0.00001;0.00027;0.00017;0.00019;0.00036;0.00012;0.00002;0.00032;0.00000;0.00009;0.00041;0.00003;0.00041;0.00020;0.00000;0.00044;0.00032;0.00002;0.00003;0.00001;0.00005;0.00025;0.00081;0.00039;0.00031;0.00046;0.00000;0.00000;0.00061;0.00032;0.00007;0.00006;0.00004;0.00003;0.00087;0.00001;0.00004;0.00004;0.00023;0.00002;0.00005;0.00000;0.00002;0.00003;0.00003;0.00023;0.00005;0.00031;0.00039;0.00025;0.00003;0.00093;0.00003;0.00002;0.00001;0.00049;0.00047;0.00045;0.00018;0.00020;0.00033;0.00007;0.00011;0.00009;0.00010;0.00015;0.00001;0.00005;0.00000;0.00006;0.00004;0.00002;0.00002;0.00004;0.00012;0.00005;0.00009;0.00004;0.00000;0.00000;0.00000;0.00000;0.00010;0.00025;0.00001;0.00001;0.00006;0.00003;0.00004;0.00003;0.00002;0.00000;0.00001;0.00001;0.00000;0.00000;0.00001;0.00000;0.00000;0.00010;0.00002;0.00008;0.00002;0.00001;0.00005;0.00006;0.00025;0.00022;0.00008;0.00028;0.00017;0.00016;0.00010;0.00003;0.00004;0.00002;0.00007;0.00007;0.00000;0.00000;0.00002;0.00042;0.00031;0.00009;0.00001;0.00002;0.00014;0.00001;0.00001;0.00000;0.00001;0.00001;0.00003;0.00011;0.00008;0.00002;0.00030;0.00029;0.00007;0.00005;0.00004;0.00004;0.00005;0.00043;0.00015;0.00001;0.00003;0.00014;0.00002;0.00000;0.00003;0.00001;0.00004;0.00026;0.00004;0.00017;0.00003;0.00004;0.00015;0.00004;0.00004;0.00000;0.00005;0.00001;0.00001;0.00000;0.00000;0.00000;0.00002;0.00001;0.00002;0.00004;0.00009;0.00001;0.00001;0.00001;0.00001;0.00001;0.00001;0.00002;0.00001;0.00003;0.00034;0.00029;0.00008;0.00005;0.00003;0.00000;0.00001;0.00005;0.00000;0.00014;0.00017;0.00000;0.00000;0.00000;0.00000;0.00001;0.00007;0.00025;0.00000;0.00002;0.00003;0.00009;0.00003;0.00000;0.00002;0.00006;0.00001;0.00003;0.00004;0.00006;0.00009;0.00000;0.00000;0.00092;0.00001;0.00002;0.00001;0.00006;0.00008;0.00003;0.00005;0.00008;0.00007;0.00002;0.00001;0.00001;0.00013;0.00014;0.00004;0.00051;0.00104;0.00003;0.00019;0.00044;0.00009;0.00018;0.00013;0.00060;0.00018;0.00030;0.00005;0.00043;0.00024;0.00004;0.00003;0.00079;0.00006;0.00009;0.00024;0.00000;0.00013;0.00009;0.00005;0.00002;0.00006;0.00002;0.00018;0.00000;0.00000;0.00000;0.00000;0.00001;0.00073;0.00007;0.00008;0.00000;0.00000;0.00048;0.00001;0.00001;0.00003;0.00002;0.00001;0.00000;0.00004;0.00001;0.00002;0.00002;0.00001;0.00001;0.00039;0.00002;0.00047;0.00003;0.00005;0.00009;0.00005;0.00006;0.00001;0.00001;0.00001;0.00013;0.00006;0.00000;0.00000;0.00006;0.00001;0.00000;0.00001;0.00004;0.00000;0.00009;0.00018;0.00112;0.00003;0.00001;0.00000;0.00001;0.00000;0.00094;0.00000;0.00001;0.00004;0.00001;0.00001;0.00009;0.00000;0.00000;0.00002;0.00005;0.00009;0.00003;0.00001;0.00000;0.00000
2020-02-18 00:00;0.00001;0.00008;0.00000;0.00002;0.00000;0.00000;0.00000;0.00001;0.00000;0.00000;0.00004;0.00000;0.00005;0.00000;0.00000;0.00000;0.00004;0.00003;0.00001;0.00001;0.00000;0.00000;0.00000;0.00001;0.00001;0.00003;0.00000;0.00000;0.00000;0.00001;0.00003;0.00000;0.00008;0.00001;0.00001;0.00001;0.00000;0.00001;0.00000;0.00001;0.00004;0.00004;0.00000;0.00001;0.00000;0.00000;0.00000;0.00000;0.00004;0.00000;0.00000;0.00000;0.00000;0.00001;0.00000;0.00002;0.00000;0.00002;0.00000;0.00000;0.00000;0.00000;0.00000;0.00004;0.00000;0.00000;0.00000;0.00000;0.00000;0.00013;0.00000;0.00000;0.00000;0.00000;0.00005;0.00000;0.00000;0.00001;0.00001;0.00003;0.00000;0.00000;0.00001;0.00005;0.00003;0.00000;0.00002;0.00002;0.00000;0.00000;0.00001;0.00000;0.00005;0.00006;0.00000;0.00000;0.00004;0.00001;0.00008;0.00068;0.00556;0.00080;0.00001;0.00000;0.00001;0.00000;0.00001;0.00088;0.00002;0.00001;0.00001;0.00001;0.00001;0.00002;0.00001;0.00001;0.00000;0.00000;0.00001;0.00001;0.00001;0.00000;0.00001;0.00000;0.00000;0.00002;0.00001;0.00002;0.00000;0.00000;0.00001;0.00004;0.00000;0.00000;0.00002;0.00001;0.00003;0.00001;0.00001;0.00000;0.00001;0.00000;0.00000;0.00007;0.00001;0.00001;0.00004;0.00002;0.00001;0.00003;0.00023;0.00003;0.00007;0.00001;0.00002;0.00001;0.00001;0.00139;0.00000;0.00000;0.00001;0.00000;0.00021;0.00101;0.00013;0.00005;0.00004;0.00001;0.00001;0.00027;0.00017;0.00025;0.00025;0.00021;0.00002;0.00025;0.00000;0.00013;0.00038;0.00004;0.00035;0.00017;0.00001;0.00040;0.00030;0.00002;0.00003;0.00001;0.00005;0.00022;0.00068;0.00037;0.00026;0.00038;0.00000;0.00000;0.00052;0.00030;0.00011;0.00006;0.00003;0.00002;0.00077;0.00001;0.00008;0.00003;0.00023;0.00002;0.00005;0.00000;0.00002;0.00002;0.00004;0.00023;0.00005;0.00031;0.00050;0.00024;0.00003;0.00096;0.00003;0.00002;0.00001;0.00047;0.00044;0.00040;0.00014;0.00018;0.00030;0.00006;0.00009;0.00011;0.00010;0.00026;0.00001;0.00006;0.00000;0.00006;0.00008;0.00002;0.00003;0.00004;0.00021;0.00005;0.00009;0.00004;0.00000;0.00000;0.00000;0.00000;0.00008;0.00025;0.00001;0.00001;0.00005;0.00004;0.00002;0.00003;0.00002;0.00000;0.00002;0.00002;0.00000;0.00000;0.00001;0.00000;0.00000;0.00007;0.00002;0.00005;0.00002;0.00001;0.00009;0.00005;0.00034;0.00019;0.00008;0.00028;0.00017;0.00017;0.00011;0.00003;0.00004;0.00002;0.00012;0.00006;0.00000;0.00000;0.00002;0.00031;0.00055;0.00006;0.00001;0.00002;0.00008;0.00001;0.00001;0.00000;0.00001;0.00001;0.00003;0.00011;0.00004;0.00002;0.00019;0.00014;0.00007;0.00004;0.00003;0.00006;0.00004;0.00041;0.00014;0.00001;0.00003;0.00008;0.00002;0.00000;0.00001;0.00002;0.00004;0.00014;0.00005;0.00015;0.00003;0.00005;0.00006;0.00004;0.00005;0.00000;0.00006;0.00001;0.00001;0.00000;0.00000;0.00000;0.00002;0.00001;0.00002;0.00003;0.00005;0.00001;0.00001;0.00001;0.00001;0.00001;0.00001;0.00002;0.00001;0.00001;0.00050;0.00029;0.00004;0.00005;0.00003;0.00000;0.00001;0.00001;0.00000;0.00013;0.00017;0.00000;0.00000;0.00000;0.00000;0.00000;0.00027;0.00056;0.00000;0.00002;0.00002;0.00009;0.00003;0.00000;0.00001;0.00002;0.00001;0.00003;0.00003;0.00006;0.00009;0.00000;0.00000;0.00052;0.00003;0.00001;0.00003;0.00006;0.00007;0.00007;0.00005;0.00008;0.00004;0.00002;0.00001;0.00001;0.00013;0.00014;0.00004;0.00048;0.00102;0.00003;0.00019;0.00034;0.00021;0.00033;0.00011;0.00043;0.00015;0.00021;0.00006;0.00036;0.00019;0.00005;0.00008;0.00068;0.00006;0.00013;0.00021;0.00000;0.00013;0.00007;0.00004;0.00002;0.00004;0.00002;0.00018;0.00000;0.00000;0.00000;0.00000;0.00001;0.00073;0.00007;0.00008;0.00000;0.00000;0.00048;0.00001;0.00001;0.00003;0.00002;0.00001;0.00000;0.00004;0.00001;0.00002;0.00002;0.00001;0.00001;0.00039;0.00002;0.00045;0.00003;0.00005;0.00009;0.00005;0.00006;0.00001;0.00001;0.00001;0.00013;0.00006;0.00000;0.00000;0.00006;0.00001;0.00000;0.00001;0.00004;0.00000;0.00009;0.00018;0.00112;0.00003;0.00001;0.00000;0.00001;0.00000;0.00095;0.00000;0.00001;0.00002;0.00001;0.00001;0.00008;0.00000;0.00000;0.00002;0.00004;0.00009;0.00003;0.00001;0.00000;0.00000
2020-02-19 00:00;0.00001;0.00009;0.00000;0.00002;0.00000;0.00000;0.00000;0.00001;0.00000;0.00000;0.00003;0.00000;0.00005;0.00000;0.00000;0.00000;0.00004;0.00003;0.00001;0.00001;0.00000;0.00000;0.00000;0.00001;0.00001;0.00005;0.00000;0.00000;0.00000;0.00001;0.00004;0.00000;0.00008;0.00001;0.00001;0.00001;0.00000;0.00001;0.00000;0.00001;0.00004;0.00004;0.00000;0.00001;0.00000;0.00000;0.00000;0.00000;0.00004;0.00000;0.00000;0.00000;0.00000;0.00001;0.00000;0.00002;0.00000;0.00002;0.00000;0.00000;0.00000;0.00000;0.00000;0.00004;0.00000;0.00000;0.00000;0.00000;0.00000;0.00013;0.00000;0.00000;0.00000;0.00000;0.00005;0.00000;0.00000;0.00001;0.00001;0.00003;0.00000;0.00000;0.00001;0.00005;0.00004;0.00000;0.00002;0.00002;0.00000;0.00000;0.00001;0.00000;0.00005;0.00006;0.00000;0.00000;0.00004;0.00001;0.00007;0.00057;0.00540;0.00075;0.00001;0.00000;0.00001;0.00000;0.00001;0.00088;0.00002;0.00001;0.00001;0.00001;0.00001;0.00002;0.00001;0.00001;0.00000;0.00000;0.00001;0.00001;0.00001;0.00000;0.00001;0.00000;0.00000;0.00002;0.00001;0.00002;0.00000;0.00000;0.00001;0.00004;0.00000;0.00000;0.00002;0.00001;0.00003;0.00001;0.00001;0.00000;0.00001;0.00000;0.00000;0.00007;0.00001;0.00001;0.00004;0.00002;0.00001;0.00003;0.00023;0.00003;0.00007;0.00001;0.00002;0.00001;0.00001;0.00136;0.00000;0.00000;0.00001;0.00000;0.00021;0.00063;0.00014;0.00005;0.00004;0.00001;0.00001;0.00024;0.00017;0.00017;0.00037;0.00012;0.00002;0.00031;0.00000;0.00010;0.00035;0.00003;0.00042;0.00020;0.00000;0.00042;0.00032;0.00002;0.00003;0.00001;0.00005;0.00026;0.00080;0.00039;0.00031;0.00051;0.00000;0.00000;0.00055;0.00032;0.00007;0.00006;0.00004;0.00003;0.00088;0.00001;0.00005;0.00004;0.00021;0.00002;0.00005;0.00000;0.00002;0.00003;0.00003;0.00023;0.00005;0.00032;0.00041;0.00025;0.00003;0.00089;0.00003;0.00002;0.00001;0.00049;0.00047;0.00045;0.00018;0.00020;0.00033;0.00007;0.00011;0.00009;0.00010;0.00016;0.00001;0.00005;0.00000;0.00006;0.00004;0.00002;0.00002;0.00004;0.00012;0.00005;0.00010;0.00004;0.00000;0.00000;0.00000;0.00000;0.00011;0.00025;0.00001;0.00001;0.00006;0.00003;0.00003;0.00003;0.00002;0.00000;0.00001;0.00001;0.00000;0.00000;0.00001;0.00000;0.00000;0.00010;0.00002;0.00008;0.00002;0.00001;0.00005;0.00006;0.00025;0.00022;0.00008;0.00028;0.00017;0.00016;0.00010;0.00003;0.00004;0.00002;0.00007;0.00008;0.00000;0.00000;0.00002;0.00043;0.00029;0.00010;0.00001;0.00002;0.00014;0.00001;0.00001;0.00000;0.00001;0.00001;0.00003;0.00011;0.00008;0.00002;0.00030;0.00028;0.00007;0.00005;0.00004;0.00004;0.00005;0.00043;0.00015;0.00001;0.00003;0.00014;0.00002;0.00000;0.00003;0.00001;0.00004;0.00026;0.00004;0.00016;0.00003;0.00004;0.00014;0.00004;0.00005;0.00000;0.00004;0.00001;0.00001;0.00000;0.00000;0.00000;0.00002;0.00001;0.00002;0.00004;0.00009;0.00001;0.00001;0.00001;0.00001;0.00001;0.00001;0.00002;0.00001;0.00004;0.00043;0.00029;0.00008;0.00005;0.00003;0.00000;0.00001;0.00005;0.00000;0.00014;0.00017;0.00000;0.00000;0.00000;0.00000;0.00001;0.00010;0.00024;0.00000;0.00002;0.00003;0.00009;0.00003;0.00000;0.00002;0.00006;0.00001;0.00003;0.00004;0.00006;0.00009;0.00000;0.00000;0.00090;0.00000;0.00002;0.00001;0.00006;0.00008;0.00003;0.00005;0.00008;0.00007;0.00002;0.00001;0.00001;0.00013;0.00014;0.00004;0.00051;0.00104;0.00003;0.00019;0.00044;0.00009;0.00018;0.00013;0.00061;0.00019;0.00035;0.00005;0.00043;0.00024;0.00004;0.00003;0.00080;0.00006;0.00009;0.00025;0.00000;0.00013;0.00009;0.00005;0.00002;0.00006;0.00002;0.00018;0.00000;0.00000;0.00000;0.00000;0.00001;0.00073;0.00007;0.00008;0.00000;0.00000;0.00048;0.00001;0.00001;0.00003;0.00002;0.00001;0.00000;0.00004;0.00001;0.00002;0.00002;0.00001;0.00001;0.00039;0.00002;0.00045;0.00003;0.00005;0.00009;0.00005;0.00006;0.00001;0.00001;0.00001;0.00013;0.00006;0.00000;0.00000;0.00006;0.00001;0.00000;0.00001;0.00004;0.00000;0.00009;0.00018;0.00111;0.00003;0.00001;0.00000;0.00001;0.00000;0.00093;0.00000;0.00001;0.00004;0.00001;0.00001;0.00006;0.00000;0.00000;0.00002;0.00005;0.00009;0.00003;0.00001;0.00000;0.00000
2020-02-20 00:00;0.00001;0.00009;0.00000;0.00002;0.00000;0.00000;0.00000;0.00001;0.00000;0.00000;0.00004;0.00000;0.00005;0.00000;0.00000;0.00000;0.00004;0.00003;0.00001;0.00001;0.00000;0.00000;0.00000;0.00001;0.00001;0.00003;0.00000;0.00000;0.00000;0.00001;0.00003;0.00000;0.00008;0.00001;0.00001;0.00001;0.00000;0.00001;0.00000;0.00001;0.00004;0.00004;0.00000;0.00001;0.00000;0.00000;0.00000;0.00000;0.00004;0.00000;0.00000;0.00000;0.00000;0.00001;0.00000;0.00002;0.00000;0.00002;0.00000;0.00000;0.00000;0.00000;0.00000;0.00004;0.00000;0.00000;0.00000;0.00000;0.00000;0.00014;0.00000;0.00000;0.00000;0.00000;0.00005;0.00000;0.00000;0.00001;0.00001;0.00003;0.00000;0.00000;0.00001;0.00005;0.00003;0.00000;0.00002;0.00002;0.00000;0.00000;0.00001;0.00000;0.00005;0.00006;0.00000;0.00000;0.00004;0.00001;0.00008;0.00029;0.00525;0.00067;0.00001;0.00000;0.00001;0.00000;0.00001;0.00087;0.00002;0.00001;0.00001;0.00001;0.00001;0.00002;0.00001;0.00001;0.00000;0.00000;0.00001;0.00001;0.00001;0.00000;0.00001;0.00000;0.00000;0.00002;0.00001;0.00002;0.00000;0.00000;0.00001;0.00004;0.00000;0.00000;0.00002;0.00001;0.00003;0.00001;0.00001;0.00000;0.00001;0.00000;0.00000;0.00007;0.00001;0.00001;0.00004;0.00002;0.00001;0.00003;0.00023;0.00003;0.00007;0.00001;0.00002;0.00001;0.00001;0.00131;0.00000;0.00000;0.00001;0.00000;0.00022;0.00051;0.00013;0.00005;0.00004;0.00001;0.00001;0.00024;0.00017;0.00028;0.00025;0.00023;0.00002;0.00023;0.00000;0.00013;0.00032;0.00004;0.00035;0.00017;0.00001;0.00036;0.00030;0.00002;0.00003;0.00001;0.00005;0.00021;0.00068;0.00037;0.00026;0.00040;0.00000;0.00000;0.00039;0.00029;0.00011;0.00006;0.00003;0.00002;0.00077;0.00001;0.00008;0.00003;0.00022;0.00002;0.00005;0.00000;0.00002;0.00002;0.00004;0.00023;0.00005;0.00031;0.00049;0.00024;0.00003;0.00093;0.00003;0.00002;0.00001;0.00047;0.00043;0.00040;0.00014;0.00018;0.00030;0.00006;0.00009;0.00011;0.00010;0.00027;0.00001;0.00006;0.00000;0.00006;0.00009;0.00002;0.00003;0.00004;0.00022;0.00005;0.00009;0.00004;0.00000;0.00000;0.00000;0.00000;0.00008;0.00025;0.00001;0.00001;0.00005;0.00004;0.00001;0.00003;0.00002;0.00000;0.00002;0.00002;0.00000;0.00000;0.00001;0.00000;0.00000;0.00007;0.00002;0.00005;0.00002;0.00001;0.00010;0.00005;0.00035;0.00019;0.00008;0.00028;0.00017;0.00017;0.00011;0.00003;0.00004;0.00002;0.00012;0.00006;0.00000;0.00000;0.00002;0.00031;0.00060;0.00006;0.00001;0.00002;0.00008;0.00001;0.00001;0.00000;0.00001;0.00001;0.00003;0.00011;0.00004;0.00002;0.00019;0.00014;0.00007;0.00004;0.00003;0.00007;0.00004;0.00041;0.00014;0.00001;0.00003;0.00007;0.00002;0.00000;0.00001;0.00002;0.00004;0.00015;0.00005;0.00013;0.00003;0.00005;0.00006;0.00004;0.00005;0.00000;0.00007;0.00001;0.00001;0.00000;0.00000;0.00000;0.00002;0.00001;0.00002;0.00004;0.00005;0.00001;0.00001;0.00001;0.00001;0.00001;0.00001;0.00002;0.00001;0.00001;0.00046;0.00029;0.00003;0.00005;0.00003;0.00000;0.00001;0.00001;0.00000;0.00013;0.00017;0.00000;0.00000;0.00000;0.00000;0.00000;0.00026;0.00065;0.00000;0.00002;0.00002;0.00009;0.00003;0.00000;0.00001;0.00002;0.00001;0.00003;0.00003;0.00006;0.00009;0.00000;0.00000;0.00051;0.00003;0.00001;0.00003;0.00006;0.00007;0.00008;0.00005;0.00008;0.00004;0.00002;0.00001;0.00001;0.00013;0.00014;0.00004;0.00048;0.00101;0.00003;0.00019;0.00034;0.00022;0.00035;0.00011;0.00044;0.00016;0.00025;0.00006;0.00036;0.00018;0.00005;0.00009;0.00069;0.00006;0.00013;0.00021;0.00000;0.00013;0.00007;0.00004;0.00002;0.00004;0.00002;0.00018;0.00000;0.00000;0.00000;0.00000;0.00001;0.00073;0.00007;0.00008;0.00000;0.00000;0.00048;0.00001;0.00001;0.00003;0.00002;0.00001;0.00000;0.00004;0.00001;0.00002;0.00002;0.00001;0.00001;0.00039;0.00002;0.00043;0.00003;0.00005;0.00009;0.00005;0.00006;0.00001;0.00001;0.00001;0.00013;0.00006;0.00000;0.00000;0.00006;0.00001;0.00000;0.00001;0.00004;0.00000;0.00009;0.00018;0.00110;0.00003;0.00001;0.00000;0.00001;0.00000;0.00096;0.00000;0.00001;0.00002;0.00001;0.00001;0.00004;0.00000;0.00000;0.00002;0.00004;0.00009;0.00003;0.00001;0.00000;0.00000
2020-02-21 00:00;0.00001;0.00009;0.00000;0.00002;0.00000;0.00000;0.00000;0.00001;0.00000;0.00000;0.00003;0.00000;0.00005;0.00000;0.00000;0.00000;0.00004;0.00003;0.00001;0.00001;0.00000;0.00000;0.00000;0.00001;0.00001;0.00005;0.00000;0.00000;0.00000;0.00001;0.00003;0.00000;0.00008;0.00001;0.00001;0.00001;0.00000;0.00001;0.00000;0.00001;0.00004;0.00004;0.00000;0.00001;0.00000;0.00000;0.00000;0.00000;0.00004;0.00000;0.00000;0.00000;0.00000;0.00001;0.00000;0.00002;0.00000;0.00002;0.00000;0.00000;0.00000;0.00000;0.00000;0.00004;0.00000;0.00000;0.00000;0.00000;0.00000;0.00013;0.00000;0.00000;0.00000;0.00000;0.00005;0.00000;0.00000;0.00001;0.00001;0.00003;0.00000;0.00000;0.00001;0.00005;0.00004;0.00000;0.00002;0.00002;0.00000;0.00000;0.00001;0.00000;0.00005;0.00006;0.00000;0.00000;0.00004;0.00001;0.00007;0.00010;0.00506;0.00054;0.00001;0.00000;0.00001;0.00000;0.00001;0.00086;0.00002;0.00001;0.00001;0.00001;0.00001;0.00002;0.00001;0.00001;0.00000;0.00000;0.00001;0.00001;0.00001;0.00000;0.00001;0.00000;0.00000;0.00002;0.00001;0.00002;0.00000;0.00000;0.00001;0.00004;0.00000;0.00000;0.00001;0.00001;0.00003;0.00001;0.00001;0.00000;0.00001;0.00000;0.00000;0.00007;0.00001;0.00001;0.00004;0.00002;0.00001;0.00003;0.00023;0.00003;0.00007;0.00001;0.00002;0.00001;0.00001;0.00130;0.00000;0.00000;0.00001;0.00000;0.00021;0.00048;0.00014;0.00005;0.00004;0.00001;0.00001;0.00021;0.00017;0.00022;0.00038;0.00013;0.00002;0.00030;0.00000;0.00010;0.00025;0.00003;0.00042;0.00019;0.00000;0.00045;0.00032;0.00002;0.00003;0.00001;0.00005;0.00026;0.00080;0.00039;0.00030;0.00050;0.00000;0.00000;0.00064;0.00032;0.00007;0.00006;0.00004;0.00003;0.00086;0.00001;0.00005;0.00004;0.00020;0.00002;0.00005;0.00000;0.00002;0.00003;0.00003;0.00023;0.00005;0.00032;0.00035;0.00025;0.00003;0.00088;0.00003;0.00002;0.00001;0.00048;0.00047;0.00046;0.00018;0.00020;0.00033;0.00007;0.00011;0.00009;0.00010;0.00023;0.00001;0.00005;0.00000;0.00006;0.00004;0.00002;0.00002;0.00004;0.00012;0.00005;0.00009;0.00004;0.00000;0.00000;0.00000;0.00000;0.00010;0.00025;0.00001;0.00001;0.00006;0.00003;0.00003;0.00003;0.00002;0.00000;0.00001;0.00001;0.00000;0.00000;0.00001;0.00000;0.00000;0.00010;0.00002;0.00007;0.00002;0.00001;0.00005;0.00005;0.00025;0.00021;0.00008;0.00028;0.00017;0.00016;0.00010;0.00003;0.00004;0.00002;0.00007;0.00007;0.00000;0.00000;0.00002;0.00041;0.00032;0.00009;0.00001;0.00002;0.00014;0.00001;0.00001;0.00000;0.00001;0.00001;0.00003;0.00011;0.00007;0.00002;0.00029;0.00028;0.00007;0.00005;0.00004;0.00004;0.00005;0.00043;0.00015;0.00001;0.00003;0.00013;0.00002;0.00000;0.00003;0.00001;0.00004;0.00025;0.00004;0.00017;0.00003;0.00004;0.00013;0.00004;0.00004;0.00000;0.00005;0.00001;0.00001;0.00000;0.00000;0.00000;0.00002;0.00001;0.00002;0.00004;0.00008;0.00001;0.00001;0.00001;0.00001;0.00001;0.00001;0.00002;0.00001;0.00003;0.00034;0.00029;0.00009;0.00005;0.00003;0.00000;0.00001;0.00004;0.00000;0.00014;0.00017;0.00000;0.00000;0.00000;0.00000;0.00001;0.00009;0.00028;0.00000;0.00002;0.00003;0.00009;0.00003;0.00000;0.00002;0.00005;0.00001;0.00003;0.00004;0.00006;0.00009;0.00000;0.00000;0.00086;0.00001;0.00002;0.00001;0.00006;0.00008;0.00003;0.00005;0.00008;0.00007;0.00002;0.00001;0.00001;0.00013;0.00014;0.00004;0.00051;0.00103;0.00003;0.00019;0.00044;0.00009;0.00019;0.00012;0.00060;0.00019;0.00031;0.00005;0.00043;0.00025;0.00004;0.00003;0.00079;0.00006;0.00009;0.00025;0.00000;0.00013;0.00009;0.00005;0.00002;0.00007;0.00002;0.00018;0.00000;0.00000;0.00000;0.00000;0.00001;0.00073;0.00007;0.00008;0.00000;0.00000;0.00048;0.00001;0.00001;0.00003;0.00002;0.00001;0.00000;0.00004;0.00001;0.00002;0.00002;0.00001;0.00001;0.00039;0.00002;0.00042;0.00003;0.00005;0.00009;0.00005;0.00006;0.00001;0.00001;0.00001;0.00013;0.00006;0.00000;0.00000;0.00006;0.00001;0.00000;0.00001;0.00004;0.00000;0.00009;0.00018;0.00110;0.00003;0.00001;0.00000;0.00001;0.00000;0.00093;0.00000;0.00001;0.00004;0.00001;0.00001;0.00004;0.00000;0.00000;0.00002;0.00005;0.00009;0.00003;0.00001;0.00000;0.00000
2020-02-22 00:00;0.00001;0.00009;0.00000;0.00002;0.00000;0.00000;0.00000;0.00001;0.00000;0.00000;0.00004;0.00000;0.00005;0.00000;0.00000;0.00000;0.00004;0.00003;0.00001;0.00001;0.00000;0.00000;0.00000;0.00001;0.00001;0.00003;0.00000;0.00000;0.00000;0.00001;0.00003;0.00000;0.00008;0.00001;0.00001;0.00001;0.00000;0.00001;0.00000;0.00001;0.00004;0.00004;0.00000;0.00001;0.00000;0.00000;0.00000;0.00000;0.00004;0.00000;0.00000;0.00000;0.00000;0.00001;0.00000;0.00002;0.00000;0.00002;0.00000;0.00000;0.00000;0.00000;0.00000;0.00004;0.00000;0.00000;0.00000;0.00000;0.00000;0.00014;0.00000;0.00000;0.00000;0.00000;0.00005;0.00000;0.00000;0.00001;0.00001;0.00003;0.00000;0.00000;0.00001;0.00005;0.00003;0.00000;0.00002;0.00002;0.00000;0.00000;0.00001;0.00000;0.00005;0.00006;0.00000;0.00000;0.00004;0.00001;0.00008;0.00011;0.00489;0.00036;0.00001;0.00000;0.00001;0.00000;0.00001;0.00085;0.00002;0.00001;0.00001;0.00001;0.00001;0.00002;0.00001;0.00001;0.00000;0.00000;0.00001;0.00001;0.00001;0.00000;0.00001;0.00000;0.00000;0.00002;0.00001;0.00002;0.00000;0.00000;0.00001;0.00004;0.00000;0.00000;0.00002;0.00001;0.00003;0.00001;0.00001;0.00000;0.00001;0.00000;0.00000;0.00007;0.00001;0.00001;0.00004;0.00002;0.00001;0.00003;0.00023;0.00003;0.00007;0.00001;0.00002;0.00001;0.00001;0.00126;0.00000;0.00000;0.00001;0.00000;0.00021;0.00050;0.00013;0.00005;0.00004;0.00001;0.00001;0.00019;0.00017;0.00024;0.00024;0.00024;0.00002;0.00023;0.00000;0.00013;0.00013;0.00004;0.00035;0.00017;0.00001;0.00037;0.00030;0.00002;0.00003;0.00001;0.00005;0.00021;0.00067;0.00036;0.00026;0.00040;0.00000;0.00000;0.00051;0.00029;0.00011;0.00006;0.00003;0.00002;0.00076;0.00001;0.00008;0.00003;0.00021;0.00002;0.00005;0.00000;0.00002;0.00002;0.00004;0.00023;0.00005;0.00030;0.00053;0.00024;0.00003;0.00093;0.00003;0.00002;0.00001;0.00047;0.00043;0.00039;0.00014;0.00018;0.00030;0.00006;0.00009;0.00011;0.00009;0.00023;0.00001;0.00006;0.00000;0.00006;0.00009;0.00002;0.00003;0.00004;0.00022;0.00005;0.00008;0.00004;0.00000;0.00000;0.00000;0.00000;0.00008;0.00025;0.00001;0.00001;0.00005;0.00004;0.00001;0.00003;0.00002;0.00000;0.00002;0.00002;0.00000;0.00000;0.00001;0.00000;0.00000;0.00007;0.00002;0.00005;0.00002;0.00001;0.00010;0.00005;0.00034;0.00018;0.00008;0.00028;0.00017;0.00017;0.00011;0.00003;0.00004;0.00002;0.00012;0.00006;0.00000;0.00000;0.00002;0.00030;0.00060;0.00006;0.00001;0.00002;0.00008;0.00001;0.00001;0.00000;0.00001;0.00001;0.00003;0.00011;0.00004;0.00002;0.00018;0.00013;0.00007;0.00004;0.00003;0.00007;0.00004;0.00041;0.00013;0.00001;0.00003;0.00007;0.00002;0.00000;0.00001;0.00002;0.00004;0.00014;0.00005;0.00014;0.00003;0.00005;0.00006;0.00004;0.00005;0.00000;0.00007;0.00001;0.00001;0.00000;0.00000;0.00000;0.00002;0.00001;0.00002;0.00004;0.00005;0.00001;0.00001;0.00001;0.00001;0.00001;0.00001;0.00002;0.00001;0.00001;0.00051;0.00029;0.00005;0.00005;0.00003;0.00000;0.00001;0.00001;0.00000;0.00013;0.00017;0.00000;0.00000;0.00000;0.00000;0.00000;0.00027;0.00065;0.00000;0.00002;0.00002;0.00009;0.00003;0.00000;0.00001;0.00002;0.00001;0.00003;0.00003;0.00006;0.00009;0.00000;0.00000;0.00049;0.00003;0.00001;0.00003;0.00006;0.00007;0.00008;0.00005;0.00008;0.00004;0.00002;0.00001;0.00001;0.00012;0.00014;0.00004;0.00048;0.00101;0.00003;0.00019;0.00033;0.00021;0.00035;0.00011;0.00043;0.00015;0.00021;0.00006;0.00035;0.00019;0.00005;0.00009;0.00068;0.00006;0.00014;0.00022;0.00000;0.00012;0.00006;0.00004;0.00002;0.00004;0.00002;0.00018;0.00000;0.00000;0.00000;0.00000;0.00001;0.00073;0.00007;0.00008;0.00000;0.00000;0.00048;0.00001;0.00001;0.00003;0.00002;0.00001;0.00000;0.00004;0.00001;0.00002;0.00002;0.00001;0.00001;0.00039;0.00002;0.00040;0.00003;0.00005;0.00009;0.00005;0.00006;0.00001;0.00001;0.00001;0.00013;0.00006;0.00000;0.00000;0.00006;0.00001;0.00000;0.00001;0.00004;0.00000;0.00009;0.00018;0.00109;0.00003;0.00001;0.00000;0.00001;0.00000;0.00096;0.00000;0.00001;0.00002;0.00001;0.00001;0.00004;0.00000;0.00000;0.00002;0.00004;0.00009;0.00003;0.00001;0.00000;0.00000
2020-02-23 00:00;0.00001;0.00009;0.00000;0.00002;0.00000;0.00000;0.00000;0.00001;0.00000;0.00000;0.00003;0.00000;0.00005;0.00000;0.00000;0.00000;0.00004;0.00003;0.00001;0.00001;0.00000;0.00000;0.00000;0.00001;0.00001;0.00005;0.00000;0.00000;0.00000;0.00001;0.00003;0.00000;0.00008;0.00001;0.00001;0.00001;0.00000;0.00001;0.00000;0.00001;0.00004;0.00004;0.00000;0.00001;0.00000;0.00000;0.00000;0.00000;0.00004;0.00000;0.00000;0.00000;0.00000;0.00001;0.00000;0.00002;0.00000;0.00002;0.00000;0.00000;0.00000;0.00000;0.00000;0.00004;0.00000;0.00000;0.00000;0.00000;0.00000;0.00013;0.00000;0.00000;0.00000;0.00000;0.00005;0.00000;0.00000;0.00001;0.00001;0.00003;0.00000;0.00000;0.00001;0.00005;0.00004;0.00000;0.00002;0.00002;0.00000;0.00000;0.00001;0.00000;0.00005;0.00006;0.00000;0.00000;0.00004;0.00001;0.00007;0.00008;0.00433;0.00029;0.00001;0.00000;0.00001;0.00000;0.00001;0.00082;0.00002;0.00001;0.00001;0.00001;0.00001;0.00002;0.00001;0.00001;0.00000;0.00000;0.00001;0.00001;0.00001;0.00000;0.00001;0.00000;0.00000;0.00002;0.00001;0.00002;0.00000;0.00000;0.00001;0.00004;0.00000;0.00000;0.00002;0.00001;0.00003;0.00001;0.00001;0.00000;0.00001;0.00000;0.00000;0.00007;0.00001;0.00001;0.00004;0.00002;0.00001;0.00003;0.00023;0.00003;0.00007;0.00001;0.00002;0.00001;0.00001;0.00084;0.00000;0.00000;0.00001;0.00000;0.00021;0.00048;0.00013;0.00005;0.00004;0.00001;0.00001;0.00010;0.00017;0.00017;0.00024;0.00013;0.00002;0.00012;0.00000;0.00009;0.00011;0.00002;0.00037;0.00018;0.00000;0.00037;0.00028;0.00002;0.00003;0.00001;0.00005;0.00016;0.00066;0.00035;0.00027;0.00040;0.00000;0.00000;0.00045;0.00030;0.00008;0.00006;0.00004;0.00003;0.00072;0.00001;0.00005;0.00003;0.00019;0.00002;0.00005;0.00000;0.00002;0.00003;0.00003;0.00023;0.00005;0.00025;0.00044;0.00023;0.00003;0.00079;0.00003;0.00002;0.00001;0.00046;0.00043;0.00038;0.00016;0.00019;0.00034;0.00006;0.00010;0.00009;0.00010;0.00013;0.00001;0.00005;0.00000;0.00006;0.00004;0.00002;0.00002;0.00004;0.00012;0.00005;0.00009;0.00004;0.00000;0.00000;0.00000;0.00000;0.00009;0.00024;0.00001;0.00001;0.00006;0.00003;0.00001;0.00003;0.00002;0.00000;0.00001;0.00001;0.00000;0.00000;0.00001;0.00000;0.00000;0.00012;0.00002;0.00011;0.00002;0.00001;0.00005;0.00004;0.00025;0.00020;0.00008;0.00028;0.00017;0.00016;0.00010;0.00003;0.00004;0.00002;0.00007;0.00014;0.00000;0.00000;0.00002;0.00046;0.00032;0.00008;0.00001;0.00002;0.00022;0.00000;0.00001;0.00000;0.00001;0.00001;0.00003;0.00011;0.00006;0.00002;0.00028;0.00028;0.00007;0.00005;0.00003;0.00004;0.00004;0.00043;0.00014;0.00001;0.00003;0.00011;0.00002;0.00000;0.00004;0.00001;0.00004;0.00036;0.00004;0.00014;0.00003;0.00004;0.00023;0.00004;0.00003;0.00000;0.00003;0.00001;0.00001;0.00000;0.00000;0.00000;0.00002;0.00001;0.00002;0.00003;0.00011;0.00001;0.00001;0.00001;0.00001;0.00001;0.00001;0.00002;0.00001;0.00002;0.00039;0.00029;0.00007;0.00004;0.00003;0.00000;0.00001;0.00002;0.00000;0.00013;0.00017;0.00000;0.00001;0.00001;0.00001;0.00004;0.00010;0.00028;0.00001;0.00002;0.00003;0.00009;0.00003;0.00000;0.00006;0.00004;0.00001;0.00003;0.00002;0.00006;0.00009;0.00000;0.00001;0.00075;0.00001;0.00003;0.00001;0.00006;0.00008;0.00003;0.00005;0.00008;0.00007;0.00002;0.00001;0.00001;0.00012;0.00014;0.00004;0.00047;0.00101;0.00003;0.00019;0.00035;0.00009;0.00019;0.00012;0.00029;0.00017;0.00023;0.00005;0.00039;0.00020;0.00005;0.00003;0.00062;0.00006;0.00010;0.00014;0.00000;0.00012;0.00006;0.00005;0.00002;0.00003;0.00002;0.00018;0.00000;0.00000;0.00000;0.00000;0.00001;0.00073;0.00007;0.00008;0.00000;0.00000;0.00048;0.00001;0.00001;0.00003;0.00002;0.00001;0.00000;0.00004;0.00001;0.00002;0.00002;0.00001;0.00001;0.00039;0.00002;0.00022;0.00003;0.00005;0.00009;0.00005;0.00006;0.00001;0.00001;0.00001;0.00013;0.00006;0.00000;0.00000;0.00006;0.00001;0.00000;0.00001;0.00004;0.00000;0.00009;0.00018;0.00104;0.00003;0.00001;0.00000;0.00001;0.00000;0.00081;0.00000;0.00001;0.00004;0.00001;0.00001;0.00004;0.00000;0.00000;0.00002;0.00005;0.00009;0.00003;0.00001;0.00000;0.00000
2020-02-24 00:00;0.00001;0.00003;0.00000;0.00002;0.00000;0.00000;0.00000;0.00001;0.00000;0.00000;0.00003;0.00000;0.00005;0.00000;0.00000;0.00000;0.00003;0.00003;0.00001;0.00001;0.00000;0.00000;0.00000;0.00001;0.00001;0.00003;0.00000;0.00000;0.00000;0.00001;0.00003;0.00000;0.00008;0.00001;0.00001;0.00001;0.00000;0.00001;0.00000;0.00001;0.00004;0.00004;0.00000;0.00001;0.00000;0.00000;0.00000;0.00000;0.00004;0.00000;0.00000;0.00000;0.00000;0.00001;0.00000;0.00002;0.00000;0.00002;0.00000;0.00000;0.00000;0.00000;0.00000;0.00004;0.00000;0.00000;0.00000;0.00000;0.00000;0.00012;0.00000;0.00000;0.00000;0.00000;0.00005;0.00000;0.00000;0.00001;0.00001;0.00003;0.00000;0.00000;0.00001;0.00005;0.00003;0.00000;0.00002;0.00002;0.00000;0.00000;0.00001;0.00000;0.00005;0.00006;0.00000;0.00000;0.00004;0.00001;0.00008;0.00006;0.00359;0.00028;0.00001;0.00000;0.00001;0.00000;0.00001;0.00080;0.00002;0.00001;0.00001;0.00001;0.00001;0.00002;0.00001;0.00001;0.00000;0.00000;0.00001;0.00001;0.00001;0.00000;0.00001;0.00000;0.00000;0.00002;0.00001;0.00002;0.00000;0.00000;0.00001;0.00004;0.00000;0.00000;0.00002;0.00001;0.00003;0.00001;0.00001;0.00000;0.00001;0.00000;0.00000;0.00007;0.00001;0.00001;0.00004;0.00002;0.00001;0.00003;0.00024;0.00003;0.00007;0.00001;0.00002;0.00001;0.00001;0.00053;0.00000;0.00000;0.00001;0.00000;0.00021;0.00045;0.00013;0.00006;0.00004;0.00001;0.00001;0.00007;0.00017;0.00018;0.00022;0.00014;0.00002;0.00007;0.00000;0.00007;0.00011;0.00001;0.00038;0.00018;0.00001;0.00038;0.00027;0.00002;0.00003;0.00001;0.00005;0.00014;0.00069;0.00035;0.00028;0.00040;0.00000;0.00000;0.00044;0.00030;0.00008;0.00006;0.00004;0.00003;0.00076;0.00001;0.00005;0.00003;0.00018;0.00002;0.00005;0.00000;0.00002;0.00003;0.00004;0.00023;0.00005;0.00022;0.00036;0.00022;0.00003;0.00059;0.00003;0.00002;0.00001;0.00047;0.00043;0.00038;0.00015;0.00019;0.00034;0.00006;0.00010;0.00009;0.00010;0.00010;0.00001;0.00005;0.00000;0.00006;0.00005;0.00002;0.00002;0.00004;0.00012;0.00005;0.00009;0.00004;0.00000;0.00000;0.00000;0.00000;0.00009;0.00025;0.00001;0.00001;0.00006;0.00003;0.00001;0.00003;0.00002;0.00000;0.00002;0.00002;0.00000;0.00000;0.00001;0.00000;0.00000;0.00014;0.00002;0.00014;0.00002;0.00001;0.00007;0.00003;0.00022;0.00020;0.00008;0.00028;0.00017;0.00016;0.00010;0.00003;0.00004;0.00003;0.00010;0.00015;0.00000;0.00000;0.00002;0.00055;0.00033;0.00009;0.00001;0.00002;0.00022;0.00000;0.00001;0.00000;0.00001;0.00001;0.00003;0.00012;0.00005;0.00003;0.00030;0.00034;0.00007;0.00005;0.00003;0.00005;0.00004;0.00044;0.00014;0.00001;0.00003;0.00014;0.00002;0.00000;0.00003;0.00002;0.00004;0.00041;0.00005;0.00014;0.00003;0.00006;0.00029;0.00004;0.00003;0.00000;0.00002;0.00001;0.00001;0.00000;0.00000;0.00000;0.00002;0.00001;0.00002;0.00002;0.00011;0.00001;0.00001;0.00001;0.00001;0.00001;0.00001;0.00002;0.00001;0.00002;0.00034;0.00029;0.00006;0.00004;0.00003;0.00000;0.00001;0.00002;0.00000;0.00013;0.00017;0.00000;0.00000;0.00001;0.00001;0.00002;0.00006;0.00025;0.00000;0.00002;0.00003;0.00009;0.00003;0.00000;0.00006;0.00003;0.00001;0.00003;0.00002;0.00006;0.00009;0.00000;0.00001;0.00087;0.00003;0.00002;0.00001;0.00006;0.00007;0.00007;0.00005;0.00008;0.00007;0.00002;0.00001;0.00001;0.00012;0.00014;0.00004;0.00046;0.00103;0.00003;0.00019;0.00034;0.00012;0.00026;0.00012;0.00031;0.00017;0.00023;0.00006;0.00038;0.00020;0.00005;0.00002;0.00067;0.00006;0.00009;0.00013;0.00000;0.00012;0.00006;0.00005;0.00002;0.00002;0.00002;0.00018;0.00000;0.00000;0.00000;0.00000;0.00001;0.00073;0.00007;0.00008;0.00000;0.00000;0.00049;0.00001;0.00001;0.00003;0.00002;0.00001;0.00000;0.00004;0.00001;0.00002;0.00002;0.00001;0.00001;0.00039;0.00002;0.00013;0.00003;0.00005;0.00009;0.00005;0.00006;0.00001;0.00001;0.00001;0.00013;0.00006;0.00000;0.00000;0.00006;0.00001;0.00000;0.00001;0.00004;0.00000;0.00009;0.00018;0.00098;0.00003;0.00001;0.00000;0.00001;0.00000;0.00068;0.00000;0.00001;0.00002;0.00001;0.00001;0.00001;0.00000;0.00000;0.00002;0.00004;0.00009;0.00003;0.00001;0.00000;0.00000
2020-02-25 00:00;0.00001;0.00002;0.00000;0.00002;0.00000;0.00000;0.00000;0.00001;0.00000;0.00000;0.00004;0.00000;0.00005;0.00000;0.00000;0.00000;0.00003;0.00003;0.00001;0.00001;0.00000;0.00000;0.00000;0.00001;0.00001;0.00004;0.00000;0.00000;0.00000;0.00001;0.00005;0.00000;0.00008;0.00001;0.00001;0.00001;0.00000;0.00001;0.00000;0.00001;0.00004;0.00004;0.00000;0.00001;0.00000;0.00000;0.00000;0.00000;0.00005;0.00000;0.00000;0.00000;0.00000;0.00001;0.00000;0.00002;0.00000;0.00002;0.00000;0.00000;0.00000;0.00000;0.00000;0.00004;0.00000;0.00000;0.00000;0.00000;0.00000;0.00013;0.00000;0.00000;0.00000;0.00000;0.00005;0.00000;0.00000;0.00001;0.00001;0.00003;0.00000;0.00000;0.00001;0.00005;0.00003;0.00000;0.00002;0.00002;0.00000;0.00000;0.00001;0.00000;0.00005;0.00006;0.00000;0.00000;0.00004;0.00001;0.00011;0.00007;0.00340;0.00027;0.00001;0.00000;0.00001;0.00000;0.00001;0.00080;0.00002;0.00001;0.00001;0.00001;0.00001;0.00002;0.00001;0.00001;0.00000;0.00000;0.00001;0.00001;0.00001;0.00000;0.00001;0.00000;0.00000;0.00002;0.00001;0.00002;0.00000;0.00000;0.00001;0.00004;0.00000;0.00000;0.00002;0.00001;0.00003;0.00001;0.00001;0.00000;0.00001;0.00000;0.00000;0.00007;0.00001;0.00001;0.00004;0.00002;0.00001;0.00003;0.00024;0.00003;0.00007;0.00001;0.00002;0.00001;0.00001;0.00049;0.00000;0.00000;0.00001;0.00000;0.00021;0.00045;0.00013;0.00006;0.00004;0.00001;0.00001;0.00008;0.00017;0.00020;0.00024;0.00018;0.00002;0.00005;0.00000;0.00006;0.00011;0.00001;0.00038;0.00019;0.00001;0.00040;0.00029;0.00002;0.00003;0.00001;0.00005;0.00016;0.00072;0.00037;0.00029;0.00043;0.00000;0.00000;0.00049;0.00032;0.00010;0.00007;0.00004;0.00003;0.00080;0.00001;0.00006;0.00004;0.00019;0.00002;0.00005;0.00000;0.00002;0.00003;0.00004;0.00023;0.00005;0.00022;0.00036;0.00022;0.00003;0.00056;0.00003;0.00002;0.00001;0.00047;0.00044;0.00040;0.00016;0.00020;0.00034;0.00007;0.00010;0.00010;0.00010;0.00011;0.00001;0.00005;0.00000;0.00007;0.00004;0.00002;0.00002;0.00004;0.00021;0.00005;0.00008;0.00004;0.00000;0.00000;0.00000;0.00000;0.00010;0.00027;0.00001;0.00001;0.00006;0.00004;0.00001;0.00003;0.00002;0.00000;0.00002;0.00002;0.00000;0.00000;0.00001;0.00000;0.00000;0.00012;0.00002;0.00011;0.00002;0.00001;0.00007;0.00003;0.00022;0.00021;0.00008;0.00028;0.00017;0.00016;0.00010;0.00003;0.00004;0.00003;0.00008;0.00008;0.00000;0.00000;0.00002;0.00045;0.00056;0.00005;0.00001;0.00002;0.00021;0.00000;0.00001;0.00000;0.00001;0.00001;0.00003;0.00013;0.00007;0.00003;0.00027;0.00035;0.00007;0.00005;0.00003;0.00006;0.00004;0.00047;0.00015;0.00001;0.00003;0.00018;0.00002;0.00000;0.00004;0.00002;0.00004;0.00035;0.00005;0.00015;0.00003;0.00007;0.00029;0.00005;0.00003;0.00000;0.00002;0.00001;0.00001;0.00000;0.00000;0.00000;0.00002;0.00001;0.00002;0.00002;0.00010;0.00001;0.00001;0.00001;0.00001;0.00001;0.00001;0.00002;0.00001;0.00002;0.00036;0.00029;0.00006;0.00004;0.00003;0.00000;0.00001;0.00002;0.00000;0.00014;0.00017;0.00000;0.00000;0.00000;0.00000;0.00000;0.00007;0.00060;0.00000;0.00002;0.00003;0.00009;0.00003;0.00000;0.00005;0.00005;0.00001;0.00003;0.00002;0.00006;0.00009;0.00000;0.00001;0.00116;0.00003;0.00002;0.00001;0.00006;0.00008;0.00008;0.00005;0.00009;0.00008;0.00002;0.00001;0.00001;0.00012;0.00015;0.00004;0.00047;0.00103;0.00003;0.00019;0.00039;0.00033;0.00044;0.00013;0.00034;0.00018;0.00025;0.00008;0.00041;0.00021;0.00005;0.00004;0.00071;0.00006;0.00010;0.00011;0.00000;0.00013;0.00007;0.00005;0.00002;0.00003;0.00002;0.00018;0.00000;0.00000;0.00000;0.00000;0.00001;0.00073;0.00007;0.00008;0.00000;0.00000;0.00049;0.00001;0.00001;0.00003;0.00002;0.00001;0.00000;0.00004;0.00001;0.00002;0.00002;0.00001;0.00001;0.00039;0.00002;0.00013;0.00003;0.00005;0.00009;0.00005;0.00006;0.00001;0.00001;0.00001;0.00013;0.00006;0.00000;0.00000;0.00006;0.00001;0.00000;0.00001;0.00004;0.00000;0.00009;0.00018;0.00097;0.00003;0.00001;0.00000;0.00001;0.00000;0.00078;0.00000;0.00001;0.00003;0.00001;0.00001;0.00002;0.00000;0.00000;0.00002;0.00005;0.00009;0.00003;0.00001;0.00000;0.00000
2020-02-26 00:00;0.00001;0.00004;0.00000;0.00002;0.00000;0.00000;0.00000;0.00001;0.00000;0.00000;0.00005;0.00000;0.00005;0.00000;0.00000;0.00000;0.00004;0.00003;0.00001;0.00001;0.00000;0.00000;0.00000;0.00001;0.00001;0.00006;0.00000;0.00000;0.00000;0.00001;0.00003;0.00000;0.00008;0.00001;0.00001;0.00001;0.00000;0.00001;0.00000;0.00001;0.00004;0.00004;0.00000;0.00001;0.00000;0.00000;0.00000;0.00000;0.00005;0.00000;0.00000;0.00000;0.00000;0.00001;0.00000;0.00002;0.00000;0.00002;0.00000;0.00000;0.00000;0.00000;0.00000;0.00004;0.00000;0.00000;0.00000;0.00000;0.00000;0.00014;0.00000;0.00000;0.00000;0.00000;0.00005;0.00000;0.00000;0.00001;0.00001;0.00003;0.00000;0.00000;0.00001;0.00005;0.00004;0.00000;0.00002;0.00002;0.00000;0.00000;0.00001;0.00000;0.00005;0.00006;0.00000;0.00000;0.00004;0.00001;0.00010;0.00068;0.00401;0.00058;0.00001;0.00000;0.00001;0.00000;0.00001;0.00082;0.00002;0.00001;0.00001;0.00001;0.00001;0.00002;0.00001;0.00001;0.00000;0.00000;0.00001;0.00001;0.00001;0.00000;0.00001;0.00000;0.00000;0.00002;0.00001;0.00002;0.00000;0.00000;0.00001;0.00004;0.00000;0.00000;0.00002;0.00001;0.00003;0.00001;0.00001;0.00000;0.00001;0.00000;0.00000;0.00007;0.00001;0.00001;0.00004;0.00002;0.00001;0.00003;0.00024;0.00003;0.00007;0.00001;0.00002;0.00001;0.00001;0.00052;0.00000;0.00000;0.00001;0.00000;0.00022;0.00049;0.00014;0.00006;0.00004;0.00001;0.00001;0.00009;0.00017;0.00020;0.00029;0.00017;0.00002;0.00010;0.00000;0.00007;0.00013;0.00002;0.00040;0.00019;0.00001;0.00041;0.00030;0.00002;0.00004;0.00001;0.00005;0.00019;0.00078;0.00038;0.00030;0.00045;0.00000;0.00000;0.00054;0.00032;0.00010;0.00007;0.00004;0.00003;0.00089;0.00001;0.00007;0.00004;0.00019;0.00002;0.00005;0.00000;0.00002;0.00003;0.00004;0.00024;0.00005;0.00024;0.00037;0.00022;0.00003;0.00059;0.00003;0.00002;0.00001;0.00048;0.00045;0.00041;0.00017;0.00020;0.00035;0.00007;0.00010;0.00010;0.00010;0.00015;0.00001;0.00005;0.00000;0.00007;0.00004;0.00002;0.00002;0.00004;0.00025;0.00005;0.00009;0.00004;0.00000;0.00000;0.00000;0.00000;0.00011;0.00028;0.00001;0.00001;0.00006;0.00003;0.00002;0.00003;0.00002;0.00000;0.00002;0.00002;0.00000;0.00000;0.00001;0.00000;0.00000;0.00012;0.00002;0.00010;0.00002;0.00001;0.00006;0.00003;0.00027;0.00021;0.00008;0.00029;0.00017;0.00016;0.00010;0.00003;0.00004;0.00003;0.00008;0.00008;0.00000;0.00000;0.00002;0.00051;0.00060;0.00009;0.00001;0.00002;0.00021;0.00001;0.00001;0.00000;0.00001;0.00001;0.00003;0.00013;0.00008;0.00003;0.00025;0.00034;0.00007;0.00005;0.00003;0.00005;0.00005;0.00050;0.00015;0.00001;0.00003;0.00021;0.00002;0.00000;0.00004;0.00002;0.00004;0.00035;0.00005;0.00015;0.00003;0.00007;0.00026;0.00005;0.00003;0.00000;0.00004;0.00001;0.00001;0.00000;0.00000;0.00000;0.00002;0.00001;0.00002;0.00002;0.00009;0.00001;0.00001;0.00001;0.00001;0.00001;0.00001;0.00002;0.00001;0.00002;0.00037;0.00029;0.00006;0.00004;0.00003;0.00000;0.00001;0.00003;0.00000;0.00014;0.00017;0.00000;0.00000;0.00000;0.00000;0.00001;0.00010;0.00074;0.00000;0.00002;0.00003;0.00009;0.00003;0.00000;0.00004;0.00007;0.00001;0.00003;0.00003;0.00006;0.00009;0.00000;0.00001;0.00147;0.00003;0.00002;0.00001;0.00006;0.00008;0.00007;0.00005;0.00009;0.00008;0.00002;0.00001;0.00001;0.00012;0.00015;0.00004;0.00047;0.00104;0.00003;0.00020;0.00046;0.00057;0.00047;0.00013;0.00043;0.00018;0.00028;0.00008;0.00043;0.00022;0.00005;0.00006;0.00082;0.00006;0.00011;0.00014;0.00000;0.00013;0.00008;0.00005;0.00002;0.00005;0.00002;0.00018;0.00000;0.00000;0.00000;0.00000;0.00001;0.00073;0.00007;0.00008;0.00000;0.00000;0.00049;0.00001;0.00001;0.00003;0.00002;0.00001;0.00000;0.00004;0.00001;0.00002;0.00002;0.00001;0.00001;0.00039;0.00002;0.00014;0.00003;0.00005;0.00009;0.00005;0.00006;0.00001;0.00001;0.00001;0.00013;0.00006;0.00000;0.00000;0.00006;0.00001;0.00000;0.00001;0.00004;0.00000;0.00009;0.00018;0.00098;0.00003;0.00001;0.00000;0.00001;0.00000;0.00099;0.00000;0.00001;0.00005;0.00001;0.00001;0.00007;0.00000;0.00000;0.00002;0.00006;0.00009;0.00003;0.00001;0.00000;0.00000
2020-02-27 00:00;0.00001;0.00003;0.00000;0.00002;0.00000;0.00000;0.00000;0.00001;0.00000;0.00000;0.00004;0.00000;0.00005;0.00000;0.00000;0.00000;0.00003;0.00003;0.00001;0.00001;0.00000;0.00000;0.00000;0.00001;0.00001;0.00005;0.00000;0.00000;0.00000;0.00001;0.00005;0.00000;0.00008;0.00001;0.00001;0.00001;0.00000;0.00001;0.00000;0.00001;0.00004;0.00004;0.00000;0.00001;0.00000;0.00000;0.00000;0.00000;0.00004;0.00000;0.00000;0.00000;0.00000;0.00001;0.00000;0.00002;0.00000;0.00002;0.00000;0.00000;0.00000;0.00000;0.00000;0.00004;0.00000;0.00000;0.00000;0.00000;0.00000;0.00014;0.00000;0.00000;0.00000;0.00000;0.00005;0.00000;0.00000;0.00001;0.00001;0.00003;0.00000;0.00000;0.00001;0.00005;0.00004;0.00000;0.00002;0.00002;0.00000;0.00000;0.00001;0.00000;0.00005;0.00006;0.00000;0.00000;0.00004;0.00001;0.00008;0.00025;0.00448;0.00047;0.00001;0.00000;0.00001;0.00000;0.00001;0.00082;0.00002;0.00001;0.00001;0.00001;0.00001;0.00002;0.00001;0.00001;0.00000;0.00000;0.00001;0.00001;0.00001;0.00000;0.00001;0.00000;0.00000;0.00002;0.00001;0.00002;0.00000;0.00000;0.00001;0.00004;0.00000;0.00000;0.00002;0.00001;0.00003;0.00001;0.00001;0.00000;0.00001;0.00000;0.00000;0.00007;0.00001;0.00001;0.00004;0.00002;0.00001;0.00003;0.00024;0.00003;0.00007;0.00001;0.00002;0.00001;0.00001;0.00057;0.00000;0.00000;0.00001;0.00000;0.00022;0.00055;0.00015;0.00006;0.00004;0.00001;0.00001;0.00011;0.00017;0.00020;0.00030;0.00016;0.00002;0.00014;0.00000;0.00008;0.00015;0.00003;0.00039;0.00020;0.00001;0.00041;0.00030;0.00002;0.00004;0.00001;0.00005;0.00020;0.00078;0.00038;0.00030;0.00046;0.00000;0.00000;0.00055;0.00033;0.00010;0.00007;0.00004;0.00003;0.00090;0.00001;0.00008;0.00004;0.00020;0.00002;0.00005;0.00000;0.00002;0.00003;0.00004;0.00024;0.00005;0.00025;0.00039;0.00022;0.00003;0.00064;0.00003;0.00002;0.00001;0.00048;0.00045;0.00042;0.00017;0.00020;0.00035;0.00007;0.00010;0.00010;0.00010;0.00017;0.00001;0.00005;0.00000;0.00007;0.00006;0.00002;0.00002;0.00004;0.00024;0.00005;0.00009;0.00004;0.00000;0.00000;0.00000;0.00000;0.00011;0.00028;0.00001;0.00001;0.00006;0.00003;0.00005;0.00003;0.00002;0.00000;0.00002;0.00002;0.00000;0.00000;0.00001;0.00000;0.00000;0.00013;0.00002;0.00010;0.00002;0.00001;0.00006;0.00004;0.00028;0.00021;0.00008;0.00029;0.00017;0.00017;0.00010;0.00003;0.00004;0.00003;0.00009;0.00010;0.00000;0.00000;0.00002;0.00058;0.00058;0.00015;0.00001;0.00002;0.00018;0.00001;0.00001;0.00000;0.00001;0.00001;0.00003;0.00013;0.00008;0.00003;0.00024;0.00032;0.00007;0.00005;0.00003;0.00005;0.00005;0.00049;0.00015;0.00001;0.00003;0.00021;0.00002;0.00000;0.00003;0.00002;0.00004;0.00031;0.00005;0.00016;0.00003;0.00006;0.00023;0.00005;0.00003;0.00000;0.00005;0.00001;0.00001;0.00000;0.00000;0.00000;0.00002;0.00001;0.00002;0.00002;0.00008;0.00001;0.00001;0.00001;0.00001;0.00001;0.00001;0.00002;0.00001;0.00002;0.00040;0.00029;0.00006;0.00004;0.00003;0.00000;0.00001;0.00003;0.00000;0.00014;0.00017;0.00000;0.00000;0.00000;0.00001;0.00002;0.00014;0.00072;0.00000;0.00002;0.00003;0.00009;0.00003;0.00000;0.00003;0.00007;0.00001;0.00003;0.00003;0.00006;0.00009;0.00000;0.00001;0.00148;0.00003;0.00002;0.00002;0.00006;0.00008;0.00007;0.00005;0.00009;0.00008;0.00002;0.00001;0.00001;0.00012;0.00015;0.00004;0.00047;0.00105;0.00003;0.00020;0.00047;0.00061;0.00042;0.00013;0.00048;0.00018;0.00028;0.00007;0.00043;0.00022;0.00005;0.00006;0.00086;0.00006;0.00011;0.00017;0.00000;0.00013;0.00008;0.00005;0.00002;0.00005;0.00002;0.00018;0.00000;0.00000;0.00000;0.00000;0.00001;0.00073;0.00007;0.00008;0.00000;0.00000;0.00050;0.00001;0.00001;0.00003;0.00002;0.00001;0.00000;0.00004;0.00001;0.00002;0.00002;0.00001;0.00001;0.00039;0.00002;0.00015;0.00003;0.00005;0.00009;0.00005;0.00006;0.00001;0.00001;0.00001;0.00013;0.00006;0.00000;0.00000;0.00006;0.00001;0.00000;0.00001;0.00004;0.00000;0.00009;0.00018;0.00098;0.00003;0.00001;0.00000;0.00001;0.00000;0.00104;0.00000;0.00001;0.00004;0.00001;0.00001;0.00005;0.00000;0.00000;0.00002;0.00005;0.00009;0.00003;0.00001;0.00000;0.00000
2020-02-28 00:00;0.00001;0.00005;0.00000;0.00002;0.00000;0.00000;0.00000;0.00001;0.00000;0.00000;0.00004;0.00000;0.00005;0.00000;0.00000;0.00000;0.00004;0.00003;0.00001;0.00001;0.00000;0.00000;0.00000;0.00001;0.00001;0.00005;0.00000;0.00000;0.00000;0.00001;0.00003;0.00000;0.00008;0.00001;0.00001;0.00001;0.00000;0.00001;0.00000;0.00001;0.00004;0.00004;0.00000;0.00001;0.00000;0.00000;0.00000;0.00000;0.00004;0.00000;0.00000;0.00000;0.00000;0.00001;0.00000;0.00002;0.00000;0.00002;0.00000;0.00000;0.00000;0.00000;0.00000;0.00004;0.00000;0.00000;0.00000;0.00000;0.00000;0.00014;0.00000;0.00000;0.00000;0.00000;0.00005;0.00000;0.00000;0.00001;0.00001;0.00003;0.00000;0.00000;0.00001;0.00005;0.00004;0.00000;0.00002;0.00002;0.00000;0.00000;0.00001;0.00000;0.00005;0.00006;0.00000;0.00000;0.00004;0.00001;0.00009;0.00073;0.00441;0.00066;0.00001;0.00000;0.00001;0.00000;0.00001;0.00085;0.00002;0.00001;0.00001;0.00001;0.00001;0.00002;0.00001;0.00001;0.00000;0.00000;0.00001;0.00001;0.00001;0.00000;0.00001;0.00000;0.00000;0.00002;0.00001;0.00002;0.00000;0.00000;0.00001;0.00004;0.00000;0.00000;0.00002;0.00001;0.00003;0.00001;0.00001;0.00000;0.00001;0.00000;0.00000;0.00007;0.00001;0.00001;0.00004;0.00002;0.00001;0.00003;0.00024;0.00003;0.00007;0.00001;0.00002;0.00001;0.00001;0.00142;0.00000;0.00000;0.00001;0.00000;0.00031;0.00142;0.00023;0.00006;0.00004;0.00001;0.00001;0.00026;0.00018;0.00020;0.00030;0.00015;0.00002;0.00015;0.00000;0.00010;0.00044;0.00003;0.00039;0.00020;0.00001;0.00042;0.00030;0.00002;0.00004;0.00001;0.00005;0.00021;0.00079;0.00039;0.00030;0.00046;0.00000;0.00000;0.00055;0.00033;0.00010;0.00007;0.00004;0.00003;0.00089;0.00001;0.00007;0.00004;0.00021;0.00002;0.00005;0.00000;0.00002;0.00003;0.00004;0.00024;0.00005;0.00026;0.00041;0.00023;0.00003;0.00069;0.00003;0.00002;0.00001;0.00048;0.00045;0.00042;0.00017;0.00020;0.00034;0.00007;0.00010;0.00010;0.00010;0.00021;0.00001;0.00006;0.00000;0.00007;0.00007;0.00002;0.00003;0.00004;0.00023;0.00005;0.00009;0.00004;0.00000;0.00000;0.00000;0.00000;0.00011;0.00027;0.00001;0.00001;0.00006;0.00003;0.00006;0.00003;0.00002;0.00000;0.00002;0.00002;0.00000;0.00000;0.00001;0.00000;0.00000;0.00013;0.00002;0.00010;0.00002;0.00001;0.00006;0.00004;0.00030;0.00021;0.00008;0.00029;0.00018;0.00018;0.00010;0.00003;0.00004;0.00003;0.00011;0.00012;0.00000;0.00000;0.00002;0.00062;0.00058;0.00016;0.00001;0.00002;0.00015;0.00001;0.00001;0.00000;0.00001;0.00001;0.00003;0.00012;0.00008;0.00003;0.00024;0.00034;0.00007;0.00005;0.00003;0.00005;0.00005;0.00049;0.00015;0.00001;0.00003;0.00020;0.00002;0.00000;0.00003;0.00002;0.00004;0.00026;0.00005;0.00016;0.00003;0.00006;0.00021;0.00005;0.00003;0.00000;0.00006;0.00001;0.00001;0.00000;0.00000;0.00000;0.00002;0.00001;0.00002;0.00002;0.00008;0.00001;0.00001;0.00001;0.00001;0.00001;0.00001;0.00002;0.00001;0.00002;0.00042;0.00029;0.00006;0.00004;0.00003;0.00000;0.00001;0.00003;0.00000;0.00014;0.00017;0.00000;0.00000;0.00001;0.00002;0.00004;0.00017;0.00069;0.00001;0.00002;0.00003;0.00009;0.00003;0.00000;0.00003;0.00007;0.00001;0.00003;0.00003;0.00006;0.00009;0.00000;0.00000;0.00144;0.00002;0.00002;0.00002;0.00006;0.00008;0.00007;0.00005;0.00009;0.00008;0.00002;0.00001;0.00001;0.00013;0.00015;0.00004;0.00048;0.00105;0.00003;0.00020;0.00047;0.00057;0.00035;0.00013;0.00053;0.00018;0.00029;0.00006;0.00043;0.00022;0.00005;0.00006;0.00085;0.00006;0.00011;0.00022;0.00000;0.00013;0.00009;0.00005;0.00002;0.00006;0.00002;0.00018;0.00000;0.00000;0.00000;0.00000;0.00001;0.00073;0.00007;0.00008;0.00000;0.00000;0.00050;0.00001;0.00001;0.00003;0.00002;0.00001;0.00000;0.00004;0.00001;0.00002;0.00002;0.00001;0.00001;0.00039;0.00002;0.00065;0.00003;0.00005;0.00009;0.00005;0.00006;0.00001;0.00001;0.00001;0.00013;0.00006;0.00000;0.00000;0.00006;0.00001;0.00000;0.00001;0.00004;0.00000;0.00009;0.00018;0.00108;0.00003;0.00001;0.00000;0.00001;0.00000;0.00107;0.00000;0.00001;0.00005;0.00001;0.00001;0.00009;0.00000;0.00000;0.00002;0.00005;0.00009;0.00003;0.00001;0.00000;0.00000
2020-02-29 00:00;0.00001;0.00006;0.00000;0.00002;0.00000;0.00000;0.00000;0.00001;0.00000;0.00000;0.00004;0.00000;0.00005;0.00000;0.00000;0.00000;0.00004;0.00003;0.00001;0.00001;0.00000;0.00000;0.00000;0.00001;0.00001;0.00005;0.00000;0.00000;0.00000;0.00001;0.00004;0.00000;0.00008;0.00001;0.00001;0.00001;0.00000;0.00001;0.00000;0.00001;0.00004;0.00004;0.00000;0.00001;0.00000;0.00000;0.00000;0.00000;0.00004;0.00000;0.00000;0.00000;0.00000;0.00001;0.00000;0.00002;0.00000;0.00002;0.00000;0.00000;0.00000;0.00000;0.00000;0.00004;0.00000;0.00000;0.00000;0.00000;0.00000;0.00014;0.00000;0.00000;0.00000;0.00000;0.00005;0.00000;0.00000;0.00001;0.00001;0.00003;0.00000;0.00000;0.00001;0.00005;0.00004;0.00000;0.00002;0.00002;0.00000;0.00000;0.00001;0.00000;0.00005;0.00006;0.00000;0.00000;0.00004;0.00001;0.00008;0.00090;0.00569;0.00087;0.00001;0.00000;0.00001;0.00000;0.00001;0.00090;0.00002;0.00001;0.00001;0.00001;0.00001;0.00002;0.00001;0.00001;0.00000;0.00000;0.00001;0.00001;0.00001;0.00000;0.00001;0.00000;0.00000;0.00002;0.00001;0.00002;0.00000;0.00000;0.00001;0.00004;0.00000;0.00000;0.00002;0.00001;0.00003;0.00001;0.00001;0.00000;0.00001;0.00000;0.00000;0.00007;0.00001;0.00001;0.00004;0.00002;0.00001;0.00003;0.00024;0.00003;0.00007;0.00001;0.00002;0.00001;0.00001;0.00192;0.00000;0.00000;0.00001;0.00000;0.00037;0.00209;0.00025;0.00006;0.00004;0.00001;0.00001;0.00030;0.00018;0.00020;0.00031;0.00014;0.00002;0.00016;0.00000;0.00010;0.00052;0.00003;0.00038;0.00020;0.00001;0.00043;0.00031;0.00002;0.00004;0.00001;0.00005;0.00022;0.00079;0.00039;0.00030;0.00046;0.00000;0.00000;0.00055;0.00033;0.00010;0.00007;0.00004;0.00003;0.00089;0.00001;0.00007;0.00004;0.00021;0.00002;0.00005;0.00000;0.00002;0.00003;0.00004;0.00024;0.00005;0.00027;0.00042;0.00023;0.00003;0.00075;0.00003;0.00002;0.00001;0.00049;0.00046;0.00043;0.00017;0.00020;0.00034;0.00007;0.00010;0.00011;0.00010;0.00023;0.00001;0.00006;0.00000;0.00007;0.00007;0.00002;0.00003;0.00004;0.00021;0.00005;0.00009;0.00004;0.00000;0.00000;0.00000;0.00000;0.00011;0.00027;0.00001;0.00001;0.00006;0.00003;0.00006;0.00003;0.00002;0.00000;0.00002;0.00002;0.00000;0.00000;0.00001;0.00000;0.00000;0.00013;0.00002;0.00010;0.00002;0.00001;0.00007;0.00004;0.00031;0.00021;0.00008;0.00029;0.00018;0.00018;0.00011;0.00003;0.00004;0.00003;0.00012;0.00013;0.00000;0.00000;0.00002;0.00062;0.00056;0.00016;0.00001;0.00002;0.00011;0.00001;0.00001;0.00000;0.00001;0.00001;0.00003;0.00012;0.00007;0.00002;0.00025;0.00035;0.00007;0.00005;0.00003;0.00005;0.00005;0.00048;0.00015;0.00001;0.00003;0.00020;0.00002;0.00000;0.00003;0.00002;0.00004;0.00022;0.00005;0.00016;0.00003;0.00005;0.00019;0.00005;0.00003;0.00000;0.00007;0.00001;0.00001;0.00000;0.00000;0.00000;0.00002;0.00001;0.00002;0.00002;0.00007;0.00001;0.00001;0.00001;0.00001;0.00001;0.00001;0.00002;0.00001;0.00002;0.00043;0.00029;0.00006;0.00005;0.00003;0.00000;0.00001;0.00003;0.00000;0.00014;0.00017;0.00000;0.00000;0.00001;0.00001;0.00003;0.00019;0.00063;0.00000;0.00002;0.00003;0.00009;0.00003;0.00000;0.00003;0.00007;0.00001;0.00003;0.00003;0.00006;0.00009;0.00000;0.00000;0.00139;0.00002;0.00002;0.00002;0.00006;0.00008;0.00006;0.00005;0.00009;0.00008;0.00002;0.00001;0.00001;0.00013;0.00015;0.00004;0.00049;0.00105;0.00003;0.00020;0.00046;0.00051;0.00027;0.00013;0.00056;0.00018;0.00030;0.00005;0.00043;0.00022;0.00005;0.00006;0.00084;0.00006;0.00011;0.00026;0.00000;0.00013;0.00009;0.00005;0.00002;0.00006;0.00002;0.00018;0.00000;0.00000;0.00000;0.00000;0.00001;0.00073;0.00007;0.00008;0.00000;0.00000;0.00050;0.00001;0.00001;0.00003;0.00002;0.00001;0.00000;0.00004;0.00001;0.00002;0.00002;0.00001;0.00001;0.00039;0.00002;0.00082;0.00003;0.00005;0.00009;0.00005;0.00006;0.00001;0.00001;0.00001;0.00013;0.00006;0.00000;0.00000;0.00006;0.00001;0.00000;0.00001;0.00004;0.00000;0.00009;0.00018;0.00119;0.00003;0.00001;0.00000;0.00001;0.00000;0.00111;0.00000;0.00001;0.00004;0.00001;0.00001;0.00011;0.00000;0.00000;0.00002;0.00006;0.00009;0.00003;0.00001;0.00000;0.00000
2020-03-01 00:00;0.00001;0.00006;0.00000;0.00002;0.00000;0.00000;0.00000;0.00001;0.00000;0.00000;0.00004;0.00000;0.00005;0.00000;0.00000;0.00000;0.00004;0.00003;0.00001;0.00001;0.00000;0.00000;0.00000;0.00001;0.00001;0.00004;0.00000;0.00000;0.00000;0.00001;0.00003;0.00000;0.00008;0.00001;0.00001;0.00001;0.00000;0.00001;0.00000;0.00001;0.00004;0.00004;0.00000;0.00001;0.00000;0.00000;0.00000;0.00000;0.00004;0.00000;0.00000;0.00000;0.00000;0.00001;0.00000;0.00002;0.00000;0.00002;0.00000;0.00000;0.00000;0.00000;0.00000;0.00004;0.00000;0.00000;0.00000;0.00000;0.00000;0.00014;0.00000;0.00000;0.00000;0.00000;0.00005;0.00000;0.00000;0.00001;0.00001;0.00003;0.00000;0.00000;0.00001;0.00005;0.00004;0.00000;0.00002;0.00002;0.00000;0.00000;0.00001;0.00000;0.00005;0.00006;0.00000;0.00000;0.00004;0.00001;0.00009;0.00087;0.00586;0.00088;0.00001;0.00000;0.00001;0.00000;0.00001;0.00090;0.00002;0.00001;0.00001;0.00001;0.00001;0.00002;0.00001;0.00001;0.00000;0.00000;0.00001;0.00001;0.00001;0.00000;0.00001;0.00000;0.00000;0.00002;0.00001;0.00002;0.00000;0.00000;0.00001;0.00004;0.00000;0.00000;0.00002;0.00001;0.00003;0.00001;0.00001;0.00000;0.00001;0.00000;0.00000;0.00007;0.00001;0.00001;0.00004;0.00002;0.00001;0.00003;0.00024;0.00003;0.00007;0.00001;0.00002;0.00001;0.00001;0.00185;0.00000;0.00000;0.00001;0.00000;0.00037;0.00216;0.00025;0.00006;0.00004;0.00001;0.00001;0.00031;0.00018;0.00021;0.00031;0.00013;0.00002;0.00017;0.00000;0.00011;0.00052;0.00003;0.00037;0.00020;0.00001;0.00043;0.00031;0.00002;0.00004;0.00001;0.00005;0.00023;0.00080;0.00039;0.00030;0.00047;0.00000;0.00000;0.00053;0.00033;0.00009;0.00007;0.00004;0.00003;0.00089;0.00001;0.00007;0.00004;0.00022;0.00002;0.00005;0.00000;0.00002;0.00003;0.00004;0.00024;0.00005;0.00027;0.00044;0.00023;0.00003;0.00080;0.00003;0.00002;0.00001;0.00049;0.00046;0.00044;0.00017;0.00020;0.00033;0.00007;0.00011;0.00011;0.00010;0.00025;0.00001;0.00006;0.00000;0.00007;0.00007;0.00002;0.00003;0.00004;0.00020;0.00005;0.00009;0.00004;0.00000;0.00000;0.00000;0.00000;0.00012;0.00027;0.00001;0.00001;0.00006;0.00003;0.00006;0.00003;0.00002;0.00000;0.00002;0.00002;0.00000;0.00000;0.00001;0.00000;0.00000;0.00012;0.00002;0.00010;0.00002;0.00001;0.00007;0.00004;0.00032;0.00021;0.00008;0.00029;0.00018;0.00018;0.00011;0.00003;0.00004;0.00003;0.00012;0.00011;0.00000;0.00000;0.00002;0.00061;0.00052;0.00016;0.00001;0.00002;0.00009;0.00001;0.00001;0.00000;0.00001;0.00001;0.00003;0.00012;0.00006;0.00002;0.00025;0.00036;0.00007;0.00005;0.00003;0.00005;0.00005;0.00048;0.00015;0.00001;0.00003;0.00019;0.00002;0.00000;0.00002;0.00002;0.00004;0.00016;0.00005;0.00016;0.00003;0.00005;0.00018;0.00004;0.00004;0.00000;0.00007;0.00001;0.00001;0.00000;0.00000;0.00000;0.00002;0.00001;0.00002;0.00003;0.00007;0.00001;0.00001;0.00001;0.00001;0.00001;0.00001;0.00002;0.00001;0.00002;0.00045;0.00029;0.00005;0.00005;0.00003;0.00000;0.00001;0.00003;0.00000;0.00014;0.00017;0.00000;0.00000;0.00000;0.00000;0.00001;0.00020;0.00054;0.00000;0.00002;0.00003;0.00009;0.00003;0.00000;0.00002;0.00007;0.00001;0.00003;0.00004;0.00006;0.00009;0.00000;0.00000;0.00132;0.00002;0.00001;0.00002;0.00006;0.00008;0.00006;0.00005;0.00009;0.00008;0.00002;0.00001;0.00001;0.00013;0.00015;0.00004;0.00049;0.00105;0.00003;0.00020;0.00043;0.00037;0.00017;0.00012;0.00058;0.00018;0.00030;0.00006;0.00043;0.00023;0.00005;0.00005;0.00079;0.00006;0.00011;0.00027;0.00000;0.00013;0.00009;0.00005;0.00002;0.00006;0.00002;0.00018;0.00000;0.00000;0.00000;0.00000;0.00001;0.00073;0.00007;0.00008;0.00000;0.00000;0.00050;0.00001;0.00001;0.00003;0.00002;0.00001;0.00000;0.00004;0.00001;0.00002;0.00002;0.00001;0.00001;0.00039;0.00002;0.00076;0.00003;0.00005;0.00009;0.00005;0.00006;0.00001;0.00001;0.00001;0.00013;0.00006;0.00000;0.00000;0.00006;0.00001;0.00000;0.00001;0.00004;0.00000;0.00009;0.00018;0.00118;0.00003;0.00001;0.00000;0.00001;0.00000;0.00112;0.00000;0.00001;0.00004;0.00001;0.00001;0.00011;0.00000;0.00000;0.00002;0.00005;0.00009;0.00003;0.00001;0.00000;0.00000
2020-03-02 00:00;0.00001;0.00006;0.00000;0.00002;0.00000;0.00000;0.00000;0.00001;0.00000;0.00000;0.00004;0.00000;0.00005;0.00000;0.00000;0.00000;0.00004;0.00003;0.00001;0.00001;0.00000;0.00000;0.00000;0.00001;0.00001;0.00004;0.00000;0.00000;0.00000;0.00001;0.00003;0.00000;0.00008;0.00001;0.00001;0.00001;0.00000;0.00001;0.00000;0.00001;0.00004;0.00004;0.00000;0.00001;0.00000;0.00000;0.00000;0.00000;0.00004;0.00000;0.00000;0.00000;0.00000;0.00001;0.00000;0.00002;0.00000;0.00002;0.00000;0.00000;0.00000;0.00000;0.00000;0.00004;0.00000;0.00000;0.00000;0.00000;0.00000;0.00014;0.00000;0.00000;0.00000;0.00000;0.00005;0.00000;0.00000;0.00001;0.00001;0.00003;0.00000;0.00000;0.00001;0.00005;0.00004;0.00000;0.00002;0.00002;0.00000;0.00000;0.00001;0.00000;0.00005;0.00006;0.00000;0.00000;0.00004;0.00001;0.00008;0.00086;0.00593;0.00086;0.00001;0.00000;0.00001;0.00000;0.00001;0.00090;0.00002;0.00001;0.00001;0.00001;0.00001;0.00002;0.00001;0.00001;0.00000;0.00000;0.00001;0.00001;0.00001;0.00000;0.00001;0.00000;0.00000;0.00002;0.00001;0.00002;0.00000;0.00000;0.00001;0.00004;0.00000;0.00000;0.00002;0.00001;0.00003;0.00001;0.00001;0.00000;0.00001;0.00000;0.00000;0.00007;0.00001;0.00001;0.00004;0.00002;0.00001;0.00003;0.00024;0.00003;0.00007;0.00001;0.00002;0.00001;0.00001;0.00173;0.00000;0.00000;0.00001;0.00000;0.00037;0.00215;0.00025;0.00006;0.00004;0.00001;0.00001;0.00031;0.00018;0.00021;0.00031;0.00012;0.00002;0.00018;0.00000;0.00011;0.00052;0.00003;0.00038;0.00020;0.00001;0.00044;0.00032;0.00002;0.00004;0.00001;0.00005;0.00025;0.00080;0.00040;0.00030;0.00048;0.00000;0.00000;0.00056;0.00033;0.00010;0.00007;0.00004;0.00003;0.00089;0.00001;0.00007;0.00004;0.00022;0.00002;0.00005;0.00000;0.00002;0.00003;0.00004;0.00024;0.00005;0.00027;0.00046;0.00023;0.00003;0.00085;0.00003;0.00002;0.00001;0.00049;0.00047;0.00045;0.00017;0.00021;0.00033;0.00007;0.00011;0.00011;0.00010;0.00027;0.00001;0.00006;0.00000;0.00007;0.00007;0.00002;0.00003;0.00004;0.00018;0.00005;0.00009;0.00004;0.00000;0.00000;0.00000;0.00000;0.00012;0.00027;0.00001;0.00001;0.00006;0.00003;0.00006;0.00003;0.00002;0.00000;0.00002;0.00002;0.00000;0.00000;0.00001;0.00000;0.00000;0.00012;0.00002;0.00010;0.00002;0.00001;0.00007;0.00004;0.00033;0.00021;0.00008;0.00029;0.00018;0.00018;0.00011;0.00003;0.00004;0.00003;0.00012;0.00010;0.00000;0.00000;0.00002;0.00058;0.00048;0.00015;0.00001;0.00002;0.00010;0.00001;0.00001;0.00000;0.00001;0.00001;0.00003;0.00011;0.00006;0.00002;0.00025;0.00037;0.00007;0.00005;0.00003;0.00005;0.00005;0.00048;0.00015;0.00001;0.00003;0.00019;0.00002;0.00000;0.00002;0.00002;0.00004;0.00017;0.00005;0.00016;0.00003;0.00005;0.00017;0.00004;0.00004;0.00000;0.00008;0.00001;0.00001;0.00000;0.00000;0.00000;0.00002;0.00001;0.00002;0.00003;0.00007;0.00001;0.00001;0.00001;0.00001;0.00001;0.00001;0.00002;0.00001;0.00002;0.00046;0.00029;0.00006;0.00005;0.00003;0.00000;0.00001;0.00003;0.00000;0.00014;0.00017;0.00000;0.00000;0.00000;0.00000;0.00000;0.00022;0.00045;0.00000;0.00002;0.00003;0.00009;0.00003;0.00000;0.00002;0.00007;0.00001;0.00003;0.00004;0.00006;0.00009;0.00000;0.00000;0.00123;0.00001;0.00001;0.00002;0.00006;0.00007;0.00006;0.00005;0.00009;0.00008;0.00002;0.00001;0.00001;0.00013;0.00015;0.00004;0.00049;0.00106;0.00003;0.00020;0.00044;0.00033;0.00022;0.00013;0.00061;0.00018;0.00031;0.00005;0.00042;0.00023;0.00005;0.00006;0.00079;0.00006;0.00011;0.00028;0.00000;0.00013;0.00009;0.00005;0.00002;0.00006;0.00002;0.00018;0.00000;0.00000;0.00000;0.00000;0.00001;0.00073;0.00007;0.00008;0.00000;0.00000;0.00050;0.00001;0.00001;0.00003;0.00002;0.00001;0.00000;0.00004;0.00001;0.00002;0.00002;0.00001;0.00001;0.00039;0.00002;0.00070;0.00003;0.00005;0.00009;0.00005;0.00006;0.00001;0.00001;0.00001;0.00013;0.00006;0.00000;0.00000;0.00006;0.00001;0.00000;0.00001;0.00004;0.00000;0.00009;0.00018;0.00116;0.00003;0.00001;0.00000;0.00001;0.00000;0.00112;0.00000;0.00001;0.00004;0.00001;0.00001;0.00011;0.00000;0.00000;0.00002;0.00005;0.00009;0.00003;0.00001;0.00000;0.00000
2020-03-03 00:00;0.00001;0.00003;0.00000;0.00002;0.00000;0.00000;0.00000;0.00001;0.00000;0.00000;0.00003;0.00000;0.00005;0.00000;0.00000;0.00000;0.00003;0.00003;0.00001;0.00001;0.00000;0.00000;0.00000;0.00001;0.00001;0.00003;0.00000;0.00000;0.00000;0.00001;0.00003;0.00000;0.00008;0.00001;0.00001;0.00001;0.00000;0.00001;0.00000;0.00001;0.00004;0.00004;0.00000;0.00001;0.00000;0.00000;0.00000;0.00000;0.00004;0.00000;0.00000;0.00000;0.00000;0.00001;0.00000;0.00002;0.00000;0.00002;0.00000;0.00000;0.00000;0.00000;0.00000;0.00004;0.00000;0.00000;0.00000;0.00000;0.00000;0.00013;0.00000;0.00000;0.00000;0.00000;0.00005;0.00000;0.00000;0.00001;0.00001;0.00003;0.00000;0.00000;0.00001;0.00005;0.00003;0.00000;0.00002;0.00002;0.00000;0.00000;0.00001;0.00000;0.00005;0.00006;0.00000;0.00000;0.00004;0.00001;0.00009;0.00024;0.00511;0.00052;0.00001;0.00000;0.00001;0.00000;0.00001;0.00085;0.00002;0.00001;0.00001;0.00001;0.00001;0.00002;0.00001;0.00001;0.00000;0.00000;0.00001;0.00001;0.00001;0.00000;0.00001;0.00000;0.00000;0.00002;0.00001;0.00002;0.00000;0.00000;0.00001;0.00004;0.00000;0.00000;0.00002;0.00001;0.00003;0.00001;0.00001;0.00000;0.00001;0.00000;0.00000;0.00007;0.00001;0.00001;0.00004;0.00002;0.00001;0.00003;0.00024;0.00003;0.00007;0.00001;0.00002;0.00001;0.00001;0.00102;0.00000;0.00000;0.00001;0.00000;0.00028;0.00125;0.00015;0.00006;0.00004;0.00001;0.00001;0.00012;0.00017;0.00020;0.00026;0.00010;0.00002;0.00010;0.00000;0.00007;0.00020;0.00002;0.00036;0.00019;0.00001;0.00041;0.00030;0.00002;0.00004;0.00001;0.00005;0.00020;0.00073;0.00038;0.00029;0.00044;0.00000;0.00000;0.00050;0.00032;0.00008;0.00007;0.00004;0.00003;0.00081;0.00001;0.00006;0.00004;0.00020;0.00002;0.00005;0.00000;0.00002;0.00003;0.00004;0.00024;0.00005;0.00025;0.00042;0.00023;0.00003;0.00080;0.00003;0.00002;0.00001;0.00049;0.00046;0.00043;0.00016;0.00020;0.00032;0.00007;0.00010;0.00010;0.00010;0.00021;0.00001;0.00006;0.00000;0.00006;0.00006;0.00002;0.00002;0.00004;0.00013;0.00005;0.00009;0.00004;0.00000;0.00000;0.00000;0.00000;0.00010;0.00026;0.00001;0.00001;0.00006;0.00003;0.00003;0.00003;0.00002;0.00000;0.00001;0.00002;0.00000;0.00000;0.00001;0.00000;0.00000;0.00009;0.00002;0.00008;0.00002;0.00001;0.00006;0.00004;0.00028;0.00020;0.00008;0.00029;0.00017;0.00016;0.00010;0.00003;0.00004;0.00003;0.00007;0.00006;0.00000;0.00000;0.00002;0.00044;0.00036;0.00008;0.00001;0.00002;0.00006;0.00001;0.00001;0.00000;0.00001;0.00001;0.00003;0.00012;0.00004;0.00002;0.00023;0.00030;0.00007;0.00005;0.00003;0.00005;0.00004;0.00046;0.00015;0.00001;0.00003;0.00015;0.00002;0.00000;0.00001;0.00002;0.00004;0.00012;0.00005;0.00015;0.00003;0.00005;0.00012;0.00004;0.00003;0.00000;0.00005;0.00001;0.00001;0.00000;0.00000;0.00000;0.00002;0.00001;0.00002;0.00003;0.00006;0.00001;0.00001;0.00001;0.00001;0.00001;0.00001;0.00002;0.00001;0.00002;0.00041;0.00029;0.00005;0.00004;0.00003;0.00000;0.00001;0.00002;0.00000;0.00013;0.00017;0.00000;0.00000;0.00000;0.00000;0.00000;0.00015;0.00025;0.00000;0.00002;0.00003;0.00009;0.00003;0.00000;0.00001;0.00005;0.00001;0.00003;0.00003;0.00006;0.00009;0.00000;0.00000;0.00086;0.00001;0.00001;0.00001;0.00006;0.00007;0.00004;0.00005;0.00008;0.00006;0.00002;0.00001;0.00001;0.00012;0.00015;0.00004;0.00047;0.00104;0.00003;0.00020;0.00037;0.00010;0.00013;0.00012;0.00046;0.00018;0.00027;0.00006;0.00040;0.00021;0.00005;0.00004;0.00072;0.00006;0.00010;0.00018;0.00000;0.00013;0.00008;0.00005;0.00002;0.00004;0.00002;0.00018;0.00000;0.00000;0.00000;0.00000;0.00001;0.00073;0.00007;0.00008;0.00000;0.00000;0.00050;0.00001;0.00001;0.00003;0.00002;0.00001;0.00000;0.00004;0.00001;0.00002;0.00002;0.00001;0.00001;0.00039;0.00002;0.00030;0.00003;0.00005;0.00009;0.00005;0.00006;0.00001;0.00001;0.00001;0.00013;0.00006;0.00000;0.00000;0.00006;0.00001;0.00000;0.00001;0.00004;0.00000;0.00009;0.00018;0.00108;0.00003;0.00001;0.00000;0.00001;0.00000;0.00094;0.00000;0.00001;0.00002;0.00001;0.00001;0.00004;0.00000;0.00000;0.00002;0.00004;0.00009;0.00003;0.00001;0.00000;0.00000
2020-03-04 00:00;0.00001;0.00002;0.00000;0.00002;0.00000;0.00000;0.00000;0.00001;0.00000;0.00000;0.00003;0.00000;0.00005;0.00000;0.00000;0.00000;0.00003;0.00003;0.00001;0.00001;0.00000;0.00000;0.00000;0.00001;0.00001;0.00002;0.00000;0.00000;0.00000;0.00001;0.00003;0.00000;0.00008;0.00001;0.00001;0.00001;0.00000;0.00001;0.00000;0.00001;0.00004;0.00004;0.00000;0.00001;0.00000;0.00000;0.00000;0.00000;0.00004;0.00000;0.00000;0.00000;0.00000;0.00001;0.00000;0.00002;0.00000;0.00002;0.00000;0.00000;0.00000;0.00000;0.00000;0.00004;0.00000;0.00000;0.00000;0.00000;0.00000;0.00012;0.00000;0.00000;0.00000;0.00000;0.00005;0.00000;0.00000;0.00001;0.00001;0.00003;0.00000;0.00000;0.00001;0.00005;0.00003;0.00000;0.00002;0.00002;0.00000;0.00000;0.00001;0.00000;0.00005;0.00006;0.00000;0.00000;0.00004;0.00001;0.00009;0.00007;0.00369;0.00030;0.00001;0.00000;0.00001;0.00000;0.00001;0.00080;0.00002;0.00001;0.00001;0.00001;0.00001;0.00002;0.00001;0.00001;0.00000;0.00000;0.00001;0.00001;0.00001;0.00000;0.00001;0.00000;0.00000;0.00002;0.00001;0.00002;0.00000;0.00000;0.00001;0.00004;0.00000;0.00000;0.00002;0.00001;0.00003;0.00001;0.00001;0.00000;0.00001;0.00000;0.00000;0.00007;0.00001;0.00001;0.00004;0.00002;0.00001;0.00003;0.00024;0.00003;0.00007;0.00001;0.00002;0.00001;0.00001;0.00055;0.00000;0.00000;0.00001;0.00000;0.00022;0.00054;0.00013;0.00006;0.00004;0.00001;0.00001;0.00008;0.00017;0.00016;0.00019;0.00007;0.00002;0.00010;0.00000;0.00006;0.00011;0.00002;0.00031;0.00018;0.00001;0.00038;0.00028;0.00002;0.00004;0.00001;0.00005;0.00014;0.00061;0.00036;0.00027;0.00038;0.00000;0.00000;0.00042;0.00031;0.00008;0.00007;0.00004;0.00003;0.00067;0.00001;0.00005;0.00003;0.00019;0.00002;0.00005;0.00000;0.00002;0.00003;0.00004;0.00023;0.00005;0.00024;0.00032;0.00022;0.00003;0.00057;0.00003;0.00002;0.00001;0.00047;0.00042;0.00037;0.00015;0.00019;0.00032;0.00007;0.00009;0.00009;0.00010;0.00011;0.00001;0.00005;0.00000;0.00006;0.00003;0.00002;0.00001;0.00004;0.00008;0.00005;0.00008;0.00004;0.00000;0.00000;0.00000;0.00000;0.00008;0.00026;0.00001;0.00001;0.00005;0.00003;0.00001;0.00003;0.00002;0.00000;0.00001;0.00001;0.00000;0.00000;0.00001;0.00000;0.00000;0.00005;0.00002;0.00004;0.00002;0.00001;0.00004;0.00003;0.00021;0.00019;0.00008;0.00028;0.00017;0.00016;0.00010;0.00003;0.00004;0.00003;0.00005;0.00004;0.00000;0.00000;0.00002;0.00022;0.00019;0.00003;0.00001;0.00002;0.00006;0.00000;0.00001;0.00000;0.00001;0.00001;0.00003;0.00011;0.00004;0.00002;0.00014;0.00011;0.00007;0.00005;0.00003;0.00004;0.00004;0.00042;0.00014;0.00001;0.00003;0.00005;0.00002;0.00000;0.00001;0.00002;0.00004;0.00009;0.00005;0.00013;0.00003;0.00004;0.00005;0.00004;0.00003;0.00000;0.00002;0.00001;0.00001;0.00000;0.00000;0.00000;0.00002;0.00001;0.00002;0.00002;0.00005;0.00001;0.00001;0.00001;0.00001;0.00001;0.00001;0.00002;0.00001;0.00001;0.00034;0.00029;0.00004;0.00004;0.00003;0.00000;0.00001;0.00001;0.00000;0.00013;0.00017;0.00000;0.00000;0.00000;0.00000;0.00000;0.00005;0.00009;0.00000;0.00002;0.00002;0.00009;0.00003;0.00000;0.00000;0.00002;0.00001;0.00003;0.00002;0.00006;0.00009;0.00000;0.00000;0.00035;0.00001;0.00001;0.00001;0.00006;0.00007;0.00001;0.00005;0.00008;0.00003;0.00002;0.00001;0.00001;0.00012;0.00015;0.00004;0.00046;0.00103;0.00003;0.00019;0.00035;0.00010;0.00016;0.00012;0.00029;0.00017;0.00022;0.00006;0.00037;0.00019;0.00005;0.00002;0.00062;0.00006;0.00009;0.00011;0.00000;0.00012;0.00006;0.00005;0.00002;0.00002;0.00002;0.00018;0.00000;0.00000;0.00000;0.00000;0.00001;0.00073;0.00007;0.00008;0.00000;0.00000;0.00049;0.00001;0.00001;0.00003;0.00002;0.00001;0.00000;0.00004;0.00001;0.00002;0.00002;0.00001;0.00001;0.00039;0.00002;0.00013;0.00003;0.00005;0.00009;0.00005;0.00006;0.00001;0.00001;0.00001;0.00013;0.00006;0.00000;0.00000;0.00006;0.00001;0.00000;0.00001;0.00004;0.00000;0.00009;0.00018;0.00098;0.00003;0.00001;0.00000;0.00001;0.00000;0.00072;0.00000;0.00001;0.00002;0.00001;0.00001;0.00001;0.00000;0.00000;0.00002;0.00004;0.00009;0.00003;0.00001;0.00000;0.00000
2020-03-05 00:00;0.00001;0.00003;0.00000;0.00002;0.00000;0.00000;0.00000;0.00001;0.00000;0.00000;0.00004;0.00000;0.00005;0.00000;0.00000;0.00000;0.00003;0.00003;0.00001;0.00001;0.00000;0.00000;0.00000;0.00001;0.00001;0.00006;0.00000;0.00000;0.00000;0.00001;0.00004;0.00000;0.00008;0.00001;0.00001;0.00001;0.00000;0.00001;0.00000;0.00001;0.00004;0.00004;0.00000;0.00001;0.00000;0.00000;0.00000;0.00000;0.00004;0.00000;0.00000;0.00000;0.00000;0.00001;0.00000;0.00002;0.00000;0.00002;0.00000;0.00000;0.00000;0.00000;0.00000;0.00004;0.00000;0.00000;0.00000;0.00000;0.00000;0.00013;0.00000;0.00000;0.00000;0.00000;0.00005;0.00000;0.00000;0.00001;0.00001;0.00003;0.00000;0.00000;0.00001;0.00005;0.00003;0.00000;0.00002;0.00002;0.00000;0.00000;0.00001;0.00000;0.00005;0.00006;0.00000;0.00000;0.00004;0.00001;0.00009;0.00100;0.00479;0.00079;0.00001;0.00000;0.00001;0.00000;0.00001;0.00080;0.00002;0.00001;0.00001;0.00001;0.00001;0.00002;0.00001;0.00001;0.00000;0.00000;0.00001;0.00001;0.00001;0.00000;0.00001;0.00000;0.00000;0.00002;0.00001;0.00002;0.00000;0.00000;0.00001;0.00004;0.00000;0.00000;0.00002;0.00001;0.00003;0.00001;0.00001;0.00000;0.00001;0.00000;0.00000;0.00007;0.00001;0.00001;0.00004;0.00002;0.00001;0.00003;0.00024;0.00003;0.00007;0.00001;0.00002;0.00001;0.00001;0.00051;0.00000;0.00000;0.00001;0.00000;0.00021;0.00049;0.00014;0.00006;0.00004;0.00001;0.00001;0.00010;0.00017;0.00017;0.00023;0.00009;0.00002;0.00016;0.00000;0.00009;0.00013;0.00003;0.00031;0.00018;0.00001;0.00039;0.00028;0.00002;0.00004;0.00001;0.00005;0.00016;0.00064;0.00036;0.00027;0.00039;0.00000;0.00000;0.00039;0.00031;0.00007;0.00007;0.00004;0.00003;0.00065;0.00001;0.00005;0.00003;0.00020;0.00002;0.00005;0.00000;0.00002;0.00003;0.00004;0.00024;0.00005;0.00025;0.00038;0.00023;0.00002;0.00059;0.00003;0.00002;0.00001;0.00047;0.00043;0.00037;0.00015;0.00020;0.00032;0.00007;0.00010;0.00010;0.00010;0.00016;0.00001;0.00005;0.00000;0.00006;0.00005;0.00002;0.00002;0.00004;0.00012;0.00005;0.00009;0.00004;0.00000;0.00000;0.00000;0.00000;0.00010;0.00026;0.00001;0.00001;0.00006;0.00003;0.00002;0.00003;0.00002;0.00000;0.00001;0.00002;0.00000;0.00000;0.00001;0.00000;0.00000;0.00008;0.00002;0.00005;0.00002;0.00001;0.00005;0.00004;0.00025;0.00020;0.00008;0.00029;0.00017;0.00016;0.00010;0.00003;0.00004;0.00003;0.00007;0.00007;0.00000;0.00000;0.00002;0.00032;0.00034;0.00007;0.00001;0.00002;0.00008;0.00001;0.00001;0.00000;0.00001;0.00001;0.00003;0.00011;0.00004;0.00002;0.00016;0.00016;0.00007;0.00005;0.00003;0.00004;0.00004;0.00043;0.00014;0.00001;0.00003;0.00007;0.00002;0.00000;0.00001;0.00002;0.00004;0.00009;0.00005;0.00014;0.00003;0.00004;0.00009;0.00004;0.00003;0.00000;0.00004;0.00001;0.00001;0.00000;0.00000;0.00000;0.00002;0.00001;0.00002;0.00003;0.00005;0.00001;0.00001;0.00001;0.00001;0.00001;0.00001;0.00002;0.00001;0.00001;0.00039;0.00029;0.00003;0.00004;0.00003;0.00000;0.00001;0.00002;0.00000;0.00013;0.00017;0.00000;0.00000;0.00000;0.00000;0.00001;0.00013;0.00030;0.00000;0.00002;0.00003;0.00009;0.00003;0.00000;0.00002;0.00004;0.00001;0.00003;0.00002;0.00006;0.00009;0.00000;0.00000;0.00061;0.00001;0.00001;0.00001;0.00006;0.00007;0.00004;0.00005;0.00008;0.00005;0.00002;0.00001;0.00001;0.00012;0.00015;0.00004;0.00049;0.00103;0.00003;0.00020;0.00035;0.00016;0.00019;0.00012;0.00037;0.00016;0.00023;0.00006;0.00037;0.00018;0.00005;0.00002;0.00058;0.00006;0.00010;0.00015;0.00000;0.00013;0.00006;0.00005;0.00002;0.00002;0.00002;0.00018;0.00000;0.00000;0.00000;0.00000;0.00001;0.00073;0.00007;0.00008;0.00000;0.00000;0.00049;0.00001;0.00001;0.00003;0.00002;0.00001;0.00000;0.00004;0.00001;0.00002;0.00002;0.00001;0.00001;0.00039;0.00002;0.00014;0.00003;0.00005;0.00009;0.00005;0.00006;0.00001;0.00001;0.00001;0.00013;0.00006;0.00000;0.00000;0.00006;0.00001;0.00000;0.00001;0.00004;0.00000;0.00009;0.00018;0.00097;0.00003;0.00001;0.00000;0.00001;0.00000;0.00097;0.00000;0.00001;0.00004;0.00001;0.00001;0.00007;0.00000;0.00000;0.00002;0.00004;0.00009;0.00003;0.00001;0.00000;0.00000
2020-03-06 00:00;0.00001;0.00005;0.00000;0.00002;0.00000;0.00000;0.00000;0.00001;0.00000;0.00000;0.00004;0.00000;0.00005;0.00000;0.00000;0.00000;0.00003;0.00003;0.00001;0.00001;0.00000;0.00000;0.00000;0.00001;0.00001;0.00008;0.00000;0.00000;0.00000;0.00001;0.00004;0.00000;0.00008;0.00001;0.00001;0.00001;0.00000;0.00001;0.00000;0.00001;0.00004;0.00004;0.00000;0.00001;0.00000;0.00000;0.00000;0.00000;0.00004;0.00000;0.00000;0.00000;0.00000;0.00001;0.00000;0.00002;0.00000;0.00002;0.00000;0.00000;0.00000;0.00000;0.00000;0.00004;0.00000;0.00000;0.00000;0.00000;0.00000;0.00014;0.00000;0.00000;0.00000;0.00000;0.00005;0.00000;0.00000;0.00001;0.00001;0.00003;0.00000;0.00000;0.00001;0.00005;0.00003;0.00000;0.00002;0.00002;0.00000;0.00000;0.00001;0.00000;0.00005;0.00006;0.00000;0.00000;0.00004;0.00001;0.00009;0.00129;0.00712;0.00113;0.00001;0.00000;0.00001;0.00000;0.00001;0.00089;0.00002;0.00001;0.00001;0.00001;0.00001;0.00002;0.00001;0.00001;0.00000;0.00000;0.00001;0.00001;0.00001;0.00000;0.00001;0.00000;0.00000;0.00002;0.00001;0.00002;0.00000;0.00000;0.00001;0.00004;0.00000;0.00000;0.00002;0.00001;0.00003;0.00001;0.00001;0.00000;0.00001;0.00000;0.00000;0.00007;0.00001;0.00001;0.00004;0.00002;0.00001;0.00003;0.00024;0.00003;0.00007;0.00001;0.00002;0.00001;0.00001;0.00160;0.00000;0.00000;0.00001;0.00000;0.00032;0.00179;0.00024;0.00006;0.00004;0.00001;0.00001;0.00038;0.00018;0.00019;0.00026;0.00013;0.00002;0.00016;0.00000;0.00013;0.00061;0.00002;0.00034;0.00019;0.00001;0.00040;0.00029;0.00002;0.00004;0.00001;0.00005;0.00018;0.00071;0.00037;0.00027;0.00041;0.00000;0.00000;0.00040;0.00032;0.00008;0.00007;0.00004;0.00003;0.00070;0.00001;0.00006;0.00004;0.00021;0.00002;0.00005;0.00000;0.00002;0.00003;0.00004;0.00024;0.00005;0.00025;0.00043;0.00024;0.00003;0.00072;0.00003;0.00002;0.00001;0.00048;0.00044;0.00039;0.00015;0.00020;0.00032;0.00007;0.00010;0.00010;0.00010;0.00022;0.00001;0.00006;0.00000;0.00007;0.00008;0.00002;0.00003;0.00004;0.00017;0.00005;0.00009;0.00004;0.00000;0.00000;0.00000;0.00000;0.00011;0.00026;0.00001;0.00001;0.00006;0.00003;0.00007;0.00003;0.00002;0.00000;0.00003;0.00002;0.00000;0.00000;0.00001;0.00000;0.00000;0.00015;0.00002;0.00011;0.00002;0.00001;0.00007;0.00004;0.00034;0.00020;0.00008;0.00029;0.00018;0.00019;0.00011;0.00003;0.00004;0.00003;0.00016;0.00018;0.00000;0.00000;0.00003;0.00076;0.00049;0.00021;0.00001;0.00002;0.00009;0.00001;0.00001;0.00000;0.00001;0.00001;0.00003;0.00012;0.00005;0.00002;0.00020;0.00027;0.00007;0.00005;0.00003;0.00004;0.00005;0.00044;0.00015;0.00001;0.00003;0.00013;0.00002;0.00000;0.00002;0.00002;0.00004;0.00010;0.00005;0.00014;0.00003;0.00005;0.00013;0.00004;0.00004;0.00000;0.00007;0.00001;0.00001;0.00000;0.00000;0.00000;0.00002;0.00001;0.00002;0.00004;0.00006;0.00001;0.00001;0.00001;0.00001;0.00001;0.00001;0.00002;0.00001;0.00002;0.00043;0.00029;0.00003;0.00004;0.00003;0.00000;0.00001;0.00002;0.00000;0.00014;0.00017;0.00000;0.00001;0.00002;0.00003;0.00008;0.00018;0.00055;0.00001;0.00002;0.00003;0.00009;0.00003;0.00000;0.00004;0.00005;0.00001;0.00003;0.00003;0.00006;0.00009;0.00000;0.00001;0.00108;0.00001;0.00001;0.00002;0.00006;0.00008;0.00009;0.00005;0.00008;0.00008;0.00002;0.00001;0.00001;0.00013;0.00015;0.00004;0.00050;0.00106;0.00003;0.00020;0.00036;0.00020;0.00019;0.00012;0.00048;0.00017;0.00024;0.00006;0.00038;0.00019;0.00005;0.00003;0.00061;0.00006;0.00011;0.00024;0.00000;0.00013;0.00006;0.00005;0.00002;0.00003;0.00002;0.00018;0.00000;0.00000;0.00000;0.00000;0.00001;0.00073;0.00007;0.00008;0.00000;0.00000;0.00050;0.00001;0.00001;0.00003;0.00002;0.00001;0.00000;0.00004;0.00001;0.00002;0.00002;0.00001;0.00001;0.00039;0.00002;0.00067;0.00003;0.00005;0.00009;0.00005;0.00006;0.00001;0.00001;0.00001;0.00013;0.00006;0.00000;0.00000;0.00006;0.00001;0.00000;0.00001;0.00004;0.00000;0.00009;0.00018;0.00110;0.00003;0.00001;0.00000;0.00001;0.00000;0.00123;0.00000;0.00001;0.00004;0.00001;0.00001;0.00010;0.00000;0.00000;0.00002;0.00005;0.00009;0.00003;0.00001;0.00000;0.00000
2020-03-07 00:00;0.00001;0.00005;0.00000;0.00002;0.00000;0.00000;0.00000;0.00001;0.00000;0.00000;0.00004;0.00000;0.00005;0.00000;0.00000;0.00000;0.00003;0.00003;0.00001;0.00001;0.00000;0.00000;0.00000;0.00001;0.00001;0.00008;0.00000;0.00000;0.00000;0.00001;0.00003;0.00000;0.00008;0.00001;0.00001;0.00001;0.00000;0.00001;0.00000;0.00001;0.00004;0.00004;0.00000;0.00001;0.00000;0.00000;0.00000;0.00000;0.00004;0.00000;0.00000;0.00000;0.00000;0.00001;0.00000;0.00002;0.00000;0.00002;0.00000;0.00000;0.00000;0.00000;0.00000;0.00004;0.00000;0.00000;0.00000;0.00000;0.00000;0.00014;0.00000;0.00000;0.00000;0.00000;0.00005;0.00000;0.00000;0.00001;0.00001;0.00003;0.00000;0.00000;0.00001;0.00005;0.00003;0.00000;0.00002;0.00002;0.00000;0.00000;0.00001;0.00000;0.00005;0.00006;0.00000;0.00000;0.00004;0.00001;0.00009;0.00130;0.00765;0.00117;0.00001;0.00000;0.00001;0.00000;0.00001;0.00097;0.00002;0.00001;0.00001;0.00001;0.00001;0.00002;0.00001;0.00001;0.00000;0.00000;0.00001;0.00001;0.00001;0.00000;0.00001;0.00000;0.00000;0.00002;0.00001;0.00002;0.00000;0.00000;0.00001;0.00004;0.00000;0.00000;0.00002;0.00001;0.00003;0.00001;0.00001;0.00000;0.00001;0.00000;0.00000;0.00007;0.00001;0.00001;0.00004;0.00002;0.00001;0.00003;0.00024;0.00003;0.00007;0.00001;0.00002;0.00001;0.00001;0.00233;0.00000;0.00000;0.00001;0.00000;0.00039;0.00270;0.00026;0.00006;0.00004;0.00001;0.00001;0.00043;0.00018;0.00020;0.00027;0.00015;0.00002;0.00026;0.00000;0.00014;0.00073;0.00002;0.00036;0.00019;0.00001;0.00041;0.00029;0.00002;0.00004;0.00001;0.00005;0.00020;0.00074;0.00037;0.00028;0.00042;0.00000;0.00000;0.00042;0.00032;0.00008;0.00007;0.00004;0.00003;0.00072;0.00001;0.00006;0.00004;0.00021;0.00002;0.00005;0.00000;0.00002;0.00003;0.00004;0.00024;0.00005;0.00025;0.00046;0.00024;0.00003;0.00077;0.00003;0.00002;0.00001;0.00048;0.00044;0.00040;0.00016;0.00020;0.00032;0.00007;0.00010;0.00010;0.00010;0.00025;0.00001;0.00006;0.00000;0.00007;0.00009;0.00002;0.00003;0.00004;0.00019;0.00005;0.00009;0.00004;0.00000;0.00000;0.00000;0.00000;0.00012;0.00027;0.00001;0.00001;0.00007;0.00003;0.00009;0.00003;0.00002;0.00000;0.00003;0.00002;0.00000;0.00000;0.00001;0.00000;0.00000;0.00018;0.00002;0.00014;0.00002;0.00001;0.00007;0.00005;0.00038;0.00020;0.00008;0.00029;0.00018;0.00020;0.00011;0.00003;0.00004;0.00003;0.00019;0.00023;0.00000;0.00000;0.00003;0.00101;0.00055;0.00028;0.00001;0.00002;0.00009;0.00001;0.00001;0.00000;0.00001;0.00001;0.00003;0.00012;0.00005;0.00002;0.00021;0.00032;0.00007;0.00005;0.00003;0.00005;0.00006;0.00045;0.00015;0.00001;0.00003;0.00016;0.00002;0.00000;0.00003;0.00002;0.00004;0.00012;0.00005;0.00014;0.00003;0.00005;0.00015;0.00004;0.00004;0.00000;0.00008;0.00001;0.00001;0.00000;0.00000;0.00000;0.00002;0.00001;0.00002;0.00004;0.00007;0.00001;0.00001;0.00001;0.00001;0.00001;0.00001;0.00002;0.00001;0.00002;0.00045;0.00029;0.00003;0.00005;0.00003;0.00000;0.00001;0.00002;0.00000;0.00014;0.00017;0.00000;0.00001;0.00002;0.00003;0.00008;0.00021;0.00063;0.00001;0.00002;0.00003;0.00009;0.00003;0.00000;0.00005;0.00005;0.00001;0.00003;0.00003;0.00006;0.00009;0.00000;0.00001;0.00127;0.00001;0.00001;0.00002;0.00006;0.00008;0.00011;0.00005;0.00009;0.00009;0.00002;0.00001;0.00001;0.00013;0.00015;0.00004;0.00050;0.00107;0.00003;0.00020;0.00037;0.00022;0.00020;0.00012;0.00052;0.00017;0.00025;0.00006;0.00039;0.00020;0.00005;0.00004;0.00066;0.00006;0.00011;0.00029;0.00000;0.00013;0.00007;0.00005;0.00002;0.00003;0.00002;0.00018;0.00000;0.00000;0.00000;0.00000;0.00001;0.00073;0.00007;0.00008;0.00000;0.00000;0.00050;0.00001;0.00001;0.00003;0.00002;0.00001;0.00000;0.00004;0.00001;0.00002;0.00002;0.00001;0.00001;0.00039;0.00002;0.00087;0.00003;0.00005;0.00009;0.00005;0.00006;0.00001;0.00001;0.00001;0.00013;0.00006;0.00000;0.00000;0.00006;0.00001;0.00000;0.00001;0.00004;0.00000;0.00009;0.00018;0.00127;0.00003;0.00001;0.00000;0.00001;0.00000;0.00128;0.00000;0.00001;0.00004;0.00001;0.00001;0.00011;0.00000;0.00000;0.00002;0.00005;0.00009;0.00003;0.00001;0.00000;0.00000
2020-03-08 00:00;0.00001;0.00005;0.00000;0.00002;0.00000;0.00000;0.00000;0.00001;0.00000;0.00000;0.00004;0.00000;0.00005;0.00000;0.00000;0.00000;0.00003;0.00003;0.00001;0.00001;0.00000;0.00000;0.00000;0.00001;0.00001;0.00008;0.00000;0.00000;0.00000;0.00001;0.00003;0.00000;0.00008;0.00001;0.00001;0.00001;0.00000;0.00001;0.00000;0.00001;0.00004;0.00004;0.00000;0.00001;0.00000;0.00000;0.00000;0.00000;0.00004;0.00000;0.00000;0.00000;0.00000;0.00001;0.00000;0.00002;0.00000;0.00002;0.00000;0.00000;0.00000;0.00000;0.00000;0.00004;0.00000;0.00000;0.00000;0.00000;0.00000;0.00014;0.00000;0.00000;0.00000;0.00000;0.00005;0.00000;0.00000;0.00001;0.00001;0.00003;0.00000;0.00000;0.00001;0.00005;0.00003;0.00000;0.00002;0.00002;0.00000;0.00000;0.00001;0.00000;0.00005;0.00006;0.00000;0.00000;0.00004;0.00001;0.00009;0.00126;0.00632;0.00111;0.00001;0.00000;0.00001;0.00000;0.00001;0.00089;0.00002;0.00001;0.00001;0.00001;0.00001;0.00002;0.00001;0.00001;0.00000;0.00000;0.00001;0.00001;0.00001;0.00000;0.00001;0.00000;0.00000;0.00002;0.00001;0.00002;0.00000;0.00000;0.00001;0.00004;0.00000;0.00000;0.00002;0.00001;0.00003;0.00001;0.00001;0.00000;0.00001;0.00000;0.00000;0.00007;0.00001;0.00001;0.00004;0.00002;0.00001;0.00003;0.00024;0.00003;0.00007;0.00001;0.00002;0.00001;0.00001;0.00134;0.00000;0.00000;0.00001;0.00000;0.00029;0.00153;0.00015;0.00006;0.00004;0.00001;0.00001;0.00015;0.00017;0.00017;0.00021;0.00009;0.00002;0.00020;0.00000;0.00008;0.00024;0.00002;0.00032;0.00018;0.00001;0.00039;0.00029;0.00002;0.00004;0.00001;0.00005;0.00016;0.00064;0.00036;0.00027;0.00038;0.00000;0.00000;0.00039;0.00031;0.00008;0.00007;0.00004;0.00003;0.00066;0.00001;0.00005;0.00003;0.00020;0.00002;0.00005;0.00000;0.00002;0.00003;0.00004;0.00024;0.00005;0.00025;0.00037;0.00023;0.00003;0.00064;0.00003;0.00002;0.00001;0.00047;0.00042;0.00037;0.00015;0.00020;0.00032;0.00007;0.00010;0.00009;0.00010;0.00016;0.00001;0.00005;0.00000;0.00006;0.00004;0.00002;0.00002;0.00004;0.00012;0.00005;0.00009;0.00004;0.00000;0.00000;0.00000;0.00000;0.00009;0.00026;0.00001;0.00001;0.00006;0.00003;0.00003;0.00003;0.00002;0.00000;0.00002;0.00002;0.00000;0.00000;0.00001;0.00000;0.00000;0.00010;0.00002;0.00007;0.00002;0.00001;0.00004;0.00003;0.00027;0.00019;0.00008;0.00029;0.00017;0.00017;0.00010;0.00003;0.00004;0.00003;0.00009;0.00012;0.00000;0.00000;0.00002;0.00057;0.00032;0.00012;0.00001;0.00002;0.00007;0.00001;0.00001;0.00000;0.00001;0.00001;0.00003;0.00011;0.00004;0.00002;0.00015;0.00016;0.00007;0.00005;0.00003;0.00004;0.00004;0.00043;0.00014;0.00001;0.00003;0.00008;0.00002;0.00000;0.00001;0.00002;0.00004;0.00008;0.00005;0.00013;0.00003;0.00004;0.00008;0.00004;0.00003;0.00000;0.00004;0.00001;0.00001;0.00000;0.00000;0.00000;0.00002;0.00001;0.00002;0.00004;0.00005;0.00001;0.00001;0.00001;0.00001;0.00001;0.00001;0.00002;0.00001;0.00001;0.00037;0.00029;0.00003;0.00004;0.00003;0.00000;0.00001;0.00001;0.00000;0.00013;0.00017;0.00000;0.00000;0.00000;0.00000;0.00001;0.00010;0.00027;0.00000;0.00002;0.00003;0.00009;0.00003;0.00000;0.00002;0.00002;0.00001;0.00003;0.00002;0.00006;0.00009;0.00000;0.00000;0.00067;0.00001;0.00001;0.00001;0.00006;0.00007;0.00004;0.00005;0.00008;0.00005;0.00002;0.00001;0.00001;0.00012;0.00015;0.00004;0.00050;0.00104;0.00003;0.00019;0.00035;0.00016;0.00017;0.00012;0.00038;0.00017;0.00022;0.00006;0.00037;0.00018;0.00005;0.00002;0.00060;0.00006;0.00010;0.00019;0.00000;0.00013;0.00006;0.00005;0.00002;0.00002;0.00002;0.00018;0.00000;0.00000;0.00000;0.00000;0.00001;0.00073;0.00007;0.00008;0.00000;0.00000;0.00050;0.00001;0.00001;0.00003;0.00002;0.00001;0.00000;0.00004;0.00001;0.00002;0.00002;0.00001;0.00001;0.00039;0.00002;0.00036;0.00003;0.00005;0.00009;0.00005;0.00006;0.00001;0.00001;0.00001;0.00013;0.00006;0.00000;0.00000;0.00006;0.00001;0.00000;0.00001;0.00004;0.00000;0.00009;0.00018;0.00116;0.00003;0.00001;0.00000;0.00001;0.00000;0.00113;0.00000;0.00001;0.00004;0.00001;0.00001;0.00010;0.00000;0.00000;0.00002;0.00005;0.00009;0.00003;0.00001;0.00000;0.00000
2020-03-09 00:00;0.00001;0.00004;0.00000;0.00002;0.00000;0.00000;0.00000;0.00001;0.00000;0.00000;0.00003;0.00000;0.00005;0.00000;0.00000;0.00000;0.00003;0.00003;0.00001;0.00001;0.00000;0.00000;0.00000;0.00001;0.00001;0.00004;0.00000;0.00000;0.00000;0.00001;0.00002;0.00000;0.00008;0.00001;0.00001;0.00001;0.00000;0.00001;0.00000;0.00001;0.00004;0.00004;0.00000;0.00001;0.00000;0.00000;0.00000;0.00000;0.00004;0.00000;0.00000;0.00000;0.00000;0.00001;0.00000;0.00002;0.00000;0.00002;0.00000;0.00000;0.00000;0.00000;0.00000;0.00004;0.00000;0.00000;0.00000;0.00000;0.00000;0.00013;0.00000;0.00000;0.00000;0.00000;0.00005;0.00000;0.00000;0.00001;0.00001;0.00003;0.00000;0.00000;0.00001;0.00005;0.00003;0.00000;0.00002;0.00002;0.00000;0.00000;0.00001;0.00000;0.00005;0.00006;0.00000;0.00000;0.00004;0.00001;0.00008;0.00033;0.00395;0.00061;0.00001;0.00000;0.00001;0.00000;0.00001;0.00081;0.00002;0.00001;0.00001;0.00001;0.00001;0.00002;0.00001;0.00001;0.00000;0.00000;0.00001;0.00001;0.00001;0.00000;0.00001;0.00000;0.00000;0.00002;0.00001;0.00002;0.00000;0.00000;0.00001;0.00004;0.00000;0.00000;0.00002;0.00001;0.00003;0.00001;0.00001;0.00000;0.00001;0.00000;0.00000;0.00007;0.00001;0.00001;0.00004;0.00002;0.00001;0.00003;0.00024;0.00003;0.00007;0.00001;0.00002;0.00001;0.00001;0.00059;0.00000;0.00000;0.00001;0.00000;0.00022;0.00058;0.00013;0.00006;0.00004;0.00001;0.00001;0.00009;0.00017;0.00015;0.00018;0.00006;0.00002;0.00017;0.00000;0.00009;0.00012;0.00003;0.00030;0.00017;0.00001;0.00037;0.00030;0.00002;0.00004;0.00001;0.00005;0.00014;0.00056;0.00036;0.00026;0.00036;0.00000;0.00000;0.00035;0.00030;0.00007;0.00007;0.00004;0.00003;0.00058;0.00001;0.00005;0.00003;0.00018;0.00002;0.00005;0.00000;0.00002;0.00003;0.00004;0.00023;0.00005;0.00025;0.00030;0.00024;0.00002;0.00052;0.00003;0.00002;0.00001;0.00047;0.00042;0.00035;0.00014;0.00019;0.00031;0.00007;0.00009;0.00009;0.00010;0.00009;0.00001;0.00004;0.00000;0.00005;0.00002;0.00002;0.00001;0.00004;0.00007;0.00005;0.00008;0.00004;0.00000;0.00000;0.00000;0.00000;0.00007;0.00026;0.00001;0.00001;0.00005;0.00003;0.00001;0.00003;0.00002;0.00000;0.00001;0.00001;0.00000;0.00000;0.00001;0.00000;0.00000;0.00004;0.00002;0.00002;0.00002;0.00001;0.00003;0.00005;0.00020;0.00019;0.00008;0.00028;0.00017;0.00016;0.00009;0.00003;0.00004;0.00003;0.00005;0.00004;0.00000;0.00000;0.00002;0.00018;0.00015;0.00003;0.00001;0.00002;0.00004;0.00001;0.00001;0.00000;0.00001;0.00001;0.00003;0.00011;0.00003;0.00002;0.00010;0.00004;0.00007;0.00005;0.00003;0.00003;0.00003;0.00041;0.00014;0.00001;0.00003;0.00002;0.00002;0.00000;0.00000;0.00002;0.00004;0.00002;0.00005;0.00013;0.00003;0.00004;0.00002;0.00004;0.00003;0.00000;0.00002;0.00001;0.00001;0.00000;0.00000;0.00000;0.00002;0.00001;0.00002;0.00004;0.00004;0.00001;0.00001;0.00001;0.00001;0.00001;0.00001;0.00002;0.00001;0.00000;0.00033;0.00029;0.00002;0.00004;0.00003;0.00000;0.00001;0.00000;0.00000;0.00013;0.00017;0.00000;0.00000;0.00000;0.00000;0.00000;0.00004;0.00005;0.00000;0.00002;0.00002;0.00009;0.00003;0.00000;0.00000;0.00001;0.00001;0.00003;0.00002;0.00006;0.00009;0.00000;0.00000;0.00021;0.00000;0.00001;0.00000;0.00006;0.00007;0.00001;0.00005;0.00008;0.00002;0.00002;0.00001;0.00001;0.00012;0.00015;0.00004;0.00050;0.00103;0.00003;0.00019;0.00033;0.00005;0.00010;0.00012;0.00026;0.00016;0.00020;0.00005;0.00036;0.00018;0.00005;0.00001;0.00053;0.00006;0.00009;0.00015;0.00000;0.00013;0.00005;0.00005;0.00002;0.00002;0.00002;0.00018;0.00000;0.00000;0.00000;0.00000;0.00001;0.00073;0.00007;0.00008;0.00000;0.00000;0.00049;0.00001;0.00001;0.00003;0.00002;0.00001;0.00000;0.00004;0.00001;0.00002;0.00002;0.00001;0.00001;0.00039;0.00002;0.00014;0.00003;0.00005;0.00009;0.00005;0.00006;0.00001;0.00001;0.00001;0.00013;0.00006;0.00000;0.00000;0.00006;0.00001;0.00000;0.00001;0.00004;0.00000;0.00009;0.00018;0.00100;0.00003;0.00001;0.00000;0.00001;0.00000;0.00082;0.00000;0.00001;0.00002;0.00001;0.00001;0.00003;0.00000;0.00000;0.00002;0.00004;0.00009;0.00003;0.00001;0.00000;0.00000
2020-03-10 00:00;0.00001;0.00003;0.00000;0.00002;0.00000;0.00000;0.00000;0.00001;0.00000;0.00000;0.00003;0.00000;0.00005;0.00000;0.00000;0.00000;0.00003;0.00003;0.00001;0.00001;0.00000;0.00000;0.00000;0.00001;0.00001;0.00003;0.00000;0.00000;0.00000;0.00001;0.00002;0.00000;0.00008;0.00001;0.00001;0.00001;0.00000;0.00001;0.00000;0.00001;0.00004;0.00004;0.00000;0.00001;0.00000;0.00000;0.00000;0.00000;0.00004;0.00000;0.00000;0.00000;0.00000;0.00001;0.00000;0.00002;0.00000;0.00002;0.00000;0.00000;0.00000;0.00000;0.00000;0.00004;0.00000;0.00000;0.00000;0.00000;0.00000;0.00012;0.00000;0.00000;0.00000;0.00000;0.00005;0.00000;0.00000;0.00001;0.00001;0.00003;0.00000;0.00000;0.00001;0.00005;0.00003;0.00000;0.00002;0.00002;0.00000;0.00000;0.00001;0.00000;0.00005;0.00006;0.00000;0.00000;0.00004;0.00001;0.00007;0.00009;0.00353;0.00031;0.00001;0.00000;0.00001;0.00000;0.00001;0.00080;0.00002;0.00001;0.00001;0.00001;0.00001;0.00002;0.00001;0.00001;0.00000;0.00000;0.00001;0.00001;0.00001;0.00000;0.00001;0.00000;0.00000;0.00002;0.00001;0.00002;0.00000;0.00000;0.00001;0.00004;0.00000;0.00000;0.00002;0.00001;0.00003;0.00001;0.00001;0.00000;0.00001;0.00000;0.00000;0.00007;0.00001;0.00001;0.00004;0.00002;0.00001;0.00003;0.00024;0.00003;0.00007;0.00001;0.00002;0.00001;0.00001;0.00052;0.00000;0.00000;0.00001;0.00000;0.00021;0.00049;0.00013;0.00006;0.00004;0.00001;0.00001;0.00009;0.00017;0.00017;0.00020;0.00007;0.00002;0.00017;0.00000;0.00010;0.00013;0.00002;0.00031;0.00018;0.00001;0.00039;0.00032;0.00002;0.00004;0.00001;0.00005;0.00021;0.00059;0.00039;0.00027;0.00042;0.00000;0.00000;0.00036;0.00031;0.00007;0.00007;0.00004;0.00003;0.00060;0.00001;0.00005;0.00003;0.00019;0.00002;0.00005;0.00000;0.00002;0.00003;0.00004;0.00023;0.00005;0.00025;0.00032;0.00024;0.00003;0.00072;0.00003;0.00002;0.00001;0.00049;0.00046;0.00040;0.00014;0.00019;0.00031;0.00007;0.00009;0.00009;0.00010;0.00010;0.00001;0.00004;0.00000;0.00006;0.00003;0.00002;0.00001;0.00004;0.00008;0.00005;0.00008;0.00004;0.00000;0.00000;0.00000;0.00000;0.00008;0.00026;0.00001;0.00001;0.00005;0.00003;0.00001;0.00003;0.00002;0.00000;0.00001;0.00001;0.00000;0.00000;0.00001;0.00000;0.00000;0.00005;0.00002;0.00003;0.00002;0.00001;0.00003;0.00005;0.00021;0.00019;0.00008;0.00028;0.00017;0.00016;0.00010;0.00003;0.00004;0.00003;0.00006;0.00004;0.00000;0.00000;0.00002;0.00015;0.00017;0.00003;0.00001;0.00002;0.00005;0.00001;0.00001;0.00000;0.00001;0.00001;0.00003;0.00011;0.00003;0.00002;0.00011;0.00006;0.00007;0.00005;0.00003;0.00003;0.00004;0.00041;0.00014;0.00001;0.00003;0.00004;0.00002;0.00000;0.00001;0.00002;0.00004;0.00002;0.00005;0.00013;0.00003;0.00004;0.00003;0.00004;0.00003;0.00000;0.00002;0.00001;0.00001;0.00000;0.00000;0.00000;0.00002;0.00001;0.00002;0.00004;0.00004;0.00001;0.00001;0.00001;0.00001;0.00001;0.00001;0.00002;0.00001;0.00001;0.00035;0.00029;0.00002;0.00004;0.00003;0.00000;0.00001;0.00001;0.00000;0.00013;0.00017;0.00000;0.00000;0.00000;0.00000;0.00000;0.00006;0.00009;0.00000;0.00002;0.00002;0.00009;0.00003;0.00000;0.00001;0.00001;0.00001;0.00003;0.00003;0.00006;0.00009;0.00000;0.00000;0.00024;0.00000;0.00001;0.00001;0.00006;0.00007;0.00001;0.00005;0.00008;0.00003;0.00002;0.00001;0.00001;0.00013;0.00015;0.00004;0.00050;0.00104;0.00003;0.00019;0.00033;0.00004;0.00008;0.00012;0.00029;0.00017;0.00022;0.00005;0.00037;0.00021;0.00005;0.00002;0.00055;0.00006;0.00010;0.00020;0.00000;0.00013;0.00007;0.00005;0.00002;0.00004;0.00002;0.00018;0.00000;0.00000;0.00000;0.00000;0.00001;0.00073;0.00007;0.00008;0.00000;0.00000;0.00049;0.00001;0.00001;0.00003;0.00002;0.00001;0.00000;0.00004;0.00001;0.00002;0.00002;0.00001;0.00001;0.00039;0.00002;0.00014;0.00003;0.00005;0.00009;0.00005;0.00006;0.00001;0.00001;0.00001;0.00013;0.00006;0.00000;0.00000;0.00006;0.00001;0.00000;0.00001;0.00004;0.00000;0.00009;0.00018;0.00098;0.00003;0.00001;0.00000;0.00001;0.00000;0.00070;0.00000;0.00001;0.00002;0.00001;0.00001;0.00001;0.00000;0.00000;0.00002;0.00004;0.00009;0.00003;0.00001;0.00000;0.00000
2020-03-11 00:00;0.00001;0.00003;0.00000;0.00002;0.00000;0.00000;0.00000;0.00001;0.00000;0.00000;0.00005;0.00000;0.00005;0.00000;0.00000;0.00000;0.00003;0.00003;0.00001;0.00001;0.00000;0.00000;0.00000;0.00001;0.00001;0.00008;0.00000;0.00000;0.00000;0.00001;0.00005;0.00000;0.00008;0.00001;0.00001;0.00001;0.00000;0.00001;0.00000;0.00001;0.00004;0.00004;0.00000;0.00001;0.00000;0.00000;0.00000;0.00000;0.00004;0.00000;0.00000;0.00000;0.00000;0.00001;0.00000;0.00002;0.00000;0.00002;0.00000;0.00000;0.00000;0.00000;0.00000;0.00004;0.00000;0.00000;0.00000;0.00000;0.00000;0.00014;0.00000;0.00000;0.00000;0.00000;0.00005;0.00000;0.00000;0.00001;0.00001;0.00003;0.00000;0.00000;0.00001;0.00005;0.00004;0.00000;0.00002;0.00002;0.00000;0.00000;0.00001;0.00000;0.00005;0.00006;0.00000;0.00000;0.00004;0.00001;0.00008;0.00249;0.00524;0.00152;0.00001;0.00000;0.00001;0.00000;0.00001;0.00089;0.00002;0.00001;0.00001;0.00001;0.00001;0.00002;0.00001;0.00001;0.00000;0.00000;0.00001;0.00001;0.00001;0.00000;0.00001;0.00000;0.00000;0.00002;0.00001;0.00002;0.00000;0.00000;0.00001;0.00004;0.00000;0.00000;0.00002;0.00001;0.00003;0.00001;0.00001;0.00000;0.00001;0.00000;0.00000;0.00007;0.00001;0.00001;0.00004;0.00002;0.00001;0.00003;0.00024;0.00003;0.00007;0.00001;0.00002;0.00001;0.00001;0.00148;0.00000;0.00000;0.00001;0.00000;0.00046;0.00278;0.00037;0.00006;0.00004;0.00001;0.00001;0.00048;0.00018;0.00028;0.00041;0.00019;0.00002;0.00016;0.00000;0.00016;0.00076;0.00002;0.00045;0.00020;0.00001;0.00044;0.00031;0.00002;0.00004;0.00001;0.00006;0.00032;0.00083;0.00039;0.00031;0.00055;0.00000;0.00000;0.00056;0.00033;0.00009;0.00007;0.00004;0.00003;0.00089;0.00001;0.00006;0.00004;0.00025;0.00002;0.00005;0.00000;0.00002;0.00003;0.00004;0.00024;0.00005;0.00025;0.00063;0.00024;0.00003;0.00122;0.00003;0.00002;0.00001;0.00051;0.00051;0.00042;0.00016;0.00020;0.00033;0.00007;0.00011;0.00011;0.00010;0.00032;0.00002;0.00007;0.00000;0.00008;0.00010;0.00002;0.00004;0.00004;0.00024;0.00005;0.00011;0.00004;0.00000;0.00000;0.00000;0.00000;0.00013;0.00027;0.00001;0.00001;0.00007;0.00004;0.00016;0.00003;0.00002;0.00000;0.00004;0.00003;0.00000;0.00000;0.00001;0.00000;0.00000;0.00020;0.00002;0.00020;0.00002;0.00001;0.00015;0.00005;0.00049;0.00021;0.00008;0.00030;0.00020;0.00023;0.00012;0.00003;0.00004;0.00003;0.00032;0.00024;0.00000;0.00000;0.00003;0.00096;0.00067;0.00030;0.00001;0.00002;0.00012;0.00001;0.00001;0.00000;0.00001;0.00001;0.00003;0.00012;0.00006;0.00003;0.00028;0.00043;0.00007;0.00005;0.00004;0.00006;0.00006;0.00050;0.00015;0.00001;0.00003;0.00031;0.00002;0.00000;0.00004;0.00002;0.00004;0.00016;0.00005;0.00018;0.00003;0.00006;0.00021;0.00005;0.00004;0.00000;0.00013;0.00001;0.00001;0.00000;0.00000;0.00000;0.00002;0.00001;0.00002;0.00004;0.00008;0.00001;0.00001;0.00001;0.00001;0.00002;0.00001;0.00003;0.00001;0.00003;0.00056;0.00029;0.00007;0.00004;0.00003;0.00000;0.00001;0.00004;0.00000;0.00016;0.00017;0.00000;0.00001;0.00003;0.00004;0.00012;0.00031;0.00083;0.00002;0.00002;0.00004;0.00009;0.00003;0.00000;0.00006;0.00007;0.00001;0.00003;0.00006;0.00006;0.00009;0.00000;0.00001;0.00153;0.00002;0.00001;0.00002;0.00006;0.00008;0.00013;0.00005;0.00009;0.00012;0.00002;0.00001;0.00001;0.00013;0.00015;0.00004;0.00050;0.00111;0.00003;0.00020;0.00043;0.00024;0.00018;0.00013;0.00072;0.00019;0.00035;0.00006;0.00041;0.00021;0.00005;0.00008;0.00078;0.00006;0.00013;0.00043;0.00000;0.00013;0.00010;0.00005;0.00002;0.00005;0.00002;0.00018;0.00000;0.00000;0.00000;0.00000;0.00001;0.00073;0.00007;0.00008;0.00000;0.00000;0.00050;0.00001;0.00001;0.00003;0.00002;0.00001;0.00000;0.00004;0.00001;0.00002;0.00002;0.00001;0.00001;0.00039;0.00002;0.00067;0.00003;0.00005;0.00009;0.00005;0.00006;0.00001;0.00001;0.00001;0.00013;0.00006;0.00000;0.00000;0.00006;0.00001;0.00000;0.00001;0.00004;0.00000;0.00009;0.00018;0.00108;0.00003;0.00001;0.00000;0.00001;0.00000;0.00117;0.00000;0.00001;0.00005;0.00001;0.00001;0.00014;0.00000;0.00000;0.00002;0.00005;0.00009;0.00003;0.00001;0.00000;0.00000
2020-03-12 00:00;0.00001;0.00003;0.00000;0.00002;0.00000;0.00000;0.00000;0.00001;0.00000;0.00000;0.00005;0.00000;0.00005;0.00000;0.00000;0.00000;0.00003;0.00003;0.00001;0.00001;0.00000;0.00000;0.00000;0.00001;0.00001;0.00009;0.00000;0.00000;0.00000;0.00001;0.00005;0.00000;0.00008;0.00001;0.00001;0.00001;0.00000;0.00001;0.00000;0.00001;0.00004;0.00005;0.00000;0.00001;0.00000;0.00000;0.00000;0.00000;0.00005;0.00000;0.00000;0.00000;0.00000;0.00001;0.00000;0.00002;0.00000;0.00002;0.00000;0.00000;0.00000;0.00000;0.00000;0.00004;0.00000;0.00000;0.00000;0.00000;0.00000;0.00015;0.00000;0.00000;0.00000;0.00000;0.00005;0.00000;0.00000;0.00001;0.00001;0.00003;0.00000;0.00000;0.00001;0.00005;0.00004;0.00000;0.00002;0.00002;0.00000;0.00000;0.00001;0.00000;0.00005;0.00006;0.00000;0.00000;0.00004;0.00001;0.00009;0.00083;0.00660;0.00111;0.00001;0.00000;0.00001;0.00000;0.00001;0.00089;0.00002;0.00001;0.00001;0.00001;0.00001;0.00002;0.00001;0.00001;0.00000;0.00000;0.00001;0.00001;0.00001;0.00000;0.00001;0.00000;0.00000;0.00002;0.00001;0.00002;0.00000;0.00000;0.00001;0.00004;0.00000;0.00000;0.00002;0.00001;0.00003;0.00001;0.00001;0.00000;0.00001;0.00000;0.00000;0.00007;0.00001;0.00001;0.00004;0.00002;0.00001;0.00003;0.00024;0.00003;0.00007;0.00001;0.00002;0.00001;0.00001;0.00126;0.00000;0.00000;0.00001;0.00000;0.00039;0.00248;0.00024;0.00006;0.00004;0.00001;0.00001;0.00031;0.00018;0.00029;0.00040;0.00020;0.00002;0.00016;0.00000;0.00014;0.00037;0.00002;0.00048;0.00020;0.00001;0.00046;0.00031;0.00002;0.00004;0.00001;0.00006;0.00035;0.00090;0.00039;0.00032;0.00055;0.00000;0.00000;0.00065;0.00034;0.00010;0.00007;0.00004;0.00003;0.00103;0.00001;0.00007;0.00004;0.00025;0.00002;0.00005;0.00000;0.00002;0.00003;0.00004;0.00024;0.00005;0.00025;0.00069;0.00024;0.00003;0.00144;0.00003;0.00002;0.00001;0.00052;0.00051;0.00050;0.00017;0.00021;0.00034;0.00007;0.00011;0.00011;0.00010;0.00039;0.00002;0.00007;0.00000;0.00008;0.00011;0.00002;0.00004;0.00004;0.00028;0.00005;0.00011;0.00004;0.00000;0.00000;0.00000;0.00000;0.00014;0.00027;0.00001;0.00001;0.00007;0.00004;0.00018;0.00003;0.00002;0.00000;0.00004;0.00003;0.00000;0.00000;0.00001;0.00000;0.00000;0.00025;0.00002;0.00026;0.00002;0.00001;0.00016;0.00005;0.00055;0.00022;0.00008;0.00031;0.00021;0.00023;0.00013;0.00003;0.00004;0.00003;0.00036;0.00034;0.00000;0.00000;0.00004;0.00138;0.00086;0.00038;0.00001;0.00002;0.00015;0.00001;0.00001;0.00000;0.00001;0.00001;0.00003;0.00013;0.00007;0.00003;0.00034;0.00055;0.00007;0.00005;0.00004;0.00007;0.00006;0.00053;0.00016;0.00001;0.00003;0.00039;0.00002;0.00000;0.00004;0.00002;0.00004;0.00024;0.00005;0.00020;0.00003;0.00006;0.00028;0.00005;0.00004;0.00000;0.00014;0.00001;0.00001;0.00000;0.00000;0.00000;0.00002;0.00001;0.00002;0.00004;0.00009;0.00001;0.00001;0.00001;0.00001;0.00002;0.00001;0.00003;0.00001;0.00003;0.00060;0.00029;0.00008;0.00004;0.00003;0.00000;0.00001;0.00005;0.00000;0.00015;0.00017;0.00000;0.00001;0.00003;0.00005;0.00013;0.00034;0.00099;0.00002;0.00002;0.00004;0.00009;0.00003;0.00000;0.00007;0.00009;0.00001;0.00003;0.00007;0.00006;0.00009;0.00000;0.00001;0.00199;0.00003;0.00002;0.00003;0.00006;0.00008;0.00015;0.00005;0.00009;0.00014;0.00002;0.00001;0.00001;0.00013;0.00015;0.00004;0.00050;0.00111;0.00003;0.00020;0.00044;0.00031;0.00022;0.00013;0.00085;0.00019;0.00036;0.00006;0.00043;0.00021;0.00005;0.00008;0.00088;0.00006;0.00012;0.00044;0.00000;0.00013;0.00011;0.00005;0.00002;0.00005;0.00002;0.00018;0.00000;0.00000;0.00000;0.00000;0.00001;0.00073;0.00007;0.00008;0.00000;0.00000;0.00051;0.00001;0.00001;0.00003;0.00002;0.00001;0.00000;0.00004;0.00001;0.00002;0.00002;0.00001;0.00001;0.00039;0.00002;0.00040;0.00003;0.00005;0.00009;0.00005;0.00006;0.00001;0.00001;0.00001;0.00013;0.00006;0.00000;0.00000;0.00006;0.00001;0.00000;0.00001;0.00004;0.00000;0.00009;0.00018;0.00111;0.00003;0.00001;0.00000;0.00001;0.00000;0.00145;0.00000;0.00001;0.00005;0.00001;0.00001;0.00012;0.00000;0.00000;0.00002;0.00005;0.00009;0.00003;0.00001;0.00000;0.00000
2020-03-13 00:00;0.00001;0.00003;0.00000;0.00002;0.00000;0.00000;0.00000;0.00001;0.00000;0.00000;0.00004;0.00000;0.00005;0.00000;0.00000;0.00000;0.00003;0.00003;0.00001;0.00001;0.00000;0.00000;0.00000;0.00001;0.00001;0.00005;0.00000;0.00000;0.00000;0.00001;0.00003;0.00000;0.00008;0.00001;0.00001;0.00001;0.00000;0.00001;0.00000;0.00001;0.00004;0.00004;0.00000;0.00001;0.00000;0.00000;0.00000;0.00000;0.00004;0.00000;0.00000;0.00000;0.00000;0.00001;0.00000;0.00002;0.00000;0.00002;0.00000;0.00000;0.00000;0.00000;0.00000;0.00004;0.00000;0.00000;0.00000;0.00000;0.00000;0.00013;0.00000;0.00000;0.00000;0.00000;0.00005;0.00000;0.00000;0.00001;0.00001;0.00003;0.00000;0.00000;0.00001;0.00005;0.00004;0.00000;0.00002;0.00002;0.00000;0.00000;0.00001;0.00000;0.00005;0.00006;0.00000;0.00000;0.00004;0.00001;0.00008;0.00010;0.00402;0.00038;0.00001;0.00000;0.00001;0.00000;0.00001;0.00081;0.00002;0.00001;0.00001;0.00001;0.00001;0.00002;0.00001;0.00001;0.00000;0.00000;0.00001;0.00001;0.00001;0.00000;0.00001;0.00000;0.00000;0.00002;0.00001;0.00002;0.00000;0.00000;0.00001;0.00004;0.00000;0.00000;0.00002;0.00001;0.00003;0.00001;0.00001;0.00000;0.00001;0.00000;0.00000;0.00007;0.00001;0.00001;0.00004;0.00002;0.00001;0.00003;0.00024;0.00003;0.00007;0.00001;0.00002;0.00001;0.00001;0.00061;0.00000;0.00000;0.00001;0.00000;0.00024;0.00084;0.00014;0.00006;0.00004;0.00001;0.00001;0.00011;0.00017;0.00021;0.00027;0.00011;0.00002;0.00017;0.00000;0.00010;0.00014;0.00003;0.00037;0.00019;0.00001;0.00042;0.00032;0.00002;0.00004;0.00001;0.00005;0.00022;0.00074;0.00040;0.00029;0.00043;0.00000;0.00000;0.00048;0.00032;0.00008;0.00007;0.00004;0.00003;0.00085;0.00001;0.00006;0.00004;0.00021;0.00002;0.00005;0.00000;0.00002;0.00003;0.00004;0.00024;0.00005;0.00025;0.00046;0.00024;0.00003;0.00101;0.00003;0.00002;0.00001;0.00049;0.00046;0.00045;0.00016;0.00020;0.00032;0.00007;0.00010;0.00010;0.00010;0.00022;0.00001;0.00006;0.00000;0.00007;0.00005;0.00002;0.00002;0.00004;0.00015;0.00005;0.00009;0.00004;0.00000;0.00000;0.00000;0.00000;0.00010;0.00027;0.00001;0.00001;0.00006;0.00003;0.00006;0.00003;0.00002;0.00000;0.00002;0.00002;0.00000;0.00000;0.00001;0.00000;0.00000;0.00012;0.00002;0.00012;0.00002;0.00001;0.00007;0.00005;0.00032;0.00020;0.00008;0.00029;0.00018;0.00018;0.00011;0.00003;0.00004;0.00003;0.00014;0.00016;0.00000;0.00000;0.00003;0.00073;0.00043;0.00016;0.00001;0.00002;0.00009;0.00001;0.00001;0.00000;0.00001;0.00001;0.00003;0.00012;0.00005;0.00002;0.00021;0.00027;0.00007;0.00005;0.00003;0.00005;0.00004;0.00046;0.00015;0.00001;0.00003;0.00017;0.00002;0.00000;0.00002;0.00002;0.00004;0.00013;0.00005;0.00015;0.00003;0.00005;0.00013;0.00004;0.00003;0.00000;0.00006;0.00001;0.00001;0.00000;0.00000;0.00000;0.00002;0.00001;0.00002;0.00004;0.00006;0.00001;0.00001;0.00001;0.00001;0.00001;0.00001;0.00002;0.00001;0.00001;0.00043;0.00029;0.00005;0.00004;0.00003;0.00000;0.00001;0.00002;0.00000;0.00014;0.00017;0.00000;0.00000;0.00000;0.00000;0.00001;0.00015;0.00041;0.00000;0.00002;0.00003;0.00009;0.00003;0.00000;0.00002;0.00004;0.00001;0.00003;0.00003;0.00006;0.00009;0.00000;0.00000;0.00094;0.00001;0.00001;0.00001;0.00006;0.00007;0.00005;0.00005;0.00008;0.00007;0.00002;0.00001;0.00001;0.00012;0.00015;0.00004;0.00050;0.00105;0.00003;0.00020;0.00038;0.00019;0.00016;0.00012;0.00054;0.00018;0.00028;0.00006;0.00039;0.00023;0.00005;0.00004;0.00073;0.00006;0.00010;0.00023;0.00000;0.00013;0.00007;0.00005;0.00002;0.00005;0.00002;0.00018;0.00000;0.00000;0.00000;0.00000;0.00001;0.00073;0.00007;0.00008;0.00000;0.00000;0.00050;0.00001;0.00001;0.00003;0.00002;0.00001;0.00000;0.00004;0.00001;0.00002;0.00002;0.00001;0.00001;0.00039;0.00002;0.00014;0.00003;0.00005;0.00009;0.00005;0.00006;0.00001;0.00001;0.00001;0.00013;0.00006;0.00000;0.00000;0.00006;0.00001;0.00000;0.00001;0.00004;0.00000;0.00009;0.00018;0.00100;0.00003;0.00001;0.00000;0.00001;0.00000;0.00110;0.00000;0.00001;0.00003;0.00001;0.00001;0.00004;0.00000;0.00000;0.00002;0.00004;0.00009;0.00003;0.00001;0.00000;0.00000
2020-03-14 00:00;0.00001;0.00003;0.00000;0.00002;0.00000;0.00000;0.00000;0.00001;0.00000;0.00000;0.00005;0.00000;0.00005;0.00000;0.00000;0.00000;0.00003;0.00003;0.00001;0.00001;0.00000;0.00000;0.00000;0.00001;0.00001;0.00008;0.00000;0.00000;0.00000;0.00001;0.00005;0.00000;0.00008;0.00001;0.00001;0.00001;0.00000;0.00001;0.00000;0.00001;0.00004;0.00004;0.00000;0.00001;0.00000;0.00000;0.00000;0.00000;0.00004;0.00000;0.00000;0.00000;0.00000;0.00001;0.00000;0.00002;0.00000;0.00002;0.00000;0.00000;0.00000;0.00000;0.00000;0.00004;0.00000;0.00000;0.00000;0.00000;0.00000;0.00015;0.00000;0.00000;0.00000;0.00000;0.00005;0.00000;0.00000;0.00001;0.00001;0.00003;0.00000;0.00000;0.00001;0.00005;0.00004;0.00000;0.00002;0.00002;0.00000;0.00000;0.00001;0.00000;0.00005;0.00006;0.00000;0.00000;0.00004;0.00001;0.00008;0.00248;0.00583;0.00147;0.00001;0.00000;0.00001;0.00000;0.00001;0.00093;0.00002;0.00001;0.00001;0.00001;0.00001;0.00002;0.00001;0.00001;0.00000;0.00000;0.00001;0.00001;0.00001;0.00000;0.00001;0.00000;0.00000;0.00002;0.00001;0.00002;0.00000;0.00000;0.00001;0.00004;0.00000;0.00000;0.00002;0.00001;0.00003;0.00001;0.00001;0.00000;0.00001;0.00000;0.00000;0.00007;0.00001;0.00001;0.00004;0.00002;0.00001;0.00003;0.00024;0.00003;0.00007;0.00001;0.00002;0.00001;0.00001;0.00166;0.00000;0.00000;0.00001;0.00000;0.00046;0.00278;0.00038;0.00006;0.00004;0.00001;0.00001;0.00056;0.00018;0.00028;0.00041;0.00019;0.00002;0.00016;0.00000;0.00016;0.00089;0.00002;0.00045;0.00020;0.00001;0.00045;0.00031;0.00002;0.00004;0.00001;0.00006;0.00030;0.00084;0.00042;0.00031;0.00054;0.00000;0.00000;0.00058;0.00033;0.00009;0.00007;0.00004;0.00003;0.00093;0.00001;0.00007;0.00004;0.00024;0.00002;0.00005;0.00000;0.00002;0.00003;0.00004;0.00024;0.00005;0.00025;0.00063;0.00024;0.00003;0.00116;0.00003;0.00002;0.00001;0.00051;0.00051;0.00049;0.00017;0.00020;0.00034;0.00007;0.00011;0.00011;0.00010;0.00032;0.00002;0.00007;0.00000;0.00008;0.00011;0.00002;0.00004;0.00004;0.00025;0.00005;0.00011;0.00004;0.00000;0.00000;0.00000;0.00000;0.00013;0.00027;0.00001;0.00001;0.00007;0.00004;0.00015;0.00003;0.00002;0.00000;0.00004;0.00003;0.00000;0.00000;0.00001;0.00000;0.00000;0.00020;0.00002;0.00020;0.00002;0.00001;0.00014;0.00005;0.00048;0.00021;0.00008;0.00030;0.00020;0.00022;0.00012;0.00003;0.00004;0.00003;0.00031;0.00024;0.00000;0.00000;0.00003;0.00104;0.00070;0.00031;0.00001;0.00002;0.00012;0.00001;0.00001;0.00000;0.00001;0.00001;0.00003;0.00012;0.00006;0.00003;0.00030;0.00047;0.00007;0.00005;0.00004;0.00006;0.00006;0.00050;0.00016;0.00001;0.00003;0.00032;0.00002;0.00000;0.00004;0.00002;0.00004;0.00018;0.00005;0.00018;0.00003;0.00006;0.00023;0.00005;0.00004;0.00000;0.00013;0.00001;0.00001;0.00000;0.00000;0.00000;0.00002;0.00001;0.00002;0.00004;0.00009;0.00001;0.00001;0.00001;0.00001;0.00002;0.00001;0.00003;0.00001;0.00003;0.00056;0.00029;0.00007;0.00004;0.00003;0.00000;0.00001;0.00005;0.00000;0.00015;0.00017;0.00000;0.00001;0.00003;0.00004;0.00012;0.00031;0.00087;0.00002;0.00002;0.00004;0.00009;0.00003;0.00000;0.00006;0.00008;0.00001;0.00003;0.00006;0.00006;0.00009;0.00000;0.00001;0.00163;0.00002;0.00002;0.00003;0.00006;0.00008;0.00014;0.00005;0.00009;0.00013;0.00002;0.00001;0.00001;0.00013;0.00015;0.00004;0.00050;0.00111;0.00003;0.00020;0.00043;0.00029;0.00020;0.00013;0.00073;0.00019;0.00034;0.00006;0.00042;0.00021;0.00005;0.00008;0.00081;0.00006;0.00013;0.00042;0.00000;0.00013;0.00010;0.00005;0.00002;0.00005;0.00002;0.00018;0.00000;0.00000;0.00000;0.00000;0.00001;0.00073;0.00007;0.00008;0.00000;0.00000;0.00050;0.00001;0.00001;0.00003;0.00002;0.00001;0.00000;0.00004;0.00001;0.00002;0.00002;0.00001;0.00001;0.00039;0.00002;0.00070;0.00003;0.00005;0.00009;0.00005;0.00006;0.00001;0.00001;0.00001;0.00013;0.00006;0.00000;0.00000;0.00006;0.00001;0.00000;0.00001;0.00004;0.00000;0.00009;0.00018;0.00111;0.00003;0.00001;0.00000;0.00001;0.00000;0.00124;0.00000;0.00001;0.00005;0.00001;0.00001;0.00017;0.00000;0.00000;0.00002;0.00005;0.00009;0.00003;0.00001;0.00000;0.00000
2020-03-15 00:00;0.00001;0.00003;0.00000;0.00002;0.00000;0.00000;0.00000;0.00001;0.00000;0.00000;0.00006;0.00000;0.00005;0.00000;0.00000;0.00000;0.00003;0.00003;0.00001;0.00001;0.00000;0.00000;0.00000;0.00001;0.00001;0.00011;0.00000;0.00000;0.00000;0.00001;0.00006;0.00000;0.00008;0.00001;0.00001;0.00001;0.00000;0.00001;0.00000;0.00001;0.00004;0.00005;0.00000;0.00001;0.00000;0.00000;0.00000;0.00000;0.00005;0.00000;0.00000;0.00000;0.00000;0.00001;0.00000;0.00002;0.00000;0.00002;0.00000;0.00000;0.00000;0.00000;0.00000;0.00004;0.00000;0.00000;0.00000;0.00000;0.00000;0.00016;0.00000;0.00000;0.00000;0.00000;0.00005;0.00000;0.00000;0.00001;0.00001;0.00003;0.00000;0.00000;0.00001;0.00005;0.00004;0.00000;0.00002;0.00002;0.00000;0.00000;0.00001;0.00000;0.00005;0.00006;0.00000;0.00000;0.00004;0.00001;0.00009;0.00308;0.00936;0.00228;0.00001;0.00000;0.00001;0.00000;0.00001;0.00105;0.00002;0.00001;0.00001;0.00001;0.00001;0.00002;0.00001;0.00001;0.00000;0.00000;0.00001;0.00001;0.00001;0.00000;0.00001;0.00000;0.00000;0.00002;0.00001;0.00002;0.00000;0.00000;0.00001;0.00004;0.00000;0.00000;0.00002;0.00001;0.00003;0.00001;0.00001;0.00000;0.00001;0.00000;0.00000;0.00007;0.00001;0.00001;0.00004;0.00002;0.00001;0.00003;0.00024;0.00003;0.00007;0.00001;0.00002;0.00001;0.00001;0.00243;0.00000;0.00000;0.00001;0.00000;0.00060;0.00440;0.00042;0.00006;0.00004;0.00001;0.00001;0.00066;0.00018;0.00031;0.00046;0.00025;0.00002;0.00026;0.00000;0.00018;0.00108;0.00002;0.00051;0.00021;0.00001;0.00047;0.00031;0.00002;0.00004;0.00001;0.00006;0.00039;0.00096;0.00044;0.00032;0.00061;0.00000;0.00000;0.00070;0.00034;0.00010;0.00007;0.00004;0.00003;0.00109;0.00001;0.00007;0.00004;0.00027;0.00002;0.00005;0.00000;0.00002;0.00003;0.00004;0.00024;0.00005;0.00025;0.00075;0.00024;0.00004;0.00156;0.00003;0.00002;0.00001;0.00052;0.00053;0.00053;0.00017;0.00021;0.00034;0.00007;0.00012;0.00012;0.00010;0.00042;0.00002;0.00008;0.00000;0.00009;0.00014;0.00002;0.00005;0.00004;0.00033;0.00005;0.00011;0.00004;0.00000;0.00000;0.00000;0.00000;0.00015;0.00028;0.00001;0.00001;0.00007;0.00005;0.00019;0.00003;0.00002;0.00000;0.00005;0.00003;0.00000;0.00000;0.00001;0.00000;0.00000;0.00029;0.00002;0.00029;0.00002;0.00001;0.00017;0.00005;0.00059;0.00022;0.00008;0.00031;0.00021;0.00024;0.00013;0.00003;0.00004;0.00003;0.00038;0.00035;0.00000;0.00000;0.00004;0.00159;0.00096;0.00044;0.00001;0.00002;0.00016;0.00002;0.00001;0.00000;0.00001;0.00001;0.00004;0.00013;0.00007;0.00003;0.00038;0.00065;0.00007;0.00005;0.00004;0.00007;0.00007;0.00055;0.00016;0.00001;0.00003;0.00044;0.00002;0.00000;0.00005;0.00002;0.00004;0.00027;0.00005;0.00021;0.00003;0.00006;0.00032;0.00005;0.00005;0.00000;0.00016;0.00001;0.00001;0.00000;0.00000;0.00000;0.00002;0.00001;0.00002;0.00004;0.00011;0.00001;0.00001;0.00001;0.00001;0.00002;0.00001;0.00003;0.00001;0.00003;0.00063;0.00029;0.00009;0.00005;0.00003;0.00000;0.00001;0.00005;0.00000;0.00016;0.00017;0.00000;0.00001;0.00003;0.00005;0.00013;0.00039;0.00123;0.00002;0.00002;0.00004;0.00009;0.00003;0.00000;0.00009;0.00011;0.00001;0.00003;0.00008;0.00006;0.00009;0.00000;0.00001;0.00240;0.00003;0.00002;0.00003;0.00006;0.00008;0.00019;0.00005;0.00009;0.00017;0.00002;0.00001;0.00001;0.00013;0.00015;0.00004;0.00050;0.00114;0.00003;0.00020;0.00046;0.00037;0.00025;0.00014;0.00094;0.00019;0.00038;0.00007;0.00043;0.00026;0.00005;0.00010;0.00094;0.00006;0.00013;0.00058;0.00000;0.00014;0.00012;0.00005;0.00002;0.00008;0.00002;0.00018;0.00000;0.00000;0.00000;0.00000;0.00001;0.00073;0.00007;0.00008;0.00000;0.00000;0.00051;0.00001;0.00001;0.00003;0.00002;0.00001;0.00000;0.00004;0.00001;0.00002;0.00002;0.00001;0.00001;0.00039;0.00002;0.00091;0.00003;0.00005;0.00009;0.00005;0.00006;0.00001;0.00001;0.00001;0.00013;0.00006;0.00000;0.00000;0.00006;0.00001;0.00000;0.00001;0.00004;0.00000;0.00009;0.00018;0.00129;0.00003;0.00001;0.00000;0.00001;0.00000;0.00156;0.00000;0.00001;0.00006;0.00001;0.00001;0.00023;0.00000;0.00000;0.00002;0.00005;0.00009;0.00003;0.00001;0.00000;0.00000
2020-03-16 00:00;0.00001;0.00005;0.00000;0.00002;0.00000;0.00000;0.00000;0.00001;0.00000;0.00000;0.00006;0.00000;0.00005;0.00000;0.00000;0.00000;0.00003;0.00003;0.00001;0.00001;0.00000;0.00000;0.00000;0.00001;0.00001;0.00011;0.00000;0.00000;0.00000;0.00001;0.00006;0.00000;0.00008;0.00001;0.00001;0.00001;0.00000;0.00001;0.00000;0.00001;0.00004;0.00005;0.00000;0.00001;0.00000;0.00000;0.00000;0.00000;0.00005;0.00000;0.00000;0.00000;0.00000;0.00001;0.00000;0.00002;0.00000;0.00002;0.00000;0.00000;0.00000;0.00000;0.00000;0.00004;0.00000;0.00000;0.00000;0.00000;0.00000;0.00016;0.00000;0.00000;0.00000;0.00000;0.00005;0.00000;0.00000;0.00001;0.00001;0.00003;0.00000;0.00000;0.00001;0.00005;0.00004;0.00000;0.00002;0.00002;0.00000;0.00000;0.00001;0.00000;0.00005;0.00006;0.00000;0.00000;0.00004;0.00001;0.00009;0.00287;0.00965;0.00227;0.00001;0.00000;0.00001;0.00000;0.00001;0.00105;0.00002;0.00001;0.00001;0.00001;0.00001;0.00002;0.00001;0.00001;0.00000;0.00000;0.00001;0.00001;0.00001;0.00000;0.00001;0.00000;0.00000;0.00002;0.00001;0.00002;0.00000;0.00000;0.00001;0.00004;0.00000;0.00000;0.00002;0.00001;0.00003;0.00001;0.00001;0.00000;0.00001;0.00000;0.00000;0.00007;0.00001;0.00001;0.00004;0.00002;0.00001;0.00003;0.00024;0.00003;0.00007;0.00001;0.00002;0.00001;0.00001;0.00238;0.00000;0.00000;0.00001;0.00000;0.00058;0.00429;0.00039;0.00006;0.00004;0.00001;0.00001;0.00062;0.00018;0.00031;0.00046;0.00026;0.00002;0.00031;0.00000;0.00018;0.00101;0.00002;0.00050;0.00021;0.00001;0.00047;0.00031;0.00002;0.00004;0.00001;0.00006;0.00041;0.00097;0.00044;0.00032;0.00062;0.00000;0.00000;0.00073;0.00034;0.00011;0.00007;0.00004;0.00003;0.00114;0.00001;0.00008;0.00005;0.00027;0.00002;0.00005;0.00000;0.00002;0.00003;0.00004;0.00024;0.00005;0.00024;0.00077;0.00023;0.00004;0.00168;0.00003;0.00002;0.00001;0.00053;0.00054;0.00055;0.00018;0.00021;0.00035;0.00007;0.00012;0.00012;0.00010;0.00044;0.00002;0.00008;0.00000;0.00010;0.00015;0.00002;0.00005;0.00004;0.00036;0.00005;0.00011;0.00004;0.00000;0.00000;0.00000;0.00000;0.00016;0.00028;0.00001;0.00001;0.00008;0.00005;0.00018;0.00003;0.00002;0.00000;0.00005;0.00004;0.00000;0.00000;0.00001;0.00000;0.00000;0.00031;0.00002;0.00028;0.00002;0.00001;0.00017;0.00005;0.00059;0.00023;0.00008;0.00031;0.00020;0.00023;0.00013;0.00003;0.00004;0.00003;0.00036;0.00036;0.00000;0.00000;0.00004;0.00174;0.00105;0.00045;0.00001;0.00002;0.00018;0.00002;0.00001;0.00000;0.00001;0.00001;0.00004;0.00013;0.00008;0.00003;0.00040;0.00068;0.00007;0.00005;0.00004;0.00007;0.00008;0.00055;0.00016;0.00001;0.00003;0.00045;0.00002;0.00000;0.00006;0.00002;0.00004;0.00031;0.00005;0.00021;0.00003;0.00007;0.00036;0.00005;0.00005;0.00000;0.00017;0.00001;0.00001;0.00000;0.00000;0.00000;0.00002;0.00001;0.00002;0.00004;0.00011;0.00001;0.00001;0.00001;0.00001;0.00002;0.00001;0.00003;0.00001;0.00004;0.00064;0.00029;0.00010;0.00005;0.00003;0.00000;0.00001;0.00006;0.00000;0.00016;0.00017;0.00000;0.00001;0.00004;0.00005;0.00013;0.00040;0.00136;0.00002;0.00002;0.00004;0.00009;0.00003;0.00000;0.00009;0.00012;0.00001;0.00003;0.00008;0.00006;0.00009;0.00000;0.00001;0.00264;0.00003;0.00002;0.00004;0.00006;0.00008;0.00020;0.00005;0.00009;0.00017;0.00002;0.00001;0.00001;0.00013;0.00015;0.00004;0.00053;0.00114;0.00003;0.00020;0.00047;0.00042;0.00028;0.00014;0.00097;0.00020;0.00039;0.00007;0.00044;0.00027;0.00005;0.00010;0.00097;0.00006;0.00013;0.00056;0.00000;0.00014;0.00012;0.00005;0.00002;0.00009;0.00002;0.00018;0.00000;0.00000;0.00000;0.00000;0.00001;0.00073;0.00007;0.00008;0.00000;0.00000;0.00051;0.00001;0.00001;0.00003;0.00002;0.00001;0.00000;0.00004;0.00001;0.00002;0.00002;0.00001;0.00001;0.00039;0.00002;0.00084;0.00003;0.00005;0.00009;0.00005;0.00006;0.00001;0.00001;0.00001;0.00013;0.00006;0.00000;0.00000;0.00006;0.00001;0.00000;0.00001;0.00004;0.00000;0.00009;0.00018;0.00129;0.00003;0.00001;0.00000;0.00001;0.00000;0.00163;0.00000;0.00001;0.00007;0.00001;0.00001;0.00022;0.00000;0.00000;0.00002;0.00005;0.00009;0.00003;0.00001;0.00000;0.00000
2020-03-17 00:00;0.00001;0.00003;0.00000;0.00002;0.00000;0.00000;0.00000;0.00001;0.00000;0.00000;0.00005;0.00000;0.00005;0.00000;0.00000;0.00000;0.00003;0.00003;0.00001;0.00001;0.00000;0.00000;0.00000;0.00001;0.00001;0.00009;0.00000;0.00000;0.00000;0.00001;0.00006;0.00000;0.00008;0.00001;0.00001;0.00001;0.00000;0.00001;0.00000;0.00001;0.00004;0.00005;0.00000;0.00001;0.00000;0.00000;0.00000;0.00000;0.00005;0.00000;0.00000;0.00000;0.00000;0.00001;0.00000;0.00002;0.00000;0.00002;0.00000;0.00000;0.00000;0.00000;0.00000;0.00004;0.00000;0.00000;0.00000;0.00000;0.00000;0.00015;0.00000;0.00000;0.00000;0.00000;0.00005;0.00000;0.00000;0.00001;0.00001;0.00003;0.00000;0.00000;0.00001;0.00005;0.00004;0.00000;0.00002;0.00002;0.00000;0.00000;0.00001;0.00000;0.00005;0.00006;0.00000;0.00000;0.00004;0.00001;0.00009;0.00072;0.00760;0.00110;0.00001;0.00000;0.00001;0.00000;0.00001;0.00093;0.00002;0.00001;0.00001;0.00001;0.00001;0.00002;0.00001;0.00001;0.00000;0.00000;0.00001;0.00001;0.00001;0.00000;0.00001;0.00000;0.00000;0.00002;0.00001;0.00002;0.00000;0.00000;0.00001;0.00004;0.00000;0.00000;0.00002;0.00001;0.00003;0.00001;0.00001;0.00000;0.00001;0.00000;0.00000;0.00007;0.00001;0.00001;0.00004;0.00002;0.00001;0.00003;0.00024;0.00003;0.00007;0.00001;0.00002;0.00001;0.00001;0.00132;0.00000;0.00000;0.00001;0.00000;0.00037;0.00224;0.00019;0.00006;0.00004;0.00001;0.00001;0.00020;0.00018;0.00023;0.00031;0.00016;0.00002;0.00016;0.00000;0.00011;0.00031;0.00002;0.00040;0.00020;0.00001;0.00046;0.00032;0.00002;0.00004;0.00001;0.00006;0.00036;0.00092;0.00043;0.00032;0.00058;0.00000;0.00000;0.00070;0.00034;0.00010;0.00007;0.00004;0.00003;0.00108;0.00001;0.00007;0.00004;0.00023;0.00002;0.00005;0.00000;0.00002;0.00003;0.00004;0.00024;0.00005;0.00025;0.00059;0.00024;0.00004;0.00149;0.00003;0.00002;0.00001;0.00052;0.00050;0.00051;0.00017;0.00021;0.00034;0.00007;0.00011;0.00011;0.00010;0.00028;0.00001;0.00007;0.00000;0.00008;0.00008;0.00002;0.00003;0.00004;0.00023;0.00005;0.00010;0.00004;0.00000;0.00000;0.00000;0.00000;0.00012;0.00027;0.00001;0.00001;0.00006;0.00004;0.00007;0.00003;0.00002;0.00000;0.00003;0.00002;0.00000;0.00000;0.00001;0.00000;0.00000;0.00018;0.00002;0.00016;0.00002;0.00001;0.00010;0.00005;0.00038;0.00021;0.00008;0.00029;0.00018;0.00018;0.00012;0.00003;0.00004;0.00003;0.00016;0.00018;0.00000;0.00000;0.00003;0.00103;0.00063;0.00022;0.00001;0.00002;0.00013;0.00001;0.00001;0.00000;0.00001;0.00001;0.00003;0.00012;0.00007;0.00003;0.00029;0.00045;0.00007;0.00005;0.00003;0.00006;0.00005;0.00049;0.00015;0.00001;0.00003;0.00026;0.00002;0.00000;0.00003;0.00002;0.00004;0.00026;0.00005;0.00019;0.00003;0.00006;0.00026;0.00005;0.00004;0.00000;0.00009;0.00001;0.00001;0.00000;0.00000;0.00000;0.00002;0.00001;0.00002;0.00004;0.00008;0.00001;0.00001;0.00001;0.00001;0.00001;0.00001;0.00002;0.00001;0.00003;0.00051;0.00029;0.00008;0.00004;0.00003;0.00000;0.00001;0.00003;0.00000;0.00014;0.00017;0.00000;0.00000;0.00000;0.00001;0.00002;0.00024;0.00077;0.00000;0.00002;0.00003;0.00009;0.00003;0.00000;0.00004;0.00008;0.00001;0.00003;0.00005;0.00006;0.00009;0.00000;0.00000;0.00160;0.00003;0.00002;0.00002;0.00006;0.00008;0.00009;0.00005;0.00009;0.00010;0.00002;0.00001;0.00001;0.00013;0.00015;0.00004;0.00051;0.00108;0.00003;0.00020;0.00045;0.00037;0.00027;0.00013;0.00079;0.00019;0.00036;0.00007;0.00043;0.00026;0.00005;0.00005;0.00092;0.00006;0.00011;0.00033;0.00000;0.00014;0.00011;0.00005;0.00002;0.00008;0.00002;0.00018;0.00000;0.00000;0.00000;0.00000;0.00001;0.00073;0.00007;0.00008;0.00000;0.00000;0.00051;0.00001;0.00001;0.00003;0.00002;0.00001;0.00000;0.00004;0.00001;0.00002;0.00002;0.00001;0.00001;0.00039;0.00002;0.00035;0.00003;0.00005;0.00009;0.00005;0.00006;0.00001;0.00001;0.00001;0.00013;0.00006;0.00000;0.00000;0.00006;0.00001;0.00000;0.00001;0.00004;0.00000;0.00009;0.00018;0.00116;0.00003;0.00001;0.00000;0.00001;0.00000;0.00147;0.00000;0.00001;0.00006;0.00001;0.00001;0.00011;0.00000;0.00000;0.00002;0.00005;0.00009;0.00003;0.00001;0.00000;0.00000
2020-03-18 00:00;0.00001;0.00005;0.00000;0.00002;0.00000;0.00000;0.00000;0.00001;0.00000;0.00000;0.00005;0.00000;0.00005;0.00000;0.00000;0.00000;0.00003;0.00003;0.00001;0.00001;0.00000;0.00000;0.00000;0.00001;0.00001;0.00009;0.00000;0.00000;0.00000;0.00001;0.00006;0.00000;0.00008;0.00001;0.00001;0.00001;0.00000;0.00001;0.00000;0.00001;0.00004;0.00005;0.00000;0.00001;0.00000;0.00000;0.00000;0.00000;0.00005;0.00000;0.00000;0.00000;0.00000;0.00001;0.00000;0.00002;0.00000;0.00002;0.00000;0.00000;0.00000;0.00000;0.00000;0.00004;0.00000;0.00000;0.00000;0.00000;0.00000;0.00015;0.00000;0.00000;0.00000;0.00000;0.00005;0.00000;0.00000;0.00001;0.00001;0.00003;0.00000;0.00000;0.00001;0.00005;0.00004;0.00000;0.00002;0.00002;0.00000;0.00000;0.00001;0.00000;0.00005;0.00006;0.00000;0.00000;0.00004;0.00001;0.00009;0.00169;0.00558;0.00117;0.00001;0.00000;0.00001;0.00000;0.00001;0.00088;0.00002;0.00001;0.00001;0.00001;0.00001;0.00002;0.00001;0.00001;0.00000;0.00000;0.00001;0.00001;0.00001;0.00000;0.00001;0.00000;0.00000;0.00002;0.00001;0.00002;0.00000;0.00000;0.00001;0.00004;0.00000;0.00000;0.00002;0.00001;0.00003;0.00001;0.00001;0.00000;0.00001;0.00000;0.00000;0.00007;0.00001;0.00001;0.00004;0.00002;0.00001;0.00003;0.00024;0.00003;0.00007;0.00001;0.00002;0.00001;0.00001;0.00129;0.00000;0.00000;0.00001;0.00000;0.00037;0.00206;0.00028;0.00006;0.00004;0.00001;0.00001;0.00037;0.00018;0.00027;0.00040;0.00020;0.00002;0.00023;0.00000;0.00015;0.00056;0.00002;0.00043;0.00021;0.00001;0.00046;0.00031;0.00002;0.00004;0.00001;0.00006;0.00036;0.00092;0.00043;0.00032;0.00057;0.00000;0.00000;0.00069;0.00034;0.00010;0.00007;0.00004;0.00003;0.00105;0.00001;0.00007;0.00004;0.00024;0.00002;0.00005;0.00000;0.00002;0.00003;0.00004;0.00024;0.00005;0.00025;0.00063;0.00024;0.00004;0.00138;0.00003;0.00002;0.00001;0.00052;0.00051;0.00051;0.00017;0.00021;0.00034;0.00007;0.00011;0.00012;0.00010;0.00032;0.00002;0.00007;0.00000;0.00009;0.00011;0.00002;0.00004;0.00004;0.00028;0.00005;0.00010;0.00004;0.00000;0.00000;0.00000;0.00000;0.00014;0.00027;0.00001;0.00001;0.00007;0.00004;0.00011;0.00003;0.00002;0.00000;0.00004;0.00003;0.00000;0.00000;0.00001;0.00000;0.00000;0.00021;0.00002;0.00017;0.00002;0.00001;0.00012;0.00005;0.00044;0.00022;0.00008;0.00030;0.00019;0.00021;0.00012;0.00003;0.00004;0.00003;0.00025;0.00024;0.00000;0.00000;0.00003;0.00111;0.00077;0.00029;0.00001;0.00002;0.00015;0.00001;0.00001;0.00000;0.00001;0.00001;0.00004;0.00013;0.00007;0.00003;0.00031;0.00051;0.00007;0.00005;0.00004;0.00007;0.00006;0.00050;0.00016;0.00001;0.00003;0.00030;0.00002;0.00000;0.00004;0.00002;0.00004;0.00026;0.00005;0.00019;0.00003;0.00006;0.00029;0.00005;0.00004;0.00000;0.00012;0.00001;0.00001;0.00000;0.00000;0.00000;0.00002;0.00001;0.00002;0.00004;0.00010;0.00001;0.00001;0.00001;0.00001;0.00002;0.00001;0.00003;0.00001;0.00003;0.00056;0.00029;0.00008;0.00004;0.00003;0.00000;0.00001;0.00004;0.00000;0.00015;0.00017;0.00000;0.00001;0.00003;0.00004;0.00011;0.00030;0.00101;0.00002;0.00002;0.00003;0.00009;0.00003;0.00000;0.00007;0.00010;0.00001;0.00003;0.00006;0.00006;0.00009;0.00000;0.00001;0.00193;0.00003;0.00002;0.00003;0.00006;0.00008;0.00014;0.00005;0.00009;0.00012;0.00002;0.00001;0.00001;0.00013;0.00015;0.00004;0.00049;0.00109;0.00003;0.00020;0.00045;0.00039;0.00027;0.00013;0.00078;0.00019;0.00036;0.00007;0.00043;0.00026;0.00005;0.00008;0.00090;0.00006;0.00012;0.00038;0.00000;0.00014;0.00011;0.00005;0.00002;0.00008;0.00002;0.00018;0.00000;0.00000;0.00000;0.00000;0.00001;0.00073;0.00007;0.00008;0.00000;0.00000;0.00051;0.00001;0.00001;0.00003;0.00002;0.00001;0.00000;0.00004;0.00001;0.00002;0.00002;0.00001;0.00001;0.00039;0.00002;0.00052;0.00003;0.00005;0.00009;0.00005;0.00006;0.00001;0.00001;0.00001;0.00013;0.00006;0.00000;0.00000;0.00006;0.00001;0.00000;0.00001;0.00004;0.00000;0.00009;0.00018;0.00108;0.00003;0.00001;0.00000;0.00001;0.00000;0.00148;0.00000;0.00001;0.00006;0.00001;0.00001;0.00014;0.00000;0.00000;0.00002;0.00005;0.00009;0.00003;0.00001;0.00000;0.00000
2020-03-19 00:00;0.00001;0.00005;0.00000;0.00002;0.00000;0.00000;0.00000;0.00001;0.00000;0.00000;0.00006;0.00000;0.00005;0.00000;0.00000;0.00000;0.00004;0.00003;0.00001;0.00001;0.00000;0.00000;0.00000;0.00001;0.00001;0.00010;0.00000;0.00000;0.00000;0.00001;0.00006;0.00000;0.00008;0.00001;0.00001;0.00001;0.00000;0.00001;0.00000;0.00001;0.00004;0.00005;0.00000;0.00001;0.00000;0.00000;0.00000;0.00000;0.00005;0.00000;0.00000;0.00000;0.00000;0.00001;0.00000;0.00002;0.00000;0.00002;0.00000;0.00000;0.00000;0.00000;0.00000;0.00004;0.00000;0.00000;0.00000;0.00000;0.00000;0.00016;0.00000;0.00000;0.00000;0.00000;0.00005;0.00000;0.00000;0.00001;0.00001;0.00003;0.00000;0.00000;0.00001;0.00005;0.00004;0.00000;0.00002;0.00002;0.00000;0.00000;0.00001;0.00000;0.00005;0.00006;0.00000;0.00000;0.00004;0.00001;0.00009;0.00207;0.00728;0.00161;0.00001;0.00000;0.00001;0.00000;0.00001;0.00095;0.00002;0.00001;0.00001;0.00001;0.00001;0.00002;0.00001;0.00001;0.00000;0.00000;0.00001;0.00001;0.00001;0.00000;0.00001;0.00000;0.00000;0.00002;0.00001;0.00002;0.00000;0.00000;0.00001;0.00004;0.00000;0.00000;0.00002;0.00001;0.00003;0.00001;0.00001;0.00000;0.00001;0.00000;0.00000;0.00007;0.00001;0.00001;0.00004;0.00002;0.00001;0.00003;0.00024;0.00003;0.00007;0.00001;0.00002;0.00001;0.00001;0.00172;0.00000;0.00000;0.00001;0.00000;0.00045;0.00289;0.00030;0.00006;0.00004;0.00001;0.00001;0.00045;0.00018;0.00030;0.00047;0.00027;0.00002;0.00033;0.00000;0.00017;0.00072;0.00002;0.00048;0.00021;0.00001;0.00047;0.00031;0.00002;0.00004;0.00001;0.00006;0.00039;0.00097;0.00044;0.00032;0.00058;0.00000;0.00000;0.00072;0.00034;0.00011;0.00007;0.00004;0.00003;0.00107;0.00001;0.00008;0.00005;0.00026;0.00002;0.00005;0.00000;0.00002;0.00003;0.00004;0.00024;0.00005;0.00024;0.00070;0.00023;0.00004;0.00147;0.00003;0.00002;0.00001;0.00052;0.00052;0.00053;0.00018;0.00021;0.00035;0.00007;0.00012;0.00012;0.00010;0.00039;0.00002;0.00008;0.00000;0.00010;0.00014;0.00002;0.00004;0.00004;0.00035;0.00005;0.00011;0.00004;0.00000;0.00000;0.00000;0.00000;0.00016;0.00028;0.00001;0.00001;0.00007;0.00004;0.00015;0.00003;0.00002;0.00000;0.00005;0.00003;0.00000;0.00000;0.00001;0.00000;0.00000;0.00028;0.00002;0.00023;0.00002;0.00001;0.00015;0.00005;0.00052;0.00023;0.00008;0.00030;0.00020;0.00022;0.00012;0.00003;0.00004;0.00003;0.00030;0.00034;0.00000;0.00000;0.00003;0.00154;0.00101;0.00041;0.00001;0.00002;0.00018;0.00002;0.00001;0.00000;0.00001;0.00001;0.00004;0.00013;0.00008;0.00003;0.00038;0.00066;0.00007;0.00005;0.00004;0.00007;0.00007;0.00053;0.00016;0.00001;0.00003;0.00038;0.00002;0.00000;0.00006;0.00002;0.00004;0.00031;0.00005;0.00020;0.00003;0.00007;0.00036;0.00005;0.00005;0.00000;0.00014;0.00001;0.00001;0.00000;0.00000;0.00000;0.00002;0.00001;0.00002;0.00004;0.00011;0.00001;0.00001;0.00001;0.00001;0.00002;0.00001;0.00003;0.00001;0.00004;0.00060;0.00029;0.00009;0.00005;0.00003;0.00000;0.00001;0.00005;0.00000;0.00015;0.00017;0.00000;0.00001;0.00003;0.00004;0.00012;0.00036;0.00134;0.00002;0.00002;0.00004;0.00009;0.00003;0.00000;0.00009;0.00012;0.00001;0.00003;0.00007;0.00006;0.00009;0.00000;0.00001;0.00261;0.00003;0.00002;0.00003;0.00006;0.00008;0.00019;0.00005;0.00009;0.00016;0.00002;0.00001;0.00001;0.00013;0.00015;0.00004;0.00053;0.00112;0.00003;0.00020;0.00046;0.00046;0.00030;0.00013;0.00086;0.00020;0.00038;0.00007;0.00044;0.00027;0.00005;0.00010;0.00093;0.00006;0.00013;0.00050;0.00000;0.00014;0.00012;0.00005;0.00002;0.00009;0.00002;0.00018;0.00000;0.00000;0.00000;0.00000;0.00001;0.00073;0.00007;0.00008;0.00000;0.00000;0.00051;0.00001;0.00001;0.00003;0.00002;0.00001;0.00000;0.00004;0.00001;0.00002;0.00002;0.00001;0.00001;0.00039;0.00002;0.00067;0.00003;0.00005;0.00009;0.00005;0.00006;0.00001;0.00001;0.00001;0.00013;0.00006;0.00000;0.00000;0.00006;0.00001;0.00000;0.00001;0.00004;0.00000;0.00009;0.00018;0.00117;0.00003;0.00001;0.00000;0.00001;0.00000;0.00165;0.00000;0.00001;0.00007;0.00001;0.00001;0.00018;0.00000;0.00000;0.00002;0.00006;0.00009;0.00003;0.00001;0.00000;0.00000
2020-03-20 00:00;0.00001;0.00003;0.00000;0.00002;0.00000;0.00000;0.00000;0.00001;0.00000;0.00000;0.00005;0.00000;0.00005;0.00000;0.00000;0.00000;0.00003;0.00003;0.00001;0.00001;0.00000;0.00000;0.00000;0.00001;0.00001;0.00008;0.00000;0.00000;0.00000;0.00001;0.00005;0.00000;0.00008;0.00001;0.00001;0.00001;0.00000;0.00001;0.00000;0.00001;0.00004;0.00005;0.00000;0.00001;0.00000;0.00000;0.00000;0.00000;0.00004;0.00000;0.00000;0.00000;0.00000;0.00001;0.00000;0.00002;0.00000;0.00002;0.00000;0.00000;0.00000;0.00000;0.00000;0.00004;0.00000;0.00000;0.00000;0.00000;0.00000;0.00015;0.00000;0.00000;0.00000;0.00000;0.00005;0.00000;0.00000;0.00001;0.00001;0.00003;0.00000;0.00000;0.00001;0.00005;0.00004;0.00000;0.00002;0.00002;0.00000;0.00000;0.00001;0.00000;0.00005;0.00006;0.00000;0.00000;0.00004;0.00001;0.00009;0.00052;0.00617;0.00086;0.00001;0.00000;0.00001;0.00000;0.00001;0.00088;0.00002;0.00001;0.00001;0.00001;0.00001;0.00002;0.00001;0.00001;0.00000;0.00000;0.00001;0.00001;0.00001;0.00000;0.00001;0.00000;0.00000;0.00002;0.00001;0.00002;0.00000;0.00000;0.00001;0.00004;0.00000;0.00000;0.00002;0.00001;0.00003;0.00001;0.00001;0.00000;0.00001;0.00000;0.00000;0.00007;0.00001;0.00001;0.00004;0.00002;0.00001;0.00003;0.00024;0.00003;0.00007;0.00001;0.00002;0.00001;0.00001;0.00107;0.00000;0.00000;0.00001;0.00000;0.00032;0.00166;0.00016;0.00006;0.00004;0.00001;0.00001;0.00016;0.00018;0.00026;0.00037;0.00017;0.00002;0.00016;0.00000;0.00010;0.00025;0.00002;0.00040;0.00020;0.00001;0.00045;0.00032;0.00002;0.00004;0.00001;0.00006;0.00035;0.00092;0.00042;0.00031;0.00055;0.00000;0.00000;0.00072;0.00033;0.00010;0.00007;0.00004;0.00003;0.00102;0.00001;0.00007;0.00004;0.00022;0.00002;0.00005;0.00000;0.00002;0.00003;0.00004;0.00024;0.00005;0.00025;0.00064;0.00024;0.00004;0.00136;0.00003;0.00002;0.00001;0.00051;0.00051;0.00050;0.00017;0.00021;0.00034;0.00007;0.00011;0.00011;0.00010;0.00029;0.00002;0.00006;0.00000;0.00009;0.00008;0.00002;0.00003;0.00004;0.00027;0.00005;0.00010;0.00004;0.00000;0.00000;0.00000;0.00000;0.00013;0.00027;0.00001;0.00001;0.00006;0.00004;0.00006;0.00003;0.00002;0.00000;0.00002;0.00002;0.00000;0.00000;0.00001;0.00000;0.00000;0.00015;0.00002;0.00013;0.00002;0.00001;0.00008;0.00005;0.00034;0.00022;0.00008;0.00029;0.00018;0.00018;0.00011;0.00003;0.00004;0.00003;0.00015;0.00017;0.00000;0.00000;0.00003;0.00091;0.00064;0.00020;0.00001;0.00002;0.00016;0.00001;0.00001;0.00000;0.00001;0.00001;0.00003;0.00012;0.00007;0.00003;0.00035;0.00059;0.00007;0.00005;0.00004;0.00006;0.00006;0.00051;0.00015;0.00001;0.00003;0.00026;0.00002;0.00000;0.00003;0.00002;0.00004;0.00029;0.00005;0.00019;0.00003;0.00006;0.00032;0.00005;0.00004;0.00000;0.00009;0.00001;0.00001;0.00000;0.00000;0.00000;0.00002;0.00001;0.00002;0.00004;0.00010;0.00001;0.00001;0.00001;0.00001;0.00001;0.00001;0.00003;0.00001;0.00003;0.00053;0.00029;0.00008;0.00004;0.00003;0.00000;0.00001;0.00004;0.00000;0.00014;0.00017;0.00000;0.00000;0.00000;0.00001;0.00002;0.00027;0.00110;0.00000;0.00002;0.00003;0.00009;0.00003;0.00000;0.00004;0.00010;0.00001;0.00003;0.00006;0.00006;0.00009;0.00000;0.00000;0.00196;0.00003;0.00002;0.00003;0.00006;0.00008;0.00009;0.00005;0.00009;0.00011;0.00002;0.00001;0.00001;0.00013;0.00015;0.00004;0.00051;0.00107;0.00003;0.00020;0.00043;0.00041;0.00029;0.00013;0.00071;0.00019;0.00034;0.00007;0.00044;0.00026;0.00005;0.00006;0.00089;0.00006;0.00012;0.00030;0.00000;0.00014;0.00011;0.00005;0.00002;0.00008;0.00002;0.00018;0.00000;0.00000;0.00000;0.00000;0.00001;0.00073;0.00007;0.00008;0.00000;0.00000;0.00051;0.00001;0.00001;0.00003;0.00002;0.00001;0.00000;0.00004;0.00001;0.00002;0.00002;0.00001;0.00001;0.00039;0.00002;0.00029;0.00003;0.00005;0.00009;0.00005;0.00006;0.00001;0.00001;0.00001;0.00013;0.00006;0.00000;0.00000;0.00006;0.00001;0.00000;0.00001;0.00004;0.00000;0.00009;0.00018;0.00110;0.00003;0.00001;0.00000;0.00001;0.00000;0.00143;0.00000;0.00001;0.00006;0.00001;0.00001;0.00008;0.00000;0.00000;0.00002;0.00005;0.00009;0.00003;0.00001;0.00000;0.00000
2020-03-21 00:00;0.00001;0.00005;0.00000;0.00002;0.00000;0.00000;0.00000;0.00001;0.00000;0.00000;0.00005;0.00000;0.00005;0.00000;0.00000;0.00000;0.00003;0.00003;0.00001;0.00001;0.00000;0.00000;0.00000;0.00001;0.00001;0.00008;0.00000;0.00000;0.00000;0.00001;0.00005;0.00000;0.00008;0.00001;0.00001;0.00001;0.00000;0.00001;0.00000;0.00001;0.00004;0.00005;0.00000;0.00001;0.00000;0.00000;0.00000;0.00000;0.00004;0.00000;0.00000;0.00000;0.00000;0.00001;0.00000;0.00002;0.00000;0.00002;0.00000;0.00000;0.00000;0.00000;0.00000;0.00004;0.00000;0.00000;0.00000;0.00000;0.00000;0.00015;0.00000;0.00000;0.00000;0.00000;0.00005;0.00000;0.00000;0.00001;0.00001;0.00003;0.00000;0.00000;0.00001;0.00005;0.00004;0.00000;0.00002;0.00002;0.00000;0.00000;0.00001;0.00000;0.00005;0.00006;0.00000;0.00000;0.00004;0.00001;0.00009;0.00138;0.00502;0.00097;0.00001;0.00000;0.00001;0.00000;0.00001;0.00087;0.00002;0.00001;0.00001;0.00001;0.00001;0.00002;0.00001;0.00001;0.00000;0.00000;0.00001;0.00001;0.00001;0.00000;0.00001;0.00000;0.00000;0.00002;0.00001;0.00002;0.00000;0.00000;0.00001;0.00004;0.00000;0.00000;0.00002;0.00001;0.00003;0.00001;0.00001;0.00000;0.00001;0.00000;0.00000;0.00007;0.00001;0.00001;0.00004;0.00002;0.00001;0.00003;0.00024;0.00003;0.00007;0.00001;0.00002;0.00001;0.00001;0.00118;0.00000;0.00000;0.00001;0.00000;0.00033;0.00173;0.00025;0.00006;0.00004;0.00001;0.00001;0.00033;0.00018;0.00028;0.00041;0.00024;0.00002;0.00028;0.00000;0.00016;0.00050;0.00002;0.00044;0.00021;0.00001;0.00046;0.00031;0.00002;0.00004;0.00001;0.00006;0.00035;0.00094;0.00043;0.00031;0.00055;0.00000;0.00000;0.00071;0.00034;0.00010;0.00007;0.00004;0.00003;0.00100;0.00001;0.00008;0.00004;0.00023;0.00002;0.00005;0.00000;0.00002;0.00003;0.00004;0.00024;0.00005;0.00025;0.00063;0.00024;0.00004;0.00132;0.00003;0.00002;0.00001;0.00052;0.00051;0.00051;0.00017;0.00021;0.00034;0.00007;0.00011;0.00012;0.00010;0.00032;0.00002;0.00007;0.00000;0.00009;0.00012;0.00002;0.00004;0.00004;0.00030;0.00005;0.00010;0.00004;0.00000;0.00000;0.00000;0.00000;0.00014;0.00028;0.00001;0.00001;0.00007;0.00004;0.00010;0.00003;0.00002;0.00000;0.00004;0.00003;0.00000;0.00000;0.00001;0.00000;0.00000;0.00021;0.00002;0.00016;0.00002;0.00001;0.00011;0.00005;0.00041;0.00022;0.00008;0.00030;0.00019;0.00020;0.00011;0.00003;0.00004;0.00003;0.00022;0.00023;0.00000;0.00000;0.00003;0.00106;0.00080;0.00027;0.00001;0.00002;0.00016;0.00001;0.00001;0.00000;0.00001;0.00001;0.00004;0.00013;0.00007;0.00003;0.00035;0.00060;0.00007;0.00005;0.00004;0.00006;0.00007;0.00051;0.00016;0.00001;0.00003;0.00028;0.00002;0.00000;0.00005;0.00002;0.00004;0.00029;0.00005;0.00019;0.00003;0.00007;0.00033;0.00005;0.00004;0.00000;0.00011;0.00001;0.00001;0.00000;0.00000;0.00000;0.00002;0.00001;0.00002;0.00004;0.00010;0.00001;0.00001;0.00001;0.00001;0.00001;0.00001;0.00003;0.00001;0.00003;0.00054;0.00029;0.00008;0.00004;0.00003;0.00000;0.00001;0.00005;0.00000;0.00015;0.00017;0.00000;0.00001;0.00003;0.00004;0.00010;0.00031;0.00115;0.00001;0.00002;0.00003;0.00009;0.00003;0.00000;0.00007;0.00011;0.00001;0.00003;0.00006;0.00006;0.00009;0.00000;0.00001;0.00212;0.00003;0.00002;0.00003;0.00006;0.00008;0.00015;0.00005;0.00009;0.00013;0.00002;0.00001;0.00001;0.00013;0.00015;0.00004;0.00049;0.00108;0.00003;0.00020;0.00044;0.00044;0.00030;0.00013;0.00072;0.00019;0.00035;0.00007;0.00044;0.00026;0.00005;0.00008;0.00088;0.00006;0.00013;0.00036;0.00000;0.00014;0.00011;0.00005;0.00002;0.00008;0.00002;0.00018;0.00000;0.00000;0.00000;0.00000;0.00001;0.00073;0.00007;0.00008;0.00000;0.00000;0.00051;0.00001;0.00001;0.00003;0.00002;0.00001;0.00000;0.00004;0.00001;0.00002;0.00002;0.00001;0.00001;0.00039;0.00002;0.00049;0.00003;0.00005;0.00009;0.00005;0.00006;0.00001;0.00001;0.00001;0.00013;0.00006;0.00000;0.00000;0.00006;0.00001;0.00000;0.00001;0.00004;0.00000;0.00009;0.00018;0.00106;0.00003;0.00001;0.00000;0.00001;0.00000;0.00143;0.00000;0.00001;0.00006;0.00001;0.00001;0.00011;0.00000;0.00000;0.00002;0.00006;0.00009;0.00003;0.00001;0.00000;0.00000
2020-03-22 00:00;0.00001;0.00006;0.00000;0.00002;0.00000;0.00000;0.00000;0.00001;0.00000;0.00000;0.00005;0.00000;0.00005;0.00000;0.00000;0.00000;0.00004;0.00003;0.00001;0.00001;0.00000;0.00000;0.00000;0.00001;0.00001;0.00009;0.00000;0.00000;0.00000;0.00001;0.00005;0.00000;0.00008;0.00001;0.00001;0.00001;0.00000;0.00001;0.00000;0.00001;0.00004;0.00005;0.00000;0.00001;0.00000;0.00000;0.00000;0.00000;0.00005;0.00000;0.00000;0.00000;0.00000;0.00001;0.00000;0.00002;0.00000;0.00002;0.00000;0.00000;0.00000;0.00000;0.00000;0.00004;0.00000;0.00000;0.00000;0.00000;0.00000;0.00015;0.00000;0.00000;0.00000;0.00000;0.00005;0.00000;0.00000;0.00001;0.00001;0.00003;0.00000;0.00000;0.00001;0.00005;0.00004;0.00000;0.00002;0.00002;0.00000;0.00000;0.00001;0.00000;0.00005;0.00006;0.00000;0.00000;0.00004;0.00001;0.00009;0.00167;0.00636;0.00129;0.00001;0.00000;0.00001;0.00000;0.00001;0.00090;0.00002;0.00001;0.00001;0.00001;0.00001;0.00002;0.00001;0.00001;0.00000;0.00000;0.00001;0.00001;0.00001;0.00000;0.00001;0.00000;0.00000;0.00002;0.00001;0.00002;0.00000;0.00000;0.00001;0.00004;0.00000;0.00000;0.00002;0.00001;0.00003;0.00001;0.00001;0.00000;0.00001;0.00000;0.00000;0.00007;0.00001;0.00001;0.00004;0.00002;0.00001;0.00003;0.00024;0.00003;0.00007;0.00001;0.00002;0.00001;0.00001;0.00152;0.00000;0.00000;0.00001;0.00000;0.00039;0.00241;0.00027;0.00006;0.00004;0.00001;0.00001;0.00036;0.00018;0.00029;0.00043;0.00030;0.00002;0.00037;0.00000;0.00018;0.00055;0.00002;0.00048;0.00021;0.00001;0.00047;0.00031;0.00002;0.00004;0.00001;0.00006;0.00038;0.00099;0.00044;0.00032;0.00056;0.00000;0.00000;0.00071;0.00034;0.00011;0.00007;0.00004;0.00003;0.00102;0.00001;0.00008;0.00005;0.00024;0.00002;0.00005;0.00000;0.00002;0.00003;0.00004;0.00024;0.00005;0.00025;0.00064;0.00024;0.00004;0.00137;0.00003;0.00002;0.00001;0.00052;0.00051;0.00053;0.00018;0.00021;0.00035;0.00007;0.00012;0.00012;0.00010;0.00037;0.00002;0.00008;0.00000;0.00009;0.00014;0.00002;0.00005;0.00004;0.00034;0.00005;0.00011;0.00004;0.00000;0.00000;0.00000;0.00000;0.00016;0.00028;0.00001;0.00001;0.00007;0.00004;0.00011;0.00003;0.00002;0.00000;0.00005;0.00003;0.00000;0.00000;0.00001;0.00000;0.00000;0.00029;0.00002;0.00023;0.00002;0.00001;0.00013;0.00005;0.00049;0.00023;0.00008;0.00030;0.00019;0.00021;0.00012;0.00003;0.00004;0.00003;0.00025;0.00031;0.00000;0.00000;0.00003;0.00151;0.00099;0.00037;0.00001;0.00002;0.00017;0.00001;0.00001;0.00000;0.00001;0.00001;0.00004;0.00013;0.00008;0.00003;0.00038;0.00066;0.00007;0.00005;0.00004;0.00007;0.00007;0.00052;0.00016;0.00001;0.00003;0.00033;0.00002;0.00000;0.00006;0.00002;0.00004;0.00031;0.00005;0.00019;0.00003;0.00007;0.00035;0.00005;0.00004;0.00000;0.00012;0.00001;0.00001;0.00000;0.00000;0.00000;0.00002;0.00001;0.00002;0.00004;0.00011;0.00001;0.00001;0.00001;0.00001;0.00002;0.00001;0.00003;0.00001;0.00004;0.00056;0.00029;0.00008;0.00004;0.00003;0.00000;0.00001;0.00005;0.00000;0.00015;0.00017;0.00000;0.00001;0.00003;0.00004;0.00011;0.00035;0.00126;0.00002;0.00002;0.00003;0.00009;0.00003;0.00000;0.00008;0.00012;0.00001;0.00003;0.00006;0.00006;0.00009;0.00000;0.00001;0.00250;0.00003;0.00002;0.00003;0.00006;0.00008;0.00020;0.00005;0.00009;0.00016;0.00002;0.00001;0.00001;0.00013;0.00015;0.00004;0.00054;0.00110;0.00003;0.00020;0.00045;0.00050;0.00033;0.00013;0.00080;0.00019;0.00037;0.00007;0.00045;0.00026;0.00005;0.00009;0.00090;0.00006;0.00013;0.00048;0.00000;0.00014;0.00011;0.00006;0.00002;0.00009;0.00002;0.00018;0.00000;0.00000;0.00000;0.00000;0.00001;0.00073;0.00007;0.00008;0.00000;0.00000;0.00051;0.00001;0.00001;0.00003;0.00002;0.00001;0.00000;0.00004;0.00001;0.00002;0.00002;0.00001;0.00001;0.00039;0.00002;0.00066;0.00003;0.00005;0.00009;0.00005;0.00006;0.00001;0.00001;0.00001;0.00013;0.00006;0.00000;0.00000;0.00006;0.00001;0.00000;0.00001;0.00004;0.00000;0.00009;0.00018;0.00112;0.00003;0.00001;0.00000;0.00001;0.00000;0.00160;0.00000;0.00001;0.00007;0.00001;0.00001;0.00013;0.00000;0.00000;0.00002;0.00006;0.00009;0.00003;0.00001;0.00000;0.00000
2020-03-23 00:00;0.00001;0.00005;0.00000;0.00002;0.00000;0.00000;0.00000;0.00001;0.00000;0.00000;0.00005;0.00000;0.00005;0.00000;0.00000;0.00000;0.00004;0.00003;0.00001;0.00001;0.00000;0.00000;0.00000;0.00001;0.00001;0.00009;0.00000;0.00000;0.00000;0.00001;0.00005;0.00000;0.00008;0.00001;0.00001;0.00001;0.00000;0.00001;0.00000;0.00001;0.00004;0.00005;0.00000;0.00001;0.00000;0.00000;0.00000;0.00000;0.00005;0.00000;0.00000;0.00000;0.00000;0.00001;0.00000;0.00002;0.00000;0.00002;0.00000;0.00000;0.00000;0.00000;0.00000;0.00004;0.00000;0.00000;0.00000;0.00000;0.00000;0.00016;0.00000;0.00000;0.00000;0.00000;0.00005;0.00000;0.00000;0.00001;0.00001;0.00003;0.00000;0.00000;0.00001;0.00005;0.00004;0.00000;0.00002;0.00002;0.00000;0.00000;0.00001;0.00000;0.00005;0.00006;0.00000;0.00000;0.00004;0.00001;0.00009;0.00146;0.00623;0.00118;0.00001;0.00000;0.00001;0.00000;0.00001;0.00089;0.00002;0.00001;0.00001;0.00001;0.00001;0.00002;0.00001;0.00001;0.00000;0.00000;0.00001;0.00001;0.00001;0.00000;0.00001;0.00000;0.00000;0.00002;0.00001;0.00002;0.00000;0.00000;0.00001;0.00004;0.00000;0.00000;0.00002;0.00001;0.00003;0.00001;0.00001;0.00000;0.00001;0.00000;0.00000;0.00007;0.00001;0.00001;0.00004;0.00002;0.00001;0.00003;0.00024;0.00003;0.00007;0.00001;0.00002;0.00001;0.00001;0.00140;0.00000;0.00000;0.00001;0.00000;0.00038;0.00230;0.00026;0.00006;0.00004;0.00001;0.00001;0.00030;0.00018;0.00028;0.00044;0.00032;0.00002;0.00036;0.00000;0.00018;0.00044;0.00004;0.00048;0.00022;0.00001;0.00048;0.00035;0.00002;0.00004;0.00001;0.00006;0.00038;0.00103;0.00044;0.00032;0.00056;0.00000;0.00000;0.00072;0.00034;0.00011;0.00007;0.00004;0.00003;0.00106;0.00001;0.00008;0.00005;0.00024;0.00002;0.00005;0.00000;0.00002;0.00003;0.00004;0.00024;0.00005;0.00025;0.00064;0.00024;0.00004;0.00141;0.00003;0.00002;0.00001;0.00052;0.00052;0.00054;0.00018;0.00022;0.00035;0.00007;0.00012;0.00012;0.00010;0.00039;0.00002;0.00009;0.00000;0.00009;0.00015;0.00002;0.00005;0.00004;0.00036;0.00005;0.00010;0.00004;0.00000;0.00000;0.00000;0.00000;0.00016;0.00028;0.00001;0.00001;0.00007;0.00004;0.00009;0.00003;0.00002;0.00000;0.00005;0.00003;0.00000;0.00000;0.00001;0.00000;0.00000;0.00030;0.00002;0.00025;0.00002;0.00001;0.00013;0.00005;0.00050;0.00023;0.00008;0.00030;0.00019;0.00020;0.00012;0.00003;0.00004;0.00003;0.00021;0.00027;0.00000;0.00000;0.00003;0.00166;0.00104;0.00038;0.00001;0.00002;0.00018;0.00001;0.00001;0.00000;0.00001;0.00001;0.00004;0.00013;0.00009;0.00003;0.00040;0.00070;0.00008;0.00005;0.00004;0.00007;0.00007;0.00053;0.00016;0.00001;0.00003;0.00033;0.00002;0.00000;0.00006;0.00002;0.00004;0.00035;0.00006;0.00019;0.00003;0.00007;0.00038;0.00005;0.00004;0.00000;0.00012;0.00001;0.00001;0.00000;0.00000;0.00000;0.00002;0.00001;0.00002;0.00004;0.00012;0.00001;0.00001;0.00001;0.00001;0.00002;0.00001;0.00003;0.00001;0.00004;0.00056;0.00029;0.00009;0.00004;0.00003;0.00000;0.00001;0.00006;0.00000;0.00015;0.00017;0.00000;0.00001;0.00003;0.00004;0.00010;0.00036;0.00130;0.00001;0.00002;0.00003;0.00009;0.00003;0.00000;0.00009;0.00013;0.00001;0.00003;0.00006;0.00006;0.00009;0.00000;0.00001;0.00263;0.00004;0.00002;0.00004;0.00006;0.00008;0.00020;0.00005;0.00009;0.00017;0.00002;0.00001;0.00001;0.00013;0.00015;0.00004;0.00055;0.00110;0.00003;0.00020;0.00046;0.00054;0.00036;0.00013;0.00084;0.00020;0.00037;0.00007;0.00046;0.00027;0.00005;0.00009;0.00092;0.00006;0.00014;0.00045;0.00000;0.00014;0.00011;0.00006;0.00002;0.00009;0.00002;0.00018;0.00000;0.00000;0.00000;0.00000;0.00001;0.00073;0.00007;0.00008;0.00000;0.00000;0.00051;0.00001;0.00001;0.00003;0.00002;0.00001;0.00000;0.00004;0.00001;0.00002;0.00002;0.00001;0.00001;0.00039;0.00002;0.00061;0.00003;0.00005;0.00009;0.00005;0.00006;0.00001;0.00001;0.00001;0.00013;0.00006;0.00000;0.00000;0.00006;0.00001;0.00000;0.00001;0.00004;0.00000;0.00009;0.00018;0.00111;0.00003;0.00001;0.00000;0.00001;0.00000;0.00162;0.00000;0.00001;0.00007;0.00001;0.00001;0.00012;0.00000;0.00000;0.00002;0.00006;0.00009;0.00003;0.00001;0.00000;0.00000
2020-03-24 00:00;0.00001;0.00003;0.00000;0.00002;0.00000;0.00000;0.00000;0.00001;0.00000;0.00000;0.00005;0.00000;0.00005;0.00000;0.00000;0.00000;0.00003;0.00003;0.00001;0.00001;0.00000;0.00000;0.00000;0.00001;0.00001;0.00006;0.00000;0.00000;0.00000;0.00001;0.00005;0.00000;0.00008;0.00001;0.00001;0.00001;0.00000;0.00001;0.00000;0.00001;0.00004;0.00004;0.00000;0.00001;0.00000;0.00000;0.00000;0.00000;0.00004;0.00000;0.00000;0.00000;0.00000;0.00001;0.00000;0.00002;0.00000;0.00002;0.00000;0.00000;0.00000;0.00000;0.00000;0.00004;0.00000;0.00000;0.00000;0.00000;0.00000;0.00015;0.00000;0.00000;0.00000;0.00000;0.00005;0.00000;0.00000;0.00001;0.00001;0.00003;0.00000;0.00000;0.00001;0.00005;0.00004;0.00000;0.00002;0.00002;0.00000;0.00000;0.00001;0.00000;0.00005;0.00006;0.00000;0.00000;0.00004;0.00001;0.00009;0.00037;0.00515;0.00063;0.00001;0.00000;0.00001;0.00000;0.00001;0.00084;0.00002;0.00001;0.00001;0.00001;0.00001;0.00002;0.00001;0.00001;0.00000;0.00000;0.00001;0.00001;0.00001;0.00000;0.00001;0.00000;0.00000;0.00002;0.00001;0.00002;0.00000;0.00000;0.00001;0.00004;0.00000;0.00000;0.00002;0.00001;0.00003;0.00001;0.00001;0.00000;0.00001;0.00000;0.00000;0.00007;0.00001;0.00001;0.00004;0.00002;0.00001;0.00003;0.00024;0.00003;0.00007;0.00001;0.00002;0.00001;0.00001;0.00086;0.00000;0.00000;0.00001;0.00000;0.00028;0.00128;0.00015;0.00006;0.00004;0.00001;0.00001;0.00012;0.00018;0.00024;0.00038;0.00021;0.00002;0.00021;0.00000;0.00011;0.00018;0.00003;0.00041;0.00021;0.00001;0.00046;0.00034;0.00002;0.00004;0.00001;0.00006;0.00032;0.00095;0.00042;0.00031;0.00052;0.00000;0.00000;0.00069;0.00034;0.00011;0.00007;0.00004;0.00003;0.00101;0.00001;0.00007;0.00004;0.00022;0.00002;0.00005;0.00000;0.00002;0.00003;0.00004;0.00024;0.00005;0.00026;0.00057;0.00024;0.00004;0.00127;0.00003;0.00002;0.00001;0.00051;0.00050;0.00051;0.00018;0.00021;0.00035;0.00007;0.00011;0.00012;0.00010;0.00031;0.00002;0.00008;0.00000;0.00009;0.00013;0.00002;0.00004;0.00004;0.00031;0.00005;0.00010;0.00004;0.00000;0.00000;0.00000;0.00000;0.00014;0.00028;0.00001;0.00001;0.00006;0.00004;0.00004;0.00003;0.00002;0.00000;0.00003;0.00003;0.00000;0.00000;0.00001;0.00000;0.00000;0.00020;0.00002;0.00016;0.00002;0.00001;0.00010;0.00005;0.00039;0.00022;0.00008;0.00029;0.00018;0.00017;0.00011;0.00003;0.00004;0.00003;0.00012;0.00015;0.00000;0.00000;0.00002;0.00111;0.00090;0.00021;0.00001;0.00002;0.00017;0.00001;0.00001;0.00000;0.00001;0.00001;0.00004;0.00013;0.00008;0.00003;0.00036;0.00061;0.00007;0.00005;0.00004;0.00006;0.00007;0.00051;0.00015;0.00001;0.00003;0.00029;0.00002;0.00000;0.00005;0.00002;0.00004;0.00032;0.00005;0.00018;0.00003;0.00006;0.00033;0.00005;0.00003;0.00000;0.00008;0.00001;0.00001;0.00000;0.00000;0.00000;0.00002;0.00001;0.00002;0.00004;0.00010;0.00001;0.00001;0.00001;0.00001;0.00001;0.00001;0.00003;0.00001;0.00003;0.00050;0.00029;0.00008;0.00004;0.00003;0.00000;0.00001;0.00004;0.00000;0.00014;0.00017;0.00000;0.00000;0.00000;0.00000;0.00001;0.00028;0.00106;0.00000;0.00002;0.00003;0.00009;0.00003;0.00000;0.00005;0.00010;0.00001;0.00003;0.00005;0.00006;0.00009;0.00000;0.00001;0.00222;0.00003;0.00002;0.00003;0.00006;0.00008;0.00012;0.00005;0.00009;0.00014;0.00002;0.00001;0.00001;0.00013;0.00015;0.00004;0.00050;0.00106;0.00003;0.00020;0.00043;0.00046;0.00033;0.00013;0.00069;0.00019;0.00033;0.00007;0.00045;0.00025;0.00005;0.00006;0.00087;0.00006;0.00012;0.00028;0.00000;0.00014;0.00010;0.00005;0.00002;0.00007;0.00002;0.00018;0.00000;0.00000;0.00000;0.00000;0.00001;0.00073;0.00007;0.00008;0.00000;0.00000;0.00051;0.00001;0.00001;0.00003;0.00002;0.00001;0.00000;0.00004;0.00001;0.00002;0.00002;0.00001;0.00001;0.00039;0.00002;0.00027;0.00003;0.00005;0.00009;0.00005;0.00006;0.00001;0.00001;0.00001;0.00013;0.00006;0.00000;0.00000;0.00006;0.00001;0.00000;0.00001;0.00004;0.00000;0.00009;0.00018;0.00104;0.00003;0.00001;0.00000;0.00001;0.00000;0.00137;0.00000;0.00001;0.00005;0.00001;0.00001;0.00005;0.00000;0.00000;0.00002;0.00006;0.00009;0.00003;0.00001;0.00000;0.00000
2020-03-25 00:00;0.00001;0.00005;0.00000;0.00002;0.00000;0.00000;0.00000;0.00001;0.00000;0.00000;0.00005;0.00000;0.00005;0.00000;0.00000;0.00000;0.00004;0.00003;0.00001;0.00001;0.00000;0.00000;0.00000;0.00001;0.00001;0.00007;0.00000;0.00000;0.00000;0.00001;0.00005;0.00000;0.00008;0.00001;0.00001;0.00001;0.00000;0.00001;0.00000;0.00001;0.00004;0.00004;0.00000;0.00001;0.00000;0.00000;0.00000;0.00000;0.00004;0.00000;0.00000;0.00000;0.00000;0.00001;0.00000;0.00002;0.00000;0.00002;0.00000;0.00000;0.00000;0.00000;0.00000;0.00004;0.00000;0.00000;0.00000;0.00000;0.00000;0.00015;0.00000;0.00000;0.00000;0.00000;0.00005;0.00000;0.00000;0.00001;0.00001;0.00003;0.00000;0.00000;0.00001;0.00005;0.00004;0.00000;0.00002;0.00002;0.00000;0.00000;0.00001;0.00000;0.00005;0.00006;0.00000;0.00000;0.00004;0.00001;0.00009;0.00124;0.00485;0.00095;0.00001;0.00000;0.00001;0.00000;0.00001;0.00087;0.00002;0.00001;0.00001;0.00001;0.00001;0.00002;0.00001;0.00001;0.00000;0.00000;0.00001;0.00001;0.00001;0.00000;0.00001;0.00000;0.00000;0.00002;0.00001;0.00002;0.00000;0.00000;0.00001;0.00004;0.00000;0.00000;0.00002;0.00001;0.00003;0.00001;0.00001;0.00000;0.00001;0.00000;0.00000;0.00007;0.00001;0.00001;0.00004;0.00002;0.00001;0.00003;0.00024;0.00003;0.00007;0.00001;0.00002;0.00001;0.00001;0.00116;0.00000;0.00000;0.00001;0.00000;0.00033;0.00156;0.00025;0.00006;0.00004;0.00001;0.00001;0.00031;0.00018;0.00025;0.00039;0.00024;0.00002;0.00028;0.00000;0.00015;0.00049;0.00004;0.00042;0.00021;0.00001;0.00046;0.00035;0.00002;0.00004;0.00001;0.00006;0.00033;0.00096;0.00042;0.00031;0.00052;0.00000;0.00000;0.00065;0.00034;0.00011;0.00007;0.00004;0.00003;0.00100;0.00001;0.00007;0.00004;0.00023;0.00002;0.00005;0.00000;0.00002;0.00003;0.00004;0.00024;0.00005;0.00025;0.00058;0.00024;0.00004;0.00122;0.00003;0.00002;0.00001;0.00051;0.00050;0.00051;0.00018;0.00021;0.00035;0.00007;0.00012;0.00012;0.00010;0.00034;0.00002;0.00008;0.00000;0.00009;0.00013;0.00002;0.00004;0.00004;0.00032;0.00005;0.00010;0.00004;0.00000;0.00000;0.00000;0.00000;0.00015;0.00028;0.00001;0.00001;0.00007;0.00004;0.00008;0.00003;0.00002;0.00000;0.00004;0.00003;0.00000;0.00000;0.00001;0.00000;0.00000;0.00024;0.00002;0.00019;0.00002;0.00001;0.00011;0.00005;0.00044;0.00023;0.00008;0.00029;0.00018;0.00020;0.00011;0.00003;0.00004;0.00003;0.00020;0.00023;0.00000;0.00000;0.00003;0.00125;0.00094;0.00031;0.00001;0.00002;0.00017;0.00001;0.00001;0.00000;0.00001;0.00001;0.00004;0.00013;0.00008;0.00003;0.00037;0.00063;0.00007;0.00005;0.00004;0.00007;0.00007;0.00052;0.00016;0.00001;0.00003;0.00030;0.00002;0.00000;0.00005;0.00002;0.00004;0.00032;0.00005;0.00018;0.00003;0.00007;0.00034;0.00005;0.00004;0.00000;0.00010;0.00001;0.00001;0.00000;0.00000;0.00000;0.00002;0.00001;0.00002;0.00004;0.00011;0.00001;0.00001;0.00001;0.00001;0.00001;0.00001;0.00003;0.00001;0.00004;0.00053;0.00029;0.00008;0.00004;0.00003;0.00000;0.00001;0.00005;0.00000;0.00015;0.00017;0.00000;0.00001;0.00002;0.00003;0.00009;0.00033;0.00111;0.00001;0.00002;0.00003;0.00009;0.00003;0.00000;0.00007;0.00012;0.00001;0.00003;0.00005;0.00006;0.00009;0.00000;0.00001;0.00232;0.00003;0.00002;0.00003;0.00006;0.00008;0.00016;0.00005;0.00009;0.00014;0.00002;0.00001;0.00001;0.00013;0.00015;0.00004;0.00054;0.00108;0.00003;0.00020;0.00044;0.00048;0.00033;0.00013;0.00074;0.00019;0.00034;0.00007;0.00045;0.00025;0.00005;0.00007;0.00087;0.00006;0.00013;0.00035;0.00000;0.00014;0.00010;0.00005;0.00002;0.00007;0.00002;0.00018;0.00000;0.00000;0.00000;0.00000;0.00001;0.00073;0.00007;0.00008;0.00000;0.00000;0.00051;0.00001;0.00001;0.00003;0.00002;0.00001;0.00000;0.00004;0.00001;0.00002;0.00002;0.00001;0.00001;0.00039;0.00002;0.00053;0.00003;0.00005;0.00009;0.00005;0.00006;0.00001;0.00001;0.00001;0.00013;0.00006;0.00000;0.00000;0.00006;0.00001;0.00000;0.00001;0.00004;0.00000;0.00009;0.00018;0.00106;0.00003;0.00001;0.00000;0.00001;0.00000;0.00137;0.00000;0.00001;0.00006;0.00001;0.00001;0.00010;0.00000;0.00000;0.00002;0.00006;0.00009;0.00003;0.00001;0.00000;0.00000
2020-03-26 00:00;0.00001;0.00006;0.00000;0.00002;0.00000;0.00000;0.00000;0.00001;0.00000;0.00000;0.00005;0.00000;0.00005;0.00000;0.00000;0.00000;0.00004;0.00003;0.00001;0.00001;0.00000;0.00000;0.00000;0.00001;0.00001;0.00008;0.00000;0.00000;0.00000;0.00001;0.00005;0.00000;0.00008;0.00001;0.00001;0.00001;0.00000;0.00001;0.00000;0.00001;0.00004;0.00005;0.00000;0.00001;0.00000;0.00000;0.00000;0.00000;0.00004;0.00000;0.00000;0.00000;0.00000;0.00001;0.00000;0.00002;0.00000;0.00002;0.00000;0.00000;0.00000;0.00000;0.00000;0.00004;0.00000;0.00000;0.00000;0.00000;0.00000;0.00015;0.00000;0.00000;0.00000;0.00000;0.00005;0.00000;0.00000;0.00001;0.00001;0.00003;0.00000;0.00000;0.00001;0.00005;0.00004;0.00000;0.00002;0.00002;0.00000;0.00000;0.00001;0.00000;0.00005;0.00006;0.00000;0.00000;0.00004;0.00001;0.00009;0.00150;0.00642;0.00126;0.00001;0.00000;0.00001;0.00000;0.00001;0.00092;0.00002;0.00001;0.00001;0.00001;0.00001;0.00002;0.00001;0.00001;0.00000;0.00000;0.00001;0.00001;0.00001;0.00000;0.00001;0.00000;0.00000;0.00002;0.00001;0.00002;0.00000;0.00000;0.00001;0.00004;0.00000;0.00000;0.00002;0.00001;0.00003;0.00001;0.00001;0.00000;0.00001;0.00000;0.00000;0.00007;0.00001;0.00001;0.00004;0.00002;0.00001;0.00003;0.00024;0.00003;0.00007;0.00001;0.00002;0.00001;0.00001;0.00156;0.00000;0.00000;0.00001;0.00000;0.00040;0.00235;0.00029;0.00006;0.00004;0.00001;0.00001;0.00033;0.00018;0.00028;0.00043;0.00030;0.00002;0.00035;0.00000;0.00016;0.00055;0.00004;0.00047;0.00022;0.00001;0.00048;0.00036;0.00002;0.00004;0.00001;0.00006;0.00036;0.00102;0.00043;0.00032;0.00054;0.00000;0.00000;0.00067;0.00035;0.00011;0.00007;0.00004;0.00003;0.00106;0.00001;0.00008;0.00004;0.00024;0.00002;0.00005;0.00000;0.00002;0.00003;0.00004;0.00024;0.00005;0.00028;0.00063;0.00025;0.00004;0.00130;0.00003;0.00002;0.00001;0.00052;0.00051;0.00053;0.00019;0.00022;0.00036;0.00007;0.00012;0.00013;0.00010;0.00040;0.00002;0.00008;0.00000;0.00009;0.00014;0.00002;0.00005;0.00004;0.00035;0.00005;0.00010;0.00004;0.00000;0.00000;0.00000;0.00000;0.00017;0.00028;0.00001;0.00001;0.00007;0.00004;0.00010;0.00003;0.00002;0.00000;0.00005;0.00003;0.00000;0.00000;0.00001;0.00000;0.00000;0.00030;0.00002;0.00025;0.00002;0.00001;0.00012;0.00007;0.00050;0.00024;0.00008;0.00030;0.00019;0.00020;0.00012;0.00003;0.00004;0.00003;0.00023;0.00028;0.00000;0.00000;0.00003;0.00165;0.00104;0.00043;0.00001;0.00002;0.00019;0.00001;0.00001;0.00000;0.00001;0.00001;0.00004;0.00013;0.00009;0.00003;0.00041;0.00072;0.00008;0.00005;0.00004;0.00007;0.00007;0.00053;0.00016;0.00001;0.00003;0.00033;0.00002;0.00000;0.00006;0.00002;0.00004;0.00037;0.00006;0.00018;0.00003;0.00007;0.00039;0.00005;0.00004;0.00000;0.00012;0.00001;0.00001;0.00000;0.00000;0.00000;0.00002;0.00001;0.00002;0.00004;0.00011;0.00001;0.00001;0.00001;0.00001;0.00002;0.00001;0.00003;0.00001;0.00004;0.00058;0.00029;0.00008;0.00004;0.00003;0.00000;0.00001;0.00006;0.00000;0.00015;0.00017;0.00000;0.00001;0.00002;0.00002;0.00007;0.00037;0.00124;0.00001;0.00002;0.00003;0.00009;0.00003;0.00000;0.00008;0.00013;0.00001;0.00003;0.00006;0.00006;0.00009;0.00000;0.00001;0.00261;0.00004;0.00002;0.00004;0.00006;0.00008;0.00019;0.00005;0.00009;0.00016;0.00002;0.00001;0.00001;0.00013;0.00015;0.00004;0.00056;0.00110;0.00003;0.00020;0.00047;0.00057;0.00037;0.00013;0.00088;0.00019;0.00035;0.00007;0.00047;0.00026;0.00005;0.00009;0.00092;0.00006;0.00013;0.00045;0.00000;0.00014;0.00011;0.00006;0.00002;0.00008;0.00002;0.00018;0.00000;0.00000;0.00000;0.00000;0.00001;0.00073;0.00007;0.00008;0.00000;0.00000;0.00051;0.00001;0.00001;0.00003;0.00002;0.00001;0.00000;0.00004;0.00001;0.00002;0.00002;0.00001;0.00001;0.00039;0.00002;0.00070;0.00003;0.00005;0.00009;0.00005;0.00006;0.00001;0.00001;0.00001;0.00013;0.00006;0.00000;0.00000;0.00006;0.00001;0.00000;0.00001;0.00004;0.00000;0.00009;0.00018;0.00114;0.00003;0.00001;0.00000;0.00001;0.00000;0.00156;0.00000;0.00001;0.00006;0.00001;0.00001;0.00014;0.00000;0.00000;0.00002;0.00006;0.00009;0.00003;0.00001;0.00000;0.00000
2020-03-27 00:00;0.00001;0.00004;0.00000;0.00002;0.00000;0.00000;0.00000;0.00001;0.00000;0.00000;0.00005;0.00000;0.00005;0.00000;0.00000;0.00000;0.00003;0.00003;0.00001;0.00001;0.00000;0.00000;0.00000;0.00001;0.00001;0.00007;0.00000;0.00000;0.00000;0.00001;0.00005;0.00000;0.00008;0.00001;0.00001;0.00001;0.00000;0.00001;0.00000;0.00001;0.00004;0.00005;0.00000;0.00001;0.00000;0.00000;0.00000;0.00000;0.00004;0.00000;0.00000;0.00000;0.00000;0.00001;0.00000;0.00002;0.00000;0.00002;0.00000;0.00000;0.00000;0.00000;0.00000;0.00004;0.00000;0.00000;0.00000;0.00000;0.00000;0.00015;0.00000;0.00000;0.00000;0.00000;0.00005;0.00000;0.00000;0.00001;0.00001;0.00003;0.00000;0.00000;0.00001;0.00005;0.00004;0.00000;0.00002;0.00002;0.00000;0.00000;0.00001;0.00000;0.00005;0.00006;0.00000;0.00000;0.00004;0.00001;0.00009;0.00095;0.00577;0.00087;0.00001;0.00000;0.00001;0.00000;0.00001;0.00087;0.00002;0.00001;0.00001;0.00001;0.00001;0.00002;0.00001;0.00001;0.00000;0.00000;0.00001;0.00001;0.00001;0.00000;0.00001;0.00000;0.00000;0.00002;0.00001;0.00002;0.00000;0.00000;0.00001;0.00004;0.00000;0.00000;0.00002;0.00001;0.00003;0.00001;0.00001;0.00000;0.00001;0.00000;0.00000;0.00007;0.00001;0.00001;0.00004;0.00002;0.00001;0.00003;0.00024;0.00003;0.00007;0.00001;0.00002;0.00001;0.00001;0.00115;0.00000;0.00000;0.00001;0.00000;0.00034;0.00187;0.00019;0.00006;0.00004;0.00001;0.00001;0.00015;0.00018;0.00028;0.00041;0.00032;0.00002;0.00028;0.00000;0.00014;0.00024;0.00003;0.00048;0.00021;0.00001;0.00047;0.00034;0.00002;0.00004;0.00001;0.00006;0.00033;0.00099;0.00042;0.00032;0.00052;0.00000;0.00000;0.00068;0.00034;0.00012;0.00007;0.00004;0.00003;0.00104;0.00001;0.00008;0.00004;0.00022;0.00002;0.00005;0.00000;0.00002;0.00003;0.00004;0.00024;0.00005;0.00025;0.00059;0.00025;0.00004;0.00124;0.00003;0.00002;0.00001;0.00051;0.00050;0.00052;0.00018;0.00021;0.00036;0.00007;0.00011;0.00012;0.00010;0.00033;0.00002;0.00008;0.00000;0.00009;0.00013;0.00002;0.00004;0.00004;0.00032;0.00005;0.00010;0.00004;0.00000;0.00000;0.00000;0.00000;0.00015;0.00028;0.00001;0.00001;0.00007;0.00004;0.00004;0.00003;0.00002;0.00000;0.00004;0.00003;0.00000;0.00000;0.00001;0.00000;0.00000;0.00026;0.00002;0.00022;0.00002;0.00001;0.00011;0.00006;0.00044;0.00023;0.00008;0.00029;0.00018;0.00017;0.00011;0.00003;0.00004;0.00003;0.00013;0.00015;0.00000;0.00000;0.00002;0.00150;0.00091;0.00027;0.00001;0.00002;0.00018;0.00001;0.00001;0.00000;0.00001;0.00001;0.00004;0.00013;0.00009;0.00003;0.00039;0.00067;0.00007;0.00005;0.00004;0.00007;0.00007;0.00052;0.00016;0.00001;0.00003;0.00031;0.00002;0.00000;0.00005;0.00002;0.00004;0.00037;0.00005;0.00018;0.00003;0.00007;0.00036;0.00005;0.00004;0.00000;0.00009;0.00001;0.00001;0.00000;0.00000;0.00000;0.00002;0.00001;0.00002;0.00004;0.00011;0.00001;0.00001;0.00001;0.00001;0.00001;0.00001;0.00003;0.00001;0.00004;0.00053;0.00029;0.00008;0.00004;0.00003;0.00000;0.00001;0.00005;0.00000;0.00014;0.00017;0.00000;0.00000;0.00000;0.00000;0.00001;0.00030;0.00108;0.00000;0.00002;0.00003;0.00009;0.00003;0.00000;0.00007;0.00011;0.00001;0.00003;0.00005;0.00006;0.00009;0.00000;0.00001;0.00236;0.00003;0.00002;0.00003;0.00006;0.00008;0.00017;0.00005;0.00009;0.00015;0.00002;0.00001;0.00001;0.00013;0.00015;0.00004;0.00054;0.00107;0.00003;0.00020;0.00046;0.00057;0.00039;0.00013;0.00077;0.00019;0.00034;0.00007;0.00046;0.00026;0.00005;0.00008;0.00092;0.00006;0.00013;0.00034;0.00000;0.00014;0.00010;0.00006;0.00002;0.00008;0.00002;0.00018;0.00000;0.00000;0.00000;0.00000;0.00001;0.00073;0.00007;0.00008;0.00000;0.00000;0.00051;0.00001;0.00001;0.00003;0.00002;0.00001;0.00000;0.00004;0.00001;0.00002;0.00002;0.00001;0.00001;0.00039;0.00002;0.00056;0.00003;0.00005;0.00009;0.00005;0.00006;0.00001;0.00001;0.00001;0.00013;0.00006;0.00000;0.00000;0.00006;0.00001;0.00000;0.00001;0.00004;0.00000;0.00009;0.00018;0.00109;0.00003;0.00001;0.00000;0.00001;0.00000;0.00148;0.00000;0.00001;0.00006;0.00001;0.00001;0.00008;0.00000;0.00000;0.00002;0.00006;0.00009;0.00003;0.00001;0.00000;0.00000
2020-03-28 00:00;0.00001;0.00006;0.00000;0.00002;0.00000;0.00000;0.00000;0.00001;0.00000;0.00000;0.00005;0.00000;0.00005;0.00000;0.00000;0.00000;0.00004;0.00003;0.00001;0.00001;0.00000;0.00000;0.00000;0.00001;0.00001;0.00007;0.00000;0.00000;0.00000;0.00001;0.00005;0.00000;0.00008;0.00001;0.00001;0.00001;0.00000;0.00001;0.00000;0.00001;0.00004;0.00005;0.00000;0.00001;0.00000;0.00000;0.00000;0.00000;0.00004;0.00000;0.00000;0.00000;0.00000;0.00001;0.00000;0.00002;0.00000;0.00002;0.00000;0.00000;0.00000;0.00000;0.00000;0.00004;0.00000;0.00000;0.00000;0.00000;0.00000;0.00015;0.00000;0.00000;0.00000;0.00000;0.00005;0.00000;0.00000;0.00001;0.00001;0.00003;0.00000;0.00000;0.00001;0.00005;0.00004;0.00000;0.00002;0.00002;0.00000;0.00000;0.00001;0.00000;0.00005;0.00006;0.00000;0.00000;0.00004;0.00001;0.00009;0.00121;0.00520;0.00096;0.00001;0.00000;0.00001;0.00000;0.00001;0.00087;0.00002;0.00001;0.00001;0.00001;0.00001;0.00002;0.00001;0.00001;0.00000;0.00000;0.00001;0.00001;0.00001;0.00000;0.00001;0.00000;0.00000;0.00002;0.00001;0.00002;0.00000;0.00000;0.00001;0.00004;0.00000;0.00000;0.00002;0.00001;0.00003;0.00001;0.00001;0.00000;0.00001;0.00000;0.00000;0.00007;0.00001;0.00001;0.00004;0.00002;0.00001;0.00003;0.00024;0.00003;0.00007;0.00001;0.00002;0.00001;0.00001;0.00113;0.00000;0.00000;0.00001;0.00000;0.00035;0.00186;0.00025;0.00006;0.00004;0.00001;0.00001;0.00027;0.00018;0.00028;0.00042;0.00031;0.00002;0.00030;0.00000;0.00015;0.00044;0.00004;0.00048;0.00022;0.00001;0.00048;0.00035;0.00002;0.00004;0.00001;0.00006;0.00034;0.00102;0.00043;0.00032;0.00052;0.00000;0.00000;0.00065;0.00035;0.00011;0.00007;0.00004;0.00003;0.00106;0.00001;0.00007;0.00004;0.00023;0.00002;0.00005;0.00000;0.00002;0.00003;0.00004;0.00024;0.00005;0.00027;0.00062;0.00026;0.00004;0.00122;0.00003;0.00002;0.00001;0.00051;0.00050;0.00051;0.00018;0.00022;0.00036;0.00007;0.00012;0.00012;0.00010;0.00037;0.00002;0.00008;0.00000;0.00009;0.00013;0.00002;0.00004;0.00004;0.00034;0.00005;0.00010;0.00004;0.00000;0.00000;0.00000;0.00000;0.00016;0.00028;0.00001;0.00001;0.00007;0.00004;0.00009;0.00003;0.00002;0.00000;0.00004;0.00003;0.00000;0.00000;0.00001;0.00000;0.00000;0.00027;0.00002;0.00023;0.00002;0.00001;0.00011;0.00007;0.00047;0.00023;0.00008;0.00030;0.00018;0.00020;0.00012;0.00003;0.00004;0.00003;0.00021;0.00024;0.00000;0.00000;0.00003;0.00149;0.00097;0.00033;0.00001;0.00002;0.00019;0.00001;0.00001;0.00000;0.00001;0.00001;0.00004;0.00013;0.00009;0.00003;0.00040;0.00071;0.00007;0.00005;0.00004;0.00007;0.00007;0.00053;0.00016;0.00001;0.00003;0.00034;0.00002;0.00000;0.00005;0.00002;0.00004;0.00036;0.00005;0.00018;0.00003;0.00007;0.00038;0.00005;0.00004;0.00000;0.00011;0.00001;0.00001;0.00000;0.00000;0.00000;0.00002;0.00001;0.00002;0.00004;0.00011;0.00001;0.00001;0.00001;0.00001;0.00001;0.00001;0.00003;0.00001;0.00004;0.00057;0.00029;0.00008;0.00004;0.00003;0.00000;0.00001;0.00006;0.00000;0.00015;0.00017;0.00000;0.00001;0.00002;0.00003;0.00008;0.00036;0.00119;0.00001;0.00002;0.00003;0.00009;0.00003;0.00000;0.00007;0.00013;0.00001;0.00003;0.00005;0.00006;0.00009;0.00000;0.00001;0.00253;0.00003;0.00002;0.00004;0.00006;0.00008;0.00018;0.00005;0.00009;0.00015;0.00002;0.00001;0.00001;0.00013;0.00015;0.00004;0.00055;0.00108;0.00003;0.00020;0.00047;0.00058;0.00039;0.00013;0.00084;0.00019;0.00035;0.00007;0.00047;0.00026;0.00005;0.00008;0.00093;0.00006;0.00013;0.00037;0.00000;0.00014;0.00010;0.00006;0.00002;0.00008;0.00002;0.00018;0.00000;0.00000;0.00000;0.00000;0.00001;0.00073;0.00007;0.00008;0.00000;0.00000;0.00051;0.00001;0.00001;0.00003;0.00002;0.00001;0.00000;0.00004;0.00001;0.00002;0.00002;0.00001;0.00001;0.00039;0.00002;0.00052;0.00003;0.00005;0.00009;0.00005;0.00006;0.00001;0.00001;0.00001;0.00013;0.00006;0.00000;0.00000;0.00006;0.00001;0.00000;0.00001;0.00004;0.00000;0.00009;0.00018;0.00106;0.00003;0.00001;0.00000;0.00001;0.00000;0.00153;0.00000;0.00001;0.00006;0.00001;0.00001;0.00012;0.00000;0.00000;0.00002;0.00006;0.00009;0.00003;0.00001;0.00000;0.00000
2020-03-29 00:00;0.00001;0.00003;0.00000;0.00002;0.00000;0.00000;0.00000;0.00001;0.00000;0.00000;0.00004;0.00000;0.00005;0.00000;0.00000;0.00000;0.00003;0.00003;0.00001;0.00001;0.00000;0.00000;0.00000;0.00001;0.00001;0.00005;0.00000;0.00000;0.00000;0.00001;0.00004;0.00000;0.00008;0.00001;0.00001;0.00001;0.00000;0.00001;0.00000;0.00001;0.00004;0.00004;0.00000;0.00001;0.00000;0.00000;0.00000;0.00000;0.00004;0.00000;0.00000;0.00000;0.00000;0.00001;0.00000;0.00002;0.00000;0.00002;0.00000;0.00000;0.00000;0.00000;0.00000;0.00004;0.00000;0.00000;0.00000;0.00000;0.00000;0.00015;0.00000;0.00000;0.00000;0.00000;0.00005;0.00000;0.00000;0.00001;0.00001;0.00003;0.00000;0.00000;0.00001;0.00005;0.00004;0.00000;0.00002;0.00002;0.00000;0.00000;0.00001;0.00000;0.00005;0.00006;0.00000;0.00000;0.00004;0.00001;0.00009;0.00035;0.00509;0.00063;0.00001;0.00000;0.00001;0.00000;0.00001;0.00085;0.00002;0.00001;0.00001;0.00001;0.00001;0.00002;0.00001;0.00001;0.00000;0.00000;0.00001;0.00001;0.00001;0.00000;0.00001;0.00000;0.00000;0.00002;0.00001;0.00002;0.00000;0.00000;0.00001;0.00004;0.00000;0.00000;0.00002;0.00001;0.00003;0.00001;0.00001;0.00000;0.00001;0.00000;0.00000;0.00007;0.00001;0.00001;0.00004;0.00002;0.00001;0.00003;0.00024;0.00003;0.00007;0.00001;0.00002;0.00001;0.00001;0.00084;0.00000;0.00000;0.00001;0.00000;0.00028;0.00125;0.00016;0.00006;0.00004;0.00001;0.00001;0.00012;0.00017;0.00023;0.00033;0.00020;0.00002;0.00019;0.00000;0.00010;0.00020;0.00003;0.00040;0.00021;0.00001;0.00046;0.00033;0.00002;0.00004;0.00001;0.00005;0.00029;0.00094;0.00041;0.00032;0.00050;0.00000;0.00000;0.00063;0.00034;0.00011;0.00007;0.00004;0.00003;0.00101;0.00001;0.00007;0.00004;0.00021;0.00002;0.00005;0.00000;0.00002;0.00003;0.00004;0.00024;0.00005;0.00025;0.00057;0.00025;0.00004;0.00114;0.00003;0.00002;0.00001;0.00050;0.00049;0.00049;0.00018;0.00021;0.00035;0.00007;0.00011;0.00011;0.00010;0.00030;0.00002;0.00007;0.00000;0.00008;0.00009;0.00002;0.00003;0.00004;0.00029;0.00005;0.00009;0.00004;0.00000;0.00000;0.00000;0.00000;0.00014;0.00028;0.00001;0.00001;0.00006;0.00004;0.00005;0.00003;0.00002;0.00000;0.00003;0.00002;0.00000;0.00000;0.00001;0.00000;0.00000;0.00017;0.00002;0.00015;0.00002;0.00001;0.00008;0.00006;0.00036;0.00022;0.00008;0.00029;0.00018;0.00018;0.00011;0.00003;0.00004;0.00003;0.00013;0.00018;0.00000;0.00000;0.00003;0.00095;0.00082;0.00021;0.00001;0.00002;0.00016;0.00001;0.00001;0.00000;0.00001;0.00001;0.00004;0.00013;0.00008;0.00003;0.00037;0.00061;0.00007;0.00005;0.00004;0.00006;0.00006;0.00051;0.00015;0.00001;0.00003;0.00027;0.00002;0.00000;0.00004;0.00002;0.00004;0.00031;0.00005;0.00017;0.00003;0.00006;0.00032;0.00005;0.00003;0.00000;0.00008;0.00001;0.00001;0.00000;0.00000;0.00000;0.00002;0.00001;0.00002;0.00004;0.00010;0.00001;0.00001;0.00001;0.00001;0.00001;0.00001;0.00003;0.00001;0.00003;0.00050;0.00029;0.00007;0.00004;0.00003;0.00000;0.00001;0.00004;0.00000;0.00014;0.00017;0.00000;0.00000;0.00000;0.00000;0.00001;0.00028;0.00094;0.00000;0.00002;0.00003;0.00009;0.00003;0.00000;0.00004;0.00010;0.00001;0.00003;0.00004;0.00006;0.00009;0.00000;0.00000;0.00207;0.00003;0.00002;0.00002;0.00006;0.00008;0.00010;0.00005;0.00009;0.00013;0.00002;0.00001;0.00001;0.00013;0.00015;0.00004;0.00050;0.00106;0.00003;0.00020;0.00044;0.00050;0.00036;0.00013;0.00069;0.00019;0.00032;0.00007;0.00046;0.00024;0.00005;0.00005;0.00088;0.00006;0.00012;0.00027;0.00000;0.00013;0.00009;0.00005;0.00002;0.00006;0.00002;0.00018;0.00000;0.00000;0.00000;0.00000;0.00001;0.00073;0.00007;0.00008;0.00000;0.00000;0.00050;0.00001;0.00001;0.00003;0.00002;0.00001;0.00000;0.00004;0.00001;0.00002;0.00002;0.00001;0.00001;0.00039;0.00002;0.00025;0.00003;0.00005;0.00009;0.00005;0.00006;0.00001;0.00001;0.00001;0.00013;0.00006;0.00000;0.00000;0.00006;0.00001;0.00000;0.00001;0.00004;0.00000;0.00009;0.00018;0.00105;0.00003;0.00001;0.00000;0.00001;0.00000;0.00133;0.00000;0.00001;0.00005;0.00001;0.00001;0.00006;0.00000;0.00000;0.00002;0.00006;0.00009;0.00003;0.00001;0.00000;0.00000
2020-03-30 00:00;0.00001;0.00003;0.00000;0.00002;0.00000;0.00000;0.00000;0.00001;0.00000;0.00000;0.00003;0.00000;0.00005;0.00000;0.00000;0.00000;0.00003;0.00003;0.00001;0.00001;0.00000;0.00000;0.00000;0.00001;0.00001;0.00003;0.00000;0.00000;0.00000;0.00001;0.00003;0.00000;0.00008;0.00001;0.00001;0.00001;0.00000;0.00001;0.00000;0.00001;0.00004;0.00004;0.00000;0.00001;0.00000;0.00000;0.00000;0.00000;0.00004;0.00000;0.00000;0.00000;0.00000;0.00001;0.00000;0.00002;0.00000;0.00002;0.00000;0.00000;0.00000;0.00000;0.00000;0.00004;0.00000;0.00000;0.00000;0.00000;0.00000;0.00013;0.00000;0.00000;0.00000;0.00000;0.00005;0.00000;0.00000;0.00001;0.00001;0.00003;0.00000;0.00000;0.00001;0.00005;0.00003;0.00000;0.00002;0.00002;0.00000;0.00000;0.00001;0.00000;0.00005;0.00006;0.00000;0.00000;0.00004;0.00001;0.00008;0.00007;0.00367;0.00031;0.00001;0.00000;0.00001;0.00000;0.00001;0.00080;0.00002;0.00001;0.00001;0.00001;0.00001;0.00002;0.00001;0.00001;0.00000;0.00000;0.00001;0.00001;0.00001;0.00000;0.00001;0.00000;0.00000;0.00002;0.00001;0.00002;0.00000;0.00000;0.00001;0.00004;0.00000;0.00000;0.00002;0.00001;0.00003;0.00001;0.00001;0.00000;0.00001;0.00000;0.00000;0.00007;0.00001;0.00001;0.00004;0.00002;0.00001;0.00003;0.00024;0.00003;0.00007;0.00001;0.00002;0.00001;0.00001;0.00053;0.00000;0.00000;0.00001;0.00000;0.00022;0.00054;0.00013;0.00006;0.00004;0.00001;0.00001;0.00008;0.00017;0.00017;0.00021;0.00009;0.00002;0.00013;0.00000;0.00007;0.00011;0.00002;0.00032;0.00018;0.00001;0.00040;0.00029;0.00002;0.00004;0.00001;0.00005;0.00019;0.00069;0.00037;0.00028;0.00041;0.00000;0.00000;0.00048;0.00031;0.00008;0.00007;0.00004;0.00003;0.00076;0.00001;0.00006;0.00004;0.00019;0.00002;0.00005;0.00000;0.00002;0.00003;0.00004;0.00024;0.00005;0.00025;0.00038;0.00024;0.00003;0.00077;0.00003;0.00002;0.00001;0.00048;0.00044;0.00041;0.00015;0.00020;0.00032;0.00007;0.00010;0.00009;0.00010;0.00015;0.00001;0.00005;0.00000;0.00006;0.00004;0.00002;0.00002;0.00004;0.00014;0.00005;0.00009;0.00004;0.00000;0.00000;0.00000;0.00000;0.00009;0.00027;0.00001;0.00001;0.00005;0.00003;0.00001;0.00003;0.00002;0.00000;0.00001;0.00001;0.00000;0.00000;0.00001;0.00000;0.00000;0.00007;0.00002;0.00005;0.00002;0.00001;0.00004;0.00005;0.00023;0.00020;0.00008;0.00029;0.00017;0.00016;0.00010;0.00003;0.00004;0.00003;0.00006;0.00006;0.00000;0.00000;0.00002;0.00035;0.00035;0.00006;0.00001;0.00002;0.00009;0.00000;0.00001;0.00000;0.00001;0.00001;0.00003;0.00012;0.00005;0.00002;0.00019;0.00023;0.00007;0.00005;0.00003;0.00004;0.00004;0.00045;0.00014;0.00001;0.00003;0.00010;0.00002;0.00000;0.00001;0.00002;0.00004;0.00013;0.00005;0.00014;0.00003;0.00005;0.00012;0.00004;0.00003;0.00000;0.00003;0.00001;0.00001;0.00000;0.00000;0.00000;0.00002;0.00001;0.00002;0.00004;0.00006;0.00001;0.00001;0.00001;0.00001;0.00001;0.00001;0.00002;0.00001;0.00001;0.00037;0.00029;0.00004;0.00004;0.00003;0.00000;0.00001;0.00001;0.00000;0.00013;0.00017;0.00000;0.00000;0.00000;0.00000;0.00000;0.00010;0.00031;0.00000;0.00002;0.00002;0.00009;0.00003;0.00000;0.00001;0.00003;0.00001;0.00003;0.00002;0.00006;0.00009;0.00000;0.00000;0.00082;0.00001;0.00001;0.00001;0.00006;0.00007;0.00003;0.00005;0.00008;0.00006;0.00002;0.00001;0.00001;0.00012;0.00015;0.00004;0.00049;0.00103;0.00003;0.00020;0.00036;0.00023;0.00022;0.00012;0.00040;0.00017;0.00024;0.00006;0.00039;0.00020;0.00005;0.00002;0.00067;0.00006;0.00010;0.00014;0.00000;0.00013;0.00007;0.00005;0.00002;0.00003;0.00002;0.00018;0.00000;0.00000;0.00000;0.00000;0.00001;0.00073;0.00007;0.00008;0.00000;0.00000;0.00049;0.00001;0.00001;0.00003;0.00002;0.00001;0.00000;0.00004;0.00001;0.00002;0.00002;0.00001;0.00001;0.00039;0.00002;0.00013;0.00003;0.00005;0.00009;0.00005;0.00006;0.00001;0.00001;0.00001;0.00013;0.00006;0.00000;0.00000;0.00006;0.00001;0.00000;0.00001;0.00004;0.00000;0.00009;0.00018;0.00098;0.00003;0.00001;0.00000;0.00001;0.00000;0.00089;0.00000;0.00001;0.00003;0.00001;0.00001;0.00001;0.00000;0.00000;0.00002;0.00005;0.00009;0.00003;0.00001;0.00000;0.00000
2020-03-31 00:00;0.00001;0.00003;0.00000;0.00002;0.00000;0.00000;0.00000;0.00001;0.00000;0.00000;0.00003;0.00000;0.00005;0.00000;0.00000;0.00000;0.00003;0.00003;0.00001;0.00001;0.00000;0.00000;0.00000;0.00001;0.00001;0.00003;0.00000;0.00000;0.00000;0.00001;0.00002;0.00000;0.00008;0.00001;0.00001;0.00001;0.00000;0.00001;0.00000;0.00001;0.00004;0.00004;0.00000;0.00001;0.00000;0.00000;0.00000;0.00000;0.00004;0.00000;0.00000;0.00000;0.00000;0.00001;0.00000;0.00002;0.00000;0.00002;0.00000;0.00000;0.00000;0.00000;0.00000;0.00004;0.00000;0.00000;0.00000;0.00000;0.00000;0.00012;0.00000;0.00000;0.00000;0.00000;0.00005;0.00000;0.00000;0.00001;0.00001;0.00003;0.00000;0.00000;0.00001;0.00005;0.00003;0.00000;0.00002;0.00002;0.00000;0.00000;0.00001;0.00000;0.00005;0.00006;0.00000;0.00000;0.00004;0.00001;0.00008;0.00008;0.00345;0.00028;0.00001;0.00000;0.00001;0.00000;0.00001;0.00080;0.00002;0.00001;0.00001;0.00001;0.00001;0.00002;0.00001;0.00001;0.00000;0.00000;0.00001;0.00001;0.00001;0.00000;0.00001;0.00000;0.00000;0.00002;0.00001;0.00002;0.00000;0.00000;0.00001;0.00004;0.00000;0.00000;0.00002;0.00001;0.00003;0.00001;0.00001;0.00000;0.00001;0.00000;0.00000;0.00007;0.00001;0.00001;0.00004;0.00002;0.00001;0.00003;0.00024;0.00003;0.00007;0.00001;0.00002;0.00001;0.00001;0.00051;0.00000;0.00000;0.00001;0.00000;0.00021;0.00046;0.00013;0.00006;0.00004;0.00001;0.00001;0.00008;0.00017;0.00017;0.00021;0.00007;0.00002;0.00016;0.00000;0.00010;0.00012;0.00002;0.00031;0.00018;0.00001;0.00039;0.00031;0.00002;0.00004;0.00001;0.00005;0.00015;0.00059;0.00036;0.00027;0.00038;0.00000;0.00000;0.00040;0.00031;0.00007;0.00007;0.00004;0.00003;0.00063;0.00001;0.00005;0.00003;0.00019;0.00002;0.00005;0.00000;0.00002;0.00003;0.00004;0.00024;0.00005;0.00025;0.00035;0.00024;0.00003;0.00062;0.00003;0.00002;0.00001;0.00048;0.00044;0.00039;0.00015;0.00020;0.00032;0.00007;0.00010;0.00009;0.00010;0.00014;0.00001;0.00005;0.00000;0.00006;0.00005;0.00002;0.00002;0.00004;0.00011;0.00005;0.00009;0.00004;0.00000;0.00000;0.00000;0.00000;0.00009;0.00026;0.00001;0.00001;0.00006;0.00003;0.00002;0.00003;0.00002;0.00000;0.00001;0.00002;0.00000;0.00000;0.00001;0.00000;0.00000;0.00009;0.00002;0.00006;0.00002;0.00001;0.00006;0.00005;0.00026;0.00020;0.00008;0.00029;0.00017;0.00016;0.00010;0.00003;0.00004;0.00003;0.00008;0.00007;0.00000;0.00000;0.00002;0.00037;0.00038;0.00008;0.00001;0.00002;0.00007;0.00001;0.00001;0.00000;0.00001;0.00001;0.00003;0.00011;0.00004;0.00002;0.00014;0.00012;0.00007;0.00005;0.00003;0.00004;0.00004;0.00043;0.00014;0.00001;0.00003;0.00007;0.00002;0.00000;0.00001;0.00002;0.00004;0.00007;0.00005;0.00014;0.00003;0.00005;0.00007;0.00004;0.00003;0.00000;0.00003;0.00001;0.00001;0.00000;0.00000;0.00000;0.00002;0.00001;0.00002;0.00004;0.00005;0.00001;0.00001;0.00001;0.00001;0.00001;0.00001;0.00002;0.00001;0.00001;0.00037;0.00029;0.00003;0.00004;0.00003;0.00000;0.00001;0.00001;0.00000;0.00013;0.00017;0.00000;0.00000;0.00000;0.00000;0.00000;0.00008;0.00017;0.00000;0.00002;0.00003;0.00009;0.00003;0.00000;0.00001;0.00002;0.00001;0.00003;0.00002;0.00006;0.00009;0.00000;0.00000;0.00052;0.00001;0.00001;0.00001;0.00006;0.00007;0.00002;0.00005;0.00008;0.00004;0.00002;0.00001;0.00001;0.00012;0.00015;0.00004;0.00050;0.00103;0.00003;0.00019;0.00034;0.00010;0.00013;0.00012;0.00031;0.00017;0.00022;0.00005;0.00037;0.00019;0.00005;0.00002;0.00057;0.00006;0.00010;0.00013;0.00000;0.00013;0.00006;0.00005;0.00002;0.00002;0.00002;0.00018;0.00000;0.00000;0.00000;0.00000;0.00001;0.00073;0.00007;0.00008;0.00000;0.00000;0.00049;0.00001;0.00001;0.00003;0.00002;0.00001;0.00000;0.00004;0.00001;0.00002;0.00002;0.00001;0.00001;0.00039;0.00002;0.00014;0.00003;0.00005;0.00009;0.00005;0.00006;0.00001;0.00001;0.00001;0.00013;0.00006;0.00000;0.00000;0.00006;0.00001;0.00000;0.00001;0.00004;0.00000;0.00009;0.00018;0.00097;0.00003;0.00001;0.00000;0.00001;0.00000;0.00074;0.00000;0.00001;0.00002;0.00001;0.00001;0.00002;0.00000;0.00000;0.00002;0.00004;0.00009;0.00003;0.00001;0.00000;0.00000
2020-04-01 00:00;0.00001;0.00003;0.00000;0.00002;0.00000;0.00000;0.00000;0.00001;0.00000;0.00000;0.00004;0.00000;0.00005;0.00000;0.00000;0.00000;0.00003;0.00003;0.00001;0.00001;0.00000;0.00000;0.00000;0.00001;0.00001;0.00007;0.00000;0.00000;0.00000;0.00001;0.00004;0.00000;0.00008;0.00001;0.00001;0.00001;0.00000;0.00001;0.00000;0.00001;0.00004;0.00004;0.00000;0.00001;0.00000;0.00000;0.00000;0.00000;0.00004;0.00000;0.00000;0.00000;0.00000;0.00001;0.00000;0.00002;0.00000;0.00002;0.00000;0.00000;0.00000;0.00000;0.00000;0.00004;0.00000;0.00000;0.00000;0.00000;0.00000;0.00014;0.00000;0.00000;0.00000;0.00000;0.00005;0.00000;0.00000;0.00001;0.00001;0.00003;0.00000;0.00000;0.00001;0.00005;0.00004;0.00000;0.00002;0.00002;0.00000;0.00000;0.00001;0.00000;0.00005;0.00006;0.00000;0.00000;0.00004;0.00001;0.00009;0.00219;0.00568;0.00147;0.00001;0.00000;0.00001;0.00000;0.00001;0.00094;0.00002;0.00001;0.00001;0.00001;0.00001;0.00002;0.00001;0.00001;0.00000;0.00000;0.00001;0.00001;0.00001;0.00000;0.00001;0.00000;0.00000;0.00002;0.00001;0.00002;0.00000;0.00000;0.00001;0.00004;0.00000;0.00000;0.00002;0.00001;0.00003;0.00001;0.00001;0.00000;0.00001;0.00000;0.00000;0.00007;0.00001;0.00001;0.00004;0.00002;0.00001;0.00003;0.00024;0.00003;0.00007;0.00001;0.00002;0.00001;0.00001;0.00167;0.00000;0.00000;0.00001;0.00000;0.00037;0.00231;0.00030;0.00006;0.00004;0.00001;0.00001;0.00052;0.00018;0.00025;0.00035;0.00018;0.00002;0.00025;0.00000;0.00017;0.00085;0.00002;0.00042;0.00020;0.00001;0.00042;0.00031;0.00002;0.00004;0.00001;0.00006;0.00026;0.00076;0.00041;0.00030;0.00050;0.00000;0.00000;0.00050;0.00032;0.00008;0.00007;0.00004;0.00003;0.00082;0.00001;0.00006;0.00004;0.00023;0.00002;0.00005;0.00000;0.00002;0.00003;0.00004;0.00024;0.00005;0.00025;0.00055;0.00024;0.00003;0.00101;0.00003;0.00002;0.00001;0.00050;0.00049;0.00044;0.00016;0.00020;0.00033;0.00007;0.00011;0.00011;0.00010;0.00026;0.00002;0.00007;0.00000;0.00008;0.00010;0.00002;0.00004;0.00004;0.00023;0.00005;0.00010;0.00004;0.00000;0.00000;0.00000;0.00000;0.00013;0.00027;0.00001;0.00001;0.00007;0.00004;0.00010;0.00003;0.00002;0.00000;0.00004;0.00003;0.00000;0.00000;0.00001;0.00000;0.00000;0.00020;0.00002;0.00016;0.00002;0.00001;0.00011;0.00005;0.00040;0.00021;0.00008;0.00030;0.00019;0.00020;0.00011;0.00003;0.00004;0.00003;0.00022;0.00023;0.00000;0.00000;0.00003;0.00101;0.00069;0.00028;0.00001;0.00002;0.00012;0.00001;0.00001;0.00000;0.00001;0.00001;0.00003;0.00012;0.00006;0.00003;0.00026;0.00039;0.00007;0.00005;0.00003;0.00006;0.00006;0.00048;0.00015;0.00001;0.00003;0.00022;0.00002;0.00000;0.00004;0.00002;0.00004;0.00017;0.00005;0.00017;0.00003;0.00006;0.00021;0.00005;0.00004;0.00000;0.00009;0.00001;0.00001;0.00000;0.00000;0.00000;0.00002;0.00001;0.00002;0.00004;0.00008;0.00001;0.00001;0.00001;0.00001;0.00001;0.00001;0.00003;0.00001;0.00002;0.00048;0.00029;0.00005;0.00004;0.00003;0.00000;0.00001;0.00004;0.00000;0.00015;0.00017;0.00000;0.00001;0.00003;0.00003;0.00009;0.00023;0.00076;0.00001;0.00002;0.00003;0.00009;0.00003;0.00000;0.00005;0.00007;0.00001;0.00003;0.00005;0.00006;0.00009;0.00000;0.00001;0.00154;0.00002;0.00001;0.00002;0.00006;0.00008;0.00013;0.00005;0.00009;0.00010;0.00002;0.00001;0.00001;0.00013;0.00015;0.00004;0.00050;0.00110;0.00003;0.00020;0.00040;0.00024;0.00018;0.00013;0.00054;0.00018;0.00030;0.00006;0.00040;0.00023;0.00005;0.00007;0.00074;0.00006;0.00012;0.00042;0.00000;0.00013;0.00009;0.00005;0.00002;0.00004;0.00002;0.00018;0.00000;0.00000;0.00000;0.00000;0.00001;0.00073;0.00007;0.00008;0.00000;0.00000;0.00050;0.00001;0.00001;0.00003;0.00002;0.00001;0.00000;0.00004;0.00001;0.00002;0.00002;0.00001;0.00001;0.00039;0.00002;0.00068;0.00003;0.00005;0.00009;0.00005;0.00006;0.00001;0.00001;0.00001;0.00013;0.00006;0.00000;0.00000;0.00006;0.00001;0.00000;0.00001;0.00004;0.00000;0.00009;0.00018;0.00112;0.00003;0.00001;0.00000;0.00001;0.00000;0.00114;0.00000;0.00001;0.00005;0.00001;0.00001;0.00015;0.00000;0.00000;0.00002;0.00005;0.00009;0.00003;0.00001;0.00000;0.00000
2020-04-02 00:00;0.00001;0.00005;0.00000;0.00002;0.00000;0.00000;0.00000;0.00001;0.00000;0.00000;0.00005;0.00000;0.00005;0.00000;0.00000;0.00000;0.00003;0.00003;0.00001;0.00001;0.00000;0.00000;0.00000;0.00001;0.00001;0.00009;0.00000;0.00000;0.00000;0.00001;0.00005;0.00000;0.00008;0.00001;0.00001;0.00001;0.00000;0.00001;0.00000;0.00001;0.00004;0.00005;0.00000;0.00001;0.00000;0.00000;0.00000;0.00000;0.00004;0.00000;0.00000;0.00000;0.00000;0.00001;0.00000;0.00002;0.00000;0.00002;0.00000;0.00000;0.00000;0.00000;0.00000;0.00004;0.00000;0.00000;0.00000;0.00000;0.00000;0.00015;0.00000;0.00000;0.00000;0.00000;0.00005;0.00000;0.00000;0.00001;0.00001;0.00003;0.00000;0.00000;0.00001;0.00005;0.00004;0.00000;0.00002;0.00002;0.00000;0.00000;0.00001;0.00000;0.00005;0.00006;0.00000;0.00000;0.00004;0.00001;0.00009;0.00249;0.00911;0.00198;0.00001;0.00000;0.00001;0.00000;0.00001;0.00103;0.00002;0.00001;0.00001;0.00001;0.00001;0.00002;0.00001;0.00001;0.00000;0.00000;0.00001;0.00001;0.00001;0.00000;0.00001;0.00000;0.00000;0.00002;0.00001;0.00002;0.00000;0.00000;0.00001;0.00004;0.00000;0.00000;0.00002;0.00001;0.00003;0.00001;0.00001;0.00000;0.00001;0.00000;0.00000;0.00007;0.00001;0.00001;0.00004;0.00002;0.00001;0.00003;0.00024;0.00003;0.00007;0.00001;0.00002;0.00001;0.00001;0.00231;0.00000;0.00000;0.00001;0.00000;0.00045;0.00359;0.00032;0.00006;0.00004;0.00001;0.00001;0.00059;0.00018;0.00027;0.00039;0.00023;0.00002;0.00029;0.00000;0.00018;0.00094;0.00002;0.00046;0.00020;0.00001;0.00043;0.00031;0.00002;0.00004;0.00001;0.00006;0.00032;0.00089;0.00043;0.00031;0.00055;0.00000;0.00000;0.00057;0.00033;0.00009;0.00007;0.00004;0.00003;0.00097;0.00001;0.00007;0.00004;0.00024;0.00002;0.00005;0.00000;0.00002;0.00003;0.00004;0.00024;0.00005;0.00024;0.00063;0.00023;0.00004;0.00134;0.00003;0.00002;0.00001;0.00051;0.00051;0.00047;0.00017;0.00020;0.00034;0.00007;0.00011;0.00011;0.00010;0.00033;0.00002;0.00008;0.00000;0.00009;0.00013;0.00002;0.00004;0.00004;0.00029;0.00005;0.00010;0.00004;0.00000;0.00000;0.00000;0.00000;0.00014;0.00028;0.00001;0.00001;0.00007;0.00004;0.00012;0.00003;0.00002;0.00000;0.00005;0.00003;0.00000;0.00000;0.00001;0.00000;0.00000;0.00026;0.00002;0.00022;0.00002;0.00001;0.00012;0.00005;0.00046;0.00022;0.00008;0.00030;0.00019;0.00021;0.00012;0.00003;0.00004;0.00003;0.00026;0.00032;0.00000;0.00000;0.00003;0.00145;0.00083;0.00039;0.00001;0.00002;0.00014;0.00001;0.00001;0.00000;0.00001;0.00001;0.00004;0.00013;0.00007;0.00003;0.00033;0.00056;0.00007;0.00005;0.00004;0.00006;0.00007;0.00051;0.00015;0.00001;0.00003;0.00029;0.00002;0.00000;0.00005;0.00002;0.00004;0.00025;0.00005;0.00018;0.00003;0.00006;0.00029;0.00005;0.00004;0.00000;0.00011;0.00001;0.00001;0.00000;0.00000;0.00000;0.00002;0.00001;0.00002;0.00004;0.00010;0.00001;0.00001;0.00001;0.00001;0.00002;0.00001;0.00003;0.00001;0.00003;0.00053;0.00029;0.00007;0.00005;0.00003;0.00000;0.00001;0.00004;0.00000;0.00015;0.00017;0.00000;0.00001;0.00003;0.00004;0.00010;0.00030;0.00106;0.00001;0.00002;0.00003;0.00009;0.00003;0.00000;0.00007;0.00010;0.00001;0.00003;0.00006;0.00006;0.00009;0.00000;0.00001;0.00214;0.00002;0.00002;0.00003;0.00006;0.00008;0.00017;0.00005;0.00009;0.00014;0.00002;0.00001;0.00001;0.00013;0.00015;0.00004;0.00049;0.00113;0.00003;0.00020;0.00042;0.00034;0.00024;0.00013;0.00069;0.00019;0.00033;0.00006;0.00042;0.00025;0.00005;0.00008;0.00086;0.00006;0.00012;0.00057;0.00000;0.00014;0.00011;0.00005;0.00002;0.00008;0.00002;0.00018;0.00000;0.00000;0.00000;0.00000;0.00001;0.00073;0.00007;0.00008;0.00000;0.00000;0.00051;0.00001;0.00001;0.00003;0.00002;0.00001;0.00000;0.00004;0.00001;0.00002;0.00002;0.00001;0.00001;0.00039;0.00002;0.00086;0.00003;0.00005;0.00009;0.00005;0.00006;0.00001;0.00001;0.00001;0.00013;0.00006;0.00000;0.00000;0.00006;0.00001;0.00000;0.00001;0.00004;0.00000;0.00009;0.00018;0.00128;0.00003;0.00001;0.00000;0.00001;0.00000;0.00148;0.00000;0.00001;0.00006;0.00001;0.00001;0.00017;0.00000;0.00000;0.00002;0.00005;0.00009;0.00003;0.00001;0.00000;0.00000
2020-04-03 00:00;0.00001;0.00003;0.00000;0.00002;0.00000;0.00000;0.00000;0.00001;0.00000;0.00000;0.00004;0.00000;0.00005;0.00000;0.00000;0.00000;0.00003;0.00003;0.00001;0.00001;0.00000;0.00000;0.00000;0.00001;0.00001;0.00006;0.00000;0.00000;0.00000;0.00001;0.00004;0.00000;0.00008;0.00001;0.00001;0.00001;0.00000;0.00001;0.00000;0.00001;0.00004;0.00004;0.00000;0.00001;0.00000;0.00000;0.00000;0.00000;0.00004;0.00000;0.00000;0.00000;0.00000;0.00001;0.00000;0.00002;0.00000;0.00002;0.00000;0.00000;0.00000;0.00000;0.00000;0.00004;0.00000;0.00000;0.00000;0.00000;0.00000;0.00014;0.00000;0.00000;0.00000;0.00000;0.00005;0.00000;0.00000;0.00001;0.00001;0.00003;0.00000;0.00000;0.00001;0.00005;0.00004;0.00000;0.00002;0.00002;0.00000;0.00000;0.00001;0.00000;0.00005;0.00006;0.00000;0.00000;0.00004;0.00001;0.00009;0.00060;0.00714;0.00096;0.00001;0.00000;0.00001;0.00000;0.00001;0.00091;0.00002;0.00001;0.00001;0.00001;0.00001;0.00002;0.00001;0.00001;0.00000;0.00000;0.00001;0.00001;0.00001;0.00000;0.00001;0.00000;0.00000;0.00002;0.00001;0.00002;0.00000;0.00000;0.00001;0.00004;0.00000;0.00000;0.00002;0.00001;0.00003;0.00001;0.00001;0.00000;0.00001;0.00000;0.00000;0.00007;0.00001;0.00001;0.00004;0.00002;0.00001;0.00003;0.00024;0.00003;0.00007;0.00001;0.00002;0.00001;0.00001;0.00129;0.00000;0.00000;0.00001;0.00000;0.00031;0.00196;0.00016;0.00006;0.00004;0.00001;0.00001;0.00018;0.00018;0.00021;0.00027;0.00014;0.00002;0.00017;0.00000;0.00010;0.00029;0.00003;0.00038;0.00019;0.00001;0.00043;0.00032;0.00002;0.00004;0.00001;0.00005;0.00026;0.00076;0.00040;0.00029;0.00047;0.00000;0.00000;0.00056;0.00032;0.00009;0.00007;0.00004;0.00003;0.00086;0.00001;0.00006;0.00004;0.00021;0.00002;0.00005;0.00000;0.00002;0.00003;0.00004;0.00024;0.00005;0.00025;0.00049;0.00024;0.00003;0.00113;0.00003;0.00002;0.00001;0.00050;0.00049;0.00046;0.00016;0.00020;0.00034;0.00007;0.00011;0.00011;0.00010;0.00026;0.00001;0.00006;0.00000;0.00007;0.00008;0.00002;0.00003;0.00004;0.00022;0.00005;0.00009;0.00004;0.00000;0.00000;0.00000;0.00000;0.00012;0.00027;0.00001;0.00001;0.00006;0.00004;0.00006;0.00003;0.00002;0.00000;0.00003;0.00002;0.00000;0.00000;0.00001;0.00000;0.00000;0.00016;0.00002;0.00014;0.00002;0.00001;0.00008;0.00005;0.00034;0.00022;0.00008;0.00029;0.00018;0.00018;0.00011;0.00003;0.00004;0.00003;0.00014;0.00018;0.00000;0.00000;0.00003;0.00095;0.00064;0.00021;0.00001;0.00002;0.00014;0.00001;0.00001;0.00000;0.00001;0.00001;0.00003;0.00012;0.00006;0.00002;0.00027;0.00039;0.00007;0.00005;0.00003;0.00005;0.00005;0.00048;0.00015;0.00001;0.00003;0.00019;0.00002;0.00000;0.00003;0.00002;0.00004;0.00024;0.00005;0.00017;0.00003;0.00005;0.00021;0.00005;0.00004;0.00000;0.00007;0.00001;0.00001;0.00000;0.00000;0.00000;0.00002;0.00001;0.00002;0.00004;0.00008;0.00001;0.00001;0.00001;0.00001;0.00001;0.00001;0.00002;0.00001;0.00003;0.00046;0.00029;0.00006;0.00004;0.00003;0.00000;0.00001;0.00003;0.00000;0.00014;0.00017;0.00000;0.00000;0.00000;0.00001;0.00002;0.00020;0.00060;0.00000;0.00002;0.00003;0.00009;0.00003;0.00000;0.00003;0.00008;0.00001;0.00003;0.00004;0.00006;0.00009;0.00000;0.00000;0.00148;0.00002;0.00002;0.00002;0.00006;0.00008;0.00008;0.00005;0.00009;0.00009;0.00002;0.00001;0.00001;0.00013;0.00015;0.00004;0.00050;0.00107;0.00003;0.00020;0.00039;0.00032;0.00023;0.00013;0.00054;0.00018;0.00029;0.00006;0.00040;0.00022;0.00005;0.00004;0.00076;0.00006;0.00010;0.00034;0.00000;0.00013;0.00009;0.00005;0.00002;0.00005;0.00002;0.00018;0.00000;0.00000;0.00000;0.00000;0.00001;0.00073;0.00007;0.00008;0.00000;0.00000;0.00050;0.00001;0.00001;0.00003;0.00002;0.00001;0.00000;0.00004;0.00001;0.00002;0.00002;0.00001;0.00001;0.00039;0.00002;0.00035;0.00003;0.00005;0.00009;0.00005;0.00006;0.00001;0.00001;0.00001;0.00013;0.00006;0.00000;0.00000;0.00006;0.00001;0.00000;0.00001;0.00004;0.00000;0.00009;0.00018;0.00115;0.00003;0.00001;0.00000;0.00001;0.00000;0.00127;0.00000;0.00001;0.00004;0.00001;0.00001;0.00007;0.00000;0.00000;0.00002;0.00005;0.00009;0.00003;0.00001;0.00000;0.00000
2020-04-04 00:00;0.00001;0.00004;0.00000;0.00002;0.00000;0.00000;0.00000;0.00001;0.00000;0.00000;0.00004;0.00000;0.00005;0.00000;0.00000;0.00000;0.00003;0.00003;0.00001;0.00001;0.00000;0.00000;0.00000;0.00001;0.00001;0.00007;0.00000;0.00000;0.00000;0.00001;0.00005;0.00000;0.00008;0.00001;0.00001;0.00001;0.00000;0.00001;0.00000;0.00001;0.00004;0.00004;0.00000;0.00001;0.00000;0.00000;0.00000;0.00000;0.00004;0.00000;0.00000;0.00000;0.00000;0.00001;0.00000;0.00002;0.00000;0.00002;0.00000;0.00000;0.00000;0.00000;0.00000;0.00004;0.00000;0.00000;0.00000;0.00000;0.00000;0.00015;0.00000;0.00000;0.00000;0.00000;0.00005;0.00000;0.00000;0.00001;0.00001;0.00003;0.00000;0.00000;0.00001;0.00005;0.00004;0.00000;0.00002;0.00002;0.00000;0.00000;0.00001;0.00000;0.00005;0.00006;0.00000;0.00000;0.00004;0.00001;0.00009;0.00189;0.00618;0.00133;0.00001;0.00000;0.00001;0.00000;0.00001;0.00093;0.00002;0.00001;0.00001;0.00001;0.00001;0.00002;0.00001;0.00001;0.00000;0.00000;0.00001;0.00001;0.00001;0.00000;0.00001;0.00000;0.00000;0.00002;0.00001;0.00002;0.00000;0.00000;0.00001;0.00004;0.00000;0.00000;0.00002;0.00001;0.00003;0.00001;0.00001;0.00000;0.00001;0.00000;0.00000;0.00007;0.00001;0.00001;0.00004;0.00002;0.00001;0.00003;0.00024;0.00003;0.00007;0.00001;0.00002;0.00001;0.00001;0.00165;0.00000;0.00000;0.00001;0.00000;0.00036;0.00218;0.00027;0.00006;0.00004;0.00001;0.00001;0.00044;0.00018;0.00025;0.00036;0.00019;0.00002;0.00025;0.00000;0.00016;0.00074;0.00002;0.00042;0.00020;0.00001;0.00043;0.00031;0.00002;0.00004;0.00001;0.00006;0.00029;0.00082;0.00042;0.00030;0.00052;0.00000;0.00000;0.00056;0.00033;0.00009;0.00007;0.00004;0.00003;0.00089;0.00001;0.00007;0.00004;0.00023;0.00002;0.00005;0.00000;0.00002;0.00003;0.00004;0.00024;0.00005;0.00025;0.00056;0.00024;0.00004;0.00117;0.00003;0.00002;0.00001;0.00050;0.00050;0.00047;0.00017;0.00021;0.00034;0.00007;0.00011;0.00011;0.00010;0.00030;0.00002;0.00007;0.00000;0.00008;0.00011;0.00002;0.00004;0.00004;0.00027;0.00005;0.00010;0.00004;0.00000;0.00000;0.00000;0.00000;0.00014;0.00027;0.00001;0.00001;0.00007;0.00004;0.00008;0.00003;0.00002;0.00000;0.00004;0.00003;0.00000;0.00000;0.00001;0.00000;0.00000;0.00021;0.00002;0.00017;0.00002;0.00001;0.00010;0.00005;0.00041;0.00022;0.00008;0.00029;0.00018;0.00019;0.00011;0.00003;0.00004;0.00003;0.00019;0.00022;0.00000;0.00000;0.00003;0.00109;0.00076;0.00028;0.00001;0.00002;0.00015;0.00001;0.00001;0.00000;0.00001;0.00001;0.00004;0.00013;0.00007;0.00003;0.00031;0.00049;0.00007;0.00005;0.00004;0.00006;0.00006;0.00049;0.00015;0.00001;0.00003;0.00025;0.00002;0.00000;0.00004;0.00002;0.00004;0.00025;0.00005;0.00017;0.00003;0.00006;0.00026;0.00005;0.00004;0.00000;0.00010;0.00001;0.00001;0.00000;0.00000;0.00000;0.00002;0.00001;0.00002;0.00004;0.00009;0.00001;0.00001;0.00001;0.00001;0.00001;0.00001;0.00003;0.00001;0.00003;0.00050;0.00029;0.00007;0.00004;0.00003;0.00000;0.00001;0.00004;0.00000;0.00015;0.00017;0.00000;0.00001;0.00002;0.00003;0.00008;0.00028;0.00089;0.00001;0.00002;0.00003;0.00009;0.00003;0.00000;0.00006;0.00009;0.00001;0.00003;0.00005;0.00006;0.00009;0.00000;0.00001;0.00184;0.00002;0.00002;0.00003;0.00006;0.00008;0.00014;0.00005;0.00009;0.00012;0.00002;0.00001;0.00001;0.00013;0.00015;0.00004;0.00050;0.00109;0.00003;0.00020;0.00042;0.00034;0.00024;0.00013;0.00062;0.00018;0.00032;0.00006;0.00042;0.00024;0.00005;0.00007;0.00079;0.00006;0.00012;0.00040;0.00000;0.00014;0.00010;0.00005;0.00002;0.00008;0.00002;0.00018;0.00000;0.00000;0.00000;0.00000;0.00001;0.00073;0.00007;0.00008;0.00000;0.00000;0.00050;0.00001;0.00001;0.00003;0.00002;0.00001;0.00000;0.00004;0.00001;0.00002;0.00002;0.00001;0.00001;0.00039;0.00002;0.00068;0.00003;0.00005;0.00009;0.00005;0.00006;0.00001;0.00001;0.00001;0.00013;0.00006;0.00000;0.00000;0.00006;0.00001;0.00000;0.00001;0.00004;0.00000;0.00009;0.00018;0.00113;0.00003;0.00001;0.00000;0.00001;0.00000;0.00129;0.00000;0.00001;0.00005;0.00001;0.00001;0.00012;0.00000;0.00000;0.00002;0.00005;0.00009;0.00003;0.00001;0.00000;0.00000
2020-04-05 00:00;0.00001;0.00005;0.00000;0.00002;0.00000;0.00000;0.00000;0.00001;0.00000;0.00000;0.00005;0.00000;0.00005;0.00000;0.00000;0.00000;0.00003;0.00003;0.00001;0.00001;0.00000;0.00000;0.00000;0.00001;0.00001;0.00008;0.00000;0.00000;0.00000;0.00001;0.00005;0.00000;0.00008;0.00001;0.00001;0.00001;0.00000;0.00001;0.00000;0.00001;0.00004;0.00005;0.00000;0.00001;0.00000;0.00000;0.00000;0.00000;0.00004;0.00000;0.00000;0.00000;0.00000;0.00001;0.00000;0.00002;0.00000;0.00002;0.00000;0.00000;0.00000;0.00000;0.00000;0.00004;0.00000;0.00000;0.00000;0.00000;0.00000;0.00015;0.00000;0.00000;0.00000;0.00000;0.00005;0.00000;0.00000;0.00001;0.00001;0.00003;0.00000;0.00000;0.00001;0.00005;0.00004;0.00000;0.00002;0.00002;0.00000;0.00000;0.00001;0.00000;0.00005;0.00006;0.00000;0.00000;0.00004;0.00001;0.00009;0.00226;0.00864;0.00179;0.00001;0.00000;0.00001;0.00000;0.00001;0.00099;0.00002;0.00001;0.00001;0.00001;0.00001;0.00002;0.00001;0.00001;0.00000;0.00000;0.00001;0.00001;0.00001;0.00000;0.00001;0.00000;0.00000;0.00002;0.00001;0.00002;0.00000;0.00000;0.00001;0.00004;0.00000;0.00000;0.00002;0.00001;0.00003;0.00001;0.00001;0.00000;0.00001;0.00000;0.00000;0.00007;0.00001;0.00001;0.00004;0.00002;0.00001;0.00003;0.00024;0.00003;0.00007;0.00001;0.00002;0.00001;0.00001;0.00212;0.00000;0.00000;0.00001;0.00000;0.00041;0.00304;0.00028;0.00006;0.00004;0.00001;0.00001;0.00046;0.00018;0.00027;0.00040;0.00023;0.00002;0.00028;0.00000;0.00016;0.00073;0.00002;0.00044;0.00021;0.00001;0.00044;0.00031;0.00002;0.00004;0.00001;0.00006;0.00034;0.00093;0.00044;0.00031;0.00055;0.00000;0.00000;0.00059;0.00034;0.00009;0.00007;0.00004;0.00003;0.00099;0.00001;0.00007;0.00004;0.00024;0.00002;0.00005;0.00000;0.00002;0.00003;0.00004;0.00024;0.00005;0.00025;0.00063;0.00024;0.00004;0.00138;0.00003;0.00002;0.00001;0.00051;0.00051;0.00049;0.00017;0.00021;0.00034;0.00007;0.00011;0.00012;0.00010;0.00036;0.00002;0.00008;0.00000;0.00009;0.00014;0.00002;0.00004;0.00004;0.00031;0.00005;0.00010;0.00004;0.00000;0.00000;0.00000;0.00000;0.00015;0.00028;0.00001;0.00001;0.00007;0.00004;0.00010;0.00003;0.00002;0.00000;0.00005;0.00003;0.00000;0.00000;0.00001;0.00000;0.00000;0.00028;0.00002;0.00024;0.00002;0.00001;0.00012;0.00005;0.00048;0.00022;0.00008;0.00030;0.00019;0.00020;0.00012;0.00003;0.00004;0.00003;0.00024;0.00025;0.00000;0.00000;0.00003;0.00152;0.00089;0.00040;0.00001;0.00002;0.00016;0.00001;0.00001;0.00000;0.00001;0.00001;0.00004;0.00013;0.00007;0.00003;0.00037;0.00063;0.00007;0.00005;0.00004;0.00006;0.00007;0.00052;0.00016;0.00001;0.00003;0.00032;0.00002;0.00000;0.00005;0.00002;0.00004;0.00028;0.00005;0.00018;0.00003;0.00006;0.00032;0.00005;0.00004;0.00000;0.00011;0.00001;0.00001;0.00000;0.00000;0.00000;0.00002;0.00001;0.00002;0.00004;0.00011;0.00001;0.00001;0.00001;0.00001;0.00002;0.00001;0.00003;0.00001;0.00003;0.00053;0.00029;0.00007;0.00004;0.00003;0.00000;0.00001;0.00005;0.00000;0.00015;0.00017;0.00000;0.00001;0.00001;0.00002;0.00006;0.00033;0.00116;0.00001;0.00002;0.00003;0.00009;0.00003;0.00000;0.00007;0.00010;0.00001;0.00003;0.00006;0.00006;0.00009;0.00000;0.00001;0.00234;0.00003;0.00002;0.00003;0.00006;0.00008;0.00018;0.00005;0.00009;0.00015;0.00002;0.00001;0.00001;0.00013;0.00015;0.00004;0.00050;0.00110;0.00003;0.00020;0.00043;0.00039;0.00027;0.00013;0.00074;0.00019;0.00034;0.00006;0.00043;0.00025;0.00005;0.00008;0.00087;0.00006;0.00012;0.00047;0.00000;0.00014;0.00011;0.00005;0.00002;0.00009;0.00002;0.00018;0.00000;0.00000;0.00000;0.00000;0.00001;0.00073;0.00007;0.00008;0.00000;0.00000;0.00051;0.00001;0.00001;0.00003;0.00002;0.00001;0.00000;0.00004;0.00001;0.00002;0.00002;0.00001;0.00001;0.00039;0.00002;0.00085;0.00003;0.00005;0.00009;0.00005;0.00006;0.00001;0.00001;0.00001;0.00013;0.00006;0.00000;0.00000;0.00006;0.00001;0.00000;0.00001;0.00004;0.00000;0.00009;0.00018;0.00124;0.00003;0.00001;0.00000;0.00001;0.00000;0.00147;0.00000;0.00001;0.00006;0.00001;0.00001;0.00015;0.00000;0.00000;0.00002;0.00005;0.00009;0.00003;0.00001;0.00000;0.00000
2020-04-06 00:00;0.00001;0.00005;0.00000;0.00002;0.00000;0.00000;0.00000;0.00001;0.00000;0.00000;0.00005;0.00000;0.00005;0.00000;0.00000;0.00000;0.00004;0.00003;0.00001;0.00001;0.00000;0.00000;0.00000;0.00001;0.00001;0.00008;0.00000;0.00000;0.00000;0.00001;0.00005;0.00000;0.00008;0.00001;0.00001;0.00001;0.00000;0.00001;0.00000;0.00001;0.00004;0.00005;0.00000;0.00001;0.00000;0.00000;0.00000;0.00000;0.00004;0.00000;0.00000;0.00000;0.00000;0.00001;0.00000;0.00002;0.00000;0.00002;0.00000;0.00000;0.00000;0.00000;0.00000;0.00004;0.00000;0.00000;0.00000;0.00000;0.00000;0.00015;0.00000;0.00000;0.00000;0.00000;0.00005;0.00000;0.00000;0.00001;0.00001;0.00003;0.00000;0.00000;0.00001;0.00005;0.00004;0.00000;0.00002;0.00002;0.00000;0.00000;0.00001;0.00000;0.00005;0.00006;0.00000;0.00000;0.00004;0.00001;0.00009;0.00206;0.00830;0.00167;0.00001;0.00000;0.00001;0.00000;0.00001;0.00097;0.00002;0.00001;0.00001;0.00001;0.00001;0.00002;0.00001;0.00001;0.00000;0.00000;0.00001;0.00001;0.00001;0.00000;0.00001;0.00000;0.00000;0.00002;0.00001;0.00002;0.00000;0.00000;0.00001;0.00004;0.00000;0.00000;0.00002;0.00001;0.00003;0.00001;0.00001;0.00000;0.00001;0.00000;0.00000;0.00007;0.00001;0.00001;0.00004;0.00002;0.00001;0.00003;0.00024;0.00003;0.00007;0.00001;0.00002;0.00001;0.00001;0.00205;0.00000;0.00000;0.00001;0.00000;0.00041;0.00302;0.00029;0.00006;0.00004;0.00001;0.00001;0.00045;0.00018;0.00028;0.00042;0.00024;0.00002;0.00028;0.00000;0.00016;0.00069;0.00002;0.00045;0.00021;0.00001;0.00045;0.00031;0.00002;0.00004;0.00001;0.00006;0.00036;0.00099;0.00045;0.00032;0.00057;0.00000;0.00000;0.00063;0.00034;0.00010;0.00007;0.00004;0.00003;0.00103;0.00001;0.00007;0.00004;0.00024;0.00002;0.00005;0.00000;0.00002;0.00003;0.00004;0.00024;0.00005;0.00028;0.00065;0.00025;0.00004;0.00147;0.00003;0.00002;0.00001;0.00052;0.00052;0.00051;0.00018;0.00021;0.00035;0.00007;0.00012;0.00012;0.00010;0.00041;0.00002;0.00009;0.00000;0.00009;0.00015;0.00002;0.00005;0.00004;0.00034;0.00005;0.00011;0.00004;0.00000;0.00000;0.00000;0.00000;0.00016;0.00028;0.00001;0.00001;0.00008;0.00004;0.00012;0.00003;0.00002;0.00000;0.00005;0.00003;0.00000;0.00000;0.00001;0.00000;0.00000;0.00031;0.00002;0.00026;0.00002;0.00001;0.00012;0.00007;0.00053;0.00023;0.00008;0.00030;0.00019;0.00021;0.00012;0.00003;0.00004;0.00003;0.00027;0.00030;0.00000;0.00000;0.00003;0.00173;0.00099;0.00045;0.00001;0.00002;0.00017;0.00001;0.00001;0.00000;0.00001;0.00001;0.00004;0.00013;0.00008;0.00003;0.00041;0.00072;0.00007;0.00005;0.00004;0.00007;0.00008;0.00054;0.00016;0.00001;0.00003;0.00036;0.00002;0.00000;0.00005;0.00002;0.00004;0.00033;0.00005;0.00018;0.00003;0.00007;0.00037;0.00005;0.00004;0.00000;0.00013;0.00001;0.00001;0.00000;0.00000;0.00000;0.00002;0.00001;0.00002;0.00004;0.00012;0.00001;0.00001;0.00001;0.00001;0.00002;0.00001;0.00003;0.00001;0.00004;0.00057;0.00029;0.00008;0.00005;0.00003;0.00000;0.00001;0.00006;0.00000;0.00015;0.00017;0.00000;0.00001;0.00002;0.00003;0.00008;0.00038;0.00126;0.00001;0.00002;0.00003;0.00009;0.00003;0.00000;0.00008;0.00012;0.00001;0.00003;0.00006;0.00006;0.00009;0.00000;0.00001;0.00261;0.00003;0.00002;0.00003;0.00006;0.00008;0.00020;0.00005;0.00009;0.00017;0.00002;0.00001;0.00001;0.00013;0.00015;0.00004;0.00053;0.00110;0.00003;0.00020;0.00045;0.00045;0.00030;0.00013;0.00081;0.00019;0.00035;0.00007;0.00045;0.00026;0.00005;0.00009;0.00090;0.00006;0.00013;0.00045;0.00000;0.00014;0.00011;0.00005;0.00002;0.00010;0.00002;0.00018;0.00000;0.00000;0.00000;0.00000;0.00001;0.00073;0.00007;0.00008;0.00000;0.00000;0.00051;0.00001;0.00001;0.00003;0.00002;0.00001;0.00000;0.00004;0.00001;0.00002;0.00002;0.00001;0.00001;0.00039;0.00002;0.00084;0.00003;0.00005;0.00009;0.00005;0.00006;0.00001;0.00001;0.00001;0.00013;0.00006;0.00000;0.00000;0.00006;0.00001;0.00000;0.00001;0.00004;0.00000;0.00009;0.00018;0.00121;0.00003;0.00001;0.00000;0.00001;0.00000;0.00153;0.00000;0.00001;0.00006;0.00001;0.00001;0.00014;0.00000;0.00000;0.00002;0.00006;0.00009;0.00003;0.00001;0.00000;0.00000
2020-04-07 00:00;0.00001;0.00006;0.00000;0.00002;0.00000;0.00000;0.00000;0.00001;0.00000;0.00000;0.00005;0.00000;0.00005;0.00000;0.00000;0.00000;0.00004;0.00003;0.00001;0.00001;0.00000;0.00000;0.00000;0.00001;0.00001;0.00009;0.00000;0.00000;0.00000;0.00001;0.00005;0.00000;0.00008;0.00001;0.00001;0.00001;0.00000;0.00001;0.00000;0.00001;0.00004;0.00005;0.00000;0.00001;0.00000;0.00000;0.00000;0.00000;0.00004;0.00000;0.00000;0.00000;0.00000;0.00001;0.00000;0.00002;0.00000;0.00002;0.00000;0.00000;0.00000;0.00000;0.00000;0.00004;0.00000;0.00000;0.00000;0.00000;0.00000;0.00016;0.00000;0.00000;0.00000;0.00000;0.00005;0.00000;0.00000;0.00001;0.00001;0.00003;0.00000;0.00000;0.00001;0.00005;0.00004;0.00000;0.00002;0.00002;0.00000;0.00000;0.00001;0.00000;0.00005;0.00006;0.00000;0.00000;0.00004;0.00001;0.00009;0.00201;0.00827;0.00166;0.00001;0.00000;0.00001;0.00000;0.00001;0.00098;0.00002;0.00001;0.00001;0.00001;0.00001;0.00002;0.00001;0.00001;0.00000;0.00000;0.00001;0.00001;0.00001;0.00000;0.00001;0.00000;0.00000;0.00002;0.00001;0.00002;0.00000;0.00000;0.00001;0.00004;0.00000;0.00000;0.00002;0.00001;0.00003;0.00001;0.00001;0.00000;0.00001;0.00000;0.00000;0.00007;0.00001;0.00001;0.00004;0.00002;0.00001;0.00003;0.00024;0.00003;0.00007;0.00001;0.00002;0.00001;0.00001;0.00213;0.00000;0.00000;0.00001;0.00000;0.00044;0.00304;0.00032;0.00006;0.00004;0.00001;0.00001;0.00049;0.00018;0.00029;0.00044;0.00028;0.00002;0.00033;0.00000;0.00018;0.00079;0.00004;0.00047;0.00022;0.00001;0.00047;0.00035;0.00002;0.00004;0.00001;0.00006;0.00039;0.00107;0.00046;0.00032;0.00059;0.00000;0.00000;0.00067;0.00035;0.00011;0.00007;0.00004;0.00003;0.00110;0.00001;0.00008;0.00004;0.00025;0.00002;0.00005;0.00000;0.00002;0.00003;0.00004;0.00024;0.00005;0.00030;0.00070;0.00026;0.00004;0.00158;0.00003;0.00002;0.00001;0.00052;0.00053;0.00053;0.00019;0.00021;0.00036;0.00007;0.00012;0.00013;0.00010;0.00047;0.00002;0.00009;0.00000;0.00010;0.00017;0.00002;0.00005;0.00004;0.00039;0.00005;0.00011;0.00004;0.00000;0.00000;0.00000;0.00000;0.00018;0.00028;0.00001;0.00001;0.00008;0.00004;0.00014;0.00003;0.00002;0.00000;0.00006;0.00004;0.00000;0.00000;0.00001;0.00000;0.00000;0.00034;0.00002;0.00030;0.00002;0.00001;0.00013;0.00008;0.00058;0.00024;0.00008;0.00030;0.00019;0.00022;0.00012;0.00003;0.00004;0.00003;0.00030;0.00036;0.00000;0.00000;0.00003;0.00194;0.00111;0.00049;0.00001;0.00002;0.00020;0.00002;0.00001;0.00000;0.00001;0.00001;0.00004;0.00013;0.00009;0.00003;0.00047;0.00084;0.00007;0.00005;0.00004;0.00008;0.00008;0.00056;0.00016;0.00001;0.00003;0.00042;0.00002;0.00000;0.00006;0.00002;0.00004;0.00039;0.00005;0.00019;0.00003;0.00007;0.00043;0.00005;0.00005;0.00000;0.00015;0.00001;0.00001;0.00000;0.00000;0.00000;0.00002;0.00001;0.00002;0.00003;0.00013;0.00001;0.00001;0.00001;0.00001;0.00002;0.00001;0.00003;0.00001;0.00004;0.00061;0.00029;0.00009;0.00005;0.00003;0.00000;0.00001;0.00007;0.00000;0.00015;0.00017;0.00000;0.00001;0.00003;0.00003;0.00009;0.00045;0.00145;0.00001;0.00002;0.00003;0.00009;0.00003;0.00000;0.00009;0.00014;0.00001;0.00003;0.00007;0.00006;0.00009;0.00000;0.00001;0.00299;0.00004;0.00002;0.00004;0.00007;0.00008;0.00023;0.00006;0.00009;0.00019;0.00002;0.00001;0.00001;0.00013;0.00015;0.00004;0.00055;0.00111;0.00003;0.00020;0.00047;0.00054;0.00035;0.00013;0.00092;0.00019;0.00037;0.00007;0.00046;0.00027;0.00005;0.00009;0.00094;0.00006;0.00014;0.00050;0.00000;0.00015;0.00012;0.00006;0.00002;0.00011;0.00002;0.00018;0.00000;0.00000;0.00000;0.00000;0.00001;0.00073;0.00007;0.00008;0.00000;0.00000;0.00051;0.00001;0.00001;0.00003;0.00002;0.00001;0.00000;0.00004;0.00001;0.00002;0.00002;0.00001;0.00001;0.00039;0.00002;0.00084;0.00003;0.00005;0.00009;0.00005;0.00006;0.00001;0.00001;0.00001;0.00013;0.00006;0.00000;0.00000;0.00006;0.00001;0.00000;0.00001;0.00004;0.00000;0.00009;0.00018;0.00122;0.00003;0.00001;0.00000;0.00001;0.00000;0.00162;0.00000;0.00001;0.00006;0.00001;0.00001;0.00015;0.00000;0.00000;0.00002;0.00006;0.00009;0.00003;0.00001;0.00000;0.00000
2020-04-08 00:00;0.00001;0.00006;0.00000;0.00002;0.00000;0.00000;0.00000;0.00001;0.00000;0.00000;0.00005;0.00000;0.00005;0.00000;0.00000;0.00000;0.00004;0.00003;0.00001;0.00001;0.00000;0.00000;0.00000;0.00001;0.00001;0.00009;0.00000;0.00000;0.00000;0.00001;0.00005;0.00000;0.00008;0.00001;0.00001;0.00001;0.00000;0.00001;0.00000;0.00001;0.00004;0.00005;0.00000;0.00001;0.00000;0.00000;0.00000;0.00000;0.00004;0.00000;0.00000;0.00000;0.00000;0.00001;0.00000;0.00002;0.00000;0.00002;0.00000;0.00000;0.00000;0.00000;0.00000;0.00004;0.00000;0.00000;0.00000;0.00000;0.00000;0.00016;0.00000;0.00000;0.00000;0.00000;0.00005;0.00000;0.00000;0.00001;0.00001;0.00003;0.00000;0.00000;0.00001;0.00005;0.00004;0.00000;0.00002;0.00002;0.00000;0.00000;0.00001;0.00000;0.00005;0.00006;0.00000;0.00000;0.00004;0.00001;0.00010;0.00194;0.00838;0.00165;0.00001;0.00000;0.00001;0.00000;0.00001;0.00100;0.00002;0.00001;0.00001;0.00001;0.00001;0.00002;0.00001;0.00001;0.00000;0.00000;0.00001;0.00001;0.00001;0.00000;0.00001;0.00000;0.00000;0.00002;0.00001;0.00002;0.00000;0.00000;0.00001;0.00004;0.00000;0.00000;0.00002;0.00001;0.00003;0.00001;0.00001;0.00000;0.00001;0.00000;0.00000;0.00007;0.00001;0.00001;0.00004;0.00002;0.00001;0.00003;0.00024;0.00003;0.00007;0.00001;0.00002;0.00001;0.00001;0.00217;0.00000;0.00000;0.00001;0.00000;0.00046;0.00311;0.00034;0.00006;0.00004;0.00001;0.00001;0.00050;0.00018;0.00030;0.00047;0.00032;0.00002;0.00036;0.00000;0.00019;0.00081;0.00005;0.00050;0.00023;0.00001;0.00049;0.00036;0.00002;0.00004;0.00001;0.00006;0.00041;0.00114;0.00047;0.00033;0.00060;0.00000;0.00000;0.00070;0.00036;0.00011;0.00007;0.00004;0.00003;0.00118;0.00001;0.00008;0.00004;0.00026;0.00002;0.00005;0.00000;0.00002;0.00003;0.00004;0.00024;0.00005;0.00031;0.00076;0.00027;0.00005;0.00168;0.00003;0.00002;0.00001;0.00053;0.00054;0.00055;0.00019;0.00022;0.00037;0.00007;0.00013;0.00013;0.00010;0.00052;0.00002;0.00010;0.00000;0.00011;0.00019;0.00002;0.00005;0.00004;0.00043;0.00005;0.00011;0.00004;0.00000;0.00000;0.00000;0.00000;0.00019;0.00029;0.00001;0.00001;0.00008;0.00004;0.00015;0.00003;0.00002;0.00000;0.00006;0.00004;0.00000;0.00000;0.00001;0.00000;0.00000;0.00037;0.00002;0.00033;0.00002;0.00001;0.00015;0.00008;0.00062;0.00025;0.00008;0.00030;0.00019;0.00023;0.00012;0.00003;0.00004;0.00003;0.00033;0.00039;0.00000;0.00000;0.00003;0.00213;0.00122;0.00054;0.00001;0.00002;0.00022;0.00002;0.00001;0.00000;0.00001;0.00001;0.00004;0.00014;0.00010;0.00003;0.00053;0.00096;0.00007;0.00005;0.00004;0.00009;0.00009;0.00058;0.00017;0.00001;0.00003;0.00047;0.00002;0.00000;0.00007;0.00002;0.00004;0.00045;0.00005;0.00020;0.00003;0.00008;0.00048;0.00005;0.00005;0.00000;0.00017;0.00001;0.00001;0.00000;0.00000;0.00000;0.00002;0.00001;0.00002;0.00004;0.00014;0.00001;0.00001;0.00001;0.00001;0.00002;0.00001;0.00003;0.00001;0.00005;0.00066;0.00029;0.00009;0.00005;0.00003;0.00000;0.00001;0.00007;0.00000;0.00015;0.00017;0.00000;0.00001;0.00002;0.00003;0.00009;0.00050;0.00160;0.00001;0.00002;0.00004;0.00009;0.00003;0.00000;0.00009;0.00016;0.00001;0.00003;0.00007;0.00006;0.00009;0.00000;0.00001;0.00335;0.00004;0.00003;0.00004;0.00007;0.00008;0.00025;0.00006;0.00010;0.00022;0.00002;0.00001;0.00001;0.00013;0.00015;0.00004;0.00056;0.00111;0.00003;0.00020;0.00050;0.00062;0.00039;0.00014;0.00102;0.00020;0.00038;0.00007;0.00048;0.00028;0.00005;0.00010;0.00101;0.00006;0.00014;0.00053;0.00000;0.00015;0.00013;0.00006;0.00002;0.00012;0.00002;0.00018;0.00000;0.00000;0.00000;0.00000;0.00001;0.00073;0.00007;0.00008;0.00000;0.00000;0.00051;0.00001;0.00001;0.00003;0.00002;0.00001;0.00000;0.00004;0.00001;0.00002;0.00002;0.00001;0.00001;0.00039;0.00002;0.00081;0.00003;0.00005;0.00009;0.00005;0.00006;0.00001;0.00001;0.00001;0.00013;0.00006;0.00000;0.00000;0.00006;0.00001;0.00000;0.00001;0.00004;0.00000;0.00009;0.00018;0.00124;0.00003;0.00001;0.00000;0.00001;0.00000;0.00172;0.00000;0.00001;0.00006;0.00001;0.00001;0.00016;0.00000;0.00000;0.00002;0.00006;0.00009;0.00003;0.00001;0.00000;0.00000
2020-04-09 00:00;0.00001;0.00004;0.00000;0.00002;0.00000;0.00000;0.00000;0.00001;0.00000;0.00000;0.00005;0.00000;0.00005;0.00000;0.00000;0.00000;0.00004;0.00003;0.00001;0.00001;0.00000;0.00000;0.00000;0.00001;0.00001;0.00007;0.00000;0.00000;0.00000;0.00001;0.00005;0.00000;0.00008;0.00001;0.00001;0.00001;0.00000;0.00001;0.00000;0.00001;0.00004;0.00005;0.00000;0.00001;0.00000;0.00000;0.00000;0.00000;0.00004;0.00000;0.00000;0.00000;0.00000;0.00001;0.00000;0.00002;0.00000;0.00002;0.00000;0.00000;0.00000;0.00000;0.00000;0.00004;0.00000;0.00000;0.00000;0.00000;0.00000;0.00016;0.00000;0.00000;0.00000;0.00000;0.00005;0.00000;0.00000;0.00001;0.00001;0.00003;0.00000;0.00000;0.00001;0.00005;0.00004;0.00000;0.00002;0.00002;0.00000;0.00000;0.00001;0.00000;0.00005;0.00006;0.00000;0.00000;0.00004;0.00001;0.00010;0.00091;0.00698;0.00099;0.00001;0.00000;0.00001;0.00000;0.00001;0.00091;0.00002;0.00001;0.00001;0.00001;0.00001;0.00002;0.00001;0.00001;0.00000;0.00000;0.00001;0.00001;0.00001;0.00000;0.00001;0.00000;0.00000;0.00002;0.00001;0.00002;0.00000;0.00000;0.00001;0.00004;0.00000;0.00000;0.00002;0.00001;0.00003;0.00001;0.00001;0.00000;0.00001;0.00000;0.00000;0.00007;0.00001;0.00001;0.00004;0.00002;0.00001;0.00003;0.00024;0.00003;0.00007;0.00001;0.00002;0.00001;0.00001;0.00143;0.00000;0.00000;0.00001;0.00000;0.00036;0.00217;0.00021;0.00006;0.00004;0.00001;0.00001;0.00024;0.00018;0.00031;0.00047;0.00028;0.00002;0.00031;0.00000;0.00017;0.00035;0.00004;0.00050;0.00022;0.00001;0.00049;0.00036;0.00002;0.00004;0.00001;0.00006;0.00039;0.00115;0.00046;0.00033;0.00059;0.00000;0.00000;0.00071;0.00035;0.00012;0.00007;0.00004;0.00003;0.00121;0.00001;0.00008;0.00004;0.00023;0.00002;0.00005;0.00000;0.00002;0.00003;0.00004;0.00024;0.00005;0.00028;0.00076;0.00026;0.00005;0.00166;0.00003;0.00002;0.00001;0.00053;0.00054;0.00054;0.00020;0.00022;0.00037;0.00007;0.00013;0.00013;0.00010;0.00047;0.00002;0.00010;0.00000;0.00010;0.00018;0.00002;0.00005;0.00004;0.00040;0.00005;0.00011;0.00004;0.00000;0.00000;0.00000;0.00000;0.00018;0.00028;0.00001;0.00001;0.00008;0.00004;0.00011;0.00003;0.00002;0.00000;0.00006;0.00004;0.00000;0.00000;0.00001;0.00000;0.00000;0.00033;0.00002;0.00031;0.00002;0.00001;0.00014;0.00007;0.00057;0.00024;0.00008;0.00030;0.00019;0.00021;0.00012;0.00003;0.00004;0.00003;0.00029;0.00032;0.00000;0.00000;0.00003;0.00190;0.00116;0.00044;0.00001;0.00002;0.00022;0.00001;0.00001;0.00000;0.00001;0.00001;0.00004;0.00014;0.00009;0.00003;0.00054;0.00097;0.00007;0.00005;0.00004;0.00009;0.00008;0.00058;0.00016;0.00001;0.00003;0.00043;0.00002;0.00000;0.00006;0.00002;0.00004;0.00047;0.00005;0.00019;0.00003;0.00008;0.00049;0.00005;0.00004;0.00000;0.00013;0.00001;0.00001;0.00000;0.00000;0.00000;0.00002;0.00001;0.00002;0.00004;0.00015;0.00001;0.00001;0.00001;0.00001;0.00002;0.00001;0.00003;0.00001;0.00005;0.00062;0.00029;0.00010;0.00004;0.00003;0.00000;0.00001;0.00007;0.00000;0.00015;0.00017;0.00000;0.00001;0.00001;0.00002;0.00005;0.00044;0.00143;0.00001;0.00002;0.00003;0.00009;0.00003;0.00000;0.00009;0.00015;0.00001;0.00003;0.00006;0.00006;0.00009;0.00000;0.00001;0.00304;0.00004;0.00003;0.00004;0.00007;0.00008;0.00023;0.00006;0.00010;0.00021;0.00002;0.00001;0.00001;0.00013;0.00015;0.00004;0.00054;0.00109;0.00003;0.00020;0.00049;0.00062;0.00042;0.00014;0.00091;0.00020;0.00037;0.00007;0.00048;0.00028;0.00005;0.00010;0.00103;0.00006;0.00014;0.00040;0.00000;0.00015;0.00012;0.00006;0.00002;0.00011;0.00002;0.00018;0.00000;0.00000;0.00000;0.00000;0.00001;0.00073;0.00007;0.00008;0.00000;0.00000;0.00051;0.00001;0.00001;0.00003;0.00002;0.00001;0.00000;0.00004;0.00001;0.00002;0.00002;0.00001;0.00001;0.00039;0.00002;0.00048;0.00003;0.00005;0.00009;0.00005;0.00006;0.00001;0.00001;0.00001;0.00013;0.00006;0.00000;0.00000;0.00006;0.00001;0.00000;0.00001;0.00004;0.00000;0.00009;0.00018;0.00114;0.00003;0.00001;0.00000;0.00001;0.00000;0.00159;0.00000;0.00001;0.00006;0.00001;0.00001;0.00010;0.00000;0.00000;0.00002;0.00006;0.00009;0.00003;0.00001;0.00000;0.00000
2020-04-10 00:00;0.00001;0.00003;0.00000;0.00002;0.00000;0.00000;0.00000;0.00001;0.00000;0.00000;0.00004;0.00000;0.00005;0.00000;0.00000;0.00000;0.00003;0.00003;0.00001;0.00001;0.00000;0.00000;0.00000;0.00001;0.00001;0.00006;0.00000;0.00000;0.00000;0.00001;0.00005;0.00000;0.00008;0.00001;0.00001;0.00001;0.00000;0.00001;0.00000;0.00001;0.00004;0.00005;0.00000;0.00001;0.00000;0.00000;0.00000;0.00000;0.00004;0.00000;0.00000;0.00000;0.00000;0.00001;0.00000;0.00002;0.00000;0.00002;0.00000;0.00000;0.00000;0.00000;0.00000;0.00004;0.00000;0.00000;0.00000;0.00000;0.00000;0.00015;0.00000;0.00000;0.00000;0.00000;0.00005;0.00000;0.00000;0.00001;0.00001;0.00003;0.00000;0.00000;0.00001;0.00005;0.00004;0.00000;0.00002;0.00002;0.00000;0.00000;0.00001;0.00000;0.00005;0.00006;0.00000;0.00000;0.00004;0.00001;0.00010;0.00077;0.00481;0.00061;0.00001;0.00000;0.00001;0.00000;0.00001;0.00083;0.00002;0.00001;0.00001;0.00001;0.00001;0.00002;0.00001;0.00001;0.00000;0.00000;0.00001;0.00001;0.00001;0.00000;0.00001;0.00000;0.00000;0.00002;0.00001;0.00002;0.00000;0.00000;0.00001;0.00004;0.00000;0.00000;0.00002;0.00001;0.00003;0.00001;0.00001;0.00000;0.00001;0.00000;0.00000;0.00007;0.00001;0.00001;0.00004;0.00002;0.00001;0.00003;0.00024;0.00003;0.00007;0.00001;0.00002;0.00001;0.00001;0.00089;0.00000;0.00000;0.00001;0.00000;0.00029;0.00144;0.00017;0.00006;0.00004;0.00001;0.00001;0.00016;0.00018;0.00030;0.00044;0.00029;0.00002;0.00025;0.00000;0.00014;0.00021;0.00003;0.00049;0.00021;0.00001;0.00047;0.00035;0.00002;0.00004;0.00001;0.00006;0.00035;0.00109;0.00044;0.00033;0.00055;0.00000;0.00000;0.00068;0.00035;0.00012;0.00007;0.00004;0.00003;0.00116;0.00001;0.00008;0.00004;0.00022;0.00002;0.00005;0.00000;0.00002;0.00003;0.00004;0.00024;0.00005;0.00027;0.00071;0.00026;0.00004;0.00152;0.00003;0.00002;0.00001;0.00052;0.00052;0.00052;0.00019;0.00021;0.00037;0.00007;0.00012;0.00012;0.00010;0.00041;0.00002;0.00009;0.00000;0.00009;0.00015;0.00002;0.00004;0.00004;0.00034;0.00005;0.00011;0.00004;0.00000;0.00000;0.00000;0.00000;0.00017;0.00028;0.00001;0.00001;0.00007;0.00004;0.00009;0.00003;0.00002;0.00000;0.00005;0.00003;0.00000;0.00000;0.00001;0.00000;0.00000;0.00028;0.00002;0.00026;0.00002;0.00001;0.00012;0.00006;0.00050;0.00024;0.00008;0.00030;0.00019;0.00020;0.00012;0.00003;0.00004;0.00003;0.00024;0.00027;0.00000;0.00000;0.00003;0.00158;0.00104;0.00037;0.00001;0.00002;0.00020;0.00001;0.00001;0.00000;0.00001;0.00001;0.00004;0.00013;0.00009;0.00003;0.00050;0.00086;0.00007;0.00005;0.00004;0.00008;0.00007;0.00055;0.00016;0.00001;0.00003;0.00036;0.00002;0.00000;0.00005;0.00002;0.00004;0.00044;0.00005;0.00019;0.00003;0.00007;0.00044;0.00005;0.00004;0.00000;0.00011;0.00001;0.00001;0.00000;0.00000;0.00000;0.00002;0.00001;0.00002;0.00004;0.00013;0.00001;0.00001;0.00001;0.00001;0.00001;0.00001;0.00003;0.00001;0.00005;0.00059;0.00029;0.00009;0.00004;0.00003;0.00000;0.00001;0.00006;0.00000;0.00015;0.00017;0.00000;0.00000;0.00000;0.00001;0.00002;0.00038;0.00118;0.00000;0.00002;0.00003;0.00009;0.00003;0.00000;0.00007;0.00013;0.00001;0.00003;0.00006;0.00006;0.00009;0.00000;0.00001;0.00253;0.00004;0.00003;0.00003;0.00007;0.00008;0.00019;0.00006;0.00010;0.00018;0.00002;0.00001;0.00001;0.00013;0.00015;0.00004;0.00051;0.00107;0.00003;0.00020;0.00047;0.00057;0.00039;0.00013;0.00077;0.00020;0.00035;0.00007;0.00048;0.00027;0.00005;0.00009;0.00099;0.00006;0.00013;0.00029;0.00000;0.00014;0.00011;0.00006;0.00002;0.00010;0.00002;0.00018;0.00000;0.00000;0.00000;0.00000;0.00001;0.00073;0.00007;0.00008;0.00000;0.00000;0.00051;0.00001;0.00001;0.00003;0.00002;0.00001;0.00000;0.00004;0.00001;0.00002;0.00002;0.00001;0.00001;0.00039;0.00002;0.00042;0.00003;0.00005;0.00009;0.00005;0.00006;0.00001;0.00001;0.00001;0.00013;0.00006;0.00000;0.00000;0.00006;0.00001;0.00000;0.00001;0.00004;0.00000;0.00009;0.00018;0.00102;0.00003;0.00001;0.00000;0.00001;0.00000;0.00143;0.00000;0.00001;0.00005;0.00001;0.00001;0.00006;0.00000;0.00000;0.00002;0.00006;0.00009;0.00003;0.00001;0.00000;0.00000
2020-04-11 00:00;0.00001;0.00005;0.00000;0.00002;0.00000;0.00000;0.00000;0.00001;0.00000;0.00000;0.00004;0.00000;0.00005;0.00000;0.00000;0.00000;0.00004;0.00003;0.00001;0.00001;0.00000;0.00000;0.00000;0.00001;0.00001;0.00007;0.00000;0.00000;0.00000;0.00001;0.00005;0.00000;0.00008;0.00001;0.00001;0.00001;0.00000;0.00001;0.00000;0.00001;0.00004;0.00005;0.00000;0.00001;0.00000;0.00000;0.00000;0.00000;0.00004;0.00000;0.00000;0.00000;0.00000;0.00001;0.00000;0.00002;0.00000;0.00002;0.00000;0.00000;0.00000;0.00000;0.00000;0.00004;0.00000;0.00000;0.00000;0.00000;0.00000;0.00016;0.00000;0.00000;0.00000;0.00000;0.00005;0.00000;0.00000;0.00001;0.00001;0.00003;0.00000;0.00000;0.00001;0.00005;0.00004;0.00000;0.00002;0.00002;0.00000;0.00000;0.00001;0.00000;0.00005;0.00006;0.00000;0.00000;0.00004;0.00001;0.00009;0.00119;0.00498;0.00086;0.00001;0.00000;0.00001;0.00000;0.00001;0.00085;0.00002;0.00001;0.00001;0.00001;0.00001;0.00002;0.00001;0.00001;0.00000;0.00000;0.00001;0.00001;0.00001;0.00000;0.00001;0.00000;0.00000;0.00002;0.00001;0.00002;0.00000;0.00000;0.00001;0.00004;0.00000;0.00000;0.00002;0.00001;0.00003;0.00001;0.00001;0.00000;0.00001;0.00000;0.00000;0.00007;0.00001;0.00001;0.00004;0.00002;0.00001;0.00003;0.00024;0.00003;0.00007;0.00001;0.00002;0.00001;0.00001;0.00111;0.00000;0.00000;0.00001;0.00000;0.00034;0.00186;0.00025;0.00006;0.00004;0.00001;0.00001;0.00028;0.00018;0.00029;0.00046;0.00029;0.00002;0.00027;0.00000;0.00015;0.00043;0.00004;0.00048;0.00022;0.00001;0.00049;0.00035;0.00002;0.00004;0.00001;0.00006;0.00036;0.00110;0.00044;0.00033;0.00055;0.00000;0.00000;0.00066;0.00035;0.00012;0.00007;0.00004;0.00003;0.00116;0.00001;0.00007;0.00004;0.00024;0.00002;0.00005;0.00000;0.00002;0.00003;0.00004;0.00024;0.00005;0.00028;0.00073;0.00026;0.00004;0.00146;0.00003;0.00002;0.00001;0.00052;0.00052;0.00052;0.00019;0.00022;0.00037;0.00007;0.00012;0.00013;0.00010;0.00046;0.00002;0.00009;0.00000;0.00010;0.00015;0.00002;0.00004;0.00004;0.00035;0.00005;0.00011;0.00004;0.00000;0.00000;0.00000;0.00000;0.00017;0.00028;0.00001;0.00001;0.00007;0.00004;0.00011;0.00003;0.00002;0.00000;0.00005;0.00003;0.00000;0.00000;0.00001;0.00000;0.00000;0.00029;0.00002;0.00026;0.00002;0.00001;0.00013;0.00007;0.00053;0.00024;0.00008;0.00030;0.00019;0.00021;0.00012;0.00003;0.00004;0.00003;0.00026;0.00029;0.00000;0.00000;0.00003;0.00159;0.00101;0.00040;0.00001;0.00002;0.00019;0.00001;0.00001;0.00000;0.00001;0.00001;0.00004;0.00013;0.00009;0.00003;0.00049;0.00086;0.00007;0.00005;0.00004;0.00008;0.00008;0.00055;0.00016;0.00001;0.00003;0.00039;0.00002;0.00000;0.00005;0.00002;0.00004;0.00042;0.00005;0.00019;0.00003;0.00007;0.00043;0.00005;0.00004;0.00000;0.00014;0.00001;0.00001;0.00000;0.00000;0.00000;0.00002;0.00001;0.00002;0.00004;0.00013;0.00001;0.00001;0.00001;0.00001;0.00002;0.00001;0.00003;0.00001;0.00005;0.00062;0.00029;0.00008;0.00004;0.00003;0.00000;0.00001;0.00007;0.00000;0.00015;0.00017;0.00000;0.00001;0.00001;0.00002;0.00005;0.00044;0.00128;0.00001;0.00002;0.00003;0.00009;0.00003;0.00000;0.00007;0.00014;0.00001;0.00003;0.00006;0.00006;0.00009;0.00000;0.00001;0.00268;0.00003;0.00003;0.00004;0.00007;0.00008;0.00020;0.00006;0.00010;0.00019;0.00002;0.00001;0.00001;0.00013;0.00015;0.00004;0.00053;0.00108;0.00003;0.00020;0.00048;0.00058;0.00038;0.00013;0.00089;0.00020;0.00037;0.00007;0.00048;0.00026;0.00005;0.00009;0.00099;0.00006;0.00014;0.00036;0.00000;0.00014;0.00011;0.00006;0.00002;0.00010;0.00002;0.00018;0.00000;0.00000;0.00000;0.00000;0.00001;0.00073;0.00007;0.00008;0.00000;0.00000;0.00051;0.00001;0.00001;0.00003;0.00002;0.00001;0.00000;0.00004;0.00001;0.00002;0.00002;0.00001;0.00001;0.00039;0.00002;0.00049;0.00003;0.00005;0.00009;0.00005;0.00006;0.00001;0.00001;0.00001;0.00013;0.00006;0.00000;0.00000;0.00006;0.00001;0.00000;0.00001;0.00004;0.00000;0.00009;0.00018;0.00104;0.00003;0.00001;0.00000;0.00001;0.00000;0.00152;0.00000;0.00001;0.00006;0.00001;0.00001;0.00011;0.00000;0.00000;0.00002;0.00006;0.00009;0.00003;0.00001;0.00000;0.00000
2020-04-12 00:00;0.00001;0.00006;0.00000;0.00002;0.00000;0.00000;0.00000;0.00001;0.00000;0.00000;0.00004;0.00000;0.00005;0.00000;0.00000;0.00000;0.00004;0.00003;0.00001;0.00001;0.00000;0.00000;0.00000;0.00001;0.00001;0.00007;0.00000;0.00000;0.00000;0.00001;0.00005;0.00000;0.00008;0.00001;0.00001;0.00001;0.00000;0.00001;0.00000;0.00001;0.00004;0.00005;0.00000;0.00001;0.00000;0.00000;0.00000;0.00000;0.00004;0.00000;0.00000;0.00000;0.00000;0.00001;0.00000;0.00002;0.00000;0.00002;0.00000;0.00000;0.00000;0.00000;0.00000;0.00004;0.00000;0.00000;0.00000;0.00000;0.00000;0.00016;0.00000;0.00000;0.00000;0.00000;0.00005;0.00000;0.00000;0.00001;0.00001;0.00003;0.00000;0.00000;0.00001;0.00005;0.00004;0.00000;0.00002;0.00002;0.00000;0.00000;0.00001;0.00000;0.00005;0.00006;0.00000;0.00000;0.00004;0.00001;0.00010;0.00136;0.00587;0.00113;0.00001;0.00000;0.00001;0.00000;0.00001;0.00090;0.00002;0.00001;0.00001;0.00001;0.00001;0.00002;0.00001;0.00001;0.00000;0.00000;0.00001;0.00001;0.00001;0.00000;0.00001;0.00000;0.00000;0.00002;0.00001;0.00002;0.00000;0.00000;0.00001;0.00004;0.00000;0.00000;0.00002;0.00001;0.00003;0.00001;0.00001;0.00000;0.00001;0.00000;0.00000;0.00007;0.00001;0.00001;0.00004;0.00002;0.00001;0.00003;0.00024;0.00003;0.00007;0.00001;0.00002;0.00001;0.00001;0.00136;0.00000;0.00000;0.00001;0.00000;0.00039;0.00232;0.00028;0.00006;0.00004;0.00001;0.00001;0.00033;0.00018;0.00030;0.00047;0.00030;0.00002;0.00030;0.00000;0.00016;0.00055;0.00004;0.00049;0.00023;0.00001;0.00050;0.00035;0.00002;0.00004;0.00001;0.00006;0.00037;0.00115;0.00045;0.00033;0.00056;0.00000;0.00000;0.00067;0.00036;0.00012;0.00007;0.00004;0.00003;0.00121;0.00001;0.00008;0.00004;0.00026;0.00002;0.00005;0.00000;0.00002;0.00003;0.00004;0.00024;0.00005;0.00029;0.00077;0.00026;0.00004;0.00148;0.00003;0.00002;0.00001;0.00052;0.00052;0.00053;0.00020;0.00022;0.00037;0.00007;0.00013;0.00013;0.00010;0.00051;0.00002;0.00010;0.00000;0.00010;0.00017;0.00002;0.00005;0.00004;0.00039;0.00005;0.00011;0.00004;0.00000;0.00000;0.00000;0.00000;0.00018;0.00028;0.00001;0.00001;0.00008;0.00004;0.00013;0.00003;0.00002;0.00000;0.00005;0.00003;0.00000;0.00000;0.00001;0.00000;0.00000;0.00032;0.00002;0.00029;0.00002;0.00001;0.00014;0.00007;0.00058;0.00024;0.00008;0.00030;0.00019;0.00022;0.00012;0.00003;0.00004;0.00003;0.00029;0.00032;0.00000;0.00000;0.00003;0.00179;0.00105;0.00045;0.00001;0.00002;0.00020;0.00001;0.00001;0.00000;0.00001;0.00001;0.00004;0.00013;0.00009;0.00003;0.00052;0.00094;0.00007;0.00005;0.00004;0.00009;0.00009;0.00057;0.00017;0.00001;0.00003;0.00044;0.00002;0.00000;0.00006;0.00002;0.00004;0.00045;0.00005;0.00019;0.00003;0.00007;0.00045;0.00005;0.00004;0.00000;0.00016;0.00001;0.00001;0.00000;0.00000;0.00000;0.00002;0.00001;0.00002;0.00003;0.00014;0.00001;0.00001;0.00001;0.00001;0.00002;0.00001;0.00003;0.00001;0.00005;0.00066;0.00029;0.00008;0.00005;0.00003;0.00000;0.00001;0.00007;0.00000;0.00015;0.00017;0.00000;0.00000;0.00001;0.00002;0.00005;0.00049;0.00139;0.00001;0.00002;0.00004;0.00009;0.00003;0.00000;0.00007;0.00015;0.00001;0.00003;0.00007;0.00006;0.00009;0.00000;0.00001;0.00303;0.00003;0.00003;0.00004;0.00007;0.00008;0.00022;0.00006;0.00010;0.00021;0.00002;0.00001;0.00001;0.00013;0.00015;0.00004;0.00054;0.00110;0.00003;0.00020;0.00050;0.00062;0.00040;0.00013;0.00101;0.00020;0.00039;0.00007;0.00049;0.00026;0.00005;0.00010;0.00103;0.00006;0.00014;0.00043;0.00000;0.00014;0.00011;0.00006;0.00002;0.00010;0.00002;0.00018;0.00000;0.00000;0.00000;0.00000;0.00001;0.00073;0.00007;0.00008;0.00000;0.00000;0.00051;0.00001;0.00001;0.00003;0.00002;0.00001;0.00000;0.00004;0.00001;0.00002;0.00002;0.00001;0.00001;0.00039;0.00002;0.00049;0.00003;0.00005;0.00009;0.00005;0.00006;0.00001;0.00001;0.00001;0.00013;0.00006;0.00000;0.00000;0.00006;0.00001;0.00000;0.00001;0.00004;0.00000;0.00009;0.00018;0.00110;0.00003;0.00001;0.00000;0.00001;0.00000;0.00168;0.00000;0.00001;0.00006;0.00001;0.00001;0.00016;0.00000;0.00000;0.00002;0.00006;0.00009;0.00003;0.00001;0.00000;0.00000
2020-04-13 00:00;0.00001;0.00003;0.00000;0.00002;0.00000;0.00000;0.00000;0.00001;0.00000;0.00000;0.00004;0.00000;0.00005;0.00000;0.00000;0.00000;0.00003;0.00003;0.00001;0.00001;0.00000;0.00000;0.00000;0.00001;0.00001;0.00004;0.00000;0.00000;0.00000;0.00001;0.00004;0.00000;0.00008;0.00001;0.00001;0.00001;0.00000;0.00001;0.00000;0.00001;0.00004;0.00005;0.00000;0.00001;0.00000;0.00000;0.00000;0.00000;0.00004;0.00000;0.00000;0.00000;0.00000;0.00001;0.00000;0.00002;0.00000;0.00002;0.00000;0.00000;0.00000;0.00000;0.00000;0.00004;0.00000;0.00000;0.00000;0.00000;0.00000;0.00015;0.00000;0.00000;0.00000;0.00000;0.00005;0.00000;0.00000;0.00001;0.00001;0.00003;0.00000;0.00000;0.00001;0.00005;0.00004;0.00000;0.00002;0.00002;0.00000;0.00000;0.00001;0.00000;0.00005;0.00006;0.00000;0.00000;0.00004;0.00001;0.00009;0.00036;0.00529;0.00066;0.00001;0.00000;0.00001;0.00000;0.00001;0.00086;0.00002;0.00001;0.00001;0.00001;0.00001;0.00002;0.00001;0.00001;0.00000;0.00000;0.00001;0.00001;0.00001;0.00000;0.00001;0.00000;0.00000;0.00002;0.00001;0.00002;0.00000;0.00000;0.00001;0.00004;0.00000;0.00000;0.00002;0.00001;0.00003;0.00001;0.00001;0.00000;0.00001;0.00000;0.00000;0.00007;0.00001;0.00001;0.00004;0.00002;0.00001;0.00003;0.00024;0.00003;0.00007;0.00001;0.00002;0.00001;0.00001;0.00090;0.00000;0.00000;0.00001;0.00000;0.00029;0.00137;0.00016;0.00006;0.00004;0.00001;0.00001;0.00013;0.00017;0.00029;0.00039;0.00029;0.00002;0.00017;0.00000;0.00010;0.00021;0.00002;0.00045;0.00021;0.00001;0.00045;0.00033;0.00002;0.00004;0.00001;0.00006;0.00030;0.00104;0.00042;0.00032;0.00051;0.00000;0.00000;0.00064;0.00034;0.00012;0.00007;0.00004;0.00003;0.00111;0.00001;0.00007;0.00004;0.00021;0.00002;0.00005;0.00000;0.00002;0.00003;0.00004;0.00024;0.00005;0.00025;0.00063;0.00024;0.00004;0.00125;0.00003;0.00002;0.00001;0.00050;0.00050;0.00049;0.00018;0.00021;0.00036;0.00007;0.00011;0.00011;0.00010;0.00032;0.00002;0.00008;0.00000;0.00008;0.00012;0.00002;0.00003;0.00004;0.00027;0.00005;0.00010;0.00004;0.00000;0.00000;0.00000;0.00000;0.00013;0.00028;0.00001;0.00001;0.00006;0.00004;0.00005;0.00003;0.00002;0.00000;0.00003;0.00003;0.00000;0.00000;0.00001;0.00000;0.00000;0.00020;0.00002;0.00019;0.00002;0.00001;0.00010;0.00005;0.00039;0.00022;0.00008;0.00029;0.00018;0.00017;0.00011;0.00003;0.00004;0.00003;0.00014;0.00016;0.00000;0.00000;0.00002;0.00118;0.00070;0.00022;0.00001;0.00002;0.00017;0.00001;0.00001;0.00000;0.00001;0.00001;0.00003;0.00013;0.00007;0.00003;0.00044;0.00070;0.00007;0.00005;0.00004;0.00007;0.00006;0.00053;0.00015;0.00001;0.00003;0.00032;0.00002;0.00000;0.00003;0.00002;0.00004;0.00038;0.00005;0.00018;0.00003;0.00006;0.00036;0.00005;0.00003;0.00000;0.00008;0.00001;0.00001;0.00000;0.00000;0.00000;0.00002;0.00001;0.00002;0.00004;0.00011;0.00001;0.00001;0.00001;0.00001;0.00001;0.00001;0.00003;0.00001;0.00004;0.00051;0.00029;0.00008;0.00004;0.00003;0.00000;0.00001;0.00004;0.00000;0.00014;0.00017;0.00000;0.00000;0.00000;0.00000;0.00001;0.00028;0.00084;0.00000;0.00002;0.00003;0.00009;0.00003;0.00000;0.00004;0.00010;0.00001;0.00003;0.00005;0.00006;0.00009;0.00000;0.00001;0.00196;0.00003;0.00002;0.00002;0.00006;0.00008;0.00014;0.00005;0.00009;0.00015;0.00002;0.00001;0.00001;0.00013;0.00015;0.00004;0.00049;0.00106;0.00003;0.00020;0.00045;0.00049;0.00038;0.00013;0.00070;0.00019;0.00033;0.00007;0.00046;0.00025;0.00005;0.00008;0.00094;0.00006;0.00012;0.00026;0.00000;0.00014;0.00010;0.00005;0.00002;0.00008;0.00002;0.00018;0.00000;0.00000;0.00000;0.00000;0.00001;0.00073;0.00007;0.00008;0.00000;0.00000;0.00050;0.00001;0.00001;0.00003;0.00002;0.00001;0.00000;0.00004;0.00001;0.00002;0.00002;0.00001;0.00001;0.00039;0.00002;0.00024;0.00003;0.00005;0.00009;0.00005;0.00006;0.00001;0.00001;0.00001;0.00013;0.00006;0.00000;0.00000;0.00006;0.00001;0.00000;0.00001;0.00004;0.00000;0.00009;0.00018;0.00106;0.00003;0.00001;0.00000;0.00001;0.00000;0.00135;0.00000;0.00001;0.00004;0.00001;0.00001;0.00006;0.00000;0.00000;0.00002;0.00005;0.00009;0.00003;0.00001;0.00000;0.00000
2020-04-14 00:00;0.00001;0.00002;0.00000;0.00002;0.00000;0.00000;0.00000;0.00001;0.00000;0.00000;0.00004;0.00000;0.00005;0.00000;0.00000;0.00000;0.00003;0.00003;0.00001;0.00001;0.00000;0.00000;0.00000;0.00001;0.00001;0.00003;0.00000;0.00000;0.00000;0.00001;0.00004;0.00000;0.00008;0.00001;0.00001;0.00001;0.00000;0.00001;0.00000;0.00001;0.00004;0.00004;0.00000;0.00001;0.00000;0.00000;0.00000;0.00000;0.00004;0.00000;0.00000;0.00000;0.00000;0.00001;0.00000;0.00002;0.00000;0.00002;0.00000;0.00000;0.00000;0.00000;0.00000;0.00004;0.00000;0.00000;0.00000;0.00000;0.00000;0.00014;0.00000;0.00000;0.00000;0.00000;0.00005;0.00000;0.00000;0.00001;0.00001;0.00003;0.00000;0.00000;0.00001;0.00005;0.00004;0.00000;0.00002;0.00002;0.00000;0.00000;0.00001;0.00000;0.00005;0.00006;0.00000;0.00000;0.00004;0.00001;0.00009;0.00008;0.00375;0.00031;0.00001;0.00000;0.00001;0.00000;0.00001;0.00080;0.00002;0.00001;0.00001;0.00001;0.00001;0.00002;0.00001;0.00001;0.00000;0.00000;0.00001;0.00001;0.00001;0.00000;0.00001;0.00000;0.00000;0.00002;0.00001;0.00002;0.00000;0.00000;0.00001;0.00004;0.00000;0.00000;0.00002;0.00001;0.00003;0.00001;0.00001;0.00000;0.00001;0.00000;0.00000;0.00007;0.00001;0.00001;0.00004;0.00002;0.00001;0.00003;0.00024;0.00003;0.00007;0.00001;0.00002;0.00001;0.00001;0.00053;0.00000;0.00000;0.00001;0.00000;0.00022;0.00056;0.00013;0.00006;0.00004;0.00001;0.00001;0.00008;0.00017;0.00020;0.00025;0.00014;0.00002;0.00008;0.00000;0.00008;0.00011;0.00002;0.00035;0.00019;0.00001;0.00042;0.00031;0.00002;0.00004;0.00001;0.00005;0.00023;0.00083;0.00040;0.00030;0.00045;0.00000;0.00000;0.00054;0.00032;0.00010;0.00007;0.00004;0.00003;0.00088;0.00001;0.00006;0.00004;0.00019;0.00002;0.00005;0.00000;0.00002;0.00003;0.00004;0.00024;0.00005;0.00023;0.00043;0.00023;0.00003;0.00086;0.00003;0.00002;0.00001;0.00049;0.00045;0.00043;0.00016;0.00020;0.00033;0.00007;0.00010;0.00010;0.00010;0.00015;0.00001;0.00005;0.00000;0.00006;0.00005;0.00002;0.00002;0.00004;0.00014;0.00005;0.00009;0.00004;0.00000;0.00000;0.00000;0.00000;0.00009;0.00027;0.00001;0.00001;0.00005;0.00003;0.00001;0.00003;0.00002;0.00000;0.00001;0.00002;0.00000;0.00000;0.00001;0.00000;0.00000;0.00008;0.00002;0.00006;0.00002;0.00001;0.00005;0.00004;0.00024;0.00020;0.00008;0.00029;0.00017;0.00016;0.00010;0.00003;0.00004;0.00003;0.00006;0.00005;0.00000;0.00000;0.00002;0.00044;0.00031;0.00006;0.00001;0.00002;0.00009;0.00000;0.00001;0.00000;0.00001;0.00001;0.00003;0.00012;0.00005;0.00002;0.00024;0.00031;0.00007;0.00005;0.00003;0.00005;0.00004;0.00045;0.00014;0.00001;0.00003;0.00012;0.00002;0.00000;0.00001;0.00002;0.00004;0.00018;0.00005;0.00015;0.00003;0.00005;0.00016;0.00004;0.00003;0.00000;0.00003;0.00001;0.00001;0.00000;0.00000;0.00000;0.00002;0.00001;0.00002;0.00004;0.00006;0.00001;0.00001;0.00001;0.00001;0.00001;0.00001;0.00002;0.00001;0.00002;0.00039;0.00029;0.00005;0.00004;0.00003;0.00000;0.00001;0.00002;0.00000;0.00013;0.00017;0.00000;0.00000;0.00000;0.00000;0.00000;0.00012;0.00032;0.00000;0.00002;0.00002;0.00009;0.00003;0.00000;0.00001;0.00004;0.00001;0.00003;0.00003;0.00006;0.00009;0.00000;0.00000;0.00080;0.00001;0.00001;0.00001;0.00006;0.00007;0.00004;0.00005;0.00009;0.00007;0.00002;0.00001;0.00001;0.00012;0.00015;0.00004;0.00048;0.00103;0.00003;0.00020;0.00039;0.00031;0.00027;0.00012;0.00044;0.00018;0.00028;0.00006;0.00042;0.00022;0.00005;0.00003;0.00078;0.00006;0.00010;0.00015;0.00000;0.00013;0.00008;0.00005;0.00002;0.00005;0.00002;0.00018;0.00000;0.00000;0.00000;0.00000;0.00001;0.00073;0.00007;0.00008;0.00000;0.00000;0.00050;0.00001;0.00001;0.00003;0.00002;0.00001;0.00000;0.00004;0.00001;0.00002;0.00002;0.00001;0.00001;0.00039;0.00002;0.00012;0.00003;0.00005;0.00009;0.00005;0.00006;0.00001;0.00001;0.00001;0.00013;0.00006;0.00000;0.00000;0.00006;0.00001;0.00000;0.00001;0.00004;0.00000;0.00009;0.00018;0.00098;0.00003;0.00001;0.00000;0.00001;0.00000;0.00104;0.00000;0.00001;0.00003;0.00001;0.00001;0.00002;0.00000;0.00000;0.00002;0.00005;0.00009;0.00003;0.00001;0.00000;0.00000
2020-04-15 00:00;0.00001;0.00005;0.00000;0.00002;0.00000;0.00000;0.00000;0.00001;0.00000;0.00000;0.00004;0.00000;0.00005;0.00000;0.00000;0.00000;0.00003;0.00003;0.00001;0.00001;0.00000;0.00000;0.00000;0.00001;0.00001;0.00005;0.00000;0.00000;0.00000;0.00001;0.00004;0.00000;0.00008;0.00001;0.00001;0.00001;0.00000;0.00001;0.00000;0.00001;0.00004;0.00004;0.00000;0.00001;0.00000;0.00000;0.00000;0.00000;0.00004;0.00000;0.00000;0.00000;0.00000;0.00001;0.00000;0.00002;0.00000;0.00002;0.00000;0.00000;0.00000;0.00000;0.00000;0.00004;0.00000;0.00000;0.00000;0.00000;0.00000;0.00014;0.00000;0.00000;0.00000;0.00000;0.00005;0.00000;0.00000;0.00001;0.00001;0.00003;0.00000;0.00000;0.00001;0.00005;0.00004;0.00000;0.00002;0.00002;0.00000;0.00000;0.00001;0.00000;0.00005;0.00006;0.00000;0.00000;0.00004;0.00001;0.00009;0.00122;0.00470;0.00092;0.00001;0.00000;0.00001;0.00000;0.00001;0.00087;0.00002;0.00001;0.00001;0.00001;0.00001;0.00002;0.00001;0.00001;0.00000;0.00000;0.00001;0.00001;0.00001;0.00000;0.00001;0.00000;0.00000;0.00002;0.00001;0.00002;0.00000;0.00000;0.00001;0.00004;0.00000;0.00000;0.00002;0.00001;0.00003;0.00001;0.00001;0.00000;0.00001;0.00000;0.00000;0.00007;0.00001;0.00001;0.00004;0.00002;0.00001;0.00003;0.00024;0.00003;0.00007;0.00001;0.00002;0.00001;0.00001;0.00128;0.00000;0.00000;0.00001;0.00000;0.00032;0.00144;0.00024;0.00006;0.00004;0.00001;0.00001;0.00034;0.00018;0.00022;0.00031;0.00017;0.00002;0.00022;0.00000;0.00014;0.00052;0.00002;0.00038;0.00020;0.00001;0.00043;0.00032;0.00002;0.00004;0.00001;0.00005;0.00024;0.00080;0.00040;0.00029;0.00045;0.00000;0.00000;0.00051;0.00033;0.00009;0.00007;0.00004;0.00003;0.00084;0.00001;0.00006;0.00004;0.00021;0.00002;0.00005;0.00000;0.00002;0.00003;0.00004;0.00024;0.00005;0.00024;0.00046;0.00024;0.00003;0.00083;0.00003;0.00002;0.00001;0.00049;0.00046;0.00042;0.00016;0.00020;0.00033;0.00007;0.00010;0.00010;0.00010;0.00022;0.00001;0.00006;0.00000;0.00007;0.00008;0.00002;0.00003;0.00004;0.00019;0.00005;0.00009;0.00004;0.00000;0.00000;0.00000;0.00000;0.00011;0.00027;0.00001;0.00001;0.00006;0.00004;0.00007;0.00003;0.00002;0.00000;0.00003;0.00002;0.00000;0.00000;0.00001;0.00000;0.00000;0.00015;0.00002;0.00013;0.00002;0.00001;0.00007;0.00004;0.00035;0.00020;0.00008;0.00029;0.00018;0.00019;0.00011;0.00003;0.00004;0.00003;0.00018;0.00018;0.00000;0.00000;0.00003;0.00077;0.00048;0.00021;0.00001;0.00002;0.00010;0.00001;0.00001;0.00000;0.00001;0.00001;0.00003;0.00012;0.00005;0.00002;0.00023;0.00034;0.00007;0.00005;0.00003;0.00005;0.00005;0.00046;0.00015;0.00001;0.00003;0.00017;0.00002;0.00000;0.00003;0.00002;0.00004;0.00016;0.00005;0.00015;0.00003;0.00005;0.00017;0.00004;0.00004;0.00000;0.00007;0.00001;0.00001;0.00000;0.00000;0.00000;0.00002;0.00001;0.00002;0.00004;0.00007;0.00001;0.00001;0.00001;0.00001;0.00001;0.00001;0.00002;0.00001;0.00002;0.00044;0.00029;0.00005;0.00004;0.00003;0.00000;0.00001;0.00003;0.00000;0.00014;0.00017;0.00000;0.00001;0.00002;0.00003;0.00007;0.00020;0.00056;0.00001;0.00002;0.00003;0.00009;0.00003;0.00000;0.00004;0.00006;0.00001;0.00003;0.00004;0.00006;0.00009;0.00000;0.00001;0.00120;0.00002;0.00001;0.00002;0.00006;0.00008;0.00010;0.00005;0.00009;0.00009;0.00002;0.00001;0.00001;0.00013;0.00015;0.00004;0.00049;0.00107;0.00003;0.00020;0.00040;0.00030;0.00023;0.00012;0.00055;0.00018;0.00028;0.00006;0.00042;0.00022;0.00005;0.00005;0.00075;0.00006;0.00012;0.00030;0.00000;0.00013;0.00008;0.00005;0.00002;0.00005;0.00002;0.00018;0.00000;0.00000;0.00000;0.00000;0.00001;0.00073;0.00007;0.00008;0.00000;0.00000;0.00050;0.00001;0.00001;0.00003;0.00002;0.00001;0.00000;0.00004;0.00001;0.00002;0.00002;0.00001;0.00001;0.00039;0.00002;0.00069;0.00003;0.00005;0.00009;0.00005;0.00006;0.00001;0.00001;0.00001;0.00013;0.00006;0.00000;0.00000;0.00006;0.00001;0.00000;0.00001;0.00004;0.00000;0.00009;0.00018;0.00107;0.00003;0.00001;0.00000;0.00001;0.00000;0.00118;0.00000;0.00001;0.00004;0.00001;0.00001;0.00009;0.00000;0.00000;0.00002;0.00005;0.00009;0.00003;0.00001;0.00000;0.00000
2020-04-16 00:00;0.00001;0.00005;0.00000;0.00002;0.00000;0.00000;0.00000;0.00001;0.00000;0.00000;0.00004;0.00000;0.00005;0.00000;0.00000;0.00000;0.00003;0.00003;0.00001;0.00001;0.00000;0.00000;0.00000;0.00001;0.00001;0.00005;0.00000;0.00000;0.00000;0.00001;0.00004;0.00000;0.00008;0.00001;0.00001;0.00001;0.00000;0.00001;0.00000;0.00001;0.00004;0.00004;0.00000;0.00001;0.00000;0.00000;0.00000;0.00000;0.00004;0.00000;0.00000;0.00000;0.00000;0.00001;0.00000;0.00002;0.00000;0.00002;0.00000;0.00000;0.00000;0.00000;0.00000;0.00004;0.00000;0.00000;0.00000;0.00000;0.00000;0.00015;0.00000;0.00000;0.00000;0.00000;0.00005;0.00000;0.00000;0.00001;0.00001;0.00003;0.00000;0.00000;0.00001;0.00005;0.00004;0.00000;0.00002;0.00002;0.00000;0.00000;0.00001;0.00000;0.00005;0.00006;0.00000;0.00000;0.00004;0.00001;0.00009;0.00126;0.00631;0.00109;0.00001;0.00000;0.00001;0.00000;0.00001;0.00090;0.00002;0.00001;0.00001;0.00001;0.00001;0.00002;0.00001;0.00001;0.00000;0.00000;0.00001;0.00001;0.00001;0.00000;0.00001;0.00000;0.00000;0.00002;0.00001;0.00002;0.00000;0.00000;0.00001;0.00004;0.00000;0.00000;0.00002;0.00001;0.00003;0.00001;0.00001;0.00000;0.00001;0.00000;0.00000;0.00007;0.00001;0.00001;0.00004;0.00002;0.00001;0.00003;0.00024;0.00003;0.00007;0.00001;0.00002;0.00001;0.00001;0.00166;0.00000;0.00000;0.00001;0.00000;0.00037;0.00213;0.00025;0.00006;0.00004;0.00001;0.00001;0.00037;0.00018;0.00024;0.00036;0.00021;0.00002;0.00029;0.00000;0.00015;0.00055;0.00002;0.00041;0.00020;0.00001;0.00044;0.00032;0.00002;0.00004;0.00001;0.00005;0.00026;0.00086;0.00040;0.00030;0.00047;0.00000;0.00000;0.00053;0.00033;0.00009;0.00007;0.00004;0.00003;0.00090;0.00001;0.00006;0.00004;0.00022;0.00002;0.00005;0.00000;0.00002;0.00003;0.00004;0.00024;0.00005;0.00025;0.00052;0.00024;0.00003;0.00099;0.00003;0.00002;0.00001;0.00049;0.00048;0.00044;0.00017;0.00020;0.00034;0.00007;0.00011;0.00011;0.00010;0.00029;0.00002;0.00007;0.00000;0.00008;0.00010;0.00002;0.00003;0.00004;0.00023;0.00005;0.00010;0.00004;0.00000;0.00000;0.00000;0.00000;0.00013;0.00027;0.00001;0.00001;0.00007;0.00004;0.00010;0.00003;0.00002;0.00000;0.00004;0.00003;0.00000;0.00000;0.00001;0.00000;0.00000;0.00021;0.00002;0.00019;0.00002;0.00001;0.00009;0.00005;0.00042;0.00021;0.00008;0.00030;0.00019;0.00020;0.00011;0.00003;0.00004;0.00003;0.00022;0.00026;0.00000;0.00000;0.00003;0.00116;0.00063;0.00031;0.00001;0.00002;0.00012;0.00001;0.00001;0.00000;0.00001;0.00001;0.00003;0.00012;0.00006;0.00002;0.00029;0.00046;0.00007;0.00005;0.00004;0.00006;0.00006;0.00049;0.00015;0.00001;0.00003;0.00025;0.00002;0.00000;0.00003;0.00002;0.00004;0.00022;0.00005;0.00016;0.00003;0.00006;0.00022;0.00005;0.00004;0.00000;0.00009;0.00001;0.00001;0.00000;0.00000;0.00000;0.00002;0.00001;0.00002;0.00004;0.00009;0.00001;0.00001;0.00001;0.00001;0.00001;0.00001;0.00002;0.00001;0.00003;0.00049;0.00029;0.00005;0.00005;0.00003;0.00000;0.00001;0.00004;0.00000;0.00014;0.00017;0.00000;0.00001;0.00002;0.00002;0.00007;0.00026;0.00075;0.00001;0.00002;0.00003;0.00009;0.00003;0.00000;0.00005;0.00008;0.00001;0.00003;0.00004;0.00006;0.00009;0.00000;0.00001;0.00167;0.00002;0.00001;0.00002;0.00006;0.00008;0.00013;0.00005;0.00009;0.00012;0.00002;0.00001;0.00001;0.00013;0.00015;0.00004;0.00050;0.00108;0.00003;0.00020;0.00041;0.00034;0.00025;0.00013;0.00066;0.00018;0.00030;0.00006;0.00043;0.00023;0.00005;0.00006;0.00079;0.00006;0.00012;0.00039;0.00000;0.00014;0.00009;0.00005;0.00002;0.00006;0.00002;0.00018;0.00000;0.00000;0.00000;0.00000;0.00001;0.00073;0.00007;0.00008;0.00000;0.00000;0.00050;0.00001;0.00001;0.00003;0.00002;0.00001;0.00000;0.00004;0.00001;0.00002;0.00002;0.00001;0.00001;0.00039;0.00002;0.00088;0.00003;0.00005;0.00009;0.00005;0.00006;0.00001;0.00001;0.00001;0.00013;0.00006;0.00000;0.00000;0.00006;0.00001;0.00000;0.00001;0.00004;0.00000;0.00009;0.00018;0.00115;0.00003;0.00001;0.00000;0.00001;0.00000;0.00130;0.00000;0.00001;0.00005;0.00001;0.00001;0.00010;0.00000;0.00000;0.00002;0.00006;0.00009;0.00003;0.00001;0.00000;0.00000
2020-04-17 00:00;0.00001;0.00005;0.00000;0.00002;0.00000;0.00000;0.00000;0.00001;0.00000;0.00000;0.00004;0.00000;0.00005;0.00000;0.00000;0.00000;0.00003;0.00003;0.00001;0.00001;0.00000;0.00000;0.00000;0.00001;0.00001;0.00005;0.00000;0.00000;0.00000;0.00001;0.00004;0.00000;0.00008;0.00001;0.00001;0.00001;0.00000;0.00001;0.00000;0.00001;0.00004;0.00004;0.00000;0.00001;0.00000;0.00000;0.00000;0.00000;0.00004;0.00000;0.00000;0.00000;0.00000;0.00001;0.00000;0.00002;0.00000;0.00002;0.00000;0.00000;0.00000;0.00000;0.00000;0.00004;0.00000;0.00000;0.00000;0.00000;0.00000;0.00015;0.00000;0.00000;0.00000;0.00000;0.00005;0.00000;0.00000;0.00001;0.00001;0.00003;0.00000;0.00000;0.00001;0.00005;0.00004;0.00000;0.00002;0.00002;0.00000;0.00000;0.00001;0.00000;0.00005;0.00006;0.00000;0.00000;0.00004;0.00001;0.00009;0.00122;0.00604;0.00100;0.00001;0.00000;0.00001;0.00000;0.00001;0.00089;0.00002;0.00001;0.00001;0.00001;0.00001;0.00002;0.00001;0.00001;0.00000;0.00000;0.00001;0.00001;0.00001;0.00000;0.00001;0.00000;0.00000;0.00002;0.00001;0.00002;0.00000;0.00000;0.00001;0.00004;0.00000;0.00000;0.00002;0.00001;0.00003;0.00001;0.00001;0.00000;0.00001;0.00000;0.00000;0.00007;0.00001;0.00001;0.00004;0.00002;0.00001;0.00003;0.00024;0.00003;0.00007;0.00001;0.00002;0.00001;0.00001;0.00161;0.00000;0.00000;0.00001;0.00000;0.00038;0.00225;0.00026;0.00006;0.00004;0.00001;0.00001;0.00036;0.00018;0.00025;0.00038;0.00023;0.00002;0.00031;0.00000;0.00016;0.00054;0.00002;0.00043;0.00020;0.00001;0.00045;0.00033;0.00002;0.00004;0.00001;0.00005;0.00028;0.00090;0.00041;0.00031;0.00048;0.00000;0.00000;0.00055;0.00033;0.00010;0.00007;0.00004;0.00003;0.00095;0.00001;0.00007;0.00004;0.00023;0.00002;0.00005;0.00000;0.00002;0.00003;0.00004;0.00024;0.00005;0.00025;0.00055;0.00024;0.00003;0.00107;0.00003;0.00002;0.00001;0.00050;0.00048;0.00045;0.00017;0.00021;0.00034;0.00007;0.00011;0.00011;0.00010;0.00032;0.00002;0.00007;0.00000;0.00008;0.00011;0.00002;0.00003;0.00004;0.00025;0.00005;0.00010;0.00004;0.00000;0.00000;0.00000;0.00000;0.00013;0.00027;0.00001;0.00001;0.00007;0.00004;0.00008;0.00003;0.00002;0.00000;0.00004;0.00003;0.00000;0.00000;0.00001;0.00000;0.00000;0.00021;0.00002;0.00019;0.00002;0.00001;0.00010;0.00005;0.00043;0.00022;0.00008;0.00029;0.00018;0.00019;0.00011;0.00003;0.00004;0.00003;0.00020;0.00023;0.00000;0.00000;0.00003;0.00117;0.00068;0.00029;0.00001;0.00002;0.00013;0.00001;0.00001;0.00000;0.00001;0.00001;0.00003;0.00012;0.00006;0.00003;0.00032;0.00051;0.00007;0.00005;0.00004;0.00006;0.00006;0.00050;0.00015;0.00001;0.00003;0.00027;0.00002;0.00000;0.00004;0.00002;0.00004;0.00025;0.00005;0.00016;0.00003;0.00006;0.00025;0.00005;0.00004;0.00000;0.00010;0.00001;0.00001;0.00000;0.00000;0.00000;0.00002;0.00001;0.00002;0.00004;0.00009;0.00001;0.00001;0.00001;0.00001;0.00001;0.00001;0.00003;0.00001;0.00003;0.00051;0.00029;0.00006;0.00005;0.00003;0.00000;0.00001;0.00004;0.00000;0.00014;0.00017;0.00000;0.00000;0.00001;0.00002;0.00005;0.00028;0.00080;0.00001;0.00002;0.00003;0.00009;0.00003;0.00000;0.00005;0.00009;0.00001;0.00003;0.00004;0.00006;0.00009;0.00000;0.00001;0.00183;0.00002;0.00002;0.00003;0.00006;0.00008;0.00014;0.00005;0.00009;0.00013;0.00002;0.00001;0.00001;0.00013;0.00015;0.00004;0.00050;0.00108;0.00003;0.00020;0.00043;0.00039;0.00027;0.00013;0.00071;0.00019;0.00031;0.00006;0.00044;0.00023;0.00005;0.00007;0.00082;0.00006;0.00013;0.00038;0.00000;0.00014;0.00009;0.00005;0.00002;0.00007;0.00002;0.00018;0.00000;0.00000;0.00000;0.00000;0.00001;0.00073;0.00007;0.00008;0.00000;0.00000;0.00050;0.00001;0.00001;0.00003;0.00002;0.00001;0.00000;0.00004;0.00001;0.00002;0.00002;0.00001;0.00001;0.00039;0.00002;0.00082;0.00003;0.00005;0.00009;0.00005;0.00006;0.00001;0.00001;0.00001;0.00013;0.00006;0.00000;0.00000;0.00006;0.00001;0.00000;0.00001;0.00004;0.00000;0.00009;0.00018;0.00113;0.00003;0.00001;0.00000;0.00001;0.00000;0.00133;0.00000;0.00001;0.00005;0.00001;0.00001;0.00010;0.00000;0.00000;0.00002;0.00006;0.00009;0.00003;0.00001;0.00000;0.00000
2020-04-18 00:00;0.00001;0.00006;0.00000;0.00002;0.00000;0.00000;0.00000;0.00001;0.00000;0.00000;0.00004;0.00000;0.00005;0.00000;0.00000;0.00000;0.00004;0.00003;0.00001;0.00001;0.00000;0.00000;0.00000;0.00001;0.00001;0.00005;0.00000;0.00000;0.00000;0.00001;0.00004;0.00000;0.00008;0.00001;0.00001;0.00001;0.00000;0.00001;0.00000;0.00001;0.00004;0.00004;0.00000;0.00001;0.00000;0.00000;0.00000;0.00000;0.00004;0.00000;0.00000;0.00000;0.00000;0.00001;0.00000;0.00002;0.00000;0.00002;0.00000;0.00000;0.00000;0.00000;0.00000;0.00004;0.00000;0.00000;0.00000;0.00000;0.00000;0.00015;0.00000;0.00000;0.00000;0.00000;0.00005;0.00000;0.00000;0.00001;0.00001;0.00003;0.00000;0.00000;0.00001;0.00005;0.00004;0.00000;0.00002;0.00002;0.00000;0.00000;0.00001;0.00000;0.00005;0.00006;0.00000;0.00000;0.00004;0.00001;0.00009;0.00133;0.00622;0.00111;0.00001;0.00000;0.00001;0.00000;0.00001;0.00090;0.00002;0.00001;0.00001;0.00001;0.00001;0.00002;0.00001;0.00001;0.00000;0.00000;0.00001;0.00001;0.00001;0.00000;0.00001;0.00000;0.00000;0.00002;0.00001;0.00002;0.00000;0.00000;0.00001;0.00004;0.00000;0.00000;0.00002;0.00001;0.00003;0.00001;0.00001;0.00000;0.00001;0.00000;0.00000;0.00007;0.00001;0.00001;0.00004;0.00002;0.00001;0.00003;0.00024;0.00003;0.00007;0.00001;0.00002;0.00001;0.00001;0.00161;0.00000;0.00000;0.00001;0.00000;0.00039;0.00237;0.00028;0.00006;0.00004;0.00001;0.00001;0.00036;0.00018;0.00027;0.00041;0.00025;0.00002;0.00032;0.00000;0.00016;0.00059;0.00004;0.00045;0.00021;0.00001;0.00047;0.00034;0.00002;0.00004;0.00001;0.00006;0.00030;0.00094;0.00042;0.00031;0.00050;0.00000;0.00000;0.00058;0.00034;0.00010;0.00007;0.00004;0.00003;0.00101;0.00001;0.00007;0.00004;0.00024;0.00002;0.00005;0.00000;0.00002;0.00003;0.00004;0.00024;0.00005;0.00028;0.00059;0.00025;0.00004;0.00114;0.00003;0.00002;0.00001;0.00050;0.00049;0.00047;0.00018;0.00021;0.00035;0.00007;0.00011;0.00011;0.00010;0.00035;0.00002;0.00008;0.00000;0.00008;0.00012;0.00002;0.00004;0.00004;0.00027;0.00005;0.00010;0.00004;0.00000;0.00000;0.00000;0.00000;0.00014;0.00027;0.00001;0.00001;0.00007;0.00004;0.00010;0.00003;0.00002;0.00000;0.00004;0.00003;0.00000;0.00000;0.00001;0.00000;0.00000;0.00023;0.00002;0.00021;0.00002;0.00001;0.00010;0.00005;0.00046;0.00022;0.00008;0.00030;0.00019;0.00020;0.00012;0.00003;0.00004;0.00003;0.00023;0.00025;0.00000;0.00000;0.00003;0.00127;0.00073;0.00033;0.00001;0.00002;0.00014;0.00001;0.00001;0.00000;0.00001;0.00001;0.00004;0.00013;0.00007;0.00003;0.00035;0.00059;0.00007;0.00005;0.00004;0.00007;0.00007;0.00051;0.00016;0.00001;0.00003;0.00030;0.00002;0.00000;0.00004;0.00002;0.00004;0.00029;0.00005;0.00017;0.00003;0.00006;0.00028;0.00005;0.00004;0.00000;0.00011;0.00001;0.00001;0.00000;0.00000;0.00000;0.00002;0.00001;0.00002;0.00004;0.00010;0.00001;0.00001;0.00001;0.00001;0.00001;0.00001;0.00003;0.00001;0.00004;0.00054;0.00029;0.00006;0.00005;0.00003;0.00000;0.00001;0.00005;0.00000;0.00015;0.00017;0.00000;0.00001;0.00002;0.00002;0.00006;0.00033;0.00088;0.00001;0.00002;0.00003;0.00009;0.00003;0.00000;0.00005;0.00010;0.00001;0.00003;0.00005;0.00006;0.00009;0.00000;0.00001;0.00203;0.00002;0.00002;0.00003;0.00006;0.00008;0.00016;0.00005;0.00009;0.00014;0.00002;0.00001;0.00001;0.00013;0.00015;0.00004;0.00054;0.00108;0.00003;0.00020;0.00045;0.00044;0.00030;0.00013;0.00079;0.00019;0.00033;0.00006;0.00045;0.00024;0.00005;0.00008;0.00087;0.00006;0.00013;0.00040;0.00000;0.00014;0.00009;0.00005;0.00002;0.00007;0.00002;0.00018;0.00000;0.00000;0.00000;0.00000;0.00001;0.00073;0.00007;0.00008;0.00000;0.00000;0.00050;0.00001;0.00001;0.00003;0.00002;0.00001;0.00000;0.00004;0.00001;0.00002;0.00002;0.00001;0.00001;0.00039;0.00002;0.00077;0.00003;0.00005;0.00009;0.00005;0.00006;0.00001;0.00001;0.00001;0.00013;0.00006;0.00000;0.00000;0.00006;0.00001;0.00000;0.00001;0.00004;0.00000;0.00009;0.00018;0.00115;0.00003;0.00001;0.00000;0.00001;0.00000;0.00141;0.00000;0.00001;0.00005;0.00001;0.00001;0.00013;0.00000;0.00000;0.00002;0.00006;0.00009;0.00003;0.00001;0.00000;0.00000
2020-04-19 00:00;0.00001;0.00006;0.00000;0.00002;0.00000;0.00000;0.00000;0.00001;0.00000;0.00000;0.00004;0.00000;0.00005;0.00000;0.00000;0.00000;0.00004;0.00003;0.00001;0.00001;0.00000;0.00000;0.00000;0.00001;0.00001;0.00005;0.00000;0.00000;0.00000;0.00001;0.00004;0.00000;0.00008;0.00001;0.00001;0.00001;0.00000;0.00001;0.00000;0.00001;0.00004;0.00004;0.00000;0.00001;0.00000;0.00000;0.00000;0.00000;0.00004;0.00000;0.00000;0.00000;0.00000;0.00001;0.00000;0.00002;0.00000;0.00002;0.00000;0.00000;0.00000;0.00000;0.00000;0.00004;0.00000;0.00000;0.00000;0.00000;0.00000;0.00015;0.00000;0.00000;0.00000;0.00000;0.00005;0.00000;0.00000;0.00001;0.00001;0.00003;0.00000;0.00000;0.00001;0.00005;0.00004;0.00000;0.00002;0.00002;0.00000;0.00000;0.00001;0.00000;0.00005;0.00006;0.00000;0.00000;0.00004;0.00001;0.00009;0.00126;0.00608;0.00105;0.00001;0.00000;0.00001;0.00000;0.00001;0.00089;0.00002;0.00001;0.00001;0.00001;0.00001;0.00002;0.00001;0.00001;0.00000;0.00000;0.00001;0.00001;0.00001;0.00000;0.00001;0.00000;0.00000;0.00002;0.00001;0.00002;0.00000;0.00000;0.00001;0.00004;0.00000;0.00000;0.00002;0.00001;0.00003;0.00001;0.00001;0.00000;0.00001;0.00000;0.00000;0.00007;0.00001;0.00001;0.00004;0.00002;0.00001;0.00003;0.00024;0.00003;0.00007;0.00001;0.00002;0.00001;0.00001;0.00141;0.00000;0.00000;0.00001;0.00000;0.00038;0.00229;0.00025;0.00006;0.00004;0.00001;0.00001;0.00028;0.00018;0.00028;0.00044;0.00028;0.00002;0.00031;0.00000;0.00016;0.00044;0.00005;0.00046;0.00021;0.00001;0.00048;0.00034;0.00002;0.00004;0.00001;0.00006;0.00031;0.00098;0.00042;0.00032;0.00052;0.00000;0.00000;0.00063;0.00034;0.00011;0.00007;0.00004;0.00003;0.00106;0.00001;0.00007;0.00004;0.00023;0.00002;0.00005;0.00000;0.00002;0.00003;0.00004;0.00024;0.00005;0.00028;0.00061;0.00025;0.00004;0.00119;0.00003;0.00002;0.00001;0.00051;0.00049;0.00048;0.00018;0.00021;0.00035;0.00007;0.00011;0.00011;0.00010;0.00033;0.00002;0.00008;0.00000;0.00008;0.00011;0.00002;0.00003;0.00004;0.00026;0.00005;0.00010;0.00004;0.00000;0.00000;0.00000;0.00000;0.00013;0.00027;0.00001;0.00001;0.00007;0.00004;0.00006;0.00003;0.00002;0.00000;0.00004;0.00003;0.00000;0.00000;0.00001;0.00000;0.00000;0.00021;0.00002;0.00020;0.00002;0.00001;0.00010;0.00005;0.00042;0.00022;0.00008;0.00029;0.00018;0.00018;0.00011;0.00003;0.00004;0.00003;0.00018;0.00018;0.00000;0.00000;0.00003;0.00120;0.00066;0.00029;0.00001;0.00002;0.00014;0.00001;0.00001;0.00000;0.00001;0.00001;0.00004;0.00012;0.00007;0.00003;0.00036;0.00060;0.00007;0.00005;0.00004;0.00007;0.00006;0.00051;0.00015;0.00001;0.00003;0.00029;0.00002;0.00000;0.00004;0.00002;0.00004;0.00032;0.00005;0.00017;0.00003;0.00006;0.00028;0.00005;0.00004;0.00000;0.00010;0.00001;0.00001;0.00000;0.00000;0.00000;0.00002;0.00001;0.00002;0.00004;0.00010;0.00001;0.00001;0.00001;0.00001;0.00001;0.00001;0.00003;0.00001;0.00004;0.00053;0.00029;0.00007;0.00004;0.00003;0.00000;0.00001;0.00005;0.00000;0.00014;0.00017;0.00000;0.00000;0.00000;0.00001;0.00002;0.00030;0.00081;0.00000;0.00002;0.00003;0.00009;0.00003;0.00000;0.00004;0.00010;0.00001;0.00003;0.00005;0.00006;0.00009;0.00000;0.00001;0.00188;0.00002;0.00002;0.00003;0.00006;0.00008;0.00015;0.00005;0.00009;0.00014;0.00002;0.00001;0.00001;0.00013;0.00015;0.00004;0.00055;0.00107;0.00003;0.00020;0.00045;0.00048;0.00034;0.00013;0.00077;0.00019;0.00035;0.00006;0.00046;0.00025;0.00005;0.00008;0.00092;0.00006;0.00013;0.00036;0.00000;0.00014;0.00010;0.00005;0.00002;0.00008;0.00002;0.00018;0.00000;0.00000;0.00000;0.00000;0.00001;0.00073;0.00007;0.00008;0.00000;0.00000;0.00050;0.00001;0.00001;0.00003;0.00002;0.00001;0.00000;0.00004;0.00001;0.00002;0.00002;0.00001;0.00001;0.00039;0.00002;0.00071;0.00003;0.00005;0.00009;0.00005;0.00006;0.00001;0.00001;0.00001;0.00013;0.00006;0.00000;0.00000;0.00006;0.00001;0.00000;0.00001;0.00004;0.00000;0.00009;0.00018;0.00112;0.00003;0.00001;0.00000;0.00001;0.00000;0.00143;0.00000;0.00001;0.00005;0.00001;0.00001;0.00011;0.00000;0.00000;0.00002;0.00006;0.00009;0.00003;0.00001;0.00000;0.00000
2020-04-20 00:00;0.00001;0.00004;0.00000;0.00002;0.00000;0.00000;0.00000;0.00001;0.00000;0.00000;0.00004;0.00000;0.00005;0.00000;0.00000;0.00000;0.00003;0.00003;0.00001;0.00001;0.00000;0.00000;0.00000;0.00001;0.00001;0.00004;0.00000;0.00000;0.00000;0.00001;0.00003;0.00000;0.00008;0.00001;0.00001;0.00001;0.00000;0.00001;0.00000;0.00001;0.00004;0.00004;0.00000;0.00001;0.00000;0.00000;0.00000;0.00000;0.00004;0.00000;0.00000;0.00000;0.00000;0.00001;0.00000;0.00002;0.00000;0.00002;0.00000;0.00000;0.00000;0.00000;0.00000;0.00004;0.00000;0.00000;0.00000;0.00000;0.00000;0.00015;0.00000;0.00000;0.00000;0.00000;0.00005;0.00000;0.00000;0.00001;0.00001;0.00003;0.00000;0.00000;0.00001;0.00005;0.00004;0.00000;0.00002;0.00002;0.00000;0.00000;0.00001;0.00000;0.00005;0.00006;0.00000;0.00000;0.00004;0.00001;0.00009;0.00087;0.00524;0.00075;0.00001;0.00000;0.00001;0.00000;0.00001;0.00084;0.00002;0.00001;0.00001;0.00001;0.00001;0.00002;0.00001;0.00001;0.00000;0.00000;0.00001;0.00001;0.00001;0.00000;0.00001;0.00000;0.00000;0.00002;0.00001;0.00002;0.00000;0.00000;0.00001;0.00004;0.00000;0.00000;0.00002;0.00001;0.00003;0.00001;0.00001;0.00000;0.00001;0.00000;0.00000;0.00007;0.00001;0.00001;0.00004;0.00002;0.00001;0.00003;0.00024;0.00003;0.00007;0.00001;0.00002;0.00001;0.00001;0.00101;0.00000;0.00000;0.00001;0.00000;0.00032;0.00173;0.00018;0.00006;0.00004;0.00001;0.00001;0.00017;0.00017;0.00029;0.00042;0.00028;0.00002;0.00027;0.00000;0.00015;0.00025;0.00004;0.00043;0.00021;0.00001;0.00047;0.00034;0.00002;0.00004;0.00001;0.00006;0.00031;0.00096;0.00042;0.00032;0.00050;0.00000;0.00000;0.00064;0.00034;0.00011;0.00007;0.00004;0.00003;0.00105;0.00001;0.00007;0.00004;0.00022;0.00002;0.00005;0.00000;0.00002;0.00003;0.00004;0.00024;0.00005;0.00027;0.00059;0.00025;0.00004;0.00113;0.00003;0.00002;0.00001;0.00050;0.00049;0.00047;0.00018;0.00021;0.00035;0.00007;0.00011;0.00011;0.00010;0.00030;0.00002;0.00007;0.00000;0.00008;0.00010;0.00002;0.00003;0.00004;0.00024;0.00005;0.00010;0.00004;0.00000;0.00000;0.00000;0.00000;0.00013;0.00027;0.00001;0.00001;0.00006;0.00004;0.00004;0.00003;0.00002;0.00000;0.00003;0.00002;0.00000;0.00000;0.00001;0.00000;0.00000;0.00019;0.00002;0.00017;0.00002;0.00001;0.00009;0.00005;0.00040;0.00021;0.00008;0.00029;0.00018;0.00017;0.00011;0.00003;0.00004;0.00003;0.00012;0.00010;0.00000;0.00000;0.00002;0.00091;0.00062;0.00017;0.00001;0.00002;0.00013;0.00001;0.00001;0.00000;0.00001;0.00001;0.00003;0.00012;0.00007;0.00002;0.00034;0.00056;0.00007;0.00005;0.00004;0.00007;0.00006;0.00050;0.00015;0.00001;0.00003;0.00027;0.00002;0.00000;0.00003;0.00002;0.00004;0.00030;0.00005;0.00017;0.00003;0.00006;0.00027;0.00005;0.00003;0.00000;0.00008;0.00001;0.00001;0.00000;0.00000;0.00000;0.00002;0.00001;0.00002;0.00004;0.00010;0.00001;0.00001;0.00001;0.00001;0.00001;0.00001;0.00003;0.00001;0.00003;0.00051;0.00029;0.00007;0.00004;0.00003;0.00000;0.00001;0.00004;0.00000;0.00014;0.00017;0.00000;0.00000;0.00000;0.00000;0.00001;0.00027;0.00072;0.00000;0.00002;0.00003;0.00009;0.00003;0.00000;0.00004;0.00009;0.00001;0.00003;0.00004;0.00006;0.00009;0.00000;0.00000;0.00171;0.00002;0.00002;0.00002;0.00006;0.00008;0.00014;0.00005;0.00009;0.00013;0.00002;0.00001;0.00001;0.00013;0.00015;0.00004;0.00052;0.00105;0.00003;0.00020;0.00044;0.00047;0.00034;0.00013;0.00072;0.00019;0.00034;0.00006;0.00046;0.00024;0.00005;0.00008;0.00093;0.00006;0.00013;0.00028;0.00000;0.00014;0.00010;0.00005;0.00002;0.00007;0.00002;0.00018;0.00000;0.00000;0.00000;0.00000;0.00001;0.00073;0.00007;0.00008;0.00000;0.00000;0.00050;0.00001;0.00001;0.00003;0.00002;0.00001;0.00000;0.00004;0.00001;0.00002;0.00002;0.00001;0.00001;0.00039;0.00002;0.00056;0.00003;0.00005;0.00009;0.00005;0.00006;0.00001;0.00001;0.00001;0.00013;0.00006;0.00000;0.00000;0.00006;0.00001;0.00000;0.00001;0.00004;0.00000;0.00009;0.00018;0.00104;0.00003;0.00001;0.00000;0.00001;0.00000;0.00134;0.00000;0.00001;0.00004;0.00001;0.00001;0.00007;0.00000;0.00000;0.00002;0.00006;0.00009;0.00003;0.00001;0.00000;0.00000
2020-04-21 00:00;0.00001;0.00003;0.00000;0.00002;0.00000;0.00000;0.00000;0.00001;0.00000;0.00000;0.00004;0.00000;0.00005;0.00000;0.00000;0.00000;0.00003;0.00003;0.00001;0.00001;0.00000;0.00000;0.00000;0.00001;0.00001;0.00004;0.00000;0.00000;0.00000;0.00001;0.00003;0.00000;0.00008;0.00001;0.00001;0.00001;0.00000;0.00001;0.00000;0.00001;0.00004;0.00004;0.00000;0.00001;0.00000;0.00000;0.00000;0.00000;0.00004;0.00000;0.00000;0.00000;0.00000;0.00001;0.00000;0.00002;0.00000;0.00002;0.00000;0.00000;0.00000;0.00000;0.00000;0.00004;0.00000;0.00000;0.00000;0.00000;0.00000;0.00015;0.00000;0.00000;0.00000;0.00000;0.00005;0.00000;0.00000;0.00001;0.00001;0.00003;0.00000;0.00000;0.00001;0.00005;0.00004;0.00000;0.00002;0.00002;0.00000;0.00000;0.00001;0.00000;0.00005;0.00006;0.00000;0.00000;0.00004;0.00001;0.00009;0.00024;0.00419;0.00043;0.00001;0.00000;0.00001;0.00000;0.00001;0.00081;0.00002;0.00001;0.00001;0.00001;0.00001;0.00002;0.00001;0.00001;0.00000;0.00000;0.00001;0.00001;0.00001;0.00000;0.00001;0.00000;0.00000;0.00002;0.00001;0.00002;0.00000;0.00000;0.00001;0.00004;0.00000;0.00000;0.00002;0.00001;0.00003;0.00001;0.00001;0.00000;0.00001;0.00000;0.00000;0.00007;0.00001;0.00001;0.00004;0.00002;0.00001;0.00003;0.00024;0.00003;0.00007;0.00001;0.00002;0.00001;0.00001;0.00065;0.00000;0.00000;0.00001;0.00000;0.00025;0.00094;0.00015;0.00006;0.00004;0.00001;0.00001;0.00010;0.00017;0.00028;0.00040;0.00026;0.00002;0.00023;0.00000;0.00014;0.00014;0.00003;0.00040;0.00020;0.00001;0.00046;0.00033;0.00002;0.00004;0.00001;0.00005;0.00028;0.00091;0.00041;0.00031;0.00049;0.00000;0.00000;0.00062;0.00033;0.00011;0.00007;0.00004;0.00003;0.00102;0.00001;0.00007;0.00004;0.00021;0.00002;0.00005;0.00000;0.00002;0.00003;0.00004;0.00024;0.00005;0.00025;0.00054;0.00024;0.00003;0.00102;0.00003;0.00002;0.00001;0.00050;0.00048;0.00046;0.00017;0.00020;0.00034;0.00007;0.00011;0.00011;0.00010;0.00025;0.00002;0.00006;0.00000;0.00007;0.00006;0.00002;0.00002;0.00004;0.00021;0.00005;0.00009;0.00004;0.00000;0.00000;0.00000;0.00000;0.00011;0.00027;0.00001;0.00001;0.00006;0.00003;0.00002;0.00003;0.00002;0.00000;0.00001;0.00002;0.00000;0.00000;0.00001;0.00000;0.00000;0.00011;0.00002;0.00010;0.00002;0.00001;0.00006;0.00005;0.00029;0.00021;0.00008;0.00029;0.00017;0.00016;0.00011;0.00003;0.00004;0.00003;0.00008;0.00008;0.00000;0.00000;0.00002;0.00054;0.00042;0.00009;0.00001;0.00002;0.00012;0.00001;0.00001;0.00000;0.00001;0.00001;0.00003;0.00012;0.00006;0.00002;0.00031;0.00047;0.00007;0.00005;0.00003;0.00006;0.00006;0.00049;0.00015;0.00001;0.00003;0.00020;0.00002;0.00000;0.00002;0.00002;0.00004;0.00025;0.00005;0.00016;0.00003;0.00006;0.00022;0.00005;0.00003;0.00000;0.00007;0.00001;0.00001;0.00000;0.00000;0.00000;0.00002;0.00001;0.00002;0.00004;0.00009;0.00001;0.00001;0.00001;0.00001;0.00001;0.00001;0.00002;0.00001;0.00003;0.00048;0.00029;0.00006;0.00004;0.00003;0.00000;0.00001;0.00003;0.00000;0.00014;0.00017;0.00000;0.00000;0.00000;0.00000;0.00000;0.00023;0.00060;0.00000;0.00002;0.00003;0.00009;0.00003;0.00000;0.00002;0.00007;0.00001;0.00003;0.00004;0.00006;0.00009;0.00000;0.00000;0.00146;0.00002;0.00002;0.00002;0.00006;0.00008;0.00007;0.00005;0.00009;0.00011;0.00002;0.00001;0.00001;0.00013;0.00015;0.00004;0.00049;0.00104;0.00003;0.00020;0.00043;0.00041;0.00031;0.00013;0.00063;0.00019;0.00032;0.00006;0.00045;0.00024;0.00005;0.00007;0.00090;0.00006;0.00012;0.00021;0.00000;0.00013;0.00009;0.00005;0.00002;0.00007;0.00002;0.00018;0.00000;0.00000;0.00000;0.00000;0.00001;0.00073;0.00007;0.00008;0.00000;0.00000;0.00050;0.00001;0.00001;0.00003;0.00002;0.00001;0.00000;0.00004;0.00001;0.00002;0.00002;0.00001;0.00001;0.00039;0.00002;0.00025;0.00003;0.00005;0.00009;0.00005;0.00006;0.00001;0.00001;0.00001;0.00013;0.00006;0.00000;0.00000;0.00006;0.00001;0.00000;0.00001;0.00004;0.00000;0.00009;0.00018;0.00100;0.00003;0.00001;0.00000;0.00001;0.00000;0.00126;0.00000;0.00001;0.00004;0.00001;0.00001;0.00005;0.00000;0.00000;0.00002;0.00006;0.00009;0.00003;0.00001;0.00000;0.00000
2020-04-22 00:00;0.00001;0.00005;0.00000;0.00002;0.00000;0.00000;0.00000;0.00001;0.00000;0.00000;0.00004;0.00000;0.00005;0.00000;0.00000;0.00000;0.00004;0.00003;0.00001;0.00001;0.00000;0.00000;0.00000;0.00001;0.00001;0.00004;0.00000;0.00000;0.00000;0.00001;0.00003;0.00000;0.00008;0.00001;0.00001;0.00001;0.00000;0.00001;0.00000;0.00001;0.00004;0.00004;0.00000;0.00001;0.00000;0.00000;0.00000;0.00000;0.00004;0.00000;0.00000;0.00000;0.00000;0.00001;0.00000;0.00002;0.00000;0.00002;0.00000;0.00000;0.00000;0.00000;0.00000;0.00004;0.00000;0.00000;0.00000;0.00000;0.00000;0.00015;0.00000;0.00000;0.00000;0.00000;0.00005;0.00000;0.00000;0.00001;0.00001;0.00003;0.00000;0.00000;0.00001;0.00005;0.00004;0.00000;0.00002;0.00002;0.00000;0.00000;0.00001;0.00000;0.00005;0.00006;0.00000;0.00000;0.00004;0.00001;0.00009;0.00085;0.00408;0.00063;0.00001;0.00000;0.00001;0.00000;0.00001;0.00082;0.00002;0.00001;0.00001;0.00001;0.00001;0.00002;0.00001;0.00001;0.00000;0.00000;0.00001;0.00001;0.00001;0.00000;0.00001;0.00000;0.00000;0.00002;0.00001;0.00002;0.00000;0.00000;0.00001;0.00004;0.00000;0.00000;0.00002;0.00001;0.00003;0.00001;0.00001;0.00000;0.00001;0.00000;0.00000;0.00007;0.00001;0.00001;0.00004;0.00002;0.00001;0.00003;0.00024;0.00003;0.00007;0.00001;0.00002;0.00001;0.00001;0.00080;0.00000;0.00000;0.00001;0.00000;0.00028;0.00117;0.00019;0.00006;0.00004;0.00001;0.00001;0.00018;0.00017;0.00027;0.00041;0.00023;0.00002;0.00023;0.00000;0.00013;0.00027;0.00003;0.00041;0.00020;0.00001;0.00046;0.00033;0.00002;0.00004;0.00001;0.00005;0.00029;0.00092;0.00041;0.00031;0.00050;0.00000;0.00000;0.00061;0.00034;0.00011;0.00007;0.00004;0.00003;0.00100;0.00001;0.00007;0.00004;0.00022;0.00002;0.00005;0.00000;0.00002;0.00003;0.00004;0.00024;0.00005;0.00026;0.00055;0.00024;0.00003;0.00100;0.00003;0.00002;0.00001;0.00050;0.00048;0.00045;0.00017;0.00020;0.00034;0.00007;0.00011;0.00011;0.00010;0.00027;0.00002;0.00006;0.00000;0.00007;0.00008;0.00002;0.00002;0.00004;0.00021;0.00005;0.00009;0.00004;0.00000;0.00000;0.00000;0.00000;0.00011;0.00027;0.00001;0.00001;0.00006;0.00003;0.00005;0.00003;0.00002;0.00000;0.00002;0.00002;0.00000;0.00000;0.00001;0.00000;0.00000;0.00011;0.00002;0.00010;0.00002;0.00001;0.00006;0.00005;0.00030;0.00021;0.00008;0.00029;0.00018;0.00018;0.00011;0.00003;0.00004;0.00003;0.00015;0.00012;0.00000;0.00000;0.00002;0.00076;0.00046;0.00020;0.00001;0.00002;0.00012;0.00001;0.00001;0.00000;0.00001;0.00001;0.00003;0.00012;0.00006;0.00002;0.00030;0.00047;0.00007;0.00005;0.00004;0.00006;0.00006;0.00049;0.00015;0.00001;0.00003;0.00019;0.00002;0.00000;0.00002;0.00002;0.00004;0.00024;0.00005;0.00016;0.00003;0.00006;0.00022;0.00005;0.00004;0.00000;0.00008;0.00001;0.00001;0.00000;0.00000;0.00000;0.00002;0.00001;0.00002;0.00004;0.00009;0.00001;0.00001;0.00001;0.00001;0.00001;0.00001;0.00002;0.00001;0.00003;0.00049;0.00029;0.00006;0.00004;0.00003;0.00000;0.00001;0.00004;0.00000;0.00014;0.00017;0.00000;0.00000;0.00001;0.00002;0.00004;0.00025;0.00062;0.00001;0.00002;0.00003;0.00009;0.00003;0.00000;0.00003;0.00007;0.00001;0.00003;0.00004;0.00006;0.00009;0.00000;0.00000;0.00146;0.00002;0.00002;0.00002;0.00006;0.00008;0.00009;0.00005;0.00009;0.00011;0.00002;0.00001;0.00001;0.00013;0.00015;0.00004;0.00053;0.00105;0.00003;0.00020;0.00043;0.00039;0.00030;0.00013;0.00066;0.00019;0.00033;0.00006;0.00045;0.00024;0.00005;0.00007;0.00088;0.00006;0.00012;0.00028;0.00000;0.00014;0.00009;0.00005;0.00002;0.00006;0.00002;0.00018;0.00000;0.00000;0.00000;0.00000;0.00001;0.00073;0.00007;0.00008;0.00000;0.00000;0.00050;0.00001;0.00001;0.00003;0.00002;0.00001;0.00000;0.00004;0.00001;0.00002;0.00002;0.00001;0.00001;0.00039;0.00002;0.00039;0.00003;0.00005;0.00009;0.00005;0.00006;0.00001;0.00001;0.00001;0.00013;0.00006;0.00000;0.00000;0.00006;0.00001;0.00000;0.00001;0.00004;0.00000;0.00009;0.00018;0.00100;0.00003;0.00001;0.00000;0.00001;0.00000;0.00129;0.00000;0.00001;0.00004;0.00001;0.00001;0.00009;0.00000;0.00000;0.00002;0.00006;0.00009;0.00003;0.00001;0.00000;0.00000
2020-04-23 00:00;0.00001;0.00005;0.00000;0.00002;0.00000;0.00000;0.00000;0.00001;0.00000;0.00000;0.00004;0.00000;0.00005;0.00000;0.00000;0.00000;0.00004;0.00003;0.00001;0.00001;0.00000;0.00000;0.00000;0.00001;0.00001;0.00005;0.00000;0.00000;0.00000;0.00001;0.00003;0.00000;0.00008;0.00001;0.00001;0.00001;0.00000;0.00001;0.00000;0.00001;0.00004;0.00004;0.00000;0.00001;0.00000;0.00000;0.00000;0.00000;0.00004;0.00000;0.00000;0.00000;0.00000;0.00001;0.00000;0.00002;0.00000;0.00002;0.00000;0.00000;0.00000;0.00000;0.00000;0.00004;0.00000;0.00000;0.00000;0.00000;0.00000;0.00015;0.00000;0.00000;0.00000;0.00000;0.00005;0.00000;0.00000;0.00001;0.00001;0.00003;0.00000;0.00000;0.00001;0.00005;0.00004;0.00000;0.00002;0.00002;0.00000;0.00000;0.00001;0.00000;0.00005;0.00006;0.00000;0.00000;0.00004;0.00001;0.00009;0.00107;0.00497;0.00086;0.00001;0.00000;0.00001;0.00000;0.00001;0.00085;0.00002;0.00001;0.00001;0.00001;0.00001;0.00002;0.00001;0.00001;0.00000;0.00000;0.00001;0.00001;0.00001;0.00000;0.00001;0.00000;0.00000;0.00002;0.00001;0.00002;0.00000;0.00000;0.00001;0.00004;0.00000;0.00000;0.00002;0.00001;0.00003;0.00001;0.00001;0.00000;0.00001;0.00000;0.00000;0.00007;0.00001;0.00001;0.00004;0.00002;0.00001;0.00003;0.00024;0.00003;0.00007;0.00001;0.00002;0.00001;0.00001;0.00105;0.00000;0.00000;0.00001;0.00000;0.00032;0.00170;0.00022;0.00006;0.00004;0.00001;0.00001;0.00023;0.00017;0.00027;0.00042;0.00023;0.00002;0.00025;0.00000;0.00014;0.00035;0.00004;0.00044;0.00021;0.00001;0.00047;0.00033;0.00002;0.00004;0.00001;0.00006;0.00031;0.00096;0.00041;0.00032;0.00051;0.00000;0.00000;0.00063;0.00034;0.00011;0.00007;0.00004;0.00003;0.00102;0.00001;0.00007;0.00004;0.00022;0.00002;0.00005;0.00000;0.00002;0.00003;0.00004;0.00024;0.00005;0.00027;0.00057;0.00024;0.00003;0.00106;0.00003;0.00002;0.00001;0.00050;0.00048;0.00046;0.00018;0.00021;0.00034;0.00007;0.00011;0.00011;0.00010;0.00029;0.00002;0.00007;0.00000;0.00007;0.00009;0.00002;0.00003;0.00004;0.00022;0.00005;0.00010;0.00004;0.00000;0.00000;0.00000;0.00000;0.00012;0.00027;0.00001;0.00001;0.00006;0.00004;0.00007;0.00003;0.00002;0.00000;0.00002;0.00002;0.00000;0.00000;0.00001;0.00000;0.00000;0.00014;0.00002;0.00012;0.00002;0.00001;0.00009;0.00005;0.00036;0.00021;0.00008;0.00030;0.00018;0.00019;0.00011;0.00003;0.00004;0.00003;0.00020;0.00019;0.00000;0.00000;0.00003;0.00094;0.00057;0.00026;0.00001;0.00002;0.00012;0.00001;0.00001;0.00000;0.00001;0.00001;0.00003;0.00012;0.00006;0.00002;0.00031;0.00050;0.00007;0.00005;0.00004;0.00006;0.00006;0.00049;0.00015;0.00001;0.00003;0.00024;0.00002;0.00000;0.00003;0.00002;0.00004;0.00025;0.00005;0.00017;0.00003;0.00006;0.00023;0.00005;0.00004;0.00000;0.00009;0.00001;0.00001;0.00000;0.00000;0.00000;0.00002;0.00001;0.00002;0.00004;0.00009;0.00001;0.00001;0.00001;0.00001;0.00001;0.00001;0.00002;0.00001;0.00003;0.00051;0.00029;0.00006;0.00004;0.00003;0.00000;0.00001;0.00004;0.00000;0.00014;0.00017;0.00000;0.00000;0.00001;0.00001;0.00004;0.00027;0.00065;0.00001;0.00002;0.00003;0.00009;0.00003;0.00000;0.00003;0.00008;0.00001;0.00003;0.00004;0.00006;0.00009;0.00000;0.00001;0.00156;0.00002;0.00002;0.00002;0.00006;0.00008;0.00012;0.00005;0.00009;0.00012;0.00002;0.00001;0.00001;0.00013;0.00015;0.00004;0.00054;0.00107;0.00003;0.00020;0.00044;0.00043;0.00031;0.00013;0.00072;0.00019;0.00034;0.00006;0.00045;0.00024;0.00005;0.00007;0.00090;0.00006;0.00012;0.00033;0.00000;0.00014;0.00009;0.00005;0.00002;0.00007;0.00002;0.00018;0.00000;0.00000;0.00000;0.00000;0.00001;0.00073;0.00007;0.00008;0.00000;0.00000;0.00050;0.00001;0.00001;0.00003;0.00002;0.00001;0.00000;0.00004;0.00001;0.00002;0.00002;0.00001;0.00001;0.00039;0.00002;0.00050;0.00003;0.00005;0.00009;0.00005;0.00006;0.00001;0.00001;0.00001;0.00013;0.00006;0.00000;0.00000;0.00006;0.00001;0.00000;0.00001;0.00004;0.00000;0.00009;0.00018;0.00104;0.00003;0.00001;0.00000;0.00001;0.00000;0.00136;0.00000;0.00001;0.00004;0.00001;0.00001;0.00010;0.00000;0.00000;0.00002;0.00006;0.00009;0.00003;0.00001;0.00000;0.00000
2020-04-24 00:00;0.00001;0.00006;0.00000;0.00002;0.00000;0.00000;0.00000;0.00001;0.00000;0.00000;0.00004;0.00000;0.00005;0.00000;0.00000;0.00000;0.00004;0.00003;0.00001;0.00001;0.00000;0.00000;0.00000;0.00001;0.00001;0.00004;0.00000;0.00000;0.00000;0.00001;0.00003;0.00000;0.00008;0.00001;0.00001;0.00001;0.00000;0.00001;0.00000;0.00001;0.00004;0.00004;0.00000;0.00001;0.00000;0.00000;0.00000;0.00000;0.00004;0.00000;0.00000;0.00000;0.00000;0.00001;0.00000;0.00002;0.00000;0.00002;0.00000;0.00000;0.00000;0.00000;0.00000;0.00004;0.00000;0.00000;0.00000;0.00000;0.00000;0.00016;0.00000;0.00000;0.00000;0.00000;0.00005;0.00000;0.00000;0.00001;0.00001;0.00003;0.00000;0.00000;0.00001;0.00005;0.00004;0.00000;0.00002;0.00002;0.00000;0.00000;0.00001;0.00000;0.00005;0.00006;0.00000;0.00000;0.00004;0.00001;0.00009;0.00118;0.00547;0.00102;0.00001;0.00000;0.00001;0.00000;0.00001;0.00088;0.00002;0.00001;0.00001;0.00001;0.00001;0.00002;0.00001;0.00001;0.00000;0.00000;0.00001;0.00001;0.00001;0.00000;0.00001;0.00000;0.00000;0.00002;0.00001;0.00002;0.00000;0.00000;0.00001;0.00004;0.00000;0.00000;0.00002;0.00001;0.00003;0.00001;0.00001;0.00000;0.00001;0.00000;0.00000;0.00007;0.00001;0.00001;0.00004;0.00002;0.00001;0.00003;0.00024;0.00003;0.00007;0.00001;0.00002;0.00001;0.00001;0.00122;0.00000;0.00000;0.00001;0.00000;0.00035;0.00193;0.00024;0.00006;0.00004;0.00001;0.00001;0.00028;0.00017;0.00028;0.00043;0.00024;0.00002;0.00028;0.00000;0.00014;0.00047;0.00004;0.00046;0.00021;0.00001;0.00048;0.00034;0.00002;0.00004;0.00001;0.00006;0.00033;0.00099;0.00042;0.00032;0.00052;0.00000;0.00000;0.00064;0.00034;0.00011;0.00007;0.00004;0.00003;0.00107;0.00001;0.00007;0.00004;0.00024;0.00002;0.00005;0.00000;0.00002;0.00003;0.00004;0.00024;0.00005;0.00028;0.00061;0.00025;0.00004;0.00115;0.00003;0.00002;0.00001;0.00051;0.00049;0.00048;0.00018;0.00021;0.00035;0.00007;0.00011;0.00011;0.00010;0.00033;0.00002;0.00007;0.00000;0.00008;0.00011;0.00002;0.00003;0.00004;0.00024;0.00005;0.00010;0.00004;0.00000;0.00000;0.00000;0.00000;0.00013;0.00027;0.00001;0.00001;0.00007;0.00004;0.00009;0.00003;0.00002;0.00000;0.00003;0.00003;0.00000;0.00000;0.00001;0.00000;0.00000;0.00020;0.00002;0.00017;0.00002;0.00001;0.00010;0.00005;0.00043;0.00022;0.00008;0.00030;0.00018;0.00020;0.00011;0.00003;0.00004;0.00003;0.00021;0.00022;0.00000;0.00000;0.00003;0.00103;0.00064;0.00028;0.00001;0.00002;0.00013;0.00001;0.00001;0.00000;0.00001;0.00001;0.00004;0.00012;0.00007;0.00002;0.00034;0.00057;0.00007;0.00005;0.00004;0.00007;0.00006;0.00051;0.00016;0.00001;0.00003;0.00028;0.00002;0.00000;0.00003;0.00002;0.00004;0.00028;0.00005;0.00017;0.00003;0.00006;0.00026;0.00005;0.00004;0.00000;0.00011;0.00001;0.00001;0.00000;0.00000;0.00000;0.00002;0.00001;0.00002;0.00004;0.00009;0.00001;0.00001;0.00001;0.00001;0.00001;0.00001;0.00003;0.00001;0.00003;0.00055;0.00029;0.00007;0.00005;0.00003;0.00000;0.00001;0.00005;0.00000;0.00014;0.00017;0.00000;0.00000;0.00000;0.00001;0.00002;0.00031;0.00070;0.00000;0.00002;0.00003;0.00009;0.00003;0.00000;0.00004;0.00009;0.00001;0.00003;0.00005;0.00006;0.00009;0.00000;0.00001;0.00173;0.00002;0.00002;0.00003;0.00006;0.00008;0.00014;0.00005;0.00009;0.00013;0.00002;0.00001;0.00001;0.00013;0.00015;0.00004;0.00055;0.00109;0.00003;0.00020;0.00046;0.00047;0.00033;0.00013;0.00080;0.00019;0.00036;0.00006;0.00046;0.00024;0.00005;0.00008;0.00093;0.00006;0.00013;0.00037;0.00000;0.00014;0.00010;0.00005;0.00002;0.00007;0.00002;0.00018;0.00000;0.00000;0.00000;0.00000;0.00001;0.00073;0.00007;0.00008;0.00000;0.00000;0.00050;0.00001;0.00001;0.00003;0.00002;0.00001;0.00000;0.00004;0.00001;0.00002;0.00002;0.00001;0.00001;0.00039;0.00002;0.00047;0.00003;0.00005;0.00009;0.00005;0.00006;0.00001;0.00001;0.00001;0.00013;0.00006;0.00000;0.00000;0.00006;0.00001;0.00000;0.00001;0.00004;0.00000;0.00009;0.00018;0.00108;0.00003;0.00001;0.00000;0.00001;0.00000;0.00144;0.00000;0.00001;0.00004;0.00001;0.00001;0.00014;0.00000;0.00000;0.00002;0.00006;0.00009;0.00003;0.00001;0.00000;0.00000
2020-04-25 00:00;0.00001;0.00007;0.00000;0.00002;0.00000;0.00000;0.00000;0.00001;0.00000;0.00000;0.00004;0.00000;0.00005;0.00000;0.00000;0.00000;0.00004;0.00003;0.00001;0.00001;0.00000;0.00000;0.00000;0.00001;0.00001;0.00004;0.00000;0.00000;0.00000;0.00001;0.00003;0.00000;0.00008;0.00001;0.00001;0.00001;0.00000;0.00001;0.00000;0.00001;0.00004;0.00004;0.00000;0.00001;0.00000;0.00000;0.00000;0.00000;0.00004;0.00000;0.00000;0.00000;0.00000;0.00001;0.00000;0.00002;0.00000;0.00002;0.00000;0.00000;0.00000;0.00000;0.00000;0.00004;0.00000;0.00000;0.00000;0.00000;0.00000;0.00016;0.00000;0.00000;0.00000;0.00000;0.00005;0.00000;0.00000;0.00001;0.00001;0.00003;0.00000;0.00000;0.00001;0.00005;0.00004;0.00000;0.00002;0.00002;0.00000;0.00000;0.00001;0.00000;0.00005;0.00006;0.00000;0.00000;0.00004;0.00001;0.00009;0.00128;0.00596;0.00113;0.00001;0.00000;0.00001;0.00000;0.00001;0.00090;0.00002;0.00001;0.00001;0.00001;0.00001;0.00002;0.00001;0.00001;0.00000;0.00000;0.00001;0.00001;0.00001;0.00000;0.00001;0.00000;0.00000;0.00002;0.00001;0.00002;0.00000;0.00000;0.00001;0.00004;0.00000;0.00000;0.00002;0.00001;0.00003;0.00001;0.00001;0.00000;0.00001;0.00000;0.00000;0.00007;0.00001;0.00001;0.00004;0.00002;0.00001;0.00003;0.00024;0.00003;0.00007;0.00001;0.00002;0.00001;0.00001;0.00131;0.00000;0.00000;0.00001;0.00000;0.00036;0.00206;0.00025;0.00006;0.00004;0.00001;0.00001;0.00031;0.00017;0.00029;0.00046;0.00025;0.00002;0.00029;0.00000;0.00015;0.00052;0.00004;0.00048;0.00021;0.00001;0.00050;0.00034;0.00002;0.00004;0.00001;0.00006;0.00036;0.00104;0.00043;0.00033;0.00055;0.00000;0.00000;0.00068;0.00035;0.00012;0.00007;0.00004;0.00003;0.00114;0.00001;0.00008;0.00005;0.00025;0.00002;0.00005;0.00000;0.00002;0.00003;0.00004;0.00024;0.00005;0.00029;0.00067;0.00025;0.00004;0.00127;0.00003;0.00002;0.00001;0.00051;0.00050;0.00050;0.00019;0.00021;0.00036;0.00007;0.00012;0.00012;0.00010;0.00038;0.00002;0.00008;0.00000;0.00008;0.00011;0.00002;0.00003;0.00004;0.00026;0.00005;0.00010;0.00004;0.00000;0.00000;0.00000;0.00000;0.00014;0.00027;0.00001;0.00001;0.00007;0.00004;0.00010;0.00003;0.00002;0.00000;0.00004;0.00003;0.00000;0.00000;0.00001;0.00000;0.00000;0.00024;0.00002;0.00022;0.00002;0.00001;0.00011;0.00007;0.00047;0.00022;0.00008;0.00030;0.00019;0.00020;0.00011;0.00003;0.00004;0.00003;0.00022;0.00024;0.00000;0.00000;0.00003;0.00116;0.00070;0.00031;0.00001;0.00002;0.00014;0.00001;0.00001;0.00000;0.00001;0.00001;0.00004;0.00012;0.00007;0.00002;0.00038;0.00065;0.00007;0.00005;0.00004;0.00007;0.00007;0.00052;0.00016;0.00001;0.00003;0.00032;0.00002;0.00000;0.00004;0.00002;0.00004;0.00032;0.00005;0.00018;0.00003;0.00006;0.00029;0.00005;0.00004;0.00000;0.00012;0.00001;0.00001;0.00000;0.00000;0.00000;0.00002;0.00001;0.00002;0.00003;0.00010;0.00001;0.00001;0.00001;0.00001;0.00001;0.00001;0.00003;0.00001;0.00004;0.00058;0.00029;0.00007;0.00005;0.00003;0.00000;0.00001;0.00005;0.00000;0.00015;0.00017;0.00000;0.00000;0.00000;0.00000;0.00000;0.00036;0.00076;0.00000;0.00002;0.00003;0.00009;0.00003;0.00000;0.00004;0.00010;0.00001;0.00003;0.00005;0.00006;0.00009;0.00000;0.00000;0.00191;0.00002;0.00002;0.00003;0.00006;0.00008;0.00015;0.00005;0.00009;0.00014;0.00002;0.00001;0.00001;0.00013;0.00015;0.00004;0.00056;0.00110;0.00003;0.00020;0.00048;0.00053;0.00035;0.00013;0.00089;0.00020;0.00038;0.00006;0.00047;0.00025;0.00005;0.00009;0.00098;0.00006;0.00013;0.00041;0.00000;0.00014;0.00011;0.00005;0.00002;0.00008;0.00002;0.00018;0.00000;0.00000;0.00000;0.00000;0.00001;0.00073;0.00007;0.00008;0.00000;0.00000;0.00050;0.00001;0.00001;0.00003;0.00002;0.00001;0.00000;0.00004;0.00001;0.00002;0.00002;0.00001;0.00001;0.00039;0.00002;0.00047;0.00003;0.00005;0.00009;0.00005;0.00006;0.00001;0.00001;0.00001;0.00013;0.00006;0.00000;0.00000;0.00006;0.00001;0.00000;0.00001;0.00004;0.00000;0.00009;0.00018;0.00111;0.00003;0.00001;0.00000;0.00001;0.00000;0.00151;0.00000;0.00001;0.00004;0.00001;0.00001;0.00016;0.00000;0.00000;0.00002;0.00007;0.00009;0.00003;0.00001;0.00000;0.00000
2020-04-26 00:00;0.00001;0.00007;0.00000;0.00002;0.00000;0.00000;0.00000;0.00001;0.00000;0.00000;0.00004;0.00000;0.00005;0.00000;0.00000;0.00000;0.00004;0.00003;0.00001;0.00001;0.00000;0.00000;0.00000;0.00001;0.00001;0.00004;0.00000;0.00000;0.00000;0.00001;0.00003;0.00000;0.00008;0.00001;0.00001;0.00001;0.00000;0.00001;0.00000;0.00001;0.00004;0.00004;0.00000;0.00001;0.00000;0.00000;0.00000;0.00000;0.00004;0.00000;0.00000;0.00000;0.00000;0.00001;0.00000;0.00002;0.00000;0.00002;0.00000;0.00000;0.00000;0.00000;0.00000;0.00004;0.00000;0.00000;0.00000;0.00000;0.00000;0.00016;0.00000;0.00000;0.00000;0.00000;0.00005;0.00000;0.00000;0.00001;0.00001;0.00003;0.00000;0.00000;0.00001;0.00005;0.00004;0.00000;0.00002;0.00002;0.00000;0.00000;0.00001;0.00000;0.00005;0.00006;0.00000;0.00000;0.00004;0.00001;0.00009;0.00140;0.00622;0.00121;0.00001;0.00000;0.00001;0.00000;0.00001;0.00092;0.00002;0.00001;0.00001;0.00001;0.00001;0.00002;0.00001;0.00001;0.00000;0.00000;0.00001;0.00001;0.00001;0.00000;0.00001;0.00000;0.00000;0.00002;0.00001;0.00002;0.00000;0.00000;0.00001;0.00004;0.00000;0.00000;0.00002;0.00001;0.00003;0.00001;0.00001;0.00000;0.00001;0.00000;0.00000;0.00007;0.00001;0.00001;0.00004;0.00002;0.00001;0.00003;0.00024;0.00003;0.00007;0.00001;0.00002;0.00001;0.00001;0.00140;0.00000;0.00000;0.00001;0.00000;0.00037;0.00223;0.00026;0.00006;0.00004;0.00001;0.00001;0.00034;0.00017;0.00031;0.00051;0.00027;0.00002;0.00031;0.00000;0.00016;0.00057;0.00004;0.00050;0.00022;0.00001;0.00053;0.00036;0.00002;0.00004;0.00001;0.00006;0.00041;0.00110;0.00044;0.00034;0.00058;0.00000;0.00000;0.00077;0.00035;0.00013;0.00007;0.00004;0.00003;0.00122;0.00001;0.00009;0.00005;0.00026;0.00002;0.00005;0.00000;0.00002;0.00003;0.00004;0.00024;0.00005;0.00029;0.00073;0.00025;0.00004;0.00142;0.00003;0.00002;0.00001;0.00052;0.00051;0.00053;0.00020;0.00021;0.00036;0.00007;0.00012;0.00012;0.00010;0.00042;0.00002;0.00008;0.00000;0.00008;0.00013;0.00002;0.00003;0.00004;0.00028;0.00005;0.00011;0.00004;0.00000;0.00000;0.00000;0.00000;0.00015;0.00028;0.00001;0.00001;0.00007;0.00004;0.00011;0.00003;0.00002;0.00000;0.00004;0.00003;0.00000;0.00000;0.00001;0.00000;0.00000;0.00025;0.00002;0.00024;0.00002;0.00001;0.00012;0.00008;0.00052;0.00023;0.00008;0.00030;0.00019;0.00021;0.00012;0.00003;0.00004;0.00003;0.00024;0.00025;0.00000;0.00000;0.00003;0.00127;0.00076;0.00034;0.00001;0.00002;0.00016;0.00001;0.00001;0.00000;0.00001;0.00001;0.00004;0.00012;0.00008;0.00002;0.00043;0.00074;0.00007;0.00005;0.00004;0.00008;0.00007;0.00054;0.00016;0.00001;0.00003;0.00036;0.00002;0.00000;0.00004;0.00002;0.00004;0.00037;0.00005;0.00019;0.00003;0.00006;0.00032;0.00005;0.00004;0.00000;0.00014;0.00001;0.00001;0.00000;0.00000;0.00000;0.00002;0.00001;0.00002;0.00003;0.00011;0.00001;0.00001;0.00001;0.00001;0.00002;0.00001;0.00003;0.00001;0.00004;0.00063;0.00029;0.00009;0.00005;0.00003;0.00000;0.00001;0.00006;0.00000;0.00015;0.00017;0.00000;0.00000;0.00000;0.00000;0.00001;0.00041;0.00078;0.00000;0.00002;0.00003;0.00009;0.00003;0.00000;0.00003;0.00012;0.00001;0.00003;0.00006;0.00006;0.00009;0.00000;0.00000;0.00212;0.00002;0.00002;0.00003;0.00006;0.00008;0.00017;0.00006;0.00009;0.00016;0.00002;0.00001;0.00001;0.00013;0.00015;0.00004;0.00057;0.00111;0.00003;0.00020;0.00050;0.00061;0.00040;0.00013;0.00098;0.00021;0.00041;0.00007;0.00049;0.00027;0.00005;0.00010;0.00105;0.00006;0.00014;0.00044;0.00000;0.00014;0.00012;0.00006;0.00002;0.00009;0.00002;0.00018;0.00000;0.00000;0.00000;0.00000;0.00001;0.00073;0.00007;0.00008;0.00000;0.00000;0.00049;0.00001;0.00001;0.00003;0.00002;0.00001;0.00000;0.00004;0.00001;0.00002;0.00002;0.00001;0.00001;0.00039;0.00002;0.00050;0.00003;0.00005;0.00009;0.00005;0.00006;0.00001;0.00001;0.00001;0.00013;0.00006;0.00000;0.00000;0.00006;0.00001;0.00000;0.00001;0.00004;0.00000;0.00009;0.00018;0.00113;0.00003;0.00001;0.00000;0.00001;0.00000;0.00156;0.00000;0.00001;0.00004;0.00001;0.00001;0.00017;0.00000;0.00000;0.00002;0.00007;0.00009;0.00003;0.00001;0.00000;0.00000
2020-04-27 00:00;0.00001;0.00007;0.00000;0.00002;0.00000;0.00000;0.00000;0.00001;0.00000;0.00000;0.00004;0.00000;0.00005;0.00000;0.00000;0.00000;0.00004;0.00003;0.00001;0.00001;0.00000;0.00000;0.00000;0.00001;0.00001;0.00004;0.00000;0.00000;0.00000;0.00001;0.00003;0.00000;0.00008;0.00001;0.00001;0.00001;0.00000;0.00001;0.00000;0.00001;0.00004;0.00004;0.00000;0.00001;0.00000;0.00000;0.00000;0.00000;0.00004;0.00000;0.00000;0.00000;0.00000;0.00001;0.00000;0.00002;0.00000;0.00002;0.00000;0.00000;0.00000;0.00000;0.00000;0.00004;0.00000;0.00000;0.00000;0.00000;0.00000;0.00017;0.00000;0.00000;0.00000;0.00000;0.00005;0.00000;0.00000;0.00001;0.00001;0.00003;0.00000;0.00000;0.00001;0.00005;0.00004;0.00000;0.00002;0.00002;0.00000;0.00000;0.00001;0.00000;0.00005;0.00006;0.00000;0.00000;0.00004;0.00001;0.00009;0.00153;0.00644;0.00128;0.00001;0.00000;0.00001;0.00000;0.00001;0.00092;0.00002;0.00001;0.00001;0.00001;0.00001;0.00002;0.00001;0.00001;0.00000;0.00000;0.00001;0.00001;0.00001;0.00000;0.00001;0.00000;0.00000;0.00002;0.00001;0.00002;0.00000;0.00000;0.00001;0.00004;0.00000;0.00000;0.00002;0.00001;0.00003;0.00001;0.00001;0.00000;0.00001;0.00000;0.00000;0.00007;0.00001;0.00001;0.00004;0.00002;0.00001;0.00003;0.00024;0.00003;0.00007;0.00001;0.00002;0.00001;0.00001;0.00147;0.00000;0.00000;0.00001;0.00000;0.00038;0.00234;0.00027;0.00006;0.00004;0.00001;0.00001;0.00036;0.00017;0.00033;0.00048;0.00029;0.00002;0.00032;0.00000;0.00017;0.00060;0.00005;0.00052;0.00022;0.00001;0.00055;0.00035;0.00002;0.00004;0.00001;0.00006;0.00047;0.00117;0.00046;0.00036;0.00061;0.00000;0.00000;0.00085;0.00036;0.00014;0.00007;0.00004;0.00003;0.00132;0.00001;0.00009;0.00005;0.00027;0.00002;0.00005;0.00000;0.00002;0.00003;0.00004;0.00024;0.00005;0.00030;0.00078;0.00026;0.00004;0.00158;0.00003;0.00002;0.00001;0.00054;0.00053;0.00057;0.00021;0.00021;0.00037;0.00007;0.00013;0.00012;0.00010;0.00047;0.00002;0.00009;0.00000;0.00008;0.00013;0.00002;0.00003;0.00004;0.00029;0.00005;0.00011;0.00004;0.00000;0.00000;0.00000;0.00000;0.00015;0.00028;0.00001;0.00001;0.00007;0.00004;0.00011;0.00003;0.00002;0.00000;0.00004;0.00003;0.00000;0.00000;0.00001;0.00000;0.00000;0.00027;0.00002;0.00027;0.00002;0.00001;0.00014;0.00008;0.00055;0.00023;0.00008;0.00030;0.00019;0.00021;0.00012;0.00003;0.00004;0.00003;0.00026;0.00026;0.00000;0.00000;0.00003;0.00136;0.00079;0.00036;0.00001;0.00002;0.00017;0.00001;0.00001;0.00000;0.00001;0.00001;0.00004;0.00012;0.00008;0.00002;0.00047;0.00083;0.00007;0.00005;0.00004;0.00009;0.00007;0.00056;0.00016;0.00001;0.00003;0.00040;0.00002;0.00000;0.00004;0.00002;0.00004;0.00042;0.00005;0.00020;0.00003;0.00006;0.00034;0.00005;0.00004;0.00000;0.00015;0.00001;0.00001;0.00000;0.00000;0.00000;0.00002;0.00001;0.00002;0.00004;0.00012;0.00001;0.00001;0.00001;0.00001;0.00002;0.00001;0.00003;0.00001;0.00005;0.00067;0.00029;0.00010;0.00005;0.00003;0.00000;0.00001;0.00007;0.00000;0.00015;0.00017;0.00000;0.00000;0.00000;0.00000;0.00000;0.00045;0.00076;0.00000;0.00002;0.00004;0.00009;0.00003;0.00000;0.00002;0.00013;0.00001;0.00003;0.00007;0.00006;0.00009;0.00000;0.00000;0.00228;0.00002;0.00002;0.00003;0.00006;0.00008;0.00018;0.00006;0.00009;0.00018;0.00002;0.00001;0.00001;0.00013;0.00015;0.00004;0.00057;0.00112;0.00003;0.00020;0.00053;0.00071;0.00046;0.00014;0.00107;0.00022;0.00045;0.00007;0.00052;0.00029;0.00005;0.00011;0.00115;0.00006;0.00014;0.00048;0.00000;0.00014;0.00013;0.00006;0.00002;0.00010;0.00002;0.00018;0.00000;0.00000;0.00000;0.00000;0.00001;0.00073;0.00007;0.00008;0.00000;0.00000;0.00049;0.00001;0.00001;0.00003;0.00002;0.00001;0.00000;0.00004;0.00001;0.00002;0.00002;0.00001;0.00001;0.00039;0.00002;0.00052;0.00003;0.00005;0.00009;0.00005;0.00006;0.00001;0.00001;0.00001;0.00013;0.00006;0.00000;0.00000;0.00006;0.00001;0.00000;0.00001;0.00004;0.00000;0.00009;0.00018;0.00114;0.00003;0.00001;0.00000;0.00001;0.00000;0.00160;0.00000;0.00001;0.00004;0.00001;0.00001;0.00017;0.00000;0.00000;0.00002;0.00007;0.00009;0.00003;0.00001;0.00000;0.00000
2020-04-28 00:00;0.00001;0.00007;0.00000;0.00002;0.00000;0.00000;0.00000;0.00001;0.00000;0.00000;0.00004;0.00000;0.00005;0.00000;0.00000;0.00000;0.00004;0.00003;0.00001;0.00001;0.00000;0.00000;0.00000;0.00001;0.00001;0.00004;0.00000;0.00000;0.00000;0.00001;0.00003;0.00000;0.00008;0.00001;0.00001;0.00001;0.00000;0.00001;0.00000;0.00001;0.00004;0.00004;0.00000;0.00001;0.00000;0.00000;0.00000;0.00000;0.00004;0.00000;0.00000;0.00000;0.00000;0.00001;0.00000;0.00002;0.00000;0.00002;0.00000;0.00000;0.00000;0.00000;0.00000;0.00004;0.00000;0.00000;0.00000;0.00000;0.00000;0.00017;0.00000;0.00000;0.00000;0.00000;0.00005;0.00000;0.00000;0.00001;0.00001;0.00003;0.00000;0.00000;0.00001;0.00005;0.00004;0.00000;0.00002;0.00002;0.00000;0.00000;0.00001;0.00000;0.00005;0.00006;0.00000;0.00000;0.00004;0.00001;0.00009;0.00148;0.00655;0.00128;0.00001;0.00000;0.00001;0.00000;0.00001;0.00093;0.00002;0.00001;0.00001;0.00001;0.00001;0.00002;0.00001;0.00001;0.00000;0.00000;0.00001;0.00001;0.00001;0.00000;0.00001;0.00000;0.00000;0.00002;0.00001;0.00002;0.00000;0.00000;0.00001;0.00004;0.00000;0.00000;0.00002;0.00001;0.00003;0.00001;0.00001;0.00000;0.00001;0.00000;0.00000;0.00007;0.00001;0.00001;0.00004;0.00002;0.00001;0.00003;0.00024;0.00003;0.00007;0.00001;0.00002;0.00001;0.00001;0.00152;0.00000;0.00000;0.00001;0.00000;0.00039;0.00243;0.00027;0.00006;0.00004;0.00001;0.00001;0.00038;0.00017;0.00032;0.00056;0.00028;0.00002;0.00031;0.00000;0.00017;0.00063;0.00004;0.00052;0.00023;0.00001;0.00055;0.00036;0.00002;0.00004;0.00001;0.00007;0.00051;0.00123;0.00047;0.00037;0.00064;0.00000;0.00000;0.00081;0.00037;0.00014;0.00007;0.00004;0.00003;0.00141;0.00001;0.00009;0.00005;0.00027;0.00002;0.00005;0.00000;0.00002;0.00003;0.00004;0.00024;0.00005;0.00030;0.00083;0.00026;0.00005;0.00175;0.00003;0.00002;0.00001;0.00055;0.00054;0.00060;0.00022;0.00021;0.00038;0.00007;0.00013;0.00012;0.00010;0.00050;0.00002;0.00009;0.00000;0.00008;0.00014;0.00002;0.00003;0.00004;0.00029;0.00005;0.00011;0.00004;0.00000;0.00000;0.00000;0.00000;0.00016;0.00028;0.00001;0.00001;0.00007;0.00004;0.00012;0.00003;0.00002;0.00000;0.00005;0.00003;0.00000;0.00000;0.00001;0.00000;0.00000;0.00028;0.00002;0.00029;0.00002;0.00001;0.00015;0.00008;0.00058;0.00023;0.00008;0.00030;0.00019;0.00021;0.00012;0.00003;0.00004;0.00003;0.00027;0.00026;0.00000;0.00000;0.00003;0.00143;0.00079;0.00038;0.00001;0.00002;0.00017;0.00001;0.00001;0.00000;0.00001;0.00001;0.00004;0.00012;0.00008;0.00002;0.00050;0.00088;0.00007;0.00005;0.00004;0.00009;0.00008;0.00057;0.00017;0.00001;0.00003;0.00044;0.00002;0.00000;0.00004;0.00002;0.00004;0.00046;0.00005;0.00021;0.00003;0.00006;0.00034;0.00005;0.00005;0.00000;0.00016;0.00001;0.00001;0.00000;0.00000;0.00000;0.00002;0.00001;0.00002;0.00003;0.00012;0.00001;0.00001;0.00001;0.00001;0.00002;0.00001;0.00003;0.00001;0.00006;0.00070;0.00029;0.00011;0.00005;0.00003;0.00000;0.00001;0.00007;0.00000;0.00015;0.00017;0.00000;0.00000;0.00000;0.00000;0.00001;0.00048;0.00070;0.00000;0.00002;0.00004;0.00009;0.00003;0.00000;0.00002;0.00013;0.00001;0.00003;0.00007;0.00006;0.00009;0.00000;0.00000;0.00237;0.00002;0.00002;0.00003;0.00006;0.00008;0.00018;0.00006;0.00009;0.00019;0.00002;0.00001;0.00001;0.00013;0.00015;0.00004;0.00057;0.00112;0.00003;0.00020;0.00055;0.00077;0.00050;0.00014;0.00115;0.00022;0.00047;0.00007;0.00053;0.00030;0.00005;0.00010;0.00123;0.00006;0.00014;0.00051;0.00000;0.00014;0.00014;0.00006;0.00002;0.00011;0.00002;0.00018;0.00000;0.00000;0.00000;0.00000;0.00001;0.00073;0.00007;0.00008;0.00000;0.00000;0.00049;0.00001;0.00001;0.00003;0.00002;0.00001;0.00000;0.00004;0.00001;0.00002;0.00002;0.00001;0.00001;0.00039;0.00002;0.00054;0.00003;0.00005;0.00009;0.00005;0.00006;0.00001;0.00001;0.00001;0.00013;0.00006;0.00000;0.00000;0.00006;0.00001;0.00000;0.00001;0.00004;0.00000;0.00009;0.00018;0.00114;0.00003;0.00001;0.00000;0.00001;0.00000;0.00163;0.00000;0.00001;0.00003;0.00001;0.00001;0.00018;0.00000;0.00000;0.00002;0.00007;0.00009;0.00003;0.00001;0.00000;0.00000
2020-04-29 00:00;0.00001;0.00007;0.00000;0.00002;0.00000;0.00000;0.00000;0.00001;0.00000;0.00000;0.00004;0.00000;0.00005;0.00000;0.00000;0.00000;0.00004;0.00003;0.00001;0.00001;0.00000;0.00000;0.00000;0.00001;0.00001;0.00004;0.00000;0.00000;0.00000;0.00001;0.00003;0.00000;0.00008;0.00001;0.00001;0.00001;0.00000;0.00001;0.00000;0.00001;0.00004;0.00004;0.00000;0.00001;0.00000;0.00000;0.00000;0.00000;0.00004;0.00000;0.00000;0.00000;0.00000;0.00001;0.00000;0.00002;0.00000;0.00002;0.00000;0.00000;0.00000;0.00000;0.00000;0.00004;0.00000;0.00000;0.00000;0.00000;0.00000;0.00017;0.00000;0.00000;0.00000;0.00000;0.00005;0.00000;0.00000;0.00001;0.00001;0.00003;0.00000;0.00000;0.00001;0.00005;0.00004;0.00000;0.00002;0.00002;0.00000;0.00000;0.00001;0.00000;0.00005;0.00006;0.00000;0.00000;0.00004;0.00001;0.00009;0.00152;0.00659;0.00128;0.00001;0.00000;0.00001;0.00000;0.00001;0.00093;0.00002;0.00001;0.00001;0.00001;0.00001;0.00002;0.00001;0.00001;0.00000;0.00000;0.00001;0.00001;0.00001;0.00000;0.00001;0.00000;0.00000;0.00002;0.00001;0.00002;0.00000;0.00000;0.00001;0.00004;0.00000;0.00000;0.00002;0.00001;0.00003;0.00001;0.00001;0.00000;0.00001;0.00000;0.00000;0.00007;0.00001;0.00001;0.00004;0.00002;0.00001;0.00003;0.00024;0.00003;0.00007;0.00001;0.00002;0.00001;0.00001;0.00152;0.00000;0.00000;0.00001;0.00000;0.00038;0.00242;0.00027;0.00006;0.00004;0.00001;0.00001;0.00037;0.00017;0.00035;0.00051;0.00029;0.00002;0.00031;0.00000;0.00019;0.00061;0.00005;0.00055;0.00023;0.00001;0.00057;0.00034;0.00002;0.00004;0.00001;0.00007;0.00052;0.00130;0.00049;0.00038;0.00068;0.00000;0.00000;0.00093;0.00038;0.00016;0.00007;0.00004;0.00003;0.00151;0.00001;0.00010;0.00005;0.00029;0.00002;0.00005;0.00000;0.00002;0.00003;0.00004;0.00024;0.00005;0.00030;0.00091;0.00026;0.00005;0.00196;0.00003;0.00002;0.00001;0.00055;0.00057;0.00063;0.00020;0.00021;0.00039;0.00007;0.00013;0.00013;0.00010;0.00054;0.00002;0.00010;0.00000;0.00008;0.00015;0.00002;0.00002;0.00004;0.00030;0.00005;0.00011;0.00004;0.00000;0.00000;0.00000;0.00000;0.00016;0.00028;0.00001;0.00001;0.00008;0.00004;0.00013;0.00003;0.00002;0.00000;0.00005;0.00003;0.00000;0.00000;0.00001;0.00000;0.00000;0.00029;0.00002;0.00032;0.00002;0.00001;0.00016;0.00009;0.00062;0.00024;0.00008;0.00030;0.00019;0.00022;0.00012;0.00003;0.00004;0.00003;0.00029;0.00027;0.00000;0.00000;0.00003;0.00151;0.00079;0.00041;0.00001;0.00002;0.00018;0.00001;0.00001;0.00000;0.00001;0.00001;0.00004;0.00012;0.00009;0.00002;0.00055;0.00098;0.00007;0.00005;0.00004;0.00010;0.00008;0.00058;0.00017;0.00001;0.00003;0.00048;0.00002;0.00000;0.00004;0.00002;0.00004;0.00051;0.00005;0.00023;0.00003;0.00007;0.00036;0.00005;0.00005;0.00000;0.00018;0.00001;0.00001;0.00000;0.00000;0.00000;0.00002;0.00001;0.00002;0.00003;0.00013;0.00001;0.00001;0.00001;0.00001;0.00002;0.00001;0.00003;0.00001;0.00006;0.00076;0.00029;0.00013;0.00005;0.00003;0.00000;0.00001;0.00008;0.00000;0.00016;0.00017;0.00000;0.00000;0.00000;0.00000;0.00000;0.00053;0.00056;0.00000;0.00002;0.00004;0.00009;0.00003;0.00000;0.00002;0.00014;0.00001;0.00003;0.00008;0.00006;0.00009;0.00000;0.00000;0.00247;0.00002;0.00003;0.00003;0.00006;0.00007;0.00020;0.00006;0.00009;0.00020;0.00002;0.00001;0.00001;0.00013;0.00015;0.00004;0.00057;0.00113;0.00003;0.00019;0.00058;0.00083;0.00050;0.00014;0.00127;0.00021;0.00050;0.00007;0.00054;0.00030;0.00005;0.00012;0.00130;0.00006;0.00015;0.00054;0.00000;0.00015;0.00015;0.00006;0.00002;0.00012;0.00002;0.00018;0.00000;0.00000;0.00000;0.00000;0.00001;0.00073;0.00007;0.00008;0.00000;0.00000;0.00049;0.00001;0.00001;0.00003;0.00002;0.00001;0.00000;0.00004;0.00001;0.00002;0.00002;0.00001;0.00001;0.00039;0.00002;0.00054;0.00003;0.00005;0.00009;0.00005;0.00006;0.00001;0.00001;0.00001;0.00013;0.00006;0.00000;0.00000;0.00006;0.00001;0.00000;0.00001;0.00004;0.00000;0.00009;0.00018;0.00115;0.00003;0.00001;0.00000;0.00001;0.00000;0.00168;0.00000;0.00001;0.00003;0.00001;0.00001;0.00019;0.00000;0.00000;0.00002;0.00008;0.00009;0.00003;0.00001;0.00000;0.00000
2020-04-30 00:00;0.00001;0.00004;0.00000;0.00002;0.00000;0.00000;0.00000;0.00001;0.00000;0.00000;0.00003;0.00000;0.00005;0.00000;0.00000;0.00000;0.00004;0.00003;0.00001;0.00001;0.00000;0.00000;0.00000;0.00001;0.00001;0.00004;0.00000;0.00000;0.00000;0.00001;0.00003;0.00000;0.00008;0.00001;0.00001;0.00001;0.00000;0.00001;0.00000;0.00001;0.00004;0.00004;0.00000;0.00001;0.00000;0.00000;0.00000;0.00000;0.00004;0.00000;0.00000;0.00000;0.00000;0.00001;0.00000;0.00002;0.00000;0.00002;0.00000;0.00000;0.00000;0.00000;0.00000;0.00004;0.00000;0.00000;0.00000;0.00000;0.00000;0.00017;0.00000;0.00000;0.00000;0.00000;0.00005;0.00000;0.00000;0.00001;0.00001;0.00003;0.00000;0.00000;0.00001;0.00005;0.00004;0.00000;0.00002;0.00002;0.00000;0.00000;0.00001;0.00000;0.00005;0.00006;0.00000;0.00000;0.00004;0.00001;0.00009;0.00102;0.00577;0.00091;0.00001;0.00000;0.00001;0.00000;0.00001;0.00087;0.00002;0.00001;0.00001;0.00001;0.00001;0.00002;0.00001;0.00001;0.00000;0.00000;0.00001;0.00001;0.00001;0.00000;0.00001;0.00000;0.00000;0.00002;0.00001;0.00002;0.00000;0.00000;0.00001;0.00004;0.00000;0.00000;0.00002;0.00001;0.00003;0.00001;0.00001;0.00000;0.00001;0.00000;0.00000;0.00007;0.00001;0.00001;0.00004;0.00002;0.00001;0.00003;0.00023;0.00003;0.00007;0.00001;0.00002;0.00001;0.00001;0.00113;0.00000;0.00000;0.00001;0.00000;0.00032;0.00181;0.00020;0.00005;0.00004;0.00001;0.00001;0.00023;0.00017;0.00034;0.00054;0.00027;0.00002;0.00028;0.00000;0.00018;0.00034;0.00004;0.00054;0.00023;0.00001;0.00055;0.00035;0.00002;0.00004;0.00001;0.00007;0.00054;0.00134;0.00049;0.00038;0.00072;0.00000;0.00000;0.00091;0.00038;0.00014;0.00007;0.00004;0.00003;0.00160;0.00001;0.00010;0.00005;0.00027;0.00002;0.00005;0.00000;0.00002;0.00003;0.00004;0.00023;0.00005;0.00030;0.00102;0.00027;0.00005;0.00217;0.00003;0.00002;0.00001;0.00055;0.00059;0.00064;0.00022;0.00021;0.00040;0.00007;0.00014;0.00012;0.00010;0.00060;0.00002;0.00010;0.00000;0.00007;0.00016;0.00002;0.00001;0.00004;0.00030;0.00005;0.00012;0.00004;0.00000;0.00000;0.00000;0.00000;0.00017;0.00028;0.00001;0.00001;0.00008;0.00005;0.00013;0.00003;0.00002;0.00000;0.00005;0.00003;0.00000;0.00000;0.00001;0.00000;0.00000;0.00030;0.00002;0.00036;0.00002;0.00001;0.00019;0.00009;0.00066;0.00024;0.00008;0.00030;0.00020;0.00022;0.00013;0.00003;0.00004;0.00003;0.00032;0.00027;0.00000;0.00000;0.00003;0.00159;0.00077;0.00042;0.00001;0.00002;0.00020;0.00001;0.00001;0.00000;0.00001;0.00001;0.00004;0.00012;0.00008;0.00002;0.00066;0.00117;0.00007;0.00005;0.00005;0.00011;0.00008;0.00062;0.00017;0.00001;0.00003;0.00056;0.00002;0.00000;0.00004;0.00002;0.00004;0.00056;0.00005;0.00024;0.00003;0.00006;0.00038;0.00005;0.00005;0.00000;0.00018;0.00001;0.00001;0.00000;0.00000;0.00000;0.00002;0.00001;0.00002;0.00004;0.00015;0.00001;0.00001;0.00001;0.00001;0.00002;0.00001;0.00003;0.00001;0.00007;0.00080;0.00029;0.00014;0.00004;0.00003;0.00000;0.00001;0.00009;0.00000;0.00016;0.00017;0.00000;0.00000;0.00000;0.00000;0.00001;0.00060;0.00015;0.00000;0.00002;0.00004;0.00009;0.00003;0.00000;0.00000;0.00014;0.00001;0.00003;0.00009;0.00006;0.00009;0.00000;0.00001;0.00264;0.00000;0.00002;0.00003;0.00006;0.00007;0.00022;0.00006;0.00009;0.00023;0.00002;0.00001;0.00001;0.00013;0.00015;0.00004;0.00056;0.00113;0.00003;0.00019;0.00060;0.00085;0.00055;0.00015;0.00127;0.00022;0.00050;0.00006;0.00054;0.00032;0.00005;0.00011;0.00135;0.00006;0.00014;0.00051;0.00000;0.00015;0.00015;0.00006;0.00002;0.00013;0.00002;0.00018;0.00000;0.00000;0.00000;0.00000;0.00001;0.00073;0.00007;0.00008;0.00000;0.00000;0.00049;0.00001;0.00001;0.00003;0.00002;0.00001;0.00000;0.00004;0.00001;0.00002;0.00002;0.00001;0.00001;0.00039;0.00002;0.00038;0.00003;0.00005;0.00009;0.00005;0.00006;0.00001;0.00001;0.00001;0.00013;0.00006;0.00000;0.00000;0.00006;0.00001;0.00000;0.00001;0.00004;0.00000;0.00009;0.00018;0.00109;0.00003;0.00001;0.00000;0.00001;0.00000;0.00155;0.00000;0.00001;0.00003;0.00001;0.00001;0.00011;0.00000;0.00000;0.00002;0.00007;0.00009;0.00003;0.00001;0.00000;0.00000
2020-05-01 00:00;0.00001;0.00003;0.00000;0.00002;0.00000;0.00000;0.00000;0.00001;0.00000;0.00000;0.00004;0.00000;0.00005;0.00000;0.00000;0.00000;0.00003;0.00003;0.00001;0.00001;0.00000;0.00000;0.00000;0.00001;0.00001;0.00003;0.00000;0.00000;0.00000;0.00001;0.00003;0.00000;0.00008;0.00001;0.00001;0.00001;0.00000;0.00001;0.00000;0.00001;0.00004;0.00004;0.00000;0.00001;0.00000;0.00000;0.00000;0.00000;0.00004;0.00000;0.00000;0.00000;0.00000;0.00001;0.00000;0.00002;0.00000;0.00002;0.00000;0.00000;0.00000;0.00000;0.00000;0.00004;0.00000;0.00000;0.00000;0.00000;0.00000;0.00015;0.00000;0.00000;0.00000;0.00000;0.00005;0.00000;0.00000;0.00001;0.00001;0.00003;0.00000;0.00000;0.00001;0.00005;0.00004;0.00000;0.00002;0.00002;0.00000;0.00000;0.00001;0.00000;0.00005;0.00006;0.00000;0.00000;0.00004;0.00001;0.00008;0.00051;0.00434;0.00052;0.00001;0.00000;0.00001;0.00000;0.00001;0.00082;0.00002;0.00001;0.00001;0.00001;0.00001;0.00002;0.00001;0.00001;0.00000;0.00000;0.00001;0.00001;0.00001;0.00000;0.00001;0.00000;0.00000;0.00002;0.00001;0.00002;0.00000;0.00000;0.00001;0.00004;0.00000;0.00000;0.00002;0.00001;0.00003;0.00001;0.00001;0.00000;0.00001;0.00000;0.00000;0.00007;0.00001;0.00001;0.00004;0.00002;0.00001;0.00003;0.00023;0.00003;0.00007;0.00001;0.00002;0.00001;0.00001;0.00075;0.00000;0.00000;0.00001;0.00000;0.00026;0.00114;0.00015;0.00005;0.00004;0.00001;0.00001;0.00013;0.00017;0.00034;0.00047;0.00025;0.00002;0.00020;0.00000;0.00015;0.00018;0.00003;0.00051;0.00021;0.00001;0.00048;0.00032;0.00002;0.00004;0.00001;0.00006;0.00039;0.00115;0.00045;0.00036;0.00063;0.00000;0.00000;0.00083;0.00036;0.00014;0.00007;0.00004;0.00003;0.00145;0.00001;0.00009;0.00004;0.00022;0.00002;0.00005;0.00000;0.00002;0.00003;0.00004;0.00023;0.00005;0.00026;0.00086;0.00025;0.00005;0.00181;0.00003;0.00002;0.00001;0.00052;0.00053;0.00054;0.00019;0.00020;0.00038;0.00007;0.00012;0.00010;0.00010;0.00036;0.00002;0.00009;0.00000;0.00006;0.00012;0.00002;0.00002;0.00004;0.00020;0.00005;0.00010;0.00004;0.00000;0.00000;0.00000;0.00000;0.00012;0.00028;0.00001;0.00001;0.00006;0.00004;0.00005;0.00003;0.00002;0.00000;0.00003;0.00002;0.00000;0.00000;0.00001;0.00000;0.00000;0.00020;0.00002;0.00024;0.00002;0.00001;0.00014;0.00006;0.00044;0.00021;0.00008;0.00029;0.00018;0.00018;0.00012;0.00003;0.00004;0.00003;0.00016;0.00014;0.00000;0.00000;0.00003;0.00103;0.00047;0.00023;0.00001;0.00002;0.00015;0.00001;0.00001;0.00000;0.00001;0.00001;0.00003;0.00012;0.00006;0.00002;0.00054;0.00088;0.00007;0.00005;0.00004;0.00009;0.00006;0.00056;0.00016;0.00001;0.00003;0.00038;0.00002;0.00000;0.00002;0.00002;0.00004;0.00047;0.00005;0.00021;0.00003;0.00005;0.00026;0.00005;0.00003;0.00000;0.00009;0.00001;0.00001;0.00000;0.00000;0.00000;0.00002;0.00001;0.00002;0.00005;0.00012;0.00001;0.00001;0.00001;0.00001;0.00001;0.00001;0.00002;0.00001;0.00004;0.00056;0.00029;0.00012;0.00004;0.00003;0.00000;0.00001;0.00005;0.00000;0.00015;0.00017;0.00000;0.00000;0.00000;0.00000;0.00000;0.00031;0.00025;0.00000;0.00002;0.00003;0.00009;0.00003;0.00000;0.00002;0.00008;0.00001;0.00003;0.00006;0.00006;0.00009;0.00000;0.00000;0.00169;0.00002;0.00002;0.00001;0.00006;0.00007;0.00015;0.00005;0.00008;0.00018;0.00002;0.00001;0.00001;0.00013;0.00015;0.00004;0.00054;0.00110;0.00003;0.00019;0.00050;0.00058;0.00049;0.00014;0.00078;0.00021;0.00039;0.00006;0.00049;0.00029;0.00005;0.00009;0.00119;0.00006;0.00012;0.00035;0.00000;0.00014;0.00012;0.00005;0.00002;0.00009;0.00002;0.00018;0.00000;0.00000;0.00000;0.00000;0.00001;0.00073;0.00007;0.00008;0.00000;0.00000;0.00049;0.00001;0.00001;0.00003;0.00002;0.00001;0.00000;0.00004;0.00001;0.00002;0.00002;0.00001;0.00001;0.00039;0.00002;0.00032;0.00003;0.00005;0.00009;0.00005;0.00006;0.00001;0.00001;0.00001;0.00013;0.00006;0.00000;0.00000;0.00006;0.00001;0.00000;0.00001;0.00004;0.00000;0.00009;0.00018;0.00101;0.00003;0.00001;0.00000;0.00001;0.00000;0.00118;0.00000;0.00001;0.00003;0.00001;0.00001;0.00004;0.00000;0.00000;0.00002;0.00006;0.00009;0.00003;0.00001;0.00000;0.00000
2020-05-02 00:00;0.00001;0.00006;0.00000;0.00002;0.00000;0.00000;0.00000;0.00001;0.00000;0.00000;0.00004;0.00000;0.00005;0.00000;0.00000;0.00000;0.00004;0.00003;0.00001;0.00001;0.00000;0.00000;0.00000;0.00001;0.00001;0.00006;0.00000;0.00000;0.00000;0.00001;0.00004;0.00000;0.00008;0.00001;0.00001;0.00001;0.00000;0.00001;0.00000;0.00001;0.00004;0.00004;0.00000;0.00001;0.00000;0.00000;0.00000;0.00000;0.00004;0.00000;0.00000;0.00000;0.00000;0.00001;0.00000;0.00002;0.00000;0.00002;0.00000;0.00000;0.00000;0.00000;0.00000;0.00004;0.00000;0.00000;0.00000;0.00000;0.00000;0.00016;0.00000;0.00000;0.00000;0.00000;0.00005;0.00000;0.00000;0.00001;0.00001;0.00003;0.00000;0.00000;0.00001;0.00005;0.00004;0.00000;0.00002;0.00002;0.00000;0.00000;0.00001;0.00000;0.00005;0.00006;0.00000;0.00000;0.00004;0.00001;0.00009;0.00093;0.00451;0.00075;0.00001;0.00000;0.00001;0.00000;0.00001;0.00085;0.00002;0.00001;0.00001;0.00001;0.00001;0.00002;0.00001;0.00001;0.00000;0.00000;0.00001;0.00001;0.00001;0.00000;0.00001;0.00000;0.00000;0.00002;0.00001;0.00002;0.00000;0.00000;0.00001;0.00004;0.00000;0.00000;0.00002;0.00001;0.00003;0.00001;0.00001;0.00000;0.00001;0.00000;0.00000;0.00007;0.00001;0.00001;0.00004;0.00002;0.00001;0.00003;0.00024;0.00003;0.00007;0.00001;0.00002;0.00001;0.00001;0.00101;0.00000;0.00000;0.00001;0.00000;0.00029;0.00146;0.00022;0.00006;0.00004;0.00001;0.00001;0.00027;0.00017;0.00033;0.00051;0.00023;0.00002;0.00026;0.00000;0.00017;0.00044;0.00004;0.00050;0.00021;0.00001;0.00051;0.00034;0.00002;0.00004;0.00001;0.00006;0.00042;0.00109;0.00046;0.00036;0.00061;0.00000;0.00000;0.00082;0.00036;0.00014;0.00007;0.00004;0.00003;0.00133;0.00001;0.00009;0.00005;0.00024;0.00002;0.00005;0.00000;0.00002;0.00003;0.00004;0.00024;0.00005;0.00027;0.00076;0.00025;0.00005;0.00155;0.00003;0.00002;0.00001;0.00053;0.00051;0.00053;0.00019;0.00020;0.00036;0.00007;0.00012;0.00011;0.00010;0.00033;0.00002;0.00008;0.00000;0.00007;0.00010;0.00002;0.00003;0.00004;0.00018;0.00005;0.00010;0.00004;0.00000;0.00000;0.00000;0.00000;0.00012;0.00027;0.00001;0.00001;0.00006;0.00004;0.00007;0.00003;0.00002;0.00000;0.00003;0.00002;0.00000;0.00000;0.00001;0.00000;0.00000;0.00016;0.00002;0.00018;0.00002;0.00001;0.00011;0.00006;0.00041;0.00021;0.00008;0.00029;0.00018;0.00019;0.00011;0.00003;0.00004;0.00003;0.00017;0.00014;0.00000;0.00000;0.00003;0.00081;0.00045;0.00020;0.00001;0.00002;0.00012;0.00001;0.00001;0.00000;0.00001;0.00001;0.00003;0.00012;0.00006;0.00003;0.00041;0.00066;0.00007;0.00005;0.00004;0.00008;0.00006;0.00052;0.00016;0.00001;0.00003;0.00028;0.00002;0.00000;0.00002;0.00002;0.00004;0.00034;0.00005;0.00019;0.00003;0.00005;0.00021;0.00005;0.00004;0.00000;0.00010;0.00001;0.00001;0.00000;0.00000;0.00000;0.00002;0.00001;0.00002;0.00004;0.00010;0.00001;0.00001;0.00001;0.00001;0.00001;0.00001;0.00002;0.00001;0.00004;0.00057;0.00029;0.00009;0.00004;0.00003;0.00000;0.00001;0.00005;0.00000;0.00015;0.00017;0.00000;0.00000;0.00001;0.00001;0.00003;0.00032;0.00054;0.00000;0.00002;0.00003;0.00009;0.00003;0.00000;0.00003;0.00008;0.00001;0.00003;0.00006;0.00006;0.00009;0.00000;0.00000;0.00138;0.00002;0.00002;0.00002;0.00006;0.00008;0.00012;0.00005;0.00009;0.00014;0.00002;0.00001;0.00001;0.00013;0.00015;0.00004;0.00054;0.00110;0.00003;0.00020;0.00048;0.00052;0.00041;0.00014;0.00077;0.00021;0.00043;0.00006;0.00050;0.00029;0.00005;0.00009;0.00113;0.00006;0.00013;0.00039;0.00000;0.00014;0.00013;0.00005;0.00002;0.00010;0.00002;0.00018;0.00000;0.00000;0.00000;0.00000;0.00001;0.00073;0.00007;0.00008;0.00000;0.00000;0.00050;0.00001;0.00001;0.00003;0.00002;0.00001;0.00000;0.00004;0.00001;0.00002;0.00002;0.00001;0.00001;0.00039;0.00002;0.00041;0.00003;0.00005;0.00009;0.00005;0.00006;0.00001;0.00001;0.00001;0.00013;0.00006;0.00000;0.00000;0.00006;0.00001;0.00000;0.00001;0.00004;0.00000;0.00009;0.00018;0.00103;0.00003;0.00001;0.00000;0.00001;0.00000;0.00125;0.00000;0.00001;0.00005;0.00001;0.00001;0.00013;0.00000;0.00000;0.00002;0.00006;0.00009;0.00003;0.00001;0.00000;0.00000
2020-05-03 00:00;0.00001;0.00006;0.00000;0.00002;0.00000;0.00000;0.00000;0.00001;0.00000;0.00000;0.00003;0.00000;0.00005;0.00000;0.00000;0.00000;0.00004;0.00003;0.00001;0.00001;0.00000;0.00000;0.00000;0.00001;0.00001;0.00004;0.00000;0.00000;0.00000;0.00001;0.00002;0.00000;0.00008;0.00001;0.00001;0.00001;0.00000;0.00001;0.00000;0.00001;0.00004;0.00004;0.00000;0.00001;0.00000;0.00000;0.00000;0.00000;0.00004;0.00000;0.00000;0.00000;0.00000;0.00001;0.00000;0.00002;0.00000;0.00002;0.00000;0.00000;0.00000;0.00000;0.00000;0.00004;0.00000;0.00000;0.00000;0.00000;0.00000;0.00017;0.00000;0.00000;0.00000;0.00000;0.00005;0.00000;0.00000;0.00001;0.00001;0.00003;0.00000;0.00000;0.00001;0.00005;0.00004;0.00000;0.00002;0.00002;0.00000;0.00000;0.00001;0.00000;0.00005;0.00006;0.00000;0.00000;0.00004;0.00001;0.00008;0.00107;0.00534;0.00091;0.00001;0.00000;0.00001;0.00000;0.00001;0.00087;0.00002;0.00001;0.00001;0.00001;0.00001;0.00002;0.00001;0.00001;0.00000;0.00000;0.00001;0.00001;0.00001;0.00000;0.00001;0.00000;0.00000;0.00002;0.00001;0.00002;0.00000;0.00000;0.00001;0.00004;0.00000;0.00000;0.00002;0.00001;0.00003;0.00001;0.00001;0.00000;0.00001;0.00000;0.00000;0.00007;0.00001;0.00001;0.00004;0.00002;0.00001;0.00003;0.00024;0.00003;0.00007;0.00001;0.00002;0.00001;0.00001;0.00119;0.00000;0.00000;0.00001;0.00000;0.00032;0.00180;0.00021;0.00006;0.00004;0.00001;0.00001;0.00026;0.00017;0.00035;0.00056;0.00022;0.00002;0.00031;0.00000;0.00019;0.00041;0.00004;0.00052;0.00022;0.00001;0.00054;0.00035;0.00002;0.00004;0.00001;0.00007;0.00050;0.00119;0.00048;0.00037;0.00067;0.00000;0.00000;0.00089;0.00037;0.00015;0.00007;0.00004;0.00003;0.00143;0.00001;0.00009;0.00005;0.00025;0.00002;0.00005;0.00000;0.00002;0.00003;0.00004;0.00023;0.00005;0.00028;0.00087;0.00026;0.00005;0.00177;0.00003;0.00002;0.00001;0.00054;0.00054;0.00057;0.00020;0.00021;0.00037;0.00007;0.00012;0.00011;0.00010;0.00040;0.00002;0.00008;0.00000;0.00007;0.00010;0.00002;0.00002;0.00004;0.00020;0.00005;0.00010;0.00004;0.00000;0.00000;0.00000;0.00000;0.00013;0.00027;0.00001;0.00001;0.00006;0.00004;0.00008;0.00003;0.00002;0.00000;0.00003;0.00002;0.00000;0.00000;0.00001;0.00000;0.00000;0.00017;0.00002;0.00020;0.00002;0.00001;0.00011;0.00006;0.00044;0.00022;0.00008;0.00030;0.00018;0.00019;0.00012;0.00003;0.00004;0.00003;0.00020;0.00017;0.00000;0.00000;0.00003;0.00087;0.00050;0.00023;0.00001;0.00002;0.00012;0.00001;0.00001;0.00000;0.00001;0.00001;0.00004;0.00012;0.00006;0.00002;0.00044;0.00073;0.00007;0.00005;0.00004;0.00009;0.00006;0.00053;0.00016;0.00001;0.00003;0.00031;0.00002;0.00000;0.00002;0.00002;0.00004;0.00036;0.00005;0.00020;0.00003;0.00005;0.00022;0.00005;0.00004;0.00000;0.00012;0.00001;0.00001;0.00000;0.00000;0.00000;0.00002;0.00001;0.00002;0.00003;0.00010;0.00001;0.00001;0.00001;0.00001;0.00002;0.00001;0.00002;0.00001;0.00005;0.00063;0.00029;0.00011;0.00004;0.00003;0.00000;0.00001;0.00006;0.00000;0.00015;0.00017;0.00000;0.00000;0.00000;0.00000;0.00000;0.00038;0.00058;0.00000;0.00002;0.00003;0.00009;0.00003;0.00000;0.00003;0.00009;0.00001;0.00003;0.00007;0.00006;0.00009;0.00000;0.00000;0.00153;0.00002;0.00002;0.00002;0.00006;0.00008;0.00013;0.00006;0.00009;0.00015;0.00002;0.00001;0.00001;0.00013;0.00015;0.00004;0.00054;0.00112;0.00003;0.00020;0.00053;0.00063;0.00043;0.00014;0.00097;0.00022;0.00047;0.00006;0.00051;0.00031;0.00005;0.00011;0.00123;0.00006;0.00013;0.00048;0.00000;0.00015;0.00014;0.00005;0.00002;0.00012;0.00002;0.00018;0.00000;0.00000;0.00000;0.00000;0.00001;0.00073;0.00007;0.00008;0.00000;0.00000;0.00050;0.00001;0.00001;0.00003;0.00002;0.00001;0.00000;0.00004;0.00001;0.00002;0.00002;0.00001;0.00001;0.00039;0.00002;0.00046;0.00003;0.00005;0.00009;0.00005;0.00006;0.00001;0.00001;0.00001;0.00013;0.00006;0.00000;0.00000;0.00006;0.00001;0.00000;0.00001;0.00004;0.00000;0.00009;0.00018;0.00107;0.00003;0.00001;0.00000;0.00001;0.00000;0.00144;0.00000;0.00001;0.00004;0.00001;0.00001;0.00015;0.00000;0.00000;0.00002;0.00007;0.00009;0.00003;0.00001;0.00000;0.00000
2020-05-04 00:00;0.00001;0.00007;0.00000;0.00002;0.00000;0.00000;0.00000;0.00001;0.00000;0.00000;0.00004;0.00000;0.00005;0.00000;0.00000;0.00000;0.00004;0.00003;0.00001;0.00001;0.00000;0.00000;0.00000;0.00001;0.00001;0.00005;0.00000;0.00000;0.00000;0.00001;0.00004;0.00000;0.00008;0.00001;0.00001;0.00001;0.00000;0.00001;0.00000;0.00001;0.00004;0.00004;0.00000;0.00001;0.00000;0.00000;0.00000;0.00000;0.00004;0.00000;0.00000;0.00000;0.00000;0.00001;0.00000;0.00002;0.00000;0.00002;0.00000;0.00000;0.00000;0.00000;0.00000;0.00004;0.00000;0.00000;0.00000;0.00000;0.00000;0.00018;0.00000;0.00000;0.00000;0.00000;0.00005;0.00000;0.00000;0.00001;0.00001;0.00003;0.00000;0.00000;0.00001;0.00005;0.00004;0.00000;0.00002;0.00002;0.00000;0.00000;0.00001;0.00000;0.00005;0.00006;0.00000;0.00000;0.00004;0.00001;0.00008;0.00113;0.00542;0.00096;0.00001;0.00000;0.00001;0.00000;0.00001;0.00087;0.00002;0.00001;0.00001;0.00001;0.00001;0.00002;0.00001;0.00001;0.00000;0.00000;0.00001;0.00001;0.00001;0.00000;0.00001;0.00000;0.00000;0.00002;0.00001;0.00002;0.00000;0.00000;0.00001;0.00004;0.00000;0.00000;0.00002;0.00001;0.00003;0.00001;0.00001;0.00000;0.00001;0.00000;0.00000;0.00007;0.00001;0.00001;0.00004;0.00002;0.00001;0.00003;0.00024;0.00003;0.00007;0.00001;0.00002;0.00001;0.00001;0.00124;0.00000;0.00000;0.00001;0.00000;0.00031;0.00184;0.00022;0.00006;0.00004;0.00001;0.00001;0.00030;0.00017;0.00036;0.00058;0.00019;0.00002;0.00034;0.00000;0.00020;0.00047;0.00004;0.00053;0.00022;0.00001;0.00055;0.00036;0.00002;0.00004;0.00001;0.00007;0.00054;0.00123;0.00049;0.00037;0.00071;0.00000;0.00000;0.00094;0.00037;0.00015;0.00007;0.00004;0.00003;0.00152;0.00001;0.00010;0.00005;0.00027;0.00002;0.00005;0.00000;0.00002;0.00003;0.00004;0.00023;0.00005;0.00029;0.00096;0.00026;0.00005;0.00203;0.00003;0.00002;0.00001;0.00055;0.00056;0.00061;0.00021;0.00020;0.00038;0.00007;0.00013;0.00011;0.00010;0.00045;0.00002;0.00008;0.00000;0.00007;0.00010;0.00002;0.00002;0.00004;0.00020;0.00005;0.00011;0.00004;0.00000;0.00000;0.00000;0.00000;0.00013;0.00027;0.00001;0.00001;0.00007;0.00004;0.00009;0.00003;0.00002;0.00000;0.00003;0.00002;0.00000;0.00000;0.00001;0.00000;0.00000;0.00018;0.00002;0.00021;0.00002;0.00001;0.00013;0.00007;0.00048;0.00022;0.00008;0.00030;0.00019;0.00020;0.00012;0.00003;0.00004;0.00003;0.00022;0.00017;0.00000;0.00000;0.00003;0.00092;0.00050;0.00024;0.00001;0.00002;0.00013;0.00001;0.00001;0.00000;0.00001;0.00001;0.00004;0.00012;0.00006;0.00002;0.00049;0.00082;0.00007;0.00005;0.00004;0.00009;0.00007;0.00054;0.00016;0.00001;0.00003;0.00036;0.00002;0.00000;0.00002;0.00002;0.00004;0.00040;0.00005;0.00022;0.00003;0.00005;0.00021;0.00005;0.00004;0.00000;0.00015;0.00001;0.00001;0.00000;0.00000;0.00000;0.00002;0.00001;0.00002;0.00004;0.00011;0.00001;0.00001;0.00001;0.00001;0.00002;0.00001;0.00002;0.00001;0.00005;0.00069;0.00029;0.00012;0.00005;0.00003;0.00000;0.00001;0.00007;0.00000;0.00015;0.00017;0.00000;0.00000;0.00000;0.00000;0.00001;0.00044;0.00048;0.00000;0.00002;0.00003;0.00009;0.00003;0.00000;0.00001;0.00009;0.00001;0.00003;0.00008;0.00006;0.00009;0.00000;0.00001;0.00162;0.00002;0.00002;0.00002;0.00006;0.00007;0.00013;0.00006;0.00009;0.00017;0.00002;0.00001;0.00001;0.00013;0.00015;0.00004;0.00055;0.00112;0.00003;0.00020;0.00056;0.00069;0.00045;0.00014;0.00111;0.00022;0.00050;0.00006;0.00052;0.00032;0.00005;0.00011;0.00130;0.00006;0.00013;0.00052;0.00000;0.00015;0.00015;0.00005;0.00002;0.00013;0.00002;0.00018;0.00000;0.00000;0.00000;0.00000;0.00001;0.00073;0.00007;0.00008;0.00000;0.00000;0.00050;0.00001;0.00001;0.00003;0.00002;0.00001;0.00000;0.00004;0.00001;0.00002;0.00002;0.00001;0.00001;0.00039;0.00002;0.00047;0.00003;0.00005;0.00009;0.00005;0.00006;0.00001;0.00001;0.00001;0.00013;0.00006;0.00000;0.00000;0.00006;0.00001;0.00000;0.00001;0.00004;0.00000;0.00009;0.00018;0.00107;0.00003;0.00001;0.00000;0.00001;0.00000;0.00149;0.00000;0.00001;0.00002;0.00001;0.00001;0.00017;0.00000;0.00000;0.00002;0.00007;0.00009;0.00003;0.00001;0.00000;0.00000
2020-05-05 00:00;0.00001;0.00008;0.00000;0.00002;0.00000;0.00000;0.00000;0.00001;0.00000;0.00000;0.00003;0.00000;0.00005;0.00000;0.00000;0.00000;0.00004;0.00003;0.00001;0.00001;0.00000;0.00000;0.00000;0.00001;0.00001;0.00003;0.00000;0.00000;0.00000;0.00001;0.00003;0.00000;0.00008;0.00001;0.00001;0.00001;0.00000;0.00001;0.00000;0.00001;0.00004;0.00004;0.00000;0.00001;0.00000;0.00000;0.00000;0.00000;0.00004;0.00000;0.00000;0.00000;0.00000;0.00001;0.00000;0.00002;0.00000;0.00002;0.00000;0.00000;0.00000;0.00000;0.00000;0.00004;0.00000;0.00000;0.00000;0.00000;0.00000;0.00018;0.00000;0.00000;0.00000;0.00000;0.00005;0.00000;0.00000;0.00001;0.00001;0.00003;0.00000;0.00000;0.00001;0.00005;0.00004;0.00000;0.00002;0.00002;0.00000;0.00000;0.00001;0.00000;0.00005;0.00006;0.00000;0.00000;0.00004;0.00001;0.00008;0.00113;0.00569;0.00101;0.00001;0.00000;0.00001;0.00000;0.00001;0.00089;0.00002;0.00001;0.00001;0.00001;0.00001;0.00002;0.00001;0.00001;0.00000;0.00000;0.00001;0.00001;0.00001;0.00000;0.00001;0.00000;0.00000;0.00002;0.00001;0.00002;0.00000;0.00000;0.00001;0.00004;0.00000;0.00000;0.00002;0.00001;0.00003;0.00001;0.00001;0.00000;0.00001;0.00000;0.00000;0.00007;0.00001;0.00001;0.00004;0.00002;0.00001;0.00003;0.00024;0.00003;0.00007;0.00001;0.00002;0.00001;0.00001;0.00131;0.00000;0.00000;0.00001;0.00000;0.00031;0.00186;0.00022;0.00005;0.00004;0.00001;0.00001;0.00032;0.00017;0.00036;0.00058;0.00014;0.00002;0.00036;0.00000;0.00020;0.00052;0.00004;0.00053;0.00021;0.00001;0.00055;0.00036;0.00002;0.00004;0.00001;0.00007;0.00056;0.00121;0.00050;0.00037;0.00072;0.00000;0.00000;0.00094;0.00037;0.00015;0.00007;0.00004;0.00003;0.00153;0.00001;0.00010;0.00005;0.00028;0.00002;0.00005;0.00000;0.00002;0.00003;0.00004;0.00023;0.00005;0.00029;0.00098;0.00026;0.00005;0.00213;0.00003;0.00002;0.00001;0.00055;0.00057;0.00061;0.00021;0.00020;0.00038;0.00007;0.00013;0.00011;0.00010;0.00047;0.00002;0.00008;0.00000;0.00007;0.00010;0.00002;0.00002;0.00004;0.00019;0.00005;0.00011;0.00004;0.00000;0.00000;0.00000;0.00000;0.00013;0.00027;0.00001;0.00001;0.00007;0.00004;0.00010;0.00003;0.00002;0.00000;0.00003;0.00002;0.00000;0.00000;0.00001;0.00000;0.00000;0.00018;0.00002;0.00023;0.00002;0.00001;0.00013;0.00007;0.00050;0.00022;0.00008;0.00030;0.00019;0.00020;0.00012;0.00003;0.00004;0.00003;0.00023;0.00017;0.00000;0.00000;0.00003;0.00096;0.00047;0.00026;0.00001;0.00002;0.00012;0.00001;0.00001;0.00000;0.00001;0.00001;0.00004;0.00012;0.00006;0.00002;0.00049;0.00082;0.00007;0.00005;0.00004;0.00009;0.00007;0.00055;0.00016;0.00001;0.00003;0.00038;0.00002;0.00000;0.00002;0.00002;0.00004;0.00039;0.00005;0.00022;0.00003;0.00005;0.00017;0.00005;0.00005;0.00000;0.00016;0.00001;0.00001;0.00000;0.00000;0.00000;0.00002;0.00001;0.00002;0.00003;0.00010;0.00001;0.00001;0.00001;0.00001;0.00002;0.00001;0.00002;0.00001;0.00005;0.00071;0.00029;0.00012;0.00005;0.00003;0.00000;0.00001;0.00007;0.00000;0.00015;0.00017;0.00000;0.00000;0.00000;0.00000;0.00000;0.00045;0.00036;0.00000;0.00002;0.00004;0.00009;0.00003;0.00000;0.00002;0.00008;0.00001;0.00003;0.00008;0.00006;0.00009;0.00000;0.00000;0.00156;0.00001;0.00001;0.00002;0.00006;0.00008;0.00012;0.00006;0.00008;0.00017;0.00002;0.00001;0.00001;0.00013;0.00015;0.00004;0.00054;0.00112;0.00003;0.00019;0.00056;0.00067;0.00044;0.00014;0.00117;0.00022;0.00050;0.00006;0.00052;0.00032;0.00005;0.00011;0.00131;0.00006;0.00013;0.00054;0.00000;0.00015;0.00016;0.00005;0.00002;0.00014;0.00002;0.00018;0.00000;0.00000;0.00000;0.00000;0.00001;0.00073;0.00007;0.00008;0.00000;0.00000;0.00049;0.00001;0.00001;0.00003;0.00002;0.00001;0.00000;0.00004;0.00001;0.00002;0.00002;0.00001;0.00001;0.00039;0.00002;0.00047;0.00003;0.00005;0.00009;0.00005;0.00006;0.00001;0.00001;0.00001;0.00013;0.00006;0.00000;0.00000;0.00006;0.00001;0.00000;0.00001;0.00004;0.00000;0.00009;0.00018;0.00110;0.00003;0.00001;0.00000;0.00001;0.00000;0.00148;0.00000;0.00001;0.00004;0.00001;0.00001;0.00019;0.00000;0.00000;0.00002;0.00007;0.00009;0.00003;0.00001;0.00000;0.00000
2020-05-06 00:00;0.00001;0.00009;0.00000;0.00002;0.00000;0.00000;0.00000;0.00001;0.00000;0.00000;0.00004;0.00000;0.00005;0.00000;0.00000;0.00000;0.00004;0.00003;0.00001;0.00001;0.00000;0.00000;0.00000;0.00001;0.00001;0.00005;0.00000;0.00000;0.00000;0.00001;0.00004;0.00000;0.00008;0.00001;0.00001;0.00001;0.00000;0.00001;0.00000;0.00001;0.00004;0.00004;0.00000;0.00001;0.00000;0.00000;0.00000;0.00000;0.00004;0.00000;0.00000;0.00000;0.00000;0.00001;0.00000;0.00002;0.00000;0.00002;0.00000;0.00000;0.00000;0.00000;0.00000;0.00004;0.00000;0.00000;0.00000;0.00000;0.00000;0.00018;0.00000;0.00000;0.00000;0.00000;0.00005;0.00000;0.00000;0.00001;0.00001;0.00003;0.00000;0.00000;0.00001;0.00005;0.00004;0.00000;0.00002;0.00002;0.00000;0.00000;0.00001;0.00000;0.00005;0.00006;0.00000;0.00000;0.00004;0.00001;0.00008;0.00109;0.00572;0.00100;0.00001;0.00000;0.00001;0.00000;0.00001;0.00089;0.00002;0.00001;0.00001;0.00001;0.00001;0.00002;0.00001;0.00001;0.00000;0.00000;0.00001;0.00001;0.00001;0.00000;0.00001;0.00000;0.00000;0.00002;0.00001;0.00002;0.00000;0.00000;0.00001;0.00004;0.00000;0.00000;0.00002;0.00001;0.00003;0.00001;0.00001;0.00000;0.00001;0.00000;0.00000;0.00007;0.00001;0.00001;0.00004;0.00002;0.00001;0.00003;0.00023;0.00003;0.00007;0.00001;0.00002;0.00001;0.00001;0.00131;0.00000;0.00000;0.00001;0.00000;0.00030;0.00179;0.00021;0.00005;0.00004;0.00001;0.00001;0.00032;0.00017;0.00036;0.00058;0.00007;0.00002;0.00037;0.00000;0.00021;0.00051;0.00004;0.00053;0.00021;0.00001;0.00056;0.00037;0.00002;0.00004;0.00001;0.00007;0.00058;0.00118;0.00050;0.00038;0.00073;0.00000;0.00000;0.00096;0.00037;0.00015;0.00007;0.00004;0.00003;0.00154;0.00001;0.00010;0.00005;0.00029;0.00002;0.00005;0.00000;0.00002;0.00003;0.00004;0.00023;0.00005;0.00030;0.00099;0.00027;0.00005;0.00221;0.00003;0.00002;0.00001;0.00056;0.00058;0.00063;0.00021;0.00020;0.00038;0.00007;0.00013;0.00010;0.00010;0.00051;0.00002;0.00008;0.00000;0.00007;0.00009;0.00002;0.00002;0.00004;0.00017;0.00005;0.00011;0.00004;0.00000;0.00000;0.00000;0.00000;0.00013;0.00027;0.00001;0.00001;0.00007;0.00004;0.00011;0.00003;0.00002;0.00000;0.00003;0.00002;0.00000;0.00000;0.00001;0.00000;0.00000;0.00017;0.00002;0.00024;0.00002;0.00001;0.00014;0.00007;0.00053;0.00022;0.00008;0.00030;0.00019;0.00020;0.00012;0.00003;0.00004;0.00003;0.00025;0.00015;0.00000;0.00000;0.00003;0.00096;0.00043;0.00026;0.00001;0.00002;0.00012;0.00001;0.00001;0.00000;0.00001;0.00001;0.00004;0.00012;0.00006;0.00002;0.00052;0.00085;0.00007;0.00005;0.00004;0.00010;0.00006;0.00056;0.00016;0.00001;0.00003;0.00041;0.00002;0.00000;0.00002;0.00002;0.00004;0.00037;0.00005;0.00023;0.00003;0.00005;0.00014;0.00005;0.00005;0.00000;0.00017;0.00001;0.00001;0.00000;0.00000;0.00000;0.00002;0.00001;0.00002;0.00005;0.00010;0.00001;0.00001;0.00001;0.00001;0.00002;0.00001;0.00002;0.00001;0.00005;0.00074;0.00029;0.00013;0.00005;0.00003;0.00000;0.00001;0.00007;0.00000;0.00016;0.00017;0.00000;0.00000;0.00000;0.00000;0.00001;0.00048;0.00038;0.00000;0.00002;0.00004;0.00009;0.00003;0.00000;0.00001;0.00007;0.00001;0.00003;0.00009;0.00006;0.00009;0.00000;0.00000;0.00144;0.00001;0.00001;0.00001;0.00006;0.00007;0.00011;0.00006;0.00008;0.00017;0.00002;0.00001;0.00001;0.00013;0.00015;0.00004;0.00054;0.00113;0.00003;0.00019;0.00057;0.00066;0.00043;0.00014;0.00121;0.00022;0.00051;0.00006;0.00051;0.00033;0.00005;0.00011;0.00132;0.00006;0.00013;0.00055;0.00000;0.00015;0.00016;0.00005;0.00002;0.00014;0.00002;0.00018;0.00000;0.00000;0.00000;0.00000;0.00001;0.00073;0.00007;0.00008;0.00000;0.00000;0.00049;0.00001;0.00001;0.00003;0.00002;0.00001;0.00000;0.00004;0.00001;0.00002;0.00002;0.00001;0.00001;0.00039;0.00002;0.00047;0.00003;0.00005;0.00009;0.00005;0.00006;0.00001;0.00001;0.00001;0.00013;0.00006;0.00000;0.00000;0.00006;0.00001;0.00000;0.00001;0.00004;0.00000;0.00009;0.00018;0.00110;0.00003;0.00001;0.00000;0.00001;0.00000;0.00140;0.00000;0.00001;0.00002;0.00001;0.00001;0.00020;0.00000;0.00000;0.00002;0.00006;0.00009;0.00003;0.00001;0.00000;0.00000
2020-05-07 00:00;0.00001;0.00009;0.00000;0.00002;0.00000;0.00000;0.00000;0.00001;0.00000;0.00000;0.00003;0.00000;0.00005;0.00000;0.00000;0.00000;0.00004;0.00003;0.00001;0.00001;0.00000;0.00000;0.00000;0.00001;0.00001;0.00003;0.00000;0.00000;0.00000;0.00001;0.00003;0.00000;0.00008;0.00001;0.00001;0.00001;0.00000;0.00001;0.00000;0.00001;0.00004;0.00004;0.00000;0.00001;0.00000;0.00000;0.00000;0.00000;0.00004;0.00000;0.00000;0.00000;0.00000;0.00001;0.00000;0.00002;0.00000;0.00002;0.00000;0.00000;0.00000;0.00000;0.00000;0.00004;0.00000;0.00000;0.00000;0.00000;0.00000;0.00019;0.00000;0.00000;0.00000;0.00000;0.00005;0.00000;0.00000;0.00001;0.00001;0.00003;0.00000;0.00000;0.00001;0.00005;0.00004;0.00000;0.00002;0.00002;0.00000;0.00000;0.00001;0.00000;0.00005;0.00006;0.00000;0.00000;0.00004;0.00001;0.00009;0.00111;0.00572;0.00101;0.00001;0.00000;0.00001;0.00000;0.00001;0.00090;0.00002;0.00001;0.00001;0.00001;0.00001;0.00002;0.00001;0.00001;0.00000;0.00000;0.00001;0.00001;0.00001;0.00000;0.00001;0.00000;0.00000;0.00002;0.00001;0.00002;0.00000;0.00000;0.00001;0.00004;0.00000;0.00000;0.00002;0.00001;0.00003;0.00001;0.00001;0.00000;0.00001;0.00000;0.00000;0.00007;0.00001;0.00001;0.00004;0.00002;0.00001;0.00003;0.00023;0.00003;0.00007;0.00001;0.00002;0.00001;0.00001;0.00135;0.00000;0.00000;0.00001;0.00000;0.00027;0.00178;0.00020;0.00005;0.00004;0.00001;0.00001;0.00034;0.00017;0.00037;0.00061;0.00012;0.00002;0.00041;0.00000;0.00021;0.00053;0.00004;0.00054;0.00019;0.00001;0.00053;0.00036;0.00002;0.00003;0.00001;0.00007;0.00056;0.00112;0.00050;0.00037;0.00070;0.00000;0.00000;0.00096;0.00036;0.00015;0.00007;0.00004;0.00003;0.00154;0.00001;0.00010;0.00005;0.00030;0.00002;0.00005;0.00000;0.00002;0.00003;0.00004;0.00023;0.00005;0.00031;0.00104;0.00027;0.00006;0.00235;0.00003;0.00002;0.00001;0.00056;0.00060;0.00066;0.00022;0.00020;0.00038;0.00007;0.00013;0.00010;0.00010;0.00058;0.00002;0.00009;0.00000;0.00006;0.00008;0.00002;0.00002;0.00004;0.00016;0.00005;0.00012;0.00004;0.00000;0.00000;0.00000;0.00000;0.00013;0.00028;0.00001;0.00001;0.00007;0.00005;0.00012;0.00003;0.00002;0.00000;0.00002;0.00002;0.00000;0.00000;0.00001;0.00000;0.00000;0.00015;0.00002;0.00027;0.00002;0.00001;0.00017;0.00008;0.00058;0.00022;0.00008;0.00030;0.00019;0.00021;0.00012;0.00003;0.00004;0.00003;0.00027;0.00010;0.00000;0.00000;0.00003;0.00094;0.00042;0.00026;0.00001;0.00002;0.00011;0.00002;0.00001;0.00000;0.00001;0.00001;0.00004;0.00012;0.00005;0.00003;0.00056;0.00092;0.00007;0.00005;0.00004;0.00010;0.00007;0.00059;0.00017;0.00001;0.00003;0.00045;0.00002;0.00000;0.00002;0.00002;0.00004;0.00037;0.00005;0.00024;0.00003;0.00005;0.00014;0.00005;0.00005;0.00000;0.00020;0.00001;0.00001;0.00000;0.00000;0.00000;0.00002;0.00001;0.00002;0.00006;0.00010;0.00001;0.00001;0.00001;0.00001;0.00002;0.00001;0.00002;0.00001;0.00005;0.00079;0.00029;0.00014;0.00005;0.00003;0.00000;0.00001;0.00008;0.00000;0.00016;0.00017;0.00000;0.00000;0.00000;0.00000;0.00000;0.00053;0.00012;0.00000;0.00002;0.00004;0.00009;0.00003;0.00000;0.00003;0.00004;0.00001;0.00003;0.00010;0.00006;0.00009;0.00000;0.00000;0.00137;0.00001;0.00001;0.00001;0.00006;0.00008;0.00008;0.00006;0.00008;0.00019;0.00002;0.00001;0.00001;0.00013;0.00015;0.00004;0.00055;0.00113;0.00003;0.00019;0.00055;0.00066;0.00041;0.00014;0.00114;0.00022;0.00050;0.00006;0.00050;0.00031;0.00005;0.00012;0.00132;0.00006;0.00013;0.00057;0.00000;0.00015;0.00016;0.00005;0.00002;0.00015;0.00002;0.00018;0.00000;0.00000;0.00000;0.00000;0.00001;0.00073;0.00007;0.00008;0.00000;0.00000;0.00049;0.00001;0.00001;0.00003;0.00002;0.00001;0.00000;0.00004;0.00001;0.00002;0.00002;0.00001;0.00001;0.00039;0.00002;0.00048;0.00003;0.00005;0.00009;0.00005;0.00006;0.00001;0.00001;0.00001;0.00013;0.00006;0.00000;0.00000;0.00006;0.00001;0.00000;0.00001;0.00004;0.00000;0.00009;0.00018;0.00111;0.00003;0.00001;0.00000;0.00001;0.00000;0.00122;0.00000;0.00001;0.00004;0.00001;0.00001;0.00021;0.00000;0.00000;0.00002;0.00004;0.00009;0.00003;0.00001;0.00000;0.00000
2020-05-08 00:00;0.00001;0.00004;0.00000;0.00002;0.00000;0.00000;0.00000;0.00001;0.00000;0.00000;0.00004;0.00000;0.00005;0.00000;0.00000;0.00000;0.00003;0.00003;0.00001;0.00001;0.00000;0.00000;0.00000;0.00001;0.00001;0.00004;0.00000;0.00000;0.00000;0.00001;0.00004;0.00000;0.00008;0.00001;0.00001;0.00001;0.00000;0.00001;0.00000;0.00001;0.00004;0.00004;0.00000;0.00001;0.00000;0.00000;0.00000;0.00000;0.00004;0.00000;0.00000;0.00000;0.00000;0.00001;0.00000;0.00002;0.00000;0.00002;0.00000;0.00000;0.00000;0.00000;0.00000;0.00004;0.00000;0.00000;0.00000;0.00000;0.00000;0.00017;0.00000;0.00000;0.00000;0.00000;0.00005;0.00000;0.00000;0.00001;0.00001;0.00003;0.00000;0.00000;0.00001;0.00005;0.00004;0.00000;0.00002;0.00002;0.00000;0.00000;0.00001;0.00000;0.00005;0.00006;0.00000;0.00000;0.00004;0.00001;0.00008;0.00066;0.00522;0.00070;0.00001;0.00000;0.00001;0.00000;0.00001;0.00085;0.00002;0.00001;0.00001;0.00001;0.00001;0.00002;0.00001;0.00001;0.00000;0.00000;0.00001;0.00001;0.00001;0.00000;0.00001;0.00000;0.00000;0.00002;0.00001;0.00002;0.00000;0.00000;0.00001;0.00004;0.00000;0.00000;0.00001;0.00001;0.00003;0.00001;0.00001;0.00000;0.00001;0.00000;0.00000;0.00007;0.00001;0.00001;0.00004;0.00002;0.00001;0.00003;0.00023;0.00003;0.00007;0.00001;0.00002;0.00001;0.00001;0.00105;0.00000;0.00000;0.00001;0.00000;0.00023;0.00138;0.00015;0.00005;0.00004;0.00001;0.00001;0.00021;0.00017;0.00038;0.00056;0.00008;0.00002;0.00034;0.00000;0.00020;0.00029;0.00004;0.00055;0.00017;0.00001;0.00054;0.00037;0.00002;0.00003;0.00001;0.00007;0.00057;0.00106;0.00051;0.00038;0.00075;0.00000;0.00000;0.00102;0.00036;0.00016;0.00007;0.00004;0.00003;0.00156;0.00001;0.00011;0.00005;0.00028;0.00002;0.00005;0.00000;0.00002;0.00003;0.00004;0.00023;0.00005;0.00031;0.00105;0.00027;0.00006;0.00245;0.00003;0.00002;0.00001;0.00056;0.00061;0.00067;0.00022;0.00020;0.00038;0.00007;0.00013;0.00010;0.00010;0.00059;0.00001;0.00009;0.00000;0.00006;0.00003;0.00002;0.00002;0.00004;0.00009;0.00005;0.00012;0.00004;0.00000;0.00000;0.00000;0.00000;0.00012;0.00028;0.00001;0.00001;0.00006;0.00005;0.00012;0.00003;0.00002;0.00000;0.00001;0.00002;0.00000;0.00000;0.00001;0.00000;0.00000;0.00007;0.00002;0.00029;0.00002;0.00001;0.00019;0.00008;0.00062;0.00021;0.00008;0.00030;0.00019;0.00021;0.00013;0.00003;0.00004;0.00003;0.00029;0.00005;0.00000;0.00000;0.00003;0.00083;0.00020;0.00025;0.00001;0.00002;0.00007;0.00002;0.00001;0.00000;0.00001;0.00001;0.00004;0.00012;0.00005;0.00002;0.00057;0.00089;0.00007;0.00005;0.00004;0.00011;0.00006;0.00061;0.00017;0.00001;0.00003;0.00053;0.00002;0.00000;0.00002;0.00002;0.00004;0.00032;0.00005;0.00025;0.00003;0.00005;0.00009;0.00005;0.00005;0.00000;0.00020;0.00001;0.00001;0.00000;0.00000;0.00000;0.00002;0.00001;0.00002;0.00006;0.00008;0.00001;0.00001;0.00001;0.00001;0.00002;0.00001;0.00002;0.00001;0.00005;0.00079;0.00029;0.00015;0.00004;0.00003;0.00000;0.00001;0.00008;0.00000;0.00017;0.00017;0.00000;0.00000;0.00000;0.00000;0.00001;0.00052;0.00054;0.00000;0.00002;0.00004;0.00009;0.00003;0.00000;0.00001;0.00005;0.00001;0.00003;0.00010;0.00006;0.00009;0.00000;0.00001;0.00052;0.00001;0.00001;0.00001;0.00006;0.00007;0.00002;0.00006;0.00008;0.00020;0.00002;0.00001;0.00001;0.00013;0.00015;0.00004;0.00055;0.00113;0.00003;0.00019;0.00057;0.00061;0.00042;0.00015;0.00112;0.00023;0.00052;0.00006;0.00050;0.00034;0.00005;0.00012;0.00135;0.00006;0.00012;0.00055;0.00000;0.00015;0.00017;0.00005;0.00002;0.00015;0.00002;0.00018;0.00000;0.00000;0.00000;0.00000;0.00001;0.00073;0.00007;0.00008;0.00000;0.00000;0.00049;0.00001;0.00001;0.00003;0.00002;0.00001;0.00000;0.00004;0.00001;0.00002;0.00002;0.00001;0.00001;0.00039;0.00002;0.00042;0.00003;0.00005;0.00009;0.00005;0.00006;0.00001;0.00001;0.00001;0.00013;0.00006;0.00000;0.00000;0.00006;0.00001;0.00000;0.00001;0.00004;0.00000;0.00009;0.00018;0.00107;0.00003;0.00001;0.00000;0.00001;0.00000;0.00086;0.00000;0.00001;0.00002;0.00001;0.00001;0.00010;0.00000;0.00000;0.00002;0.00005;0.00009;0.00003;0.00001;0.00000;0.00000
2020-05-09 00:00;0.00001;0.00007;0.00000;0.00002;0.00000;0.00000;0.00000;0.00001;0.00000;0.00000;0.00003;0.00000;0.00005;0.00000;0.00000;0.00000;0.00004;0.00003;0.00001;0.00001;0.00000;0.00000;0.00000;0.00001;0.00001;0.00005;0.00000;0.00000;0.00000;0.00001;0.00003;0.00000;0.00008;0.00001;0.00001;0.00001;0.00000;0.00001;0.00000;0.00001;0.00004;0.00004;0.00000;0.00001;0.00000;0.00000;0.00000;0.00000;0.00004;0.00000;0.00000;0.00000;0.00000;0.00001;0.00000;0.00002;0.00000;0.00002;0.00000;0.00000;0.00000;0.00000;0.00000;0.00004;0.00000;0.00000;0.00000;0.00000;0.00000;0.00017;0.00000;0.00000;0.00000;0.00000;0.00005;0.00000;0.00000;0.00001;0.00001;0.00003;0.00000;0.00000;0.00001;0.00005;0.00004;0.00000;0.00002;0.00002;0.00000;0.00000;0.00001;0.00000;0.00005;0.00006;0.00000;0.00000;0.00004;0.00001;0.00009;0.00077;0.00463;0.00069;0.00001;0.00000;0.00001;0.00000;0.00001;0.00084;0.00002;0.00001;0.00001;0.00001;0.00001;0.00002;0.00001;0.00001;0.00000;0.00000;0.00001;0.00001;0.00001;0.00000;0.00001;0.00000;0.00000;0.00002;0.00001;0.00002;0.00000;0.00000;0.00001;0.00004;0.00000;0.00000;0.00001;0.00001;0.00003;0.00001;0.00001;0.00000;0.00001;0.00000;0.00000;0.00007;0.00001;0.00001;0.00004;0.00002;0.00001;0.00003;0.00023;0.00003;0.00007;0.00001;0.00002;0.00001;0.00001;0.00102;0.00000;0.00000;0.00001;0.00000;0.00022;0.00122;0.00014;0.00005;0.00004;0.00001;0.00001;0.00027;0.00017;0.00037;0.00057;0.00013;0.00002;0.00039;0.00000;0.00022;0.00040;0.00004;0.00054;0.00019;0.00001;0.00055;0.00038;0.00002;0.00003;0.00001;0.00007;0.00062;0.00099;0.00052;0.00038;0.00077;0.00000;0.00000;0.00105;0.00036;0.00016;0.00007;0.00004;0.00003;0.00156;0.00001;0.00011;0.00005;0.00029;0.00002;0.00005;0.00000;0.00002;0.00003;0.00004;0.00023;0.00005;0.00031;0.00104;0.00027;0.00006;0.00250;0.00003;0.00002;0.00001;0.00057;0.00062;0.00068;0.00022;0.00020;0.00038;0.00007;0.00013;0.00010;0.00010;0.00059;0.00001;0.00009;0.00000;0.00007;0.00007;0.00002;0.00001;0.00004;0.00019;0.00005;0.00012;0.00004;0.00000;0.00000;0.00000;0.00000;0.00010;0.00027;0.00001;0.00001;0.00006;0.00005;0.00013;0.00003;0.00002;0.00000;0.00002;0.00002;0.00000;0.00000;0.00001;0.00000;0.00000;0.00012;0.00002;0.00030;0.00002;0.00001;0.00020;0.00008;0.00063;0.00020;0.00008;0.00030;0.00019;0.00021;0.00013;0.00003;0.00004;0.00003;0.00030;0.00009;0.00000;0.00000;0.00003;0.00057;0.00052;0.00020;0.00001;0.00002;0.00011;0.00002;0.00001;0.00000;0.00001;0.00001;0.00004;0.00012;0.00005;0.00003;0.00054;0.00079;0.00007;0.00005;0.00004;0.00010;0.00005;0.00061;0.00017;0.00001;0.00003;0.00057;0.00002;0.00000;0.00002;0.00002;0.00004;0.00024;0.00005;0.00025;0.00003;0.00005;0.00016;0.00004;0.00006;0.00000;0.00020;0.00001;0.00001;0.00000;0.00000;0.00000;0.00002;0.00001;0.00002;0.00006;0.00006;0.00001;0.00001;0.00001;0.00001;0.00002;0.00001;0.00002;0.00001;0.00005;0.00079;0.00029;0.00015;0.00005;0.00003;0.00000;0.00001;0.00007;0.00000;0.00017;0.00017;0.00000;0.00000;0.00000;0.00000;0.00000;0.00049;0.00023;0.00000;0.00002;0.00004;0.00009;0.00003;0.00000;0.00003;0.00004;0.00001;0.00003;0.00011;0.00006;0.00009;0.00000;0.00000;0.00114;0.00001;0.00001;0.00002;0.00006;0.00008;0.00007;0.00006;0.00008;0.00018;0.00002;0.00001;0.00001;0.00013;0.00015;0.00004;0.00056;0.00113;0.00003;0.00019;0.00058;0.00055;0.00039;0.00015;0.00118;0.00023;0.00053;0.00006;0.00049;0.00035;0.00005;0.00012;0.00136;0.00006;0.00012;0.00057;0.00000;0.00015;0.00017;0.00005;0.00002;0.00016;0.00002;0.00017;0.00000;0.00000;0.00000;0.00000;0.00001;0.00073;0.00007;0.00008;0.00000;0.00000;0.00049;0.00001;0.00001;0.00003;0.00002;0.00001;0.00000;0.00004;0.00001;0.00002;0.00002;0.00001;0.00001;0.00039;0.00002;0.00042;0.00003;0.00005;0.00009;0.00005;0.00006;0.00001;0.00001;0.00001;0.00013;0.00006;0.00000;0.00000;0.00006;0.00001;0.00000;0.00001;0.00004;0.00000;0.00009;0.00018;0.00104;0.00003;0.00001;0.00000;0.00001;0.00000;0.00104;0.00000;0.00001;0.00005;0.00001;0.00001;0.00015;0.00000;0.00000;0.00002;0.00006;0.00009;0.00003;0.00001;0.00000;0.00000
2020-05-10 00:00;0.00001;0.00008;0.00000;0.00002;0.00000;0.00000;0.00000;0.00001;0.00000;0.00000;0.00004;0.00000;0.00005;0.00000;0.00000;0.00000;0.00004;0.00003;0.00001;0.00001;0.00000;0.00000;0.00000;0.00001;0.00001;0.00003;0.00000;0.00000;0.00000;0.00001;0.00004;0.00000;0.00008;0.00001;0.00001;0.00001;0.00000;0.00001;0.00000;0.00001;0.00004;0.00004;0.00000;0.00001;0.00000;0.00000;0.00000;0.00000;0.00004;0.00000;0.00000;0.00000;0.00000;0.00001;0.00000;0.00002;0.00000;0.00002;0.00000;0.00000;0.00000;0.00000;0.00000;0.00004;0.00000;0.00000;0.00000;0.00000;0.00000;0.00018;0.00000;0.00000;0.00000;0.00000;0.00005;0.00000;0.00000;0.00001;0.00001;0.00003;0.00000;0.00000;0.00001;0.00005;0.00004;0.00000;0.00002;0.00002;0.00000;0.00000;0.00001;0.00000;0.00005;0.00006;0.00000;0.00000;0.00004;0.00001;0.00008;0.00078;0.00501;0.00077;0.00001;0.00000;0.00001;0.00000;0.00001;0.00086;0.00002;0.00001;0.00001;0.00001;0.00001;0.00002;0.00001;0.00001;0.00000;0.00000;0.00001;0.00001;0.00001;0.00000;0.00001;0.00000;0.00000;0.00002;0.00001;0.00002;0.00000;0.00000;0.00001;0.00004;0.00000;0.00000;0.00001;0.00001;0.00003;0.00001;0.00001;0.00000;0.00001;0.00000;0.00000;0.00007;0.00001;0.00001;0.00004;0.00002;0.00001;0.00003;0.00023;0.00003;0.00007;0.00001;0.00002;0.00001;0.00001;0.00114;0.00000;0.00000;0.00001;0.00000;0.00021;0.00121;0.00013;0.00005;0.00004;0.00001;0.00001;0.00028;0.00017;0.00037;0.00057;0.00009;0.00002;0.00043;0.00000;0.00022;0.00041;0.00005;0.00053;0.00018;0.00001;0.00055;0.00038;0.00002;0.00003;0.00001;0.00007;0.00063;0.00084;0.00052;0.00038;0.00077;0.00000;0.00000;0.00104;0.00036;0.00015;0.00007;0.00004;0.00003;0.00153;0.00001;0.00011;0.00005;0.00030;0.00002;0.00005;0.00000;0.00002;0.00003;0.00004;0.00023;0.00005;0.00032;0.00103;0.00028;0.00006;0.00255;0.00003;0.00002;0.00001;0.00057;0.00062;0.00069;0.00022;0.00019;0.00037;0.00007;0.00012;0.00010;0.00010;0.00057;0.00001;0.00008;0.00000;0.00006;0.00003;0.00002;0.00002;0.00004;0.00011;0.00005;0.00012;0.00004;0.00000;0.00000;0.00000;0.00000;0.00010;0.00027;0.00001;0.00001;0.00006;0.00005;0.00013;0.00003;0.00002;0.00000;0.00001;0.00001;0.00000;0.00000;0.00001;0.00000;0.00000;0.00008;0.00002;0.00029;0.00002;0.00001;0.00021;0.00008;0.00063;0.00020;0.00008;0.00030;0.00019;0.00021;0.00013;0.00003;0.00004;0.00003;0.00030;0.00007;0.00000;0.00000;0.00003;0.00047;0.00028;0.00012;0.00001;0.00002;0.00009;0.00002;0.00001;0.00000;0.00001;0.00001;0.00003;0.00011;0.00005;0.00002;0.00050;0.00067;0.00007;0.00005;0.00004;0.00010;0.00005;0.00060;0.00017;0.00001;0.00003;0.00057;0.00002;0.00000;0.00001;0.00002;0.00004;0.00016;0.00005;0.00025;0.00003;0.00005;0.00006;0.00004;0.00006;0.00000;0.00020;0.00001;0.00001;0.00000;0.00000;0.00000;0.00003;0.00001;0.00002;0.00006;0.00007;0.00001;0.00001;0.00001;0.00001;0.00002;0.00001;0.00002;0.00001;0.00004;0.00078;0.00029;0.00015;0.00005;0.00003;0.00000;0.00001;0.00006;0.00000;0.00017;0.00017;0.00000;0.00000;0.00000;0.00000;0.00001;0.00045;0.00050;0.00000;0.00002;0.00004;0.00009;0.00003;0.00000;0.00001;0.00005;0.00001;0.00003;0.00011;0.00006;0.00009;0.00000;0.00000;0.00095;0.00001;0.00001;0.00000;0.00006;0.00007;0.00003;0.00005;0.00008;0.00016;0.00002;0.00001;0.00001;0.00013;0.00015;0.00004;0.00056;0.00113;0.00003;0.00019;0.00057;0.00046;0.00034;0.00015;0.00116;0.00023;0.00053;0.00006;0.00047;0.00035;0.00005;0.00012;0.00135;0.00006;0.00011;0.00060;0.00000;0.00015;0.00018;0.00005;0.00002;0.00017;0.00002;0.00017;0.00000;0.00000;0.00000;0.00000;0.00001;0.00073;0.00007;0.00008;0.00000;0.00000;0.00049;0.00001;0.00001;0.00003;0.00002;0.00001;0.00000;0.00004;0.00001;0.00002;0.00002;0.00001;0.00001;0.00039;0.00002;0.00043;0.00003;0.00005;0.00009;0.00005;0.00006;0.00001;0.00001;0.00001;0.00013;0.00006;0.00000;0.00000;0.00006;0.00001;0.00000;0.00001;0.00004;0.00000;0.00009;0.00018;0.00107;0.00003;0.00001;0.00000;0.00001;0.00000;0.00116;0.00000;0.00001;0.00003;0.00001;0.00001;0.00019;0.00000;0.00000;0.00002;0.00004;0.00009;0.00003;0.00001;0.00000;0.00000
2020-05-11 00:00;0.00001;0.00009;0.00000;0.00002;0.00000;0.00000;0.00000;0.00001;0.00000;0.00000;0.00003;0.00000;0.00005;0.00000;0.00000;0.00000;0.00004;0.00003;0.00001;0.00001;0.00000;0.00000;0.00000;0.00001;0.00001;0.00005;0.00000;0.00000;0.00000;0.00001;0.00003;0.00000;0.00008;0.00001;0.00001;0.00001;0.00000;0.00001;0.00000;0.00001;0.00004;0.00004;0.00000;0.00001;0.00000;0.00000;0.00000;0.00000;0.00004;0.00000;0.00000;0.00000;0.00000;0.00001;0.00000;0.00002;0.00000;0.00002;0.00000;0.00000;0.00000;0.00000;0.00000;0.00004;0.00000;0.00000;0.00000;0.00000;0.00000;0.00017;0.00000;0.00000;0.00000;0.00000;0.00005;0.00000;0.00000;0.00001;0.00001;0.00003;0.00000;0.00000;0.00001;0.00005;0.00004;0.00000;0.00002;0.00002;0.00000;0.00000;0.00001;0.00000;0.00005;0.00006;0.00000;0.00000;0.00004;0.00001;0.00009;0.00070;0.00497;0.00075;0.00001;0.00000;0.00001;0.00000;0.00001;0.00086;0.00002;0.00001;0.00001;0.00001;0.00001;0.00002;0.00001;0.00001;0.00000;0.00000;0.00001;0.00001;0.00001;0.00000;0.00001;0.00000;0.00000;0.00002;0.00001;0.00002;0.00000;0.00000;0.00001;0.00004;0.00000;0.00000;0.00001;0.00001;0.00003;0.00001;0.00001;0.00000;0.00001;0.00000;0.00000;0.00007;0.00001;0.00001;0.00004;0.00002;0.00001;0.00003;0.00023;0.00003;0.00007;0.00001;0.00002;0.00001;0.00001;0.00115;0.00000;0.00000;0.00001;0.00000;0.00021;0.00085;0.00014;0.00005;0.00004;0.00001;0.00001;0.00028;0.00017;0.00036;0.00055;0.00013;0.00002;0.00044;0.00000;0.00022;0.00041;0.00005;0.00052;0.00019;0.00001;0.00054;0.00038;0.00002;0.00003;0.00001;0.00007;0.00063;0.00062;0.00052;0.00037;0.00077;0.00000;0.00000;0.00104;0.00035;0.00015;0.00007;0.00004;0.00003;0.00147;0.00001;0.00011;0.00005;0.00030;0.00002;0.00005;0.00000;0.00002;0.00003;0.00004;0.00023;0.00005;0.00032;0.00101;0.00028;0.00006;0.00258;0.00003;0.00002;0.00001;0.00057;0.00062;0.00069;0.00022;0.00020;0.00036;0.00007;0.00012;0.00009;0.00010;0.00054;0.00001;0.00007;0.00000;0.00007;0.00007;0.00002;0.00002;0.00004;0.00019;0.00005;0.00012;0.00004;0.00000;0.00000;0.00000;0.00000;0.00009;0.00027;0.00001;0.00001;0.00005;0.00005;0.00013;0.00003;0.00002;0.00000;0.00002;0.00002;0.00000;0.00000;0.00001;0.00000;0.00000;0.00012;0.00002;0.00028;0.00002;0.00001;0.00021;0.00008;0.00063;0.00020;0.00008;0.00030;0.00019;0.00020;0.00013;0.00003;0.00004;0.00003;0.00029;0.00008;0.00000;0.00000;0.00003;0.00037;0.00050;0.00010;0.00001;0.00002;0.00010;0.00002;0.00001;0.00000;0.00001;0.00001;0.00003;0.00012;0.00005;0.00003;0.00045;0.00049;0.00007;0.00005;0.00004;0.00010;0.00004;0.00059;0.00017;0.00001;0.00003;0.00055;0.00002;0.00000;0.00002;0.00002;0.00004;0.00015;0.00005;0.00025;0.00003;0.00005;0.00018;0.00004;0.00006;0.00000;0.00020;0.00001;0.00001;0.00000;0.00000;0.00000;0.00003;0.00001;0.00002;0.00006;0.00005;0.00001;0.00001;0.00001;0.00001;0.00002;0.00001;0.00002;0.00001;0.00003;0.00077;0.00029;0.00015;0.00005;0.00003;0.00000;0.00001;0.00006;0.00000;0.00016;0.00017;0.00000;0.00000;0.00000;0.00000;0.00000;0.00040;0.00021;0.00000;0.00002;0.00004;0.00009;0.00003;0.00000;0.00003;0.00001;0.00001;0.00003;0.00011;0.00006;0.00009;0.00000;0.00000;0.00099;0.00002;0.00001;0.00002;0.00006;0.00008;0.00007;0.00005;0.00009;0.00013;0.00002;0.00001;0.00001;0.00013;0.00015;0.00004;0.00056;0.00113;0.00003;0.00019;0.00056;0.00034;0.00028;0.00015;0.00111;0.00023;0.00053;0.00005;0.00044;0.00035;0.00005;0.00012;0.00131;0.00006;0.00010;0.00061;0.00000;0.00015;0.00018;0.00004;0.00002;0.00017;0.00002;0.00017;0.00000;0.00000;0.00000;0.00000;0.00001;0.00073;0.00007;0.00008;0.00000;0.00000;0.00049;0.00001;0.00001;0.00003;0.00002;0.00001;0.00000;0.00004;0.00001;0.00002;0.00002;0.00001;0.00001;0.00039;0.00002;0.00042;0.00003;0.00005;0.00009;0.00005;0.00006;0.00001;0.00001;0.00001;0.00013;0.00006;0.00000;0.00000;0.00006;0.00001;0.00000;0.00001;0.00004;0.00000;0.00009;0.00018;0.00107;0.00003;0.00001;0.00000;0.00001;0.00000;0.00084;0.00000;0.00001;0.00004;0.00001;0.00001;0.00020;0.00000;0.00000;0.00002;0.00005;0.00009;0.00003;0.00001;0.00000;0.00000
2020-05-12 00:00;0.00001;0.00008;0.00000;0.00002;0.00000;0.00000;0.00000;0.00001;0.00000;0.00000;0.00004;0.00000;0.00005;0.00000;0.00000;0.00000;0.00004;0.00003;0.00001;0.00001;0.00000;0.00000;0.00000;0.00001;0.00001;0.00003;0.00000;0.00000;0.00000;0.00001;0.00004;0.00000;0.00008;0.00001;0.00001;0.00001;0.00000;0.00001;0.00000;0.00001;0.00004;0.00004;0.00000;0.00001;0.00000;0.00000;0.00000;0.00000;0.00004;0.00000;0.00000;0.00000;0.00000;0.00001;0.00000;0.00002;0.00000;0.00002;0.00000;0.00000;0.00000;0.00000;0.00000;0.00004;0.00000;0.00000;0.00000;0.00000;0.00000;0.00017;0.00000;0.00000;0.00000;0.00000;0.00005;0.00000;0.00000;0.00001;0.00001;0.00003;0.00000;0.00000;0.00001;0.00005;0.00004;0.00000;0.00002;0.00002;0.00000;0.00000;0.00001;0.00000;0.00005;0.00006;0.00000;0.00000;0.00004;0.00001;0.00008;0.00055;0.00489;0.00067;0.00001;0.00000;0.00001;0.00000;0.00001;0.00086;0.00002;0.00001;0.00001;0.00001;0.00001;0.00002;0.00001;0.00001;0.00000;0.00000;0.00001;0.00001;0.00001;0.00000;0.00001;0.00000;0.00000;0.00002;0.00001;0.00002;0.00000;0.00000;0.00001;0.00004;0.00000;0.00000;0.00001;0.00001;0.00003;0.00001;0.00001;0.00000;0.00001;0.00000;0.00000;0.00007;0.00001;0.00001;0.00004;0.00002;0.00001;0.00003;0.00023;0.00003;0.00007;0.00001;0.00002;0.00001;0.00001;0.00113;0.00000;0.00000;0.00001;0.00000;0.00021;0.00053;0.00013;0.00005;0.00004;0.00001;0.00001;0.00027;0.00017;0.00034;0.00053;0.00009;0.00002;0.00044;0.00000;0.00023;0.00038;0.00005;0.00051;0.00018;0.00001;0.00052;0.00038;0.00002;0.00003;0.00001;0.00007;0.00063;0.00075;0.00052;0.00037;0.00076;0.00000;0.00000;0.00103;0.00034;0.00014;0.00007;0.00004;0.00003;0.00140;0.00001;0.00011;0.00005;0.00030;0.00002;0.00005;0.00000;0.00002;0.00003;0.00004;0.00023;0.00005;0.00033;0.00098;0.00028;0.00006;0.00259;0.00003;0.00002;0.00001;0.00057;0.00063;0.00070;0.00021;0.00019;0.00036;0.00007;0.00011;0.00011;0.00010;0.00051;0.00001;0.00005;0.00000;0.00006;0.00003;0.00002;0.00002;0.00004;0.00011;0.00005;0.00012;0.00004;0.00000;0.00000;0.00000;0.00000;0.00011;0.00026;0.00001;0.00001;0.00006;0.00005;0.00012;0.00003;0.00002;0.00000;0.00001;0.00001;0.00000;0.00000;0.00001;0.00000;0.00000;0.00008;0.00002;0.00026;0.00002;0.00001;0.00021;0.00008;0.00062;0.00020;0.00008;0.00030;0.00019;0.00020;0.00013;0.00003;0.00004;0.00003;0.00028;0.00006;0.00000;0.00000;0.00003;0.00045;0.00028;0.00005;0.00001;0.00002;0.00006;0.00002;0.00001;0.00000;0.00001;0.00001;0.00003;0.00011;0.00005;0.00002;0.00038;0.00024;0.00007;0.00005;0.00004;0.00010;0.00005;0.00057;0.00016;0.00001;0.00003;0.00053;0.00002;0.00000;0.00001;0.00002;0.00004;0.00014;0.00005;0.00025;0.00003;0.00004;0.00008;0.00004;0.00006;0.00000;0.00019;0.00001;0.00001;0.00000;0.00000;0.00000;0.00003;0.00001;0.00002;0.00005;0.00007;0.00001;0.00001;0.00001;0.00001;0.00002;0.00001;0.00002;0.00001;0.00002;0.00075;0.00029;0.00015;0.00005;0.00003;0.00000;0.00001;0.00004;0.00000;0.00016;0.00017;0.00000;0.00000;0.00000;0.00000;0.00001;0.00033;0.00048;0.00000;0.00002;0.00004;0.00009;0.00003;0.00000;0.00001;0.00007;0.00001;0.00003;0.00011;0.00006;0.00009;0.00000;0.00000;0.00048;0.00000;0.00001;0.00001;0.00006;0.00007;0.00003;0.00005;0.00008;0.00008;0.00002;0.00001;0.00001;0.00013;0.00015;0.00004;0.00057;0.00113;0.00003;0.00019;0.00055;0.00023;0.00021;0.00015;0.00104;0.00022;0.00052;0.00006;0.00041;0.00035;0.00005;0.00011;0.00127;0.00006;0.00011;0.00061;0.00000;0.00016;0.00018;0.00005;0.00002;0.00017;0.00002;0.00017;0.00000;0.00000;0.00000;0.00000;0.00001;0.00073;0.00007;0.00008;0.00000;0.00000;0.00049;0.00001;0.00001;0.00003;0.00002;0.00001;0.00000;0.00004;0.00001;0.00002;0.00002;0.00001;0.00001;0.00039;0.00002;0.00041;0.00003;0.00005;0.00009;0.00005;0.00006;0.00001;0.00001;0.00001;0.00013;0.00006;0.00000;0.00000;0.00006;0.00001;0.00000;0.00001;0.00004;0.00000;0.00009;0.00018;0.00107;0.00003;0.00001;0.00000;0.00001;0.00000;0.00096;0.00000;0.00001;0.00002;0.00001;0.00001;0.00018;0.00000;0.00000;0.00002;0.00004;0.00009;0.00003;0.00001;0.00000;0.00000
2020-05-13 00:00;0.00001;0.00009;0.00000;0.00002;0.00000;0.00000;0.00000;0.00001;0.00000;0.00000;0.00003;0.00000;0.00005;0.00000;0.00000;0.00000;0.00004;0.00003;0.00001;0.00001;0.00000;0.00000;0.00000;0.00001;0.00001;0.00004;0.00000;0.00000;0.00000;0.00001;0.00003;0.00000;0.00008;0.00001;0.00001;0.00001;0.00000;0.00001;0.00000;0.00001;0.00004;0.00004;0.00000;0.00001;0.00000;0.00000;0.00000;0.00000;0.00004;0.00000;0.00000;0.00000;0.00000;0.00001;0.00000;0.00002;0.00000;0.00002;0.00000;0.00000;0.00000;0.00000;0.00000;0.00004;0.00000;0.00000;0.00000;0.00000;0.00000;0.00015;0.00000;0.00000;0.00000;0.00000;0.00005;0.00000;0.00000;0.00001;0.00001;0.00003;0.00000;0.00000;0.00001;0.00005;0.00004;0.00000;0.00002;0.00002;0.00000;0.00000;0.00001;0.00000;0.00005;0.00006;0.00000;0.00000;0.00004;0.00001;0.00009;0.00019;0.00465;0.00052;0.00001;0.00000;0.00001;0.00000;0.00001;0.00085;0.00002;0.00001;0.00001;0.00001;0.00001;0.00002;0.00001;0.00001;0.00000;0.00000;0.00001;0.00001;0.00001;0.00000;0.00001;0.00000;0.00000;0.00002;0.00001;0.00002;0.00000;0.00000;0.00001;0.00004;0.00000;0.00000;0.00001;0.00001;0.00003;0.00001;0.00001;0.00000;0.00001;0.00000;0.00000;0.00007;0.00001;0.00001;0.00004;0.00002;0.00001;0.00003;0.00023;0.00003;0.00007;0.00001;0.00002;0.00001;0.00001;0.00106;0.00000;0.00000;0.00001;0.00000;0.00021;0.00048;0.00014;0.00005;0.00004;0.00001;0.00001;0.00024;0.00017;0.00033;0.00050;0.00012;0.00002;0.00045;0.00000;0.00023;0.00033;0.00005;0.00049;0.00019;0.00001;0.00051;0.00039;0.00002;0.00003;0.00001;0.00008;0.00064;0.00065;0.00054;0.00036;0.00077;0.00000;0.00000;0.00103;0.00032;0.00014;0.00007;0.00004;0.00003;0.00133;0.00001;0.00011;0.00005;0.00030;0.00002;0.00005;0.00000;0.00002;0.00003;0.00004;0.00023;0.00005;0.00033;0.00094;0.00028;0.00006;0.00262;0.00003;0.00002;0.00001;0.00057;0.00064;0.00070;0.00021;0.00020;0.00035;0.00006;0.00010;0.00009;0.00010;0.00046;0.00001;0.00006;0.00000;0.00007;0.00007;0.00002;0.00002;0.00004;0.00018;0.00005;0.00012;0.00004;0.00000;0.00000;0.00000;0.00000;0.00008;0.00026;0.00001;0.00001;0.00005;0.00005;0.00012;0.00003;0.00002;0.00000;0.00002;0.00002;0.00000;0.00000;0.00001;0.00000;0.00000;0.00011;0.00002;0.00023;0.00002;0.00001;0.00022;0.00009;0.00059;0.00019;0.00008;0.00030;0.00020;0.00020;0.00013;0.00003;0.00004;0.00003;0.00028;0.00008;0.00000;0.00000;0.00003;0.00028;0.00047;0.00011;0.00001;0.00002;0.00011;0.00002;0.00001;0.00000;0.00001;0.00001;0.00003;0.00012;0.00005;0.00002;0.00028;0.00029;0.00007;0.00005;0.00004;0.00009;0.00004;0.00056;0.00016;0.00001;0.00003;0.00050;0.00002;0.00000;0.00002;0.00002;0.00004;0.00015;0.00005;0.00025;0.00003;0.00005;0.00017;0.00004;0.00006;0.00000;0.00018;0.00001;0.00001;0.00000;0.00000;0.00000;0.00003;0.00001;0.00002;0.00005;0.00005;0.00001;0.00001;0.00001;0.00001;0.00002;0.00001;0.00002;0.00001;0.00002;0.00073;0.00029;0.00016;0.00005;0.00003;0.00000;0.00001;0.00002;0.00000;0.00016;0.00017;0.00000;0.00000;0.00000;0.00000;0.00000;0.00020;0.00020;0.00000;0.00002;0.00004;0.00009;0.00003;0.00000;0.00002;0.00002;0.00001;0.00003;0.00011;0.00006;0.00009;0.00000;0.00000;0.00105;0.00002;0.00002;0.00002;0.00006;0.00008;0.00006;0.00005;0.00009;0.00007;0.00002;0.00001;0.00001;0.00014;0.00015;0.00004;0.00057;0.00113;0.00003;0.00019;0.00054;0.00024;0.00019;0.00015;0.00094;0.00022;0.00052;0.00005;0.00037;0.00035;0.00005;0.00011;0.00123;0.00006;0.00009;0.00061;0.00000;0.00016;0.00018;0.00005;0.00002;0.00017;0.00002;0.00017;0.00000;0.00000;0.00000;0.00000;0.00001;0.00073;0.00007;0.00008;0.00000;0.00000;0.00049;0.00001;0.00001;0.00003;0.00002;0.00001;0.00000;0.00004;0.00001;0.00002;0.00002;0.00001;0.00001;0.00039;0.00002;0.00039;0.00003;0.00005;0.00009;0.00005;0.00006;0.00001;0.00001;0.00001;0.00013;0.00006;0.00000;0.00000;0.00006;0.00001;0.00000;0.00001;0.00004;0.00000;0.00009;0.00018;0.00107;0.00003;0.00001;0.00000;0.00001;0.00000;0.00089;0.00000;0.00001;0.00004;0.00001;0.00001;0.00019;0.00000;0.00000;0.00002;0.00005;0.00009;0.00003;0.00001;0.00000;0.00000
2020-05-14 00:00;0.00001;0.00010;0.00000;0.00002;0.00000;0.00000;0.00000;0.00001;0.00000;0.00000;0.00004;0.00000;0.00005;0.00000;0.00000;0.00000;0.00005;0.00003;0.00001;0.00001;0.00000;0.00000;0.00000;0.00001;0.00001;0.00003;0.00000;0.00000;0.00000;0.00001;0.00003;0.00000;0.00008;0.00001;0.00001;0.00001;0.00000;0.00001;0.00000;0.00001;0.00004;0.00004;0.00000;0.00001;0.00000;0.00000;0.00000;0.00000;0.00004;0.00000;0.00000;0.00000;0.00000;0.00001;0.00000;0.00002;0.00000;0.00002;0.00000;0.00000;0.00000;0.00000;0.00000;0.00004;0.00000;0.00000;0.00000;0.00000;0.00000;0.00013;0.00000;0.00000;0.00000;0.00000;0.00005;0.00000;0.00000;0.00001;0.00001;0.00003;0.00000;0.00000;0.00001;0.00005;0.00004;0.00000;0.00002;0.00002;0.00000;0.00000;0.00001;0.00000;0.00005;0.00006;0.00000;0.00000;0.00004;0.00001;0.00008;0.00007;0.00421;0.00034;0.00001;0.00000;0.00001;0.00000;0.00001;0.00083;0.00002;0.00001;0.00001;0.00001;0.00001;0.00002;0.00001;0.00001;0.00000;0.00000;0.00001;0.00001;0.00001;0.00000;0.00001;0.00000;0.00000;0.00002;0.00001;0.00002;0.00000;0.00000;0.00001;0.00004;0.00000;0.00000;0.00001;0.00001;0.00003;0.00001;0.00001;0.00000;0.00001;0.00000;0.00000;0.00007;0.00001;0.00001;0.00004;0.00002;0.00001;0.00003;0.00023;0.00003;0.00007;0.00001;0.00002;0.00001;0.00001;0.00106;0.00000;0.00000;0.00001;0.00000;0.00021;0.00047;0.00013;0.00005;0.00004;0.00001;0.00001;0.00025;0.00017;0.00033;0.00048;0.00008;0.00002;0.00047;0.00000;0.00024;0.00026;0.00006;0.00048;0.00017;0.00001;0.00048;0.00038;0.00002;0.00003;0.00001;0.00007;0.00061;0.00069;0.00049;0.00034;0.00071;0.00000;0.00000;0.00100;0.00030;0.00014;0.00007;0.00004;0.00003;0.00116;0.00001;0.00011;0.00005;0.00029;0.00002;0.00005;0.00000;0.00002;0.00003;0.00004;0.00023;0.00005;0.00032;0.00086;0.00027;0.00006;0.00257;0.00003;0.00002;0.00001;0.00055;0.00059;0.00068;0.00020;0.00019;0.00033;0.00006;0.00010;0.00010;0.00010;0.00041;0.00001;0.00005;0.00000;0.00006;0.00003;0.00002;0.00002;0.00004;0.00011;0.00005;0.00012;0.00004;0.00000;0.00000;0.00000;0.00000;0.00011;0.00026;0.00001;0.00001;0.00006;0.00006;0.00013;0.00003;0.00002;0.00000;0.00001;0.00001;0.00000;0.00000;0.00001;0.00000;0.00000;0.00007;0.00002;0.00015;0.00002;0.00001;0.00020;0.00008;0.00057;0.00020;0.00008;0.00030;0.00020;0.00019;0.00014;0.00003;0.00004;0.00003;0.00028;0.00006;0.00000;0.00000;0.00003;0.00044;0.00026;0.00007;0.00001;0.00002;0.00007;0.00002;0.00001;0.00000;0.00001;0.00001;0.00003;0.00011;0.00003;0.00002;0.00013;0.00012;0.00007;0.00004;0.00003;0.00009;0.00005;0.00055;0.00016;0.00001;0.00003;0.00048;0.00002;0.00000;0.00001;0.00002;0.00004;0.00006;0.00005;0.00025;0.00003;0.00004;0.00007;0.00004;0.00006;0.00000;0.00019;0.00001;0.00001;0.00000;0.00000;0.00000;0.00003;0.00001;0.00002;0.00005;0.00007;0.00001;0.00001;0.00001;0.00001;0.00002;0.00001;0.00002;0.00001;0.00002;0.00067;0.00029;0.00016;0.00005;0.00003;0.00000;0.00001;0.00002;0.00000;0.00016;0.00017;0.00000;0.00000;0.00000;0.00000;0.00000;0.00005;0.00043;0.00000;0.00002;0.00004;0.00009;0.00003;0.00000;0.00001;0.00006;0.00001;0.00003;0.00011;0.00006;0.00009;0.00000;0.00000;0.00059;0.00000;0.00001;0.00000;0.00006;0.00007;0.00002;0.00005;0.00008;0.00004;0.00002;0.00001;0.00001;0.00013;0.00014;0.00004;0.00057;0.00112;0.00003;0.00019;0.00052;0.00014;0.00018;0.00014;0.00073;0.00021;0.00045;0.00006;0.00039;0.00034;0.00005;0.00011;0.00113;0.00006;0.00011;0.00062;0.00000;0.00015;0.00016;0.00005;0.00002;0.00017;0.00002;0.00017;0.00000;0.00000;0.00000;0.00000;0.00001;0.00073;0.00007;0.00008;0.00000;0.00000;0.00049;0.00001;0.00001;0.00003;0.00002;0.00001;0.00000;0.00004;0.00001;0.00002;0.00002;0.00001;0.00001;0.00039;0.00002;0.00040;0.00003;0.00005;0.00009;0.00005;0.00006;0.00001;0.00001;0.00001;0.00013;0.00006;0.00000;0.00000;0.00006;0.00001;0.00000;0.00001;0.00004;0.00000;0.00009;0.00018;0.00106;0.00003;0.00001;0.00000;0.00001;0.00000;0.00094;0.00000;0.00001;0.00002;0.00001;0.00001;0.00020;0.00000;0.00000;0.00002;0.00004;0.00009;0.00003;0.00001;0.00000;0.00000
2020-05-15 00:00;0.00001;0.00004;0.00000;0.00002;0.00000;0.00000;0.00000;0.00001;0.00000;0.00000;0.00003;0.00000;0.00005;0.00000;0.00000;0.00000;0.00004;0.00003;0.00001;0.00001;0.00000;0.00000;0.00000;0.00001;0.00001;0.00004;0.00000;0.00000;0.00000;0.00001;0.00002;0.00000;0.00008;0.00001;0.00001;0.00001;0.00000;0.00001;0.00000;0.00001;0.00004;0.00004;0.00000;0.00001;0.00000;0.00000;0.00000;0.00000;0.00004;0.00000;0.00000;0.00000;0.00000;0.00001;0.00000;0.00002;0.00000;0.00002;0.00000;0.00000;0.00000;0.00000;0.00000;0.00004;0.00000;0.00000;0.00000;0.00000;0.00000;0.00013;0.00000;0.00000;0.00000;0.00000;0.00005;0.00000;0.00000;0.00001;0.00001;0.00003;0.00000;0.00000;0.00001;0.00005;0.00004;0.00000;0.00002;0.00002;0.00000;0.00000;0.00001;0.00000;0.00005;0.00006;0.00000;0.00000;0.00004;0.00001;0.00009;0.00011;0.00360;0.00029;0.00001;0.00000;0.00001;0.00000;0.00001;0.00080;0.00002;0.00001;0.00001;0.00001;0.00001;0.00002;0.00001;0.00001;0.00000;0.00000;0.00001;0.00001;0.00001;0.00000;0.00001;0.00000;0.00000;0.00002;0.00001;0.00002;0.00000;0.00000;0.00001;0.00004;0.00000;0.00000;0.00001;0.00001;0.00003;0.00001;0.00001;0.00000;0.00001;0.00000;0.00000;0.00007;0.00001;0.00001;0.00004;0.00002;0.00001;0.00003;0.00023;0.00003;0.00007;0.00001;0.00002;0.00001;0.00001;0.00081;0.00000;0.00000;0.00001;0.00000;0.00021;0.00049;0.00013;0.00005;0.00004;0.00001;0.00001;0.00013;0.00017;0.00030;0.00037;0.00014;0.00002;0.00035;0.00000;0.00020;0.00013;0.00004;0.00044;0.00019;0.00001;0.00043;0.00036;0.00002;0.00003;0.00001;0.00007;0.00052;0.00062;0.00049;0.00034;0.00070;0.00000;0.00000;0.00100;0.00032;0.00012;0.00007;0.00004;0.00003;0.00098;0.00001;0.00011;0.00005;0.00025;0.00002;0.00005;0.00000;0.00002;0.00003;0.00004;0.00023;0.00005;0.00031;0.00081;0.00028;0.00006;0.00257;0.00003;0.00002;0.00001;0.00056;0.00063;0.00070;0.00020;0.00020;0.00030;0.00006;0.00009;0.00009;0.00010;0.00017;0.00001;0.00006;0.00000;0.00008;0.00008;0.00002;0.00001;0.00004;0.00021;0.00005;0.00012;0.00004;0.00000;0.00000;0.00000;0.00000;0.00008;0.00026;0.00001;0.00001;0.00005;0.00005;0.00012;0.00003;0.00002;0.00000;0.00002;0.00002;0.00000;0.00000;0.00001;0.00000;0.00000;0.00013;0.00002;0.00005;0.00002;0.00001;0.00022;0.00009;0.00048;0.00019;0.00008;0.00030;0.00020;0.00016;0.00014;0.00003;0.00004;0.00003;0.00027;0.00010;0.00000;0.00000;0.00003;0.00032;0.00056;0.00013;0.00001;0.00002;0.00013;0.00002;0.00001;0.00000;0.00001;0.00001;0.00003;0.00012;0.00007;0.00003;0.00026;0.00041;0.00007;0.00005;0.00003;0.00008;0.00004;0.00048;0.00015;0.00001;0.00003;0.00042;0.00002;0.00000;0.00003;0.00002;0.00004;0.00015;0.00005;0.00025;0.00003;0.00006;0.00018;0.00004;0.00005;0.00000;0.00011;0.00001;0.00001;0.00000;0.00000;0.00000;0.00003;0.00001;0.00002;0.00005;0.00005;0.00001;0.00001;0.00001;0.00001;0.00002;0.00001;0.00002;0.00001;0.00002;0.00061;0.00029;0.00017;0.00004;0.00003;0.00000;0.00001;0.00000;0.00000;0.00016;0.00017;0.00000;0.00000;0.00000;0.00000;0.00000;0.00020;0.00018;0.00000;0.00002;0.00004;0.00009;0.00003;0.00000;0.00003;0.00002;0.00001;0.00003;0.00010;0.00006;0.00009;0.00000;0.00000;0.00106;0.00002;0.00002;0.00002;0.00006;0.00008;0.00008;0.00005;0.00009;0.00009;0.00002;0.00001;0.00001;0.00013;0.00015;0.00004;0.00057;0.00111;0.00003;0.00019;0.00047;0.00027;0.00017;0.00015;0.00043;0.00021;0.00043;0.00005;0.00036;0.00035;0.00005;0.00009;0.00103;0.00006;0.00009;0.00050;0.00000;0.00015;0.00016;0.00004;0.00002;0.00016;0.00002;0.00017;0.00000;0.00000;0.00000;0.00000;0.00001;0.00072;0.00007;0.00008;0.00000;0.00000;0.00048;0.00001;0.00001;0.00003;0.00002;0.00001;0.00000;0.00004;0.00001;0.00002;0.00002;0.00001;0.00001;0.00039;0.00002;0.00032;0.00003;0.00005;0.00009;0.00005;0.00006;0.00001;0.00001;0.00001;0.00013;0.00006;0.00000;0.00000;0.00006;0.00001;0.00000;0.00001;0.00004;0.00000;0.00009;0.00018;0.00102;0.00003;0.00001;0.00000;0.00001;0.00000;0.00086;0.00000;0.00001;0.00003;0.00001;0.00001;0.00007;0.00000;0.00000;0.00002;0.00005;0.00009;0.00003;0.00001;0.00000;0.00000
2020-05-16 00:00;0.00001;0.00002;0.00000;0.00002;0.00000;0.00000;0.00000;0.00001;0.00000;0.00000;0.00003;0.00000;0.00005;0.00000;0.00000;0.00000;0.00003;0.00003;0.00001;0.00001;0.00000;0.00000;0.00000;0.00001;0.00001;0.00003;0.00000;0.00000;0.00000;0.00001;0.00004;0.00000;0.00008;0.00001;0.00001;0.00001;0.00000;0.00001;0.00000;0.00001;0.00004;0.00004;0.00000;0.00001;0.00000;0.00000;0.00000;0.00000;0.00004;0.00000;0.00000;0.00000;0.00000;0.00001;0.00000;0.00002;0.00000;0.00002;0.00000;0.00000;0.00000;0.00000;0.00000;0.00004;0.00000;0.00000;0.00000;0.00000;0.00000;0.00013;0.00000;0.00000;0.00000;0.00000;0.00005;0.00000;0.00000;0.00001;0.00001;0.00003;0.00000;0.00000;0.00001;0.00005;0.00004;0.00000;0.00002;0.00002;0.00000;0.00000;0.00001;0.00000;0.00005;0.00006;0.00000;0.00000;0.00004;0.00001;0.00008;0.00008;0.00337;0.00028;0.00001;0.00000;0.00001;0.00000;0.00001;0.00079;0.00002;0.00001;0.00001;0.00001;0.00001;0.00002;0.00001;0.00001;0.00000;0.00000;0.00001;0.00001;0.00001;0.00000;0.00001;0.00000;0.00000;0.00002;0.00001;0.00002;0.00000;0.00000;0.00001;0.00004;0.00000;0.00000;0.00001;0.00001;0.00003;0.00001;0.00001;0.00000;0.00001;0.00000;0.00000;0.00007;0.00001;0.00001;0.00004;0.00002;0.00001;0.00003;0.00023;0.00003;0.00007;0.00001;0.00002;0.00001;0.00001;0.00055;0.00000;0.00000;0.00001;0.00000;0.00021;0.00048;0.00013;0.00005;0.00004;0.00001;0.00001;0.00008;0.00017;0.00026;0.00024;0.00009;0.00002;0.00015;0.00000;0.00011;0.00011;0.00002;0.00039;0.00018;0.00001;0.00039;0.00031;0.00002;0.00003;0.00001;0.00006;0.00031;0.00063;0.00043;0.00031;0.00057;0.00000;0.00000;0.00080;0.00031;0.00010;0.00007;0.00004;0.00003;0.00079;0.00001;0.00008;0.00004;0.00020;0.00002;0.00005;0.00000;0.00002;0.00003;0.00004;0.00023;0.00005;0.00025;0.00060;0.00025;0.00005;0.00195;0.00003;0.00002;0.00001;0.00051;0.00056;0.00057;0.00017;0.00019;0.00033;0.00006;0.00010;0.00009;0.00010;0.00012;0.00001;0.00005;0.00000;0.00006;0.00004;0.00002;0.00003;0.00004;0.00012;0.00005;0.00010;0.00004;0.00000;0.00000;0.00000;0.00000;0.00009;0.00026;0.00001;0.00001;0.00006;0.00005;0.00006;0.00003;0.00002;0.00000;0.00001;0.00001;0.00000;0.00000;0.00001;0.00000;0.00000;0.00009;0.00002;0.00009;0.00002;0.00001;0.00020;0.00006;0.00032;0.00020;0.00008;0.00029;0.00019;0.00016;0.00012;0.00003;0.00004;0.00003;0.00019;0.00007;0.00000;0.00000;0.00003;0.00045;0.00030;0.00008;0.00001;0.00002;0.00008;0.00001;0.00001;0.00000;0.00001;0.00001;0.00003;0.00011;0.00005;0.00002;0.00024;0.00029;0.00007;0.00005;0.00003;0.00006;0.00004;0.00045;0.00014;0.00001;0.00003;0.00027;0.00002;0.00000;0.00001;0.00002;0.00004;0.00020;0.00005;0.00021;0.00003;0.00004;0.00008;0.00004;0.00003;0.00000;0.00004;0.00001;0.00001;0.00000;0.00000;0.00000;0.00003;0.00001;0.00002;0.00004;0.00008;0.00001;0.00001;0.00001;0.00001;0.00001;0.00001;0.00002;0.00001;0.00001;0.00044;0.00029;0.00015;0.00004;0.00003;0.00000;0.00001;0.00002;0.00000;0.00015;0.00017;0.00000;0.00000;0.00001;0.00001;0.00003;0.00012;0.00039;0.00000;0.00002;0.00003;0.00009;0.00003;0.00000;0.00001;0.00004;0.00001;0.00003;0.00006;0.00006;0.00009;0.00000;0.00001;0.00091;0.00000;0.00001;0.00001;0.00006;0.00007;0.00003;0.00005;0.00008;0.00005;0.00002;0.00001;0.00001;0.00013;0.00015;0.00004;0.00052;0.00107;0.00003;0.00019;0.00039;0.00021;0.00020;0.00014;0.00031;0.00019;0.00031;0.00006;0.00038;0.00029;0.00005;0.00005;0.00082;0.00006;0.00010;0.00028;0.00000;0.00014;0.00011;0.00005;0.00002;0.00009;0.00002;0.00017;0.00000;0.00000;0.00000;0.00000;0.00001;0.00073;0.00007;0.00008;0.00000;0.00000;0.00049;0.00001;0.00001;0.00003;0.00002;0.00001;0.00000;0.00004;0.00001;0.00002;0.00002;0.00001;0.00001;0.00039;0.00002;0.00017;0.00003;0.00005;0.00009;0.00005;0.00006;0.00001;0.00001;0.00001;0.00013;0.00006;0.00000;0.00000;0.00006;0.00001;0.00000;0.00001;0.00004;0.00000;0.00009;0.00018;0.00097;0.00003;0.00001;0.00000;0.00001;0.00000;0.00070;0.00000;0.00001;0.00003;0.00001;0.00001;0.00001;0.00000;0.00000;0.00002;0.00004;0.00009;0.00003;0.00001;0.00000;0.00000
2020-05-17 00:00;0.00001;0.00006;0.00000;0.00002;0.00000;0.00000;0.00000;0.00001;0.00000;0.00000;0.00007;0.00000;0.00005;0.00000;0.00000;0.00000;0.00004;0.00003;0.00001;0.00001;0.00000;0.00000;0.00000;0.00001;0.00001;0.00008;0.00000;0.00000;0.00000;0.00001;0.00005;0.00000;0.00008;0.00001;0.00001;0.00001;0.00000;0.00001;0.00000;0.00001;0.00004;0.00004;0.00000;0.00001;0.00000;0.00000;0.00000;0.00000;0.00004;0.00000;0.00000;0.00000;0.00000;0.00001;0.00000;0.00002;0.00000;0.00002;0.00000;0.00000;0.00000;0.00000;0.00000;0.00004;0.00000;0.00000;0.00000;0.00000;0.00000;0.00014;0.00000;0.00000;0.00000;0.00000;0.00005;0.00000;0.00000;0.00001;0.00001;0.00003;0.00000;0.00000;0.00001;0.00005;0.00004;0.00000;0.00002;0.00002;0.00000;0.00000;0.00001;0.00000;0.00005;0.00006;0.00000;0.00000;0.00004;0.00001;0.00009;0.00065;0.00385;0.00058;0.00001;0.00000;0.00001;0.00000;0.00001;0.00082;0.00002;0.00001;0.00001;0.00001;0.00001;0.00002;0.00001;0.00001;0.00000;0.00000;0.00001;0.00001;0.00001;0.00000;0.00001;0.00000;0.00000;0.00002;0.00001;0.00002;0.00000;0.00000;0.00001;0.00004;0.00000;0.00000;0.00002;0.00001;0.00003;0.00001;0.00001;0.00000;0.00001;0.00000;0.00000;0.00007;0.00001;0.00001;0.00004;0.00002;0.00001;0.00003;0.00023;0.00003;0.00007;0.00001;0.00002;0.00001;0.00001;0.00079;0.00000;0.00000;0.00001;0.00000;0.00026;0.00094;0.00019;0.00005;0.00004;0.00001;0.00001;0.00016;0.00017;0.00025;0.00034;0.00011;0.00002;0.00027;0.00000;0.00016;0.00027;0.00003;0.00039;0.00020;0.00001;0.00045;0.00035;0.00002;0.00003;0.00001;0.00006;0.00041;0.00089;0.00046;0.00031;0.00060;0.00000;0.00000;0.00079;0.00033;0.00010;0.00007;0.00004;0.00003;0.00085;0.00001;0.00009;0.00005;0.00025;0.00002;0.00005;0.00000;0.00002;0.00003;0.00004;0.00023;0.00005;0.00029;0.00061;0.00026;0.00005;0.00184;0.00003;0.00002;0.00001;0.00054;0.00057;0.00061;0.00018;0.00020;0.00034;0.00007;0.00011;0.00012;0.00010;0.00032;0.00001;0.00006;0.00000;0.00007;0.00007;0.00002;0.00003;0.00004;0.00020;0.00005;0.00011;0.00004;0.00000;0.00000;0.00000;0.00000;0.00014;0.00027;0.00001;0.00001;0.00006;0.00005;0.00006;0.00003;0.00002;0.00000;0.00002;0.00002;0.00000;0.00000;0.00001;0.00000;0.00000;0.00011;0.00002;0.00014;0.00002;0.00001;0.00018;0.00007;0.00037;0.00022;0.00008;0.00029;0.00019;0.00018;0.00012;0.00003;0.00004;0.00003;0.00016;0.00007;0.00000;0.00000;0.00003;0.00075;0.00050;0.00013;0.00001;0.00002;0.00010;0.00002;0.00001;0.00000;0.00001;0.00001;0.00003;0.00012;0.00007;0.00002;0.00027;0.00038;0.00007;0.00005;0.00004;0.00006;0.00006;0.00048;0.00015;0.00001;0.00003;0.00027;0.00002;0.00000;0.00002;0.00002;0.00004;0.00023;0.00005;0.00021;0.00003;0.00005;0.00015;0.00004;0.00005;0.00000;0.00011;0.00001;0.00001;0.00000;0.00000;0.00000;0.00002;0.00001;0.00002;0.00004;0.00009;0.00001;0.00001;0.00001;0.00001;0.00002;0.00001;0.00002;0.00001;0.00003;0.00055;0.00029;0.00013;0.00005;0.00003;0.00000;0.00001;0.00005;0.00000;0.00015;0.00017;0.00000;0.00000;0.00000;0.00000;0.00001;0.00028;0.00092;0.00000;0.00002;0.00003;0.00009;0.00003;0.00000;0.00002;0.00011;0.00001;0.00003;0.00008;0.00006;0.00009;0.00000;0.00001;0.00141;0.00002;0.00002;0.00003;0.00006;0.00008;0.00005;0.00005;0.00008;0.00008;0.00002;0.00001;0.00001;0.00013;0.00015;0.00004;0.00053;0.00108;0.00003;0.00019;0.00043;0.00036;0.00026;0.00014;0.00068;0.00020;0.00038;0.00007;0.00043;0.00030;0.00005;0.00007;0.00084;0.00006;0.00012;0.00036;0.00000;0.00014;0.00013;0.00005;0.00002;0.00012;0.00002;0.00018;0.00000;0.00000;0.00000;0.00000;0.00001;0.00073;0.00007;0.00008;0.00000;0.00000;0.00050;0.00001;0.00001;0.00003;0.00002;0.00001;0.00000;0.00004;0.00001;0.00002;0.00002;0.00001;0.00001;0.00039;0.00002;0.00029;0.00003;0.00005;0.00009;0.00005;0.00006;0.00001;0.00001;0.00001;0.00013;0.00006;0.00000;0.00000;0.00006;0.00001;0.00000;0.00001;0.00004;0.00000;0.00009;0.00018;0.00100;0.00003;0.00001;0.00000;0.00001;0.00000;0.00117;0.00000;0.00001;0.00007;0.00001;0.00001;0.00010;0.00000;0.00000;0.00002;0.00006;0.00009;0.00003;0.00001;0.00000;0.00000
2020-05-18 00:00;0.00001;0.00006;0.00000;0.00003;0.00000;0.00000;0.00000;0.00001;0.00000;0.00000;0.00006;0.00000;0.00005;0.00000;0.00000;0.00000;0.00004;0.00003;0.00001;0.00001;0.00000;0.00000;0.00000;0.00001;0.00001;0.00009;0.00000;0.00000;0.00000;0.00001;0.00003;0.00000;0.00008;0.00001;0.00001;0.00001;0.00000;0.00001;0.00000;0.00001;0.00004;0.00004;0.00000;0.00001;0.00000;0.00000;0.00000;0.00000;0.00004;0.00000;0.00000;0.00000;0.00000;0.00001;0.00000;0.00002;0.00000;0.00002;0.00000;0.00000;0.00000;0.00000;0.00000;0.00004;0.00000;0.00000;0.00000;0.00000;0.00000;0.00015;0.00000;0.00000;0.00000;0.00000;0.00005;0.00000;0.00000;0.00001;0.00001;0.00003;0.00000;0.00000;0.00001;0.00005;0.00004;0.00000;0.00002;0.00002;0.00000;0.00000;0.00001;0.00000;0.00005;0.00006;0.00000;0.00000;0.00004;0.00001;0.00008;0.00085;0.00475;0.00079;0.00001;0.00000;0.00001;0.00000;0.00001;0.00086;0.00002;0.00001;0.00001;0.00001;0.00001;0.00002;0.00001;0.00001;0.00000;0.00000;0.00001;0.00001;0.00001;0.00000;0.00001;0.00000;0.00000;0.00002;0.00001;0.00002;0.00000;0.00000;0.00001;0.00004;0.00000;0.00000;0.00002;0.00001;0.00003;0.00001;0.00001;0.00000;0.00001;0.00000;0.00000;0.00007;0.00001;0.00001;0.00004;0.00002;0.00001;0.00003;0.00024;0.00003;0.00007;0.00001;0.00002;0.00001;0.00001;0.00102;0.00000;0.00000;0.00001;0.00000;0.00030;0.00137;0.00021;0.00006;0.00004;0.00001;0.00001;0.00019;0.00017;0.00025;0.00040;0.00008;0.00002;0.00043;0.00000;0.00022;0.00034;0.00005;0.00040;0.00020;0.00001;0.00047;0.00038;0.00002;0.00003;0.00001;0.00007;0.00054;0.00089;0.00050;0.00032;0.00066;0.00000;0.00000;0.00088;0.00033;0.00011;0.00007;0.00004;0.00003;0.00092;0.00001;0.00010;0.00005;0.00028;0.00002;0.00005;0.00000;0.00002;0.00003;0.00004;0.00023;0.00005;0.00033;0.00064;0.00028;0.00006;0.00229;0.00003;0.00002;0.00001;0.00057;0.00062;0.00067;0.00019;0.00019;0.00033;0.00007;0.00011;0.00011;0.00010;0.00040;0.00001;0.00005;0.00000;0.00006;0.00003;0.00002;0.00002;0.00004;0.00012;0.00005;0.00011;0.00004;0.00000;0.00000;0.00000;0.00000;0.00011;0.00026;0.00001;0.00001;0.00006;0.00005;0.00007;0.00003;0.00002;0.00000;0.00001;0.00001;0.00000;0.00000;0.00001;0.00000;0.00000;0.00007;0.00002;0.00006;0.00002;0.00001;0.00018;0.00009;0.00035;0.00021;0.00008;0.00029;0.00019;0.00016;0.00012;0.00003;0.00004;0.00003;0.00010;0.00006;0.00000;0.00000;0.00003;0.00041;0.00028;0.00008;0.00001;0.00002;0.00006;0.00002;0.00001;0.00000;0.00001;0.00001;0.00003;0.00011;0.00004;0.00002;0.00022;0.00017;0.00007;0.00004;0.00004;0.00006;0.00006;0.00048;0.00015;0.00001;0.00003;0.00028;0.00002;0.00000;0.00001;0.00002;0.00004;0.00009;0.00005;0.00023;0.00003;0.00004;0.00007;0.00004;0.00006;0.00000;0.00015;0.00001;0.00001;0.00000;0.00000;0.00000;0.00003;0.00001;0.00002;0.00005;0.00005;0.00001;0.00001;0.00001;0.00001;0.00002;0.00001;0.00002;0.00001;0.00002;0.00060;0.00029;0.00014;0.00005;0.00003;0.00000;0.00001;0.00004;0.00000;0.00016;0.00017;0.00000;0.00000;0.00000;0.00000;0.00000;0.00027;0.00032;0.00000;0.00002;0.00003;0.00009;0.00003;0.00000;0.00001;0.00007;0.00001;0.00003;0.00010;0.00006;0.00009;0.00000;0.00000;0.00070;0.00000;0.00001;0.00002;0.00006;0.00007;0.00002;0.00005;0.00008;0.00005;0.00002;0.00001;0.00001;0.00013;0.00015;0.00004;0.00057;0.00111;0.00003;0.00019;0.00046;0.00038;0.00024;0.00014;0.00091;0.00020;0.00043;0.00005;0.00043;0.00032;0.00005;0.00008;0.00093;0.00006;0.00012;0.00055;0.00000;0.00015;0.00015;0.00005;0.00002;0.00015;0.00002;0.00018;0.00000;0.00000;0.00000;0.00000;0.00001;0.00073;0.00007;0.00008;0.00000;0.00000;0.00051;0.00001;0.00001;0.00003;0.00002;0.00001;0.00000;0.00004;0.00001;0.00002;0.00002;0.00001;0.00001;0.00039;0.00002;0.00038;0.00003;0.00005;0.00009;0.00005;0.00006;0.00001;0.00001;0.00001;0.00013;0.00006;0.00000;0.00000;0.00006;0.00001;0.00000;0.00001;0.00004;0.00000;0.00009;0.00018;0.00105;0.00003;0.00001;0.00000;0.00001;0.00000;0.00154;0.00000;0.00001;0.00008;0.00001;0.00001;0.00014;0.00000;0.00000;0.00002;0.00007;0.00009;0.00003;0.00001;0.00000;0.00000
2020-05-19 00:00;0.00001;0.00007;0.00000;0.00003;0.00000;0.00000;0.00000;0.00001;0.00000;0.00000;0.00003;0.00000;0.00005;0.00000;0.00000;0.00000;0.00004;0.00003;0.00001;0.00001;0.00000;0.00000;0.00000;0.00001;0.00001;0.00004;0.00000;0.00000;0.00000;0.00001;0.00003;0.00000;0.00008;0.00001;0.00001;0.00001;0.00000;0.00001;0.00000;0.00001;0.00004;0.00004;0.00000;0.00001;0.00000;0.00000;0.00000;0.00000;0.00004;0.00000;0.00000;0.00000;0.00000;0.00001;0.00000;0.00002;0.00000;0.00002;0.00000;0.00000;0.00000;0.00000;0.00000;0.00004;0.00000;0.00000;0.00000;0.00000;0.00000;0.00015;0.00000;0.00000;0.00000;0.00000;0.00005;0.00000;0.00000;0.00001;0.00001;0.00003;0.00000;0.00000;0.00001;0.00005;0.00004;0.00000;0.00002;0.00002;0.00000;0.00000;0.00001;0.00000;0.00005;0.00006;0.00000;0.00000;0.00004;0.00001;0.00009;0.00088;0.00494;0.00082;0.00001;0.00000;0.00001;0.00000;0.00001;0.00086;0.00002;0.00001;0.00001;0.00001;0.00001;0.00002;0.00001;0.00001;0.00000;0.00000;0.00001;0.00001;0.00001;0.00000;0.00001;0.00000;0.00000;0.00002;0.00001;0.00002;0.00000;0.00000;0.00001;0.00004;0.00000;0.00000;0.00002;0.00001;0.00003;0.00001;0.00001;0.00000;0.00001;0.00000;0.00000;0.00007;0.00001;0.00001;0.00004;0.00002;0.00001;0.00003;0.00024;0.00003;0.00007;0.00001;0.00002;0.00001;0.00001;0.00107;0.00000;0.00000;0.00001;0.00000;0.00030;0.00142;0.00021;0.00006;0.00004;0.00001;0.00001;0.00018;0.00017;0.00019;0.00027;0.00010;0.00002;0.00030;0.00000;0.00014;0.00033;0.00003;0.00033;0.00017;0.00001;0.00042;0.00035;0.00002;0.00003;0.00001;0.00006;0.00044;0.00063;0.00046;0.00029;0.00059;0.00000;0.00000;0.00076;0.00030;0.00009;0.00007;0.00004;0.00003;0.00070;0.00001;0.00009;0.00004;0.00026;0.00002;0.00005;0.00000;0.00002;0.00002;0.00003;0.00023;0.00005;0.00031;0.00044;0.00026;0.00005;0.00200;0.00003;0.00002;0.00001;0.00052;0.00056;0.00060;0.00017;0.00019;0.00030;0.00006;0.00009;0.00009;0.00010;0.00023;0.00001;0.00005;0.00000;0.00006;0.00006;0.00002;0.00002;0.00004;0.00015;0.00005;0.00010;0.00004;0.00000;0.00000;0.00000;0.00000;0.00008;0.00026;0.00001;0.00001;0.00006;0.00005;0.00004;0.00003;0.00002;0.00000;0.00002;0.00002;0.00000;0.00000;0.00001;0.00000;0.00000;0.00010;0.00002;0.00008;0.00002;0.00001;0.00016;0.00008;0.00022;0.00018;0.00008;0.00029;0.00019;0.00017;0.00012;0.00003;0.00004;0.00003;0.00009;0.00008;0.00000;0.00000;0.00002;0.00046;0.00039;0.00010;0.00001;0.00002;0.00009;0.00002;0.00001;0.00000;0.00001;0.00001;0.00003;0.00012;0.00005;0.00002;0.00018;0.00028;0.00007;0.00005;0.00003;0.00003;0.00004;0.00042;0.00014;0.00001;0.00003;0.00018;0.00002;0.00000;0.00002;0.00002;0.00004;0.00014;0.00005;0.00021;0.00003;0.00005;0.00014;0.00004;0.00005;0.00000;0.00010;0.00001;0.00001;0.00000;0.00000;0.00000;0.00002;0.00001;0.00002;0.00004;0.00007;0.00001;0.00001;0.00001;0.00001;0.00002;0.00001;0.00002;0.00001;0.00001;0.00047;0.00029;0.00012;0.00005;0.00003;0.00000;0.00001;0.00001;0.00000;0.00014;0.00017;0.00000;0.00000;0.00000;0.00000;0.00000;0.00007;0.00036;0.00000;0.00002;0.00003;0.00009;0.00003;0.00000;0.00002;0.00001;0.00001;0.00003;0.00008;0.00006;0.00009;0.00000;0.00000;0.00083;0.00002;0.00001;0.00000;0.00006;0.00007;0.00005;0.00005;0.00008;0.00006;0.00002;0.00001;0.00001;0.00013;0.00014;0.00004;0.00052;0.00106;0.00003;0.00019;0.00040;0.00011;0.00011;0.00013;0.00066;0.00019;0.00036;0.00006;0.00036;0.00028;0.00005;0.00005;0.00078;0.00006;0.00009;0.00043;0.00000;0.00015;0.00013;0.00004;0.00002;0.00012;0.00002;0.00018;0.00000;0.00000;0.00000;0.00000;0.00001;0.00073;0.00007;0.00008;0.00000;0.00000;0.00049;0.00001;0.00001;0.00003;0.00002;0.00001;0.00000;0.00004;0.00001;0.00002;0.00002;0.00001;0.00001;0.00039;0.00002;0.00039;0.00003;0.00005;0.00009;0.00005;0.00006;0.00001;0.00001;0.00001;0.00013;0.00006;0.00000;0.00000;0.00006;0.00001;0.00000;0.00001;0.00004;0.00000;0.00009;0.00018;0.00106;0.00003;0.00001;0.00000;0.00001;0.00000;0.00156;0.00000;0.00001;0.00005;0.00001;0.00001;0.00015;0.00000;0.00000;0.00002;0.00007;0.00009;0.00003;0.00001;0.00000;0.00000
2020-05-20 00:00;0.00001;0.00007;0.00000;0.00003;0.00000;0.00000;0.00000;0.00001;0.00000;0.00000;0.00004;0.00000;0.00005;0.00000;0.00000;0.00000;0.00004;0.00003;0.00001;0.00001;0.00000;0.00000;0.00000;0.00001;0.00001;0.00004;0.00000;0.00000;0.00000;0.00001;0.00003;0.00000;0.00008;0.00001;0.00001;0.00001;0.00000;0.00001;0.00000;0.00001;0.00004;0.00004;0.00000;0.00001;0.00000;0.00000;0.00000;0.00000;0.00004;0.00000;0.00000;0.00000;0.00000;0.00001;0.00000;0.00002;0.00000;0.00002;0.00000;0.00000;0.00000;0.00000;0.00000;0.00004;0.00000;0.00000;0.00000;0.00000;0.00000;0.00014;0.00000;0.00000;0.00000;0.00000;0.00005;0.00000;0.00000;0.00001;0.00001;0.00003;0.00000;0.00000;0.00001;0.00005;0.00004;0.00000;0.00002;0.00002;0.00000;0.00000;0.00001;0.00000;0.00005;0.00006;0.00000;0.00000;0.00004;0.00001;0.00008;0.00086;0.00499;0.00083;0.00001;0.00000;0.00001;0.00000;0.00001;0.00086;0.00002;0.00001;0.00001;0.00001;0.00001;0.00002;0.00001;0.00001;0.00000;0.00000;0.00001;0.00001;0.00001;0.00000;0.00001;0.00000;0.00000;0.00002;0.00001;0.00002;0.00000;0.00000;0.00001;0.00004;0.00000;0.00000;0.00002;0.00001;0.00003;0.00001;0.00001;0.00000;0.00001;0.00000;0.00000;0.00007;0.00001;0.00001;0.00004;0.00002;0.00001;0.00003;0.00024;0.00003;0.00007;0.00001;0.00002;0.00001;0.00001;0.00106;0.00000;0.00000;0.00001;0.00000;0.00027;0.00130;0.00020;0.00006;0.00004;0.00001;0.00001;0.00014;0.00017;0.00022;0.00034;0.00010;0.00002;0.00043;0.00000;0.00021;0.00028;0.00005;0.00036;0.00019;0.00001;0.00041;0.00039;0.00002;0.00003;0.00001;0.00007;0.00051;0.00074;0.00050;0.00029;0.00063;0.00000;0.00000;0.00084;0.00032;0.00009;0.00007;0.00004;0.00003;0.00080;0.00001;0.00010;0.00005;0.00027;0.00002;0.00005;0.00000;0.00002;0.00003;0.00004;0.00023;0.00005;0.00033;0.00043;0.00028;0.00006;0.00213;0.00003;0.00002;0.00001;0.00056;0.00061;0.00068;0.00017;0.00019;0.00033;0.00007;0.00011;0.00010;0.00010;0.00019;0.00001;0.00005;0.00000;0.00006;0.00003;0.00002;0.00001;0.00004;0.00010;0.00005;0.00010;0.00004;0.00000;0.00000;0.00000;0.00000;0.00011;0.00026;0.00001;0.00001;0.00005;0.00005;0.00001;0.00003;0.00002;0.00000;0.00001;0.00001;0.00000;0.00000;0.00001;0.00000;0.00000;0.00007;0.00002;0.00006;0.00002;0.00001;0.00019;0.00010;0.00030;0.00021;0.00008;0.00029;0.00018;0.00016;0.00011;0.00003;0.00004;0.00003;0.00006;0.00006;0.00000;0.00000;0.00002;0.00032;0.00023;0.00006;0.00001;0.00002;0.00006;0.00002;0.00001;0.00000;0.00001;0.00001;0.00003;0.00011;0.00004;0.00002;0.00020;0.00014;0.00007;0.00004;0.00003;0.00006;0.00005;0.00047;0.00015;0.00001;0.00003;0.00013;0.00002;0.00000;0.00001;0.00002;0.00004;0.00008;0.00005;0.00023;0.00003;0.00004;0.00006;0.00004;0.00006;0.00000;0.00007;0.00001;0.00001;0.00000;0.00000;0.00000;0.00003;0.00001;0.00002;0.00005;0.00005;0.00001;0.00001;0.00001;0.00001;0.00002;0.00001;0.00002;0.00001;0.00003;0.00043;0.00029;0.00015;0.00005;0.00003;0.00000;0.00001;0.00003;0.00000;0.00015;0.00017;0.00000;0.00000;0.00000;0.00000;0.00000;0.00022;0.00015;0.00000;0.00002;0.00002;0.00009;0.00003;0.00000;0.00001;0.00006;0.00001;0.00003;0.00010;0.00006;0.00009;0.00000;0.00000;0.00047;0.00000;0.00001;0.00002;0.00006;0.00007;0.00002;0.00005;0.00008;0.00004;0.00002;0.00001;0.00001;0.00013;0.00015;0.00004;0.00057;0.00109;0.00003;0.00019;0.00039;0.00033;0.00026;0.00014;0.00052;0.00020;0.00040;0.00005;0.00041;0.00033;0.00005;0.00007;0.00070;0.00006;0.00012;0.00051;0.00000;0.00015;0.00015;0.00005;0.00002;0.00016;0.00002;0.00018;0.00000;0.00000;0.00000;0.00000;0.00001;0.00073;0.00007;0.00008;0.00000;0.00000;0.00049;0.00001;0.00001;0.00003;0.00002;0.00001;0.00000;0.00004;0.00001;0.00002;0.00002;0.00001;0.00001;0.00039;0.00002;0.00040;0.00003;0.00005;0.00009;0.00005;0.00006;0.00001;0.00001;0.00001;0.00013;0.00006;0.00000;0.00000;0.00006;0.00001;0.00000;0.00001;0.00004;0.00000;0.00009;0.00018;0.00106;0.00003;0.00001;0.00000;0.00001;0.00000;0.00143;0.00000;0.00001;0.00002;0.00001;0.00001;0.00016;0.00000;0.00000;0.00002;0.00005;0.00009;0.00003;0.00001;0.00000;0.00000
2020-05-21 00:00;0.00001;0.00008;0.00000;0.00002;0.00000;0.00000;0.00000;0.00001;0.00000;0.00000;0.00003;0.00000;0.00005;0.00000;0.00000;0.00000;0.00004;0.00003;0.00001;0.00001;0.00000;0.00000;0.00000;0.00001;0.00001;0.00003;0.00000;0.00000;0.00000;0.00001;0.00003;0.00000;0.00008;0.00001;0.00001;0.00001;0.00000;0.00001;0.00000;0.00001;0.00004;0.00004;0.00000;0.00001;0.00000;0.00000;0.00000;0.00000;0.00004;0.00000;0.00000;0.00000;0.00000;0.00001;0.00000;0.00002;0.00000;0.00002;0.00000;0.00000;0.00000;0.00000;0.00000;0.00004;0.00000;0.00000;0.00000;0.00000;0.00000;0.00013;0.00000;0.00000;0.00000;0.00000;0.00005;0.00000;0.00000;0.00001;0.00001;0.00003;0.00000;0.00000;0.00001;0.00005;0.00004;0.00000;0.00002;0.00002;0.00000;0.00000;0.00001;0.00000;0.00005;0.00006;0.00000;0.00000;0.00004;0.00001;0.00008;0.00079;0.00490;0.00080;0.00001;0.00000;0.00001;0.00000;0.00001;0.00086;0.00002;0.00001;0.00001;0.00001;0.00001;0.00002;0.00001;0.00001;0.00000;0.00000;0.00001;0.00001;0.00001;0.00000;0.00001;0.00000;0.00000;0.00002;0.00001;0.00002;0.00000;0.00000;0.00001;0.00004;0.00000;0.00000;0.00002;0.00001;0.00003;0.00001;0.00001;0.00000;0.00001;0.00000;0.00000;0.00007;0.00001;0.00001;0.00004;0.00002;0.00001;0.00003;0.00023;0.00003;0.00007;0.00001;0.00002;0.00001;0.00001;0.00105;0.00000;0.00000;0.00001;0.00000;0.00023;0.00088;0.00016;0.00005;0.00004;0.00001;0.00001;0.00008;0.00017;0.00016;0.00020;0.00006;0.00002;0.00034;0.00000;0.00015;0.00016;0.00004;0.00032;0.00017;0.00001;0.00036;0.00036;0.00002;0.00003;0.00001;0.00007;0.00047;0.00065;0.00048;0.00026;0.00058;0.00000;0.00000;0.00075;0.00030;0.00007;0.00006;0.00004;0.00003;0.00072;0.00001;0.00009;0.00004;0.00026;0.00002;0.00005;0.00000;0.00002;0.00002;0.00003;0.00022;0.00005;0.00032;0.00032;0.00027;0.00005;0.00216;0.00003;0.00002;0.00001;0.00053;0.00058;0.00062;0.00014;0.00019;0.00030;0.00006;0.00009;0.00009;0.00010;0.00011;0.00001;0.00005;0.00000;0.00006;0.00005;0.00002;0.00002;0.00004;0.00013;0.00005;0.00008;0.00004;0.00000;0.00000;0.00000;0.00000;0.00008;0.00026;0.00001;0.00001;0.00005;0.00005;0.00003;0.00003;0.00002;0.00000;0.00001;0.00002;0.00000;0.00000;0.00001;0.00000;0.00000;0.00008;0.00002;0.00006;0.00002;0.00001;0.00015;0.00008;0.00023;0.00019;0.00008;0.00028;0.00017;0.00016;0.00010;0.00003;0.00004;0.00003;0.00008;0.00006;0.00000;0.00000;0.00002;0.00039;0.00033;0.00008;0.00001;0.00002;0.00008;0.00002;0.00001;0.00000;0.00001;0.00001;0.00003;0.00011;0.00005;0.00002;0.00012;0.00024;0.00007;0.00005;0.00003;0.00004;0.00004;0.00043;0.00014;0.00001;0.00003;0.00005;0.00002;0.00000;0.00002;0.00002;0.00004;0.00012;0.00005;0.00021;0.00003;0.00005;0.00011;0.00004;0.00005;0.00000;0.00003;0.00001;0.00001;0.00000;0.00000;0.00000;0.00002;0.00001;0.00002;0.00004;0.00006;0.00001;0.00001;0.00001;0.00001;0.00002;0.00001;0.00002;0.00001;0.00001;0.00033;0.00028;0.00012;0.00005;0.00003;0.00000;0.00001;0.00001;0.00000;0.00014;0.00017;0.00000;0.00000;0.00000;0.00000;0.00000;0.00008;0.00029;0.00000;0.00002;0.00003;0.00009;0.00003;0.00000;0.00001;0.00002;0.00001;0.00003;0.00009;0.00006;0.00009;0.00000;0.00000;0.00072;0.00001;0.00001;0.00000;0.00006;0.00007;0.00004;0.00005;0.00008;0.00006;0.00002;0.00001;0.00001;0.00013;0.00014;0.00004;0.00052;0.00104;0.00003;0.00019;0.00032;0.00014;0.00015;0.00013;0.00032;0.00018;0.00033;0.00005;0.00036;0.00029;0.00004;0.00002;0.00057;0.00006;0.00009;0.00042;0.00000;0.00015;0.00014;0.00004;0.00002;0.00013;0.00002;0.00018;0.00000;0.00000;0.00000;0.00000;0.00001;0.00073;0.00007;0.00008;0.00000;0.00000;0.00048;0.00001;0.00001;0.00003;0.00002;0.00001;0.00000;0.00004;0.00001;0.00002;0.00002;0.00001;0.00001;0.00039;0.00002;0.00039;0.00003;0.00005;0.00009;0.00005;0.00006;0.00001;0.00001;0.00001;0.00013;0.00006;0.00000;0.00000;0.00006;0.00001;0.00000;0.00001;0.00004;0.00000;0.00009;0.00018;0.00107;0.00003;0.00001;0.00000;0.00001;0.00000;0.00097;0.00000;0.00001;0.00003;0.00001;0.00001;0.00017;0.00000;0.00000;0.00002;0.00005;0.00009;0.00003;0.00001;0.00000;0.00000
2020-05-22 00:00;0.00001;0.00009;0.00000;0.00002;0.00000;0.00000;0.00000;0.00001;0.00000;0.00000;0.00003;0.00000;0.00005;0.00000;0.00000;0.00000;0.00004;0.00003;0.00001;0.00001;0.00000;0.00000;0.00000;0.00001;0.00001;0.00003;0.00000;0.00000;0.00000;0.00001;0.00002;0.00000;0.00008;0.00001;0.00001;0.00001;0.00000;0.00001;0.00000;0.00001;0.00004;0.00004;0.00000;0.00001;0.00000;0.00000;0.00000;0.00000;0.00004;0.00000;0.00000;0.00000;0.00000;0.00001;0.00000;0.00002;0.00000;0.00002;0.00000;0.00000;0.00000;0.00000;0.00000;0.00004;0.00000;0.00000;0.00000;0.00000;0.00000;0.00013;0.00000;0.00000;0.00000;0.00000;0.00005;0.00000;0.00000;0.00001;0.00001;0.00003;0.00000;0.00000;0.00001;0.00005;0.00004;0.00000;0.00002;0.00002;0.00000;0.00000;0.00001;0.00000;0.00005;0.00006;0.00000;0.00000;0.00004;0.00001;0.00008;0.00070;0.00472;0.00074;0.00001;0.00000;0.00001;0.00000;0.00001;0.00085;0.00002;0.00001;0.00001;0.00001;0.00001;0.00002;0.00001;0.00001;0.00000;0.00000;0.00001;0.00001;0.00001;0.00000;0.00001;0.00000;0.00000;0.00002;0.00001;0.00002;0.00000;0.00000;0.00001;0.00004;0.00000;0.00000;0.00001;0.00001;0.00003;0.00001;0.00001;0.00000;0.00001;0.00000;0.00000;0.00007;0.00001;0.00001;0.00004;0.00002;0.00001;0.00003;0.00023;0.00003;0.00007;0.00001;0.00002;0.00001;0.00001;0.00101;0.00000;0.00000;0.00001;0.00000;0.00021;0.00053;0.00013;0.00005;0.00004;0.00001;0.00001;0.00009;0.00017;0.00025;0.00039;0.00015;0.00002;0.00054;0.00000;0.00024;0.00011;0.00007;0.00039;0.00018;0.00000;0.00042;0.00041;0.00002;0.00003;0.00001;0.00007;0.00054;0.00069;0.00052;0.00029;0.00060;0.00000;0.00000;0.00083;0.00031;0.00009;0.00006;0.00004;0.00003;0.00075;0.00001;0.00010;0.00005;0.00027;0.00002;0.00005;0.00000;0.00002;0.00002;0.00003;0.00023;0.00005;0.00036;0.00045;0.00030;0.00006;0.00239;0.00003;0.00002;0.00001;0.00056;0.00065;0.00072;0.00017;0.00018;0.00032;0.00006;0.00010;0.00010;0.00010;0.00020;0.00001;0.00005;0.00000;0.00006;0.00003;0.00002;0.00001;0.00004;0.00009;0.00005;0.00009;0.00004;0.00000;0.00000;0.00000;0.00000;0.00010;0.00025;0.00001;0.00001;0.00005;0.00006;0.00001;0.00003;0.00002;0.00000;0.00001;0.00001;0.00000;0.00000;0.00001;0.00000;0.00000;0.00006;0.00002;0.00004;0.00002;0.00001;0.00017;0.00012;0.00029;0.00020;0.00008;0.00028;0.00017;0.00016;0.00010;0.00003;0.00004;0.00003;0.00006;0.00005;0.00000;0.00000;0.00002;0.00028;0.00020;0.00005;0.00001;0.00002;0.00006;0.00002;0.00001;0.00000;0.00001;0.00001;0.00003;0.00011;0.00003;0.00002;0.00021;0.00012;0.00007;0.00004;0.00003;0.00005;0.00005;0.00045;0.00015;0.00001;0.00003;0.00017;0.00002;0.00000;0.00001;0.00001;0.00004;0.00007;0.00004;0.00022;0.00003;0.00004;0.00005;0.00004;0.00006;0.00000;0.00006;0.00001;0.00001;0.00000;0.00000;0.00000;0.00003;0.00001;0.00002;0.00006;0.00004;0.00001;0.00001;0.00001;0.00001;0.00002;0.00001;0.00002;0.00001;0.00002;0.00045;0.00029;0.00016;0.00005;0.00003;0.00000;0.00001;0.00003;0.00000;0.00013;0.00017;0.00000;0.00000;0.00000;0.00000;0.00000;0.00018;0.00012;0.00000;0.00002;0.00002;0.00009;0.00003;0.00000;0.00000;0.00005;0.00001;0.00003;0.00011;0.00006;0.00009;0.00000;0.00000;0.00042;0.00000;0.00001;0.00002;0.00006;0.00007;0.00002;0.00005;0.00008;0.00004;0.00002;0.00001;0.00001;0.00013;0.00014;0.00004;0.00060;0.00107;0.00003;0.00019;0.00040;0.00028;0.00022;0.00014;0.00048;0.00017;0.00027;0.00005;0.00040;0.00034;0.00005;0.00008;0.00070;0.00006;0.00012;0.00053;0.00000;0.00016;0.00016;0.00005;0.00002;0.00018;0.00002;0.00017;0.00000;0.00000;0.00000;0.00000;0.00001;0.00073;0.00007;0.00008;0.00000;0.00000;0.00048;0.00001;0.00001;0.00003;0.00002;0.00001;0.00000;0.00004;0.00001;0.00002;0.00002;0.00001;0.00001;0.00039;0.00002;0.00040;0.00003;0.00005;0.00009;0.00005;0.00006;0.00001;0.00001;0.00001;0.00013;0.00006;0.00000;0.00000;0.00006;0.00001;0.00000;0.00001;0.00004;0.00000;0.00009;0.00018;0.00106;0.00003;0.00001;0.00000;0.00001;0.00000;0.00087;0.00000;0.00001;0.00002;0.00001;0.00001;0.00018;0.00000;0.00000;0.00002;0.00004;0.00009;0.00003;0.00001;0.00000;0.00000
2020-05-23 00:00;0.00001;0.00009;0.00000;0.00002;0.00000;0.00000;0.00000;0.00001;0.00000;0.00000;0.00003;0.00000;0.00005;0.00000;0.00000;0.00000;0.00005;0.00002;0.00001;0.00001;0.00000;0.00000;0.00000;0.00001;0.00001;0.00002;0.00000;0.00000;0.00000;0.00001;0.00003;0.00000;0.00008;0.00001;0.00001;0.00001;0.00000;0.00001;0.00000;0.00001;0.00004;0.00004;0.00000;0.00001;0.00000;0.00000;0.00000;0.00000;0.00004;0.00000;0.00000;0.00000;0.00000;0.00001;0.00000;0.00002;0.00000;0.00002;0.00000;0.00000;0.00000;0.00000;0.00000;0.00004;0.00000;0.00000;0.00000;0.00000;0.00000;0.00012;0.00000;0.00000;0.00000;0.00000;0.00005;0.00000;0.00000;0.00001;0.00001;0.00003;0.00000;0.00000;0.00001;0.00005;0.00004;0.00000;0.00002;0.00002;0.00000;0.00000;0.00001;0.00000;0.00005;0.00006;0.00000;0.00000;0.00004;0.00001;0.00008;0.00029;0.00418;0.00056;0.00001;0.00000;0.00001;0.00000;0.00001;0.00082;0.00002;0.00001;0.00001;0.00001;0.00001;0.00002;0.00001;0.00001;0.00000;0.00000;0.00001;0.00001;0.00001;0.00000;0.00001;0.00000;0.00000;0.00002;0.00001;0.00002;0.00000;0.00000;0.00001;0.00004;0.00000;0.00000;0.00001;0.00001;0.00003;0.00001;0.00001;0.00000;0.00001;0.00000;0.00000;0.00007;0.00001;0.00001;0.00004;0.00002;0.00001;0.00003;0.00023;0.00003;0.00007;0.00001;0.00002;0.00001;0.00001;0.00093;0.00000;0.00000;0.00001;0.00000;0.00021;0.00048;0.00014;0.00005;0.00004;0.00001;0.00001;0.00007;0.00017;0.00018;0.00023;0.00009;0.00002;0.00040;0.00000;0.00018;0.00013;0.00005;0.00033;0.00017;0.00001;0.00036;0.00038;0.00002;0.00003;0.00001;0.00006;0.00046;0.00061;0.00049;0.00026;0.00048;0.00000;0.00000;0.00065;0.00029;0.00007;0.00006;0.00004;0.00002;0.00068;0.00001;0.00009;0.00004;0.00024;0.00002;0.00004;0.00000;0.00002;0.00002;0.00003;0.00022;0.00005;0.00035;0.00034;0.00028;0.00005;0.00219;0.00003;0.00002;0.00001;0.00052;0.00060;0.00063;0.00014;0.00019;0.00030;0.00006;0.00009;0.00008;0.00010;0.00013;0.00001;0.00005;0.00000;0.00006;0.00005;0.00002;0.00002;0.00004;0.00015;0.00005;0.00008;0.00004;0.00000;0.00000;0.00000;0.00000;0.00008;0.00025;0.00001;0.00001;0.00006;0.00005;0.00003;0.00003;0.00002;0.00000;0.00002;0.00002;0.00000;0.00000;0.00001;0.00000;0.00000;0.00009;0.00002;0.00007;0.00002;0.00001;0.00011;0.00011;0.00023;0.00018;0.00008;0.00028;0.00017;0.00017;0.00010;0.00003;0.00004;0.00002;0.00009;0.00007;0.00000;0.00000;0.00002;0.00052;0.00037;0.00008;0.00001;0.00002;0.00009;0.00003;0.00001;0.00000;0.00001;0.00001;0.00003;0.00011;0.00005;0.00002;0.00014;0.00026;0.00007;0.00004;0.00003;0.00003;0.00004;0.00042;0.00013;0.00001;0.00003;0.00009;0.00002;0.00000;0.00002;0.00002;0.00004;0.00013;0.00005;0.00019;0.00003;0.00005;0.00012;0.00004;0.00006;0.00000;0.00003;0.00001;0.00001;0.00000;0.00000;0.00000;0.00002;0.00001;0.00002;0.00005;0.00006;0.00001;0.00001;0.00001;0.00001;0.00002;0.00001;0.00002;0.00001;0.00001;0.00034;0.00028;0.00013;0.00006;0.00003;0.00000;0.00001;0.00001;0.00000;0.00012;0.00016;0.00000;0.00000;0.00000;0.00000;0.00000;0.00007;0.00034;0.00000;0.00002;0.00003;0.00009;0.00003;0.00000;0.00002;0.00001;0.00001;0.00003;0.00008;0.00006;0.00009;0.00000;0.00000;0.00082;0.00001;0.00001;0.00000;0.00006;0.00007;0.00005;0.00005;0.00008;0.00006;0.00002;0.00001;0.00001;0.00013;0.00014;0.00003;0.00056;0.00103;0.00003;0.00018;0.00033;0.00012;0.00013;0.00013;0.00036;0.00015;0.00020;0.00005;0.00035;0.00029;0.00004;0.00003;0.00062;0.00006;0.00009;0.00047;0.00000;0.00015;0.00014;0.00004;0.00002;0.00014;0.00002;0.00017;0.00000;0.00000;0.00000;0.00000;0.00001;0.00072;0.00007;0.00008;0.00000;0.00000;0.00048;0.00001;0.00001;0.00002;0.00002;0.00001;0.00000;0.00004;0.00001;0.00002;0.00002;0.00001;0.00001;0.00039;0.00002;0.00038;0.00003;0.00005;0.00009;0.00005;0.00006;0.00001;0.00001;0.00001;0.00013;0.00006;0.00000;0.00000;0.00006;0.00001;0.00000;0.00001;0.00004;0.00000;0.00009;0.00018;0.00104;0.00003;0.00001;0.00000;0.00001;0.00000;0.00080;0.00000;0.00001;0.00004;0.00001;0.00001;0.00019;0.00000;0.00000;0.00002;0.00005;0.00009;0.00003;0.00001;0.00000;0.00000
2020-05-24 00:00;0.00001;0.00010;0.00000;0.00002;0.00000;0.00000;0.00000;0.00001;0.00000;0.00000;0.00003;0.00000;0.00005;0.00000;0.00000;0.00000;0.00005;0.00002;0.00001;0.00001;0.00000;0.00000;0.00000;0.00001;0.00001;0.00003;0.00000;0.00000;0.00000;0.00001;0.00003;0.00000;0.00008;0.00001;0.00001;0.00001;0.00000;0.00001;0.00000;0.00001;0.00004;0.00004;0.00000;0.00001;0.00000;0.00000;0.00000;0.00000;0.00004;0.00000;0.00000;0.00000;0.00000;0.00001;0.00000;0.00002;0.00000;0.00002;0.00000;0.00000;0.00000;0.00000;0.00000;0.00004;0.00000;0.00000;0.00000;0.00000;0.00000;0.00013;0.00000;0.00000;0.00000;0.00000;0.00005;0.00000;0.00000;0.00001;0.00001;0.00003;0.00000;0.00000;0.00001;0.00005;0.00004;0.00000;0.00002;0.00002;0.00000;0.00000;0.00001;0.00000;0.00005;0.00006;0.00000;0.00000;0.00004;0.00001;0.00007;0.00009;0.00350;0.00035;0.00001;0.00000;0.00001;0.00000;0.00001;0.00079;0.00002;0.00001;0.00001;0.00001;0.00001;0.00002;0.00001;0.00001;0.00000;0.00000;0.00001;0.00001;0.00001;0.00000;0.00001;0.00000;0.00000;0.00002;0.00001;0.00002;0.00000;0.00000;0.00001;0.00004;0.00000;0.00000;0.00001;0.00001;0.00002;0.00001;0.00001;0.00000;0.00001;0.00000;0.00000;0.00007;0.00001;0.00001;0.00004;0.00002;0.00001;0.00003;0.00023;0.00003;0.00007;0.00001;0.00002;0.00001;0.00001;0.00071;0.00000;0.00000;0.00001;0.00000;0.00021;0.00046;0.00013;0.00005;0.00004;0.00001;0.00001;0.00009;0.00017;0.00024;0.00035;0.00014;0.00002;0.00062;0.00000;0.00027;0.00011;0.00008;0.00038;0.00018;0.00000;0.00042;0.00043;0.00002;0.00003;0.00001;0.00007;0.00047;0.00068;0.00052;0.00028;0.00041;0.00000;0.00000;0.00054;0.00031;0.00010;0.00006;0.00004;0.00003;0.00073;0.00001;0.00010;0.00004;0.00020;0.00002;0.00005;0.00000;0.00002;0.00002;0.00003;0.00022;0.00005;0.00039;0.00044;0.00031;0.00006;0.00217;0.00003;0.00002;0.00001;0.00055;0.00066;0.00071;0.00017;0.00018;0.00032;0.00006;0.00010;0.00010;0.00010;0.00019;0.00001;0.00005;0.00000;0.00006;0.00003;0.00002;0.00001;0.00004;0.00009;0.00005;0.00009;0.00004;0.00000;0.00000;0.00000;0.00000;0.00010;0.00025;0.00001;0.00001;0.00005;0.00006;0.00001;0.00003;0.00002;0.00000;0.00001;0.00001;0.00000;0.00000;0.00001;0.00000;0.00000;0.00006;0.00002;0.00005;0.00002;0.00001;0.00004;0.00014;0.00027;0.00020;0.00008;0.00028;0.00017;0.00015;0.00010;0.00003;0.00003;0.00002;0.00006;0.00006;0.00000;0.00000;0.00002;0.00038;0.00022;0.00005;0.00001;0.00002;0.00006;0.00002;0.00001;0.00000;0.00001;0.00001;0.00003;0.00011;0.00003;0.00002;0.00021;0.00013;0.00006;0.00004;0.00003;0.00005;0.00004;0.00044;0.00014;0.00001;0.00003;0.00014;0.00002;0.00000;0.00001;0.00001;0.00004;0.00007;0.00004;0.00015;0.00003;0.00004;0.00005;0.00004;0.00007;0.00000;0.00006;0.00001;0.00001;0.00000;0.00000;0.00000;0.00003;0.00001;0.00002;0.00006;0.00004;0.00001;0.00001;0.00001;0.00001;0.00002;0.00001;0.00002;0.00001;0.00002;0.00044;0.00028;0.00016;0.00005;0.00003;0.00000;0.00001;0.00003;0.00000;0.00013;0.00017;0.00000;0.00000;0.00000;0.00000;0.00000;0.00017;0.00014;0.00000;0.00002;0.00002;0.00009;0.00003;0.00000;0.00001;0.00005;0.00001;0.00003;0.00009;0.00006;0.00009;0.00000;0.00000;0.00047;0.00000;0.00001;0.00002;0.00006;0.00007;0.00002;0.00005;0.00008;0.00004;0.00002;0.00001;0.00001;0.00013;0.00014;0.00003;0.00064;0.00100;0.00003;0.00019;0.00039;0.00028;0.00022;0.00013;0.00046;0.00018;0.00029;0.00005;0.00039;0.00033;0.00005;0.00007;0.00068;0.00006;0.00011;0.00054;0.00000;0.00016;0.00015;0.00005;0.00002;0.00019;0.00002;0.00017;0.00000;0.00000;0.00000;0.00000;0.00001;0.00072;0.00007;0.00008;0.00000;0.00000;0.00048;0.00001;0.00001;0.00002;0.00002;0.00001;0.00000;0.00004;0.00001;0.00002;0.00002;0.00001;0.00001;0.00038;0.00002;0.00036;0.00003;0.00005;0.00009;0.00005;0.00006;0.00001;0.00001;0.00001;0.00013;0.00006;0.00000;0.00000;0.00006;0.00001;0.00000;0.00001;0.00004;0.00000;0.00009;0.00018;0.00101;0.00003;0.00001;0.00000;0.00001;0.00000;0.00082;0.00000;0.00001;0.00002;0.00001;0.00001;0.00019;0.00000;0.00000;0.00002;0.00004;0.00009;0.00003;0.00001;0.00000;0.00000
2020-05-25 00:00;0.00001;0.00007;0.00000;0.00002;0.00000;0.00000;0.00000;0.00001;0.00000;0.00000;0.00003;0.00000;0.00005;0.00000;0.00000;0.00000;0.00004;0.00002;0.00001;0.00001;0.00000;0.00000;0.00000;0.00001;0.00001;0.00002;0.00000;0.00000;0.00000;0.00001;0.00003;0.00000;0.00007;0.00001;0.00001;0.00001;0.00000;0.00001;0.00000;0.00001;0.00004;0.00004;0.00000;0.00001;0.00000;0.00000;0.00000;0.00000;0.00004;0.00000;0.00000;0.00000;0.00000;0.00001;0.00000;0.00002;0.00000;0.00002;0.00000;0.00000;0.00000;0.00000;0.00000;0.00004;0.00000;0.00000;0.00000;0.00000;0.00000;0.00012;0.00000;0.00000;0.00000;0.00000;0.00005;0.00000;0.00000;0.00001;0.00001;0.00003;0.00000;0.00000;0.00001;0.00005;0.00004;0.00000;0.00002;0.00002;0.00000;0.00000;0.00001;0.00000;0.00005;0.00006;0.00000;0.00000;0.00004;0.00001;0.00008;0.00009;0.00335;0.00028;0.00001;0.00000;0.00001;0.00000;0.00001;0.00079;0.00002;0.00001;0.00001;0.00001;0.00001;0.00002;0.00001;0.00001;0.00000;0.00000;0.00001;0.00001;0.00001;0.00000;0.00001;0.00000;0.00000;0.00002;0.00000;0.00002;0.00000;0.00000;0.00001;0.00004;0.00000;0.00000;0.00001;0.00001;0.00002;0.00001;0.00001;0.00000;0.00001;0.00000;0.00000;0.00007;0.00001;0.00001;0.00004;0.00002;0.00001;0.00003;0.00023;0.00003;0.00007;0.00001;0.00002;0.00001;0.00001;0.00052;0.00000;0.00000;0.00001;0.00000;0.00021;0.00048;0.00013;0.00005;0.00004;0.00001;0.00001;0.00007;0.00017;0.00017;0.00021;0.00009;0.00002;0.00053;0.00000;0.00021;0.00013;0.00006;0.00033;0.00017;0.00001;0.00036;0.00039;0.00002;0.00003;0.00001;0.00006;0.00030;0.00060;0.00049;0.00025;0.00035;0.00000;0.00000;0.00037;0.00029;0.00007;0.00006;0.00003;0.00002;0.00066;0.00001;0.00008;0.00003;0.00018;0.00002;0.00004;0.00000;0.00002;0.00002;0.00003;0.00022;0.00005;0.00038;0.00034;0.00030;0.00005;0.00185;0.00003;0.00002;0.00001;0.00051;0.00061;0.00062;0.00013;0.00019;0.00029;0.00006;0.00009;0.00008;0.00009;0.00013;0.00001;0.00005;0.00000;0.00006;0.00006;0.00002;0.00002;0.00004;0.00016;0.00005;0.00008;0.00004;0.00000;0.00000;0.00000;0.00000;0.00007;0.00025;0.00001;0.00001;0.00006;0.00005;0.00003;0.00003;0.00002;0.00000;0.00002;0.00002;0.00000;0.00000;0.00001;0.00000;0.00000;0.00010;0.00002;0.00008;0.00002;0.00001;0.00008;0.00012;0.00022;0.00018;0.00007;0.00028;0.00017;0.00017;0.00009;0.00003;0.00004;0.00002;0.00010;0.00010;0.00000;0.00000;0.00002;0.00057;0.00044;0.00010;0.00001;0.00002;0.00010;0.00002;0.00001;0.00000;0.00001;0.00001;0.00003;0.00011;0.00006;0.00002;0.00014;0.00029;0.00007;0.00005;0.00003;0.00003;0.00004;0.00041;0.00013;0.00001;0.00003;0.00008;0.00002;0.00000;0.00002;0.00002;0.00004;0.00014;0.00005;0.00012;0.00003;0.00005;0.00014;0.00004;0.00005;0.00000;0.00003;0.00001;0.00001;0.00000;0.00000;0.00000;0.00003;0.00001;0.00002;0.00006;0.00007;0.00001;0.00001;0.00001;0.00001;0.00002;0.00001;0.00002;0.00001;0.00001;0.00034;0.00028;0.00013;0.00005;0.00003;0.00000;0.00001;0.00001;0.00000;0.00012;0.00016;0.00000;0.00000;0.00000;0.00000;0.00000;0.00006;0.00038;0.00000;0.00002;0.00003;0.00009;0.00003;0.00000;0.00002;0.00001;0.00001;0.00003;0.00005;0.00006;0.00009;0.00000;0.00000;0.00094;0.00002;0.00001;0.00000;0.00006;0.00007;0.00005;0.00005;0.00008;0.00007;0.00002;0.00001;0.00001;0.00013;0.00014;0.00003;0.00061;0.00098;0.00003;0.00018;0.00033;0.00012;0.00013;0.00011;0.00035;0.00015;0.00021;0.00005;0.00034;0.00028;0.00004;0.00003;0.00061;0.00006;0.00009;0.00047;0.00000;0.00015;0.00011;0.00004;0.00002;0.00016;0.00002;0.00017;0.00000;0.00000;0.00000;0.00000;0.00001;0.00072;0.00007;0.00008;0.00000;0.00000;0.00047;0.00001;0.00001;0.00002;0.00002;0.00001;0.00000;0.00004;0.00001;0.00002;0.00002;0.00001;0.00001;0.00038;0.00002;0.00033;0.00003;0.00005;0.00009;0.00005;0.00006;0.00001;0.00001;0.00001;0.00013;0.00006;0.00000;0.00000;0.00006;0.00001;0.00000;0.00001;0.00004;0.00000;0.00009;0.00018;0.00097;0.00003;0.00001;0.00000;0.00001;0.00000;0.00077;0.00000;0.00001;0.00003;0.00001;0.00001;0.00012;0.00000;0.00000;0.00002;0.00005;0.00008;0.00003;0.00001;0.00000;0.00000
2020-05-26 00:00;0.00001;0.00010;0.00000;0.00002;0.00000;0.00000;0.00000;0.00001;0.00000;0.00000;0.00003;0.00000;0.00005;0.00000;0.00000;0.00000;0.00005;0.00002;0.00001;0.00001;0.00000;0.00000;0.00000;0.00001;0.00001;0.00002;0.00000;0.00000;0.00000;0.00001;0.00002;0.00000;0.00007;0.00001;0.00001;0.00001;0.00000;0.00001;0.00000;0.00001;0.00004;0.00004;0.00000;0.00001;0.00000;0.00000;0.00000;0.00000;0.00004;0.00000;0.00000;0.00000;0.00000;0.00001;0.00000;0.00002;0.00000;0.00002;0.00000;0.00000;0.00000;0.00000;0.00000;0.00004;0.00000;0.00000;0.00000;0.00000;0.00000;0.00012;0.00000;0.00000;0.00000;0.00000;0.00005;0.00000;0.00000;0.00001;0.00001;0.00003;0.00000;0.00000;0.00001;0.00005;0.00004;0.00000;0.00002;0.00002;0.00000;0.00000;0.00001;0.00000;0.00005;0.00006;0.00000;0.00000;0.00004;0.00001;0.00007;0.00007;0.00331;0.00027;0.00001;0.00000;0.00001;0.00000;0.00001;0.00078;0.00002;0.00001;0.00001;0.00001;0.00001;0.00002;0.00001;0.00001;0.00000;0.00000;0.00001;0.00001;0.00001;0.00000;0.00001;0.00000;0.00000;0.00002;0.00000;0.00002;0.00000;0.00000;0.00001;0.00004;0.00000;0.00000;0.00001;0.00001;0.00002;0.00001;0.00001;0.00000;0.00001;0.00000;0.00000;0.00007;0.00001;0.00001;0.00004;0.00002;0.00001;0.00003;0.00023;0.00003;0.00007;0.00001;0.00002;0.00001;0.00001;0.00048;0.00000;0.00000;0.00001;0.00000;0.00021;0.00047;0.00013;0.00005;0.00004;0.00001;0.00001;0.00008;0.00017;0.00017;0.00023;0.00005;0.00002;0.00056;0.00000;0.00022;0.00011;0.00007;0.00030;0.00016;0.00000;0.00037;0.00040;0.00002;0.00003;0.00001;0.00005;0.00018;0.00054;0.00047;0.00026;0.00038;0.00000;0.00000;0.00042;0.00029;0.00007;0.00006;0.00003;0.00002;0.00060;0.00001;0.00006;0.00004;0.00019;0.00002;0.00004;0.00000;0.00002;0.00002;0.00003;0.00022;0.00005;0.00039;0.00031;0.00030;0.00005;0.00103;0.00003;0.00002;0.00001;0.00047;0.00059;0.00057;0.00014;0.00018;0.00029;0.00006;0.00009;0.00008;0.00009;0.00011;0.00001;0.00005;0.00000;0.00006;0.00003;0.00002;0.00001;0.00004;0.00010;0.00005;0.00008;0.00004;0.00000;0.00000;0.00000;0.00000;0.00007;0.00025;0.00001;0.00001;0.00005;0.00005;0.00002;0.00003;0.00002;0.00000;0.00001;0.00001;0.00000;0.00000;0.00001;0.00000;0.00000;0.00007;0.00002;0.00006;0.00002;0.00001;0.00004;0.00014;0.00020;0.00018;0.00007;0.00027;0.00016;0.00015;0.00009;0.00003;0.00003;0.00002;0.00007;0.00007;0.00000;0.00000;0.00002;0.00040;0.00025;0.00006;0.00001;0.00002;0.00006;0.00003;0.00001;0.00000;0.00001;0.00001;0.00003;0.00011;0.00003;0.00002;0.00011;0.00014;0.00006;0.00004;0.00003;0.00004;0.00003;0.00040;0.00013;0.00001;0.00003;0.00005;0.00002;0.00000;0.00001;0.00001;0.00004;0.00008;0.00004;0.00013;0.00003;0.00004;0.00006;0.00004;0.00006;0.00000;0.00003;0.00001;0.00001;0.00000;0.00000;0.00000;0.00003;0.00001;0.00002;0.00006;0.00005;0.00001;0.00001;0.00001;0.00001;0.00002;0.00001;0.00002;0.00001;0.00001;0.00035;0.00028;0.00008;0.00005;0.00003;0.00000;0.00001;0.00001;0.00000;0.00013;0.00016;0.00000;0.00000;0.00000;0.00000;0.00000;0.00006;0.00016;0.00000;0.00002;0.00002;0.00009;0.00003;0.00000;0.00001;0.00001;0.00001;0.00003;0.00002;0.00006;0.00009;0.00000;0.00000;0.00054;0.00000;0.00001;0.00000;0.00006;0.00007;0.00002;0.00005;0.00008;0.00004;0.00002;0.00001;0.00001;0.00013;0.00014;0.00003;0.00061;0.00098;0.00003;0.00018;0.00033;0.00010;0.00012;0.00011;0.00032;0.00016;0.00023;0.00005;0.00035;0.00022;0.00004;0.00003;0.00055;0.00006;0.00009;0.00028;0.00000;0.00015;0.00007;0.00004;0.00002;0.00016;0.00002;0.00017;0.00000;0.00000;0.00000;0.00000;0.00001;0.00072;0.00007;0.00008;0.00000;0.00000;0.00047;0.00001;0.00001;0.00002;0.00002;0.00001;0.00000;0.00004;0.00001;0.00002;0.00002;0.00001;0.00001;0.00038;0.00002;0.00030;0.00003;0.00005;0.00009;0.00005;0.00006;0.00001;0.00001;0.00001;0.00013;0.00006;0.00000;0.00000;0.00006;0.00001;0.00000;0.00001;0.00004;0.00000;0.00009;0.00018;0.00095;0.00003;0.00001;0.00000;0.00001;0.00000;0.00067;0.00000;0.00001;0.00002;0.00001;0.00001;0.00007;0.00000;0.00000;0.00002;0.00004;0.00008;0.00003;0.00001;0.00000;0.00000
2020-05-27 00:00;0.00001;0.00011;0.00000;0.00002;0.00000;0.00000;0.00000;0.00001;0.00000;0.00000;0.00003;0.00000;0.00005;0.00000;0.00000;0.00000;0.00005;0.00002;0.00001;0.00001;0.00000;0.00000;0.00000;0.00001;0.00001;0.00002;0.00000;0.00000;0.00000;0.00001;0.00002;0.00000;0.00007;0.00000;0.00001;0.00001;0.00000;0.00001;0.00000;0.00001;0.00004;0.00004;0.00000;0.00001;0.00000;0.00000;0.00000;0.00000;0.00003;0.00000;0.00000;0.00000;0.00000;0.00001;0.00000;0.00002;0.00000;0.00002;0.00000;0.00000;0.00000;0.00000;0.00000;0.00004;0.00000;0.00000;0.00000;0.00000;0.00000;0.00012;0.00000;0.00000;0.00000;0.00000;0.00005;0.00000;0.00000;0.00001;0.00001;0.00003;0.00000;0.00000;0.00001;0.00005;0.00004;0.00000;0.00002;0.00002;0.00000;0.00000;0.00001;0.00000;0.00005;0.00006;0.00000;0.00000;0.00004;0.00001;0.00007;0.00006;0.00327;0.00027;0.00001;0.00000;0.00001;0.00000;0.00001;0.00078;0.00002;0.00001;0.00001;0.00001;0.00001;0.00002;0.00001;0.00001;0.00000;0.00000;0.00001;0.00001;0.00001;0.00000;0.00001;0.00000;0.00000;0.00002;0.00000;0.00002;0.00000;0.00000;0.00001;0.00004;0.00000;0.00000;0.00001;0.00001;0.00002;0.00001;0.00001;0.00000;0.00001;0.00000;0.00000;0.00007;0.00001;0.00001;0.00004;0.00002;0.00001;0.00003;0.00023;0.00003;0.00007;0.00001;0.00002;0.00001;0.00001;0.00047;0.00000;0.00000;0.00001;0.00000;0.00021;0.00043;0.00012;0.00005;0.00004;0.00001;0.00001;0.00007;0.00017;0.00014;0.00017;0.00005;0.00002;0.00069;0.00000;0.00023;0.00010;0.00009;0.00029;0.00016;0.00000;0.00034;0.00042;0.00002;0.00003;0.00001;0.00004;0.00012;0.00052;0.00037;0.00024;0.00034;0.00000;0.00000;0.00035;0.00028;0.00006;0.00006;0.00003;0.00002;0.00056;0.00001;0.00004;0.00003;0.00018;0.00002;0.00004;0.00000;0.00002;0.00002;0.00003;0.00022;0.00005;0.00043;0.00028;0.00032;0.00003;0.00059;0.00003;0.00002;0.00001;0.00043;0.00048;0.00037;0.00013;0.00017;0.00028;0.00006;0.00008;0.00008;0.00009;0.00009;0.00001;0.00004;0.00000;0.00005;0.00002;0.00002;0.00001;0.00004;0.00005;0.00005;0.00008;0.00003;0.00000;0.00000;0.00000;0.00000;0.00007;0.00024;0.00001;0.00001;0.00005;0.00003;0.00000;0.00003;0.00002;0.00000;0.00001;0.00001;0.00000;0.00000;0.00001;0.00000;0.00000;0.00003;0.00002;0.00001;0.00002;0.00001;0.00003;0.00017;0.00018;0.00017;0.00007;0.00027;0.00016;0.00015;0.00009;0.00003;0.00003;0.00002;0.00004;0.00004;0.00000;0.00000;0.00002;0.00012;0.00010;0.00001;0.00001;0.00002;0.00003;0.00003;0.00001;0.00000;0.00001;0.00001;0.00002;0.00010;0.00003;0.00002;0.00009;0.00000;0.00006;0.00004;0.00003;0.00003;0.00003;0.00038;0.00013;0.00001;0.00003;0.00003;0.00002;0.00000;0.00000;0.00001;0.00004;0.00000;0.00004;0.00012;0.00003;0.00004;0.00000;0.00004;0.00006;0.00000;0.00002;0.00001;0.00001;0.00000;0.00000;0.00000;0.00003;0.00001;0.00002;0.00008;0.00003;0.00001;0.00001;0.00001;0.00001;0.00002;0.00001;0.00002;0.00001;0.00000;0.00031;0.00028;0.00003;0.00005;0.00003;0.00000;0.00001;0.00000;0.00000;0.00012;0.00016;0.00000;0.00000;0.00000;0.00000;0.00000;0.00003;0.00000;0.00000;0.00002;0.00002;0.00008;0.00003;0.00000;0.00000;0.00000;0.00001;0.00002;0.00002;0.00006;0.00008;0.00000;0.00000;0.00008;0.00000;0.00000;0.00000;0.00005;0.00007;0.00000;0.00004;0.00007;0.00002;0.00002;0.00001;0.00001;0.00012;0.00014;0.00003;0.00067;0.00096;0.00003;0.00018;0.00030;0.00005;0.00008;0.00011;0.00027;0.00015;0.00019;0.00004;0.00033;0.00016;0.00004;0.00002;0.00052;0.00006;0.00009;0.00014;0.00000;0.00016;0.00005;0.00004;0.00002;0.00016;0.00002;0.00017;0.00000;0.00000;0.00000;0.00000;0.00001;0.00072;0.00007;0.00008;0.00000;0.00000;0.00046;0.00001;0.00001;0.00002;0.00002;0.00001;0.00000;0.00004;0.00001;0.00002;0.00002;0.00001;0.00001;0.00038;0.00002;0.00018;0.00003;0.00005;0.00009;0.00005;0.00006;0.00001;0.00001;0.00001;0.00013;0.00006;0.00000;0.00000;0.00006;0.00001;0.00000;0.00001;0.00004;0.00000;0.00009;0.00018;0.00095;0.00003;0.00001;0.00000;0.00001;0.00000;0.00064;0.00000;0.00001;0.00002;0.00001;0.00001;0.00002;0.00000;0.00000;0.00002;0.00003;0.00008;0.00003;0.00001;0.00000;0.00000
2020-05-28 00:00;0.00001;0.00012;0.00000;0.00002;0.00000;0.00000;0.00000;0.00001;0.00000;0.00000;0.00003;0.00000;0.00005;0.00000;0.00000;0.00000;0.00006;0.00002;0.00001;0.00001;0.00000;0.00000;0.00000;0.00001;0.00001;0.00002;0.00000;0.00000;0.00000;0.00001;0.00002;0.00000;0.00007;0.00000;0.00001;0.00001;0.00000;0.00001;0.00000;0.00001;0.00004;0.00004;0.00000;0.00001;0.00000;0.00000;0.00000;0.00000;0.00003;0.00000;0.00000;0.00000;0.00000;0.00001;0.00000;0.00002;0.00000;0.00002;0.00000;0.00000;0.00000;0.00000;0.00000;0.00004;0.00000;0.00000;0.00000;0.00000;0.00000;0.00012;0.00000;0.00000;0.00000;0.00000;0.00005;0.00000;0.00000;0.00001;0.00001;0.00003;0.00000;0.00000;0.00001;0.00005;0.00003;0.00000;0.00002;0.00002;0.00000;0.00000;0.00001;0.00000;0.00005;0.00006;0.00000;0.00000;0.00003;0.00001;0.00007;0.00006;0.00326;0.00026;0.00001;0.00000;0.00001;0.00000;0.00001;0.00078;0.00002;0.00001;0.00001;0.00001;0.00001;0.00002;0.00001;0.00001;0.00000;0.00000;0.00001;0.00001;0.00001;0.00000;0.00001;0.00000;0.00000;0.00002;0.00000;0.00002;0.00000;0.00000;0.00001;0.00004;0.00000;0.00000;0.00001;0.00001;0.00002;0.00001;0.00001;0.00000;0.00001;0.00000;0.00000;0.00007;0.00001;0.00001;0.00004;0.00002;0.00001;0.00003;0.00023;0.00003;0.00007;0.00001;0.00002;0.00001;0.00001;0.00048;0.00000;0.00000;0.00001;0.00000;0.00021;0.00043;0.00012;0.00005;0.00004;0.00001;0.00001;0.00008;0.00017;0.00018;0.00024;0.00008;0.00002;0.00074;0.00000;0.00015;0.00010;0.00010;0.00031;0.00017;0.00000;0.00037;0.00042;0.00002;0.00003;0.00001;0.00005;0.00021;0.00059;0.00032;0.00026;0.00040;0.00000;0.00000;0.00045;0.00029;0.00008;0.00006;0.00003;0.00002;0.00063;0.00001;0.00006;0.00003;0.00019;0.00002;0.00004;0.00000;0.00002;0.00002;0.00003;0.00022;0.00005;0.00045;0.00036;0.00031;0.00002;0.00041;0.00003;0.00002;0.00001;0.00044;0.00038;0.00040;0.00015;0.00017;0.00029;0.00006;0.00009;0.00009;0.00009;0.00015;0.00001;0.00004;0.00000;0.00005;0.00002;0.00002;0.00001;0.00004;0.00005;0.00005;0.00008;0.00003;0.00000;0.00000;0.00000;0.00000;0.00008;0.00024;0.00001;0.00001;0.00005;0.00003;0.00000;0.00003;0.00002;0.00000;0.00001;0.00001;0.00000;0.00000;0.00001;0.00000;0.00000;0.00003;0.00002;0.00001;0.00002;0.00001;0.00003;0.00018;0.00023;0.00018;0.00007;0.00027;0.00016;0.00015;0.00009;0.00003;0.00003;0.00002;0.00004;0.00003;0.00000;0.00000;0.00002;0.00008;0.00010;0.00001;0.00001;0.00002;0.00003;0.00003;0.00001;0.00000;0.00001;0.00001;0.00003;0.00010;0.00003;0.00002;0.00015;0.00000;0.00006;0.00004;0.00003;0.00004;0.00004;0.00040;0.00013;0.00001;0.00003;0.00009;0.00002;0.00000;0.00000;0.00001;0.00004;0.00000;0.00004;0.00014;0.00003;0.00004;0.00000;0.00004;0.00006;0.00000;0.00004;0.00001;0.00001;0.00000;0.00000;0.00000;0.00002;0.00001;0.00002;0.00008;0.00003;0.00001;0.00001;0.00001;0.00001;0.00001;0.00001;0.00002;0.00001;0.00001;0.00038;0.00027;0.00005;0.00006;0.00003;0.00000;0.00001;0.00002;0.00000;0.00012;0.00016;0.00000;0.00000;0.00000;0.00000;0.00000;0.00011;0.00000;0.00000;0.00002;0.00002;0.00008;0.00003;0.00000;0.00000;0.00003;0.00001;0.00002;0.00001;0.00005;0.00008;0.00000;0.00000;0.00008;0.00000;0.00000;0.00001;0.00005;0.00006;0.00000;0.00005;0.00007;0.00002;0.00002;0.00001;0.00001;0.00011;0.00013;0.00003;0.00068;0.00096;0.00002;0.00018;0.00034;0.00018;0.00015;0.00011;0.00038;0.00016;0.00025;0.00004;0.00035;0.00020;0.00004;0.00004;0.00059;0.00006;0.00009;0.00018;0.00000;0.00015;0.00007;0.00004;0.00002;0.00008;0.00002;0.00017;0.00000;0.00000;0.00000;0.00000;0.00001;0.00071;0.00007;0.00008;0.00000;0.00000;0.00046;0.00001;0.00001;0.00002;0.00002;0.00001;0.00000;0.00004;0.00001;0.00002;0.00002;0.00001;0.00001;0.00038;0.00002;0.00012;0.00003;0.00005;0.00009;0.00005;0.00006;0.00001;0.00001;0.00001;0.00013;0.00006;0.00000;0.00000;0.00006;0.00001;0.00000;0.00001;0.00004;0.00000;0.00009;0.00017;0.00095;0.00003;0.00001;0.00000;0.00001;0.00000;0.00074;0.00000;0.00001;0.00002;0.00001;0.00001;0.00004;0.00000;0.00000;0.00002;0.00003;0.00008;0.00003;0.00001;0.00000;0.00000
2020-05-29 00:00;0.00001;0.00008;0.00000;0.00002;0.00000;0.00000;0.00000;0.00001;0.00000;0.00000;0.00003;0.00000;0.00005;0.00000;0.00000;0.00000;0.00004;0.00002;0.00001;0.00001;0.00000;0.00000;0.00000;0.00001;0.00001;0.00002;0.00000;0.00000;0.00000;0.00001;0.00002;0.00000;0.00007;0.00000;0.00001;0.00001;0.00000;0.00001;0.00000;0.00001;0.00003;0.00003;0.00000;0.00001;0.00000;0.00000;0.00000;0.00000;0.00003;0.00000;0.00000;0.00000;0.00000;0.00001;0.00000;0.00002;0.00000;0.00002;0.00000;0.00000;0.00000;0.00000;0.00000;0.00004;0.00000;0.00000;0.00000;0.00000;0.00000;0.00012;0.00000;0.00000;0.00000;0.00000;0.00005;0.00000;0.00000;0.00001;0.00001;0.00003;0.00000;0.00000;0.00001;0.00005;0.00003;0.00000;0.00002;0.00002;0.00000;0.00000;0.00000;0.00000;0.00005;0.00006;0.00000;0.00000;0.00003;0.00001;0.00007;0.00007;0.00324;0.00026;0.00001;0.00000;0.00001;0.00000;0.00001;0.00077;0.00002;0.00001;0.00001;0.00001;0.00001;0.00002;0.00001;0.00001;0.00000;0.00000;0.00001;0.00001;0.00001;0.00000;0.00001;0.00000;0.00000;0.00002;0.00000;0.00002;0.00000;0.00000;0.00001;0.00004;0.00000;0.00000;0.00001;0.00001;0.00002;0.00001;0.00001;0.00000;0.00001;0.00000;0.00000;0.00007;0.00001;0.00001;0.00004;0.00002;0.00001;0.00003;0.00023;0.00003;0.00007;0.00001;0.00001;0.00001;0.00001;0.00047;0.00000;0.00000;0.00001;0.00000;0.00021;0.00044;0.00013;0.00005;0.00004;0.00001;0.00001;0.00007;0.00017;0.00014;0.00017;0.00006;0.00002;0.00050;0.00000;0.00007;0.00012;0.00006;0.00028;0.00016;0.00000;0.00033;0.00036;0.00002;0.00003;0.00001;0.00004;0.00015;0.00054;0.00035;0.00023;0.00034;0.00000;0.00000;0.00035;0.00027;0.00006;0.00006;0.00003;0.00002;0.00059;0.00001;0.00004;0.00003;0.00018;0.00002;0.00004;0.00000;0.00002;0.00002;0.00003;0.00021;0.00005;0.00034;0.00029;0.00027;0.00003;0.00067;0.00003;0.00002;0.00000;0.00041;0.00042;0.00033;0.00012;0.00018;0.00027;0.00006;0.00008;0.00008;0.00009;0.00010;0.00001;0.00005;0.00000;0.00006;0.00005;0.00002;0.00002;0.00004;0.00013;0.00005;0.00008;0.00003;0.00000;0.00000;0.00000;0.00000;0.00007;0.00024;0.00001;0.00001;0.00005;0.00003;0.00002;0.00003;0.00002;0.00000;0.00001;0.00002;0.00000;0.00000;0.00001;0.00000;0.00000;0.00008;0.00002;0.00006;0.00002;0.00001;0.00006;0.00012;0.00019;0.00017;0.00007;0.00026;0.00016;0.00015;0.00009;0.00003;0.00003;0.00002;0.00008;0.00006;0.00000;0.00000;0.00002;0.00029;0.00032;0.00007;0.00001;0.00002;0.00009;0.00001;0.00001;0.00000;0.00001;0.00001;0.00002;0.00010;0.00005;0.00002;0.00011;0.00023;0.00006;0.00004;0.00003;0.00003;0.00003;0.00038;0.00013;0.00001;0.00002;0.00005;0.00002;0.00000;0.00002;0.00002;0.00004;0.00012;0.00004;0.00012;0.00003;0.00005;0.00011;0.00004;0.00003;0.00000;0.00002;0.00001;0.00001;0.00000;0.00000;0.00000;0.00002;0.00001;0.00002;0.00007;0.00006;0.00001;0.00001;0.00001;0.00001;0.00001;0.00001;0.00002;0.00001;0.00001;0.00031;0.00027;0.00002;0.00004;0.00003;0.00000;0.00001;0.00000;0.00000;0.00012;0.00016;0.00000;0.00000;0.00000;0.00000;0.00000;0.00005;0.00026;0.00000;0.00002;0.00002;0.00008;0.00003;0.00000;0.00001;0.00001;0.00001;0.00002;0.00003;0.00005;0.00008;0.00000;0.00000;0.00070;0.00001;0.00001;0.00000;0.00005;0.00007;0.00004;0.00004;0.00007;0.00005;0.00002;0.00001;0.00001;0.00011;0.00013;0.00003;0.00061;0.00094;0.00002;0.00017;0.00030;0.00008;0.00010;0.00010;0.00030;0.00014;0.00019;0.00005;0.00032;0.00016;0.00004;0.00002;0.00054;0.00006;0.00008;0.00014;0.00000;0.00013;0.00005;0.00004;0.00001;0.00002;0.00002;0.00017;0.00000;0.00000;0.00000;0.00000;0.00001;0.00071;0.00007;0.00008;0.00000;0.00000;0.00045;0.00001;0.00001;0.00002;0.00002;0.00001;0.00000;0.00004;0.00001;0.00002;0.00002;0.00001;0.00001;0.00038;0.00002;0.00012;0.00003;0.00005;0.00009;0.00005;0.00006;0.00001;0.00001;0.00001;0.00013;0.00006;0.00000;0.00000;0.00006;0.00001;0.00000;0.00001;0.00004;0.00000;0.00009;0.00017;0.00094;0.00003;0.00001;0.00000;0.00001;0.00000;0.00071;0.00000;0.00001;0.00002;0.00000;0.00001;0.00002;0.00000;0.00000;0.00002;0.00004;0.00008;0.00003;0.00001;0.00000;0.00000
2020-05-30 00:00;0.00001;0.00004;0.00000;0.00002;0.00000;0.00000;0.00000;0.00001;0.00000;0.00000;0.00004;0.00000;0.00005;0.00000;0.00000;0.00000;0.00004;0.00002;0.00001;0.00001;0.00000;0.00000;0.00000;0.00001;0.00001;0.00004;0.00000;0.00000;0.00000;0.00001;0.00002;0.00000;0.00007;0.00000;0.00001;0.00001;0.00000;0.00001;0.00000;0.00001;0.00003;0.00003;0.00000;0.00001;0.00000;0.00000;0.00000;0.00000;0.00003;0.00000;0.00000;0.00000;0.00000;0.00001;0.00000;0.00002;0.00000;0.00002;0.00000;0.00000;0.00000;0.00000;0.00000;0.00004;0.00000;0.00000;0.00000;0.00000;0.00000;0.00013;0.00000;0.00000;0.00000;0.00000;0.00005;0.00000;0.00000;0.00001;0.00001;0.00003;0.00000;0.00000;0.00001;0.00005;0.00003;0.00000;0.00002;0.00002;0.00000;0.00000;0.00000;0.00000;0.00005;0.00006;0.00000;0.00000;0.00003;0.00001;0.00007;0.00006;0.00323;0.00026;0.00001;0.00000;0.00001;0.00000;0.00001;0.00077;0.00002;0.00001;0.00001;0.00001;0.00001;0.00002;0.00001;0.00001;0.00000;0.00000;0.00001;0.00001;0.00001;0.00000;0.00001;0.00000;0.00000;0.00002;0.00000;0.00002;0.00000;0.00000;0.00001;0.00004;0.00000;0.00000;0.00001;0.00001;0.00002;0.00001;0.00001;0.00000;0.00001;0.00000;0.00000;0.00007;0.00001;0.00001;0.00004;0.00002;0.00001;0.00003;0.00023;0.00003;0.00007;0.00001;0.00001;0.00001;0.00001;0.00049;0.00000;0.00000;0.00001;0.00000;0.00021;0.00043;0.00012;0.00005;0.00004;0.00001;0.00001;0.00009;0.00017;0.00019;0.00027;0.00011;0.00002;0.00034;0.00000;0.00011;0.00010;0.00005;0.00033;0.00017;0.00000;0.00038;0.00033;0.00002;0.00003;0.00001;0.00005;0.00023;0.00067;0.00032;0.00026;0.00042;0.00000;0.00000;0.00049;0.00029;0.00008;0.00006;0.00003;0.00002;0.00070;0.00001;0.00006;0.00004;0.00018;0.00002;0.00004;0.00000;0.00002;0.00002;0.00003;0.00021;0.00004;0.00027;0.00045;0.00025;0.00002;0.00059;0.00003;0.00002;0.00000;0.00043;0.00037;0.00040;0.00016;0.00017;0.00030;0.00006;0.00010;0.00010;0.00009;0.00018;0.00001;0.00004;0.00000;0.00005;0.00003;0.00002;0.00001;0.00004;0.00008;0.00005;0.00008;0.00003;0.00000;0.00000;0.00000;0.00000;0.00011;0.00023;0.00001;0.00001;0.00005;0.00003;0.00001;0.00003;0.00002;0.00000;0.00001;0.00001;0.00000;0.00000;0.00001;0.00000;0.00000;0.00006;0.00002;0.00004;0.00001;0.00001;0.00004;0.00008;0.00029;0.00019;0.00007;0.00027;0.00017;0.00015;0.00010;0.00003;0.00003;0.00002;0.00005;0.00005;0.00000;0.00000;0.00002;0.00023;0.00019;0.00004;0.00001;0.00002;0.00005;0.00001;0.00001;0.00000;0.00001;0.00001;0.00003;0.00010;0.00003;0.00002;0.00027;0.00011;0.00006;0.00004;0.00003;0.00006;0.00005;0.00043;0.00014;0.00001;0.00002;0.00019;0.00002;0.00000;0.00001;0.00001;0.00004;0.00007;0.00004;0.00015;0.00003;0.00004;0.00005;0.00004;0.00003;0.00000;0.00004;0.00001;0.00001;0.00000;0.00000;0.00000;0.00002;0.00001;0.00002;0.00007;0.00004;0.00001;0.00001;0.00001;0.00001;0.00001;0.00001;0.00002;0.00001;0.00003;0.00041;0.00027;0.00007;0.00004;0.00003;0.00000;0.00001;0.00004;0.00000;0.00013;0.00016;0.00000;0.00000;0.00000;0.00000;0.00000;0.00020;0.00011;0.00000;0.00002;0.00002;0.00008;0.00003;0.00000;0.00000;0.00007;0.00001;0.00002;0.00002;0.00005;0.00008;0.00000;0.00000;0.00040;0.00000;0.00001;0.00002;0.00005;0.00006;0.00002;0.00005;0.00007;0.00004;0.00002;0.00001;0.00001;0.00011;0.00013;0.00003;0.00057;0.00095;0.00002;0.00017;0.00037;0.00030;0.00023;0.00011;0.00044;0.00016;0.00028;0.00005;0.00037;0.00022;0.00004;0.00005;0.00065;0.00006;0.00010;0.00019;0.00000;0.00011;0.00008;0.00004;0.00001;0.00006;0.00002;0.00017;0.00000;0.00000;0.00000;0.00000;0.00001;0.00071;0.00007;0.00008;0.00000;0.00000;0.00045;0.00001;0.00001;0.00002;0.00002;0.00001;0.00000;0.00004;0.00001;0.00002;0.00002;0.00001;0.00001;0.00038;0.00002;0.00012;0.00003;0.00005;0.00009;0.00005;0.00006;0.00001;0.00001;0.00001;0.00013;0.00005;0.00000;0.00000;0.00006;0.00001;0.00000;0.00001;0.00004;0.00000;0.00009;0.00017;0.00094;0.00003;0.00001;0.00000;0.00001;0.00000;0.00086;0.00000;0.00001;0.00002;0.00000;0.00001;0.00003;0.00000;0.00000;0.00002;0.00004;0.00008;0.00003;0.00001;0.00000;0.00000
2020-05-31 00:00;0.00001;0.00002;0.00000;0.00002;0.00000;0.00000;0.00000;0.00001;0.00000;0.00000;0.00003;0.00000;0.00005;0.00000;0.00000;0.00000;0.00003;0.00002;0.00001;0.00001;0.00000;0.00000;0.00000;0.00001;0.00001;0.00003;0.00000;0.00000;0.00000;0.00001;0.00007;0.00000;0.00007;0.00000;0.00001;0.00001;0.00000;0.00001;0.00000;0.00001;0.00004;0.00005;0.00000;0.00001;0.00000;0.00000;0.00000;0.00000;0.00004;0.00000;0.00000;0.00000;0.00000;0.00001;0.00000;0.00002;0.00000;0.00002;0.00000;0.00000;0.00000;0.00000;0.00000;0.00004;0.00000;0.00000;0.00000;0.00000;0.00000;0.00012;0.00000;0.00000;0.00000;0.00000;0.00005;0.00000;0.00000;0.00001;0.00001;0.00003;0.00000;0.00000;0.00001;0.00005;0.00003;0.00000;0.00002;0.00002;0.00000;0.00000;0.00000;0.00000;0.00005;0.00006;0.00000;0.00000;0.00003;0.00001;0.00009;0.00010;0.00323;0.00027;0.00001;0.00000;0.00001;0.00000;0.00001;0.00077;0.00002;0.00001;0.00001;0.00001;0.00001;0.00002;0.00001;0.00001;0.00000;0.00000;0.00001;0.00001;0.00001;0.00000;0.00001;0.00000;0.00000;0.00002;0.00000;0.00002;0.00000;0.00000;0.00001;0.00004;0.00000;0.00000;0.00001;0.00001;0.00002;0.00001;0.00001;0.00000;0.00001;0.00000;0.00000;0.00007;0.00001;0.00001;0.00004;0.00002;0.00001;0.00003;0.00023;0.00003;0.00007;0.00001;0.00001;0.00001;0.00001;0.00048;0.00000;0.00000;0.00001;0.00000;0.00021;0.00047;0.00013;0.00005;0.00004;0.00001;0.00001;0.00008;0.00016;0.00015;0.00018;0.00007;0.00002;0.00017;0.00000;0.00007;0.00011;0.00002;0.00029;0.00016;0.00001;0.00034;0.00028;0.00002;0.00003;0.00001;0.00004;0.00019;0.00058;0.00033;0.00024;0.00035;0.00000;0.00000;0.00037;0.00027;0.00006;0.00006;0.00003;0.00002;0.00064;0.00001;0.00004;0.00003;0.00018;0.00002;0.00004;0.00000;0.00002;0.00002;0.00003;0.00021;0.00004;0.00023;0.00033;0.00023;0.00003;0.00067;0.00003;0.00002;0.00000;0.00043;0.00042;0.00040;0.00013;0.00018;0.00028;0.00006;0.00008;0.00008;0.00009;0.00019;0.00001;0.00006;0.00000;0.00007;0.00011;0.00002;0.00004;0.00004;0.00023;0.00005;0.00008;0.00004;0.00000;0.00000;0.00000;0.00000;0.00008;0.00025;0.00001;0.00001;0.00006;0.00004;0.00004;0.00003;0.00002;0.00000;0.00003;0.00003;0.00000;0.00000;0.00001;0.00000;0.00000;0.00017;0.00002;0.00014;0.00001;0.00001;0.00011;0.00007;0.00031;0.00018;0.00007;0.00026;0.00016;0.00016;0.00009;0.00003;0.00004;0.00002;0.00016;0.00014;0.00000;0.00000;0.00002;0.00073;0.00071;0.00017;0.00001;0.00002;0.00016;0.00001;0.00001;0.00000;0.00001;0.00001;0.00002;0.00012;0.00007;0.00003;0.00017;0.00051;0.00006;0.00005;0.00003;0.00003;0.00004;0.00040;0.00013;0.00001;0.00002;0.00011;0.00002;0.00000;0.00004;0.00002;0.00004;0.00030;0.00005;0.00013;0.00003;0.00007;0.00031;0.00004;0.00003;0.00000;0.00004;0.00001;0.00001;0.00000;0.00000;0.00000;0.00002;0.00001;0.00002;0.00005;0.00010;0.00001;0.00001;0.00001;0.00001;0.00001;0.00001;0.00002;0.00001;0.00001;0.00038;0.00027;0.00003;0.00004;0.00003;0.00000;0.00001;0.00001;0.00000;0.00012;0.00016;0.00000;0.00001;0.00001;0.00001;0.00004;0.00012;0.00069;0.00001;0.00002;0.00003;0.00008;0.00003;0.00000;0.00007;0.00002;0.00001;0.00002;0.00003;0.00005;0.00008;0.00000;0.00001;0.00149;0.00004;0.00003;0.00000;0.00006;0.00007;0.00012;0.00004;0.00008;0.00010;0.00002;0.00001;0.00001;0.00011;0.00013;0.00003;0.00051;0.00093;0.00002;0.00017;0.00031;0.00013;0.00014;0.00010;0.00041;0.00014;0.00020;0.00006;0.00032;0.00016;0.00004;0.00002;0.00058;0.00006;0.00009;0.00018;0.00000;0.00011;0.00006;0.00004;0.00001;0.00004;0.00002;0.00017;0.00000;0.00000;0.00000;0.00000;0.00001;0.00070;0.00007;0.00008;0.00000;0.00000;0.00045;0.00001;0.00001;0.00002;0.00002;0.00001;0.00000;0.00004;0.00001;0.00002;0.00002;0.00001;0.00001;0.00038;0.00002;0.00014;0.00003;0.00005;0.00009;0.00005;0.00006;0.00001;0.00001;0.00001;0.00013;0.00005;0.00000;0.00000;0.00006;0.00001;0.00000;0.00001;0.00004;0.00000;0.00009;0.00017;0.00094;0.00003;0.00001;0.00000;0.00001;0.00000;0.00080;0.00000;0.00001;0.00003;0.00000;0.00001;0.00002;0.00000;0.00000;0.00002;0.00004;0.00008;0.00003;0.00001;0.00000;0.00000
2020-06-01 00:00;0.00001;0.00007;0.00000;0.00003;0.00000;0.00000;0.00000;0.00001;0.00000;0.00000;0.00007;0.00000;0.00005;0.00000;0.00000;0.00000;0.00004;0.00002;0.00001;0.00001;0.00000;0.00000;0.00000;0.00001;0.00001;0.00014;0.00000;0.00000;0.00000;0.00001;0.00004;0.00000;0.00007;0.00000;0.00001;0.00001;0.00000;0.00001;0.00000;0.00001;0.00003;0.00004;0.00000;0.00001;0.00000;0.00000;0.00000;0.00000;0.00004;0.00000;0.00000;0.00000;0.00000;0.00001;0.00000;0.00002;0.00000;0.00002;0.00000;0.00000;0.00000;0.00000;0.00000;0.00004;0.00000;0.00000;0.00000;0.00000;0.00000;0.00018;0.00000;0.00000;0.00000;0.00000;0.00005;0.00000;0.00000;0.00001;0.00001;0.00003;0.00000;0.00000;0.00001;0.00005;0.00003;0.00000;0.00002;0.00002;0.00000;0.00000;0.00000;0.00000;0.00005;0.00006;0.00000;0.00000;0.00003;0.00001;0.00007;0.00013;0.00331;0.00031;0.00001;0.00000;0.00001;0.00000;0.00001;0.00078;0.00002;0.00001;0.00001;0.00001;0.00001;0.00002;0.00001;0.00001;0.00000;0.00000;0.00001;0.00001;0.00001;0.00000;0.00001;0.00000;0.00000;0.00002;0.00000;0.00002;0.00000;0.00000;0.00001;0.00004;0.00000;0.00000;0.00001;0.00001;0.00002;0.00001;0.00001;0.00000;0.00001;0.00000;0.00000;0.00007;0.00001;0.00001;0.00004;0.00002;0.00001;0.00003;0.00023;0.00003;0.00007;0.00001;0.00001;0.00001;0.00001;0.00059;0.00000;0.00000;0.00001;0.00000;0.00021;0.00052;0.00016;0.00005;0.00004;0.00001;0.00001;0.00018;0.00017;0.00019;0.00040;0.00010;0.00002;0.00040;0.00000;0.00015;0.00025;0.00006;0.00033;0.00019;0.00000;0.00045;0.00034;0.00002;0.00003;0.00001;0.00006;0.00036;0.00077;0.00041;0.00027;0.00048;0.00000;0.00000;0.00053;0.00030;0.00008;0.00006;0.00003;0.00002;0.00078;0.00001;0.00007;0.00004;0.00024;0.00002;0.00004;0.00000;0.00002;0.00002;0.00003;0.00021;0.00004;0.00033;0.00050;0.00026;0.00004;0.00127;0.00003;0.00002;0.00000;0.00046;0.00047;0.00046;0.00016;0.00018;0.00029;0.00006;0.00011;0.00011;0.00009;0.00034;0.00001;0.00005;0.00000;0.00006;0.00004;0.00002;0.00002;0.00004;0.00013;0.00005;0.00009;0.00003;0.00000;0.00000;0.00000;0.00000;0.00012;0.00024;0.00001;0.00001;0.00005;0.00003;0.00005;0.00003;0.00002;0.00000;0.00002;0.00002;0.00000;0.00000;0.00001;0.00000;0.00000;0.00010;0.00002;0.00009;0.00002;0.00001;0.00005;0.00012;0.00030;0.00019;0.00007;0.00027;0.00016;0.00015;0.00011;0.00003;0.00003;0.00002;0.00009;0.00010;0.00000;0.00000;0.00002;0.00052;0.00036;0.00010;0.00001;0.00002;0.00009;0.00001;0.00001;0.00000;0.00001;0.00001;0.00003;0.00011;0.00004;0.00002;0.00023;0.00025;0.00006;0.00004;0.00003;0.00005;0.00006;0.00043;0.00014;0.00001;0.00003;0.00019;0.00002;0.00000;0.00001;0.00001;0.00004;0.00017;0.00004;0.00015;0.00003;0.00004;0.00014;0.00004;0.00005;0.00000;0.00017;0.00001;0.00001;0.00000;0.00000;0.00000;0.00002;0.00001;0.00002;0.00007;0.00006;0.00001;0.00001;0.00001;0.00001;0.00001;0.00001;0.00002;0.00001;0.00003;0.00053;0.00027;0.00006;0.00004;0.00003;0.00000;0.00001;0.00005;0.00000;0.00013;0.00016;0.00000;0.00000;0.00000;0.00000;0.00000;0.00031;0.00030;0.00000;0.00002;0.00003;0.00008;0.00003;0.00000;0.00002;0.00010;0.00001;0.00002;0.00007;0.00005;0.00008;0.00000;0.00000;0.00082;0.00001;0.00001;0.00004;0.00005;0.00006;0.00005;0.00005;0.00007;0.00006;0.00002;0.00001;0.00001;0.00012;0.00013;0.00003;0.00057;0.00096;0.00002;0.00018;0.00042;0.00039;0.00020;0.00011;0.00081;0.00017;0.00037;0.00005;0.00039;0.00023;0.00005;0.00007;0.00073;0.00006;0.00012;0.00035;0.00000;0.00013;0.00011;0.00005;0.00001;0.00009;0.00002;0.00017;0.00000;0.00000;0.00000;0.00000;0.00001;0.00070;0.00007;0.00008;0.00000;0.00000;0.00046;0.00001;0.00001;0.00002;0.00002;0.00001;0.00000;0.00004;0.00001;0.00002;0.00002;0.00001;0.00001;0.00038;0.00002;0.00014;0.00003;0.00005;0.00009;0.00005;0.00006;0.00001;0.00001;0.00001;0.00013;0.00006;0.00000;0.00000;0.00006;0.00001;0.00000;0.00001;0.00004;0.00000;0.00009;0.00017;0.00095;0.00003;0.00001;0.00000;0.00001;0.00000;0.00209;0.00000;0.00001;0.00009;0.00000;0.00001;0.00015;0.00000;0.00000;0.00002;0.00008;0.00008;0.00003;0.00001;0.00000;0.00000
2020-06-02 00:00;0.00001;0.00011;0.00000;0.00003;0.00000;0.00000;0.00000;0.00001;0.00000;0.00000;0.00004;0.00000;0.00006;0.00000;0.00000;0.00000;0.00005;0.00002;0.00001;0.00001;0.00000;0.00000;0.00000;0.00001;0.00001;0.00007;0.00000;0.00000;0.00000;0.00001;0.00002;0.00000;0.00007;0.00000;0.00001;0.00001;0.00000;0.00001;0.00000;0.00001;0.00003;0.00004;0.00000;0.00001;0.00000;0.00000;0.00000;0.00000;0.00003;0.00000;0.00000;0.00000;0.00000;0.00001;0.00000;0.00002;0.00000;0.00002;0.00000;0.00000;0.00000;0.00000;0.00000;0.00004;0.00000;0.00000;0.00000;0.00000;0.00000;0.00014;0.00000;0.00000;0.00000;0.00000;0.00005;0.00000;0.00000;0.00001;0.00001;0.00003;0.00000;0.00000;0.00001;0.00005;0.00003;0.00000;0.00002;0.00002;0.00000;0.00000;0.00000;0.00000;0.00005;0.00006;0.00000;0.00000;0.00003;0.00001;0.00007;0.00008;0.00333;0.00029;0.00001;0.00000;0.00001;0.00000;0.00001;0.00078;0.00002;0.00001;0.00001;0.00001;0.00001;0.00002;0.00001;0.00001;0.00000;0.00000;0.00001;0.00001;0.00001;0.00000;0.00001;0.00000;0.00000;0.00002;0.00000;0.00002;0.00000;0.00000;0.00001;0.00004;0.00000;0.00000;0.00001;0.00001;0.00002;0.00001;0.00001;0.00000;0.00001;0.00000;0.00000;0.00007;0.00001;0.00001;0.00004;0.00002;0.00001;0.00003;0.00023;0.00003;0.00007;0.00001;0.00001;0.00001;0.00001;0.00056;0.00000;0.00000;0.00001;0.00000;0.00021;0.00048;0.00013;0.00005;0.00004;0.00001;0.00001;0.00015;0.00017;0.00015;0.00022;0.00007;0.00002;0.00056;0.00000;0.00012;0.00017;0.00008;0.00030;0.00016;0.00000;0.00036;0.00037;0.00002;0.00003;0.00001;0.00004;0.00030;0.00065;0.00037;0.00024;0.00038;0.00000;0.00000;0.00039;0.00028;0.00006;0.00006;0.00003;0.00002;0.00070;0.00001;0.00005;0.00003;0.00029;0.00002;0.00004;0.00000;0.00002;0.00002;0.00003;0.00021;0.00004;0.00041;0.00035;0.00027;0.00002;0.00091;0.00003;0.00002;0.00000;0.00042;0.00039;0.00034;0.00013;0.00017;0.00028;0.00006;0.00009;0.00008;0.00009;0.00018;0.00001;0.00005;0.00000;0.00006;0.00005;0.00002;0.00002;0.00004;0.00014;0.00005;0.00008;0.00003;0.00000;0.00000;0.00000;0.00000;0.00008;0.00024;0.00001;0.00001;0.00005;0.00003;0.00002;0.00003;0.00002;0.00000;0.00001;0.00002;0.00000;0.00000;0.00001;0.00000;0.00000;0.00008;0.00002;0.00007;0.00001;0.00001;0.00007;0.00014;0.00021;0.00017;0.00007;0.00026;0.00016;0.00015;0.00010;0.00003;0.00003;0.00002;0.00008;0.00006;0.00000;0.00000;0.00002;0.00038;0.00037;0.00008;0.00001;0.00002;0.00009;0.00002;0.00001;0.00000;0.00001;0.00001;0.00003;0.00010;0.00005;0.00002;0.00015;0.00025;0.00006;0.00004;0.00003;0.00003;0.00004;0.00040;0.00013;0.00001;0.00002;0.00010;0.00002;0.00000;0.00002;0.00002;0.00004;0.00013;0.00004;0.00012;0.00003;0.00005;0.00012;0.00004;0.00006;0.00000;0.00009;0.00001;0.00001;0.00000;0.00000;0.00000;0.00001;0.00001;0.00002;0.00007;0.00006;0.00001;0.00001;0.00001;0.00001;0.00001;0.00001;0.00002;0.00001;0.00001;0.00035;0.00027;0.00003;0.00005;0.00003;0.00000;0.00001;0.00001;0.00000;0.00012;0.00016;0.00000;0.00000;0.00000;0.00000;0.00000;0.00010;0.00031;0.00000;0.00002;0.00002;0.00008;0.00003;0.00000;0.00001;0.00003;0.00001;0.00002;0.00003;0.00005;0.00008;0.00000;0.00000;0.00080;0.00001;0.00001;0.00001;0.00005;0.00007;0.00004;0.00004;0.00007;0.00006;0.00002;0.00001;0.00001;0.00012;0.00013;0.00003;0.00061;0.00094;0.00002;0.00017;0.00032;0.00017;0.00012;0.00011;0.00053;0.00014;0.00022;0.00005;0.00033;0.00017;0.00004;0.00003;0.00064;0.00006;0.00009;0.00035;0.00000;0.00013;0.00007;0.00004;0.00001;0.00006;0.00002;0.00017;0.00000;0.00000;0.00000;0.00000;0.00001;0.00071;0.00007;0.00008;0.00000;0.00000;0.00045;0.00001;0.00001;0.00002;0.00002;0.00001;0.00000;0.00004;0.00001;0.00002;0.00002;0.00001;0.00001;0.00038;0.00002;0.00012;0.00003;0.00005;0.00009;0.00005;0.00006;0.00001;0.00001;0.00001;0.00013;0.00006;0.00000;0.00000;0.00006;0.00001;0.00000;0.00001;0.00004;0.00000;0.00009;0.00017;0.00096;0.00003;0.00001;0.00000;0.00001;0.00000;0.00182;0.00000;0.00001;0.00004;0.00000;0.00001;0.00040;0.00000;0.00000;0.00003;0.00005;0.00008;0.00003;0.00001;0.00000;0.00000
2020-06-03 00:00;0.00001;0.00012;0.00000;0.00002;0.00000;0.00000;0.00000;0.00001;0.00000;0.00000;0.00003;0.00000;0.00006;0.00000;0.00000;0.00000;0.00005;0.00002;0.00001;0.00001;0.00000;0.00000;0.00000;0.00001;0.00001;0.00004;0.00000;0.00000;0.00000;0.00001;0.00002;0.00000;0.00007;0.00000;0.00001;0.00001;0.00000;0.00001;0.00000;0.00001;0.00003;0.00003;0.00000;0.00001;0.00000;0.00000;0.00000;0.00000;0.00003;0.00000;0.00000;0.00000;0.00000;0.00001;0.00000;0.00002;0.00000;0.00002;0.00000;0.00000;0.00000;0.00000;0.00000;0.00004;0.00000;0.00000;0.00000;0.00000;0.00000;0.00013;0.00000;0.00000;0.00000;0.00000;0.00005;0.00000;0.00000;0.00001;0.00001;0.00003;0.00000;0.00000;0.00001;0.00005;0.00003;0.00000;0.00002;0.00002;0.00000;0.00000;0.00000;0.00000;0.00005;0.00006;0.00000;0.00000;0.00003;0.00001;0.00007;0.00010;0.00327;0.00028;0.00001;0.00000;0.00001;0.00000;0.00001;0.00077;0.00002;0.00001;0.00001;0.00001;0.00001;0.00002;0.00001;0.00001;0.00000;0.00000;0.00001;0.00001;0.00001;0.00000;0.00001;0.00000;0.00000;0.00002;0.00000;0.00002;0.00000;0.00000;0.00001;0.00004;0.00000;0.00000;0.00001;0.00001;0.00002;0.00001;0.00001;0.00000;0.00001;0.00000;0.00000;0.00007;0.00001;0.00001;0.00004;0.00002;0.00001;0.00003;0.00023;0.00003;0.00007;0.00001;0.00001;0.00001;0.00001;0.00050;0.00000;0.00000;0.00001;0.00000;0.00021;0.00047;0.00013;0.00005;0.00004;0.00001;0.00001;0.00008;0.00017;0.00019;0.00027;0.00011;0.00002;0.00053;0.00000;0.00006;0.00011;0.00008;0.00032;0.00017;0.00000;0.00038;0.00036;0.00002;0.00003;0.00001;0.00005;0.00013;0.00065;0.00031;0.00026;0.00041;0.00000;0.00000;0.00048;0.00028;0.00008;0.00006;0.00003;0.00002;0.00070;0.00001;0.00006;0.00003;0.00023;0.00002;0.00004;0.00000;0.00002;0.00002;0.00003;0.00021;0.00004;0.00039;0.00042;0.00025;0.00003;0.00083;0.00003;0.00002;0.00000;0.00044;0.00043;0.00042;0.00015;0.00018;0.00029;0.00006;0.00009;0.00009;0.00009;0.00020;0.00001;0.00004;0.00000;0.00005;0.00003;0.00002;0.00001;0.00004;0.00009;0.00005;0.00008;0.00003;0.00000;0.00000;0.00000;0.00000;0.00010;0.00023;0.00001;0.00001;0.00005;0.00003;0.00003;0.00003;0.00002;0.00000;0.00001;0.00001;0.00000;0.00000;0.00001;0.00000;0.00000;0.00006;0.00002;0.00005;0.00001;0.00001;0.00004;0.00014;0.00028;0.00019;0.00007;0.00026;0.00016;0.00015;0.00010;0.00003;0.00003;0.00002;0.00006;0.00005;0.00000;0.00000;0.00002;0.00026;0.00021;0.00005;0.00001;0.00002;0.00005;0.00001;0.00001;0.00000;0.00001;0.00001;0.00003;0.00010;0.00003;0.00002;0.00021;0.00012;0.00006;0.00004;0.00003;0.00005;0.00004;0.00041;0.00013;0.00001;0.00002;0.00014;0.00002;0.00000;0.00001;0.00001;0.00004;0.00007;0.00004;0.00014;0.00003;0.00004;0.00005;0.00004;0.00005;0.00000;0.00002;0.00001;0.00001;0.00000;0.00000;0.00000;0.00002;0.00001;0.00002;0.00007;0.00004;0.00001;0.00001;0.00001;0.00001;0.00001;0.00001;0.00002;0.00001;0.00002;0.00041;0.00027;0.00006;0.00005;0.00003;0.00000;0.00001;0.00003;0.00000;0.00012;0.00016;0.00000;0.00000;0.00000;0.00000;0.00000;0.00017;0.00013;0.00000;0.00002;0.00002;0.00008;0.00003;0.00000;0.00000;0.00005;0.00001;0.00002;0.00004;0.00005;0.00008;0.00000;0.00000;0.00046;0.00000;0.00001;0.00002;0.00005;0.00006;0.00002;0.00005;0.00007;0.00004;0.00002;0.00001;0.00001;0.00011;0.00013;0.00003;0.00059;0.00094;0.00002;0.00017;0.00036;0.00025;0.00020;0.00011;0.00044;0.00016;0.00027;0.00005;0.00036;0.00021;0.00004;0.00005;0.00063;0.00006;0.00010;0.00015;0.00000;0.00011;0.00008;0.00004;0.00001;0.00002;0.00002;0.00017;0.00000;0.00000;0.00000;0.00000;0.00001;0.00071;0.00007;0.00008;0.00000;0.00000;0.00045;0.00001;0.00001;0.00002;0.00002;0.00001;0.00000;0.00004;0.00001;0.00002;0.00002;0.00001;0.00001;0.00038;0.00002;0.00013;0.00003;0.00005;0.00009;0.00005;0.00006;0.00001;0.00001;0.00001;0.00013;0.00006;0.00000;0.00000;0.00006;0.00001;0.00000;0.00001;0.00004;0.00000;0.00009;0.00017;0.00094;0.00003;0.00001;0.00000;0.00001;0.00000;0.00097;0.00000;0.00001;0.00003;0.00000;0.00001;0.00031;0.00000;0.00000;0.00002;0.00005;0.00008;0.00003;0.00001;0.00000;0.00000
2020-06-04 00:00;0.00001;0.00012;0.00000;0.00002;0.00000;0.00000;0.00000;0.00001;0.00000;0.00000;0.00003;0.00000;0.00005;0.00000;0.00000;0.00000;0.00006;0.00002;0.00001;0.00001;0.00000;0.00000;0.00000;0.00001;0.00001;0.00003;0.00000;0.00000;0.00000;0.00001;0.00002;0.00000;0.00007;0.00000;0.00001;0.00001;0.00000;0.00001;0.00000;0.00001;0.00003;0.00003;0.00000;0.00001;0.00000;0.00000;0.00000;0.00000;0.00003;0.00000;0.00000;0.00000;0.00000;0.00001;0.00000;0.00002;0.00000;0.00002;0.00000;0.00000;0.00000;0.00000;0.00000;0.00004;0.00000;0.00000;0.00000;0.00000;0.00000;0.00012;0.00000;0.00000;0.00000;0.00000;0.00005;0.00000;0.00000;0.00001;0.00001;0.00003;0.00000;0.00000;0.00001;0.00005;0.00003;0.00000;0.00002;0.00002;0.00000;0.00000;0.00000;0.00000;0.00005;0.00006;0.00000;0.00000;0.00003;0.00001;0.00007;0.00007;0.00327;0.00027;0.00001;0.00000;0.00001;0.00000;0.00001;0.00077;0.00002;0.00001;0.00001;0.00001;0.00001;0.00002;0.00001;0.00001;0.00000;0.00000;0.00001;0.00001;0.00001;0.00000;0.00001;0.00000;0.00000;0.00002;0.00000;0.00002;0.00000;0.00000;0.00001;0.00004;0.00000;0.00000;0.00001;0.00001;0.00002;0.00001;0.00001;0.00000;0.00001;0.00000;0.00000;0.00007;0.00001;0.00001;0.00004;0.00002;0.00001;0.00003;0.00023;0.00003;0.00007;0.00001;0.00001;0.00001;0.00001;0.00048;0.00000;0.00000;0.00001;0.00000;0.00021;0.00046;0.00012;0.00005;0.00004;0.00001;0.00001;0.00008;0.00017;0.00015;0.00018;0.00007;0.00002;0.00051;0.00000;0.00010;0.00011;0.00008;0.00029;0.00016;0.00000;0.00033;0.00034;0.00002;0.00003;0.00001;0.00004;0.00020;0.00057;0.00035;0.00023;0.00035;0.00000;0.00000;0.00036;0.00027;0.00006;0.00006;0.00003;0.00002;0.00062;0.00001;0.00004;0.00003;0.00018;0.00002;0.00004;0.00000;0.00002;0.00002;0.00003;0.00021;0.00004;0.00039;0.00032;0.00024;0.00002;0.00068;0.00003;0.00002;0.00000;0.00041;0.00038;0.00033;0.00012;0.00017;0.00027;0.00006;0.00008;0.00008;0.00009;0.00013;0.00001;0.00004;0.00000;0.00005;0.00003;0.00002;0.00001;0.00004;0.00009;0.00005;0.00008;0.00003;0.00000;0.00000;0.00000;0.00000;0.00007;0.00023;0.00001;0.00001;0.00005;0.00003;0.00001;0.00003;0.00002;0.00000;0.00001;0.00001;0.00000;0.00000;0.00001;0.00000;0.00000;0.00005;0.00002;0.00004;0.00001;0.00001;0.00005;0.00014;0.00021;0.00017;0.00007;0.00026;0.00016;0.00015;0.00009;0.00003;0.00003;0.00002;0.00006;0.00003;0.00000;0.00000;0.00002;0.00018;0.00021;0.00003;0.00001;0.00002;0.00006;0.00001;0.00001;0.00000;0.00001;0.00001;0.00002;0.00010;0.00004;0.00002;0.00014;0.00015;0.00006;0.00004;0.00003;0.00003;0.00003;0.00039;0.00013;0.00001;0.00002;0.00008;0.00002;0.00000;0.00001;0.00001;0.00004;0.00008;0.00004;0.00012;0.00003;0.00004;0.00006;0.00004;0.00003;0.00000;0.00004;0.00000;0.00001;0.00000;0.00000;0.00000;0.00001;0.00001;0.00002;0.00007;0.00005;0.00001;0.00001;0.00001;0.00001;0.00001;0.00001;0.00002;0.00001;0.00001;0.00032;0.00027;0.00003;0.00005;0.00003;0.00000;0.00001;0.00001;0.00000;0.00012;0.00016;0.00000;0.00000;0.00000;0.00000;0.00000;0.00006;0.00010;0.00000;0.00002;0.00002;0.00008;0.00003;0.00000;0.00000;0.00002;0.00001;0.00002;0.00002;0.00005;0.00008;0.00000;0.00000;0.00042;0.00001;0.00001;0.00000;0.00005;0.00006;0.00001;0.00004;0.00007;0.00004;0.00002;0.00001;0.00001;0.00011;0.00013;0.00003;0.00058;0.00093;0.00002;0.00017;0.00030;0.00011;0.00012;0.00010;0.00034;0.00014;0.00019;0.00005;0.00032;0.00016;0.00004;0.00002;0.00056;0.00006;0.00009;0.00017;0.00000;0.00012;0.00006;0.00004;0.00001;0.00005;0.00002;0.00017;0.00000;0.00000;0.00000;0.00000;0.00001;0.00071;0.00007;0.00008;0.00000;0.00000;0.00044;0.00001;0.00001;0.00002;0.00002;0.00001;0.00000;0.00004;0.00001;0.00002;0.00002;0.00001;0.00001;0.00038;0.00002;0.00012;0.00003;0.00005;0.00009;0.00005;0.00006;0.00001;0.00001;0.00001;0.00013;0.00006;0.00000;0.00000;0.00006;0.00001;0.00000;0.00001;0.00004;0.00000;0.00009;0.00017;0.00094;0.00003;0.00001;0.00000;0.00001;0.00000;0.00079;0.00000;0.00001;0.00002;0.00000;0.00001;0.00012;0.00000;0.00000;0.00002;0.00004;0.00008;0.00003;0.00001;0.00000;0.00000
2020-06-05 00:00;0.00001;0.00012;0.00000;0.00002;0.00000;0.00000;0.00000;0.00001;0.00000;0.00000;0.00003;0.00000;0.00005;0.00000;0.00000;0.00000;0.00006;0.00002;0.00001;0.00001;0.00000;0.00000;0.00000;0.00001;0.00001;0.00002;0.00000;0.00000;0.00000;0.00001;0.00002;0.00000;0.00007;0.00000;0.00001;0.00001;0.00000;0.00001;0.00000;0.00001;0.00003;0.00003;0.00000;0.00001;0.00000;0.00000;0.00000;0.00000;0.00003;0.00000;0.00000;0.00000;0.00000;0.00001;0.00000;0.00002;0.00000;0.00002;0.00000;0.00000;0.00000;0.00000;0.00000;0.00004;0.00000;0.00000;0.00000;0.00000;0.00000;0.00011;0.00000;0.00000;0.00000;0.00000;0.00005;0.00000;0.00000;0.00001;0.00001;0.00003;0.00000;0.00000;0.00001;0.00005;0.00003;0.00000;0.00002;0.00002;0.00000;0.00000;0.00000;0.00000;0.00005;0.00005;0.00000;0.00000;0.00003;0.00001;0.00007;0.00006;0.00323;0.00026;0.00001;0.00000;0.00001;0.00000;0.00001;0.00077;0.00002;0.00001;0.00001;0.00001;0.00001;0.00002;0.00001;0.00001;0.00000;0.00000;0.00001;0.00001;0.00001;0.00000;0.00001;0.00000;0.00000;0.00002;0.00000;0.00002;0.00000;0.00000;0.00001;0.00004;0.00000;0.00000;0.00001;0.00001;0.00002;0.00001;0.00001;0.00000;0.00001;0.00000;0.00000;0.00007;0.00001;0.00001;0.00004;0.00002;0.00001;0.00003;0.00023;0.00003;0.00007;0.00001;0.00001;0.00001;0.00001;0.00046;0.00000;0.00000;0.00001;0.00000;0.00020;0.00043;0.00012;0.00005;0.00004;0.00001;0.00001;0.00007;0.00017;0.00015;0.00020;0.00005;0.00002;0.00046;0.00000;0.00006;0.00010;0.00009;0.00028;0.00015;0.00000;0.00034;0.00033;0.00002;0.00003;0.00001;0.00004;0.00014;0.00050;0.00031;0.00024;0.00035;0.00000;0.00000;0.00039;0.00027;0.00007;0.00006;0.00003;0.00002;0.00055;0.00001;0.00005;0.00003;0.00018;0.00002;0.00004;0.00000;0.00002;0.00002;0.00003;0.00021;0.00004;0.00039;0.00029;0.00021;0.00003;0.00059;0.00003;0.00002;0.00000;0.00042;0.00039;0.00036;0.00013;0.00017;0.00027;0.00006;0.00008;0.00008;0.00009;0.00010;0.00001;0.00004;0.00000;0.00005;0.00002;0.00002;0.00001;0.00004;0.00007;0.00005;0.00008;0.00003;0.00000;0.00000;0.00000;0.00000;0.00006;0.00023;0.00001;0.00001;0.00005;0.00003;0.00000;0.00003;0.00002;0.00000;0.00001;0.00001;0.00000;0.00000;0.00001;0.00000;0.00000;0.00004;0.00002;0.00003;0.00001;0.00001;0.00003;0.00014;0.00018;0.00016;0.00007;0.00026;0.00015;0.00014;0.00009;0.00003;0.00003;0.00002;0.00005;0.00003;0.00000;0.00000;0.00002;0.00013;0.00014;0.00002;0.00001;0.00002;0.00004;0.00000;0.00001;0.00000;0.00001;0.00001;0.00002;0.00010;0.00003;0.00002;0.00010;0.00007;0.00006;0.00004;0.00003;0.00003;0.00003;0.00037;0.00013;0.00001;0.00002;0.00004;0.00002;0.00000;0.00000;0.00001;0.00004;0.00004;0.00004;0.00012;0.00003;0.00004;0.00003;0.00004;0.00002;0.00000;0.00002;0.00000;0.00001;0.00000;0.00000;0.00000;0.00002;0.00001;0.00002;0.00008;0.00004;0.00000;0.00001;0.00001;0.00001;0.00001;0.00001;0.00002;0.00001;0.00001;0.00032;0.00027;0.00004;0.00006;0.00003;0.00000;0.00001;0.00001;0.00000;0.00012;0.00016;0.00000;0.00000;0.00000;0.00000;0.00000;0.00005;0.00004;0.00000;0.00002;0.00002;0.00008;0.00003;0.00000;0.00000;0.00001;0.00001;0.00002;0.00002;0.00005;0.00008;0.00000;0.00000;0.00026;0.00000;0.00001;0.00000;0.00005;0.00006;0.00001;0.00004;0.00007;0.00003;0.00002;0.00001;0.00001;0.00011;0.00013;0.00003;0.00056;0.00092;0.00002;0.00017;0.00031;0.00009;0.00011;0.00011;0.00028;0.00015;0.00022;0.00004;0.00032;0.00018;0.00004;0.00003;0.00051;0.00006;0.00009;0.00014;0.00000;0.00011;0.00006;0.00004;0.00001;0.00002;0.00002;0.00017;0.00000;0.00000;0.00000;0.00000;0.00001;0.00071;0.00007;0.00008;0.00000;0.00000;0.00044;0.00001;0.00001;0.00002;0.00002;0.00001;0.00000;0.00004;0.00001;0.00002;0.00002;0.00001;0.00001;0.00038;0.00002;0.00012;0.00003;0.00005;0.00009;0.00005;0.00006;0.00001;0.00001;0.00001;0.00013;0.00006;0.00000;0.00000;0.00006;0.00001;0.00000;0.00001;0.00004;0.00000;0.00009;0.00017;0.00094;0.00003;0.00001;0.00000;0.00001;0.00000;0.00061;0.00000;0.00001;0.00002;0.00000;0.00001;0.00002;0.00000;0.00000;0.00002;0.00003;0.00008;0.00003;0.00001;0.00000;0.00000
2020-06-06 00:00;0.00001;0.00005;0.00000;0.00002;0.00000;0.00000;0.00000;0.00001;0.00000;0.00000;0.00003;0.00000;0.00005;0.00000;0.00000;0.00000;0.00004;0.00002;0.00001;0.00001;0.00000;0.00000;0.00000;0.00000;0.00001;0.00002;0.00000;0.00000;0.00000;0.00001;0.00003;0.00000;0.00007;0.00000;0.00001;0.00001;0.00000;0.00001;0.00000;0.00001;0.00003;0.00004;0.00000;0.00001;0.00000;0.00000;0.00000;0.00000;0.00004;0.00000;0.00000;0.00000;0.00000;0.00001;0.00000;0.00002;0.00000;0.00002;0.00000;0.00000;0.00000;0.00000;0.00000;0.00004;0.00000;0.00000;0.00000;0.00000;0.00000;0.00011;0.00000;0.00000;0.00000;0.00000;0.00005;0.00000;0.00000;0.00001;0.00001;0.00003;0.00000;0.00000;0.00001;0.00005;0.00003;0.00000;0.00002;0.00002;0.00000;0.00000;0.00000;0.00000;0.00005;0.00005;0.00000;0.00000;0.00003;0.00001;0.00008;0.00006;0.00321;0.00026;0.00001;0.00000;0.00001;0.00000;0.00001;0.00077;0.00002;0.00001;0.00001;0.00001;0.00001;0.00002;0.00001;0.00001;0.00000;0.00000;0.00001;0.00001;0.00001;0.00000;0.00001;0.00000;0.00000;0.00002;0.00000;0.00002;0.00000;0.00000;0.00001;0.00004;0.00000;0.00000;0.00001;0.00001;0.00002;0.00000;0.00001;0.00000;0.00001;0.00000;0.00000;0.00007;0.00001;0.00001;0.00004;0.00002;0.00001;0.00003;0.00023;0.00003;0.00007;0.00001;0.00001;0.00001;0.00001;0.00046;0.00000;0.00000;0.00001;0.00000;0.00020;0.00042;0.00012;0.00005;0.00004;0.00001;0.00001;0.00008;0.00016;0.00013;0.00016;0.00004;0.00002;0.00020;0.00000;0.00009;0.00011;0.00004;0.00026;0.00015;0.00000;0.00032;0.00027;0.00002;0.00003;0.00001;0.00004;0.00019;0.00048;0.00034;0.00022;0.00032;0.00000;0.00000;0.00032;0.00026;0.00006;0.00006;0.00003;0.00002;0.00051;0.00001;0.00004;0.00003;0.00017;0.00002;0.00004;0.00000;0.00002;0.00002;0.00003;0.00021;0.00004;0.00030;0.00026;0.00019;0.00002;0.00050;0.00003;0.00002;0.00000;0.00040;0.00036;0.00031;0.00012;0.00016;0.00026;0.00005;0.00008;0.00007;0.00009;0.00008;0.00001;0.00005;0.00000;0.00006;0.00006;0.00002;0.00002;0.00004;0.00014;0.00005;0.00007;0.00003;0.00000;0.00000;0.00000;0.00000;0.00006;0.00023;0.00001;0.00001;0.00005;0.00003;0.00000;0.00003;0.00002;0.00000;0.00002;0.00002;0.00000;0.00000;0.00001;0.00000;0.00000;0.00009;0.00002;0.00008;0.00001;0.00001;0.00007;0.00009;0.00017;0.00016;0.00007;0.00025;0.00015;0.00015;0.00009;0.00003;0.00003;0.00002;0.00009;0.00007;0.00000;0.00000;0.00002;0.00036;0.00038;0.00008;0.00001;0.00002;0.00009;0.00001;0.00001;0.00000;0.00001;0.00001;0.00002;0.00010;0.00005;0.00002;0.00008;0.00026;0.00006;0.00004;0.00003;0.00003;0.00003;0.00036;0.00012;0.00001;0.00002;0.00002;0.00002;0.00000;0.00002;0.00001;0.00004;0.00014;0.00004;0.00011;0.00003;0.00005;0.00014;0.00004;0.00003;0.00000;0.00004;0.00000;0.00001;0.00000;0.00000;0.00000;0.00001;0.00001;0.00001;0.00007;0.00006;0.00000;0.00001;0.00001;0.00001;0.00001;0.00001;0.00002;0.00001;0.00000;0.00028;0.00026;0.00002;0.00004;0.00003;0.00000;0.00001;0.00000;0.00000;0.00011;0.00015;0.00000;0.00000;0.00000;0.00000;0.00000;0.00003;0.00031;0.00000;0.00002;0.00002;0.00008;0.00003;0.00000;0.00002;0.00000;0.00001;0.00002;0.00002;0.00005;0.00008;0.00000;0.00000;0.00073;0.00002;0.00001;0.00000;0.00005;0.00006;0.00005;0.00004;0.00007;0.00006;0.00002;0.00001;0.00001;0.00011;0.00013;0.00003;0.00050;0.00091;0.00002;0.00017;0.00028;0.00004;0.00008;0.00010;0.00024;0.00014;0.00018;0.00005;0.00030;0.00015;0.00004;0.00001;0.00048;0.00006;0.00008;0.00015;0.00000;0.00011;0.00005;0.00004;0.00001;0.00005;0.00002;0.00017;0.00000;0.00000;0.00000;0.00000;0.00001;0.00070;0.00007;0.00008;0.00000;0.00000;0.00043;0.00001;0.00001;0.00002;0.00002;0.00001;0.00000;0.00004;0.00001;0.00002;0.00002;0.00001;0.00001;0.00037;0.00002;0.00012;0.00003;0.00005;0.00009;0.00005;0.00006;0.00001;0.00001;0.00001;0.00013;0.00005;0.00000;0.00000;0.00006;0.00001;0.00000;0.00001;0.00003;0.00000;0.00009;0.00017;0.00093;0.00002;0.00001;0.00000;0.00001;0.00000;0.00059;0.00000;0.00001;0.00002;0.00000;0.00000;0.00001;0.00000;0.00000;0.00002;0.00003;0.00008;0.00003;0.00001;0.00000;0.00000
2020-06-07 00:00;0.00001;0.00003;0.00000;0.00002;0.00000;0.00000;0.00000;0.00001;0.00000;0.00000;0.00004;0.00000;0.00005;0.00000;0.00000;0.00000;0.00004;0.00002;0.00001;0.00001;0.00000;0.00000;0.00000;0.00000;0.00001;0.00005;0.00000;0.00000;0.00000;0.00001;0.00002;0.00000;0.00007;0.00000;0.00001;0.00001;0.00000;0.00001;0.00000;0.00001;0.00003;0.00003;0.00000;0.00001;0.00000;0.00000;0.00000;0.00000;0.00003;0.00000;0.00000;0.00000;0.00000;0.00001;0.00000;0.00002;0.00000;0.00002;0.00000;0.00000;0.00000;0.00000;0.00000;0.00004;0.00000;0.00000;0.00000;0.00000;0.00000;0.00013;0.00000;0.00000;0.00000;0.00000;0.00005;0.00000;0.00000;0.00001;0.00001;0.00003;0.00000;0.00000;0.00001;0.00005;0.00003;0.00000;0.00002;0.00002;0.00000;0.00000;0.00000;0.00000;0.00005;0.00005;0.00000;0.00000;0.00003;0.00001;0.00007;0.00011;0.00324;0.00028;0.00001;0.00000;0.00001;0.00000;0.00001;0.00077;0.00002;0.00001;0.00001;0.00001;0.00001;0.00002;0.00001;0.00001;0.00000;0.00000;0.00001;0.00001;0.00001;0.00000;0.00001;0.00000;0.00000;0.00002;0.00000;0.00002;0.00000;0.00000;0.00001;0.00004;0.00000;0.00000;0.00001;0.00001;0.00002;0.00000;0.00001;0.00000;0.00001;0.00000;0.00000;0.00007;0.00001;0.00001;0.00004;0.00002;0.00001;0.00003;0.00022;0.00003;0.00007;0.00001;0.00001;0.00001;0.00001;0.00051;0.00000;0.00000;0.00001;0.00000;0.00021;0.00048;0.00014;0.00005;0.00004;0.00001;0.00001;0.00010;0.00016;0.00017;0.00029;0.00009;0.00002;0.00023;0.00000;0.00010;0.00013;0.00005;0.00030;0.00017;0.00000;0.00039;0.00028;0.00002;0.00003;0.00001;0.00005;0.00021;0.00062;0.00031;0.00025;0.00040;0.00000;0.00000;0.00045;0.00027;0.00007;0.00006;0.00003;0.00002;0.00065;0.00001;0.00006;0.00004;0.00022;0.00002;0.00004;0.00000;0.00002;0.00002;0.00003;0.00020;0.00004;0.00030;0.00039;0.00022;0.00003;0.00080;0.00003;0.00002;0.00000;0.00043;0.00042;0.00041;0.00014;0.00017;0.00028;0.00006;0.00009;0.00009;0.00009;0.00024;0.00001;0.00004;0.00000;0.00005;0.00003;0.00002;0.00001;0.00004;0.00009;0.00005;0.00008;0.00003;0.00000;0.00000;0.00000;0.00000;0.00010;0.00023;0.00001;0.00001;0.00005;0.00003;0.00003;0.00003;0.00002;0.00000;0.00001;0.00001;0.00000;0.00000;0.00001;0.00000;0.00000;0.00006;0.00002;0.00005;0.00001;0.00001;0.00004;0.00009;0.00029;0.00018;0.00007;0.00026;0.00016;0.00014;0.00010;0.00003;0.00003;0.00002;0.00006;0.00006;0.00000;0.00000;0.00002;0.00027;0.00022;0.00005;0.00001;0.00002;0.00006;0.00001;0.00001;0.00000;0.00001;0.00001;0.00003;0.00010;0.00003;0.00002;0.00018;0.00013;0.00006;0.00004;0.00003;0.00004;0.00004;0.00040;0.00013;0.00001;0.00002;0.00014;0.00002;0.00000;0.00001;0.00001;0.00003;0.00008;0.00004;0.00014;0.00003;0.00004;0.00006;0.00004;0.00004;0.00000;0.00002;0.00000;0.00001;0.00000;0.00000;0.00000;0.00002;0.00001;0.00001;0.00007;0.00004;0.00000;0.00001;0.00001;0.00001;0.00001;0.00001;0.00002;0.00001;0.00002;0.00043;0.00026;0.00005;0.00004;0.00003;0.00000;0.00001;0.00003;0.00000;0.00012;0.00015;0.00000;0.00000;0.00000;0.00000;0.00000;0.00020;0.00013;0.00000;0.00002;0.00002;0.00008;0.00003;0.00000;0.00001;0.00005;0.00001;0.00002;0.00004;0.00005;0.00008;0.00000;0.00000;0.00042;0.00000;0.00001;0.00002;0.00005;0.00006;0.00002;0.00004;0.00007;0.00004;0.00002;0.00001;0.00001;0.00011;0.00013;0.00003;0.00048;0.00092;0.00002;0.00017;0.00035;0.00024;0.00016;0.00011;0.00058;0.00015;0.00029;0.00004;0.00034;0.00020;0.00004;0.00005;0.00061;0.00005;0.00010;0.00020;0.00000;0.00011;0.00008;0.00004;0.00001;0.00005;0.00002;0.00017;0.00000;0.00000;0.00000;0.00000;0.00001;0.00070;0.00007;0.00008;0.00000;0.00000;0.00043;0.00001;0.00001;0.00002;0.00002;0.00001;0.00000;0.00004;0.00001;0.00002;0.00002;0.00001;0.00001;0.00037;0.00002;0.00013;0.00003;0.00005;0.00009;0.00005;0.00006;0.00001;0.00001;0.00001;0.00013;0.00005;0.00000;0.00000;0.00006;0.00001;0.00000;0.00001;0.00003;0.00000;0.00009;0.00017;0.00094;0.00002;0.00001;0.00000;0.00001;0.00000;0.00117;0.00000;0.00001;0.00005;0.00000;0.00000;0.00007;0.00000;0.00000;0.00002;0.00005;0.00008;0.00003;0.00001;0.00000;0.00000
2020-06-08 00:00;0.00001;0.00011;0.00000;0.00002;0.00000;0.00000;0.00000;0.00001;0.00000;0.00000;0.00003;0.00000;0.00005;0.00000;0.00000;0.00000;0.00005;0.00002;0.00001;0.00001;0.00000;0.00000;0.00000;0.00000;0.00001;0.00003;0.00000;0.00000;0.00000;0.00001;0.00002;0.00000;0.00007;0.00000;0.00001;0.00001;0.00000;0.00001;0.00000;0.00001;0.00003;0.00003;0.00000;0.00001;0.00000;0.00000;0.00000;0.00000;0.00003;0.00000;0.00000;0.00000;0.00000;0.00001;0.00000;0.00002;0.00000;0.00002;0.00000;0.00000;0.00000;0.00000;0.00000;0.00004;0.00000;0.00000;0.00000;0.00000;0.00000;0.00012;0.00000;0.00000;0.00000;0.00000;0.00005;0.00000;0.00000;0.00001;0.00001;0.00003;0.00000;0.00000;0.00001;0.00005;0.00003;0.00000;0.00002;0.00002;0.00000;0.00000;0.00000;0.00000;0.00005;0.00005;0.00000;0.00000;0.00003;0.00001;0.00007;0.00007;0.00326;0.00027;0.00001;0.00000;0.00001;0.00000;0.00001;0.00076;0.00002;0.00001;0.00001;0.00001;0.00001;0.00002;0.00001;0.00001;0.00000;0.00000;0.00001;0.00001;0.00001;0.00000;0.00001;0.00000;0.00000;0.00002;0.00000;0.00002;0.00000;0.00000;0.00001;0.00004;0.00000;0.00000;0.00001;0.00001;0.00002;0.00000;0.00001;0.00000;0.00001;0.00000;0.00000;0.00007;0.00001;0.00001;0.00004;0.00002;0.00001;0.00003;0.00022;0.00003;0.00007;0.00001;0.00001;0.00001;0.00001;0.00050;0.00000;0.00000;0.00001;0.00000;0.00020;0.00047;0.00013;0.00005;0.00004;0.00001;0.00001;0.00008;0.00016;0.00014;0.00018;0.00006;0.00002;0.00021;0.00000;0.00006;0.00011;0.00007;0.00028;0.00015;0.00000;0.00033;0.00024;0.00002;0.00003;0.00001;0.00004;0.00012;0.00055;0.00033;0.00022;0.00034;0.00000;0.00000;0.00034;0.00026;0.00006;0.00006;0.00003;0.00002;0.00060;0.00001;0.00004;0.00003;0.00018;0.00002;0.00004;0.00000;0.00002;0.00002;0.00003;0.00020;0.00004;0.00033;0.00030;0.00019;0.00002;0.00069;0.00003;0.00002;0.00000;0.00039;0.00036;0.00032;0.00012;0.00016;0.00026;0.00005;0.00008;0.00008;0.00008;0.00015;0.00001;0.00004;0.00000;0.00005;0.00003;0.00002;0.00001;0.00004;0.00009;0.00005;0.00008;0.00003;0.00000;0.00000;0.00000;0.00000;0.00007;0.00022;0.00001;0.00001;0.00005;0.00003;0.00001;0.00003;0.00002;0.00000;0.00001;0.00001;0.00000;0.00000;0.00001;0.00000;0.00000;0.00004;0.00002;0.00003;0.00001;0.00001;0.00005;0.00010;0.00022;0.00016;0.00007;0.00025;0.00015;0.00014;0.00009;0.00003;0.00003;0.00002;0.00005;0.00003;0.00000;0.00000;0.00002;0.00017;0.00020;0.00003;0.00001;0.00002;0.00006;0.00001;0.00001;0.00000;0.00001;0.00001;0.00002;0.00010;0.00004;0.00002;0.00013;0.00013;0.00006;0.00004;0.00003;0.00003;0.00003;0.00037;0.00012;0.00001;0.00002;0.00008;0.00002;0.00000;0.00001;0.00001;0.00003;0.00007;0.00004;0.00012;0.00002;0.00004;0.00005;0.00004;0.00003;0.00000;0.00005;0.00000;0.00001;0.00000;0.00000;0.00000;0.00001;0.00001;0.00001;0.00008;0.00004;0.00000;0.00001;0.00001;0.00001;0.00001;0.00001;0.00002;0.00001;0.00001;0.00032;0.00026;0.00002;0.00006;0.00003;0.00000;0.00001;0.00001;0.00000;0.00011;0.00015;0.00000;0.00000;0.00000;0.00000;0.00000;0.00007;0.00008;0.00000;0.00002;0.00002;0.00008;0.00003;0.00000;0.00000;0.00002;0.00001;0.00002;0.00002;0.00005;0.00008;0.00000;0.00000;0.00043;0.00001;0.00001;0.00000;0.00005;0.00006;0.00001;0.00004;0.00007;0.00004;0.00002;0.00001;0.00001;0.00011;0.00013;0.00003;0.00044;0.00090;0.00002;0.00017;0.00029;0.00010;0.00010;0.00010;0.00041;0.00014;0.00020;0.00004;0.00031;0.00015;0.00004;0.00002;0.00055;0.00005;0.00008;0.00013;0.00000;0.00011;0.00006;0.00004;0.00001;0.00001;0.00002;0.00017;0.00000;0.00000;0.00000;0.00000;0.00001;0.00070;0.00007;0.00008;0.00000;0.00000;0.00043;0.00001;0.00001;0.00002;0.00002;0.00001;0.00000;0.00004;0.00001;0.00002;0.00002;0.00001;0.00001;0.00037;0.00002;0.00012;0.00003;0.00005;0.00009;0.00005;0.00006;0.00001;0.00001;0.00001;0.00013;0.00005;0.00000;0.00000;0.00006;0.00001;0.00000;0.00001;0.00003;0.00000;0.00009;0.00017;0.00094;0.00002;0.00001;0.00000;0.00001;0.00000;0.00107;0.00000;0.00001;0.00002;0.00000;0.00000;0.00013;0.00000;0.00000;0.00002;0.00004;0.00008;0.00003;0.00001;0.00000;0.00000
2020-06-09 00:00;0.00001;0.00006;0.00000;0.00002;0.00000;0.00000;0.00000;0.00001;0.00000;0.00000;0.00003;0.00000;0.00005;0.00000;0.00000;0.00000;0.00004;0.00002;0.00001;0.00001;0.00000;0.00000;0.00000;0.00000;0.00001;0.00003;0.00000;0.00000;0.00000;0.00001;0.00002;0.00000;0.00007;0.00000;0.00001;0.00001;0.00000;0.00001;0.00000;0.00001;0.00003;0.00003;0.00000;0.00001;0.00000;0.00000;0.00000;0.00000;0.00003;0.00000;0.00000;0.00000;0.00000;0.00000;0.00000;0.00002;0.00000;0.00002;0.00000;0.00000;0.00000;0.00000;0.00000;0.00004;0.00000;0.00000;0.00000;0.00000;0.00000;0.00012;0.00000;0.00000;0.00000;0.00000;0.00005;0.00000;0.00000;0.00001;0.00001;0.00003;0.00000;0.00000;0.00001;0.00005;0.00003;0.00000;0.00002;0.00002;0.00000;0.00000;0.00000;0.00000;0.00005;0.00005;0.00000;0.00000;0.00003;0.00001;0.00006;0.00009;0.00322;0.00027;0.00001;0.00000;0.00001;0.00000;0.00001;0.00076;0.00002;0.00001;0.00001;0.00001;0.00001;0.00002;0.00001;0.00001;0.00000;0.00000;0.00001;0.00001;0.00001;0.00000;0.00001;0.00000;0.00000;0.00002;0.00000;0.00002;0.00000;0.00000;0.00001;0.00004;0.00000;0.00000;0.00001;0.00001;0.00002;0.00000;0.00001;0.00000;0.00001;0.00000;0.00000;0.00007;0.00001;0.00001;0.00003;0.00002;0.00001;0.00003;0.00022;0.00003;0.00007;0.00001;0.00001;0.00001;0.00001;0.00048;0.00000;0.00000;0.00001;0.00000;0.00020;0.00046;0.00013;0.00005;0.00004;0.00001;0.00001;0.00009;0.00016;0.00017;0.00024;0.00009;0.00002;0.00007;0.00000;0.00010;0.00012;0.00006;0.00030;0.00016;0.00000;0.00035;0.00028;0.00002;0.00003;0.00001;0.00005;0.00021;0.00059;0.00030;0.00024;0.00038;0.00000;0.00000;0.00044;0.00027;0.00007;0.00006;0.00003;0.00002;0.00063;0.00001;0.00006;0.00003;0.00018;0.00002;0.00004;0.00000;0.00002;0.00002;0.00003;0.00020;0.00004;0.00029;0.00037;0.00021;0.00003;0.00073;0.00002;0.00002;0.00000;0.00041;0.00040;0.00039;0.00014;0.00017;0.00027;0.00006;0.00009;0.00008;0.00008;0.00016;0.00001;0.00004;0.00000;0.00005;0.00002;0.00001;0.00001;0.00004;0.00006;0.00005;0.00008;0.00003;0.00000;0.00000;0.00000;0.00000;0.00009;0.00022;0.00001;0.00001;0.00005;0.00003;0.00002;0.00003;0.00002;0.00000;0.00001;0.00001;0.00000;0.00000;0.00001;0.00000;0.00000;0.00004;0.00002;0.00003;0.00001;0.00001;0.00003;0.00008;0.00024;0.00017;0.00007;0.00025;0.00015;0.00014;0.00009;0.00003;0.00003;0.00002;0.00004;0.00003;0.00000;0.00000;0.00002;0.00012;0.00014;0.00002;0.00001;0.00002;0.00004;0.00000;0.00001;0.00000;0.00001;0.00001;0.00003;0.00009;0.00003;0.00002;0.00018;0.00007;0.00006;0.00004;0.00003;0.00004;0.00004;0.00039;0.00013;0.00001;0.00002;0.00012;0.00002;0.00000;0.00000;0.00001;0.00003;0.00004;0.00004;0.00013;0.00002;0.00003;0.00002;0.00004;0.00003;0.00000;0.00002;0.00000;0.00001;0.00000;0.00000;0.00000;0.00002;0.00001;0.00001;0.00008;0.00003;0.00000;0.00001;0.00001;0.00001;0.00001;0.00001;0.00002;0.00001;0.00002;0.00037;0.00026;0.00005;0.00005;0.00003;0.00000;0.00001;0.00002;0.00000;0.00012;0.00015;0.00000;0.00000;0.00000;0.00000;0.00000;0.00014;0.00004;0.00000;0.00001;0.00002;0.00008;0.00003;0.00000;0.00000;0.00004;0.00001;0.00002;0.00003;0.00005;0.00008;0.00000;0.00000;0.00026;0.00000;0.00000;0.00001;0.00005;0.00006;0.00001;0.00004;0.00007;0.00003;0.00002;0.00001;0.00001;0.00011;0.00012;0.00003;0.00043;0.00090;0.00002;0.00017;0.00033;0.00021;0.00017;0.00011;0.00038;0.00015;0.00024;0.00004;0.00033;0.00020;0.00004;0.00004;0.00058;0.00005;0.00009;0.00018;0.00000;0.00011;0.00007;0.00004;0.00001;0.00005;0.00002;0.00017;0.00000;0.00000;0.00000;0.00000;0.00001;0.00070;0.00007;0.00008;0.00000;0.00000;0.00043;0.00001;0.00001;0.00002;0.00002;0.00001;0.00000;0.00004;0.00001;0.00002;0.00002;0.00001;0.00001;0.00037;0.00002;0.00013;0.00003;0.00005;0.00009;0.00005;0.00006;0.00001;0.00001;0.00001;0.00013;0.00005;0.00000;0.00000;0.00006;0.00001;0.00000;0.00001;0.00003;0.00000;0.00009;0.00016;0.00093;0.00002;0.00001;0.00000;0.00001;0.00000;0.00081;0.00000;0.00001;0.00003;0.00000;0.00000;0.00004;0.00000;0.00000;0.00002;0.00004;0.00008;0.00003;0.00001;0.00000;0.00000
2020-06-10 00:00;0.00001;0.00006;0.00000;0.00002;0.00000;0.00000;0.00000;0.00001;0.00000;0.00000;0.00003;0.00000;0.00005;0.00000;0.00000;0.00000;0.00004;0.00002;0.00001;0.00001;0.00000;0.00000;0.00000;0.00000;0.00001;0.00003;0.00000;0.00000;0.00000;0.00001;0.00002;0.00000;0.00007;0.00000;0.00001;0.00001;0.00000;0.00001;0.00000;0.00001;0.00003;0.00003;0.00000;0.00001;0.00000;0.00000;0.00000;0.00000;0.00003;0.00000;0.00000;0.00000;0.00000;0.00000;0.00000;0.00002;0.00000;0.00001;0.00000;0.00000;0.00000;0.00000;0.00000;0.00004;0.00000;0.00000;0.00000;0.00000;0.00000;0.00011;0.00000;0.00000;0.00000;0.00000;0.00005;0.00000;0.00000;0.00001;0.00001;0.00003;0.00000;0.00000;0.00001;0.00005;0.00003;0.00000;0.00002;0.00002;0.00000;0.00000;0.00000;0.00000;0.00005;0.00005;0.00000;0.00000;0.00003;0.00001;0.00006;0.00007;0.00321;0.00027;0.00001;0.00000;0.00001;0.00000;0.00001;0.00076;0.00002;0.00001;0.00001;0.00001;0.00001;0.00002;0.00001;0.00001;0.00000;0.00000;0.00001;0.00001;0.00001;0.00000;0.00001;0.00000;0.00000;0.00002;0.00000;0.00002;0.00000;0.00000;0.00001;0.00004;0.00000;0.00000;0.00001;0.00001;0.00002;0.00000;0.00001;0.00000;0.00001;0.00000;0.00000;0.00007;0.00001;0.00001;0.00003;0.00002;0.00001;0.00003;0.00022;0.00003;0.00007;0.00001;0.00001;0.00001;0.00001;0.00047;0.00000;0.00000;0.00001;0.00000;0.00020;0.00044;0.00012;0.00005;0.00004;0.00001;0.00001;0.00007;0.00016;0.00014;0.00017;0.00006;0.00002;0.00013;0.00000;0.00006;0.00010;0.00004;0.00027;0.00015;0.00000;0.00031;0.00023;0.00002;0.00003;0.00001;0.00004;0.00014;0.00052;0.00031;0.00022;0.00032;0.00000;0.00000;0.00034;0.00025;0.00006;0.00005;0.00003;0.00002;0.00057;0.00001;0.00004;0.00003;0.00017;0.00002;0.00004;0.00000;0.00002;0.00002;0.00003;0.00020;0.00004;0.00024;0.00029;0.00018;0.00002;0.00061;0.00002;0.00002;0.00000;0.00039;0.00036;0.00031;0.00012;0.00016;0.00026;0.00005;0.00008;0.00007;0.00008;0.00011;0.00001;0.00003;0.00000;0.00004;0.00001;0.00001;0.00001;0.00003;0.00005;0.00005;0.00007;0.00003;0.00000;0.00000;0.00000;0.00000;0.00007;0.00022;0.00001;0.00001;0.00004;0.00003;0.00001;0.00003;0.00002;0.00000;0.00001;0.00001;0.00000;0.00000;0.00001;0.00000;0.00000;0.00003;0.00002;0.00001;0.00001;0.00001;0.00003;0.00005;0.00020;0.00016;0.00007;0.00025;0.00015;0.00014;0.00009;0.00003;0.00003;0.00002;0.00004;0.00003;0.00000;0.00000;0.00002;0.00008;0.00009;0.00001;0.00001;0.00002;0.00003;0.00001;0.00001;0.00000;0.00001;0.00001;0.00002;0.00009;0.00002;0.00001;0.00012;0.00000;0.00006;0.00004;0.00003;0.00003;0.00003;0.00036;0.00012;0.00001;0.00002;0.00006;0.00002;0.00000;0.00000;0.00001;0.00003;0.00000;0.00004;0.00011;0.00002;0.00003;0.00000;0.00003;0.00002;0.00000;0.00002;0.00000;0.00001;0.00000;0.00000;0.00000;0.00001;0.00001;0.00001;0.00008;0.00003;0.00000;0.00001;0.00001;0.00001;0.00001;0.00001;0.00002;0.00001;0.00001;0.00030;0.00026;0.00002;0.00005;0.00003;0.00000;0.00001;0.00001;0.00000;0.00011;0.00015;0.00000;0.00000;0.00000;0.00000;0.00000;0.00005;0.00000;0.00000;0.00001;0.00002;0.00008;0.00003;0.00000;0.00000;0.00001;0.00001;0.00002;0.00002;0.00005;0.00008;0.00000;0.00000;0.00008;0.00000;0.00000;0.00000;0.00005;0.00006;0.00000;0.00004;0.00006;0.00002;0.00002;0.00001;0.00001;0.00011;0.00012;0.00003;0.00042;0.00089;0.00002;0.00016;0.00028;0.00009;0.00011;0.00010;0.00030;0.00013;0.00018;0.00004;0.00030;0.00015;0.00004;0.00002;0.00052;0.00005;0.00008;0.00014;0.00000;0.00011;0.00005;0.00004;0.00001;0.00002;0.00002;0.00017;0.00000;0.00000;0.00000;0.00000;0.00001;0.00070;0.00007;0.00008;0.00000;0.00000;0.00042;0.00001;0.00001;0.00002;0.00002;0.00001;0.00000;0.00004;0.00001;0.00002;0.00002;0.00001;0.00001;0.00037;0.00002;0.00012;0.00003;0.00005;0.00009;0.00005;0.00006;0.00001;0.00001;0.00001;0.00013;0.00005;0.00000;0.00000;0.00006;0.00001;0.00000;0.00001;0.00003;0.00000;0.00009;0.00016;0.00093;0.00002;0.00001;0.00000;0.00001;0.00000;0.00072;0.00000;0.00001;0.00002;0.00000;0.00000;0.00006;0.00000;0.00000;0.00002;0.00004;0.00008;0.00003;0.00001;0.00000;0.00000
2020-06-11 00:00;0.00001;0.00006;0.00000;0.00002;0.00000;0.00000;0.00000;0.00001;0.00000;0.00000;0.00003;0.00000;0.00005;0.00000;0.00000;0.00000;0.00004;0.00002;0.00001;0.00001;0.00000;0.00000;0.00000;0.00000;0.00001;0.00003;0.00000;0.00000;0.00000;0.00001;0.00002;0.00000;0.00007;0.00000;0.00001;0.00001;0.00000;0.00001;0.00000;0.00001;0.00003;0.00003;0.00000;0.00001;0.00000;0.00000;0.00000;0.00000;0.00003;0.00000;0.00000;0.00000;0.00000;0.00000;0.00000;0.00002;0.00000;0.00001;0.00000;0.00000;0.00000;0.00000;0.00000;0.00004;0.00000;0.00000;0.00000;0.00000;0.00000;0.00012;0.00000;0.00000;0.00000;0.00000;0.00005;0.00000;0.00000;0.00001;0.00001;0.00003;0.00000;0.00000;0.00001;0.00005;0.00003;0.00000;0.00002;0.00002;0.00000;0.00000;0.00000;0.00000;0.00005;0.00005;0.00000;0.00000;0.00003;0.00001;0.00006;0.00009;0.00320;0.00027;0.00001;0.00000;0.00001;0.00000;0.00001;0.00076;0.00002;0.00001;0.00001;0.00001;0.00001;0.00002;0.00001;0.00001;0.00000;0.00000;0.00001;0.00001;0.00001;0.00000;0.00001;0.00000;0.00000;0.00002;0.00000;0.00002;0.00000;0.00000;0.00001;0.00004;0.00000;0.00000;0.00001;0.00001;0.00002;0.00000;0.00001;0.00000;0.00001;0.00000;0.00000;0.00007;0.00001;0.00001;0.00003;0.00002;0.00001;0.00003;0.00022;0.00003;0.00007;0.00001;0.00001;0.00001;0.00001;0.00048;0.00000;0.00000;0.00001;0.00000;0.00020;0.00046;0.00013;0.00005;0.00004;0.00001;0.00001;0.00008;0.00016;0.00019;0.00024;0.00012;0.00002;0.00007;0.00000;0.00010;0.00012;0.00002;0.00031;0.00016;0.00000;0.00035;0.00024;0.00002;0.00003;0.00001;0.00004;0.00017;0.00061;0.00029;0.00024;0.00039;0.00000;0.00000;0.00047;0.00027;0.00008;0.00005;0.00003;0.00002;0.00065;0.00001;0.00006;0.00003;0.00016;0.00002;0.00004;0.00000;0.00002;0.00002;0.00003;0.00020;0.00004;0.00019;0.00041;0.00019;0.00003;0.00067;0.00002;0.00002;0.00000;0.00040;0.00040;0.00037;0.00014;0.00017;0.00028;0.00005;0.00009;0.00009;0.00008;0.00015;0.00001;0.00003;0.00000;0.00004;0.00001;0.00001;0.00001;0.00003;0.00005;0.00005;0.00008;0.00003;0.00000;0.00000;0.00000;0.00000;0.00009;0.00022;0.00001;0.00001;0.00004;0.00002;0.00002;0.00003;0.00002;0.00000;0.00001;0.00001;0.00000;0.00000;0.00001;0.00000;0.00000;0.00003;0.00002;0.00001;0.00001;0.00001;0.00002;0.00003;0.00025;0.00017;0.00007;0.00025;0.00015;0.00013;0.00009;0.00003;0.00003;0.00002;0.00004;0.00003;0.00000;0.00000;0.00002;0.00007;0.00009;0.00001;0.00001;0.00002;0.00003;0.00000;0.00001;0.00000;0.00001;0.00001;0.00003;0.00009;0.00002;0.00001;0.00024;0.00000;0.00006;0.00004;0.00003;0.00006;0.00004;0.00039;0.00012;0.00001;0.00002;0.00015;0.00002;0.00000;0.00000;0.00001;0.00003;0.00000;0.00004;0.00013;0.00002;0.00003;0.00000;0.00003;0.00002;0.00000;0.00002;0.00000;0.00001;0.00000;0.00000;0.00000;0.00002;0.00001;0.00001;0.00006;0.00003;0.00000;0.00001;0.00001;0.00001;0.00001;0.00001;0.00002;0.00001;0.00002;0.00035;0.00025;0.00007;0.00004;0.00003;0.00000;0.00001;0.00003;0.00000;0.00012;0.00015;0.00000;0.00000;0.00000;0.00000;0.00000;0.00014;0.00000;0.00000;0.00001;0.00002;0.00008;0.00003;0.00000;0.00000;0.00005;0.00001;0.00002;0.00003;0.00005;0.00008;0.00000;0.00000;0.00008;0.00000;0.00000;0.00002;0.00005;0.00006;0.00000;0.00004;0.00006;0.00001;0.00002;0.00000;0.00001;0.00011;0.00012;0.00003;0.00041;0.00089;0.00002;0.00016;0.00033;0.00025;0.00024;0.00011;0.00033;0.00015;0.00024;0.00004;0.00034;0.00020;0.00004;0.00004;0.00059;0.00005;0.00009;0.00014;0.00000;0.00011;0.00007;0.00004;0.00001;0.00004;0.00002;0.00017;0.00000;0.00000;0.00000;0.00000;0.00001;0.00069;0.00007;0.00008;0.00000;0.00000;0.00042;0.00001;0.00001;0.00002;0.00002;0.00001;0.00000;0.00004;0.00001;0.00002;0.00002;0.00001;0.00001;0.00037;0.00002;0.00013;0.00003;0.00005;0.00009;0.00005;0.00006;0.00001;0.00001;0.00001;0.00012;0.00005;0.00000;0.00000;0.00006;0.00001;0.00000;0.00001;0.00003;0.00000;0.00009;0.00016;0.00093;0.00002;0.00001;0.00000;0.00001;0.00000;0.00083;0.00000;0.00001;0.00003;0.00000;0.00000;0.00002;0.00000;0.00000;0.00002;0.00004;0.00007;0.00003;0.00001;0.00000;0.00000
2020-06-12 00:00;0.00001;0.00011;0.00000;0.00002;0.00000;0.00000;0.00000;0.00001;0.00000;0.00000;0.00003;0.00000;0.00005;0.00000;0.00000;0.00000;0.00005;0.00002;0.00001;0.00001;0.00000;0.00000;0.00000;0.00000;0.00001;0.00003;0.00000;0.00000;0.00000;0.00001;0.00002;0.00000;0.00007;0.00000;0.00001;0.00001;0.00000;0.00001;0.00000;0.00001;0.00003;0.00003;0.00000;0.00001;0.00000;0.00000;0.00000;0.00000;0.00003;0.00000;0.00000;0.00000;0.00000;0.00000;0.00000;0.00002;0.00000;0.00001;0.00000;0.00000;0.00000;0.00000;0.00000;0.00004;0.00000;0.00000;0.00000;0.00000;0.00000;0.00011;0.00000;0.00000;0.00000;0.00000;0.00005;0.00000;0.00000;0.00001;0.00001;0.00003;0.00000;0.00000;0.00001;0.00005;0.00003;0.00000;0.00002;0.00002;0.00000;0.00000;0.00000;0.00000;0.00005;0.00005;0.00000;0.00000;0.00003;0.00001;0.00007;0.00007;0.00320;0.00026;0.00001;0.00000;0.00001;0.00000;0.00001;0.00076;0.00002;0.00001;0.00001;0.00001;0.00001;0.00002;0.00001;0.00001;0.00000;0.00000;0.00001;0.00001;0.00001;0.00000;0.00001;0.00000;0.00000;0.00002;0.00000;0.00002;0.00000;0.00000;0.00001;0.00004;0.00000;0.00000;0.00001;0.00001;0.00002;0.00000;0.00001;0.00000;0.00001;0.00000;0.00000;0.00007;0.00001;0.00001;0.00003;0.00002;0.00001;0.00003;0.00022;0.00003;0.00007;0.00001;0.00001;0.00001;0.00001;0.00047;0.00000;0.00000;0.00001;0.00000;0.00020;0.00045;0.00012;0.00005;0.00004;0.00001;0.00001;0.00011;0.00016;0.00014;0.00017;0.00008;0.00002;0.00033;0.00000;0.00009;0.00012;0.00005;0.00028;0.00014;0.00000;0.00031;0.00029;0.00002;0.00003;0.00001;0.00004;0.00023;0.00054;0.00035;0.00022;0.00033;0.00000;0.00000;0.00035;0.00025;0.00006;0.00005;0.00003;0.00002;0.00059;0.00001;0.00004;0.00003;0.00028;0.00002;0.00004;0.00000;0.00002;0.00002;0.00003;0.00020;0.00004;0.00028;0.00030;0.00021;0.00002;0.00082;0.00002;0.00002;0.00000;0.00041;0.00035;0.00036;0.00012;0.00016;0.00026;0.00005;0.00008;0.00007;0.00008;0.00018;0.00001;0.00005;0.00000;0.00006;0.00004;0.00002;0.00001;0.00003;0.00014;0.00005;0.00007;0.00003;0.00000;0.00000;0.00000;0.00000;0.00007;0.00022;0.00001;0.00001;0.00005;0.00003;0.00001;0.00003;0.00002;0.00000;0.00001;0.00001;0.00000;0.00000;0.00001;0.00000;0.00000;0.00008;0.00002;0.00006;0.00001;0.00001;0.00006;0.00007;0.00020;0.00016;0.00007;0.00024;0.00015;0.00015;0.00009;0.00003;0.00003;0.00002;0.00007;0.00005;0.00000;0.00000;0.00002;0.00033;0.00037;0.00011;0.00001;0.00002;0.00007;0.00002;0.00001;0.00000;0.00001;0.00001;0.00002;0.00009;0.00005;0.00002;0.00015;0.00025;0.00006;0.00004;0.00002;0.00003;0.00003;0.00037;0.00012;0.00001;0.00002;0.00008;0.00002;0.00000;0.00001;0.00001;0.00003;0.00010;0.00004;0.00011;0.00002;0.00004;0.00009;0.00004;0.00006;0.00000;0.00020;0.00000;0.00001;0.00000;0.00000;0.00000;0.00001;0.00001;0.00001;0.00007;0.00005;0.00000;0.00001;0.00001;0.00001;0.00001;0.00001;0.00002;0.00001;0.00001;0.00037;0.00025;0.00003;0.00006;0.00003;0.00000;0.00001;0.00001;0.00000;0.00011;0.00015;0.00000;0.00000;0.00000;0.00000;0.00000;0.00006;0.00042;0.00000;0.00001;0.00002;0.00008;0.00003;0.00000;0.00001;0.00002;0.00001;0.00002;0.00003;0.00005;0.00008;0.00000;0.00000;0.00104;0.00001;0.00001;0.00000;0.00005;0.00006;0.00003;0.00004;0.00007;0.00006;0.00002;0.00000;0.00001;0.00011;0.00012;0.00003;0.00044;0.00088;0.00002;0.00016;0.00028;0.00011;0.00014;0.00010;0.00053;0.00013;0.00018;0.00005;0.00030;0.00015;0.00004;0.00002;0.00053;0.00005;0.00008;0.00026;0.00000;0.00011;0.00007;0.00004;0.00001;0.00005;0.00002;0.00017;0.00000;0.00000;0.00000;0.00000;0.00001;0.00069;0.00007;0.00008;0.00000;0.00000;0.00042;0.00001;0.00001;0.00002;0.00002;0.00001;0.00000;0.00004;0.00001;0.00002;0.00002;0.00001;0.00001;0.00037;0.00002;0.00012;0.00003;0.00005;0.00009;0.00005;0.00006;0.00001;0.00001;0.00001;0.00012;0.00005;0.00000;0.00000;0.00006;0.00001;0.00000;0.00001;0.00003;0.00000;0.00009;0.00016;0.00093;0.00002;0.00001;0.00000;0.00001;0.00000;0.00077;0.00000;0.00001;0.00002;0.00000;0.00000;0.00017;0.00000;0.00000;0.00002;0.00004;0.00007;0.00003;0.00001;0.00000;0.00000
2020-06-13 00:00;0.00001;0.00012;0.00000;0.00002;0.00000;0.00000;0.00000;0.00001;0.00000;0.00000;0.00003;0.00000;0.00005;0.00000;0.00000;0.00000;0.00006;0.00002;0.00001;0.00001;0.00000;0.00000;0.00000;0.00000;0.00001;0.00003;0.00000;0.00000;0.00000;0.00001;0.00002;0.00000;0.00007;0.00000;0.00001;0.00001;0.00000;0.00001;0.00000;0.00001;0.00003;0.00003;0.00000;0.00001;0.00000;0.00000;0.00000;0.00000;0.00003;0.00000;0.00000;0.00000;0.00000;0.00000;0.00000;0.00002;0.00000;0.00001;0.00000;0.00000;0.00000;0.00000;0.00000;0.00004;0.00000;0.00000;0.00000;0.00000;0.00000;0.00011;0.00000;0.00000;0.00000;0.00000;0.00004;0.00000;0.00000;0.00001;0.00001;0.00003;0.00000;0.00000;0.00001;0.00004;0.00003;0.00000;0.00002;0.00002;0.00000;0.00000;0.00000;0.00000;0.00004;0.00005;0.00000;0.00000;0.00003;0.00001;0.00006;0.00008;0.00318;0.00027;0.00001;0.00000;0.00001;0.00000;0.00001;0.00075;0.00002;0.00001;0.00001;0.00001;0.00001;0.00002;0.00001;0.00001;0.00000;0.00000;0.00001;0.00001;0.00001;0.00000;0.00001;0.00000;0.00000;0.00002;0.00000;0.00002;0.00000;0.00000;0.00001;0.00004;0.00000;0.00000;0.00001;0.00001;0.00002;0.00000;0.00001;0.00000;0.00001;0.00000;0.00000;0.00007;0.00001;0.00001;0.00003;0.00002;0.00001;0.00003;0.00022;0.00003;0.00007;0.00001;0.00001;0.00001;0.00001;0.00048;0.00000;0.00000;0.00001;0.00000;0.00020;0.00044;0.00013;0.00005;0.00004;0.00001;0.00001;0.00008;0.00016;0.00016;0.00023;0.00008;0.00002;0.00029;0.00000;0.00005;0.00010;0.00005;0.00029;0.00015;0.00000;0.00034;0.00023;0.00002;0.00003;0.00001;0.00004;0.00014;0.00056;0.00030;0.00023;0.00037;0.00000;0.00000;0.00042;0.00026;0.00007;0.00005;0.00003;0.00002;0.00060;0.00001;0.00005;0.00003;0.00021;0.00002;0.00004;0.00000;0.00002;0.00002;0.00003;0.00020;0.00004;0.00030;0.00036;0.00018;0.00003;0.00052;0.00002;0.00002;0.00000;0.00038;0.00039;0.00029;0.00013;0.00016;0.00026;0.00005;0.00008;0.00008;0.00008;0.00010;0.00001;0.00004;0.00000;0.00005;0.00002;0.00001;0.00001;0.00003;0.00009;0.00004;0.00008;0.00003;0.00000;0.00000;0.00000;0.00000;0.00008;0.00022;0.00001;0.00001;0.00005;0.00003;0.00002;0.00003;0.00002;0.00000;0.00001;0.00001;0.00000;0.00000;0.00001;0.00000;0.00000;0.00005;0.00002;0.00004;0.00001;0.00001;0.00003;0.00005;0.00023;0.00017;0.00007;0.00025;0.00015;0.00014;0.00009;0.00003;0.00003;0.00002;0.00005;0.00004;0.00000;0.00000;0.00002;0.00026;0.00021;0.00007;0.00001;0.00002;0.00005;0.00001;0.00001;0.00000;0.00001;0.00001;0.00003;0.00009;0.00003;0.00002;0.00017;0.00012;0.00006;0.00004;0.00003;0.00004;0.00004;0.00037;0.00012;0.00001;0.00002;0.00011;0.00002;0.00000;0.00000;0.00001;0.00003;0.00006;0.00004;0.00013;0.00002;0.00003;0.00004;0.00003;0.00004;0.00000;0.00008;0.00000;0.00001;0.00000;0.00000;0.00000;0.00002;0.00001;0.00001;0.00007;0.00004;0.00000;0.00001;0.00001;0.00001;0.00001;0.00001;0.00002;0.00001;0.00002;0.00028;0.00025;0.00005;0.00006;0.00003;0.00000;0.00001;0.00002;0.00000;0.00011;0.00015;0.00000;0.00000;0.00000;0.00000;0.00000;0.00013;0.00018;0.00000;0.00001;0.00002;0.00008;0.00003;0.00000;0.00000;0.00004;0.00001;0.00002;0.00002;0.00005;0.00008;0.00000;0.00000;0.00058;0.00000;0.00000;0.00001;0.00005;0.00006;0.00001;0.00004;0.00006;0.00004;0.00002;0.00000;0.00001;0.00011;0.00012;0.00003;0.00040;0.00088;0.00002;0.00016;0.00032;0.00020;0.00016;0.00010;0.00033;0.00015;0.00024;0.00004;0.00032;0.00019;0.00004;0.00004;0.00055;0.00005;0.00009;0.00017;0.00000;0.00010;0.00005;0.00004;0.00001;0.00002;0.00002;0.00017;0.00000;0.00000;0.00000;0.00000;0.00001;0.00069;0.00007;0.00008;0.00000;0.00000;0.00041;0.00001;0.00001;0.00002;0.00002;0.00001;0.00000;0.00004;0.00001;0.00002;0.00002;0.00001;0.00001;0.00037;0.00002;0.00013;0.00003;0.00005;0.00008;0.00005;0.00006;0.00001;0.00001;0.00001;0.00012;0.00005;0.00000;0.00000;0.00006;0.00001;0.00000;0.00001;0.00003;0.00000;0.00009;0.00016;0.00092;0.00002;0.00001;0.00000;0.00001;0.00000;0.00075;0.00000;0.00001;0.00003;0.00000;0.00000;0.00007;0.00000;0.00000;0.00002;0.00004;0.00007;0.00003;0.00001;0.00000;0.00000
2020-06-14 00:00;0.00001;0.00011;0.00000;0.00002;0.00000;0.00000;0.00000;0.00001;0.00000;0.00000;0.00003;0.00000;0.00005;0.00000;0.00000;0.00000;0.00006;0.00002;0.00001;0.00001;0.00000;0.00000;0.00000;0.00000;0.00001;0.00002;0.00000;0.00000;0.00000;0.00001;0.00002;0.00000;0.00006;0.00000;0.00001;0.00001;0.00000;0.00001;0.00000;0.00001;0.00003;0.00003;0.00000;0.00001;0.00000;0.00000;0.00000;0.00000;0.00003;0.00000;0.00000;0.00000;0.00000;0.00000;0.00000;0.00002;0.00000;0.00001;0.00000;0.00000;0.00000;0.00000;0.00000;0.00004;0.00000;0.00000;0.00000;0.00000;0.00000;0.00011;0.00000;0.00000;0.00000;0.00000;0.00004;0.00000;0.00000;0.00001;0.00001;0.00003;0.00000;0.00000;0.00001;0.00004;0.00003;0.00000;0.00002;0.00002;0.00000;0.00000;0.00000;0.00000;0.00004;0.00005;0.00000;0.00000;0.00003;0.00001;0.00006;0.00007;0.00318;0.00026;0.00001;0.00000;0.00001;0.00000;0.00001;0.00075;0.00002;0.00001;0.00001;0.00001;0.00001;0.00002;0.00001;0.00001;0.00000;0.00000;0.00001;0.00001;0.00001;0.00000;0.00001;0.00000;0.00000;0.00002;0.00000;0.00002;0.00000;0.00000;0.00001;0.00004;0.00000;0.00000;0.00001;0.00001;0.00002;0.00000;0.00001;0.00000;0.00001;0.00000;0.00000;0.00007;0.00001;0.00001;0.00003;0.00002;0.00001;0.00003;0.00022;0.00003;0.00007;0.00001;0.00001;0.00001;0.00001;0.00047;0.00000;0.00000;0.00001;0.00000;0.00020;0.00043;0.00012;0.00005;0.00004;0.00001;0.00001;0.00008;0.00016;0.00013;0.00016;0.00006;0.00002;0.00008;0.00000;0.00010;0.00011;0.00003;0.00026;0.00014;0.00000;0.00031;0.00027;0.00002;0.00003;0.00001;0.00004;0.00019;0.00050;0.00032;0.00021;0.00032;0.00000;0.00000;0.00032;0.00025;0.00006;0.00005;0.00003;0.00002;0.00055;0.00001;0.00004;0.00003;0.00018;0.00002;0.00004;0.00000;0.00002;0.00002;0.00003;0.00020;0.00004;0.00023;0.00028;0.00020;0.00002;0.00061;0.00002;0.00002;0.00000;0.00040;0.00035;0.00036;0.00011;0.00015;0.00025;0.00005;0.00008;0.00007;0.00008;0.00013;0.00001;0.00004;0.00000;0.00005;0.00003;0.00001;0.00001;0.00003;0.00008;0.00004;0.00007;0.00003;0.00000;0.00000;0.00000;0.00000;0.00006;0.00022;0.00001;0.00001;0.00004;0.00003;0.00001;0.00003;0.00002;0.00000;0.00001;0.00001;0.00000;0.00000;0.00001;0.00000;0.00000;0.00004;0.00002;0.00003;0.00001;0.00001;0.00005;0.00003;0.00019;0.00015;0.00007;0.00024;0.00015;0.00013;0.00008;0.00003;0.00003;0.00002;0.00005;0.00003;0.00000;0.00000;0.00002;0.00015;0.00017;0.00003;0.00001;0.00002;0.00005;0.00001;0.00001;0.00000;0.00001;0.00001;0.00002;0.00009;0.00004;0.00002;0.00012;0.00013;0.00006;0.00004;0.00002;0.00003;0.00003;0.00035;0.00012;0.00001;0.00002;0.00006;0.00002;0.00000;0.00001;0.00001;0.00003;0.00007;0.00004;0.00011;0.00002;0.00004;0.00005;0.00004;0.00002;0.00000;0.00004;0.00000;0.00001;0.00000;0.00000;0.00000;0.00001;0.00001;0.00001;0.00008;0.00004;0.00000;0.00001;0.00001;0.00001;0.00001;0.00001;0.00002;0.00001;0.00001;0.00033;0.00025;0.00002;0.00006;0.00003;0.00000;0.00001;0.00000;0.00000;0.00011;0.00015;0.00000;0.00000;0.00000;0.00000;0.00000;0.00005;0.00007;0.00000;0.00001;0.00002;0.00008;0.00003;0.00000;0.00000;0.00001;0.00001;0.00002;0.00003;0.00005;0.00007;0.00000;0.00000;0.00036;0.00000;0.00001;0.00000;0.00005;0.00006;0.00001;0.00004;0.00007;0.00003;0.00002;0.00000;0.00001;0.00011;0.00012;0.00003;0.00042;0.00087;0.00002;0.00016;0.00028;0.00008;0.00010;0.00010;0.00033;0.00013;0.00018;0.00004;0.00029;0.00015;0.00004;0.00002;0.00050;0.00005;0.00008;0.00016;0.00000;0.00011;0.00006;0.00004;0.00001;0.00005;0.00002;0.00017;0.00000;0.00000;0.00000;0.00000;0.00001;0.00069;0.00007;0.00008;0.00000;0.00000;0.00041;0.00001;0.00001;0.00002;0.00002;0.00001;0.00000;0.00004;0.00001;0.00002;0.00002;0.00001;0.00001;0.00037;0.00002;0.00012;0.00003;0.00005;0.00008;0.00005;0.00006;0.00001;0.00001;0.00001;0.00012;0.00005;0.00000;0.00000;0.00006;0.00001;0.00000;0.00001;0.00003;0.00000;0.00008;0.00016;0.00092;0.00002;0.00001;0.00000;0.00001;0.00000;0.00069;0.00000;0.00001;0.00002;0.00000;0.00000;0.00003;0.00000;0.00000;0.00001;0.00003;0.00007;0.00003;0.00001;0.00000;0.00000
2020-06-15 00:00;0.00001;0.00011;0.00000;0.00001;0.00000;0.00000;0.00000;0.00001;0.00000;0.00000;0.00002;0.00000;0.00005;0.00000;0.00000;0.00000;0.00006;0.00002;0.00001;0.00001;0.00000;0.00000;0.00000;0.00000;0.00001;0.00002;0.00000;0.00000;0.00000;0.00001;0.00002;0.00000;0.00006;0.00000;0.00000;0.00001;0.00000;0.00001;0.00000;0.00001;0.00003;0.00003;0.00000;0.00001;0.00000;0.00000;0.00000;0.00000;0.00003;0.00000;0.00000;0.00000;0.00000;0.00000;0.00000;0.00001;0.00000;0.00001;0.00000;0.00000;0.00000;0.00000;0.00000;0.00004;0.00000;0.00000;0.00000;0.00000;0.00000;0.00010;0.00000;0.00000;0.00000;0.00000;0.00004;0.00000;0.00000;0.00001;0.00001;0.00003;0.00000;0.00000;0.00001;0.00004;0.00003;0.00000;0.00002;0.00002;0.00000;0.00000;0.00000;0.00000;0.00004;0.00005;0.00000;0.00000;0.00003;0.00001;0.00006;0.00006;0.00315;0.00026;0.00001;0.00000;0.00001;0.00000;0.00001;0.00075;0.00002;0.00001;0.00001;0.00001;0.00001;0.00002;0.00001;0.00001;0.00000;0.00000;0.00001;0.00001;0.00001;0.00000;0.00001;0.00000;0.00000;0.00002;0.00000;0.00002;0.00000;0.00000;0.00001;0.00004;0.00000;0.00000;0.00001;0.00001;0.00002;0.00000;0.00001;0.00000;0.00001;0.00000;0.00000;0.00007;0.00001;0.00001;0.00003;0.00002;0.00001;0.00003;0.00022;0.00003;0.00007;0.00001;0.00001;0.00001;0.00001;0.00046;0.00000;0.00000;0.00001;0.00000;0.00020;0.00041;0.00012;0.00005;0.00004;0.00001;0.00001;0.00007;0.00016;0.00014;0.00019;0.00005;0.00002;0.00012;0.00000;0.00006;0.00010;0.00001;0.00026;0.00014;0.00000;0.00032;0.00023;0.00002;0.00003;0.00001;0.00004;0.00013;0.00048;0.00029;0.00022;0.00033;0.00000;0.00000;0.00035;0.00025;0.00006;0.00005;0.00003;0.00002;0.00052;0.00001;0.00005;0.00003;0.00016;0.00002;0.00004;0.00000;0.00002;0.00002;0.00003;0.00020;0.00004;0.00019;0.00028;0.00018;0.00002;0.00053;0.00002;0.00002;0.00000;0.00037;0.00037;0.00029;0.00012;0.00015;0.00025;0.00005;0.00008;0.00007;0.00008;0.00009;0.00001;0.00004;0.00000;0.00004;0.00002;0.00001;0.00001;0.00003;0.00006;0.00004;0.00007;0.00003;0.00000;0.00000;0.00000;0.00000;0.00006;0.00021;0.00001;0.00001;0.00004;0.00002;0.00000;0.00003;0.00002;0.00000;0.00001;0.00001;0.00000;0.00000;0.00001;0.00000;0.00000;0.00004;0.00002;0.00003;0.00001;0.00001;0.00003;0.00004;0.00018;0.00015;0.00007;0.00024;0.00014;0.00013;0.00008;0.00003;0.00003;0.00002;0.00004;0.00003;0.00000;0.00000;0.00002;0.00011;0.00012;0.00002;0.00001;0.00002;0.00004;0.00000;0.00001;0.00000;0.00001;0.00001;0.00002;0.00009;0.00003;0.00001;0.00010;0.00006;0.00005;0.00003;0.00003;0.00003;0.00003;0.00034;0.00012;0.00001;0.00002;0.00005;0.00002;0.00000;0.00000;0.00001;0.00003;0.00004;0.00004;0.00011;0.00002;0.00003;0.00002;0.00003;0.00003;0.00000;0.00002;0.00000;0.00001;0.00000;0.00000;0.00000;0.00001;0.00001;0.00001;0.00006;0.00003;0.00000;0.00001;0.00001;0.00001;0.00001;0.00001;0.00002;0.00001;0.00001;0.00028;0.00025;0.00003;0.00005;0.00003;0.00000;0.00001;0.00001;0.00000;0.00011;0.00015;0.00000;0.00000;0.00000;0.00000;0.00000;0.00006;0.00003;0.00000;0.00001;0.00002;0.00007;0.00003;0.00000;0.00000;0.00001;0.00001;0.00002;0.00002;0.00005;0.00007;0.00000;0.00000;0.00022;0.00000;0.00000;0.00001;0.00005;0.00006;0.00001;0.00004;0.00006;0.00002;0.00002;0.00000;0.00001;0.00010;0.00012;0.00003;0.00039;0.00086;0.00002;0.00016;0.00029;0.00010;0.00010;0.00010;0.00026;0.00014;0.00020;0.00004;0.00030;0.00017;0.00004;0.00002;0.00048;0.00005;0.00008;0.00013;0.00000;0.00010;0.00005;0.00004;0.00001;0.00002;0.00002;0.00016;0.00000;0.00000;0.00000;0.00000;0.00001;0.00069;0.00007;0.00008;0.00000;0.00000;0.00041;0.00001;0.00001;0.00002;0.00002;0.00001;0.00000;0.00004;0.00001;0.00002;0.00002;0.00001;0.00001;0.00037;0.00002;0.00012;0.00003;0.00005;0.00008;0.00005;0.00006;0.00001;0.00001;0.00001;0.00012;0.00005;0.00000;0.00000;0.00006;0.00001;0.00000;0.00001;0.00003;0.00000;0.00008;0.00016;0.00092;0.00002;0.00001;0.00000;0.00001;0.00000;0.00057;0.00000;0.00001;0.00001;0.00000;0.00000;0.00001;0.00000;0.00000;0.00001;0.00003;0.00007;0.00003;0.00001;0.00000;0.00000
2020-06-16 00:00;0.00001;0.00010;0.00000;0.00001;0.00000;0.00000;0.00000;0.00001;0.00000;0.00000;0.00002;0.00000;0.00005;0.00000;0.00000;0.00000;0.00006;0.00002;0.00001;0.00001;0.00000;0.00000;0.00000;0.00000;0.00001;0.00002;0.00000;0.00000;0.00000;0.00001;0.00002;0.00000;0.00006;0.00000;0.00000;0.00001;0.00000;0.00001;0.00000;0.00001;0.00003;0.00003;0.00000;0.00001;0.00000;0.00000;0.00000;0.00000;0.00003;0.00000;0.00000;0.00000;0.00000;0.00000;0.00000;0.00001;0.00000;0.00001;0.00000;0.00000;0.00000;0.00000;0.00000;0.00004;0.00000;0.00000;0.00000;0.00000;0.00000;0.00010;0.00000;0.00000;0.00000;0.00000;0.00004;0.00000;0.00000;0.00001;0.00001;0.00003;0.00000;0.00000;0.00001;0.00004;0.00003;0.00000;0.00002;0.00002;0.00000;0.00000;0.00000;0.00000;0.00004;0.00005;0.00000;0.00000;0.00003;0.00001;0.00006;0.00006;0.00314;0.00026;0.00001;0.00000;0.00001;0.00000;0.00001;0.00075;0.00002;0.00001;0.00001;0.00001;0.00001;0.00002;0.00001;0.00001;0.00000;0.00000;0.00001;0.00001;0.00001;0.00000;0.00001;0.00000;0.00000;0.00002;0.00000;0.00002;0.00000;0.00000;0.00001;0.00004;0.00000;0.00000;0.00001;0.00001;0.00002;0.00000;0.00001;0.00000;0.00001;0.00000;0.00000;0.00007;0.00001;0.00001;0.00003;0.00002;0.00001;0.00003;0.00022;0.00003;0.00007;0.00001;0.00001;0.00001;0.00001;0.00045;0.00000;0.00000;0.00001;0.00000;0.00020;0.00041;0.00012;0.00005;0.00004;0.00001;0.00001;0.00007;0.00016;0.00012;0.00015;0.00005;0.00002;0.00007;0.00000;0.00008;0.00010;0.00002;0.00025;0.00014;0.00000;0.00030;0.00026;0.00002;0.00003;0.00001;0.00004;0.00014;0.00045;0.00030;0.00021;0.00030;0.00000;0.00000;0.00029;0.00024;0.00005;0.00005;0.00003;0.00002;0.00048;0.00001;0.00004;0.00003;0.00016;0.00002;0.00004;0.00000;0.00002;0.00002;0.00003;0.00019;0.00004;0.00021;0.00024;0.00019;0.00002;0.00045;0.00002;0.00002;0.00000;0.00038;0.00034;0.00032;0.00011;0.00015;0.00024;0.00005;0.00007;0.00007;0.00008;0.00006;0.00001;0.00003;0.00000;0.00004;0.00001;0.00001;0.00001;0.00003;0.00005;0.00004;0.00007;0.00003;0.00000;0.00000;0.00000;0.00000;0.00006;0.00021;0.00001;0.00001;0.00004;0.00003;0.00000;0.00003;0.00002;0.00000;0.00000;0.00001;0.00000;0.00000;0.00001;0.00000;0.00000;0.00003;0.00002;0.00001;0.00001;0.00001;0.00002;0.00003;0.00016;0.00015;0.00006;0.00024;0.00014;0.00013;0.00008;0.00003;0.00003;0.00002;0.00004;0.00003;0.00000;0.00000;0.00002;0.00007;0.00009;0.00001;0.00001;0.00002;0.00003;0.00000;0.00001;0.00000;0.00001;0.00001;0.00002;0.00009;0.00002;0.00001;0.00008;0.00000;0.00005;0.00003;0.00002;0.00003;0.00003;0.00034;0.00011;0.00001;0.00002;0.00003;0.00002;0.00000;0.00000;0.00001;0.00003;0.00000;0.00004;0.00010;0.00002;0.00003;0.00000;0.00003;0.00002;0.00000;0.00001;0.00000;0.00001;0.00000;0.00000;0.00000;0.00001;0.00001;0.00001;0.00008;0.00003;0.00000;0.00001;0.00001;0.00001;0.00001;0.00001;0.00002;0.00001;0.00000;0.00026;0.00025;0.00002;0.00005;0.00003;0.00000;0.00001;0.00000;0.00000;0.00010;0.00014;0.00000;0.00000;0.00000;0.00000;0.00000;0.00003;0.00000;0.00000;0.00001;0.00002;0.00007;0.00003;0.00000;0.00000;0.00000;0.00001;0.00002;0.00002;0.00005;0.00007;0.00000;0.00000;0.00007;0.00000;0.00000;0.00000;0.00005;0.00006;0.00000;0.00004;0.00006;0.00001;0.00002;0.00000;0.00001;0.00010;0.00012;0.00003;0.00041;0.00085;0.00002;0.00016;0.00026;0.00004;0.00008;0.00009;0.00020;0.00013;0.00016;0.00004;0.00028;0.00014;0.00004;0.00001;0.00045;0.00005;0.00008;0.00012;0.00000;0.00010;0.00005;0.00004;0.00001;0.00004;0.00002;0.00016;0.00000;0.00000;0.00000;0.00000;0.00001;0.00069;0.00007;0.00008;0.00000;0.00000;0.00040;0.00001;0.00001;0.00002;0.00002;0.00001;0.00000;0.00004;0.00001;0.00002;0.00002;0.00001;0.00001;0.00037;0.00002;0.00012;0.00003;0.00005;0.00008;0.00005;0.00006;0.00001;0.00001;0.00001;0.00012;0.00005;0.00000;0.00000;0.00006;0.00001;0.00000;0.00001;0.00003;0.00000;0.00008;0.00016;0.00092;0.00002;0.00001;0.00000;0.00001;0.00000;0.00055;0.00000;0.00001;0.00001;0.00000;0.00000;0.00000;0.00000;0.00000;0.00001;0.00003;0.00007;0.00003;0.00001;0.00000;0.00000
2020-06-17 00:00;0.00001;0.00009;0.00000;0.00001;0.00000;0.00000;0.00000;0.00001;0.00000;0.00000;0.00002;0.00000;0.00005;0.00000;0.00000;0.00000;0.00006;0.00002;0.00001;0.00001;0.00000;0.00000;0.00000;0.00000;0.00001;0.00002;0.00000;0.00000;0.00000;0.00001;0.00002;0.00000;0.00006;0.00000;0.00000;0.00001;0.00000;0.00001;0.00000;0.00001;0.00003;0.00003;0.00000;0.00001;0.00000;0.00000;0.00000;0.00000;0.00003;0.00000;0.00000;0.00000;0.00000;0.00000;0.00000;0.00001;0.00000;0.00001;0.00000;0.00000;0.00000;0.00000;0.00000;0.00004;0.00000;0.00000;0.00000;0.00000;0.00000;0.00010;0.00000;0.00000;0.00000;0.00000;0.00004;0.00000;0.00000;0.00001;0.00001;0.00002;0.00000;0.00000;0.00001;0.00004;0.00003;0.00000;0.00002;0.00002;0.00000;0.00000;0.00000;0.00000;0.00004;0.00005;0.00000;0.00000;0.00003;0.00001;0.00006;0.00006;0.00313;0.00025;0.00001;0.00000;0.00001;0.00000;0.00001;0.00075;0.00002;0.00001;0.00001;0.00001;0.00001;0.00001;0.00001;0.00001;0.00000;0.00000;0.00001;0.00001;0.00001;0.00000;0.00001;0.00000;0.00000;0.00002;0.00000;0.00002;0.00000;0.00000;0.00001;0.00004;0.00000;0.00000;0.00001;0.00001;0.00002;0.00000;0.00001;0.00000;0.00001;0.00000;0.00000;0.00006;0.00001;0.00001;0.00003;0.00002;0.00001;0.00003;0.00022;0.00003;0.00007;0.00001;0.00001;0.00001;0.00001;0.00045;0.00000;0.00000;0.00001;0.00000;0.00020;0.00041;0.00012;0.00005;0.00004;0.00001;0.00001;0.00007;0.00016;0.00011;0.00013;0.00004;0.00002;0.00009;0.00000;0.00005;0.00010;0.00001;0.00023;0.00013;0.00000;0.00028;0.00022;0.00002;0.00003;0.00001;0.00004;0.00011;0.00042;0.00028;0.00020;0.00028;0.00000;0.00000;0.00027;0.00023;0.00005;0.00005;0.00003;0.00002;0.00043;0.00001;0.00004;0.00002;0.00016;0.00002;0.00004;0.00000;0.00002;0.00002;0.00003;0.00019;0.00004;0.00019;0.00021;0.00017;0.00002;0.00039;0.00002;0.00002;0.00000;0.00036;0.00033;0.00028;0.00011;0.00015;0.00023;0.00005;0.00007;0.00007;0.00008;0.00006;0.00001;0.00003;0.00000;0.00004;0.00001;0.00001;0.00001;0.00003;0.00004;0.00004;0.00007;0.00003;0.00000;0.00000;0.00000;0.00000;0.00005;0.00020;0.00001;0.00000;0.00004;0.00002;0.00000;0.00003;0.00002;0.00000;0.00000;0.00001;0.00000;0.00000;0.00001;0.00000;0.00000;0.00003;0.00001;0.00001;0.00001;0.00001;0.00002;0.00003;0.00015;0.00014;0.00006;0.00023;0.00014;0.00013;0.00008;0.00003;0.00003;0.00002;0.00004;0.00003;0.00000;0.00000;0.00002;0.00007;0.00008;0.00001;0.00001;0.00002;0.00003;0.00000;0.00001;0.00000;0.00001;0.00001;0.00002;0.00009;0.00002;0.00001;0.00006;0.00000;0.00005;0.00003;0.00002;0.00002;0.00003;0.00032;0.00011;0.00001;0.00002;0.00000;0.00002;0.00000;0.00000;0.00001;0.00003;0.00000;0.00004;0.00010;0.00002;0.00003;0.00000;0.00003;0.00002;0.00000;0.00001;0.00000;0.00001;0.00000;0.00000;0.00000;0.00001;0.00001;0.00001;0.00006;0.00003;0.00000;0.00001;0.00001;0.00001;0.00001;0.00001;0.00002;0.00001;0.00000;0.00025;0.00025;0.00002;0.00004;0.00003;0.00000;0.00001;0.00000;0.00000;0.00010;0.00014;0.00000;0.00000;0.00000;0.00000;0.00000;0.00001;0.00000;0.00000;0.00001;0.00002;0.00007;0.00003;0.00000;0.00000;0.00000;0.00001;0.00002;0.00001;0.00005;0.00007;0.00000;0.00000;0.00007;0.00000;0.00000;0.00000;0.00005;0.00006;0.00000;0.00004;0.00006;0.00001;0.00002;0.00000;0.00001;0.00010;0.00012;0.00003;0.00038;0.00084;0.00002;0.00015;0.00025;0.00001;0.00005;0.00009;0.00019;0.00012;0.00015;0.00004;0.00027;0.00014;0.00004;0.00001;0.00039;0.00005;0.00007;0.00011;0.00000;0.00010;0.00004;0.00003;0.00001;0.00001;0.00002;0.00016;0.00000;0.00000;0.00000;0.00000;0.00001;0.00069;0.00007;0.00007;0.00000;0.00000;0.00040;0.00001;0.00001;0.00002;0.00002;0.00001;0.00000;0.00004;0.00001;0.00002;0.00002;0.00001;0.00001;0.00037;0.00002;0.00011;0.00003;0.00005;0.00008;0.00005;0.00006;0.00001;0.00001;0.00001;0.00012;0.00005;0.00000;0.00000;0.00006;0.00001;0.00000;0.00000;0.00003;0.00000;0.00008;0.00015;0.00091;0.00002;0.00001;0.00000;0.00001;0.00000;0.00054;0.00000;0.00001;0.00001;0.00000;0.00000;0.00000;0.00000;0.00000;0.00001;0.00003;0.00007;0.00003;0.00001;0.00000;0.00000
2020-06-18 00:00;0.00001;0.00008;0.00000;0.00001;0.00000;0.00000;0.00000;0.00001;0.00000;0.00000;0.00002;0.00000;0.00005;0.00000;0.00000;0.00000;0.00005;0.00002;0.00001;0.00001;0.00000;0.00000;0.00000;0.00000;0.00001;0.00002;0.00000;0.00000;0.00000;0.00001;0.00002;0.00000;0.00006;0.00000;0.00000;0.00001;0.00000;0.00001;0.00000;0.00001;0.00003;0.00003;0.00000;0.00001;0.00000;0.00000;0.00000;0.00000;0.00003;0.00000;0.00000;0.00000;0.00000;0.00000;0.00000;0.00001;0.00000;0.00001;0.00000;0.00000;0.00000;0.00000;0.00000;0.00004;0.00000;0.00000;0.00000;0.00000;0.00000;0.00010;0.00000;0.00000;0.00000;0.00000;0.00004;0.00000;0.00000;0.00001;0.00001;0.00003;0.00000;0.00000;0.00001;0.00004;0.00003;0.00000;0.00002;0.00002;0.00000;0.00000;0.00000;0.00000;0.00004;0.00005;0.00000;0.00000;0.00003;0.00001;0.00006;0.00006;0.00311;0.00025;0.00001;0.00000;0.00001;0.00000;0.00001;0.00074;0.00002;0.00001;0.00001;0.00001;0.00001;0.00001;0.00001;0.00001;0.00000;0.00000;0.00001;0.00001;0.00001;0.00000;0.00001;0.00000;0.00000;0.00002;0.00000;0.00002;0.00000;0.00000;0.00001;0.00004;0.00000;0.00000;0.00001;0.00001;0.00002;0.00000;0.00001;0.00000;0.00001;0.00000;0.00000;0.00006;0.00001;0.00001;0.00003;0.00002;0.00001;0.00003;0.00022;0.00003;0.00007;0.00001;0.00001;0.00001;0.00001;0.00045;0.00000;0.00000;0.00001;0.00000;0.00020;0.00041;0.00012;0.00005;0.00004;0.00001;0.00001;0.00007;0.00016;0.00011;0.00013;0.00004;0.00002;0.00005;0.00000;0.00005;0.00010;0.00002;0.00023;0.00013;0.00000;0.00028;0.00023;0.00002;0.00003;0.00001;0.00003;0.00008;0.00041;0.00026;0.00019;0.00027;0.00000;0.00000;0.00025;0.00023;0.00005;0.00005;0.00003;0.00002;0.00041;0.00001;0.00003;0.00002;0.00015;0.00002;0.00004;0.00000;0.00002;0.00002;0.00003;0.00019;0.00004;0.00019;0.00021;0.00017;0.00002;0.00029;0.00002;0.00002;0.00000;0.00035;0.00032;0.00026;0.00010;0.00015;0.00023;0.00005;0.00007;0.00007;0.00008;0.00006;0.00001;0.00003;0.00000;0.00004;0.00001;0.00001;0.00001;0.00003;0.00004;0.00004;0.00007;0.00003;0.00000;0.00000;0.00000;0.00000;0.00005;0.00020;0.00001;0.00000;0.00004;0.00002;0.00000;0.00003;0.00002;0.00000;0.00000;0.00001;0.00000;0.00000;0.00001;0.00000;0.00000;0.00003;0.00001;0.00001;0.00001;0.00001;0.00002;0.00002;0.00015;0.00014;0.00006;0.00023;0.00014;0.00013;0.00008;0.00003;0.00003;0.00002;0.00003;0.00003;0.00000;0.00000;0.00002;0.00007;0.00008;0.00001;0.00001;0.00002;0.00003;0.00000;0.00001;0.00000;0.00001;0.00001;0.00002;0.00009;0.00002;0.00001;0.00006;0.00000;0.00005;0.00003;0.00002;0.00002;0.00003;0.00032;0.00011;0.00001;0.00002;0.00000;0.00002;0.00000;0.00000;0.00001;0.00003;0.00000;0.00004;0.00009;0.00002;0.00003;0.00000;0.00003;0.00002;0.00000;0.00001;0.00000;0.00001;0.00000;0.00000;0.00000;0.00001;0.00001;0.00001;0.00008;0.00003;0.00000;0.00001;0.00001;0.00001;0.00001;0.00001;0.00002;0.00001;0.00000;0.00024;0.00025;0.00001;0.00003;0.00003;0.00000;0.00001;0.00000;0.00000;0.00010;0.00014;0.00000;0.00000;0.00000;0.00000;0.00000;0.00001;0.00000;0.00000;0.00001;0.00002;0.00007;0.00003;0.00000;0.00000;0.00000;0.00001;0.00002;0.00001;0.00005;0.00007;0.00000;0.00000;0.00007;0.00000;0.00000;0.00000;0.00005;0.00005;0.00000;0.00004;0.00006;0.00001;0.00002;0.00000;0.00001;0.00010;0.00011;0.00003;0.00038;0.00083;0.00002;0.00015;0.00024;0.00001;0.00005;0.00009;0.00018;0.00012;0.00015;0.00004;0.00027;0.00013;0.00004;0.00001;0.00038;0.00005;0.00007;0.00008;0.00000;0.00010;0.00004;0.00003;0.00001;0.00001;0.00002;0.00016;0.00000;0.00000;0.00000;0.00000;0.00001;0.00068;0.00007;0.00007;0.00000;0.00000;0.00039;0.00001;0.00001;0.00002;0.00002;0.00001;0.00000;0.00004;0.00001;0.00002;0.00002;0.00001;0.00001;0.00036;0.00002;0.00011;0.00003;0.00005;0.00008;0.00005;0.00006;0.00001;0.00001;0.00001;0.00012;0.00005;0.00000;0.00000;0.00006;0.00001;0.00000;0.00000;0.00003;0.00000;0.00008;0.00015;0.00091;0.00002;0.00001;0.00000;0.00001;0.00000;0.00054;0.00000;0.00001;0.00001;0.00000;0.00000;0.00000;0.00000;0.00000;0.00001;0.00003;0.00007;0.00003;0.00001;0.00000;0.00000
2020-06-19 00:00;0.00001;0.00004;0.00000;0.00001;0.00000;0.00000;0.00000;0.00001;0.00000;0.00000;0.00002;0.00000;0.00004;0.00000;0.00000;0.00000;0.00005;0.00002;0.00001;0.00001;0.00000;0.00000;0.00000;0.00000;0.00001;0.00002;0.00000;0.00000;0.00000;0.00000;0.00002;0.00000;0.00006;0.00000;0.00000;0.00001;0.00000;0.00001;0.00000;0.00001;0.00003;0.00003;0.00000;0.00001;0.00000;0.00000;0.00000;0.00000;0.00003;0.00000;0.00000;0.00000;0.00000;0.00000;0.00000;0.00001;0.00000;0.00001;0.00000;0.00000;0.00000;0.00000;0.00000;0.00003;0.00000;0.00000;0.00000;0.00000;0.00000;0.00009;0.00000;0.00000;0.00000;0.00000;0.00004;0.00000;0.00000;0.00001;0.00001;0.00002;0.00000;0.00000;0.00000;0.00004;0.00003;0.00000;0.00002;0.00002;0.00000;0.00000;0.00000;0.00000;0.00004;0.00005;0.00000;0.00000;0.00003;0.00001;0.00005;0.00006;0.00310;0.00025;0.00001;0.00000;0.00001;0.00000;0.00001;0.00074;0.00002;0.00001;0.00001;0.00001;0.00001;0.00001;0.00001;0.00001;0.00000;0.00000;0.00001;0.00001;0.00001;0.00000;0.00001;0.00000;0.00000;0.00002;0.00000;0.00002;0.00000;0.00000;0.00001;0.00004;0.00000;0.00000;0.00001;0.00001;0.00002;0.00000;0.00001;0.00000;0.00001;0.00000;0.00000;0.00006;0.00001;0.00001;0.00003;0.00002;0.00001;0.00003;0.00022;0.00003;0.00007;0.00001;0.00001;0.00001;0.00001;0.00044;0.00000;0.00000;0.00001;0.00000;0.00020;0.00040;0.00012;0.00005;0.00004;0.00001;0.00001;0.00007;0.00016;0.00011;0.00012;0.00004;0.00002;0.00007;0.00000;0.00004;0.00010;0.00001;0.00023;0.00013;0.00000;0.00027;0.00021;0.00001;0.00003;0.00001;0.00003;0.00008;0.00040;0.00026;0.00019;0.00026;0.00000;0.00000;0.00023;0.00023;0.00004;0.00005;0.00003;0.00002;0.00041;0.00001;0.00003;0.00002;0.00014;0.00002;0.00004;0.00000;0.00002;0.00002;0.00003;0.00019;0.00004;0.00017;0.00020;0.00016;0.00002;0.00027;0.00002;0.00002;0.00000;0.00034;0.00031;0.00025;0.00010;0.00014;0.00023;0.00005;0.00007;0.00006;0.00008;0.00005;0.00001;0.00003;0.00000;0.00004;0.00001;0.00001;0.00001;0.00003;0.00004;0.00004;0.00006;0.00003;0.00000;0.00000;0.00000;0.00000;0.00005;0.00020;0.00001;0.00000;0.00004;0.00002;0.00000;0.00002;0.00002;0.00000;0.00000;0.00001;0.00000;0.00000;0.00001;0.00000;0.00000;0.00003;0.00001;0.00001;0.00001;0.00001;0.00002;0.00003;0.00014;0.00014;0.00006;0.00022;0.00013;0.00012;0.00007;0.00003;0.00003;0.00002;0.00003;0.00003;0.00000;0.00000;0.00002;0.00007;0.00008;0.00001;0.00001;0.00002;0.00003;0.00000;0.00001;0.00000;0.00001;0.00001;0.00002;0.00008;0.00002;0.00001;0.00006;0.00000;0.00005;0.00003;0.00002;0.00002;0.00002;0.00031;0.00011;0.00001;0.00002;0.00000;0.00001;0.00000;0.00000;0.00001;0.00003;0.00000;0.00003;0.00009;0.00002;0.00003;0.00000;0.00003;0.00002;0.00000;0.00001;0.00000;0.00001;0.00000;0.00000;0.00000;0.00001;0.00001;0.00001;0.00005;0.00003;0.00000;0.00001;0.00001;0.00001;0.00001;0.00001;0.00002;0.00001;0.00000;0.00024;0.00023;0.00001;0.00004;0.00003;0.00000;0.00001;0.00000;0.00000;0.00010;0.00014;0.00000;0.00000;0.00000;0.00000;0.00000;0.00001;0.00000;0.00000;0.00001;0.00002;0.00007;0.00002;0.00000;0.00000;0.00000;0.00001;0.00002;0.00001;0.00005;0.00007;0.00000;0.00000;0.00007;0.00000;0.00000;0.00000;0.00004;0.00005;0.00000;0.00004;0.00006;0.00001;0.00002;0.00000;0.00001;0.00010;0.00011;0.00003;0.00036;0.00081;0.00002;0.00015;0.00024;0.00001;0.00005;0.00009;0.00017;0.00012;0.00014;0.00004;0.00026;0.00013;0.00004;0.00001;0.00037;0.00005;0.00007;0.00007;0.00000;0.00009;0.00004;0.00003;0.00001;0.00000;0.00002;0.00016;0.00000;0.00000;0.00000;0.00000;0.00001;0.00068;0.00007;0.00007;0.00000;0.00000;0.00038;0.00001;0.00001;0.00002;0.00002;0.00001;0.00000;0.00004;0.00001;0.00002;0.00002;0.00001;0.00001;0.00036;0.00002;0.00011;0.00003;0.00004;0.00008;0.00005;0.00006;0.00001;0.00001;0.00001;0.00012;0.00005;0.00000;0.00000;0.00006;0.00001;0.00000;0.00000;0.00003;0.00000;0.00008;0.00015;0.00090;0.00002;0.00001;0.00000;0.00001;0.00000;0.00052;0.00000;0.00001;0.00001;0.00000;0.00000;0.00000;0.00000;0.00000;0.00001;0.00003;0.00007;0.00003;0.00001;0.00000;0.00000
2020-06-20 00:00;0.00001;0.00002;0.00000;0.00001;0.00000;0.00000;0.00000;0.00001;0.00000;0.00000;0.00002;0.00000;0.00004;0.00000;0.00000;0.00000;0.00004;0.00002;0.00001;0.00001;0.00000;0.00000;0.00000;0.00000;0.00001;0.00002;0.00000;0.00000;0.00000;0.00001;0.00002;0.00000;0.00006;0.00000;0.00000;0.00001;0.00000;0.00001;0.00000;0.00001;0.00003;0.00003;0.00000;0.00001;0.00000;0.00000;0.00000;0.00000;0.00003;0.00000;0.00000;0.00000;0.00000;0.00000;0.00000;0.00001;0.00000;0.00001;0.00000;0.00000;0.00000;0.00000;0.00000;0.00003;0.00000;0.00000;0.00000;0.00000;0.00000;0.00009;0.00000;0.00000;0.00000;0.00000;0.00004;0.00000;0.00000;0.00001;0.00001;0.00002;0.00000;0.00000;0.00001;0.00004;0.00003;0.00000;0.00002;0.00002;0.00000;0.00000;0.00000;0.00000;0.00004;0.00005;0.00000;0.00000;0.00003;0.00001;0.00005;0.00006;0.00308;0.00025;0.00001;0.00000;0.00001;0.00000;0.00001;0.00073;0.00002;0.00001;0.00001;0.00001;0.00001;0.00001;0.00001;0.00001;0.00000;0.00000;0.00001;0.00001;0.00001;0.00000;0.00001;0.00000;0.00000;0.00002;0.00000;0.00002;0.00000;0.00000;0.00001;0.00004;0.00000;0.00000;0.00001;0.00001;0.00002;0.00000;0.00001;0.00000;0.00001;0.00000;0.00000;0.00006;0.00001;0.00001;0.00003;0.00002;0.00001;0.00003;0.00022;0.00003;0.00007;0.00001;0.00001;0.00001;0.00001;0.00044;0.00000;0.00000;0.00001;0.00000;0.00019;0.00040;0.00012;0.00005;0.00004;0.00001;0.00001;0.00007;0.00016;0.00011;0.00012;0.00004;0.00002;0.00004;0.00000;0.00004;0.00010;0.00001;0.00022;0.00013;0.00000;0.00027;0.00021;0.00001;0.00003;0.00001;0.00003;0.00008;0.00040;0.00025;0.00019;0.00026;0.00000;0.00000;0.00023;0.00022;0.00004;0.00005;0.00003;0.00002;0.00040;0.00001;0.00003;0.00002;0.00015;0.00002;0.00004;0.00000;0.00002;0.00002;0.00003;0.00018;0.00004;0.00019;0.00020;0.00016;0.00002;0.00026;0.00002;0.00002;0.00000;0.00034;0.00030;0.00025;0.00010;0.00014;0.00022;0.00005;0.00007;0.00006;0.00007;0.00005;0.00001;0.00003;0.00000;0.00004;0.00001;0.00001;0.00001;0.00003;0.00004;0.00004;0.00006;0.00003;0.00000;0.00000;0.00000;0.00000;0.00005;0.00019;0.00001;0.00000;0.00004;0.00002;0.00000;0.00002;0.00002;0.00000;0.00000;0.00001;0.00000;0.00000;0.00001;0.00000;0.00000;0.00003;0.00001;0.00001;0.00001;0.00001;0.00002;0.00002;0.00014;0.00014;0.00006;0.00022;0.00013;0.00012;0.00007;0.00003;0.00003;0.00002;0.00003;0.00003;0.00000;0.00000;0.00002;0.00006;0.00008;0.00001;0.00001;0.00002;0.00003;0.00000;0.00001;0.00000;0.00001;0.00001;0.00002;0.00008;0.00002;0.00001;0.00006;0.00000;0.00005;0.00003;0.00002;0.00002;0.00002;0.00030;0.00010;0.00001;0.00002;0.00000;0.00001;0.00000;0.00000;0.00001;0.00003;0.00000;0.00003;0.00009;0.00002;0.00003;0.00000;0.00003;0.00002;0.00000;0.00001;0.00000;0.00001;0.00000;0.00000;0.00000;0.00001;0.00001;0.00001;0.00003;0.00003;0.00000;0.00001;0.00001;0.00001;0.00001;0.00001;0.00002;0.00001;0.00000;0.00023;0.00024;0.00001;0.00003;0.00003;0.00000;0.00001;0.00000;0.00000;0.00010;0.00014;0.00000;0.00000;0.00000;0.00000;0.00000;0.00001;0.00000;0.00000;0.00001;0.00002;0.00007;0.00002;0.00000;0.00000;0.00000;0.00001;0.00002;0.00001;0.00004;0.00007;0.00000;0.00000;0.00007;0.00000;0.00000;0.00000;0.00004;0.00005;0.00000;0.00004;0.00006;0.00001;0.00002;0.00000;0.00001;0.00010;0.00011;0.00003;0.00037;0.00080;0.00002;0.00015;0.00023;0.00001;0.00005;0.00009;0.00017;0.00012;0.00014;0.00004;0.00026;0.00012;0.00004;0.00001;0.00037;0.00005;0.00007;0.00007;0.00000;0.00009;0.00004;0.00003;0.00001;0.00000;0.00002;0.00016;0.00000;0.00000;0.00000;0.00000;0.00001;0.00067;0.00007;0.00007;0.00000;0.00000;0.00038;0.00001;0.00001;0.00002;0.00002;0.00001;0.00000;0.00003;0.00001;0.00002;0.00002;0.00001;0.00001;0.00036;0.00002;0.00011;0.00003;0.00004;0.00008;0.00005;0.00006;0.00001;0.00001;0.00001;0.00012;0.00005;0.00000;0.00000;0.00006;0.00001;0.00000;0.00000;0.00003;0.00000;0.00008;0.00015;0.00090;0.00002;0.00001;0.00000;0.00001;0.00000;0.00051;0.00000;0.00001;0.00001;0.00000;0.00000;0.00000;0.00000;0.00000;0.00001;0.00003;0.00007;0.00003;0.00001;0.00000;0.00000
2020-06-21 00:00;0.00001;0.00003;0.00000;0.00001;0.00000;0.00000;0.00000;0.00001;0.00000;0.00000;0.00002;0.00000;0.00004;0.00000;0.00000;0.00000;0.00003;0.00002;0.00001;0.00001;0.00000;0.00000;0.00000;0.00000;0.00001;0.00002;0.00000;0.00000;0.00000;0.00000;0.00001;0.00000;0.00006;0.00000;0.00000;0.00001;0.00000;0.00001;0.00000;0.00001;0.00003;0.00003;0.00000;0.00001;0.00000;0.00000;0.00000;0.00000;0.00003;0.00000;0.00000;0.00000;0.00000;0.00000;0.00000;0.00001;0.00000;0.00001;0.00000;0.00000;0.00000;0.00000;0.00000;0.00003;0.00000;0.00000;0.00000;0.00000;0.00000;0.00009;0.00000;0.00000;0.00000;0.00000;0.00004;0.00000;0.00000;0.00001;0.00001;0.00002;0.00000;0.00000;0.00000;0.00004;0.00002;0.00000;0.00002;0.00002;0.00000;0.00000;0.00000;0.00000;0.00004;0.00005;0.00000;0.00000;0.00003;0.00001;0.00005;0.00006;0.00306;0.00025;0.00001;0.00000;0.00001;0.00000;0.00000;0.00073;0.00002;0.00001;0.00001;0.00001;0.00001;0.00001;0.00001;0.00001;0.00000;0.00000;0.00001;0.00001;0.00001;0.00000;0.00001;0.00000;0.00000;0.00002;0.00000;0.00002;0.00000;0.00000;0.00001;0.00004;0.00000;0.00000;0.00001;0.00001;0.00002;0.00000;0.00001;0.00000;0.00001;0.00000;0.00000;0.00006;0.00001;0.00001;0.00003;0.00002;0.00001;0.00003;0.00021;0.00003;0.00007;0.00001;0.00001;0.00001;0.00001;0.00044;0.00000;0.00000;0.00001;0.00000;0.00019;0.00040;0.00012;0.00005;0.00004;0.00001;0.00001;0.00007;0.00016;0.00010;0.00012;0.00004;0.00001;0.00007;0.00000;0.00004;0.00010;0.00001;0.00022;0.00012;0.00000;0.00026;0.00020;0.00001;0.00002;0.00001;0.00003;0.00008;0.00039;0.00025;0.00018;0.00025;0.00000;0.00000;0.00022;0.00022;0.00004;0.00005;0.00003;0.00002;0.00039;0.00001;0.00003;0.00002;0.00015;0.00002;0.00004;0.00000;0.00002;0.00002;0.00003;0.00018;0.00004;0.00017;0.00020;0.00016;0.00002;0.00026;0.00002;0.00002;0.00000;0.00033;0.00029;0.00024;0.00010;0.00014;0.00022;0.00005;0.00007;0.00006;0.00007;0.00005;0.00001;0.00003;0.00000;0.00004;0.00001;0.00001;0.00001;0.00003;0.00004;0.00004;0.00006;0.00003;0.00000;0.00000;0.00000;0.00000;0.00005;0.00019;0.00001;0.00000;0.00004;0.00002;0.00000;0.00002;0.00002;0.00000;0.00000;0.00001;0.00000;0.00000;0.00000;0.00000;0.00000;0.00003;0.00001;0.00001;0.00001;0.00001;0.00002;0.00003;0.00014;0.00013;0.00006;0.00021;0.00013;0.00012;0.00007;0.00003;0.00003;0.00002;0.00003;0.00003;0.00000;0.00000;0.00002;0.00006;0.00008;0.00001;0.00001;0.00002;0.00003;0.00000;0.00001;0.00000;0.00001;0.00001;0.00002;0.00008;0.00002;0.00001;0.00006;0.00000;0.00005;0.00003;0.00002;0.00002;0.00002;0.00029;0.00010;0.00001;0.00002;0.00000;0.00001;0.00000;0.00000;0.00001;0.00003;0.00000;0.00003;0.00009;0.00002;0.00003;0.00000;0.00003;0.00002;0.00000;0.00001;0.00000;0.00001;0.00000;0.00000;0.00000;0.00001;0.00001;0.00001;0.00001;0.00003;0.00000;0.00001;0.00001;0.00001;0.00001;0.00001;0.00002;0.00001;0.00000;0.00023;0.00023;0.00001;0.00004;0.00003;0.00000;0.00001;0.00000;0.00000;0.00009;0.00013;0.00000;0.00000;0.00000;0.00000;0.00000;0.00001;0.00000;0.00000;0.00001;0.00002;0.00007;0.00002;0.00000;0.00000;0.00000;0.00001;0.00002;0.00001;0.00004;0.00007;0.00000;0.00000;0.00007;0.00000;0.00000;0.00000;0.00004;0.00005;0.00000;0.00004;0.00006;0.00001;0.00002;0.00000;0.00001;0.00009;0.00011;0.00003;0.00035;0.00079;0.00002;0.00014;0.00023;0.00001;0.00005;0.00008;0.00017;0.00011;0.00014;0.00004;0.00025;0.00012;0.00004;0.00001;0.00036;0.00005;0.00007;0.00007;0.00000;0.00009;0.00003;0.00003;0.00001;0.00000;0.00002;0.00016;0.00000;0.00000;0.00000;0.00000;0.00001;0.00067;0.00007;0.00007;0.00000;0.00000;0.00037;0.00001;0.00001;0.00002;0.00002;0.00001;0.00000;0.00003;0.00001;0.00002;0.00002;0.00001;0.00001;0.00036;0.00002;0.00011;0.00003;0.00004;0.00008;0.00005;0.00006;0.00001;0.00001;0.00001;0.00012;0.00005;0.00000;0.00000;0.00006;0.00001;0.00000;0.00000;0.00003;0.00000;0.00008;0.00014;0.00089;0.00002;0.00001;0.00000;0.00001;0.00000;0.00050;0.00000;0.00001;0.00001;0.00000;0.00000;0.00000;0.00000;0.00000;0.00001;0.00003;0.00006;0.00002;0.00000;0.00000;0.00000
2020-06-22 00:00;0.00001;0.00002;0.00000;0.00001;0.00000;0.00000;0.00000;0.00001;0.00000;0.00000;0.00002;0.00000;0.00004;0.00000;0.00000;0.00000;0.00003;0.00002;0.00001;0.00001;0.00000;0.00000;0.00000;0.00000;0.00001;0.00002;0.00000;0.00000;0.00000;0.00000;0.00001;0.00000;0.00006;0.00000;0.00000;0.00001;0.00000;0.00001;0.00000;0.00001;0.00003;0.00003;0.00000;0.00001;0.00000;0.00000;0.00000;0.00000;0.00003;0.00000;0.00000;0.00000;0.00000;0.00000;0.00000;0.00001;0.00000;0.00001;0.00000;0.00000;0.00000;0.00000;0.00000;0.00003;0.00000;0.00000;0.00000;0.00000;0.00000;0.00009;0.00000;0.00000;0.00000;0.00000;0.00004;0.00000;0.00000;0.00001;0.00001;0.00002;0.00000;0.00000;0.00000;0.00004;0.00002;0.00000;0.00002;0.00002;0.00000;0.00000;0.00000;0.00000;0.00004;0.00005;0.00000;0.00000;0.00003;0.00001;0.00005;0.00006;0.00303;0.00025;0.00001;0.00000;0.00001;0.00000;0.00000;0.00072;0.00002;0.00001;0.00001;0.00001;0.00001;0.00001;0.00001;0.00001;0.00000;0.00000;0.00001;0.00001;0.00001;0.00000;0.00001;0.00000;0.00000;0.00002;0.00000;0.00002;0.00000;0.00000;0.00001;0.00004;0.00000;0.00000;0.00001;0.00001;0.00002;0.00000;0.00001;0.00000;0.00001;0.00000;0.00000;0.00006;0.00001;0.00001;0.00003;0.00002;0.00001;0.00003;0.00021;0.00003;0.00006;0.00001;0.00001;0.00001;0.00001;0.00043;0.00000;0.00000;0.00001;0.00000;0.00019;0.00040;0.00012;0.00005;0.00004;0.00001;0.00001;0.00006;0.00015;0.00010;0.00012;0.00004;0.00001;0.00004;0.00000;0.00004;0.00010;0.00001;0.00021;0.00012;0.00000;0.00026;0.00019;0.00001;0.00002;0.00001;0.00003;0.00007;0.00038;0.00024;0.00018;0.00025;0.00000;0.00000;0.00022;0.00021;0.00004;0.00005;0.00003;0.00002;0.00038;0.00001;0.00003;0.00002;0.00014;0.00002;0.00004;0.00000;0.00002;0.00002;0.00003;0.00018;0.00004;0.00018;0.00019;0.00015;0.00001;0.00025;0.00002;0.00002;0.00000;0.00032;0.00029;0.00024;0.00010;0.00013;0.00021;0.00005;0.00007;0.00006;0.00007;0.00005;0.00001;0.00003;0.00000;0.00004;0.00001;0.00001;0.00001;0.00003;0.00004;0.00004;0.00006;0.00003;0.00000;0.00000;0.00000;0.00000;0.00005;0.00019;0.00001;0.00000;0.00004;0.00002;0.00000;0.00002;0.00002;0.00000;0.00000;0.00001;0.00000;0.00000;0.00000;0.00000;0.00000;0.00003;0.00001;0.00001;0.00001;0.00001;0.00002;0.00002;0.00014;0.00013;0.00006;0.00021;0.00013;0.00012;0.00007;0.00003;0.00003;0.00002;0.00003;0.00003;0.00000;0.00000;0.00002;0.00006;0.00008;0.00001;0.00001;0.00002;0.00003;0.00000;0.00001;0.00000;0.00001;0.00001;0.00002;0.00008;0.00002;0.00001;0.00006;0.00000;0.00005;0.00003;0.00002;0.00002;0.00002;0.00029;0.00010;0.00001;0.00002;0.00000;0.00001;0.00000;0.00000;0.00001;0.00003;0.00000;0.00003;0.00009;0.00002;0.00003;0.00000;0.00003;0.00002;0.00000;0.00001;0.00000;0.00001;0.00000;0.00000;0.00000;0.00001;0.00001;0.00001;0.00002;0.00003;0.00000;0.00001;0.00001;0.00001;0.00001;0.00001;0.00002;0.00001;0.00000;0.00022;0.00023;0.00001;0.00003;0.00003;0.00000;0.00000;0.00000;0.00000;0.00009;0.00013;0.00000;0.00000;0.00000;0.00000;0.00000;0.00001;0.00000;0.00000;0.00001;0.00002;0.00007;0.00002;0.00000;0.00000;0.00000;0.00001;0.00002;0.00001;0.00004;0.00007;0.00000;0.00000;0.00007;0.00000;0.00000;0.00000;0.00004;0.00005;0.00000;0.00003;0.00006;0.00001;0.00002;0.00000;0.00001;0.00009;0.00011;0.00003;0.00034;0.00077;0.00002;0.00014;0.00022;0.00001;0.00005;0.00008;0.00016;0.00011;0.00014;0.00003;0.00025;0.00012;0.00003;0.00001;0.00035;0.00005;0.00007;0.00007;0.00000;0.00009;0.00003;0.00003;0.00001;0.00000;0.00002;0.00016;0.00000;0.00000;0.00000;0.00000;0.00001;0.00066;0.00006;0.00007;0.00000;0.00000;0.00036;0.00001;0.00001;0.00002;0.00002;0.00001;0.00000;0.00003;0.00001;0.00002;0.00002;0.00001;0.00001;0.00035;0.00002;0.00011;0.00003;0.00004;0.00008;0.00005;0.00006;0.00001;0.00001;0.00001;0.00012;0.00005;0.00000;0.00000;0.00006;0.00001;0.00000;0.00000;0.00003;0.00000;0.00008;0.00014;0.00088;0.00002;0.00001;0.00000;0.00001;0.00000;0.00049;0.00000;0.00001;0.00001;0.00000;0.00000;0.00000;0.00000;0.00000;0.00001;0.00003;0.00006;0.00002;0.00000;0.00000;0.00000
2020-06-23 00:00;0.00001;0.00003;0.00000;0.00001;0.00000;0.00000;0.00000;0.00001;0.00000;0.00000;0.00002;0.00000;0.00004;0.00000;0.00000;0.00000;0.00003;0.00002;0.00001;0.00001;0.00000;0.00000;0.00000;0.00000;0.00001;0.00002;0.00000;0.00000;0.00000;0.00000;0.00001;0.00000;0.00005;0.00000;0.00000;0.00001;0.00000;0.00001;0.00000;0.00001;0.00003;0.00003;0.00000;0.00001;0.00000;0.00000;0.00000;0.00000;0.00003;0.00000;0.00000;0.00000;0.00000;0.00000;0.00000;0.00001;0.00000;0.00001;0.00000;0.00000;0.00000;0.00000;0.00000;0.00003;0.00000;0.00000;0.00000;0.00000;0.00000;0.00009;0.00000;0.00000;0.00000;0.00000;0.00004;0.00000;0.00000;0.00001;0.00001;0.00002;0.00000;0.00000;0.00000;0.00004;0.00002;0.00000;0.00002;0.00002;0.00000;0.00000;0.00000;0.00000;0.00004;0.00004;0.00000;0.00000;0.00003;0.00001;0.00005;0.00006;0.00301;0.00024;0.00001;0.00000;0.00001;0.00000;0.00000;0.00072;0.00002;0.00001;0.00001;0.00001;0.00001;0.00001;0.00001;0.00001;0.00000;0.00000;0.00001;0.00001;0.00001;0.00000;0.00001;0.00000;0.00000;0.00002;0.00000;0.00002;0.00000;0.00000;0.00001;0.00004;0.00000;0.00000;0.00001;0.00001;0.00002;0.00000;0.00001;0.00000;0.00001;0.00000;0.00000;0.00006;0.00001;0.00001;0.00003;0.00002;0.00001;0.00003;0.00021;0.00003;0.00006;0.00001;0.00001;0.00001;0.00001;0.00043;0.00000;0.00000;0.00000;0.00000;0.00019;0.00039;0.00011;0.00005;0.00004;0.00001;0.00001;0.00006;0.00015;0.00010;0.00012;0.00004;0.00001;0.00006;0.00000;0.00004;0.00009;0.00001;0.00021;0.00012;0.00000;0.00025;0.00019;0.00001;0.00002;0.00001;0.00003;0.00007;0.00037;0.00024;0.00017;0.00024;0.00000;0.00000;0.00021;0.00021;0.00004;0.00005;0.00003;0.00002;0.00037;0.00001;0.00003;0.00002;0.00014;0.00002;0.00004;0.00000;0.00002;0.00002;0.00003;0.00017;0.00004;0.00016;0.00019;0.00015;0.00001;0.00025;0.00002;0.00002;0.00000;0.00032;0.00030;0.00023;0.00010;0.00013;0.00021;0.00004;0.00007;0.00006;0.00007;0.00005;0.00001;0.00003;0.00000;0.00004;0.00001;0.00001;0.00001;0.00003;0.00004;0.00004;0.00006;0.00003;0.00000;0.00000;0.00000;0.00000;0.00006;0.00018;0.00001;0.00000;0.00004;0.00002;0.00001;0.00002;0.00002;0.00000;0.00000;0.00001;0.00000;0.00000;0.00000;0.00000;0.00000;0.00002;0.00001;0.00001;0.00001;0.00001;0.00002;0.00003;0.00017;0.00014;0.00006;0.00021;0.00012;0.00011;0.00007;0.00002;0.00003;0.00002;0.00003;0.00003;0.00000;0.00000;0.00002;0.00006;0.00008;0.00001;0.00001;0.00002;0.00003;0.00000;0.00001;0.00000;0.00001;0.00001;0.00002;0.00008;0.00002;0.00001;0.00005;0.00000;0.00005;0.00003;0.00002;0.00002;0.00003;0.00030;0.00010;0.00001;0.00002;0.00006;0.00001;0.00000;0.00000;0.00001;0.00003;0.00000;0.00003;0.00009;0.00002;0.00003;0.00000;0.00003;0.00002;0.00000;0.00001;0.00000;0.00001;0.00000;0.00000;0.00000;0.00001;0.00001;0.00001;0.00001;0.00002;0.00000;0.00001;0.00001;0.00001;0.00001;0.00001;0.00002;0.00001;0.00001;0.00022;0.00022;0.00001;0.00003;0.00003;0.00000;0.00001;0.00001;0.00000;0.00009;0.00013;0.00000;0.00000;0.00000;0.00000;0.00000;0.00007;0.00000;0.00000;0.00001;0.00002;0.00007;0.00002;0.00000;0.00000;0.00001;0.00001;0.00002;0.00001;0.00004;0.00006;0.00000;0.00000;0.00006;0.00000;0.00000;0.00001;0.00004;0.00005;0.00000;0.00003;0.00005;0.00001;0.00002;0.00000;0.00001;0.00009;0.00010;0.00003;0.00033;0.00076;0.00002;0.00014;0.00023;0.00001;0.00004;0.00008;0.00016;0.00011;0.00013;0.00003;0.00024;0.00012;0.00003;0.00001;0.00035;0.00005;0.00007;0.00007;0.00000;0.00009;0.00003;0.00003;0.00001;0.00000;0.00002;0.00016;0.00000;0.00000;0.00000;0.00000;0.00001;0.00066;0.00006;0.00007;0.00000;0.00000;0.00036;0.00001;0.00001;0.00002;0.00002;0.00001;0.00000;0.00003;0.00001;0.00002;0.00002;0.00001;0.00001;0.00035;0.00002;0.00011;0.00003;0.00004;0.00008;0.00004;0.00006;0.00001;0.00001;0.00001;0.00012;0.00005;0.00000;0.00000;0.00006;0.00001;0.00000;0.00000;0.00003;0.00000;0.00007;0.00014;0.00088;0.00002;0.00001;0.00000;0.00001;0.00000;0.00048;0.00000;0.00001;0.00001;0.00000;0.00000;0.00000;0.00000;0.00000;0.00001;0.00003;0.00006;0.00002;0.00000;0.00000;0.00000
2020-06-24 00:00;0.00001;0.00002;0.00000;0.00001;0.00000;0.00000;0.00000;0.00001;0.00000;0.00000;0.00002;0.00000;0.00004;0.00000;0.00000;0.00000;0.00003;0.00002;0.00001;0.00001;0.00000;0.00000;0.00000;0.00000;0.00001;0.00002;0.00000;0.00000;0.00000;0.00000;0.00010;0.00000;0.00005;0.00000;0.00000;0.00001;0.00000;0.00001;0.00000;0.00001;0.00003;0.00005;0.00000;0.00001;0.00000;0.00000;0.00000;0.00000;0.00003;0.00000;0.00000;0.00000;0.00000;0.00000;0.00000;0.00001;0.00000;0.00001;0.00000;0.00000;0.00000;0.00000;0.00000;0.00003;0.00000;0.00000;0.00000;0.00000;0.00000;0.00008;0.00000;0.00000;0.00000;0.00000;0.00004;0.00000;0.00000;0.00001;0.00001;0.00002;0.00000;0.00000;0.00000;0.00004;0.00002;0.00000;0.00002;0.00002;0.00000;0.00000;0.00000;0.00000;0.00004;0.00004;0.00000;0.00000;0.00003;0.00001;0.00007;0.00006;0.00299;0.00024;0.00001;0.00000;0.00001;0.00000;0.00000;0.00071;0.00002;0.00001;0.00001;0.00001;0.00001;0.00001;0.00001;0.00001;0.00000;0.00000;0.00001;0.00001;0.00001;0.00000;0.00001;0.00000;0.00000;0.00002;0.00000;0.00002;0.00000;0.00000;0.00001;0.00004;0.00000;0.00000;0.00001;0.00001;0.00002;0.00000;0.00001;0.00000;0.00001;0.00000;0.00000;0.00006;0.00001;0.00001;0.00003;0.00002;0.00001;0.00003;0.00021;0.00003;0.00006;0.00001;0.00001;0.00001;0.00001;0.00043;0.00000;0.00000;0.00000;0.00000;0.00019;0.00039;0.00011;0.00005;0.00004;0.00001;0.00001;0.00007;0.00015;0.00010;0.00011;0.00004;0.00001;0.00004;0.00000;0.00005;0.00010;0.00001;0.00021;0.00012;0.00001;0.00025;0.00019;0.00001;0.00002;0.00001;0.00003;0.00010;0.00036;0.00025;0.00017;0.00024;0.00000;0.00000;0.00021;0.00021;0.00004;0.00005;0.00002;0.00002;0.00037;0.00001;0.00003;0.00002;0.00014;0.00002;0.00003;0.00000;0.00002;0.00002;0.00003;0.00017;0.00004;0.00016;0.00018;0.00015;0.00001;0.00042;0.00002;0.00002;0.00000;0.00033;0.00028;0.00031;0.00009;0.00013;0.00020;0.00004;0.00006;0.00006;0.00007;0.00011;0.00001;0.00005;0.00000;0.00006;0.00010;0.00001;0.00006;0.00003;0.00017;0.00004;0.00006;0.00003;0.00000;0.00000;0.00000;0.00000;0.00005;0.00019;0.00001;0.00000;0.00004;0.00003;0.00001;0.00002;0.00002;0.00000;0.00004;0.00003;0.00000;0.00000;0.00000;0.00000;0.00000;0.00013;0.00001;0.00014;0.00001;0.00001;0.00012;0.00003;0.00015;0.00013;0.00006;0.00020;0.00012;0.00012;0.00007;0.00002;0.00003;0.00002;0.00018;0.00017;0.00000;0.00000;0.00002;0.00049;0.00049;0.00010;0.00001;0.00002;0.00020;0.00000;0.00001;0.00000;0.00001;0.00001;0.00002;0.00010;0.00006;0.00004;0.00005;0.00040;0.00005;0.00004;0.00002;0.00002;0.00002;0.00029;0.00010;0.00001;0.00002;0.00003;0.00001;0.00000;0.00003;0.00002;0.00003;0.00044;0.00004;0.00009;0.00002;0.00007;0.00037;0.00004;0.00002;0.00000;0.00002;0.00000;0.00001;0.00000;0.00000;0.00000;0.00001;0.00001;0.00001;0.00002;0.00013;0.00000;0.00001;0.00001;0.00001;0.00001;0.00001;0.00002;0.00001;0.00000;0.00029;0.00022;0.00001;0.00003;0.00003;0.00000;0.00001;0.00000;0.00000;0.00009;0.00013;0.00000;0.00001;0.00001;0.00002;0.00005;0.00003;0.00046;0.00001;0.00001;0.00002;0.00006;0.00002;0.00000;0.00010;0.00000;0.00001;0.00002;0.00002;0.00004;0.00006;0.00000;0.00001;0.00108;0.00006;0.00004;0.00000;0.00004;0.00006;0.00014;0.00003;0.00007;0.00008;0.00002;0.00000;0.00001;0.00009;0.00010;0.00003;0.00034;0.00075;0.00002;0.00014;0.00022;0.00001;0.00004;0.00008;0.00025;0.00011;0.00013;0.00006;0.00024;0.00011;0.00003;0.00001;0.00034;0.00005;0.00007;0.00009;0.00000;0.00009;0.00004;0.00003;0.00001;0.00002;0.00002;0.00016;0.00000;0.00000;0.00000;0.00000;0.00001;0.00065;0.00006;0.00007;0.00000;0.00000;0.00035;0.00001;0.00001;0.00002;0.00002;0.00001;0.00000;0.00003;0.00001;0.00002;0.00002;0.00001;0.00001;0.00035;0.00002;0.00011;0.00003;0.00004;0.00008;0.00004;0.00006;0.00001;0.00001;0.00001;0.00012;0.00005;0.00000;0.00000;0.00005;0.00001;0.00000;0.00000;0.00003;0.00000;0.00007;0.00013;0.00087;0.00002;0.00001;0.00000;0.00001;0.00000;0.00047;0.00000;0.00001;0.00001;0.00000;0.00000;0.00000;0.00000;0.00000;0.00001;0.00003;0.00006;0.00002;0.00000;0.00000;0.00000
2020-06-25 00:00;0.00001;0.00015;0.00000;0.00009;0.00000;0.00000;0.00000;0.00001;0.00000;0.00000;0.00013;0.00000;0.00008;0.00000;0.00000;0.00000;0.00006;0.00002;0.00001;0.00001;0.00000;0.00000;0.00000;0.00000;0.00001;0.00031;0.00000;0.00000;0.00000;0.00000;0.00005;0.00000;0.00005;0.00000;0.00000;0.00001;0.00000;0.00001;0.00000;0.00001;0.00003;0.00003;0.00000;0.00001;0.00000;0.00000;0.00000;0.00000;0.00003;0.00000;0.00000;0.00000;0.00000;0.00000;0.00000;0.00001;0.00000;0.00001;0.00000;0.00000;0.00000;0.00000;0.00000;0.00003;0.00000;0.00000;0.00000;0.00000;0.00000;0.00021;0.00000;0.00000;0.00000;0.00000;0.00004;0.00000;0.00000;0.00001;0.00001;0.00002;0.00000;0.00000;0.00000;0.00004;0.00002;0.00000;0.00002;0.00002;0.00000;0.00000;0.00000;0.00000;0.00004;0.00004;0.00000;0.00000;0.00003;0.00001;0.00006;0.00019;0.00319;0.00034;0.00001;0.00000;0.00001;0.00000;0.00000;0.00076;0.00002;0.00001;0.00001;0.00001;0.00001;0.00001;0.00001;0.00001;0.00000;0.00000;0.00001;0.00001;0.00001;0.00000;0.00001;0.00000;0.00000;0.00002;0.00000;0.00002;0.00000;0.00000;0.00001;0.00004;0.00000;0.00000;0.00001;0.00001;0.00002;0.00000;0.00001;0.00000;0.00001;0.00000;0.00000;0.00006;0.00001;0.00001;0.00003;0.00002;0.00001;0.00003;0.00021;0.00003;0.00006;0.00001;0.00001;0.00001;0.00001;0.00080;0.00000;0.00000;0.00000;0.00000;0.00021;0.00073;0.00031;0.00005;0.00004;0.00001;0.00001;0.00040;0.00015;0.00011;0.00090;0.00004;0.00001;0.00089;0.00000;0.00040;0.00060;0.00011;0.00023;0.00020;0.00000;0.00058;0.00043;0.00001;0.00002;0.00001;0.00006;0.00075;0.00075;0.00041;0.00021;0.00048;0.00000;0.00000;0.00044;0.00025;0.00005;0.00005;0.00002;0.00002;0.00066;0.00001;0.00006;0.00005;0.00041;0.00002;0.00003;0.00000;0.00002;0.00002;0.00003;0.00017;0.00004;0.00040;0.00048;0.00024;0.00003;0.00134;0.00002;0.00002;0.00000;0.00041;0.00040;0.00035;0.00013;0.00015;0.00020;0.00005;0.00010;0.00010;0.00007;0.00056;0.00001;0.00004;0.00000;0.00004;0.00004;0.00001;0.00002;0.00003;0.00009;0.00004;0.00009;0.00003;0.00000;0.00000;0.00000;0.00000;0.00010;0.00019;0.00001;0.00000;0.00004;0.00002;0.00009;0.00002;0.00002;0.00000;0.00002;0.00002;0.00000;0.00000;0.00001;0.00000;0.00000;0.00008;0.00001;0.00009;0.00001;0.00001;0.00005;0.00009;0.00037;0.00016;0.00006;0.00021;0.00012;0.00012;0.00009;0.00002;0.00003;0.00002;0.00009;0.00011;0.00000;0.00000;0.00002;0.00037;0.00026;0.00006;0.00001;0.00002;0.00010;0.00004;0.00001;0.00000;0.00001;0.00001;0.00003;0.00009;0.00003;0.00002;0.00008;0.00019;0.00005;0.00003;0.00003;0.00002;0.00006;0.00031;0.00012;0.00001;0.00002;0.00011;0.00001;0.00000;0.00001;0.00001;0.00003;0.00025;0.00003;0.00014;0.00002;0.00004;0.00016;0.00003;0.00009;0.00000;0.00038;0.00000;0.00001;0.00000;0.00000;0.00000;0.00001;0.00001;0.00001;0.00005;0.00006;0.00000;0.00001;0.00001;0.00001;0.00001;0.00001;0.00002;0.00001;0.00002;0.00057;0.00022;0.00002;0.00007;0.00003;0.00000;0.00001;0.00006;0.00000;0.00009;0.00013;0.00000;0.00000;0.00000;0.00000;0.00000;0.00067;0.00020;0.00000;0.00001;0.00002;0.00006;0.00002;0.00000;0.00003;0.00012;0.00001;0.00002;0.00006;0.00004;0.00006;0.00000;0.00000;0.00059;0.00001;0.00001;0.00006;0.00004;0.00005;0.00005;0.00004;0.00006;0.00004;0.00002;0.00000;0.00001;0.00012;0.00010;0.00003;0.00048;0.00081;0.00002;0.00014;0.00037;0.00034;0.00004;0.00008;0.00111;0.00014;0.00054;0.00004;0.00032;0.00020;0.00004;0.00009;0.00072;0.00005;0.00014;0.00091;0.00000;0.00012;0.00013;0.00004;0.00001;0.00015;0.00002;0.00016;0.00000;0.00000;0.00000;0.00000;0.00001;0.00065;0.00006;0.00007;0.00000;0.00000;0.00038;0.00001;0.00001;0.00002;0.00002;0.00001;0.00000;0.00003;0.00001;0.00002;0.00002;0.00001;0.00001;0.00035;0.00002;0.00014;0.00003;0.00004;0.00008;0.00004;0.00006;0.00001;0.00001;0.00001;0.00012;0.00005;0.00000;0.00000;0.00005;0.00001;0.00000;0.00000;0.00003;0.00000;0.00007;0.00013;0.00091;0.00002;0.00001;0.00000;0.00001;0.00000;0.00353;0.00000;0.00001;0.00023;0.00000;0.00000;0.00112;0.00000;0.00000;0.00006;0.00011;0.00006;0.00002;0.00000;0.00000;0.00000
2020-06-26 00:00;0.00001;0.00017;0.00000;0.00009;0.00000;0.00000;0.00000;0.00001;0.00000;0.00000;0.00005;0.00000;0.00007;0.00000;0.00000;0.00000;0.00005;0.00002;0.00001;0.00001;0.00000;0.00000;0.00000;0.00000;0.00001;0.00014;0.00000;0.00000;0.00000;0.00000;0.00001;0.00000;0.00005;0.00000;0.00000;0.00001;0.00000;0.00001;0.00000;0.00001;0.00003;0.00003;0.00000;0.00001;0.00000;0.00000;0.00000;0.00000;0.00002;0.00000;0.00000;0.00000;0.00000;0.00000;0.00000;0.00001;0.00000;0.00001;0.00000;0.00000;0.00000;0.00000;0.00000;0.00003;0.00000;0.00000;0.00000;0.00000;0.00000;0.00014;0.00000;0.00000;0.00000;0.00000;0.00004;0.00000;0.00000;0.00001;0.00001;0.00002;0.00000;0.00000;0.00000;0.00004;0.00002;0.00000;0.00002;0.00002;0.00000;0.00000;0.00000;0.00000;0.00004;0.00004;0.00000;0.00000;0.00003;0.00001;0.00005;0.00010;0.00334;0.00031;0.00001;0.00000;0.00001;0.00000;0.00000;0.00075;0.00002;0.00001;0.00001;0.00001;0.00001;0.00001;0.00001;0.00001;0.00000;0.00000;0.00001;0.00001;0.00001;0.00000;0.00001;0.00000;0.00000;0.00002;0.00000;0.00002;0.00000;0.00000;0.00001;0.00004;0.00000;0.00000;0.00001;0.00001;0.00002;0.00000;0.00001;0.00000;0.00001;0.00000;0.00000;0.00006;0.00001;0.00001;0.00003;0.00002;0.00001;0.00003;0.00021;0.00003;0.00006;0.00001;0.00001;0.00001;0.00001;0.00070;0.00000;0.00000;0.00000;0.00000;0.00020;0.00066;0.00016;0.00005;0.00004;0.00001;0.00001;0.00021;0.00015;0.00010;0.00036;0.00004;0.00001;0.00083;0.00000;0.00017;0.00031;0.00009;0.00022;0.00014;0.00000;0.00034;0.00028;0.00001;0.00002;0.00001;0.00004;0.00039;0.00059;0.00029;0.00018;0.00034;0.00000;0.00000;0.00031;0.00022;0.00004;0.00004;0.00002;0.00002;0.00059;0.00001;0.00004;0.00003;0.00028;0.00002;0.00003;0.00000;0.00002;0.00002;0.00003;0.00017;0.00004;0.00036;0.00031;0.00017;0.00002;0.00104;0.00002;0.00002;0.00000;0.00033;0.00031;0.00026;0.00010;0.00013;0.00020;0.00004;0.00007;0.00007;0.00007;0.00028;0.00001;0.00003;0.00000;0.00004;0.00001;0.00001;0.00001;0.00003;0.00004;0.00004;0.00007;0.00003;0.00000;0.00000;0.00000;0.00000;0.00006;0.00018;0.00001;0.00000;0.00004;0.00002;0.00004;0.00002;0.00002;0.00000;0.00000;0.00001;0.00000;0.00000;0.00001;0.00000;0.00000;0.00002;0.00001;0.00001;0.00001;0.00001;0.00002;0.00004;0.00024;0.00014;0.00006;0.00021;0.00012;0.00011;0.00008;0.00002;0.00003;0.00002;0.00003;0.00003;0.00000;0.00000;0.00002;0.00009;0.00007;0.00001;0.00001;0.00002;0.00002;0.00001;0.00001;0.00000;0.00001;0.00001;0.00002;0.00008;0.00002;0.00001;0.00006;0.00000;0.00005;0.00003;0.00002;0.00002;0.00004;0.00030;0.00010;0.00001;0.00002;0.00006;0.00001;0.00000;0.00000;0.00001;0.00003;0.00000;0.00003;0.00010;0.00002;0.00003;0.00000;0.00003;0.00004;0.00000;0.00014;0.00000;0.00001;0.00000;0.00000;0.00000;0.00001;0.00001;0.00001;0.00002;0.00002;0.00000;0.00001;0.00001;0.00001;0.00001;0.00001;0.00002;0.00001;0.00001;0.00032;0.00022;0.00001;0.00004;0.00003;0.00000;0.00001;0.00001;0.00000;0.00009;0.00013;0.00000;0.00000;0.00000;0.00000;0.00000;0.00022;0.00000;0.00000;0.00001;0.00002;0.00006;0.00002;0.00000;0.00000;0.00004;0.00001;0.00002;0.00002;0.00004;0.00006;0.00000;0.00000;0.00010;0.00000;0.00000;0.00001;0.00004;0.00005;0.00000;0.00003;0.00005;0.00001;0.00002;0.00000;0.00001;0.00010;0.00010;0.00003;0.00038;0.00077;0.00002;0.00014;0.00026;0.00014;0.00004;0.00008;0.00067;0.00011;0.00024;0.00003;0.00026;0.00013;0.00003;0.00003;0.00059;0.00005;0.00008;0.00058;0.00000;0.00010;0.00007;0.00003;0.00001;0.00005;0.00002;0.00016;0.00000;0.00000;0.00000;0.00000;0.00001;0.00065;0.00006;0.00007;0.00000;0.00000;0.00037;0.00001;0.00001;0.00002;0.00002;0.00001;0.00000;0.00003;0.00001;0.00002;0.00002;0.00001;0.00001;0.00035;0.00002;0.00012;0.00003;0.00004;0.00008;0.00004;0.00006;0.00001;0.00001;0.00001;0.00012;0.00005;0.00000;0.00000;0.00005;0.00001;0.00000;0.00000;0.00003;0.00000;0.00007;0.00013;0.00092;0.00002;0.00001;0.00000;0.00001;0.00000;0.00300;0.00000;0.00001;0.00008;0.00000;0.00000;0.00066;0.00000;0.00000;0.00003;0.00006;0.00006;0.00002;0.00000;0.00000;0.00000
2020-06-27 00:00;0.00001;0.00009;0.00000;0.00003;0.00000;0.00000;0.00000;0.00001;0.00000;0.00000;0.00002;0.00000;0.00005;0.00000;0.00000;0.00000;0.00004;0.00002;0.00001;0.00001;0.00000;0.00000;0.00000;0.00000;0.00001;0.00002;0.00000;0.00000;0.00000;0.00000;0.00001;0.00000;0.00005;0.00000;0.00000;0.00001;0.00000;0.00001;0.00000;0.00001;0.00003;0.00003;0.00000;0.00001;0.00000;0.00000;0.00000;0.00000;0.00002;0.00000;0.00000;0.00000;0.00000;0.00000;0.00000;0.00001;0.00000;0.00001;0.00000;0.00000;0.00000;0.00000;0.00000;0.00003;0.00000;0.00000;0.00000;0.00000;0.00000;0.00009;0.00000;0.00000;0.00000;0.00000;0.00004;0.00000;0.00000;0.00001;0.00001;0.00002;0.00000;0.00000;0.00000;0.00004;0.00002;0.00000;0.00002;0.00002;0.00000;0.00000;0.00000;0.00000;0.00004;0.00004;0.00000;0.00000;0.00003;0.00001;0.00005;0.00007;0.00306;0.00025;0.00001;0.00000;0.00001;0.00000;0.00000;0.00072;0.00002;0.00001;0.00001;0.00001;0.00001;0.00001;0.00001;0.00001;0.00000;0.00000;0.00001;0.00001;0.00001;0.00000;0.00001;0.00000;0.00000;0.00002;0.00000;0.00002;0.00000;0.00000;0.00001;0.00004;0.00000;0.00000;0.00001;0.00001;0.00002;0.00000;0.00001;0.00000;0.00001;0.00000;0.00000;0.00006;0.00001;0.00001;0.00003;0.00002;0.00001;0.00003;0.00021;0.00003;0.00006;0.00001;0.00001;0.00001;0.00001;0.00048;0.00000;0.00000;0.00000;0.00000;0.00019;0.00044;0.00011;0.00005;0.00004;0.00001;0.00001;0.00008;0.00015;0.00012;0.00018;0.00004;0.00001;0.00056;0.00000;0.00005;0.00012;0.00007;0.00022;0.00012;0.00000;0.00028;0.00019;0.00001;0.00002;0.00001;0.00004;0.00016;0.00041;0.00026;0.00018;0.00028;0.00000;0.00000;0.00029;0.00021;0.00005;0.00004;0.00002;0.00002;0.00045;0.00001;0.00004;0.00003;0.00015;0.00002;0.00003;0.00000;0.00002;0.00002;0.00003;0.00017;0.00004;0.00028;0.00024;0.00016;0.00002;0.00058;0.00002;0.00002;0.00000;0.00033;0.00032;0.00030;0.00011;0.00013;0.00021;0.00004;0.00007;0.00007;0.00007;0.00014;0.00001;0.00003;0.00000;0.00004;0.00001;0.00001;0.00001;0.00003;0.00004;0.00004;0.00006;0.00003;0.00000;0.00000;0.00000;0.00000;0.00007;0.00018;0.00001;0.00000;0.00004;0.00002;0.00002;0.00002;0.00002;0.00000;0.00000;0.00001;0.00000;0.00000;0.00001;0.00000;0.00000;0.00002;0.00001;0.00001;0.00001;0.00001;0.00002;0.00004;0.00020;0.00014;0.00006;0.00020;0.00012;0.00011;0.00007;0.00002;0.00003;0.00002;0.00003;0.00003;0.00000;0.00000;0.00002;0.00006;0.00007;0.00001;0.00001;0.00002;0.00002;0.00001;0.00001;0.00000;0.00001;0.00001;0.00002;0.00007;0.00002;0.00001;0.00011;0.00000;0.00005;0.00003;0.00002;0.00003;0.00003;0.00030;0.00010;0.00001;0.00002;0.00008;0.00001;0.00000;0.00000;0.00001;0.00003;0.00000;0.00003;0.00010;0.00002;0.00003;0.00000;0.00003;0.00003;0.00000;0.00005;0.00000;0.00001;0.00000;0.00000;0.00000;0.00001;0.00001;0.00001;0.00003;0.00002;0.00000;0.00001;0.00001;0.00001;0.00001;0.00001;0.00002;0.00001;0.00001;0.00031;0.00022;0.00003;0.00004;0.00003;0.00000;0.00001;0.00002;0.00000;0.00009;0.00013;0.00000;0.00000;0.00000;0.00000;0.00000;0.00012;0.00000;0.00000;0.00001;0.00002;0.00006;0.00002;0.00000;0.00000;0.00003;0.00001;0.00002;0.00003;0.00004;0.00006;0.00000;0.00000;0.00008;0.00000;0.00000;0.00001;0.00004;0.00005;0.00000;0.00003;0.00005;0.00001;0.00002;0.00000;0.00001;0.00009;0.00010;0.00002;0.00037;0.00075;0.00002;0.00014;0.00026;0.00012;0.00007;0.00008;0.00034;0.00011;0.00019;0.00003;0.00025;0.00014;0.00003;0.00002;0.00041;0.00004;0.00007;0.00015;0.00000;0.00009;0.00005;0.00003;0.00001;0.00004;0.00002;0.00016;0.00000;0.00000;0.00000;0.00000;0.00001;0.00065;0.00006;0.00007;0.00000;0.00000;0.00035;0.00001;0.00001;0.00002;0.00002;0.00001;0.00000;0.00003;0.00001;0.00002;0.00002;0.00001;0.00001;0.00035;0.00002;0.00012;0.00003;0.00004;0.00008;0.00004;0.00006;0.00001;0.00001;0.00001;0.00012;0.00005;0.00000;0.00000;0.00005;0.00001;0.00000;0.00000;0.00003;0.00000;0.00007;0.00013;0.00088;0.00002;0.00001;0.00000;0.00001;0.00000;0.00089;0.00000;0.00001;0.00002;0.00000;0.00000;0.00017;0.00000;0.00000;0.00001;0.00003;0.00006;0.00002;0.00000;0.00000;0.00000
2020-06-28 00:00;0.00001;0.00007;0.00000;0.00001;0.00000;0.00000;0.00000;0.00001;0.00000;0.00000;0.00002;0.00000;0.00004;0.00000;0.00000;0.00000;0.00004;0.00002;0.00001;0.00001;0.00000;0.00000;0.00000;0.00000;0.00001;0.00002;0.00000;0.00000;0.00000;0.00000;0.00001;0.00000;0.00005;0.00000;0.00000;0.00001;0.00000;0.00001;0.00000;0.00001;0.00003;0.00003;0.00000;0.00001;0.00000;0.00000;0.00000;0.00000;0.00002;0.00000;0.00000;0.00000;0.00000;0.00000;0.00000;0.00001;0.00000;0.00001;0.00000;0.00000;0.00000;0.00000;0.00000;0.00003;0.00000;0.00000;0.00000;0.00000;0.00000;0.00009;0.00000;0.00000;0.00000;0.00000;0.00004;0.00000;0.00000;0.00001;0.00001;0.00002;0.00000;0.00000;0.00000;0.00004;0.00002;0.00000;0.00002;0.00002;0.00000;0.00000;0.00000;0.00000;0.00004;0.00004;0.00000;0.00000;0.00003;0.00001;0.00005;0.00006;0.00302;0.00024;0.00001;0.00000;0.00001;0.00000;0.00000;0.00071;0.00002;0.00001;0.00001;0.00001;0.00001;0.00001;0.00001;0.00001;0.00000;0.00000;0.00001;0.00001;0.00001;0.00000;0.00001;0.00000;0.00000;0.00002;0.00000;0.00002;0.00000;0.00000;0.00001;0.00004;0.00000;0.00000;0.00001;0.00001;0.00002;0.00000;0.00001;0.00000;0.00001;0.00000;0.00000;0.00006;0.00001;0.00001;0.00003;0.00002;0.00001;0.00003;0.00021;0.00003;0.00006;0.00001;0.00001;0.00001;0.00001;0.00044;0.00000;0.00000;0.00000;0.00000;0.00019;0.00041;0.00012;0.00005;0.00004;0.00001;0.00001;0.00008;0.00015;0.00011;0.00013;0.00004;0.00001;0.00027;0.00000;0.00007;0.00011;0.00004;0.00021;0.00012;0.00000;0.00025;0.00021;0.00001;0.00002;0.00001;0.00003;0.00011;0.00038;0.00024;0.00017;0.00025;0.00000;0.00000;0.00024;0.00020;0.00004;0.00004;0.00002;0.00002;0.00041;0.00001;0.00003;0.00002;0.00014;0.00002;0.00003;0.00000;0.00002;0.00002;0.00003;0.00017;0.00004;0.00020;0.00021;0.00015;0.00002;0.00044;0.00002;0.00002;0.00000;0.00031;0.00028;0.00025;0.00009;0.00013;0.00020;0.00004;0.00006;0.00006;0.00007;0.00009;0.00001;0.00004;0.00000;0.00005;0.00007;0.00001;0.00003;0.00003;0.00013;0.00004;0.00006;0.00003;0.00000;0.00000;0.00000;0.00000;0.00005;0.00018;0.00001;0.00000;0.00004;0.00003;0.00001;0.00002;0.00002;0.00000;0.00002;0.00002;0.00000;0.00000;0.00000;0.00000;0.00000;0.00009;0.00001;0.00008;0.00001;0.00001;0.00007;0.00002;0.00016;0.00013;0.00006;0.00020;0.00012;0.00012;0.00007;0.00002;0.00003;0.00002;0.00010;0.00008;0.00000;0.00000;0.00002;0.00035;0.00037;0.00008;0.00001;0.00002;0.00010;0.00000;0.00001;0.00000;0.00000;0.00001;0.00002;0.00008;0.00004;0.00002;0.00008;0.00025;0.00005;0.00003;0.00002;0.00002;0.00003;0.00029;0.00010;0.00001;0.00002;0.00005;0.00001;0.00000;0.00003;0.00001;0.00003;0.00022;0.00003;0.00009;0.00002;0.00005;0.00024;0.00003;0.00002;0.00000;0.00002;0.00000;0.00001;0.00000;0.00000;0.00000;0.00001;0.00001;0.00001;0.00001;0.00007;0.00000;0.00001;0.00001;0.00000;0.00001;0.00001;0.00002;0.00001;0.00000;0.00024;0.00022;0.00001;0.00003;0.00003;0.00000;0.00001;0.00000;0.00000;0.00009;0.00013;0.00000;0.00000;0.00001;0.00001;0.00002;0.00005;0.00029;0.00000;0.00001;0.00002;0.00006;0.00002;0.00000;0.00004;0.00001;0.00001;0.00002;0.00001;0.00004;0.00006;0.00000;0.00001;0.00070;0.00003;0.00002;0.00000;0.00004;0.00005;0.00009;0.00003;0.00006;0.00005;0.00002;0.00000;0.00001;0.00009;0.00010;0.00002;0.00034;0.00074;0.00002;0.00014;0.00022;0.00005;0.00006;0.00008;0.00026;0.00011;0.00014;0.00004;0.00023;0.00012;0.00003;0.00001;0.00038;0.00004;0.00007;0.00012;0.00000;0.00009;0.00004;0.00003;0.00001;0.00001;0.00002;0.00016;0.00000;0.00000;0.00000;0.00000;0.00001;0.00065;0.00006;0.00007;0.00000;0.00000;0.00034;0.00001;0.00001;0.00002;0.00002;0.00001;0.00000;0.00003;0.00001;0.00002;0.00002;0.00001;0.00001;0.00035;0.00002;0.00011;0.00003;0.00004;0.00008;0.00004;0.00006;0.00001;0.00001;0.00001;0.00012;0.00005;0.00000;0.00000;0.00005;0.00001;0.00000;0.00000;0.00003;0.00000;0.00007;0.00013;0.00087;0.00002;0.00001;0.00000;0.00001;0.00000;0.00058;0.00000;0.00001;0.00001;0.00000;0.00000;0.00004;0.00000;0.00000;0.00001;0.00003;0.00006;0.00002;0.00000;0.00000;0.00000
2020-06-29 00:00;0.00001;0.00003;0.00000;0.00001;0.00000;0.00000;0.00000;0.00001;0.00000;0.00000;0.00002;0.00000;0.00004;0.00000;0.00000;0.00000;0.00003;0.00002;0.00001;0.00001;0.00000;0.00000;0.00000;0.00000;0.00001;0.00002;0.00000;0.00000;0.00000;0.00000;0.00001;0.00000;0.00005;0.00000;0.00000;0.00001;0.00000;0.00001;0.00000;0.00001;0.00002;0.00002;0.00000;0.00001;0.00000;0.00000;0.00000;0.00000;0.00002;0.00000;0.00000;0.00000;0.00000;0.00000;0.00000;0.00001;0.00000;0.00001;0.00000;0.00000;0.00000;0.00000;0.00000;0.00003;0.00000;0.00000;0.00000;0.00000;0.00000;0.00009;0.00000;0.00000;0.00000;0.00000;0.00004;0.00000;0.00000;0.00001;0.00001;0.00002;0.00000;0.00000;0.00000;0.00004;0.00003;0.00000;0.00002;0.00002;0.00000;0.00000;0.00000;0.00000;0.00004;0.00004;0.00000;0.00000;0.00003;0.00001;0.00005;0.00009;0.00300;0.00025;0.00001;0.00000;0.00001;0.00000;0.00000;0.00071;0.00002;0.00001;0.00001;0.00001;0.00001;0.00001;0.00001;0.00001;0.00000;0.00000;0.00001;0.00001;0.00001;0.00000;0.00001;0.00000;0.00000;0.00002;0.00000;0.00002;0.00000;0.00000;0.00001;0.00004;0.00000;0.00000;0.00001;0.00001;0.00002;0.00000;0.00001;0.00000;0.00001;0.00000;0.00000;0.00006;0.00001;0.00001;0.00003;0.00002;0.00001;0.00003;0.00021;0.00003;0.00006;0.00001;0.00001;0.00001;0.00001;0.00045;0.00000;0.00000;0.00000;0.00000;0.00019;0.00043;0.00012;0.00005;0.00004;0.00001;0.00001;0.00007;0.00015;0.00015;0.00021;0.00008;0.00001;0.00011;0.00000;0.00005;0.00010;0.00002;0.00026;0.00013;0.00000;0.00029;0.00019;0.00001;0.00002;0.00001;0.00004;0.00018;0.00050;0.00027;0.00020;0.00032;0.00000;0.00000;0.00037;0.00022;0.00006;0.00004;0.00002;0.00002;0.00052;0.00001;0.00005;0.00003;0.00015;0.00002;0.00003;0.00000;0.00002;0.00002;0.00002;0.00017;0.00004;0.00018;0.00037;0.00017;0.00003;0.00074;0.00002;0.00002;0.00000;0.00034;0.00034;0.00034;0.00012;0.00014;0.00023;0.00005;0.00008;0.00008;0.00007;0.00019;0.00001;0.00004;0.00000;0.00004;0.00003;0.00001;0.00001;0.00003;0.00008;0.00004;0.00007;0.00003;0.00000;0.00000;0.00000;0.00000;0.00009;0.00018;0.00001;0.00000;0.00004;0.00002;0.00003;0.00002;0.00002;0.00000;0.00001;0.00001;0.00000;0.00000;0.00001;0.00000;0.00000;0.00006;0.00001;0.00005;0.00001;0.00001;0.00003;0.00003;0.00024;0.00015;0.00006;0.00020;0.00013;0.00011;0.00008;0.00002;0.00003;0.00002;0.00006;0.00006;0.00000;0.00000;0.00002;0.00027;0.00020;0.00005;0.00001;0.00002;0.00006;0.00001;0.00001;0.00000;0.00000;0.00001;0.00002;0.00008;0.00003;0.00001;0.00024;0.00012;0.00005;0.00003;0.00002;0.00005;0.00004;0.00033;0.00010;0.00001;0.00002;0.00016;0.00001;0.00000;0.00001;0.00001;0.00003;0.00012;0.00003;0.00012;0.00002;0.00003;0.00011;0.00003;0.00002;0.00000;0.00004;0.00000;0.00001;0.00000;0.00000;0.00000;0.00001;0.00001;0.00001;0.00003;0.00004;0.00000;0.00001;0.00001;0.00000;0.00001;0.00001;0.00002;0.00001;0.00003;0.00036;0.00022;0.00006;0.00003;0.00003;0.00000;0.00001;0.00003;0.00000;0.00010;0.00013;0.00000;0.00000;0.00000;0.00000;0.00000;0.00019;0.00012;0.00000;0.00001;0.00002;0.00006;0.00002;0.00000;0.00001;0.00006;0.00001;0.00002;0.00004;0.00004;0.00006;0.00000;0.00000;0.00040;0.00001;0.00001;0.00002;0.00004;0.00005;0.00003;0.00004;0.00005;0.00003;0.00002;0.00000;0.00001;0.00009;0.00010;0.00002;0.00037;0.00075;0.00002;0.00014;0.00027;0.00022;0.00024;0.00009;0.00032;0.00012;0.00021;0.00003;0.00027;0.00016;0.00003;0.00004;0.00048;0.00004;0.00008;0.00016;0.00000;0.00009;0.00006;0.00003;0.00001;0.00004;0.00002;0.00016;0.00000;0.00000;0.00000;0.00000;0.00001;0.00065;0.00006;0.00007;0.00000;0.00000;0.00034;0.00001;0.00001;0.00002;0.00002;0.00001;0.00000;0.00003;0.00001;0.00002;0.00002;0.00001;0.00001;0.00035;0.00002;0.00012;0.00003;0.00004;0.00008;0.00004;0.00006;0.00001;0.00001;0.00001;0.00012;0.00005;0.00000;0.00000;0.00005;0.00001;0.00000;0.00000;0.00003;0.00000;0.00007;0.00013;0.00087;0.00002;0.00001;0.00000;0.00001;0.00000;0.00055;0.00000;0.00001;0.00002;0.00000;0.00000;0.00001;0.00000;0.00000;0.00001;0.00003;0.00006;0.00002;0.00000;0.00000;0.00000
