Hauteur eau en aval du tronçon (m);ONDE CINEMATIQUE MODIFIEE ( VERSION 4.4.0.0000 )
date heure\troncon;1;2;3;4;5;6;7;8;9;10;11;12;13;14;15;16;17;18;19;20;21;22;23;24;25;26;27;28;29;30;31;32;33;34;35;36;37;38;39;40;41;42;43;44;45;46;47;48;49;50;51;52;53;54;55;56;57;58;59;60;61;62;63;64;65;66;67;68;69;70;71;72;73;74;75;76;77;78;79;80;81;82;83;84;85;86;87;88;89;90;91;92;93;94;95;96;97;98;99;100;101;102;103;104;105;106;107;108;109;110;111;112;113;114;115;116;117;118;119;120;121;122;123;124;125;126;127;128;129;130;131;132;133;134;135;136;137;138;139;140;141;142;143;144;145;146;147;148;149;150;151;152;153;154;155;156;157;158;159;160;161;162;163;164;165;166;167;168;169;170;171;172;173;174;175;176;177;178;179;180;181;182;183;184;185;186;187;188;189;190;191;192;193;194;195;196
2020-01-01 00:00;0.67933;0.67872;0.05857;0.67872;0.06741;0.15301;0.02283;0.67849;0.02031;0.67831;0.03872;0.67853;0.01039;0.50871;0.01036;0.67906;0.67903;0.01249;0.67944;0.68008;0.00930;0.68030;0.00821;0.01421;0.01504;0.46907;0.03138;0.68067;0.68060;0.01340;0.68102;0.01582;0.54218;0.01208;0.68120;0.01436;0.68172;0.66175;0.68190;0.68574;0.68571;0.64771;0.64772;0.67808;0.56374;0.56088;0.43248;0.53401;0.53241;0.52598;0.52304;0.51386;0.48432;0.12192;0.47086;0.17400;0.48011;0.47834;0.47307;0.17175;0.46953;0.46924;0.19848;0.46593;0.40951;0.34241;0.39124;0.37495;0.44198;0.23887;0.34457;0.32027;0.26100;0.32566;0.28766;0.07308;0.04058;0.20994;0.04928;0.23446;0.23116;0.06908;0.22979;0.22832;0.22804;0.22773;0.22534;0.07443;0.22596;0.22341;0.21075;0.21142;0.05796;0.21154;0.08018;0.20600;0.16857;0.14168;0.13330;0.13051;0.12501;0.12118;0.08150;0.10857;0.03332;0.11093;0.04023;0.10765;0.02017;0.10721;0.04473;0.03085;0.02833;0.01633;0.04130;0.10538;0.03677;0.10545;0.10468;0.10448;0.06762;0.04951;0.03374;0.02441;0.01004;0.09294;0.04482;0.04806;0.01303;0.04694;0.07266;0.08349;0.04263;0.07487;0.04337;0.02719;0.04271;0.08874;0.04911;0.08925;0.07079;0.05784;0.04584;0.03694;0.02710;0.03009;0.05057;0.05823;0.20352;0.16609;0.11610;0.13532;0.07987;0.15063;0.09016;0.02841;0.05038;0.14758;0.09101;0.04381;0.04682;0.05240;0.09653;0.08173;0.10232;0.11207;0.07844;0.10158;0.08313;0.08776;0.06852;0.03443;0.23755;0.43674;0.57047;0.56746;0.07927;0.16036;0.13967;0.21490;0.16656;0.47276;0.34384;0.16548;0.27551;0.08094;0.12245;0.02654;0.64685;0.01314;0.13045;0.05248;0.09198;0.06569;0.03540;0.04975
2020-01-02 00:00;0.49715;0.49263;0.06592;0.49245;0.07267;0.16478;0.03239;0.49106;0.02490;0.48814;0.03037;0.48791;0.00999;0.36546;0.01152;0.48706;0.48698;0.01390;0.48640;0.48561;0.00963;0.48494;0.00980;0.01703;0.01684;0.33410;0.04063;0.48423;0.48371;0.01311;0.48204;0.01813;0.38276;0.01238;0.48039;0.01538;0.48027;0.46586;0.47814;0.47883;0.47761;0.45490;0.45439;0.56014;0.36655;0.35940;0.38999;0.32337;0.31871;0.30766;0.29848;0.28870;0.27872;0.03212;0.27046;0.04545;0.27576;0.27465;0.27179;0.04428;0.27042;0.26977;0.05432;0.26882;0.25141;0.09806;0.24710;0.24217;0.18373;0.16292;0.13849;0.22518;0.10597;0.13368;0.12311;0.06501;0.03831;0.08352;0.03606;0.20217;0.19863;0.05509;0.19747;0.19556;0.19457;0.19443;0.19073;0.06522;0.19094;0.18885;0.18020;0.18208;0.04302;0.18228;0.06989;0.17839;0.14255;0.12352;0.11500;0.11071;0.10553;0.10142;0.08060;0.08831;0.02101;0.09065;0.03214;0.08691;0.01847;0.08642;0.03767;0.03156;0.01833;0.01134;0.02053;0.08479;0.03016;0.08469;0.08366;0.08275;0.04284;0.03180;0.02412;0.01922;0.01018;0.07532;0.02960;0.03872;0.01225;0.03796;0.06415;0.06895;0.04218;0.05818;0.03766;0.02558;0.03362;0.07804;0.03702;0.08055;0.06870;0.04561;0.03838;0.03389;0.02597;0.02207;0.03521;0.04016;0.15836;0.14420;0.11193;0.14138;0.08601;0.14696;0.07471;0.02769;0.04731;0.14683;0.09166;0.03106;0.04136;0.04295;0.08322;0.05644;0.08327;0.09831;0.06450;0.08484;0.07026;0.06845;0.04690;0.03097;0.06762;0.17819;0.23405;0.22956;0.04006;0.04131;0.03597;0.05684;0.04307;0.20115;0.13444;0.20729;0.25740;0.09594;0.14961;0.02974;0.39280;0.01465;0.13492;0.04515;0.09516;0.07523;0.03411;0.05755
2020-01-03 00:00;0.43172;0.42585;0.11320;0.42519;0.13908;0.31549;0.06412;0.42034;0.04844;0.41775;0.05907;0.41752;0.01952;0.31289;0.01746;0.41728;0.41714;0.02098;0.41706;0.41662;0.01728;0.41637;0.01740;0.02959;0.02941;0.28695;0.08310;0.41595;0.41475;0.02498;0.41277;0.03401;0.32769;0.01479;0.41151;0.02415;0.41163;0.39891;0.40970;0.40832;0.40796;0.40362;0.40332;0.59379;0.29227;0.26614;0.30028;0.23695;0.22648;0.21649;0.19366;0.18599;0.18533;0.00687;0.18020;0.01108;0.18412;0.18366;0.18261;0.01424;0.18186;0.18179;0.01481;0.18156;0.18007;0.01794;0.17947;0.17816;0.06031;0.12489;0.03769;0.17572;0.07159;0.09000;0.08175;0.05703;0.03717;0.05780;0.02482;0.16913;0.16633;0.04854;0.16523;0.16411;0.16391;0.16382;0.16054;0.04562;0.16126;0.16074;0.15345;0.15537;0.03870;0.15549;0.05266;0.15235;0.11310;0.09485;0.08369;0.07771;0.07239;0.07113;0.06967;0.05897;0.01846;0.06010;0.02252;0.05777;0.01540;0.05726;0.02900;0.02402;0.01447;0.01132;0.01536;0.05526;0.02213;0.05481;0.05341;0.05019;0.03081;0.02229;0.02036;0.01755;0.00973;0.03720;0.02726;0.02681;0.01185;0.02492;0.02954;0.04752;0.03586;0.03503;0.01755;0.01853;0.03024;0.06943;0.03144;0.07338;0.06356;0.03743;0.03442;0.03085;0.02384;0.01885;0.03048;0.02472;0.13686;0.13359;0.10614;0.14176;0.08832;0.14161;0.06156;0.02385;0.04021;0.14346;0.08958;0.02519;0.02778;0.02685;0.05591;0.04418;0.05743;0.08563;0.05360;0.06517;0.04697;0.05837;0.03881;0.02714;0.01662;0.05527;0.07183;0.06388;0.02293;0.00950;0.01184;0.01131;0.00970;0.05476;0.03829;0.42851;0.19161;0.21032;0.32823;0.05704;0.19086;0.02402;0.15726;0.09029;0.11363;0.14378;0.06170;0.09907
2020-01-04 00:00;0.28684;0.28109;0.07384;0.28063;0.09055;0.20558;0.02592;0.27703;0.02577;0.27302;0.06216;0.27229;0.01577;0.20376;0.01175;0.27108;0.27095;0.01511;0.27010;0.26864;0.01273;0.26780;0.00926;0.01546;0.01812;0.18434;0.03502;0.26685;0.26595;0.01861;0.26366;0.01940;0.20876;0.01407;0.26173;0.01787;0.26138;0.25269;0.25776;0.25401;0.25270;0.25004;0.24936;0.33477;0.19088;0.17276;0.09266;0.16727;0.16324;0.16124;0.15438;0.15295;0.15329;0.00660;0.14944;0.01013;0.15301;0.15289;0.15271;0.01311;0.15213;0.15249;0.01365;0.15246;0.15315;0.01530;0.15317;0.15280;0.04193;0.10795;0.02259;0.15221;0.06572;0.08196;0.07309;0.04695;0.03634;0.05491;0.02312;0.14727;0.14544;0.04300;0.14453;0.14394;0.14418;0.14434;0.14281;0.03959;0.14352;0.14416;0.13756;0.13918;0.03797;0.13923;0.04924;0.13600;0.09615;0.07855;0.06842;0.06463;0.05970;0.05694;0.04936;0.04858;0.01387;0.04961;0.01920;0.04768;0.01228;0.04743;0.02169;0.01559;0.01326;0.00891;0.01425;0.04544;0.01611;0.04536;0.04375;0.04214;0.02819;0.02149;0.01818;0.01457;0.00994;0.03421;0.02246;0.02742;0.01182;0.02626;0.03767;0.04165;0.02820;0.03366;0.01776;0.01356;0.02428;0.06343;0.02463;0.06939;0.05727;0.03625;0.03232;0.02901;0.02180;0.01865;0.02838;0.02689;0.12347;0.12725;0.10109;0.13887;0.08820;0.13702;0.05263;0.01968;0.02832;0.13991;0.08712;0.02285;0.02834;0.02146;0.03721;0.04054;0.03913;0.06627;0.04162;0.05556;0.03919;0.05151;0.03276;0.02418;0.01544;0.03329;0.04330;0.03466;0.01916;0.00864;0.01091;0.00830;0.00851;0.02815;0.01665;0.19012;0.04005;0.10581;0.15421;0.03682;0.07915;0.01573;0.14051;0.07949;0.10847;0.08590;0.04905;0.06725
2020-01-05 00:00;0.19199;0.18821;0.05580;0.18783;0.04954;0.11213;0.01869;0.18600;0.01973;0.18317;0.05290;0.18252;0.01017;0.13658;0.01066;0.18171;0.18160;0.01218;0.18097;0.17991;0.00830;0.17932;0.00750;0.01349;0.01312;0.12342;0.02043;0.17865;0.17805;0.01146;0.17673;0.01246;0.14000;0.01365;0.17551;0.01342;0.17525;0.16870;0.17187;0.16796;0.16703;0.16543;0.16495;0.15352;0.14714;0.14418;0.02621;0.14443;0.14405;0.14373;0.14283;0.14260;0.14289;0.00703;0.13941;0.01020;0.14283;0.14279;0.14280;0.01363;0.14227;0.14271;0.01523;0.14271;0.14331;0.01531;0.14345;0.14330;0.04071;0.10133;0.02297;0.14286;0.06505;0.08069;0.07169;0.04483;0.03574;0.05459;0.02393;0.13790;0.13675;0.03582;0.13617;0.13606;0.13635;0.13645;0.13636;0.03737;0.13711;0.13775;0.13136;0.13267;0.03844;0.13267;0.04621;0.12946;0.09211;0.07447;0.06410;0.05934;0.05429;0.05229;0.03071;0.04754;0.01863;0.04819;0.02007;0.04664;0.01007;0.04645;0.02101;0.01334;0.01450;0.01169;0.01481;0.04473;0.01997;0.04411;0.04279;0.04031;0.02910;0.02171;0.02012;0.01778;0.00967;0.03122;0.02782;0.02495;0.01172;0.02350;0.02854;0.03829;0.02165;0.03239;0.01421;0.01700;0.03064;0.06208;0.03172;0.06523;0.04957;0.03541;0.03251;0.02961;0.02274;0.01888;0.02762;0.02358;0.12091;0.12389;0.09750;0.13526;0.08739;0.13321;0.04659;0.01643;0.02443;0.13669;0.08483;0.02534;0.02596;0.02221;0.03886;0.04100;0.03740;0.04452;0.04056;0.05300;0.03851;0.04776;0.02859;0.01667;0.01577;0.03319;0.04331;0.03343;0.02075;0.00913;0.01296;0.00855;0.00900;0.02741;0.01797;0.04775;0.02510;0.01496;0.04310;0.02347;0.04927;0.01275;0.11223;0.06733;0.10687;0.05745;0.03358;0.05448
2020-01-06 00:00;0.15762;0.15540;0.05357;0.15500;0.04514;0.10221;0.01788;0.15338;0.01924;0.15168;0.03520;0.15137;0.00998;0.11338;0.01058;0.15111;0.15101;0.01229;0.15076;0.15028;0.00788;0.15007;0.00730;0.01333;0.01273;0.10338;0.01926;0.14982;0.14933;0.00990;0.14885;0.01221;0.11824;0.01364;0.14841;0.01327;0.14835;0.14247;0.14582;0.14262;0.14230;0.14173;0.14150;0.07538;0.13903;0.13860;0.02694;0.13914;0.13909;0.13901;0.13865;0.13852;0.13877;0.00705;0.13543;0.01022;0.13879;0.13878;0.13885;0.01370;0.13833;0.13880;0.01548;0.13881;0.13926;0.01534;0.13946;0.13942;0.03984;0.09865;0.02313;0.13907;0.06344;0.07811;0.06892;0.03959;0.03513;0.05355;0.02435;0.13445;0.13348;0.02687;0.13332;0.13327;0.13376;0.13394;0.13430;0.03998;0.13489;0.13531;0.12938;0.13060;0.03859;0.13059;0.04924;0.12732;0.09053;0.07404;0.06560;0.06285;0.05832;0.05544;0.03924;0.04915;0.01433;0.05019;0.01962;0.04831;0.00898;0.04815;0.02199;0.01543;0.01379;0.00910;0.01558;0.04606;0.01648;0.04597;0.04445;0.04334;0.02934;0.02222;0.01881;0.01497;0.00995;0.03518;0.02333;0.02759;0.01174;0.02711;0.03872;0.04098;0.02295;0.03526;0.01890;0.01385;0.02489;0.05722;0.02533;0.06114;0.03984;0.03591;0.03144;0.02879;0.02159;0.01888;0.02603;0.02813;0.11603;0.12060;0.09470;0.13210;0.08632;0.12980;0.04228;0.01424;0.02080;0.13360;0.08266;0.02349;0.02884;0.02258;0.03933;0.04131;0.04061;0.04355;0.03807;0.05188;0.04104;0.04062;0.03131;0.02048;0.01590;0.03433;0.04486;0.03428;0.02186;0.00921;0.01314;0.00862;0.00908;0.02775;0.01926;0.04217;0.02552;0.01221;0.02304;0.02255;0.04744;0.01239;0.09499;0.04760;0.10510;0.05436;0.02819;0.05241
2020-01-07 00:00;0.14730;0.14555;0.05091;0.14517;0.04387;0.09935;0.01754;0.14361;0.01904;0.14228;0.03255;0.14204;0.00884;0.10644;0.01055;0.14193;0.14184;0.01196;0.14170;0.14142;0.00755;0.14132;0.00723;0.01328;0.01267;0.09737;0.01887;0.14118;0.14074;0.00842;0.14051;0.01198;0.11172;0.01356;0.14027;0.01310;0.14027;0.13461;0.13800;0.13633;0.13618;0.13588;0.13572;0.05152;0.13678;0.13666;0.02687;0.13717;0.13712;0.13703;0.13679;0.13666;0.13692;0.00701;0.13361;0.01017;0.13690;0.13688;0.13692;0.01360;0.13641;0.13685;0.01534;0.13685;0.13723;0.01528;0.13739;0.13729;0.03910;0.09711;0.02285;0.13689;0.06363;0.07860;0.07035;0.04528;0.03446;0.05232;0.02422;0.13200;0.13094;0.03220;0.13049;0.13041;0.13090;0.13094;0.13109;0.03818;0.13173;0.13215;0.12640;0.12748;0.03839;0.12742;0.04623;0.12423;0.08880;0.07285;0.06420;0.05983;0.05478;0.05272;0.03269;0.04762;0.01820;0.04827;0.02007;0.04661;0.00848;0.04644;0.02109;0.01362;0.01433;0.01130;0.01480;0.04466;0.01937;0.04412;0.04287;0.04068;0.02917;0.02172;0.01981;0.01725;0.00965;0.03132;0.02720;0.02425;0.01173;0.02370;0.02912;0.03862;0.02120;0.03287;0.01475;0.01655;0.02993;0.05414;0.03088;0.05400;0.02183;0.03447;0.03142;0.02921;0.02236;0.01869;0.02498;0.02340;0.11313;0.11751;0.09225;0.12959;0.08507;0.12641;0.03905;0.01265;0.02571;0.13040;0.08043;0.02515;0.02622;0.02250;0.03916;0.04126;0.03873;0.04026;0.04029;0.04921;0.03943;0.03336;0.02902;0.01621;0.01581;0.03428;0.04477;0.03426;0.02176;0.00916;0.01304;0.00859;0.00904;0.02701;0.01916;0.03206;0.02491;0.01052;0.01293;0.02229;0.04713;0.01233;0.07224;0.04137;0.10337;0.05204;0.02378;0.05098
2020-01-08 00:00;0.14330;0.14176;0.04890;0.14140;0.04236;0.09593;0.01755;0.13992;0.01895;0.13877;0.02606;0.13862;0.00990;0.10389;0.01056;0.13856;0.13848;0.01225;0.13839;0.13816;0.00780;0.13811;0.00722;0.01332;0.01270;0.09518;0.01911;0.13802;0.13762;0.00895;0.13745;0.01200;0.10933;0.01360;0.13731;0.01323;0.13734;0.13178;0.13527;0.13334;0.13325;0.13302;0.13288;0.04958;0.13414;0.13407;0.02741;0.13456;0.13455;0.13448;0.13438;0.13426;0.13451;0.00717;0.13129;0.01017;0.13455;0.13455;0.13464;0.01376;0.13414;0.13460;0.01587;0.13461;0.13492;0.01525;0.13513;0.13512;0.03912;0.09561;0.02291;0.13478;0.06255;0.07682;0.06818;0.04053;0.03383;0.05208;0.02466;0.13025;0.12937;0.02841;0.12914;0.12912;0.12966;0.12977;0.13008;0.04042;0.13057;0.13082;0.12544;0.12649;0.03856;0.12645;0.04921;0.12320;0.08836;0.07350;0.06589;0.06334;0.05872;0.05571;0.03983;0.04927;0.01424;0.05031;0.01978;0.04839;0.00843;0.04822;0.02225;0.01568;0.01387;0.00891;0.01599;0.04606;0.01600;0.04603;0.04457;0.04374;0.02957;0.02242;0.01867;0.01460;0.00995;0.03546;0.02321;0.02724;0.01172;0.02746;0.03954;0.04162;0.02330;0.03586;0.01949;0.01352;0.02436;0.05484;0.02484;0.05826;0.03674;0.03553;0.03073;0.02842;0.02118;0.01888;0.02461;0.02877;0.10911;0.11541;0.09029;0.12765;0.08368;0.12333;0.03711;0.01152;0.02226;0.12732;0.07827;0.02353;0.02917;0.02295;0.03983;0.04129;0.04168;0.04427;0.03846;0.05060;0.04150;0.03729;0.03171;0.02060;0.01589;0.03480;0.04542;0.03450;0.02232;0.00933;0.01376;0.00867;0.00921;0.02673;0.02037;0.02829;0.02664;0.01083;0.01260;0.02224;0.04723;0.01235;0.07515;0.03457;0.10161;0.05052;0.02526;0.04979
2020-01-09 00:00;0.14123;0.13992;0.04546;0.13960;0.03947;0.08939;0.01551;0.13829;0.01818;0.13725;0.03234;0.13704;0.00872;0.10271;0.01041;0.13699;0.13691;0.01179;0.13682;0.13663;0.00734;0.13658;0.00697;0.01296;0.01236;0.09413;0.01717;0.13651;0.13615;0.00819;0.13603;0.01140;0.10822;0.01349;0.13591;0.01289;0.13593;0.13046;0.13386;0.13228;0.13217;0.13196;0.13183;0.04892;0.13307;0.13298;0.02635;0.13346;0.13341;0.13333;0.13319;0.13308;0.13336;0.00684;0.13013;0.01006;0.13333;0.13330;0.13333;0.01333;0.13283;0.13325;0.01482;0.13325;0.13355;0.01517;0.13368;0.13355;0.03826;0.09444;0.02211;0.13314;0.06214;0.07659;0.06869;0.04502;0.03311;0.05082;0.02406;0.12833;0.12715;0.03185;0.12667;0.12649;0.12673;0.12672;0.12669;0.03830;0.12721;0.12752;0.12245;0.12337;0.03803;0.12328;0.04593;0.12008;0.08642;0.07261;0.06391;0.05954;0.05445;0.05227;0.03270;0.04715;0.01776;0.04781;0.01974;0.04610;0.00821;0.04594;0.02079;0.01357;0.01402;0.01106;0.01426;0.04417;0.01889;0.04367;0.04242;0.04029;0.02866;0.02145;0.01939;0.01687;0.00964;0.03115;0.02658;0.02401;0.01170;0.02360;0.02961;0.03846;0.02127;0.03271;0.01486;0.01631;0.02946;0.05491;0.03038;0.05572;0.03429;0.03383;0.03079;0.02886;0.02202;0.01856;0.02372;0.02299;0.10424;0.11255;0.08849;0.12544;0.08219;0.12018;0.03468;0.01058;0.02548;0.12428;0.07619;0.02482;0.02623;0.02222;0.03827;0.04099;0.03850;0.04054;0.04008;0.04979;0.03948;0.03635;0.02895;0.01832;0.01560;0.03394;0.04437;0.03399;0.02154;0.00899;0.01240;0.00850;0.00886;0.02564;0.01844;0.02382;0.02333;0.00960;0.01122;0.02129;0.04593;0.01209;0.06976;0.04233;0.09951;0.04706;0.02285;0.04729
2020-01-10 00:00;0.13815;0.13675;0.04466;0.13644;0.03903;0.08838;0.01705;0.13514;0.01845;0.13411;0.02636;0.13395;0.00954;0.10039;0.01049;0.13388;0.13380;0.01210;0.13371;0.13350;0.00760;0.13344;0.00711;0.01322;0.01257;0.09196;0.01868;0.13336;0.13299;0.00871;0.13280;0.01169;0.10563;0.01350;0.13265;0.01309;0.13267;0.12731;0.13068;0.12890;0.12880;0.12853;0.12840;0.04800;0.12957;0.12948;0.02599;0.12994;0.12990;0.12981;0.12967;0.12954;0.12982;0.00693;0.12669;0.00994;0.12982;0.12981;0.12987;0.01331;0.12938;0.12981;0.01506;0.12982;0.13008;0.01500;0.13025;0.13018;0.03786;0.09209;0.02180;0.12982;0.06051;0.07412;0.06588;0.03981;0.03239;0.05011;0.02417;0.12535;0.12435;0.02776;0.12407;0.12397;0.12432;0.12438;0.12460;0.03948;0.12499;0.12518;0.12051;0.12140;0.03796;0.12132;0.04801;0.11811;0.08444;0.07141;0.06418;0.06149;0.05678;0.05394;0.03809;0.04777;0.01392;0.04877;0.01939;0.04690;0.00816;0.04674;0.02168;0.01512;0.01365;0.00876;0.01551;0.04458;0.01560;0.04454;0.04311;0.04221;0.02902;0.02208;0.01834;0.01434;0.00983;0.03353;0.02284;0.02623;0.01163;0.02666;0.03739;0.04051;0.02267;0.03482;0.01841;0.01332;0.02395;0.05162;0.02430;0.05363;0.02886;0.03466;0.03012;0.02798;0.02080;0.01866;0.02371;0.02764;0.10018;0.11080;0.08672;0.12331;0.08060;0.11739;0.03362;0.00992;0.02186;0.12140;0.07419;0.02315;0.02833;0.02246;0.03871;0.04070;0.04031;0.04240;0.03782;0.04961;0.04038;0.03580;0.03060;0.01910;0.01543;0.03365;0.04393;0.03356;0.02140;0.00902;0.01295;0.00848;0.00891;0.02465;0.01887;0.02657;0.02423;0.01040;0.01182;0.02157;0.04548;0.01222;0.07150;0.03496;0.09770;0.04710;0.02461;0.04693
2020-01-11 00:00;0.62116;0.62529;0.11796;0.62486;0.15162;0.34386;0.07778;0.62160;0.05686;0.62669;0.06338;0.62777;0.01622;0.47159;0.01994;0.63184;0.63181;0.02313;0.63457;0.63810;0.01792;0.64050;0.01975;0.03390;0.03296;0.44231;0.09478;0.64332;0.64302;0.02657;0.64659;0.03776;0.51671;0.01640;0.65079;0.02702;0.65262;0.63324;0.65704;0.65967;0.66319;0.64827;0.64965;0.59219;0.59361;0.58256;0.46804;0.55534;0.55489;0.54770;0.54430;0.53690;0.51294;0.18191;0.50006;0.26695;0.50998;0.50836;0.50308;0.28829;0.49727;0.49735;0.29445;0.49195;0.43477;0.40463;0.41320;0.39361;0.44511;0.25470;0.36293;0.34188;0.35456;0.44081;0.40087;0.07612;0.04230;0.29540;0.06003;0.24267;0.24727;0.08167;0.24639;0.25227;0.25789;0.25741;0.26310;0.06761;0.26555;0.26399;0.24489;0.24635;0.07937;0.24669;0.08786;0.23915;0.19070;0.14307;0.12979;0.12711;0.12057;0.12022;0.07414;0.10875;0.03958;0.11081;0.04519;0.11016;0.01890;0.10976;0.05170;0.02908;0.03830;0.01982;0.06932;0.10606;0.03508;0.10640;0.10453;0.10288;0.09148;0.07101;0.04877;0.02990;0.01115;0.05663;0.07012;0.05336;0.01479;0.04964;0.03377;0.08625;0.03922;0.07875;0.04093;0.02454;0.04512;0.10229;0.05021;0.10696;0.06340;0.08049;0.06253;0.04275;0.02870;0.04329;0.08522;0.08646;0.28311;0.20930;0.11349;0.13603;0.08071;0.14600;0.08397;0.02177;0.05048;0.14326;0.08694;0.05285;0.04544;0.05129;0.09755;0.09267;0.12025;0.10724;0.09135;0.10219;0.08066;0.09585;0.08155;0.03662;0.29244;0.46043;0.58943;0.58131;0.08991;0.25283;0.25369;0.32881;0.26345;0.42983;0.46832;0.47617;0.40295;0.22722;0.35956;0.06690;0.50246;0.02771;0.16494;0.09973;0.12110;0.16319;0.06797;0.11605
2020-01-12 00:00;0.68372;0.68179;0.07570;0.68169;0.09621;0.21851;0.01973;0.68039;0.03374;0.67916;0.06878;0.67911;0.01206;0.50906;0.01365;0.67928;0.67921;0.01729;0.67935;0.67954;0.01328;0.67955;0.01049;0.01781;0.02085;0.46848;0.03629;0.67967;0.67939;0.02104;0.67924;0.02185;0.54053;0.01623;0.67900;0.02059;0.67938;0.65929;0.67867;0.68057;0.68025;0.64802;0.64782;0.81056;0.52195;0.51225;0.44578;0.48029;0.47713;0.47009;0.46465;0.45714;0.43410;0.08607;0.42225;0.12043;0.43105;0.42980;0.42616;0.11189;0.42366;0.42381;0.14140;0.42179;0.37774;0.26474;0.36541;0.35485;0.35795;0.23234;0.27519;0.31624;0.20489;0.25833;0.23092;0.08230;0.04313;0.16042;0.04938;0.26112;0.25756;0.06957;0.25633;0.25486;0.25542;0.25541;0.25250;0.07682;0.25365;0.25179;0.23793;0.23927;0.07045;0.23916;0.09059;0.23068;0.19799;0.16720;0.15759;0.15296;0.14742;0.14561;0.09037;0.13255;0.05018;0.13494;0.04780;0.13217;0.02315;0.13175;0.05488;0.03530;0.03740;0.03269;0.04434;0.13015;0.05962;0.12833;0.12810;0.12542;0.08408;0.05691;0.05427;0.05125;0.01324;0.11202;0.07147;0.05353;0.01700;0.05238;0.07066;0.09319;0.04601;0.08443;0.04521;0.03699;0.07696;0.10917;0.08473;0.10012;0.07647;0.06463;0.05368;0.04672;0.03671;0.03262;0.05116;0.05920;0.23627;0.17189;0.12837;0.14774;0.08720;0.16445;0.10070;0.03168;0.05823;0.16062;0.09972;0.05718;0.05092;0.05828;0.10608;0.08675;0.10339;0.12118;0.08080;0.10263;0.08492;0.08361;0.06660;0.03386;0.17931;0.36648;0.48171;0.47863;0.07006;0.10992;0.08736;0.14972;0.11398;0.39185;0.25450;0.21997;0.25683;0.11987;0.17170;0.04609;0.58875;0.01835;0.17746;0.08951;0.11220;0.08747;0.05286;0.07428
2020-01-13 00:00;0.37296;0.36623;0.05234;0.36602;0.04573;0.10342;0.01775;0.36469;0.02704;0.35943;0.06058;0.35851;0.01007;0.26813;0.01228;0.35643;0.35630;0.01394;0.35476;0.35265;0.00914;0.35118;0.00830;0.01539;0.01477;0.24163;0.01817;0.34960;0.34891;0.01319;0.34586;0.01324;0.27364;0.01593;0.34282;0.01526;0.34212;0.33123;0.33744;0.33511;0.33270;0.32047;0.31941;0.31093;0.27968;0.27630;0.13706;0.26846;0.26550;0.26268;0.25778;0.25280;0.24904;0.00689;0.24172;0.01172;0.24663;0.24573;0.24361;0.01492;0.24258;0.24205;0.01432;0.24160;0.23528;0.02008;0.23392;0.23147;0.10911;0.16028;0.07850;0.22440;0.08302;0.10313;0.09541;0.06778;0.04042;0.06295;0.03402;0.21381;0.21021;0.05711;0.20899;0.20753;0.20758;0.20766;0.20417;0.05923;0.20513;0.20387;0.19630;0.19856;0.05317;0.19856;0.07844;0.19249;0.15901;0.13775;0.12652;0.11979;0.11493;0.11351;0.08418;0.10028;0.03511;0.10231;0.04059;0.09885;0.02102;0.09832;0.04241;0.03376;0.02311;0.01883;0.02295;0.09734;0.04823;0.09534;0.09478;0.09176;0.04791;0.03201;0.03540;0.03363;0.01217;0.08588;0.04673;0.03817;0.01403;0.03659;0.05082;0.07031;0.04380;0.05777;0.03108;0.03750;0.06435;0.09493;0.06447;0.09202;0.07564;0.05296;0.04823;0.04501;0.03716;0.02428;0.03878;0.03806;0.17673;0.14845;0.12013;0.15439;0.09316;0.15581;0.07901;0.02922;0.05383;0.15574;0.09789;0.04232;0.03933;0.04861;0.09391;0.05897;0.07892;0.09849;0.06366;0.07990;0.06315;0.06532;0.04331;0.02914;0.01666;0.10357;0.13602;0.12973;0.03010;0.00985;0.01191;0.01414;0.01055;0.11788;0.02923;0.03134;0.01749;0.00843;0.01686;0.03193;0.19968;0.01522;0.14142;0.07859;0.10991;0.05155;0.03454;0.06038
2020-01-14 00:00;0.22990;0.22725;0.04955;0.22700;0.04079;0.09227;0.01769;0.22592;0.02622;0.22373;0.05188;0.22324;0.01135;0.16716;0.01250;0.22264;0.22253;0.01436;0.22205;0.22134;0.00904;0.22091;0.00826;0.01558;0.01462;0.15215;0.01768;0.22045;0.22005;0.01179;0.21916;0.01315;0.17398;0.01628;0.21828;0.01546;0.21812;0.21054;0.21539;0.21157;0.21083;0.20958;0.20918;0.16997;0.19355;0.19335;0.02273;0.19421;0.19382;0.19365;0.19308;0.19265;0.19329;0.00634;0.18850;0.00987;0.19308;0.19298;0.19288;0.01263;0.19218;0.19272;0.01289;0.19276;0.19388;0.01494;0.19418;0.19417;0.04374;0.13768;0.02245;0.19430;0.07880;0.09747;0.09115;0.07634;0.04176;0.05868;0.03379;0.19082;0.18934;0.05530;0.18829;0.18846;0.18892;0.18867;0.18685;0.05014;0.18800;0.18787;0.18153;0.18219;0.07602;0.18127;0.07236;0.17566;0.14027;0.11908;0.10676;0.10104;0.09455;0.09079;0.07925;0.07765;0.02509;0.07906;0.03517;0.07536;0.01874;0.07479;0.03679;0.02795;0.02109;0.01629;0.02290;0.07216;0.02968;0.07147;0.06929;0.06708;0.04271;0.03042;0.03055;0.02576;0.01491;0.05450;0.03172;0.03900;0.01844;0.03757;0.05376;0.06299;0.04001;0.05101;0.02635;0.02957;0.03534;0.08700;0.03837;0.09065;0.07306;0.05282;0.04799;0.04337;0.03343;0.02903;0.04085;0.03676;0.16495;0.14268;0.11571;0.15610;0.09529;0.15139;0.06808;0.02497;0.04868;0.15281;0.09549;0.03693;0.04119;0.03859;0.07820;0.06863;0.06376;0.08647;0.06482;0.07573;0.05328;0.06830;0.04571;0.03084;0.01495;0.03980;0.05159;0.03817;0.02549;0.00831;0.01002;0.00804;0.00817;0.02904;0.01262;0.01392;0.01216;0.00766;0.00881;0.03110;0.06187;0.01515;0.12804;0.06793;0.10788;0.04933;0.03030;0.05814
2020-01-15 00:00;0.19116;0.18938;0.04704;0.18912;0.03966;0.08974;0.01683;0.18803;0.02551;0.18647;0.03508;0.18621;0.00999;0.13949;0.01213;0.18590;0.18580;0.01370;0.18552;0.18512;0.00856;0.18489;0.00803;0.01518;0.01430;0.12738;0.01727;0.18464;0.18430;0.01032;0.18385;0.01279;0.14610;0.01582;0.18338;0.01499;0.18332;0.17663;0.18102;0.17706;0.17665;0.17624;0.17593;0.05580;0.17801;0.17804;0.02091;0.17913;0.17895;0.17896;0.17871;0.17859;0.17929;0.00623;0.17489;0.00967;0.17917;0.17910;0.17907;0.01239;0.17842;0.17896;0.01262;0.17900;0.18043;0.01466;0.18067;0.18059;0.04022;0.12804;0.02122;0.18067;0.07270;0.09093;0.08395;0.06426;0.04015;0.05640;0.02756;0.17691;0.17529;0.04977;0.17434;0.17396;0.17437;0.17443;0.17338;0.04899;0.17425;0.17473;0.16869;0.16951;0.05805;0.16914;0.07221;0.16332;0.12560;0.10446;0.09168;0.08544;0.07932;0.07754;0.06942;0.06579;0.02487;0.06677;0.03124;0.06405;0.01673;0.06355;0.02915;0.02137;0.01747;0.01168;0.02065;0.06113;0.02982;0.05993;0.05839;0.05528;0.03844;0.02832;0.02468;0.01982;0.01271;0.04104;0.03518;0.03215;0.01448;0.03044;0.03862;0.05442;0.03561;0.04293;0.01906;0.02344;0.03810;0.08194;0.04056;0.08612;0.06905;0.04839;0.04326;0.03968;0.03095;0.02326;0.03643;0.03649;0.15517;0.13921;0.11305;0.15548;0.09560;0.14612;0.05955;0.02148;0.04350;0.14859;0.09289;0.02921;0.03363;0.03141;0.06270;0.06160;0.05138;0.07045;0.05348;0.06785;0.05090;0.05772;0.03851;0.02502;0.01465;0.03357;0.04407;0.03096;0.02418;0.00818;0.00989;0.00798;0.00804;0.02510;0.01246;0.01373;0.01202;0.00758;0.00873;0.03032;0.04962;0.01480;0.11766;0.04837;0.10577;0.04694;0.02623;0.05590
2020-01-16 00:00;0.17394;0.17285;0.04467;0.17260;0.03701;0.08373;0.01675;0.17163;0.02478;0.17064;0.04200;0.17037;0.01115;0.12769;0.01232;0.17030;0.17022;0.01414;0.17012;0.16994;0.00875;0.16990;0.00806;0.01534;0.01442;0.11710;0.01719;0.16985;0.16957;0.01070;0.16948;0.01278;0.13488;0.01608;0.16940;0.01523;0.16944;0.16313;0.16748;0.16416;0.16407;0.16424;0.16407;0.04666;0.16731;0.16748;0.02051;0.16868;0.16875;0.16901;0.16919;0.16952;0.17021;0.00606;0.16617;0.00939;0.17035;0.17037;0.17058;0.01200;0.16999;0.17065;0.01228;0.17076;0.17219;0.01433;0.17266;0.17300;0.03799;0.12291;0.02068;0.17347;0.07527;0.09269;0.08626;0.07065;0.04091;0.05653;0.03284;0.16987;0.16892;0.04584;0.16818;0.16843;0.16883;0.16891;0.16980;0.05105;0.17049;0.17100;0.16582;0.16555;0.07490;0.16447;0.07029;0.15900;0.12298;0.10461;0.09301;0.08825;0.08126;0.07701;0.05876;0.06743;0.02287;0.06857;0.03050;0.06544;0.01505;0.06508;0.03078;0.01997;0.02074;0.01613;0.02239;0.06211;0.02420;0.06171;0.05929;0.05742;0.04095;0.02978;0.02854;0.02437;0.01459;0.04612;0.03327;0.03864;0.01872;0.03760;0.05272;0.05801;0.03312;0.04909;0.02520;0.02055;0.03490;0.08067;0.03673;0.08536;0.06555;0.05040;0.04516;0.04045;0.02979;0.02851;0.03906;0.03618;0.14365;0.13610;0.11062;0.15347;0.09484;0.14290;0.05559;0.01881;0.03772;0.14561;0.09038;0.03599;0.04089;0.03245;0.05661;0.07002;0.05123;0.04943;0.05127;0.06907;0.05049;0.06019;0.03871;0.02474;0.01420;0.03354;0.04408;0.03011;0.02498;0.00797;0.00961;0.00783;0.00784;0.02391;0.01222;0.01352;0.01180;0.00742;0.00860;0.02951;0.04830;0.01486;0.10532;0.05710;0.10355;0.04473;0.02808;0.05349
2020-01-17 00:00;0.17024;0.16928;0.04238;0.16905;0.03622;0.08198;0.01603;0.16812;0.02416;0.16722;0.03367;0.16704;0.00982;0.12520;0.01194;0.16698;0.16690;0.01348;0.16682;0.16666;0.00828;0.16663;0.00784;0.01492;0.01406;0.11485;0.01679;0.16658;0.16632;0.01000;0.16623;0.01244;0.13228;0.01558;0.16613;0.01474;0.16616;0.15998;0.16431;0.16167;0.16156;0.16168;0.16150;0.04576;0.16463;0.16473;0.02009;0.16583;0.16579;0.16592;0.16590;0.16599;0.16666;0.00597;0.16263;0.00931;0.16665;0.16662;0.16669;0.01188;0.16609;0.16665;0.01194;0.16672;0.16802;0.01414;0.16832;0.16838;0.03635;0.11951;0.02003;0.16864;0.07123;0.08902;0.08277;0.06529;0.03949;0.05422;0.02734;0.16483;0.16351;0.03954;0.16300;0.16280;0.16300;0.16313;0.16307;0.04914;0.16368;0.16411;0.15903;0.15930;0.05757;0.15884;0.07047;0.15333;0.11691;0.09869;0.08627;0.08048;0.07435;0.07232;0.05478;0.06351;0.02453;0.06442;0.02903;0.06198;0.01366;0.06171;0.02724;0.01905;0.01718;0.01156;0.02027;0.05931;0.02576;0.05862;0.05712;0.05412;0.03769;0.02792;0.02412;0.01941;0.01243;0.04068;0.03588;0.03180;0.01448;0.03056;0.03831;0.05120;0.03088;0.04210;0.01857;0.02170;0.03956;0.07810;0.04166;0.08096;0.06071;0.04704;0.04178;0.03858;0.02963;0.02276;0.03442;0.03598;0.13926;0.13336;0.10842;0.15091;0.09375;0.13832;0.04997;0.01683;0.03185;0.14162;0.08800;0.02890;0.03346;0.02977;0.05302;0.06234;0.04860;0.05258;0.04837;0.06537;0.05108;0.05224;0.03745;0.02209;0.01402;0.03244;0.04260;0.02957;0.02371;0.00779;0.00934;0.00769;0.00769;0.02281;0.01199;0.01330;0.01160;0.00728;0.00846;0.02879;0.04713;0.01449;0.09519;0.04528;0.10131;0.04279;0.02579;0.05133
2020-01-18 00:00;0.16376;0.16290;0.04020;0.16269;0.03409;0.07713;0.01620;0.16184;0.02371;0.16105;0.04010;0.16080;0.01115;0.12053;0.01220;0.16076;0.16068;0.01401;0.16062;0.16048;0.00860;0.16047;0.00793;0.01516;0.01427;0.11061;0.01681;0.16045;0.16021;0.01035;0.16017;0.01247;0.12749;0.01595;0.16014;0.01510;0.16019;0.15420;0.15838;0.15580;0.15575;0.15595;0.15580;0.04516;0.15884;0.15902;0.01992;0.16019;0.16030;0.16059;0.16085;0.16125;0.16194;0.00594;0.15812;0.00916;0.16211;0.16216;0.16240;0.01170;0.16183;0.16249;0.01195;0.16260;0.16395;0.01397;0.16443;0.16482;0.03577;0.11715;0.01976;0.16535;0.07433;0.09166;0.08594;0.07189;0.04039;0.05483;0.03241;0.16164;0.16071;0.03223;0.16053;0.16078;0.16093;0.16090;0.16161;0.05125;0.16207;0.16242;0.15800;0.15765;0.07334;0.15654;0.06855;0.15137;0.11680;0.10032;0.08910;0.08512;0.07818;0.07353;0.04353;0.06678;0.02266;0.06792;0.02988;0.06486;0.01270;0.06461;0.03064;0.02003;0.02055;0.01606;0.02198;0.06165;0.02229;0.06147;0.05913;0.05738;0.04066;0.02936;0.02825;0.02429;0.01441;0.04648;0.03366;0.03815;0.01867;0.03751;0.05294;0.05585;0.03049;0.04806;0.02474;0.02051;0.03573;0.07678;0.03677;0.08014;0.05667;0.04920;0.04413;0.03993;0.02924;0.02859;0.03714;0.03492;0.13280;0.13065;0.10618;0.14804;0.09244;0.13576;0.04839;0.01516;0.02933;0.13897;0.08569;0.03621;0.04073;0.03191;0.05393;0.06710;0.05048;0.04728;0.05111;0.06763;0.05111;0.05414;0.03809;0.02252;0.01378;0.03260;0.04286;0.02913;0.02442;0.00780;0.00942;0.00769;0.00768;0.02193;0.01196;0.01318;0.01151;0.00721;0.00838;0.02827;0.04629;0.01460;0.09239;0.05418;0.09908;0.04101;0.02769;0.04996
2020-01-19 00:00;0.16285;0.16210;0.03805;0.16190;0.03370;0.07628;0.01554;0.16108;0.02322;0.16034;0.03221;0.16018;0.00980;0.12007;0.01186;0.16014;0.16007;0.01340;0.16001;0.15989;0.00816;0.15987;0.00774;0.01480;0.01395;0.11020;0.01648;0.15985;0.15963;0.00975;0.15957;0.01218;0.12700;0.01547;0.15951;0.01465;0.15955;0.15363;0.15785;0.15542;0.15533;0.15547;0.15530;0.04452;0.15829;0.15840;0.01977;0.15946;0.15944;0.15960;0.15961;0.15973;0.16041;0.00588;0.15654;0.00912;0.16042;0.16040;0.16048;0.01163;0.15991;0.16045;0.01177;0.16052;0.16175;0.01388;0.16205;0.16213;0.03533;0.11507;0.01934;0.16239;0.06933;0.08647;0.08043;0.06268;0.03884;0.05266;0.02704;0.15868;0.15738;0.03680;0.15694;0.15663;0.15667;0.15670;0.15648;0.04923;0.15691;0.15722;0.15280;0.15310;0.05605;0.15264;0.06854;0.14742;0.11262;0.09632;0.08501;0.07951;0.07381;0.07179;0.05538;0.06287;0.02419;0.06378;0.02867;0.06133;0.01194;0.06112;0.02712;0.01906;0.01703;0.01152;0.02003;0.05872;0.02521;0.05807;0.05663;0.05376;0.03739;0.02762;0.02396;0.01938;0.01233;0.04042;0.03554;0.03115;0.01441;0.03037;0.03851;0.04969;0.02927;0.04123;0.01824;0.02149;0.03918;0.07377;0.04041;0.07554;0.05121;0.04595;0.04075;0.03805;0.02912;0.02268;0.03235;0.03512;0.12953;0.12795;0.10392;0.14488;0.09098;0.13160;0.04429;0.01402;0.03154;0.13519;0.08349;0.02900;0.03321;0.02923;0.05225;0.05919;0.04792;0.05171;0.04863;0.06382;0.05121;0.04817;0.03661;0.02252;0.01373;0.03179;0.04175;0.02894;0.02327;0.00772;0.00926;0.00762;0.00762;0.02115;0.01187;0.01310;0.01146;0.00719;0.00837;0.02771;0.04561;0.01430;0.09010;0.04299;0.09677;0.03926;0.02551;0.04842
2020-01-20 00:00;0.15781;0.15711;0.03594;0.15693;0.03167;0.07165;0.01575;0.15619;0.02275;0.15552;0.03822;0.15530;0.01100;0.11641;0.01212;0.15527;0.15520;0.01388;0.15515;0.15503;0.00843;0.15503;0.00781;0.01498;0.01415;0.10686;0.01650;0.15503;0.15482;0.01009;0.15480;0.01225;0.12323;0.01584;0.15479;0.01497;0.15484;0.14908;0.15318;0.15075;0.15072;0.15095;0.15082;0.04398;0.15374;0.15394;0.01964;0.15508;0.15521;0.15552;0.15581;0.15625;0.15694;0.00583;0.15325;0.00895;0.15714;0.15719;0.15745;0.01142;0.15690;0.15756;0.01170;0.15767;0.15893;0.01373;0.15943;0.15984;0.03495;0.11363;0.01899;0.16040;0.07144;0.08750;0.08176;0.06632;0.03983;0.05283;0.03223;0.15707;0.15615;0.03713;0.15574;0.15593;0.15608;0.15598;0.15660;0.05093;0.15696;0.15721;0.15344;0.15270;0.07174;0.15160;0.06679;0.14674;0.11426;0.09986;0.09010;0.08579;0.07938;0.07506;0.05593;0.06597;0.02228;0.06711;0.02930;0.06410;0.01167;0.06386;0.03032;0.01977;0.02039;0.01600;0.02136;0.06088;0.02202;0.06070;0.05838;0.05674;0.04007;0.02910;0.02817;0.02427;0.01449;0.04594;0.03342;0.03759;0.01861;0.03738;0.05253;0.05492;0.02960;0.04745;0.02470;0.02031;0.03541;0.07263;0.03578;0.07480;0.04688;0.04834;0.04343;0.03959;0.02890;0.02822;0.03579;0.03395;0.12333;0.12505;0.10144;0.14157;0.08940;0.12944;0.04442;0.01311;0.03088;0.13271;0.08132;0.03571;0.04083;0.03145;0.05287;0.06818;0.05013;0.04697;0.05109;0.06565;0.05073;0.05015;0.03756;0.02600;0.01347;0.03230;0.04249;0.02852;0.02452;0.00768;0.00925;0.00758;0.00756;0.02049;0.01180;0.01294;0.01137;0.00711;0.00830;0.02717;0.04485;0.01443;0.08853;0.05143;0.09435;0.03762;0.02721;0.04692
2020-01-21 00:00;0.15785;0.15723;0.03397;0.15707;0.03118;0.07057;0.01509;0.15636;0.02217;0.15573;0.03064;0.15559;0.00969;0.11662;0.01174;0.15555;0.15548;0.01326;0.15543;0.15532;0.00803;0.15531;0.00762;0.01462;0.01380;0.10706;0.01617;0.15530;0.15510;0.00945;0.15505;0.01194;0.12340;0.01533;0.15499;0.01450;0.15503;0.14933;0.15346;0.15124;0.15115;0.15132;0.15116;0.04327;0.15407;0.15417;0.01940;0.15518;0.15515;0.15528;0.15526;0.15534;0.15601;0.00576;0.15223;0.00892;0.15600;0.15597;0.15602;0.01140;0.15546;0.15598;0.01149;0.15604;0.15716;0.01361;0.15743;0.15747;0.03443;0.11174;0.01842;0.15768;0.06796;0.08473;0.07929;0.06314;0.03832;0.05082;0.02680;0.15397;0.15250;0.03510;0.15208;0.15167;0.15152;0.15150;0.15105;0.04848;0.15138;0.15160;0.14771;0.14757;0.05448;0.14710;0.06690;0.14206;0.10901;0.09456;0.08361;0.07808;0.07221;0.07001;0.05196;0.06168;0.02332;0.06259;0.02793;0.06018;0.01133;0.05997;0.02667;0.01867;0.01682;0.01146;0.01947;0.05756;0.02441;0.05696;0.05555;0.05282;0.03687;0.02727;0.02381;0.01929;0.01229;0.03950;0.03465;0.03048;0.01431;0.03015;0.03820;0.04882;0.02858;0.04060;0.01822;0.02106;0.03816;0.06969;0.03868;0.07047;0.04209;0.04517;0.04012;0.03772;0.02885;0.02238;0.03109;0.03425;0.12035;0.12220;0.09900;0.13816;0.08776;0.12550;0.04099;0.01241;0.03153;0.12907;0.07925;0.02847;0.03317;0.02867;0.05269;0.06064;0.04703;0.05110;0.04826;0.06262;0.05025;0.04664;0.03604;0.02145;0.01341;0.03147;0.04134;0.02827;0.02337;0.00757;0.00905;0.00749;0.00747;0.02014;0.01167;0.01289;0.01124;0.00704;0.00827;0.02650;0.04402;0.01409;0.08569;0.04062;0.09180;0.03595;0.02508;0.04524
2020-01-22 00:00;0.15214;0.15149;0.03223;0.15134;0.02917;0.06599;0.01515;0.15069;0.02154;0.15008;0.03576;0.14988;0.01072;0.11234;0.01193;0.14983;0.14976;0.01367;0.14971;0.14958;0.00823;0.14958;0.00767;0.01475;0.01394;0.10310;0.01613;0.14957;0.14939;0.00972;0.14934;0.01196;0.11887;0.01562;0.14931;0.01476;0.14935;0.14385;0.14782;0.14558;0.14553;0.14575;0.14562;0.04252;0.14841;0.14859;0.01906;0.14966;0.14976;0.15003;0.15026;0.15064;0.15130;0.00566;0.14773;0.00868;0.15147;0.15151;0.15174;0.01105;0.15121;0.15183;0.01131;0.15194;0.15313;0.01335;0.15359;0.15396;0.03394;0.10943;0.01793;0.15446;0.07091;0.08734;0.08235;0.06967;0.03921;0.05156;0.03139;0.15093;0.14997;0.03065;0.14977;0.14990;0.14972;0.14960;0.14998;0.05019;0.15020;0.15033;0.14705;0.14597;0.06910;0.14488;0.06514;0.14018;0.10913;0.09630;0.08631;0.08243;0.07545;0.07120;0.04094;0.06479;0.02177;0.06589;0.02887;0.06299;0.01119;0.06277;0.02990;0.01942;0.02018;0.01549;0.02109;0.05978;0.02137;0.05963;0.05738;0.05586;0.03944;0.02876;0.02757;0.02357;0.01421;0.04479;0.03282;0.03675;0.01847;0.03685;0.05020;0.05426;0.02915;0.04694;0.02399;0.01992;0.03462;0.06910;0.03474;0.07047;0.04003;0.04750;0.04276;0.03893;0.02856;0.02746;0.03532;0.03297;0.11410;0.11927;0.09648;0.13474;0.08605;0.12373;0.04191;0.01187;0.03033;0.12691;0.07725;0.03457;0.04011;0.03101;0.05233;0.06804;0.04924;0.04606;0.04967;0.06511;0.04999;0.05045;0.03673;0.02185;0.01304;0.03128;0.04113;0.02769;0.02366;0.00746;0.00897;0.00741;0.00735;0.01985;0.01155;0.01270;0.01105;0.00689;0.00811;0.02574;0.04309;0.01415;0.08394;0.04795;0.08907;0.03420;0.02664;0.04354
2020-01-23 00:00;0.15119;0.15062;0.03076;0.15048;0.02865;0.06482;0.01454;0.14986;0.02086;0.14931;0.02863;0.14919;0.00945;0.11183;0.01152;0.14914;0.14908;0.01301;0.14904;0.14894;0.00782;0.14893;0.00744;0.01431;0.01353;0.10265;0.01574;0.14891;0.14874;0.00893;0.14869;0.01159;0.11834;0.01507;0.14864;0.01422;0.14867;0.14324;0.14724;0.14540;0.14532;0.14551;0.14537;0.04154;0.14818;0.14829;0.01864;0.14927;0.14924;0.14938;0.14936;0.14945;0.15010;0.00553;0.14646;0.00858;0.15009;0.15006;0.15012;0.01092;0.14958;0.15008;0.01099;0.15014;0.15123;0.01309;0.15150;0.15154;0.03326;0.10754;0.01712;0.15176;0.06547;0.08143;0.07595;0.05896;0.03770;0.04933;0.02619;0.14832;0.14689;0.03659;0.14636;0.14587;0.14549;0.14545;0.14485;0.04800;0.14505;0.14516;0.14179;0.14147;0.05305;0.14098;0.06474;0.13622;0.10496;0.09232;0.08205;0.07663;0.07094;0.06910;0.05222;0.06072;0.02313;0.06159;0.02734;0.05931;0.01089;0.05911;0.02616;0.01832;0.01651;0.01112;0.01899;0.05676;0.02441;0.05612;0.05476;0.05209;0.03615;0.02677;0.02320;0.01873;0.01204;0.03891;0.03424;0.02987;0.01411;0.02961;0.03639;0.04811;0.02816;0.04006;0.01768;0.02091;0.03791;0.06693;0.03868;0.06688;0.03784;0.04426;0.03938;0.03710;0.02847;0.02172;0.03028;0.03330;0.11087;0.11638;0.09398;0.13136;0.08436;0.12000;0.03891;0.01150;0.03086;0.12344;0.07534;0.02745;0.03236;0.02799;0.05125;0.05963;0.04621;0.05018;0.04669;0.06179;0.04978;0.04531;0.03527;0.02217;0.01287;0.03025;0.03973;0.02722;0.02243;0.00727;0.00865;0.00724;0.00718;0.01952;0.01130;0.01255;0.01090;0.00680;0.00802;0.02494;0.04207;0.01373;0.07807;0.03779;0.08618;0.03272;0.02448;0.04185
2020-01-24 00:00;0.14616;0.14555;0.02937;0.14543;0.02677;0.06054;0.01464;0.14487;0.02032;0.14435;0.03351;0.14417;0.01057;0.10807;0.01171;0.14413;0.14407;0.01341;0.14403;0.14391;0.00804;0.14392;0.00749;0.01448;0.01362;0.09920;0.01569;0.14391;0.14376;0.00920;0.14373;0.01160;0.11441;0.01533;0.14371;0.01447;0.14375;0.13851;0.14238;0.14038;0.14034;0.14060;0.14048;0.04071;0.14322;0.14341;0.01836;0.14445;0.14456;0.14483;0.14508;0.14546;0.14610;0.00546;0.14266;0.00834;0.14627;0.14632;0.14655;0.01059;0.14604;0.14665;0.01094;0.14675;0.14789;0.01286;0.14834;0.14873;0.03280;0.10572;0.01650;0.14925;0.06813;0.08344;0.07799;0.06468;0.03829;0.05063;0.03111;0.14610;0.14504;0.03491;0.14461;0.14456;0.14424;0.14406;0.14428;0.04977;0.14437;0.14440;0.14156;0.14033;0.06559;0.13933;0.06341;0.13489;0.10575;0.09480;0.08570;0.08152;0.07466;0.07035;0.04318;0.06359;0.02152;0.06468;0.02799;0.06178;0.01068;0.06156;0.02944;0.01911;0.01989;0.01529;0.02051;0.05849;0.02135;0.05829;0.05598;0.05441;0.03857;0.02846;0.02713;0.02304;0.01396;0.04371;0.03253;0.03647;0.01846;0.03664;0.04993;0.05367;0.02877;0.04646;0.02386;0.01969;0.03453;0.06696;0.03478;0.06755;0.03781;0.04689;0.04215;0.03872;0.02827;0.02749;0.03366;0.03251;0.10440;0.11353;0.09151;0.12821;0.08265;0.11851;0.04055;0.01120;0.02981;0.12147;0.07350;0.03477;0.03975;0.03072;0.05168;0.06677;0.04833;0.04526;0.04919;0.06354;0.04975;0.04548;0.03644;0.02532;0.01247;0.03048;0.04010;0.02653;0.02347;0.00721;0.00865;0.00721;0.00710;0.01924;0.01119;0.01228;0.01075;0.00663;0.00785;0.02424;0.04110;0.01377;0.07873;0.04482;0.08313;0.03152;0.02595;0.04035
2020-01-25 00:00;0.14556;0.14502;0.02821;0.14490;0.02639;0.05971;0.01408;0.14437;0.01976;0.14389;0.02691;0.14378;0.00931;0.10777;0.01133;0.14374;0.14368;0.01278;0.14364;0.14355;0.00765;0.14354;0.00728;0.01404;0.01326;0.09894;0.01535;0.14353;0.14337;0.00862;0.14333;0.01127;0.11407;0.01481;0.14327;0.01397;0.14330;0.13814;0.14202;0.14056;0.14049;0.14071;0.14058;0.03975;0.14334;0.14345;0.01800;0.14440;0.14437;0.14450;0.14447;0.14454;0.14516;0.00534;0.14164;0.00830;0.14515;0.14512;0.14516;0.01050;0.14464;0.14512;0.01064;0.14518;0.14620;0.01266;0.14645;0.14648;0.03214;0.10393;0.01494;0.14670;0.06476;0.08071;0.07588;0.06190;0.03678;0.04799;0.02605;0.14330;0.14178;0.03420;0.14130;0.14069;0.14010;0.14000;0.13923;0.04764;0.13930;0.13932;0.13626;0.13572;0.05066;0.13526;0.06309;0.13066;0.10085;0.09011;0.08004;0.07487;0.06910;0.06711;0.04953;0.05922;0.02227;0.06010;0.02639;0.05785;0.01034;0.05766;0.02561;0.01790;0.01620;0.01096;0.01839;0.05525;0.02374;0.05463;0.05323;0.05056;0.03531;0.02632;0.02279;0.01834;0.01181;0.03791;0.03371;0.02953;0.01399;0.02927;0.03619;0.04738;0.02766;0.03947;0.01755;0.02001;0.03744;0.06470;0.03811;0.06402;0.03644;0.04349;0.03877;0.03676;0.02817;0.02144;0.02911;0.03241;0.10081;0.11085;0.08919;0.12515;0.08098;0.11499;0.03776;0.01101;0.03021;0.11820;0.07176;0.02731;0.03190;0.02754;0.04977;0.05887;0.04526;0.04900;0.04633;0.06085;0.04940;0.04398;0.03516;0.02099;0.01238;0.02950;0.03876;0.02612;0.02225;0.00703;0.00833;0.00705;0.00695;0.01895;0.01097;0.01220;0.01058;0.00659;0.00781;0.02358;0.04020;0.01341;0.07077;0.03541;0.07993;0.03041;0.02388;0.03893
2020-01-26 00:00;0.73708;0.74022;0.14150;0.73968;0.18464;0.41876;0.09604;0.73543;0.07211;0.74056;0.07564;0.74171;0.02482;0.55704;0.02475;0.74603;0.74597;0.02954;0.74893;0.75262;0.02305;0.75514;0.02474;0.04269;0.04136;0.52138;0.11850;0.75812;0.75782;0.03428;0.76117;0.04708;0.60787;0.02013;0.76544;0.03360;0.76743;0.74492;0.77224;0.77438;0.77808;0.75819;0.75957;0.68786;0.69465;0.68224;0.55713;0.64877;0.64780;0.63812;0.63290;0.62160;0.59176;0.21882;0.57634;0.32100;0.58703;0.58471;0.57720;0.34872;0.57002;0.56937;0.35614;0.56228;0.49643;0.48591;0.46852;0.44252;0.53229;0.28211;0.43618;0.37557;0.38001;0.46876;0.42155;0.09108;0.05163;0.32580;0.06795;0.26053;0.26352;0.08960;0.26219;0.26705;0.27136;0.27062;0.27567;0.07851;0.27769;0.27525;0.26039;0.26039;0.09748;0.26009;0.10354;0.24530;0.20081;0.15644;0.14173;0.13967;0.13291;0.12932;0.08538;0.11603;0.03692;0.11836;0.04772;0.11629;0.01976;0.11589;0.05401;0.03080;0.03978;0.02157;0.07088;0.11193;0.02542;0.11345;0.11112;0.11064;0.09549;0.07383;0.05228;0.03359;0.01559;0.06808;0.06502;0.05911;0.01833;0.05606;0.06298;0.09208;0.04185;0.08430;0.04956;0.02006;0.03433;0.10570;0.03700;0.11435;0.06775;0.08704;0.06755;0.04647;0.03008;0.04695;0.09079;0.09261;0.28163;0.20491;0.11621;0.13850;0.08130;0.14557;0.08847;0.02352;0.05178;0.14172;0.08558;0.05582;0.05430;0.05337;0.10232;0.11048;0.13238;0.11430;0.10095;0.11736;0.09039;0.11194;0.09184;0.04268;0.35010;0.52611;0.67083;0.65757;0.11070;0.30142;0.30724;0.39450;0.31462;0.51660;0.56369;0.55980;0.48503;0.26072;0.41205;0.08511;0.60137;0.03495;0.21333;0.12120;0.11561;0.18034;0.08525;0.14223
2020-01-27 00:00;0.99015;0.98881;0.12894;0.98857;0.17527;0.39786;0.06527;0.98572;0.06767;0.98575;0.09741;0.98604;0.03264;0.73941;0.02393;0.98723;0.98705;0.03116;0.98802;0.98922;0.02483;0.98990;0.02194;0.03834;0.04015;0.68265;0.09037;0.99075;0.99017;0.03800;0.99072;0.04327;0.78892;0.02433;0.99147;0.03507;0.99243;0.96346;0.99324;0.99532;0.99596;0.95222;0.95229;1.10264;0.79898;0.78337;0.68498;0.73616;0.73190;0.72009;0.71129;0.69801;0.66097;0.18676;0.64281;0.27045;0.65523;0.65275;0.64521;0.27987;0.63957;0.63899;0.30557;0.63364;0.56221;0.47972;0.53656;0.51350;0.58523;0.32972;0.46508;0.44305;0.36526;0.44627;0.39503;0.10442;0.06287;0.30410;0.06991;0.33373;0.33121;0.09926;0.32948;0.32995;0.33266;0.33258;0.33296;0.09694;0.33503;0.33310;0.31241;0.31121;0.11191;0.31035;0.13179;0.28249;0.24152;0.20363;0.18963;0.18700;0.18134;0.17421;0.11843;0.15694;0.05174;0.15994;0.05775;0.15579;0.02628;0.15536;0.06503;0.03931;0.04648;0.03753;0.06779;0.15313;0.04671;0.15398;0.15299;0.15256;0.11101;0.07867;0.06969;0.06039;0.02150;0.12917;0.06990;0.06842;0.02060;0.06678;0.11217;0.11081;0.05199;0.10190;0.06392;0.03157;0.05608;0.12988;0.06741;0.13571;0.10397;0.08869;0.06847;0.05083;0.03556;0.04484;0.08429;0.09341;0.28937;0.21244;0.14247;0.15808;0.08971;0.17672;0.11887;0.03750;0.06291;0.16989;0.10520;0.06670;0.06841;0.06584;0.13372;0.12581;0.13791;0.14522;0.10660;0.13352;0.10742;0.11744;0.09515;0.04556;0.33471;0.57504;0.74563;0.73564;0.11699;0.24959;0.23577;0.33229;0.26024;0.61692;0.50551;0.47632;0.46662;0.23689;0.36126;0.09242;0.85445;0.03463;0.28022;0.13459;0.12479;0.17837;0.09079;0.18108
2020-01-28 00:00;0.68378;0.67889;0.07670;0.67874;0.09175;0.20802;0.03319;0.67714;0.05036;0.67345;0.08873;0.67287;0.03131;0.50402;0.02235;0.67165;0.67151;0.02862;0.67073;0.66955;0.02170;0.66872;0.01724;0.03226;0.03239;0.46074;0.04241;0.66790;0.66734;0.03028;0.66535;0.02883;0.52858;0.02687;0.66346;0.03036;0.66331;0.64355;0.66046;0.65850;0.65693;0.62623;0.62544;0.75741;0.50948;0.50110;0.40024;0.47329;0.46973;0.46383;0.45783;0.45045;0.43160;0.06736;0.41963;0.09480;0.42839;0.42713;0.42372;0.08926;0.42147;0.42140;0.11135;0.41987;0.38886;0.20784;0.38037;0.37257;0.31659;0.24904;0.24300;0.34250;0.17794;0.22170;0.19868;0.10391;0.05817;0.13468;0.05898;0.30357;0.29971;0.08072;0.29827;0.29689;0.29783;0.29794;0.29566;0.09549;0.29668;0.29491;0.28386;0.28419;0.11704;0.28269;0.14171;0.26655;0.23750;0.20998;0.19962;0.19711;0.19286;0.18406;0.12611;0.16612;0.05888;0.16915;0.06076;0.16387;0.02753;0.16345;0.06568;0.04308;0.04465;0.04243;0.05340;0.16239;0.05879;0.16218;0.16175;0.16142;0.10105;0.06941;0.07286;0.06982;0.02429;0.15655;0.06552;0.06839;0.02199;0.06819;0.13186;0.11155;0.05568;0.10188;0.06808;0.03933;0.07195;0.12733;0.08329;0.12561;0.10284;0.08159;0.06494;0.05368;0.03998;0.04007;0.06850;0.08111;0.24760;0.17849;0.14238;0.17359;0.10236;0.18170;0.11878;0.03925;0.06527;0.17567;0.11008;0.06860;0.07400;0.06635;0.13757;0.10686;0.11804;0.13403;0.09124;0.11920;0.09813;0.09691;0.07206;0.04227;0.14073;0.30487;0.40058;0.39202;0.07240;0.08532;0.06914;0.11735;0.08881;0.34932;0.19911;0.17251;0.19625;0.09260;0.13341;0.06437;0.53487;0.03087;0.24488;0.11954;0.11959;0.08799;0.07160;0.09637
2020-01-29 00:00;0.39115;0.38575;0.05864;0.38553;0.05277;0.11910;0.03143;0.38419;0.04573;0.37990;0.08087;0.37897;0.02063;0.28360;0.02206;0.37716;0.37703;0.02544;0.37581;0.37390;0.01794;0.37275;0.01639;0.03137;0.03012;0.25658;0.03352;0.37150;0.37094;0.02711;0.36825;0.02517;0.29183;0.02668;0.36587;0.02869;0.36533;0.35375;0.36112;0.35466;0.35275;0.34431;0.34333;0.32405;0.30479;0.30289;0.10881;0.29904;0.29717;0.29553;0.29247;0.28945;0.28795;0.00708;0.28024;0.01174;0.28656;0.28603;0.28488;0.01499;0.28379;0.28399;0.01478;0.28383;0.28123;0.01975;0.28089;0.27986;0.09696;0.19653;0.06438;0.27643;0.10284;0.12436;0.11858;0.09977;0.05417;0.07098;0.05352;0.27007;0.26711;0.07298;0.26574;0.26463;0.26504;0.26504;0.26307;0.08818;0.26367;0.26197;0.25618;0.25670;0.11330;0.25503;0.14186;0.24548;0.21419;0.19485;0.18379;0.18084;0.17566;0.16630;0.12221;0.14795;0.05405;0.15038;0.06157;0.14367;0.02718;0.14317;0.06052;0.04408;0.03700;0.02968;0.04791;0.14133;0.04356;0.14198;0.14067;0.14021;0.08601;0.06293;0.05814;0.05169;0.02293;0.13074;0.04828;0.06416;0.02230;0.06396;0.12388;0.10308;0.05669;0.09152;0.06373;0.03806;0.05083;0.11579;0.05928;0.11958;0.09748;0.07798;0.06370;0.05404;0.04054;0.03840;0.06410;0.07382;0.20011;0.16858;0.14018;0.18415;0.11221;0.17782;0.10746;0.03650;0.06426;0.17393;0.10956;0.06306;0.07290;0.06340;0.13395;0.09727;0.10640;0.11630;0.08335;0.10891;0.08907;0.08812;0.06292;0.04010;0.01700;0.09273;0.12171;0.10160;0.04870;0.00991;0.01209;0.01342;0.01044;0.09470;0.02758;0.02948;0.01911;0.00852;0.01590;0.05472;0.17087;0.02983;0.21206;0.11149;0.11658;0.05385;0.06310;0.06874
2020-01-30 00:00;0.27898;0.27676;0.05515;0.27651;0.04890;0.11044;0.03002;0.27535;0.04407;0.27341;0.07650;0.27277;0.01842;0.20432;0.02169;0.27205;0.27195;0.02466;0.27153;0.27062;0.01567;0.27027;0.01596;0.03061;0.02941;0.18618;0.03256;0.26986;0.26953;0.02637;0.26839;0.02418;0.21324;0.02643;0.26763;0.02808;0.26749;0.25856;0.26473;0.25640;0.25575;0.25442;0.25389;0.14073;0.24810;0.24835;0.02326;0.25003;0.24985;0.24996;0.24975;0.24970;0.25086;0.00653;0.24476;0.01020;0.25081;0.25076;0.25083;0.01303;0.24996;0.25080;0.01329;0.25092;0.25264;0.01539;0.25321;0.25350;0.05188;0.18003;0.02358;0.25417;0.09508;0.11469;0.10883;0.09199;0.05357;0.06686;0.04965;0.25175;0.24948;0.06994;0.24821;0.24771;0.24822;0.24816;0.24644;0.07860;0.24726;0.24663;0.24162;0.24174;0.10867;0.24011;0.13733;0.23095;0.19421;0.17507;0.16111;0.15625;0.14968;0.14187;0.11796;0.12238;0.04268;0.12466;0.06146;0.11805;0.02653;0.11744;0.05618;0.04349;0.03126;0.01804;0.04528;0.11434;0.04337;0.11383;0.11181;0.10932;0.07745;0.05891;0.04678;0.03656;0.02133;0.08004;0.05246;0.05543;0.02226;0.05407;0.10033;0.09156;0.05631;0.07767;0.05074;0.03435;0.05215;0.11257;0.05874;0.11633;0.09540;0.07475;0.06292;0.05386;0.04045;0.03748;0.06225;0.06644;0.18813;0.16891;0.14155;0.18873;0.11690;0.17371;0.09647;0.03272;0.06259;0.17169;0.10811;0.05389;0.06608;0.06013;0.12947;0.09537;0.09011;0.11092;0.07955;0.10226;0.08152;0.08551;0.06115;0.03775;0.01537;0.05171;0.06794;0.03738;0.04492;0.00858;0.01036;0.00827;0.00843;0.02883;0.01308;0.01433;0.01249;0.00780;0.00896;0.05289;0.07484;0.02920;0.20173;0.10613;0.11430;0.05126;0.06051;0.06561
2020-01-31 00:00;0.24717;0.24584;0.05215;0.24560;0.04620;0.10436;0.02868;0.24454;0.04248;0.24330;0.07153;0.24277;0.01635;0.18193;0.02107;0.24237;0.24228;0.02383;0.24209;0.24149;0.01580;0.24137;0.01551;0.02977;0.02865;0.16632;0.03170;0.24119;0.24094;0.02546;0.24025;0.02355;0.19109;0.02533;0.23995;0.02720;0.23993;0.23174;0.23764;0.22897;0.22869;0.22822;0.22783;0.05632;0.23262;0.23302;0.02146;0.23483;0.23484;0.23513;0.23523;0.23550;0.23667;0.00640;0.23100;0.00996;0.23676;0.23676;0.23696;0.01274;0.23614;0.23701;0.01297;0.23716;0.23904;0.01511;0.23966;0.24007;0.04815;0.17060;0.02251;0.24087;0.09185;0.11257;0.10673;0.09012;0.05307;0.06583;0.04431;0.23839;0.23609;0.06742;0.23484;0.23477;0.23555;0.23546;0.23407;0.06409;0.23548;0.23502;0.23048;0.23034;0.10387;0.22877;0.13177;0.21944;0.17835;0.15925;0.14405;0.13892;0.13317;0.13077;0.11363;0.11163;0.04586;0.11295;0.06064;0.10614;0.02572;0.10550;0.05513;0.04168;0.03189;0.02385;0.04225;0.10228;0.03731;0.10203;0.10072;0.09868;0.07501;0.05744;0.04672;0.03831;0.02192;0.06762;0.04495;0.04654;0.02193;0.04374;0.06169;0.07907;0.05415;0.06266;0.03090;0.02976;0.04265;0.10684;0.04675;0.11273;0.09326;0.07074;0.06177;0.05323;0.03977;0.03686;0.06027;0.05724;0.17901;0.16909;0.14230;0.18903;0.11793;0.16861;0.08631;0.02817;0.06076;0.16811;0.10557;0.04986;0.05598;0.05704;0.12466;0.09318;0.08458;0.10298;0.07621;0.09390;0.07095;0.08251;0.05972;0.03540;0.01512;0.04716;0.06231;0.03201;0.04320;0.00840;0.01014;0.00815;0.00826;0.02540;0.01274;0.01386;0.01220;0.00765;0.00880;0.05120;0.06627;0.02851;0.19467;0.10057;0.11209;0.04868;0.05816;0.06259
2020-02-01 00:00;0.23413;0.23314;0.04953;0.23292;0.04375;0.09884;0.02746;0.23196;0.04103;0.23100;0.06605;0.23056;0.01771;0.17281;0.02068;0.23027;0.23019;0.02355;0.23007;0.22960;0.01485;0.22955;0.01508;0.02895;0.02794;0.15820;0.03090;0.22947;0.22925;0.02454;0.22872;0.02280;0.18200;0.02526;0.22858;0.02658;0.22860;0.22074;0.22652;0.21806;0.21792;0.21766;0.21733;0.04882;0.22266;0.22306;0.02101;0.22481;0.22486;0.22519;0.22535;0.22568;0.22682;0.00625;0.22140;0.00971;0.22694;0.22696;0.22718;0.01246;0.22640;0.22725;0.01261;0.22741;0.22920;0.01476;0.22983;0.23028;0.04534;0.16370;0.02198;0.23113;0.08895;0.10911;0.10307;0.08467;0.05290;0.06447;0.04246;0.22868;0.22703;0.06352;0.22594;0.22593;0.22693;0.22695;0.22590;0.06437;0.22711;0.22752;0.22343;0.22333;0.09880;0.22191;0.12583;0.21313;0.17090;0.15259;0.13860;0.13396;0.12871;0.12391;0.10894;0.10566;0.03556;0.10776;0.05936;0.10218;0.02478;0.10156;0.05117;0.03914;0.02881;0.01825;0.04062;0.09813;0.04071;0.09726;0.09592;0.09352;0.07150;0.05411;0.04391;0.03484;0.02029;0.06518;0.04919;0.04587;0.02026;0.04362;0.07736;0.07701;0.05272;0.06135;0.03439;0.02816;0.04938;0.10593;0.05376;0.11062;0.09095;0.06985;0.05995;0.05188;0.03926;0.03390;0.05830;0.05946;0.17149;0.16782;0.14148;0.18680;0.11686;0.16370;0.07966;0.02532;0.05837;0.16399;0.10280;0.04477;0.05149;0.05385;0.11912;0.09021;0.07184;0.09789;0.07112;0.08908;0.06501;0.07901;0.05491;0.03382;0.01475;0.04570;0.06038;0.03119;0.04175;0.00821;0.00990;0.00800;0.00808;0.02424;0.01252;0.01362;0.01201;0.00748;0.00865;0.04932;0.06451;0.02781;0.18789;0.09485;0.10987;0.04639;0.05584;0.05975
2020-02-02 00:00;0.22836;0.22769;0.04704;0.22748;0.04152;0.09381;0.02636;0.22664;0.03957;0.22593;0.06025;0.22559;0.01586;0.16910;0.02020;0.22540;0.22532;0.02264;0.22529;0.22493;0.01487;0.22495;0.01469;0.02820;0.02727;0.15505;0.03011;0.22494;0.22475;0.02365;0.22438;0.02224;0.17861;0.02438;0.22437;0.02594;0.22442;0.21671;0.22259;0.21462;0.21458;0.21465;0.21438;0.04809;0.21982;0.22035;0.02067;0.22225;0.22247;0.22297;0.22343;0.22407;0.22523;0.00617;0.21994;0.00957;0.22553;0.22561;0.22599;0.01225;0.22522;0.22617;0.01248;0.22637;0.22835;0.01454;0.22915;0.22987;0.04284;0.16363;0.02159;0.23106;0.08933;0.10975;0.10378;0.08799;0.05222;0.06481;0.04261;0.22919;0.22696;0.06409;0.22585;0.22534;0.22580;0.22563;0.22499;0.07022;0.22581;0.22587;0.22228;0.22177;0.09679;0.22044;0.12132;0.21247;0.17251;0.15599;0.14003;0.13478;0.12865;0.12585;0.10512;0.10871;0.04395;0.11007;0.05782;0.10432;0.02378;0.10376;0.05213;0.03699;0.03255;0.02456;0.03927;0.10029;0.03565;0.10013;0.09799;0.09587;0.07211;0.05587;0.04694;0.03894;0.02336;0.07223;0.04753;0.05177;0.02742;0.04949;0.06161;0.07862;0.05108;0.06378;0.02838;0.02741;0.04475;0.10708;0.04929;0.11050;0.08954;0.07113;0.06280;0.05498;0.03953;0.04207;0.05756;0.05378;0.16473;0.16523;0.13933;0.18415;0.11551;0.16034;0.07520;0.02333;0.05725;0.16095;0.10020;0.05234;0.05681;0.05232;0.11448;0.09371;0.07595;0.09103;0.07456;0.09256;0.06735;0.07944;0.06228;0.03666;0.01449;0.04459;0.05890;0.03059;0.04063;0.00811;0.00977;0.00792;0.00798;0.02320;0.01237;0.01341;0.01184;0.00733;0.00852;0.04786;0.06277;0.02714;0.18112;0.08910;0.10759;0.04439;0.05358;0.05738
2020-02-03 00:00;0.22640;0.22562;0.04466;0.22543;0.03953;0.08932;0.02526;0.22466;0.03823;0.22388;0.05459;0.22358;0.01705;0.16757;0.01976;0.22333;0.22326;0.02248;0.22317;0.22279;0.01397;0.22276;0.01427;0.02742;0.02653;0.15353;0.02930;0.22270;0.22251;0.02271;0.22206;0.02150;0.17671;0.02421;0.22195;0.02533;0.22197;0.21437;0.22013;0.21270;0.21257;0.21254;0.21224;0.04721;0.21753;0.21792;0.02031;0.21963;0.21967;0.21997;0.22011;0.22040;0.22155;0.00604;0.21624;0.00940;0.22165;0.22166;0.22186;0.01201;0.22110;0.22192;0.01214;0.22207;0.22387;0.01427;0.22447;0.22488;0.04041;0.15997;0.02108;0.22586;0.08924;0.10571;0.09989;0.07980;0.05338;0.06243;0.04995;0.22308;0.22105;0.06018;0.22008;0.21923;0.21936;0.21939;0.21854;0.07173;0.21906;0.21969;0.21628;0.21608;0.09183;0.21487;0.11603;0.20751;0.16760;0.15192;0.13754;0.13247;0.12590;0.12071;0.10023;0.10420;0.03433;0.10633;0.05604;0.10142;0.02273;0.10089;0.04895;0.03536;0.02977;0.01865;0.03817;0.09754;0.03918;0.09684;0.09461;0.09153;0.06876;0.05237;0.04318;0.03443;0.02061;0.06808;0.05306;0.05171;0.02295;0.05042;0.07813;0.07934;0.05038;0.06565;0.03481;0.02867;0.05230;0.10571;0.05617;0.10811;0.08634;0.07053;0.06069;0.05405;0.04061;0.03593;0.05522;0.05944;0.15837;0.16245;0.13696;0.18092;0.11374;0.15639;0.07253;0.02245;0.05573;0.15720;0.09776;0.04828;0.05622;0.05060;0.10905;0.08874;0.06616;0.08701;0.06828;0.09088;0.06846;0.07830;0.05673;0.03298;0.01419;0.04377;0.05784;0.02992;0.03997;0.00794;0.00954;0.00780;0.00783;0.02220;0.01218;0.01318;0.01164;0.00719;0.00837;0.04634;0.06099;0.02639;0.17414;0.08300;0.10525;0.04224;0.05123;0.05495
2020-02-04 00:00;0.21833;0.21762;0.04226;0.21745;0.03784;0.08553;0.02421;0.21671;0.03692;0.21600;0.05053;0.21574;0.01522;0.16171;0.01933;0.21552;0.21544;0.02157;0.21537;0.21502;0.01396;0.21500;0.01378;0.02636;0.02580;0.14819;0.02846;0.21495;0.21478;0.02176;0.21436;0.02090;0.17059;0.02361;0.21426;0.02468;0.21429;0.20692;0.21254;0.20546;0.20535;0.20535;0.20507;0.04654;0.21013;0.21051;0.01997;0.21218;0.21224;0.21256;0.21274;0.21308;0.21420;0.00592;0.20909;0.00914;0.21433;0.21435;0.21458;0.01170;0.21384;0.21465;0.01189;0.21480;0.21657;0.01398;0.21718;0.21763;0.03811;0.15487;0.02060;0.21866;0.08954;0.10697;0.10186;0.08669;0.05166;0.06184;0.04879;0.21559;0.21362;0.05742;0.21266;0.21226;0.21261;0.21262;0.21237;0.06532;0.21316;0.21353;0.21035;0.20984;0.09049;0.20860;0.11030;0.20185;0.16201;0.14680;0.13154;0.12642;0.12025;0.11761;0.09568;0.10210;0.04206;0.10318;0.05396;0.09781;0.02162;0.09731;0.04732;0.03328;0.02973;0.02252;0.03565;0.09438;0.03406;0.09419;0.09254;0.09083;0.06816;0.05293;0.04362;0.03642;0.02122;0.06968;0.04499;0.04640;0.02200;0.04424;0.05906;0.07430;0.04878;0.05972;0.02843;0.02692;0.04371;0.10097;0.04607;0.10532;0.08404;0.06817;0.06020;0.05345;0.03997;0.03584;0.05470;0.05302;0.15321;0.15958;0.13398;0.17722;0.11168;0.15283;0.07024;0.02152;0.05328;0.15375;0.09539;0.04786;0.05183;0.04810;0.10373;0.08922;0.06738;0.07809;0.06649;0.08636;0.06368;0.07434;0.05419;0.03171;0.01390;0.04242;0.05604;0.02927;0.03853;0.00776;0.00939;0.00757;0.00765;0.02122;0.01190;0.01295;0.01142;0.00709;0.00828;0.04490;0.05923;0.02564;0.16711;0.07696;0.10286;0.04040;0.04883;0.05259
2020-02-05 00:00;0.21175;0.21110;0.03996;0.21094;0.03635;0.08217;0.02337;0.21025;0.03579;0.20960;0.04867;0.20935;0.01666;0.15691;0.01887;0.20913;0.20907;0.02122;0.20900;0.20868;0.01315;0.20867;0.01347;0.02585;0.02516;0.14382;0.02777;0.20862;0.20846;0.02093;0.20808;0.02027;0.16559;0.02332;0.20799;0.02416;0.20801;0.20086;0.20635;0.19966;0.19956;0.19959;0.19932;0.04562;0.20422;0.20459;0.01955;0.20622;0.20629;0.20662;0.20681;0.20716;0.20825;0.00579;0.20329;0.00899;0.20839;0.20841;0.20864;0.01140;0.20792;0.20872;0.01153;0.20887;0.21043;0.01363;0.21103;0.21148;0.03626;0.15052;0.02000;0.21252;0.08461;0.10364;0.09829;0.07994;0.05241;0.06059;0.04076;0.20990;0.20822;0.05466;0.20741;0.20692;0.20695;0.20695;0.20693;0.06587;0.20754;0.20804;0.20512;0.20454;0.08715;0.20339;0.10620;0.19713;0.15843;0.14413;0.13005;0.12508;0.11875;0.11373;0.09162;0.09875;0.03290;0.10066;0.05187;0.09628;0.02048;0.09582;0.04503;0.03216;0.02758;0.01772;0.03586;0.09269;0.03895;0.09179;0.09000;0.08697;0.06573;0.05049;0.04144;0.03358;0.02005;0.06369;0.04894;0.04683;0.02117;0.04522;0.07311;0.07528;0.04781;0.06192;0.03461;0.02748;0.05054;0.10059;0.05383;0.10288;0.08129;0.06706;0.05877;0.05250;0.03959;0.03409;0.05291;0.05359;0.14727;0.15563;0.13075;0.17322;0.10945;0.14937;0.06801;0.02073;0.05138;0.15036;0.09309;0.04481;0.05158;0.04611;0.09819;0.08770;0.06348;0.07246;0.06507;0.08697;0.06780;0.07181;0.05222;0.03058;0.01353;0.04319;0.05713;0.02859;0.04011;0.00762;0.00910;0.00755;0.00749;0.02044;0.01176;0.01278;0.01125;0.00693;0.00813;0.04359;0.05768;0.02504;0.16026;0.07201;0.10043;0.03871;0.04673;0.05053
2020-02-06 00:00;0.20601;0.20540;0.03776;0.20525;0.03501;0.07914;0.02276;0.20460;0.03487;0.20397;0.04751;0.20372;0.01489;0.15270;0.01875;0.20351;0.20344;0.02089;0.20337;0.20306;0.01334;0.20304;0.01323;0.02531;0.02482;0.13994;0.02729;0.20299;0.20283;0.02024;0.20244;0.01994;0.16110;0.02334;0.20234;0.02389;0.20236;0.19539;0.20072;0.19441;0.19430;0.19428;0.19402;0.04503;0.19870;0.19903;0.01930;0.20057;0.20060;0.20088;0.20100;0.20127;0.20232;0.00576;0.19747;0.00887;0.20241;0.20242;0.20260;0.01129;0.20190;0.20266;0.01148;0.20279;0.20426;0.01354;0.20480;0.20517;0.03540;0.14599;0.01972;0.20611;0.08429;0.10400;0.09941;0.08482;0.05082;0.05941;0.03937;0.20308;0.20126;0.05186;0.20049;0.20003;0.20011;0.20012;0.19992;0.06083;0.20068;0.20098;0.19816;0.19756;0.08493;0.19640;0.10315;0.19026;0.15176;0.13777;0.12372;0.11875;0.11282;0.11033;0.08710;0.09638;0.04052;0.09738;0.04995;0.09242;0.01937;0.09199;0.04463;0.03104;0.02834;0.02203;0.03364;0.08917;0.03353;0.08881;0.08743;0.08578;0.06488;0.04988;0.04214;0.03542;0.02022;0.06523;0.04127;0.04286;0.02078;0.04066;0.05545;0.07013;0.04574;0.05647;0.02719;0.02555;0.04128;0.09514;0.04376;0.09896;0.07861;0.06312;0.05735;0.05119;0.03848;0.03317;0.05166;0.04455;0.14221;0.15134;0.12691;0.16906;0.10720;0.14588;0.06564;0.01970;0.04932;0.14702;0.09082;0.04428;0.04823;0.04442;0.09247;0.08490;0.06335;0.07096;0.06274;0.08253;0.06361;0.06859;0.05000;0.02870;0.01339;0.04214;0.05568;0.02812;0.03891;0.00757;0.00909;0.00744;0.00746;0.02011;0.01163;0.01265;0.01115;0.00688;0.00809;0.04249;0.05641;0.02462;0.15376;0.06901;0.09800;0.03714;0.04514;0.04904
2020-02-07 00:00;0.19934;0.19879;0.03559;0.19866;0.03372;0.07620;0.02217;0.19804;0.03396;0.19747;0.04649;0.19723;0.01642;0.14783;0.01842;0.19703;0.19697;0.02075;0.19691;0.19663;0.01268;0.19662;0.01302;0.02500;0.02437;0.13552;0.02686;0.19658;0.19644;0.01965;0.19609;0.01952;0.15606;0.02303;0.19601;0.02353;0.19604;0.18927;0.19449;0.18851;0.18843;0.18845;0.18820;0.04428;0.19274;0.19309;0.01907;0.19463;0.19472;0.19504;0.19526;0.19563;0.19665;0.00566;0.19197;0.00878;0.19680;0.19683;0.19707;0.01113;0.19639;0.19716;0.01128;0.19730;0.19868;0.01334;0.19926;0.19971;0.03490;0.14214;0.01925;0.20069;0.08216;0.10091;0.09599;0.07774;0.05161;0.05850;0.03913;0.19791;0.19638;0.04966;0.19571;0.19524;0.19523;0.19523;0.19529;0.06273;0.19581;0.19629;0.19372;0.19302;0.08321;0.19189;0.10042;0.18615;0.14924;0.13596;0.12236;0.11766;0.11182;0.10715;0.08246;0.09401;0.03185;0.09580;0.04816;0.09189;0.01835;0.09152;0.04298;0.03049;0.02652;0.01729;0.03378;0.08858;0.03719;0.08772;0.08607;0.08322;0.06299;0.04789;0.04012;0.03279;0.01928;0.06134;0.04630;0.04448;0.02039;0.04292;0.06906;0.07088;0.04482;0.05843;0.03224;0.02615;0.04729;0.09568;0.05119;0.09780;0.07579;0.06440;0.05630;0.05032;0.03785;0.03272;0.05051;0.05166;0.13772;0.14728;0.12321;0.16469;0.10488;0.14259;0.06361;0.01875;0.04742;0.14376;0.08859;0.04184;0.04872;0.04316;0.08720;0.08400;0.06016;0.06618;0.06153;0.08162;0.06280;0.06640;0.04874;0.02865;0.01318;0.04209;0.05566;0.02790;0.03904;0.00745;0.00888;0.00741;0.00734;0.01984;0.01155;0.01254;0.01104;0.00679;0.00799;0.04146;0.05533;0.02423;0.14749;0.06656;0.09550;0.03558;0.04391;0.04761
2020-02-08 00:00;0.19556;0.19510;0.03355;0.19499;0.03260;0.07367;0.02173;0.19441;0.03319;0.19390;0.04557;0.19367;0.01452;0.14517;0.01829;0.19349;0.19343;0.02049;0.19339;0.19312;0.01295;0.19312;0.01288;0.02467;0.02418;0.13311;0.02654;0.19309;0.19296;0.01917;0.19263;0.01931;0.15331;0.02305;0.19257;0.02338;0.19259;0.18597;0.19111;0.18554;0.18546;0.18551;0.18527;0.04379;0.18973;0.19008;0.01899;0.19159;0.19167;0.19199;0.19220;0.19255;0.19355;0.00565;0.18894;0.00868;0.19369;0.19372;0.19394;0.01107;0.19328;0.19403;0.01130;0.19416;0.19555;0.01333;0.19612;0.19655;0.03456;0.13988;0.01905;0.19750;0.08233;0.10095;0.09674;0.08210;0.05004;0.05725;0.03983;0.19454;0.19262;0.04898;0.19190;0.19127;0.19127;0.19109;0.19071;0.06140;0.19121;0.19134;0.18884;0.18794;0.08051;0.18685;0.09786;0.18125;0.14545;0.13276;0.11898;0.11393;0.10766;0.10508;0.07765;0.09290;0.03886;0.09381;0.04639;0.08924;0.01739;0.08890;0.04201;0.02913;0.02678;0.02134;0.03158;0.08606;0.03172;0.08580;0.08435;0.08256;0.06229;0.04801;0.04071;0.03472;0.02004;0.06272;0.04154;0.04218;0.01994;0.04048;0.05300;0.06741;0.04302;0.05457;0.02598;0.02527;0.03924;0.09174;0.04311;0.09463;0.07300;0.06168;0.05590;0.04992;0.03716;0.03334;0.05017;0.04378;0.13305;0.14308;0.11936;0.16028;0.10264;0.13922;0.06128;0.01780;0.04553;0.14054;0.08645;0.04265;0.04682;0.04267;0.08326;0.08372;0.06274;0.06869;0.06405;0.07897;0.05904;0.06391;0.05120;0.02866;0.01308;0.04100;0.05417;0.02761;0.03769;0.00742;0.00895;0.00732;0.00735;0.01968;0.01145;0.01247;0.01097;0.00681;0.00802;0.04060;0.05444;0.02395;0.14158;0.06472;0.09293;0.03403;0.04303;0.04636
2020-02-09 00:00;0.19129;0.19081;0.03187;0.19071;0.03140;0.07096;0.02132;0.19015;0.03241;0.18965;0.04447;0.18943;0.01599;0.14198;0.01812;0.18924;0.18918;0.02045;0.18912;0.18885;0.01236;0.18885;0.01268;0.02432;0.02378;0.13016;0.02616;0.18881;0.18869;0.01870;0.18837;0.01894;0.14991;0.02278;0.18829;0.02308;0.18831;0.18185;0.18688;0.18165;0.18157;0.18161;0.18137;0.04313;0.18571;0.18605;0.01883;0.18752;0.18760;0.18791;0.18812;0.18847;0.18944;0.00558;0.18494;0.00867;0.18959;0.18962;0.18984;0.01099;0.18919;0.18992;0.01111;0.19006;0.19131;0.01318;0.19186;0.19228;0.03415;0.13684;0.01858;0.19321;0.08071;0.09974;0.09559;0.07966;0.05045;0.05657;0.03745;0.19031;0.18885;0.04638;0.18829;0.18780;0.18759;0.18753;0.18727;0.06108;0.18770;0.18819;0.18593;0.18522;0.08069;0.18411;0.09784;0.17865;0.14453;0.13186;0.11982;0.11560;0.10969;0.10508;0.07405;0.09332;0.03244;0.09510;0.04523;0.09172;0.01655;0.09144;0.04448;0.03038;0.02833;0.01782;0.03197;0.08791;0.03846;0.08684;0.08544;0.08284;0.06260;0.04745;0.04055;0.03275;0.01932;0.06236;0.04577;0.04337;0.02316;0.04111;0.06942;0.07061;0.04315;0.05946;0.03279;0.02588;0.04607;0.09129;0.05057;0.09229;0.06965;0.06146;0.05409;0.04883;0.03681;0.03113;0.04728;0.04861;0.13245;0.13917;0.11578;0.15583;0.10041;0.13736;0.06030;0.01733;0.04637;0.13849;0.08443;0.04267;0.04978;0.04209;0.07964;0.08081;0.05706;0.06726;0.06040;0.07982;0.06267;0.06510;0.04852;0.02730;0.01297;0.04143;0.05480;0.02743;0.03846;0.00735;0.00877;0.00734;0.00725;0.01949;0.01142;0.01240;0.01091;0.00673;0.00794;0.03962;0.05357;0.02362;0.13595;0.06269;0.09024;0.03242;0.04216;0.04495
2020-02-10 00:00;0.18858;0.18826;0.03050;0.18817;0.03020;0.06825;0.02086;0.18767;0.03137;0.18732;0.04297;0.18713;0.01424;0.14028;0.01787;0.18701;0.18695;0.01998;0.18694;0.18675;0.01252;0.18678;0.01244;0.02387;0.02337;0.12875;0.02566;0.18679;0.18669;0.01816;0.18646;0.01859;0.14843;0.02274;0.18646;0.02279;0.18650;0.18014;0.18524;0.18047;0.18045;0.18069;0.18049;0.04249;0.18496;0.18538;0.01858;0.18694;0.18712;0.18753;0.18790;0.18842;0.18941;0.00552;0.18496;0.00846;0.18965;0.18971;0.19002;0.01075;0.18937;0.19017;0.01098;0.19033;0.19179;0.01300;0.19244;0.19302;0.03362;0.13746;0.01814;0.19411;0.08175;0.09940;0.09613;0.08302;0.04927;0.05470;0.04154;0.19151;0.18975;0.04849;0.18900;0.18830;0.18794;0.18761;0.18775;0.06543;0.18790;0.18734;0.18527;0.18405;0.07635;0.18312;0.09606;0.17790;0.14643;0.13530;0.12106;0.11554;0.10890;0.10558;0.06929;0.09480;0.03831;0.09580;0.04370;0.09183;0.01582;0.09156;0.04340;0.02939;0.02827;0.02184;0.02958;0.08846;0.03336;0.08808;0.08620;0.08444;0.06093;0.04683;0.04042;0.03423;0.02180;0.06632;0.04320;0.04458;0.02018;0.04350;0.05578;0.06879;0.04221;0.05680;0.02698;0.02519;0.04071;0.09003;0.04486;0.09152;0.06653;0.06291;0.05644;0.05028;0.03691;0.03559;0.05092;0.04380;0.12639;0.13518;0.11215;0.15165;0.09839;0.13402;0.05865;0.01698;0.04594;0.13531;0.08254;0.04703;0.04889;0.04292;0.07791;0.08502;0.06935;0.06140;0.06601;0.08156;0.06167;0.06447;0.05174;0.03107;0.01276;0.03979;0.05255;0.02699;0.03643;0.00725;0.00868;0.00719;0.00717;0.01925;0.01125;0.01227;0.01078;0.00667;0.00790;0.03853;0.05244;0.02313;0.13013;0.06016;0.08733;0.03096;0.04102;0.04350
2020-02-11 00:00;0.18781;0.18738;0.02920;0.18729;0.02892;0.06536;0.01969;0.18683;0.03043;0.18640;0.04192;0.18620;0.01541;0.13956;0.01746;0.18603;0.18598;0.01993;0.18593;0.18570;0.01176;0.18570;0.01215;0.02333;0.02279;0.12799;0.02504;0.18566;0.18556;0.01757;0.18527;0.01806;0.14744;0.02229;0.18519;0.02232;0.18521;0.17894;0.18394;0.17959;0.17951;0.17968;0.17946;0.04157;0.18386;0.18420;0.01822;0.18564;0.18569;0.18597;0.18612;0.18641;0.18737;0.00537;0.18290;0.00834;0.18749;0.18750;0.18769;0.01049;0.18705;0.18776;0.01069;0.18788;0.18910;0.01266;0.18962;0.19000;0.03300;0.13520;0.01741;0.19090;0.07986;0.09891;0.09481;0.08045;0.04957;0.05631;0.03696;0.18804;0.18639;0.04777;0.18571;0.18487;0.18401;0.18375;0.18300;0.06677;0.18288;0.18276;0.18072;0.18011;0.08306;0.17882;0.09450;0.17375;0.14312;0.13210;0.11982;0.11489;0.10765;0.10204;0.06497;0.09200;0.03213;0.09367;0.04257;0.09048;0.01519;0.09023;0.04320;0.02981;0.02726;0.01868;0.03024;0.08676;0.03670;0.08588;0.08395;0.08112;0.06072;0.04616;0.03942;0.03244;0.01957;0.06290;0.04486;0.04567;0.02297;0.04443;0.07207;0.07346;0.04242;0.06332;0.03223;0.02640;0.04813;0.08858;0.05144;0.08809;0.06196;0.06174;0.05407;0.04939;0.03749;0.03127;0.04538;0.04902;0.12412;0.13160;0.10889;0.14735;0.09630;0.13222;0.05965;0.01678;0.04681;0.13297;0.08073;0.04421;0.04979;0.04338;0.07512;0.07799;0.06189;0.06971;0.06344;0.08257;0.06663;0.06598;0.04848;0.02865;0.01241;0.04083;0.05404;0.02643;0.03831;0.00709;0.00837;0.00716;0.00698;0.01889;0.01110;0.01218;0.01062;0.00655;0.00777;0.03732;0.05114;0.02255;0.12442;0.05798;0.08422;0.02996;0.03982;0.04194
2020-02-12 00:00;0.18351;0.18315;0.02789;0.18308;0.02771;0.06262;0.01946;0.18266;0.02934;0.18232;0.03972;0.18215;0.01380;0.13654;0.01716;0.18203;0.18198;0.01936;0.18196;0.18178;0.01195;0.18180;0.01188;0.02285;0.02224;0.12531;0.02440;0.18179;0.18170;0.01697;0.18148;0.01761;0.14446;0.02221;0.18146;0.02188;0.18150;0.17539;0.18037;0.17635;0.17631;0.17663;0.17644;0.04078;0.18086;0.18126;0.01793;0.18275;0.18289;0.18325;0.18354;0.18398;0.18495;0.00531;0.18058;0.00815;0.18515;0.18519;0.18546;0.01033;0.18483;0.18559;0.01058;0.18573;0.18714;0.01253;0.18774;0.18826;0.03245;0.13405;0.01691;0.18930;0.08231;0.09778;0.09476;0.08237;0.04848;0.05361;0.04647;0.18636;0.18448;0.04724;0.18379;0.18308;0.18213;0.18183;0.18065;0.06388;0.18067;0.18006;0.17813;0.17604;0.07472;0.17507;0.09244;0.16999;0.14061;0.13069;0.11785;0.11240;0.10473;0.10153;0.06233;0.09212;0.03742;0.09310;0.04135;0.08922;0.01458;0.08900;0.04172;0.02880;0.02673;0.02183;0.02783;0.08603;0.03193;0.08572;0.08402;0.08170;0.05876;0.04488;0.03979;0.03455;0.02103;0.06353;0.04365;0.04349;0.01974;0.04272;0.05530;0.07074;0.04176;0.05977;0.02620;0.02509;0.04195;0.08554;0.04417;0.08519;0.05802;0.06053;0.05511;0.05000;0.03707;0.03443;0.04733;0.04106;0.11758;0.12786;0.10546;0.14338;0.09441;0.12890;0.05740;0.01656;0.04615;0.12995;0.07898;0.04394;0.04849;0.04239;0.07330;0.08868;0.06750;0.07675;0.06364;0.08292;0.06173;0.06970;0.05046;0.02936;0.01221;0.03884;0.05130;0.02584;0.03588;0.00699;0.00833;0.00697;0.00691;0.01861;0.01089;0.01197;0.01045;0.00647;0.00774;0.03613;0.04982;0.02202;0.11908;0.05509;0.08085;0.02870;0.03850;0.04048
2020-02-13 00:00;0.18125;0.18079;0.02687;0.18072;0.02660;0.06009;0.01886;0.18032;0.02848;0.17991;0.03986;0.17972;0.01500;0.13470;0.01684;0.17956;0.17951;0.01952;0.17945;0.17923;0.01115;0.17923;0.01159;0.02230;0.02172;0.12353;0.02379;0.17918;0.17908;0.01643;0.17881;0.01712;0.14229;0.02172;0.17871;0.02143;0.17873;0.17275;0.17759;0.17385;0.17375;0.17396;0.17376;0.03978;0.17805;0.17836;0.01758;0.17972;0.17974;0.17997;0.18005;0.18027;0.18120;0.00520;0.17686;0.00809;0.18128;0.18128;0.18143;0.01017;0.18080;0.18147;0.01030;0.18158;0.18274;0.01225;0.18321;0.18351;0.03188;0.13056;0.01613;0.18435;0.08038;0.09664;0.09309;0.07934;0.04868;0.05425;0.04330;0.18108;0.17930;0.04568;0.17864;0.17769;0.17642;0.17619;0.17500;0.06117;0.17505;0.17496;0.17302;0.17164;0.08320;0.17022;0.09104;0.16537;0.13628;0.12630;0.11476;0.10991;0.10291;0.09794;0.06051;0.08876;0.03117;0.09036;0.04086;0.08720;0.01431;0.08699;0.04187;0.02904;0.02625;0.01768;0.02847;0.08360;0.03593;0.08268;0.08096;0.07882;0.05860;0.04474;0.03854;0.03230;0.01913;0.05992;0.04460;0.04327;0.02265;0.04200;0.06669;0.06979;0.04149;0.05938;0.03131;0.02594;0.04691;0.08414;0.05019;0.08199;0.05256;0.06018;0.05269;0.04853;0.03698;0.03012;0.04299;0.04803;0.11567;0.12456;0.10246;0.13969;0.09244;0.12730;0.05852;0.01639;0.04597;0.12786;0.07727;0.04127;0.04817;0.04193;0.07020;0.08112;0.05924;0.06897;0.06045;0.08188;0.06527;0.06719;0.04714;0.02762;0.01203;0.03940;0.05214;0.02554;0.03694;0.00686;0.00809;0.00696;0.00676;0.01829;0.01078;0.01184;0.01036;0.00633;0.00758;0.03497;0.04856;0.02136;0.11447;0.05404;0.07726;0.02795;0.03747;0.03906
2020-02-14 00:00;0.17565;0.17526;0.02561;0.17520;0.02580;0.05827;0.01851;0.17482;0.02756;0.17449;0.03141;0.17439;0.01348;0.13072;0.01662;0.17427;0.17422;0.01890;0.17420;0.17403;0.01134;0.17404;0.01137;0.02196;0.02124;0.11996;0.02324;0.17403;0.17395;0.01593;0.17374;0.01673;0.13829;0.02165;0.17371;0.02101;0.17374;0.16796;0.17275;0.16921;0.16916;0.16949;0.16931;0.03900;0.17356;0.17394;0.01740;0.17535;0.17546;0.17579;0.17605;0.17645;0.17737;0.00520;0.17317;0.00803;0.17754;0.17758;0.17783;0.01015;0.17722;0.17793;0.01034;0.17807;0.17937;0.01223;0.17993;0.18039;0.03144;0.12843;0.01538;0.18137;0.07881;0.09507;0.09244;0.08071;0.04744;0.05166;0.04195;0.17868;0.17686;0.04499;0.17621;0.17540;0.17425;0.17405;0.17337;0.06110;0.17338;0.17289;0.17109;0.16850;0.07269;0.16753;0.09152;0.16255;0.13467;0.12556;0.11311;0.10789;0.10098;0.09816;0.05868;0.08932;0.03629;0.09027;0.03981;0.08657;0.01385;0.08637;0.04023;0.02763;0.02585;0.02087;0.02654;0.08360;0.03096;0.08331;0.08174;0.07934;0.05698;0.04332;0.03881;0.03396;0.02022;0.06168;0.04214;0.04179;0.01938;0.04118;0.05167;0.06579;0.04076;0.05428;0.02535;0.02461;0.04115;0.08087;0.04337;0.07892;0.04785;0.05900;0.05379;0.04919;0.03643;0.03386;0.04528;0.03966;0.11066;0.12130;0.09947;0.13672;0.09064;0.12397;0.05526;0.01612;0.04436;0.12497;0.07563;0.04263;0.04659;0.04111;0.06807;0.08908;0.06357;0.06147;0.05914;0.08112;0.06183;0.06527;0.04960;0.02888;0.01202;0.03776;0.04987;0.02527;0.03479;0.00683;0.00816;0.00681;0.00676;0.01806;0.01062;0.01168;0.01022;0.00634;0.00756;0.03395;0.04743;0.02093;0.11028;0.04978;0.07335;0.02619;0.03629;0.03784
2020-02-15 00:00;0.17358;0.17317;0.02506;0.17311;0.02408;0.05435;0.01851;0.17278;0.02685;0.17243;0.03977;0.17224;0.01459;0.12910;0.01644;0.17210;0.17205;0.01890;0.17201;0.17183;0.01079;0.17182;0.01115;0.02150;0.02087;0.11843;0.02280;0.17179;0.17170;0.01550;0.17147;0.01615;0.13646;0.02126;0.17139;0.02058;0.17141;0.16577;0.17044;0.16711;0.16703;0.16730;0.16711;0.03811;0.17128;0.17160;0.01721;0.17292;0.17295;0.17319;0.17330;0.17354;0.17443;0.00513;0.17026;0.00802;0.17452;0.17452;0.17468;0.01015;0.17408;0.17473;0.01026;0.17484;0.17585;0.01217;0.17631;0.17662;0.03098;0.12565;0.01401;0.17745;0.07757;0.09466;0.09153;0.07900;0.04779;0.05267;0.03936;0.17445;0.17276;0.04452;0.17210;0.17113;0.16970;0.16940;0.16817;0.06002;0.16810;0.16802;0.16611;0.16447;0.07740;0.16322;0.08860;0.15851;0.13085;0.12182;0.11081;0.10589;0.09917;0.09435;0.05669;0.08578;0.03083;0.08726;0.03908;0.08423;0.01369;0.08404;0.04023;0.02760;0.02544;0.01725;0.02735;0.08078;0.03434;0.07994;0.07826;0.07601;0.05671;0.04332;0.03770;0.03178;0.01858;0.05769;0.04304;0.04189;0.02175;0.04087;0.06426;0.06697;0.03978;0.05687;0.03052;0.02551;0.04531;0.07927;0.04850;0.07597;0.04281;0.05853;0.05140;0.04765;0.03632;0.02936;0.04102;0.04626;0.10829;0.11865;0.09709;0.13415;0.08896;0.12272;0.05696;0.01585;0.04359;0.12314;0.07403;0.04031;0.04669;0.04070;0.06498;0.08020;0.05622;0.06618;0.05982;0.07976;0.06274;0.06614;0.04652;0.02687;0.01186;0.03924;0.05194;0.02516;0.03698;0.00678;0.00799;0.00686;0.00669;0.01783;0.01059;0.01165;0.01016;0.00623;0.00744;0.03293;0.04642;0.02052;0.10670;0.05123;0.06914;0.02651;0.03534;0.03659
2020-02-16 00:00;0.16879;0.16842;0.02265;0.16837;0.02425;0.05477;0.01785;0.16803;0.02578;0.16773;0.03204;0.16762;0.01314;0.12564;0.01626;0.16751;0.16746;0.01837;0.16744;0.16729;0.01087;0.16730;0.01087;0.02102;0.02028;0.11532;0.02225;0.16729;0.16722;0.01489;0.16704;0.01592;0.13296;0.02114;0.16700;0.02018;0.16703;0.16159;0.16627;0.16315;0.16311;0.16349;0.16333;0.03729;0.16748;0.16785;0.01707;0.16921;0.16932;0.16964;0.16989;0.17028;0.17116;0.00515;0.16712;0.00788;0.17134;0.17137;0.17161;0.00994;0.17103;0.17172;0.01017;0.17185;0.17300;0.01211;0.17354;0.17399;0.03051;0.12387;0.01358;0.17495;0.07670;0.09277;0.09069;0.07954;0.04660;0.04963;0.04063;0.17239;0.17071;0.04308;0.17009;0.16925;0.16789;0.16743;0.16676;0.06034;0.16663;0.16604;0.16437;0.16150;0.06794;0.16065;0.08825;0.15579;0.12899;0.12118;0.10967;0.10467;0.09794;0.09526;0.06033;0.08612;0.03486;0.08703;0.03872;0.08342;0.01334;0.08322;0.03838;0.02622;0.02473;0.01984;0.02508;0.08043;0.02948;0.08019;0.07855;0.07633;0.05546;0.04152;0.03779;0.03240;0.01922;0.05832;0.04008;0.04089;0.01868;0.04060;0.04978;0.06380;0.03915;0.05291;0.02496;0.02424;0.03977;0.07619;0.04201;0.07348;0.04029;0.05719;0.05241;0.04827;0.03584;0.03302;0.04309;0.03750;0.10134;0.11615;0.09476;0.13175;0.08725;0.11943;0.05355;0.01549;0.04152;0.12034;0.07249;0.04144;0.04567;0.04028;0.06397;0.08834;0.06246;0.06187;0.06231;0.07918;0.06019;0.06357;0.04730;0.02804;0.01175;0.03762;0.04970;0.02493;0.03483;0.00678;0.00802;0.00679;0.00668;0.01766;0.01048;0.01148;0.01002;0.00622;0.00745;0.03169;0.04517;0.02001;0.10236;0.04012;0.06426;0.02453;0.03403;0.03516
2020-02-17 00:00;0.16681;0.16641;0.02377;0.16635;0.02260;0.05098;0.01776;0.16606;0.02489;0.16574;0.03731;0.16556;0.01438;0.12409;0.01590;0.16543;0.16539;0.01830;0.16535;0.16518;0.01044;0.16517;0.01053;0.02034;0.01966;0.11384;0.02149;0.16514;0.16506;0.01433;0.16485;0.01528;0.13119;0.02057;0.16477;0.01976;0.16479;0.15950;0.16399;0.16116;0.16108;0.16140;0.16123;0.03619;0.16531;0.16562;0.01680;0.16688;0.16690;0.16712;0.16720;0.16741;0.16826;0.00501;0.16423;0.00778;0.16833;0.16833;0.16847;0.00979;0.16789;0.16851;0.00994;0.16861;0.16958;0.01185;0.17001;0.17028;0.02986;0.12114;0.01313;0.17108;0.07483;0.09143;0.08869;0.07642;0.04659;0.05055;0.03798;0.16830;0.16658;0.04217;0.16598;0.16492;0.16341;0.16311;0.16180;0.05913;0.16160;0.16147;0.15952;0.15761;0.07624;0.15631;0.08335;0.15192;0.12559;0.11758;0.10725;0.10243;0.09577;0.09089;0.05137;0.08320;0.02891;0.08473;0.03819;0.08181;0.01308;0.08162;0.03872;0.02663;0.02448;0.01629;0.02831;0.07840;0.03366;0.07754;0.07587;0.07370;0.05468;0.04116;0.03605;0.03047;0.01779;0.05633;0.04228;0.04103;0.02161;0.04028;0.06333;0.06522;0.03841;0.05578;0.02964;0.02517;0.04557;0.07591;0.04771;0.07173;0.03780;0.05703;0.05016;0.04674;0.03587;0.02823;0.03936;0.04488;0.10064;0.11385;0.09274;0.12904;0.08534;0.11852;0.05614;0.01520;0.04190;0.11873;0.07101;0.03923;0.04551;0.03917;0.06096;0.07920;0.05505;0.06339;0.05783;0.07748;0.06118;0.06324;0.04426;0.02623;0.01154;0.03784;0.05006;0.02465;0.03539;0.00662;0.00780;0.00679;0.00657;0.01739;0.01042;0.01136;0.00992;0.00613;0.00734;0.03050;0.04390;0.01947;0.09777;0.05090;0.05855;0.02462;0.03343;0.03380
2020-02-18 00:00;0.16192;0.16156;0.02129;0.16152;0.02256;0.05093;0.01715;0.16122;0.02405;0.16095;0.02998;0.16085;0.01287;0.12057;0.01583;0.16076;0.16072;0.01778;0.16070;0.16059;0.01049;0.16061;0.01035;0.02006;0.01928;0.11070;0.02073;0.16060;0.16054;0.01387;0.16039;0.01502;0.12767;0.02055;0.16037;0.01939;0.16040;0.15533;0.15984;0.15715;0.15711;0.15756;0.15742;0.03518;0.16151;0.16190;0.01669;0.16321;0.16334;0.16366;0.16392;0.16432;0.16517;0.00505;0.16127;0.00780;0.16535;0.16539;0.16563;0.00990;0.16506;0.16573;0.01006;0.16586;0.16699;0.01192;0.16752;0.16797;0.02935;0.11960;0.01324;0.16892;0.07445;0.08964;0.08800;0.07765;0.04563;0.04750;0.04047;0.16669;0.16496;0.04107;0.16438;0.16352;0.16212;0.16187;0.16085;0.05934;0.16062;0.16001;0.15840;0.15562;0.06470;0.15483;0.08582;0.15008;0.12502;0.11792;0.10679;0.10172;0.09506;0.09233;0.05919;0.08335;0.03266;0.08437;0.03769;0.08084;0.01282;0.08065;0.03676;0.02526;0.02355;0.01867;0.02459;0.07792;0.02896;0.07763;0.07598;0.07376;0.05345;0.03910;0.03647;0.03125;0.01829;0.05629;0.03922;0.03998;0.01830;0.03995;0.04913;0.06245;0.03775;0.05208;0.02424;0.02381;0.03996;0.07416;0.04121;0.07023;0.03815;0.05586;0.05097;0.04734;0.03527;0.03220;0.04078;0.03706;0.09576;0.11159;0.09056;0.12662;0.08363;0.11531;0.05250;0.01492;0.04029;0.11606;0.06959;0.03995;0.04442;0.03841;0.06035;0.08511;0.06047;0.06002;0.05625;0.07735;0.05874;0.06219;0.04580;0.02759;0.01159;0.03627;0.04790;0.02443;0.03331;0.00662;0.00794;0.00667;0.00660;0.01718;0.01036;0.01123;0.00985;0.00618;0.00739;0.02943;0.04269;0.01884;0.09454;0.03922;0.05209;0.02282;0.03080;0.03260
2020-02-19 00:00;0.16037;0.15998;0.02204;0.15993;0.02104;0.04744;0.01711;0.15968;0.02319;0.15937;0.03466;0.15921;0.01395;0.11933;0.01541;0.15909;0.15905;0.01774;0.15901;0.15884;0.01013;0.15883;0.01003;0.01943;0.01868;0.10947;0.02021;0.15879;0.15872;0.01326;0.15853;0.01472;0.12616;0.01994;0.15845;0.01921;0.15846;0.15357;0.15790;0.15551;0.15542;0.15579;0.15563;0.03396;0.15965;0.15997;0.01648;0.16116;0.16116;0.16135;0.16139;0.16156;0.16238;0.00495;0.15848;0.00767;0.16243;0.16242;0.16253;0.00961;0.16197;0.16255;0.00973;0.16265;0.16362;0.01168;0.16401;0.16424;0.02883;0.11682;0.01289;0.16498;0.07216;0.08775;0.08572;0.07417;0.04547;0.04775;0.03765;0.16263;0.16093;0.04044;0.16034;0.15924;0.15748;0.15713;0.15574;0.05747;0.15549;0.15533;0.15341;0.15166;0.07480;0.15034;0.07952;0.14614;0.12117;0.11359;0.10356;0.09869;0.09202;0.08700;0.04809;0.07986;0.02729;0.08137;0.03719;0.07848;0.01264;0.07830;0.03736;0.02571;0.02373;0.01576;0.02714;0.07511;0.03266;0.07423;0.07250;0.07025;0.05221;0.04034;0.03458;0.02900;0.01710;0.05358;0.04125;0.04006;0.02121;0.03942;0.06218;0.06345;0.03710;0.05433;0.02908;0.02486;0.04464;0.07260;0.04645;0.06779;0.03365;0.05556;0.04877;0.04558;0.03506;0.02732;0.03783;0.04393;0.09629;0.10958;0.08875;0.12448;0.08192;0.11423;0.05393;0.01464;0.04037;0.11444;0.06822;0.03730;0.04452;0.03753;0.05741;0.07554;0.05291;0.06144;0.05694;0.07628;0.06094;0.06230;0.04323;0.02558;0.01135;0.03594;0.04751;0.02419;0.03309;0.00654;0.00762;0.00665;0.00641;0.01685;0.01028;0.01115;0.00976;0.00601;0.00725;0.02832;0.04160;0.01852;0.08969;0.04713;0.04365;0.02291;0.03234;0.03131
2020-02-20 00:00;0.15522;0.15486;0.01990;0.15482;0.02125;0.04797;0.01654;0.15455;0.02266;0.15428;0.02803;0.15419;0.01253;0.11558;0.01534;0.15411;0.15407;0.01726;0.15405;0.15393;0.01030;0.15394;0.00980;0.01916;0.01806;0.10611;0.01988;0.15393;0.15388;0.01310;0.15374;0.01450;0.12237;0.02003;0.15371;0.01881;0.15373;0.14907;0.15341;0.15101;0.15097;0.15142;0.15129;0.03223;0.15536;0.15577;0.01639;0.15701;0.15712;0.15742;0.15767;0.15805;0.15886;0.00500;0.15511;0.00768;0.15903;0.15907;0.15930;0.00967;0.15875;0.15940;0.00977;0.15952;0.16065;0.01171;0.16115;0.16158;0.02833;0.11505;0.01311;0.16248;0.07194;0.08631;0.08570;0.07616;0.04491;0.04442;0.04000;0.16059;0.15908;0.03962;0.15852;0.15763;0.15604;0.15560;0.15471;0.05771;0.15442;0.15367;0.15216;0.14941;0.06287;0.14863;0.08087;0.14408;0.12000;0.11411;0.10360;0.09884;0.09244;0.08985;0.05837;0.08099;0.03176;0.08197;0.03632;0.07852;0.01228;0.07834;0.03550;0.02427;0.02300;0.01904;0.02278;0.07575;0.02805;0.07549;0.07391;0.07179;0.05178;0.03835;0.03536;0.03034;0.01822;0.05559;0.03854;0.03893;0.01786;0.03894;0.04798;0.06037;0.03655;0.05024;0.02374;0.02337;0.03921;0.07155;0.04061;0.06843;0.04119;0.05408;0.04941;0.04614;0.03437;0.03133;0.03875;0.03546;0.08696;0.10746;0.08683;0.12205;0.08037;0.11117;0.05032;0.01432;0.03793;0.11192;0.06689;0.03887;0.04348;0.03679;0.05814;0.08216;0.05987;0.05932;0.05826;0.07581;0.05846;0.05948;0.04476;0.02673;0.01135;0.03450;0.04554;0.02384;0.03127;0.00659;0.00778;0.00657;0.00648;0.01666;0.01022;0.01107;0.00971;0.00605;0.00730;0.02762;0.04080;0.01813;0.08822;0.03661;0.03575;0.02142;0.02998;0.03053
2020-02-21 00:00;0.15414;0.15381;0.02073;0.15376;0.01994;0.04494;0.01676;0.15353;0.02212;0.15327;0.03239;0.15314;0.01349;0.11478;0.01513;0.15304;0.15300;0.01741;0.15298;0.15282;0.00996;0.15282;0.00973;0.01887;0.01810;0.10533;0.01969;0.15280;0.15274;0.01240;0.15259;0.01444;0.12144;0.01963;0.15253;0.01886;0.15255;0.14793;0.15215;0.14997;0.14990;0.15031;0.15017;0.03049;0.15427;0.15465;0.01621;0.15583;0.15585;0.15606;0.15616;0.15636;0.15716;0.00490;0.15339;0.00762;0.15723;0.15723;0.15737;0.00961;0.15682;0.15740;0.00972;0.15749;0.15849;0.01163;0.15889;0.15914;0.02765;0.11322;0.01281;0.15989;0.07017;0.08535;0.08449;0.07446;0.04467;0.04452;0.03703;0.15775;0.15610;0.03990;0.15550;0.15441;0.15249;0.15213;0.15058;0.05603;0.15028;0.15002;0.14827;0.14640;0.07519;0.14498;0.07312;0.14123;0.11734;0.11131;0.10182;0.09724;0.09107;0.08678;0.05808;0.07787;0.02643;0.07935;0.03552;0.07656;0.01222;0.07638;0.03680;0.02518;0.02342;0.01572;0.02648;0.07315;0.03155;0.07232;0.07063;0.06839;0.05087;0.03908;0.03359;0.02804;0.01697;0.05218;0.04036;0.03899;0.02076;0.03830;0.05883;0.06155;0.03585;0.05274;0.02785;0.02404;0.04280;0.07054;0.04550;0.06552;0.03486;0.05379;0.04749;0.04446;0.03415;0.02663;0.03652;0.04168;0.08642;0.10570;0.08526;0.12053;0.07883;0.11038;0.05155;0.01402;0.03923;0.11067;0.06560;0.03694;0.04313;0.03640;0.05533;0.07416;0.05243;0.06065;0.05571;0.07558;0.05909;0.06431;0.04246;0.02523;0.01128;0.03459;0.04572;0.02373;0.03156;0.00647;0.00766;0.00664;0.00645;0.01646;0.01020;0.01111;0.00971;0.00605;0.00725;0.02690;0.04001;0.01804;0.08471;0.04410;0.03455;0.02167;0.03145;0.02965
2020-02-22 00:00;0.15027;0.14995;0.01871;0.14991;0.02004;0.04521;0.01608;0.14967;0.02146;0.14943;0.02628;0.14936;0.01216;0.11195;0.01505;0.14928;0.14925;0.01690;0.14923;0.14912;0.01003;0.14913;0.00955;0.01862;0.01765;0.10279;0.01953;0.14913;0.14908;0.01249;0.14896;0.01419;0.11857;0.01957;0.14894;0.01845;0.14896;0.14448;0.14871;0.14654;0.14651;0.14701;0.14689;0.02965;0.15100;0.15148;0.01606;0.15270;0.15282;0.15312;0.15337;0.15376;0.15455;0.00492;0.15090;0.00746;0.15472;0.15476;0.15499;0.00948;0.15446;0.15510;0.00981;0.15522;0.15635;0.01163;0.15685;0.15727;0.02709;0.11200;0.01289;0.15818;0.06836;0.08196;0.08275;0.07373;0.04398;0.03897;0.03837;0.15665;0.15511;0.03875;0.15457;0.15372;0.15199;0.15165;0.15048;0.05662;0.15015;0.14936;0.14794;0.14512;0.06122;0.14436;0.07879;0.13980;0.11669;0.11134;0.10094;0.09606;0.08937;0.08681;0.05375;0.07867;0.03074;0.07963;0.03491;0.07625;0.01198;0.07607;0.03483;0.02387;0.02245;0.01827;0.02271;0.07329;0.02703;0.07303;0.07139;0.06927;0.05046;0.03716;0.03467;0.02932;0.01769;0.05359;0.03735;0.03829;0.01746;0.03834;0.04563;0.05888;0.03533;0.04915;0.02285;0.02273;0.03796;0.06933;0.03983;0.06557;0.03965;0.05260;0.04810;0.04515;0.03356;0.03082;0.03696;0.03404;0.08246;0.10403;0.08370;0.11822;0.07739;0.10740;0.04835;0.01375;0.03664;0.10817;0.06434;0.03851;0.04269;0.03622;0.05752;0.08096;0.05882;0.05762;0.05500;0.07513;0.05674;0.05983;0.04295;0.02640;0.01123;0.03337;0.04404;0.02351;0.02995;0.00644;0.00771;0.00645;0.00643;0.01619;0.01005;0.01098;0.00959;0.00603;0.00727;0.02609;0.03903;0.01769;0.08334;0.03433;0.03213;0.02022;0.02932;0.02872
2020-02-23 00:00;0.17150;0.17309;0.01936;0.17309;0.01874;0.04222;0.01622;0.17321;0.02079;0.17448;0.03009;0.17462;0.01303;0.13110;0.01473;0.17532;0.17532;0.01697;0.17586;0.17649;0.00968;0.17702;0.00933;0.01810;0.01734;0.12219;0.01915;0.17760;0.17773;0.01154;0.17874;0.01401;0.14285;0.01909;0.17976;0.01834;0.18012;0.17479;0.18104;0.17977;0.18051;0.18145;0.18170;0.04792;0.18704;0.18872;0.05514;0.18972;0.19115;0.19134;0.19378;0.19479;0.19463;0.01794;0.19035;0.01702;0.19521;0.19549;0.19613;0.03049;0.19537;0.19621;0.04754;0.19599;0.19454;0.03151;0.19509;0.19555;0.06455;0.13859;0.04659;0.19504;0.09082;0.10948;0.10238;0.07488;0.04702;0.06939;0.05025;0.19291;0.19272;0.06154;0.19169;0.19242;0.19234;0.19163;0.19204;0.07010;0.19212;0.19031;0.18661;0.18429;0.08833;0.18308;0.08941;0.17844;0.15194;0.13360;0.12270;0.11830;0.11134;0.10621;0.05619;0.09788;0.02936;0.10017;0.04116;0.09839;0.01564;0.09811;0.04371;0.02854;0.02892;0.01507;0.04440;0.09492;0.03906;0.09419;0.09224;0.08979;0.07162;0.05447;0.04283;0.03297;0.01706;0.06481;0.06167;0.05014;0.01932;0.04907;0.06938;0.07643;0.03884;0.06834;0.03944;0.02915;0.05526;0.08502;0.05579;0.07989;0.03847;0.06811;0.05623;0.04811;0.03586;0.03485;0.05656;0.06399;0.16057;0.13486;0.09163;0.12361;0.07643;0.11686;0.06768;0.01735;0.04527;0.11450;0.06758;0.04455;0.04896;0.04454;0.07938;0.09291;0.08863;0.08457;0.07521;0.09305;0.07434;0.07814;0.06311;0.03336;0.02989;0.07180;0.09237;0.05517;0.05785;0.02174;0.04838;0.01296;0.02334;0.05096;0.07762;0.01092;0.08052;0.00589;0.00713;0.02518;0.07459;0.01745;0.08313;0.04092;0.03269;0.02028;0.03047;0.02769
2020-02-24 00:00;0.75045;0.75449;0.11984;0.75419;0.15360;0.34836;0.08070;0.75182;0.06256;0.75698;0.05933;0.75814;0.01983;0.56927;0.02498;0.76202;0.76202;0.02880;0.76472;0.76822;0.02178;0.77053;0.02309;0.04061;0.03960;0.53192;0.10201;0.77329;0.77331;0.03145;0.77676;0.04228;0.62021;0.02305;0.78073;0.03303;0.78256;0.75999;0.78746;0.78987;0.79310;0.77175;0.77300;0.61728;0.72648;0.72508;0.53028;0.69802;0.70020;0.69292;0.69379;0.68164;0.65012;0.23584;0.63271;0.34626;0.64421;0.64149;0.63262;0.37535;0.62490;0.62381;0.38295;0.61614;0.54479;0.52056;0.51491;0.48734;0.56356;0.31270;0.46637;0.41795;0.39144;0.48536;0.43417;0.10395;0.05690;0.34198;0.07682;0.30690;0.30528;0.10593;0.30289;0.30449;0.30620;0.30506;0.30579;0.10416;0.30679;0.30295;0.29210;0.28937;0.18319;0.28446;0.13417;0.27602;0.23930;0.20232;0.18657;0.18234;0.17722;0.17145;0.10855;0.15624;0.05260;0.15932;0.05702;0.15727;0.02357;0.15694;0.06485;0.03930;0.04617;0.02833;0.07984;0.15443;0.05488;0.15440;0.15308;0.15098;0.11885;0.09341;0.06763;0.04996;0.02314;0.11423;0.08929;0.06982;0.02394;0.06635;0.09791;0.10798;0.05020;0.09920;0.06401;0.03617;0.07037;0.12630;0.07589;0.12455;0.08160;0.09995;0.07724;0.05739;0.04031;0.05135;0.09595;0.10625;0.28417;0.20503;0.12289;0.13750;0.07996;0.15062;0.10975;0.03307;0.06159;0.14224;0.08532;0.06430;0.06620;0.06120;0.11927;0.13747;0.15168;0.15125;0.11978;0.14231;0.11357;0.12739;0.10637;0.05140;0.37036;0.57167;0.73005;0.71322;0.12696;0.32231;0.32950;0.42723;0.33599;0.55869;0.60265;0.39853;0.46670;0.16611;0.25596;0.07307;0.61369;0.03407;0.21202;0.09649;0.07157;0.14666;0.07456;0.10932
2020-02-25 00:00;1.00047;1.00120;0.09271;1.00120;0.12453;0.28272;0.04820;1.00040;0.05124;1.00167;0.07297;1.00220;0.02426;0.75160;0.02594;1.00368;1.00364;0.03129;1.00482;1.00642;0.02319;1.00728;0.02055;0.03707;0.03904;0.69469;0.06958;1.00840;1.00843;0.03262;1.00980;0.03683;0.80444;0.02848;1.01106;0.03533;1.01212;0.98285;1.01389;1.01704;1.01786;0.97575;0.97607;0.99555;0.85890;0.85457;0.65041;0.81654;0.81561;0.80690;0.80435;0.79257;0.75404;0.20377;0.73378;0.29518;0.74847;0.74604;0.73861;0.30533;0.73250;0.73240;0.33287;0.72694;0.65061;0.51940;0.62479;0.60235;0.62620;0.39361;0.50203;0.53326;0.40379;0.49049;0.42799;0.12465;0.08117;0.34509;0.08578;0.42961;0.42944;0.12061;0.42776;0.43063;0.43532;0.43547;0.43839;0.12811;0.44133;0.44017;0.42905;0.39571;0.41107;0.37741;0.23749;0.34860;0.31937;0.28942;0.27481;0.27421;0.27707;0.27484;0.17316;0.25345;0.09068;0.25860;0.09262;0.25624;0.03189;0.25603;0.09204;0.05207;0.06924;0.05412;0.13174;0.25829;0.07744;0.25990;0.26251;0.26366;0.24873;0.20864;0.14673;0.12281;0.05022;0.17448;0.11477;0.08782;0.03430;0.08042;0.13217;0.13288;0.06146;0.12355;0.08771;0.04413;0.08959;0.16333;0.10349;0.16225;0.12449;0.12435;0.09544;0.06669;0.04666;0.05976;0.12479;0.13259;0.28932;0.22287;0.14942;0.16085;0.09331;0.18738;0.15173;0.04690;0.07667;0.17294;0.10617;0.08115;0.08377;0.07943;0.16645;0.36837;0.17191;0.18554;0.13356;0.17658;0.13281;0.17575;0.11979;0.05745;0.36010;0.63868;0.82890;0.80225;0.16722;0.27156;0.25778;0.36256;0.28308;0.66955;0.54450;0.32737;0.44707;0.15173;0.23046;0.06527;0.85625;0.03475;0.26362;0.10179;0.09130;0.10466;0.07626;0.08212
2020-02-26 00:00;0.75069;0.74747;0.05287;0.74751;0.06139;0.13910;0.03031;0.74721;0.04010;0.74484;0.06998;0.74460;0.02075;0.55792;0.02599;0.74388;0.74381;0.03018;0.74339;0.74281;0.02055;0.74228;0.01838;0.03463;0.03517;0.51154;0.04274;0.74181;0.74157;0.02644;0.74032;0.02907;0.58856;0.03108;0.73898;0.03352;0.73903;0.71737;0.73743;0.73769;0.73649;0.70814;0.70764;0.69396;0.62680;0.62423;0.38346;0.60463;0.60263;0.59842;0.59514;0.58855;0.56899;0.09183;0.55386;0.13080;0.56591;0.56464;0.56118;0.12929;0.55817;0.55865;0.15121;0.55683;0.51988;0.26084;0.51053;0.50225;0.37219;0.34100;0.29000;0.47175;0.23353;0.28469;0.25015;0.13173;0.07539;0.18676;0.08671;0.43246;0.42759;0.11485;0.42561;0.42368;0.42511;0.42510;0.42356;0.13846;0.42520;0.42355;0.41603;0.39020;0.27288;0.38212;0.24742;0.36123;0.34516;0.32034;0.30396;0.30092;0.30274;0.29730;0.17862;0.27543;0.10127;0.28020;0.10120;0.27560;0.03654;0.27538;0.10141;0.06182;0.07145;0.06433;0.09774;0.27692;0.09267;0.27746;0.27953;0.27811;0.24283;0.19510;0.15474;0.13971;0.07832;0.20839;0.12313;0.09373;0.04342;0.08932;0.15654;0.14100;0.06900;0.12992;0.08703;0.05153;0.10479;0.16747;0.12142;0.15520;0.11722;0.12143;0.09420;0.07505;0.05316;0.06453;0.10437;0.12556;0.28930;0.19573;0.15468;0.18327;0.11144;0.20170;0.16562;0.04938;0.08657;0.18534;0.11443;0.09276;0.09655;0.09075;0.17072;0.33301;0.16288;0.18447;0.13378;0.17679;0.13301;0.16762;0.11831;0.05791;0.17828;0.38880;0.50993;0.46662;0.15372;0.11939;0.10587;0.16167;0.12438;0.40834;0.25618;0.12086;0.20040;0.06086;0.08783;0.04876;0.55986;0.03337;0.22862;0.09232;0.09647;0.05358;0.06321;0.05549
2020-02-27 00:00;0.52136;0.51744;0.06117;0.51731;0.06967;0.15776;0.04280;0.51615;0.04468;0.51348;0.06816;0.51307;0.02567;0.38432;0.02788;0.51208;0.51198;0.03160;0.51139;0.51042;0.01984;0.50978;0.02029;0.03805;0.03782;0.35121;0.05460;0.50907;0.50864;0.02721;0.50681;0.03186;0.40251;0.03297;0.50520;0.03550;0.50504;0.48991;0.50281;0.49976;0.49858;0.48965;0.48907;0.35623;0.46227;0.45895;0.18131;0.45352;0.45128;0.44865;0.44447;0.44067;0.43654;0.04135;0.42533;0.05983;0.43516;0.43456;0.43323;0.06234;0.43136;0.43212;0.06820;0.43165;0.42077;0.10546;0.41888;0.41678;0.17012;0.29207;0.12792;0.40984;0.15773;0.18652;0.17231;0.13313;0.06860;0.11815;0.08669;0.39950;0.39401;0.11115;0.39186;0.38842;0.38823;0.38769;0.38450;0.14131;0.38477;0.38231;0.37701;0.36847;0.16225;0.36611;0.22535;0.35296;0.33641;0.31782;0.30059;0.29630;0.29523;0.28783;0.16562;0.26712;0.09793;0.27153;0.09986;0.26598;0.03750;0.26571;0.10489;0.06681;0.07072;0.06461;0.07755;0.26512;0.09631;0.26467;0.26559;0.26340;0.21370;0.17102;0.14243;0.13109;0.07784;0.21252;0.11721;0.09667;0.04864;0.09339;0.16261;0.14539;0.07366;0.13324;0.08623;0.05644;0.10602;0.16652;0.12402;0.15085;0.11022;0.11938;0.09627;0.08065;0.05805;0.06634;0.09842;0.11566;0.25832;0.18980;0.15685;0.20182;0.12745;0.20476;0.16539;0.04849;0.09209;0.18875;0.11640;0.09799;0.10278;0.09462;0.16821;0.21612;0.15645;0.17714;0.13350;0.16853;0.13068;0.14488;0.11787;0.05774;0.07398;0.20108;0.26359;0.19988;0.13045;0.05585;0.05398;0.07499;0.05848;0.17707;0.12231;0.16828;0.12069;0.07911;0.12532;0.05266;0.25784;0.03582;0.21342;0.09382;0.09909;0.06831;0.06583;0.06495
2020-02-28 00:00;0.41850;0.41712;0.04728;0.41704;0.05111;0.11573;0.02987;0.41646;0.04044;0.41538;0.06388;0.41514;0.02217;0.31111;0.02790;0.41478;0.41472;0.03191;0.41457;0.41418;0.01999;0.41401;0.01927;0.03655;0.03683;0.28534;0.04195;0.41384;0.41367;0.02644;0.41301;0.02955;0.32849;0.03388;0.41252;0.03554;0.41256;0.40005;0.41132;0.40694;0.40650;0.40413;0.40384;0.26554;0.38845;0.38720;0.12962;0.38518;0.38456;0.38399;0.38301;0.38252;0.38278;0.01690;0.37347;0.02436;0.38267;0.38257;0.38259;0.02482;0.38123;0.38253;0.02935;0.38266;0.38063;0.04979;0.38106;0.38138;0.08971;0.27057;0.06005;0.38153;0.13391;0.15481;0.14830;0.13201;0.06834;0.08867;0.08536;0.37946;0.37490;0.10702;0.37295;0.36975;0.36933;0.36861;0.36566;0.14023;0.36543;0.36323;0.35964;0.35558;0.14491;0.35387;0.20948;0.34288;0.32303;0.30808;0.29204;0.28752;0.28427;0.27623;0.15515;0.25636;0.09341;0.26068;0.09824;0.25469;0.03713;0.25440;0.10534;0.06896;0.06906;0.06079;0.07346;0.25238;0.09522;0.25148;0.25167;0.24980;0.19657;0.15599;0.12917;0.11936;0.05872;0.20538;0.10624;0.09728;0.05054;0.09434;0.16182;0.14707;0.07660;0.13406;0.08376;0.05921;0.10133;0.16360;0.12114;0.14752;0.10760;0.11669;0.09636;0.08391;0.06126;0.06611;0.09109;0.10790;0.23295;0.19137;0.16297;0.21551;0.13961;0.20563;0.16286;0.04749;0.09529;0.19039;0.11733;0.09997;0.10519;0.09515;0.16633;0.17895;0.14814;0.16902;0.13142;0.16279;0.12806;0.13309;0.11344;0.05687;0.03598;0.12559;0.16594;0.09455;0.10868;0.02191;0.01987;0.02929;0.02276;0.08594;0.05298;0.08124;0.07060;0.04251;0.06143;0.04844;0.16002;0.03538;0.20619;0.08746;0.09571;0.04704;0.06290;0.05307
2020-02-29 00:00;0.35870;0.35772;0.04007;0.35766;0.03696;0.08343;0.02877;0.35736;0.03861;0.35650;0.05688;0.35628;0.02350;0.26699;0.02749;0.35592;0.35586;0.03069;0.35571;0.35532;0.01871;0.35518;0.01880;0.03583;0.03577;0.24478;0.03913;0.35501;0.35488;0.02500;0.35430;0.02809;0.28181;0.03381;0.35388;0.03474;0.35389;0.34301;0.35265;0.34767;0.34728;0.34813;0.34786;0.10404;0.35363;0.35434;0.04636;0.35660;0.35663;0.35711;0.35727;0.35771;0.35955;0.00666;0.35096;0.01054;0.35977;0.35980;0.36017;0.01341;0.35896;0.36033;0.01363;0.36061;0.36192;0.01667;0.36307;0.36404;0.05245;0.25938;0.02812;0.36632;0.12648;0.14457;0.13986;0.12928;0.06765;0.08011;0.08316;0.36628;0.36225;0.10329;0.36044;0.35742;0.35701;0.35629;0.35367;0.13628;0.35336;0.35149;0.34877;0.34589;0.13776;0.34436;0.19903;0.33470;0.31053;0.29715;0.28213;0.27788;0.27306;0.26489;0.14791;0.24546;0.08985;0.24960;0.09703;0.24333;0.03631;0.24302;0.10452;0.07009;0.06697;0.05681;0.06994;0.23998;0.09294;0.23880;0.23853;0.23719;0.18547;0.14690;0.12014;0.11089;0.05036;0.19441;0.09303;0.09576;0.05040;0.09296;0.15828;0.14692;0.07850;0.13322;0.08100;0.06047;0.09342;0.15932;0.11554;0.14461;0.10481;0.11443;0.09607;0.08555;0.06330;0.06462;0.08650;0.10237;0.21845;0.19665;0.16949;0.22461;0.14794;0.20479;0.15841;0.04610;0.09695;0.19063;0.11746;0.09966;0.10528;0.09438;0.16403;0.16600;0.14067;0.16019;0.12739;0.15700;0.12389;0.12544;0.10852;0.05524;0.01575;0.08980;0.11905;0.04235;0.09249;0.00888;0.01068;0.00984;0.00895;0.03664;0.01758;0.02215;0.01450;0.00812;0.01281;0.04543;0.08625;0.03474;0.19448;0.08086;0.09336;0.03852;0.05903;0.04900
2020-03-01 00:00;0.33611;0.33588;0.03803;0.33583;0.03471;0.07834;0.02778;0.33565;0.03751;0.33536;0.04943;0.33527;0.02074;0.25133;0.02693;0.33519;0.33515;0.03084;0.33518;0.33505;0.01890;0.33509;0.01835;0.03496;0.03495;0.23099;0.03824;0.33512;0.33506;0.02420;0.33487;0.02750;0.26655;0.03302;0.33483;0.03400;0.33493;0.32461;0.33414;0.32926;0.32917;0.33127;0.33112;0.06801;0.34024;0.34129;0.02172;0.34434;0.34454;0.34520;0.34566;0.34638;0.34840;0.00642;0.34014;0.00998;0.34873;0.34880;0.34928;0.01280;0.34811;0.34951;0.01310;0.34981;0.35171;0.01517;0.35291;0.35397;0.04507;0.25241;0.02296;0.35655;0.12367;0.14113;0.13655;0.12542;0.06718;0.07817;0.08157;0.35671;0.35323;0.09988;0.35153;0.34884;0.34833;0.34764;0.34522;0.13186;0.34496;0.34342;0.34104;0.33856;0.13284;0.33715;0.19038;0.32850;0.30068;0.28811;0.27233;0.26827;0.26219;0.25411;0.14293;0.23484;0.08609;0.23883;0.09594;0.23242;0.03529;0.23209;0.10321;0.07075;0.06473;0.05293;0.06635;0.22832;0.08979;0.22700;0.22641;0.22511;0.17638;0.14018;0.11380;0.10460;0.04875;0.18171;0.08617;0.09339;0.04922;0.09073;0.15375;0.14538;0.07971;0.13092;0.07793;0.06056;0.08590;0.15513;0.10970;0.14246;0.10234;0.11281;0.09603;0.08654;0.06458;0.06331;0.08310;0.09743;0.20945;0.20134;0.17467;0.22972;0.15286;0.20303;0.15294;0.04450;0.09769;0.19011;0.11720;0.09801;0.10432;0.09312;0.16127;0.16008;0.13431;0.15342;0.12414;0.15439;0.12366;0.12322;0.10453;0.05504;0.01514;0.08146;0.10819;0.03258;0.08685;0.00844;0.01019;0.00817;0.00829;0.02619;0.01278;0.01395;0.01224;0.00768;0.00884;0.04421;0.06777;0.03402;0.18726;0.07430;0.09076;0.03697;0.05682;0.04747
2020-03-02 00:00;0.32459;0.32436;0.03578;0.32431;0.03328;0.07514;0.02651;0.32414;0.03612;0.32387;0.04654;0.32379;0.02196;0.24272;0.02606;0.32371;0.32366;0.02920;0.32370;0.32358;0.01767;0.32362;0.01771;0.03372;0.03377;0.22308;0.03705;0.32364;0.32359;0.02324;0.32340;0.02645;0.25741;0.03214;0.32335;0.03293;0.32345;0.31348;0.32270;0.31806;0.31796;0.32003;0.31988;0.04732;0.33011;0.33111;0.02094;0.33404;0.33419;0.33478;0.33517;0.33579;0.33776;0.00629;0.32973;0.00982;0.33804;0.33809;0.33851;0.01259;0.33738;0.33871;0.01276;0.33900;0.34091;0.01489;0.34204;0.34299;0.04238;0.24457;0.02238;0.34547;0.11957;0.13753;0.13286;0.12158;0.06557;0.07658;0.07699;0.34546;0.34215;0.09637;0.34056;0.33793;0.33739;0.33678;0.33435;0.12471;0.33428;0.33319;0.33106;0.32866;0.12792;0.32732;0.18092;0.31948;0.28788;0.27601;0.26070;0.25701;0.25024;0.24225;0.13772;0.22320;0.08188;0.22703;0.09450;0.22048;0.03409;0.22014;0.10140;0.07103;0.06216;0.04903;0.06220;0.21569;0.08618;0.21425;0.21346;0.21188;0.16647;0.13293;0.10650;0.09715;0.04667;0.16791;0.08231;0.08974;0.04754;0.08710;0.14829;0.14222;0.08036;0.12709;0.07420;0.05975;0.08044;0.14942;0.10201;0.13876;0.09983;0.10925;0.09428;0.08639;0.06520;0.06058;0.07925;0.09210;0.19958;0.20389;0.17756;0.23150;0.15497;0.20045;0.14681;0.04284;0.09772;0.18884;0.11653;0.09549;0.10232;0.09138;0.15798;0.15550;0.12568;0.14857;0.11888;0.14881;0.11803;0.11819;0.10016;0.05217;0.01488;0.07770;0.10321;0.03140;0.08274;0.00826;0.00996;0.00803;0.00812;0.02464;0.01255;0.01369;0.01203;0.00755;0.00870;0.04271;0.06473;0.03295;0.17994;0.06781;0.08792;0.03526;0.05426;0.04561
2020-03-03 00:00;0.60942;0.61022;0.11297;0.60984;0.14046;0.31836;0.08139;0.60702;0.06701;0.60951;0.06906;0.61010;0.02704;0.45789;0.03581;0.61218;0.61211;0.04096;0.61369;0.61552;0.02727;0.61685;0.02810;0.05123;0.05070;0.42564;0.09911;0.61828;0.61801;0.03569;0.61942;0.04697;0.49398;0.03862;0.62143;0.04528;0.62252;0.60412;0.62471;0.62304;0.62494;0.61656;0.61714;0.46122;0.58638;0.57747;0.36306;0.56164;0.56005;0.55479;0.55006;0.54452;0.53252;0.13305;0.51921;0.19508;0.53055;0.52953;0.52646;0.21289;0.52231;0.52305;0.21619;0.52009;0.49103;0.29386;0.48010;0.47005;0.32481;0.32206;0.26409;0.44626;0.27376;0.33186;0.29045;0.13059;0.09197;0.23733;0.08886;0.40638;0.40524;0.11647;0.40350;0.40383;0.40553;0.40504;0.40628;0.13358;0.40778;0.40770;0.40369;0.37145;0.28789;0.36212;0.19945;0.35147;0.31648;0.29447;0.27786;0.27486;0.27088;0.26505;0.14665;0.24596;0.08463;0.25086;0.09890;0.24620;0.03392;0.24594;0.10685;0.07202;0.06952;0.05368;0.09273;0.24353;0.08626;0.24338;0.24400;0.24435;0.22779;0.18399;0.15578;0.13542;0.08222;0.16016;0.08641;0.09252;0.04918;0.08772;0.14357;0.14550;0.08206;0.12967;0.08014;0.05862;0.07425;0.15822;0.09641;0.15247;0.10640;0.12295;0.10270;0.08915;0.06566;0.06777;0.09850;0.11155;0.26022;0.22968;0.18608;0.23282;0.15562;0.20585;0.15142;0.04452;0.09865;0.19372;0.12017;0.09686;0.10340;0.09113;0.16265;0.35565;0.14556;0.16747;0.13799;0.17701;0.12761;0.17309;0.12382;0.05995;0.21319;0.34401;0.44128;0.39003;0.15096;0.18254;0.18655;0.23756;0.19087;0.31336;0.34500;0.40818;0.31749;0.19458;0.30573;0.07958;0.38390;0.04651;0.23832;0.10684;0.10745;0.13417;0.08739;0.10869
2020-03-04 00:00;1.22313;1.22523;0.17063;1.22489;0.22542;0.51139;0.10834;1.22151;0.18398;1.22450;0.18223;1.22494;0.04756;0.91898;0.05917;1.22785;1.22762;0.06784;1.22980;1.23262;0.04289;1.23449;0.04662;0.08355;0.08902;0.85159;0.14695;1.23658;1.23614;0.08789;1.23750;0.07372;0.98644;0.06549;1.24035;0.07375;1.24207;1.20587;1.24515;1.23505;1.23727;1.20389;1.20369;1.01245;1.11556;1.10230;0.69825;1.07051;1.06874;1.06085;1.05577;1.04784;1.02289;0.23169;0.99762;0.34006;1.02001;1.01841;1.01373;0.36420;1.00657;1.00873;0.37681;1.00413;0.93658;0.54117;0.91792;0.90214;0.62479;0.61850;0.49820;0.85757;0.53526;0.64646;0.57785;0.23897;0.22137;0.44628;0.22133;0.78374;0.78494;0.24884;0.78115;0.77042;0.77826;0.77722;0.78317;0.25685;0.78700;0.78817;0.77726;0.67495;0.63067;0.64886;0.55028;0.58829;0.56340;0.55182;0.49900;0.49964;0.51167;0.50594;0.30042;0.47168;0.19671;0.47237;0.17098;0.46788;0.04245;0.46798;0.19921;0.09930;0.19711;0.19778;0.29183;0.46549;0.19861;0.46090;0.46059;0.44374;0.42862;0.21804;0.31786;0.43438;0.34039;0.31213;0.26727;0.17409;0.10262;0.15287;0.20302;0.22331;0.10840;0.20954;0.18132;0.06695;0.09658;0.24015;0.12272;0.22740;0.18346;0.25338;0.18946;0.12804;0.07338;0.15028;0.25539;0.29212;0.29427;0.30427;0.21564;0.25098;0.16187;0.24157;0.18940;0.05552;0.11822;0.22251;0.13820;0.16413;0.16541;0.11119;0.21670;0.85834;0.27460;0.31434;0.26712;0.29342;0.22146;0.27056;0.32811;0.10196;0.38759;0.71893;0.93143;0.77223;0.38889;0.31724;0.31327;0.41624;0.33083;0.62214;0.60530;0.62692;0.53821;0.30477;0.47659;0.23612;0.89593;0.10106;0.58359;0.20677;0.15457;0.22918;0.13470;0.25383
2020-03-05 00:00;1.13264;1.13059;0.09872;1.13058;0.13180;0.29868;0.07072;1.12942;0.09124;1.12789;0.14468;1.12763;0.06122;0.84520;0.06883;1.12739;1.12727;0.07900;1.12731;1.12721;0.04728;1.12714;0.04401;0.08284;0.08494;0.77697;0.10020;1.12714;1.12689;0.06702;1.12591;0.06767;0.89591;0.08604;1.12531;0.08439;1.12570;1.09291;1.12507;1.11522;1.11457;1.08071;1.08007;1.01594;0.97037;0.96318;0.56393;0.93745;0.93523;0.93022;0.92661;0.92042;0.90079;0.12771;0.87787;0.18203;0.89803;0.89679;0.89355;0.17922;0.88921;0.89110;0.20887;0.88923;0.84104;0.36166;0.83068;0.82177;0.48592;0.56750;0.37322;0.79103;0.38700;0.44155;0.40566;0.23961;0.16974;0.28345;0.19209;0.74416;0.73205;0.19504;0.72870;0.71112;0.69993;0.69763;0.68763;0.28994;0.68560;0.68565;0.67647;0.61597;0.38450;0.60558;0.40956;0.57224;0.55356;0.53805;0.50362;0.49340;0.49773;0.48956;0.26842;0.45916;0.15802;0.46550;0.15302;0.45971;0.04891;0.45971;0.19025;0.10230;0.14689;0.14841;0.17872;0.45714;0.18255;0.45422;0.45402;0.44895;0.36465;0.21867;0.26174;0.32681;0.23062;0.33969;0.18395;0.17831;0.12268;0.16824;0.23012;0.22044;0.11014;0.20468;0.13225;0.07792;0.14054;0.25591;0.17280;0.22426;0.15358;0.20180;0.15700;0.12953;0.08247;0.13152;0.15591;0.18409;0.33392;0.27488;0.22932;0.26894;0.17752;0.26657;0.19802;0.06416;0.13487;0.24762;0.15457;0.15614;0.17721;0.12770;0.20775;0.63443;0.22851;0.30313;0.26752;0.34244;0.27530;0.25299;0.27761;0.11592;0.24849;0.57145;0.75135;0.60637;0.33581;0.16652;0.14552;0.22446;0.17328;0.51919;0.35463;0.26430;0.31601;0.14480;0.20712;0.13579;0.78587;0.08266;0.53332;0.15850;0.12839;0.11290;0.13530;0.12405
2020-03-06 00:00;0.70753;0.70247;0.06258;0.70241;0.06056;0.13599;0.06431;0.70171;0.06450;0.69769;0.10079;0.69696;0.06179;0.52191;0.06771;0.69487;0.69475;0.07815;0.69346;0.69134;0.04626;0.69017;0.04272;0.08233;0.08051;0.47534;0.08825;0.68882;0.68840;0.04179;0.68578;0.06374;0.54449;0.08770;0.68315;0.08332;0.68256;0.66222;0.67918;0.67488;0.67289;0.66296;0.66208;0.40190;0.64077;0.63995;0.18460;0.63713;0.63527;0.63383;0.63088;0.62754;0.62443;0.03177;0.60849;0.04532;0.62283;0.62215;0.62082;0.04394;0.61849;0.61980;0.05349;0.61963;0.61195;0.09780;0.61105;0.60954;0.19222;0.42960;0.14240;0.60433;0.21450;0.24053;0.22801;0.20852;0.08808;0.12735;0.14923;0.59448;0.58158;0.14878;0.57880;0.56700;0.54985;0.54666;0.53463;0.26001;0.52973;0.52676;0.52248;0.51612;0.17604;0.51496;0.26963;0.50522;0.49012;0.47017;0.44281;0.43089;0.42335;0.41174;0.19512;0.38882;0.12501;0.39670;0.13257;0.38957;0.04873;0.38940;0.16002;0.09963;0.10714;0.09729;0.08762;0.38410;0.14572;0.38250;0.37992;0.37594;0.30104;0.21880;0.23707;0.17907;0.08742;0.30663;0.16078;0.16664;0.12314;0.15921;0.23069;0.22068;0.10869;0.20528;0.11724;0.08353;0.14812;0.24223;0.18201;0.20591;0.12959;0.17470;0.14461;0.12899;0.08787;0.11664;0.11985;0.14638;0.33856;0.25714;0.22766;0.28588;0.19355;0.27140;0.19809;0.06560;0.13816;0.25301;0.15795;0.15387;0.16827;0.13055;0.20201;0.26307;0.20544;0.23453;0.23560;0.31815;0.25939;0.22937;0.18949;0.10607;0.06641;0.23090;0.30474;0.22723;0.15502;0.04063;0.03458;0.05654;0.04253;0.20697;0.09654;0.03756;0.05517;0.00974;0.01879;0.06610;0.30824;0.07639;0.28975;0.13589;0.12235;0.05697;0.12541;0.07431
2020-03-07 00:00;0.53254;0.53085;0.05809;0.53078;0.05479;0.12304;0.06098;0.53028;0.06159;0.52883;0.09648;0.52838;0.05811;0.39587;0.06553;0.52738;0.52730;0.07499;0.52679;0.52565;0.04420;0.52529;0.04106;0.07907;0.07753;0.36191;0.08435;0.52476;0.52459;0.04038;0.52357;0.06079;0.41629;0.08467;0.52261;0.08023;0.52236;0.50653;0.52057;0.51620;0.51550;0.51740;0.51701;0.20419;0.51947;0.52080;0.03458;0.52494;0.52480;0.52534;0.52529;0.52554;0.52821;0.00678;0.51550;0.01105;0.52836;0.52833;0.52872;0.01403;0.52695;0.52887;0.01415;0.52927;0.53331;0.01790;0.53496;0.53632;0.06798;0.38224;0.03841;0.53988;0.18421;0.20247;0.20249;0.19905;0.09265;0.09915;0.13650;0.54046;0.53259;0.14047;0.53036;0.52168;0.50969;0.50678;0.49720;0.24559;0.49232;0.48945;0.48709;0.48931;0.14548;0.48915;0.24591;0.48252;0.46356;0.44367;0.42056;0.41159;0.40175;0.39024;0.17697;0.36907;0.11968;0.37678;0.12907;0.36980;0.04762;0.36960;0.15574;0.09944;0.10143;0.08935;0.07672;0.36288;0.14014;0.36106;0.35838;0.35510;0.28481;0.21875;0.21734;0.15680;0.06461;0.29240;0.15338;0.16199;0.11982;0.15514;0.22833;0.22227;0.10943;0.20713;0.11501;0.08660;0.14797;0.23400;0.17882;0.19910;0.12525;0.16823;0.14180;0.12966;0.09119;0.10975;0.11157;0.13764;0.32657;0.25966;0.23248;0.29924;0.20592;0.27327;0.19807;0.06608;0.13856;0.25533;0.15949;0.15276;0.16456;0.13027;0.20125;0.18359;0.19689;0.22264;0.21754;0.27410;0.22461;0.17731;0.17194;0.09769;0.01632;0.10672;0.14106;0.06111;0.10331;0.00931;0.01125;0.01122;0.00953;0.05353;0.02135;0.01590;0.01553;0.00796;0.00923;0.06332;0.10723;0.07382;0.24318;0.13004;0.11991;0.05294;0.11918;0.07001
2020-03-08 00:00;0.83320;0.83855;0.05718;0.83870;0.05495;0.12361;0.05699;0.83979;0.05956;0.84387;0.09252;0.84455;0.05410;0.63367;0.06281;0.84679;0.84681;0.07182;0.84850;0.85062;0.04215;0.85218;0.03942;0.07585;0.07446;0.58793;0.08229;0.85402;0.85455;0.03886;0.85772;0.05833;0.68434;0.08000;0.86061;0.07693;0.86180;0.83659;0.86490;0.86581;0.86777;0.86524;0.86609;0.37857;0.87023;0.87612;0.32659;0.87330;0.87726;0.87830;0.88505;0.88440;0.87395;0.16565;0.85296;0.24370;0.87303;0.87232;0.87035;0.26488;0.86506;0.86765;0.26923;0.86515;0.83593;0.36826;0.82700;0.81971;0.40993;0.57262;0.33047;0.80066;0.42818;0.49663;0.45393;0.25740;0.18998;0.33362;0.22879;0.76320;0.75837;0.21666;0.75554;0.74020;0.72124;0.71589;0.70530;0.35535;0.69847;0.69673;0.69200;0.64345;0.42909;0.63117;0.40277;0.60419;0.58939;0.57578;0.53010;0.51937;0.51668;0.50401;0.24096;0.47757;0.17266;0.48325;0.15431;0.47702;0.04882;0.47705;0.19938;0.10921;0.16058;0.15899;0.18336;0.46566;0.18906;0.46226;0.45690;0.44577;0.35939;0.21887;0.27832;0.30974;0.23141;0.34300;0.24107;0.21105;0.13175;0.21323;0.25977;0.25649;0.12062;0.24048;0.15983;0.09188;0.17112;0.28580;0.20729;0.22624;0.16104;0.24533;0.19898;0.15817;0.09741;0.16527;0.21419;0.23202;0.33475;0.30789;0.25282;0.31375;0.21606;0.28532;0.19816;0.07089;0.14282;0.26880;0.16881;0.19519;0.20635;0.13406;0.21192;0.58150;0.26614;0.29944;0.33016;0.38765;0.27994;0.27950;0.31688;0.15186;0.26557;0.46777;0.60340;0.49683;0.25514;0.22768;0.23062;0.29693;0.23754;0.39280;0.41005;0.04917;0.26843;0.00935;0.01048;0.06131;0.40855;0.07140;0.26668;0.12468;0.11799;0.05273;0.11342;0.06795
2020-03-09 00:00;2.31132;2.31684;0.29496;2.31639;0.34303;0.77603;0.26767;2.31312;0.39919;2.31823;0.33351;2.31899;0.27227;1.73904;0.41756;2.32088;2.32054;0.41468;2.32176;2.32346;0.22629;2.32566;0.25498;0.47723;0.49684;1.60304;0.54429;2.32638;2.32616;0.19391;2.32786;0.31413;1.85442;0.48734;2.33032;0.45445;2.33058;2.26294;2.33531;2.32687;2.32897;2.29808;2.29796;1.33273;2.25135;2.24652;1.01451;2.22099;2.22257;2.21682;2.21727;2.21310;2.19132;0.34569;2.13926;0.51190;2.19089;2.18982;2.18721;0.55164;2.17558;2.18314;0.57330;2.17897;2.10765;0.82771;2.09093;2.07728;0.97267;1.45480;0.77138;2.03696;1.12192;1.36837;1.27534;0.89418;0.54209;0.84155;0.45005;1.94087;1.90843;0.61602;1.89500;1.83895;1.73174;1.70584;1.64775;1.05649;1.60406;1.59601;1.57685;1.40889;1.16360;1.36756;1.17386;1.25529;1.25867;1.12410;0.83498;0.69552;0.66915;0.59502;0.57260;0.58801;0.21653;0.57041;0.26138;0.53782;0.06216;0.54171;0.20837;0.18168;0.25146;0.37295;0.49882;0.77712;0.25429;0.78895;0.77788;0.67636;0.56181;0.22576;0.80631;0.71765;0.60385;0.61807;0.67821;0.28852;0.18833;0.38104;0.42385;0.35911;0.23882;0.29687;0.31684;0.11636;0.35328;0.81069;0.38621;0.70455;0.37056;0.71291;0.53807;0.38082;0.18370;0.41741;0.62001;0.66857;1.23216;0.47137;0.32011;0.36483;0.23610;0.34391;0.19878;0.09348;0.16928;0.33271;0.21317;0.34581;0.36981;0.16312;0.27514;1.58372;0.62548;0.87755;1.01117;1.29717;0.93230;0.99468;0.94671;0.51723;0.61247;1.15629;1.49966;1.20485;0.67112;0.49514;0.47943;0.64101;0.50344;0.91248;0.89991;0.86022;0.81722;0.40481;0.64055;0.40027;1.30588;0.55649;0.91683;0.44753;0.25264;0.34654;0.48152;0.41904
2020-03-10 00:00;2.29080;2.28832;0.22655;2.28819;0.28348;0.64168;0.19505;2.28566;0.27409;2.28405;0.28734;2.28391;0.24549;1.71176;0.31605;2.28259;2.28231;0.35014;2.28153;2.27985;0.20579;2.27965;0.19240;0.36511;0.37016;1.57101;0.46967;2.27840;2.27797;0.17508;2.27575;0.27963;1.81064;0.41375;2.27383;0.39513;2.27316;2.20720;2.27313;2.25938;2.25825;2.21371;2.21254;1.73255;2.07332;2.06397;1.00880;2.02957;2.02652;2.01985;2.01405;2.00724;1.98912;0.20048;1.94048;0.28697;1.98738;1.98627;1.98411;0.28425;1.97590;1.98219;0.33221;1.98085;1.92835;0.57865;1.91932;1.91154;0.79909;1.34117;0.60671;1.88167;0.92002;1.00853;0.97902;0.74965;0.42183;0.55278;0.64430;1.80670;1.77953;0.51392;1.76991;1.71987;1.62626;1.60965;1.55730;1.02122;1.50800;1.50097;1.47903;1.36660;0.81550;1.34614;0.97008;1.26675;1.23464;1.14624;0.94799;0.84935;0.98259;0.95383;0.54171;0.92091;0.28774;0.93144;0.28547;0.97402;0.13567;0.97467;0.34537;0.26369;0.28372;0.31768;0.41337;0.93449;0.45313;0.91549;0.90689;0.85981;0.51916;0.28035;0.79213;0.65181;0.55809;0.63057;0.54837;0.36695;0.20268;0.34687;0.42203;0.48823;0.42430;0.29819;0.29219;0.21977;0.31588;0.84249;0.35053;0.75979;0.32461;0.65964;0.57177;0.52156;0.35061;0.35888;0.46114;0.48558;1.03207;0.49216;0.41308;0.51290;0.27234;0.40403;0.19949;0.10785;0.19455;0.39792;0.26154;0.28926;0.32772;0.18949;0.27606;1.28450;0.55229;0.82743;0.81819;1.17620;0.99148;0.85603;0.78947;0.40341;0.41405;0.96421;1.26910;1.00816;0.58555;0.27017;0.23343;0.35923;0.27607;0.80517;0.56161;0.62022;0.59695;0.30908;0.46419;0.31905;1.35242;0.40297;0.98317;0.36292;0.22933;0.25356;0.45494;0.30405
2020-03-11 00:00;1.39704;1.38938;0.10317;1.38940;0.12364;0.27897;0.09781;1.38832;0.10123;1.38262;0.15626;1.38181;0.13325;1.03497;0.12493;1.37893;1.37876;0.16088;1.37690;1.37372;0.09960;1.37202;0.07836;0.15277;0.14590;0.94521;0.20308;1.37003;1.36946;0.08184;1.36560;0.13098;1.08493;0.18416;1.36163;0.18014;1.36072;1.32075;1.35669;1.34882;1.34583;1.33082;1.32943;0.94022;1.26159;1.25670;0.46442;1.24421;1.23988;1.23612;1.22908;1.22240;1.22020;0.05160;1.18897;0.07277;1.21697;1.21562;1.21302;0.06917;1.20854;1.21098;0.08610;1.21076;1.20261;0.15924;1.20111;1.19753;0.31891;0.84564;0.23600;1.19067;0.42724;0.44114;0.42919;0.38206;0.16276;0.23659;0.32559;1.16941;1.14773;0.28503;1.14227;1.11704;1.07927;1.07189;1.03788;0.58371;1.01010;0.99784;0.98307;0.96712;0.30620;0.96422;0.49213;0.93832;0.88256;0.86670;0.81205;0.78443;0.73339;0.71987;0.32876;0.67954;0.27438;0.68798;0.27364;0.66643;0.07117;0.66618;0.39939;0.27294;0.27444;0.16634;0.17561;0.61555;0.29942;0.60387;0.59490;0.57810;0.40913;0.30918;0.38195;0.35137;0.23807;0.47576;0.29375;0.29734;0.19844;0.27175;0.36877;0.40378;0.29798;0.30778;0.22035;0.23368;0.26409;0.49287;0.28240;0.44577;0.22786;0.41395;0.39613;0.38204;0.29657;0.27503;0.28233;0.22875;0.48379;0.45312;0.42686;0.49368;0.30584;0.41540;0.19977;0.10606;0.20748;0.41003;0.27523;0.23378;0.25487;0.20653;0.26433;0.51482;0.42927;0.48460;0.46498;0.59590;0.53040;0.40211;0.36130;0.19384;0.11320;0.39145;0.51765;0.39971;0.25042;0.06625;0.05482;0.09132;0.06903;0.33077;0.15943;0.20204;0.16981;0.10340;0.14959;0.13140;0.59098;0.14879;0.56799;0.20225;0.18628;0.10233;0.24582;0.12107
2020-03-12 00:00;0.89933;0.89547;0.08579;0.89540;0.08534;0.19152;0.09229;0.89469;0.07256;0.89190;0.12131;0.89139;0.09665;0.66775;0.08276;0.88992;0.88981;0.09816;0.88904;0.88752;0.05668;0.88682;0.04817;0.09452;0.08784;0.61107;0.10027;0.88606;0.88576;0.04570;0.88421;0.07244;0.70294;0.11440;0.88246;0.10045;0.88222;0.85579;0.87962;0.87742;0.87607;0.87904;0.87847;0.46138;0.86529;0.86511;0.16277;0.86766;0.86639;0.86577;0.86351;0.86181;0.86528;0.03267;0.84403;0.04627;0.86465;0.86428;0.86399;0.04979;0.86092;0.86356;0.05418;0.86385;0.87121;0.07209;0.87258;0.87325;0.12379;0.62149;0.09154;0.87721;0.32305;0.30716;0.30555;0.33329;0.09426;0.14155;0.29984;0.87182;0.86418;0.20752;0.86160;0.85620;0.83795;0.83195;0.81984;0.36789;0.81337;0.80125;0.79919;0.80939;0.17452;0.81122;0.33734;0.80903;0.78918;0.78216;0.76543;0.75244;0.68824;0.67690;0.25385;0.63529;0.23142;0.64807;0.26195;0.62554;0.06976;0.62453;0.36390;0.25893;0.24571;0.11667;0.08946;0.56326;0.28131;0.54764;0.53823;0.53359;0.36781;0.30855;0.29815;0.22501;0.07952;0.40260;0.22402;0.27704;0.19740;0.25274;0.34704;0.39126;0.28752;0.31233;0.20097;0.22890;0.24785;0.40069;0.26847;0.36507;0.19803;0.34896;0.34295;0.34956;0.28421;0.23787;0.18075;0.17636;0.38278;0.40826;0.38527;0.44426;0.32820;0.41533;0.19984;0.10405;0.20872;0.41000;0.27570;0.22389;0.23666;0.20373;0.26618;0.24011;0.38979;0.36122;0.37989;0.47277;0.36511;0.30794;0.22751;0.12897;0.04953;0.15953;0.20832;0.12609;0.12991;0.04574;0.04940;0.06137;0.04849;0.11798;0.10058;0.15123;0.10311;0.06235;0.09976;0.07308;0.19371;0.08310;0.32210;0.17085;0.17505;0.07744;0.15666;0.08987
2020-03-13 00:00;1.17054;1.17152;0.13855;1.17135;0.19624;0.44421;0.13552;1.16861;0.25619;1.16935;0.24450;1.16883;0.22503;0.87592;0.30216;1.16740;1.16705;0.31257;1.16585;1.16311;0.16684;1.16327;0.18554;0.35312;0.35543;0.80108;0.39725;1.16136;1.16046;0.13870;1.15811;0.24103;0.92114;0.43307;1.15595;0.38782;1.15361;1.11886;1.15177;1.14789;1.14704;1.13666;1.13479;0.58360;1.12311;1.10997;0.39178;1.10480;1.10169;1.09843;1.09135;1.09059;1.08636;0.14227;1.06053;0.20971;1.08643;1.08610;1.08563;0.22697;1.08048;1.08436;0.23143;1.08323;1.06962;0.32001;1.06574;1.06285;0.36286;0.75083;0.29172;1.05537;0.48151;0.56261;0.53914;0.40072;0.20879;0.33025;0.28793;1.03093;1.02461;0.23984;1.02266;1.01219;0.99747;0.99128;0.97658;0.45954;0.96573;0.95582;0.94972;0.91434;0.48729;0.90394;0.54046;0.87456;0.84905;0.81877;0.76360;0.73900;0.69203;0.67345;0.33461;0.63457;0.21863;0.64357;0.26967;0.61854;0.06965;0.61799;0.38096;0.25754;0.24104;0.19882;0.22875;0.58160;0.27670;0.57457;0.56486;0.53619;0.43175;0.33534;0.41856;0.40645;0.29956;0.46834;0.34057;0.28889;0.19979;0.28347;0.38183;0.39553;0.28654;0.31935;0.24846;0.22818;0.27722;0.51406;0.29265;0.48846;0.24448;0.43302;0.38935;0.37886;0.27900;0.25879;0.25644;0.30788;0.55834;0.44877;0.40028;0.49066;0.34378;0.41570;0.20163;0.10900;0.21408;0.41006;0.28496;0.25177;0.27512;0.20574;0.27971;0.63087;0.42434;0.45577;0.43371;0.49756;0.44131;0.36049;0.35744;0.22095;0.23326;0.43072;0.55724;0.46198;0.23237;0.19703;0.19676;0.25559;0.20498;0.34860;0.36432;0.61410;0.35496;0.30393;0.49438;0.33175;0.53701;0.45225;0.44899;0.37630;0.25300;0.24811;0.39773;0.29343
2020-03-14 00:00;1.07002;1.06793;0.08999;1.06794;0.12337;0.27881;0.09071;1.06678;0.10627;1.06495;0.16498;1.06445;0.14384;0.79751;0.13606;1.06299;1.06286;0.17711;1.06194;1.05938;0.11285;1.05875;0.08960;0.17387;0.16807;0.72951;0.24978;1.05755;1.05720;0.09858;1.05487;0.15812;0.83872;0.21944;1.05290;0.22552;1.05187;1.02039;1.04967;1.04569;1.04456;1.03236;1.03131;0.64563;0.99852;0.99045;0.34814;0.98433;0.98225;0.98049;0.97724;0.97557;0.97205;0.06660;0.94832;0.09345;0.97150;0.97112;0.97071;0.08783;0.96710;0.97032;0.10952;0.97030;0.96191;0.20446;0.96054;0.95943;0.28525;0.67828;0.21646;0.95465;0.38096;0.38931;0.38203;0.33873;0.14241;0.19656;0.28734;0.93807;0.92998;0.21707;0.92772;0.91733;0.89827;0.89359;0.87904;0.42136;0.86946;0.85888;0.85460;0.84176;0.28638;0.84001;0.41333;0.82735;0.79372;0.78211;0.74991;0.73121;0.69166;0.67512;0.29509;0.63057;0.21098;0.64345;0.26424;0.62217;0.06967;0.62172;0.34878;0.24944;0.22861;0.14776;0.13761;0.57595;0.28412;0.56287;0.55449;0.54397;0.40820;0.34591;0.32559;0.31143;0.18012;0.44209;0.25778;0.28085;0.19809;0.27261;0.37855;0.39499;0.28112;0.32820;0.21374;0.22867;0.25829;0.42023;0.27451;0.37735;0.21051;0.34653;0.32942;0.33134;0.27510;0.18004;0.18759;0.20342;0.41115;0.43855;0.41421;0.48862;0.35470;0.41886;0.20900;0.11014;0.21959;0.41213;0.29378;0.23990;0.25984;0.20655;0.27346;0.45530;0.39443;0.40088;0.37610;0.49330;0.40936;0.33006;0.28240;0.15433;0.14080;0.34675;0.45761;0.37431;0.19921;0.08492;0.06793;0.11534;0.08793;0.30371;0.19468;0.27638;0.20116;0.15774;0.23147;0.17874;0.50379;0.19316;0.41218;0.22761;0.20844;0.12316;0.28092;0.13418
2020-03-15 00:00;0.79965;0.79714;0.06465;0.79715;0.06203;0.13856;0.08202;0.79688;0.06768;0.79464;0.11963;0.79411;0.09701;0.59486;0.08015;0.79276;0.79267;0.09675;0.79194;0.79042;0.05581;0.78982;0.04672;0.09176;0.08570;0.54423;0.09246;0.78916;0.78896;0.04552;0.78770;0.06929;0.62632;0.11268;0.78625;0.09910;0.78598;0.76205;0.78334;0.78080;0.77963;0.78223;0.78173;0.26229;0.79127;0.79191;0.10818;0.79627;0.79578;0.79631;0.79571;0.79566;0.79936;0.00685;0.78000;0.01138;0.79936;0.79923;0.79960;0.01447;0.79692;0.79970;0.01415;0.80028;0.80833;0.01926;0.81065;0.81245;0.09668;0.57899;0.06731;0.81759;0.29516;0.29043;0.29810;0.32852;0.09520;0.11649;0.26390;0.81535;0.81032;0.19834;0.80805;0.80437;0.78790;0.78557;0.77566;0.32986;0.77121;0.76006;0.75923;0.77139;0.14748;0.77370;0.30660;0.77423;0.74520;0.73726;0.72879;0.71918;0.67556;0.66380;0.24472;0.61506;0.15904;0.63310;0.25056;0.61237;0.06804;0.61118;0.31340;0.23612;0.18795;0.11385;0.08110;0.55337;0.26409;0.54106;0.53272;0.52968;0.37885;0.31423;0.29548;0.21859;0.07529;0.39883;0.21868;0.27387;0.19716;0.25581;0.36095;0.38815;0.26878;0.32325;0.19626;0.22138;0.24880;0.38921;0.26972;0.32369;0.18682;0.30194;0.29153;0.30534;0.26371;0.13664;0.11853;0.16521;0.37867;0.41824;0.39900;0.48038;0.36190;0.42398;0.21141;0.10709;0.21837;0.41745;0.29251;0.23025;0.25269;0.20609;0.27016;0.20212;0.36862;0.33663;0.29561;0.44773;0.35645;0.28932;0.20637;0.13430;0.01639;0.13485;0.17825;0.10530;0.11312;0.00961;0.01164;0.01320;0.01016;0.09316;0.02696;0.03451;0.01799;0.00878;0.01847;0.06849;0.17540;0.08262;0.29764;0.16764;0.18828;0.05867;0.15480;0.07905
2020-03-16 00:00;0.70559;0.70514;0.06121;0.70515;0.05780;0.12935;0.07465;0.70510;0.06464;0.70456;0.11611;0.70424;0.09366;0.52770;0.07634;0.70366;0.70360;0.09234;0.70342;0.70272;0.05367;0.70264;0.04435;0.08725;0.08144;0.48430;0.08856;0.70255;0.70252;0.04360;0.70231;0.06636;0.55893;0.10698;0.70193;0.09434;0.70192;0.68048;0.70044;0.69778;0.69742;0.70426;0.70407;0.15402;0.72251;0.72485;0.02421;0.73167;0.73207;0.73348;0.73441;0.73585;0.74061;0.00624;0.72305;0.00971;0.74131;0.74145;0.74246;0.01243;0.74002;0.74301;0.01268;0.74371;0.75407;0.01472;0.75682;0.75935;0.05128;0.54233;0.02893;0.76631;0.26505;0.27038;0.28079;0.30642;0.09972;0.10763;0.22509;0.76841;0.76594;0.18572;0.76417;0.76236;0.75365;0.75234;0.74520;0.29694;0.74276;0.73253;0.73257;0.74602;0.13907;0.74839;0.28158;0.75050;0.72020;0.71234;0.70905;0.70224;0.65500;0.64501;0.22106;0.59882;0.15046;0.61687;0.23790;0.59309;0.06612;0.59157;0.28690;0.22174;0.12872;0.11136;0.07693;0.52587;0.25013;0.51493;0.50710;0.50439;0.37562;0.30887;0.26779;0.20824;0.07125;0.38818;0.21000;0.26292;0.19490;0.25170;0.34678;0.37725;0.25514;0.32003;0.18621;0.21291;0.24434;0.36660;0.26629;0.31868;0.17472;0.28798;0.27982;0.29473;0.24950;0.12951;0.10831;0.15439;0.36742;0.41537;0.39663;0.48416;0.36576;0.42332;0.21125;0.10529;0.21526;0.41690;0.29065;0.22595;0.24852;0.19956;0.26611;0.17828;0.35300;0.31439;0.26406;0.38037;0.32234;0.25721;0.19200;0.13111;0.01471;0.09086;0.12048;0.03629;0.09624;0.00819;0.00990;0.00797;0.00806;0.02832;0.01257;0.01397;0.01216;0.00758;0.00876;0.06533;0.08134;0.07740;0.27593;0.16156;0.17617;0.05561;0.14113;0.07435
2020-03-17 00:00;0.74606;0.74632;0.08065;0.74625;0.08994;0.20285;0.08240;0.74560;0.07342;0.74595;0.11925;0.74583;0.09419;0.55905;0.08114;0.74587;0.74581;0.09523;0.74606;0.74598;0.05499;0.74630;0.04789;0.09298;0.08843;0.51450;0.10771;0.74656;0.74649;0.04608;0.74675;0.07038;0.59459;0.10976;0.74698;0.09784;0.74723;0.72459;0.74667;0.74429;0.74453;0.74973;0.74974;0.19833;0.76716;0.76837;0.14747;0.77229;0.77286;0.77335;0.77400;0.77460;0.77699;0.05293;0.75865;0.07489;0.77767;0.77776;0.77850;0.08173;0.77561;0.77870;0.08866;0.77895;0.78314;0.11448;0.78446;0.78602;0.14248;0.55972;0.11045;0.78967;0.29397;0.33398;0.32361;0.30118;0.10720;0.18448;0.19754;0.78755;0.78615;0.18914;0.78462;0.78401;0.77936;0.77805;0.77299;0.29415;0.77160;0.76358;0.76218;0.75779;0.30397;0.75452;0.33249;0.74748;0.70682;0.69904;0.68893;0.68354;0.64044;0.62894;0.24770;0.58562;0.17419;0.59988;0.23296;0.57619;0.06474;0.57514;0.28457;0.21291;0.15499;0.14227;0.14443;0.52376;0.24403;0.51647;0.50922;0.49801;0.39606;0.30889;0.28900;0.28839;0.18473;0.40718;0.24982;0.26131;0.19426;0.25688;0.34633;0.37012;0.24508;0.32322;0.19773;0.20744;0.24527;0.36031;0.27000;0.31820;0.18349;0.30063;0.28411;0.28910;0.23962;0.14579;0.15218;0.18999;0.35737;0.43551;0.40461;0.48690;0.36767;0.42438;0.21326;0.10662;0.21371;0.41782;0.29339;0.22643;0.24701;0.19118;0.27164;0.34752;0.34442;0.31697;0.27227;0.36483;0.30935;0.26639;0.20240;0.13364;0.08226;0.18520;0.24122;0.18011;0.12233;0.07304;0.07931;0.09420;0.07622;0.13195;0.14677;0.16037;0.14298;0.06854;0.10638;0.07702;0.17797;0.08616;0.28783;0.16681;0.17394;0.08751;0.14453;0.09172
2020-03-18 00:00;0.72755;0.72697;0.06544;0.72696;0.07095;0.15982;0.06923;0.72665;0.06594;0.72613;0.11484;0.72586;0.09158;0.54394;0.07677;0.72539;0.72532;0.09196;0.72520;0.72464;0.05327;0.72461;0.04483;0.08778;0.08295;0.49945;0.09409;0.72454;0.72449;0.04389;0.72427;0.06668;0.57641;0.10623;0.72392;0.09454;0.72396;0.70208;0.72276;0.72005;0.71974;0.72218;0.72199;0.25388;0.73070;0.73185;0.14214;0.73476;0.73481;0.73517;0.73538;0.73584;0.73810;0.02607;0.72046;0.03647;0.73849;0.73851;0.73912;0.03586;0.73660;0.73942;0.04621;0.73989;0.74463;0.07781;0.74627;0.74787;0.11935;0.53258;0.08707;0.75168;0.25745;0.29109;0.29525;0.30391;0.10367;0.13347;0.18024;0.75177;0.74867;0.17979;0.74697;0.74419;0.73778;0.73639;0.72909;0.28818;0.72683;0.72153;0.72022;0.72249;0.20465;0.72267;0.30101;0.71968;0.67574;0.66665;0.65460;0.64752;0.62634;0.61505;0.23593;0.57045;0.15713;0.58580;0.22659;0.56371;0.06350;0.56254;0.27364;0.19113;0.13794;0.12348;0.10387;0.51139;0.23722;0.50194;0.49361;0.48742;0.37929;0.30691;0.27352;0.24294;0.12258;0.39834;0.22264;0.25903;0.19148;0.25241;0.33779;0.36643;0.23683;0.32452;0.18338;0.18538;0.24481;0.35994;0.27284;0.31901;0.17186;0.28452;0.27136;0.28147;0.23017;0.13480;0.12240;0.16450;0.35534;0.42603;0.40489;0.48783;0.36913;0.42847;0.22254;0.10571;0.21243;0.42293;0.29573;0.22320;0.24880;0.19032;0.26749;0.28285;0.29761;0.30808;0.26061;0.35182;0.29827;0.25406;0.19464;0.12836;0.05331;0.16343;0.21605;0.15546;0.11607;0.03377;0.03127;0.04540;0.03509;0.12437;0.08515;0.08261;0.09654;0.03733;0.05398;0.06941;0.19848;0.08014;0.28411;0.15916;0.16290;0.06414;0.13891;0.07684
2020-03-19 00:00;0.65152;0.65076;0.05644;0.65076;0.05435;0.12197;0.06393;0.65068;0.06160;0.64997;0.10950;0.64963;0.08805;0.48675;0.07253;0.64899;0.64893;0.08735;0.64867;0.64793;0.05062;0.64779;0.04226;0.08281;0.07815;0.44646;0.08602;0.64760;0.64755;0.04080;0.64715;0.06243;0.51493;0.10105;0.64662;0.08959;0.64654;0.62692;0.64511;0.64182;0.64137;0.64645;0.64622;0.12573;0.66430;0.66622;0.05131;0.67174;0.67193;0.67301;0.67356;0.67457;0.67856;0.00668;0.66240;0.01082;0.67907;0.67915;0.67995;0.01381;0.67770;0.68036;0.01419;0.68096;0.68947;0.01742;0.69186;0.69401;0.05741;0.49542;0.03658;0.69991;0.22491;0.25649;0.26683;0.28817;0.09849;0.10047;0.15501;0.70381;0.70159;0.16717;0.70011;0.69778;0.69238;0.69128;0.68481;0.27003;0.68283;0.67970;0.67954;0.69024;0.13649;0.69221;0.26418;0.69361;0.64780;0.63841;0.62862;0.62342;0.60675;0.59749;0.20970;0.55470;0.14851;0.57074;0.21599;0.54999;0.06168;0.54923;0.25104;0.12894;0.12775;0.11050;0.07768;0.50107;0.22683;0.49307;0.48520;0.48243;0.36758;0.30255;0.24983;0.19876;0.07049;0.38252;0.20653;0.25647;0.18822;0.24591;0.32887;0.36287;0.22626;0.32218;0.17249;0.17473;0.24122;0.35474;0.26961;0.31067;0.15820;0.26938;0.25900;0.27141;0.22071;0.12610;0.10584;0.15118;0.34607;0.41961;0.40113;0.48823;0.36997;0.42997;0.22194;0.10275;0.20925;0.42544;0.29308;0.22059;0.24369;0.18890;0.26485;0.18533;0.26127;0.28918;0.24036;0.32720;0.28138;0.22894;0.17893;0.12010;0.01615;0.09716;0.12861;0.05738;0.09374;0.00920;0.01128;0.01077;0.00937;0.04723;0.02137;0.02347;0.01818;0.00838;0.01263;0.06289;0.10253;0.07560;0.26821;0.15234;0.15214;0.05240;0.13024;0.06903
2020-03-20 00:00;0.73369;0.73405;0.08844;0.73393;0.10373;0.23453;0.08007;0.73288;0.07660;0.73352;0.11551;0.73349;0.08929;0.54987;0.07979;0.73382;0.73375;0.09189;0.73419;0.73437;0.05374;0.73482;0.04777;0.09116;0.08949;0.50663;0.11407;0.73521;0.73507;0.04559;0.73542;0.06966;0.58563;0.10638;0.73583;0.09618;0.73617;0.71404;0.73610;0.73357;0.73405;0.73618;0.73627;0.29697;0.74153;0.74012;0.21964;0.73960;0.73938;0.73840;0.73741;0.73649;0.73623;0.07700;0.71861;0.11199;0.73622;0.73602;0.73586;0.12418;0.73268;0.73521;0.12805;0.73480;0.73437;0.16817;0.73337;0.73246;0.19721;0.51921;0.15559;0.73115;0.29028;0.32809;0.31129;0.26995;0.09404;0.19364;0.18436;0.72271;0.72173;0.17163;0.72044;0.71900;0.71562;0.71445;0.71001;0.26903;0.70891;0.70592;0.70431;0.69565;0.27687;0.69274;0.27300;0.69055;0.63662;0.62752;0.61402;0.60598;0.58663;0.57640;0.22101;0.54147;0.16846;0.55489;0.21367;0.53546;0.06017;0.53437;0.24515;0.18748;0.15642;0.14484;0.14444;0.49634;0.22478;0.48980;0.48209;0.47269;0.38213;0.30073;0.27559;0.26457;0.17245;0.40228;0.22678;0.25132;0.18696;0.24550;0.32330;0.35811;0.21758;0.31644;0.18371;0.16878;0.24120;0.34823;0.26961;0.30486;0.16060;0.27035;0.25594;0.26247;0.21185;0.13142;0.12857;0.16576;0.33563;0.43427;0.40543;0.48845;0.36997;0.42997;0.22206;0.10294;0.20775;0.42584;0.29372;0.21910;0.23887;0.18747;0.26672;0.35788;0.27159;0.29357;0.24917;0.32562;0.27154;0.23553;0.18848;0.12164;0.12336;0.21660;0.27884;0.23665;0.10884;0.10678;0.11141;0.13774;0.11111;0.18464;0.20423;0.24926;0.19917;0.11705;0.18262;0.08051;0.24163;0.08837;0.28762;0.16244;0.15761;0.10172;0.14029;0.09794
2020-03-21 00:00;0.71492;0.71417;0.06719;0.71415;0.07695;0.17383;0.06207;0.71365;0.06599;0.71310;0.11056;0.71285;0.08745;0.53420;0.07572;0.71243;0.71237;0.08969;0.71225;0.71174;0.05198;0.71171;0.04439;0.08631;0.08292;0.49056;0.09485;0.71163;0.71155;0.04359;0.71127;0.06560;0.56604;0.10407;0.71090;0.09329;0.71093;0.68960;0.70992;0.70696;0.70667;0.70441;0.70421;0.38662;0.69220;0.69158;0.20983;0.68998;0.68963;0.68915;0.68867;0.68841;0.68820;0.03718;0.67165;0.05214;0.68832;0.68824;0.68850;0.05077;0.68604;0.68857;0.06359;0.68881;0.69025;0.11146;0.69073;0.69134;0.16124;0.49073;0.11947;0.69175;0.23999;0.26888;0.26920;0.26445;0.09680;0.13113;0.16807;0.68913;0.68693;0.16214;0.68556;0.68251;0.67804;0.67694;0.67085;0.26362;0.66900;0.66542;0.66415;0.66336;0.19009;0.66345;0.26229;0.66250;0.60533;0.59518;0.57992;0.57144;0.54720;0.53517;0.21419;0.51023;0.15298;0.52326;0.19137;0.51195;0.05879;0.51183;0.23681;0.14463;0.13686;0.12322;0.10289;0.49480;0.22860;0.48703;0.48000;0.47527;0.37393;0.29627;0.25818;0.22605;0.11423;0.39256;0.21126;0.24899;0.18408;0.24129;0.31513;0.35327;0.20595;0.31514;0.16889;0.15259;0.23955;0.34396;0.26879;0.29816;0.15261;0.25784;0.24381;0.25224;0.19131;0.12683;0.11245;0.15492;0.33151;0.42484;0.40404;0.48746;0.36952;0.42997;0.22188;0.10178;0.20549;0.42601;0.29398;0.21314;0.23552;0.18608;0.26315;0.28602;0.26180;0.28434;0.23590;0.31197;0.26282;0.21948;0.18062;0.11685;0.07724;0.18285;0.24085;0.19757;0.10400;0.04789;0.04124;0.06485;0.04970;0.17080;0.11501;0.12182;0.12965;0.06260;0.08963;0.07069;0.27316;0.08058;0.28419;0.15353;0.14744;0.06770;0.13421;0.07672
2020-03-22 00:00;0.61769;0.61640;0.05643;0.61638;0.05621;0.12646;0.05918;0.61613;0.06211;0.61510;0.10479;0.61471;0.08448;0.46053;0.07244;0.61391;0.61384;0.08634;0.61343;0.61254;0.04957;0.61227;0.04241;0.08299;0.07862;0.42193;0.08733;0.61192;0.61180;0.04055;0.61109;0.06190;0.48607;0.10030;0.61029;0.08893;0.61012;0.59165;0.60853;0.60468;0.60408;0.60731;0.60700;0.16823;0.61892;0.62042;0.07076;0.62474;0.62479;0.62561;0.62586;0.62651;0.62985;0.00702;0.61480;0.01088;0.63023;0.63027;0.63092;0.01420;0.62883;0.63124;0.01478;0.63177;0.63894;0.01789;0.64107;0.64295;0.06423;0.45873;0.04259;0.64797;0.20684;0.23230;0.24036;0.25306;0.09676;0.09420;0.14720;0.65148;0.64967;0.15202;0.64845;0.64564;0.64246;0.64155;0.63570;0.24893;0.63406;0.63023;0.62989;0.63861;0.12875;0.64034;0.24630;0.64116;0.58288;0.57330;0.55924;0.55205;0.52668;0.51399;0.20046;0.49010;0.14485;0.50282;0.15284;0.49603;0.05704;0.49587;0.22368;0.12007;0.12586;0.10863;0.07614;0.48112;0.22277;0.47336;0.46621;0.46326;0.35988;0.29274;0.23776;0.19084;0.07025;0.37527;0.20296;0.24527;0.18070;0.23575;0.31132;0.34638;0.18011;0.31282;0.15957;0.14572;0.23653;0.33687;0.26545;0.28790;0.14313;0.23994;0.22578;0.23383;0.16713;0.12174;0.10303;0.14845;0.31869;0.41802;0.39906;0.48610;0.36865;0.42997;0.22127;0.09886;0.20014;0.42395;0.29071;0.21043;0.23308;0.18450;0.25442;0.18480;0.25309;0.27009;0.22042;0.28733;0.24584;0.18566;0.16804;0.11088;0.01623;0.09952;0.13156;0.06611;0.09135;0.00959;0.01300;0.01172;0.00991;0.05922;0.02611;0.03359;0.02501;0.01033;0.01613;0.06380;0.12348;0.07738;0.26468;0.14706;0.13843;0.05434;0.12573;0.06895
2020-03-23 00:00;0.57576;0.57541;0.05527;0.57538;0.05570;0.12545;0.05619;0.57518;0.06035;0.57487;0.10163;0.57459;0.08169;0.43055;0.07028;0.57415;0.57409;0.08360;0.57393;0.57337;0.04785;0.57334;0.04115;0.08054;0.07626;0.39517;0.08560;0.57325;0.57320;0.03973;0.57293;0.05965;0.45596;0.09656;0.57263;0.08621;0.57258;0.55522;0.57153;0.56736;0.56714;0.57238;0.57221;0.10752;0.58888;0.59089;0.02836;0.59639;0.59680;0.59794;0.59877;0.59998;0.60380;0.00701;0.58952;0.00986;0.60444;0.60458;0.60547;0.01347;0.60348;0.60595;0.01581;0.60652;0.61439;0.01473;0.61667;0.61878;0.04329;0.44196;0.02572;0.62449;0.19408;0.21456;0.22000;0.22640;0.09287;0.09211;0.14252;0.62947;0.62813;0.14471;0.62714;0.62488;0.62271;0.62209;0.61699;0.23740;0.61581;0.61194;0.61181;0.62085;0.12435;0.62255;0.23413;0.62377;0.56299;0.55389;0.54137;0.53509;0.50972;0.49654;0.19489;0.47273;0.14233;0.48475;0.15134;0.47742;0.05520;0.47724;0.20646;0.11955;0.12384;0.10652;0.07375;0.46308;0.21414;0.45584;0.44872;0.44563;0.35433;0.28965;0.22707;0.18936;0.07340;0.36785;0.19756;0.23910;0.17725;0.23165;0.30691;0.33630;0.14342;0.30759;0.15577;0.14250;0.23319;0.32565;0.26147;0.27538;0.13756;0.21890;0.20246;0.20794;0.14280;0.11735;0.09906;0.14397;0.30663;0.41558;0.39628;0.48432;0.36736;0.42897;0.22088;0.09695;0.19947;0.42184;0.28739;0.20768;0.22870;0.18278;0.25080;0.17416;0.24847;0.26309;0.20801;0.27412;0.23547;0.17842;0.16084;0.10633;0.01543;0.08405;0.11143;0.03596;0.08832;0.00907;0.01377;0.00841;0.00897;0.02812;0.02044;0.02955;0.02739;0.01107;0.01246;0.06242;0.08078;0.07562;0.25878;0.14319;0.13372;0.05436;0.12144;0.06709
2020-03-24 00:00;0.70376;0.70414;0.09076;0.70400;0.10926;0.24724;0.07809;0.70270;0.07788;0.70368;0.10998;0.70372;0.08465;0.52762;0.08012;0.70428;0.70421;0.09116;0.70475;0.70515;0.05202;0.70572;0.04875;0.09251;0.09187;0.48660;0.11857;0.70620;0.70604;0.04560;0.70649;0.07076;0.56269;0.10490;0.70709;0.09450;0.70749;0.68632;0.70781;0.70499;0.70556;0.70523;0.70536;0.33233;0.70385;0.70117;0.25481;0.69766;0.69717;0.69543;0.69378;0.69190;0.68918;0.09274;0.67253;0.13599;0.68869;0.68830;0.68749;0.14807;0.68415;0.68628;0.15172;0.68535;0.67995;0.20630;0.67688;0.67413;0.23142;0.47577;0.18815;0.66854;0.27689;0.31664;0.29868;0.22891;0.09900;0.18918;0.16061;0.65582;0.65529;0.15349;0.65428;0.65264;0.65003;0.64915;0.64512;0.24408;0.64425;0.64046;0.63904;0.63101;0.22346;0.62942;0.25027;0.62770;0.56221;0.55308;0.53870;0.53123;0.50717;0.49342;0.20088;0.46869;0.14545;0.47998;0.15400;0.47191;0.05366;0.47173;0.19865;0.12036;0.13253;0.12125;0.09962;0.45777;0.20907;0.45099;0.44361;0.43909;0.35717;0.28308;0.23419;0.22752;0.12635;0.37019;0.20268;0.23779;0.17433;0.22796;0.30588;0.32859;0.15243;0.30778;0.15749;0.14763;0.23324;0.31704;0.26462;0.26546;0.14131;0.21606;0.19511;0.19440;0.15096;0.12310;0.11668;0.15693;0.30275;0.42647;0.39891;0.48262;0.36576;0.42914;0.22563;0.09773;0.19840;0.42172;0.28729;0.20941;0.22680;0.18117;0.25217;0.32779;0.25968;0.27269;0.22220;0.29317;0.24440;0.21381;0.17497;0.11169;0.14992;0.24495;0.31439;0.27578;0.11055;0.12829;0.13097;0.16565;0.13359;0.22115;0.24172;0.28279;0.22501;0.13395;0.20924;0.08378;0.27804;0.11622;0.28395;0.15709;0.14294;0.10710;0.13398;0.10079
2020-03-25 00:00;0.69853;0.69782;0.06517;0.69780;0.07653;0.17300;0.05897;0.69730;0.06660;0.69678;0.10442;0.69658;0.08329;0.52202;0.07592;0.69621;0.69614;0.08935;0.69603;0.69557;0.05101;0.69555;0.04497;0.08740;0.08419;0.47942;0.09641;0.69548;0.69539;0.04359;0.69512;0.06591;0.55319;0.10408;0.69477;0.09341;0.69480;0.67404;0.69395;0.69092;0.69062;0.68520;0.68500;0.44745;0.66035;0.65885;0.24246;0.65434;0.65380;0.65286;0.65206;0.65130;0.64898;0.04438;0.63328;0.06245;0.64888;0.64873;0.64870;0.05941;0.64631;0.64862;0.07422;0.64867;0.64663;0.13632;0.64605;0.64584;0.18800;0.45703;0.14394;0.64335;0.22018;0.24550;0.24254;0.21912;0.09502;0.12656;0.15231;0.63913;0.63693;0.14555;0.63588;0.63279;0.62921;0.62839;0.62272;0.24553;0.62093;0.61689;0.61592;0.61558;0.16306;0.61608;0.24209;0.61538;0.55144;0.54346;0.52981;0.52225;0.49736;0.48311;0.19742;0.45848;0.14199;0.46958;0.15140;0.46134;0.05216;0.46115;0.19190;0.11983;0.12532;0.11045;0.08233;0.44724;0.20716;0.44018;0.43345;0.42979;0.34838;0.28283;0.22396;0.20095;0.09094;0.36533;0.19628;0.22952;0.17094;0.22049;0.30417;0.32532;0.14696;0.30638;0.15472;0.14198;0.23176;0.31402;0.25970;0.25642;0.13782;0.20592;0.18600;0.18733;0.14615;0.11895;0.10292;0.14634;0.29323;0.41680;0.39641;0.48083;0.36454;0.42974;0.23090;0.09677;0.19739;0.42145;0.28693;0.20710;0.22515;0.17960;0.25039;0.26237;0.25122;0.26799;0.21435;0.28567;0.24148;0.19551;0.16785;0.10719;0.09313;0.20355;0.26783;0.22831;0.10511;0.05683;0.04709;0.07713;0.05893;0.20293;0.13414;0.13420;0.14359;0.07106;0.10146;0.07173;0.31368;0.08878;0.28040;0.14675;0.13506;0.06720;0.13072;0.07625
2020-03-26 00:00;0.58332;0.58175;0.05174;0.58174;0.05102;0.11479;0.05354;0.58151;0.06115;0.58022;0.09693;0.57982;0.07941;0.43435;0.07137;0.57890;0.57883;0.08464;0.57830;0.57726;0.04802;0.57689;0.04196;0.08203;0.07799;0.39750;0.08633;0.57641;0.57627;0.03993;0.57533;0.06046;0.45750;0.09870;0.57434;0.08808;0.57407;0.55668;0.57232;0.56812;0.56737;0.56925;0.56888;0.18673;0.57653;0.57770;0.07830;0.58114;0.58105;0.58170;0.58173;0.58213;0.58492;0.00660;0.57089;0.01065;0.58517;0.58517;0.58568;0.01361;0.58372;0.58591;0.01386;0.58638;0.59228;0.01781;0.59417;0.59582;0.06777;0.42488;0.04716;0.60004;0.18410;0.19997;0.20328;0.20616;0.08863;0.08993;0.13957;0.60387;0.60197;0.13438;0.60114;0.59843;0.59591;0.59537;0.59004;0.23288;0.58838;0.58415;0.58406;0.59272;0.12056;0.59428;0.22986;0.59439;0.52865;0.52531;0.51507;0.50925;0.48365;0.46956;0.19074;0.44538;0.13825;0.45625;0.14869;0.44796;0.05034;0.44775;0.18766;0.11915;0.12009;0.10265;0.07116;0.43348;0.20019;0.42669;0.42016;0.41645;0.33802;0.27501;0.20904;0.18160;0.07001;0.35590;0.18915;0.22318;0.16724;0.21796;0.29943;0.32192;0.13988;0.30503;0.15282;0.13692;0.22807;0.30076;0.25657;0.24594;0.13401;0.19246;0.17409;0.17573;0.13759;0.11246;0.09582;0.13885;0.25137;0.41089;0.39177;0.47862;0.36291;0.42773;0.23012;0.09432;0.19620;0.41910;0.28327;0.20386;0.22257;0.17783;0.24896;0.16489;0.24257;0.25564;0.19792;0.26503;0.22905;0.17058;0.15328;0.09994;0.01567;0.10139;0.13401;0.07162;0.09022;0.00914;0.01145;0.01182;0.00952;0.06637;0.02448;0.02815;0.01865;0.00862;0.01504;0.06292;0.13243;0.07653;0.25790;0.13884;0.13151;0.05060;0.12170;0.06630
2020-03-27 00:00;0.55961;0.55897;0.06606;0.55888;0.07395;0.16710;0.06033;0.55812;0.06544;0.55787;0.09631;0.55765;0.07716;0.41791;0.07264;0.55735;0.55728;0.08356;0.55720;0.55673;0.04744;0.55677;0.04252;0.08218;0.07935;0.38375;0.09546;0.55668;0.55653;0.04163;0.55612;0.06061;0.44257;0.09634;0.55584;0.08769;0.55581;0.53892;0.55487;0.55033;0.55024;0.55491;0.55476;0.11802;0.56999;0.57208;0.04257;0.57731;0.57789;0.57870;0.57939;0.58022;0.58376;0.01011;0.57007;0.01053;0.58454;0.58475;0.58576;0.01743;0.58384;0.58630;0.02593;0.58684;0.59343;0.01493;0.59577;0.59802;0.04925;0.42718;0.03152;0.60355;0.19133;0.21140;0.20976;0.20390;0.08748;0.10659;0.14047;0.60844;0.60780;0.13593;0.60712;0.60525;0.60401;0.60360;0.59963;0.23230;0.59844;0.59454;0.59347;0.59863;0.15154;0.59924;0.23808;0.59825;0.53053;0.52369;0.51484;0.50971;0.48543;0.47178;0.19465;0.44729;0.13902;0.45814;0.15014;0.45003;0.04871;0.44984;0.18903;0.11907;0.12267;0.10639;0.08273;0.43573;0.19185;0.43028;0.42418;0.42033;0.34609;0.27552;0.21541;0.22445;0.13333;0.35205;0.19210;0.22125;0.16362;0.21789;0.29686;0.31905;0.14453;0.30225;0.15347;0.13765;0.22619;0.28742;0.25231;0.23908;0.13639;0.19846;0.17867;0.17900;0.14108;0.11401;0.10471;0.14698;0.27354;0.41801;0.39198;0.47593;0.36055;0.42421;0.23010;0.09423;0.19492;0.41537;0.28197;0.20427;0.22251;0.17606;0.24143;0.20417;0.24521;0.25744;0.19778;0.26393;0.22831;0.17532;0.15713;0.09872;0.01811;0.09782;0.12906;0.05746;0.09460;0.01248;0.02646;0.01022;0.01249;0.03666;0.04247;0.08235;0.07428;0.02178;0.02520;0.06825;0.09781;0.08033;0.25945;0.14000;0.13334;0.07346;0.12123;0.07719
2020-03-28 00:00;0.54519;0.54478;0.05377;0.54475;0.05769;0.13023;0.04999;0.54443;0.05912;0.54408;0.09144;0.54385;0.07427;0.40754;0.06867;0.54344;0.54338;0.08053;0.54321;0.54266;0.04550;0.54263;0.04023;0.07839;0.07514;0.37399;0.08461;0.54251;0.54245;0.03941;0.54212;0.05767;0.43143;0.09352;0.54182;0.08420;0.54175;0.52528;0.54071;0.53621;0.53599;0.54045;0.54027;0.07502;0.55794;0.55979;0.04068;0.56468;0.56501;0.56579;0.56640;0.56743;0.57089;0.00700;0.55738;0.01022;0.57147;0.57160;0.57240;0.01413;0.57051;0.57283;0.01755;0.57335;0.57997;0.01516;0.58208;0.58401;0.04421;0.41706;0.02775;0.58926;0.18162;0.19800;0.20042;0.20232;0.08458;0.09125;0.13679;0.59396;0.59249;0.12874;0.59188;0.58958;0.58784;0.58740;0.58286;0.22906;0.58135;0.57730;0.57677;0.58346;0.13082;0.58464;0.22944;0.58398;0.51754;0.51385;0.50647;0.50097;0.47699;0.46332;0.19046;0.43914;0.13608;0.44991;0.14800;0.44158;0.04712;0.44139;0.18602;0.11869;0.11897;0.10213;0.07425;0.42724;0.18855;0.42181;0.41535;0.41190;0.33688;0.26931;0.21044;0.19761;0.09368;0.34767;0.18570;0.22045;0.15972;0.21471;0.29399;0.31192;0.13857;0.29442;0.15069;0.13305;0.22449;0.27746;0.24251;0.23127;0.13299;0.19057;0.17233;0.17359;0.13611;0.11105;0.09605;0.13760;0.24852;0.40820;0.38781;0.47238;0.35772;0.42225;0.22972;0.09300;0.19366;0.41343;0.28048;0.20147;0.22126;0.17428;0.23716;0.18264;0.23927;0.25207;0.19305;0.25836;0.22498;0.16769;0.14933;0.09614;0.01681;0.09142;0.12139;0.05313;0.08969;0.00967;0.01442;0.00889;0.00947;0.03575;0.02781;0.04568;0.05206;0.01233;0.01537;0.06223;0.08951;0.07478;0.25355;0.13295;0.12960;0.05394;0.11618;0.06553
2020-03-29 00:00;0.69915;0.69968;0.09326;0.69952;0.11295;0.25568;0.07714;0.69812;0.07843;0.69937;0.10039;0.69953;0.07809;0.52455;0.07777;0.70029;0.70023;0.08940;0.70089;0.70148;0.04989;0.70216;0.04872;0.09326;0.09070;0.48417;0.12083;0.70273;0.70256;0.04504;0.70315;0.06757;0.56012;0.10163;0.70393;0.09508;0.70439;0.68335;0.70500;0.70237;0.70307;0.70012;0.70031;0.35650;0.69491;0.69134;0.28131;0.68569;0.68502;0.68268;0.68052;0.67802;0.67397;0.10073;0.65761;0.14648;0.67325;0.67275;0.67156;0.15905;0.66810;0.67001;0.16534;0.66878;0.65953;0.22148;0.65546;0.65174;0.25011;0.45871;0.20270;0.64381;0.28840;0.33270;0.31319;0.22925;0.09072;0.19891;0.15823;0.62622;0.62607;0.13867;0.62547;0.62392;0.62251;0.62200;0.61886;0.23663;0.61788;0.61411;0.61237;0.60526;0.22676;0.60313;0.23994;0.60064;0.53440;0.52549;0.51657;0.51088;0.48956;0.47673;0.19995;0.45193;0.14333;0.46255;0.15184;0.45468;0.04590;0.45453;0.19491;0.12024;0.13094;0.11915;0.10982;0.44054;0.20456;0.43352;0.42779;0.42364;0.34343;0.26704;0.22667;0.22263;0.12443;0.35376;0.19356;0.21943;0.15719;0.21514;0.29303;0.30961;0.15338;0.29312;0.15837;0.14254;0.22436;0.27930;0.24228;0.22917;0.13745;0.20528;0.18433;0.18341;0.14371;0.11650;0.11220;0.15311;0.28797;0.41824;0.38833;0.46927;0.35474;0.41906;0.22985;0.09338;0.19241;0.41001;0.28093;0.20396;0.22165;0.17263;0.23892;0.30894;0.25181;0.26338;0.20569;0.27756;0.23524;0.20448;0.16434;0.10113;0.16143;0.26977;0.34648;0.31184;0.11032;0.13965;0.14390;0.18052;0.14534;0.24040;0.26552;0.30744;0.24474;0.14480;0.22783;0.08432;0.31995;0.12311;0.28003;0.14877;0.13917;0.11121;0.12956;0.10251
2020-03-30 00:00;1.31442;1.31690;0.16967;1.31663;0.22613;0.51281;0.12217;1.31365;0.28012;1.31634;0.24812;1.31629;0.22006;0.98679;0.31356;1.31693;1.31666;0.30863;1.31652;1.31689;0.16537;1.31783;0.18356;0.34451;0.35743;0.90799;0.40190;1.31710;1.31668;0.12969;1.31660;0.21236;1.04848;0.38282;1.31693;0.34264;1.31606;1.27734;1.31818;1.31083;1.31147;1.28816;1.28748;0.91197;1.23063;1.22130;0.64684;1.19892;1.19807;1.19238;1.18918;1.18342;1.16534;0.22441;1.13696;0.33002;1.16335;1.16208;1.15863;0.35445;1.15151;1.15461;0.36442;1.15098;1.10502;0.51642;1.09105;1.07921;0.58709;0.75075;0.47248;1.04787;0.56682;0.69322;0.63958;0.33985;0.24474;0.44944;0.23370;0.99118;0.99364;0.25178;0.99187;0.97589;0.96022;0.95471;0.94524;0.45481;0.93551;0.93388;0.92553;0.85936;0.60694;0.84007;0.64221;0.78290;0.72156;0.71485;0.64850;0.62291;0.60565;0.57768;0.34579;0.54616;0.20030;0.54810;0.20920;0.52525;0.04865;0.52520;0.21357;0.20154;0.21580;0.21737;0.26527;0.51600;0.22648;0.51564;0.50802;0.47416;0.42442;0.28261;0.34290;0.43942;0.35578;0.44771;0.34276;0.24558;0.16697;0.25498;0.35535;0.32947;0.21968;0.30319;0.21274;0.19967;0.27008;0.35604;0.29180;0.28120;0.21705;0.35575;0.28547;0.24182;0.20917;0.23339;0.27624;0.33584;0.33264;0.46662;0.40481;0.47378;0.35458;0.42685;0.23537;0.09997;0.19462;0.41776;0.29337;0.24637;0.26652;0.17570;0.26831;0.77963;0.34067;0.39220;0.41151;0.45279;0.36684;0.31608;0.41944;0.20098;0.37302;0.66088;0.85341;0.72737;0.33081;0.30997;0.30619;0.40481;0.32291;0.58023;0.58363;0.59624;0.51164;0.28762;0.45316;0.28862;0.80960;0.41482;0.56433;0.28469;0.20433;0.23448;0.31364;0.27832
2020-03-31 00:00;1.48745;1.48779;0.13658;1.48778;0.19444;0.44082;0.10674;1.48602;0.21443;1.48576;0.22507;1.48554;0.20513;1.11334;0.25201;1.48464;1.48442;0.27591;1.48373;1.48245;0.15780;1.48244;0.15122;0.29025;0.28737;1.02151;0.36376;1.48137;1.48102;0.12794;1.47958;0.20730;1.17732;0.33186;1.47840;0.31085;1.47756;1.43421;1.47750;1.46839;1.46792;1.43733;1.43647;1.13607;1.34469;1.33679;0.67946;1.31297;1.31130;1.30627;1.30289;1.29763;1.28047;0.17691;1.24903;0.25584;1.27867;1.27763;1.27512;0.26308;1.26899;1.27271;0.28779;1.27071;1.22661;0.45772;1.21682;1.20885;0.57895;0.84463;0.45026;1.18239;0.58205;0.70049;0.66719;0.50477;0.25825;0.40466;0.27812;1.13167;1.11592;0.30779;1.11079;1.08112;1.02904;1.01946;0.99039;0.59731;0.96538;0.95655;0.94643;0.87852;0.50806;0.86627;0.59007;0.82298;0.77053;0.73924;0.66823;0.63468;0.61045;0.58674;0.31816;0.55113;0.20666;0.55447;0.22378;0.53044;0.05212;0.53106;0.25400;0.22053;0.17384;0.16931;0.18042;0.54227;0.24564;0.53437;0.52735;0.50997;0.39785;0.30138;0.37310;0.35382;0.24933;0.43072;0.28056;0.25763;0.17211;0.26052;0.36105;0.35446;0.23919;0.31490;0.19822;0.21302;0.27050;0.43642;0.29495;0.39089;0.20930;0.36777;0.31851;0.28736;0.22880;0.21241;0.26928;0.28291;0.51850;0.45281;0.40991;0.47745;0.35787;0.42997;0.24656;0.10260;0.19897;0.43263;0.30596;0.23955;0.26914;0.18091;0.27571;0.80677;0.40584;0.48040;0.50423;0.69637;0.59737;0.47777;0.49515;0.24178;0.32230;0.68632;0.89792;0.73209;0.39179;0.23795;0.22110;0.31519;0.24754;0.60019;0.48073;0.46118;0.44441;0.23219;0.35419;0.24533;0.90812;0.31756;0.64375;0.28096;0.21042;0.19251;0.33866;0.23500
2020-04-01 00:00;1.08249;1.07839;0.07931;1.07844;0.09815;0.22143;0.08419;1.07778;0.09104;1.07453;0.13705;1.07400;0.11985;0.80454;0.11168;1.07214;1.07201;0.14126;1.07088;1.06869;0.08542;1.06776;0.06898;0.13472;0.12821;0.73569;0.17267;1.06657;1.06624;0.07139;1.06391;0.11253;0.84568;0.16241;1.06157;0.15696;1.06097;1.02951;1.05830;1.05201;1.05030;1.03237;1.03150;0.74697;0.97712;0.97402;0.38122;0.96401;0.96180;0.95922;0.95574;0.95197;0.94656;0.06254;0.92285;0.08801;0.94491;0.94414;0.94272;0.08266;0.93915;0.94163;0.10298;0.94138;0.92586;0.19273;0.92372;0.92126;0.30657;0.64909;0.22862;0.91274;0.38328;0.38660;0.37948;0.33732;0.15442;0.19315;0.29707;0.88958;0.87487;0.22828;0.87093;0.85260;0.82145;0.81423;0.79393;0.46110;0.77661;0.76706;0.76226;0.74682;0.24175;0.74570;0.36808;0.73457;0.68505;0.67134;0.63765;0.62035;0.59887;0.58352;0.23798;0.53888;0.15923;0.55148;0.21384;0.53696;0.05229;0.53727;0.26092;0.20620;0.13226;0.11595;0.09493;0.52412;0.24501;0.51264;0.50447;0.49975;0.35954;0.30525;0.30085;0.21826;0.10292;0.37915;0.22263;0.25437;0.17001;0.24127;0.33802;0.36342;0.23889;0.31625;0.16937;0.21050;0.24921;0.40048;0.28001;0.33363;0.16775;0.31238;0.29610;0.29034;0.23095;0.14784;0.19146;0.18128;0.38822;0.42330;0.40054;0.47869;0.36048;0.42998;0.25402;0.09928;0.20036;0.43931;0.30641;0.22228;0.24846;0.18239;0.27035;0.43229;0.34826;0.37045;0.39504;0.51380;0.43743;0.33012;0.30995;0.14878;0.13182;0.38544;0.50929;0.39081;0.24946;0.07996;0.06409;0.10940;0.08302;0.32812;0.18635;0.16376;0.18560;0.08738;0.12671;0.11383;0.56077;0.13017;0.45027;0.18461;0.18006;0.08967;0.21547;0.10873
2020-04-02 00:00;0.75412;0.75104;0.06264;0.75103;0.06014;0.13469;0.07607;0.75069;0.06757;0.74812;0.10925;0.74758;0.09249;0.55994;0.07977;0.74602;0.74592;0.09560;0.74504;0.74336;0.05395;0.74264;0.04639;0.09124;0.08513;0.51166;0.09197;0.74183;0.74157;0.04424;0.73999;0.06893;0.58816;0.11134;0.73825;0.09810;0.73786;0.71553;0.73510;0.73189;0.73054;0.73153;0.73095;0.32415;0.72892;0.72980;0.10361;0.73331;0.73248;0.73256;0.73139;0.73061;0.73386;0.00710;0.71588;0.01147;0.73348;0.73323;0.73323;0.01456;0.73073;0.73306;0.01491;0.73349;0.73956;0.01934;0.74135;0.74246;0.09463;0.52869;0.06233;0.74650;0.29719;0.28577;0.29406;0.32017;0.10168;0.11425;0.27308;0.73945;0.73147;0.17913;0.72904;0.72329;0.69957;0.69538;0.68548;0.31587;0.67899;0.67259;0.67126;0.67988;0.14705;0.68141;0.28030;0.68026;0.63007;0.61535;0.59258;0.58107;0.55574;0.54163;0.20563;0.51805;0.14546;0.53218;0.18359;0.52295;0.05102;0.52219;0.25008;0.14671;0.12431;0.10542;0.07718;0.49688;0.22988;0.48773;0.48069;0.47846;0.34926;0.29974;0.27054;0.18579;0.06779;0.36134;0.20321;0.24476;0.16656;0.23554;0.32708;0.36078;0.22842;0.31420;0.15873;0.18909;0.24067;0.37487;0.27475;0.31680;0.15020;0.28034;0.26867;0.27965;0.22384;0.13084;0.11569;0.15544;0.37261;0.41377;0.39436;0.47937;0.36167;0.42999;0.25260;0.09651;0.19997;0.44206;0.30191;0.21418;0.24643;0.18145;0.26626;0.20085;0.28872;0.29224;0.30146;0.45460;0.34907;0.28751;0.19889;0.13272;0.01632;0.13694;0.18086;0.10143;0.11841;0.00996;0.01266;0.01342;0.01045;0.08922;0.02821;0.03240;0.02111;0.00946;0.01674;0.06796;0.17999;0.08106;0.29299;0.15662;0.16609;0.05907;0.14865;0.07918
2020-04-03 00:00;0.83276;0.83262;0.10623;0.83245;0.11963;0.27020;0.10003;0.83118;0.10289;0.83197;0.12846;0.83197;0.10597;0.62371;0.11337;0.83227;0.83217;0.11823;0.83258;0.83283;0.06791;0.83335;0.06654;0.12394;0.12911;0.57450;0.15757;0.83360;0.83347;0.05505;0.83391;0.08251;0.66412;0.13615;0.83443;0.12698;0.83469;0.80964;0.83479;0.83291;0.83331;0.83293;0.83293;0.39594;0.83030;0.82897;0.28345;0.82619;0.82628;0.82495;0.82440;0.82262;0.81935;0.11050;0.79957;0.16161;0.81879;0.81833;0.81738;0.17574;0.81340;0.81594;0.18005;0.81485;0.80576;0.24431;0.80214;0.79889;0.27805;0.56368;0.22267;0.79210;0.38020;0.41878;0.40217;0.31798;0.14416;0.25199;0.25258;0.76826;0.76462;0.20605;0.76186;0.75149;0.73159;0.72756;0.71682;0.34503;0.70897;0.70324;0.70010;0.69340;0.27700;0.69030;0.34901;0.67785;0.61856;0.60407;0.57950;0.56701;0.54039;0.52410;0.21949;0.49775;0.16192;0.50783;0.16038;0.49926;0.04989;0.49914;0.23296;0.14723;0.13934;0.12558;0.11517;0.48084;0.22147;0.47347;0.46678;0.46029;0.35728;0.29542;0.26938;0.22439;0.12288;0.36825;0.21174;0.23843;0.16516;0.23340;0.32450;0.35646;0.22183;0.31324;0.16819;0.17804;0.23981;0.35965;0.27477;0.31320;0.16063;0.28605;0.26846;0.27073;0.21630;0.14438;0.15087;0.18216;0.36202;0.42697;0.39804;0.48020;0.36198;0.43000;0.25292;0.09713;0.19989;0.44069;0.30047;0.21964;0.24124;0.18069;0.27077;0.33861;0.29754;0.31670;0.30984;0.42267;0.33505;0.29298;0.26982;0.14952;0.17887;0.31258;0.40272;0.32390;0.17904;0.15295;0.15559;0.19788;0.15933;0.26356;0.28412;0.27973;0.24658;0.13055;0.20485;0.10955;0.32179;0.15286;0.30890;0.17337;0.17539;0.11528;0.16052;0.12452
2020-04-04 00:00;0.80364;0.80247;0.07775;0.80243;0.08621;0.19446;0.07789;0.80184;0.07412;0.80102;0.11521;0.80079;0.09663;0.60008;0.08838;0.80018;0.80010;0.10333;0.79988;0.79920;0.06013;0.79911;0.05208;0.10171;0.09673;0.55077;0.11853;0.79890;0.79880;0.04975;0.79838;0.07486;0.63531;0.11953;0.79786;0.10948;0.79783;0.77392;0.79666;0.79429;0.79384;0.78838;0.78809;0.48766;0.76466;0.76378;0.27027;0.75927;0.75872;0.75769;0.75690;0.75583;0.75282;0.05265;0.73454;0.07385;0.75257;0.75234;0.75217;0.06979;0.74937;0.75197;0.08747;0.75198;0.74713;0.16086;0.74620;0.74563;0.22563;0.52718;0.16969;0.74197;0.31643;0.33946;0.33406;0.32157;0.12035;0.16213;0.24168;0.72665;0.72052;0.18569;0.71800;0.70923;0.69233;0.68951;0.67917;0.33011;0.67131;0.66637;0.66421;0.66450;0.19062;0.66456;0.30118;0.65878;0.59905;0.58524;0.56193;0.54985;0.52096;0.50584;0.21196;0.47979;0.14726;0.49102;0.15554;0.48272;0.04880;0.48258;0.22132;0.12389;0.12753;0.11129;0.08892;0.46529;0.21632;0.45784;0.45080;0.44671;0.35389;0.28772;0.24833;0.20057;0.09098;0.36045;0.19979;0.23702;0.16222;0.22795;0.31252;0.35283;0.21485;0.31102;0.15793;0.14651;0.23790;0.35577;0.26949;0.30727;0.14841;0.26861;0.25442;0.26230;0.21023;0.13061;0.11985;0.15838;0.35205;0.41826;0.39713;0.48003;0.36239;0.43630;0.25258;0.09634;0.19960;0.43924;0.29895;0.21372;0.24140;0.17993;0.26678;0.27566;0.27364;0.29854;0.27432;0.39325;0.33166;0.27640;0.23019;0.13768;0.11073;0.25655;0.33808;0.26534;0.15955;0.06731;0.05503;0.09149;0.06982;0.24081;0.15710;0.13391;0.15952;0.06932;0.09964;0.08313;0.34612;0.09964;0.30200;0.15991;0.16223;0.07419;0.15280;0.08883
2020-04-05 00:00;0.65301;0.65110;0.06132;0.65107;0.05906;0.13252;0.07045;0.65071;0.06619;0.64913;0.10446;0.64870;0.08892;0.48593;0.07782;0.64753;0.64744;0.09327;0.64683;0.64553;0.05233;0.64510;0.04530;0.08926;0.08316;0.44450;0.09037;0.64456;0.64439;0.04331;0.64332;0.06780;0.51154;0.10881;0.64216;0.09595;0.64187;0.62237;0.63977;0.63601;0.63515;0.63743;0.63701;0.20546;0.64589;0.64713;0.08722;0.65088;0.65065;0.65122;0.65102;0.65119;0.65419;0.00725;0.63842;0.01137;0.65432;0.65427;0.65471;0.01459;0.65251;0.65487;0.01520;0.65536;0.66174;0.01903;0.66374;0.66539;0.08316;0.47422;0.05432;0.66968;0.24004;0.26926;0.27835;0.30082;0.10058;0.11022;0.17166;0.66864;0.66321;0.16598;0.66117;0.65660;0.64421;0.64205;0.63363;0.27896;0.62883;0.62390;0.62316;0.63029;0.14723;0.63143;0.25636;0.63089;0.56890;0.55491;0.53394;0.52346;0.49190;0.47629;0.19648;0.45114;0.13983;0.46214;0.15175;0.45355;0.04736;0.45335;0.20369;0.11955;0.12014;0.10091;0.07247;0.43636;0.20837;0.42850;0.42045;0.41682;0.34357;0.28722;0.22564;0.18083;0.07279;0.34750;0.19153;0.23255;0.15845;0.22418;0.30483;0.34668;0.19419;0.30743;0.15419;0.13676;0.23388;0.34391;0.26180;0.29691;0.13881;0.25251;0.24001;0.24944;0.18533;0.12176;0.10553;0.14738;0.34051;0.41403;0.39444;0.48087;0.36361;0.43905;0.25139;0.09415;0.19876;0.43484;0.29431;0.20949;0.23996;0.17850;0.26440;0.19707;0.26004;0.27379;0.24622;0.35351;0.30917;0.24790;0.18417;0.13015;0.01653;0.11483;0.15171;0.08083;0.10233;0.00999;0.01302;0.01307;0.01047;0.07805;0.02752;0.03080;0.02189;0.00918;0.01540;0.06684;0.14072;0.07937;0.27276;0.15039;0.15133;0.05731;0.14033;0.07562
2020-04-06 00:00;0.58863;0.58808;0.05871;0.58804;0.05660;0.12721;0.06372;0.58780;0.06277;0.58725;0.10002;0.58696;0.08493;0.43979;0.07341;0.58631;0.58624;0.08842;0.58598;0.58518;0.04970;0.58509;0.04287;0.08441;0.07883;0.40323;0.08645;0.58492;0.58485;0.04160;0.58445;0.06430;0.46505;0.10280;0.58399;0.09091;0.58387;0.56610;0.58257;0.57837;0.57805;0.58315;0.58295;0.12695;0.59824;0.60014;0.02629;0.60567;0.60598;0.60707;0.60777;0.60888;0.61273;0.00640;0.59819;0.00936;0.61329;0.61341;0.61423;0.01233;0.61220;0.61466;0.01381;0.61523;0.62317;0.01434;0.62541;0.62747;0.04990;0.44801;0.02500;0.63304;0.21908;0.24942;0.25774;0.27849;0.09610;0.10253;0.15160;0.63476;0.63122;0.15469;0.62960;0.62615;0.61828;0.61679;0.60989;0.25355;0.60676;0.60219;0.60200;0.60952;0.13502;0.61085;0.23860;0.61103;0.54621;0.53309;0.51571;0.50750;0.47643;0.46122;0.18944;0.43651;0.13601;0.44723;0.14978;0.43843;0.04573;0.43820;0.18594;0.11900;0.11699;0.09755;0.06656;0.42259;0.19208;0.41638;0.40917;0.40568;0.33492;0.28250;0.21354;0.17482;0.06439;0.33889;0.18292;0.22292;0.15435;0.21811;0.29904;0.33754;0.15438;0.30562;0.15208;0.13124;0.22924;0.33007;0.26102;0.28372;0.13481;0.22947;0.21626;0.22439;0.14892;0.11463;0.09695;0.13916;0.32521;0.41229;0.39338;0.48026;0.36344;0.43698;0.25049;0.09262;0.19763;0.43042;0.28968;0.20575;0.23420;0.17674;0.26139;0.18505;0.25070;0.26336;0.22450;0.31302;0.26684;0.22085;0.17040;0.12127;0.01447;0.08516;0.11290;0.03534;0.08982;0.00836;0.01153;0.00811;0.00827;0.02969;0.01686;0.02286;0.02113;0.00916;0.01055;0.06378;0.07996;0.07524;0.26268;0.14426;0.14211;0.05524;0.13198;0.07150
2020-04-07 00:00;0.55512;0.55476;0.05404;0.55473;0.05138;0.11549;0.05820;0.55458;0.05832;0.55419;0.09463;0.55393;0.08033;0.41506;0.06842;0.55339;0.55333;0.08280;0.55312;0.55245;0.04660;0.55239;0.03997;0.07867;0.07359;0.38072;0.08034;0.55228;0.55224;0.03930;0.55195;0.05980;0.43924;0.09581;0.55160;0.08492;0.55152;0.53473;0.55036;0.54607;0.54583;0.55096;0.55079;0.07227;0.56897;0.57083;0.02298;0.57618;0.57650;0.57760;0.57835;0.57950;0.58322;0.00575;0.56940;0.00884;0.58378;0.58390;0.58470;0.01136;0.58278;0.58514;0.01196;0.58569;0.59354;0.01347;0.59570;0.59768;0.04535;0.42680;0.02291;0.60307;0.20504;0.23291;0.24026;0.25847;0.09111;0.09662;0.14231;0.60528;0.60242;0.14359;0.60112;0.59851;0.59475;0.59383;0.58810;0.23584;0.58595;0.58158;0.58178;0.59026;0.11852;0.59188;0.22214;0.59291;0.52604;0.51422;0.50049;0.49417;0.46458;0.45003;0.18323;0.42585;0.13172;0.43656;0.14767;0.42780;0.04389;0.42757;0.18312;0.11836;0.11382;0.09413;0.06136;0.41186;0.18390;0.40626;0.39924;0.39636;0.32963;0.27474;0.18734;0.16906;0.05767;0.33012;0.17421;0.21833;0.14986;0.21454;0.29294;0.32617;0.13155;0.30415;0.14967;0.12789;0.22466;0.31587;0.25273;0.26877;0.13150;0.19182;0.17532;0.17839;0.13064;0.10869;0.09062;0.13136;0.30828;0.40957;0.39106;0.47819;0.36196;0.43525;0.24959;0.09115;0.19631;0.42593;0.28502;0.20231;0.22811;0.17476;0.25146;0.16667;0.24272;0.25300;0.20539;0.27420;0.23351;0.18317;0.15608;0.11271;0.01346;0.07674;0.10194;0.02930;0.08238;0.00759;0.00943;0.00748;0.00749;0.02554;0.01355;0.01682;0.01543;0.00747;0.00890;0.05929;0.07058;0.07039;0.25343;0.13705;0.13454;0.05015;0.12308;0.06561
2020-04-08 00:00;0.52982;0.52957;0.05046;0.52955;0.04738;0.10654;0.05298;0.52947;0.05476;0.52918;0.08922;0.52895;0.07606;0.39635;0.06433;0.52849;0.52844;0.07785;0.52828;0.52769;0.04370;0.52767;0.03751;0.07368;0.06929;0.36369;0.07561;0.52759;0.52756;0.03726;0.52732;0.05572;0.41966;0.08976;0.52703;0.07968;0.52698;0.51090;0.52588;0.52164;0.52143;0.52644;0.52629;0.06394;0.54405;0.54583;0.02010;0.55095;0.55125;0.55230;0.55299;0.55407;0.55764;0.00542;0.54441;0.00836;0.55816;0.55826;0.55901;0.01062;0.55717;0.55941;0.01092;0.55994;0.56761;0.01281;0.56965;0.57152;0.04184;0.40812;0.02177;0.57667;0.18805;0.20959;0.21439;0.22471;0.08647;0.09114;0.13570;0.57979;0.57750;0.13387;0.57648;0.57444;0.57209;0.57156;0.56657;0.22218;0.56502;0.56067;0.56104;0.57020;0.10737;0.57193;0.20942;0.57349;0.50379;0.49669;0.48719;0.48250;0.45371;0.43976;0.17828;0.41597;0.12782;0.42665;0.14571;0.41793;0.04190;0.41770;0.18040;0.11765;0.11090;0.09086;0.05711;0.40191;0.17564;0.39697;0.38990;0.38764;0.32512;0.26699;0.18096;0.16453;0.05507;0.32102;0.16658;0.21539;0.14501;0.21125;0.28697;0.31810;0.12524;0.30281;0.14748;0.12779;0.22034;0.29484;0.24629;0.24683;0.12855;0.17271;0.15623;0.15792;0.12323;0.10347;0.08544;0.12514;0.26670;0.40662;0.38821;0.47527;0.35971;0.43333;0.24861;0.08957;0.19480;0.42134;0.28030;0.19913;0.21986;0.17258;0.24905;0.15016;0.23591;0.24422;0.18990;0.25629;0.21988;0.17223;0.14401;0.10531;0.01260;0.07039;0.09350;0.02709;0.07547;0.00712;0.00856;0.00710;0.00703;0.02295;0.01142;0.01304;0.01107;0.00669;0.00796;0.05576;0.06593;0.06666;0.24438;0.13064;0.13113;0.04702;0.11509;0.06131
2020-04-09 00:00;0.52193;0.52139;0.06052;0.52131;0.06709;0.15154;0.05719;0.52065;0.05852;0.52036;0.08759;0.52017;0.07354;0.38981;0.06364;0.51984;0.51978;0.07643;0.51970;0.51922;0.04303;0.51926;0.03791;0.07377;0.07013;0.35790;0.08302;0.51920;0.51906;0.03823;0.51869;0.05640;0.41277;0.08888;0.51842;0.07934;0.51841;0.50255;0.51739;0.51276;0.51268;0.51730;0.51717;0.06967;0.53442;0.53624;0.03997;0.54104;0.54145;0.54233;0.54297;0.54379;0.54711;0.01064;0.53422;0.01285;0.54775;0.54790;0.54875;0.01787;0.54694;0.54919;0.02402;0.54968;0.55661;0.01883;0.55868;0.56062;0.04970;0.40032;0.03071;0.56558;0.18014;0.19734;0.19789;0.19901;0.08423;0.09557;0.13442;0.56956;0.56802;0.13154;0.56712;0.56570;0.56405;0.56357;0.55917;0.21592;0.55798;0.55341;0.55300;0.56056;0.11407;0.56203;0.20570;0.56315;0.48920;0.48519;0.47958;0.47542;0.44899;0.43553;0.17720;0.41186;0.12582;0.42252;0.14454;0.41395;0.04010;0.41373;0.17928;0.11705;0.11033;0.08998;0.06285;0.39792;0.17337;0.39311;0.38641;0.38421;0.32532;0.26208;0.18287;0.16473;0.05983;0.31393;0.16461;0.21100;0.14007;0.21082;0.28217;0.30633;0.12537;0.29496;0.14776;0.12751;0.21696;0.26717;0.23005;0.23222;0.12868;0.17106;0.15402;0.15473;0.12113;0.10173;0.08875;0.12709;0.23938;0.41014;0.38757;0.47163;0.35665;0.43043;0.24505;0.08890;0.19315;0.41626;0.27743;0.19727;0.21800;0.17032;0.24854;0.16382;0.23707;0.24367;0.18632;0.25093;0.21513;0.17368;0.14178;0.10187;0.01861;0.07997;0.10549;0.04094;0.08043;0.01367;0.02322;0.01374;0.01386;0.03440;0.03679;0.06053;0.05207;0.02071;0.02415;0.06009;0.08240;0.06703;0.24807;0.13056;0.13226;0.06681;0.11391;0.07017
2020-04-10 00:00;0.53102;0.53029;0.06707;0.53017;0.07917;0.17905;0.05957;0.52914;0.06084;0.52883;0.08718;0.52866;0.07251;0.39620;0.06503;0.52839;0.52833;0.07784;0.52828;0.52782;0.04366;0.52788;0.03894;0.07594;0.07168;0.36386;0.08707;0.52784;0.52765;0.03955;0.52723;0.05830;0.41957;0.08986;0.52698;0.08077;0.52698;0.51089;0.52602;0.52108;0.52104;0.52518;0.52505;0.08077;0.54196;0.54383;0.05507;0.54837;0.54883;0.54936;0.54967;0.55008;0.55323;0.01079;0.54023;0.01123;0.55391;0.55409;0.55498;0.01828;0.55316;0.55545;0.02827;0.55592;0.56231;0.01721;0.56445;0.56645;0.05443;0.40445;0.03469;0.57137;0.18288;0.20027;0.19931;0.19949;0.08364;0.10073;0.13663;0.57539;0.57388;0.13217;0.57300;0.57143;0.56946;0.56885;0.56415;0.21886;0.56284;0.55819;0.55728;0.56084;0.12124;0.56205;0.21051;0.56238;0.48897;0.48346;0.47818;0.47363;0.44845;0.43505;0.17885;0.41127;0.12614;0.42172;0.14384;0.41317;0.03867;0.41296;0.17887;0.11662;0.11067;0.09008;0.06882;0.39726;0.17338;0.39242;0.38573;0.38312;0.32534;0.25884;0.18487;0.16600;0.06403;0.31003;0.16681;0.21001;0.13522;0.21162;0.28022;0.30123;0.12979;0.29122;0.14744;0.12723;0.21589;0.25913;0.22863;0.21760;0.12916;0.17588;0.15814;0.15853;0.12445;0.10318;0.09203;0.13080;0.24819;0.40979;0.38584;0.46740;0.35303;0.42721;0.23865;0.08838;0.19151;0.41457;0.27595;0.19678;0.21804;0.16816;0.24433;0.20505;0.23970;0.24890;0.19095;0.25491;0.21782;0.17888;0.14692;0.10174;0.01969;0.09020;0.11884;0.04942;0.08893;0.01365;0.02769;0.01209;0.01372;0.04424;0.04821;0.09964;0.08305;0.02502;0.03065;0.06390;0.10012;0.07075;0.25576;0.13175;0.13284;0.07573;0.11688;0.07507
2020-04-11 00:00;0.51813;0.51763;0.05419;0.51758;0.05902;0.13325;0.05070;0.51714;0.05638;0.51675;0.08268;0.51657;0.07079;0.38709;0.06431;0.51616;0.51610;0.07674;0.51594;0.51537;0.04262;0.51535;0.03787;0.07417;0.07020;0.35519;0.07856;0.51524;0.51516;0.03777;0.51482;0.05597;0.40969;0.08894;0.51450;0.07956;0.51444;0.49873;0.51338;0.50865;0.50846;0.51257;0.51240;0.07466;0.52894;0.53066;0.04373;0.53516;0.53546;0.53615;0.53664;0.53754;0.54075;0.00697;0.52796;0.00978;0.54131;0.54143;0.54219;0.01379;0.54040;0.54260;0.01777;0.54309;0.54966;0.01458;0.55166;0.55350;0.04544;0.39522;0.02794;0.55840;0.17629;0.19114;0.19280;0.19724;0.08113;0.08992;0.13427;0.56225;0.56041;0.12542;0.55967;0.55759;0.55515;0.55450;0.54946;0.21801;0.54776;0.54305;0.54287;0.54832;0.11455;0.54967;0.20654;0.55035;0.47951;0.47633;0.47249;0.46814;0.44253;0.42910;0.17570;0.40564;0.12358;0.41603;0.14215;0.40744;0.03717;0.40724;0.17661;0.11604;0.10831;0.08862;0.06224;0.39154;0.17093;0.38676;0.37988;0.37745;0.32039;0.25645;0.18021;0.16267;0.06043;0.30559;0.16319;0.20908;0.13013;0.21014;0.27805;0.29977;0.12590;0.29059;0.14520;0.12705;0.21421;0.24922;0.22656;0.20303;0.12675;0.17110;0.15436;0.15542;0.12176;0.10117;0.08676;0.12505;0.22903;0.39968;0.37965;0.46305;0.34950;0.42433;0.23774;0.08642;0.18990;0.41170;0.27257;0.19499;0.21480;0.16597;0.23634;0.18101;0.23412;0.24343;0.18704;0.25057;0.21652;0.16936;0.14130;0.09809;0.01624;0.08237;0.10922;0.04164;0.08377;0.00959;0.01492;0.00888;0.00944;0.03710;0.02887;0.05347;0.05265;0.01368;0.01731;0.05888;0.08758;0.06854;0.24769;0.12483;0.12922;0.05483;0.11294;0.06404
2020-04-12 00:00;0.49682;0.49663;0.04637;0.49662;0.04445;0.10008;0.04587;0.49655;0.05249;0.49632;0.07609;0.49618;0.06727;0.37182;0.06136;0.49582;0.49577;0.07326;0.49562;0.49512;0.04031;0.49511;0.03587;0.07025;0.06660;0.34124;0.07327;0.49503;0.49501;0.03561;0.49477;0.05268;0.39377;0.08472;0.49452;0.07581;0.49447;0.47933;0.49345;0.48916;0.48899;0.49351;0.49337;0.06341;0.50987;0.51158;0.02587;0.51630;0.51663;0.51763;0.51834;0.51944;0.52274;0.00618;0.51037;0.00946;0.52329;0.52340;0.52416;0.01222;0.52243;0.52457;0.01278;0.52506;0.53196;0.01436;0.53391;0.53572;0.03792;0.38262;0.02333;0.54063;0.17061;0.18407;0.18699;0.19367;0.07768;0.08330;0.13109;0.54442;0.54280;0.11838;0.54223;0.54048;0.53854;0.53792;0.53328;0.21163;0.53164;0.52690;0.52722;0.53511;0.10719;0.53657;0.19878;0.53788;0.46797;0.46588;0.46314;0.45912;0.43272;0.41940;0.17086;0.39632;0.11991;0.40666;0.14015;0.39800;0.03543;0.39779;0.17385;0.11533;0.10533;0.08556;0.05613;0.38188;0.16663;0.37721;0.36998;0.36783;0.31210;0.24849;0.17447;0.15788;0.05618;0.29774;0.15708;0.20744;0.12453;0.20685;0.27349;0.29758;0.12327;0.28887;0.14306;0.12678;0.21120;0.24273;0.22260;0.19734;0.12406;0.16501;0.14915;0.15044;0.11741;0.09806;0.08293;0.12001;0.21663;0.39296;0.37367;0.45821;0.34553;0.42084;0.23666;0.08407;0.18822;0.40818;0.26778;0.19254;0.21295;0.16363;0.23536;0.14881;0.22906;0.23529;0.18111;0.24106;0.21062;0.15861;0.13213;0.09342;0.01440;0.07143;0.09474;0.03292;0.07414;0.00814;0.01021;0.00794;0.00803;0.02464;0.01534;0.02105;0.01659;0.00805;0.00997;0.05392;0.06967;0.06496;0.23420;0.11855;0.12686;0.04469;0.10689;0.05775
2020-04-13 00:00;0.69737;0.69768;0.10571;0.69743;0.13015;0.29478;0.08494;0.69539;0.07633;0.69692;0.08755;0.69725;0.06965;0.52294;0.07195;0.69836;0.69829;0.08160;0.69920;0.70006;0.04568;0.70092;0.04447;0.08432;0.08236;0.48339;0.11847;0.70171;0.70146;0.04436;0.70215;0.06646;0.55940;0.09020;0.70318;0.08519;0.70382;0.68279;0.70475;0.70252;0.70364;0.69993;0.70024;0.39182;0.68938;0.68453;0.31812;0.67588;0.67496;0.67128;0.66811;0.66433;0.65863;0.10941;0.64260;0.15709;0.65770;0.65712;0.65557;0.17116;0.65198;0.65365;0.18236;0.65204;0.63904;0.23768;0.63392;0.62935;0.27010;0.44160;0.21909;0.61887;0.28618;0.34002;0.31289;0.19991;0.08766;0.22169;0.14227;0.59891;0.59893;0.13512;0.59830;0.59856;0.59819;0.59778;0.59561;0.22070;0.59521;0.59129;0.58825;0.57541;0.20516;0.57381;0.22317;0.57205;0.49867;0.48715;0.48004;0.47527;0.45212;0.44015;0.18713;0.41590;0.12500;0.42656;0.14399;0.41883;0.03533;0.41866;0.18113;0.11615;0.11608;0.09982;0.09178;0.40371;0.17696;0.39875;0.39227;0.38935;0.33966;0.24985;0.22151;0.21416;0.14108;0.29914;0.17146;0.20960;0.12076;0.21085;0.27126;0.29810;0.13704;0.28571;0.14880;0.12637;0.20980;0.26033;0.22106;0.21934;0.13361;0.18799;0.16687;0.16375;0.13021;0.10574;0.11053;0.14714;0.28740;0.41798;0.37919;0.45412;0.34148;0.42156;0.23752;0.08648;0.18663;0.40898;0.27000;0.19454;0.21438;0.16167;0.23753;0.33992;0.24698;0.25399;0.19576;0.26391;0.22224;0.20132;0.15455;0.09891;0.17103;0.29152;0.37414;0.34305;0.10894;0.15128;0.16140;0.19551;0.15800;0.26306;0.30076;0.35562;0.29000;0.16344;0.25870;0.08252;0.33845;0.08299;0.27360;0.14290;0.14042;0.12698;0.12700;0.10758
2020-04-14 00:00;0.92466;0.92549;0.10571;0.92538;0.13580;0.30767;0.08126;0.92398;0.08592;0.92527;0.10358;0.92563;0.07860;0.69411;0.10036;0.92665;0.92657;0.09585;0.92745;0.92837;0.05388;0.92919;0.05226;0.09927;0.09864;0.64074;0.14180;0.92994;0.92985;0.05147;0.93077;0.07609;0.74144;0.11456;0.93177;0.10315;0.93245;0.90503;0.93364;0.93355;0.93422;0.91907;0.91925;0.68865;0.87032;0.86477;0.44856;0.84932;0.84867;0.84496;0.84301;0.83956;0.82849;0.13195;0.80835;0.19267;0.82748;0.82682;0.82510;0.20417;0.82073;0.82317;0.21661;0.82143;0.79716;0.31870;0.79003;0.78422;0.37902;0.54815;0.30240;0.76698;0.39478;0.45157;0.41870;0.25685;0.11699;0.29051;0.21879;0.73208;0.73296;0.16015;0.73254;0.73237;0.73019;0.72949;0.72736;0.27534;0.72630;0.72414;0.71836;0.68645;0.40106;0.67673;0.34511;0.65880;0.59722;0.58926;0.56530;0.55724;0.54241;0.52882;0.25793;0.49787;0.19288;0.50421;0.17701;0.49446;0.03889;0.49444;0.19997;0.12625;0.18288;0.17844;0.21761;0.47788;0.21352;0.47150;0.46487;0.44976;0.39773;0.25618;0.28887;0.37910;0.30824;0.37151;0.26087;0.22326;0.13051;0.23181;0.30192;0.31267;0.19522;0.28882;0.18344;0.14962;0.23103;0.30949;0.24513;0.23956;0.16485;0.26440;0.23176;0.21791;0.19638;0.15149;0.17904;0.21856;0.30265;0.43477;0.38719;0.45448;0.34011;0.42279;0.23949;0.09073;0.18661;0.41002;0.27976;0.21821;0.22944;0.16215;0.24736;0.50668;0.27394;0.30392;0.24391;0.32964;0.27203;0.25128;0.22451;0.11981;0.22750;0.42018;0.54496;0.50410;0.15401;0.18073;0.17609;0.23704;0.18780;0.38845;0.35652;0.35755;0.33246;0.17341;0.26552;0.10451;0.55729;0.15244;0.30737;0.15067;0.14223;0.12358;0.14437;0.11714
2020-04-15 00:00;0.81839;0.81649;0.06855;0.81649;0.08031;0.18149;0.06157;0.81602;0.07077;0.81458;0.09505;0.81441;0.07889;0.61026;0.08380;0.81369;0.81361;0.09392;0.81323;0.81245;0.05231;0.81217;0.04747;0.09268;0.08839;0.55972;0.10842;0.81178;0.81162;0.04655;0.81076;0.07039;0.64491;0.11215;0.80979;0.10007;0.80971;0.78575;0.80847;0.80725;0.80644;0.79506;0.79466;0.56731;0.75567;0.75371;0.30209;0.74617;0.74515;0.74361;0.74206;0.74019;0.73550;0.05490;0.71745;0.07730;0.73487;0.73451;0.73395;0.07304;0.73117;0.73351;0.09041;0.73338;0.72433;0.16864;0.72276;0.72151;0.24377;0.50886;0.18600;0.71547;0.28043;0.31474;0.30367;0.26414;0.10673;0.15976;0.18926;0.70255;0.69765;0.15337;0.69649;0.69116;0.68357;0.68208;0.67486;0.28325;0.67117;0.66735;0.66378;0.65515;0.24458;0.65298;0.30548;0.64360;0.59028;0.58062;0.55886;0.54682;0.52770;0.51426;0.23876;0.48565;0.15158;0.49630;0.16057;0.48836;0.04144;0.48831;0.19993;0.15766;0.13928;0.12955;0.13151;0.47457;0.22413;0.46654;0.46128;0.45511;0.35770;0.26673;0.27021;0.26852;0.17494;0.35937;0.21383;0.22355;0.13418;0.22386;0.29963;0.31722;0.18646;0.28761;0.15644;0.14995;0.22701;0.31251;0.24239;0.25828;0.14627;0.25492;0.23208;0.23044;0.18133;0.13323;0.13871;0.16962;0.31986;0.40588;0.37976;0.45453;0.34097;0.42415;0.24700;0.08891;0.18718;0.41002;0.28250;0.20802;0.22411;0.16307;0.24133;0.34229;0.26323;0.28858;0.24551;0.33163;0.27026;0.24610;0.20432;0.11782;0.11623;0.28263;0.37255;0.32754;0.13285;0.07027;0.05661;0.09574;0.07272;0.26485;0.16222;0.14014;0.16142;0.07394;0.10545;0.07900;0.41785;0.10112;0.28302;0.13784;0.13397;0.07028;0.13775;0.08212
2020-04-16 00:00;0.63473;0.63239;0.05766;0.63235;0.05974;0.13455;0.05934;0.63192;0.06855;0.63007;0.08794;0.62972;0.07685;0.47171;0.07710;0.62855;0.62846;0.09134;0.62774;0.62644;0.04996;0.62592;0.04610;0.09021;0.08544;0.43123;0.09458;0.62523;0.62499;0.04290;0.62362;0.06628;0.49572;0.10722;0.62223;0.09607;0.62185;0.60313;0.61985;0.61644;0.61543;0.61642;0.61593;0.24346;0.61866;0.61967;0.09034;0.62280;0.62235;0.62263;0.62200;0.62171;0.62437;0.00738;0.60922;0.01133;0.62432;0.62421;0.62445;0.01494;0.62234;0.62448;0.01615;0.62490;0.62998;0.01885;0.63172;0.63305;0.08101;0.45100;0.05537;0.63681;0.21102;0.23623;0.24386;0.25714;0.09593;0.09693;0.15122;0.63792;0.63297;0.14304;0.63170;0.62653;0.61875;0.61707;0.60965;0.25900;0.60595;0.60104;0.59986;0.60614;0.14785;0.60700;0.25966;0.60439;0.54982;0.53805;0.51839;0.50594;0.47961;0.46484;0.19822;0.43988;0.13270;0.45061;0.14823;0.44201;0.04115;0.44185;0.18554;0.11977;0.11603;0.09744;0.07783;0.42793;0.21290;0.41894;0.41168;0.40704;0.32933;0.26482;0.24545;0.17404;0.06823;0.32586;0.18898;0.21918;0.13133;0.21563;0.28832;0.31827;0.18447;0.28986;0.14886;0.13259;0.22217;0.30603;0.23619;0.26115;0.13507;0.23638;0.21912;0.22244;0.16009;0.12153;0.11402;0.14889;0.31799;0.39244;0.37122;0.45484;0.34181;0.42393;0.24642;0.08542;0.18655;0.41001;0.27763;0.20129;0.21923;0.16226;0.23811;0.19392;0.25213;0.26333;0.22859;0.30604;0.25465;0.20937;0.17189;0.11132;0.01678;0.12032;0.15892;0.09230;0.10185;0.01010;0.01414;0.01290;0.01057;0.08031;0.02961;0.04320;0.02903;0.01311;0.01904;0.06924;0.15413;0.08139;0.25962;0.13204;0.13214;0.06077;0.12991;0.07564
2020-04-17 00:00;0.56126;0.56056;0.05664;0.56052;0.05734;0.12921;0.05626;0.56021;0.06527;0.55967;0.08358;0.55950;0.07339;0.41925;0.07456;0.55894;0.55887;0.08745;0.55858;0.55784;0.04788;0.55774;0.04447;0.08675;0.08284;0.38436;0.09166;0.55749;0.55739;0.04148;0.55689;0.06359;0.44308;0.10288;0.55637;0.09231;0.55620;0.53933;0.55508;0.55099;0.55066;0.55517;0.55493;0.12734;0.56888;0.57074;0.02856;0.57595;0.57625;0.57727;0.57790;0.57895;0.58258;0.00654;0.56877;0.00975;0.58314;0.58325;0.58405;0.01285;0.58213;0.58448;0.01416;0.58502;0.59210;0.01471;0.59424;0.59621;0.04486;0.42575;0.02449;0.60158;0.19519;0.21455;0.22133;0.23056;0.09176;0.08844;0.14509;0.60521;0.60234;0.13462;0.60143;0.59774;0.59245;0.59109;0.58517;0.24419;0.58215;0.57750;0.57701;0.58402;0.14360;0.58487;0.24412;0.58334;0.52591;0.51441;0.49826;0.48848;0.46212;0.44792;0.18761;0.42388;0.12854;0.43436;0.14614;0.42578;0.04027;0.42560;0.18332;0.11930;0.11356;0.09534;0.07431;0.41079;0.19305;0.40384;0.39672;0.39310;0.32895;0.26214;0.22946;0.17352;0.07178;0.31552;0.17997;0.21481;0.12724;0.21368;0.28237;0.31159;0.14279;0.28583;0.14697;0.12774;0.21742;0.29461;0.23046;0.25369;0.13195;0.21492;0.19712;0.19953;0.14273;0.11467;0.10461;0.14153;0.30571;0.38969;0.36868;0.45421;0.34159;0.42359;0.24537;0.08360;0.18546;0.41001;0.27274;0.19784;0.21748;0.16082;0.23720;0.17796;0.24424;0.25406;0.21377;0.28183;0.24206;0.17943;0.16096;0.10481;0.01509;0.08811;0.11683;0.03649;0.09292;0.00860;0.01164;0.00819;0.00847;0.03025;0.01722;0.03223;0.02499;0.01167;0.01329;0.06712;0.08546;0.07921;0.25158;0.12628;0.13018;0.05695;0.12426;0.07159
2020-04-18 00:00;0.53117;0.53082;0.05045;0.53080;0.04959;0.11165;0.05138;0.53067;0.06087;0.53032;0.07756;0.53019;0.06924;0.39731;0.07040;0.52973;0.52967;0.08280;0.52945;0.52881;0.04505;0.52877;0.04189;0.08175;0.07811;0.36442;0.08562;0.52860;0.52856;0.03938;0.52822;0.05981;0.42034;0.09731;0.52785;0.08717;0.52772;0.51166;0.52672;0.52270;0.52246;0.52714;0.52694;0.06674;0.54452;0.54636;0.02374;0.55146;0.55179;0.55285;0.55359;0.55474;0.55827;0.00617;0.54505;0.00954;0.55883;0.55895;0.55974;0.01227;0.55790;0.56017;0.01272;0.56070;0.56781;0.01446;0.56988;0.57179;0.04089;0.40836;0.02290;0.57702;0.17941;0.19340;0.19683;0.20031;0.08749;0.08649;0.13808;0.58147;0.57908;0.12669;0.57834;0.57532;0.57137;0.57038;0.56510;0.23158;0.56262;0.55811;0.55787;0.56498;0.13126;0.56601;0.22964;0.56497;0.50441;0.49462;0.48253;0.47460;0.45024;0.43673;0.18183;0.41314;0.12452;0.42359;0.14432;0.41504;0.03913;0.41484;0.18053;0.11875;0.11029;0.09134;0.06882;0.39984;0.17315;0.39519;0.38826;0.38544;0.32668;0.25930;0.20849;0.16705;0.06565;0.30684;0.17124;0.21080;0.12266;0.20964;0.27635;0.29779;0.13470;0.28518;0.14470;0.12766;0.21290;0.27693;0.22458;0.24051;0.12855;0.18918;0.17116;0.17147;0.13351;0.10822;0.09702;0.13361;0.28519;0.38748;0.36704;0.45231;0.34025;0.42045;0.24021;0.08199;0.18417;0.40772;0.26790;0.19401;0.21572;0.15908;0.23622;0.16927;0.23652;0.24455;0.19964;0.26500;0.22935;0.16961;0.14982;0.09850;0.01451;0.07985;0.10606;0.03085;0.08558;0.00813;0.01001;0.00791;0.00800;0.02597;0.01380;0.02005;0.01622;0.00847;0.01006;0.06277;0.07508;0.07519;0.24123;0.11963;0.12789;0.04980;0.11790;0.06621
2020-04-19 00:00;0.51497;0.51481;0.04919;0.51479;0.05069;0.11429;0.04864;0.51462;0.05887;0.51444;0.07181;0.51436;0.06496;0.38548;0.06704;0.51405;0.51400;0.07910;0.51386;0.51337;0.04265;0.51339;0.04017;0.07826;0.07488;0.35384;0.08371;0.51329;0.51324;0.03811;0.51298;0.05728;0.40826;0.09268;0.51272;0.08309;0.51265;0.49702;0.51179;0.50788;0.50774;0.51245;0.51230;0.06067;0.52985;0.53171;0.02557;0.53672;0.53714;0.53822;0.53904;0.54020;0.54363;0.00668;0.53081;0.00918;0.54427;0.54441;0.54526;0.01256;0.54347;0.54572;0.01485;0.54625;0.55326;0.01387;0.55535;0.55733;0.03984;0.39811;0.02350;0.56253;0.17423;0.18764;0.18997;0.19232;0.08388;0.08634;0.13418;0.56720;0.56586;0.12220;0.56534;0.56338;0.56122;0.56053;0.55634;0.22021;0.55472;0.55043;0.54996;0.55527;0.13151;0.55618;0.22192;0.55526;0.49164;0.48566;0.47535;0.46917;0.44588;0.43310;0.18149;0.40955;0.12289;0.42000;0.14380;0.41167;0.03818;0.41148;0.18031;0.11844;0.11074;0.09105;0.07686;0.39633;0.17072;0.39185;0.38510;0.38159;0.32400;0.25472;0.19934;0.17547;0.09816;0.30051;0.17177;0.20770;0.11812;0.20828;0.27171;0.29360;0.13421;0.28093;0.14488;0.12744;0.20858;0.27073;0.21983;0.23612;0.12825;0.18445;0.16631;0.16580;0.12987;0.10540;0.09873;0.13354;0.25332;0.39007;0.36615;0.44862;0.33711;0.41505;0.23539;0.08087;0.18277;0.40283;0.26417;0.19195;0.21502;0.15720;0.23600;0.18392;0.23322;0.23964;0.18998;0.25130;0.21870;0.16489;0.14071;0.09299;0.01438;0.07757;0.10290;0.03234;0.08203;0.00858;0.01317;0.00802;0.00851;0.02607;0.01898;0.03002;0.02559;0.01102;0.01351;0.06071;0.07491;0.07271;0.23464;0.11406;0.12657;0.05238;0.11197;0.06503
2020-04-20 00:00;0.52285;0.52248;0.05918;0.52241;0.06945;0.15706;0.05304;0.52172;0.06154;0.52156;0.07054;0.52153;0.06256;0.39090;0.06653;0.52136;0.52130;0.07918;0.52125;0.52088;0.04193;0.52098;0.04110;0.07996;0.07616;0.35908;0.09063;0.52091;0.52076;0.03889;0.52043;0.05821;0.41418;0.09081;0.52021;0.08180;0.52021;0.50436;0.51945;0.51550;0.51548;0.52004;0.51991;0.06615;0.53764;0.53960;0.04318;0.54446;0.54498;0.54572;0.54616;0.54682;0.55013;0.00985;0.53721;0.01017;0.55085;0.55104;0.55197;0.01697;0.55016;0.55246;0.02554;0.55295;0.55955;0.01440;0.56174;0.56381;0.04711;0.40271;0.03027;0.56897;0.17787;0.19069;0.19125;0.19015;0.08257;0.09223;0.13815;0.57377;0.57303;0.12352;0.57256;0.57116;0.56983;0.56930;0.56587;0.21844;0.56474;0.56067;0.55961;0.55871;0.16533;0.55852;0.22535;0.55692;0.49388;0.48655;0.47684;0.47080;0.44786;0.43566;0.18279;0.41217;0.12238;0.42277;0.14402;0.41468;0.03761;0.41451;0.18061;0.11819;0.11194;0.09511;0.07804;0.39990;0.17340;0.39524;0.38878;0.38543;0.33148;0.24911;0.21666;0.19946;0.11578;0.29950;0.17140;0.20730;0.11387;0.20798;0.26925;0.29405;0.13621;0.28095;0.14431;0.12723;0.20720;0.26566;0.21759;0.22791;0.12872;0.18707;0.16834;0.16748;0.13134;0.10527;0.10140;0.13673;0.26212;0.39053;0.36443;0.44421;0.33329;0.41206;0.23508;0.08039;0.18140;0.39972;0.26196;0.19128;0.21510;0.15540;0.22811;0.24251;0.23514;0.24008;0.18962;0.24943;0.21586;0.16780;0.14390;0.09203;0.01763;0.08662;0.11429;0.04169;0.08839;0.01224;0.02551;0.01003;0.01225;0.03612;0.04099;0.09435;0.07099;0.02190;0.02693;0.06538;0.09005;0.07345;0.23820;0.11483;0.12792;0.07024;0.11191;0.07299
2020-04-21 00:00;0.58394;0.58440;0.06358;0.58435;0.07732;0.17499;0.05406;0.58371;0.06455;0.58427;0.07336;0.58439;0.06421;0.43813;0.06823;0.58467;0.58462;0.08009;0.58489;0.58498;0.04239;0.58535;0.04149;0.08034;0.07729;0.40356;0.09316;0.58562;0.58555;0.03943;0.58581;0.05895;0.46652;0.09110;0.58614;0.08239;0.58637;0.56871;0.58635;0.58353;0.58389;0.58539;0.58543;0.19145;0.59529;0.59538;0.15652;0.59626;0.59648;0.59607;0.59603;0.59602;0.59689;0.04699;0.58280;0.06420;0.59737;0.59741;0.59780;0.06913;0.59554;0.59784;0.08131;0.59788;0.59877;0.09822;0.59949;0.60059;0.12272;0.42735;0.09703;0.60265;0.20635;0.23188;0.22284;0.19206;0.08244;0.12835;0.14428;0.60377;0.60388;0.12813;0.60358;0.60280;0.60248;0.60205;0.59967;0.22239;0.59923;0.59588;0.59434;0.58518;0.24015;0.58235;0.23735;0.57993;0.52216;0.51276;0.50292;0.49739;0.47889;0.46895;0.19640;0.44529;0.13550;0.45654;0.15185;0.44982;0.03779;0.44974;0.19978;0.12214;0.13897;0.12809;0.14114;0.43640;0.20277;0.42946;0.42392;0.41709;0.35185;0.25517;0.23653;0.23744;0.16033;0.31818;0.19371;0.21104;0.11502;0.21351;0.27032;0.29683;0.14452;0.28108;0.15499;0.12712;0.20871;0.26989;0.21953;0.22621;0.13256;0.20225;0.18182;0.17959;0.14002;0.11274;0.11285;0.14715;0.28675;0.39409;0.36355;0.44057;0.32996;0.41148;0.23518;0.08085;0.18019;0.39920;0.26184;0.19328;0.21646;0.15391;0.22655;0.31570;0.24095;0.24797;0.19783;0.25882;0.21982;0.18159;0.15350;0.09508;0.06708;0.16619;0.21661;0.17456;0.09632;0.06541;0.07462;0.08561;0.06854;0.12589;0.14565;0.16845;0.15071;0.07518;0.11717;0.06779;0.19470;0.07668;0.24312;0.11510;0.12799;0.07589;0.11509;0.07645
2020-04-22 00:00;0.58572;0.58529;0.05258;0.58529;0.06044;0.13662;0.04647;0.58501;0.05961;0.58469;0.07244;0.58466;0.06320;0.43819;0.06650;0.58444;0.58439;0.07849;0.58430;0.58394;0.04246;0.58396;0.03989;0.07744;0.07471;0.40250;0.08479;0.58390;0.58383;0.03800;0.58358;0.05669;0.46444;0.09062;0.58332;0.08250;0.58332;0.56577;0.58263;0.57998;0.57980;0.57860;0.57844;0.25020;0.57932;0.57977;0.14681;0.58033;0.58031;0.58028;0.58031;0.58042;0.58143;0.02368;0.56755;0.03320;0.58174;0.58176;0.58222;0.03232;0.58022;0.58244;0.04461;0.58276;0.58481;0.06863;0.58598;0.58724;0.10241;0.41801;0.07639;0.58983;0.18593;0.20187;0.20070;0.19165;0.08095;0.10076;0.14047;0.59230;0.59068;0.12538;0.59015;0.58804;0.58615;0.58557;0.58153;0.22374;0.58034;0.57646;0.57509;0.57313;0.18832;0.57228;0.23524;0.56997;0.51409;0.50745;0.49649;0.48894;0.46805;0.45680;0.19214;0.43316;0.13049;0.44409;0.14825;0.43652;0.03808;0.43639;0.19671;0.13300;0.12581;0.11173;0.11260;0.42187;0.19456;0.41534;0.40923;0.40365;0.33540;0.24941;0.22398;0.19762;0.11398;0.31375;0.18316;0.20941;0.11588;0.21128;0.27038;0.29717;0.14222;0.28106;0.14777;0.12719;0.20843;0.27170;0.21909;0.22953;0.13025;0.19886;0.17960;0.17821;0.13882;0.11115;0.10781;0.14094;0.26706;0.38389;0.35912;0.43769;0.32766;0.40953;0.23468;0.07972;0.17910;0.39726;0.26054;0.19207;0.21646;0.15256;0.22566;0.25668;0.23676;0.24526;0.19582;0.25720;0.22085;0.17363;0.15019;0.09360;0.04482;0.14697;0.19401;0.15166;0.09217;0.03104;0.03198;0.04172;0.03247;0.11789;0.08508;0.08592;0.09774;0.04192;0.05936;0.06251;0.21661;0.07330;0.23732;0.10901;0.12486;0.05840;0.11121;0.06660
2020-04-23 00:00;0.53005;0.52923;0.04594;0.52923;0.04977;0.11234;0.04347;0.52904;0.05707;0.52835;0.06833;0.52823;0.06095;0.39582;0.06434;0.52776;0.52770;0.07479;0.52742;0.52682;0.04104;0.52667;0.03855;0.07505;0.07197;0.36295;0.08082;0.52641;0.52631;0.03655;0.52574;0.05449;0.41823;0.08850;0.52516;0.07987;0.52503;0.50910;0.52391;0.52069;0.52028;0.52322;0.52298;0.11911;0.53608;0.53756;0.05620;0.54158;0.54171;0.54244;0.54276;0.54340;0.54641;0.00745;0.53339;0.01104;0.54681;0.54687;0.54750;0.01470;0.54568;0.54781;0.01706;0.54827;0.55421;0.01739;0.55609;0.55777;0.05017;0.39810;0.03353;0.56238;0.17196;0.18357;0.18579;0.18825;0.07823;0.08450;0.13418;0.56667;0.56497;0.12158;0.56439;0.56228;0.55987;0.55920;0.55472;0.21935;0.55310;0.54884;0.54805;0.55296;0.13645;0.55369;0.22687;0.55195;0.49496;0.48930;0.47880;0.47153;0.44826;0.43598;0.18348;0.41266;0.12333;0.42312;0.14343;0.41493;0.03770;0.41476;0.18347;0.12016;0.11465;0.09742;0.08659;0.40002;0.18372;0.39387;0.38705;0.38262;0.31828;0.25096;0.20166;0.16757;0.07884;0.30131;0.17481;0.20680;0.11323;0.20685;0.26732;0.29467;0.13739;0.28097;0.14318;0.12714;0.20568;0.26412;0.21586;0.22354;0.12726;0.19008;0.17159;0.17103;0.13313;0.10713;0.10093;0.13537;0.25294;0.37663;0.35345;0.43428;0.32490;0.40417;0.23370;0.07750;0.17791;0.39161;0.25625;0.18938;0.21556;0.15100;0.22482;0.18631;0.23110;0.23764;0.18952;0.24913;0.21726;0.16232;0.14310;0.09003;0.01693;0.09110;0.12041;0.05974;0.08425;0.01000;0.01460;0.01098;0.01013;0.04747;0.02758;0.03829;0.03318;0.01249;0.01664;0.05938;0.10967;0.07056;0.22675;0.10356;0.12297;0.05127;0.10517;0.06210
2020-04-24 00:00;0.49658;0.49639;0.04108;0.49641;0.04218;0.09511;0.03945;0.49641;0.05337;0.49617;0.06278;0.49612;0.05790;0.37181;0.06155;0.49584;0.49579;0.07109;0.49566;0.49524;0.03875;0.49523;0.03658;0.07113;0.06856;0.34132;0.07558;0.49513;0.49510;0.03490;0.49485;0.05166;0.39382;0.08451;0.49457;0.07586;0.49452;0.47946;0.49369;0.49054;0.49034;0.49473;0.49458;0.08113;0.50992;0.51161;0.02605;0.51630;0.51660;0.51756;0.51822;0.51926;0.52255;0.00651;0.51017;0.01009;0.52306;0.52316;0.52389;0.01310;0.52216;0.52427;0.01380;0.52476;0.53140;0.01522;0.53332;0.53506;0.03804;0.38212;0.02334;0.53992;0.16543;0.17713;0.18013;0.18468;0.07513;0.07945;0.12828;0.54433;0.54293;0.11740;0.54238;0.54055;0.53835;0.53768;0.53335;0.21099;0.53178;0.52748;0.52720;0.53442;0.11702;0.53559;0.21468;0.53462;0.47626;0.47196;0.46409;0.45769;0.43311;0.42098;0.17710;0.39801;0.11824;0.40831;0.14100;0.39992;0.03692;0.39973;0.17859;0.11931;0.10845;0.08998;0.07176;0.38460;0.17084;0.37952;0.37247;0.36903;0.30773;0.24580;0.18579;0.16205;0.06756;0.29284;0.16532;0.20387;0.10885;0.20278;0.26201;0.29257;0.12991;0.28083;0.14049;0.12693;0.20178;0.24963;0.21065;0.20769;0.12399;0.17856;0.16139;0.16104;0.12568;0.10161;0.09431;0.12719;0.23594;0.37022;0.34860;0.42953;0.32099;0.39848;0.23287;0.07570;0.17657;0.38558;0.25170;0.18596;0.21407;0.14919;0.22396;0.15502;0.22431;0.22972;0.18261;0.23997;0.21037;0.15506;0.13526;0.08617;0.01553;0.07479;0.09917;0.03600;0.07686;0.00862;0.01085;0.00828;0.00848;0.02531;0.01583;0.02109;0.01906;0.00868;0.01027;0.05540;0.07367;0.06735;0.21620;0.09741;0.12057;0.04354;0.10028;0.05711
2020-04-25 00:00;0.47511;0.47503;0.03760;0.47505;0.03782;0.08526;0.03584;0.47513;0.04996;0.47498;0.05628;0.47498;0.05373;0.35598;0.05760;0.47477;0.47472;0.06670;0.47462;0.47428;0.03633;0.47430;0.03427;0.06657;0.06434;0.32690;0.07078;0.47423;0.47422;0.03305;0.47403;0.04832;0.37728;0.07911;0.47382;0.07140;0.47379;0.45932;0.47303;0.47005;0.46989;0.47437;0.47424;0.05730;0.49038;0.49203;0.02124;0.49663;0.49693;0.49791;0.49859;0.49964;0.50285;0.00618;0.49094;0.00960;0.50335;0.50346;0.50417;0.01236;0.50250;0.50455;0.01262;0.50502;0.51170;0.01464;0.51355;0.51524;0.03603;0.36798;0.02186;0.51995;0.15950;0.17126;0.17435;0.17973;0.07180;0.07630;0.12290;0.52417;0.52327;0.11308;0.52278;0.52140;0.51988;0.51932;0.51550;0.20049;0.51432;0.51013;0.51019;0.51807;0.10834;0.51934;0.20224;0.51921;0.45953;0.45600;0.45063;0.44534;0.41969;0.40789;0.16992;0.38551;0.11358;0.39574;0.13901;0.38730;0.03573;0.38710;0.17495;0.11851;0.10412;0.08453;0.06330;0.37184;0.16253;0.36727;0.36003;0.35640;0.29871;0.23817;0.17838;0.15722;0.06237;0.28281;0.15577;0.20097;0.10364;0.19866;0.25641;0.29082;0.12330;0.28070;0.13812;0.12655;0.19718;0.23808;0.20459;0.19770;0.12055;0.16668;0.15053;0.15017;0.11732;0.09606;0.08855;0.11986;0.22350;0.36483;0.34348;0.42334;0.31580;0.39272;0.23200;0.07389;0.17505;0.37949;0.24713;0.18237;0.21068;0.14707;0.22319;0.14071;0.21770;0.22123;0.17430;0.22876;0.20138;0.14876;0.12687;0.08119;0.01457;0.06772;0.08983;0.03156;0.07018;0.00809;0.00978;0.00790;0.00798;0.02152;0.01271;0.01452;0.01221;0.00737;0.00865;0.05167;0.06530;0.06341;0.20655;0.08967;0.11830;0.03982;0.09413;0.05292
2020-04-26 00:00;0.45643;0.45637;0.03424;0.45640;0.03523;0.07947;0.03233;0.45651;0.04662;0.45639;0.05182;0.45641;0.04901;0.34207;0.05340;0.45626;0.45622;0.06178;0.45615;0.45588;0.03368;0.45591;0.03193;0.06192;0.06006;0.31424;0.06642;0.45586;0.45586;0.03120;0.45570;0.04470;0.36270;0.07325;0.45553;0.06653;0.45552;0.44158;0.45481;0.45201;0.45186;0.45627;0.45616;0.05278;0.47186;0.47343;0.01951;0.47786;0.47815;0.47908;0.47972;0.48071;0.48380;0.00574;0.47234;0.00891;0.48428;0.48437;0.48505;0.01133;0.48345;0.48541;0.01160;0.48586;0.49246;0.01366;0.49423;0.49585;0.03460;0.35413;0.02062;0.50038;0.15327;0.16482;0.16760;0.17310;0.06900;0.07384;0.11760;0.50441;0.50412;0.10814;0.50370;0.50283;0.50226;0.50194;0.49879;0.19029;0.49807;0.49406;0.49429;0.50248;0.09848;0.50388;0.19059;0.50444;0.44406;0.44101;0.43790;0.43409;0.40724;0.39593;0.16361;0.37408;0.10825;0.38434;0.13687;0.37594;0.03425;0.37572;0.17177;0.11773;0.10049;0.08021;0.05785;0.36038;0.15706;0.35601;0.34889;0.34569;0.29337;0.23702;0.17209;0.15152;0.05858;0.27124;0.14618;0.19609;0.09755;0.19435;0.25027;0.29022;0.12284;0.28057;0.13548;0.12601;0.19196;0.22859;0.19776;0.19191;0.11726;0.16081;0.14700;0.14802;0.11716;0.09026;0.08336;0.11283;0.21335;0.35870;0.33726;0.41565;0.30929;0.38676;0.23098;0.07172;0.17336;0.37321;0.24245;0.17865;0.20681;0.14461;0.21564;0.13061;0.21106;0.21259;0.16372;0.21561;0.19133;0.14320;0.11839;0.07599;0.01359;0.06225;0.08258;0.02909;0.06447;0.00752;0.00905;0.00744;0.00741;0.02024;0.01170;0.01286;0.01128;0.00683;0.00804;0.04831;0.06102;0.05924;0.19757;0.08028;0.11594;0.03736;0.08721;0.04913
2020-04-27 00:00;0.43935;0.43933;0.03089;0.43937;0.03341;0.07540;0.02996;0.43949;0.04404;0.43942;0.04959;0.43943;0.04617;0.32936;0.05033;0.43933;0.43929;0.05783;0.43925;0.43904;0.03171;0.43907;0.03011;0.05831;0.05674;0.30264;0.06287;0.43905;0.43905;0.02965;0.43892;0.04181;0.34936;0.06877;0.43878;0.06260;0.43879;0.42534;0.43813;0.43552;0.43539;0.43972;0.43962;0.05036;0.45480;0.45633;0.01853;0.46062;0.46090;0.46182;0.46246;0.46343;0.46642;0.00549;0.45537;0.00846;0.46689;0.46699;0.46765;0.01081;0.46611;0.46800;0.01104;0.46844;0.47495;0.01299;0.47667;0.47826;0.03352;0.34157;0.01975;0.48264;0.14829;0.16005;0.16271;0.16965;0.06518;0.07183;0.11289;0.48650;0.48639;0.10351;0.48607;0.48575;0.48599;0.48584;0.48324;0.17992;0.48294;0.47910;0.47947;0.48783;0.09107;0.48931;0.18095;0.49035;0.43000;0.42723;0.42598;0.42342;0.39543;0.38454;0.15808;0.36315;0.10339;0.37339;0.13482;0.36506;0.03259;0.36484;0.16880;0.11692;0.09722;0.07618;0.05344;0.34934;0.15174;0.34516;0.33811;0.33543;0.28835;0.23569;0.16643;0.14621;0.05561;0.25918;0.13771;0.19152;0.09055;0.19038;0.24423;0.28965;0.12233;0.28046;0.13305;0.12529;0.18678;0.22012;0.19067;0.18704;0.11430;0.15599;0.14411;0.14623;0.11686;0.08532;0.07896;0.10716;0.20514;0.35159;0.32999;0.40763;0.30253;0.38057;0.22982;0.06923;0.17151;0.36672;0.23764;0.17519;0.20319;0.14186;0.21188;0.12209;0.20451;0.20468;0.15474;0.20430;0.18116;0.13845;0.11081;0.07198;0.01276;0.05789;0.07678;0.02729;0.05983;0.00716;0.00858;0.00714;0.00707;0.01951;0.01120;0.01224;0.01071;0.00638;0.00760;0.04574;0.05799;0.05643;0.18896;0.07142;0.11367;0.03522;0.08159;0.04639
2020-04-28 00:00;0.42522;0.42526;0.02883;0.42531;0.03154;0.07117;0.02796;0.42545;0.04165;0.42543;0.04719;0.42546;0.04378;0.31889;0.04750;0.42540;0.42536;0.05425;0.42535;0.42520;0.02994;0.42525;0.02846;0.05503;0.05371;0.29312;0.05963;0.42525;0.42526;0.02829;0.42518;0.03932;0.33844;0.06470;0.42509;0.05915;0.42511;0.41207;0.42451;0.42211;0.42201;0.42629;0.42621;0.04848;0.44099;0.44249;0.01788;0.44668;0.44698;0.44790;0.44858;0.44957;0.45247;0.00524;0.44177;0.00817;0.45296;0.45306;0.45373;0.01024;0.45224;0.45410;0.01055;0.45453;0.46095;0.01243;0.46265;0.46424;0.03263;0.33159;0.01896;0.46853;0.14419;0.15570;0.15804;0.16479;0.06357;0.07048;0.10958;0.47233;0.47254;0.10056;0.47219;0.47231;0.47291;0.47283;0.47037;0.17358;0.47022;0.46643;0.46684;0.47524;0.08729;0.47672;0.17385;0.47804;0.41794;0.41531;0.41490;0.41296;0.38360;0.37284;0.15336;0.35178;0.09872;0.36192;0.13280;0.35353;0.03083;0.35329;0.16589;0.11608;0.09412;0.07235;0.04959;0.33747;0.14664;0.33340;0.32629;0.32390;0.28023;0.22812;0.16121;0.14130;0.05306;0.24707;0.13039;0.18721;0.08273;0.18675;0.23864;0.28924;0.12177;0.28038;0.13073;0.12444;0.18185;0.21389;0.18405;0.18320;0.11160;0.15250;0.14202;0.14478;0.11643;0.08188;0.07597;0.10260;0.19891;0.34493;0.32316;0.39924;0.29548;0.37334;0.22394;0.06679;0.16953;0.36008;0.23275;0.17177;0.19989;0.13889;0.21149;0.11593;0.19965;0.19777;0.14899;0.19745;0.17410;0.13678;0.10522;0.06975;0.01239;0.05460;0.07241;0.02593;0.05635;0.00691;0.00830;0.00692;0.00681;0.01894;0.01086;0.01189;0.01052;0.00632;0.00753;0.04340;0.05566;0.05374;0.18091;0.06555;0.11146;0.03316;0.07678;0.04388
2020-04-29 00:00;0.41209;0.41211;0.02651;0.41217;0.02956;0.06673;0.02543;0.41232;0.03836;0.41231;0.04307;0.41235;0.03988;0.30908;0.04363;0.41233;0.41230;0.04963;0.41231;0.41221;0.02760;0.41227;0.02623;0.05063;0.04960;0.28418;0.05545;0.41228;0.41230;0.02661;0.41223;0.03616;0.32814;0.05936;0.41217;0.05464;0.41221;0.39955;0.41163;0.40953;0.40944;0.41365;0.41358;0.04666;0.42794;0.42939;0.01749;0.43344;0.43372;0.43460;0.43523;0.43617;0.43898;0.00518;0.42860;0.00797;0.43944;0.43954;0.44017;0.01015;0.43872;0.44052;0.01042;0.44094;0.44723;0.01224;0.44887;0.45039;0.03202;0.32167;0.01851;0.45452;0.13973;0.15137;0.15360;0.16144;0.05959;0.06862;0.10542;0.45818;0.45818;0.09814;0.45789;0.45828;0.45913;0.45898;0.45695;0.16472;0.45706;0.45335;0.45390;0.46232;0.08140;0.46384;0.16520;0.46553;0.40587;0.40351;0.40414;0.40219;0.37135;0.36089;0.14833;0.34021;0.09288;0.35035;0.13063;0.34196;0.02896;0.34172;0.16264;0.11516;0.09055;0.06782;0.04433;0.32568;0.14085;0.32182;0.31471;0.31280;0.27496;0.22697;0.15523;0.13536;0.04994;0.23320;0.12154;0.18250;0.07389;0.18275;0.23239;0.28869;0.12109;0.28029;0.12814;0.12343;0.17725;0.20714;0.17623;0.17895;0.10874;0.14852;0.13958;0.14304;0.11588;0.07772;0.07231;0.09707;0.19162;0.33781;0.31586;0.39013;0.28782;0.36647;0.22093;0.06453;0.16744;0.35325;0.22774;0.16816;0.19639;0.13570;0.20926;0.10972;0.19446;0.19074;0.14638;0.19050;0.16755;0.13125;0.09954;0.06757;0.01188;0.05168;0.06852;0.02526;0.05298;0.00675;0.00805;0.00680;0.00670;0.01859;0.01059;0.01161;0.01016;0.00619;0.00739;0.04030;0.05279;0.04994;0.17170;0.05932;0.10902;0.03042;0.07099;0.04059
2020-04-30 00:00;0.40520;0.40475;0.03854;0.40473;0.04702;0.10647;0.03163;0.40441;0.03958;0.40424;0.04369;0.40428;0.03703;0.30303;0.04128;0.40429;0.40425;0.04627;0.40429;0.40420;0.02598;0.40426;0.02531;0.04852;0.04754;0.27866;0.05964;0.40425;0.40416;0.02653;0.40391;0.03566;0.32145;0.05529;0.40376;0.05164;0.40383;0.39140;0.40319;0.40112;0.40105;0.40486;0.40478;0.05185;0.41850;0.41986;0.03157;0.42352;0.42373;0.42433;0.42464;0.42510;0.42770;0.00836;0.41756;0.01034;0.42810;0.42818;0.42875;0.01445;0.42733;0.42903;0.01849;0.42939;0.43531;0.01576;0.43682;0.43819;0.03803;0.31283;0.02395;0.44195;0.13831;0.15072;0.15184;0.15688;0.05902;0.07105;0.10306;0.44502;0.44511;0.09670;0.44470;0.44534;0.44629;0.44623;0.44440;0.15879;0.44463;0.44087;0.44114;0.44941;0.07890;0.45089;0.15575;0.45290;0.39297;0.39029;0.39128;0.38948;0.35663;0.34625;0.14233;0.32596;0.08549;0.33616;0.12828;0.32773;0.02702;0.32747;0.15903;0.11412;0.08652;0.06208;0.04034;0.31105;0.13395;0.30742;0.30018;0.29876;0.26750;0.22139;0.14884;0.12871;0.04732;0.21511;0.11014;0.17711;0.06344;0.17810;0.22462;0.28820;0.12028;0.28018;0.12546;0.12222;0.17088;0.19997;0.16631;0.17492;0.10589;0.14470;0.13734;0.14131;0.11526;0.07374;0.06956;0.09126;0.18834;0.33160;0.30822;0.37994;0.27924;0.35891;0.21463;0.06208;0.16522;0.34636;0.22273;0.16450;0.19263;0.13226;0.20564;0.10558;0.19064;0.18410;0.14031;0.18510;0.16201;0.13069;0.09529;0.06543;0.01357;0.05336;0.07019;0.03198;0.05097;0.00974;0.01694;0.01009;0.01012;0.02642;0.02695;0.04768;0.03768;0.01677;0.01921;0.04251;0.06161;0.04758;0.16852;0.05911;0.10878;0.04690;0.06962;0.04791
2020-05-01 00:00;0.43270;0.43244;0.05487;0.43235;0.08669;0.19677;0.04023;0.43070;0.05122;0.43049;0.05820;0.43052;0.04117;0.32277;0.04478;0.43073;0.43066;0.05039;0.43089;0.43092;0.02929;0.43112;0.02875;0.05431;0.05323;0.29721;0.08085;0.43119;0.43082;0.03112;0.43029;0.04284;0.34238;0.05829;0.43016;0.05567;0.43034;0.41711;0.42980;0.42666;0.42688;0.43004;0.42999;0.06921;0.44405;0.44570;0.06089;0.44913;0.44965;0.44993;0.44982;0.44947;0.45188;0.01220;0.44138;0.01070;0.45264;0.45288;0.45380;0.01994;0.45230;0.45426;0.03304;0.45462;0.45974;0.01536;0.46164;0.46351;0.05202;0.33099;0.03464;0.46754;0.14710;0.16133;0.15981;0.15644;0.05984;0.08266;0.10826;0.47183;0.47251;0.10807;0.47195;0.47353;0.47548;0.47536;0.47429;0.16123;0.47517;0.47100;0.46784;0.47570;0.09219;0.47717;0.16493;0.47783;0.41592;0.40315;0.40067;0.39817;0.36740;0.35788;0.15320;0.33688;0.08963;0.34724;0.12974;0.33982;0.02757;0.33958;0.16218;0.11385;0.09271;0.06682;0.07816;0.32421;0.13545;0.32107;0.31409;0.31208;0.28906;0.21996;0.18710;0.16336;0.09629;0.20655;0.12269;0.17910;0.06007;0.17934;0.22072;0.28874;0.12028;0.28032;0.13051;0.12082;0.16706;0.20790;0.15918;0.18815;0.11352;0.15694;0.14390;0.14236;0.11470;0.08029;0.09341;0.11350;0.26450;0.35009;0.30964;0.37228;0.27227;0.36019;0.21383;0.06445;0.16294;0.34824;0.22475;0.16466;0.19236;0.12931;0.20263;0.12070;0.20752;0.19945;0.15119;0.19469;0.16807;0.14313;0.10884;0.06949;0.01919;0.07720;0.10103;0.05237;0.06939;0.01470;0.03382;0.01184;0.01489;0.04397;0.05705;0.12735;0.09045;0.03459;0.04030;0.05656;0.10077;0.05227;0.19558;0.08422;0.11465;0.08946;0.08154;0.07347
2020-05-02 00:00;0.43217;0.43175;0.03690;0.43175;0.05405;0.12261;0.02425;0.43125;0.04194;0.43082;0.06022;0.43073;0.04299;0.32283;0.04497;0.43061;0.43057;0.05116;0.43053;0.43033;0.02917;0.43033;0.02713;0.05198;0.05172;0.29661;0.06008;0.43028;0.43018;0.02875;0.42988;0.03853;0.34210;0.06048;0.42967;0.05605;0.42970;0.41657;0.42893;0.42608;0.42593;0.42862;0.42850;0.07168;0.44172;0.44301;0.05316;0.44618;0.44631;0.44659;0.44667;0.44712;0.44955;0.00667;0.43888;0.00914;0.44995;0.45003;0.45059;0.01345;0.44909;0.45087;0.01884;0.45124;0.45635;0.01357;0.45794;0.45932;0.04359;0.32783;0.02676;0.46312;0.13937;0.15058;0.15123;0.15352;0.05884;0.07216;0.10564;0.46697;0.46665;0.10135;0.46622;0.46636;0.46705;0.46691;0.46421;0.16394;0.46457;0.46059;0.45903;0.46654;0.09257;0.46781;0.16896;0.46809;0.41312;0.40640;0.40369;0.40034;0.36993;0.36001;0.15401;0.33922;0.09310;0.34911;0.12822;0.34135;0.02872;0.34113;0.16094;0.11333;0.09188;0.06957;0.06855;0.32590;0.13862;0.32241;0.31535;0.31253;0.27895;0.21993;0.17409;0.15190;0.07733;0.21944;0.12769;0.17997;0.06377;0.18080;0.22394;0.28855;0.12001;0.28036;0.12762;0.11973;0.16920;0.20902;0.16479;0.18429;0.11155;0.15440;0.14222;0.14242;0.11419;0.08172;0.08368;0.10580;0.22534;0.33107;0.30420;0.36985;0.27065;0.36117;0.21383;0.06502;0.16103;0.34960;0.22633;0.16440;0.19316;0.12679;0.20205;0.12173;0.19917;0.19947;0.14885;0.19367;0.16900;0.13698;0.10737;0.06813;0.01597;0.07276;0.09642;0.04843;0.06758;0.00950;0.01549;0.00863;0.00932;0.04114;0.03332;0.06383;0.05859;0.01649;0.02070;0.04665;0.09345;0.05167;0.18965;0.07929;0.10848;0.04975;0.07577;0.04899
2020-05-03 00:00;0.40645;0.40615;0.02729;0.40619;0.03223;0.07287;0.02197;0.40624;0.03684;0.40599;0.04140;0.40601;0.03426;0.30431;0.04081;0.40594;0.40590;0.04613;0.40587;0.40573;0.02546;0.40573;0.02464;0.04744;0.04656;0.27966;0.05389;0.40568;0.40564;0.02530;0.40544;0.03423;0.32266;0.05510;0.40525;0.05129;0.40528;0.39284;0.40455;0.40278;0.40261;0.40616;0.40607;0.05340;0.41960;0.42090;0.02772;0.42454;0.42469;0.42535;0.42568;0.42629;0.42892;0.00593;0.41872;0.00841;0.42926;0.42932;0.42984;0.01130;0.42842;0.43010;0.01292;0.43048;0.43624;0.01285;0.43774;0.43906;0.03396;0.31347;0.02007;0.44289;0.13215;0.14237;0.14356;0.14739;0.05725;0.06684;0.10056;0.44674;0.44669;0.09577;0.44634;0.44683;0.44777;0.44771;0.44565;0.15728;0.44605;0.44236;0.44222;0.45000;0.08416;0.45135;0.15903;0.45285;0.39913;0.39471;0.39365;0.39129;0.35982;0.35014;0.14711;0.33011;0.08872;0.33994;0.12563;0.33215;0.02821;0.33192;0.15805;0.11256;0.08870;0.06672;0.06028;0.31661;0.13602;0.31301;0.30588;0.30306;0.26730;0.21989;0.15880;0.13628;0.06039;0.21734;0.12287;0.17689;0.06531;0.17761;0.22014;0.28792;0.11930;0.28026;0.12609;0.11875;0.16479;0.20147;0.15986;0.17760;0.10707;0.14802;0.13814;0.14013;0.11365;0.07548;0.07631;0.09820;0.20355;0.32098;0.29616;0.36730;0.26895;0.35428;0.21316;0.06197;0.15905;0.34227;0.22096;0.16016;0.18939;0.12387;0.20154;0.11168;0.19010;0.18626;0.14104;0.18422;0.16107;0.12849;0.09772;0.06492;0.01291;0.05567;0.07348;0.03375;0.05319;0.00767;0.01117;0.00743;0.00763;0.02473;0.01816;0.02822;0.02155;0.00915;0.01144;0.03920;0.06361;0.04706;0.16347;0.06448;0.10584;0.03604;0.06633;0.04101
2020-05-04 00:00;0.38728;0.38716;0.02283;0.38722;0.02935;0.06641;0.01962;0.38733;0.03333;0.38724;0.04212;0.38726;0.03626;0.29027;0.03699;0.38726;0.38723;0.04175;0.38727;0.38724;0.02403;0.38728;0.02230;0.04301;0.04215;0.26696;0.04801;0.38731;0.38730;0.02339;0.38724;0.03097;0.30823;0.05032;0.38717;0.04667;0.38724;0.37534;0.38670;0.38544;0.38534;0.38917;0.38911;0.04696;0.40243;0.40374;0.02156;0.40742;0.40764;0.40836;0.40884;0.40960;0.41219;0.00543;0.40241;0.00811;0.41257;0.41265;0.41320;0.01057;0.41184;0.41349;0.01157;0.41387;0.41978;0.01236;0.42127;0.42261;0.03147;0.30178;0.01806;0.42640;0.12701;0.13694;0.13805;0.14141;0.05628;0.06442;0.09639;0.43029;0.43051;0.09251;0.43020;0.43110;0.43229;0.43227;0.43068;0.14950;0.43123;0.42773;0.42790;0.43576;0.07900;0.43713;0.14935;0.43905;0.38496;0.38151;0.38167;0.37980;0.34678;0.33758;0.14075;0.31814;0.08250;0.32798;0.12328;0.32023;0.02720;0.31999;0.15455;0.11165;0.08468;0.06158;0.05411;0.30461;0.12953;0.30132;0.29417;0.29189;0.26124;0.21983;0.15089;0.12927;0.05638;0.20451;0.11306;0.17244;0.06363;0.17314;0.21252;0.28728;0.11849;0.28007;0.12294;0.11764;0.15862;0.19346;0.15058;0.17252;0.10362;0.14336;0.13545;0.13834;0.11298;0.07143;0.07169;0.09095;0.19053;0.31464;0.29092;0.36178;0.26464;0.34731;0.21222;0.05890;0.15687;0.33492;0.21564;0.15588;0.18542;0.12048;0.20119;0.10427;0.18326;0.17690;0.13527;0.17676;0.15397;0.12426;0.09183;0.06249;0.01230;0.04803;0.06350;0.02880;0.04626;0.00714;0.00940;0.00703;0.00706;0.02050;0.01418;0.01955;0.01805;0.00768;0.00920;0.03534;0.05333;0.04321;0.14875;0.04467;0.10283;0.03142;0.05975;0.03653
2020-05-05 00:00;0.37398;0.37399;0.02213;0.37404;0.02499;0.05646;0.01867;0.37423;0.03128;0.37424;0.03395;0.37431;0.03024;0.28058;0.03504;0.37438;0.37435;0.03926;0.37442;0.37446;0.02175;0.37453;0.02107;0.04055;0.03994;0.25818;0.04488;0.37459;0.37461;0.02198;0.37463;0.02868;0.29824;0.04697;0.37463;0.04386;0.37472;0.36319;0.37420;0.37340;0.37334;0.37723;0.37719;0.04278;0.39032;0.39164;0.01863;0.39530;0.39556;0.39636;0.39694;0.39780;0.40034;0.00521;0.39087;0.00802;0.40077;0.40086;0.40144;0.01023;0.40012;0.40176;0.01058;0.40214;0.40804;0.01224;0.40953;0.41092;0.03001;0.29348;0.01687;0.41468;0.12336;0.13279;0.13380;0.13654;0.05559;0.06269;0.09385;0.41865;0.41904;0.09059;0.41873;0.41982;0.42096;0.42091;0.41954;0.14486;0.42009;0.41665;0.41702;0.42473;0.07710;0.42607;0.14487;0.42807;0.37409;0.37088;0.37118;0.36930;0.33543;0.32646;0.13609;0.30743;0.07760;0.31715;0.12109;0.30942;0.02592;0.30917;0.15132;0.11072;0.08114;0.05677;0.04930;0.29361;0.12317;0.29065;0.28336;0.28133;0.25568;0.21977;0.14388;0.12247;0.05297;0.19099;0.10627;0.16873;0.06052;0.16959;0.20604;0.28429;0.11770;0.27705;0.12034;0.11638;0.15290;0.18793;0.14206;0.16943;0.10097;0.14087;0.13387;0.13696;0.11219;0.06919;0.07003;0.08707;0.18402;0.30867;0.28523;0.35479;0.25905;0.33909;0.20598;0.05614;0.15452;0.32734;0.21018;0.15242;0.18241;0.11682;0.20100;0.10103;0.17890;0.17033;0.13256;0.17266;0.15016;0.12161;0.08953;0.06115;0.01195;0.04441;0.05875;0.02655;0.04288;0.00684;0.00830;0.00685;0.00677;0.01864;0.01157;0.01404;0.01217;0.00648;0.00785;0.03327;0.04872;0.04118;0.13662;0.05280;0.10015;0.02739;0.05498;0.03412
2020-05-06 00:00;0.36293;0.36292;0.01934;0.36298;0.02370;0.05356;0.01797;0.36317;0.02925;0.36318;0.03575;0.36323;0.03121;0.27227;0.03271;0.36329;0.36326;0.03610;0.36334;0.36341;0.02088;0.36348;0.01970;0.03784;0.03741;0.25057;0.04226;0.36354;0.36357;0.02072;0.36359;0.02681;0.28945;0.04388;0.36359;0.04104;0.36369;0.35250;0.36322;0.36287;0.36280;0.36663;0.36659;0.04050;0.37941;0.38068;0.01736;0.38423;0.38447;0.38523;0.38577;0.38658;0.38905;0.00514;0.37984;0.00792;0.38945;0.38953;0.39008;0.01007;0.38879;0.39037;0.01029;0.39074;0.39651;0.01212;0.39793;0.39925;0.02919;0.28512;0.01612;0.40288;0.11949;0.12852;0.12921;0.13069;0.05490;0.06136;0.09096;0.40674;0.40707;0.08853;0.40675;0.40790;0.40898;0.40892;0.40771;0.14018;0.40824;0.40485;0.40525;0.41279;0.07393;0.41411;0.14035;0.41611;0.36174;0.35871;0.35922;0.35734;0.32263;0.31409;0.13060;0.29556;0.07200;0.30514;0.11876;0.29740;0.02455;0.29714;0.14776;0.10971;0.07715;0.05093;0.04467;0.28139;0.11722;0.27864;0.27124;0.26961;0.25002;0.21971;0.13653;0.11473;0.05034;0.17510;0.09646;0.16440;0.05683;0.16539;0.19803;0.28029;0.11677;0.27294;0.11750;0.11497;0.14606;0.18166;0.13367;0.16547;0.09799;0.13736;0.13168;0.13528;0.11145;0.06568;0.06710;0.08175;0.17734;0.30267;0.27920;0.34714;0.25294;0.33176;0.20565;0.05317;0.15207;0.31950;0.20456;0.14811;0.17898;0.11290;0.20079;0.09770;0.17417;0.16361;0.12892;0.16798;0.14590;0.11874;0.08697;0.05964;0.01181;0.04234;0.05602;0.02557;0.04076;0.00675;0.00803;0.00676;0.00666;0.01769;0.01059;0.01203;0.01030;0.00624;0.00746;0.03123;0.04587;0.03863;0.12457;0.04016;0.09739;0.02453;0.05015;0.03196
2020-05-07 00:00;0.35116;0.35112;0.01917;0.35117;0.02154;0.04860;0.01743;0.35139;0.02689;0.35138;0.02888;0.35146;0.02574;0.26346;0.03004;0.35154;0.35152;0.03379;0.35160;0.35172;0.01867;0.35179;0.01811;0.03476;0.03442;0.24251;0.03902;0.35186;0.35188;0.01933;0.35192;0.02458;0.28016;0.04011;0.35192;0.03788;0.35203;0.34120;0.35155;0.35189;0.35183;0.35558;0.35556;0.03900;0.36799;0.36923;0.01655;0.37267;0.37289;0.37361;0.37412;0.37489;0.37729;0.00484;0.36835;0.00743;0.37766;0.37774;0.37826;0.00938;0.37701;0.37854;0.00964;0.37889;0.38446;0.01149;0.38584;0.38711;0.02799;0.27646;0.01446;0.39064;0.11636;0.12572;0.12649;0.12859;0.05387;0.05994;0.08781;0.39433;0.39439;0.08729;0.39399;0.39512;0.39586;0.39570;0.39439;0.13560;0.39485;0.39142;0.39179;0.39922;0.06911;0.40055;0.13459;0.40263;0.34760;0.34469;0.34507;0.34327;0.30741;0.29921;0.12368;0.28126;0.06273;0.29086;0.11603;0.28309;0.02290;0.28281;0.14364;0.10856;0.07236;0.04346;0.04057;0.26697;0.11124;0.26434;0.25676;0.25578;0.24316;0.21965;0.12592;0.10262;0.04649;0.15630;0.08286;0.15947;0.05243;0.16069;0.18918;0.27587;0.11568;0.26846;0.11437;0.11345;0.13766;0.17619;0.12776;0.16106;0.09450;0.13343;0.12927;0.13339;0.11055;0.06179;0.06400;0.07567;0.17033;0.29632;0.27274;0.33863;0.24617;0.32334;0.20157;0.05000;0.14946;0.31126;0.19869;0.14349;0.17502;0.10857;0.20051;0.09263;0.16965;0.15765;0.12726;0.16396;0.14161;0.11516;0.08658;0.05930;0.01097;0.04140;0.05482;0.02453;0.04018;0.00631;0.00754;0.00650;0.00629;0.01704;0.01013;0.01129;0.00971;0.00590;0.00714;0.02883;0.04303;0.03561;0.10691;0.04430;0.09438;0.02397;0.04349;0.02965
2020-05-08 00:00;0.34575;0.34485;0.03858;0.34480;0.04897;0.11096;0.03002;0.34421;0.03132;0.34392;0.04109;0.34391;0.02974;0.25778;0.02931;0.34395;0.34391;0.03253;0.34398;0.34402;0.01967;0.34405;0.01852;0.03505;0.03471;0.23717;0.04856;0.34405;0.34391;0.02040;0.34361;0.02662;0.27341;0.03840;0.34344;0.03709;0.34354;0.33294;0.34293;0.34371;0.34364;0.34686;0.34679;0.04232;0.35865;0.35976;0.03042;0.36275;0.36285;0.36315;0.36315;0.36322;0.36539;0.00722;0.35670;0.00799;0.36566;0.36571;0.36613;0.01249;0.36491;0.36632;0.01790;0.36659;0.37158;0.01164;0.37282;0.37385;0.03338;0.26682;0.01874;0.37695;0.11434;0.12520;0.12487;0.12408;0.05354;0.06240;0.08390;0.37999;0.38000;0.08538;0.37955;0.38086;0.38169;0.38155;0.38057;0.12909;0.38108;0.37774;0.37791;0.38505;0.06630;0.38633;0.12962;0.38830;0.33208;0.32870;0.32846;0.32654;0.28882;0.28086;0.11728;0.26322;0.05085;0.27269;0.11329;0.26487;0.02110;0.26457;0.13890;0.10732;0.06652;0.03152;0.03613;0.24812;0.10062;0.24599;0.23789;0.23753;0.23639;0.21958;0.11578;0.09075;0.04351;0.12369;0.06338;0.15415;0.04657;0.15555;0.17834;0.27116;0.11448;0.26360;0.11076;0.11178;0.12733;0.17016;0.11971;0.15717;0.09112;0.13014;0.12714;0.13142;0.10942;0.05856;0.06234;0.07067;0.16686;0.29017;0.26602;0.33012;0.23946;0.31461;0.19994;0.04746;0.14665;0.30217;0.19221;0.13749;0.17111;0.10381;0.20033;0.08946;0.16401;0.14945;0.12239;0.15774;0.13606;0.11267;0.08304;0.05697;0.01305;0.04562;0.05976;0.02843;0.04262;0.00895;0.01758;0.00779;0.00899;0.02401;0.02711;0.05315;0.04416;0.01688;0.01872;0.03442;0.05390;0.03529;0.09469;0.04406;0.09440;0.04793;0.04829;0.04231
2020-05-09 00:00;0.33212;0.33176;0.02893;0.33177;0.03487;0.07903;0.01763;0.33160;0.02694;0.33144;0.03697;0.33146;0.02495;0.24846;0.02860;0.33151;0.33148;0.03217;0.33154;0.33159;0.01801;0.33165;0.01736;0.03312;0.03317;0.22862;0.03904;0.33169;0.33165;0.01897;0.33160;0.02405;0.26395;0.03781;0.33156;0.03610;0.33166;0.32143;0.33111;0.33145;0.33138;0.33448;0.33443;0.04582;0.34555;0.34663;0.03038;0.34950;0.34966;0.35009;0.35038;0.35092;0.35300;0.00537;0.34463;0.00767;0.35333;0.35339;0.35386;0.01048;0.35269;0.35410;0.01296;0.35441;0.35936;0.01157;0.36063;0.36175;0.03120;0.25826;0.01632;0.36489;0.11104;0.12157;0.12204;0.12261;0.05274;0.05885;0.08150;0.36804;0.36833;0.08251;0.36794;0.36958;0.37059;0.37046;0.36995;0.12358;0.37054;0.36747;0.36774;0.37471;0.06465;0.37596;0.12562;0.37796;0.32276;0.31952;0.31897;0.31762;0.28033;0.27372;0.11172;0.25699;0.05396;0.26600;0.11058;0.25766;0.01938;0.25736;0.13665;0.10601;0.06533;0.03533;0.03559;0.24154;0.10063;0.23912;0.23130;0.23060;0.23174;0.21950;0.11377;0.09050;0.04177;0.11721;0.07076;0.15003;0.04155;0.15165;0.16797;0.26636;0.11317;0.25867;0.10739;0.11000;0.11646;0.16897;0.12364;0.15379;0.08794;0.12756;0.12523;0.12957;0.10816;0.05611;0.06090;0.06706;0.16185;0.28304;0.25925;0.32160;0.23284;0.30614;0.19989;0.04572;0.14369;0.29306;0.18578;0.13502;0.16750;0.09869;0.20018;0.08684;0.15783;0.14101;0.11861;0.15246;0.13115;0.10937;0.07937;0.05535;0.01224;0.04296;0.05673;0.02832;0.03980;0.00730;0.01077;0.00702;0.00722;0.02502;0.02017;0.03334;0.03315;0.01028;0.01266;0.03003;0.05217;0.03411;0.10011;0.05070;0.09059;0.03248;0.04543;0.03184
2020-05-10 00:00;0.31961;0.31941;0.02090;0.31945;0.02366;0.05345;0.01707;0.31955;0.02514;0.31946;0.02541;0.31953;0.02630;0.23950;0.02755;0.31957;0.31954;0.03041;0.31960;0.31968;0.01761;0.31973;0.01664;0.03188;0.03164;0.22040;0.03628;0.31976;0.31976;0.01728;0.31976;0.02262;0.25453;0.03671;0.31972;0.03468;0.31980;0.30994;0.31932;0.31965;0.31956;0.32277;0.32273;0.03877;0.33378;0.33486;0.02011;0.33784;0.33800;0.33858;0.33894;0.33954;0.34164;0.00502;0.33353;0.00748;0.34195;0.34200;0.34245;0.00967;0.34131;0.34267;0.01041;0.34297;0.34792;0.01144;0.34913;0.35021;0.02737;0.25005;0.01362;0.35331;0.10685;0.11707;0.11762;0.11762;0.05186;0.05656;0.07822;0.35648;0.35665;0.08048;0.35622;0.35793;0.35879;0.35862;0.35825;0.11879;0.35883;0.35589;0.35608;0.36277;0.06261;0.36397;0.12143;0.36583;0.31050;0.30698;0.30589;0.30451;0.26627;0.26053;0.10599;0.24435;0.04759;0.25319;0.10782;0.24497;0.01786;0.24466;0.13255;0.10469;0.06077;0.02711;0.03296;0.22872;0.09514;0.22642;0.21826;0.21728;0.22618;0.21943;0.10862;0.08509;0.04012;0.09036;0.06529;0.14579;0.03896;0.14736;0.15563;0.26145;0.11193;0.25358;0.10401;0.10810;0.10405;0.16229;0.11215;0.15011;0.08468;0.12450;0.12323;0.12762;0.10696;0.05317;0.05961;0.06184;0.15840;0.27635;0.25235;0.31300;0.22623;0.29817;0.19984;0.04435;0.14061;0.28452;0.17987;0.12983;0.16325;0.09323;0.20004;0.08447;0.15219;0.13304;0.11590;0.14790;0.12689;0.10612;0.07727;0.05449;0.01119;0.03871;0.05110;0.02517;0.03605;0.00658;0.00852;0.00659;0.00653;0.01892;0.01316;0.01805;0.01476;0.00688;0.00860;0.02699;0.04349;0.03283;0.09641;0.03636;0.08768;0.02512;0.03957;0.02825
2020-05-11 00:00;0.30768;0.30758;0.01679;0.30763;0.02025;0.04572;0.01618;0.30779;0.02366;0.30776;0.02943;0.30780;0.02229;0.23073;0.02622;0.30788;0.30786;0.02942;0.30792;0.30801;0.01622;0.30807;0.01579;0.03029;0.03004;0.21238;0.03409;0.30813;0.30815;0.01615;0.30820;0.02135;0.24535;0.03481;0.30820;0.03306;0.30829;0.29879;0.30784;0.30895;0.30889;0.31213;0.31211;0.03567;0.32294;0.32403;0.01696;0.32700;0.32719;0.32782;0.32825;0.32892;0.33099;0.00482;0.32315;0.00738;0.33132;0.33138;0.33184;0.00936;0.33074;0.33208;0.00972;0.33238;0.33723;0.01131;0.33843;0.33952;0.02580;0.24245;0.01279;0.34258;0.10436;0.11458;0.11541;0.11581;0.05114;0.05496;0.07611;0.34578;0.34603;0.07859;0.34560;0.34767;0.34856;0.34839;0.34846;0.11382;0.34910;0.34648;0.34670;0.35319;0.06113;0.35435;0.11731;0.35624;0.30210;0.29867;0.29705;0.29582;0.25825;0.25459;0.09946;0.23959;0.04978;0.24797;0.10493;0.23957;0.01654;0.23928;0.13039;0.10327;0.06003;0.03334;0.03266;0.22425;0.09445;0.22187;0.21407;0.21322;0.22088;0.21935;0.10595;0.08354;0.03879;0.09292;0.06565;0.14218;0.03755;0.14372;0.14076;0.25624;0.11052;0.24822;0.10031;0.10621;0.09888;0.16216;0.11995;0.14637;0.08110;0.12152;0.12119;0.12558;0.10554;0.05048;0.05832;0.05682;0.15407;0.26941;0.24549;0.30432;0.21964;0.29032;0.19978;0.04258;0.13740;0.27615;0.17418;0.12690;0.15910;0.08735;0.19990;0.08271;0.14561;0.12403;0.11300;0.14338;0.12270;0.10294;0.07560;0.05304;0.01092;0.03698;0.04887;0.02386;0.03465;0.00634;0.00766;0.00644;0.00628;0.01676;0.01075;0.01283;0.01133;0.00611;0.00743;0.02544;0.03971;0.03125;0.07551;0.04013;0.08422;0.02133;0.03913;0.02642
2020-05-12 00:00;0.29860;0.29841;0.01949;0.29845;0.02110;0.04764;0.01697;0.29856;0.02268;0.29850;0.02435;0.29857;0.02356;0.22380;0.02481;0.29862;0.29861;0.02739;0.29867;0.29877;0.01588;0.29882;0.01501;0.02874;0.02852;0.20599;0.03284;0.29887;0.29887;0.01499;0.29892;0.02039;0.23795;0.03304;0.29890;0.03140;0.29899;0.28979;0.29858;0.29952;0.29944;0.30257;0.30254;0.03280;0.31311;0.31415;0.01615;0.31700;0.31715;0.31772;0.31807;0.31864;0.32065;0.00475;0.31304;0.00728;0.32093;0.32099;0.32140;0.00919;0.32033;0.32161;0.00944;0.32189;0.32656;0.01118;0.32768;0.32868;0.02473;0.23468;0.01241;0.33160;0.10044;0.11061;0.11141;0.11075;0.05040;0.05340;0.07272;0.33478;0.33485;0.07665;0.33438;0.33595;0.33669;0.33647;0.33681;0.10828;0.33748;0.33506;0.33518;0.34136;0.05955;0.34246;0.11293;0.34421;0.29011;0.28652;0.28437;0.28265;0.24436;0.24292;0.09158;0.22890;0.04312;0.23721;0.10190;0.22913;0.01541;0.22884;0.12611;0.10187;0.05532;0.02559;0.03016;0.21417;0.08869;0.21209;0.20422;0.20377;0.21442;0.21927;0.10055;0.07793;0.03733;0.07850;0.05209;0.13772;0.03634;0.13907;0.11991;0.25081;0.10926;0.24254;0.09628;0.10404;0.09356;0.15523;0.10841;0.14223;0.07720;0.11810;0.11922;0.12365;0.10432;0.04760;0.05701;0.04931;0.14991;0.26245;0.23850;0.29556;0.21309;0.28237;0.19972;0.04154;0.13405;0.26772;0.16851;0.12142;0.15368;0.08106;0.19977;0.08077;0.13927;0.11398;0.11060;0.13868;0.11797;0.10087;0.07380;0.05266;0.01072;0.03595;0.04753;0.02322;0.03369;0.00623;0.00741;0.00635;0.00617;0.01590;0.00999;0.01396;0.01059;0.00649;0.00772;0.02439;0.03792;0.02970;0.07643;0.03123;0.08060;0.02241;0.03608;0.02572
2020-05-13 00:00;0.28795;0.28782;0.01601;0.28787;0.01885;0.04254;0.01541;0.28801;0.02104;0.28797;0.02539;0.28802;0.01986;0.21591;0.02336;0.28810;0.28808;0.02609;0.28815;0.28825;0.01444;0.28830;0.01403;0.02690;0.02667;0.19875;0.03040;0.28837;0.28838;0.01314;0.28848;0.01902;0.22965;0.03090;0.28849;0.02954;0.28858;0.27972;0.28820;0.28926;0.28921;0.29227;0.29225;0.03014;0.30256;0.30360;0.01572;0.30638;0.30654;0.30711;0.30748;0.30808;0.31003;0.00480;0.30267;0.00738;0.31031;0.31036;0.31077;0.00931;0.30974;0.31098;0.00956;0.31126;0.31577;0.01130;0.31686;0.31784;0.02401;0.22695;0.01245;0.32068;0.09761;0.10787;0.10877;0.10811;0.04967;0.05178;0.07014;0.32373;0.32388;0.07444;0.32342;0.32512;0.32602;0.32584;0.32672;0.10159;0.32756;0.32519;0.32532;0.33129;0.05799;0.33236;0.10761;0.33421;0.28116;0.27767;0.27530;0.27369;0.23638;0.23563;0.08487;0.22280;0.04381;0.23076;0.09862;0.22259;0.01444;0.22231;0.12329;0.10030;0.05370;0.03005;0.02919;0.20879;0.08614;0.20684;0.19934;0.19819;0.20749;0.21918;0.09613;0.07442;0.03546;0.07991;0.06328;0.13362;0.03521;0.13488;0.11366;0.24502;0.10769;0.23657;0.09199;0.10209;0.08927;0.15366;0.11269;0.13818;0.07265;0.11513;0.11688;0.12141;0.10282;0.04428;0.05531;0.04527;0.14532;0.25555;0.23147;0.28651;0.20642;0.27455;0.19966;0.04042;0.13054;0.25950;0.16312;0.11759;0.14937;0.07421;0.19962;0.07873;0.13541;0.10429;0.10662;0.13314;0.11273;0.09766;0.07122;0.05090;0.01087;0.03508;0.04634;0.02323;0.03249;0.00630;0.00752;0.00640;0.00625;0.01562;0.00984;0.01236;0.00998;0.00594;0.00725;0.02274;0.03601;0.02780;0.06999;0.03479;0.07642;0.01959;0.03547;0.02390
2020-05-14 00:00;0.27860;0.27846;0.01502;0.27851;0.01713;0.03863;0.01473;0.27867;0.01925;0.27862;0.02057;0.27869;0.01930;0.20891;0.02141;0.27876;0.27874;0.02375;0.27881;0.27891;0.01347;0.27896;0.01287;0.02472;0.02439;0.19231;0.02782;0.27903;0.27904;0.01093;0.27917;0.01761;0.22224;0.02856;0.27917;0.02728;0.27927;0.27072;0.27895;0.28008;0.28002;0.28300;0.28298;0.02720;0.29306;0.29408;0.01511;0.29675;0.29688;0.29741;0.29775;0.29829;0.30017;0.00434;0.29305;0.00659;0.30043;0.30048;0.30086;0.00827;0.29987;0.30106;0.00849;0.30133;0.30569;0.01036;0.30674;0.30768;0.02217;0.21970;0.01146;0.31044;0.09236;0.10187;0.10289;0.10113;0.04859;0.04847;0.06653;0.31364;0.31363;0.07271;0.31313;0.31413;0.31463;0.31424;0.31515;0.09578;0.31605;0.31380;0.31382;0.31952;0.05555;0.32055;0.10375;0.32218;0.26929;0.26549;0.26137;0.25955;0.22184;0.22280;0.07338;0.21143;0.03767;0.21915;0.09516;0.21121;0.01366;0.21093;0.11866;0.09872;0.04859;0.02243;0.02889;0.19799;0.07793;0.19663;0.18918;0.18826;0.19862;0.21910;0.08888;0.06689;0.03255;0.06875;0.05159;0.12811;0.03247;0.12926;0.09216;0.23862;0.10614;0.22983;0.08637;0.09980;0.07436;0.14775;0.10162;0.13541;0.06744;0.11443;0.11555;0.11971;0.10144;0.04321;0.05532;0.04744;0.14226;0.24836;0.22427;0.27707;0.19957;0.26679;0.19960;0.03916;0.12680;0.25149;0.15800;0.11174;0.14420;0.06673;0.19956;0.07626;0.12977;0.09545;0.10745;0.13009;0.10736;0.09559;0.07241;0.05067;0.00973;0.03396;0.04492;0.02173;0.03198;0.00571;0.00667;0.00599;0.00566;0.01482;0.00954;0.01096;0.00935;0.00568;0.00693;0.02082;0.03380;0.02539;0.06493;0.02703;0.07145;0.01856;0.03226;0.02199
2020-05-15 00:00;0.28188;0.28088;0.03852;0.28080;0.05433;0.12325;0.02979;0.27975;0.02788;0.27937;0.03675;0.27935;0.01776;0.20942;0.02159;0.27944;0.27940;0.02467;0.27951;0.27954;0.01426;0.27960;0.01451;0.02692;0.02670;0.19275;0.04580;0.27959;0.27934;0.01532;0.27897;0.02217;0.22190;0.02681;0.27876;0.02781;0.27888;0.27034;0.27838;0.27862;0.27863;0.28082;0.28076;0.03476;0.29038;0.29130;0.03539;0.29342;0.29346;0.29338;0.29300;0.29253;0.29414;0.00801;0.28714;0.00764;0.29433;0.29437;0.29468;0.01325;0.29369;0.29478;0.02079;0.29494;0.29841;0.01077;0.29935;0.30007;0.03121;0.21407;0.02027;0.30236;0.09276;0.10416;0.10411;0.09904;0.04855;0.05218;0.06412;0.30480;0.30465;0.07275;0.30406;0.30522;0.30593;0.30562;0.30739;0.08560;0.30874;0.30610;0.30574;0.31122;0.05340;0.31226;0.09619;0.31411;0.26164;0.25710;0.25312;0.25111;0.21518;0.21343;0.04979;0.20500;0.03946;0.21222;0.09143;0.20401;0.01341;0.20374;0.11562;0.09696;0.04707;0.02856;0.02911;0.19227;0.07341;0.19127;0.18407;0.18255;0.18867;0.21900;0.08321;0.06141;0.02955;0.07749;0.06174;0.12479;0.03235;0.12562;0.11028;0.23198;0.10439;0.22288;0.08074;0.09781;0.08146;0.14744;0.11005;0.13140;0.06151;0.11172;0.11288;0.11711;0.09982;0.03858;0.05441;0.04678;0.14387;0.24391;0.21782;0.26814;0.19319;0.25977;0.19954;0.03813;0.12290;0.24426;0.15360;0.10751;0.14129;0.05908;0.19943;0.07520;0.13163;0.08164;0.10311;0.12477;0.10104;0.09480;0.07151;0.04898;0.01319;0.04486;0.05849;0.02946;0.04064;0.00979;0.02117;0.00806;0.00984;0.02565;0.03350;0.06902;0.05591;0.02070;0.02668;0.03158;0.05609;0.02661;0.08527;0.05280;0.07124;0.05529;0.04208;0.04350
2020-05-16 00:00;0.45190;0.44821;0.12477;0.44749;0.16250;0.36850;0.08693;0.44183;0.06313;0.44202;0.06802;0.44222;0.03210;0.33179;0.03343;0.44335;0.44323;0.03733;0.44417;0.44497;0.02570;0.44568;0.02660;0.04737;0.04716;0.30743;0.10912;0.44619;0.44524;0.03236;0.44456;0.04584;0.35381;0.03650;0.44492;0.04314;0.44555;0.43213;0.44605;0.44370;0.44486;0.44075;0.44094;0.29437;0.42591;0.42008;0.24501;0.41012;0.40830;0.40145;0.39355;0.38582;0.37977;0.07832;0.37030;0.11109;0.37836;0.37779;0.37610;0.12479;0.37362;0.37402;0.13654;0.37226;0.36364;0.16675;0.35849;0.35299;0.19922;0.24459;0.16062;0.34091;0.13175;0.15614;0.13837;0.10523;0.05300;0.11284;0.07251;0.32965;0.32866;0.09018;0.32744;0.32865;0.32930;0.32860;0.32959;0.08934;0.33136;0.32783;0.32458;0.32895;0.06915;0.32982;0.10345;0.33024;0.27328;0.25932;0.25218;0.24880;0.21496;0.21259;0.07119;0.20239;0.03840;0.20945;0.08887;0.20211;0.01666;0.20182;0.11253;0.09531;0.04524;0.02266;0.04597;0.19177;0.07325;0.19083;0.18379;0.18234;0.18472;0.21891;0.08045;0.05430;0.02991;0.07887;0.06034;0.12206;0.03316;0.12191;0.10697;0.22701;0.10341;0.21716;0.07853;0.09536;0.08036;0.15014;0.09843;0.13975;0.06598;0.11963;0.11635;0.11654;0.09842;0.04386;0.07200;0.06760;0.20425;0.26072;0.21937;0.26285;0.18848;0.25912;0.19948;0.04083;0.11904;0.24366;0.15428;0.10301;0.13734;0.05724;0.20023;0.09648;0.15032;0.11153;0.11860;0.14121;0.11020;0.11640;0.09086;0.05621;0.12606;0.17212;0.21549;0.18211;0.08305;0.10749;0.12343;0.13532;0.11161;0.19066;0.22792;0.37369;0.28540;0.14203;0.21620;0.07351;0.24535;0.04334;0.18990;0.10519;0.09951;0.15342;0.08363;0.11057
2020-05-17 00:00;0.44904;0.44658;0.06733;0.44638;0.09492;0.21576;0.02141;0.44421;0.03937;0.44291;0.06877;0.44270;0.03892;0.33176;0.03563;0.44243;0.44238;0.04048;0.44228;0.44195;0.02578;0.44184;0.02223;0.04145;0.04356;0.30453;0.05718;0.44170;0.44138;0.02716;0.44066;0.03453;0.35048;0.04624;0.44018;0.04534;0.44024;0.42698;0.43925;0.43604;0.43573;0.42620;0.42596;0.40094;0.38251;0.37811;0.23032;0.36675;0.36517;0.36085;0.35727;0.35417;0.34851;0.03683;0.33972;0.05133;0.34768;0.34732;0.34642;0.05054;0.34495;0.34577;0.06616;0.34530;0.34062;0.11055;0.33831;0.33613;0.15948;0.23461;0.12089;0.32855;0.10974;0.12720;0.12052;0.10547;0.05155;0.07725;0.06693;0.32195;0.32026;0.07894;0.31943;0.31885;0.31813;0.31760;0.31603;0.09514;0.31701;0.31380;0.31164;0.31558;0.06579;0.31632;0.10071;0.31689;0.26487;0.25763;0.25222;0.24953;0.21950;0.21638;0.08406;0.20538;0.04161;0.21236;0.08502;0.20539;0.01830;0.20514;0.10940;0.09371;0.04331;0.02891;0.03749;0.19745;0.07886;0.19611;0.19045;0.18932;0.18203;0.21881;0.07972;0.05789;0.03298;0.10727;0.06492;0.11812;0.03566;0.11821;0.11826;0.22094;0.10215;0.21093;0.07528;0.09324;0.08105;0.14850;0.10457;0.13456;0.06756;0.11414;0.11200;0.11481;0.09715;0.04173;0.05838;0.05937;0.16238;0.24410;0.21604;0.26055;0.18682;0.25818;0.19942;0.04280;0.11556;0.24263;0.15465;0.09821;0.13474;0.05698;0.19953;0.09482;0.13913;0.12307;0.11159;0.13884;0.11062;0.10697;0.08300;0.05359;0.07864;0.13493;0.17609;0.14715;0.07225;0.04774;0.04441;0.06342;0.04928;0.17601;0.12358;0.17421;0.18213;0.07290;0.10332;0.04992;0.26700;0.04279;0.19837;0.08719;0.09403;0.07292;0.07173;0.05529
2020-05-18 00:00;0.32689;0.32404;0.03326;0.32399;0.03278;0.07413;0.01881;0.32352;0.03076;0.32141;0.05596;0.32097;0.02996;0.24031;0.03330;0.31998;0.31992;0.03680;0.31925;0.31821;0.02131;0.31759;0.02016;0.03864;0.03831;0.21871;0.04380;0.31687;0.31660;0.01956;0.31520;0.02780;0.25017;0.04435;0.31382;0.04148;0.31347;0.30366;0.31124;0.30816;0.30709;0.30480;0.30433;0.16246;0.29837;0.29787;0.07382;0.29734;0.29658;0.29612;0.29493;0.29397;0.29450;0.00613;0.28715;0.00977;0.29409;0.29390;0.29365;0.01247;0.29262;0.29340;0.01251;0.29349;0.29539;0.01646;0.29581;0.29588;0.05402;0.21014;0.03861;0.29645;0.09117;0.10377;0.10241;0.09601;0.04867;0.05458;0.05867;0.29651;0.29516;0.07036;0.29446;0.29404;0.29347;0.29306;0.29179;0.08771;0.29256;0.28962;0.28910;0.29354;0.05339;0.29440;0.09003;0.29583;0.24325;0.23877;0.23295;0.23016;0.19854;0.19700;0.07397;0.18715;0.02947;0.19405;0.08046;0.18706;0.01675;0.18679;0.10388;0.09178;0.03710;0.02270;0.02798;0.17961;0.07012;0.17859;0.17275;0.17136;0.17473;0.21592;0.06951;0.04699;0.03099;0.07534;0.05025;0.11026;0.03475;0.10994;0.09822;0.21375;0.10025;0.20359;0.07029;0.09079;0.05921;0.13875;0.09220;0.12753;0.06227;0.10782;0.10824;0.11222;0.09549;0.03761;0.05194;0.04697;0.13525;0.23297;0.20833;0.25597;0.18422;0.25144;0.19936;0.04047;0.11157;0.23505;0.15028;0.08979;0.12801;0.05194;0.19910;0.07892;0.12742;0.10855;0.10129;0.12552;0.09898;0.09305;0.07076;0.04968;0.01412;0.05904;0.07740;0.05176;0.04407;0.00841;0.01037;0.01091;0.00877;0.05713;0.02251;0.02840;0.01608;0.00782;0.01428;0.03316;0.10452;0.03958;0.15031;0.07264;0.09330;0.03399;0.05514;0.03519
2020-05-19 00:00;0.27202;0.27142;0.03052;0.27138;0.02739;0.06197;0.01803;0.27123;0.02772;0.27082;0.03451;0.27077;0.02822;0.20291;0.03017;0.27059;0.27056;0.03404;0.27046;0.27023;0.01928;0.27017;0.01827;0.03503;0.03470;0.18620;0.03971;0.27006;0.26998;0.01767;0.26975;0.02495;0.21462;0.04025;0.26951;0.03769;0.26947;0.26092;0.26853;0.26593;0.26574;0.26753;0.26742;0.09291;0.27073;0.27153;0.01968;0.27387;0.27404;0.27456;0.27494;0.27553;0.27715;0.00544;0.27060;0.00817;0.27744;0.27751;0.27790;0.01046;0.27698;0.27810;0.01095;0.27835;0.28172;0.01262;0.28271;0.28362;0.02807;0.20244;0.01737;0.28599;0.09356;0.10707;0.10681;0.10492;0.05041;0.05416;0.06000;0.28744;0.28701;0.07070;0.28634;0.28685;0.28620;0.28557;0.28539;0.07863;0.28659;0.28440;0.28408;0.28707;0.07561;0.28732;0.08697;0.28875;0.23820;0.23355;0.22573;0.22237;0.19293;0.18953;0.06056;0.18196;0.03730;0.18802;0.07611;0.18098;0.01537;0.18073;0.10054;0.08964;0.03621;0.02688;0.02823;0.17517;0.07092;0.17391;0.16831;0.16602;0.16777;0.21012;0.06253;0.04200;0.02664;0.07979;0.06510;0.10663;0.03524;0.10606;0.10614;0.20547;0.09819;0.19447;0.06023;0.08850;0.06569;0.14038;0.09947;0.12585;0.05647;0.10840;0.10905;0.11183;0.09400;0.04318;0.05528;0.04471;0.13422;0.22645;0.20199;0.24891;0.17964;0.24458;0.19929;0.03683;0.10713;0.22715;0.14580;0.08557;0.12503;0.04841;0.19909;0.09219;0.11902;0.09689;0.10334;0.12636;0.09738;0.10106;0.07314;0.05014;0.01205;0.04204;0.05539;0.02882;0.03800;0.00706;0.00871;0.00706;0.00695;0.01954;0.01150;0.01271;0.01109;0.00681;0.00800;0.03008;0.05092;0.03604;0.13127;0.05135;0.09006;0.03151;0.04891;0.03206
2020-05-20 00:00;0.25613;0.25544;0.02747;0.25541;0.02537;0.05741;0.01672;0.25527;0.02455;0.25479;0.02891;0.25475;0.02275;0.19091;0.02665;0.25457;0.25454;0.02951;0.25444;0.25424;0.01668;0.25416;0.01615;0.03094;0.03066;0.17516;0.03535;0.25403;0.25395;0.01523;0.25370;0.02220;0.20182;0.03542;0.25342;0.03350;0.25338;0.24531;0.25246;0.25070;0.25047;0.25229;0.25216;0.04192;0.25969;0.26032;0.01754;0.26243;0.26237;0.26263;0.26261;0.26276;0.26433;0.00516;0.25795;0.00788;0.26437;0.26435;0.26451;0.01006;0.26360;0.26454;0.01036;0.26472;0.26790;0.01210;0.26861;0.26908;0.02602;0.19187;0.01526;0.27103;0.08456;0.09721;0.09642;0.09148;0.04757;0.05018;0.05264;0.27212;0.27116;0.06551;0.27050;0.27028;0.26976;0.26937;0.26907;0.07532;0.27002;0.26764;0.26707;0.27031;0.05675;0.27092;0.07599;0.27252;0.21955;0.21543;0.20814;0.20491;0.17531;0.17293;0.04876;0.16703;0.02635;0.17312;0.07045;0.16673;0.01419;0.16649;0.09464;0.08721;0.03037;0.02009;0.02385;0.16167;0.06585;0.16048;0.15544;0.15393;0.16014;0.20381;0.05323;0.03306;0.02423;0.05982;0.04816;0.09753;0.03122;0.09665;0.09242;0.19653;0.09654;0.18511;0.05049;0.08587;0.05072;0.12924;0.08534;0.11776;0.04151;0.10379;0.10445;0.10852;0.09229;0.03599;0.04927;0.04449;0.12238;0.22054;0.19617;0.24118;0.17471;0.23743;0.19922;0.03401;0.10257;0.21911;0.14139;0.07492;0.11720;0.04476;0.19877;0.08185;0.11416;0.08553;0.09335;0.11427;0.08465;0.08947;0.06660;0.04660;0.01168;0.03777;0.04987;0.02543;0.03466;0.00673;0.00809;0.00678;0.00667;0.01708;0.01085;0.01195;0.01050;0.00638;0.00759;0.02679;0.04228;0.03191;0.11255;0.03344;0.08641;0.02895;0.04075;0.02869
2020-05-21 00:00;0.23727;0.23681;0.02166;0.23681;0.02291;0.05181;0.01584;0.23672;0.02105;0.23647;0.02263;0.23648;0.02000;0.17724;0.02299;0.23642;0.23640;0.02572;0.23638;0.23632;0.01441;0.23631;0.01384;0.02654;0.02624;0.16288;0.03049;0.23628;0.23623;0.01215;0.23620;0.01915;0.18797;0.03049;0.23609;0.02897;0.23611;0.22856;0.23537;0.23515;0.23505;0.23712;0.23706;0.03479;0.24472;0.24542;0.01631;0.24755;0.24763;0.24804;0.24827;0.24867;0.25017;0.00486;0.24421;0.00752;0.25035;0.25038;0.25066;0.00944;0.24982;0.25079;0.00971;0.25099;0.25397;0.01159;0.25478;0.25545;0.02445;0.18227;0.01352;0.25751;0.08027;0.09159;0.09097;0.08534;0.04817;0.04709;0.05078;0.25924;0.25866;0.06273;0.25804;0.25817;0.25796;0.25755;0.25852;0.06954;0.25956;0.25772;0.25731;0.25964;0.06449;0.25996;0.06811;0.26178;0.20967;0.20572;0.19859;0.19518;0.16781;0.16567;0.03890;0.16163;0.03080;0.16723;0.06456;0.16148;0.01301;0.16127;0.09142;0.08507;0.03029;0.02220;0.02710;0.15721;0.06578;0.15584;0.15153;0.14993;0.15478;0.19725;0.04810;0.03451;0.02142;0.06380;0.05309;0.09121;0.03219;0.08972;0.08897;0.18729;0.09434;0.17507;0.03976;0.08323;0.05284;0.12530;0.08565;0.11181;0.02429;0.10133;0.10305;0.10672;0.09056;0.03615;0.04955;0.03780;0.11687;0.21439;0.19015;0.23329;0.16952;0.23088;0.19914;0.03168;0.09730;0.21151;0.13694;0.06702;0.11197;0.04123;0.19870;0.08674;0.10552;0.06434;0.09004;0.10771;0.07201;0.09154;0.06454;0.04589;0.01111;0.03799;0.05027;0.02412;0.03592;0.00648;0.00767;0.00656;0.00635;0.01623;0.01013;0.01109;0.00966;0.00593;0.00719;0.02315;0.03757;0.02731;0.08040;0.03342;0.08209;0.02578;0.03581;0.02503
2020-05-22 00:00;0.22558;0.22502;0.01646;0.22503;0.02056;0.04648;0.01412;0.22496;0.01799;0.22465;0.01855;0.22466;0.01624;0.16838;0.01954;0.22459;0.22457;0.02178;0.22453;0.22446;0.01226;0.22443;0.01186;0.02288;0.02230;0.15469;0.02593;0.22438;0.22434;0.01064;0.22425;0.01662;0.17843;0.02646;0.22409;0.02520;0.22410;0.21695;0.22336;0.22385;0.22370;0.22563;0.22556;0.03182;0.23281;0.23339;0.01519;0.23530;0.23524;0.23548;0.23546;0.23559;0.23700;0.00459;0.23128;0.00713;0.23703;0.23700;0.23715;0.00889;0.23634;0.23718;0.00921;0.23733;0.24012;0.01099;0.24076;0.24118;0.02273;0.17198;0.01219;0.24296;0.07443;0.08682;0.08705;0.08274;0.04532;0.04275;0.04346;0.24448;0.24367;0.05671;0.24316;0.24310;0.24294;0.24295;0.24350;0.06127;0.24461;0.24283;0.24233;0.24531;0.04749;0.24596;0.06301;0.24773;0.19436;0.19049;0.18358;0.18038;0.15308;0.15113;0.04022;0.14757;0.02141;0.15311;0.05685;0.14822;0.01174;0.14804;0.08579;0.08248;0.02512;0.01699;0.02111;0.14433;0.06178;0.14289;0.13955;0.13871;0.14666;0.19104;0.03678;0.02719;0.02101;0.04800;0.03883;0.07954;0.02687;0.07753;0.08141;0.17982;0.09228;0.16755;0.04307;0.08023;0.03970;0.11731;0.07326;0.10830;0.02960;0.09667;0.09885;0.10339;0.08859;0.02959;0.04437;0.03520;0.10950;0.20858;0.18435;0.22554;0.16441;0.22478;0.19906;0.02944;0.09148;0.20461;0.13254;0.05249;0.10293;0.03640;0.19839;0.07354;0.09940;0.06295;0.07615;0.09881;0.06897;0.07975;0.05737;0.04184;0.01032;0.03478;0.04593;0.02280;0.03232;0.00609;0.00724;0.00626;0.00606;0.01539;0.00960;0.01057;0.00914;0.00554;0.00683;0.01957;0.03288;0.02303;0.06146;0.02583;0.07705;0.02098;0.03070;0.02184
2020-05-23 00:00;0.21099;0.21055;0.01539;0.21056;0.01863;0.04210;0.01343;0.21053;0.01535;0.21033;0.01508;0.21037;0.01532;0.15768;0.01735;0.21035;0.21033;0.01910;0.21035;0.21033;0.01057;0.21034;0.01003;0.01928;0.01890;0.14500;0.02217;0.21035;0.21033;0.00879;0.21036;0.01429;0.16743;0.02276;0.21030;0.02146;0.21035;0.20366;0.20976;0.21052;0.21044;0.21245;0.21242;0.02754;0.21951;0.22017;0.01477;0.22206;0.22212;0.22246;0.22264;0.22298;0.22432;0.00457;0.21897;0.00675;0.22447;0.22449;0.22473;0.00860;0.22397;0.22484;0.00877;0.22502;0.22784;0.01052;0.22856;0.22915;0.02081;0.16352;0.01149;0.23102;0.07102;0.08263;0.08223;0.07648;0.04526;0.04213;0.04166;0.23287;0.23234;0.05242;0.23196;0.23218;0.23221;0.23227;0.23331;0.05679;0.23444;0.23311;0.23275;0.23594;0.05121;0.23645;0.05896;0.23830;0.18623;0.18258;0.17554;0.17199;0.14712;0.14459;0.03471;0.14184;0.02586;0.14687;0.04739;0.14314;0.01068;0.14303;0.08290;0.07997;0.02482;0.01957;0.02154;0.13988;0.06166;0.13824;0.13625;0.13587;0.14181;0.18463;0.03477;0.03102;0.01832;0.05656;0.04569;0.06889;0.02584;0.06589;0.08266;0.16928;0.08986;0.15601;0.03473;0.07717;0.04745;0.11483;0.07497;0.10449;0.02123;0.09457;0.09717;0.10133;0.08662;0.02990;0.04435;0.03121;0.10447;0.20276;0.17883;0.21912;0.15961;0.21974;0.19897;0.02729;0.08440;0.19870;0.12822;0.04364;0.09605;0.03406;0.19827;0.06717;0.09162;0.05455;0.07171;0.09412;0.06260;0.07735;0.05470;0.04111;0.01037;0.03165;0.04174;0.02146;0.02888;0.00588;0.00688;0.00609;0.00580;0.01480;0.00966;0.01030;0.00915;0.00564;0.00682;0.01682;0.02964;0.01948;0.05117;0.02715;0.07084;0.01785;0.02845;0.01879
2020-05-24 00:00;0.20187;0.20137;0.01360;0.20139;0.01687;0.03810;0.01245;0.20137;0.01443;0.20112;0.01432;0.20115;0.01396;0.15076;0.01581;0.20110;0.20109;0.01828;0.20108;0.20104;0.01066;0.20102;0.00957;0.01889;0.01748;0.13856;0.02010;0.20100;0.20098;0.00860;0.20094;0.01334;0.15989;0.02148;0.20082;0.02099;0.20084;0.19451;0.20027;0.20111;0.20098;0.20281;0.20275;0.02356;0.20960;0.21018;0.01424;0.21189;0.21183;0.21204;0.21201;0.21212;0.21338;0.00442;0.20822;0.00676;0.21340;0.21337;0.21349;0.00854;0.21276;0.21351;0.00866;0.21365;0.21629;0.01045;0.21684;0.21721;0.01763;0.15493;0.01138;0.21886;0.06646;0.07889;0.07880;0.07279;0.04296;0.03953;0.03580;0.22029;0.21949;0.04564;0.21925;0.21920;0.21930;0.21932;0.22010;0.05173;0.22115;0.21998;0.21961;0.22311;0.03937;0.22381;0.05474;0.22550;0.17189;0.16824;0.16111;0.15747;0.13356;0.13121;0.03453;0.12850;0.01791;0.13337;0.03430;0.13113;0.00963;0.13108;0.07823;0.07703;0.02025;0.01465;0.01746;0.12798;0.05800;0.12626;0.12582;0.12645;0.13526;0.17798;0.03018;0.02483;0.01766;0.04347;0.03378;0.05220;0.02155;0.04738;0.07478;0.15802;0.08756;0.14398;0.03086;0.07364;0.03565;0.10643;0.06155;0.10092;0.02423;0.09052;0.09333;0.09809;0.08443;0.02471;0.04019;0.02958;0.09807;0.19815;0.17406;0.21298;0.15508;0.21421;0.19888;0.02517;0.07609;0.19236;0.12401;0.03306;0.08475;0.02995;0.19801;0.05738;0.08501;0.05364;0.06847;0.08626;0.05838;0.06763;0.04840;0.03743;0.00940;0.02933;0.03866;0.02112;0.02595;0.00587;0.00669;0.00603;0.00579;0.01437;0.00933;0.01017;0.00889;0.00543;0.00663;0.01540;0.02744;0.01837;0.04573;0.02174;0.06459;0.01688;0.02580;0.01759
2020-05-25 00:00;0.19079;0.19009;0.01964;0.19007;0.02160;0.04883;0.01562;0.18990;0.01404;0.18967;0.01321;0.18970;0.01365;0.14219;0.01452;0.18968;0.18967;0.01685;0.18968;0.18966;0.00983;0.18966;0.00890;0.01725;0.01637;0.13074;0.02087;0.18966;0.18961;0.00812;0.18957;0.01288;0.15086;0.01953;0.18948;0.01906;0.18953;0.18362;0.18910;0.18987;0.18979;0.19151;0.19148;0.02422;0.19790;0.19851;0.01692;0.20010;0.20011;0.20030;0.20034;0.20045;0.20158;0.00508;0.19675;0.00656;0.20167;0.20167;0.20185;0.00886;0.20116;0.20190;0.01053;0.20204;0.20449;0.01006;0.20508;0.20551;0.01656;0.14666;0.01237;0.20717;0.06271;0.07530;0.07405;0.06535;0.04200;0.04032;0.03182;0.20874;0.20821;0.03679;0.20826;0.20851;0.20892;0.20897;0.21037;0.04792;0.21141;0.21086;0.21055;0.21407;0.03847;0.21478;0.05007;0.21658;0.16357;0.15976;0.15301;0.14961;0.12949;0.12711;0.03112;0.12481;0.02217;0.12931;0.02470;0.12843;0.00945;0.12844;0.07604;0.07419;0.02124;0.01738;0.02076;0.12581;0.05841;0.12393;0.12437;0.12464;0.13074;0.17102;0.03096;0.02734;0.01555;0.05387;0.03934;0.04484;0.02059;0.03995;0.07455;0.14419;0.08484;0.12857;0.02110;0.07007;0.03932;0.10226;0.05864;0.09724;0.01808;0.08811;0.09119;0.09560;0.08218;0.02453;0.03995;0.02658;0.09545;0.19439;0.16987;0.20797;0.15072;0.20937;0.19879;0.02283;0.06463;0.18667;0.11992;0.03372;0.07331;0.02830;0.19789;0.05297;0.07554;0.04605;0.06469;0.07992;0.05166;0.06228;0.04442;0.03571;0.00974;0.02921;0.03834;0.02179;0.02511;0.00622;0.00924;0.00615;0.00620;0.01609;0.01465;0.01845;0.01806;0.00766;0.00868;0.01514;0.02902;0.01642;0.04380;0.02536;0.05618;0.02011;0.02573;0.01837
2020-05-26 00:00;0.18204;0.18147;0.01388;0.18148;0.01723;0.03894;0.01163;0.18141;0.01266;0.18116;0.01147;0.18119;0.01158;0.13581;0.01389;0.18115;0.18114;0.01551;0.18113;0.18110;0.00859;0.18109;0.00828;0.01602;0.01548;0.12482;0.01804;0.18107;0.18104;0.00727;0.18101;0.01181;0.14403;0.01865;0.18090;0.01766;0.18093;0.17552;0.18073;0.18163;0.18152;0.18306;0.18301;0.02515;0.18895;0.18947;0.01650;0.19091;0.19085;0.19097;0.19091;0.19095;0.19202;0.00429;0.18738;0.00631;0.19203;0.19201;0.19210;0.00809;0.19144;0.19211;0.00888;0.19223;0.19453;0.00974;0.19502;0.19532;0.01463;0.13934;0.01131;0.19682;0.05917;0.07122;0.07041;0.06275;0.04066;0.03732;0.02944;0.19810;0.19720;0.02787;0.19744;0.19741;0.19775;0.19773;0.19858;0.04461;0.19949;0.19949;0.19899;0.20223;0.03604;0.20288;0.04676;0.20438;0.15138;0.14788;0.14053;0.13659;0.11887;0.11681;0.02865;0.11462;0.01623;0.11893;0.02239;0.11864;0.00911;0.11866;0.07185;0.07085;0.01838;0.01316;0.01716;0.11588;0.05489;0.11397;0.11452;0.11494;0.12380;0.16308;0.02648;0.02208;0.01416;0.04176;0.03084;0.03884;0.01936;0.03481;0.06584;0.12825;0.08208;0.11058;0.01573;0.06586;0.03102;0.09530;0.04281;0.09367;0.01808;0.08487;0.08808;0.09265;0.07967;0.02312;0.03731;0.02423;0.08790;0.18968;0.16591;0.20239;0.14655;0.20454;0.19869;0.01977;0.04644;0.18101;0.11597;0.02956;0.05572;0.02668;0.19767;0.05067;0.06465;0.04207;0.06264;0.07272;0.04751;0.05151;0.03854;0.03327;0.00940;0.02766;0.03644;0.02088;0.02379;0.00563;0.00693;0.00583;0.00561;0.01582;0.01217;0.01426;0.01434;0.00589;0.00731;0.01353;0.02825;0.01539;0.03745;0.01954;0.03532;0.01526;0.02313;0.01552
2020-05-27 00:00;0.16943;0.16875;0.01041;0.16877;0.01299;0.02930;0.01016;0.16876;0.01094;0.16840;0.00981;0.16842;0.00940;0.12621;0.01218;0.16832;0.16831;0.01358;0.16826;0.16818;0.00747;0.16813;0.00728;0.01410;0.01359;0.11587;0.01591;0.16806;0.16804;0.00627;0.16792;0.01044;0.13357;0.01649;0.16773;0.01538;0.16775;0.16289;0.16763;0.16858;0.16841;0.16978;0.16972;0.02142;0.17523;0.17563;0.01348;0.17691;0.17674;0.17676;0.17653;0.17638;0.17740;0.00381;0.17305;0.00553;0.17730;0.17724;0.17722;0.00700;0.17661;0.17716;0.00771;0.17724;0.17938;0.00877;0.17973;0.17984;0.01267;0.12821;0.00997;0.18109;0.05350;0.06506;0.06426;0.05550;0.03877;0.03420;0.02454;0.18206;0.18087;0.01998;0.18119;0.18098;0.18142;0.18147;0.18209;0.03849;0.18290;0.18384;0.18326;0.18639;0.02993;0.18706;0.04030;0.18843;0.13227;0.12893;0.12125;0.11769;0.10362;0.10193;0.02436;0.10011;0.01101;0.10403;0.01878;0.10504;0.00777;0.10507;0.06683;0.06701;0.01455;0.00881;0.01353;0.10225;0.04998;0.10033;0.10114;0.10172;0.11552;0.15415;0.01987;0.01483;0.01214;0.02083;0.02101;0.03043;0.01625;0.02761;0.05629;0.10625;0.07901;0.08431;0.01187;0.06103;0.01571;0.08573;0.01879;0.08847;0.01270;0.08059;0.08434;0.08917;0.07696;0.01959;0.03406;0.01936;0.07830;0.18517;0.16159;0.19662;0.14228;0.19926;0.19791;0.01596;0.02357;0.17503;0.11191;0.02341;0.02990;0.02279;0.19512;0.04414;0.04597;0.03444;0.05603;0.06171;0.03880;0.03686;0.03118;0.02890;0.00809;0.02397;0.03147;0.01837;0.02026;0.00501;0.00629;0.00536;0.00503;0.01204;0.01006;0.00987;0.01022;0.00478;0.00618;0.01162;0.02328;0.01356;0.03110;0.01503;0.01453;0.01217;0.01989;0.01327
2020-05-28 00:00;0.15482;0.15420;0.00949;0.15422;0.01146;0.02583;0.00952;0.15422;0.00983;0.15394;0.00874;0.15396;0.00841;0.11538;0.01098;0.15390;0.15389;0.01219;0.15387;0.15383;0.00668;0.15379;0.00654;0.01266;0.01218;0.10600;0.01423;0.15376;0.15375;0.00578;0.15369;0.00931;0.12228;0.01481;0.15357;0.01339;0.15360;0.14914;0.15354;0.15439;0.15428;0.15567;0.15563;0.01899;0.16080;0.16124;0.01187;0.16251;0.16244;0.16258;0.16253;0.16258;0.16356;0.00343;0.15961;0.00513;0.16358;0.16356;0.16365;0.00632;0.16309;0.16366;0.00671;0.16377;0.16590;0.00809;0.16633;0.16663;0.01134;0.11890;0.00887;0.16797;0.05067;0.06166;0.06194;0.05529;0.03676;0.03006;0.02310;0.16914;0.16857;0.02298;0.16881;0.16888;0.16925;0.16920;0.16952;0.03687;0.17012;0.17142;0.17090;0.17396;0.02714;0.17462;0.03808;0.17593;0.11766;0.11425;0.10613;0.10208;0.09483;0.09286;0.02576;0.09080;0.00994;0.09439;0.01705;0.09598;0.00660;0.09602;0.06246;0.06285;0.01308;0.00793;0.01214;0.09314;0.04811;0.09100;0.09188;0.09242;0.10794;0.14462;0.01719;0.01279;0.01102;0.01464;0.01883;0.02670;0.01474;0.02501;0.05461;0.07711;0.07595;0.04559;0.01515;0.05546;0.01419;0.08241;0.01562;0.08529;0.01617;0.07760;0.08087;0.08575;0.07401;0.01831;0.03141;0.02067;0.07209;0.18017;0.15690;0.19111;0.13802;0.19291;0.19221;0.01286;0.01867;0.16929;0.10790;0.02152;0.02439;0.02060;0.18887;0.03937;0.03654;0.03632;0.05458;0.05785;0.03740;0.03137;0.02993;0.02081;0.00726;0.02104;0.02765;0.01626;0.01773;0.00456;0.00524;0.00503;0.00458;0.01005;0.00852;0.00845;0.00845;0.00411;0.00553;0.01037;0.02009;0.01213;0.02931;0.01348;0.01620;0.01048;0.01791;0.01202
2020-05-29 00:00;0.14913;0.14880;0.01245;0.14880;0.01837;0.04164;0.01068;0.14866;0.01119;0.14857;0.00999;0.14863;0.00790;0.11143;0.01031;0.14872;0.14870;0.01149;0.14879;0.14887;0.00651;0.14893;0.00649;0.01237;0.01188;0.10268;0.01770;0.14899;0.14895;0.00615;0.14900;0.00982;0.11861;0.01358;0.14903;0.01270;0.14912;0.14481;0.14926;0.14994;0.14998;0.15150;0.15152;0.01982;0.15674;0.15736;0.01694;0.15868;0.15886;0.15911;0.15938;0.15963;0.16055;0.00449;0.15680;0.00526;0.16079;0.16086;0.16116;0.00762;0.16063;0.16131;0.01050;0.16145;0.16343;0.00799;0.16406;0.16467;0.01448;0.11765;0.01119;0.16620;0.05064;0.06092;0.06079;0.05140;0.03527;0.03066;0.02481;0.16801;0.16828;0.02415;0.16858;0.16924;0.17021;0.17019;0.17125;0.03691;0.17197;0.17310;0.17227;0.17529;0.03004;0.17596;0.03902;0.17741;0.11914;0.11372;0.10561;0.10191;0.09620;0.09363;0.02742;0.09108;0.01599;0.09432;0.01992;0.09516;0.00836;0.09509;0.05991;0.05859;0.01629;0.01044;0.01945;0.09238;0.04892;0.09007;0.09052;0.09029;0.10328;0.13475;0.02065;0.01583;0.01044;0.03272;0.02929;0.03141;0.01426;0.03055;0.05823;0.07262;0.07258;0.04256;0.01528;0.04944;0.02726;0.08305;0.02774;0.08347;0.01634;0.07636;0.07855;0.08253;0.07098;0.01942;0.03409;0.02578;0.08450;0.18025;0.15353;0.18828;0.13399;0.18727;0.18610;0.01102;0.02792;0.16442;0.10424;0.02617;0.02944;0.02536;0.18273;0.04105;0.04252;0.03814;0.05405;0.05710;0.03770;0.03194;0.03106;0.01578;0.00805;0.02503;0.03279;0.01932;0.02100;0.00566;0.01003;0.00548;0.00571;0.01309;0.01562;0.02154;0.02174;0.00766;0.00888;0.01227;0.02509;0.01159;0.03342;0.01821;0.01336;0.01954;0.01931;0.01634
2020-05-30 00:00;0.15801;0.15731;0.02658;0.15723;0.03264;0.07397;0.01982;0.15659;0.01410;0.15661;0.01875;0.15666;0.00800;0.11748;0.01044;0.15686;0.15685;0.01169;0.15702;0.15720;0.00698;0.15733;0.00708;0.01317;0.01280;0.10849;0.02341;0.15745;0.15734;0.00821;0.15735;0.01154;0.12528;0.01313;0.15745;0.01298;0.15759;0.15280;0.15760;0.15758;0.15772;0.15918;0.15922;0.02460;0.16459;0.16529;0.02406;0.16657;0.16685;0.16704;0.16727;0.16748;0.16836;0.00488;0.16449;0.00531;0.16872;0.16883;0.16923;0.00828;0.16867;0.16944;0.01242;0.16960;0.17153;0.00793;0.17228;0.17306;0.01802;0.12367;0.01315;0.17470;0.05381;0.06450;0.06403;0.05542;0.03387;0.03326;0.02788;0.17681;0.17728;0.03448;0.17733;0.17822;0.17915;0.17905;0.17898;0.04268;0.17966;0.17986;0.17831;0.18130;0.03262;0.18196;0.04681;0.18300;0.12729;0.11878;0.11044;0.10636;0.09965;0.09707;0.04659;0.09147;0.01443;0.09479;0.02532;0.09536;0.01140;0.09521;0.05715;0.05374;0.01921;0.00875;0.02746;0.09169;0.04646;0.08973;0.08993;0.08969;0.09989;0.12421;0.02321;0.01401;0.01114;0.03040;0.03031;0.03312;0.01408;0.03194;0.05727;0.07807;0.06979;0.05423;0.03120;0.04191;0.02248;0.08568;0.02199;0.08825;0.04029;0.07656;0.07594;0.07899;0.06757;0.02029;0.03637;0.03795;0.10454;0.18134;0.15176;0.18549;0.13037;0.18237;0.18090;0.01083;0.02807;0.16019;0.10106;0.02657;0.02921;0.02953;0.17645;0.04443;0.05770;0.06248;0.05865;0.06395;0.04611;0.04239;0.03559;0.02186;0.00871;0.02914;0.03816;0.02334;0.02377;0.00625;0.01202;0.00579;0.00629;0.01746;0.02086;0.03838;0.03284;0.01188;0.01367;0.01618;0.03434;0.01205;0.05194;0.02170;0.03760;0.03133;0.02188;0.02296
2020-05-31 00:00;0.19386;0.19107;0.06173;0.19066;0.07951;0.18035;0.04187;0.18748;0.02926;0.18691;0.02900;0.18693;0.01557;0.14019;0.01355;0.18718;0.18711;0.01654;0.18737;0.18743;0.01208;0.18758;0.01163;0.02046;0.02010;0.12934;0.05207;0.18758;0.18698;0.01504;0.18610;0.02140;0.14784;0.01419;0.18580;0.01802;0.18599;0.18018;0.18550;0.18365;0.18394;0.18415;0.18411;0.04214;0.18931;0.18996;0.05097;0.19036;0.19050;0.18958;0.18849;0.18673;0.18719;0.01006;0.18285;0.00712;0.18744;0.18755;0.18787;0.01574;0.18722;0.18792;0.02832;0.18790;0.18844;0.00904;0.18909;0.18955;0.03512;0.13500;0.02577;0.19047;0.06525;0.07884;0.07346;0.05411;0.03472;0.05049;0.03408;0.19124;0.19110;0.04472;0.19078;0.19151;0.19259;0.19252;0.19246;0.04668;0.19334;0.19326;0.19068;0.19339;0.03921;0.19401;0.05099;0.19438;0.13988;0.12895;0.12006;0.11589;0.11137;0.10806;0.05464;0.10156;0.02662;0.10442;0.02781;0.10366;0.01341;0.10348;0.05487;0.04933;0.02229;0.01586;0.03053;0.10170;0.05141;0.09957;0.09958;0.09887;0.09255;0.11000;0.02928;0.02391;0.01075;0.06787;0.04187;0.04029;0.01432;0.03983;0.06829;0.07574;0.06632;0.05349;0.02611;0.03556;0.04175;0.09194;0.04538;0.09004;0.04879;0.07554;0.07449;0.07607;0.06443;0.02355;0.04128;0.03885;0.12272;0.18582;0.15200;0.18430;0.12791;0.18055;0.17683;0.01255;0.03612;0.15920;0.10013;0.03550;0.03924;0.03427;0.17021;0.05356;0.06683;0.07348;0.06217;0.07126;0.05049;0.05605;0.04429;0.02496;0.01457;0.04912;0.06341;0.03757;0.04004;0.01215;0.02982;0.00913;0.01230;0.03434;0.05018;0.10064;0.08122;0.02902;0.03271;0.03459;0.06863;0.01735;0.09239;0.05797;0.05686;0.07541;0.04133;0.05334
2020-06-01 00:00;0.19456;0.19280;0.03531;0.19266;0.04812;0.10935;0.01158;0.19133;0.01508;0.19044;0.03168;0.19030;0.01086;0.14260;0.01067;0.19012;0.19009;0.01291;0.19000;0.18973;0.00856;0.18962;0.00725;0.01307;0.01431;0.13068;0.02396;0.18948;0.18926;0.01186;0.18870;0.01324;0.14998;0.01354;0.18833;0.01467;0.18834;0.18234;0.18736;0.18487;0.18463;0.18418;0.18403;0.05023;0.18762;0.18770;0.04717;0.18754;0.18711;0.18611;0.18500;0.18397;0.18438;0.00511;0.17979;0.00592;0.18413;0.18403;0.18386;0.00979;0.18320;0.18367;0.01610;0.18366;0.18433;0.00864;0.18455;0.18439;0.02922;0.13103;0.01948;0.18491;0.05809;0.07046;0.06742;0.05562;0.03381;0.04152;0.02938;0.18471;0.18275;0.04052;0.18230;0.18125;0.18075;0.18065;0.17836;0.04738;0.17875;0.17844;0.17630;0.17874;0.03263;0.17925;0.04803;0.17927;0.12292;0.11692;0.10652;0.10033;0.09413;0.09073;0.04729;0.08483;0.01684;0.08745;0.02283;0.08650;0.01275;0.08631;0.04710;0.04370;0.01699;0.01136;0.01998;0.08398;0.04625;0.08153;0.08115;0.07962;0.07380;0.08758;0.02370;0.01921;0.01084;0.05196;0.02958;0.03283;0.01430;0.03195;0.05664;0.06796;0.06280;0.04617;0.02390;0.02805;0.03278;0.08389;0.03332;0.08355;0.04943;0.06838;0.06840;0.07148;0.06067;0.02001;0.03068;0.03045;0.08962;0.17485;0.14898;0.18064;0.12588;0.17774;0.17224;0.01393;0.03602;0.15740;0.09923;0.02793;0.03328;0.02957;0.16215;0.04884;0.05995;0.07328;0.05911;0.06996;0.05110;0.05200;0.04066;0.02446;0.01147;0.04319;0.05686;0.03477;0.03546;0.00750;0.01397;0.00675;0.00740;0.03423;0.03159;0.05501;0.05609;0.01495;0.01847;0.02083;0.06211;0.01283;0.10103;0.04336;0.06435;0.03812;0.03264;0.02487
2020-06-02 00:00;0.16330;0.16191;0.01535;0.16189;0.01617;0.03653;0.00889;0.16169;0.00938;0.16085;0.01792;0.16074;0.00836;0.12040;0.00988;0.16043;0.16041;0.01117;0.16021;0.15990;0.00617;0.15969;0.00594;0.01139;0.01115;0.11001;0.01355;0.15946;0.15936;0.00620;0.15890;0.00859;0.12622;0.01323;0.15841;0.01201;0.15834;0.15311;0.15720;0.15639;0.15601;0.15634;0.15619;0.03071;0.16011;0.16017;0.02105;0.16075;0.16027;0.15991;0.15911;0.15841;0.15917;0.00361;0.15513;0.00533;0.15881;0.15866;0.15841;0.00679;0.15784;0.15818;0.00756;0.15818;0.15959;0.00830;0.15967;0.15941;0.01602;0.11337;0.01102;0.16006;0.04622;0.05562;0.05445;0.04348;0.03189;0.03007;0.02301;0.16025;0.15826;0.02915;0.15803;0.15686;0.15610;0.15617;0.15472;0.04013;0.15490;0.15540;0.15405;0.15638;0.02748;0.15684;0.03915;0.15725;0.09854;0.09557;0.08478;0.07802;0.07059;0.06697;0.03061;0.06312;0.01483;0.06480;0.01733;0.06370;0.01006;0.06360;0.03840;0.03544;0.01414;0.01050;0.01319;0.06063;0.04184;0.05725;0.05588;0.05241;0.04401;0.04182;0.01972;0.01638;0.01043;0.03547;0.02672;0.02852;0.01403;0.02798;0.04582;0.05772;0.05803;0.03621;0.01702;0.02049;0.02801;0.07329;0.02880;0.07104;0.02890;0.06179;0.06330;0.06677;0.05657;0.01809;0.02539;0.02015;0.06096;0.16486;0.14151;0.17285;0.12277;0.17214;0.16538;0.01299;0.02413;0.15295;0.09629;0.02403;0.02800;0.02148;0.15314;0.03965;0.04120;0.04801;0.04755;0.05822;0.03982;0.03873;0.02874;0.01922;0.00777;0.02582;0.03370;0.02144;0.02016;0.00488;0.00613;0.00529;0.00491;0.01678;0.01284;0.01813;0.01402;0.00531;0.00784;0.01012;0.03234;0.01096;0.06440;0.02025;0.06416;0.01537;0.01905;0.01186
2020-06-03 00:00;0.13753;0.13664;0.00984;0.13664;0.01328;0.03003;0.00861;0.13654;0.00906;0.13605;0.01068;0.13602;0.00768;0.10192;0.00961;0.13588;0.13586;0.01071;0.13578;0.13564;0.00593;0.13555;0.00577;0.01115;0.01069;0.09341;0.01350;0.13545;0.13540;0.00539;0.13519;0.00838;0.10749;0.01286;0.13496;0.01172;0.13495;0.13048;0.13418;0.13452;0.13436;0.13530;0.13524;0.02234;0.13925;0.13953;0.01285;0.14048;0.14034;0.14034;0.14014;0.14001;0.14081;0.00355;0.13737;0.00511;0.14075;0.14071;0.14073;0.00643;0.14024;0.14070;0.00715;0.14077;0.14240;0.00801;0.14270;0.14285;0.01203;0.10185;0.00912;0.14386;0.04247;0.05029;0.05032;0.04274;0.03000;0.02491;0.02282;0.14479;0.14392;0.01916;0.14408;0.14361;0.14309;0.14311;0.14226;0.03758;0.14229;0.14274;0.14175;0.14389;0.02691;0.14432;0.03803;0.14470;0.08489;0.08275;0.07210;0.06497;0.05662;0.05365;0.02984;0.04923;0.01155;0.05052;0.01714;0.04945;0.00768;0.04935;0.02729;0.02275;0.01317;0.00868;0.01285;0.04634;0.03844;0.04242;0.04084;0.03791;0.02813;0.02199;0.01775;0.01397;0.01048;0.02561;0.02227;0.02530;0.01383;0.02538;0.03633;0.05298;0.05306;0.03571;0.01819;0.01619;0.02229;0.06581;0.02180;0.06252;0.01227;0.05797;0.05843;0.06171;0.05177;0.01786;0.02277;0.02303;0.04968;0.15790;0.13478;0.16797;0.11925;0.16646;0.15747;0.01142;0.02319;0.14863;0.09326;0.02192;0.02552;0.02016;0.14314;0.03658;0.03894;0.03977;0.04470;0.05292;0.03808;0.02783;0.02703;0.01432;0.00727;0.02053;0.02686;0.01668;0.01650;0.00466;0.00593;0.00503;0.00468;0.01064;0.00937;0.01250;0.01069;0.00514;0.00651;0.00961;0.02118;0.01058;0.03542;0.01694;0.05598;0.01263;0.01725;0.01182
2020-06-04 00:00;0.12695;0.12633;0.00864;0.12634;0.01127;0.02543;0.00864;0.12630;0.00856;0.12602;0.00883;0.12602;0.00719;0.09445;0.00945;0.12596;0.12595;0.01044;0.12592;0.12587;0.00572;0.12583;0.00560;0.01086;0.01042;0.08673;0.01240;0.12579;0.12577;0.00499;0.12569;0.00803;0.09999;0.01268;0.12556;0.01139;0.12558;0.12173;0.12529;0.12581;0.12570;0.12672;0.12668;0.01872;0.13065;0.13096;0.01190;0.13190;0.13180;0.13185;0.13172;0.13167;0.13243;0.00336;0.12920;0.00502;0.13239;0.13236;0.13238;0.00616;0.13192;0.13236;0.00657;0.13242;0.13395;0.00787;0.13423;0.13436;0.01102;0.09580;0.00859;0.13531;0.03808;0.04473;0.04373;0.03334;0.02793;0.02436;0.02142;0.13638;0.13544;0.02136;0.13546;0.13480;0.13423;0.13438;0.13368;0.03512;0.13365;0.13431;0.13342;0.13533;0.02595;0.13572;0.03458;0.13606;0.07632;0.07495;0.06451;0.05751;0.05014;0.04857;0.02573;0.04476;0.01147;0.04586;0.01619;0.04475;0.00646;0.04465;0.01963;0.01325;0.01269;0.00814;0.01222;0.04264;0.03530;0.03905;0.03736;0.03420;0.02714;0.02135;0.01664;0.01275;0.01001;0.02197;0.02230;0.02492;0.01349;0.02496;0.02629;0.04585;0.04671;0.03256;0.01390;0.01552;0.02199;0.06054;0.02152;0.05611;0.01604;0.05219;0.05289;0.05592;0.04636;0.01717;0.01995;0.01839;0.04097;0.15188;0.12921;0.16324;0.11560;0.16072;0.14912;0.01009;0.01928;0.14441;0.09032;0.02113;0.02472;0.01946;0.13165;0.03525;0.03318;0.03303;0.03876;0.04856;0.03481;0.02659;0.02497;0.01651;0.00703;0.01940;0.02551;0.01560;0.01593;0.00446;0.00516;0.00492;0.00448;0.00974;0.00835;0.01027;0.00905;0.00449;0.00593;0.00905;0.01867;0.01034;0.02864;0.01342;0.03226;0.01011;0.01598;0.01071
2020-06-05 00:00;0.11884;0.11820;0.00810;0.11821;0.00991;0.02236;0.00787;0.11819;0.00794;0.11791;0.00710;0.11792;0.00676;0.08837;0.00886;0.11786;0.11785;0.00983;0.11782;0.11777;0.00538;0.11773;0.00527;0.01020;0.00978;0.08114;0.01162;0.11769;0.11767;0.00443;0.11761;0.00752;0.09356;0.01195;0.11749;0.01074;0.11750;0.11409;0.11743;0.11809;0.11799;0.11897;0.11893;0.01716;0.12269;0.12299;0.01080;0.12388;0.12380;0.12387;0.12377;0.12375;0.12447;0.00325;0.12144;0.00488;0.12444;0.12442;0.12445;0.00591;0.12402;0.12443;0.00617;0.12450;0.12594;0.00770;0.12621;0.12635;0.01018;0.09010;0.00815;0.12726;0.03309;0.03910;0.03781;0.02764;0.02504;0.02215;0.01999;0.12864;0.12782;0.01796;0.12792;0.12738;0.12687;0.12714;0.12652;0.03130;0.12656;0.12724;0.12637;0.12813;0.02486;0.12849;0.03094;0.12889;0.07028;0.06909;0.05926;0.05199;0.04521;0.04427;0.02257;0.04082;0.00977;0.04183;0.01526;0.04077;0.00583;0.04067;0.01787;0.01149;0.01200;0.00748;0.01107;0.03864;0.03167;0.03544;0.03376;0.03089;0.02596;0.02044;0.01563;0.01176;0.00963;0.01788;0.01936;0.02294;0.01322;0.02302;0.01938;0.04026;0.03871;0.02990;0.01028;0.01424;0.01824;0.05343;0.01767;0.04710;0.01143;0.04641;0.04663;0.04924;0.03989;0.01666;0.01736;0.01716;0.03730;0.14591;0.12376;0.15832;0.11184;0.15491;0.13991;0.00875;0.01892;0.14032;0.08749;0.01990;0.02303;0.01858;0.11786;0.03369;0.03031;0.02795;0.03357;0.04455;0.03135;0.02427;0.02355;0.01325;0.00677;0.01826;0.02399;0.01488;0.01481;0.00430;0.00481;0.00481;0.00433;0.00894;0.00751;0.00850;0.00711;0.00414;0.00553;0.00834;0.01718;0.00975;0.02207;0.01105;0.01146;0.00896;0.01460;0.00979
2020-06-06 00:00;0.12361;0.12223;0.03277;0.12205;0.03917;0.08883;0.02341;0.12079;0.01615;0.12050;0.01454;0.12053;0.00930;0.09038;0.00997;0.12064;0.12061;0.01154;0.12073;0.12079;0.00743;0.12087;0.00734;0.01340;0.01290;0.08334;0.02811;0.12088;0.12063;0.00824;0.12030;0.01251;0.09564;0.01192;0.12019;0.01248;0.12029;0.11660;0.12014;0.11975;0.11987;0.12045;0.12044;0.02386;0.12410;0.12456;0.02660;0.12516;0.12530;0.12505;0.12480;0.12420;0.12467;0.00611;0.12178;0.00542;0.12485;0.12492;0.12514;0.00970;0.12471;0.12520;0.01597;0.12523;0.12592;0.00777;0.12635;0.12670;0.01991;0.09034;0.01515;0.12751;0.03933;0.04610;0.04125;0.02771;0.02132;0.03256;0.02323;0.12879;0.12861;0.03031;0.12834;0.12832;0.12821;0.12844;0.12851;0.03192;0.12869;0.12909;0.12780;0.12944;0.02696;0.12982;0.03102;0.13042;0.07542;0.07105;0.06269;0.05729;0.05318;0.05219;0.02490;0.04863;0.01592;0.04969;0.01830;0.04865;0.00742;0.04849;0.02210;0.01409;0.01506;0.01039;0.01732;0.04678;0.03121;0.04444;0.04315;0.04119;0.03123;0.02411;0.01953;0.01568;0.00923;0.03414;0.02687;0.02669;0.01260;0.02637;0.02779;0.03951;0.02852;0.03212;0.01080;0.01669;0.02531;0.05486;0.02610;0.04822;0.02747;0.04269;0.04135;0.04211;0.03293;0.01660;0.02209;0.02168;0.05831;0.14451;0.11937;0.15564;0.10821;0.14939;0.12994;0.00778;0.01997;0.13672;0.08487;0.02318;0.02613;0.02207;0.10153;0.03636;0.03754;0.03159;0.03493;0.04658;0.03347;0.03570;0.02889;0.01914;0.00946;0.02945;0.03823;0.02196;0.02475;0.00744;0.01643;0.00632;0.00753;0.01847;0.02618;0.04767;0.04116;0.01491;0.01654;0.01859;0.03607;0.01180;0.04671;0.02445;0.03158;0.03882;0.02285;0.02815
2020-06-07 00:00;0.12937;0.12785;0.03196;0.12768;0.03534;0.08011;0.01846;0.12665;0.01218;0.12630;0.01892;0.12627;0.00771;0.09466;0.00902;0.12628;0.12627;0.01041;0.12630;0.12625;0.00643;0.12626;0.00607;0.01119;0.01137;0.08704;0.01987;0.12625;0.12610;0.00805;0.12586;0.01029;0.10011;0.01145;0.12575;0.01168;0.12580;0.12172;0.12527;0.12421;0.12418;0.12437;0.12432;0.03053;0.12731;0.12757;0.02881;0.12785;0.12776;0.12739;0.12697;0.12655;0.12694;0.00426;0.12389;0.00500;0.12696;0.12695;0.12701;0.00763;0.12657;0.12699;0.01161;0.12703;0.12774;0.00751;0.12804;0.12820;0.01925;0.09127;0.01345;0.12884;0.03680;0.04347;0.04048;0.03327;0.02064;0.02773;0.02165;0.12984;0.12912;0.02573;0.12898;0.12844;0.12799;0.12818;0.12690;0.03431;0.12692;0.12703;0.12561;0.12724;0.02502;0.12760;0.03323;0.12784;0.07656;0.07292;0.06530;0.05941;0.05484;0.05378;0.03315;0.04891;0.01152;0.05024;0.01813;0.04921;0.00831;0.04905;0.02250;0.01580;0.01402;0.00826;0.01723;0.04685;0.02539;0.04553;0.04425;0.04235;0.03110;0.02361;0.01830;0.01349;0.00943;0.02862;0.02242;0.02505;0.01240;0.02448;0.02606;0.04025;0.02167;0.03600;0.01881;0.01448;0.02044;0.04899;0.02006;0.04129;0.01784;0.03725;0.03474;0.03499;0.02605;0.01597;0.01936;0.02223;0.05540;0.13768;0.11463;0.15043;0.10474;0.14359;0.11893;0.00748;0.02301;0.13307;0.08242;0.02035;0.02357;0.02023;0.07847;0.03501;0.03860;0.04256;0.03605;0.04644;0.03646;0.03339;0.02827;0.01673;0.00853;0.02861;0.03752;0.02228;0.02386;0.00584;0.01054;0.00560;0.00585;0.02113;0.02147;0.03836;0.03565;0.01104;0.01347;0.01511;0.03884;0.01053;0.05896;0.02758;0.04781;0.02825;0.02268;0.01978
2020-06-08 00:00;0.11986;0.11876;0.01470;0.11872;0.01760;0.03985;0.00814;0.11842;0.00812;0.11791;0.01189;0.11786;0.00639;0.08830;0.00836;0.11770;0.11769;0.00932;0.11759;0.11742;0.00518;0.11731;0.00504;0.00966;0.00948;0.08083;0.01200;0.11719;0.11713;0.00520;0.11687;0.00749;0.09288;0.01115;0.11659;0.01024;0.11657;0.11292;0.11604;0.11581;0.11560;0.11598;0.11589;0.02391;0.11882;0.11893;0.01728;0.11940;0.11913;0.11890;0.11842;0.11801;0.11855;0.00320;0.11558;0.00468;0.11836;0.11827;0.11814;0.00587;0.11772;0.11801;0.00675;0.11802;0.11904;0.00734;0.11914;0.11901;0.01291;0.08467;0.00927;0.11953;0.02929;0.03377;0.03179;0.02574;0.01619;0.02068;0.01890;0.12047;0.11915;0.01618;0.11916;0.11806;0.11752;0.11780;0.11634;0.03112;0.11628;0.11666;0.11549;0.11703;0.02312;0.11732;0.02955;0.11744;0.06705;0.06551;0.05767;0.05126;0.04633;0.04499;0.02622;0.04105;0.00997;0.04204;0.01509;0.04075;0.00714;0.04064;0.01885;0.01320;0.01175;0.00720;0.01193;0.03849;0.01644;0.03802;0.03650;0.03396;0.02658;0.02045;0.01556;0.01157;0.00918;0.02085;0.01996;0.02291;0.01231;0.02291;0.02238;0.03440;0.01723;0.03060;0.01368;0.01391;0.01906;0.04275;0.01859;0.03415;0.01524;0.03192;0.03019;0.03043;0.02252;0.01532;0.01648;0.01649;0.03922;0.12932;0.10789;0.14478;0.10112;0.13730;0.10537;0.00722;0.01788;0.12946;0.07999;0.01878;0.02201;0.01759;0.03725;0.03098;0.03043;0.03354;0.03021;0.03844;0.03090;0.02320;0.02214;0.01197;0.00674;0.02039;0.02664;0.01654;0.01631;0.00436;0.00551;0.00483;0.00440;0.01349;0.01141;0.01772;0.01480;0.00536;0.00753;0.00916;0.02478;0.00926;0.04123;0.01590;0.03495;0.01235;0.01618;0.01076
2020-06-09 00:00;0.10968;0.10846;0.02007;0.10838;0.02398;0.05434;0.01459;0.10779;0.01101;0.10729;0.01366;0.10724;0.00661;0.08036;0.00861;0.10715;0.10713;0.00960;0.10708;0.10694;0.00564;0.10688;0.00571;0.01071;0.01028;0.07366;0.01835;0.10678;0.10664;0.00622;0.10630;0.00914;0.08446;0.01096;0.10605;0.01067;0.10605;0.10291;0.10580;0.10553;0.10544;0.10594;0.10588;0.02079;0.10881;0.10901;0.01620;0.10958;0.10947;0.10934;0.10899;0.10865;0.10919;0.00375;0.10655;0.00468;0.10919;0.10917;0.10922;0.00637;0.10884;0.10921;0.00834;0.10925;0.11029;0.00725;0.11054;0.11069;0.01255;0.07891;0.00948;0.11142;0.02836;0.03195;0.02935;0.02908;0.00896;0.02114;0.01925;0.11281;0.11219;0.02025;0.11213;0.11156;0.11109;0.11128;0.11001;0.03054;0.10990;0.11000;0.10894;0.11040;0.02234;0.11070;0.02947;0.11091;0.06251;0.06038;0.05315;0.04715;0.04197;0.04069;0.02572;0.03651;0.00887;0.03740;0.01482;0.03634;0.00606;0.03622;0.01768;0.01202;0.01131;0.00663;0.01178;0.03369;0.00997;0.03384;0.03240;0.03060;0.02531;0.02006;0.01464;0.01060;0.00902;0.01621;0.01779;0.02115;0.01180;0.02123;0.02103;0.03414;0.01802;0.03038;0.01505;0.01259;0.01579;0.03946;0.01518;0.03208;0.01118;0.03042;0.02771;0.02762;0.02104;0.01479;0.01626;0.01926;0.04080;0.12300;0.10165;0.14019;0.09734;0.13031;0.08684;0.00683;0.01958;0.12603;0.07764;0.01780;0.02055;0.01728;0.02690;0.02926;0.03319;0.03368;0.03067;0.03801;0.03135;0.02503;0.02326;0.01492;0.00688;0.01943;0.02533;0.01514;0.01600;0.00480;0.00777;0.00494;0.00485;0.01151;0.01260;0.02787;0.02002;0.00916;0.01058;0.01234;0.02354;0.00977;0.03896;0.02161;0.01739;0.02359;0.01845;0.01770
2020-06-10 00:00;0.10591;0.10520;0.01451;0.10517;0.02279;0.05172;0.00970;0.10465;0.01028;0.10432;0.01189;0.10431;0.00637;0.07818;0.00832;0.10428;0.10426;0.00934;0.10427;0.10421;0.00549;0.10420;0.00543;0.01017;0.00999;0.07182;0.01677;0.10416;0.10405;0.00606;0.10384;0.00876;0.08257;0.01069;0.10370;0.01038;0.10373;0.10040;0.10331;0.10291;0.10286;0.10325;0.10320;0.02215;0.10592;0.10612;0.01930;0.10655;0.10645;0.10622;0.10585;0.10544;0.10589;0.00395;0.10331;0.00467;0.10583;0.10580;0.10579;0.00671;0.10541;0.10573;0.00949;0.10574;0.10647;0.00715;0.10664;0.10663;0.01397;0.07590;0.01046;0.10714;0.02760;0.03114;0.02889;0.02395;0.01355;0.02003;0.01837;0.10810;0.10713;0.01787;0.10706;0.10617;0.10552;0.10573;0.10442;0.02871;0.10434;0.10449;0.10328;0.10456;0.02148;0.10481;0.02706;0.10498;0.05753;0.05552;0.04814;0.04237;0.03715;0.03635;0.02233;0.03264;0.00791;0.03339;0.01361;0.03231;0.00551;0.03220;0.01609;0.01071;0.01049;0.00616;0.01050;0.02980;0.00786;0.03002;0.02855;0.02721;0.02412;0.01910;0.01372;0.00985;0.00854;0.01220;0.01508;0.01943;0.01130;0.01924;0.01471;0.03077;0.01566;0.02720;0.01146;0.01165;0.01146;0.03528;0.01229;0.02935;0.01174;0.02749;0.02539;0.02508;0.01981;0.01395;0.01559;0.01573;0.03786;0.11789;0.09696;0.13498;0.09334;0.12100;0.05040;0.00647;0.01620;0.12265;0.07535;0.01672;0.01866;0.01650;0.02569;0.02859;0.03030;0.02969;0.02807;0.03572;0.02894;0.02378;0.02167;0.01211;0.00720;0.02150;0.02811;0.01641;0.01808;0.00511;0.00898;0.00509;0.00516;0.01364;0.01552;0.02848;0.02432;0.00870;0.01055;0.01206;0.02676;0.00946;0.04069;0.01750;0.03698;0.02130;0.01763;0.01621
2020-06-11 00:00;0.10349;0.10296;0.01395;0.10293;0.02182;0.04949;0.01040;0.10247;0.01039;0.10229;0.01325;0.10230;0.00631;0.07671;0.00823;0.10238;0.10236;0.00923;0.10244;0.10249;0.00542;0.10256;0.00542;0.01014;0.00989;0.07072;0.01710;0.10262;0.10253;0.00614;0.10251;0.00873;0.08162;0.01053;0.10259;0.01029;0.10268;0.09957;0.10272;0.10214;0.10230;0.10297;0.10303;0.02322;0.10608;0.10666;0.02170;0.10743;0.10786;0.10812;0.10872;0.10927;0.10972;0.00458;0.10737;0.00478;0.11027;0.11046;0.11103;0.00756;0.11068;0.11137;0.01166;0.11153;0.11235;0.00714;0.11314;0.11416;0.01675;0.08179;0.01221;0.11555;0.03852;0.04389;0.04054;0.03545;0.01178;0.02887;0.02511;0.11774;0.11881;0.03186;0.11859;0.11951;0.11972;0.11961;0.11896;0.03586;0.11907;0.11810;0.11620;0.11751;0.02829;0.11784;0.03855;0.11797;0.07417;0.06446;0.05831;0.05473;0.04880;0.04800;0.03722;0.04108;0.01045;0.04219;0.01956;0.04142;0.00828;0.04113;0.02296;0.01604;0.01422;0.00606;0.02025;0.03761;0.00851;0.03809;0.03659;0.03657;0.03166;0.02522;0.01645;0.00963;0.00889;0.01323;0.01994;0.02419;0.01114;0.02365;0.02146;0.04449;0.02370;0.03970;0.02329;0.01136;0.01099;0.04158;0.01193;0.04040;0.01608;0.03429;0.02805;0.02495;0.01937;0.01614;0.02597;0.03168;0.08146;0.12326;0.09536;0.13370;0.08937;0.11607;0.03182;0.00694;0.02774;0.12018;0.07332;0.02062;0.02127;0.02449;0.04459;0.03553;0.05217;0.05276;0.04018;0.04749;0.03992;0.03878;0.03263;0.01912;0.00783;0.02737;0.03589;0.02204;0.02233;0.00582;0.01149;0.00543;0.00588;0.01644;0.01979;0.02893;0.02886;0.00879;0.01059;0.01197;0.03117;0.00935;0.04427;0.02061;0.02401;0.02236;0.01815;0.01651
2020-06-12 00:00;0.11380;0.11383;0.00894;0.11384;0.01367;0.03094;0.00735;0.11377;0.00750;0.11391;0.00940;0.11396;0.00623;0.08546;0.00776;0.11409;0.11409;0.00877;0.11419;0.11429;0.00490;0.11436;0.00466;0.00896;0.00875;0.07885;0.01118;0.11443;0.11443;0.00471;0.11452;0.00700;0.09118;0.01038;0.11455;0.00950;0.11461;0.11115;0.11453;0.11459;0.11457;0.11522;0.11520;0.02234;0.11847;0.11875;0.01767;0.11937;0.11927;0.11913;0.11884;0.11854;0.11906;0.00314;0.11610;0.00444;0.11891;0.11883;0.11872;0.00576;0.11829;0.11859;0.00731;0.11860;0.11937;0.00695;0.11946;0.11931;0.01336;0.08485;0.00955;0.11978;0.03166;0.03688;0.03527;0.02590;0.01811;0.02153;0.01977;0.12032;0.11849;0.02592;0.11811;0.11673;0.11579;0.11595;0.11350;0.03338;0.11359;0.11327;0.11117;0.11226;0.02446;0.11245;0.03484;0.11188;0.07031;0.06521;0.05804;0.05331;0.04868;0.04697;0.03206;0.04198;0.01172;0.04289;0.01587;0.04147;0.00839;0.04131;0.01955;0.01395;0.01201;0.00790;0.01349;0.03934;0.01400;0.03928;0.03790;0.03644;0.02764;0.02101;0.01575;0.01202;0.00860;0.02585;0.02048;0.02385;0.01128;0.02319;0.02723;0.03691;0.02068;0.03230;0.01598;0.01398;0.01975;0.04226;0.02020;0.04172;0.03184;0.02920;0.02652;0.02529;0.02041;0.01441;0.01928;0.01881;0.05983;0.11493;0.09316;0.12707;0.08592;0.11272;0.02789;0.00759;0.02240;0.11714;0.07148;0.01932;0.02271;0.01973;0.03347;0.03417;0.03851;0.04769;0.03261;0.04315;0.03419;0.03403;0.02691;0.01581;0.00667;0.02387;0.03143;0.02026;0.01881;0.00438;0.00605;0.00477;0.00442;0.01442;0.01301;0.01652;0.01803;0.00516;0.00709;0.00851;0.02760;0.00854;0.03569;0.01322;0.02606;0.01153;0.01470;0.00998
2020-06-13 00:00;0.10508;0.10413;0.00725;0.10413;0.00889;0.02001;0.00726;0.10405;0.00677;0.10351;0.00676;0.10347;0.00601;0.07750;0.00769;0.10327;0.10325;0.00854;0.10312;0.10292;0.00465;0.10279;0.00452;0.00879;0.00836;0.07081;0.00988;0.10265;0.10260;0.00397;0.10233;0.00647;0.08129;0.01036;0.10202;0.00929;0.10197;0.09896;0.10163;0.10205;0.10181;0.10217;0.10208;0.01774;0.10484;0.10489;0.01093;0.10538;0.10507;0.10485;0.10435;0.10388;0.10441;0.00293;0.10174;0.00439;0.10415;0.10404;0.10384;0.00523;0.10346;0.10367;0.00549;0.10366;0.10453;0.00694;0.10453;0.10428;0.00982;0.07414;0.00754;0.10466;0.02709;0.03118;0.03141;0.02668;0.01686;0.01472;0.01767;0.10505;0.10331;0.01536;0.10321;0.10191;0.10080;0.10094;0.09906;0.02873;0.09915;0.09914;0.09780;0.09887;0.02098;0.09905;0.02844;0.09879;0.05766;0.05622;0.04968;0.04533;0.04064;0.03899;0.02061;0.03585;0.00875;0.03668;0.01304;0.03551;0.00603;0.03542;0.01567;0.01059;0.01013;0.00671;0.00930;0.03360;0.01137;0.03358;0.03229;0.03089;0.02362;0.01842;0.01405;0.01084;0.00834;0.02149;0.01680;0.01984;0.01092;0.01977;0.02173;0.03061;0.01642;0.02704;0.01293;0.01207;0.01643;0.03316;0.01614;0.03170;0.01841;0.02677;0.02449;0.02428;0.01945;0.01364;0.01458;0.01660;0.03441;0.10740;0.08765;0.12074;0.08261;0.10957;0.02395;0.00715;0.01464;0.11420;0.06959;0.01670;0.01992;0.01539;0.02301;0.02833;0.02958;0.02960;0.02839;0.03636;0.02855;0.02319;0.01903;0.01117;0.00597;0.01744;0.02277;0.01479;0.01342;0.00391;0.00436;0.00450;0.00396;0.00947;0.00788;0.00906;0.00707;0.00377;0.00535;0.00701;0.01841;0.00830;0.02249;0.01151;0.01592;0.00770;0.01343;0.00828
2020-06-14 00:00;0.09192;0.09104;0.00656;0.09105;0.00817;0.01842;0.00668;0.09097;0.00624;0.09051;0.00590;0.09048;0.00545;0.06777;0.00707;0.09031;0.09030;0.00788;0.09019;0.09003;0.00430;0.08993;0.00418;0.00812;0.00774;0.06196;0.00936;0.08981;0.08977;0.00364;0.08956;0.00601;0.07116;0.00959;0.08932;0.00856;0.08928;0.08668;0.08906;0.08946;0.08928;0.08972;0.08965;0.01571;0.09212;0.09219;0.00929;0.09269;0.09247;0.09236;0.09204;0.09178;0.09227;0.00275;0.08996;0.00413;0.09212;0.09206;0.09197;0.00482;0.09164;0.09188;0.00501;0.09190;0.09278;0.00665;0.09286;0.09280;0.00875;0.06607;0.00690;0.09329;0.02155;0.02372;0.02344;0.02015;0.00867;0.01205;0.01542;0.09427;0.09321;0.01549;0.09312;0.09224;0.09155;0.09176;0.09052;0.02502;0.09080;0.09110;0.09000;0.09099;0.02010;0.09116;0.02500;0.09124;0.05013;0.04881;0.04296;0.03961;0.03572;0.03460;0.02090;0.03139;0.00861;0.03207;0.01234;0.03098;0.00473;0.03090;0.01458;0.00969;0.00954;0.00621;0.00892;0.02900;0.00960;0.02901;0.02768;0.02650;0.02240;0.01795;0.01331;0.01023;0.00805;0.01614;0.01616;0.01861;0.01045;0.01856;0.01837;0.02710;0.01339;0.02421;0.01003;0.01160;0.01552;0.02763;0.01502;0.02592;0.01164;0.02423;0.02266;0.02261;0.01837;0.01231;0.01316;0.01334;0.03034;0.10213;0.08296;0.11657;0.07945;0.10673;0.02251;0.00650;0.01532;0.11135;0.06771;0.01523;0.01792;0.01396;0.02145;0.02607;0.02422;0.02426;0.02380;0.03062;0.02473;0.01930;0.01869;0.01163;0.00558;0.01503;0.01971;0.01251;0.01194;0.00368;0.00392;0.00434;0.00374;0.00787;0.00653;0.00710;0.00597;0.00361;0.00500;0.00654;0.01457;0.00774;0.01896;0.00953;0.01021;0.00719;0.01207;0.00773
2020-06-15 00:00;0.08397;0.08336;0.00704;0.08336;0.00823;0.01844;0.00822;0.08329;0.00769;0.08302;0.00648;0.08301;0.00683;0.06220;0.00927;0.08290;0.08289;0.00998;0.08283;0.08271;0.00538;0.08267;0.00530;0.01038;0.00979;0.05697;0.01064;0.08261;0.08259;0.00423;0.08250;0.00757;0.06561;0.01227;0.08238;0.01080;0.08236;0.07997;0.08229;0.08269;0.08260;0.08315;0.08311;0.01518;0.08547;0.08565;0.00941;0.08622;0.08616;0.08620;0.08615;0.08615;0.08661;0.00298;0.08452;0.00446;0.08661;0.08659;0.08663;0.00532;0.08633;0.08663;0.00554;0.08667;0.08750;0.00697;0.08768;0.08778;0.00899;0.06259;0.00723;0.08838;0.02216;0.02381;0.02438;0.02304;0.01086;0.01036;0.01666;0.08951;0.08875;0.01429;0.08872;0.08807;0.08724;0.08731;0.08610;0.02533;0.08644;0.08655;0.08555;0.08646;0.01940;0.08663;0.02345;0.08689;0.04716;0.04585;0.04078;0.03872;0.03406;0.03324;0.01908;0.03007;0.00751;0.03077;0.01200;0.02992;0.00450;0.02982;0.01454;0.00931;0.00979;0.00608;0.00891;0.02764;0.00875;0.02769;0.02629;0.02517;0.02201;0.01763;0.01285;0.00955;0.00793;0.01330;0.01537;0.01854;0.01082;0.01860;0.01510;0.02810;0.01432;0.02472;0.00958;0.01104;0.01420;0.02748;0.01365;0.02572;0.00868;0.02483;0.02304;0.02283;0.01802;0.01364;0.01383;0.01455;0.02899;0.09800;0.07927;0.11274;0.07652;0.10422;0.02141;0.00591;0.01428;0.10875;0.06586;0.01621;0.01852;0.01514;0.02228;0.02510;0.02552;0.02324;0.02572;0.03166;0.02587;0.01994;0.01873;0.01070;0.00599;0.01545;0.02030;0.01260;0.01257;0.00394;0.00435;0.00448;0.00398;0.00793;0.00668;0.00727;0.00622;0.00376;0.00510;0.00764;0.01431;0.00946;0.01703;0.01065;0.00715;0.00722;0.01499;0.00883
2020-06-16 00:00;0.08027;0.07976;0.00633;0.07976;0.00776;0.01753;0.00574;0.07972;0.00606;0.07953;0.00535;0.07954;0.00540;0.05961;0.00694;0.07949;0.07948;0.00794;0.07946;0.07940;0.00440;0.07937;0.00420;0.00811;0.00782;0.05470;0.00932;0.07934;0.07932;0.00362;0.07927;0.00629;0.06305;0.00963;0.07918;0.00876;0.07917;0.07690;0.07914;0.07955;0.07947;0.08002;0.07999;0.01489;0.08224;0.08240;0.00915;0.08292;0.08283;0.08282;0.08267;0.08255;0.08298;0.00268;0.08093;0.00401;0.08290;0.08285;0.08280;0.00465;0.08251;0.08274;0.00485;0.08276;0.08351;0.00654;0.08359;0.08354;0.00847;0.05947;0.00675;0.08396;0.01913;0.02065;0.02065;0.01789;0.00776;0.00997;0.01414;0.08485;0.08378;0.01249;0.08373;0.08285;0.08206;0.08224;0.08111;0.02250;0.08158;0.08191;0.08080;0.08165;0.01761;0.08181;0.02115;0.08202;0.04236;0.04116;0.03591;0.03363;0.02957;0.02911;0.01671;0.02644;0.00643;0.02703;0.01091;0.02610;0.00410;0.02603;0.01255;0.00817;0.00834;0.00510;0.00792;0.02418;0.00656;0.02434;0.02316;0.02236;0.02089;0.01704;0.01178;0.00859;0.00731;0.01010;0.01199;0.01569;0.00899;0.01561;0.01029;0.02359;0.01156;0.02104;0.00760;0.00923;0.00938;0.02318;0.01033;0.02197;0.00632;0.02129;0.01998;0.01988;0.01605;0.01083;0.01155;0.01132;0.02614;0.09444;0.07610;0.10906;0.07381;0.10137;0.01988;0.00536;0.01205;0.10592;0.06407;0.01301;0.01489;0.01243;0.01915;0.02357;0.02093;0.01845;0.02152;0.02767;0.02243;0.01690;0.01648;0.00965;0.00545;0.01438;0.01887;0.01210;0.01134;0.00359;0.00379;0.00429;0.00366;0.00768;0.00644;0.00691;0.00585;0.00347;0.00490;0.00644;0.01389;0.00788;0.01585;0.00845;0.00469;0.00677;0.01235;0.00719
2020-06-17 00:00;0.07638;0.07581;0.00618;0.07581;0.00771;0.01717;0.01073;0.07573;0.00773;0.07544;0.00670;0.07543;0.00702;0.05651;0.00939;0.07529;0.07528;0.01019;0.07520;0.07505;0.00540;0.07499;0.00527;0.01041;0.00965;0.05167;0.01093;0.07491;0.07488;0.00417;0.07477;0.00756;0.05945;0.01263;0.07462;0.01083;0.07458;0.07243;0.07449;0.07480;0.07468;0.07505;0.07500;0.01479;0.07697;0.07710;0.00901;0.07755;0.07746;0.07745;0.07734;0.07727;0.07767;0.00280;0.07578;0.00420;0.07764;0.07761;0.07762;0.00494;0.07735;0.07760;0.00517;0.07763;0.07824;0.00662;0.07837;0.07843;0.00847;0.05590;0.00684;0.07892;0.01874;0.01943;0.01950;0.01686;0.00830;0.00929;0.01483;0.07998;0.07927;0.01284;0.07923;0.07873;0.07814;0.07827;0.07744;0.02101;0.07791;0.07820;0.07722;0.07802;0.01808;0.07816;0.02009;0.07858;0.04012;0.03857;0.03542;0.03404;0.02993;0.02989;0.01672;0.02707;0.00690;0.02771;0.01158;0.02699;0.00439;0.02690;0.01419;0.00897;0.00965;0.00601;0.00894;0.02451;0.00706;0.02462;0.02321;0.02241;0.02092;0.01685;0.01204;0.00880;0.00768;0.00971;0.01367;0.01724;0.01038;0.01717;0.00865;0.02542;0.01251;0.02241;0.00563;0.01005;0.01011;0.02378;0.01112;0.02262;0.00643;0.02226;0.02085;0.02044;0.01604;0.01270;0.01336;0.01266;0.02708;0.09118;0.07331;0.10580;0.07129;0.09909;0.01928;0.00486;0.01325;0.10349;0.06234;0.01504;0.01660;0.01434;0.02158;0.02290;0.02152;0.01789;0.02152;0.02674;0.02046;0.01684;0.01693;0.00938;0.00560;0.01530;0.02015;0.01189;0.01295;0.00372;0.00406;0.00433;0.00378;0.00758;0.00645;0.00695;0.00594;0.00359;0.00494;0.00766;0.01414;0.00888;0.01690;0.01125;0.00428;0.00688;0.01501;0.00950
2020-06-18 00:00;0.07239;0.07190;0.00571;0.07191;0.00716;0.01615;0.00553;0.07186;0.00578;0.07167;0.00531;0.07168;0.00519;0.05371;0.00658;0.07162;0.07161;0.00764;0.07158;0.07152;0.00421;0.07149;0.00401;0.00771;0.00747;0.04927;0.00929;0.07145;0.07144;0.00352;0.07138;0.00604;0.05678;0.00925;0.07129;0.00838;0.07129;0.06924;0.07125;0.07157;0.07150;0.07195;0.07192;0.01444;0.07387;0.07401;0.00873;0.07447;0.07439;0.07439;0.07427;0.07416;0.07454;0.00254;0.07270;0.00380;0.07446;0.07442;0.07438;0.00435;0.07411;0.07432;0.00454;0.07433;0.07491;0.00623;0.07498;0.07491;0.00796;0.05331;0.00637;0.07526;0.01590;0.01673;0.01672;0.01402;0.00598;0.00801;0.01221;0.07614;0.07514;0.00919;0.07514;0.07446;0.07393;0.07415;0.07321;0.01828;0.07378;0.07426;0.07322;0.07405;0.01520;0.07421;0.01762;0.07470;0.03600;0.03494;0.03159;0.02974;0.02615;0.02592;0.01545;0.02347;0.00540;0.02398;0.00934;0.02313;0.00369;0.02308;0.01092;0.00701;0.00725;0.00461;0.00689;0.02140;0.00580;0.02153;0.02041;0.01960;0.01826;0.01549;0.01046;0.00765;0.00649;0.00853;0.01051;0.01407;0.00801;0.01409;0.00721;0.02073;0.00977;0.01871;0.00427;0.00745;0.00783;0.01989;0.00916;0.01872;0.00484;0.01812;0.01706;0.01697;0.01378;0.00916;0.00976;0.00937;0.02247;0.08845;0.07072;0.10243;0.06894;0.09632;0.01760;0.00442;0.00912;0.10077;0.06067;0.01137;0.01326;0.01066;0.01651;0.02078;0.01728;0.01503;0.01794;0.02286;0.01798;0.01352;0.01362;0.00677;0.00509;0.01403;0.01842;0.01127;0.01150;0.00341;0.00356;0.00414;0.00349;0.00733;0.00620;0.00659;0.00558;0.00333;0.00476;0.00623;0.01352;0.00728;0.01571;0.00840;0.00366;0.00628;0.01192;0.00700
2020-06-19 00:00;0.06903;0.06854;0.00574;0.06854;0.00683;0.01525;0.00830;0.06847;0.00703;0.06819;0.00583;0.06816;0.00653;0.05107;0.00829;0.06803;0.06802;0.00954;0.06793;0.06777;0.00515;0.06770;0.00474;0.00981;0.00815;0.04664;0.00948;0.06763;0.06760;0.00382;0.06747;0.00695;0.05363;0.01153;0.06731;0.01031;0.06726;0.06532;0.06715;0.06735;0.06723;0.06752;0.06747;0.01417;0.06914;0.06921;0.00855;0.06958;0.06946;0.06941;0.06925;0.06914;0.06949;0.00263;0.06777;0.00394;0.06943;0.06940;0.06938;0.00458;0.06914;0.06935;0.00476;0.06937;0.06987;0.00627;0.06997;0.07000;0.00793;0.04987;0.00641;0.07041;0.01560;0.01621;0.01630;0.01405;0.00651;0.00766;0.01218;0.07144;0.07089;0.01057;0.07090;0.07076;0.07063;0.07083;0.07035;0.01705;0.07092;0.07138;0.07018;0.07103;0.01526;0.07121;0.01677;0.07193;0.03475;0.03263;0.03033;0.02957;0.02648;0.02667;0.01547;0.02421;0.00612;0.02482;0.01075;0.02426;0.00488;0.02415;0.01366;0.00871;0.00931;0.00575;0.00890;0.02198;0.00668;0.02205;0.02094;0.02048;0.01986;0.01614;0.01132;0.00828;0.00711;0.00913;0.01180;0.01503;0.00930;0.01475;0.00718;0.02191;0.01076;0.01956;0.00621;0.00803;0.00817;0.01972;0.00934;0.01892;0.00591;0.01845;0.01719;0.01645;0.01284;0.01044;0.01233;0.01104;0.02765;0.08549;0.06835;0.09969;0.06675;0.09417;0.01737;0.00402;0.01106;0.09846;0.05907;0.01239;0.01372;0.01283;0.01960;0.01976;0.01833;0.01596;0.01743;0.02141;0.01666;0.01343;0.01375;0.00695;0.00518;0.01407;0.01849;0.01103;0.01178;0.00352;0.00375;0.00417;0.00358;0.00722;0.00616;0.00654;0.00561;0.00338;0.00476;0.00669;0.01292;0.00822;0.01702;0.00932;0.00348;0.00599;0.01407;0.00769
2020-06-20 00:00;0.06495;0.06458;0.00523;0.06458;0.00645;0.01456;0.00469;0.06453;0.00522;0.06438;0.00464;0.06438;0.00472;0.04825;0.00583;0.06433;0.06433;0.00695;0.06430;0.06424;0.00390;0.06422;0.00359;0.00701;0.00655;0.04426;0.00808;0.06419;0.06417;0.00314;0.06413;0.00547;0.05101;0.00832;0.06406;0.00773;0.06405;0.06221;0.06403;0.06425;0.06420;0.06462;0.06460;0.01378;0.06630;0.06643;0.00829;0.06685;0.06680;0.06682;0.06675;0.06670;0.06703;0.00243;0.06538;0.00362;0.06698;0.06695;0.06693;0.00410;0.06669;0.06689;0.00426;0.06691;0.06743;0.00595;0.06750;0.06747;0.00753;0.04803;0.00602;0.06780;0.01365;0.01438;0.01432;0.01179;0.00480;0.00698;0.01036;0.06871;0.06792;0.00795;0.06794;0.06774;0.06768;0.06792;0.06735;0.01520;0.06798;0.06852;0.06741;0.06830;0.01310;0.06848;0.01518;0.06915;0.03201;0.03078;0.02831;0.02699;0.02409;0.02398;0.01438;0.02178;0.00475;0.02229;0.00874;0.02154;0.00433;0.02147;0.01044;0.00670;0.00693;0.00445;0.00676;0.02001;0.00551;0.02013;0.01909;0.01837;0.01704;0.01394;0.00961;0.00715;0.00600;0.00834;0.00922;0.01312;0.00761;0.01308;0.00640;0.01868;0.00855;0.01712;0.00440;0.00626;0.00619;0.01623;0.00777;0.01489;0.00456;0.01393;0.01269;0.01195;0.00899;0.00791;0.00901;0.00835;0.02166;0.08316;0.06612;0.09663;0.06469;0.09163;0.01585;0.00369;0.00815;0.09595;0.05752;0.01034;0.01206;0.00942;0.01519;0.01834;0.01519;0.01417;0.01510;0.01895;0.01483;0.01159;0.01176;0.00567;0.00477;0.01286;0.01687;0.01053;0.01036;0.00327;0.00336;0.00402;0.00335;0.00701;0.00596;0.00624;0.00531;0.00319;0.00461;0.00554;0.01238;0.00669;0.01575;0.00732;0.00343;0.00569;0.01094;0.00623
2020-06-21 00:00;0.06262;0.06222;0.00541;0.06222;0.00626;0.01398;0.00769;0.06216;0.00621;0.06195;0.00527;0.06194;0.00583;0.04640;0.00723;0.06182;0.06181;0.00845;0.06175;0.06161;0.00473;0.06156;0.00434;0.00920;0.00715;0.04241;0.00877;0.06149;0.06146;0.00365;0.06135;0.00629;0.04876;0.01020;0.06121;0.00918;0.06116;0.05941;0.06107;0.06120;0.06110;0.06136;0.06131;0.01361;0.06275;0.06280;0.00823;0.06310;0.06297;0.06291;0.06271;0.06255;0.06285;0.00254;0.06128;0.00380;0.06276;0.06271;0.06266;0.00437;0.06243;0.06260;0.00455;0.06261;0.06307;0.00605;0.06311;0.06306;0.00759;0.04488;0.00615;0.06335;0.01350;0.01417;0.01416;0.01199;0.00540;0.00687;0.01021;0.06415;0.06348;0.00853;0.06350;0.06374;0.06400;0.06423;0.06411;0.01417;0.06472;0.06528;0.06444;0.06541;0.01326;0.06559;0.01402;0.06626;0.03011;0.02780;0.02580;0.02492;0.02225;0.02229;0.01394;0.02009;0.00500;0.02057;0.00870;0.02001;0.00346;0.01994;0.01025;0.00661;0.00666;0.00411;0.00613;0.01851;0.00531;0.01860;0.01762;0.01722;0.01697;0.01423;0.00968;0.00706;0.00607;0.00732;0.00925;0.01287;0.00765;0.01279;0.00610;0.01803;0.00854;0.01621;0.00405;0.00620;0.00615;0.01544;0.00777;0.01428;0.00470;0.01309;0.01179;0.01083;0.00750;0.00829;0.00940;0.00872;0.02623;0.08044;0.06403;0.09421;0.06275;0.08950;0.01526;0.00340;0.00832;0.09373;0.05603;0.01044;0.01196;0.00984;0.01648;0.01734;0.01450;0.01254;0.01431;0.01786;0.01397;0.01160;0.01117;0.00568;0.00494;0.01210;0.01583;0.01047;0.00925;0.00340;0.00359;0.00407;0.00347;0.00699;0.00597;0.00625;0.00538;0.00325;0.00464;0.00590;0.01219;0.00733;0.01656;0.00798;0.00317;0.00544;0.01266;0.00709
2020-06-22 00:00;0.05885;0.05841;0.00489;0.05841;0.00595;0.01344;0.00437;0.05836;0.00477;0.05818;0.00424;0.05817;0.00423;0.04359;0.00522;0.05810;0.05809;0.00618;0.05805;0.05797;0.00355;0.05793;0.00328;0.00641;0.00597;0.03992;0.00736;0.05788;0.05786;0.00294;0.05777;0.00491;0.04594;0.00741;0.05767;0.00691;0.05765;0.05600;0.05759;0.05775;0.05767;0.05796;0.05793;0.01334;0.05932;0.05940;0.00806;0.05971;0.05963;0.05961;0.05948;0.05937;0.05965;0.00236;0.05817;0.00351;0.05958;0.05955;0.05950;0.00395;0.05929;0.05945;0.00410;0.05946;0.05991;0.00579;0.05995;0.05989;0.00725;0.04260;0.00583;0.06013;0.01204;0.01279;0.01269;0.01022;0.00404;0.00626;0.00889;0.06086;0.06012;0.00675;0.06015;0.06025;0.06093;0.06119;0.06135;0.01267;0.06200;0.06259;0.06174;0.06274;0.01209;0.06290;0.01304;0.06352;0.02719;0.02558;0.02350;0.02243;0.02027;0.02020;0.01309;0.01819;0.00408;0.01862;0.00801;0.01793;0.00285;0.01789;0.00827;0.00446;0.00580;0.00350;0.00581;0.01680;0.00477;0.01688;0.01591;0.01535;0.01454;0.01131;0.00850;0.00631;0.00545;0.00645;0.00774;0.01165;0.00684;0.01162;0.00552;0.01477;0.00713;0.01325;0.00382;0.00515;0.00542;0.01314;0.00603;0.01204;0.00386;0.01104;0.01000;0.00933;0.00677;0.00661;0.00748;0.00710;0.02135;0.07835;0.06206;0.09147;0.06092;0.08725;0.01419;0.00315;0.00765;0.09146;0.05460;0.00929;0.01073;0.00779;0.01425;0.01631;0.01252;0.01104;0.01260;0.01605;0.01251;0.01015;0.00977;0.00475;0.00459;0.01131;0.01481;0.01010;0.00840;0.00319;0.00324;0.00395;0.00327;0.00683;0.00581;0.00601;0.00514;0.00308;0.00451;0.00507;0.01185;0.00613;0.01505;0.00662;0.00323;0.00529;0.00988;0.00576
2020-06-23 00:00;0.05627;0.05576;0.00722;0.05575;0.00671;0.01508;0.00642;0.05566;0.00543;0.05548;0.00480;0.05547;0.00524;0.04155;0.00664;0.05536;0.05535;0.00760;0.05529;0.05515;0.00407;0.05510;0.00375;0.00790;0.00623;0.03796;0.00830;0.05504;0.05502;0.00332;0.05491;0.00589;0.04364;0.00912;0.05477;0.00812;0.05474;0.05316;0.05465;0.05473;0.05464;0.05484;0.05480;0.01311;0.05602;0.05607;0.00800;0.05632;0.05623;0.05620;0.05611;0.05608;0.05634;0.00246;0.05499;0.00367;0.05636;0.05637;0.05643;0.00419;0.05624;0.05647;0.00436;0.05651;0.05707;0.00587;0.05726;0.05750;0.00731;0.04109;0.00593;0.05804;0.01181;0.01247;0.01245;0.01027;0.00453;0.00601;0.00873;0.05958;0.06027;0.00687;0.06056;0.06199;0.06397;0.06426;0.06614;0.01179;0.06701;0.06753;0.06677;0.06809;0.01243;0.06840;0.01297;0.06968;0.03683;0.03018;0.02923;0.02977;0.02657;0.02716;0.01613;0.02440;0.00601;0.02517;0.01169;0.02506;0.00650;0.02473;0.01408;0.00945;0.00892;0.00332;0.01336;0.02275;0.00512;0.02307;0.02201;0.02209;0.02145;0.01817;0.01065;0.00582;0.00503;0.00771;0.01207;0.01614;0.00670;0.01528;0.00558;0.02712;0.01231;0.02516;0.01358;0.00493;0.00527;0.02078;0.00566;0.02248;0.00907;0.01590;0.01284;0.00956;0.00645;0.00825;0.01604;0.01588;0.04702;0.08184;0.06167;0.09225;0.05925;0.08597;0.01793;0.00308;0.01264;0.08973;0.05323;0.01127;0.01188;0.01496;0.02816;0.01574;0.01911;0.01493;0.01248;0.01508;0.01176;0.01042;0.00970;0.00471;0.00473;0.01073;0.01400;0.01011;0.00742;0.00330;0.00344;0.00398;0.00337;0.00681;0.00582;0.00604;0.00521;0.00316;0.00455;0.00530;0.01164;0.00647;0.01570;0.00688;0.00292;0.00501;0.01155;0.00639
2020-06-24 00:00;0.09984;0.09534;0.07334;0.09435;0.08104;0.18361;0.05206;0.08870;0.02679;0.08895;0.02425;0.08911;0.01240;0.06705;0.01016;0.08997;0.08989;0.01281;0.09062;0.09122;0.01007;0.09181;0.00995;0.01718;0.01657;0.06346;0.04895;0.09220;0.09138;0.01330;0.09077;0.01924;0.07224;0.00896;0.09116;0.01396;0.09160;0.08859;0.09215;0.08988;0.09105;0.09142;0.09167;0.03814;0.09395;0.09536;0.05506;0.09475;0.09626;0.09507;0.09557;0.09349;0.09250;0.01275;0.09098;0.00727;0.09353;0.09401;0.09503;0.01916;0.09471;0.09538;0.03641;0.09516;0.09311;0.00803;0.09412;0.09519;0.04242;0.06763;0.03145;0.09495;0.05532;0.06866;0.05817;0.03615;0.01573;0.05462;0.02569;0.09390;0.09718;0.03642;0.09681;0.10002;0.10285;0.10275;0.10528;0.02484;0.10636;0.10624;0.10369;0.10471;0.02925;0.10506;0.02984;0.10484;0.07592;0.06032;0.05740;0.05775;0.05672;0.05625;0.04163;0.04960;0.01894;0.05050;0.02035;0.04911;0.01015;0.04881;0.02241;0.01452;0.01500;0.00884;0.02288;0.04795;0.01980;0.04764;0.04690;0.04748;0.03482;0.02684;0.01893;0.01410;0.00504;0.04350;0.02521;0.02642;0.00677;0.02527;0.03020;0.03885;0.01994;0.03364;0.01530;0.01411;0.02063;0.04427;0.02407;0.04705;0.03787;0.02981;0.02440;0.01807;0.01401;0.01466;0.03152;0.03012;0.10279;0.10025;0.06653;0.09638;0.05831;0.08928;0.03200;0.00493;0.02883;0.09139;0.05380;0.02306;0.02406;0.02649;0.05150;0.03523;0.04481;0.04937;0.03456;0.03949;0.03131;0.04350;0.03652;0.01772;0.01673;0.04720;0.05969;0.03629;0.03648;0.01504;0.03920;0.01057;0.01528;0.04016;0.06407;0.09537;0.09446;0.02762;0.03079;0.03166;0.05818;0.01377;0.06470;0.04155;0.03805;0.07142;0.03406;0.05030
2020-06-25 00:00;0.13483;0.13305;0.03912;0.13280;0.04787;0.10883;0.00706;0.13105;0.01128;0.13065;0.02650;0.13056;0.00747;0.09788;0.00640;0.13058;0.13056;0.00834;0.13062;0.13052;0.00612;0.13054;0.00477;0.00808;0.01007;0.08999;0.01807;0.13053;0.13034;0.00992;0.13000;0.00991;0.10338;0.00766;0.12987;0.00980;0.12992;0.12553;0.12905;0.12702;0.12693;0.12570;0.12559;0.05340;0.12568;0.12556;0.05343;0.12385;0.12337;0.12161;0.12022;0.11854;0.11772;0.00466;0.11464;0.00487;0.11726;0.11708;0.11661;0.00940;0.11616;0.11622;0.01798;0.11604;0.11470;0.00685;0.11446;0.11363;0.03462;0.07989;0.02230;0.11245;0.04713;0.06007;0.05374;0.03556;0.02566;0.04224;0.01717;0.10864;0.10560;0.03159;0.10472;0.10291;0.10228;0.10230;0.10023;0.02644;0.10092;0.10078;0.09765;0.09817;0.02077;0.09827;0.03016;0.09649;0.06761;0.06013;0.05388;0.05099;0.04939;0.04834;0.03736;0.04272;0.00999;0.04375;0.01425;0.04223;0.00958;0.04207;0.01585;0.01198;0.00917;0.00603;0.01285;0.04189;0.01512;0.04180;0.04130;0.04028;0.02643;0.01906;0.01462;0.01146;0.00519;0.03491;0.01505;0.01788;0.00695;0.01602;0.02229;0.02682;0.01627;0.02300;0.01019;0.00904;0.01648;0.03899;0.01693;0.04202;0.03924;0.02052;0.01790;0.01460;0.01190;0.00880;0.01900;0.01638;0.06890;0.09003;0.06883;0.09290;0.05797;0.08862;0.02592;0.00690;0.02110;0.09164;0.05450;0.01388;0.01726;0.01705;0.03466;0.03439;0.03222;0.04774;0.03180;0.04139;0.03098;0.04245;0.02873;0.01525;0.01173;0.04113;0.05412;0.03527;0.03200;0.00764;0.01513;0.00662;0.00746;0.04291;0.03794;0.05034;0.06489;0.01311;0.01658;0.01736;0.05765;0.00855;0.07412;0.03499;0.05890;0.03298;0.02580;0.01980
2020-06-26 00:00;0.10870;0.10675;0.01490;0.10670;0.01354;0.03063;0.00487;0.10636;0.00645;0.10511;0.01405;0.10491;0.00429;0.07849;0.00541;0.10439;0.10437;0.00609;0.10400;0.10347;0.00343;0.10311;0.00353;0.00656;0.00660;0.07096;0.01018;0.10271;0.10254;0.00418;0.10171;0.00528;0.08052;0.00700;0.10092;0.00672;0.10075;0.09698;0.09902;0.09806;0.09748;0.09642;0.09617;0.02937;0.09696;0.09651;0.02103;0.09597;0.09512;0.09424;0.09277;0.09125;0.09134;0.00312;0.08876;0.00412;0.09064;0.09038;0.08977;0.00548;0.08940;0.08929;0.00677;0.08916;0.08906;0.00642;0.08865;0.08776;0.01592;0.06186;0.01028;0.08720;0.03317;0.04191;0.03913;0.01923;0.02678;0.02631;0.01143;0.08456;0.08174;0.01791;0.08127;0.08000;0.07989;0.08007;0.07940;0.01907;0.08009;0.08016;0.07813;0.07895;0.01413;0.07911;0.02100;0.07856;0.04674;0.04210;0.03733;0.03502;0.03202;0.03146;0.02154;0.02801;0.00546;0.02869;0.01010;0.02777;0.00677;0.02761;0.01136;0.00789;0.00699;0.00337;0.00914;0.02693;0.00501;0.02730;0.02637;0.02518;0.02011;0.01525;0.01033;0.00655;0.00499;0.01401;0.01009;0.01356;0.00670;0.01281;0.00779;0.02147;0.01114;0.01889;0.00845;0.00506;0.00641;0.02563;0.00707;0.02751;0.01939;0.01525;0.01273;0.00993;0.00699;0.00778;0.01426;0.01334;0.04559;0.08419;0.06459;0.08823;0.05715;0.08645;0.02268;0.00662;0.01232;0.08972;0.05332;0.01068;0.01173;0.01254;0.02305;0.02319;0.02383;0.02744;0.02090;0.02887;0.01920;0.02622;0.01535;0.00894;0.00595;0.02058;0.02654;0.01895;0.01389;0.00417;0.00632;0.00464;0.00429;0.01798;0.01389;0.01941;0.01432;0.00524;0.00768;0.00705;0.02869;0.00642;0.04673;0.01737;0.06146;0.01418;0.01288;0.00940
2020-06-27 00:00;0.08201;0.08059;0.01114;0.08055;0.01456;0.03302;0.00706;0.08017;0.00678;0.07933;0.00732;0.07923;0.00403;0.05931;0.00530;0.07892;0.07890;0.00589;0.07870;0.07838;0.00350;0.07818;0.00352;0.00657;0.00643;0.05382;0.01123;0.07793;0.07780;0.00385;0.07726;0.00560;0.06122;0.00670;0.07678;0.00657;0.07669;0.07378;0.07552;0.07517;0.07488;0.07449;0.07435;0.02149;0.07537;0.07519;0.01420;0.07512;0.07468;0.07415;0.07334;0.07247;0.07269;0.00322;0.07077;0.00398;0.07237;0.07225;0.07199;0.00538;0.07171;0.07177;0.00730;0.07171;0.07186;0.00624;0.07174;0.07137;0.01162;0.05058;0.00846;0.07134;0.02604;0.03304;0.03165;0.01431;0.02369;0.01922;0.01075;0.07036;0.06925;0.01365;0.06912;0.06921;0.07009;0.07028;0.07049;0.01530;0.07122;0.07134;0.06990;0.07091;0.01298;0.07113;0.01636;0.07120;0.03946;0.03465;0.03229;0.03185;0.03013;0.03075;0.02408;0.02701;0.00560;0.02792;0.01250;0.02768;0.00658;0.02751;0.01531;0.01099;0.00923;0.00313;0.01475;0.02590;0.00512;0.02630;0.02574;0.02561;0.02312;0.01882;0.01086;0.00551;0.00498;0.00896;0.01238;0.01428;0.00643;0.01307;0.00722;0.02245;0.01112;0.02050;0.01058;0.00494;0.00512;0.02253;0.00549;0.02463;0.01983;0.01467;0.01214;0.01005;0.00748;0.00721;0.01287;0.01352;0.04209;0.08058;0.06149;0.08662;0.05600;0.08444;0.02141;0.00598;0.01352;0.08771;0.05201;0.01021;0.01118;0.01199;0.02260;0.01879;0.02281;0.02602;0.01737;0.02215;0.01609;0.01870;0.01411;0.00780;0.00587;0.01639;0.02129;0.01484;0.01168;0.00420;0.00682;0.00445;0.00427;0.01128;0.01175;0.01844;0.01682;0.00614;0.00753;0.00781;0.02098;0.00624;0.02977;0.01179;0.04867;0.01435;0.01121;0.01084
2020-06-28 00:00;0.06992;0.06888;0.01062;0.06884;0.01382;0.03133;0.00712;0.06851;0.00628;0.06807;0.00634;0.06804;0.00388;0.05097;0.00512;0.06793;0.06792;0.00569;0.06785;0.06774;0.00335;0.06767;0.00334;0.00625;0.00619;0.04663;0.01018;0.06759;0.06751;0.00359;0.06730;0.00525;0.05347;0.00652;0.06714;0.00634;0.06714;0.06501;0.06685;0.06672;0.06668;0.06678;0.06677;0.01810;0.06822;0.06841;0.01461;0.06870;0.06880;0.06883;0.06903;0.06928;0.06953;0.00321;0.06803;0.00391;0.06986;0.06998;0.07033;0.00536;0.07011;0.07057;0.00742;0.07067;0.07124;0.00611;0.07178;0.07251;0.01139;0.05201;0.00851;0.07347;0.02702;0.03327;0.03104;0.01442;0.01959;0.02111;0.01331;0.07483;0.07644;0.01580;0.07666;0.07880;0.08124;0.08149;0.08383;0.01600;0.08494;0.08543;0.08370;0.08505;0.01977;0.08537;0.02097;0.08610;0.05803;0.04665;0.04430;0.04442;0.04276;0.04232;0.02613;0.03815;0.01342;0.03891;0.01687;0.03795;0.00845;0.03768;0.01825;0.01233;0.01172;0.00554;0.01840;0.03674;0.01309;0.03675;0.03624;0.03653;0.02851;0.02173;0.01427;0.00918;0.00484;0.02868;0.01812;0.01892;0.00638;0.01828;0.02027;0.03051;0.01629;0.02592;0.01196;0.00827;0.01380;0.03134;0.01473;0.03269;0.01854;0.02213;0.01745;0.01220;0.00911;0.00986;0.02352;0.02341;0.07704;0.08876;0.06178;0.08993;0.05505;0.08423;0.02819;0.00565;0.01871;0.08657;0.05087;0.01700;0.01772;0.02132;0.04158;0.02286;0.02752;0.02637;0.01943;0.02326;0.01802;0.02138;0.01716;0.00779;0.00581;0.01713;0.02242;0.01632;0.01176;0.00420;0.00695;0.00444;0.00427;0.01146;0.01245;0.01748;0.01736;0.00561;0.00717;0.00731;0.02008;0.00604;0.02394;0.00986;0.02219;0.01268;0.01039;0.00976
2020-06-29 00:00;0.09944;0.09559;0.05774;0.09495;0.06627;0.15021;0.04080;0.09104;0.02253;0.09096;0.02824;0.09096;0.00685;0.06834;0.00866;0.09148;0.09142;0.00998;0.09186;0.09214;0.00760;0.09248;0.00836;0.01440;0.01407;0.06384;0.04091;0.09264;0.09201;0.01180;0.09129;0.01611;0.07251;0.00732;0.09130;0.01179;0.09155;0.08850;0.09141;0.08889;0.08947;0.08942;0.08948;0.02969;0.09171;0.09233;0.03640;0.09232;0.09279;0.09221;0.09147;0.09009;0.09005;0.00703;0.08819;0.00510;0.09055;0.09075;0.09122;0.01080;0.09091;0.09140;0.01944;0.09139;0.09110;0.00674;0.09164;0.09218;0.02453;0.06566;0.01786;0.09255;0.03168;0.03729;0.03387;0.02248;0.01618;0.02540;0.01700;0.09361;0.09483;0.02627;0.09467;0.09618;0.09812;0.09823;0.09852;0.02213;0.09961;0.09868;0.09619;0.09759;0.01967;0.09793;0.02716;0.09827;0.07270;0.06022;0.05642;0.05520;0.05266;0.05231;0.04378;0.04482;0.01021;0.04613;0.01930;0.04539;0.01004;0.04511;0.02270;0.01700;0.01304;0.00424;0.02257;0.04334;0.01076;0.04383;0.04333;0.04305;0.03275;0.02520;0.01539;0.00802;0.00533;0.02563;0.01847;0.02004;0.00646;0.01819;0.02087;0.03780;0.02174;0.03312;0.02027;0.00617;0.01155;0.04110;0.01161;0.04558;0.04084;0.02584;0.01893;0.01314;0.00981;0.01039;0.02527;0.02963;0.09085;0.09115;0.06421;0.09040;0.05449;0.08339;0.03051;0.00642;0.02753;0.08527;0.04997;0.01601;0.01664;0.02276;0.04518;0.02725;0.04584;0.05032;0.02845;0.03276;0.02650;0.03358;0.02423;0.01336;0.01000;0.03092;0.03977;0.02408;0.02470;0.00848;0.02048;0.00667;0.00860;0.02324;0.03411;0.07844;0.05857;0.02325;0.02589;0.02667;0.04753;0.01174;0.06699;0.04383;0.04009;0.05986;0.03020;0.04217
