IdTroncon;Annee;Mois;Jour;Heure;wet_v (m3);wet_a (m2);wet_d (m);sur_q (m3/s);Hauteur d'eau (m);qd (m3/s)
91;2020;1;1;0;886.29010;10912.86621;0.08122;0.00000;0.22639;1.18469
91;2020;1;1;0;890.48322;10931.16602;0.08146;0.00000;0.22457;1.16885
91;2020;1;1;0;894.66974;10949.38086;0.08171;0.00000;0.22106;1.13853
91;2020;1;1;0;898.84900;10967.50977;0.08196;0.00000;0.21625;1.09752
91;2020;1;1;0;903.02136;10985.55469;0.08220;0.00000;0.21182;1.06033
91;2020;1;1;0;907.18774;11003.52051;0.08245;0.00000;0.20915;1.03818
91;2020;1;1;0;911.34888;11021.41113;0.08269;0.00000;0.20781;1.02708
91;2020;1;1;0;915.50500;11039.22656;0.08293;0.00000;0.20706;1.02096
91;2020;1;1;0;919.65637;11056.96973;0.08317;0.00000;0.20671;1.01804
91;2020;1;1;0;923.80316;11074.64258;0.08342;0.00000;0.20658;1.01701
91;2020;1;1;0;927.94537;11092.24512;0.08366;0.00000;0.20663;1.01740
91;2020;1;1;0;932.08319;11109.77734;0.08390;0.00000;0.20678;1.01865
91;2020;1;1;0;936.21661;11127.24121;0.08414;0.00000;0.20701;1.02055
91;2020;1;1;0;940.34570;11144.63770;0.08438;0.00000;0.20729;1.02283
91;2020;1;1;0;944.47052;11161.96680;0.08462;0.00000;0.20760;1.02538
91;2020;1;1;0;948.59100;11179.22852;0.08485;0.00000;0.20793;1.02810
91;2020;1;1;0;952.70721;11196.42480;0.08509;0.00000;0.20827;1.03087
91;2020;1;1;0;956.81915;11213.55469;0.08533;0.00000;0.20861;1.03365
91;2020;1;1;0;960.92688;11230.62012;0.08556;0.00000;0.20893;1.03635
91;2020;1;1;0;965.03033;11247.62109;0.08580;0.00000;0.20924;1.03891
91;2020;1;1;0;969.12964;11264.55762;0.08603;0.00000;0.20953;1.04127
91;2020;1;1;0;973.22467;11281.43164;0.08627;0.00000;0.20979;1.04342
91;2020;1;1;0;977.31549;11298.24121;0.08650;0.00000;0.21001;1.04531
91;2020;1;1;0;981.40210;11314.99023;0.08673;0.00000;0.21021;1.04695
91;2020;1;1;0;985.48450;11331.67578;0.08697;0.00000;0.21038;1.04833
91;2020;1;1;0;989.56262;11348.29980;0.08720;0.00000;0.21052;1.04949
91;2020;1;1;0;993.63654;11364.86230;0.08743;0.00000;0.21063;1.05042
91;2020;1;1;0;997.70630;11381.36426;0.08766;0.00000;0.21072;1.05117
91;2020;1;1;0;1001.77185;11397.80566;0.08789;0.00000;0.21079;1.05175
91;2020;1;1;0;1005.83319;11414.18750;0.08812;0.00000;0.21084;1.05219
91;2020;1;1;0;1009.89026;11430.50977;0.08835;0.00000;0.21088;1.05251
91;2020;1;1;0;1013.94324;11446.77246;0.08858;0.00000;0.21091;1.05273
91;2020;1;1;0;1017.99200;11462.97754;0.08881;0.00000;0.21092;1.05288
91;2020;1;1;0;1022.03656;11479.12305;0.08903;0.00000;0.21094;1.05297
91;2020;1;1;0;1026.07703;11495.21289;0.08926;0.00000;0.21094;1.05302
91;2020;1;1;0;1030.11340;11511.24414;0.08949;0.00000;0.21094;1.05303
91;2020;1;1;0;1034.14563;11527.21875;0.08971;0.00000;0.21094;1.05302
91;2020;1;1;0;1038.17371;11543.13770;0.08994;0.00000;0.21094;1.05299
91;2020;1;1;0;1042.19775;11559.00000;0.09016;0.00000;0.21093;1.05296
91;2020;1;1;0;1046.21765;11574.80664;0.09039;0.00000;0.21093;1.05293
91;2020;1;1;0;1050.23352;11590.55957;0.09061;0.00000;0.21093;1.05290
91;2020;1;1;0;1054.24536;11606.25684;0.09083;0.00000;0.21092;1.05287
91;2020;1;1;0;1058.25305;11621.89941;0.09106;0.00000;0.21092;1.05285
91;2020;1;1;0;1062.25671;11637.48828;0.09128;0.00000;0.21092;1.05284
91;2020;1;1;0;1066.25635;11653.02441;0.09150;0.00000;0.21092;1.05284
91;2020;1;1;0;1070.25208;11668.50684;0.09172;0.00000;0.21092;1.05285
91;2020;1;1;0;1074.24377;11683.93750;0.09194;0.00000;0.21092;1.05288
91;2020;1;1;0;1078.23145;11699.31543;0.09216;0.00000;0.21093;1.05291
91;2020;1;2;0;1078.08203;11698.73926;0.09215;0.00000;0.21000;1.04517
91;2020;1;2;0;1077.93127;11698.15918;0.09215;0.00000;0.20738;1.02355
91;2020;1;2;0;1077.77893;11697.57227;0.09214;0.00000;0.20397;0.99567
91;2020;1;2;0;1077.62463;11696.97754;0.09213;0.00000;0.20019;0.96511
91;2020;1;2;0;1077.46863;11696.37598;0.09212;0.00000;0.19639;0.93476
91;2020;1;2;0;1077.31140;11695.77051;0.09211;0.00000;0.19358;0.91258
91;2020;1;2;0;1077.15332;11695.16113;0.09210;0.00000;0.19163;0.89729
91;2020;1;2;0;1076.99451;11694.54980;0.09209;0.00000;0.19005;0.88502
91;2020;1;2;0;1076.83521;11693.93457;0.09208;0.00000;0.18873;0.87476
91;2020;1;2;0;1076.67542;11693.31934;0.09208;0.00000;0.18752;0.86544
91;2020;1;2;0;1076.51526;11692.70117;0.09207;0.00000;0.18642;0.85703
91;2020;1;2;0;1076.35461;11692.08203;0.09206;0.00000;0.18539;0.84916
91;2020;1;2;0;1076.19373;11691.46191;0.09205;0.00000;0.18443;0.84184
91;2020;1;2;0;1076.03259;11690.84082;0.09204;0.00000;0.18352;0.83492
91;2020;1;2;0;1075.87109;11690.21777;0.09203;0.00000;0.18266;0.82837
91;2020;1;2;0;1075.70923;11689.59277;0.09202;0.00000;0.18183;0.82217
91;2020;1;2;0;1075.54724;11688.96777;0.09201;0.00000;0.18105;0.81626
91;2020;1;2;0;1075.38501;11688.34180;0.09200;0.00000;0.18030;0.81067
91;2020;1;2;0;1075.22253;11687.71484;0.09200;0.00000;0.17959;0.80535
91;2020;1;2;0;1075.05994;11687.08789;0.09199;0.00000;0.17892;0.80032
91;2020;1;2;0;1074.89722;11686.45996;0.09198;0.00000;0.17828;0.79557
91;2020;1;2;0;1074.73425;11685.83105;0.09197;0.00000;0.17768;0.79111
91;2020;1;2;0;1074.57117;11685.20215;0.09196;0.00000;0.17712;0.78691
91;2020;1;2;0;1074.40796;11684.57129;0.09195;0.00000;0.17659;0.78299
91;2020;1;2;0;1074.24463;11683.94043;0.09194;0.00000;0.17609;0.77933
91;2020;1;2;0;1074.08118;11683.30957;0.09193;0.00000;0.17563;0.77592
91;2020;1;2;0;1073.91785;11682.67871;0.09192;0.00000;0.17520;0.77275
91;2020;1;2;0;1073.75439;11682.04785;0.09191;0.00000;0.17480;0.76981
91;2020;1;2;0;1073.59082;11681.41602;0.09191;0.00000;0.17442;0.76709
91;2020;1;2;0;1073.42725;11680.78418;0.09190;0.00000;0.17408;0.76457
91;2020;1;2;0;1073.26379;11680.15234;0.09189;0.00000;0.17376;0.76224
91;2020;1;2;0;1073.10022;11679.52051;0.09188;0.00000;0.17347;0.76009
91;2020;1;2;0;1072.93665;11678.88867;0.09187;0.00000;0.17320;0.75810
91;2020;1;2;0;1072.77319;11678.25684;0.09186;0.00000;0.17294;0.75627
91;2020;1;2;0;1072.60974;11677.62598;0.09185;0.00000;0.17271;0.75457
91;2020;1;2;0;1072.44641;11676.99414;0.09184;0.00000;0.17250;0.75301
91;2020;1;2;0;1072.28320;11676.36328;0.09183;0.00000;0.17230;0.75155
91;2020;1;2;0;1072.12000;11675.73242;0.09182;0.00000;0.17211;0.75021
91;2020;1;2;0;1071.95679;11675.10156;0.09182;0.00000;0.17194;0.74895
91;2020;1;2;0;1071.79370;11674.47070;0.09181;0.00000;0.17178;0.74778
91;2020;1;2;0;1071.63074;11673.84082;0.09180;0.00000;0.17163;0.74669
91;2020;1;2;0;1071.46777;11673.21094;0.09179;0.00000;0.17149;0.74567
91;2020;1;2;0;1071.30493;11672.58105;0.09178;0.00000;0.17135;0.74471
91;2020;1;2;0;1071.14221;11671.95117;0.09177;0.00000;0.17123;0.74381
91;2020;1;2;0;1070.97961;11671.32324;0.09176;0.00000;0.17111;0.74296
91;2020;1;2;0;1070.81714;11670.69434;0.09175;0.00000;0.17100;0.74216
91;2020;1;2;0;1070.65466;11670.06543;0.09174;0.00000;0.17090;0.74140
91;2020;1;2;0;1070.49243;11669.43750;0.09173;0.00000;0.17079;0.74067
91;2020;1;3;0;1069.65515;11666.19727;0.09169;0.00000;0.17047;0.73832
91;2020;1;3;0;1068.81836;11662.95605;0.09164;0.00000;0.16960;0.73206
91;2020;1;3;0;1067.98157;11659.71387;0.09160;0.00000;0.16830;0.72271
91;2020;1;3;0;1067.14490;11656.47070;0.09155;0.00000;0.16684;0.71233
91;2020;1;3;0;1066.30835;11653.22656;0.09150;0.00000;0.16544;0.70237
91;2020;1;3;0;1065.47205;11649.98145;0.09146;0.00000;0.16426;0.69408
91;2020;1;3;0;1064.63611;11646.73535;0.09141;0.00000;0.16330;0.68732
91;2020;1;3;0;1063.80042;11643.48926;0.09136;0.00000;0.16244;0.68130
91;2020;1;3;0;1062.96521;11640.24316;0.09132;0.00000;0.16163;0.67563
91;2020;1;3;0;1062.13049;11636.99805;0.09127;0.00000;0.16083;0.67004
91;2020;1;3;0;1061.29614;11633.75293;0.09123;0.00000;0.16003;0.66451
91;2020;1;3;0;1060.46228;11630.50684;0.09118;0.00000;0.15924;0.65902
91;2020;1;3;0;1059.62878;11627.26074;0.09113;0.00000;0.15845;0.65362
91;2020;1;3;0;1058.79565;11624.01465;0.09109;0.00000;0.15768;0.64834
91;2020;1;3;0;1057.96301;11620.76855;0.09104;0.00000;0.15693;0.64320
91;2020;1;3;0;1057.13086;11617.52441;0.09099;0.00000;0.15620;0.63825
91;2020;1;3;0;1056.29919;11614.27832;0.09095;0.00000;0.15550;0.63348
91;2020;1;3;0;1055.46802;11611.03320;0.09090;0.00000;0.15483;0.62891
91;2020;1;3;0;1054.63733;11607.78809;0.09086;0.00000;0.15418;0.62454
91;2020;1;3;0;1053.80713;11604.54395;0.09081;0.00000;0.15356;0.62037
91;2020;1;3;0;1052.97754;11601.29980;0.09076;0.00000;0.15298;0.61641
91;2020;1;3;0;1052.14844;11598.05664;0.09072;0.00000;0.15242;0.61265
91;2020;1;3;0;1051.31982;11594.81348;0.09067;0.00000;0.15188;0.60909
91;2020;1;3;0;1050.49182;11591.57129;0.09063;0.00000;0.15138;0.60573
91;2020;1;3;0;1049.66443;11588.32910;0.09058;0.00000;0.15090;0.60255
91;2020;1;3;0;1048.83765;11585.08789;0.09053;0.00000;0.15045;0.59955
91;2020;1;3;0;1048.01147;11581.84766;0.09049;0.00000;0.15003;0.59673
91;2020;1;3;0;1047.18591;11578.60840;0.09044;0.00000;0.14963;0.59408
91;2020;1;3;0;1046.36096;11575.37012;0.09040;0.00000;0.14925;0.59159
91;2020;1;3;0;1045.53674;11572.13281;0.09035;0.00000;0.14889;0.58924
91;2020;1;3;0;1044.71313;11568.89648;0.09030;0.00000;0.14856;0.58704
91;2020;1;3;0;1043.89026;11565.66016;0.09026;0.00000;0.14825;0.58498
91;2020;1;3;0;1043.06812;11562.42578;0.09021;0.00000;0.14795;0.58304
91;2020;1;3;0;1042.24658;11559.19238;0.09017;0.00000;0.14767;0.58122
91;2020;1;3;0;1041.42578;11555.95996;0.09012;0.00000;0.14741;0.57951
91;2020;1;3;0;1040.60559;11552.72949;0.09007;0.00000;0.14717;0.57791
91;2020;1;3;0;1039.78613;11549.49805;0.09003;0.00000;0.14694;0.57640
91;2020;1;3;0;1038.96741;11546.26953;0.08998;0.00000;0.14672;0.57498
91;2020;1;3;0;1038.14941;11543.04199;0.08994;0.00000;0.14652;0.57365
91;2020;1;3;0;1037.33215;11539.81445;0.08989;0.00000;0.14632;0.57239
91;2020;1;3;0;1036.51562;11536.58984;0.08985;0.00000;0.14614;0.57121
91;2020;1;3;0;1035.69983;11533.36621;0.08980;0.00000;0.14597;0.57008
91;2020;1;3;0;1034.88489;11530.14355;0.08975;0.00000;0.14581;0.56902
91;2020;1;3;0;1034.07056;11526.92188;0.08971;0.00000;0.14565;0.56802
91;2020;1;3;0;1033.25708;11523.70215;0.08966;0.00000;0.14550;0.56706
91;2020;1;3;0;1032.44421;11520.48340;0.08962;0.00000;0.14536;0.56615
91;2020;1;3;0;1031.63220;11517.26660;0.08957;0.00000;0.14523;0.56528
91;2020;1;3;0;1030.82092;11514.04980;0.08953;0.00000;0.14510;0.56445
91;2020;1;4;0;1029.93884;11510.55176;0.08948;0.00000;0.14488;0.56301
91;2020;1;4;0;1029.05725;11507.05371;0.08943;0.00000;0.14434;0.55952
91;2020;1;4;0;1028.17627;11503.55469;0.08938;0.00000;0.14346;0.55383
91;2020;1;4;0;1027.29565;11500.05664;0.08933;0.00000;0.14252;0.54780
91;2020;1;4;0;1026.41553;11496.55859;0.08928;0.00000;0.14176;0.54296
91;2020;1;4;0;1025.53601;11493.06055;0.08923;0.00000;0.14119;0.53930
91;2020;1;4;0;1024.65710;11489.56250;0.08918;0.00000;0.14072;0.53632
91;2020;1;4;0;1023.77887;11486.06641;0.08913;0.00000;0.14031;0.53374
91;2020;1;4;0;1022.90149;11482.57129;0.08908;0.00000;0.13995;0.53144
91;2020;1;4;0;1022.02472;11479.07715;0.08903;0.00000;0.13961;0.52932
91;2020;1;4;0;1021.14880;11475.58301;0.08898;0.00000;0.13930;0.52736
91;2020;1;4;0;1020.27362;11472.09082;0.08894;0.00000;0.13901;0.52553
91;2020;1;4;0;1019.39917;11468.59863;0.08889;0.00000;0.13874;0.52383
91;2020;1;4;0;1018.52551;11465.10938;0.08884;0.00000;0.13849;0.52225
91;2020;1;4;0;1017.65265;11461.62109;0.08879;0.00000;0.13826;0.52078
91;2020;1;4;0;1016.78052;11458.13281;0.08874;0.00000;0.13804;0.51941
91;2020;1;4;0;1015.90918;11454.64648;0.08869;0.00000;0.13784;0.51813
91;2020;1;4;0;1015.03870;11451.16113;0.08864;0.00000;0.13765;0.51695
91;2020;1;4;0;1014.16901;11447.67773;0.08859;0.00000;0.13747;0.51584
91;2020;1;4;0;1013.30011;11444.19434;0.08854;0.00000;0.13731;0.51481
91;2020;1;4;0;1012.43207;11440.71387;0.08849;0.00000;0.13715;0.51385
91;2020;1;4;0;1011.56482;11437.23438;0.08844;0.00000;0.13701;0.51294
91;2020;1;4;0;1010.69836;11433.75586;0.08840;0.00000;0.13687;0.51209
91;2020;1;4;0;1009.83276;11430.27832;0.08835;0.00000;0.13674;0.51128
91;2020;1;4;0;1008.96802;11426.80273;0.08830;0.00000;0.13662;0.51052
91;2020;1;4;0;1008.10406;11423.32812;0.08825;0.00000;0.13650;0.50980
91;2020;1;4;0;1007.24097;11419.85645;0.08820;0.00000;0.13639;0.50911
91;2020;1;4;0;1006.37866;11416.38477;0.08815;0.00000;0.13629;0.50846
91;2020;1;4;0;1005.51721;11412.91406;0.08810;0.00000;0.13619;0.50783
91;2020;1;4;0;1004.65668;11409.44629;0.08805;0.00000;0.13609;0.50723
91;2020;1;4;0;1003.79694;11405.97852;0.08801;0.00000;0.13600;0.50665
91;2020;1;4;0;1002.93805;11402.51465;0.08796;0.00000;0.13591;0.50610
91;2020;1;4;0;1002.08002;11399.05078;0.08791;0.00000;0.13582;0.50556
91;2020;1;4;0;1001.22278;11395.58691;0.08786;0.00000;0.13574;0.50505
91;2020;1;4;0;1000.36646;11392.12695;0.08781;0.00000;0.13566;0.50455
91;2020;1;4;0;999.51099;11388.66797;0.08776;0.00000;0.13558;0.50406
91;2020;1;4;0;998.65631;11385.20996;0.08772;0.00000;0.13550;0.50359
91;2020;1;4;0;997.80249;11381.75391;0.08767;0.00000;0.13543;0.50313
91;2020;1;4;0;996.94952;11378.29883;0.08762;0.00000;0.13535;0.50268
91;2020;1;4;0;996.09741;11374.84570;0.08757;0.00000;0.13528;0.50224
91;2020;1;4;0;995.24622;11371.39453;0.08752;0.00000;0.13522;0.50181
91;2020;1;4;0;994.39587;11367.94434;0.08747;0.00000;0.13515;0.50139
91;2020;1;4;0;993.54633;11364.49609;0.08743;0.00000;0.13508;0.50098
91;2020;1;4;0;992.69763;11361.04883;0.08738;0.00000;0.13502;0.50058
91;2020;1;4;0;991.84979;11357.60352;0.08733;0.00000;0.13495;0.50019
91;2020;1;4;0;991.00281;11354.15918;0.08728;0.00000;0.13489;0.49980
91;2020;1;4;0;990.15668;11350.71680;0.08723;0.00000;0.13483;0.49942
91;2020;1;4;0;989.31140;11347.27637;0.08718;0.00000;0.13477;0.49904
91;2020;1;5;0;988.62958;11344.50000;0.08715;0.00000;0.13465;0.49834
91;2020;1;5;0;987.94824;11341.72363;0.08711;0.00000;0.13432;0.49626
91;2020;1;5;0;987.26727;11338.94824;0.08707;0.00000;0.13372;0.49258
91;2020;1;5;0;986.58679;11336.17285;0.08703;0.00000;0.13315;0.48913
91;2020;1;5;0;985.90686;11333.39941;0.08699;0.00000;0.13287;0.48739
91;2020;1;5;0;985.22760;11330.62695;0.08695;0.00000;0.13278;0.48685
91;2020;1;5;0;984.54907;11327.85645;0.08691;0.00000;0.13274;0.48660
91;2020;1;5;0;983.87122;11325.08691;0.08688;0.00000;0.13270;0.48635
91;2020;1;5;0;983.19403;11322.31934;0.08684;0.00000;0.13265;0.48602
91;2020;1;5;0;982.51752;11319.55371;0.08680;0.00000;0.13258;0.48560
91;2020;1;5;0;981.84167;11316.78809;0.08676;0.00000;0.13250;0.48511
91;2020;1;5;0;981.16644;11314.02539;0.08672;0.00000;0.13240;0.48455
91;2020;1;5;0;980.49194;11311.26367;0.08668;0.00000;0.13230;0.48393
91;2020;1;5;0;979.81805;11308.50293;0.08664;0.00000;0.13219;0.48326
91;2020;1;5;0;979.14484;11305.74512;0.08661;0.00000;0.13208;0.48256
91;2020;1;5;0;978.47229;11302.98730;0.08657;0.00000;0.13196;0.48185
91;2020;1;5;0;977.80035;11300.23145;0.08653;0.00000;0.13184;0.48113
91;2020;1;5;0;977.12909;11297.47754;0.08649;0.00000;0.13173;0.48043
91;2020;1;5;0;976.45850;11294.72461;0.08645;0.00000;0.13161;0.47974
91;2020;1;5;0;975.78851;11291.97266;0.08641;0.00000;0.13151;0.47908
91;2020;1;5;0;975.11920;11289.22266;0.08638;0.00000;0.13140;0.47844
91;2020;1;5;0;974.45050;11286.47363;0.08634;0.00000;0.13130;0.47783
91;2020;1;5;0;973.78253;11283.72656;0.08630;0.00000;0.13120;0.47725
91;2020;1;5;0;973.11517;11280.98145;0.08626;0.00000;0.13111;0.47671
91;2020;1;5;0;972.44849;11278.23633;0.08622;0.00000;0.13103;0.47618
91;2020;1;5;0;971.78247;11275.49414;0.08619;0.00000;0.13095;0.47569
91;2020;1;5;0;971.11713;11272.75293;0.08615;0.00000;0.13087;0.47522
91;2020;1;5;0;970.45245;11270.01465;0.08611;0.00000;0.13080;0.47478
91;2020;1;5;0;969.78845;11267.27637;0.08607;0.00000;0.13073;0.47435
91;2020;1;5;0;969.12506;11264.53906;0.08603;0.00000;0.13066;0.47395
91;2020;1;5;0;968.46234;11261.80371;0.08600;0.00000;0.13059;0.47356
91;2020;1;5;0;967.80035;11259.07129;0.08596;0.00000;0.13053;0.47319
91;2020;1;5;0;967.13904;11256.33984;0.08592;0.00000;0.13047;0.47283
91;2020;1;5;0;966.47839;11253.60938;0.08588;0.00000;0.13042;0.47249
91;2020;1;5;0;965.81842;11250.88086;0.08584;0.00000;0.13036;0.47216
91;2020;1;5;0;965.15906;11248.15332;0.08581;0.00000;0.13031;0.47184
91;2020;1;5;0;964.50043;11245.42871;0.08577;0.00000;0.13026;0.47153
91;2020;1;5;0;963.84247;11242.70508;0.08573;0.00000;0.13021;0.47124
91;2020;1;5;0;963.18518;11239.98242;0.08569;0.00000;0.13016;0.47094
91;2020;1;5;0;962.52856;11237.26172;0.08566;0.00000;0.13011;0.47066
91;2020;1;5;0;961.87262;11234.54297;0.08562;0.00000;0.13007;0.47039
91;2020;1;5;0;961.21735;11231.82617;0.08558;0.00000;0.13002;0.47011
91;2020;1;5;0;960.56274;11229.10938;0.08554;0.00000;0.12998;0.46985
91;2020;1;5;0;959.90887;11226.39551;0.08550;0.00000;0.12994;0.46959
91;2020;1;5;0;959.25568;11223.68262;0.08547;0.00000;0.12989;0.46934
91;2020;1;5;0;958.60315;11220.97168;0.08543;0.00000;0.12985;0.46908
91;2020;1;5;0;957.95129;11218.26270;0.08539;0.00000;0.12981;0.46884
91;2020;1;5;0;957.30011;11215.55566;0.08535;0.00000;0.12977;0.46859
91;2020;1;6;0;956.60901;11212.68066;0.08531;0.00000;0.12973;0.46834
91;2020;1;6;0;955.91864;11209.80762;0.08528;0.00000;0.12972;0.46830
91;2020;1;6;0;955.22906;11206.93555;0.08524;0.00000;0.12980;0.46877
91;2020;1;6;0;954.54022;11204.06738;0.08520;0.00000;0.12988;0.46927
91;2020;1;6;0;953.85211;11201.19922;0.08516;0.00000;0.12985;0.46906
91;2020;1;6;0;953.16467;11198.33301;0.08512;0.00000;0.12973;0.46835
91;2020;1;6;0;952.47797;11195.46777;0.08508;0.00000;0.12960;0.46757
91;2020;1;6;0;951.79187;11192.60449;0.08504;0.00000;0.12948;0.46685
91;2020;1;6;0;951.10645;11189.74316;0.08500;0.00000;0.12938;0.46623
91;2020;1;6;0;950.42175;11186.88281;0.08496;0.00000;0.12930;0.46574
91;2020;1;6;0;949.73779;11184.02344;0.08492;0.00000;0.12923;0.46537
91;2020;1;6;0;949.05450;11181.16699;0.08488;0.00000;0.12919;0.46512
91;2020;1;6;0;948.37195;11178.31250;0.08484;0.00000;0.12917;0.46499
91;2020;1;6;0;947.69012;11175.45898;0.08480;0.00000;0.12917;0.46495
91;2020;1;6;0;947.00903;11172.60645;0.08476;0.00000;0.12917;0.46499
91;2020;1;6;0;946.32867;11169.75684;0.08472;0.00000;0.12919;0.46509
91;2020;1;6;0;945.64911;11166.90918;0.08468;0.00000;0.12921;0.46522
91;2020;1;6;0;944.97021;11164.06250;0.08464;0.00000;0.12924;0.46538
91;2020;1;6;0;944.29211;11161.21777;0.08460;0.00000;0.12927;0.46555
91;2020;1;6;0;943.61475;11158.37500;0.08457;0.00000;0.12929;0.46573
91;2020;1;6;0;942.93811;11155.53418;0.08453;0.00000;0.12932;0.46589
91;2020;1;6;0;942.26227;11152.69531;0.08449;0.00000;0.12935;0.46605
91;2020;1;6;0;941.58716;11149.85840;0.08445;0.00000;0.12937;0.46619
91;2020;1;6;0;940.91278;11147.02344;0.08441;0.00000;0.12939;0.46631
91;2020;1;6;0;940.23914;11144.18848;0.08437;0.00000;0.12941;0.46642
91;2020;1;6;0;939.56622;11141.35742;0.08433;0.00000;0.12942;0.46650
91;2020;1;6;0;938.89404;11138.52637;0.08429;0.00000;0.12943;0.46657
91;2020;1;6;0;938.22260;11135.69922;0.08425;0.00000;0.12944;0.46662
91;2020;1;6;0;937.55188;11132.87207;0.08421;0.00000;0.12945;0.46664
91;2020;1;6;0;936.88190;11130.04688;0.08418;0.00000;0.12945;0.46666
91;2020;1;6;0;936.21259;11127.22363;0.08414;0.00000;0.12945;0.46665
91;2020;1;6;0;935.54407;11124.40234;0.08410;0.00000;0.12944;0.46663
91;2020;1;6;0;934.87622;11121.58301;0.08406;0.00000;0.12944;0.46659
91;2020;1;6;0;934.20911;11118.76562;0.08402;0.00000;0.12943;0.46654
91;2020;1;6;0;933.54272;11115.94922;0.08398;0.00000;0.12942;0.46647
91;2020;1;6;0;932.87708;11113.13574;0.08394;0.00000;0.12940;0.46639
91;2020;1;6;0;932.21216;11110.32227;0.08391;0.00000;0.12939;0.46630
91;2020;1;6;0;931.54791;11107.51172;0.08387;0.00000;0.12937;0.46620
91;2020;1;6;0;930.88440;11104.70312;0.08383;0.00000;0.12935;0.46609
91;2020;1;6;0;930.22156;11101.89551;0.08379;0.00000;0.12933;0.46597
91;2020;1;6;0;929.55945;11099.08887;0.08375;0.00000;0.12931;0.46584
91;2020;1;6;0;928.89807;11096.28613;0.08371;0.00000;0.12929;0.46570
91;2020;1;6;0;928.23743;11093.48340;0.08367;0.00000;0.12927;0.46556
91;2020;1;6;0;927.57745;11090.68359;0.08364;0.00000;0.12924;0.46541
91;2020;1;6;0;926.91821;11087.88477;0.08360;0.00000;0.12922;0.46526
91;2020;1;6;0;926.25964;11085.08691;0.08356;0.00000;0.12919;0.46510
91;2020;1;6;0;925.60175;11082.29199;0.08352;0.00000;0.12916;0.46494
91;2020;1;6;0;924.94458;11079.49805;0.08348;0.00000;0.12913;0.46477
91;2020;1;7;0;924.25409;11076.56152;0.08344;0.00000;0.12907;0.46440
91;2020;1;7;0;923.56427;11073.62598;0.08340;0.00000;0.12892;0.46347
91;2020;1;7;0;922.87506;11070.69141;0.08336;0.00000;0.12868;0.46207
91;2020;1;7;0;922.18652;11067.75879;0.08332;0.00000;0.12845;0.46069
91;2020;1;7;0;921.49860;11064.82715;0.08328;0.00000;0.12826;0.45956
91;2020;1;7;0;920.81140;11061.89746;0.08324;0.00000;0.12812;0.45870
91;2020;1;7;0;920.12488;11058.96875;0.08320;0.00000;0.12801;0.45803
91;2020;1;7;0;919.43903;11056.04297;0.08316;0.00000;0.12791;0.45744
91;2020;1;7;0;918.75391;11053.11719;0.08312;0.00000;0.12781;0.45687
91;2020;1;7;0;918.06952;11050.19336;0.08308;0.00000;0.12772;0.45629
91;2020;1;7;0;917.38580;11047.27148;0.08304;0.00000;0.12761;0.45568
91;2020;1;7;0;916.70276;11044.35059;0.08300;0.00000;0.12751;0.45505
91;2020;1;7;0;916.02045;11041.43262;0.08296;0.00000;0.12740;0.45438
91;2020;1;7;0;915.33881;11038.51465;0.08292;0.00000;0.12728;0.45370
91;2020;1;7;0;914.65784;11035.59961;0.08288;0.00000;0.12716;0.45300
91;2020;1;7;0;913.97760;11032.68555;0.08284;0.00000;0.12704;0.45229
91;2020;1;7;0;913.29803;11029.77246;0.08280;0.00000;0.12692;0.45159
91;2020;1;7;0;912.61914;11026.86133;0.08276;0.00000;0.12681;0.45089
91;2020;1;7;0;911.94098;11023.95215;0.08272;0.00000;0.12669;0.45021
91;2020;1;7;0;911.26349;11021.04395;0.08268;0.00000;0.12658;0.44955
91;2020;1;7;0;910.58673;11018.13770;0.08264;0.00000;0.12647;0.44890
91;2020;1;7;0;909.91064;11015.23340;0.08260;0.00000;0.12637;0.44829
91;2020;1;7;0;909.23529;11012.33105;0.08257;0.00000;0.12627;0.44769
91;2020;1;7;0;908.56055;11009.42871;0.08253;0.00000;0.12617;0.44712
91;2020;1;7;0;907.88654;11006.52930;0.08249;0.00000;0.12608;0.44658
91;2020;1;7;0;907.21320;11003.62988;0.08245;0.00000;0.12599;0.44606
91;2020;1;7;0;906.54059;11000.73438;0.08241;0.00000;0.12591;0.44556
91;2020;1;7;0;905.86865;10997.83887;0.08237;0.00000;0.12583;0.44509
91;2020;1;7;0;905.19745;10994.94531;0.08233;0.00000;0.12575;0.44464
91;2020;1;7;0;904.52698;10992.05371;0.08229;0.00000;0.12568;0.44421
91;2020;1;7;0;903.85724;10989.16406;0.08225;0.00000;0.12561;0.44380
91;2020;1;7;0;903.18811;10986.27539;0.08221;0.00000;0.12554;0.44341
91;2020;1;7;0;902.51971;10983.38867;0.08217;0.00000;0.12548;0.44304
91;2020;1;7;0;901.85205;10980.50391;0.08213;0.00000;0.12542;0.44269
91;2020;1;7;0;901.18512;10977.62012;0.08209;0.00000;0.12536;0.44235
91;2020;1;7;0;900.51892;10974.73828;0.08205;0.00000;0.12531;0.44203
91;2020;1;7;0;899.85339;10971.85840;0.08201;0.00000;0.12525;0.44172
91;2020;1;7;0;899.18860;10968.98145;0.08198;0.00000;0.12520;0.44143
91;2020;1;7;0;898.52448;10966.10352;0.08194;0.00000;0.12515;0.44114
91;2020;1;7;0;897.86108;10963.22949;0.08190;0.00000;0.12511;0.44087
91;2020;1;7;0;897.19843;10960.35645;0.08186;0.00000;0.12506;0.44061
91;2020;1;7;0;896.53644;10957.48535;0.08182;0.00000;0.12502;0.44036
91;2020;1;7;0;895.87518;10954.61621;0.08178;0.00000;0.12498;0.44012
91;2020;1;7;0;895.21466;10951.74805;0.08174;0.00000;0.12494;0.43989
91;2020;1;7;0;894.55487;10948.88184;0.08170;0.00000;0.12490;0.43966
91;2020;1;7;0;893.89575;10946.01758;0.08166;0.00000;0.12486;0.43944
91;2020;1;7;0;893.23737;10943.15527;0.08163;0.00000;0.12483;0.43923
91;2020;1;7;0;892.57971;10940.29492;0.08159;0.00000;0.12479;0.43902
91;2020;1;8;0;891.95526;10937.57617;0.08155;0.00000;0.12476;0.43885
91;2020;1;8;0;891.33154;10934.86035;0.08151;0.00000;0.12477;0.43890
91;2020;1;8;0;890.70856;10932.14746;0.08148;0.00000;0.12485;0.43937
91;2020;1;8;0;890.08630;10929.43555;0.08144;0.00000;0.12495;0.43995
91;2020;1;8;0;889.46478;10926.72656;0.08140;0.00000;0.12498;0.44012
91;2020;1;8;0;888.84393;10924.01855;0.08137;0.00000;0.12495;0.43996
91;2020;1;8;0;888.22375;10921.31250;0.08133;0.00000;0.12492;0.43974
91;2020;1;8;0;887.60425;10918.60645;0.08129;0.00000;0.12489;0.43957
91;2020;1;8;0;886.98541;10915.90430;0.08126;0.00000;0.12487;0.43948
91;2020;1;8;0;886.36725;10913.20312;0.08122;0.00000;0.12487;0.43947
91;2020;1;8;0;885.74988;10910.50391;0.08118;0.00000;0.12488;0.43956
91;2020;1;8;0;885.13318;10907.80762;0.08115;0.00000;0.12491;0.43972
91;2020;1;8;0;884.51721;10905.11133;0.08111;0.00000;0.12495;0.43995
91;2020;1;8;0;883.90198;10902.41797;0.08107;0.00000;0.12500;0.44024
91;2020;1;8;0;883.28741;10899.72754;0.08104;0.00000;0.12506;0.44058
91;2020;1;8;0;882.67358;10897.03809;0.08100;0.00000;0.12512;0.44094
91;2020;1;8;0;882.06049;10894.35059;0.08096;0.00000;0.12518;0.44131
91;2020;1;8;0;881.44812;10891.66504;0.08093;0.00000;0.12525;0.44170
91;2020;1;8;0;880.83649;10888.98145;0.08089;0.00000;0.12531;0.44208
91;2020;1;8;0;880.22559;10886.29980;0.08086;0.00000;0.12538;0.44244
91;2020;1;8;0;879.61536;10883.62012;0.08082;0.00000;0.12544;0.44279
91;2020;1;8;0;879.00586;10880.94336;0.08078;0.00000;0.12549;0.44312
91;2020;1;8;0;878.39709;10878.26660;0.08075;0.00000;0.12554;0.44343
91;2020;1;8;0;877.78906;10875.59375;0.08071;0.00000;0.12559;0.44371
91;2020;1;8;0;877.18170;10872.92188;0.08068;0.00000;0.12563;0.44397
91;2020;1;8;0;876.57507;10870.25195;0.08064;0.00000;0.12567;0.44420
91;2020;1;8;0;875.96912;10867.58398;0.08060;0.00000;0.12571;0.44441
91;2020;1;8;0;875.36383;10864.91699;0.08057;0.00000;0.12574;0.44459
91;2020;1;8;0;874.75928;10862.25293;0.08053;0.00000;0.12577;0.44475
91;2020;1;8;0;874.15540;10859.59082;0.08050;0.00000;0.12579;0.44489
91;2020;1;8;0;873.55225;10856.93066;0.08046;0.00000;0.12581;0.44501
91;2020;1;8;0;872.94977;10854.27148;0.08042;0.00000;0.12583;0.44510
91;2020;1;8;0;872.34802;10851.61523;0.08039;0.00000;0.12584;0.44518
91;2020;1;8;0;871.74695;10848.95996;0.08035;0.00000;0.12585;0.44524
91;2020;1;8;0;871.14655;10846.30664;0.08032;0.00000;0.12586;0.44528
91;2020;1;8;0;870.54688;10843.65625;0.08028;0.00000;0.12586;0.44531
91;2020;1;8;0;869.94781;10841.00684;0.08025;0.00000;0.12586;0.44532
91;2020;1;8;0;869.34943;10838.35840;0.08021;0.00000;0.12586;0.44532
91;2020;1;8;0;868.75177;10835.71387;0.08017;0.00000;0.12586;0.44530
91;2020;1;8;0;868.15479;10833.07031;0.08014;0.00000;0.12586;0.44528
91;2020;1;8;0;867.55847;10830.42871;0.08010;0.00000;0.12585;0.44524
91;2020;1;8;0;866.96283;10827.78711;0.08007;0.00000;0.12584;0.44519
91;2020;1;8;0;866.36786;10825.14941;0.08003;0.00000;0.12583;0.44514
91;2020;1;8;0;865.77356;10822.51270;0.08000;0.00000;0.12582;0.44507
91;2020;1;8;0;865.17993;10819.87793;0.07996;0.00000;0.12581;0.44500
91;2020;1;8;0;864.58698;10817.24512;0.07993;0.00000;0.12580;0.44493
91;2020;1;8;0;863.99469;10814.61426;0.07989;0.00000;0.12578;0.44484
91;2020;1;8;0;863.40302;10811.98438;0.07986;0.00000;0.12577;0.44475
91;2020;1;9;0;862.70288;10808.87109;0.07981;0.00000;0.12571;0.44442
91;2020;1;9;0;862.00348;10805.75977;0.07977;0.00000;0.12554;0.44342
91;2020;1;9;0;861.30475;10802.65039;0.07973;0.00000;0.12526;0.44174
91;2020;1;9;0;860.60663;10799.54102;0.07969;0.00000;0.12494;0.43987
91;2020;1;9;0;859.90918;10796.43359;0.07965;0.00000;0.12465;0.43819
91;2020;1;9;0;859.21240;10793.32617;0.07961;0.00000;0.12442;0.43686
91;2020;1;9;0;858.51636;10790.22168;0.07956;0.00000;0.12425;0.43586
91;2020;1;9;0;857.82098;10787.11914;0.07952;0.00000;0.12412;0.43508
91;2020;1;9;0;857.12640;10784.01758;0.07948;0.00000;0.12400;0.43441
91;2020;1;9;0;856.43256;10780.91797;0.07944;0.00000;0.12390;0.43378
91;2020;1;9;0;855.73938;10777.82031;0.07940;0.00000;0.12379;0.43313
91;2020;1;9;0;855.04700;10774.72266;0.07936;0.00000;0.12367;0.43246
91;2020;1;9;0;854.35535;10771.62891;0.07932;0.00000;0.12355;0.43176
91;2020;1;9;0;853.66437;10768.53516;0.07927;0.00000;0.12342;0.43102
91;2020;1;9;0;852.97418;10765.44336;0.07923;0.00000;0.12329;0.43026
91;2020;1;9;0;852.28473;10762.35352;0.07919;0.00000;0.12316;0.42948
91;2020;1;9;0;851.59595;10759.26562;0.07915;0.00000;0.12303;0.42870
91;2020;1;9;0;850.90790;10756.17871;0.07911;0.00000;0.12289;0.42793
91;2020;1;9;0;850.22058;10753.09375;0.07907;0.00000;0.12276;0.42717
91;2020;1;9;0;849.53400;10750.01074;0.07903;0.00000;0.12263;0.42643
91;2020;1;9;0;848.84814;10746.92969;0.07899;0.00000;0.12251;0.42571
91;2020;1;9;0;848.16302;10743.84961;0.07894;0.00000;0.12239;0.42502
91;2020;1;9;0;847.47864;10740.77148;0.07890;0.00000;0.12227;0.42435
91;2020;1;9;0;846.79498;10737.69531;0.07886;0.00000;0.12216;0.42371
91;2020;1;9;0;846.11206;10734.62012;0.07882;0.00000;0.12206;0.42310
91;2020;1;9;0;845.42987;10731.54688;0.07878;0.00000;0.12196;0.42252
91;2020;1;9;0;844.74847;10728.47559;0.07874;0.00000;0.12186;0.42196
91;2020;1;9;0;844.06775;10725.40527;0.07870;0.00000;0.12177;0.42143
91;2020;1;9;0;843.38782;10722.33789;0.07866;0.00000;0.12168;0.42093
91;2020;1;9;0;842.70856;10719.27148;0.07862;0.00000;0.12160;0.42046
91;2020;1;9;0;842.03009;10716.20703;0.07858;0.00000;0.12152;0.42000
91;2020;1;9;0;841.35236;10713.14453;0.07853;0.00000;0.12145;0.41957
91;2020;1;9;0;840.67542;10710.08398;0.07849;0.00000;0.12137;0.41916
91;2020;1;9;0;839.99915;10707.02539;0.07845;0.00000;0.12131;0.41877
91;2020;1;9;0;839.32367;10703.96875;0.07841;0.00000;0.12124;0.41841
91;2020;1;9;0;838.64899;10700.91309;0.07837;0.00000;0.12118;0.41805
91;2020;1;9;0;837.97504;10697.85938;0.07833;0.00000;0.12112;0.41772
91;2020;1;9;0;837.30188;10694.80762;0.07829;0.00000;0.12107;0.41740
91;2020;1;9;0;836.62946;10691.75879;0.07825;0.00000;0.12102;0.41710
91;2020;1;9;0;835.95782;10688.71094;0.07821;0.00000;0.12097;0.41681
91;2020;1;9;0;835.28687;10685.66504;0.07817;0.00000;0.12092;0.41654
91;2020;1;9;0;834.61670;10682.62012;0.07813;0.00000;0.12087;0.41627
91;2020;1;9;0;833.94727;10679.57812;0.07809;0.00000;0.12083;0.41602
91;2020;1;9;0;833.27856;10676.53711;0.07805;0.00000;0.12079;0.41578
91;2020;1;9;0;832.61066;10673.49902;0.07801;0.00000;0.12075;0.41554
91;2020;1;9;0;831.94348;10670.46289;0.07797;0.00000;0.12071;0.41532
91;2020;1;9;0;831.27710;10667.42676;0.07793;0.00000;0.12067;0.41510
91;2020;1;9;0;830.61145;10664.39453;0.07789;0.00000;0.12063;0.41489
91;2020;1;10;0;829.96234;10661.43457;0.07785;0.00000;0.12059;0.41465
91;2020;1;10;0;829.31396;10658.47754;0.07781;0.00000;0.12056;0.41446
91;2020;1;10;0;828.66638;10655.52246;0.07777;0.00000;0.12058;0.41457
91;2020;1;10;0;828.01959;10652.56934;0.07773;0.00000;0.12063;0.41487
91;2020;1;10;0;827.37354;10649.61816;0.07769;0.00000;0.12064;0.41493
91;2020;1;10;0;826.72821;10646.66895;0.07765;0.00000;0.12060;0.41472
91;2020;1;10;0;826.08362;10643.72168;0.07761;0.00000;0.12054;0.41439
91;2020;1;10;0;825.43976;10640.77637;0.07757;0.00000;0.12048;0.41402
91;2020;1;10;0;824.79663;10637.83203;0.07753;0.00000;0.12042;0.41367
91;2020;1;10;0;824.15417;10634.89062;0.07750;0.00000;0.12037;0.41337
91;2020;1;10;0;823.51245;10631.95020;0.07746;0.00000;0.12033;0.41314
91;2020;1;10;0;822.87158;10629.01172;0.07742;0.00000;0.12030;0.41299
91;2020;1;10;0;822.23145;10626.07617;0.07738;0.00000;0.12028;0.41291
91;2020;1;10;0;821.59204;10623.14258;0.07734;0.00000;0.12028;0.41290
91;2020;1;10;0;820.95343;10620.20996;0.07730;0.00000;0.12029;0.41294
91;2020;1;10;0;820.31555;10617.28027;0.07726;0.00000;0.12031;0.41304
91;2020;1;10;0;819.67847;10614.35254;0.07722;0.00000;0.12033;0.41316
91;2020;1;10;0;819.04211;10611.42578;0.07718;0.00000;0.12035;0.41331
91;2020;1;10;0;818.40656;10608.50293;0.07715;0.00000;0.12038;0.41347
91;2020;1;10;0;817.77173;10605.58105;0.07711;0.00000;0.12041;0.41363
91;2020;1;10;0;817.13770;10602.66113;0.07707;0.00000;0.12044;0.41379
91;2020;1;10;0;816.50433;10599.74316;0.07703;0.00000;0.12047;0.41395
91;2020;1;10;0;815.87177;10596.82812;0.07699;0.00000;0.12049;0.41410
91;2020;1;10;0;815.23993;10593.91309;0.07695;0.00000;0.12052;0.41424
91;2020;1;10;0;814.60889;10591.00195;0.07692;0.00000;0.12054;0.41437
91;2020;1;10;0;813.97858;10588.09180;0.07688;0.00000;0.12056;0.41448
91;2020;1;10;0;813.34906;10585.18457;0.07684;0.00000;0.12058;0.41458
91;2020;1;10;0;812.72028;10582.27930;0.07680;0.00000;0.12059;0.41466
91;2020;1;10;0;812.09229;10579.37598;0.07676;0.00000;0.12060;0.41473
91;2020;1;10;0;811.46503;10576.47363;0.07672;0.00000;0.12061;0.41479
91;2020;1;10;0;810.83856;10573.57520;0.07669;0.00000;0.12062;0.41484
91;2020;1;10;0;810.21283;10570.67773;0.07665;0.00000;0.12063;0.41487
91;2020;1;10;0;809.58777;10567.78223;0.07661;0.00000;0.12063;0.41489
91;2020;1;10;0;808.96350;10564.88867;0.07657;0.00000;0.12063;0.41489
91;2020;1;10;0;808.33997;10561.99707;0.07653;0.00000;0.12063;0.41489
91;2020;1;10;0;807.71716;10559.10840;0.07649;0.00000;0.12063;0.41488
91;2020;1;10;0;807.09515;10556.22168;0.07646;0.00000;0.12062;0.41485
91;2020;1;10;0;806.47388;10553.33496;0.07642;0.00000;0.12062;0.41482
91;2020;1;10;0;805.85333;10550.45215;0.07638;0.00000;0.12061;0.41478
91;2020;1;10;0;805.23346;10547.57031;0.07634;0.00000;0.12060;0.41473
91;2020;1;10;0;804.61438;10544.69141;0.07631;0.00000;0.12059;0.41467
91;2020;1;10;0;803.99603;10541.81348;0.07627;0.00000;0.12058;0.41460
91;2020;1;10;0;803.37842;10538.93848;0.07623;0.00000;0.12057;0.41453
91;2020;1;10;0;802.76154;10536.06543;0.07619;0.00000;0.12056;0.41446
91;2020;1;10;0;802.14532;10533.19434;0.07615;0.00000;0.12054;0.41438
91;2020;1;10;0;801.52991;10530.32422;0.07612;0.00000;0.12053;0.41429
91;2020;1;10;0;800.91522;10527.45703;0.07608;0.00000;0.12051;0.41420
91;2020;1;10;0;800.30127;10524.59180;0.07604;0.00000;0.12049;0.41411
91;2020;1;11;0;815.50189;10595.12207;0.07697;0.00000;0.12373;0.43279
91;2020;1;11;0;830.69037;10664.75391;0.07789;0.00000;0.13454;0.49762
91;2020;1;11;0;845.87006;10733.52930;0.07881;0.00000;0.15174;0.60812
91;2020;1;11;0;861.04346;10801.48633;0.07972;0.00000;0.17342;0.75975
91;2020;1;11;0;876.20978;10868.64355;0.08062;0.00000;0.19375;0.91391
91;2020;1;11;0;891.36633;10935.01270;0.08151;0.00000;0.20837;1.03170
91;2020;1;11;0;906.50970;11000.60059;0.08241;0.00000;0.21653;1.09991
91;2020;1;11;0;921.63843;11065.42285;0.08329;0.00000;0.22055;1.13418
91;2020;1;11;0;936.75201;11129.50000;0.08417;0.00000;0.22373;1.16153
91;2020;1;11;0;951.85065;11192.85059;0.08504;0.00000;0.22643;1.18505
91;2020;1;11;0;966.93457;11255.49512;0.08591;0.00000;0.22957;1.21253
91;2020;1;11;0;982.00409;11317.45312;0.08677;0.00000;0.23282;1.24127
91;2020;1;11;0;997.05945;11378.74414;0.08762;0.00000;0.23619;1.27140
91;2020;1;11;0;1012.10046;11439.38281;0.08848;0.00000;0.23903;1.29696
91;2020;1;11;0;1027.12708;11499.38672;0.08932;0.00000;0.24153;1.31959
91;2020;1;11;0;1042.13940;11558.77051;0.09016;0.00000;0.24383;1.34060
91;2020;1;11;0;1057.13770;11617.54980;0.09099;0.00000;0.24608;1.36131
91;2020;1;11;0;1072.12195;11675.74023;0.09182;0.00000;0.24820;1.38092
91;2020;1;11;0;1087.09229;11733.35449;0.09265;0.00000;0.25022;1.39969
91;2020;1;11;0;1102.04883;11790.40723;0.09347;0.00000;0.25211;1.41738
91;2020;1;11;0;1116.99158;11846.91016;0.09429;0.00000;0.25389;1.43410
91;2020;1;11;0;1131.92065;11902.87695;0.09510;0.00000;0.25555;1.44971
91;2020;1;11;0;1146.83606;11958.31934;0.09590;0.00000;0.25708;1.46428
91;2020;1;11;0;1161.73792;12013.24805;0.09670;0.00000;0.25850;1.47772
91;2020;1;11;0;1176.62634;12067.67578;0.09750;0.00000;0.25980;1.49012
91;2020;1;11;0;1191.50134;12121.61230;0.09830;0.00000;0.26098;1.50145
91;2020;1;11;0;1206.36304;12175.06836;0.09908;0.00000;0.26206;1.51184
91;2020;1;11;0;1221.21143;12228.05469;0.09987;0.00000;0.26305;1.52133
91;2020;1;11;0;1236.04663;12280.58008;0.10065;0.00000;0.26395;1.53004
91;2020;1;11;0;1250.86865;12332.65430;0.10143;0.00000;0.26478;1.53804
91;2020;1;11;0;1265.67773;12384.28711;0.10220;0.00000;0.26554;1.54545
91;2020;1;11;0;1280.47388;12435.48730;0.10297;0.00000;0.26625;1.55231
91;2020;1;11;0;1295.25720;12486.26367;0.10373;0.00000;0.26691;1.55872
91;2020;1;11;0;1310.02771;12536.62305;0.10450;0.00000;0.26752;1.56473
91;2020;1;11;0;1324.78552;12586.57520;0.10525;0.00000;0.26811;1.57042
91;2020;1;11;0;1339.53076;12636.12793;0.10601;0.00000;0.26866;1.57580
91;2020;1;11;0;1354.26343;12685.28809;0.10676;0.00000;0.26918;1.58095
91;2020;1;11;0;1368.98376;12734.06348;0.10751;0.00000;0.26969;1.58587
91;2020;1;11;0;1383.69177;12782.46191;0.10825;0.00000;0.27017;1.59061
91;2020;1;11;0;1398.38757;12830.48926;0.10899;0.00000;0.27064;1.59518
91;2020;1;11;0;1413.07117;12878.15332;0.10973;0.00000;0.27109;1.59960
91;2020;1;11;0;1427.74280;12925.45996;0.11046;0.00000;0.27152;1.60390
91;2020;1;11;0;1442.40234;12972.41602;0.11119;0.00000;0.27195;1.60808
91;2020;1;11;0;1457.04993;13019.02734;0.11192;0.00000;0.27236;1.61216
91;2020;1;11;0;1471.68579;13065.29980;0.11264;0.00000;0.27276;1.61614
91;2020;1;11;0;1486.30981;13111.23926;0.11336;0.00000;0.27316;1.62003
91;2020;1;11;0;1500.92224;13156.85254;0.11408;0.00000;0.27354;1.62384
91;2020;1;11;0;1515.52307;13202.14355;0.11479;0.00000;0.27392;1.62757
91;2020;1;12;0;1520.14111;13216.41016;0.11502;0.00000;0.27279;1.61644
91;2020;1;12;0;1524.75317;13230.62988;0.11524;0.00000;0.26858;1.57508
91;2020;1;12;0;1529.35803;13244.80078;0.11547;0.00000;0.26178;1.50915
91;2020;1;12;0;1533.95496;13258.91895;0.11569;0.00000;0.25365;1.43182
91;2020;1;12;0;1538.54456;13272.98730;0.11592;0.00000;0.24651;1.36531
91;2020;1;12;0;1543.12830;13287.01172;0.11614;0.00000;0.24207;1.32451
91;2020;1;12;0;1547.70703;13300.99316;0.11636;0.00000;0.23943;1.30052
91;2020;1;12;0;1552.28137;13314.93457;0.11658;0.00000;0.23774;1.28527
91;2020;1;12;0;1556.85156;13328.83691;0.11680;0.00000;0.23670;1.27597
91;2020;1;12;0;1561.41785;13342.70215;0.11702;0.00000;0.23601;1.26977
91;2020;1;12;0;1565.98022;13356.52832;0.11724;0.00000;0.23560;1.26611
91;2020;1;12;0;1570.53894;13370.31738;0.11746;0.00000;0.23535;1.26384
91;2020;1;12;0;1575.09412;13384.07129;0.11768;0.00000;0.23523;1.26279
91;2020;1;12;0;1579.64563;13397.78711;0.11790;0.00000;0.23519;1.26244
91;2020;1;12;0;1584.19360;13411.46777;0.11812;0.00000;0.23522;1.26266
91;2020;1;12;0;1588.73804;13425.11133;0.11834;0.00000;0.23528;1.26323
91;2020;1;12;0;1593.27905;13438.72070;0.11856;0.00000;0.23537;1.26397
91;2020;1;12;0;1597.81653;13452.29395;0.11878;0.00000;0.23546;1.26479
91;2020;1;12;0;1602.35071;13465.83301;0.11899;0.00000;0.23554;1.26554
91;2020;1;12;0;1606.88135;13479.33496;0.11921;0.00000;0.23561;1.26618
91;2020;1;12;0;1611.40845;13492.80469;0.11943;0.00000;0.23566;1.26663
91;2020;1;12;0;1615.93225;13506.23828;0.11964;0.00000;0.23569;1.26690
91;2020;1;12;0;1620.45251;13519.63770;0.11986;0.00000;0.23570;1.26693
91;2020;1;12;0;1624.96936;13533.00391;0.12007;0.00000;0.23568;1.26679
91;2020;1;12;0;1629.48267;13546.33398;0.12029;0.00000;0.23564;1.26644
91;2020;1;12;0;1633.99243;13559.62988;0.12050;0.00000;0.23559;1.26595
91;2020;1;12;0;1638.49878;13572.89355;0.12072;0.00000;0.23551;1.26530
91;2020;1;12;0;1643.00171;13586.12305;0.12093;0.00000;0.23543;1.26456
91;2020;1;12;0;1647.50122;13599.31934;0.12115;0.00000;0.23534;1.26372
91;2020;1;12;0;1651.99719;13612.48145;0.12136;0.00000;0.23524;1.26281
91;2020;1;12;0;1656.48975;13625.61133;0.12157;0.00000;0.23513;1.26186
91;2020;1;12;0;1660.97888;13638.70703;0.12178;0.00000;0.23502;1.26087
91;2020;1;12;0;1665.46448;13651.77148;0.12200;0.00000;0.23491;1.25987
91;2020;1;12;0;1669.94666;13664.80176;0.12221;0.00000;0.23479;1.25886
91;2020;1;12;0;1674.42529;13677.79980;0.12242;0.00000;0.23468;1.25785
91;2020;1;12;0;1678.90063;13690.76562;0.12263;0.00000;0.23457;1.25684
91;2020;1;12;0;1683.37256;13703.69922;0.12284;0.00000;0.23446;1.25586
91;2020;1;12;0;1687.84106;13716.60156;0.12305;0.00000;0.23435;1.25489
91;2020;1;12;0;1692.30615;13729.47168;0.12326;0.00000;0.23424;1.25394
91;2020;1;12;0;1696.76794;13742.30957;0.12347;0.00000;0.23414;1.25302
91;2020;1;12;0;1701.22632;13755.11719;0.12368;0.00000;0.23404;1.25212
91;2020;1;12;0;1705.68140;13767.89258;0.12389;0.00000;0.23394;1.25125
91;2020;1;12;0;1710.13306;13780.63770;0.12410;0.00000;0.23385;1.25041
91;2020;1;12;0;1714.58130;13793.35156;0.12430;0.00000;0.23376;1.24960
91;2020;1;12;0;1719.02625;13806.03516;0.12451;0.00000;0.23367;1.24882
91;2020;1;12;0;1723.46790;13818.68750;0.12472;0.00000;0.23358;1.24806
91;2020;1;12;0;1727.90625;13831.30859;0.12493;0.00000;0.23350;1.24734
91;2020;1;12;0;1732.34119;13843.90039;0.12513;0.00000;0.23342;1.24664
91;2020;1;13;0;1732.96362;13845.66602;0.12516;0.00000;0.23206;1.23457
91;2020;1;13;0;1733.58362;13847.42480;0.12519;0.00000;0.22856;1.20362
91;2020;1;13;0;1734.20105;13849.17480;0.12522;0.00000;0.22453;1.16852
91;2020;1;13;0;1734.81604;13850.91699;0.12525;0.00000;0.22054;1.13409
91;2020;1;13;0;1735.42847;13852.65332;0.12528;0.00000;0.21656;1.10016
91;2020;1;13;0;1736.03894;13854.38281;0.12531;0.00000;0.21358;1.07510
91;2020;1;13;0;1736.64783;13856.10742;0.12533;0.00000;0.21134;1.05631
91;2020;1;13;0;1737.25525;13857.82812;0.12536;0.00000;0.20937;1.04001
91;2020;1;13;0;1737.86133;13859.54395;0.12539;0.00000;0.20765;1.02575
91;2020;1;13;0;1738.46619;13861.25586;0.12542;0.00000;0.20603;1.01244
91;2020;1;13;0;1739.06982;13862.96484;0.12545;0.00000;0.20454;1.00033
91;2020;1;13;0;1739.67224;13864.66895;0.12548;0.00000;0.20314;0.98894
91;2020;1;13;0;1740.27356;13866.36914;0.12550;0.00000;0.20184;0.97838
91;2020;1;13;0;1740.87378;13868.06738;0.12553;0.00000;0.20061;0.96846
91;2020;1;13;0;1741.47290;13869.76172;0.12556;0.00000;0.19945;0.95918
91;2020;1;13;0;1742.07117;13871.45215;0.12559;0.00000;0.19836;0.95047
91;2020;1;13;0;1742.66833;13873.13965;0.12561;0.00000;0.19734;0.94230
91;2020;1;13;0;1743.26465;13874.82520;0.12564;0.00000;0.19638;0.93466
91;2020;1;13;0;1743.85999;13876.50684;0.12567;0.00000;0.19547;0.92749
91;2020;1;13;0;1744.45447;13878.18555;0.12570;0.00000;0.19463;0.92081
91;2020;1;13;0;1745.04810;13879.86230;0.12573;0.00000;0.19383;0.91455
91;2020;1;13;0;1745.64099;13881.53613;0.12575;0.00000;0.19309;0.90873
91;2020;1;13;0;1746.23303;13883.20703;0.12578;0.00000;0.19240;0.90330
91;2020;1;13;0;1746.82434;13884.87598;0.12581;0.00000;0.19175;0.89825
91;2020;1;13;0;1747.41492;13886.54199;0.12584;0.00000;0.19115;0.89354
91;2020;1;13;0;1748.00464;13888.20508;0.12586;0.00000;0.19059;0.88917
91;2020;1;13;0;1748.59375;13889.86621;0.12589;0.00000;0.19006;0.88510
91;2020;1;13;0;1749.18225;13891.52539;0.12592;0.00000;0.18958;0.88133
91;2020;1;13;0;1749.77002;13893.18262;0.12594;0.00000;0.18912;0.87782
91;2020;1;13;0;1750.35718;13894.83691;0.12597;0.00000;0.18870;0.87457
91;2020;1;13;0;1750.94360;13896.49023;0.12600;0.00000;0.18831;0.87155
91;2020;1;13;0;1751.52942;13898.14062;0.12603;0.00000;0.18795;0.86874
91;2020;1;13;0;1752.11475;13899.78809;0.12605;0.00000;0.18761;0.86614
91;2020;1;13;0;1752.69934;13901.43457;0.12608;0.00000;0.18729;0.86372
91;2020;1;13;0;1753.28345;13903.07910;0.12611;0.00000;0.18700;0.86148
91;2020;1;13;0;1753.86694;13904.72168;0.12613;0.00000;0.18673;0.85939
91;2020;1;13;0;1754.44995;13906.36230;0.12616;0.00000;0.18648;0.85745
91;2020;1;13;0;1755.03247;13908.00098;0.12619;0.00000;0.18624;0.85565
91;2020;1;13;0;1755.61438;13909.63770;0.12622;0.00000;0.18602;0.85398
91;2020;1;13;0;1756.19580;13911.27246;0.12624;0.00000;0.18582;0.85242
91;2020;1;13;0;1756.77673;13912.90625;0.12627;0.00000;0.18563;0.85096
91;2020;1;13;0;1757.35706;13914.53711;0.12630;0.00000;0.18545;0.84960
91;2020;1;13;0;1757.93689;13916.16699;0.12632;0.00000;0.18528;0.84833
91;2020;1;13;0;1758.51624;13917.79492;0.12635;0.00000;0.18513;0.84714
91;2020;1;13;0;1759.09497;13919.42090;0.12638;0.00000;0.18498;0.84602
91;2020;1;13;0;1759.67334;13921.04492;0.12640;0.00000;0.18484;0.84497
91;2020;1;13;0;1760.25122;13922.66797;0.12643;0.00000;0.18471;0.84397
91;2020;1;13;0;1760.82849;13924.28809;0.12646;0.00000;0.18459;0.84303
91;2020;1;14;0;1763.53186;13931.87305;0.12658;0.00000;0.18460;0.84309
91;2020;1;14;0;1766.23340;13939.44531;0.12671;0.00000;0.18468;0.84375
91;2020;1;14;0;1768.93286;13947.00488;0.12683;0.00000;0.18466;0.84356
91;2020;1;14;0;1771.63037;13954.55078;0.12696;0.00000;0.18456;0.84285
91;2020;1;14;0;1774.32581;13962.08398;0.12708;0.00000;0.18448;0.84224
91;2020;1;14;0;1777.01929;13969.60352;0.12721;0.00000;0.18442;0.84171
91;2020;1;14;0;1779.71082;13977.11133;0.12733;0.00000;0.18434;0.84113
91;2020;1;14;0;1782.40039;13984.60547;0.12745;0.00000;0.18426;0.84049
91;2020;1;14;0;1785.08801;13992.08789;0.12758;0.00000;0.18416;0.83977
91;2020;1;14;0;1787.77356;13999.55566;0.12770;0.00000;0.18405;0.83896
91;2020;1;14;0;1790.45715;14007.01172;0.12783;0.00000;0.18393;0.83804
91;2020;1;14;0;1793.13879;14014.45508;0.12795;0.00000;0.18380;0.83700
91;2020;1;14;0;1795.81824;14021.88574;0.12807;0.00000;0.18364;0.83584
91;2020;1;14;0;1798.49573;14029.30371;0.12820;0.00000;0.18347;0.83455
91;2020;1;14;0;1801.17126;14036.70898;0.12832;0.00000;0.18329;0.83313
91;2020;1;14;0;1803.84473;14044.10059;0.12844;0.00000;0.18308;0.83160
91;2020;1;14;0;1806.51624;14051.48145;0.12856;0.00000;0.18287;0.82997
91;2020;1;14;0;1809.18567;14058.84766;0.12869;0.00000;0.18264;0.82827
91;2020;1;14;0;1811.85303;14066.20215;0.12881;0.00000;0.18241;0.82652
91;2020;1;14;0;1814.51831;14073.54395;0.12893;0.00000;0.18218;0.82477
91;2020;1;14;0;1817.18164;14080.87305;0.12905;0.00000;0.18195;0.82302
91;2020;1;14;0;1819.84290;14088.19043;0.12918;0.00000;0.18172;0.82131
91;2020;1;14;0;1822.50220;14095.49512;0.12930;0.00000;0.18150;0.81966
91;2020;1;14;0;1825.15955;14102.78613;0.12942;0.00000;0.18129;0.81806
91;2020;1;14;0;1827.81482;14110.06641;0.12954;0.00000;0.18109;0.81655
91;2020;1;14;0;1830.46826;14117.33398;0.12966;0.00000;0.18090;0.81511
91;2020;1;14;0;1833.11975;14124.58984;0.12978;0.00000;0.18072;0.81376
91;2020;1;14;0;1835.76917;14131.83301;0.12990;0.00000;0.18055;0.81250
91;2020;1;14;0;1838.41663;14139.06445;0.13002;0.00000;0.18039;0.81132
91;2020;1;14;0;1841.06213;14146.28320;0.13014;0.00000;0.18024;0.81022
91;2020;1;14;0;1843.70569;14153.49121;0.13027;0.00000;0.18011;0.80920
91;2020;1;14;0;1846.34741;14160.68652;0.13039;0.00000;0.17998;0.80825
91;2020;1;14;0;1848.98718;14167.87012;0.13051;0.00000;0.17986;0.80736
91;2020;1;14;0;1851.62500;14175.04199;0.13063;0.00000;0.17975;0.80654
91;2020;1;14;0;1854.26099;14182.20215;0.13075;0.00000;0.17965;0.80578
91;2020;1;14;0;1856.89502;14189.35059;0.13087;0.00000;0.17956;0.80506
91;2020;1;14;0;1859.52710;14196.48633;0.13099;0.00000;0.17947;0.80440
91;2020;1;14;0;1862.15735;14203.61230;0.13110;0.00000;0.17938;0.80377
91;2020;1;14;0;1864.78564;14210.72461;0.13122;0.00000;0.17930;0.80318
91;2020;1;14;0;1867.41211;14217.82617;0.13134;0.00000;0.17923;0.80262
91;2020;1;14;0;1870.03674;14224.91699;0.13146;0.00000;0.17916;0.80209
91;2020;1;14;0;1872.65942;14231.99512;0.13158;0.00000;0.17909;0.80159
91;2020;1;14;0;1875.28027;14239.06250;0.13170;0.00000;0.17903;0.80111
91;2020;1;14;0;1877.89917;14246.11816;0.13182;0.00000;0.17896;0.80065
91;2020;1;14;0;1880.51636;14253.16309;0.13194;0.00000;0.17890;0.80021
91;2020;1;14;0;1883.13171;14260.19629;0.13206;0.00000;0.17885;0.79979
91;2020;1;14;0;1885.74512;14267.21875;0.13217;0.00000;0.17879;0.79938
91;2020;1;14;0;1888.35669;14274.22949;0.13229;0.00000;0.17874;0.79898
91;2020;1;15;0;1888.58521;14274.84277;0.13230;0.00000;0.17835;0.79605
91;2020;1;15;0;1888.81299;14275.45410;0.13231;0.00000;0.17740;0.78901
91;2020;1;15;0;1889.04016;14276.06348;0.13232;0.00000;0.17635;0.78126
91;2020;1;15;0;1889.26672;14276.67090;0.13233;0.00000;0.17548;0.77483
91;2020;1;15;0;1889.49268;14277.27734;0.13234;0.00000;0.17470;0.76912
91;2020;1;15;0;1889.71814;14277.88184;0.13235;0.00000;0.17404;0.76430
91;2020;1;15;0;1889.94324;14278.48633;0.13236;0.00000;0.17348;0.76017
91;2020;1;15;0;1890.16785;14279.08789;0.13237;0.00000;0.17296;0.75639
91;2020;1;15;0;1890.39197;14279.68848;0.13238;0.00000;0.17248;0.75291
91;2020;1;15;0;1890.61572;14280.28906;0.13239;0.00000;0.17202;0.74955
91;2020;1;15;0;1890.83911;14280.88770;0.13240;0.00000;0.17158;0.74635
91;2020;1;15;0;1891.06213;14281.48535;0.13241;0.00000;0.17115;0.74326
91;2020;1;15;0;1891.28491;14282.08398;0.13242;0.00000;0.17074;0.74031
91;2020;1;15;0;1891.50720;14282.67969;0.13243;0.00000;0.17036;0.73750
91;2020;1;15;0;1891.72913;14283.27344;0.13244;0.00000;0.16999;0.73483
91;2020;1;15;0;1891.95081;14283.86816;0.13245;0.00000;0.16964;0.73231
91;2020;1;15;0;1892.17212;14284.46094;0.13246;0.00000;0.16931;0.72993
91;2020;1;15;0;1892.39307;14285.05371;0.13247;0.00000;0.16899;0.72770
91;2020;1;15;0;1892.61377;14285.64453;0.13248;0.00000;0.16870;0.72559
91;2020;1;15;0;1892.83423;14286.23535;0.13249;0.00000;0.16842;0.72361
91;2020;1;15;0;1893.05432;14286.82520;0.13250;0.00000;0.16816;0.72175
91;2020;1;15;0;1893.27417;14287.41406;0.13251;0.00000;0.16792;0.71999
91;2020;1;15;0;1893.49365;14288.00195;0.13252;0.00000;0.16769;0.71834
91;2020;1;15;0;1893.71289;14288.58984;0.13253;0.00000;0.16747;0.71680
91;2020;1;15;0;1893.93188;14289.17578;0.13254;0.00000;0.16727;0.71534
91;2020;1;15;0;1894.15076;14289.76172;0.13255;0.00000;0.16708;0.71398
91;2020;1;15;0;1894.36938;14290.34668;0.13256;0.00000;0.16690;0.71270
91;2020;1;15;0;1894.58765;14290.93164;0.13257;0.00000;0.16673;0.71151
91;2020;1;15;0;1894.80566;14291.51562;0.13258;0.00000;0.16657;0.71039
91;2020;1;15;0;1895.02356;14292.09961;0.13259;0.00000;0.16642;0.70934
91;2020;1;15;0;1895.24121;14292.68066;0.13260;0.00000;0.16629;0.70837
91;2020;1;15;0;1895.45862;14293.26367;0.13261;0.00000;0.16616;0.70745
91;2020;1;15;0;1895.67578;14293.84473;0.13262;0.00000;0.16604;0.70660
91;2020;1;15;0;1895.89270;14294.42578;0.13263;0.00000;0.16592;0.70580
91;2020;1;15;0;1896.10950;14295.00586;0.13264;0.00000;0.16582;0.70505
91;2020;1;15;0;1896.32605;14295.58594;0.13265;0.00000;0.16572;0.70435
91;2020;1;15;0;1896.54248;14296.16406;0.13266;0.00000;0.16563;0.70370
91;2020;1;15;0;1896.75867;14296.74219;0.13267;0.00000;0.16554;0.70308
91;2020;1;15;0;1896.97461;14297.32031;0.13268;0.00000;0.16546;0.70250
91;2020;1;15;0;1897.19043;14297.89746;0.13269;0.00000;0.16538;0.70195
91;2020;1;15;0;1897.40601;14298.47363;0.13270;0.00000;0.16531;0.70143
91;2020;1;15;0;1897.62146;14299.05078;0.13271;0.00000;0.16524;0.70094
91;2020;1;15;0;1897.83679;14299.62695;0.13272;0.00000;0.16517;0.70048
91;2020;1;15;0;1898.05176;14300.20215;0.13273;0.00000;0.16511;0.70003
91;2020;1;15;0;1898.26660;14300.77637;0.13274;0.00000;0.16505;0.69961
91;2020;1;15;0;1898.48132;14301.35059;0.13275;0.00000;0.16499;0.69920
91;2020;1;15;0;1898.69592;14301.92383;0.13276;0.00000;0.16494;0.69881
91;2020;1;15;0;1898.91028;14302.49707;0.13277;0.00000;0.16488;0.69844
91;2020;1;16;0;1900.93359;14307.90527;0.13286;0.00000;0.16493;0.69875
91;2020;1;16;0;1902.95557;14313.30566;0.13295;0.00000;0.16498;0.69915
91;2020;1;16;0;1904.97607;14318.69922;0.13304;0.00000;0.16486;0.69830
91;2020;1;16;0;1906.99512;14324.08398;0.13313;0.00000;0.16466;0.69686
91;2020;1;16;0;1909.01270;14329.46191;0.13322;0.00000;0.16452;0.69588
91;2020;1;16;0;1911.02881;14334.83203;0.13331;0.00000;0.16445;0.69539
91;2020;1;16;0;1913.04358;14340.19531;0.13340;0.00000;0.16443;0.69521
91;2020;1;16;0;1915.05688;14345.55078;0.13349;0.00000;0.16444;0.69531
91;2020;1;16;0;1917.06885;14350.89844;0.13359;0.00000;0.16448;0.69562
91;2020;1;16;0;1919.07947;14356.24023;0.13368;0.00000;0.16455;0.69612
91;2020;1;16;0;1921.08875;14361.57422;0.13377;0.00000;0.16465;0.69677
91;2020;1;16;0;1923.09668;14366.90039;0.13386;0.00000;0.16476;0.69755
91;2020;1;16;0;1925.10339;14372.22070;0.13395;0.00000;0.16488;0.69842
91;2020;1;16;0;1927.10876;14377.53320;0.13404;0.00000;0.16501;0.69935
91;2020;1;16;0;1929.11292;14382.83984;0.13413;0.00000;0.16515;0.70031
91;2020;1;16;0;1931.11572;14388.13770;0.13422;0.00000;0.16528;0.70126
91;2020;1;16;0;1933.11719;14393.42969;0.13431;0.00000;0.16541;0.70218
91;2020;1;16;0;1935.11731;14398.71484;0.13440;0.00000;0.16554;0.70308
91;2020;1;16;0;1937.11609;14403.99219;0.13448;0.00000;0.16566;0.70392
91;2020;1;16;0;1939.11365;14409.26367;0.13457;0.00000;0.16577;0.70472
91;2020;1;16;0;1941.10986;14414.52734;0.13466;0.00000;0.16588;0.70546
91;2020;1;16;0;1943.10474;14419.78418;0.13475;0.00000;0.16597;0.70614
91;2020;1;16;0;1945.09827;14425.03418;0.13484;0.00000;0.16606;0.70677
91;2020;1;16;0;1947.09058;14430.27734;0.13493;0.00000;0.16614;0.70734
91;2020;1;16;0;1949.08154;14435.51367;0.13502;0.00000;0.16621;0.70787
91;2020;1;16;0;1951.07117;14440.74219;0.13511;0.00000;0.16628;0.70834
91;2020;1;16;0;1953.05945;14445.96484;0.13520;0.00000;0.16634;0.70876
91;2020;1;16;0;1955.04651;14451.17969;0.13529;0.00000;0.16639;0.70914
91;2020;1;16;0;1957.03223;14456.38965;0.13537;0.00000;0.16644;0.70947
91;2020;1;16;0;1959.01660;14461.58984;0.13546;0.00000;0.16648;0.70975
91;2020;1;16;0;1960.99963;14466.78516;0.13555;0.00000;0.16652;0.71000
91;2020;1;16;0;1962.98132;14471.97363;0.13564;0.00000;0.16655;0.71021
91;2020;1;16;0;1964.96167;14477.15430;0.13573;0.00000;0.16657;0.71039
91;2020;1;16;0;1966.94080;14482.32812;0.13582;0.00000;0.16659;0.71053
91;2020;1;16;0;1968.91846;14487.49609;0.13590;0.00000;0.16660;0.71064
91;2020;1;16;0;1970.89490;14492.65625;0.13599;0.00000;0.16662;0.71072
91;2020;1;16;0;1972.87000;14497.81055;0.13608;0.00000;0.16662;0.71077
91;2020;1;16;0;1974.84363;14502.95703;0.13617;0.00000;0.16663;0.71080
91;2020;1;16;0;1976.81604;14508.09766;0.13626;0.00000;0.16663;0.71081
91;2020;1;16;0;1978.78699;14513.23145;0.13634;0.00000;0.16663;0.71080
91;2020;1;16;0;1980.75671;14518.35742;0.13643;0.00000;0.16662;0.71077
91;2020;1;16;0;1982.72510;14523.47754;0.13652;0.00000;0.16662;0.71073
91;2020;1;16;0;1984.69214;14528.59082;0.13661;0.00000;0.16661;0.71067
91;2020;1;16;0;1986.65784;14533.69727;0.13669;0.00000;0.16660;0.71059
91;2020;1;16;0;1988.62219;14538.79590;0.13678;0.00000;0.16659;0.71051
91;2020;1;16;0;1990.58533;14543.88965;0.13687;0.00000;0.16657;0.71041
91;2020;1;16;0;1992.54712;14548.97656;0.13695;0.00000;0.16656;0.71031
91;2020;1;16;0;1994.50757;14554.05566;0.13704;0.00000;0.16654;0.71020
91;2020;1;17;0;1994.48694;14554.00293;0.13704;0.00000;0.16624;0.70803
91;2020;1;17;0;1994.46582;14553.94824;0.13704;0.00000;0.16549;0.70276
91;2020;1;17;0;1994.44446;14553.89355;0.13704;0.00000;0.16475;0.69747
91;2020;1;17;0;1994.42285;14553.83691;0.13704;0.00000;0.16420;0.69359
91;2020;1;17;0;1994.40100;14553.78027;0.13704;0.00000;0.16371;0.69015
91;2020;1;17;0;1994.37891;14553.72266;0.13704;0.00000;0.16328;0.68714
91;2020;1;17;0;1994.35669;14553.66504;0.13703;0.00000;0.16290;0.68450
91;2020;1;17;0;1994.33423;14553.60645;0.13703;0.00000;0.16254;0.68196
91;2020;1;17;0;1994.31165;14553.54883;0.13703;0.00000;0.16219;0.67956
91;2020;1;17;0;1994.28882;14553.49023;0.13703;0.00000;0.16185;0.67716
91;2020;1;17;0;1994.26587;14553.42969;0.13703;0.00000;0.16151;0.67480
91;2020;1;17;0;1994.24280;14553.37012;0.13703;0.00000;0.16118;0.67248
91;2020;1;17;0;1994.21960;14553.31055;0.13703;0.00000;0.16085;0.67020
91;2020;1;17;0;1994.19617;14553.25000;0.13703;0.00000;0.16053;0.66800
91;2020;1;17;0;1994.17261;14553.18848;0.13703;0.00000;0.16023;0.66587
91;2020;1;17;0;1994.14893;14553.12695;0.13703;0.00000;0.15993;0.66384
91;2020;1;17;0;1994.12512;14553.06543;0.13702;0.00000;0.15965;0.66191
91;2020;1;17;0;1994.10120;14553.00391;0.13702;0.00000;0.15939;0.66009
91;2020;1;17;0;1994.07715;14552.94043;0.13702;0.00000;0.15914;0.65837
91;2020;1;17;0;1994.05310;14552.87891;0.13702;0.00000;0.15891;0.65675
91;2020;1;17;0;1994.02893;14552.81641;0.13702;0.00000;0.15869;0.65524
91;2020;1;17;0;1994.00464;14552.75391;0.13702;0.00000;0.15848;0.65381
91;2020;1;17;0;1993.98022;14552.69043;0.13702;0.00000;0.15828;0.65247
91;2020;1;17;0;1993.95569;14552.62695;0.13702;0.00000;0.15810;0.65122
91;2020;1;17;0;1993.93103;14552.56250;0.13702;0.00000;0.15793;0.65005
91;2020;1;17;0;1993.90637;14552.49805;0.13701;0.00000;0.15777;0.64896
91;2020;1;17;0;1993.88159;14552.43457;0.13701;0.00000;0.15762;0.64793
91;2020;1;17;0;1993.85693;14552.37012;0.13701;0.00000;0.15748;0.64697
91;2020;1;17;0;1993.83215;14552.30664;0.13701;0.00000;0.15735;0.64608
91;2020;1;17;0;1993.80737;14552.24219;0.13701;0.00000;0.15723;0.64524
91;2020;1;17;0;1993.78247;14552.17773;0.13701;0.00000;0.15712;0.64446
91;2020;1;17;0;1993.75757;14552.11328;0.13701;0.00000;0.15701;0.64373
91;2020;1;17;0;1993.73254;14552.04883;0.13701;0.00000;0.15691;0.64305
91;2020;1;17;0;1993.70752;14551.98438;0.13701;0.00000;0.15682;0.64242
91;2020;1;17;0;1993.68250;14551.91797;0.13700;0.00000;0.15673;0.64182
91;2020;1;17;0;1993.65747;14551.85352;0.13700;0.00000;0.15665;0.64126
91;2020;1;17;0;1993.63245;14551.78906;0.13700;0.00000;0.15657;0.64074
91;2020;1;17;0;1993.60730;14551.72363;0.13700;0.00000;0.15650;0.64024
91;2020;1;17;0;1993.58215;14551.65820;0.13700;0.00000;0.15643;0.63978
91;2020;1;17;0;1993.55701;14551.59375;0.13700;0.00000;0.15636;0.63934
91;2020;1;17;0;1993.53186;14551.52832;0.13700;0.00000;0.15630;0.63893
91;2020;1;17;0;1993.50659;14551.46289;0.13700;0.00000;0.15625;0.63853
91;2020;1;17;0;1993.48145;14551.39746;0.13700;0.00000;0.15619;0.63816
91;2020;1;17;0;1993.45630;14551.33301;0.13699;0.00000;0.15614;0.63780
91;2020;1;17;0;1993.43115;14551.26758;0.13699;0.00000;0.15609;0.63746
91;2020;1;17;0;1993.40601;14551.20215;0.13699;0.00000;0.15604;0.63714
91;2020;1;17;0;1993.38074;14551.13672;0.13699;0.00000;0.15599;0.63682
91;2020;1;17;0;1993.35547;14551.07129;0.13699;0.00000;0.15595;0.63652
91;2020;1;18;0;1995.89355;14557.64551;0.13710;0.00000;0.15604;0.63712
91;2020;1;18;0;1998.43005;14564.20996;0.13722;0.00000;0.15623;0.63840
91;2020;1;18;0;2000.96484;14570.76562;0.13733;0.00000;0.15632;0.63907
91;2020;1;18;0;2003.49805;14577.31055;0.13744;0.00000;0.15634;0.63917
91;2020;1;18;0;2006.02954;14583.84668;0.13755;0.00000;0.15636;0.63928
91;2020;1;18;0;2008.55933;14590.37207;0.13766;0.00000;0.15639;0.63950
91;2020;1;18;0;2011.08752;14596.88867;0.13778;0.00000;0.15643;0.63978
91;2020;1;18;0;2013.61414;14603.39551;0.13789;0.00000;0.15649;0.64019
91;2020;1;18;0;2016.13892;14609.89355;0.13800;0.00000;0.15656;0.64068
91;2020;1;18;0;2018.66211;14616.38086;0.13811;0.00000;0.15665;0.64131
91;2020;1;18;0;2021.18372;14622.86035;0.13822;0.00000;0.15676;0.64205
91;2020;1;18;0;2023.70361;14629.32910;0.13833;0.00000;0.15689;0.64289
91;2020;1;18;0;2026.22192;14635.78809;0.13844;0.00000;0.15702;0.64381
91;2020;1;18;0;2028.73877;14642.23926;0.13855;0.00000;0.15716;0.64478
91;2020;1;18;0;2031.25403;14648.68164;0.13866;0.00000;0.15731;0.64577
91;2020;1;18;0;2033.76758;14655.11328;0.13878;0.00000;0.15745;0.64676
91;2020;1;18;0;2036.27954;14661.53613;0.13889;0.00000;0.15759;0.64773
91;2020;1;18;0;2038.78992;14667.95020;0.13900;0.00000;0.15773;0.64866
91;2020;1;18;0;2041.29871;14674.35449;0.13911;0.00000;0.15786;0.64956
91;2020;1;18;0;2043.80591;14680.75000;0.13922;0.00000;0.15798;0.65040
91;2020;1;18;0;2046.31152;14687.13672;0.13933;0.00000;0.15810;0.65120
91;2020;1;18;0;2048.81543;14693.51367;0.13944;0.00000;0.15821;0.65194
91;2020;1;18;0;2051.31787;14699.88184;0.13955;0.00000;0.15831;0.65262
91;2020;1;18;0;2053.81860;14706.24121;0.13966;0.00000;0.15840;0.65326
91;2020;1;18;0;2056.31787;14712.59082;0.13977;0.00000;0.15848;0.65384
91;2020;1;18;0;2058.81543;14718.93164;0.13988;0.00000;0.15856;0.65438
91;2020;1;18;0;2061.31152;14725.26367;0.13998;0.00000;0.15863;0.65486
91;2020;1;18;0;2063.80591;14731.58691;0.14009;0.00000;0.15869;0.65530
91;2020;1;18;0;2066.29883;14737.90137;0.14020;0.00000;0.15875;0.65569
91;2020;1;18;0;2068.79004;14744.20605;0.14031;0.00000;0.15880;0.65603
91;2020;1;18;0;2071.27954;14750.50195;0.14042;0.00000;0.15885;0.65634
91;2020;1;18;0;2073.76733;14756.78809;0.14053;0.00000;0.15888;0.65660
91;2020;1;18;0;2076.25366;14763.06641;0.14064;0.00000;0.15892;0.65683
91;2020;1;18;0;2078.73853;14769.33594;0.14075;0.00000;0.15894;0.65702
91;2020;1;18;0;2081.22168;14775.59668;0.14086;0.00000;0.15897;0.65718
91;2020;1;18;0;2083.70337;14781.84863;0.14096;0.00000;0.15899;0.65731
91;2020;1;18;0;2086.18311;14788.08984;0.14107;0.00000;0.15900;0.65740
91;2020;1;18;0;2088.66138;14794.32422;0.14118;0.00000;0.15901;0.65748
91;2020;1;18;0;2091.13818;14800.54883;0.14129;0.00000;0.15902;0.65752
91;2020;1;18;0;2093.61328;14806.76562;0.14140;0.00000;0.15902;0.65755
91;2020;1;18;0;2096.08667;14812.97266;0.14150;0.00000;0.15902;0.65756
91;2020;1;18;0;2098.55859;14819.17188;0.14161;0.00000;0.15902;0.65754
91;2020;1;18;0;2101.02881;14825.36133;0.14172;0.00000;0.15902;0.65751
91;2020;1;18;0;2103.49756;14831.54297;0.14183;0.00000;0.15901;0.65747
91;2020;1;18;0;2105.96460;14837.71582;0.14193;0.00000;0.15900;0.65741
91;2020;1;18;0;2108.42993;14843.87891;0.14204;0.00000;0.15899;0.65734
91;2020;1;18;0;2110.89380;14850.03418;0.14215;0.00000;0.15898;0.65727
91;2020;1;18;0;2113.35620;14856.18164;0.14225;0.00000;0.15897;0.65718
91;2020;1;19;0;2113.35010;14856.16602;0.14225;0.00000;0.15870;0.65535
91;2020;1;19;0;2113.34375;14856.14941;0.14225;0.00000;0.15811;0.65127
91;2020;1;19;0;2113.33716;14856.13379;0.14225;0.00000;0.15756;0.64753
91;2020;1;19;0;2113.33032;14856.11719;0.14225;0.00000;0.15717;0.64485
91;2020;1;19;0;2113.32324;14856.09961;0.14225;0.00000;0.15679;0.64222
91;2020;1;19;0;2113.31592;14856.08008;0.14225;0.00000;0.15643;0.63977
91;2020;1;19;0;2113.30859;14856.06250;0.14225;0.00000;0.15612;0.63766
91;2020;1;19;0;2113.30103;14856.04297;0.14225;0.00000;0.15582;0.63567
91;2020;1;19;0;2113.29321;14856.02441;0.14225;0.00000;0.15556;0.63384
91;2020;1;19;0;2113.28540;14856.00488;0.14225;0.00000;0.15529;0.63204
91;2020;1;19;0;2113.27734;14855.98438;0.14225;0.00000;0.15503;0.63030
91;2020;1;19;0;2113.26929;14855.96484;0.14225;0.00000;0.15478;0.62858
91;2020;1;19;0;2113.26099;14855.94434;0.14225;0.00000;0.15453;0.62687
91;2020;1;19;0;2113.25293;14855.92383;0.14225;0.00000;0.15428;0.62518
91;2020;1;19;0;2113.24463;14855.90332;0.14225;0.00000;0.15403;0.62352
91;2020;1;19;0;2113.23633;14855.88184;0.14225;0.00000;0.15379;0.62191
91;2020;1;19;0;2113.22778;14855.86035;0.14225;0.00000;0.15356;0.62033
91;2020;1;19;0;2113.21924;14855.83887;0.14225;0.00000;0.15333;0.61880
91;2020;1;19;0;2113.21045;14855.81738;0.14225;0.00000;0.15311;0.61732
91;2020;1;19;0;2113.20166;14855.79492;0.14225;0.00000;0.15290;0.61591
91;2020;1;19;0;2113.19263;14855.77246;0.14225;0.00000;0.15270;0.61455
91;2020;1;19;0;2113.18359;14855.75000;0.14225;0.00000;0.15250;0.61325
91;2020;1;19;0;2113.17456;14855.72754;0.14225;0.00000;0.15232;0.61202
91;2020;1;19;0;2113.16528;14855.70410;0.14225;0.00000;0.15215;0.61084
91;2020;1;19;0;2113.15601;14855.68164;0.14225;0.00000;0.15198;0.60973
91;2020;1;19;0;2113.14673;14855.65820;0.14225;0.00000;0.15182;0.60868
91;2020;1;19;0;2113.13721;14855.63477;0.14224;0.00000;0.15167;0.60768
91;2020;1;19;0;2113.12769;14855.61133;0.14224;0.00000;0.15153;0.60674
91;2020;1;19;0;2113.11816;14855.58789;0.14224;0.00000;0.15140;0.60586
91;2020;1;19;0;2113.10840;14855.56348;0.14224;0.00000;0.15127;0.60503
91;2020;1;19;0;2113.09863;14855.53809;0.14224;0.00000;0.15116;0.60425
91;2020;1;19;0;2113.08887;14855.51367;0.14224;0.00000;0.15105;0.60352
91;2020;1;19;0;2113.07910;14855.48926;0.14224;0.00000;0.15094;0.60284
91;2020;1;19;0;2113.06909;14855.46484;0.14224;0.00000;0.15085;0.60219
91;2020;1;19;0;2113.05908;14855.43945;0.14224;0.00000;0.15076;0.60159
91;2020;1;19;0;2113.04907;14855.41406;0.14224;0.00000;0.15067;0.60102
91;2020;1;19;0;2113.03906;14855.39062;0.14224;0.00000;0.15059;0.60048
91;2020;1;19;0;2113.02905;14855.36523;0.14224;0.00000;0.15052;0.59998
91;2020;1;19;0;2113.01904;14855.33984;0.14224;0.00000;0.15044;0.59950
91;2020;1;19;0;2113.00879;14855.31445;0.14224;0.00000;0.15038;0.59905
91;2020;1;19;0;2112.99854;14855.28809;0.14224;0.00000;0.15031;0.59863
91;2020;1;19;0;2112.98828;14855.26270;0.14224;0.00000;0.15025;0.59822
91;2020;1;19;0;2112.97803;14855.23730;0.14224;0.00000;0.15019;0.59784
91;2020;1;19;0;2112.96777;14855.21191;0.14224;0.00000;0.15014;0.59747
91;2020;1;19;0;2112.95752;14855.18652;0.14224;0.00000;0.15009;0.59712
91;2020;1;19;0;2112.94727;14855.16113;0.14224;0.00000;0.15003;0.59679
91;2020;1;19;0;2112.93701;14855.13477;0.14224;0.00000;0.14999;0.59646
91;2020;1;19;0;2112.92676;14855.10938;0.14224;0.00000;0.14994;0.59615
91;2020;1;20;0;2115.20020;14860.78125;0.14233;0.00000;0.15006;0.59693
91;2020;1;20;0;2117.47241;14866.44629;0.14243;0.00000;0.15035;0.59889
91;2020;1;20;0;2119.74316;14872.10352;0.14253;0.00000;0.15059;0.60049
91;2020;1;20;0;2122.01245;14877.75293;0.14263;0.00000;0.15073;0.60143
91;2020;1;20;0;2124.28027;14883.39551;0.14273;0.00000;0.15085;0.60223
91;2020;1;20;0;2126.54663;14889.03125;0.14283;0.00000;0.15098;0.60305
91;2020;1;20;0;2128.81201;14894.65918;0.14292;0.00000;0.15110;0.60390
91;2020;1;20;0;2131.07593;14900.28027;0.14302;0.00000;0.15125;0.60487
91;2020;1;20;0;2133.33838;14905.89355;0.14312;0.00000;0.15141;0.60594
91;2020;1;20;0;2135.59937;14911.50000;0.14322;0.00000;0.15159;0.60715
91;2020;1;20;0;2137.85913;14917.09863;0.14332;0.00000;0.15179;0.60849
91;2020;1;20;0;2140.11743;14922.69043;0.14341;0.00000;0.15201;0.60992
91;2020;1;20;0;2142.37451;14928.27441;0.14351;0.00000;0.15223;0.61140
91;2020;1;20;0;2144.63013;14933.85254;0.14361;0.00000;0.15245;0.61290
91;2020;1;20;0;2146.88452;14939.42285;0.14371;0.00000;0.15267;0.61438
91;2020;1;20;0;2149.13770;14944.98730;0.14380;0.00000;0.15289;0.61582
91;2020;1;20;0;2151.38940;14950.54297;0.14390;0.00000;0.15309;0.61718
91;2020;1;20;0;2153.63989;14956.09277;0.14400;0.00000;0.15328;0.61846
91;2020;1;20;0;2155.88892;14961.63574;0.14409;0.00000;0.15346;0.61965
91;2020;1;20;0;2158.13647;14967.17090;0.14419;0.00000;0.15362;0.62075
91;2020;1;20;0;2160.38281;14972.69922;0.14429;0.00000;0.15377;0.62175
91;2020;1;20;0;2162.62769;14978.21973;0.14438;0.00000;0.15391;0.62267
91;2020;1;20;0;2164.87109;14983.73438;0.14448;0.00000;0.15403;0.62350
91;2020;1;20;0;2167.11353;14989.24219;0.14458;0.00000;0.15414;0.62425
91;2020;1;20;0;2169.35449;14994.74219;0.14467;0.00000;0.15424;0.62492
91;2020;1;20;0;2171.59375;15000.23438;0.14477;0.00000;0.15433;0.62553
91;2020;1;20;0;2173.83179;15005.71973;0.14487;0.00000;0.15441;0.62607
91;2020;1;20;0;2176.06836;15011.19922;0.14496;0.00000;0.15448;0.62655
91;2020;1;20;0;2178.30371;15016.67090;0.14506;0.00000;0.15454;0.62697
91;2020;1;20;0;2180.53760;15022.13574;0.14516;0.00000;0.15460;0.62735
91;2020;1;20;0;2182.77002;15027.59277;0.14525;0.00000;0.15465;0.62767
91;2020;1;20;0;2185.00122;15033.04492;0.14535;0.00000;0.15469;0.62794
91;2020;1;20;0;2187.23096;15038.48828;0.14544;0.00000;0.15472;0.62818
91;2020;1;20;0;2189.45947;15043.92578;0.14554;0.00000;0.15475;0.62837
91;2020;1;20;0;2191.68652;15049.35547;0.14563;0.00000;0.15477;0.62853
91;2020;1;20;0;2193.91187;15054.77832;0.14573;0.00000;0.15479;0.62866
91;2020;1;20;0;2196.13599;15060.19434;0.14582;0.00000;0.15481;0.62875
91;2020;1;20;0;2198.35864;15065.60352;0.14592;0.00000;0.15482;0.62882
91;2020;1;20;0;2200.58008;15071.00488;0.14601;0.00000;0.15482;0.62886
91;2020;1;20;0;2202.80005;15076.40039;0.14611;0.00000;0.15483;0.62889
91;2020;1;20;0;2205.01855;15081.78906;0.14620;0.00000;0.15483;0.62888
91;2020;1;20;0;2207.23560;15087.16992;0.14630;0.00000;0.15482;0.62887
91;2020;1;20;0;2209.45142;15092.54492;0.14639;0.00000;0.15482;0.62883
91;2020;1;20;0;2211.66577;15097.91309;0.14649;0.00000;0.15481;0.62878
91;2020;1;20;0;2213.87891;15103.27344;0.14658;0.00000;0.15480;0.62871
91;2020;1;20;0;2216.09033;15108.62793;0.14668;0.00000;0.15479;0.62864
91;2020;1;20;0;2218.30054;15113.97461;0.14677;0.00000;0.15478;0.62855
91;2020;1;20;0;2220.50928;15119.31543;0.14687;0.00000;0.15476;0.62845
91;2020;1;21;0;2220.22681;15118.63184;0.14685;0.00000;0.15449;0.62664
91;2020;1;21;0;2219.94434;15117.94922;0.14684;0.00000;0.15390;0.62261
91;2020;1;21;0;2219.66162;15117.26660;0.14683;0.00000;0.15335;0.61894
91;2020;1;21;0;2219.37891;15116.58301;0.14682;0.00000;0.15297;0.61635
91;2020;1;21;0;2219.09619;15115.89941;0.14681;0.00000;0.15258;0.61378
91;2020;1;21;0;2218.81348;15115.21484;0.14679;0.00000;0.15221;0.61127
91;2020;1;21;0;2218.53076;15114.53125;0.14678;0.00000;0.15186;0.60896
91;2020;1;21;0;2218.24805;15113.84766;0.14677;0.00000;0.15152;0.60667
91;2020;1;21;0;2217.96533;15113.16406;0.14676;0.00000;0.15118;0.60442
91;2020;1;21;0;2217.68262;15112.48047;0.14675;0.00000;0.15084;0.60214
91;2020;1;21;0;2217.39990;15111.79590;0.14673;0.00000;0.15050;0.59985
91;2020;1;21;0;2217.11719;15111.11230;0.14672;0.00000;0.15015;0.59756
91;2020;1;21;0;2216.83447;15110.42871;0.14671;0.00000;0.14981;0.59529
91;2020;1;21;0;2216.55176;15109.74414;0.14670;0.00000;0.14947;0.59306
91;2020;1;21;0;2216.26904;15109.06055;0.14668;0.00000;0.14914;0.59089
91;2020;1;21;0;2215.98633;15108.37598;0.14667;0.00000;0.14883;0.58881
91;2020;1;21;0;2215.70361;15107.69141;0.14666;0.00000;0.14852;0.58681
91;2020;1;21;0;2215.42090;15107.00781;0.14665;0.00000;0.14824;0.58491
91;2020;1;21;0;2215.13818;15106.32324;0.14664;0.00000;0.14796;0.58311
91;2020;1;21;0;2214.85547;15105.63867;0.14662;0.00000;0.14770;0.58141
91;2020;1;21;0;2214.57300;15104.95410;0.14661;0.00000;0.14746;0.57981
91;2020;1;21;0;2214.29053;15104.27051;0.14660;0.00000;0.14723;0.57830
91;2020;1;21;0;2214.00806;15103.58691;0.14659;0.00000;0.14701;0.57688
91;2020;1;21;0;2213.72583;15102.90332;0.14658;0.00000;0.14681;0.57555
91;2020;1;21;0;2213.44360;15102.21973;0.14656;0.00000;0.14662;0.57430
91;2020;1;21;0;2213.16138;15101.53613;0.14655;0.00000;0.14644;0.57313
91;2020;1;21;0;2212.87939;15100.85254;0.14654;0.00000;0.14627;0.57203
91;2020;1;21;0;2212.59741;15100.16992;0.14653;0.00000;0.14611;0.57101
91;2020;1;21;0;2212.31543;15099.48730;0.14652;0.00000;0.14597;0.57005
91;2020;1;21;0;2212.03369;15098.80371;0.14650;0.00000;0.14583;0.56916
91;2020;1;21;0;2211.75195;15098.12109;0.14649;0.00000;0.14570;0.56832
91;2020;1;21;0;2211.47046;15097.43945;0.14648;0.00000;0.14558;0.56754
91;2020;1;21;0;2211.18896;15096.75781;0.14647;0.00000;0.14547;0.56681
91;2020;1;21;0;2210.90771;15096.07520;0.14646;0.00000;0.14536;0.56613
91;2020;1;21;0;2210.62671;15095.39453;0.14644;0.00000;0.14526;0.56549
91;2020;1;21;0;2210.34546;15094.71289;0.14643;0.00000;0.14517;0.56489
91;2020;1;21;0;2210.06445;15094.03125;0.14642;0.00000;0.14508;0.56433
91;2020;1;21;0;2209.78369;15093.35059;0.14641;0.00000;0.14500;0.56380
91;2020;1;21;0;2209.50293;15092.66992;0.14640;0.00000;0.14493;0.56330
91;2020;1;21;0;2209.22241;15091.98926;0.14638;0.00000;0.14485;0.56283
91;2020;1;21;0;2208.94214;15091.30957;0.14637;0.00000;0.14478;0.56239
91;2020;1;21;0;2208.66187;15090.63086;0.14636;0.00000;0.14472;0.56197
91;2020;1;21;0;2208.38184;15089.95117;0.14635;0.00000;0.14466;0.56157
91;2020;1;21;0;2208.10181;15089.27246;0.14634;0.00000;0.14460;0.56119
91;2020;1;21;0;2207.82202;15088.59277;0.14632;0.00000;0.14454;0.56082
91;2020;1;21;0;2207.54224;15087.91406;0.14631;0.00000;0.14449;0.56048
91;2020;1;21;0;2207.26270;15087.23535;0.14630;0.00000;0.14444;0.56014
91;2020;1;21;0;2206.98340;15086.55859;0.14629;0.00000;0.14439;0.55982
91;2020;1;22;0;2208.76929;15090.89062;0.14636;0.00000;0.14448;0.56042
91;2020;1;22;0;2210.55420;15095.21875;0.14644;0.00000;0.14471;0.56191
91;2020;1;22;0;2212.33813;15099.54199;0.14652;0.00000;0.14488;0.56300
91;2020;1;22;0;2214.12109;15103.86035;0.14659;0.00000;0.14497;0.56359
91;2020;1;22;0;2215.90308;15108.17383;0.14667;0.00000;0.14506;0.56420
91;2020;1;22;0;2217.68384;15112.48242;0.14675;0.00000;0.14517;0.56487
91;2020;1;22;0;2219.46362;15116.78809;0.14682;0.00000;0.14527;0.56554
91;2020;1;22;0;2221.24219;15121.08691;0.14690;0.00000;0.14538;0.56626
91;2020;1;22;0;2223.01978;15125.38086;0.14697;0.00000;0.14550;0.56702
91;2020;1;22;0;2224.79639;15129.67090;0.14705;0.00000;0.14563;0.56785
91;2020;1;22;0;2226.57178;15133.95508;0.14712;0.00000;0.14576;0.56874
91;2020;1;22;0;2228.34619;15138.23633;0.14720;0.00000;0.14591;0.56969
91;2020;1;22;0;2230.11963;15142.51172;0.14728;0.00000;0.14606;0.57069
91;2020;1;22;0;2231.89209;15146.78320;0.14735;0.00000;0.14622;0.57171
91;2020;1;22;0;2233.66357;15151.04980;0.14743;0.00000;0.14638;0.57274
91;2020;1;22;0;2235.43384;15155.31055;0.14750;0.00000;0.14653;0.57376
91;2020;1;22;0;2237.20312;15159.56738;0.14758;0.00000;0.14669;0.57476
91;2020;1;22;0;2238.97144;15163.81934;0.14765;0.00000;0.14683;0.57572
91;2020;1;22;0;2240.73853;15168.06738;0.14773;0.00000;0.14697;0.57663
91;2020;1;22;0;2242.50488;15172.31055;0.14780;0.00000;0.14710;0.57749
91;2020;1;22;0;2244.27026;15176.54883;0.14788;0.00000;0.14723;0.57829
91;2020;1;22;0;2246.03442;15180.78320;0.14795;0.00000;0.14734;0.57904
91;2020;1;22;0;2247.79761;15185.01270;0.14803;0.00000;0.14745;0.57973
91;2020;1;22;0;2249.55981;15189.23730;0.14810;0.00000;0.14754;0.58037
91;2020;1;22;0;2251.32080;15193.45703;0.14818;0.00000;0.14763;0.58095
91;2020;1;22;0;2253.08081;15197.67285;0.14825;0.00000;0.14771;0.58148
91;2020;1;22;0;2254.83984;15201.88281;0.14833;0.00000;0.14779;0.58196
91;2020;1;22;0;2256.59766;15206.08887;0.14840;0.00000;0.14785;0.58239
91;2020;1;22;0;2258.35449;15210.29102;0.14848;0.00000;0.14791;0.58277
91;2020;1;22;0;2260.11035;15214.48730;0.14855;0.00000;0.14796;0.58311
91;2020;1;22;0;2261.86499;15218.67969;0.14862;0.00000;0.14801;0.58340
91;2020;1;22;0;2263.61865;15222.86621;0.14870;0.00000;0.14804;0.58365
91;2020;1;22;0;2265.37134;15227.04980;0.14877;0.00000;0.14808;0.58387
91;2020;1;22;0;2267.12305;15231.22852;0.14885;0.00000;0.14810;0.58405
91;2020;1;22;0;2268.87329;15235.40137;0.14892;0.00000;0.14813;0.58420
91;2020;1;22;0;2270.62256;15239.57031;0.14900;0.00000;0.14814;0.58431
91;2020;1;22;0;2272.37085;15243.73438;0.14907;0.00000;0.14816;0.58440
91;2020;1;22;0;2274.11792;15247.89355;0.14914;0.00000;0.14817;0.58446
91;2020;1;22;0;2275.86401;15252.04883;0.14922;0.00000;0.14817;0.58449
91;2020;1;22;0;2277.60913;15256.19922;0.14929;0.00000;0.14817;0.58450
91;2020;1;22;0;2279.35327;15260.34473;0.14936;0.00000;0.14817;0.58450
91;2020;1;22;0;2281.09595;15264.48633;0.14944;0.00000;0.14817;0.58447
91;2020;1;22;0;2282.83765;15268.62207;0.14951;0.00000;0.14816;0.58443
91;2020;1;22;0;2284.57837;15272.75488;0.14959;0.00000;0.14815;0.58437
91;2020;1;22;0;2286.31812;15276.88184;0.14966;0.00000;0.14814;0.58430
91;2020;1;22;0;2288.05664;15281.00391;0.14973;0.00000;0.14813;0.58422
91;2020;1;22;0;2289.79395;15285.12207;0.14981;0.00000;0.14812;0.58412
91;2020;1;22;0;2291.53027;15289.23535;0.14988;0.00000;0.14810;0.58402
91;2020;1;23;0;2290.83350;15287.58496;0.14985;0.00000;0.14784;0.58231
91;2020;1;23;0;2290.13696;15285.93457;0.14982;0.00000;0.14727;0.57855
91;2020;1;23;0;2289.44043;15284.28418;0.14979;0.00000;0.14674;0.57513
91;2020;1;23;0;2288.74414;15282.63477;0.14976;0.00000;0.14637;0.57269
91;2020;1;23;0;2288.04810;15280.98438;0.14973;0.00000;0.14600;0.57025
91;2020;1;23;0;2287.35205;15279.33301;0.14970;0.00000;0.14564;0.56792
91;2020;1;23;0;2286.65649;15277.68457;0.14967;0.00000;0.14532;0.56585
91;2020;1;23;0;2285.96118;15276.03516;0.14964;0.00000;0.14502;0.56390
91;2020;1;23;0;2285.26611;15274.38574;0.14961;0.00000;0.14474;0.56210
91;2020;1;23;0;2284.57129;15272.73730;0.14958;0.00000;0.14447;0.56033
91;2020;1;23;0;2283.87695;15271.08887;0.14956;0.00000;0.14420;0.55860
91;2020;1;23;0;2283.18262;15269.44141;0.14953;0.00000;0.14393;0.55688
91;2020;1;23;0;2282.48877;15267.79395;0.14950;0.00000;0.14367;0.55517
91;2020;1;23;0;2281.79517;15266.14648;0.14947;0.00000;0.14340;0.55347
91;2020;1;23;0;2281.10181;15264.50000;0.14944;0.00000;0.14314;0.55180
91;2020;1;23;0;2280.40869;15262.85254;0.14941;0.00000;0.14289;0.55015
91;2020;1;23;0;2279.71606;15261.20801;0.14938;0.00000;0.14263;0.54854
91;2020;1;23;0;2279.02368;15259.56250;0.14935;0.00000;0.14239;0.54698
91;2020;1;23;0;2278.33154;15257.91699;0.14932;0.00000;0.14215;0.54547
91;2020;1;23;0;2277.63965;15256.27148;0.14929;0.00000;0.14193;0.54401
91;2020;1;23;0;2276.94824;15254.62793;0.14926;0.00000;0.14171;0.54262
91;2020;1;23;0;2276.25708;15252.98340;0.14923;0.00000;0.14150;0.54129
91;2020;1;23;0;2275.56616;15251.33984;0.14920;0.00000;0.14130;0.54002
91;2020;1;23;0;2274.87573;15249.69727;0.14918;0.00000;0.14111;0.53881
91;2020;1;23;0;2274.18555;15248.05469;0.14915;0.00000;0.14093;0.53767
91;2020;1;23;0;2273.49561;15246.41211;0.14912;0.00000;0.14076;0.53659
91;2020;1;23;0;2272.80615;15244.77148;0.14909;0.00000;0.14060;0.53557
91;2020;1;23;0;2272.11694;15243.12988;0.14906;0.00000;0.14045;0.53461
91;2020;1;23;0;2271.42798;15241.48926;0.14903;0.00000;0.14031;0.53371
91;2020;1;23;0;2270.73950;15239.84863;0.14900;0.00000;0.14017;0.53286
91;2020;1;23;0;2270.05127;15238.20898;0.14897;0.00000;0.14005;0.53207
91;2020;1;23;0;2269.36353;15236.57031;0.14894;0.00000;0.13993;0.53132
91;2020;1;23;0;2268.67627;15234.93164;0.14891;0.00000;0.13982;0.53062
91;2020;1;23;0;2267.98926;15233.29395;0.14888;0.00000;0.13972;0.52996
91;2020;1;23;0;2267.30249;15231.65625;0.14885;0.00000;0.13962;0.52934
91;2020;1;23;0;2266.61621;15230.01953;0.14883;0.00000;0.13953;0.52876
91;2020;1;23;0;2265.93018;15228.38281;0.14880;0.00000;0.13944;0.52821
91;2020;1;23;0;2265.24463;15226.74707;0.14877;0.00000;0.13936;0.52770
91;2020;1;23;0;2264.55957;15225.11230;0.14874;0.00000;0.13928;0.52721
91;2020;1;23;0;2263.87476;15223.47852;0.14871;0.00000;0.13921;0.52675
91;2020;1;23;0;2263.19043;15221.84375;0.14868;0.00000;0.13914;0.52632
91;2020;1;23;0;2262.50659;15220.21191;0.14865;0.00000;0.13907;0.52590
91;2020;1;23;0;2261.82324;15218.57910;0.14862;0.00000;0.13901;0.52551
91;2020;1;23;0;2261.14014;15216.94824;0.14859;0.00000;0.13895;0.52514
91;2020;1;23;0;2260.45728;15215.31641;0.14856;0.00000;0.13889;0.52478
91;2020;1;23;0;2259.77490;15213.68555;0.14854;0.00000;0.13884;0.52443
91;2020;1;23;0;2259.09277;15212.05566;0.14851;0.00000;0.13879;0.52410
91;2020;1;23;0;2258.41113;15210.42578;0.14848;0.00000;0.13874;0.52379
91;2020;1;24;0;2260.16626;15214.62109;0.14855;0.00000;0.13883;0.52435
91;2020;1;24;0;2261.92041;15218.81152;0.14863;0.00000;0.13904;0.52570
91;2020;1;24;0;2263.67358;15222.99707;0.14870;0.00000;0.13920;0.52668
91;2020;1;24;0;2265.42578;15227.17969;0.14878;0.00000;0.13929;0.52726
91;2020;1;24;0;2267.17676;15231.35645;0.14885;0.00000;0.13938;0.52782
91;2020;1;24;0;2268.92676;15235.52930;0.14892;0.00000;0.13948;0.52849
91;2020;1;24;0;2270.67578;15239.69629;0.14900;0.00000;0.13959;0.52918
91;2020;1;24;0;2272.42383;15243.86035;0.14907;0.00000;0.13972;0.52996
91;2020;1;24;0;2274.17065;15248.01855;0.14915;0.00000;0.13985;0.53080
91;2020;1;24;0;2275.91650;15252.17285;0.14922;0.00000;0.13999;0.53172
91;2020;1;24;0;2277.66162;15256.32324;0.14929;0.00000;0.14015;0.53273
91;2020;1;24;0;2279.40576;15260.47070;0.14937;0.00000;0.14032;0.53380
91;2020;1;24;0;2281.14868;15264.61133;0.14944;0.00000;0.14050;0.53492
91;2020;1;24;0;2282.89062;15268.74805;0.14951;0.00000;0.14068;0.53606
91;2020;1;24;0;2284.63159;15272.88086;0.14959;0.00000;0.14086;0.53721
91;2020;1;24;0;2286.37183;15277.00879;0.14966;0.00000;0.14104;0.53834
91;2020;1;24;0;2288.11084;15281.13281;0.14973;0.00000;0.14121;0.53943
91;2020;1;24;0;2289.84888;15285.25293;0.14981;0.00000;0.14137;0.54047
91;2020;1;24;0;2291.58594;15289.36719;0.14988;0.00000;0.14152;0.54145
91;2020;1;24;0;2293.32202;15293.47754;0.14995;0.00000;0.14167;0.54236
91;2020;1;24;0;2295.05713;15297.58398;0.15003;0.00000;0.14180;0.54320
91;2020;1;24;0;2296.79126;15301.68750;0.15010;0.00000;0.14192;0.54398
91;2020;1;24;0;2298.52441;15305.78418;0.15017;0.00000;0.14203;0.54469
91;2020;1;24;0;2300.25659;15309.87793;0.15025;0.00000;0.14213;0.54533
91;2020;1;24;0;2301.98779;15313.96680;0.15032;0.00000;0.14222;0.54591
91;2020;1;24;0;2303.71777;15318.05176;0.15039;0.00000;0.14231;0.54644
91;2020;1;24;0;2305.44678;15322.13184;0.15047;0.00000;0.14238;0.54691
91;2020;1;24;0;2307.17480;15326.20703;0.15054;0.00000;0.14245;0.54734
91;2020;1;24;0;2308.90186;15330.27930;0.15061;0.00000;0.14250;0.54771
91;2020;1;24;0;2310.62793;15334.34668;0.15068;0.00000;0.14256;0.54804
91;2020;1;24;0;2312.35303;15338.40918;0.15076;0.00000;0.14260;0.54832
91;2020;1;24;0;2314.07690;15342.46777;0.15083;0.00000;0.14264;0.54857
91;2020;1;24;0;2315.79980;15346.52148;0.15090;0.00000;0.14267;0.54878
91;2020;1;24;0;2317.52148;15350.57031;0.15097;0.00000;0.14270;0.54895
91;2020;1;24;0;2319.24219;15354.61523;0.15105;0.00000;0.14272;0.54910
91;2020;1;24;0;2320.96191;15358.65625;0.15112;0.00000;0.14274;0.54921
91;2020;1;24;0;2322.68066;15362.69238;0.15119;0.00000;0.14275;0.54930
91;2020;1;24;0;2324.39844;15366.72559;0.15126;0.00000;0.14276;0.54936
91;2020;1;24;0;2326.11499;15370.75195;0.15133;0.00000;0.14277;0.54940
91;2020;1;24;0;2327.83057;15374.77539;0.15141;0.00000;0.14277;0.54942
91;2020;1;24;0;2329.54492;15378.79395;0.15148;0.00000;0.14277;0.54942
91;2020;1;24;0;2331.25830;15382.80762;0.15155;0.00000;0.14277;0.54940
91;2020;1;24;0;2332.97070;15386.81836;0.15162;0.00000;0.14276;0.54937
91;2020;1;24;0;2334.68213;15390.82422;0.15169;0.00000;0.14276;0.54932
91;2020;1;24;0;2336.39258;15394.82617;0.15176;0.00000;0.14275;0.54926
91;2020;1;24;0;2338.10205;15398.82324;0.15184;0.00000;0.14274;0.54919
91;2020;1;24;0;2339.81030;15402.81641;0.15191;0.00000;0.14272;0.54911
91;2020;1;24;0;2341.51758;15406.80566;0.15198;0.00000;0.14271;0.54902
91;2020;1;25;0;2340.75000;15405.01172;0.15195;0.00000;0.14247;0.54752
91;2020;1;25;0;2339.98267;15403.21875;0.15192;0.00000;0.14197;0.54430
91;2020;1;25;0;2339.21558;15401.42676;0.15188;0.00000;0.14152;0.54141
91;2020;1;25;0;2338.44873;15399.63379;0.15185;0.00000;0.14119;0.53932
91;2020;1;25;0;2337.68237;15397.84180;0.15182;0.00000;0.14085;0.53715
91;2020;1;25;0;2336.91626;15396.05078;0.15179;0.00000;0.14050;0.53493
91;2020;1;25;0;2336.15015;15394.25879;0.15175;0.00000;0.14018;0.53287
91;2020;1;25;0;2335.38452;15392.46777;0.15172;0.00000;0.13986;0.53085
91;2020;1;25;0;2334.61914;15390.67676;0.15169;0.00000;0.13955;0.52891
91;2020;1;25;0;2333.85425;15388.88574;0.15166;0.00000;0.13924;0.52698
91;2020;1;25;0;2333.08960;15387.09668;0.15163;0.00000;0.13894;0.52506
91;2020;1;25;0;2332.32520;15385.30664;0.15159;0.00000;0.13863;0.52313
91;2020;1;25;0;2331.56104;15383.51660;0.15156;0.00000;0.13833;0.52122
91;2020;1;25;0;2330.79712;15381.72754;0.15153;0.00000;0.13803;0.51932
91;2020;1;25;0;2330.03369;15379.93848;0.15150;0.00000;0.13773;0.51745
91;2020;1;25;0;2329.27051;15378.15039;0.15147;0.00000;0.13744;0.51564
91;2020;1;25;0;2328.50781;15376.36230;0.15143;0.00000;0.13716;0.51387
91;2020;1;25;0;2327.74536;15374.57520;0.15140;0.00000;0.13688;0.51217
91;2020;1;25;0;2326.98315;15372.78809;0.15137;0.00000;0.13662;0.51054
91;2020;1;25;0;2326.22119;15371.00098;0.15134;0.00000;0.13637;0.50898
91;2020;1;25;0;2325.45972;15369.21484;0.15131;0.00000;0.13613;0.50750
91;2020;1;25;0;2324.69849;15367.42871;0.15127;0.00000;0.13591;0.50610
91;2020;1;25;0;2323.93774;15365.64355;0.15124;0.00000;0.13569;0.50476
91;2020;1;25;0;2323.17749;15363.85938;0.15121;0.00000;0.13549;0.50351
91;2020;1;25;0;2322.41724;15362.07422;0.15118;0.00000;0.13530;0.50233
91;2020;1;25;0;2321.65747;15360.28906;0.15115;0.00000;0.13512;0.50121
91;2020;1;25;0;2320.89819;15358.50684;0.15111;0.00000;0.13495;0.50016
91;2020;1;25;0;2320.13916;15356.72363;0.15108;0.00000;0.13479;0.49918
91;2020;1;25;0;2319.38062;15354.94043;0.15105;0.00000;0.13464;0.49826
91;2020;1;25;0;2318.62256;15353.15820;0.15102;0.00000;0.13450;0.49740
91;2020;1;25;0;2317.86475;15351.37793;0.15099;0.00000;0.13437;0.49659
91;2020;1;25;0;2317.10718;15349.59668;0.15096;0.00000;0.13425;0.49583
91;2020;1;25;0;2316.35010;15347.81543;0.15092;0.00000;0.13413;0.49512
91;2020;1;25;0;2315.59351;15346.03613;0.15089;0.00000;0.13402;0.49446
91;2020;1;25;0;2314.83740;15344.25684;0.15086;0.00000;0.13392;0.49383
91;2020;1;25;0;2314.08154;15342.47754;0.15083;0.00000;0.13383;0.49325
91;2020;1;25;0;2313.32617;15340.70117;0.15080;0.00000;0.13374;0.49270
91;2020;1;25;0;2312.57129;15338.92383;0.15076;0.00000;0.13365;0.49218
91;2020;1;25;0;2311.81665;15337.14648;0.15073;0.00000;0.13357;0.49169
91;2020;1;25;0;2311.06250;15335.37012;0.15070;0.00000;0.13350;0.49123
91;2020;1;25;0;2310.30884;15333.59473;0.15067;0.00000;0.13342;0.49079
91;2020;1;25;0;2309.55542;15331.81934;0.15064;0.00000;0.13336;0.49037
91;2020;1;25;0;2308.80249;15330.04395;0.15061;0.00000;0.13329;0.48998
91;2020;1;25;0;2308.05005;15328.27051;0.15057;0.00000;0.13323;0.48960
91;2020;1;25;0;2307.29810;15326.49805;0.15054;0.00000;0.13317;0.48925
91;2020;1;25;0;2306.54663;15324.72559;0.15051;0.00000;0.13312;0.48890
91;2020;1;25;0;2305.79541;15322.95410;0.15048;0.00000;0.13306;0.48857
91;2020;1;25;0;2305.04468;15321.18359;0.15045;0.00000;0.13301;0.48826
91;2020;1;26;0;2326.44800;15371.53320;0.15135;0.00000;0.13762;0.51675
91;2020;1;26;0;2347.84595;15421.57227;0.15224;0.00000;0.15149;0.60649
91;2020;1;26;0;2369.23975;15471.31055;0.15314;0.00000;0.16917;0.72894
91;2020;1;26;0;2390.63086;15520.75195;0.15403;0.00000;0.18822;0.87085
91;2020;1;26;0;2412.01880;15569.90137;0.15492;0.00000;0.20694;1.01998
91;2020;1;26;0;2433.40063;15618.75781;0.15580;0.00000;0.22050;1.13379
91;2020;1;26;0;2454.77441;15667.31934;0.15668;0.00000;0.22942;1.21122
91;2020;1;26;0;2476.13843;15715.58691;0.15756;0.00000;0.23486;1.25948
91;2020;1;26;0;2497.49170;15763.56348;0.15843;0.00000;0.23866;1.29358
91;2020;1;26;0;2518.83423;15811.25098;0.15931;0.00000;0.24164;1.32061
91;2020;1;26;0;2540.16577;15858.65430;0.16018;0.00000;0.24447;1.34655
91;2020;1;26;0;2561.48657;15905.77734;0.16104;0.00000;0.24728;1.37242
91;2020;1;26;0;2582.79639;15952.62500;0.16190;0.00000;0.24994;1.39714
91;2020;1;26;0;2604.09570;15999.20020;0.16276;0.00000;0.25256;1.42156
91;2020;1;26;0;2625.38403;16045.50684;0.16362;0.00000;0.25500;1.44459
91;2020;1;26;0;2646.66138;16091.54883;0.16448;0.00000;0.25738;1.46708
91;2020;1;26;0;2667.92798;16137.33008;0.16533;0.00000;0.25959;1.48818
91;2020;1;26;0;2689.18384;16182.85156;0.16617;0.00000;0.26170;1.50840
91;2020;1;26;0;2710.42896;16228.12012;0.16702;0.00000;0.26366;1.52728
91;2020;1;26;0;2731.66309;16273.13672;0.16786;0.00000;0.26550;1.54504
91;2020;1;26;0;2752.88647;16317.90625;0.16870;0.00000;0.26719;1.56148
91;2020;1;26;0;2774.09912;16362.43066;0.16954;0.00000;0.26875;1.57671
91;2020;1;26;0;2795.30103;16406.71289;0.17038;0.00000;0.27018;1.59069
91;2020;1;26;0;2816.49219;16450.75781;0.17121;0.00000;0.27148;1.60351
91;2020;1;26;0;2837.67236;16494.56836;0.17204;0.00000;0.27267;1.61524
91;2020;1;26;0;2858.84204;16538.14453;0.17286;0.00000;0.27406;1.62896
91;2020;1;26;0;2880.00171;16581.49414;0.17369;0.00000;0.27669;1.65513
91;2020;1;26;0;2901.15186;16624.61914;0.17451;0.00000;0.27982;1.68639
91;2020;1;26;0;2922.29126;16667.51953;0.17533;0.00000;0.28143;1.70258
91;2020;1;26;0;2943.42017;16710.19727;0.17615;0.00000;0.28238;1.71218
91;2020;1;26;0;2964.53857;16752.65820;0.17696;0.00000;0.28335;1.72207
91;2020;1;26;0;2985.64600;16794.90234;0.17777;0.00000;0.28392;1.72777
91;2020;1;26;0;3006.74292;16836.93555;0.17858;0.00000;0.28455;1.73420
91;2020;1;26;0;3027.82935;16878.75586;0.17939;0.00000;0.28514;1.74014
91;2020;1;26;0;3048.90503;16920.36719;0.18019;0.00000;0.28567;1.74563
91;2020;1;26;0;3069.97046;16961.77539;0.18099;0.00000;0.28622;1.75116
91;2020;1;26;0;3091.02515;17002.97852;0.18179;0.00000;0.28671;1.75616
91;2020;1;26;0;3112.06934;17043.98047;0.18259;0.00000;0.28721;1.76126
91;2020;1;26;0;3133.10303;17084.78516;0.18339;0.00000;0.28767;1.76596
91;2020;1;26;0;3154.12646;17125.39062;0.18418;0.00000;0.28813;1.77070
91;2020;1;26;0;3175.13965;17165.80469;0.18497;0.00000;0.28857;1.77517
91;2020;1;26;0;3196.14233;17206.02734;0.18576;0.00000;0.28900;1.77962
91;2020;1;26;0;3217.13477;17246.05664;0.18654;0.00000;0.28942;1.78391
91;2020;1;26;0;3238.11719;17285.90234;0.18733;0.00000;0.28983;1.78813
91;2020;1;26;0;3259.08936;17325.56250;0.18811;0.00000;0.29023;1.79225
91;2020;1;26;0;3280.05151;17365.03711;0.18889;0.00000;0.29062;1.79628
91;2020;1;26;0;3301.00342;17404.33203;0.18967;0.00000;0.29100;1.80026
91;2020;1;26;0;3321.94531;17443.44531;0.19044;0.00000;0.29138;1.80413
91;2020;1;27;0;3356.09668;17506.89453;0.19170;0.00000;0.29490;1.84062
91;2020;1;27;0;3390.23438;17569.90234;0.19296;0.00000;0.30074;1.90174
91;2020;1;27;0;3424.35596;17632.47266;0.19421;0.00000;0.30170;1.91182
91;2020;1;27;0;3458.46021;17694.61133;0.19545;0.00000;0.29945;1.88815
91;2020;1;27;0;3492.54810;17756.32422;0.19669;0.00000;0.29892;1.88257
91;2020;1;27;0;3526.62012;17817.62500;0.19793;0.00000;0.29926;1.88619
91;2020;1;27;0;3560.67676;17878.51562;0.19916;0.00000;0.30021;1.89621
91;2020;1;27;0;3583.64502;17919.36914;0.19999;-0.00615;0.30184;1.91335
91;2020;1;27;0;3583.64600;17919.37109;0.19999;-0.01891;0.30414;1.93772
91;2020;1;27;0;3583.64673;17919.37109;0.19999;-0.01891;0.30547;1.95187
91;2020;1;27;0;3583.64722;17919.37305;0.19999;-0.01891;0.30646;1.96243
91;2020;1;27;0;3583.64795;17919.37305;0.19999;-0.01891;0.30767;1.97532
91;2020;1;27;0;3583.64819;17919.37500;0.19999;-0.01891;0.30861;1.98544
91;2020;1;27;0;3583.64893;17919.37500;0.19999;-0.01891;0.30967;1.99677
91;2020;1;27;0;3583.64941;17919.37695;0.19999;-0.01891;0.31053;2.00605
91;2020;1;27;0;3583.64990;17919.37695;0.19999;-0.01891;0.31142;2.01567
91;2020;1;27;0;3583.65015;17919.37891;0.19999;-0.01891;0.31216;2.02366
91;2020;1;27;0;3583.65039;17919.37891;0.19999;-0.01891;0.31288;2.03141
91;2020;1;27;0;3583.65088;17919.37891;0.19999;-0.01891;0.31347;2.03783
91;2020;1;27;0;3583.65137;17919.38086;0.19999;-0.01891;0.31402;2.04377
91;2020;1;27;0;3583.65161;17919.38086;0.19999;-0.01891;0.31447;2.04869
91;2020;1;27;0;3583.65161;17919.38086;0.19999;-0.01891;0.31488;2.05312
91;2020;1;27;0;3583.65186;17919.38086;0.19999;-0.01891;0.31522;2.05683
91;2020;1;27;0;3583.65161;17919.38086;0.19999;-0.01891;0.31553;2.06013
91;2020;1;27;0;3583.65210;17919.38086;0.19999;-0.01891;0.31579;2.06296
91;2020;1;27;0;3583.65210;17919.38086;0.19999;-0.01891;0.31602;2.06550
91;2020;1;27;0;3583.65234;17919.38281;0.19999;-0.01891;0.31623;2.06774
91;2020;1;27;0;3583.65210;17919.38086;0.19999;-0.01891;0.31641;2.06979
91;2020;1;27;0;3583.65259;17919.38281;0.19999;-0.01891;0.31659;2.07166
91;2020;1;27;0;3583.65259;17919.38281;0.19999;-0.01891;0.31675;2.07341
91;2020;1;27;0;3583.65259;17919.38281;0.19999;-0.01891;0.31690;2.07506
91;2020;1;27;0;3583.65283;17919.38281;0.19999;-0.01891;0.31704;2.07663
91;2020;1;27;0;3583.65283;17919.38281;0.19999;-0.01891;0.31718;2.07814
91;2020;1;27;0;3583.65283;17919.38281;0.19999;-0.01891;0.31731;2.07962
91;2020;1;27;0;3583.65283;17919.38281;0.19999;-0.01891;0.31745;2.08105
91;2020;1;27;0;3583.65308;17919.38281;0.19999;-0.01891;0.31758;2.08247
91;2020;1;27;0;3583.65332;17919.38477;0.19999;-0.01891;0.31770;2.08385
91;2020;1;27;0;3583.65308;17919.38281;0.19999;-0.01891;0.31783;2.08523
91;2020;1;27;0;3583.65356;17919.38477;0.19999;-0.01891;0.31795;2.08660
91;2020;1;27;0;3583.65308;17919.38281;0.19999;-0.01891;0.31808;2.08796
91;2020;1;27;0;3583.65356;17919.38477;0.19999;-0.01891;0.31820;2.08930
91;2020;1;27;0;3583.65308;17919.38281;0.19999;-0.01891;0.31832;2.09065
91;2020;1;27;0;3583.65381;17919.38477;0.19999;-0.01891;0.31845;2.09199
91;2020;1;27;0;3583.65356;17919.38477;0.19999;-0.01891;0.31857;2.09333
91;2020;1;27;0;3583.65332;17919.38477;0.19999;-0.01891;0.31869;2.09466
91;2020;1;27;0;3583.65356;17919.38477;0.19999;-0.01891;0.31881;2.09599
91;2020;1;27;0;3583.65356;17919.38477;0.19999;-0.01891;0.31893;2.09731
91;2020;1;27;0;3583.65356;17919.38477;0.19999;-0.01891;0.31905;2.09864
91;2020;1;28;0;3583.65088;17919.37891;0.19999;-0.00811;0.31347;2.03775
91;2020;1;28;0;3583.64575;17919.36914;0.19999;-0.00811;0.30375;1.93359
91;2020;1;28;0;3583.64307;17919.36523;0.19999;-0.00811;0.29817;1.87475
91;2020;1;28;0;3583.64087;17919.36133;0.19999;-0.00810;0.29447;1.83610
91;2020;1;28;0;3583.63867;17919.35742;0.19999;-0.00810;0.29018;1.79175
91;2020;1;28;0;3583.63745;17919.35352;0.19999;-0.00810;0.28754;1.76471
91;2020;1;28;0;3583.63623;17919.35156;0.19999;-0.00810;0.28556;1.74446
91;2020;1;28;0;3583.63599;17919.35156;0.19999;-0.00810;0.28417;1.73038
91;2020;1;28;0;3583.63525;17919.34961;0.19999;-0.00810;0.28351;1.72369
91;2020;1;28;0;3583.63501;17919.34961;0.19999;-0.00810;0.28290;1.71750
91;2020;1;28;0;3583.63452;17919.34961;0.19999;-0.00810;0.28267;1.71512
91;2020;1;28;0;3583.63501;17919.34961;0.19999;-0.00810;0.28240;1.71244
91;2020;1;28;0;3583.63452;17919.34961;0.19999;-0.00810;0.28235;1.71186
91;2020;1;28;0;3583.63501;17919.34961;0.19999;-0.00810;0.28225;1.71089
91;2020;1;28;0;3583.63452;17919.34961;0.19999;-0.00810;0.28225;1.71094
91;2020;1;28;0;3583.63477;17919.34961;0.19999;-0.00810;0.28223;1.71066
91;2020;1;28;0;3583.63477;17919.34961;0.19999;-0.00810;0.28223;1.71074
91;2020;1;28;0;3583.63452;17919.34961;0.19999;-0.00810;0.28222;1.71058
91;2020;1;28;0;3583.63477;17919.34961;0.19999;-0.00810;0.28220;1.71044
91;2020;1;28;0;3583.63452;17919.34961;0.19999;-0.00810;0.28218;1.71015
91;2020;1;28;0;3583.63477;17919.34961;0.19999;-0.00810;0.28214;1.70976
91;2020;1;28;0;3583.63452;17919.34961;0.19999;-0.00810;0.28209;1.70931
91;2020;1;28;0;3583.63477;17919.34961;0.19999;-0.00810;0.28204;1.70874
91;2020;1;28;0;3583.63452;17919.34961;0.19999;-0.00810;0.28198;1.70816
91;2020;1;28;0;3583.63477;17919.34961;0.19999;-0.00810;0.28191;1.70749
91;2020;1;28;0;3583.63452;17919.34961;0.19999;-0.00810;0.28185;1.70685
91;2020;1;28;0;3583.63477;17919.34961;0.19999;-0.00810;0.28178;1.70615
91;2020;1;28;0;3583.63428;17919.34766;0.19999;-0.00810;0.28171;1.70548
91;2020;1;28;0;3583.63428;17919.34766;0.19999;-0.00810;0.28165;1.70480
91;2020;1;28;0;3583.63428;17919.34766;0.19999;-0.00810;0.28158;1.70415
91;2020;1;28;0;3583.63428;17919.34766;0.19999;-0.00810;0.28152;1.70350
91;2020;1;28;0;3583.63428;17919.34766;0.19999;-0.00810;0.28146;1.70289
91;2020;1;28;0;3583.63428;17919.34766;0.19999;-0.00810;0.28140;1.70229
91;2020;1;28;0;3583.63428;17919.34766;0.19999;-0.00810;0.28134;1.70172
91;2020;1;28;0;3583.63403;17919.34766;0.19999;-0.00810;0.28129;1.70117
91;2020;1;28;0;3583.63403;17919.34766;0.19999;-0.00810;0.28123;1.70065
91;2020;1;28;0;3583.63403;17919.34766;0.19999;-0.00810;0.28119;1.70016
91;2020;1;28;0;3583.63403;17919.34766;0.19999;-0.00810;0.28114;1.69970
91;2020;1;28;0;3583.63403;17919.34766;0.19999;-0.00810;0.28110;1.69926
91;2020;1;28;0;3583.63403;17919.34766;0.19999;-0.00810;0.28106;1.69884
91;2020;1;28;0;3583.63403;17919.34766;0.19999;-0.00810;0.28102;1.69845
91;2020;1;28;0;3583.63403;17919.34766;0.19999;-0.00810;0.28098;1.69809
91;2020;1;28;0;3583.63403;17919.34766;0.19999;-0.00810;0.28095;1.69775
91;2020;1;28;0;3583.63403;17919.34766;0.19999;-0.00810;0.28092;1.69744
91;2020;1;28;0;3583.63403;17919.34766;0.19999;-0.00810;0.28089;1.69715
91;2020;1;28;0;3583.63403;17919.34766;0.19999;-0.00810;0.28086;1.69688
91;2020;1;28;0;3583.63403;17919.34766;0.19999;-0.00810;0.28084;1.69664
91;2020;1;28;0;3583.63379;17919.34766;0.19999;-0.00810;0.28081;1.69641
91;2020;1;29;0;3583.63208;17919.34375;0.19999;-0.00418;0.27802;1.66839
91;2020;1;29;0;3583.62939;17919.33984;0.19999;-0.00418;0.27285;1.61696
91;2020;1;29;0;3583.62842;17919.33984;0.19999;-0.00418;0.26978;1.58682
91;2020;1;29;0;3583.62720;17919.33789;0.19999;-0.00418;0.26800;1.56934
91;2020;1;29;0;3583.62622;17919.33594;0.19999;-0.00418;0.26572;1.54715
91;2020;1;29;0;3583.62524;17919.33398;0.19999;-0.00417;0.26421;1.53254
91;2020;1;29;0;3583.62451;17919.33203;0.19999;-0.00417;0.26300;1.52087
91;2020;1;29;0;3583.62402;17919.33203;0.19999;-0.00417;0.26184;1.50973
91;2020;1;29;0;3583.62354;17919.33008;0.19999;-0.00417;0.26090;1.50066
91;2020;1;29;0;3583.62305;17919.33008;0.19999;-0.00417;0.25993;1.49143
91;2020;1;29;0;3583.62231;17919.32812;0.19999;-0.00417;0.25913;1.48380
91;2020;1;29;0;3583.62207;17919.32812;0.19999;-0.00417;0.25832;1.47606
91;2020;1;29;0;3583.62207;17919.32812;0.19999;-0.00417;0.25762;1.46942
91;2020;1;29;0;3583.62183;17919.32812;0.19999;-0.00417;0.25694;1.46293
91;2020;1;29;0;3583.62109;17919.32617;0.19999;-0.00417;0.25634;1.45727
91;2020;1;29;0;3583.62085;17919.32617;0.19999;-0.00417;0.25579;1.45199
91;2020;1;29;0;3583.62036;17919.32422;0.19999;-0.00417;0.25530;1.44737
91;2020;1;29;0;3583.62012;17919.32422;0.19999;-0.00417;0.25486;1.44324
91;2020;1;29;0;3583.62012;17919.32422;0.19999;-0.00417;0.25448;1.43964
91;2020;1;29;0;3583.62012;17919.32422;0.19999;-0.00417;0.25415;1.43653
91;2020;1;29;0;3583.61987;17919.32422;0.19999;-0.00417;0.25386;1.43383
91;2020;1;29;0;3583.61987;17919.32422;0.19999;-0.00417;0.25362;1.43153
91;2020;1;29;0;3583.61987;17919.32422;0.19999;-0.00417;0.25341;1.42953
91;2020;1;29;0;3583.61987;17919.32422;0.19999;-0.00417;0.25323;1.42785
91;2020;1;29;0;3583.61963;17919.32422;0.19999;-0.00417;0.25307;1.42638
91;2020;1;29;0;3583.61938;17919.32227;0.19999;-0.00417;0.25294;1.42513
91;2020;1;29;0;3583.61938;17919.32227;0.19999;-0.00417;0.25282;1.42404
91;2020;1;29;0;3583.61938;17919.32227;0.19999;-0.00417;0.25272;1.42310
91;2020;1;29;0;3583.61914;17919.32227;0.19999;-0.00417;0.25263;1.42227
91;2020;1;29;0;3583.61890;17919.32227;0.19999;-0.00417;0.25256;1.42155
91;2020;1;29;0;3583.61914;17919.32227;0.19999;-0.00417;0.25249;1.42090
91;2020;1;29;0;3583.61890;17919.32227;0.19999;-0.00417;0.25242;1.42032
91;2020;1;29;0;3583.61914;17919.32227;0.19999;-0.00417;0.25237;1.41980
91;2020;1;29;0;3583.61890;17919.32227;0.19999;-0.00417;0.25232;1.41933
91;2020;1;29;0;3583.61914;17919.32227;0.19999;-0.00417;0.25227;1.41890
91;2020;1;29;0;3583.61890;17919.32227;0.19999;-0.00417;0.25223;1.41851
91;2020;1;29;0;3583.61890;17919.32227;0.19999;-0.00417;0.25219;1.41815
91;2020;1;29;0;3583.61890;17919.32227;0.19999;-0.00417;0.25216;1.41781
91;2020;1;29;0;3583.61890;17919.32227;0.19999;-0.00417;0.25212;1.41751
91;2020;1;29;0;3583.61890;17919.32227;0.19999;-0.00417;0.25209;1.41722
91;2020;1;29;0;3583.61890;17919.32227;0.19999;-0.00417;0.25207;1.41696
91;2020;1;29;0;3583.61890;17919.32227;0.19999;-0.00417;0.25204;1.41672
91;2020;1;29;0;3583.61890;17919.32227;0.19999;-0.00417;0.25202;1.41650
91;2020;1;29;0;3583.61890;17919.32227;0.19999;-0.00417;0.25199;1.41629
91;2020;1;29;0;3583.61890;17919.32227;0.19999;-0.00417;0.25197;1.41610
91;2020;1;29;0;3583.61890;17919.32227;0.19999;-0.00417;0.25196;1.41593
91;2020;1;29;0;3583.61890;17919.32227;0.19999;-0.00417;0.25194;1.41577
91;2020;1;29;0;3583.61890;17919.32227;0.19999;-0.00417;0.25192;1.41563
91;2020;1;30;0;3583.61865;17919.32227;0.19999;-0.00349;0.25158;1.41237
91;2020;1;30;0;3583.61841;17919.32031;0.19999;-0.00349;0.25089;1.40599
91;2020;1;30;0;3583.61768;17919.32031;0.19999;-0.00349;0.25027;1.40021
91;2020;1;30;0;3583.61768;17919.32031;0.19999;-0.00349;0.24976;1.39540
91;2020;1;30;0;3583.61743;17919.31836;0.19999;-0.00349;0.24924;1.39056
91;2020;1;30;0;3583.61743;17919.31836;0.19999;-0.00349;0.24874;1.38595
91;2020;1;30;0;3583.61719;17919.31836;0.19999;-0.00349;0.24821;1.38106
91;2020;1;30;0;3583.61670;17919.31836;0.19999;-0.00349;0.24762;1.37551
91;2020;1;30;0;3583.61621;17919.31641;0.19999;-0.00349;0.24699;1.36969
91;2020;1;30;0;3583.61572;17919.31641;0.19999;-0.00349;0.24632;1.36358
91;2020;1;30;0;3583.61523;17919.31445;0.19999;-0.00349;0.24567;1.35754
91;2020;1;30;0;3583.61548;17919.31641;0.19999;-0.00349;0.24501;1.35147
91;2020;1;30;0;3583.61499;17919.31445;0.19999;-0.00349;0.24437;1.34557
91;2020;1;30;0;3583.61450;17919.31445;0.19999;-0.00349;0.24374;1.33979
91;2020;1;30;0;3583.61401;17919.31250;0.19999;-0.00349;0.24313;1.33426
91;2020;1;30;0;3583.61377;17919.31250;0.19999;-0.00349;0.24256;1.32900
91;2020;1;30;0;3583.61377;17919.31250;0.19999;-0.00349;0.24202;1.32409
91;2020;1;30;0;3583.61353;17919.31250;0.19999;-0.00349;0.24152;1.31956
91;2020;1;30;0;3583.61353;17919.31250;0.19999;-0.00349;0.24107;1.31543
91;2020;1;30;0;3583.61328;17919.31250;0.19999;-0.00349;0.24066;1.31173
91;2020;1;30;0;3583.61279;17919.31055;0.19999;-0.00349;0.24030;1.30843
91;2020;1;30;0;3583.61230;17919.31055;0.19999;-0.00349;0.23998;1.30553
91;2020;1;30;0;3583.61230;17919.31055;0.19999;-0.00349;0.23970;1.30299
91;2020;1;30;0;3583.61206;17919.30859;0.19999;-0.00349;0.23945;1.30079
91;2020;1;30;0;3583.61230;17919.31055;0.19999;-0.00349;0.23924;1.29888
91;2020;1;30;0;3583.61182;17919.30859;0.19999;-0.00349;0.23906;1.29724
91;2020;1;30;0;3583.61230;17919.31055;0.19999;-0.00349;0.23891;1.29583
91;2020;1;30;0;3583.61182;17919.30859;0.19999;-0.00349;0.23877;1.29462
91;2020;1;30;0;3583.61230;17919.31055;0.19999;-0.00349;0.23866;1.29358
91;2020;1;30;0;3583.61157;17919.30859;0.19999;-0.00349;0.23856;1.29268
91;2020;1;30;0;3583.61182;17919.30859;0.19999;-0.00349;0.23847;1.29191
91;2020;1;30;0;3583.61206;17919.30859;0.19999;-0.00349;0.23840;1.29125
91;2020;1;30;0;3583.61182;17919.30859;0.19999;-0.00349;0.23834;1.29067
91;2020;1;30;0;3583.61206;17919.30859;0.19999;-0.00349;0.23828;1.29016
91;2020;1;30;0;3583.61182;17919.30859;0.19999;-0.00349;0.23823;1.28972
91;2020;1;30;0;3583.61206;17919.30859;0.19999;-0.00349;0.23819;1.28933
91;2020;1;30;0;3583.61182;17919.30859;0.19999;-0.00349;0.23815;1.28898
91;2020;1;30;0;3583.61182;17919.30859;0.19999;-0.00349;0.23811;1.28866
91;2020;1;30;0;3583.61182;17919.30859;0.19999;-0.00349;0.23808;1.28837
91;2020;1;30;0;3583.61182;17919.30859;0.19999;-0.00349;0.23805;1.28811
91;2020;1;30;0;3583.61182;17919.30859;0.19999;-0.00349;0.23803;1.28787
91;2020;1;30;0;3583.61182;17919.30859;0.19999;-0.00349;0.23800;1.28765
91;2020;1;30;0;3583.61182;17919.30859;0.19999;-0.00349;0.23798;1.28744
91;2020;1;30;0;3583.61182;17919.30859;0.19999;-0.00349;0.23796;1.28725
91;2020;1;30;0;3583.61182;17919.30859;0.19999;-0.00349;0.23794;1.28707
91;2020;1;30;0;3583.61182;17919.30859;0.19999;-0.00349;0.23792;1.28689
91;2020;1;30;0;3583.61182;17919.30859;0.19999;-0.00349;0.23790;1.28673
91;2020;1;30;0;3583.61182;17919.30859;0.19999;-0.00349;0.23788;1.28657
91;2020;1;31;0;3583.61182;17919.30859;0.19999;-0.00301;0.23772;1.28514
91;2020;1;31;0;3583.61157;17919.30859;0.19999;-0.00301;0.23738;1.28204
91;2020;1;31;0;3583.61108;17919.30664;0.19999;-0.00301;0.23685;1.27728
91;2020;1;31;0;3583.61035;17919.30664;0.19999;-0.00301;0.23627;1.27208
91;2020;1;31;0;3583.61035;17919.30664;0.19999;-0.00301;0.23577;1.26757
91;2020;1;31;0;3583.61011;17919.30664;0.19999;-0.00301;0.23528;1.26322
91;2020;1;31;0;3583.61011;17919.30664;0.19999;-0.00301;0.23478;1.25878
91;2020;1;31;0;3583.60986;17919.30469;0.19999;-0.00301;0.23426;1.25407
91;2020;1;31;0;3583.60938;17919.30469;0.19999;-0.00301;0.23372;1.24927
91;2020;1;31;0;3583.60889;17919.30273;0.19999;-0.00301;0.23318;1.24449
91;2020;1;31;0;3583.60864;17919.30273;0.19999;-0.00301;0.23267;1.23996
91;2020;1;31;0;3583.60864;17919.30273;0.19999;-0.00301;0.23219;1.23572
91;2020;1;31;0;3583.60840;17919.30273;0.19999;-0.00301;0.23176;1.23187
91;2020;1;31;0;3583.60840;17919.30273;0.19999;-0.00301;0.23137;1.22838
91;2020;1;31;0;3583.60815;17919.30273;0.19999;-0.00301;0.23101;1.22526
91;2020;1;31;0;3583.60791;17919.30078;0.19999;-0.00301;0.23070;1.22248
91;2020;1;31;0;3583.60791;17919.30078;0.19999;-0.00301;0.23042;1.22001
91;2020;1;31;0;3583.60767;17919.30078;0.19999;-0.00301;0.23017;1.21781
91;2020;1;31;0;3583.60742;17919.30078;0.19999;-0.00301;0.22995;1.21586
91;2020;1;31;0;3583.60742;17919.30078;0.19999;-0.00301;0.22975;1.21413
91;2020;1;31;0;3583.60718;17919.30078;0.19999;-0.00301;0.22958;1.21259
91;2020;1;31;0;3583.60693;17919.30078;0.19999;-0.00301;0.22942;1.21122
91;2020;1;31;0;3583.60718;17919.30078;0.19999;-0.00301;0.22928;1.21001
91;2020;1;31;0;3583.60669;17919.29883;0.19999;-0.00301;0.22916;1.20892
91;2020;1;31;0;3583.60669;17919.29883;0.19999;-0.00301;0.22905;1.20795
91;2020;1;31;0;3583.60669;17919.29883;0.19999;-0.00301;0.22895;1.20707
91;2020;1;31;0;3583.60669;17919.29883;0.19999;-0.00301;0.22886;1.20628
91;2020;1;31;0;3583.60669;17919.29883;0.19999;-0.00301;0.22878;1.20556
91;2020;1;31;0;3583.60645;17919.29883;0.19999;-0.00301;0.22870;1.20491
91;2020;1;31;0;3583.60669;17919.29883;0.19999;-0.00301;0.22863;1.20430
91;2020;1;31;0;3583.60645;17919.29883;0.19999;-0.00301;0.22857;1.20374
91;2020;1;31;0;3583.60669;17919.29883;0.19999;-0.00301;0.22851;1.20323
91;2020;1;31;0;3583.60645;17919.29883;0.19999;-0.00301;0.22846;1.20274
91;2020;1;31;0;3583.60669;17919.29883;0.19999;-0.00301;0.22840;1.20228
91;2020;1;31;0;3583.60645;17919.29883;0.19999;-0.00301;0.22835;1.20185
91;2020;1;31;0;3583.60669;17919.29883;0.19999;-0.00301;0.22831;1.20144
91;2020;1;31;0;3583.60620;17919.29883;0.19999;-0.00301;0.22826;1.20105
91;2020;1;31;0;3583.60669;17919.29883;0.19999;-0.00301;0.22822;1.20067
91;2020;1;31;0;3583.60620;17919.29883;0.19999;-0.00301;0.22818;1.20030
91;2020;1;31;0;3583.60669;17919.29883;0.19999;-0.00301;0.22814;1.19995
91;2020;1;31;0;3583.60620;17919.29883;0.19999;-0.00301;0.22810;1.19961
91;2020;1;31;0;3583.60669;17919.29883;0.19999;-0.00301;0.22806;1.19928
91;2020;1;31;0;3583.60620;17919.29883;0.19999;-0.00301;0.22802;1.19896
91;2020;1;31;0;3583.60669;17919.29883;0.19999;-0.00301;0.22799;1.19864
91;2020;1;31;0;3583.60620;17919.29883;0.19999;-0.00301;0.22795;1.19834
91;2020;1;31;0;3583.60669;17919.29883;0.19999;-0.00301;0.22792;1.19804
91;2020;1;31;0;3583.60620;17919.29883;0.19999;-0.00301;0.22789;1.19774
91;2020;1;31;0;3583.60669;17919.29883;0.19999;-0.00301;0.22785;1.19745
91;2020;2;1;0;3583.60596;17919.29883;0.19999;-0.00263;0.22760;1.19525
91;2020;2;1;0;3583.60596;17919.29883;0.19999;-0.00263;0.22704;1.19036
91;2020;2;1;0;3583.60547;17919.29688;0.19999;-0.00263;0.22638;1.18456
91;2020;2;1;0;3583.60522;17919.29688;0.19999;-0.00263;0.22577;1.17925
91;2020;2;1;0;3583.60498;17919.29688;0.19999;-0.00263;0.22526;1.17483
91;2020;2;1;0;3583.60449;17919.29492;0.19999;-0.00263;0.22487;1.17147
91;2020;2;1;0;3583.60449;17919.29492;0.19999;-0.00263;0.22458;1.16896
91;2020;2;1;0;3583.60425;17919.29492;0.19999;-0.00263;0.22436;1.16703
91;2020;2;1;0;3583.60449;17919.29492;0.19999;-0.00263;0.22420;1.16565
91;2020;2;1;0;3583.60400;17919.29492;0.19999;-0.00263;0.22408;1.16457
91;2020;2;1;0;3583.60449;17919.29492;0.19999;-0.00263;0.22399;1.16379
91;2020;2;1;0;3583.60400;17919.29492;0.19999;-0.00263;0.22391;1.16313
91;2020;2;1;0;3583.60449;17919.29492;0.19999;-0.00263;0.22385;1.16259
91;2020;2;1;0;3583.60400;17919.29492;0.19999;-0.00263;0.22379;1.16207
91;2020;2;1;0;3583.60449;17919.29492;0.19999;-0.00263;0.22373;1.16156
91;2020;2;1;0;3583.60400;17919.29492;0.19999;-0.00263;0.22367;1.16103
91;2020;2;1;0;3583.60425;17919.29492;0.19999;-0.00263;0.22361;1.16049
91;2020;2;1;0;3583.60400;17919.29492;0.19999;-0.00263;0.22354;1.15994
91;2020;2;1;0;3583.60425;17919.29492;0.19999;-0.00263;0.22348;1.15937
91;2020;2;1;0;3583.60400;17919.29492;0.19999;-0.00263;0.22341;1.15880
91;2020;2;1;0;3583.60425;17919.29492;0.19999;-0.00263;0.22334;1.15822
91;2020;2;1;0;3583.60400;17919.29492;0.19999;-0.00263;0.22328;1.15766
91;2020;2;1;0;3583.60425;17919.29492;0.19999;-0.00263;0.22321;1.15710
91;2020;2;1;0;3583.60400;17919.29492;0.19999;-0.00263;0.22315;1.15655
91;2020;2;1;0;3583.60400;17919.29492;0.19999;-0.00263;0.22309;1.15601
91;2020;2;1;0;3583.60400;17919.29492;0.19999;-0.00263;0.22303;1.15550
91;2020;2;1;0;3583.60400;17919.29492;0.19999;-0.00263;0.22297;1.15499
91;2020;2;1;0;3583.60400;17919.29492;0.19999;-0.00263;0.22291;1.15451
91;2020;2;1;0;3583.60400;17919.29492;0.19999;-0.00263;0.22286;1.15403
91;2020;2;1;0;3583.60400;17919.29492;0.19999;-0.00263;0.22281;1.15358
91;2020;2;1;0;3583.60400;17919.29492;0.19999;-0.00263;0.22276;1.15314
91;2020;2;1;0;3583.60400;17919.29492;0.19999;-0.00263;0.22271;1.15271
91;2020;2;1;0;3583.60376;17919.29492;0.19999;-0.00263;0.22266;1.15229
91;2020;2;1;0;3583.60352;17919.29492;0.19999;-0.00263;0.22261;1.15188
91;2020;2;1;0;3583.60376;17919.29492;0.19999;-0.00263;0.22256;1.15148
91;2020;2;1;0;3583.60352;17919.29492;0.19999;-0.00263;0.22252;1.15109
91;2020;2;1;0;3583.60376;17919.29492;0.19999;-0.00263;0.22247;1.15071
91;2020;2;1;0;3583.60352;17919.29492;0.19999;-0.00263;0.22243;1.15034
91;2020;2;1;0;3583.60376;17919.29492;0.19999;-0.00263;0.22239;1.14997
91;2020;2;1;0;3583.60352;17919.29492;0.19999;-0.00263;0.22235;1.14961
91;2020;2;1;0;3583.60376;17919.29492;0.19999;-0.00263;0.22230;1.14925
91;2020;2;1;0;3583.60352;17919.29492;0.19999;-0.00263;0.22226;1.14889
91;2020;2;1;0;3583.60376;17919.29492;0.19999;-0.00263;0.22222;1.14854
91;2020;2;1;0;3583.60327;17919.29492;0.19999;-0.00263;0.22218;1.14820
91;2020;2;1;0;3583.60327;17919.29492;0.19999;-0.00263;0.22214;1.14785
91;2020;2;1;0;3583.60327;17919.29492;0.19999;-0.00263;0.22210;1.14751
91;2020;2;1;0;3583.60327;17919.29492;0.19999;-0.00263;0.22206;1.14717
91;2020;2;1;0;3583.60327;17919.29492;0.19999;-0.00263;0.22202;1.14684
91;2020;2;2;0;3583.60303;17919.29492;0.19999;-0.00234;0.22186;1.14543
91;2020;2;2;0;3583.60303;17919.29492;0.19999;-0.00234;0.22158;1.14300
91;2020;2;2;0;3583.60303;17919.29492;0.19999;-0.00234;0.22138;1.14132
91;2020;2;2;0;3583.60303;17919.29492;0.19999;-0.00234;0.22140;1.14143
91;2020;2;2;0;3583.60303;17919.29492;0.19999;-0.00234;0.22152;1.14253
91;2020;2;2;0;3583.60303;17919.29492;0.19999;-0.00234;0.22166;1.14373
91;2020;2;2;0;3583.60327;17919.29492;0.19999;-0.00234;0.22178;1.14471
91;2020;2;2;0;3583.60303;17919.29492;0.19999;-0.00234;0.22185;1.14537
91;2020;2;2;0;3583.60327;17919.29492;0.19999;-0.00234;0.22191;1.14586
91;2020;2;2;0;3583.60303;17919.29492;0.19999;-0.00234;0.22194;1.14614
91;2020;2;2;0;3583.60327;17919.29492;0.19999;-0.00234;0.22197;1.14637
91;2020;2;2;0;3583.60303;17919.29492;0.19999;-0.00234;0.22199;1.14654
91;2020;2;2;0;3583.60327;17919.29492;0.19999;-0.00234;0.22201;1.14676
91;2020;2;2;0;3583.60303;17919.29492;0.19999;-0.00234;0.22204;1.14700
91;2020;2;2;0;3583.60327;17919.29492;0.19999;-0.00234;0.22208;1.14730
91;2020;2;2;0;3583.60303;17919.29492;0.19999;-0.00234;0.22212;1.14765
91;2020;2;2;0;3583.60327;17919.29492;0.19999;-0.00234;0.22216;1.14804
91;2020;2;2;0;3583.60327;17919.29492;0.19999;-0.00234;0.22221;1.14845
91;2020;2;2;0;3583.60327;17919.29492;0.19999;-0.00234;0.22226;1.14888
91;2020;2;2;0;3583.60327;17919.29492;0.19999;-0.00234;0.22231;1.14931
91;2020;2;2;0;3583.60327;17919.29492;0.19999;-0.00234;0.22236;1.14972
91;2020;2;2;0;3583.60327;17919.29492;0.19999;-0.00234;0.22240;1.15011
91;2020;2;2;0;3583.60327;17919.29492;0.19999;-0.00234;0.22245;1.15046
91;2020;2;2;0;3583.60327;17919.29492;0.19999;-0.00234;0.22248;1.15078
91;2020;2;2;0;3583.60327;17919.29492;0.19999;-0.00234;0.22251;1.15106
91;2020;2;2;0;3583.60327;17919.29492;0.19999;-0.00234;0.22254;1.15130
91;2020;2;2;0;3583.60327;17919.29492;0.19999;-0.00234;0.22256;1.15149
91;2020;2;2;0;3583.60327;17919.29492;0.19999;-0.00234;0.22258;1.15165
91;2020;2;2;0;3583.60327;17919.29492;0.19999;-0.00234;0.22260;1.15178
91;2020;2;2;0;3583.60327;17919.29492;0.19999;-0.00234;0.22261;1.15186
91;2020;2;2;0;3583.60327;17919.29492;0.19999;-0.00234;0.22261;1.15192
91;2020;2;2;0;3583.60327;17919.29492;0.19999;-0.00234;0.22262;1.15195
91;2020;2;2;0;3583.60327;17919.29492;0.19999;-0.00234;0.22262;1.15196
91;2020;2;2;0;3583.60327;17919.29492;0.19999;-0.00234;0.22262;1.15195
91;2020;2;2;0;3583.60327;17919.29492;0.19999;-0.00234;0.22261;1.15191
91;2020;2;2;0;3583.60327;17919.29492;0.19999;-0.00234;0.22261;1.15186
91;2020;2;2;0;3583.60327;17919.29492;0.19999;-0.00234;0.22260;1.15180
91;2020;2;2;0;3583.60327;17919.29492;0.19999;-0.00234;0.22259;1.15172
91;2020;2;2;0;3583.60327;17919.29492;0.19999;-0.00234;0.22258;1.15163
91;2020;2;2;0;3583.60327;17919.29492;0.19999;-0.00234;0.22257;1.15153
91;2020;2;2;0;3583.60327;17919.29492;0.19999;-0.00234;0.22256;1.15142
91;2020;2;2;0;3583.60327;17919.29492;0.19999;-0.00234;0.22254;1.15130
91;2020;2;2;0;3583.60327;17919.29492;0.19999;-0.00234;0.22253;1.15118
91;2020;2;2;0;3583.60327;17919.29492;0.19999;-0.00234;0.22251;1.15105
91;2020;2;2;0;3583.60327;17919.29492;0.19999;-0.00234;0.22250;1.15092
91;2020;2;2;0;3583.60327;17919.29492;0.19999;-0.00234;0.22248;1.15078
91;2020;2;2;0;3583.60327;17919.29492;0.19999;-0.00234;0.22247;1.15064
91;2020;2;2;0;3583.60327;17919.29492;0.19999;-0.00234;0.22245;1.15049
91;2020;2;3;0;3583.60327;17919.29492;0.19999;-0.00195;0.22214;1.14779
91;2020;2;3;0;3583.60303;17919.29492;0.19999;-0.00195;0.22142;1.14166
91;2020;2;3;0;3583.60229;17919.29297;0.19999;-0.00195;0.22065;1.13505
91;2020;2;3;0;3583.60229;17919.29297;0.19999;-0.00195;0.21996;1.12912
91;2020;2;3;0;3583.60181;17919.29297;0.19999;-0.00195;0.21931;1.12354
91;2020;2;3;0;3583.60156;17919.29102;0.19999;-0.00195;0.21877;1.11900
91;2020;2;3;0;3583.60132;17919.29102;0.19999;-0.00195;0.21835;1.11538
91;2020;2;3;0;3583.60083;17919.29102;0.19999;-0.00195;0.21800;1.11237
91;2020;2;3;0;3583.60083;17919.29102;0.19999;-0.00195;0.21772;1.11000
91;2020;2;3;0;3583.60059;17919.28906;0.19999;-0.00195;0.21748;1.10801
91;2020;2;3;0;3583.60083;17919.29102;0.19999;-0.00195;0.21730;1.10642
91;2020;2;3;0;3583.60059;17919.28906;0.19999;-0.00195;0.21713;1.10503
91;2020;2;3;0;3583.60059;17919.28906;0.19999;-0.00195;0.21699;1.10384
91;2020;2;3;0;3583.60059;17919.28906;0.19999;-0.00195;0.21686;1.10272
91;2020;2;3;0;3583.60059;17919.28906;0.19999;-0.00195;0.21674;1.10168
91;2020;2;3;0;3583.60059;17919.28906;0.19999;-0.00195;0.21662;1.10067
91;2020;2;3;0;3583.60034;17919.28906;0.19999;-0.00195;0.21650;1.09968
91;2020;2;3;0;3583.60059;17919.28906;0.19999;-0.00195;0.21639;1.09870
91;2020;2;3;0;3583.60034;17919.28906;0.19999;-0.00195;0.21627;1.09775
91;2020;2;3;0;3583.60059;17919.28906;0.19999;-0.00195;0.21616;1.09681
91;2020;2;3;0;3583.60010;17919.28906;0.19999;-0.00195;0.21605;1.09589
91;2020;2;3;0;3583.60010;17919.28906;0.19999;-0.00195;0.21595;1.09501
91;2020;2;3;0;3583.60010;17919.28906;0.19999;-0.00195;0.21585;1.09415
91;2020;2;3;0;3583.60010;17919.28906;0.19999;-0.00195;0.21575;1.09333
91;2020;2;3;0;3583.60010;17919.28906;0.19999;-0.00195;0.21566;1.09254
91;2020;2;3;0;3583.59985;17919.28906;0.19999;-0.00195;0.21557;1.09179
91;2020;2;3;0;3583.59985;17919.28906;0.19999;-0.00195;0.21548;1.09107
91;2020;2;3;0;3583.59985;17919.28906;0.19999;-0.00195;0.21540;1.09039
91;2020;2;3;0;3583.59985;17919.28906;0.19999;-0.00195;0.21532;1.08974
91;2020;2;3;0;3583.59985;17919.28906;0.19999;-0.00195;0.21525;1.08912
91;2020;2;3;0;3583.59985;17919.28906;0.19999;-0.00195;0.21518;1.08853
91;2020;2;3;0;3583.59961;17919.28906;0.19999;-0.00195;0.21511;1.08796
91;2020;2;3;0;3583.59937;17919.28711;0.19999;-0.00195;0.21505;1.08742
91;2020;2;3;0;3583.59961;17919.28906;0.19999;-0.00195;0.21499;1.08690
91;2020;2;3;0;3583.59937;17919.28711;0.19999;-0.00195;0.21493;1.08639
91;2020;2;3;0;3583.59961;17919.28906;0.19999;-0.00195;0.21487;1.08591
91;2020;2;3;0;3583.59937;17919.28711;0.19999;-0.00195;0.21481;1.08544
91;2020;2;3;0;3583.59961;17919.28906;0.19999;-0.00195;0.21476;1.08498
91;2020;2;3;0;3583.59937;17919.28711;0.19999;-0.00195;0.21471;1.08454
91;2020;2;3;0;3583.59937;17919.28711;0.19999;-0.00195;0.21466;1.08410
91;2020;2;3;0;3583.59937;17919.28711;0.19999;-0.00195;0.21460;1.08368
91;2020;2;3;0;3583.59937;17919.28711;0.19999;-0.00195;0.21456;1.08326
91;2020;2;3;0;3583.59937;17919.28711;0.19999;-0.00195;0.21451;1.08285
91;2020;2;3;0;3583.59937;17919.28711;0.19999;-0.00195;0.21446;1.08245
91;2020;2;3;0;3583.59937;17919.28711;0.19999;-0.00195;0.21441;1.08206
91;2020;2;3;0;3583.59937;17919.28711;0.19999;-0.00195;0.21437;1.08167
91;2020;2;3;0;3583.59937;17919.28711;0.19999;-0.00195;0.21432;1.08128
91;2020;2;3;0;3583.59937;17919.28711;0.19999;-0.00195;0.21428;1.08090
91;2020;2;4;0;3583.59888;17919.28711;0.19999;-0.00160;0.21407;1.07919
91;2020;2;4;0;3583.59863;17919.28711;0.19999;-0.00160;0.21370;1.07604
91;2020;2;4;0;3583.59888;17919.28711;0.19999;-0.00160;0.21337;1.07327
91;2020;2;4;0;3583.59839;17919.28516;0.19999;-0.00160;0.21318;1.07170
91;2020;2;4;0;3583.59888;17919.28711;0.19999;-0.00160;0.21304;1.07054
91;2020;2;4;0;3583.59839;17919.28516;0.19999;-0.00160;0.21288;1.06918
91;2020;2;4;0;3583.59863;17919.28711;0.19999;-0.00160;0.21268;1.06754
91;2020;2;4;0;3583.59839;17919.28516;0.19999;-0.00160;0.21245;1.06559
91;2020;2;4;0;3583.59839;17919.28516;0.19999;-0.00160;0.21220;1.06355
91;2020;2;4;0;3583.59839;17919.28516;0.19999;-0.00160;0.21195;1.06139
91;2020;2;4;0;3583.59814;17919.28516;0.19999;-0.00160;0.21169;1.05928
91;2020;2;4;0;3583.59790;17919.28516;0.19999;-0.00160;0.21144;1.05721
91;2020;2;4;0;3583.59766;17919.28516;0.19999;-0.00160;0.21121;1.05528
91;2020;2;4;0;3583.59741;17919.28320;0.19999;-0.00160;0.21100;1.05351
91;2020;2;4;0;3583.59741;17919.28320;0.19999;-0.00160;0.21081;1.05191
91;2020;2;4;0;3583.59741;17919.28320;0.19999;-0.00160;0.21064;1.05049
91;2020;2;4;0;3583.59717;17919.28320;0.19999;-0.00160;0.21048;1.04923
91;2020;2;4;0;3583.59692;17919.28320;0.19999;-0.00160;0.21035;1.04811
91;2020;2;4;0;3583.59717;17919.28320;0.19999;-0.00160;0.21023;1.04713
91;2020;2;4;0;3583.59692;17919.28320;0.19999;-0.00160;0.21013;1.04627
91;2020;2;4;0;3583.59717;17919.28320;0.19999;-0.00160;0.21004;1.04549
91;2020;2;4;0;3583.59668;17919.28320;0.19999;-0.00160;0.20995;1.04480
91;2020;2;4;0;3583.59717;17919.28320;0.19999;-0.00160;0.20987;1.04416
91;2020;2;4;0;3583.59668;17919.28320;0.19999;-0.00160;0.20980;1.04358
91;2020;2;4;0;3583.59717;17919.28320;0.19999;-0.00160;0.20974;1.04304
91;2020;2;4;0;3583.59668;17919.28320;0.19999;-0.00160;0.20968;1.04253
91;2020;2;4;0;3583.59717;17919.28320;0.19999;-0.00160;0.20962;1.04204
91;2020;2;4;0;3583.59668;17919.28320;0.19999;-0.00160;0.20956;1.04158
91;2020;2;4;0;3583.59692;17919.28320;0.19999;-0.00160;0.20951;1.04113
91;2020;2;4;0;3583.59668;17919.28320;0.19999;-0.00160;0.20946;1.04069
91;2020;2;4;0;3583.59692;17919.28320;0.19999;-0.00160;0.20941;1.04027
91;2020;2;4;0;3583.59668;17919.28320;0.19999;-0.00160;0.20936;1.03986
91;2020;2;4;0;3583.59692;17919.28320;0.19999;-0.00160;0.20931;1.03945
91;2020;2;4;0;3583.59668;17919.28320;0.19999;-0.00160;0.20926;1.03905
91;2020;2;4;0;3583.59692;17919.28320;0.19999;-0.00160;0.20921;1.03866
91;2020;2;4;0;3583.59668;17919.28320;0.19999;-0.00160;0.20916;1.03828
91;2020;2;4;0;3583.59692;17919.28320;0.19999;-0.00160;0.20912;1.03790
91;2020;2;4;0;3583.59644;17919.28320;0.19999;-0.00160;0.20907;1.03752
91;2020;2;4;0;3583.59644;17919.28320;0.19999;-0.00160;0.20903;1.03715
91;2020;2;4;0;3583.59644;17919.28320;0.19999;-0.00160;0.20898;1.03678
91;2020;2;4;0;3583.59644;17919.28320;0.19999;-0.00160;0.20894;1.03642
91;2020;2;4;0;3583.59644;17919.28320;0.19999;-0.00160;0.20890;1.03606
91;2020;2;4;0;3583.59644;17919.28320;0.19999;-0.00160;0.20885;1.03571
91;2020;2;4;0;3583.59644;17919.28320;0.19999;-0.00160;0.20881;1.03536
91;2020;2;4;0;3583.59644;17919.28320;0.19999;-0.00160;0.20877;1.03502
91;2020;2;4;0;3583.59644;17919.28320;0.19999;-0.00160;0.20873;1.03467
91;2020;2;4;0;3583.59644;17919.28320;0.19999;-0.00160;0.20869;1.03433
91;2020;2;4;0;3583.59644;17919.28320;0.19999;-0.00160;0.20865;1.03400
91;2020;2;5;0;3583.59644;17919.28320;0.19999;-0.00138;0.20843;1.03220
91;2020;2;5;0;3583.59619;17919.28125;0.19999;-0.00138;0.20795;1.02827
91;2020;2;5;0;3583.59570;17919.28125;0.19999;-0.00138;0.20742;1.02391
91;2020;2;5;0;3583.59521;17919.27930;0.19999;-0.00138;0.20696;1.02007
91;2020;2;5;0;3583.59497;17919.27930;0.19999;-0.00138;0.20655;1.01676
91;2020;2;5;0;3583.59497;17919.27930;0.19999;-0.00138;0.20625;1.01429
91;2020;2;5;0;3583.59497;17919.27930;0.19999;-0.00138;0.20604;1.01253
91;2020;2;5;0;3583.59497;17919.27930;0.19999;-0.00138;0.20588;1.01121
91;2020;2;5;0;3583.59473;17919.27930;0.19999;-0.00138;0.20577;1.01033
91;2020;2;5;0;3583.59497;17919.27930;0.19999;-0.00138;0.20569;1.00969
91;2020;2;5;0;3583.59473;17919.27930;0.19999;-0.00138;0.20564;1.00930
91;2020;2;5;0;3583.59497;17919.27930;0.19999;-0.00138;0.20561;1.00901
91;2020;2;5;0;3583.59473;17919.27930;0.19999;-0.00138;0.20558;1.00879
91;2020;2;5;0;3583.59497;17919.27930;0.19999;-0.00138;0.20555;1.00857
91;2020;2;5;0;3583.59473;17919.27930;0.19999;-0.00138;0.20552;1.00833
91;2020;2;5;0;3583.59497;17919.27930;0.19999;-0.00138;0.20549;1.00804
91;2020;2;5;0;3583.59473;17919.27930;0.19999;-0.00138;0.20544;1.00768
91;2020;2;5;0;3583.59497;17919.27930;0.19999;-0.00138;0.20539;1.00727
91;2020;2;5;0;3583.59473;17919.27930;0.19999;-0.00138;0.20534;1.00681
91;2020;2;5;0;3583.59473;17919.27930;0.19999;-0.00138;0.20528;1.00631
91;2020;2;5;0;3583.59473;17919.27930;0.19999;-0.00138;0.20521;1.00577
91;2020;2;5;0;3583.59473;17919.27930;0.19999;-0.00138;0.20514;1.00522
91;2020;2;5;0;3583.59473;17919.27930;0.19999;-0.00138;0.20508;1.00467
91;2020;2;5;0;3583.59473;17919.27930;0.19999;-0.00138;0.20501;1.00411
91;2020;2;5;0;3583.59473;17919.27930;0.19999;-0.00138;0.20494;1.00356
91;2020;2;5;0;3583.59473;17919.27930;0.19999;-0.00138;0.20487;1.00302
91;2020;2;5;0;3583.59448;17919.27930;0.19999;-0.00138;0.20481;1.00249
91;2020;2;5;0;3583.59424;17919.27734;0.19999;-0.00138;0.20475;1.00198
91;2020;2;5;0;3583.59448;17919.27930;0.19999;-0.00138;0.20469;1.00149
91;2020;2;5;0;3583.59424;17919.27734;0.19999;-0.00138;0.20463;1.00101
91;2020;2;5;0;3583.59448;17919.27930;0.19999;-0.00138;0.20457;1.00055
91;2020;2;5;0;3583.59424;17919.27734;0.19999;-0.00138;0.20452;1.00011
91;2020;2;5;0;3583.59448;17919.27930;0.19999;-0.00138;0.20446;0.99968
91;2020;2;5;0;3583.59424;17919.27734;0.19999;-0.00138;0.20441;0.99926
91;2020;2;5;0;3583.59424;17919.27734;0.19999;-0.00138;0.20436;0.99885
91;2020;2;5;0;3583.59424;17919.27734;0.19999;-0.00138;0.20431;0.99846
91;2020;2;5;0;3583.59424;17919.27734;0.19999;-0.00138;0.20427;0.99807
91;2020;2;5;0;3583.59424;17919.27734;0.19999;-0.00138;0.20422;0.99769
91;2020;2;5;0;3583.59424;17919.27734;0.19999;-0.00138;0.20417;0.99732
91;2020;2;5;0;3583.59424;17919.27734;0.19999;-0.00138;0.20413;0.99696
91;2020;2;5;0;3583.59424;17919.27734;0.19999;-0.00138;0.20409;0.99660
91;2020;2;5;0;3583.59424;17919.27734;0.19999;-0.00138;0.20404;0.99624
91;2020;2;5;0;3583.59424;17919.27734;0.19999;-0.00138;0.20400;0.99589
91;2020;2;5;0;3583.59424;17919.27734;0.19999;-0.00138;0.20396;0.99554
91;2020;2;5;0;3583.59399;17919.27734;0.19999;-0.00138;0.20391;0.99520
91;2020;2;5;0;3583.59375;17919.27734;0.19999;-0.00138;0.20387;0.99486
91;2020;2;5;0;3583.59375;17919.27734;0.19999;-0.00138;0.20383;0.99451
91;2020;2;5;0;3583.59375;17919.27734;0.19999;-0.00138;0.20379;0.99418
91;2020;2;6;0;3583.59375;17919.27734;0.19999;-0.00119;0.20360;0.99261
91;2020;2;6;0;3583.59351;17919.27734;0.19999;-0.00119;0.20319;0.98934
91;2020;2;6;0;3583.59302;17919.27539;0.19999;-0.00119;0.20276;0.98582
91;2020;2;6;0;3583.59326;17919.27734;0.19999;-0.00119;0.20238;0.98279
91;2020;2;6;0;3583.59277;17919.27539;0.19999;-0.00119;0.20203;0.97992
91;2020;2;6;0;3583.59277;17919.27539;0.19999;-0.00119;0.20169;0.97719
91;2020;2;6;0;3583.59253;17919.27539;0.19999;-0.00119;0.20135;0.97447
91;2020;2;6;0;3583.59253;17919.27539;0.19999;-0.00119;0.20101;0.97166
91;2020;2;6;0;3583.59229;17919.27539;0.19999;-0.00119;0.20066;0.96886
91;2020;2;6;0;3583.59204;17919.27344;0.19999;-0.00119;0.20031;0.96604
91;2020;2;6;0;3583.59180;17919.27344;0.19999;-0.00119;0.19997;0.96331
91;2020;2;6;0;3583.59131;17919.27344;0.19999;-0.00119;0.19964;0.96068
91;2020;2;6;0;3583.59131;17919.27344;0.19999;-0.00119;0.19933;0.95823
91;2020;2;6;0;3583.59106;17919.27148;0.19999;-0.00119;0.19905;0.95596
91;2020;2;6;0;3583.59131;17919.27344;0.19999;-0.00119;0.19879;0.95389
91;2020;2;6;0;3583.59082;17919.27148;0.19999;-0.00119;0.19856;0.95201
91;2020;2;6;0;3583.59131;17919.27344;0.19999;-0.00119;0.19835;0.95032
91;2020;2;6;0;3583.59058;17919.27148;0.19999;-0.00119;0.19816;0.94881
91;2020;2;6;0;3583.59082;17919.27148;0.19999;-0.00119;0.19799;0.94745
91;2020;2;6;0;3583.59082;17919.27148;0.19999;-0.00119;0.19783;0.94623
91;2020;2;6;0;3583.59082;17919.27148;0.19999;-0.00119;0.19769;0.94513
91;2020;2;6;0;3583.59082;17919.27148;0.19999;-0.00119;0.19757;0.94413
91;2020;2;6;0;3583.59082;17919.27148;0.19999;-0.00119;0.19746;0.94322
91;2020;2;6;0;3583.59058;17919.27148;0.19999;-0.00119;0.19735;0.94239
91;2020;2;6;0;3583.59033;17919.27148;0.19999;-0.00119;0.19725;0.94161
91;2020;2;6;0;3583.59033;17919.27148;0.19999;-0.00119;0.19716;0.94089
91;2020;2;6;0;3583.59033;17919.27148;0.19999;-0.00119;0.19708;0.94021
91;2020;2;6;0;3583.59033;17919.27148;0.19999;-0.00119;0.19699;0.93956
91;2020;2;6;0;3583.59033;17919.27148;0.19999;-0.00119;0.19692;0.93895
91;2020;2;6;0;3583.59009;17919.27148;0.19999;-0.00119;0.19684;0.93836
91;2020;2;6;0;3583.58984;17919.26953;0.19999;-0.00119;0.19677;0.93779
91;2020;2;6;0;3583.59009;17919.27148;0.19999;-0.00119;0.19670;0.93724
91;2020;2;6;0;3583.58984;17919.26953;0.19999;-0.00119;0.19664;0.93671
91;2020;2;6;0;3583.59009;17919.27148;0.19999;-0.00119;0.19657;0.93619
91;2020;2;6;0;3583.58984;17919.26953;0.19999;-0.00119;0.19651;0.93569
91;2020;2;6;0;3583.59009;17919.27148;0.19999;-0.00119;0.19644;0.93519
91;2020;2;6;0;3583.58960;17919.26953;0.19999;-0.00119;0.19638;0.93471
91;2020;2;6;0;3583.58960;17919.26953;0.19999;-0.00119;0.19632;0.93424
91;2020;2;6;0;3583.58960;17919.26953;0.19999;-0.00119;0.19627;0.93377
91;2020;2;6;0;3583.58960;17919.26953;0.19999;-0.00119;0.19621;0.93332
91;2020;2;6;0;3583.58960;17919.26953;0.19999;-0.00119;0.19615;0.93287
91;2020;2;6;0;3583.58960;17919.26953;0.19999;-0.00119;0.19610;0.93243
91;2020;2;6;0;3583.58960;17919.26953;0.19999;-0.00119;0.19604;0.93200
91;2020;2;6;0;3583.58960;17919.26953;0.19999;-0.00119;0.19599;0.93157
91;2020;2;6;0;3583.58936;17919.26953;0.19999;-0.00119;0.19593;0.93114
91;2020;2;6;0;3583.58960;17919.26953;0.19999;-0.00119;0.19588;0.93073
91;2020;2;6;0;3583.58936;17919.26953;0.19999;-0.00119;0.19583;0.93032
91;2020;2;6;0;3583.58960;17919.26953;0.19999;-0.00119;0.19578;0.92991
91;2020;2;7;0;3583.58960;17919.26953;0.19999;-0.00110;0.19562;0.92866
91;2020;2;7;0;3583.58936;17919.26953;0.19999;-0.00110;0.19529;0.92603
91;2020;2;7;0;3583.58887;17919.26758;0.19999;-0.00110;0.19494;0.92326
91;2020;2;7;0;3583.58936;17919.26953;0.19999;-0.00110;0.19468;0.92121
91;2020;2;7;0;3583.58862;17919.26758;0.19999;-0.00110;0.19448;0.91963
91;2020;2;7;0;3583.58887;17919.26758;0.19999;-0.00110;0.19433;0.91851
91;2020;2;7;0;3583.58911;17919.26953;0.19999;-0.00110;0.19423;0.91771
91;2020;2;7;0;3583.58887;17919.26758;0.19999;-0.00110;0.19416;0.91713
91;2020;2;7;0;3583.58911;17919.26953;0.19999;-0.00110;0.19412;0.91679
91;2020;2;7;0;3583.58887;17919.26758;0.19999;-0.00110;0.19409;0.91659
91;2020;2;7;0;3583.58911;17919.26953;0.19999;-0.00110;0.19408;0.91652
91;2020;2;7;0;3583.58887;17919.26758;0.19999;-0.00110;0.19408;0.91651
91;2020;2;7;0;3583.58911;17919.26953;0.19999;-0.00110;0.19409;0.91655
91;2020;2;7;0;3583.58887;17919.26758;0.19999;-0.00110;0.19409;0.91658
91;2020;2;7;0;3583.58911;17919.26953;0.19999;-0.00110;0.19409;0.91658
91;2020;2;7;0;3583.58887;17919.26758;0.19999;-0.00110;0.19408;0.91653
91;2020;2;7;0;3583.58887;17919.26758;0.19999;-0.00110;0.19407;0.91642
91;2020;2;7;0;3583.58887;17919.26758;0.19999;-0.00110;0.19405;0.91626
91;2020;2;7;0;3583.58887;17919.26758;0.19999;-0.00110;0.19402;0.91603
91;2020;2;7;0;3583.58887;17919.26758;0.19999;-0.00110;0.19398;0.91575
91;2020;2;7;0;3583.58887;17919.26758;0.19999;-0.00110;0.19394;0.91543
91;2020;2;7;0;3583.58887;17919.26758;0.19999;-0.00110;0.19390;0.91508
91;2020;2;7;0;3583.58887;17919.26758;0.19999;-0.00110;0.19385;0.91469
91;2020;2;7;0;3583.58887;17919.26758;0.19999;-0.00110;0.19380;0.91430
91;2020;2;7;0;3583.58887;17919.26758;0.19999;-0.00110;0.19375;0.91389
91;2020;2;7;0;3583.58887;17919.26758;0.19999;-0.00110;0.19369;0.91347
91;2020;2;7;0;3583.58887;17919.26758;0.19999;-0.00110;0.19364;0.91305
91;2020;2;7;0;3583.58862;17919.26758;0.19999;-0.00110;0.19359;0.91264
91;2020;2;7;0;3583.58838;17919.26758;0.19999;-0.00110;0.19354;0.91223
91;2020;2;7;0;3583.58862;17919.26758;0.19999;-0.00110;0.19348;0.91182
91;2020;2;7;0;3583.58838;17919.26758;0.19999;-0.00110;0.19343;0.91142
91;2020;2;7;0;3583.58862;17919.26758;0.19999;-0.00110;0.19338;0.91103
91;2020;2;7;0;3583.58838;17919.26758;0.19999;-0.00110;0.19333;0.91065
91;2020;2;7;0;3583.58862;17919.26758;0.19999;-0.00110;0.19329;0.91027
91;2020;2;7;0;3583.58838;17919.26758;0.19999;-0.00110;0.19324;0.90990
91;2020;2;7;0;3583.58862;17919.26758;0.19999;-0.00110;0.19319;0.90953
91;2020;2;7;0;3583.58838;17919.26758;0.19999;-0.00110;0.19315;0.90918
91;2020;2;7;0;3583.58838;17919.26758;0.19999;-0.00110;0.19310;0.90882
91;2020;2;7;0;3583.58838;17919.26758;0.19999;-0.00110;0.19306;0.90847
91;2020;2;7;0;3583.58838;17919.26758;0.19999;-0.00110;0.19301;0.90813
91;2020;2;7;0;3583.58838;17919.26758;0.19999;-0.00110;0.19297;0.90778
91;2020;2;7;0;3583.58838;17919.26758;0.19999;-0.00110;0.19293;0.90745
91;2020;2;7;0;3583.58838;17919.26758;0.19999;-0.00110;0.19288;0.90711
91;2020;2;7;0;3583.58838;17919.26758;0.19999;-0.00110;0.19284;0.90678
91;2020;2;7;0;3583.58838;17919.26758;0.19999;-0.00110;0.19280;0.90644
91;2020;2;7;0;3583.58838;17919.26758;0.19999;-0.00110;0.19276;0.90611
91;2020;2;7;0;3583.58838;17919.26758;0.19999;-0.00110;0.19271;0.90578
91;2020;2;7;0;3583.58813;17919.26758;0.19999;-0.00110;0.19267;0.90545
91;2020;2;8;0;3583.58789;17919.26562;0.19999;-0.00087;0.19251;0.90419
91;2020;2;8;0;3583.58789;17919.26562;0.19999;-0.00087;0.19220;0.90173
91;2020;2;8;0;3583.58789;17919.26562;0.19999;-0.00087;0.19187;0.89915
91;2020;2;8;0;3583.58765;17919.26562;0.19999;-0.00087;0.19161;0.89718
91;2020;2;8;0;3583.58740;17919.26562;0.19999;-0.00087;0.19142;0.89564
91;2020;2;8;0;3583.58740;17919.26562;0.19999;-0.00087;0.19124;0.89424
91;2020;2;8;0;3583.58740;17919.26562;0.19999;-0.00087;0.19106;0.89283
91;2020;2;8;0;3583.58740;17919.26562;0.19999;-0.00087;0.19086;0.89127
91;2020;2;8;0;3583.58716;17919.26562;0.19999;-0.00087;0.19065;0.88965
91;2020;2;8;0;3583.58691;17919.26562;0.19999;-0.00087;0.19043;0.88794
91;2020;2;8;0;3583.58667;17919.26367;0.19999;-0.00087;0.19021;0.88622
91;2020;2;8;0;3583.58643;17919.26367;0.19999;-0.00087;0.18999;0.88451
91;2020;2;8;0;3583.58643;17919.26367;0.19999;-0.00087;0.18978;0.88288
91;2020;2;8;0;3583.58643;17919.26367;0.19999;-0.00087;0.18957;0.88132
91;2020;2;8;0;3583.58618;17919.26367;0.19999;-0.00087;0.18939;0.87989
91;2020;2;8;0;3583.58643;17919.26367;0.19999;-0.00087;0.18922;0.87857
91;2020;2;8;0;3583.58618;17919.26367;0.19999;-0.00087;0.18906;0.87737
91;2020;2;8;0;3583.58618;17919.26367;0.19999;-0.00087;0.18893;0.87629
91;2020;2;8;0;3583.58618;17919.26367;0.19999;-0.00087;0.18880;0.87532
91;2020;2;8;0;3583.58618;17919.26367;0.19999;-0.00087;0.18869;0.87445
91;2020;2;8;0;3583.58618;17919.26367;0.19999;-0.00087;0.18858;0.87366
91;2020;2;8;0;3583.58618;17919.26367;0.19999;-0.00087;0.18849;0.87294
91;2020;2;8;0;3583.58594;17919.26367;0.19999;-0.00087;0.18841;0.87228
91;2020;2;8;0;3583.58569;17919.26172;0.19999;-0.00087;0.18833;0.87168
91;2020;2;8;0;3583.58594;17919.26367;0.19999;-0.00087;0.18825;0.87112
91;2020;2;8;0;3583.58569;17919.26172;0.19999;-0.00087;0.18819;0.87059
91;2020;2;8;0;3583.58594;17919.26367;0.19999;-0.00087;0.18812;0.87010
91;2020;2;8;0;3583.58569;17919.26172;0.19999;-0.00087;0.18806;0.86962
91;2020;2;8;0;3583.58594;17919.26367;0.19999;-0.00087;0.18800;0.86917
91;2020;2;8;0;3583.58545;17919.26172;0.19999;-0.00087;0.18795;0.86873
91;2020;2;8;0;3583.58545;17919.26172;0.19999;-0.00087;0.18789;0.86831
91;2020;2;8;0;3583.58545;17919.26172;0.19999;-0.00087;0.18784;0.86790
91;2020;2;8;0;3583.58545;17919.26172;0.19999;-0.00087;0.18778;0.86750
91;2020;2;8;0;3583.58545;17919.26172;0.19999;-0.00087;0.18773;0.86710
91;2020;2;8;0;3583.58545;17919.26172;0.19999;-0.00087;0.18768;0.86672
91;2020;2;8;0;3583.58545;17919.26172;0.19999;-0.00087;0.18763;0.86634
91;2020;2;8;0;3583.58545;17919.26172;0.19999;-0.00087;0.18759;0.86596
91;2020;2;8;0;3583.58545;17919.26172;0.19999;-0.00087;0.18754;0.86559
91;2020;2;8;0;3583.58521;17919.26172;0.19999;-0.00087;0.18749;0.86522
91;2020;2;8;0;3583.58521;17919.26172;0.19999;-0.00087;0.18744;0.86486
91;2020;2;8;0;3583.58521;17919.26172;0.19999;-0.00087;0.18740;0.86450
91;2020;2;8;0;3583.58521;17919.26172;0.19999;-0.00087;0.18735;0.86415
91;2020;2;8;0;3583.58521;17919.26172;0.19999;-0.00087;0.18730;0.86380
91;2020;2;8;0;3583.58521;17919.26172;0.19999;-0.00087;0.18726;0.86345
91;2020;2;8;0;3583.58521;17919.26172;0.19999;-0.00087;0.18721;0.86310
91;2020;2;8;0;3583.58521;17919.26172;0.19999;-0.00087;0.18717;0.86276
91;2020;2;8;0;3583.58521;17919.26172;0.19999;-0.00087;0.18712;0.86242
91;2020;2;8;0;3583.58521;17919.26172;0.19999;-0.00087;0.18708;0.86208
91;2020;2;9;0;3583.58472;17919.25977;0.19999;-0.00097;0.18699;0.86139
91;2020;2;9;0;3583.58472;17919.25977;0.19999;-0.00097;0.18679;0.85985
91;2020;2;9;0;3583.58447;17919.25977;0.19999;-0.00097;0.18658;0.85823
91;2020;2;9;0;3583.58472;17919.25977;0.19999;-0.00097;0.18640;0.85683
91;2020;2;9;0;3583.58447;17919.25977;0.19999;-0.00097;0.18620;0.85534
91;2020;2;9;0;3583.58447;17919.25977;0.19999;-0.00097;0.18603;0.85406
91;2020;2;9;0;3583.58447;17919.25977;0.19999;-0.00097;0.18590;0.85306
91;2020;2;9;0;3583.58447;17919.25977;0.19999;-0.00097;0.18581;0.85236
91;2020;2;9;0;3583.58447;17919.25977;0.19999;-0.00097;0.18576;0.85195
91;2020;2;9;0;3583.58447;17919.25977;0.19999;-0.00097;0.18574;0.85179
91;2020;2;9;0;3583.58447;17919.25977;0.19999;-0.00097;0.18574;0.85185
91;2020;2;9;0;3583.58447;17919.25977;0.19999;-0.00097;0.18577;0.85206
91;2020;2;9;0;3583.58447;17919.25977;0.19999;-0.00097;0.18581;0.85238
91;2020;2;9;0;3583.58447;17919.25977;0.19999;-0.00097;0.18586;0.85275
91;2020;2;9;0;3583.58447;17919.25977;0.19999;-0.00097;0.18591;0.85313
91;2020;2;9;0;3583.58447;17919.25977;0.19999;-0.00097;0.18596;0.85349
91;2020;2;9;0;3583.58447;17919.25977;0.19999;-0.00097;0.18600;0.85380
91;2020;2;9;0;3583.58447;17919.25977;0.19999;-0.00097;0.18604;0.85407
91;2020;2;9;0;3583.58447;17919.25977;0.19999;-0.00097;0.18606;0.85427
91;2020;2;9;0;3583.58447;17919.25977;0.19999;-0.00097;0.18608;0.85442
91;2020;2;9;0;3583.58447;17919.25977;0.19999;-0.00097;0.18609;0.85452
91;2020;2;9;0;3583.58447;17919.25977;0.19999;-0.00097;0.18610;0.85456
91;2020;2;9;0;3583.58447;17919.25977;0.19999;-0.00097;0.18610;0.85456
91;2020;2;9;0;3583.58447;17919.25977;0.19999;-0.00097;0.18609;0.85452
91;2020;2;9;0;3583.58447;17919.25977;0.19999;-0.00097;0.18608;0.85444
91;2020;2;9;0;3583.58447;17919.25977;0.19999;-0.00097;0.18607;0.85434
91;2020;2;9;0;3583.58447;17919.25977;0.19999;-0.00097;0.18605;0.85421
91;2020;2;9;0;3583.58447;17919.25977;0.19999;-0.00097;0.18603;0.85405
91;2020;2;9;0;3583.58447;17919.25977;0.19999;-0.00097;0.18601;0.85388
91;2020;2;9;0;3583.58447;17919.25977;0.19999;-0.00097;0.18599;0.85370
91;2020;2;9;0;3583.58447;17919.25977;0.19999;-0.00097;0.18596;0.85350
91;2020;2;9;0;3583.58447;17919.25977;0.19999;-0.00097;0.18593;0.85329
91;2020;2;9;0;3583.58447;17919.25977;0.19999;-0.00097;0.18591;0.85308
91;2020;2;9;0;3583.58447;17919.25977;0.19999;-0.00097;0.18588;0.85285
91;2020;2;9;0;3583.58447;17919.25977;0.19999;-0.00097;0.18585;0.85262
91;2020;2;9;0;3583.58447;17919.25977;0.19999;-0.00097;0.18581;0.85238
91;2020;2;9;0;3583.58447;17919.25977;0.19999;-0.00097;0.18578;0.85214
91;2020;2;9;0;3583.58447;17919.25977;0.19999;-0.00097;0.18575;0.85189
91;2020;2;9;0;3583.58447;17919.25977;0.19999;-0.00097;0.18572;0.85164
91;2020;2;9;0;3583.58447;17919.25977;0.19999;-0.00097;0.18568;0.85139
91;2020;2;9;0;3583.58447;17919.25977;0.19999;-0.00097;0.18565;0.85113
91;2020;2;9;0;3583.58423;17919.25977;0.19999;-0.00097;0.18562;0.85087
91;2020;2;9;0;3583.58447;17919.25977;0.19999;-0.00097;0.18558;0.85061
91;2020;2;9;0;3583.58423;17919.25977;0.19999;-0.00097;0.18555;0.85034
91;2020;2;9;0;3583.58447;17919.25977;0.19999;-0.00097;0.18551;0.85008
91;2020;2;9;0;3583.58423;17919.25977;0.19999;-0.00097;0.18548;0.84981
91;2020;2;9;0;3583.58447;17919.25977;0.19999;-0.00097;0.18544;0.84954
91;2020;2;9;0;3583.58423;17919.25977;0.19999;-0.00097;0.18541;0.84927
91;2020;2;10;0;3583.58447;17919.25977;0.19999;-0.00069;0.18531;0.84853
91;2020;2;10;0;3583.58423;17919.25977;0.19999;-0.00069;0.18520;0.84770
91;2020;2;10;0;3583.58423;17919.25977;0.19999;-0.00069;0.18517;0.84746
91;2020;2;10;0;3583.58447;17919.25977;0.19999;-0.00069;0.18527;0.84823
91;2020;2;10;0;3583.58423;17919.25977;0.19999;-0.00069;0.18546;0.84965
91;2020;2;10;0;3583.58472;17919.25977;0.19999;-0.00069;0.18564;0.85103
91;2020;2;10;0;3583.58423;17919.25977;0.19999;-0.00069;0.18578;0.85214
91;2020;2;10;0;3583.58472;17919.25977;0.19999;-0.00069;0.18588;0.85286
91;2020;2;10;0;3583.58423;17919.25977;0.19999;-0.00069;0.18593;0.85327
91;2020;2;10;0;3583.58472;17919.25977;0.19999;-0.00069;0.18594;0.85337
91;2020;2;10;0;3583.58423;17919.25977;0.19999;-0.00069;0.18593;0.85326
91;2020;2;10;0;3583.58472;17919.25977;0.19999;-0.00069;0.18589;0.85297
91;2020;2;10;0;3583.58423;17919.25977;0.19999;-0.00069;0.18584;0.85259
91;2020;2;10;0;3583.58472;17919.25977;0.19999;-0.00069;0.18579;0.85217
91;2020;2;10;0;3583.58423;17919.25977;0.19999;-0.00069;0.18573;0.85174
91;2020;2;10;0;3583.58472;17919.25977;0.19999;-0.00069;0.18568;0.85133
91;2020;2;10;0;3583.58398;17919.25977;0.19999;-0.00069;0.18563;0.85094
91;2020;2;10;0;3583.58423;17919.25977;0.19999;-0.00069;0.18558;0.85059
91;2020;2;10;0;3583.58447;17919.25977;0.19999;-0.00069;0.18554;0.85026
91;2020;2;10;0;3583.58423;17919.25977;0.19999;-0.00069;0.18550;0.84997
91;2020;2;10;0;3583.58447;17919.25977;0.19999;-0.00069;0.18546;0.84969
91;2020;2;10;0;3583.58423;17919.25977;0.19999;-0.00069;0.18543;0.84944
91;2020;2;10;0;3583.58447;17919.25977;0.19999;-0.00069;0.18540;0.84919
91;2020;2;10;0;3583.58423;17919.25977;0.19999;-0.00069;0.18536;0.84894
91;2020;2;10;0;3583.58447;17919.25977;0.19999;-0.00069;0.18533;0.84870
91;2020;2;10;0;3583.58423;17919.25977;0.19999;-0.00069;0.18530;0.84845
91;2020;2;10;0;3583.58447;17919.25977;0.19999;-0.00069;0.18527;0.84821
91;2020;2;10;0;3583.58423;17919.25977;0.19999;-0.00069;0.18524;0.84796
91;2020;2;10;0;3583.58447;17919.25977;0.19999;-0.00069;0.18520;0.84771
91;2020;2;10;0;3583.58398;17919.25977;0.19999;-0.00069;0.18517;0.84745
91;2020;2;10;0;3583.58398;17919.25977;0.19999;-0.00069;0.18513;0.84719
91;2020;2;10;0;3583.58398;17919.25977;0.19999;-0.00069;0.18510;0.84693
91;2020;2;10;0;3583.58398;17919.25977;0.19999;-0.00069;0.18507;0.84666
91;2020;2;10;0;3583.58398;17919.25977;0.19999;-0.00069;0.18503;0.84640
91;2020;2;10;0;3583.58398;17919.25977;0.19999;-0.00069;0.18500;0.84613
91;2020;2;10;0;3583.58398;17919.25977;0.19999;-0.00069;0.18496;0.84586
91;2020;2;10;0;3583.58398;17919.25977;0.19999;-0.00069;0.18493;0.84559
91;2020;2;10;0;3583.58398;17919.25977;0.19999;-0.00069;0.18489;0.84532
91;2020;2;10;0;3583.58398;17919.25977;0.19999;-0.00069;0.18485;0.84505
91;2020;2;10;0;3583.58398;17919.25977;0.19999;-0.00069;0.18482;0.84479
91;2020;2;10;0;3583.58398;17919.25977;0.19999;-0.00069;0.18478;0.84452
91;2020;2;10;0;3583.58398;17919.25977;0.19999;-0.00069;0.18475;0.84425
91;2020;2;10;0;3583.58398;17919.25977;0.19999;-0.00069;0.18471;0.84399
91;2020;2;10;0;3583.58374;17919.25977;0.19999;-0.00069;0.18468;0.84372
91;2020;2;10;0;3583.58398;17919.25977;0.19999;-0.00068;0.18465;0.84346
91;2020;2;10;0;3583.58374;17919.25977;0.19999;-0.00069;0.18461;0.84320
91;2020;2;10;0;3583.58398;17919.25977;0.19999;-0.00068;0.18458;0.84294
91;2020;2;10;0;3583.58374;17919.25977;0.19999;-0.00069;0.18454;0.84268
91;2020;2;11;0;3583.58350;17919.25781;0.19999;-0.00064;0.18441;0.84164
91;2020;2;11;0;3583.58350;17919.25781;0.19999;-0.00064;0.18409;0.83926
91;2020;2;11;0;3583.58325;17919.25781;0.19999;-0.00064;0.18370;0.83625
91;2020;2;11;0;3583.58325;17919.25781;0.19999;-0.00064;0.18327;0.83302
91;2020;2;11;0;3583.58301;17919.25781;0.19999;-0.00064;0.18284;0.82974
91;2020;2;11;0;3583.58276;17919.25781;0.19999;-0.00064;0.18245;0.82678
91;2020;2;11;0;3583.58276;17919.25781;0.19999;-0.00064;0.18211;0.82427
91;2020;2;11;0;3583.58252;17919.25586;0.19999;-0.00064;0.18184;0.82219
91;2020;2;11;0;3583.58228;17919.25586;0.19999;-0.00064;0.18162;0.82052
91;2020;2;11;0;3583.58228;17919.25586;0.19999;-0.00064;0.18144;0.81920
91;2020;2;11;0;3583.58203;17919.25586;0.19999;-0.00064;0.18131;0.81818
91;2020;2;11;0;3583.58179;17919.25586;0.19999;-0.00064;0.18120;0.81739
91;2020;2;11;0;3583.58203;17919.25586;0.19999;-0.00064;0.18112;0.81676
91;2020;2;11;0;3583.58179;17919.25586;0.19999;-0.00064;0.18104;0.81622
91;2020;2;11;0;3583.58203;17919.25586;0.19999;-0.00064;0.18098;0.81574
91;2020;2;11;0;3583.58154;17919.25391;0.19999;-0.00064;0.18092;0.81528
91;2020;2;11;0;3583.58154;17919.25391;0.19999;-0.00064;0.18086;0.81482
91;2020;2;11;0;3583.58154;17919.25391;0.19999;-0.00064;0.18080;0.81436
91;2020;2;11;0;3583.58154;17919.25391;0.19999;-0.00064;0.18073;0.81389
91;2020;2;11;0;3583.58154;17919.25391;0.19999;-0.00064;0.18067;0.81342
91;2020;2;11;0;3583.58154;17919.25391;0.19999;-0.00064;0.18061;0.81294
91;2020;2;11;0;3583.58154;17919.25391;0.19999;-0.00064;0.18054;0.81247
91;2020;2;11;0;3583.58130;17919.25391;0.19998;-0.00064;0.18048;0.81200
91;2020;2;11;0;3583.58154;17919.25391;0.19999;-0.00064;0.18042;0.81154
91;2020;2;11;0;3583.58130;17919.25391;0.19998;-0.00064;0.18036;0.81109
91;2020;2;11;0;3583.58154;17919.25391;0.19999;-0.00064;0.18030;0.81065
91;2020;2;11;0;3583.58130;17919.25391;0.19998;-0.00064;0.18024;0.81022
91;2020;2;11;0;3583.58154;17919.25391;0.19999;-0.00064;0.18019;0.80981
91;2020;2;11;0;3583.58130;17919.25391;0.19998;-0.00064;0.18014;0.80940
91;2020;2;11;0;3583.58154;17919.25391;0.19999;-0.00064;0.18008;0.80901
91;2020;2;11;0;3583.58130;17919.25391;0.19998;-0.00064;0.18003;0.80863
91;2020;2;11;0;3583.58130;17919.25391;0.19998;-0.00064;0.17998;0.80826
91;2020;2;11;0;3583.58130;17919.25391;0.19998;-0.00064;0.17993;0.80790
91;2020;2;11;0;3583.58130;17919.25391;0.19998;-0.00064;0.17989;0.80755
91;2020;2;11;0;3583.58130;17919.25391;0.19998;-0.00064;0.17984;0.80721
91;2020;2;11;0;3583.58130;17919.25391;0.19998;-0.00064;0.17980;0.80687
91;2020;2;11;0;3583.58130;17919.25391;0.19998;-0.00064;0.17975;0.80653
91;2020;2;11;0;3583.58130;17919.25391;0.19998;-0.00064;0.17971;0.80621
91;2020;2;11;0;3583.58130;17919.25391;0.19998;-0.00064;0.17966;0.80588
91;2020;2;11;0;3583.58130;17919.25391;0.19998;-0.00064;0.17962;0.80556
91;2020;2;11;0;3583.58130;17919.25391;0.19998;-0.00064;0.17958;0.80524
91;2020;2;11;0;3583.58105;17919.25391;0.19998;-0.00064;0.17954;0.80493
91;2020;2;11;0;3583.58130;17919.25391;0.19998;-0.00064;0.17950;0.80462
91;2020;2;11;0;3583.58105;17919.25391;0.19998;-0.00064;0.17945;0.80431
91;2020;2;11;0;3583.58130;17919.25391;0.19998;-0.00064;0.17941;0.80400
91;2020;2;11;0;3583.58105;17919.25391;0.19998;-0.00064;0.17937;0.80369
91;2020;2;11;0;3583.58130;17919.25391;0.19998;-0.00064;0.17933;0.80339
91;2020;2;11;0;3583.58105;17919.25391;0.19998;-0.00064;0.17929;0.80308
91;2020;2;12;0;3583.58105;17919.25391;0.19998;-0.00047;0.17925;0.80275
91;2020;2;12;0;3583.58105;17919.25391;0.19998;-0.00047;0.17921;0.80246
91;2020;2;12;0;3583.58105;17919.25391;0.19998;-0.00047;0.17915;0.80204
91;2020;2;12;0;3583.58105;17919.25391;0.19998;-0.00047;0.17914;0.80193
91;2020;2;12;0;3583.58105;17919.25391;0.19998;-0.00047;0.17917;0.80222
91;2020;2;12;0;3583.58105;17919.25391;0.19998;-0.00047;0.17921;0.80251
91;2020;2;12;0;3583.58105;17919.25391;0.19998;-0.00047;0.17923;0.80267
91;2020;2;12;0;3583.58105;17919.25391;0.19998;-0.00047;0.17922;0.80254
91;2020;2;12;0;3583.58105;17919.25391;0.19998;-0.00047;0.17918;0.80223
91;2020;2;12;0;3583.58105;17919.25391;0.19998;-0.00047;0.17910;0.80170
91;2020;2;12;0;3583.58081;17919.25391;0.19998;-0.00047;0.17902;0.80106
91;2020;2;12;0;3583.58057;17919.25195;0.19998;-0.00047;0.17892;0.80034
91;2020;2;12;0;3583.58081;17919.25391;0.19998;-0.00047;0.17882;0.79960
91;2020;2;12;0;3583.58057;17919.25195;0.19998;-0.00047;0.17872;0.79887
91;2020;2;12;0;3583.58081;17919.25391;0.19998;-0.00047;0.17863;0.79817
91;2020;2;12;0;3583.58032;17919.25195;0.19998;-0.00047;0.17854;0.79753
91;2020;2;12;0;3583.58032;17919.25195;0.19998;-0.00047;0.17847;0.79694
91;2020;2;12;0;3583.58032;17919.25195;0.19998;-0.00047;0.17839;0.79640
91;2020;2;12;0;3583.58032;17919.25195;0.19998;-0.00047;0.17833;0.79589
91;2020;2;12;0;3583.58032;17919.25195;0.19998;-0.00047;0.17826;0.79543
91;2020;2;12;0;3583.58032;17919.25195;0.19998;-0.00047;0.17820;0.79500
91;2020;2;12;0;3583.58032;17919.25195;0.19998;-0.00047;0.17815;0.79458
91;2020;2;12;0;3583.58008;17919.25195;0.19998;-0.00047;0.17810;0.79419
91;2020;2;12;0;3583.58032;17919.25195;0.19998;-0.00047;0.17804;0.79380
91;2020;2;12;0;3583.58008;17919.25195;0.19998;-0.00047;0.17799;0.79343
91;2020;2;12;0;3583.58032;17919.25195;0.19998;-0.00047;0.17794;0.79306
91;2020;2;12;0;3583.58008;17919.25195;0.19998;-0.00047;0.17790;0.79271
91;2020;2;12;0;3583.58032;17919.25195;0.19998;-0.00047;0.17785;0.79236
91;2020;2;12;0;3583.58008;17919.25195;0.19998;-0.00047;0.17780;0.79201
91;2020;2;12;0;3583.58032;17919.25195;0.19998;-0.00047;0.17776;0.79167
91;2020;2;12;0;3583.58008;17919.25195;0.19998;-0.00047;0.17771;0.79133
91;2020;2;12;0;3583.58008;17919.25195;0.19998;-0.00047;0.17767;0.79100
91;2020;2;12;0;3583.58008;17919.25195;0.19998;-0.00047;0.17762;0.79068
91;2020;2;12;0;3583.58008;17919.25195;0.19998;-0.00047;0.17758;0.79036
91;2020;2;12;0;3583.58008;17919.25195;0.19998;-0.00047;0.17754;0.79004
91;2020;2;12;0;3583.58008;17919.25195;0.19998;-0.00047;0.17750;0.78973
91;2020;2;12;0;3583.58008;17919.25195;0.19998;-0.00047;0.17745;0.78942
91;2020;2;12;0;3583.58008;17919.25195;0.19998;-0.00047;0.17741;0.78912
91;2020;2;12;0;3583.58008;17919.25195;0.19998;-0.00047;0.17737;0.78883
91;2020;2;12;0;3583.58008;17919.25195;0.19998;-0.00047;0.17733;0.78853
91;2020;2;12;0;3583.58008;17919.25195;0.19998;-0.00047;0.17729;0.78824
91;2020;2;12;0;3583.58008;17919.25195;0.19998;-0.00047;0.17726;0.78796
91;2020;2;12;0;3583.58008;17919.25195;0.19998;-0.00047;0.17722;0.78768
91;2020;2;12;0;3583.57983;17919.25195;0.19998;-0.00047;0.17718;0.78740
91;2020;2;12;0;3583.58008;17919.25195;0.19998;-0.00047;0.17714;0.78713
91;2020;2;12;0;3583.57983;17919.25195;0.19998;-0.00047;0.17711;0.78686
91;2020;2;12;0;3583.58008;17919.25195;0.19998;-0.00047;0.17707;0.78659
91;2020;2;12;0;3583.57983;17919.25195;0.19998;-0.00047;0.17704;0.78633
91;2020;2;13;0;3583.57983;17919.25195;0.19998;-0.00031;0.17687;0.78513
91;2020;2;13;0;3583.57959;17919.25195;0.19998;-0.00031;0.17656;0.78282
91;2020;2;13;0;3583.57935;17919.25195;0.19998;-0.00031;0.17623;0.78036
91;2020;2;13;0;3583.57910;17919.25195;0.19998;-0.00031;0.17589;0.77785
91;2020;2;13;0;3583.57910;17919.25195;0.19998;-0.00031;0.17552;0.77516
91;2020;2;13;0;3583.57886;17919.25195;0.19998;-0.00031;0.17517;0.77259
91;2020;2;13;0;3583.57837;17919.25000;0.19998;-0.00031;0.17487;0.77034
91;2020;2;13;0;3583.57886;17919.25195;0.19998;-0.00031;0.17460;0.76838
91;2020;2;13;0;3583.57812;17919.25000;0.19998;-0.00031;0.17437;0.76672
91;2020;2;13;0;3583.57837;17919.25000;0.19998;-0.00031;0.17418;0.76531
91;2020;2;13;0;3583.57861;17919.25195;0.19998;-0.00031;0.17402;0.76411
91;2020;2;13;0;3583.57812;17919.25000;0.19998;-0.00031;0.17387;0.76306
91;2020;2;13;0;3583.57812;17919.25000;0.19998;-0.00031;0.17374;0.76212
91;2020;2;13;0;3583.57812;17919.25000;0.19998;-0.00031;0.17363;0.76125
91;2020;2;13;0;3583.57812;17919.25000;0.19998;-0.00031;0.17351;0.76043
91;2020;2;13;0;3583.57788;17919.25000;0.19998;-0.00031;0.17341;0.75964
91;2020;2;13;0;3583.57788;17919.25000;0.19998;-0.00031;0.17330;0.75887
91;2020;2;13;0;3583.57788;17919.25000;0.19998;-0.00031;0.17320;0.75812
91;2020;2;13;0;3583.57788;17919.25000;0.19998;-0.00031;0.17310;0.75738
91;2020;2;13;0;3583.57788;17919.25000;0.19998;-0.00031;0.17300;0.75667
91;2020;2;13;0;3583.57764;17919.25000;0.19998;-0.00031;0.17290;0.75598
91;2020;2;13;0;3583.57739;17919.24805;0.19998;-0.00031;0.17281;0.75531
91;2020;2;13;0;3583.57764;17919.25000;0.19998;-0.00031;0.17272;0.75466
91;2020;2;13;0;3583.57739;17919.24805;0.19998;-0.00031;0.17264;0.75404
91;2020;2;13;0;3583.57764;17919.25000;0.19998;-0.00031;0.17256;0.75345
91;2020;2;13;0;3583.57715;17919.24805;0.19998;-0.00031;0.17248;0.75288
91;2020;2;13;0;3583.57715;17919.24805;0.19998;-0.00031;0.17240;0.75233
91;2020;2;13;0;3583.57715;17919.24805;0.19998;-0.00031;0.17233;0.75181
91;2020;2;13;0;3583.57715;17919.24805;0.19998;-0.00031;0.17226;0.75132
91;2020;2;13;0;3583.57715;17919.24805;0.19998;-0.00031;0.17220;0.75084
91;2020;2;13;0;3583.57715;17919.24805;0.19998;-0.00031;0.17214;0.75038
91;2020;2;13;0;3583.57715;17919.24805;0.19998;-0.00031;0.17208;0.74995
91;2020;2;13;0;3583.57690;17919.24805;0.19998;-0.00031;0.17202;0.74953
91;2020;2;13;0;3583.57715;17919.24805;0.19998;-0.00031;0.17196;0.74912
91;2020;2;13;0;3583.57690;17919.24805;0.19998;-0.00031;0.17191;0.74873
91;2020;2;13;0;3583.57715;17919.24805;0.19998;-0.00031;0.17185;0.74835
91;2020;2;13;0;3583.57690;17919.24805;0.19998;-0.00031;0.17180;0.74798
91;2020;2;13;0;3583.57715;17919.24805;0.19998;-0.00031;0.17175;0.74762
91;2020;2;13;0;3583.57690;17919.24805;0.19998;-0.00031;0.17171;0.74727
91;2020;2;13;0;3583.57715;17919.24805;0.19998;-0.00031;0.17166;0.74693
91;2020;2;13;0;3583.57690;17919.24805;0.19998;-0.00031;0.17161;0.74659
91;2020;2;13;0;3583.57690;17919.24805;0.19998;-0.00031;0.17157;0.74627
91;2020;2;13;0;3583.57690;17919.24805;0.19998;-0.00031;0.17152;0.74594
91;2020;2;13;0;3583.57690;17919.24805;0.19998;-0.00031;0.17148;0.74563
91;2020;2;13;0;3583.57690;17919.24805;0.19998;-0.00031;0.17144;0.74532
91;2020;2;13;0;3583.57690;17919.24805;0.19998;-0.00031;0.17139;0.74501
91;2020;2;13;0;3583.57690;17919.24805;0.19998;-0.00031;0.17135;0.74471
91;2020;2;13;0;3583.57690;17919.24805;0.19998;-0.00031;0.17131;0.74441
91;2020;2;14;0;3583.57690;17919.24805;0.19998;-0.00059;0.17131;0.74442
91;2020;2;14;0;3583.57690;17919.24805;0.19998;-0.00059;0.17127;0.74411
91;2020;2;14;0;3583.57690;17919.24805;0.19998;-0.00059;0.17124;0.74392
91;2020;2;14;0;3583.57690;17919.24805;0.19998;-0.00059;0.17134;0.74460
91;2020;2;14;0;3583.57690;17919.24805;0.19998;-0.00059;0.17147;0.74554
91;2020;2;14;0;3583.57715;17919.24805;0.19998;-0.00059;0.17160;0.74649
91;2020;2;14;0;3583.57690;17919.24805;0.19998;-0.00059;0.17169;0.74718
91;2020;2;14;0;3583.57715;17919.24805;0.19998;-0.00059;0.17175;0.74759
91;2020;2;14;0;3583.57690;17919.24805;0.19998;-0.00059;0.17177;0.74775
91;2020;2;14;0;3583.57715;17919.24805;0.19998;-0.00059;0.17176;0.74769
91;2020;2;14;0;3583.57690;17919.24805;0.19998;-0.00059;0.17173;0.74748
91;2020;2;14;0;3583.57715;17919.24805;0.19998;-0.00059;0.17169;0.74716
91;2020;2;14;0;3583.57690;17919.24805;0.19998;-0.00059;0.17164;0.74678
91;2020;2;14;0;3583.57690;17919.24805;0.19998;-0.00059;0.17158;0.74639
91;2020;2;14;0;3583.57690;17919.24805;0.19998;-0.00059;0.17153;0.74599
91;2020;2;14;0;3583.57690;17919.24805;0.19998;-0.00059;0.17148;0.74560
91;2020;2;14;0;3583.57690;17919.24805;0.19998;-0.00059;0.17143;0.74524
91;2020;2;14;0;3583.57690;17919.24805;0.19998;-0.00059;0.17138;0.74490
91;2020;2;14;0;3583.57690;17919.24805;0.19998;-0.00059;0.17133;0.74457
91;2020;2;14;0;3583.57690;17919.24805;0.19998;-0.00059;0.17129;0.74427
91;2020;2;14;0;3583.57690;17919.24805;0.19998;-0.00059;0.17125;0.74398
91;2020;2;14;0;3583.57690;17919.24805;0.19998;-0.00059;0.17121;0.74371
91;2020;2;14;0;3583.57690;17919.24805;0.19998;-0.00059;0.17118;0.74344
91;2020;2;14;0;3583.57690;17919.24805;0.19998;-0.00059;0.17114;0.74318
91;2020;2;14;0;3583.57666;17919.24805;0.19998;-0.00059;0.17111;0.74292
91;2020;2;14;0;3583.57642;17919.24805;0.19998;-0.00059;0.17107;0.74267
91;2020;2;14;0;3583.57666;17919.24805;0.19998;-0.00059;0.17104;0.74241
91;2020;2;14;0;3583.57642;17919.24805;0.19998;-0.00059;0.17100;0.74216
91;2020;2;14;0;3583.57666;17919.24805;0.19998;-0.00059;0.17097;0.74191
91;2020;2;14;0;3583.57642;17919.24805;0.19998;-0.00059;0.17093;0.74166
91;2020;2;14;0;3583.57666;17919.24805;0.19998;-0.00059;0.17090;0.74142
91;2020;2;14;0;3583.57642;17919.24805;0.19998;-0.00059;0.17086;0.74117
91;2020;2;14;0;3583.57666;17919.24805;0.19998;-0.00059;0.17083;0.74093
91;2020;2;14;0;3583.57642;17919.24805;0.19998;-0.00059;0.17080;0.74069
91;2020;2;14;0;3583.57666;17919.24805;0.19998;-0.00059;0.17076;0.74045
91;2020;2;14;0;3583.57642;17919.24805;0.19998;-0.00059;0.17073;0.74021
91;2020;2;14;0;3583.57666;17919.24805;0.19998;-0.00059;0.17070;0.73998
91;2020;2;14;0;3583.57642;17919.24805;0.19998;-0.00059;0.17067;0.73975
91;2020;2;14;0;3583.57642;17919.24805;0.19998;-0.00059;0.17063;0.73952
91;2020;2;14;0;3583.57642;17919.24805;0.19998;-0.00059;0.17060;0.73929
91;2020;2;14;0;3583.57642;17919.24805;0.19998;-0.00059;0.17057;0.73906
91;2020;2;14;0;3583.57642;17919.24805;0.19998;-0.00059;0.17054;0.73884
91;2020;2;14;0;3583.57642;17919.24805;0.19998;-0.00059;0.17051;0.73862
91;2020;2;14;0;3583.57642;17919.24805;0.19998;-0.00059;0.17048;0.73840
91;2020;2;14;0;3583.57642;17919.24805;0.19998;-0.00059;0.17045;0.73818
91;2020;2;14;0;3583.57642;17919.24805;0.19998;-0.00059;0.17042;0.73797
91;2020;2;14;0;3583.57642;17919.24805;0.19998;-0.00059;0.17039;0.73776
91;2020;2;14;0;3583.57642;17919.24805;0.19998;-0.00059;0.17036;0.73755
91;2020;2;15;0;3583.57617;17919.24609;0.19998;-0.00017;0.17016;0.73608
91;2020;2;15;0;3583.57642;17919.24805;0.19998;-0.00017;0.16980;0.73347
91;2020;2;15;0;3583.57593;17919.24609;0.19998;-0.00017;0.16940;0.73061
91;2020;2;15;0;3583.57568;17919.24609;0.19998;-0.00017;0.16898;0.72763
91;2020;2;15;0;3583.57544;17919.24609;0.19998;-0.00017;0.16858;0.72474
91;2020;2;15;0;3583.57495;17919.24414;0.19998;-0.00017;0.16821;0.72206
91;2020;2;15;0;3583.57495;17919.24414;0.19998;-0.00017;0.16789;0.71977
91;2020;2;15;0;3583.57471;17919.24414;0.19998;-0.00017;0.16761;0.71779
91;2020;2;15;0;3583.57471;17919.24414;0.19998;-0.00017;0.16738;0.71615
91;2020;2;15;0;3583.57471;17919.24414;0.19998;-0.00017;0.16718;0.71475
91;2020;2;15;0;3583.57471;17919.24414;0.19998;-0.00017;0.16702;0.71359
91;2020;2;15;0;3583.57446;17919.24414;0.19998;-0.00017;0.16688;0.71259
91;2020;2;15;0;3583.57471;17919.24414;0.19998;-0.00017;0.16676;0.71171
91;2020;2;15;0;3583.57446;17919.24414;0.19998;-0.00017;0.16664;0.71091
91;2020;2;15;0;3583.57471;17919.24414;0.19998;-0.00017;0.16654;0.71016
91;2020;2;15;0;3583.57446;17919.24414;0.19998;-0.00017;0.16644;0.70945
91;2020;2;15;0;3583.57446;17919.24414;0.19998;-0.00017;0.16634;0.70875
91;2020;2;15;0;3583.57446;17919.24414;0.19998;-0.00017;0.16624;0.70807
91;2020;2;15;0;3583.57446;17919.24414;0.19998;-0.00017;0.16615;0.70740
91;2020;2;15;0;3583.57446;17919.24414;0.19998;-0.00017;0.16606;0.70674
91;2020;2;15;0;3583.57422;17919.24219;0.19998;-0.00017;0.16597;0.70610
91;2020;2;15;0;3583.57397;17919.24219;0.19998;-0.00017;0.16588;0.70548
91;2020;2;15;0;3583.57397;17919.24219;0.19998;-0.00017;0.16579;0.70488
91;2020;2;15;0;3583.57397;17919.24219;0.19998;-0.00017;0.16571;0.70430
91;2020;2;15;0;3583.57397;17919.24219;0.19998;-0.00017;0.16563;0.70374
91;2020;2;15;0;3583.57397;17919.24219;0.19998;-0.00017;0.16556;0.70321
91;2020;2;15;0;3583.57373;17919.24219;0.19998;-0.00017;0.16549;0.70270
91;2020;2;15;0;3583.57349;17919.24219;0.19998;-0.00017;0.16542;0.70221
91;2020;2;15;0;3583.57373;17919.24219;0.19998;-0.00017;0.16535;0.70175
91;2020;2;15;0;3583.57349;17919.24219;0.19998;-0.00017;0.16529;0.70131
91;2020;2;15;0;3583.57373;17919.24219;0.19998;-0.00017;0.16523;0.70089
91;2020;2;15;0;3583.57349;17919.24219;0.19998;-0.00017;0.16517;0.70049
91;2020;2;15;0;3583.57373;17919.24219;0.19998;-0.00017;0.16512;0.70010
91;2020;2;15;0;3583.57349;17919.24219;0.19998;-0.00017;0.16507;0.69973
91;2020;2;15;0;3583.57349;17919.24219;0.19998;-0.00017;0.16502;0.69938
91;2020;2;15;0;3583.57349;17919.24219;0.19998;-0.00017;0.16497;0.69904
91;2020;2;15;0;3583.57349;17919.24219;0.19998;-0.00017;0.16492;0.69871
91;2020;2;15;0;3583.57349;17919.24219;0.19998;-0.00017;0.16488;0.69840
91;2020;2;15;0;3583.57349;17919.24219;0.19998;-0.00017;0.16483;0.69809
91;2020;2;15;0;3583.57349;17919.24219;0.19998;-0.00017;0.16479;0.69779
91;2020;2;15;0;3583.57349;17919.24219;0.19998;-0.00017;0.16475;0.69750
91;2020;2;15;0;3583.57349;17919.24219;0.19998;-0.00017;0.16471;0.69722
91;2020;2;15;0;3583.57349;17919.24219;0.19998;-0.00017;0.16467;0.69694
91;2020;2;15;0;3583.57349;17919.24219;0.19998;-0.00017;0.16463;0.69667
91;2020;2;15;0;3583.57349;17919.24219;0.19998;-0.00017;0.16459;0.69640
91;2020;2;15;0;3583.57324;17919.24219;0.19998;-0.00017;0.16456;0.69614
91;2020;2;15;0;3583.57300;17919.24023;0.19998;-0.00017;0.16452;0.69588
91;2020;2;15;0;3583.57324;17919.24219;0.19998;-0.00017;0.16448;0.69563
91;2020;2;16;0;3583.57324;17919.24219;0.19998;-0.00033;0.16450;0.69573
91;2020;2;16;0;3583.57324;17919.24219;0.19998;-0.00033;0.16451;0.69582
91;2020;2;16;0;3583.57324;17919.24219;0.19998;-0.00033;0.16450;0.69574
91;2020;2;16;0;3583.57324;17919.24219;0.19998;-0.00033;0.16454;0.69601
91;2020;2;16;0;3583.57349;17919.24219;0.19998;-0.00033;0.16462;0.69657
91;2020;2;16;0;3583.57349;17919.24219;0.19998;-0.00033;0.16471;0.69721
91;2020;2;16;0;3583.57349;17919.24219;0.19998;-0.00033;0.16478;0.69771
91;2020;2;16;0;3583.57349;17919.24219;0.19998;-0.00033;0.16483;0.69804
91;2020;2;16;0;3583.57349;17919.24219;0.19998;-0.00033;0.16485;0.69822
91;2020;2;16;0;3583.57349;17919.24219;0.19998;-0.00033;0.16486;0.69826
91;2020;2;16;0;3583.57349;17919.24219;0.19998;-0.00033;0.16485;0.69818
91;2020;2;16;0;3583.57349;17919.24219;0.19998;-0.00033;0.16482;0.69803
91;2020;2;16;0;3583.57349;17919.24219;0.19998;-0.00033;0.16479;0.69782
91;2020;2;16;0;3583.57349;17919.24219;0.19998;-0.00033;0.16476;0.69758
91;2020;2;16;0;3583.57349;17919.24219;0.19998;-0.00033;0.16472;0.69732
91;2020;2;16;0;3583.57349;17919.24219;0.19998;-0.00033;0.16469;0.69707
91;2020;2;16;0;3583.57349;17919.24219;0.19998;-0.00033;0.16465;0.69681
91;2020;2;16;0;3583.57349;17919.24219;0.19998;-0.00033;0.16462;0.69657
91;2020;2;16;0;3583.57349;17919.24219;0.19998;-0.00033;0.16459;0.69634
91;2020;2;16;0;3583.57324;17919.24219;0.19998;-0.00033;0.16455;0.69612
91;2020;2;16;0;3583.57324;17919.24219;0.19998;-0.00033;0.16452;0.69590
91;2020;2;16;0;3583.57324;17919.24219;0.19998;-0.00033;0.16449;0.69569
91;2020;2;16;0;3583.57324;17919.24219;0.19998;-0.00033;0.16446;0.69548
91;2020;2;16;0;3583.57324;17919.24219;0.19998;-0.00033;0.16443;0.69528
91;2020;2;16;0;3583.57324;17919.24219;0.19998;-0.00033;0.16441;0.69507
91;2020;2;16;0;3583.57324;17919.24219;0.19998;-0.00033;0.16438;0.69487
91;2020;2;16;0;3583.57324;17919.24219;0.19998;-0.00033;0.16435;0.69467
91;2020;2;16;0;3583.57324;17919.24219;0.19998;-0.00033;0.16432;0.69447
91;2020;2;16;0;3583.57324;17919.24219;0.19998;-0.00033;0.16429;0.69427
91;2020;2;16;0;3583.57324;17919.24219;0.19998;-0.00033;0.16426;0.69407
91;2020;2;16;0;3583.57324;17919.24219;0.19998;-0.00033;0.16424;0.69387
91;2020;2;16;0;3583.57324;17919.24219;0.19998;-0.00033;0.16421;0.69368
91;2020;2;16;0;3583.57324;17919.24219;0.19998;-0.00033;0.16418;0.69348
91;2020;2;16;0;3583.57324;17919.24219;0.19998;-0.00033;0.16415;0.69328
91;2020;2;16;0;3583.57324;17919.24219;0.19998;-0.00033;0.16412;0.69309
91;2020;2;16;0;3583.57324;17919.24219;0.19998;-0.00033;0.16410;0.69290
91;2020;2;16;0;3583.57300;17919.24023;0.19998;-0.00033;0.16407;0.69270
91;2020;2;16;0;3583.57275;17919.24023;0.19998;-0.00033;0.16404;0.69251
91;2020;2;16;0;3583.57300;17919.24023;0.19998;-0.00033;0.16402;0.69232
91;2020;2;16;0;3583.57275;17919.24023;0.19998;-0.00033;0.16399;0.69214
91;2020;2;16;0;3583.57300;17919.24023;0.19998;-0.00033;0.16396;0.69195
91;2020;2;16;0;3583.57275;17919.24023;0.19998;-0.00033;0.16394;0.69177
91;2020;2;16;0;3583.57300;17919.24023;0.19998;-0.00033;0.16391;0.69158
91;2020;2;16;0;3583.57275;17919.24023;0.19998;-0.00033;0.16388;0.69140
91;2020;2;16;0;3583.57300;17919.24023;0.19998;-0.00033;0.16386;0.69122
91;2020;2;16;0;3583.57275;17919.24023;0.19998;-0.00033;0.16383;0.69104
91;2020;2;16;0;3583.57300;17919.24023;0.19998;-0.00033;0.16381;0.69086
91;2020;2;16;0;3583.57275;17919.24023;0.19998;-0.00033;0.16378;0.69069
91;2020;2;17;0;3583.57251;17919.24023;0.19998;-0.00020;0.16363;0.68959
91;2020;2;17;0;3583.57275;17919.24023;0.19998;-0.00019;0.16327;0.68711
91;2020;2;17;0;3583.57227;17919.24023;0.19998;-0.00020;0.16282;0.68395
91;2020;2;17;0;3583.57251;17919.24023;0.19998;-0.00019;0.16237;0.68077
91;2020;2;17;0;3583.57202;17919.23828;0.19998;-0.00019;0.16196;0.67793
91;2020;2;17;0;3583.57178;17919.23828;0.19998;-0.00019;0.16161;0.67548
91;2020;2;17;0;3583.57178;17919.23828;0.19998;-0.00019;0.16130;0.67334
91;2020;2;17;0;3583.57153;17919.23828;0.19998;-0.00019;0.16103;0.67148
91;2020;2;17;0;3583.57104;17919.23633;0.19998;-0.00019;0.16080;0.66986
91;2020;2;17;0;3583.57104;17919.23633;0.19998;-0.00019;0.16060;0.66845
91;2020;2;17;0;3583.57104;17919.23633;0.19998;-0.00019;0.16042;0.66723
91;2020;2;17;0;3583.57080;17919.23633;0.19998;-0.00019;0.16027;0.66615
91;2020;2;17;0;3583.57104;17919.23633;0.19998;-0.00019;0.16013;0.66520
91;2020;2;17;0;3583.57080;17919.23633;0.19998;-0.00019;0.16001;0.66435
91;2020;2;17;0;3583.57104;17919.23633;0.19998;-0.00019;0.15989;0.66357
91;2020;2;17;0;3583.57056;17919.23633;0.19998;-0.00019;0.15979;0.66284
91;2020;2;17;0;3583.57104;17919.23633;0.19998;-0.00019;0.15969;0.66215
91;2020;2;17;0;3583.57056;17919.23633;0.19998;-0.00019;0.15959;0.66150
91;2020;2;17;0;3583.57104;17919.23633;0.19998;-0.00019;0.15950;0.66087
91;2020;2;17;0;3583.57056;17919.23633;0.19998;-0.00019;0.15942;0.66026
91;2020;2;17;0;3583.57080;17919.23633;0.19998;-0.00019;0.15933;0.65968
91;2020;2;17;0;3583.57056;17919.23633;0.19998;-0.00019;0.15925;0.65912
91;2020;2;17;0;3583.57080;17919.23633;0.19998;-0.00019;0.15917;0.65858
91;2020;2;17;0;3583.57056;17919.23633;0.19998;-0.00019;0.15910;0.65806
91;2020;2;17;0;3583.57080;17919.23633;0.19998;-0.00019;0.15902;0.65756
91;2020;2;17;0;3583.57056;17919.23633;0.19998;-0.00019;0.15895;0.65708
91;2020;2;17;0;3583.57056;17919.23633;0.19998;-0.00019;0.15889;0.65662
91;2020;2;17;0;3583.57056;17919.23633;0.19998;-0.00019;0.15882;0.65618
91;2020;2;17;0;3583.57056;17919.23633;0.19998;-0.00019;0.15876;0.65576
91;2020;2;17;0;3583.57056;17919.23633;0.19998;-0.00019;0.15870;0.65536
91;2020;2;17;0;3583.57056;17919.23633;0.19998;-0.00019;0.15865;0.65497
91;2020;2;17;0;3583.57056;17919.23633;0.19998;-0.00019;0.15859;0.65460
91;2020;2;17;0;3583.57056;17919.23633;0.19998;-0.00019;0.15854;0.65425
91;2020;2;17;0;3583.57056;17919.23633;0.19998;-0.00019;0.15849;0.65391
91;2020;2;17;0;3583.57031;17919.23633;0.19998;-0.00019;0.15844;0.65358
91;2020;2;17;0;3583.57007;17919.23633;0.19998;-0.00019;0.15840;0.65326
91;2020;2;17;0;3583.57031;17919.23633;0.19998;-0.00019;0.15835;0.65295
91;2020;2;17;0;3583.57007;17919.23633;0.19998;-0.00019;0.15831;0.65265
91;2020;2;17;0;3583.57031;17919.23633;0.19998;-0.00019;0.15827;0.65236
91;2020;2;17;0;3583.57007;17919.23633;0.19998;-0.00019;0.15823;0.65208
91;2020;2;17;0;3583.57031;17919.23633;0.19998;-0.00019;0.15819;0.65181
91;2020;2;17;0;3583.57007;17919.23633;0.19998;-0.00019;0.15815;0.65154
91;2020;2;17;0;3583.57031;17919.23633;0.19998;-0.00019;0.15811;0.65128
91;2020;2;17;0;3583.57007;17919.23633;0.19998;-0.00019;0.15807;0.65102
91;2020;2;17;0;3583.57031;17919.23633;0.19998;-0.00019;0.15804;0.65077
91;2020;2;17;0;3583.56982;17919.23438;0.19998;-0.00019;0.15800;0.65052
91;2020;2;17;0;3583.56982;17919.23438;0.19998;-0.00019;0.15796;0.65028
91;2020;2;17;0;3583.56982;17919.23438;0.19998;-0.00019;0.15793;0.65004
91;2020;2;18;0;3583.57007;17919.23633;0.19998;-0.00025;0.15791;0.64991
91;2020;2;18;0;3583.56982;17919.23438;0.19998;-0.00025;0.15788;0.64968
91;2020;2;18;0;3583.57007;17919.23633;0.19998;-0.00025;0.15785;0.64950
91;2020;2;18;0;3583.56982;17919.23438;0.19998;-0.00025;0.15792;0.64994
91;2020;2;18;0;3583.57031;17919.23633;0.19998;-0.00025;0.15806;0.65096
91;2020;2;18;0;3583.56982;17919.23438;0.19998;-0.00025;0.15824;0.65216
91;2020;2;18;0;3583.57031;17919.23633;0.19998;-0.00025;0.15840;0.65324
91;2020;2;18;0;3583.57007;17919.23633;0.19998;-0.00025;0.15852;0.65411
91;2020;2;18;0;3583.57031;17919.23633;0.19998;-0.00025;0.15862;0.65479
91;2020;2;18;0;3583.57007;17919.23633;0.19998;-0.00025;0.15869;0.65529
91;2020;2;18;0;3583.57031;17919.23633;0.19998;-0.00025;0.15874;0.65564
91;2020;2;18;0;3583.57007;17919.23633;0.19998;-0.00025;0.15878;0.65586
91;2020;2;18;0;3583.57031;17919.23633;0.19998;-0.00025;0.15879;0.65598
91;2020;2;18;0;3583.57007;17919.23633;0.19998;-0.00025;0.15880;0.65602
91;2020;2;18;0;3583.57031;17919.23633;0.19998;-0.00025;0.15880;0.65599
91;2020;2;18;0;3583.57007;17919.23633;0.19998;-0.00025;0.15879;0.65592
91;2020;2;18;0;3583.57031;17919.23633;0.19998;-0.00025;0.15877;0.65582
91;2020;2;18;0;3583.57007;17919.23633;0.19998;-0.00025;0.15875;0.65570
91;2020;2;18;0;3583.57031;17919.23633;0.19998;-0.00025;0.15873;0.65556
91;2020;2;18;0;3583.57007;17919.23633;0.19998;-0.00025;0.15871;0.65541
91;2020;2;18;0;3583.57031;17919.23633;0.19998;-0.00025;0.15869;0.65525
91;2020;2;18;0;3583.57007;17919.23633;0.19998;-0.00025;0.15866;0.65508
91;2020;2;18;0;3583.57031;17919.23633;0.19998;-0.00025;0.15864;0.65490
91;2020;2;18;0;3583.57007;17919.23633;0.19998;-0.00025;0.15861;0.65472
91;2020;2;18;0;3583.57031;17919.23633;0.19998;-0.00025;0.15858;0.65454
91;2020;2;18;0;3583.57007;17919.23633;0.19998;-0.00025;0.15856;0.65435
91;2020;2;18;0;3583.57031;17919.23633;0.19998;-0.00025;0.15853;0.65416
91;2020;2;18;0;3583.57007;17919.23633;0.19998;-0.00025;0.15850;0.65398
91;2020;2;18;0;3583.57031;17919.23633;0.19998;-0.00025;0.15848;0.65379
91;2020;2;18;0;3583.56982;17919.23438;0.19998;-0.00025;0.15845;0.65360
91;2020;2;18;0;3583.57031;17919.23633;0.19998;-0.00025;0.15842;0.65342
91;2020;2;18;0;3583.56982;17919.23438;0.19998;-0.00025;0.15839;0.65323
91;2020;2;18;0;3583.57031;17919.23633;0.19998;-0.00025;0.15837;0.65305
91;2020;2;18;0;3583.56982;17919.23438;0.19998;-0.00025;0.15834;0.65287
91;2020;2;18;0;3583.57031;17919.23633;0.19998;-0.00025;0.15831;0.65269
91;2020;2;18;0;3583.56982;17919.23438;0.19998;-0.00025;0.15829;0.65251
91;2020;2;18;0;3583.57031;17919.23633;0.19998;-0.00025;0.15826;0.65233
91;2020;2;18;0;3583.56982;17919.23438;0.19998;-0.00025;0.15824;0.65215
91;2020;2;18;0;3583.57031;17919.23633;0.19998;-0.00025;0.15821;0.65198
91;2020;2;18;0;3583.56982;17919.23438;0.19998;-0.00025;0.15819;0.65181
91;2020;2;18;0;3583.57031;17919.23633;0.19998;-0.00025;0.15816;0.65164
91;2020;2;18;0;3583.56982;17919.23438;0.19998;-0.00025;0.15814;0.65147
91;2020;2;18;0;3583.57031;17919.23633;0.19998;-0.00025;0.15811;0.65130
91;2020;2;18;0;3583.56982;17919.23438;0.19998;-0.00025;0.15809;0.65114
91;2020;2;18;0;3583.57031;17919.23633;0.19998;-0.00025;0.15807;0.65097
91;2020;2;18;0;3583.56982;17919.23438;0.19998;-0.00025;0.15804;0.65081
91;2020;2;18;0;3583.57031;17919.23633;0.19998;-0.00025;0.15802;0.65065
91;2020;2;18;0;3583.56958;17919.23438;0.19998;-0.00025;0.15800;0.65049
91;2020;2;19;0;3583.55688;17919.21094;0.19998;0.00000;0.15784;0.64940
91;2020;2;19;0;3583.54395;17919.18945;0.19998;0.00000;0.15752;0.64721
91;2020;2;19;0;3583.53101;17919.16406;0.19998;0.00000;0.15712;0.64446
91;2020;2;19;0;3583.51782;17919.14258;0.19998;0.00000;0.15668;0.64150
91;2020;2;19;0;3583.50439;17919.11719;0.19998;0.00000;0.15628;0.63875
91;2020;2;19;0;3583.49072;17919.09375;0.19998;0.00000;0.15591;0.63623
91;2020;2;19;0;3583.47681;17919.07031;0.19998;0.00000;0.15558;0.63397
91;2020;2;19;0;3583.46289;17919.04492;0.19998;0.00000;0.15527;0.63193
91;2020;2;19;0;3583.44873;17919.01953;0.19998;0.00000;0.15501;0.63012
91;2020;2;19;0;3583.43457;17918.99414;0.19998;0.00000;0.15477;0.62849
91;2020;2;19;0;3583.42017;17918.96875;0.19998;0.00000;0.15455;0.62705
91;2020;2;19;0;3583.40576;17918.94336;0.19998;0.00000;0.15436;0.62576
91;2020;2;19;0;3583.39111;17918.91797;0.19998;0.00000;0.15419;0.62461
91;2020;2;19;0;3583.37646;17918.89258;0.19998;0.00000;0.15404;0.62355
91;2020;2;19;0;3583.36182;17918.86523;0.19998;0.00000;0.15389;0.62258
91;2020;2;19;0;3583.34692;17918.83984;0.19998;0.00000;0.15376;0.62168
91;2020;2;19;0;3583.33203;17918.81250;0.19998;0.00000;0.15363;0.62083
91;2020;2;19;0;3583.31714;17918.78711;0.19998;0.00000;0.15351;0.62002
91;2020;2;19;0;3583.30225;17918.75977;0.19997;0.00000;0.15340;0.61925
91;2020;2;19;0;3583.28711;17918.73242;0.19997;0.00000;0.15329;0.61851
91;2020;2;19;0;3583.27197;17918.70703;0.19997;0.00000;0.15318;0.61781
91;2020;2;19;0;3583.25684;17918.67773;0.19997;0.00000;0.15308;0.61713
91;2020;2;19;0;3583.24170;17918.65234;0.19997;0.00000;0.15299;0.61649
91;2020;2;19;0;3583.22656;17918.62695;0.19997;0.00000;0.15290;0.61588
91;2020;2;19;0;3583.21118;17918.59766;0.19997;0.00000;0.15281;0.61529
91;2020;2;19;0;3583.19580;17918.57031;0.19997;0.00000;0.15273;0.61474
91;2020;2;19;0;3583.18042;17918.54297;0.19997;0.00000;0.15265;0.61421
91;2020;2;19;0;3583.16504;17918.51562;0.19997;0.00000;0.15257;0.61372
91;2020;2;19;0;3583.14966;17918.49023;0.19997;0.00000;0.15250;0.61324
91;2020;2;19;0;3583.13428;17918.46094;0.19997;0.00000;0.15244;0.61280
91;2020;2;19;0;3583.11890;17918.43359;0.19997;0.00000;0.15237;0.61237
91;2020;2;19;0;3583.10352;17918.40820;0.19997;0.00000;0.15231;0.61197
91;2020;2;19;0;3583.08813;17918.37891;0.19997;0.00000;0.15226;0.61159
91;2020;2;19;0;3583.07275;17918.35352;0.19997;0.00000;0.15220;0.61123
91;2020;2;19;0;3583.05737;17918.32422;0.19997;0.00000;0.15215;0.61088
91;2020;2;19;0;3583.04199;17918.29688;0.19997;0.00000;0.15210;0.61056
91;2020;2;19;0;3583.02661;17918.27148;0.19997;0.00000;0.15206;0.61024
91;2020;2;19;0;3583.01123;17918.24219;0.19996;0.00000;0.15201;0.60994
91;2020;2;19;0;3582.99585;17918.21680;0.19996;0.00000;0.15197;0.60966
91;2020;2;19;0;3582.98047;17918.18750;0.19996;0.00000;0.15193;0.60938
91;2020;2;19;0;3582.96484;17918.16016;0.19996;0.00000;0.15189;0.60912
91;2020;2;19;0;3582.94922;17918.13281;0.19996;0.00000;0.15185;0.60886
91;2020;2;19;0;3582.93359;17918.10547;0.19996;0.00000;0.15181;0.60861
91;2020;2;19;0;3582.91797;17918.07812;0.19996;0.00000;0.15178;0.60837
91;2020;2;19;0;3582.90234;17918.05078;0.19996;0.00000;0.15174;0.60814
91;2020;2;19;0;3582.88672;17918.02148;0.19996;0.00000;0.15171;0.60791
91;2020;2;19;0;3582.87109;17917.99414;0.19996;0.00000;0.15167;0.60769
91;2020;2;19;0;3582.85547;17917.96484;0.19996;0.00000;0.15164;0.60748
91;2020;2;20;0;3583.21533;17918.60547;0.19997;0.00000;0.15164;0.60747
91;2020;2;20;0;3583.56665;17919.22852;0.19998;-0.00000;0.15166;0.60761
91;2020;2;20;0;3583.56665;17919.22852;0.19998;-0.00020;0.15169;0.60782
91;2020;2;20;0;3583.56665;17919.22852;0.19998;-0.00020;0.15172;0.60803
91;2020;2;20;0;3583.56665;17919.22852;0.19998;-0.00020;0.15178;0.60842
91;2020;2;20;0;3583.56665;17919.22852;0.19998;-0.00020;0.15188;0.60904
91;2020;2;20;0;3583.56689;17919.23047;0.19998;-0.00020;0.15197;0.60965
91;2020;2;20;0;3583.56714;17919.23047;0.19998;-0.00020;0.15205;0.61024
91;2020;2;20;0;3583.56689;17919.23047;0.19998;-0.00020;0.15213;0.61075
91;2020;2;20;0;3583.56714;17919.23047;0.19998;-0.00020;0.15219;0.61118
91;2020;2;20;0;3583.56689;17919.23047;0.19998;-0.00020;0.15224;0.61151
91;2020;2;20;0;3583.56714;17919.23047;0.19998;-0.00020;0.15228;0.61177
91;2020;2;20;0;3583.56689;17919.23047;0.19998;-0.00020;0.15231;0.61195
91;2020;2;20;0;3583.56714;17919.23047;0.19998;-0.00020;0.15233;0.61208
91;2020;2;20;0;3583.56689;17919.23047;0.19998;-0.00020;0.15234;0.61217
91;2020;2;20;0;3583.56714;17919.23047;0.19998;-0.00020;0.15235;0.61223
91;2020;2;20;0;3583.56689;17919.23047;0.19998;-0.00020;0.15236;0.61226
91;2020;2;20;0;3583.56714;17919.23047;0.19998;-0.00020;0.15236;0.61229
91;2020;2;20;0;3583.56689;17919.23047;0.19998;-0.00020;0.15236;0.61230
91;2020;2;20;0;3583.56714;17919.23047;0.19998;-0.00020;0.15236;0.61230
91;2020;2;20;0;3583.56689;17919.23047;0.19998;-0.00020;0.15236;0.61230
91;2020;2;20;0;3583.56714;17919.23047;0.19998;-0.00020;0.15236;0.61229
91;2020;2;20;0;3583.56689;17919.23047;0.19998;-0.00020;0.15236;0.61227
91;2020;2;20;0;3583.56714;17919.23047;0.19998;-0.00020;0.15235;0.61224
91;2020;2;20;0;3583.56689;17919.23047;0.19998;-0.00020;0.15235;0.61221
91;2020;2;20;0;3583.56714;17919.23047;0.19998;-0.00020;0.15234;0.61216
91;2020;2;20;0;3583.56689;17919.23047;0.19998;-0.00020;0.15233;0.61211
91;2020;2;20;0;3583.56714;17919.23047;0.19998;-0.00020;0.15232;0.61205
91;2020;2;20;0;3583.56689;17919.23047;0.19998;-0.00020;0.15231;0.61197
91;2020;2;20;0;3583.56714;17919.23047;0.19998;-0.00020;0.15230;0.61189
91;2020;2;20;0;3583.56689;17919.23047;0.19998;-0.00020;0.15229;0.61180
91;2020;2;20;0;3583.56714;17919.23047;0.19998;-0.00020;0.15227;0.61171
91;2020;2;20;0;3583.56689;17919.23047;0.19998;-0.00020;0.15226;0.61161
91;2020;2;20;0;3583.56714;17919.23047;0.19998;-0.00020;0.15224;0.61150
91;2020;2;20;0;3583.56689;17919.23047;0.19998;-0.00020;0.15223;0.61138
91;2020;2;20;0;3583.56714;17919.23047;0.19998;-0.00020;0.15221;0.61126
91;2020;2;20;0;3583.56689;17919.23047;0.19998;-0.00020;0.15219;0.61114
91;2020;2;20;0;3583.56714;17919.23047;0.19998;-0.00020;0.15217;0.61101
91;2020;2;20;0;3583.56689;17919.23047;0.19998;-0.00020;0.15215;0.61088
91;2020;2;20;0;3583.56714;17919.23047;0.19998;-0.00020;0.15213;0.61075
91;2020;2;20;0;3583.56689;17919.23047;0.19998;-0.00020;0.15211;0.61061
91;2020;2;20;0;3583.56714;17919.23047;0.19998;-0.00020;0.15209;0.61048
91;2020;2;20;0;3583.56689;17919.23047;0.19998;-0.00020;0.15207;0.61034
91;2020;2;20;0;3583.56714;17919.23047;0.19998;-0.00020;0.15205;0.61020
91;2020;2;20;0;3583.56689;17919.23047;0.19998;-0.00020;0.15203;0.61006
91;2020;2;20;0;3583.56714;17919.23047;0.19998;-0.00020;0.15201;0.60992
91;2020;2;20;0;3583.56689;17919.23047;0.19998;-0.00020;0.15199;0.60978
91;2020;2;20;0;3583.56714;17919.23047;0.19998;-0.00020;0.15196;0.60964
91;2020;2;21;0;3583.41211;17918.95508;0.19998;0.00000;0.15184;0.60878
91;2020;2;21;0;3583.25708;17918.67969;0.19997;0.00000;0.15159;0.60716
91;2020;2;21;0;3583.10181;17918.40430;0.19997;0.00000;0.15129;0.60516
91;2020;2;21;0;3582.94653;17918.12891;0.19996;0.00000;0.15096;0.60291
91;2020;2;21;0;3582.79126;17917.85352;0.19996;0.00000;0.15062;0.60068
91;2020;2;21;0;3582.63574;17917.57617;0.19995;0.00000;0.15030;0.59858
91;2020;2;21;0;3582.48022;17917.29883;0.19995;0.00000;0.15002;0.59668
91;2020;2;21;0;3582.32471;17917.02539;0.19994;0.00000;0.14976;0.59499
91;2020;2;21;0;3582.16919;17916.74805;0.19993;0.00000;0.14954;0.59353
91;2020;2;21;0;3582.01343;17916.47070;0.19993;0.00000;0.14935;0.59227
91;2020;2;21;0;3581.85791;17916.19531;0.19992;0.00000;0.14919;0.59120
91;2020;2;21;0;3581.70239;17915.91992;0.19992;0.00000;0.14905;0.59027
91;2020;2;21;0;3581.54663;17915.64258;0.19991;0.00000;0.14893;0.58946
91;2020;2;21;0;3581.39087;17915.36719;0.19991;0.00000;0.14882;0.58873
91;2020;2;21;0;3581.23535;17915.08984;0.19990;0.00000;0.14871;0.58805
91;2020;2;21;0;3581.07983;17914.81250;0.19989;0.00000;0.14861;0.58740
91;2020;2;21;0;3580.92407;17914.53711;0.19989;0.00000;0.14852;0.58678
91;2020;2;21;0;3580.76855;17914.26172;0.19988;0.00000;0.14843;0.58617
91;2020;2;21;0;3580.61304;17913.98438;0.19988;0.00000;0.14834;0.58557
91;2020;2;21;0;3580.45752;17913.70898;0.19987;0.00000;0.14825;0.58498
91;2020;2;21;0;3580.30200;17913.43359;0.19987;0.00000;0.14816;0.58440
91;2020;2;21;0;3580.14673;17913.15820;0.19986;0.00000;0.14807;0.58383
91;2020;2;21;0;3579.99121;17912.88086;0.19986;0.00000;0.14799;0.58327
91;2020;2;21;0;3579.83569;17912.60352;0.19985;0.00000;0.14790;0.58274
91;2020;2;21;0;3579.68018;17912.32812;0.19984;0.00000;0.14783;0.58222
91;2020;2;21;0;3579.52490;17912.05273;0.19984;0.00000;0.14775;0.58172
91;2020;2;21;0;3579.36963;17911.77734;0.19983;0.00000;0.14768;0.58125
91;2020;2;21;0;3579.21436;17911.50000;0.19983;0.00000;0.14761;0.58079
91;2020;2;21;0;3579.05933;17911.22461;0.19982;0.00000;0.14754;0.58036
91;2020;2;21;0;3578.90405;17910.94922;0.19982;0.00000;0.14748;0.57996
91;2020;2;21;0;3578.74878;17910.67383;0.19981;0.00000;0.14742;0.57957
91;2020;2;21;0;3578.59351;17910.39844;0.19981;0.00000;0.14737;0.57921
91;2020;2;21;0;3578.43848;17910.12109;0.19980;0.00000;0.14731;0.57886
91;2020;2;21;0;3578.28345;17909.84570;0.19979;0.00000;0.14726;0.57854
91;2020;2;21;0;3578.12842;17909.57031;0.19979;0.00000;0.14722;0.57823
91;2020;2;21;0;3577.97363;17909.29688;0.19978;0.00000;0.14717;0.57794
91;2020;2;21;0;3577.81885;17909.02148;0.19978;0.00000;0.14713;0.57766
91;2020;2;21;0;3577.66406;17908.74609;0.19977;0.00000;0.14709;0.57740
91;2020;2;21;0;3577.50928;17908.47070;0.19977;0.00000;0.14705;0.57715
91;2020;2;21;0;3577.35474;17908.19531;0.19976;0.00000;0.14702;0.57691
91;2020;2;21;0;3577.19995;17907.92188;0.19976;0.00000;0.14698;0.57668
91;2020;2;21;0;3577.04517;17907.64648;0.19975;0.00000;0.14695;0.57647
91;2020;2;21;0;3576.89062;17907.37109;0.19974;0.00000;0.14692;0.57626
91;2020;2;21;0;3576.73608;17907.09766;0.19974;0.00000;0.14688;0.57605
91;2020;2;21;0;3576.58154;17906.82227;0.19973;0.00000;0.14685;0.57586
91;2020;2;21;0;3576.42700;17906.54883;0.19973;0.00000;0.14683;0.57567
91;2020;2;21;0;3576.27271;17906.27344;0.19972;0.00000;0.14680;0.57548
91;2020;2;21;0;3576.11841;17906.00000;0.19972;0.00000;0.14677;0.57530
91;2020;2;22;0;3575.99390;17905.77734;0.19971;0.00000;0.14678;0.57536
91;2020;2;22;0;3575.86938;17905.55664;0.19971;0.00000;0.14685;0.57580
91;2020;2;22;0;3575.74536;17905.33594;0.19970;0.00000;0.14695;0.57647
91;2020;2;22;0;3575.62134;17905.11523;0.19970;0.00000;0.14709;0.57741
91;2020;2;22;0;3575.49731;17904.89648;0.19969;0.00000;0.14729;0.57869
91;2020;2;22;0;3575.37354;17904.67578;0.19969;0.00000;0.14750;0.58005
91;2020;2;22;0;3575.25000;17904.45703;0.19968;0.00000;0.14769;0.58131
91;2020;2;22;0;3575.12671;17904.23633;0.19968;0.00000;0.14785;0.58235
91;2020;2;22;0;3575.00342;17904.01758;0.19968;0.00000;0.14797;0.58317
91;2020;2;22;0;3574.88013;17903.79688;0.19967;0.00000;0.14806;0.58376
91;2020;2;22;0;3574.75708;17903.57812;0.19967;0.00000;0.14812;0.58417
91;2020;2;22;0;3574.63403;17903.35938;0.19966;0.00000;0.14816;0.58442
91;2020;2;22;0;3574.51099;17903.14062;0.19966;0.00000;0.14818;0.58455
91;2020;2;22;0;3574.38794;17902.92188;0.19965;0.00000;0.14819;0.58461
91;2020;2;22;0;3574.26489;17902.70312;0.19965;0.00000;0.14819;0.58461
91;2020;2;22;0;3574.14209;17902.48633;0.19965;0.00000;0.14819;0.58458
91;2020;2;22;0;3574.01929;17902.26758;0.19964;0.00000;0.14818;0.58454
91;2020;2;22;0;3573.89648;17902.04883;0.19964;0.00000;0.14817;0.58450
91;2020;2;22;0;3573.77368;17901.83203;0.19963;0.00000;0.14817;0.58446
91;2020;2;22;0;3573.65112;17901.61328;0.19963;0.00000;0.14816;0.58442
91;2020;2;22;0;3573.52856;17901.39648;0.19962;0.00000;0.14816;0.58439
91;2020;2;22;0;3573.40601;17901.17578;0.19962;0.00000;0.14815;0.58436
91;2020;2;22;0;3573.28345;17900.95898;0.19961;0.00000;0.14815;0.58433
91;2020;2;22;0;3573.16089;17900.74023;0.19961;0.00000;0.14814;0.58430
91;2020;2;22;0;3573.03857;17900.52344;0.19961;0.00000;0.14814;0.58428
91;2020;2;22;0;3572.91626;17900.30664;0.19960;0.00000;0.14813;0.58425
91;2020;2;22;0;3572.79395;17900.08789;0.19960;0.00000;0.14813;0.58421
91;2020;2;22;0;3572.67163;17899.87109;0.19959;0.00000;0.14812;0.58418
91;2020;2;22;0;3572.54956;17899.65430;0.19959;0.00000;0.14812;0.58413
91;2020;2;22;0;3572.42749;17899.43750;0.19958;0.00000;0.14811;0.58409
91;2020;2;22;0;3572.30542;17899.22070;0.19958;0.00000;0.14810;0.58403
91;2020;2;22;0;3572.18335;17899.00195;0.19957;0.00000;0.14809;0.58397
91;2020;2;22;0;3572.06128;17898.78516;0.19957;0.00000;0.14808;0.58391
91;2020;2;22;0;3571.93945;17898.56836;0.19957;0.00000;0.14807;0.58384
91;2020;2;22;0;3571.81763;17898.35156;0.19956;0.00000;0.14806;0.58377
91;2020;2;22;0;3571.69580;17898.13477;0.19956;0.00000;0.14805;0.58369
91;2020;2;22;0;3571.57397;17897.91797;0.19955;0.00000;0.14804;0.58361
91;2020;2;22;0;3571.45239;17897.70312;0.19955;0.00000;0.14803;0.58353
91;2020;2;22;0;3571.33081;17897.48633;0.19954;0.00000;0.14801;0.58344
91;2020;2;22;0;3571.20923;17897.26953;0.19954;0.00000;0.14800;0.58335
91;2020;2;22;0;3571.08765;17897.05273;0.19953;0.00000;0.14798;0.58326
91;2020;2;22;0;3570.96606;17896.83594;0.19953;0.00000;0.14797;0.58316
91;2020;2;22;0;3570.84473;17896.62109;0.19953;0.00000;0.14796;0.58307
91;2020;2;22;0;3570.72339;17896.40625;0.19952;0.00000;0.14794;0.58297
91;2020;2;22;0;3570.60205;17896.18945;0.19952;0.00000;0.14793;0.58287
91;2020;2;22;0;3570.48071;17895.97461;0.19951;0.00000;0.14791;0.58277
91;2020;2;22;0;3570.35962;17895.75781;0.19951;0.00000;0.14790;0.58268
91;2020;2;22;0;3570.23853;17895.54297;0.19950;0.00000;0.14788;0.58258
91;2020;2;23;0;3574.97290;17903.96289;0.19968;0.00000;0.14869;0.58791
91;2020;2;23;0;3579.70654;17912.37500;0.19985;0.00000;0.15118;0.60442
91;2020;2;23;0;3583.56860;17919.23242;0.19998;-0.00048;0.15484;0.62896
91;2020;2;23;0;3583.57080;17919.23633;0.19998;-0.00263;0.15947;0.66062
91;2020;2;23;0;3583.57349;17919.24219;0.19998;-0.00263;0.16440;0.69503
91;2020;2;23;0;3583.57568;17919.24609;0.19998;-0.00263;0.16860;0.72491
91;2020;2;23;0;3583.57739;17919.24805;0.19998;-0.00263;0.17190;0.74866
91;2020;2;23;0;3583.57861;17919.25195;0.19998;-0.00263;0.17436;0.76662
91;2020;2;23;0;3583.57959;17919.25195;0.19998;-0.00263;0.17636;0.78134
91;2020;2;23;0;3583.58081;17919.25391;0.19998;-0.00263;0.17807;0.79397
91;2020;2;23;0;3583.58130;17919.25391;0.19998;-0.00264;0.17958;0.80526
91;2020;2;23;0;3583.58203;17919.25586;0.19999;-0.00264;0.18095;0.81550
91;2020;2;23;0;3583.58252;17919.25586;0.19999;-0.00264;0.18221;0.82499
91;2020;2;23;0;3583.58325;17919.25781;0.19999;-0.00264;0.18337;0.83375
91;2020;2;23;0;3583.58374;17919.25977;0.19999;-0.00264;0.18445;0.84198
91;2020;2;23;0;3583.58423;17919.25977;0.19999;-0.00264;0.18546;0.84965
91;2020;2;23;0;3583.58472;17919.25977;0.19999;-0.00264;0.18640;0.85689
91;2020;2;23;0;3583.58521;17919.26172;0.19999;-0.00264;0.18729;0.86367
91;2020;2;23;0;3583.58594;17919.26367;0.19999;-0.00264;0.18812;0.87007
91;2020;2;23;0;3583.58594;17919.26367;0.19999;-0.00264;0.18889;0.87606
91;2020;2;23;0;3583.58643;17919.26367;0.19999;-0.00264;0.18962;0.88169
91;2020;2;23;0;3583.58667;17919.26367;0.19999;-0.00264;0.19030;0.88694
91;2020;2;23;0;3583.58691;17919.26562;0.19999;-0.00264;0.19093;0.89186
91;2020;2;23;0;3583.58740;17919.26562;0.19999;-0.00264;0.19152;0.89643
91;2020;2;23;0;3583.58789;17919.26562;0.19999;-0.00264;0.19206;0.90070
91;2020;2;23;0;3583.58765;17919.26562;0.19999;-0.00264;0.19257;0.90466
91;2020;2;23;0;3583.58813;17919.26758;0.19999;-0.00264;0.19304;0.90834
91;2020;2;23;0;3583.58838;17919.26758;0.19999;-0.00264;0.19348;0.91176
91;2020;2;23;0;3583.58838;17919.26758;0.19999;-0.00264;0.19388;0.91494
91;2020;2;23;0;3583.58862;17919.26758;0.19999;-0.00264;0.19426;0.91790
91;2020;2;23;0;3583.58911;17919.26953;0.19999;-0.00264;0.19461;0.92067
91;2020;2;23;0;3583.58936;17919.26953;0.19999;-0.00264;0.19494;0.92325
91;2020;2;23;0;3583.58936;17919.26953;0.19999;-0.00264;0.19524;0.92567
91;2020;2;23;0;3583.58960;17919.26953;0.19999;-0.00264;0.19553;0.92794
91;2020;2;23;0;3583.58984;17919.26953;0.19999;-0.00264;0.19580;0.93009
91;2020;2;23;0;3583.58984;17919.26953;0.19999;-0.00264;0.19606;0.93212
91;2020;2;23;0;3583.58984;17919.26953;0.19999;-0.00264;0.19630;0.93405
91;2020;2;23;0;3583.59009;17919.27148;0.19999;-0.00264;0.19653;0.93589
91;2020;2;23;0;3583.58984;17919.26953;0.19999;-0.00264;0.19675;0.93765
91;2020;2;23;0;3583.59033;17919.27148;0.19999;-0.00264;0.19697;0.93933
91;2020;2;23;0;3583.59033;17919.27148;0.19999;-0.00264;0.19717;0.94095
91;2020;2;23;0;3583.59033;17919.27148;0.19999;-0.00264;0.19737;0.94251
91;2020;2;23;0;3583.59058;17919.27148;0.19999;-0.00264;0.19755;0.94401
91;2020;2;23;0;3583.59058;17919.27148;0.19999;-0.00264;0.19774;0.94547
91;2020;2;23;0;3583.59082;17919.27148;0.19999;-0.00264;0.19792;0.94689
91;2020;2;23;0;3583.59106;17919.27148;0.19999;-0.00264;0.19809;0.94826
91;2020;2;23;0;3583.59082;17919.27148;0.19999;-0.00264;0.19826;0.94960
91;2020;2;23;0;3583.59131;17919.27344;0.19999;-0.00264;0.19842;0.95091
91;2020;2;24;0;3583.59351;17919.27734;0.19999;-0.00980;0.20336;0.99071
91;2020;2;24;0;3583.59961;17919.28906;0.19999;-0.00980;0.21445;1.08240
91;2020;2;24;0;3583.60645;17919.29883;0.19999;-0.00980;0.22753;1.19464
91;2020;2;24;0;3583.61328;17919.31250;0.19999;-0.00980;0.24088;1.31367
91;2020;2;24;0;3583.61963;17919.32422;0.19999;-0.00981;0.25231;1.41929
91;2020;2;24;0;3583.62354;17919.33008;0.19999;-0.00981;0.26061;1.49793
91;2020;2;24;0;3583.62646;17919.33594;0.19999;-0.00981;0.26621;1.55194
91;2020;2;24;0;3583.62866;17919.33984;0.19999;-0.00982;0.27073;1.59611
91;2020;2;24;0;3583.63062;17919.34180;0.19999;-0.00982;0.27436;1.63192
91;2020;2;24;0;3583.63257;17919.34570;0.19999;-0.00982;0.27747;1.66285
91;2020;2;24;0;3583.63379;17919.34766;0.19999;-0.00982;0.28026;1.69088
91;2020;2;24;0;3583.63501;17919.34961;0.19999;-0.00982;0.28293;1.71781
91;2020;2;24;0;3583.63623;17919.35156;0.19999;-0.00982;0.28545;1.74333
91;2020;2;24;0;3583.63794;17919.35547;0.19999;-0.00982;0.28781;1.76747
91;2020;2;24;0;3583.63892;17919.35742;0.19999;-0.00982;0.29002;1.79007
91;2020;2;24;0;3583.63965;17919.35938;0.19999;-0.00982;0.29206;1.81111
91;2020;2;24;0;3583.64111;17919.36133;0.19999;-0.00982;0.29392;1.83043
91;2020;2;24;0;3583.64136;17919.36133;0.19999;-0.00982;0.29562;1.84807
91;2020;2;24;0;3583.64233;17919.36328;0.19999;-0.00982;0.29714;1.86396
91;2020;2;24;0;3583.64282;17919.36523;0.19999;-0.00982;0.29851;1.87826
91;2020;2;24;0;3583.64355;17919.36523;0.19999;-0.00982;0.29972;1.89102
91;2020;2;24;0;3583.64453;17919.36719;0.19999;-0.00982;0.30081;1.90245
91;2020;2;24;0;3583.64453;17919.36719;0.19999;-0.00983;0.30178;1.91268
91;2020;2;24;0;3583.64502;17919.36914;0.19999;-0.00983;0.30265;1.92190
91;2020;2;24;0;3583.64575;17919.36914;0.19999;-0.00983;0.30344;1.93024
91;2020;2;24;0;3583.64624;17919.37109;0.19999;-0.00983;0.30415;1.93787
91;2020;2;24;0;3583.64624;17919.37109;0.19999;-0.00983;0.30481;1.94489
91;2020;2;24;0;3583.64648;17919.37109;0.19999;-0.00983;0.30543;1.95142
91;2020;2;24;0;3583.64697;17919.37109;0.19999;-0.00983;0.30600;1.95753
91;2020;2;24;0;3583.64722;17919.37305;0.19999;-0.00983;0.30654;1.96331
91;2020;2;24;0;3583.64771;17919.37305;0.19999;-0.00983;0.30706;1.96881
91;2020;2;24;0;3583.64795;17919.37305;0.19999;-0.00983;0.30755;1.97407
91;2020;2;24;0;3583.64795;17919.37305;0.19999;-0.00983;0.30802;1.97913
91;2020;2;24;0;3583.64819;17919.37500;0.19999;-0.00983;0.30848;1.98403
91;2020;2;24;0;3583.64844;17919.37500;0.19999;-0.00983;0.30892;1.98878
91;2020;2;24;0;3583.64844;17919.37500;0.19999;-0.00983;0.30935;1.99340
91;2020;2;24;0;3583.64868;17919.37500;0.19999;-0.00983;0.30977;1.99791
91;2020;2;24;0;3583.64917;17919.37695;0.19999;-0.00983;0.31018;2.00231
91;2020;2;24;0;3583.64966;17919.37695;0.19999;-0.00983;0.31058;2.00663
91;2020;2;24;0;3583.64990;17919.37695;0.19999;-0.00983;0.31098;2.01086
91;2020;2;24;0;3583.64990;17919.37695;0.19999;-0.00983;0.31136;2.01500
91;2020;2;24;0;3583.64990;17919.37695;0.19999;-0.00983;0.31174;2.01908
91;2020;2;24;0;3583.65015;17919.37891;0.19999;-0.00983;0.31211;2.02308
91;2020;2;24;0;3583.65015;17919.37891;0.19999;-0.00983;0.31247;2.02702
91;2020;2;24;0;3583.65039;17919.37891;0.19999;-0.00983;0.31286;2.03121
91;2020;2;24;0;3583.65088;17919.37891;0.19999;-0.00983;0.31339;2.03695
91;2020;2;24;0;3583.65137;17919.38086;0.19999;-0.00983;0.31417;2.04535
91;2020;2;24;0;3583.65210;17919.38086;0.19999;-0.00983;0.31502;2.05461
91;2020;2;25;0;3583.66016;17919.39453;0.19999;-0.03527;0.32983;2.21808
91;2020;2;25;0;3583.67310;17919.41797;0.19999;-0.03528;0.35523;2.51009
91;2020;2;25;0;3583.68042;17919.42969;0.19999;-0.03529;0.37036;2.69077
91;2020;2;25;0;3583.68384;17919.43555;0.19999;-0.03529;0.37691;2.77050
91;2020;2;25;0;3583.68774;17919.44336;0.19999;-0.03529;0.38425;2.86101
91;2020;2;25;0;3583.69092;17919.44922;0.19999;-0.03529;0.39025;2.93585
91;2020;2;25;0;3583.69385;17919.45508;0.19999;-0.03530;0.39584;3.00625
91;2020;2;25;0;3583.69727;17919.46094;0.19999;-0.03530;0.40217;3.08683
91;2020;2;25;0;3583.70044;17919.46680;0.19999;-0.03530;0.40909;3.17583
91;2020;2;25;0;3583.70361;17919.47266;0.19999;-0.03530;0.41457;3.24709
91;2020;2;25;0;3583.70581;17919.47461;0.19999;-0.03530;0.41893;3.30427
91;2020;2;25;0;3583.70850;17919.48047;0.19999;-0.03530;0.42364;3.36637
91;2020;2;25;0;3583.70972;17919.48242;0.19999;-0.03530;0.42706;3.41182
91;2020;2;25;0;3583.71191;17919.48633;0.19999;-0.03531;0.43005;3.45175
91;2020;2;25;0;3583.71313;17919.48828;0.19999;-0.03531;0.43253;3.48498
91;2020;2;25;0;3583.71411;17919.49023;0.19999;-0.03531;0.43467;3.51377
91;2020;2;25;0;3583.71509;17919.49219;0.19999;-0.03531;0.43634;3.53619
91;2020;2;25;0;3583.71533;17919.49219;0.19999;-0.03531;0.43768;3.55430
91;2020;2;25;0;3583.71606;17919.49414;0.19999;-0.03531;0.43874;3.56869
91;2020;2;25;0;3583.71655;17919.49609;0.19999;-0.03531;0.43956;3.57983
91;2020;2;25;0;3583.71680;17919.49609;0.19999;-0.03531;0.44025;3.58922
91;2020;2;25;0;3583.71704;17919.49609;0.19999;-0.03531;0.44078;3.59647
91;2020;2;25;0;3583.71729;17919.49609;0.19999;-0.03531;0.44127;3.60311
91;2020;2;25;0;3583.71729;17919.49609;0.19999;-0.03531;0.44166;3.60838
91;2020;2;25;0;3583.71753;17919.49609;0.19999;-0.03531;0.44204;3.61360
91;2020;2;25;0;3583.71802;17919.49805;0.19999;-0.03531;0.44236;3.61790
91;2020;2;25;0;3583.71851;17919.49805;0.19999;-0.03531;0.44269;3.62237
91;2020;2;25;0;3583.71802;17919.49805;0.19999;-0.03531;0.44297;3.62621
91;2020;2;25;0;3583.71875;17919.50000;0.19999;-0.03531;0.44326;3.63027
91;2020;2;25;0;3583.71851;17919.49805;0.19999;-0.03531;0.44353;3.63389
91;2020;2;25;0;3583.71851;17919.49805;0.19999;-0.03531;0.44381;3.63769
91;2020;2;25;0;3583.71851;17919.49805;0.19999;-0.03531;0.44406;3.64117
91;2020;2;25;0;3583.71875;17919.50000;0.19999;-0.03531;0.44433;3.64480
91;2020;2;25;0;3583.71924;17919.50000;0.19999;-0.03531;0.44458;3.64820
91;2020;2;25;0;3583.71924;17919.50000;0.19999;-0.03531;0.44483;3.65170
91;2020;2;25;0;3583.71948;17919.50000;0.19999;-0.03531;0.44508;3.65504
91;2020;2;25;0;3583.71948;17919.50000;0.19999;-0.03531;0.44532;3.65843
91;2020;2;25;0;3583.71973;17919.50195;0.19999;-0.03531;0.44556;3.66171
91;2020;2;25;0;3583.71997;17919.50195;0.19999;-0.03531;0.44581;3.66502
91;2020;2;25;0;3583.71997;17919.50195;0.19999;-0.03531;0.44604;3.66824
91;2020;2;25;0;3583.71997;17919.50195;0.19999;-0.03531;0.44628;3.67148
91;2020;2;25;0;3583.72021;17919.50195;0.19999;-0.03531;0.44651;3.67466
91;2020;2;25;0;3583.71997;17919.50195;0.19999;-0.03531;0.44674;3.67783
91;2020;2;25;0;3583.72046;17919.50195;0.19999;-0.03531;0.44697;3.68096
91;2020;2;25;0;3583.72046;17919.50195;0.19999;-0.03531;0.44719;3.68407
91;2020;2;25;0;3583.72070;17919.50195;0.19999;-0.03531;0.44742;3.68716
91;2020;2;25;0;3583.72046;17919.50195;0.19999;-0.03531;0.44764;3.69023
91;2020;2;25;0;3583.72095;17919.50391;0.19999;-0.03531;0.44786;3.69327
91;2020;2;26;0;3583.71582;17919.49414;0.19999;-0.01498;0.43858;3.56660
91;2020;2;26;0;3583.70874;17919.48047;0.19999;-0.01497;0.42465;3.37980
91;2020;2;26;0;3583.70581;17919.47461;0.19999;-0.01497;0.41876;3.30199
91;2020;2;26;0;3583.70410;17919.47266;0.19999;-0.01497;0.41571;3.26206
91;2020;2;26;0;3583.70312;17919.47266;0.19999;-0.01497;0.41358;3.23415
91;2020;2;26;0;3583.70312;17919.47266;0.19999;-0.01497;0.41368;3.23551
91;2020;2;26;0;3583.70312;17919.47266;0.19999;-0.01497;0.41371;3.23591
91;2020;2;26;0;3583.70337;17919.47266;0.19999;-0.01497;0.41392;3.23868
91;2020;2;26;0;3583.70312;17919.47266;0.19999;-0.01497;0.41416;3.24171
91;2020;2;26;0;3583.70337;17919.47266;0.19999;-0.01497;0.41422;3.24260
91;2020;2;26;0;3583.70312;17919.47266;0.19999;-0.01497;0.41437;3.24453
91;2020;2;26;0;3583.70361;17919.47266;0.19999;-0.01497;0.41436;3.24437
91;2020;2;26;0;3583.70361;17919.47266;0.19999;-0.01497;0.41447;3.24577
91;2020;2;26;0;3583.70361;17919.47266;0.19999;-0.01497;0.41445;3.24553
91;2020;2;26;0;3583.70361;17919.47266;0.19999;-0.01497;0.41453;3.24665
91;2020;2;26;0;3583.70361;17919.47266;0.19999;-0.01497;0.41453;3.24662
91;2020;2;26;0;3583.70361;17919.47266;0.19999;-0.01497;0.41461;3.24770
91;2020;2;26;0;3583.70361;17919.47266;0.19999;-0.01497;0.41464;3.24801
91;2020;2;26;0;3583.70361;17919.47266;0.19999;-0.01497;0.41472;3.24905
91;2020;2;26;0;3583.70361;17919.47266;0.19999;-0.01497;0.41476;3.24956
91;2020;2;26;0;3583.70361;17919.47266;0.19999;-0.01497;0.41483;3.25054
91;2020;2;26;0;3583.70386;17919.47266;0.19999;-0.01497;0.41488;3.25120
91;2020;2;26;0;3583.70361;17919.47266;0.19999;-0.01497;0.41496;3.25215
91;2020;2;26;0;3583.70386;17919.47266;0.19999;-0.01497;0.41501;3.25291
91;2020;2;26;0;3583.70361;17919.47266;0.19999;-0.01497;0.41509;3.25385
91;2020;2;26;0;3583.70386;17919.47266;0.19999;-0.01497;0.41515;3.25468
91;2020;2;26;0;3583.70361;17919.47266;0.19999;-0.01497;0.41522;3.25563
91;2020;2;26;0;3583.70386;17919.47266;0.19999;-0.01497;0.41529;3.25653
91;2020;2;26;0;3583.70386;17919.47266;0.19999;-0.01497;0.41536;3.25749
91;2020;2;26;0;3583.70386;17919.47266;0.19999;-0.01497;0.41544;3.25844
91;2020;2;26;0;3583.70386;17919.47266;0.19999;-0.01497;0.41551;3.25943
91;2020;2;26;0;3583.70386;17919.47266;0.19999;-0.01497;0.41559;3.26042
91;2020;2;26;0;3583.70386;17919.47266;0.19999;-0.01497;0.41567;3.26144
91;2020;2;26;0;3583.70386;17919.47266;0.19999;-0.01497;0.41575;3.26246
91;2020;2;26;0;3583.70410;17919.47266;0.19999;-0.01497;0.41582;3.26351
91;2020;2;26;0;3583.70435;17919.47266;0.19999;-0.01497;0.41591;3.26457
91;2020;2;26;0;3583.70435;17919.47266;0.19999;-0.01497;0.41599;3.26564
91;2020;2;26;0;3583.70435;17919.47266;0.19999;-0.01497;0.41607;3.26673
91;2020;2;26;0;3583.70435;17919.47266;0.19999;-0.01497;0.41616;3.26784
91;2020;2;26;0;3583.70435;17919.47266;0.19999;-0.01497;0.41624;3.26895
91;2020;2;26;0;3583.70459;17919.47266;0.19999;-0.01497;0.41633;3.27008
91;2020;2;26;0;3583.70483;17919.47266;0.19999;-0.01497;0.41641;3.27123
91;2020;2;26;0;3583.70459;17919.47266;0.19999;-0.01497;0.41650;3.27238
91;2020;2;26;0;3583.70483;17919.47266;0.19999;-0.01497;0.41659;3.27355
91;2020;2;26;0;3583.70459;17919.47266;0.19999;-0.01497;0.41668;3.27473
91;2020;2;26;0;3583.70508;17919.47461;0.19999;-0.01497;0.41677;3.27591
91;2020;2;26;0;3583.70459;17919.47266;0.19999;-0.01497;0.41686;3.27710
91;2020;2;26;0;3583.70508;17919.47461;0.19999;-0.01497;0.41695;3.27829
91;2020;2;27;0;3583.70117;17919.46875;0.19999;-0.00831;0.41053;3.19459
91;2020;2;27;0;3583.69531;17919.45703;0.19999;-0.00831;0.39907;3.04725
91;2020;2;27;0;3583.69165;17919.45117;0.19999;-0.00831;0.39241;2.96303
91;2020;2;27;0;3583.68994;17919.44727;0.19999;-0.00831;0.38840;2.91273
91;2020;2;27;0;3583.68799;17919.44336;0.19999;-0.00830;0.38487;2.86869
91;2020;2;27;0;3583.68701;17919.44141;0.19999;-0.00830;0.38287;2.84390
91;2020;2;27;0;3583.68579;17919.43945;0.19999;-0.00830;0.38105;2.82146
91;2020;2;27;0;3583.68506;17919.43945;0.19999;-0.00830;0.37966;2.80429
91;2020;2;27;0;3583.68481;17919.43750;0.19999;-0.00830;0.37846;2.78955
91;2020;2;27;0;3583.68457;17919.43750;0.19999;-0.00830;0.37739;2.77639
91;2020;2;27;0;3583.68384;17919.43555;0.19999;-0.00830;0.37650;2.76554
91;2020;2;27;0;3583.68335;17919.43555;0.19999;-0.00830;0.37569;2.75564
91;2020;2;27;0;3583.68311;17919.43555;0.19999;-0.00830;0.37508;2.74815
91;2020;2;27;0;3583.68262;17919.43359;0.19999;-0.00830;0.37454;2.74160
91;2020;2;27;0;3583.68237;17919.43359;0.19999;-0.00830;0.37418;2.73713
91;2020;2;27;0;3583.68262;17919.43359;0.19999;-0.00830;0.37387;2.73340
91;2020;2;27;0;3583.68213;17919.43359;0.19999;-0.00830;0.37369;2.73114
91;2020;2;27;0;3583.68188;17919.43359;0.19999;-0.00830;0.37354;2.72938
91;2020;2;27;0;3583.68188;17919.43359;0.19999;-0.00830;0.37347;2.72852
91;2020;2;27;0;3583.68188;17919.43359;0.19999;-0.00830;0.37342;2.72795
91;2020;2;27;0;3583.68188;17919.43359;0.19999;-0.00830;0.37342;2.72789
91;2020;2;27;0;3583.68188;17919.43359;0.19999;-0.00830;0.37343;2.72798
91;2020;2;27;0;3583.68188;17919.43359;0.19999;-0.00830;0.37346;2.72835
91;2020;2;27;0;3583.68188;17919.43359;0.19999;-0.00830;0.37349;2.72881
91;2020;2;27;0;3583.68188;17919.43359;0.19999;-0.00830;0.37354;2.72940
91;2020;2;27;0;3583.68213;17919.43359;0.19999;-0.00830;0.37360;2.73005
91;2020;2;27;0;3583.68213;17919.43359;0.19999;-0.00830;0.37365;2.73076
91;2020;2;27;0;3583.68213;17919.43359;0.19999;-0.00830;0.37372;2.73152
91;2020;2;27;0;3583.68213;17919.43359;0.19999;-0.00830;0.37378;2.73230
91;2020;2;27;0;3583.68213;17919.43359;0.19999;-0.00830;0.37385;2.73311
91;2020;2;27;0;3583.68213;17919.43359;0.19999;-0.00830;0.37392;2.73394
91;2020;2;27;0;3583.68213;17919.43359;0.19999;-0.00830;0.37398;2.73479
91;2020;2;27;0;3583.68237;17919.43359;0.19999;-0.00830;0.37406;2.73565
91;2020;2;27;0;3583.68286;17919.43555;0.19999;-0.00830;0.37413;2.73652
91;2020;2;27;0;3583.68262;17919.43359;0.19999;-0.00830;0.37420;2.73740
91;2020;2;27;0;3583.68237;17919.43359;0.19999;-0.00830;0.37427;2.73829
91;2020;2;27;0;3583.68286;17919.43555;0.19999;-0.00830;0.37435;2.73919
91;2020;2;27;0;3583.68262;17919.43359;0.19999;-0.00830;0.37442;2.74010
91;2020;2;27;0;3583.68237;17919.43359;0.19999;-0.00830;0.37450;2.74101
91;2020;2;27;0;3583.68311;17919.43555;0.19999;-0.00830;0.37457;2.74193
91;2020;2;27;0;3583.68262;17919.43359;0.19999;-0.00830;0.37465;2.74286
91;2020;2;27;0;3583.68262;17919.43359;0.19999;-0.00830;0.37472;2.74379
91;2020;2;27;0;3583.68262;17919.43359;0.19999;-0.00830;0.37480;2.74472
91;2020;2;27;0;3583.68262;17919.43359;0.19999;-0.00830;0.37488;2.74566
91;2020;2;27;0;3583.68262;17919.43359;0.19999;-0.00830;0.37495;2.74661
91;2020;2;27;0;3583.68286;17919.43555;0.19999;-0.00830;0.37503;2.74756
91;2020;2;27;0;3583.68311;17919.43555;0.19999;-0.00830;0.37511;2.74851
91;2020;2;27;0;3583.68286;17919.43555;0.19999;-0.00830;0.37519;2.74947
91;2020;2;28;0;3583.68213;17919.43359;0.19999;-0.00629;0.37400;2.73500
91;2020;2;28;0;3583.68091;17919.43164;0.19999;-0.00629;0.37142;2.70363
91;2020;2;28;0;3583.67944;17919.42969;0.19999;-0.00629;0.36885;2.67244
91;2020;2;28;0;3583.67847;17919.42773;0.19999;-0.00629;0.36660;2.64535
91;2020;2;28;0;3583.67773;17919.42773;0.19999;-0.00629;0.36483;2.62415
91;2020;2;28;0;3583.67725;17919.42578;0.19999;-0.00629;0.36357;2.60906
91;2020;2;28;0;3583.67651;17919.42578;0.19999;-0.00629;0.36248;2.59605
91;2020;2;28;0;3583.67578;17919.42383;0.19999;-0.00629;0.36155;2.58491
91;2020;2;28;0;3583.67554;17919.42383;0.19999;-0.00629;0.36076;2.57553
91;2020;2;28;0;3583.67529;17919.42188;0.19999;-0.00629;0.36007;2.56726
91;2020;2;28;0;3583.67456;17919.42188;0.19999;-0.00629;0.35948;2.56032
91;2020;2;28;0;3583.67456;17919.42188;0.19999;-0.00628;0.35897;2.55427
91;2020;2;28;0;3583.67432;17919.41992;0.19999;-0.00628;0.35856;2.54943
91;2020;2;28;0;3583.67456;17919.42188;0.19999;-0.00628;0.35823;2.54544
91;2020;2;28;0;3583.67407;17919.41992;0.19999;-0.00628;0.35798;2.54248
91;2020;2;28;0;3583.67407;17919.41992;0.19999;-0.00628;0.35778;2.54022
91;2020;2;28;0;3583.67407;17919.41992;0.19999;-0.00628;0.35766;2.53870
91;2020;2;28;0;3583.67383;17919.41992;0.19999;-0.00628;0.35757;2.53766
91;2020;2;28;0;3583.67407;17919.41992;0.19999;-0.00628;0.35752;2.53710
91;2020;2;28;0;3583.67383;17919.41992;0.19999;-0.00628;0.35750;2.53683
91;2020;2;28;0;3583.67407;17919.41992;0.19999;-0.00628;0.35750;2.53683
91;2020;2;28;0;3583.67383;17919.41992;0.19999;-0.00628;0.35751;2.53699
91;2020;2;28;0;3583.67407;17919.41992;0.19999;-0.00628;0.35754;2.53731
91;2020;2;28;0;3583.67383;17919.41992;0.19999;-0.00628;0.35757;2.53770
91;2020;2;28;0;3583.67407;17919.41992;0.19999;-0.00628;0.35761;2.53818
91;2020;2;28;0;3583.67407;17919.41992;0.19999;-0.00628;0.35766;2.53869
91;2020;2;28;0;3583.67407;17919.41992;0.19999;-0.00628;0.35770;2.53925
91;2020;2;28;0;3583.67407;17919.41992;0.19999;-0.00628;0.35775;2.53983
91;2020;2;28;0;3583.67407;17919.41992;0.19999;-0.00628;0.35780;2.54043
91;2020;2;28;0;3583.67407;17919.41992;0.19999;-0.00628;0.35786;2.54105
91;2020;2;28;0;3583.67407;17919.41992;0.19999;-0.00628;0.35791;2.54167
91;2020;2;28;0;3583.67407;17919.41992;0.19999;-0.00628;0.35796;2.54230
91;2020;2;28;0;3583.67407;17919.41992;0.19999;-0.00628;0.35802;2.54294
91;2020;2;28;0;3583.67407;17919.41992;0.19999;-0.00628;0.35807;2.54358
91;2020;2;28;0;3583.67432;17919.41992;0.19999;-0.00628;0.35812;2.54423
91;2020;2;28;0;3583.67456;17919.42188;0.19999;-0.00628;0.35818;2.54488
91;2020;2;28;0;3583.67432;17919.41992;0.19999;-0.00628;0.35823;2.54553
91;2020;2;28;0;3583.67456;17919.42188;0.19999;-0.00628;0.35829;2.54619
91;2020;2;28;0;3583.67432;17919.41992;0.19999;-0.00628;0.35834;2.54684
91;2020;2;28;0;3583.67456;17919.42188;0.19999;-0.00628;0.35840;2.54750
91;2020;2;28;0;3583.67432;17919.41992;0.19999;-0.00628;0.35846;2.54816
91;2020;2;28;0;3583.67456;17919.42188;0.19999;-0.00628;0.35851;2.54882
91;2020;2;28;0;3583.67456;17919.42188;0.19999;-0.00628;0.35857;2.54949
91;2020;2;28;0;3583.67456;17919.42188;0.19999;-0.00628;0.35862;2.55015
91;2020;2;28;0;3583.67456;17919.42188;0.19999;-0.00628;0.35868;2.55081
91;2020;2;28;0;3583.67456;17919.42188;0.19999;-0.00628;0.35874;2.55147
91;2020;2;28;0;3583.67456;17919.42188;0.19999;-0.00628;0.35879;2.55214
91;2020;2;28;0;3583.67456;17919.42188;0.19999;-0.00628;0.35885;2.55280
91;2020;2;29;0;3583.67432;17919.41992;0.19999;-0.00546;0.35826;2.54588
91;2020;2;29;0;3583.67383;17919.41992;0.19999;-0.00546;0.35685;2.52912
91;2020;2;29;0;3583.67285;17919.41797;0.19999;-0.00546;0.35536;2.51161
91;2020;2;29;0;3583.67212;17919.41602;0.19999;-0.00546;0.35410;2.49675
91;2020;2;29;0;3583.67163;17919.41602;0.19999;-0.00546;0.35302;2.48403
91;2020;2;29;0;3583.67114;17919.41406;0.19999;-0.00546;0.35212;2.47348
91;2020;2;29;0;3583.67065;17919.41406;0.19999;-0.00546;0.35129;2.46383
91;2020;2;29;0;3583.67017;17919.41406;0.19999;-0.00546;0.35056;2.45526
91;2020;2;29;0;3583.66992;17919.41211;0.19999;-0.00546;0.34992;2.44778
91;2020;2;29;0;3583.66968;17919.41211;0.19999;-0.00546;0.34935;2.44115
91;2020;2;29;0;3583.66919;17919.41211;0.19999;-0.00546;0.34886;2.43551
91;2020;2;29;0;3583.66895;17919.41016;0.19999;-0.00546;0.34844;2.43064
91;2020;2;29;0;3583.66895;17919.41016;0.19999;-0.00545;0.34810;2.42670
91;2020;2;29;0;3583.66895;17919.41016;0.19999;-0.00545;0.34783;2.42349
91;2020;2;29;0;3583.66870;17919.41016;0.19999;-0.00545;0.34762;2.42107
91;2020;2;29;0;3583.66895;17919.41016;0.19999;-0.00545;0.34746;2.41924
91;2020;2;29;0;3583.66870;17919.41016;0.19999;-0.00545;0.34735;2.41798
91;2020;2;29;0;3583.66870;17919.41016;0.19999;-0.00545;0.34728;2.41712
91;2020;2;29;0;3583.66870;17919.41016;0.19999;-0.00545;0.34724;2.41661
91;2020;2;29;0;3583.66870;17919.41016;0.19999;-0.00545;0.34721;2.41635
91;2020;2;29;0;3583.66870;17919.41016;0.19999;-0.00545;0.34721;2.41629
91;2020;2;29;0;3583.66870;17919.41016;0.19999;-0.00545;0.34721;2.41636
91;2020;2;29;0;3583.66870;17919.41016;0.19999;-0.00545;0.34723;2.41654
91;2020;2;29;0;3583.66870;17919.41016;0.19999;-0.00545;0.34725;2.41679
91;2020;2;29;0;3583.66870;17919.41016;0.19999;-0.00545;0.34728;2.41709
91;2020;2;29;0;3583.66870;17919.41016;0.19999;-0.00545;0.34731;2.41743
91;2020;2;29;0;3583.66895;17919.41016;0.19999;-0.00545;0.34734;2.41779
91;2020;2;29;0;3583.66870;17919.41016;0.19999;-0.00545;0.34737;2.41816
91;2020;2;29;0;3583.66895;17919.41016;0.19999;-0.00545;0.34740;2.41855
91;2020;2;29;0;3583.66870;17919.41016;0.19999;-0.00545;0.34744;2.41895
91;2020;2;29;0;3583.66895;17919.41016;0.19999;-0.00545;0.34747;2.41934
91;2020;2;29;0;3583.66870;17919.41016;0.19999;-0.00545;0.34751;2.41975
91;2020;2;29;0;3583.66895;17919.41016;0.19999;-0.00545;0.34754;2.42015
91;2020;2;29;0;3583.66870;17919.41016;0.19999;-0.00545;0.34757;2.42055
91;2020;2;29;0;3583.66895;17919.41016;0.19999;-0.00545;0.34761;2.42096
91;2020;2;29;0;3583.66870;17919.41016;0.19999;-0.00545;0.34764;2.42136
91;2020;2;29;0;3583.66895;17919.41016;0.19999;-0.00545;0.34768;2.42176
91;2020;2;29;0;3583.66870;17919.41016;0.19999;-0.00545;0.34771;2.42216
91;2020;2;29;0;3583.66895;17919.41016;0.19999;-0.00545;0.34775;2.42256
91;2020;2;29;0;3583.66895;17919.41016;0.19999;-0.00545;0.34778;2.42295
91;2020;2;29;0;3583.66895;17919.41016;0.19999;-0.00545;0.34782;2.42335
91;2020;2;29;0;3583.66895;17919.41016;0.19999;-0.00545;0.34785;2.42374
91;2020;2;29;0;3583.66895;17919.41016;0.19999;-0.00545;0.34788;2.42413
91;2020;2;29;0;3583.66895;17919.41016;0.19999;-0.00545;0.34792;2.42452
91;2020;2;29;0;3583.66895;17919.41016;0.19999;-0.00545;0.34795;2.42491
91;2020;2;29;0;3583.66895;17919.41016;0.19999;-0.00545;0.34798;2.42529
91;2020;2;29;0;3583.66895;17919.41016;0.19999;-0.00545;0.34802;2.42568
91;2020;2;29;0;3583.66895;17919.41016;0.19999;-0.00545;0.34805;2.42606
91;2020;3;1;0;3583.66870;17919.41016;0.19999;-0.00485;0.34766;2.42152
91;2020;3;1;0;3583.66797;17919.40820;0.19999;-0.00485;0.34669;2.41029
91;2020;3;1;0;3583.66772;17919.40820;0.19999;-0.00485;0.34564;2.39814
91;2020;3;1;0;3583.66748;17919.40820;0.19999;-0.00485;0.34475;2.38786
91;2020;3;1;0;3583.66675;17919.40625;0.19999;-0.00485;0.34398;2.37893
91;2020;3;1;0;3583.66650;17919.40625;0.19999;-0.00485;0.34329;2.37101
91;2020;3;1;0;3583.66577;17919.40430;0.19999;-0.00485;0.34264;2.36353
91;2020;3;1;0;3583.66577;17919.40430;0.19999;-0.00485;0.34204;2.35666
91;2020;3;1;0;3583.66553;17919.40430;0.19999;-0.00485;0.34151;2.35053
91;2020;3;1;0;3583.66528;17919.40430;0.19999;-0.00485;0.34102;2.34500
91;2020;3;1;0;3583.66479;17919.40234;0.19999;-0.00485;0.34060;2.34018
91;2020;3;1;0;3583.66455;17919.40234;0.19999;-0.00485;0.34024;2.33605
91;2020;3;1;0;3583.66479;17919.40234;0.19999;-0.00485;0.34007;2.33409
91;2020;3;1;0;3583.66455;17919.40234;0.19999;-0.00485;0.34024;2.33606
91;2020;3;1;0;3583.66504;17919.40430;0.19999;-0.00485;0.34056;2.33973
91;2020;3;1;0;3583.66504;17919.40430;0.19999;-0.00485;0.34060;2.34014
91;2020;3;1;0;3583.66504;17919.40430;0.19999;-0.00485;0.34042;2.33811
91;2020;3;1;0;3583.66504;17919.40430;0.19999;-0.00485;0.34032;2.33694
91;2020;3;1;0;3583.66479;17919.40234;0.19999;-0.00485;0.34027;2.33640
91;2020;3;1;0;3583.66455;17919.40234;0.19999;-0.00485;0.34022;2.33584
91;2020;3;1;0;3583.66479;17919.40234;0.19999;-0.00485;0.34020;2.33555
91;2020;3;1;0;3583.66455;17919.40234;0.19999;-0.00485;0.34018;2.33537
91;2020;3;1;0;3583.66479;17919.40234;0.19999;-0.00485;0.34017;2.33527
91;2020;3;1;0;3583.66455;17919.40234;0.19999;-0.00485;0.34017;2.33525
91;2020;3;1;0;3583.66479;17919.40234;0.19999;-0.00485;0.34017;2.33527
91;2020;3;1;0;3583.66455;17919.40234;0.19999;-0.00485;0.34018;2.33533
91;2020;3;1;0;3583.66479;17919.40234;0.19999;-0.00485;0.34019;2.33541
91;2020;3;1;0;3583.66455;17919.40234;0.19999;-0.00485;0.34019;2.33550
91;2020;3;1;0;3583.66479;17919.40234;0.19999;-0.00485;0.34020;2.33560
91;2020;3;1;0;3583.66455;17919.40234;0.19999;-0.00485;0.34021;2.33571
91;2020;3;1;0;3583.66479;17919.40234;0.19999;-0.00485;0.34022;2.33582
91;2020;3;1;0;3583.66455;17919.40234;0.19999;-0.00485;0.34023;2.33593
91;2020;3;1;0;3583.66479;17919.40234;0.19999;-0.00485;0.34024;2.33605
91;2020;3;1;0;3583.66455;17919.40234;0.19999;-0.00485;0.34025;2.33616
91;2020;3;1;0;3583.66479;17919.40234;0.19999;-0.00485;0.34026;2.33627
91;2020;3;1;0;3583.66455;17919.40234;0.19999;-0.00485;0.34027;2.33638
91;2020;3;1;0;3583.66504;17919.40430;0.19999;-0.00485;0.34028;2.33648
91;2020;3;1;0;3583.66504;17919.40430;0.19999;-0.00485;0.34029;2.33659
91;2020;3;1;0;3583.66504;17919.40430;0.19999;-0.00485;0.34030;2.33669
91;2020;3;1;0;3583.66504;17919.40430;0.19999;-0.00485;0.34031;2.33679
91;2020;3;1;0;3583.66504;17919.40430;0.19999;-0.00485;0.34032;2.33689
91;2020;3;1;0;3583.66504;17919.40430;0.19999;-0.00485;0.34032;2.33699
91;2020;3;1;0;3583.66504;17919.40430;0.19999;-0.00485;0.34033;2.33708
91;2020;3;1;0;3583.66504;17919.40430;0.19999;-0.00485;0.34034;2.33717
91;2020;3;1;0;3583.66504;17919.40430;0.19999;-0.00485;0.34035;2.33726
91;2020;3;1;0;3583.66504;17919.40430;0.19999;-0.00485;0.34036;2.33735
91;2020;3;1;0;3583.66504;17919.40430;0.19999;-0.00485;0.34036;2.33744
91;2020;3;1;0;3583.66504;17919.40430;0.19999;-0.00485;0.34037;2.33752
91;2020;3;2;0;3583.66455;17919.40234;0.19999;-0.00422;0.33996;2.33283
91;2020;3;2;0;3583.66406;17919.40234;0.19999;-0.00422;0.33894;2.32122
91;2020;3;2;0;3583.66382;17919.40039;0.19999;-0.00422;0.33777;2.30787
91;2020;3;2;0;3583.66309;17919.40039;0.19999;-0.00422;0.33677;2.29644
91;2020;3;2;0;3583.66260;17919.39844;0.19999;-0.00422;0.33591;2.28667
91;2020;3;2;0;3583.66211;17919.39844;0.19999;-0.00422;0.33512;2.27770
91;2020;3;2;0;3583.66187;17919.39844;0.19999;-0.00422;0.33437;2.26921
91;2020;3;2;0;3583.66162;17919.39648;0.19999;-0.00422;0.33369;2.26150
91;2020;3;2;0;3583.66113;17919.39648;0.19999;-0.00422;0.33308;2.25462
91;2020;3;2;0;3583.66064;17919.39453;0.19999;-0.00422;0.33253;2.24842
91;2020;3;2;0;3583.66040;17919.39453;0.19999;-0.00422;0.33204;2.24297
91;2020;3;2;0;3583.66040;17919.39453;0.19999;-0.00422;0.33161;2.23809
91;2020;3;2;0;3583.66016;17919.39453;0.19999;-0.00422;0.33124;2.23391
91;2020;3;2;0;3583.66016;17919.39453;0.19999;-0.00422;0.33092;2.23030
91;2020;3;2;0;3583.66016;17919.39453;0.19999;-0.00422;0.33065;2.22733
91;2020;3;2;0;3583.65991;17919.39453;0.19999;-0.00422;0.33043;2.22486
91;2020;3;2;0;3583.65967;17919.39453;0.19999;-0.00422;0.33026;2.22290
91;2020;3;2;0;3583.65991;17919.39453;0.19999;-0.00422;0.33012;2.22133
91;2020;3;2;0;3583.65967;17919.39453;0.19999;-0.00422;0.33001;2.22010
91;2020;3;2;0;3583.65967;17919.39453;0.19999;-0.00422;0.32992;2.21912
91;2020;3;2;0;3583.65967;17919.39453;0.19999;-0.00422;0.32985;2.21835
91;2020;3;2;0;3583.65967;17919.39453;0.19999;-0.00422;0.32980;2.21774
91;2020;3;2;0;3583.65967;17919.39453;0.19999;-0.00422;0.32975;2.21724
91;2020;3;2;0;3583.65967;17919.39453;0.19999;-0.00422;0.32972;2.21683
91;2020;3;2;0;3583.65967;17919.39453;0.19999;-0.00422;0.32968;2.21648
91;2020;3;2;0;3583.65967;17919.39453;0.19999;-0.00422;0.32966;2.21617
91;2020;3;2;0;3583.65967;17919.39453;0.19999;-0.00422;0.32963;2.21590
91;2020;3;2;0;3583.65967;17919.39453;0.19999;-0.00422;0.32961;2.21565
91;2020;3;2;0;3583.65967;17919.39453;0.19999;-0.00422;0.32959;2.21540
91;2020;3;2;0;3583.65967;17919.39453;0.19999;-0.00422;0.32957;2.21518
91;2020;3;2;0;3583.65967;17919.39453;0.19999;-0.00422;0.32955;2.21495
91;2020;3;2;0;3583.65967;17919.39453;0.19999;-0.00422;0.32953;2.21473
91;2020;3;2;0;3583.65967;17919.39453;0.19999;-0.00422;0.32951;2.21452
91;2020;3;2;0;3583.65942;17919.39258;0.19999;-0.00422;0.32949;2.21430
91;2020;3;2;0;3583.65918;17919.39258;0.19999;-0.00422;0.32947;2.21409
91;2020;3;2;0;3583.65918;17919.39258;0.19999;-0.00422;0.32945;2.21387
91;2020;3;2;0;3583.65918;17919.39258;0.19999;-0.00422;0.32943;2.21365
91;2020;3;2;0;3583.65918;17919.39258;0.19999;-0.00422;0.32941;2.21343
91;2020;3;2;0;3583.65918;17919.39258;0.19999;-0.00422;0.32939;2.21322
91;2020;3;2;0;3583.65918;17919.39258;0.19999;-0.00422;0.32937;2.21300
91;2020;3;2;0;3583.65918;17919.39258;0.19999;-0.00422;0.32935;2.21278
91;2020;3;2;0;3583.65918;17919.39258;0.19999;-0.00422;0.32933;2.21255
91;2020;3;2;0;3583.65918;17919.39258;0.19999;-0.00422;0.32931;2.21233
91;2020;3;2;0;3583.65918;17919.39258;0.19999;-0.00422;0.32929;2.21211
91;2020;3;2;0;3583.65918;17919.39258;0.19999;-0.00422;0.32927;2.21188
91;2020;3;2;0;3583.65918;17919.39258;0.19999;-0.00422;0.32925;2.21165
91;2020;3;2;0;3583.65918;17919.39258;0.19999;-0.00422;0.32923;2.21143
91;2020;3;2;0;3583.65918;17919.39258;0.19999;-0.00422;0.32921;2.21120
91;2020;3;3;0;3583.66382;17919.40039;0.19999;-0.02156;0.33763;2.30618
91;2020;3;3;0;3583.67188;17919.41602;0.19999;-0.02156;0.35380;2.49320
91;2020;3;3;0;3583.67896;17919.42969;0.19999;-0.02157;0.36704;2.65072
91;2020;3;3;0;3583.68433;17919.43750;0.19999;-0.02157;0.37676;2.76864
91;2020;3;3;0;3583.68774;17919.44336;0.19999;-0.02157;0.38400;2.85798
91;2020;3;3;0;3583.69019;17919.44727;0.19999;-0.02158;0.38879;2.91757
91;2020;3;3;0;3583.69189;17919.45117;0.19999;-0.02158;0.39241;2.96299
91;2020;3;3;0;3583.69336;17919.45508;0.19999;-0.02158;0.39532;2.99977
91;2020;3;3;0;3583.69482;17919.45703;0.19999;-0.02158;0.39754;3.02791
91;2020;3;3;0;3583.69604;17919.45898;0.19999;-0.02158;0.39955;3.05336
91;2020;3;3;0;3583.69653;17919.46094;0.19999;-0.02158;0.40116;3.07389
91;2020;3;3;0;3583.69751;17919.46094;0.19999;-0.02158;0.40270;3.09365
91;2020;3;3;0;3583.69775;17919.46289;0.19999;-0.02158;0.40396;3.10978
91;2020;3;3;0;3583.69873;17919.46484;0.19999;-0.02158;0.40515;3.12510
91;2020;3;3;0;3583.69946;17919.46484;0.19999;-0.02158;0.40615;3.13800
91;2020;3;3;0;3583.69971;17919.46680;0.19999;-0.02158;0.40713;3.15054
91;2020;3;3;0;3583.69995;17919.46680;0.19999;-0.02158;0.40789;3.16044
91;2020;3;3;0;3583.70044;17919.46680;0.19999;-0.02158;0.40849;3.16811
91;2020;3;3;0;3583.70093;17919.46875;0.19999;-0.02158;0.40890;3.17350
91;2020;3;3;0;3583.70044;17919.46680;0.19999;-0.02158;0.40927;3.17818
91;2020;3;3;0;3583.70117;17919.46875;0.19999;-0.02158;0.40956;3.18193
91;2020;3;3;0;3583.70117;17919.46875;0.19999;-0.02158;0.40981;3.18520
91;2020;3;3;0;3583.70117;17919.46875;0.19999;-0.02158;0.41002;3.18794
91;2020;3;3;0;3583.70117;17919.46875;0.19999;-0.02158;0.41021;3.19041
91;2020;3;3;0;3583.70142;17919.46875;0.19999;-0.02158;0.41038;3.19262
91;2020;3;3;0;3583.70117;17919.46875;0.19999;-0.02158;0.41054;3.19468
91;2020;3;3;0;3583.70142;17919.46875;0.19999;-0.02158;0.41069;3.19660
91;2020;3;3;0;3583.70142;17919.46875;0.19999;-0.02158;0.41083;3.19843
91;2020;3;3;0;3583.70142;17919.46875;0.19999;-0.02158;0.41097;3.20019
91;2020;3;3;0;3583.70142;17919.46875;0.19999;-0.02158;0.41110;3.20189
91;2020;3;3;0;3583.70166;17919.46875;0.19999;-0.02158;0.41122;3.20354
91;2020;3;3;0;3583.70190;17919.47070;0.19999;-0.02158;0.41135;3.20515
91;2020;3;3;0;3583.70190;17919.47070;0.19999;-0.02158;0.41147;3.20673
91;2020;3;3;0;3583.70190;17919.47070;0.19999;-0.02158;0.41159;3.20827
91;2020;3;3;0;3583.70215;17919.47070;0.19999;-0.02158;0.41170;3.20978
91;2020;3;3;0;3583.70239;17919.47070;0.19999;-0.02158;0.41182;3.21127
91;2020;3;3;0;3583.70215;17919.47070;0.19999;-0.02158;0.41193;3.21273
91;2020;3;3;0;3583.70239;17919.47070;0.19999;-0.02158;0.41204;3.21416
91;2020;3;3;0;3583.70239;17919.47070;0.19999;-0.02158;0.41215;3.21557
91;2020;3;3;0;3583.70239;17919.47070;0.19999;-0.02158;0.41226;3.21696
91;2020;3;3;0;3583.70239;17919.47070;0.19999;-0.02158;0.41236;3.21832
91;2020;3;3;0;3583.70239;17919.47070;0.19999;-0.02158;0.41246;3.21967
91;2020;3;3;0;3583.70239;17919.47070;0.19999;-0.02158;0.41257;3.22099
91;2020;3;3;0;3583.70264;17919.47070;0.19999;-0.02158;0.41267;3.22229
91;2020;3;3;0;3583.70288;17919.47266;0.19999;-0.02158;0.41276;3.22357
91;2020;3;3;0;3583.70264;17919.47070;0.19999;-0.02158;0.41286;3.22484
91;2020;3;3;0;3583.70288;17919.47266;0.19999;-0.02158;0.41296;3.22607
91;2020;3;3;0;3583.70288;17919.47266;0.19999;-0.02158;0.41305;3.22730
91;2020;3;4;0;3583.73267;17919.52344;0.19999;-0.08695;0.46763;3.96892
91;2020;3;4;0;3583.78442;17919.61523;0.19999;-0.08696;0.56744;5.47906
91;2020;3;4;0;3583.81714;17919.67383;0.19999;-0.08699;0.63147;6.54775
91;2020;3;4;0;3583.83740;17919.70898;0.19999;-0.08701;0.67028;7.23201
91;2020;3;4;0;3583.85083;17919.73438;0.19999;-0.08702;0.69723;7.72321
91;2020;3;4;0;3583.86279;17919.75391;0.20000;-0.08703;0.71993;8.14678
91;2020;3;4;0;3583.87378;17919.77539;0.20000;-0.08704;0.74059;8.54020
91;2020;3;4;0;3583.88208;17919.78906;0.20000;-0.08704;0.75767;8.87086
91;2020;3;4;0;3583.88965;17919.80273;0.20000;-0.08705;0.77116;9.13574
91;2020;3;4;0;3583.89380;17919.81055;0.20000;-0.08705;0.78030;9.31692
91;2020;3;4;0;3583.89746;17919.81641;0.20000;-0.08705;0.78664;9.44341
91;2020;3;4;0;3583.89966;17919.82031;0.20000;-0.08706;0.79065;9.52373
91;2020;3;4;0;3583.90039;17919.82227;0.20000;-0.08706;0.79296;9.57008
91;2020;3;4;0;3583.90186;17919.82422;0.20000;-0.08706;0.79530;9.61724
91;2020;3;4;0;3583.90210;17919.82617;0.20000;-0.08706;0.79641;9.63969
91;2020;3;4;0;3583.90259;17919.82617;0.20000;-0.08706;0.79711;9.65384
91;2020;3;4;0;3583.90308;17919.82617;0.20000;-0.08706;0.79769;9.66556
91;2020;3;4;0;3583.90332;17919.82812;0.20000;-0.08706;0.79841;9.68003
91;2020;3;4;0;3583.90356;17919.82812;0.20000;-0.08706;0.79888;9.68963
91;2020;3;4;0;3583.90430;17919.82812;0.20000;-0.08706;0.79958;9.70378
91;2020;3;4;0;3583.90430;17919.82812;0.20000;-0.08706;0.80014;9.71511
91;2020;3;4;0;3583.90454;17919.82812;0.20000;-0.08706;0.80077;9.72784
91;2020;3;4;0;3583.90454;17919.82812;0.20000;-0.08706;0.80123;9.73704
91;2020;3;4;0;3583.90479;17919.82812;0.20000;-0.08706;0.80167;9.74610
91;2020;3;4;0;3583.90527;17919.83008;0.20000;-0.08706;0.80203;9.75336
91;2020;3;4;0;3583.90552;17919.83008;0.20000;-0.08706;0.80240;9.76080
91;2020;3;4;0;3583.90576;17919.83008;0.20000;-0.08706;0.80273;9.76750
91;2020;3;4;0;3583.90601;17919.83008;0.20000;-0.08706;0.80306;9.77429
91;2020;3;4;0;3583.90601;17919.83008;0.20000;-0.08706;0.80338;9.78077
91;2020;3;4;0;3583.90625;17919.83008;0.20000;-0.08706;0.80370;9.78719
91;2020;3;4;0;3583.90601;17919.83008;0.20000;-0.08706;0.80401;9.79353
91;2020;3;4;0;3583.90649;17919.83203;0.20000;-0.08706;0.80432;9.79968
91;2020;3;4;0;3583.90674;17919.83203;0.20000;-0.08706;0.80462;9.80587
91;2020;3;4;0;3583.90649;17919.83203;0.20000;-0.08706;0.80491;9.81180
91;2020;3;4;0;3583.90698;17919.83203;0.20000;-0.08706;0.80521;9.81785
91;2020;3;4;0;3583.90723;17919.83203;0.20000;-0.08706;0.80554;9.82461
91;2020;3;4;0;3583.90723;17919.83203;0.20000;-0.08706;0.80603;9.83457
91;2020;3;4;0;3583.90747;17919.83398;0.20000;-0.08706;0.80657;9.84539
91;2020;3;4;0;3583.90771;17919.83398;0.20000;-0.08706;0.80693;9.85288
91;2020;3;4;0;3583.90796;17919.83398;0.20000;-0.08706;0.80726;9.85961
91;2020;3;4;0;3583.90845;17919.83594;0.20000;-0.08706;0.80784;9.87126
91;2020;3;4;0;3583.90820;17919.83398;0.20000;-0.08706;0.80832;9.88117
91;2020;3;4;0;3583.90869;17919.83594;0.20000;-0.08706;0.80854;9.88555
91;2020;3;4;0;3583.90894;17919.83594;0.20000;-0.08706;0.80886;9.89222
91;2020;3;4;0;3583.90894;17919.83594;0.20000;-0.08706;0.80945;9.90422
91;2020;3;4;0;3583.90918;17919.83594;0.20000;-0.08706;0.81001;9.91553
91;2020;3;4;0;3583.90967;17919.83789;0.20000;-0.08706;0.81052;9.92593
91;2020;3;4;0;3583.90991;17919.83789;0.20000;-0.08706;0.81095;9.93475
91;2020;3;5;0;3583.89380;17919.81055;0.20000;-0.03045;0.78080;9.32684
91;2020;3;5;0;3583.86963;17919.76758;0.20000;-0.03045;0.73367;8.40744
91;2020;3;5;0;3583.85620;17919.74219;0.19999;-0.03043;0.70846;7.93151
91;2020;3;5;0;3583.84912;17919.73047;0.19999;-0.03043;0.69450;7.67273
91;2020;3;5;0;3583.84473;17919.72266;0.19999;-0.03042;0.68630;7.52241
91;2020;3;5;0;3583.84253;17919.71875;0.19999;-0.03042;0.68098;7.42550
91;2020;3;5;0;3583.84033;17919.71484;0.19999;-0.03042;0.67651;7.34439
91;2020;3;5;0;3583.83887;17919.71289;0.19999;-0.03042;0.67401;7.29928
91;2020;3;5;0;3583.83765;17919.70898;0.19999;-0.03042;0.67207;7.26421
91;2020;3;5;0;3583.83716;17919.70898;0.19999;-0.03041;0.67109;7.24668
91;2020;3;5;0;3583.83667;17919.70703;0.19999;-0.03041;0.67031;7.23256
91;2020;3;5;0;3583.83667;17919.70703;0.19999;-0.03041;0.66986;7.22450
91;2020;3;5;0;3583.83667;17919.70703;0.19999;-0.03041;0.66987;7.22459
91;2020;3;5;0;3583.83667;17919.70703;0.19999;-0.03041;0.66985;7.22428
91;2020;3;5;0;3583.83643;17919.70703;0.19999;-0.03041;0.66970;7.22155
91;2020;3;5;0;3583.83667;17919.70703;0.19999;-0.03041;0.66950;7.21794
91;2020;3;5;0;3583.83643;17919.70703;0.19999;-0.03041;0.66954;7.21868
91;2020;3;5;0;3583.83667;17919.70703;0.19999;-0.03041;0.66948;7.21771
91;2020;3;5;0;3583.83643;17919.70703;0.19999;-0.03041;0.66958;7.21946
91;2020;3;5;0;3583.83667;17919.70703;0.19999;-0.03041;0.66963;7.22035
91;2020;3;5;0;3583.83643;17919.70703;0.19999;-0.03041;0.66975;7.22243
91;2020;3;5;0;3583.83667;17919.70703;0.19999;-0.03041;0.66977;7.22290
91;2020;3;5;0;3583.83667;17919.70703;0.19999;-0.03041;0.66996;7.22623
91;2020;3;5;0;3583.83691;17919.70898;0.19999;-0.03041;0.67032;7.23284
91;2020;3;5;0;3583.83716;17919.70898;0.19999;-0.03041;0.67068;7.23917
91;2020;3;5;0;3583.83691;17919.70898;0.19999;-0.03041;0.67065;7.23869
91;2020;3;5;0;3583.83716;17919.70898;0.19999;-0.03041;0.67065;7.23874
91;2020;3;5;0;3583.83691;17919.70898;0.19999;-0.03041;0.67072;7.23998
91;2020;3;5;0;3583.83740;17919.70898;0.19999;-0.03041;0.67079;7.24131
91;2020;3;5;0;3583.83691;17919.70898;0.19999;-0.03041;0.67087;7.24265
91;2020;3;5;0;3583.83740;17919.70898;0.19999;-0.03041;0.67099;7.24477
91;2020;3;5;0;3583.83691;17919.70898;0.19999;-0.03041;0.67107;7.24634
91;2020;3;5;0;3583.83740;17919.70898;0.19999;-0.03041;0.67118;7.24821
91;2020;3;5;0;3583.83716;17919.70898;0.19999;-0.03041;0.67125;7.24949
91;2020;3;5;0;3583.83740;17919.70898;0.19999;-0.03041;0.67133;7.25089
91;2020;3;5;0;3583.83716;17919.70898;0.19999;-0.03041;0.67139;7.25195
91;2020;3;5;0;3583.83740;17919.70898;0.19999;-0.03041;0.67145;7.25318
91;2020;3;5;0;3583.83716;17919.70898;0.19999;-0.03041;0.67151;7.25426
91;2020;3;5;0;3583.83740;17919.70898;0.19999;-0.03041;0.67158;7.25551
91;2020;3;5;0;3583.83716;17919.70898;0.19999;-0.03041;0.67165;7.25667
91;2020;3;5;0;3583.83765;17919.70898;0.19999;-0.03041;0.67172;7.25798
91;2020;3;5;0;3583.83765;17919.70898;0.19999;-0.03041;0.67179;7.25923
91;2020;3;5;0;3583.83765;17919.70898;0.19999;-0.03041;0.67187;7.26061
91;2020;3;5;0;3583.83765;17919.70898;0.19999;-0.03041;0.67194;7.26193
91;2020;3;5;0;3583.83765;17919.70898;0.19999;-0.03041;0.67202;7.26336
91;2020;3;5;0;3583.83789;17919.71094;0.19999;-0.03041;0.67222;7.26693
91;2020;3;5;0;3583.83789;17919.71094;0.19999;-0.03042;0.67267;7.27511
91;2020;3;5;0;3583.83789;17919.71094;0.19999;-0.03042;0.67306;7.28204
91;2020;3;6;0;3583.82495;17919.68750;0.19999;-0.00847;0.64896;6.85281
91;2020;3;6;0;3583.80298;17919.65039;0.19999;-0.00847;0.60649;6.12170
91;2020;3;6;0;3583.79053;17919.62695;0.19999;-0.00845;0.58155;5.70790
91;2020;3;6;0;3583.78320;17919.61328;0.19999;-0.00845;0.56834;5.49347
91;2020;3;6;0;3583.77759;17919.60352;0.19999;-0.00844;0.55729;5.31658
91;2020;3;6;0;3583.77271;17919.59570;0.19999;-0.00844;0.54805;5.17050
91;2020;3;6;0;3583.76904;17919.58789;0.19999;-0.00844;0.53976;5.04085
91;2020;3;6;0;3583.76538;17919.58203;0.19999;-0.00844;0.53321;4.93936
91;2020;3;6;0;3583.76221;17919.57617;0.19999;-0.00843;0.52774;4.85518
91;2020;3;6;0;3583.76050;17919.57227;0.19999;-0.00843;0.52381;4.79496
91;2020;3;6;0;3583.75879;17919.57031;0.19999;-0.00843;0.52055;4.74535
91;2020;3;6;0;3583.75757;17919.56641;0.19999;-0.00843;0.51795;4.70599
91;2020;3;6;0;3583.75684;17919.56641;0.19999;-0.00843;0.51611;4.67810
91;2020;3;6;0;3583.75586;17919.56445;0.19999;-0.00843;0.51481;4.65852
91;2020;3;6;0;3583.75513;17919.56250;0.19999;-0.00843;0.51389;4.64463
91;2020;3;6;0;3583.75488;17919.56250;0.19999;-0.00843;0.51312;4.63296
91;2020;3;6;0;3583.75464;17919.56250;0.19999;-0.00843;0.51254;4.62430
91;2020;3;6;0;3583.75415;17919.56250;0.19999;-0.00843;0.51201;4.61630
91;2020;3;6;0;3583.75391;17919.56250;0.19999;-0.00843;0.51165;4.61089
91;2020;3;6;0;3583.75415;17919.56250;0.19999;-0.00843;0.51134;4.60625
91;2020;3;6;0;3583.75366;17919.56250;0.19999;-0.00843;0.51116;4.60353
91;2020;3;6;0;3583.75415;17919.56250;0.19999;-0.00843;0.51100;4.60113
91;2020;3;6;0;3583.75366;17919.56250;0.19999;-0.00843;0.51091;4.59986
91;2020;3;6;0;3583.75391;17919.56250;0.19999;-0.00843;0.51083;4.59860
91;2020;3;6;0;3583.75366;17919.56250;0.19999;-0.00843;0.51079;4.59798
91;2020;3;6;0;3583.75391;17919.56250;0.19999;-0.00843;0.51074;4.59726
91;2020;3;6;0;3583.75366;17919.56250;0.19999;-0.00843;0.51072;4.59691
91;2020;3;6;0;3583.75391;17919.56250;0.19999;-0.00843;0.51069;4.59648
91;2020;3;6;0;3583.75366;17919.56250;0.19999;-0.00843;0.51067;4.59627
91;2020;3;6;0;3583.75391;17919.56250;0.19999;-0.00843;0.51065;4.59600
91;2020;3;6;0;3583.75366;17919.56250;0.19999;-0.00843;0.51065;4.59587
91;2020;3;6;0;3583.75391;17919.56250;0.19999;-0.00843;0.51064;4.59571
91;2020;3;6;0;3583.75366;17919.56250;0.19999;-0.00843;0.51063;4.59563
91;2020;3;6;0;3583.75391;17919.56250;0.19999;-0.00843;0.51063;4.59556
91;2020;3;6;0;3583.75366;17919.56250;0.19999;-0.00843;0.51062;4.59554
91;2020;3;6;0;3583.75391;17919.56250;0.19999;-0.00843;0.51062;4.59552
91;2020;3;6;0;3583.75366;17919.56250;0.19999;-0.00843;0.51063;4.59556
91;2020;3;6;0;3583.75391;17919.56250;0.19999;-0.00843;0.51063;4.59560
91;2020;3;6;0;3583.75366;17919.56250;0.19999;-0.00843;0.51063;4.59567
91;2020;3;6;0;3583.75391;17919.56250;0.19999;-0.00843;0.51064;4.59576
91;2020;3;6;0;3583.75366;17919.56250;0.19999;-0.00843;0.51065;4.59588
91;2020;3;6;0;3583.75391;17919.56250;0.19999;-0.00843;0.51066;4.59601
91;2020;3;6;0;3583.75366;17919.56250;0.19999;-0.00843;0.51067;4.59617
91;2020;3;6;0;3583.75391;17919.56250;0.19999;-0.00843;0.51068;4.59634
91;2020;3;6;0;3583.75366;17919.56250;0.19999;-0.00843;0.51069;4.59654
91;2020;3;6;0;3583.75391;17919.56250;0.19999;-0.00843;0.51070;4.59675
91;2020;3;6;0;3583.75366;17919.56250;0.19999;-0.00843;0.51072;4.59698
91;2020;3;6;0;3583.75391;17919.56250;0.19999;-0.00843;0.51074;4.59722
91;2020;3;7;0;3583.75244;17919.56055;0.19999;-0.00637;0.50846;4.56306
91;2020;3;7;0;3583.75000;17919.55469;0.19999;-0.00637;0.50347;4.48880
91;2020;3;7;0;3583.74780;17919.55078;0.19999;-0.00637;0.49932;4.42722
91;2020;3;7;0;3583.74609;17919.54883;0.19999;-0.00637;0.49665;4.38778
91;2020;3;7;0;3583.74487;17919.54492;0.19999;-0.00637;0.49413;4.35080
91;2020;3;7;0;3583.74390;17919.54297;0.19999;-0.00637;0.49198;4.31929
91;2020;3;7;0;3583.74292;17919.54297;0.19999;-0.00636;0.49063;4.29953
91;2020;3;7;0;3583.74292;17919.54297;0.19999;-0.00636;0.48954;4.28364
91;2020;3;7;0;3583.74219;17919.54102;0.19999;-0.00636;0.48825;4.26490
91;2020;3;7;0;3583.74121;17919.53906;0.19999;-0.00636;0.48717;4.24914
91;2020;3;7;0;3583.74121;17919.53906;0.19999;-0.00636;0.48645;4.23875
91;2020;3;7;0;3583.74097;17919.53906;0.19999;-0.00636;0.48592;4.23093
91;2020;3;7;0;3583.74048;17919.53711;0.19999;-0.00636;0.48553;4.22529
91;2020;3;7;0;3583.74048;17919.53711;0.19999;-0.00636;0.48526;4.22138
91;2020;3;7;0;3583.74023;17919.53711;0.19999;-0.00636;0.48506;4.21854
91;2020;3;7;0;3583.74023;17919.53711;0.19999;-0.00636;0.48491;4.21635
91;2020;3;7;0;3583.74023;17919.53711;0.19999;-0.00636;0.48480;4.21475
91;2020;3;7;0;3583.74023;17919.53711;0.19999;-0.00636;0.48470;4.21335
91;2020;3;7;0;3583.74023;17919.53711;0.19999;-0.00636;0.48463;4.21230
91;2020;3;7;0;3583.73999;17919.53711;0.19999;-0.00636;0.48456;4.21132
91;2020;3;7;0;3583.73975;17919.53711;0.19999;-0.00636;0.48452;4.21064
91;2020;3;7;0;3583.73999;17919.53711;0.19999;-0.00636;0.48448;4.21009
91;2020;3;7;0;3583.73975;17919.53711;0.19999;-0.00636;0.48446;4.20984
91;2020;3;7;0;3583.73999;17919.53711;0.19999;-0.00636;0.48445;4.20974
91;2020;3;7;0;3583.73975;17919.53711;0.19999;-0.00636;0.48446;4.20981
91;2020;3;7;0;3583.73999;17919.53711;0.19999;-0.00636;0.48446;4.20988
91;2020;3;7;0;3583.73975;17919.53711;0.19999;-0.00636;0.48447;4.20996
91;2020;3;7;0;3583.74023;17919.53711;0.19999;-0.00636;0.48459;4.21173
91;2020;3;7;0;3583.74023;17919.53711;0.19999;-0.00636;0.48500;4.21766
91;2020;3;7;0;3583.74048;17919.53711;0.19999;-0.00636;0.48540;4.22350
91;2020;3;7;0;3583.74048;17919.53711;0.19999;-0.00636;0.48543;4.22381
91;2020;3;7;0;3583.74048;17919.53711;0.19999;-0.00636;0.48533;4.22245
91;2020;3;7;0;3583.74048;17919.53711;0.19999;-0.00636;0.48534;4.22256
91;2020;3;7;0;3583.74048;17919.53711;0.19999;-0.00636;0.48531;4.22212
91;2020;3;7;0;3583.74048;17919.53711;0.19999;-0.00636;0.48526;4.22144
91;2020;3;7;0;3583.74048;17919.53711;0.19999;-0.00636;0.48523;4.22094
91;2020;3;7;0;3583.74048;17919.53711;0.19999;-0.00636;0.48518;4.22030
91;2020;3;7;0;3583.74048;17919.53711;0.19999;-0.00636;0.48515;4.21986
91;2020;3;7;0;3583.74048;17919.53711;0.19999;-0.00636;0.48513;4.21956
91;2020;3;7;0;3583.74048;17919.53711;0.19999;-0.00636;0.48512;4.21941
91;2020;3;7;0;3583.74048;17919.53711;0.19999;-0.00636;0.48512;4.21934
91;2020;3;7;0;3583.74048;17919.53711;0.19999;-0.00636;0.48511;4.21923
91;2020;3;7;0;3583.74048;17919.53711;0.19999;-0.00636;0.48510;4.21902
91;2020;3;7;0;3583.74048;17919.53711;0.19999;-0.00636;0.48507;4.21869
91;2020;3;7;0;3583.74023;17919.53711;0.19999;-0.00636;0.48504;4.21825
91;2020;3;7;0;3583.74023;17919.53711;0.19999;-0.00636;0.48501;4.21772
91;2020;3;7;0;3583.74023;17919.53711;0.19999;-0.00636;0.48496;4.21710
91;2020;3;7;0;3583.74023;17919.53711;0.19999;-0.00636;0.48491;4.21639
91;2020;3;8;0;3583.75366;17919.56250;0.19999;-0.04483;0.50970;4.58171
91;2020;3;8;0;3583.78003;17919.60742;0.19999;-0.04484;0.55964;5.35410
91;2020;3;8;0;3583.79932;17919.64258;0.19999;-0.04485;0.59757;5.97242
91;2020;3;8;0;3583.81250;17919.66602;0.19999;-0.04487;0.62312;6.40400
91;2020;3;8;0;3583.82275;17919.68359;0.19999;-0.04487;0.64240;6.73772
91;2020;3;8;0;3583.83057;17919.69727;0.19999;-0.04488;0.65802;7.01288
91;2020;3;8;0;3583.83740;17919.70898;0.19999;-0.04488;0.67138;7.25180
91;2020;3;8;0;3583.84229;17919.71875;0.19999;-0.04489;0.68139;7.43285
91;2020;3;8;0;3583.84644;17919.72656;0.19999;-0.04489;0.68861;7.56471
91;2020;3;8;0;3583.84937;17919.73242;0.19999;-0.04489;0.69376;7.65915
91;2020;3;8;0;3583.85083;17919.73438;0.19999;-0.04489;0.69704;7.71970
91;2020;3;8;0;3583.85205;17919.73633;0.19999;-0.04489;0.69937;7.76275
91;2020;3;8;0;3583.85254;17919.73828;0.19999;-0.04489;0.70071;7.78743
91;2020;3;8;0;3583.85352;17919.73828;0.19999;-0.04489;0.70187;7.80891
91;2020;3;8;0;3583.85352;17919.73828;0.19999;-0.04490;0.70280;7.82632
91;2020;3;8;0;3583.85400;17919.74023;0.19999;-0.04490;0.70385;7.84569
91;2020;3;8;0;3583.85425;17919.74023;0.19999;-0.04490;0.70438;7.85568
91;2020;3;8;0;3583.85474;17919.74023;0.19999;-0.04490;0.70476;7.86264
91;2020;3;8;0;3583.85522;17919.74023;0.19999;-0.04490;0.70507;7.86836
91;2020;3;8;0;3583.85474;17919.74023;0.19999;-0.04490;0.70544;7.87528
91;2020;3;8;0;3583.85547;17919.74023;0.19999;-0.04490;0.70571;7.88026
91;2020;3;8;0;3583.85547;17919.74023;0.19999;-0.04490;0.70601;7.88598
91;2020;3;8;0;3583.85547;17919.74023;0.19999;-0.04490;0.70627;7.89077
91;2020;3;8;0;3583.85571;17919.74219;0.19999;-0.04490;0.70654;7.89581
91;2020;3;8;0;3583.85547;17919.74023;0.19999;-0.04490;0.70679;7.90044
91;2020;3;8;0;3583.85596;17919.74219;0.19999;-0.04490;0.70704;7.90510
91;2020;3;8;0;3583.85596;17919.74219;0.19999;-0.04490;0.70728;7.90956
91;2020;3;8;0;3583.85620;17919.74219;0.19999;-0.04490;0.70751;7.91394
91;2020;3;8;0;3583.85596;17919.74219;0.19999;-0.04490;0.70775;7.91826
91;2020;3;8;0;3583.85645;17919.74219;0.19999;-0.04490;0.70814;7.92554
91;2020;3;8;0;3583.85693;17919.74414;0.19999;-0.04490;0.70886;7.93902
91;2020;3;8;0;3583.85742;17919.74414;0.19999;-0.04490;0.70945;7.95005
91;2020;3;8;0;3583.85693;17919.74414;0.19999;-0.04490;0.70960;7.95286
91;2020;3;8;0;3583.85767;17919.74414;0.19999;-0.04490;0.70975;7.95563
91;2020;3;8;0;3583.85742;17919.74414;0.19999;-0.04490;0.71001;7.96051
91;2020;3;8;0;3583.85718;17919.74414;0.19999;-0.04490;0.71019;7.96384
91;2020;3;8;0;3583.85767;17919.74414;0.19999;-0.04490;0.71039;7.96768
91;2020;3;8;0;3583.85767;17919.74414;0.19999;-0.04490;0.71059;7.97140
91;2020;3;8;0;3583.85791;17919.74609;0.19999;-0.04490;0.71078;7.97497
91;2020;3;8;0;3583.85767;17919.74414;0.19999;-0.04490;0.71098;7.97859
91;2020;3;8;0;3583.85815;17919.74609;0.19999;-0.04490;0.71117;7.98212
91;2020;3;8;0;3583.85815;17919.74609;0.19999;-0.04490;0.71135;7.98560
91;2020;3;8;0;3583.85815;17919.74609;0.19999;-0.04490;0.71154;7.98907
91;2020;3;8;0;3583.85840;17919.74609;0.19999;-0.04490;0.71172;7.99245
91;2020;3;8;0;3583.85840;17919.74609;0.19999;-0.04490;0.71190;7.99584
91;2020;3;8;0;3583.85864;17919.74609;0.19999;-0.04490;0.71208;7.99915
91;2020;3;8;0;3583.85889;17919.74805;0.19999;-0.04490;0.71242;8.00562
91;2020;3;8;0;3583.85913;17919.74805;0.19999;-0.04490;0.71316;8.01952
91;2020;3;9;0;3583.95752;17919.92188;0.20000;-0.26280;0.89645;11.74111
91;2020;3;9;0;6658.24512;22326.70898;0.29822;1.44506;1.07965;16.00696
91;2020;3;9;0;6720.00049;22400.00000;0.30000;-0.22796;1.23396;19.99873
91;2020;3;9;0;6720.00049;22400.00000;0.30000;-0.26226;1.27302;21.06493
91;2020;3;9;0;6720.00049;22400.00000;0.30000;-0.26226;1.30791;22.03587
91;2020;3;9;0;6720.00049;22400.00000;0.30000;-0.26226;1.34312;23.03331
91;2020;3;9;0;6720.00049;22400.00000;0.30000;-0.26226;1.40294;24.76860
91;2020;3;9;0;6720.00049;22400.00000;0.30000;-0.26226;1.48114;27.11188
91;2020;3;9;0;6720.00049;22400.00000;0.30000;-0.26226;1.55018;29.25088
91;2020;3;9;0;6720.00049;22400.00000;0.30000;-0.26226;1.57821;30.13764
91;2020;3;9;0;6720.00049;22400.00000;0.30000;-0.26226;1.56656;29.76769
91;2020;3;9;0;6720.00049;22400.00000;0.30000;-0.26226;1.57696;30.09786
91;2020;3;9;0;6720.00049;22400.00000;0.30000;-0.26226;1.57620;30.07366
91;2020;3;9;0;6720.00049;22400.00000;0.30000;-0.26226;1.58069;30.21643
91;2020;3;9;0;6720.00049;22400.00000;0.30000;-0.26226;1.58883;30.47626
91;2020;3;9;0;6720.00049;22400.00000;0.30000;-0.26226;1.60133;30.87692
91;2020;3;9;0;6720.00049;22400.00000;0.30000;-0.26226;1.61006;31.15813
91;2020;3;9;0;6720.00049;22400.00000;0.30000;-0.26226;1.61923;31.45453
91;2020;3;9;0;6720.00049;22400.00000;0.30000;-0.26226;1.63285;31.89671
91;2020;3;9;0;6720.00049;22400.00000;0.30000;-0.26226;1.64918;32.42994
91;2020;3;9;0;6720.00049;22400.00000;0.30000;-0.26226;1.65369;32.57790
91;2020;3;9;0;6720.00049;22400.00000;0.30000;-0.26226;1.65506;32.62291
91;2020;3;9;0;6720.00049;22400.00000;0.30000;-0.26226;1.65429;32.59772
91;2020;3;9;0;6720.00049;22400.00000;0.30000;-0.26226;1.65637;32.66605
91;2020;3;9;0;6720.00049;22400.00000;0.30000;-0.26226;1.65524;32.62878
91;2020;3;9;0;6720.00049;22400.00000;0.30000;-0.26226;1.65705;32.68846
91;2020;3;9;0;6720.00049;22400.00000;0.30000;-0.26226;1.65652;32.67106
91;2020;3;9;0;6720.00049;22400.00000;0.30000;-0.26226;1.65909;32.75536
91;2020;3;9;0;6720.00049;22400.00000;0.30000;-0.26226;1.66007;32.78777
91;2020;3;9;0;6720.00049;22400.00000;0.30000;-0.26226;1.66252;32.86835
91;2020;3;9;0;6720.00049;22400.00000;0.30000;-0.26226;1.66190;32.84798
91;2020;3;9;0;6720.00049;22400.00000;0.30000;-0.26226;1.66305;32.88588
91;2020;3;9;0;6720.00049;22400.00000;0.30000;-0.26226;1.66258;32.87029
91;2020;3;9;0;6720.00049;22400.00000;0.30000;-0.26226;1.66375;32.90879
91;2020;3;9;0;6720.00049;22400.00000;0.30000;-0.26226;1.66323;32.89175
91;2020;3;9;0;6720.00049;22400.00000;0.30000;-0.26226;1.66432;32.92764
91;2020;3;9;0;6720.00049;22400.00000;0.30000;-0.26226;1.66387;32.91286
91;2020;3;9;0;6720.00049;22400.00000;0.30000;-0.26226;1.66484;32.94484
91;2020;3;9;0;6720.00049;22400.00000;0.30000;-0.26226;1.66450;32.93364
91;2020;3;9;0;6720.00049;22400.00000;0.30000;-0.26226;1.66539;32.96298
91;2020;3;9;0;6720.00049;22400.00000;0.30000;-0.26226;1.66511;32.95383
91;2020;3;9;0;6720.00049;22400.00000;0.30000;-0.26226;1.66593;32.98073
91;2020;3;9;0;6720.00049;22400.00000;0.30000;-0.26226;1.66572;32.97393
91;2020;3;9;0;6720.00049;22400.00000;0.30000;-0.26226;1.66649;32.99923
91;2020;3;9;0;6720.00049;22400.00000;0.30000;-0.26226;1.66633;32.99411
91;2020;3;9;0;6720.00049;22400.00000;0.30000;-0.26226;1.66717;33.02167
91;2020;3;9;0;6720.00049;22400.00000;0.30000;-0.26226;1.66745;33.03106
91;2020;3;9;0;6720.00049;22400.00000;0.30000;-0.26226;1.66861;33.06944
91;2020;3;10;0;6720.00049;22400.00000;0.30000;-0.15684;1.60864;31.11240
91;2020;3;10;0;6720.00049;22400.00000;0.30000;-0.15684;1.50622;27.88136
91;2020;3;10;0;6720.00049;22400.00000;0.30000;-0.15684;1.44240;25.94043
91;2020;3;10;0;6720.00049;22400.00000;0.30000;-0.15684;1.41941;25.25495
91;2020;3;10;0;6720.00049;22400.00000;0.30000;-0.15684;1.41445;25.10814
91;2020;3;10;0;6720.00049;22400.00000;0.30000;-0.15684;1.41147;25.01995
91;2020;3;10;0;6720.00049;22400.00000;0.30000;-0.15684;1.41119;25.01176
91;2020;3;10;0;6720.00049;22400.00000;0.30000;-0.15684;1.41159;25.02342
91;2020;3;10;0;6720.00049;22400.00000;0.30000;-0.15684;1.41142;25.01863
91;2020;3;10;0;6720.00049;22400.00000;0.30000;-0.15684;1.41240;25.04739
91;2020;3;10;0;6720.00049;22400.00000;0.30000;-0.15684;1.41223;25.04251
91;2020;3;10;0;6720.00049;22400.00000;0.30000;-0.15684;1.41321;25.07131
91;2020;3;10;0;6720.00049;22400.00000;0.30000;-0.15684;1.41324;25.07240
91;2020;3;10;0;6720.00049;22400.00000;0.30000;-0.15684;1.41407;25.09672
91;2020;3;10;0;6720.00049;22400.00000;0.30000;-0.15684;1.41444;25.10783
91;2020;3;10;0;6720.00049;22400.00000;0.30000;-0.15684;1.41552;25.13982
91;2020;3;10;0;6720.00049;22400.00000;0.30000;-0.15684;1.41626;25.16154
91;2020;3;10;0;6720.00049;22400.00000;0.30000;-0.15684;1.41715;25.18803
91;2020;3;10;0;6720.00049;22400.00000;0.30000;-0.15684;1.41782;25.20781
91;2020;3;10;0;6720.00049;22400.00000;0.30000;-0.15684;1.41893;25.24079
91;2020;3;10;0;6720.00049;22400.00000;0.30000;-0.15684;1.42025;25.27995
91;2020;3;10;0;6720.00049;22400.00000;0.30000;-0.15684;1.42219;25.33739
91;2020;3;10;0;6720.00049;22400.00000;0.30000;-0.15684;1.42446;25.40488
91;2020;3;10;0;6720.00049;22400.00000;0.30000;-0.15684;1.42692;25.47818
91;2020;3;10;0;6720.00049;22400.00000;0.30000;-0.15684;1.42913;25.54397
91;2020;3;10;0;6720.00049;22400.00000;0.30000;-0.15684;1.43151;25.61481
91;2020;3;10;0;6720.00049;22400.00000;0.30000;-0.15684;1.43399;25.68875
91;2020;3;10;0;6720.00049;22400.00000;0.30000;-0.15684;1.43634;25.75892
91;2020;3;10;0;6720.00049;22400.00000;0.30000;-0.15684;1.43857;25.82574
91;2020;3;10;0;6720.00049;22400.00000;0.30000;-0.15684;1.44099;25.89811
91;2020;3;10;0;6720.00049;22400.00000;0.30000;-0.15684;1.44313;25.96221
91;2020;3;10;0;6720.00049;22400.00000;0.30000;-0.15684;1.44506;26.02019
91;2020;3;10;0;6720.00049;22400.00000;0.30000;-0.15684;1.44703;26.07942
91;2020;3;10;0;6720.00049;22400.00000;0.30000;-0.15684;1.44908;26.14095
91;2020;3;10;0;6720.00049;22400.00000;0.30000;-0.15684;1.45112;26.20239
91;2020;3;10;0;6720.00049;22400.00000;0.30000;-0.15684;1.45740;26.39155
91;2020;3;10;0;6720.00049;22400.00000;0.30000;-0.15684;1.48368;27.18951
91;2020;3;10;0;6720.00049;22400.00000;0.30000;-0.15684;1.54200;28.99408
91;2020;3;10;0;6720.00049;22400.00000;0.30000;-0.15684;1.60486;30.99050
91;2020;3;10;0;6720.00049;22400.00000;0.30000;-0.15684;1.63553;31.98376
91;2020;3;10;0;6720.00049;22400.00000;0.30000;-0.15684;1.63881;32.09098
91;2020;3;10;0;6720.00049;22400.00000;0.30000;-0.15684;1.63984;32.12447
91;2020;3;10;0;6720.00049;22400.00000;0.30000;-0.15684;1.64058;32.14859
91;2020;3;10;0;6720.00049;22400.00000;0.30000;-0.15684;1.64071;32.15278
91;2020;3;10;0;6720.00049;22400.00000;0.30000;-0.15684;1.64121;32.16930
91;2020;3;10;0;6720.00049;22400.00000;0.30000;-0.15684;1.64162;32.18254
91;2020;3;10;0;6720.00049;22400.00000;0.30000;-0.15684;1.64233;32.20569
91;2020;3;10;0;6720.00049;22400.00000;0.30000;-0.15684;1.64294;32.22573
91;2020;3;11;0;6720.00049;22400.00000;0.30000;-0.02809;1.53474;28.76675
91;2020;3;11;0;6720.00049;22400.00000;0.30000;-0.02808;1.33116;22.69261
91;2020;3;11;0;6720.00049;22400.00000;0.30000;-0.02808;1.18437;18.67732
91;2020;3;11;0;6720.00049;22400.00000;0.30000;-0.02808;1.09865;16.47903
91;2020;3;11;0;6365.51367;21973.19531;0.28969;-0.22502;1.06698;15.69510
91;2020;3;11;0;6043.48096;21571.96680;0.28015;-0.20705;1.05801;15.47575
91;2020;3;11;0;5713.04785;21145.66602;0.27018;-0.21177;1.04737;15.21710
91;2020;3;11;0;5324.48730;20623.50781;0.25818;-0.24412;1.03511;14.92152
91;2020;3;11;0;4945.22168;20089.56250;0.24616;-0.23903;1.02240;14.61738
91;2020;3;11;0;4567.20361;19530.39844;0.23385;-0.23841;1.01023;14.32854
91;2020;3;11;0;3998.93457;18630.58984;0.21464;-0.34419;0.99661;14.00789
91;2020;3;11;0;3700.60498;18124.82617;0.20417;-0.19434;0.97958;13.61124
91;2020;3;11;0;3583.99194;17919.98438;0.20000;-0.09346;0.96844;13.35429
91;2020;3;11;0;3583.98706;17919.97461;0.20000;-0.02870;0.95886;13.13478
91;2020;3;11;0;3583.98096;17919.96289;0.20000;-0.02870;0.94689;12.86280
91;2020;3;11;0;3583.97925;17919.96289;0.20000;-0.02869;0.94386;12.79428
91;2020;3;11;0;3583.97974;17919.96289;0.20000;-0.02869;0.94451;12.80900
91;2020;3;11;0;3583.97925;17919.96289;0.20000;-0.02869;0.94325;12.78038
91;2020;3;11;0;3583.97900;17919.96289;0.20000;-0.02869;0.94309;12.77687
91;2020;3;11;0;3583.97827;17919.96094;0.20000;-0.02869;0.94250;12.76356
91;2020;3;11;0;3583.97852;17919.96094;0.20000;-0.02869;0.94205;12.75333
91;2020;3;11;0;3583.97778;17919.95898;0.20000;-0.02869;0.94178;12.74717
91;2020;3;11;0;3583.97803;17919.96094;0.20000;-0.02869;0.94121;12.73432
91;2020;3;11;0;3583.97803;17919.96094;0.20000;-0.02869;0.94108;12.73154
91;2020;3;11;0;3583.97803;17919.96094;0.20000;-0.02869;0.94041;12.71643
91;2020;3;11;0;3583.97754;17919.95898;0.20000;-0.02869;0.94026;12.71295
91;2020;3;11;0;3583.97729;17919.95898;0.20000;-0.02869;0.93943;12.69436
91;2020;3;11;0;3583.97656;17919.95703;0.20000;-0.02869;0.93923;12.68981
91;2020;3;11;0;3583.97656;17919.95703;0.20000;-0.02869;0.93841;12.67121
91;2020;3;11;0;3583.97632;17919.95703;0.20000;-0.02869;0.93821;12.66686
91;2020;3;11;0;3583.97632;17919.95703;0.20000;-0.02869;0.93742;12.64902
91;2020;3;11;0;3583.97607;17919.95703;0.20000;-0.02869;0.93729;12.64606
91;2020;3;11;0;3583.97583;17919.95703;0.20000;-0.02869;0.93670;12.63291
91;2020;3;11;0;3583.97583;17919.95703;0.20000;-0.02869;0.93674;12.63369
91;2020;3;11;0;3583.97559;17919.95508;0.20000;-0.02869;0.93624;12.62246
91;2020;3;11;0;3583.97534;17919.95508;0.20000;-0.02869;0.93616;12.62072
91;2020;3;11;0;3583.97510;17919.95508;0.20000;-0.02869;0.93560;12.60812
91;2020;3;11;0;3583.97461;17919.95312;0.20000;-0.02869;0.93543;12.60436
91;2020;3;11;0;3583.97437;17919.95312;0.20000;-0.02869;0.93487;12.59169
91;2020;3;11;0;3583.97461;17919.95312;0.20000;-0.02869;0.93470;12.58782
91;2020;3;11;0;3583.97412;17919.95312;0.20000;-0.02869;0.93427;12.57829
91;2020;3;11;0;3583.97461;17919.95312;0.20000;-0.02869;0.93419;12.57641
91;2020;3;11;0;3583.97388;17919.95312;0.20000;-0.02869;0.93382;12.56822
91;2020;3;11;0;3583.97412;17919.95312;0.20000;-0.02869;0.93371;12.56566
91;2020;3;11;0;3583.97412;17919.95312;0.20000;-0.02869;0.93337;12.55802
91;2020;3;11;0;3583.97412;17919.95312;0.20000;-0.02869;0.93315;12.55317
91;2020;3;11;0;3583.97388;17919.95312;0.20000;-0.02869;0.93263;12.54159
91;2020;3;11;0;3583.97339;17919.95117;0.20000;-0.02869;0.93219;12.53173
91;2020;3;12;0;3583.96118;17919.92969;0.20000;-0.00965;0.90978;12.03367
91;2020;3;12;0;3583.93970;17919.89062;0.20000;-0.00964;0.86900;11.14818
91;2020;3;12;0;3583.93042;17919.87305;0.20000;-0.00963;0.84974;10.73934
91;2020;3;12;0;3583.92822;17919.87109;0.20000;-0.00962;0.84607;10.66222
91;2020;3;12;0;3583.92358;17919.86328;0.20000;-0.00962;0.83748;10.48229
91;2020;3;12;0;3583.92065;17919.85742;0.20000;-0.00962;0.83124;10.35245
91;2020;3;12;0;3583.91846;17919.85352;0.20000;-0.00962;0.82696;10.26376
91;2020;3;12;0;3583.91626;17919.84961;0.20000;-0.00962;0.82253;10.17230
91;2020;3;12;0;3583.91479;17919.84766;0.20000;-0.00962;0.82008;10.12193
91;2020;3;12;0;3583.91309;17919.84375;0.20000;-0.00962;0.81727;10.06415
91;2020;3;12;0;3583.91138;17919.83984;0.20000;-0.00961;0.81372;9.99130
91;2020;3;12;0;3583.90918;17919.83594;0.20000;-0.00961;0.80980;9.91130
91;2020;3;12;0;3583.90674;17919.83203;0.20000;-0.00961;0.80501;9.81368
91;2020;3;12;0;3583.90503;17919.82812;0.20000;-0.00961;0.80117;9.73592
91;2020;3;12;0;3583.90405;17919.82812;0.20000;-0.00961;0.79919;9.69574
91;2020;3;12;0;3583.90283;17919.82617;0.20000;-0.00961;0.79751;9.66189
91;2020;3;12;0;3583.90234;17919.82617;0.20000;-0.00961;0.79589;9.62921
91;2020;3;12;0;3583.90161;17919.82422;0.20000;-0.00961;0.79435;9.59805
91;2020;3;12;0;3583.90063;17919.82227;0.20000;-0.00961;0.79289;9.56884
91;2020;3;12;0;3583.90039;17919.82227;0.20000;-0.00961;0.79204;9.55168
91;2020;3;12;0;3583.89990;17919.82031;0.20000;-0.00961;0.79118;9.53448
91;2020;3;12;0;3583.89941;17919.82031;0.20000;-0.00961;0.79022;9.51510
91;2020;3;12;0;3583.89893;17919.82031;0.20000;-0.00961;0.78952;9.50109
91;2020;3;12;0;3583.89868;17919.81836;0.20000;-0.00961;0.78878;9.48621
91;2020;3;12;0;3583.89844;17919.81836;0.20000;-0.00961;0.78814;9.47338
91;2020;3;12;0;3583.89795;17919.81836;0.20000;-0.00961;0.78745;9.45963
91;2020;3;12;0;3583.89722;17919.81641;0.20000;-0.00961;0.78680;9.44666
91;2020;3;12;0;3583.89722;17919.81641;0.20000;-0.00961;0.78616;9.43382
91;2020;3;12;0;3583.89697;17919.81641;0.20000;-0.00961;0.78555;9.42166
91;2020;3;12;0;3583.89697;17919.81641;0.20000;-0.00961;0.78495;9.40952
91;2020;3;12;0;3583.89648;17919.81445;0.20000;-0.00961;0.78437;9.39803
91;2020;3;12;0;3583.89600;17919.81445;0.20000;-0.00960;0.78379;9.38649
91;2020;3;12;0;3583.89575;17919.81445;0.20000;-0.00960;0.78324;9.37553
91;2020;3;12;0;3583.89526;17919.81250;0.20000;-0.00960;0.78269;9.36456
91;2020;3;12;0;3583.89551;17919.81250;0.20000;-0.00960;0.78217;9.35410
91;2020;3;12;0;3583.89478;17919.81250;0.20000;-0.00960;0.78165;9.34366
91;2020;3;12;0;3583.89551;17919.81250;0.20000;-0.00960;0.78208;9.35241
91;2020;3;12;0;3583.89600;17919.81445;0.20000;-0.00960;0.78377;9.38597
91;2020;3;12;0;3583.89575;17919.81445;0.20000;-0.00960;0.78358;9.38223
91;2020;3;12;0;3583.89429;17919.81055;0.20000;-0.00960;0.78113;9.33329
91;2020;3;12;0;3583.89380;17919.81055;0.20000;-0.00960;0.77978;9.30643
91;2020;3;12;0;3583.89355;17919.80859;0.20000;-0.00960;0.77897;9.29036
91;2020;3;12;0;3583.89258;17919.80859;0.20000;-0.00960;0.77784;9.26799
91;2020;3;12;0;3583.89307;17919.80859;0.20000;-0.00960;0.77794;9.26990
91;2020;3;12;0;3583.89380;17919.81055;0.20000;-0.00960;0.77890;9.28898
91;2020;3;12;0;3583.89307;17919.80859;0.20000;-0.00960;0.77811;9.27330
91;2020;3;12;0;3583.89209;17919.80664;0.20000;-0.00960;0.77576;9.22676
91;2020;3;12;0;3583.89136;17919.80469;0.20000;-0.00960;0.77482;9.20809
91;2020;3;13;0;3583.90576;17919.83008;0.20000;-0.06059;0.80086;9.72962
91;2020;3;13;0;3583.92944;17919.87305;0.20000;-0.06060;0.84641;10.66926
91;2020;3;13;0;3583.94287;17919.89648;0.20000;-0.06062;0.87401;11.25539
91;2020;3;13;0;3583.95044;17919.91016;0.20000;-0.06062;0.88752;11.54696
91;2020;3;13;0;3583.95508;17919.91797;0.20000;-0.06063;0.89759;11.76610
91;2020;3;13;0;3583.95898;17919.92578;0.20000;-0.06063;0.90457;11.91902
91;2020;3;13;0;3583.96216;17919.93164;0.20000;-0.06063;0.91098;12.06003
91;2020;3;13;0;3583.96460;17919.93555;0.20000;-0.06063;0.91594;12.16971
91;2020;3;13;0;3583.96777;17919.94141;0.20000;-0.06064;0.92157;12.29453
91;2020;3;13;0;3583.96924;17919.94336;0.20000;-0.06064;0.92390;12.34651
91;2020;3;13;0;3583.97021;17919.94531;0.20000;-0.06064;0.92660;12.40665
91;2020;3;13;0;3583.97412;17919.95312;0.20000;-0.06064;0.93367;12.56490
91;2020;3;13;0;3583.97925;17919.96289;0.20000;-0.06064;0.94332;12.78200
91;2020;3;13;0;3583.98291;17919.96680;0.20000;-0.06064;0.95117;12.95986
91;2020;3;13;0;3583.98584;17919.97266;0.20000;-0.06065;0.95646;13.08015
91;2020;3;13;0;3583.98779;17919.97656;0.20000;-0.06065;0.96048;13.17194
91;2020;3;13;0;3583.98901;17919.97852;0.20000;-0.06065;0.96245;13.21697
91;2020;3;13;0;3583.98950;17919.97852;0.20000;-0.06065;0.96361;13.24354
91;2020;3;13;0;3583.99023;17919.98047;0.20000;-0.06065;0.96484;13.27172
91;2020;3;13;0;3583.99072;17919.98242;0.20000;-0.06065;0.96606;13.29964
91;2020;3;13;0;3583.99146;17919.98242;0.20000;-0.06065;0.96699;13.32097
91;2020;3;13;0;3583.99146;17919.98242;0.20000;-0.06065;0.96753;13.33332
91;2020;3;13;0;3583.99097;17919.98242;0.20000;-0.06065;0.96682;13.31716
91;2020;3;13;0;3583.99121;17919.98242;0.20000;-0.06065;0.96627;13.30441
91;2020;3;13;0;3583.99121;17919.98242;0.20000;-0.06065;0.96660;13.31196
91;2020;3;13;0;3583.99146;17919.98242;0.20000;-0.06065;0.96704;13.32220
91;2020;3;13;0;3583.99121;17919.98242;0.20000;-0.06065;0.96745;13.33152
91;2020;3;13;0;3583.99194;17919.98438;0.20000;-0.06065;0.96820;13.34874
91;2020;3;13;0;3583.99194;17919.98438;0.20000;-0.06065;0.96883;13.36323
91;2020;3;13;0;3583.99243;17919.98438;0.20000;-0.06065;0.96937;13.37579
91;2020;3;13;0;3583.99292;17919.98633;0.20000;-0.06065;0.96994;13.38885
91;2020;3;13;0;3583.99316;17919.98633;0.20000;-0.06065;0.97058;13.40362
91;2020;3;13;0;3583.99365;17919.98633;0.20000;-0.06065;0.97100;13.41327
91;2020;3;13;0;3583.99316;17919.98633;0.20000;-0.06065;0.97113;13.41627
91;2020;3;13;0;3583.99390;17919.98828;0.20000;-0.06065;0.97126;13.41924
91;2020;3;13;0;3583.99365;17919.98633;0.20000;-0.06065;0.97140;13.42248
91;2020;3;13;0;3583.99341;17919.98633;0.20000;-0.06065;0.97158;13.42656
91;2020;3;13;0;3583.99390;17919.98828;0.20000;-0.06065;0.97176;13.43063
91;2020;3;13;0;3583.99390;17919.98828;0.20000;-0.06065;0.97198;13.43580
91;2020;3;13;0;3583.99414;17919.98828;0.20000;-0.06065;0.97219;13.44065
91;2020;3;13;0;3583.99390;17919.98828;0.20000;-0.06065;0.97244;13.44632
91;2020;3;13;0;3583.99438;17919.98828;0.20000;-0.06065;0.97266;13.45153
91;2020;3;13;0;3583.99438;17919.98828;0.20000;-0.06065;0.97292;13.45753
91;2020;3;13;0;3583.99463;17919.98828;0.20000;-0.06065;0.97316;13.46303
91;2020;3;13;0;3583.99463;17919.98828;0.20000;-0.06065;0.97343;13.46919
91;2020;3;13;0;3583.99487;17919.99023;0.20000;-0.06065;0.97368;13.47486
91;2020;3;13;0;3583.99512;17919.99023;0.20000;-0.06065;0.97395;13.48112
91;2020;3;13;0;3583.99512;17919.99023;0.20000;-0.06065;0.97417;13.48629
91;2020;3;14;0;3583.98486;17919.97070;0.20000;-0.01915;0.95468;13.03954
91;2020;3;14;0;3583.96826;17919.94141;0.20000;-0.01914;0.92348;12.33702
91;2020;3;14;0;3583.95923;17919.92578;0.20000;-0.01913;0.90509;11.93040
91;2020;3;14;0;3583.95288;17919.91602;0.20000;-0.01913;0.89378;11.68287
91;2020;3;14;0;3583.94897;17919.90820;0.20000;-0.01912;0.88552;11.50359
91;2020;3;14;0;3583.94556;17919.90234;0.20000;-0.01912;0.87897;11.36198
91;2020;3;14;0;3583.94287;17919.89648;0.20000;-0.01912;0.87382;11.25131
91;2020;3;14;0;3583.94067;17919.89258;0.20000;-0.01912;0.86979;11.16492
91;2020;3;14;0;3583.93921;17919.89062;0.20000;-0.01912;0.86665;11.09783
91;2020;3;14;0;3583.93848;17919.88867;0.20000;-0.01911;0.86477;11.05777
91;2020;3;14;0;3583.93701;17919.88672;0.20000;-0.01911;0.86265;11.01272
91;2020;3;14;0;3583.93579;17919.88477;0.20000;-0.01911;0.85988;10.95367
91;2020;3;14;0;3583.93384;17919.88086;0.20000;-0.01911;0.85684;10.88941
91;2020;3;14;0;3583.93213;17919.87695;0.20000;-0.01911;0.85319;10.81220
91;2020;3;14;0;3583.93066;17919.87500;0.20000;-0.01911;0.85026;10.75038
91;2020;3;14;0;3583.92993;17919.87305;0.20000;-0.01911;0.84923;10.72863
91;2020;3;14;0;3583.92969;17919.87305;0.20000;-0.01911;0.84856;10.71451
91;2020;3;14;0;3583.92896;17919.87305;0.20000;-0.01911;0.84737;10.68950
91;2020;3;14;0;3583.92871;17919.87305;0.20000;-0.01911;0.84656;10.67244
91;2020;3;14;0;3583.92847;17919.87305;0.20000;-0.01911;0.84627;10.66636
91;2020;3;14;0;3583.92822;17919.87109;0.20000;-0.01911;0.84601;10.66086
91;2020;3;14;0;3583.92822;17919.87109;0.20000;-0.01911;0.84553;10.65083
91;2020;3;14;0;3583.92798;17919.87109;0.20000;-0.01911;0.84522;10.64427
91;2020;3;14;0;3583.92749;17919.87109;0.20000;-0.01911;0.84483;10.63617
91;2020;3;14;0;3583.92798;17919.87109;0.20000;-0.01911;0.84455;10.63025
91;2020;3;14;0;3583.92725;17919.86914;0.20000;-0.01911;0.84423;10.62361
91;2020;3;14;0;3583.92725;17919.86914;0.20000;-0.01911;0.84391;10.61691
91;2020;3;14;0;3583.92725;17919.86914;0.20000;-0.01911;0.84358;10.60997
91;2020;3;14;0;3583.92700;17919.86914;0.20000;-0.01911;0.84325;10.60294
91;2020;3;14;0;3583.92676;17919.86914;0.20000;-0.01911;0.84286;10.59487
91;2020;3;14;0;3583.92627;17919.86719;0.20000;-0.01911;0.84247;10.58673
91;2020;3;14;0;3583.92603;17919.86719;0.20000;-0.01911;0.84207;10.57833
91;2020;3;14;0;3583.92627;17919.86719;0.20000;-0.01911;0.84171;10.57076
91;2020;3;14;0;3583.92578;17919.86719;0.20000;-0.01911;0.84136;10.56330
91;2020;3;14;0;3583.92603;17919.86719;0.20000;-0.01911;0.84114;10.55885
91;2020;3;14;0;3583.92627;17919.86719;0.20000;-0.01911;0.84196;10.57593
91;2020;3;14;0;3583.92700;17919.86914;0.20000;-0.01911;0.84395;10.61774
91;2020;3;14;0;3583.92749;17919.87109;0.20000;-0.01911;0.84446;10.62839
91;2020;3;14;0;3583.92725;17919.86914;0.20000;-0.01911;0.84328;10.60357
91;2020;3;14;0;3583.92676;17919.86914;0.20000;-0.01911;0.84289;10.59541
91;2020;3;14;0;3583.92651;17919.86914;0.20000;-0.01911;0.84281;10.59368
91;2020;3;14;0;3583.92603;17919.86719;0.20000;-0.01911;0.84165;10.56952
91;2020;3;14;0;3583.92480;17919.86523;0.20000;-0.01911;0.83924;10.51901
91;2020;3;14;0;3583.92407;17919.86328;0.20000;-0.01911;0.83755;10.48378
91;2020;3;14;0;3583.92383;17919.86328;0.20000;-0.01911;0.83777;10.48830
91;2020;3;14;0;3583.92383;17919.86328;0.20000;-0.01911;0.83743;10.48125
91;2020;3;14;0;3583.92407;17919.86328;0.20000;-0.01911;0.83770;10.48685
91;2020;3;14;0;3583.92505;17919.86523;0.20000;-0.01911;0.83983;10.53148
91;2020;3;15;0;3583.91821;17919.85352;0.20000;-0.00641;0.82685;10.26146
91;2020;3;15;0;3583.90503;17919.82812;0.20000;-0.00641;0.80227;9.75822
91;2020;3;15;0;3583.89941;17919.82031;0.20000;-0.00640;0.79026;9.51597
91;2020;3;15;0;3583.89624;17919.81445;0.20000;-0.00640;0.78460;9.40250
91;2020;3;15;0;3583.89258;17919.80859;0.20000;-0.00640;0.77717;9.25473
91;2020;3;15;0;3583.88940;17919.80273;0.20000;-0.00640;0.77089;9.13027
91;2020;3;15;0;3583.88696;17919.79688;0.20000;-0.00639;0.76633;9.04047
91;2020;3;15;0;3583.88672;17919.79688;0.20000;-0.00639;0.76522;9.01873
91;2020;3;15;0;3583.88599;17919.79492;0.20000;-0.00639;0.76460;9.00650
91;2020;3;15;0;3583.88525;17919.79492;0.20000;-0.00639;0.76309;8.97683
91;2020;3;15;0;3583.88452;17919.79297;0.20000;-0.00639;0.76227;8.96088
91;2020;3;15;0;3583.88428;17919.79297;0.20000;-0.00639;0.76118;8.93944
91;2020;3;15;0;3583.88379;17919.79102;0.20000;-0.00639;0.76030;8.92221
91;2020;3;15;0;3583.88354;17919.79102;0.20000;-0.00639;0.75986;8.91374
91;2020;3;15;0;3583.88306;17919.78906;0.20000;-0.00639;0.75937;8.90415
91;2020;3;15;0;3583.88330;17919.79102;0.20000;-0.00639;0.75884;8.89381
91;2020;3;15;0;3583.88257;17919.78906;0.20000;-0.00639;0.75810;8.87929
91;2020;3;15;0;3583.88232;17919.78906;0.20000;-0.00639;0.75744;8.86640
91;2020;3;15;0;3583.88184;17919.78711;0.20000;-0.00639;0.75690;8.85580
91;2020;3;15;0;3583.88159;17919.78711;0.20000;-0.00639;0.75639;8.84588
91;2020;3;15;0;3583.88159;17919.78711;0.20000;-0.00639;0.75594;8.83711
91;2020;3;15;0;3583.88135;17919.78711;0.20000;-0.00639;0.75548;8.82816
91;2020;3;15;0;3583.88135;17919.78711;0.20000;-0.00639;0.75507;8.82018
91;2020;3;15;0;3583.88110;17919.78711;0.20000;-0.00639;0.75464;8.81193
91;2020;3;15;0;3583.88062;17919.78516;0.20000;-0.00639;0.75427;8.80455
91;2020;3;15;0;3583.88037;17919.78516;0.20000;-0.00639;0.75387;8.79682
91;2020;3;15;0;3583.88013;17919.78516;0.20000;-0.00639;0.75350;8.78958
91;2020;3;15;0;3583.87988;17919.78516;0.20000;-0.00639;0.75311;8.78210
91;2020;3;15;0;3583.87988;17919.78516;0.20000;-0.00639;0.75275;8.77517
91;2020;3;15;0;3583.87964;17919.78516;0.20000;-0.00639;0.75239;8.76818
91;2020;3;15;0;3583.87915;17919.78516;0.20000;-0.00639;0.75205;8.76158
91;2020;3;15;0;3583.87964;17919.78516;0.20000;-0.00639;0.75171;8.75493
91;2020;3;15;0;3583.87891;17919.78516;0.20000;-0.00639;0.75138;8.74856
91;2020;3;15;0;3583.87891;17919.78516;0.20000;-0.00639;0.75105;8.74217
91;2020;3;15;0;3583.87891;17919.78516;0.20000;-0.00639;0.75073;8.73596
91;2020;3;15;0;3583.87866;17919.78320;0.20000;-0.00639;0.75041;8.72975
91;2020;3;15;0;3583.87842;17919.78320;0.20000;-0.00639;0.75010;8.72376
91;2020;3;15;0;3583.87817;17919.78320;0.20000;-0.00639;0.74980;8.71790
91;2020;3;15;0;3583.87817;17919.78320;0.20000;-0.00639;0.74951;8.71215
91;2020;3;15;0;3583.87793;17919.78320;0.20000;-0.00639;0.74921;8.70635
91;2020;3;15;0;3583.87769;17919.78125;0.20000;-0.00639;0.74891;8.70060
91;2020;3;15;0;3583.87769;17919.78125;0.20000;-0.00639;0.74861;8.69489
91;2020;3;15;0;3583.87744;17919.78125;0.20000;-0.00639;0.74832;8.68924
91;2020;3;15;0;3583.87769;17919.78125;0.20000;-0.00639;0.74832;8.68912
91;2020;3;15;0;3583.87793;17919.78320;0.20000;-0.00639;0.74913;8.70478
91;2020;3;15;0;3583.87842;17919.78320;0.20000;-0.00639;0.75024;8.72638
91;2020;3;15;0;3583.87842;17919.78320;0.20000;-0.00639;0.75043;8.73012
91;2020;3;15;0;3583.87817;17919.78320;0.20000;-0.00639;0.74996;8.72102
91;2020;3;16;0;3583.87744;17919.78125;0.20000;-0.00577;0.74832;8.68919
91;2020;3;16;0;3583.87598;17919.77930;0.20000;-0.00577;0.74481;8.62139
91;2020;3;16;0;3583.87451;17919.77539;0.20000;-0.00577;0.74233;8.57365
91;2020;3;16;0;3583.87402;17919.77539;0.20000;-0.00577;0.74181;8.56364
91;2020;3;16;0;3583.87402;17919.77539;0.20000;-0.00577;0.74126;8.55297
91;2020;3;16;0;3583.87402;17919.77539;0.20000;-0.00577;0.74093;8.54665
91;2020;3;16;0;3583.87378;17919.77539;0.20000;-0.00577;0.74062;8.54067
91;2020;3;16;0;3583.87305;17919.77344;0.20000;-0.00577;0.73981;8.52511
91;2020;3;16;0;3583.87280;17919.77344;0.20000;-0.00577;0.73922;8.51385
91;2020;3;16;0;3583.87231;17919.77148;0.20000;-0.00577;0.73874;8.50454
91;2020;3;16;0;3583.87256;17919.77344;0.20000;-0.00577;0.73821;8.49435
91;2020;3;16;0;3583.87207;17919.77148;0.20000;-0.00577;0.73776;8.48589
91;2020;3;16;0;3583.87183;17919.77148;0.20000;-0.00577;0.73732;8.47736
91;2020;3;16;0;3583.87183;17919.77148;0.20000;-0.00577;0.73689;8.46916
91;2020;3;16;0;3583.87158;17919.77148;0.20000;-0.00577;0.73648;8.46126
91;2020;3;16;0;3583.87109;17919.76953;0.20000;-0.00577;0.73608;8.45366
91;2020;3;16;0;3583.87085;17919.76953;0.20000;-0.00577;0.73572;8.44669
91;2020;3;16;0;3583.87085;17919.76953;0.20000;-0.00577;0.73537;8.44009
91;2020;3;16;0;3583.87061;17919.76953;0.20000;-0.00577;0.73504;8.43371
91;2020;3;16;0;3583.87012;17919.76758;0.20000;-0.00577;0.73469;8.42708
91;2020;3;16;0;3583.87061;17919.76953;0.20000;-0.00577;0.73433;8.42010
91;2020;3;16;0;3583.86987;17919.76758;0.20000;-0.00577;0.73394;8.41269
91;2020;3;16;0;3583.86987;17919.76758;0.20000;-0.00577;0.73353;8.40494
91;2020;3;16;0;3583.86963;17919.76758;0.20000;-0.00577;0.73311;8.39685
91;2020;3;16;0;3583.86938;17919.76758;0.20000;-0.00577;0.73264;8.38792
91;2020;3;16;0;3583.86890;17919.76562;0.20000;-0.00577;0.73203;8.37624
91;2020;3;16;0;3583.86841;17919.76562;0.20000;-0.00577;0.73122;8.36082
91;2020;3;16;0;3583.86841;17919.76562;0.20000;-0.00577;0.73032;8.34356
91;2020;3;16;0;3583.86792;17919.76367;0.20000;-0.00577;0.72943;8.32670
91;2020;3;16;0;3583.86768;17919.76367;0.20000;-0.00577;0.72882;8.31515
91;2020;3;16;0;3583.86743;17919.76367;0.20000;-0.00577;0.72893;8.31729
91;2020;3;16;0;3583.86768;17919.76367;0.20000;-0.00577;0.72926;8.32355
91;2020;3;16;0;3583.86719;17919.76172;0.20000;-0.00577;0.72864;8.31175
91;2020;3;16;0;3583.86646;17919.76172;0.20000;-0.00577;0.72754;8.29075
91;2020;3;16;0;3583.86646;17919.76172;0.20000;-0.00577;0.72725;8.28534
91;2020;3;16;0;3583.86670;17919.76172;0.20000;-0.00577;0.72743;8.28869
91;2020;3;16;0;3583.86670;17919.76172;0.20000;-0.00577;0.72722;8.28474
91;2020;3;16;0;3583.86670;17919.76172;0.20000;-0.00577;0.72693;8.27918
91;2020;3;16;0;3583.86646;17919.76172;0.20000;-0.00577;0.72669;8.27459
91;2020;3;16;0;3583.86597;17919.75977;0.20000;-0.00577;0.72613;8.26407
91;2020;3;16;0;3583.86572;17919.75977;0.20000;-0.00577;0.72544;8.25097
91;2020;3;16;0;3583.86523;17919.75977;0.20000;-0.00577;0.72482;8.23916
91;2020;3;16;0;3583.86499;17919.75781;0.20000;-0.00577;0.72429;8.22911
91;2020;3;16;0;3583.86450;17919.75781;0.20000;-0.00577;0.72396;8.22287
91;2020;3;16;0;3583.86475;17919.75781;0.20000;-0.00576;0.72341;8.21257
91;2020;3;16;0;3583.86401;17919.75586;0.20000;-0.00576;0.72236;8.19271
91;2020;3;16;0;3583.86353;17919.75586;0.20000;-0.00576;0.72140;8.17456
91;2020;3;16;0;3583.86328;17919.75586;0.20000;-0.00576;0.72081;8.16333
91;2020;3;17;0;3583.86743;17919.76367;0.20000;-0.02808;0.72856;8.31008
91;2020;3;17;0;3583.87427;17919.77539;0.20000;-0.02808;0.74199;8.56705
91;2020;3;17;0;3583.87866;17919.78320;0.20000;-0.02809;0.75092;8.73948
91;2020;3;17;0;3583.88135;17919.78711;0.20000;-0.02809;0.75627;8.84355
91;2020;3;17;0;3583.88330;17919.79102;0.20000;-0.02809;0.75944;8.90546
91;2020;3;17;0;3583.88452;17919.79297;0.20000;-0.02809;0.76112;8.93825
91;2020;3;17;0;3583.88477;17919.79297;0.20000;-0.02809;0.76219;8.95933
91;2020;3;17;0;3583.88477;17919.79297;0.20000;-0.02809;0.76215;8.95850
91;2020;3;17;0;3583.88477;17919.79297;0.20000;-0.02809;0.76225;8.96047
91;2020;3;17;0;3583.88477;17919.79297;0.20000;-0.02809;0.76251;8.96562
91;2020;3;17;0;3583.88525;17919.79492;0.20000;-0.02809;0.76327;8.98049
91;2020;3;17;0;3583.88574;17919.79492;0.20000;-0.02809;0.76430;9.00071
91;2020;3;17;0;3583.88623;17919.79492;0.20000;-0.02809;0.76505;9.01533
91;2020;3;17;0;3583.88672;17919.79688;0.20000;-0.02809;0.76585;9.03118
91;2020;3;17;0;3583.88696;17919.79688;0.20000;-0.02809;0.76649;9.04370
91;2020;3;17;0;3583.88721;17919.79688;0.20000;-0.02809;0.76684;9.05062
91;2020;3;17;0;3583.88721;17919.79688;0.20000;-0.02809;0.76667;9.04723
91;2020;3;17;0;3583.88721;17919.79688;0.20000;-0.02809;0.76639;9.04170
91;2020;3;17;0;3583.88696;17919.79688;0.20000;-0.02809;0.76597;9.03353
91;2020;3;17;0;3583.88647;17919.79688;0.20000;-0.02809;0.76559;9.02603
91;2020;3;17;0;3583.88599;17919.79492;0.20000;-0.02809;0.76514;9.01713
91;2020;3;17;0;3583.88574;17919.79492;0.20000;-0.02809;0.76475;9.00942
91;2020;3;17;0;3583.88574;17919.79492;0.20000;-0.02809;0.76430;9.00074
91;2020;3;17;0;3583.88550;17919.79492;0.20000;-0.02809;0.76391;8.99309
91;2020;3;17;0;3583.88574;17919.79492;0.20000;-0.02809;0.76355;8.98599
91;2020;3;17;0;3583.88550;17919.79492;0.20000;-0.02809;0.76355;8.98597
91;2020;3;17;0;3583.88599;17919.79492;0.20000;-0.02809;0.76408;8.99641
91;2020;3;17;0;3583.88574;17919.79492;0.20000;-0.02809;0.76487;9.01187
91;2020;3;17;0;3583.88623;17919.79492;0.20000;-0.02809;0.76522;9.01862
91;2020;3;17;0;3583.88623;17919.79492;0.20000;-0.02809;0.76517;9.01766
91;2020;3;17;0;3583.88599;17919.79492;0.20000;-0.02809;0.76478;9.01007
91;2020;3;17;0;3583.88550;17919.79492;0.20000;-0.02809;0.76425;8.99957
91;2020;3;17;0;3583.88574;17919.79492;0.20000;-0.02809;0.76373;8.98947
91;2020;3;17;0;3583.88525;17919.79492;0.20000;-0.02809;0.76317;8.97851
91;2020;3;17;0;3583.88501;17919.79297;0.20000;-0.02809;0.76265;8.96833
91;2020;3;17;0;3583.88501;17919.79297;0.20000;-0.02809;0.76216;8.95872
91;2020;3;17;0;3583.88477;17919.79297;0.20000;-0.02809;0.76195;8.95459
91;2020;3;17;0;3583.88477;17919.79297;0.20000;-0.02809;0.76228;8.96108
91;2020;3;17;0;3583.88525;17919.79492;0.20000;-0.02809;0.76303;8.97564
91;2020;3;17;0;3583.88550;17919.79492;0.20000;-0.02809;0.76352;8.98527
91;2020;3;17;0;3583.88550;17919.79492;0.20000;-0.02809;0.76346;8.98423
91;2020;3;17;0;3583.88550;17919.79492;0.20000;-0.02809;0.76319;8.97888
91;2020;3;17;0;3583.88525;17919.79492;0.20000;-0.02809;0.76292;8.97349
91;2020;3;17;0;3583.88501;17919.79297;0.20000;-0.02809;0.76275;8.97028
91;2020;3;17;0;3583.88525;17919.79492;0.20000;-0.02809;0.76293;8.97379
91;2020;3;17;0;3583.88525;17919.79492;0.20000;-0.02809;0.76334;8.98173
91;2020;3;17;0;3583.88525;17919.79492;0.20000;-0.02809;0.76343;8.98363
91;2020;3;17;0;3583.88501;17919.79297;0.20000;-0.02809;0.76292;8.97348
91;2020;3;18;0;3583.88110;17919.78711;0.20000;-0.01108;0.75595;8.83735
91;2020;3;18;0;3583.87573;17919.77930;0.20000;-0.01108;0.74573;8.63905
91;2020;3;18;0;3583.87280;17919.77344;0.20000;-0.01108;0.73953;8.51971
91;2020;3;18;0;3583.87134;17919.76953;0.20000;-0.01107;0.73600;8.45208
91;2020;3;18;0;3583.87036;17919.76758;0.20000;-0.01107;0.73437;8.42089
91;2020;3;18;0;3583.87012;17919.76758;0.20000;-0.01107;0.73406;8.41499
91;2020;3;18;0;3583.87012;17919.76758;0.20000;-0.01107;0.73429;8.41942
91;2020;3;18;0;3583.87012;17919.76758;0.20000;-0.01107;0.73389;8.41180
91;2020;3;18;0;3583.86914;17919.76562;0.20000;-0.01107;0.73236;8.38255
91;2020;3;18;0;3583.86841;17919.76562;0.20000;-0.01107;0.73092;8.35514
91;2020;3;18;0;3583.86841;17919.76562;0.20000;-0.01107;0.73041;8.34535
91;2020;3;18;0;3583.86865;17919.76562;0.20000;-0.01107;0.73057;8.34832
91;2020;3;18;0;3583.86841;17919.76562;0.20000;-0.01107;0.73066;8.35005
91;2020;3;18;0;3583.86792;17919.76367;0.20000;-0.01107;0.72957;8.32929
91;2020;3;18;0;3583.86597;17919.75977;0.20000;-0.01107;0.72645;8.27015
91;2020;3;18;0;3583.86353;17919.75586;0.20000;-0.01107;0.72211;8.18788
91;2020;3;18;0;3583.86206;17919.75391;0.20000;-0.01107;0.71883;8.12595
91;2020;3;18;0;3583.86108;17919.75195;0.20000;-0.01107;0.71719;8.09508
91;2020;3;18;0;3583.86108;17919.75195;0.20000;-0.01107;0.71639;8.08003
91;2020;3;18;0;3583.86084;17919.75000;0.20000;-0.01107;0.71586;8.07014
91;2020;3;18;0;3583.86035;17919.75000;0.20000;-0.01107;0.71555;8.06431
91;2020;3;18;0;3583.86011;17919.75000;0.20000;-0.01107;0.71528;8.05915
91;2020;3;18;0;3583.86011;17919.75000;0.20000;-0.01107;0.71505;8.05497
91;2020;3;18;0;3583.86011;17919.75000;0.20000;-0.01107;0.71483;8.05071
91;2020;3;18;0;3583.85986;17919.74805;0.20000;-0.01107;0.71462;8.04688
91;2020;3;18;0;3583.85962;17919.74805;0.20000;-0.01107;0.71441;8.04284
91;2020;3;18;0;3583.85986;17919.74805;0.20000;-0.01107;0.71421;8.03910
91;2020;3;18;0;3583.85938;17919.74805;0.19999;-0.01107;0.71400;8.03513
91;2020;3;18;0;3583.85986;17919.74805;0.20000;-0.01107;0.71379;8.03130
91;2020;3;18;0;3583.85913;17919.74805;0.19999;-0.01107;0.71357;8.02722
91;2020;3;18;0;3583.85938;17919.74805;0.19999;-0.01107;0.71337;8.02334
91;2020;3;18;0;3583.85938;17919.74805;0.19999;-0.01107;0.71316;8.01949
91;2020;3;18;0;3583.85938;17919.74805;0.19999;-0.01107;0.71297;8.01590
91;2020;3;18;0;3583.85913;17919.74805;0.19999;-0.01107;0.71278;8.01229
91;2020;3;18;0;3583.85889;17919.74805;0.19999;-0.01107;0.71259;8.00879
91;2020;3;18;0;3583.85913;17919.74805;0.19999;-0.01107;0.71240;8.00525
91;2020;3;18;0;3583.85864;17919.74609;0.19999;-0.01107;0.71222;8.00181
91;2020;3;18;0;3583.85864;17919.74609;0.19999;-0.01107;0.71203;7.99834
91;2020;3;18;0;3583.85864;17919.74609;0.19999;-0.01107;0.71185;7.99493
91;2020;3;18;0;3583.85840;17919.74609;0.19999;-0.01107;0.71167;7.99152
91;2020;3;18;0;3583.85840;17919.74609;0.19999;-0.01107;0.71149;7.98815
91;2020;3;18;0;3583.85815;17919.74609;0.19999;-0.01107;0.71130;7.98470
91;2020;3;18;0;3583.85791;17919.74609;0.19999;-0.01107;0.71108;7.98054
91;2020;3;18;0;3583.85791;17919.74609;0.19999;-0.01107;0.71073;7.97404
91;2020;3;18;0;3583.85767;17919.74414;0.19999;-0.01107;0.71027;7.96530
91;2020;3;18;0;3583.85718;17919.74414;0.19999;-0.01107;0.70994;7.95923
91;2020;3;18;0;3583.85791;17919.74609;0.19999;-0.01107;0.71001;7.96046
91;2020;3;18;0;3583.85767;17919.74414;0.19999;-0.01107;0.71028;7.96550
91;2020;3;19;0;3583.85571;17919.74219;0.19999;-0.00510;0.70624;7.89015
91;2020;3;19;0;3583.85156;17919.73633;0.19999;-0.00510;0.69849;7.74649
91;2020;3;19;0;3583.84912;17919.73047;0.19999;-0.00510;0.69349;7.65429
91;2020;3;19;0;3583.84741;17919.72852;0.19999;-0.00509;0.69115;7.61129
91;2020;3;19;0;3583.84692;17919.72656;0.19999;-0.00509;0.68952;7.58124
91;2020;3;19;0;3583.84595;17919.72461;0.19999;-0.00509;0.68813;7.55580
91;2020;3;19;0;3583.84570;17919.72461;0.19999;-0.00509;0.68691;7.53351
91;2020;3;19;0;3583.84497;17919.72266;0.19999;-0.00509;0.68601;7.51706
91;2020;3;19;0;3583.84448;17919.72266;0.19999;-0.00509;0.68510;7.50044
91;2020;3;19;0;3583.84424;17919.72266;0.19999;-0.00509;0.68427;7.48542
91;2020;3;19;0;3583.84399;17919.72070;0.19999;-0.00509;0.68358;7.47283
91;2020;3;19;0;3583.84351;17919.72070;0.19999;-0.00509;0.68300;7.46224
91;2020;3;19;0;3583.84326;17919.72070;0.19999;-0.00509;0.68250;7.45315
91;2020;3;19;0;3583.84302;17919.71875;0.19999;-0.00509;0.68205;7.44485
91;2020;3;19;0;3583.84253;17919.71875;0.19999;-0.00509;0.68164;7.43750
91;2020;3;19;0;3583.84229;17919.71875;0.19999;-0.00509;0.68123;7.43008
91;2020;3;19;0;3583.84229;17919.71875;0.19999;-0.00509;0.68081;7.42236
91;2020;3;19;0;3583.84204;17919.71875;0.19999;-0.00509;0.68027;7.41251
91;2020;3;19;0;3583.84204;17919.71875;0.19999;-0.00509;0.67974;7.40300
91;2020;3;19;0;3583.84180;17919.71680;0.19999;-0.00509;0.67932;7.39527
91;2020;3;19;0;3583.84131;17919.71680;0.19999;-0.00509;0.67880;7.38581
91;2020;3;19;0;3583.84082;17919.71484;0.19999;-0.00509;0.67815;7.37404
91;2020;3;19;0;3583.84058;17919.71484;0.19999;-0.00509;0.67773;7.36645
91;2020;3;19;0;3583.84058;17919.71484;0.19999;-0.00509;0.67732;7.35904
91;2020;3;19;0;3583.84033;17919.71484;0.19999;-0.00509;0.67680;7.34970
91;2020;3;19;0;3583.84033;17919.71484;0.19999;-0.00509;0.67640;7.34247
91;2020;3;19;0;3583.84009;17919.71484;0.19999;-0.00509;0.67612;7.33738
91;2020;3;19;0;3583.83984;17919.71289;0.19999;-0.00509;0.67582;7.33200
91;2020;3;19;0;3583.83960;17919.71289;0.19999;-0.00509;0.67542;7.32467
91;2020;3;19;0;3583.83911;17919.71289;0.19999;-0.00509;0.67492;7.31562
91;2020;3;19;0;3583.83887;17919.71289;0.19999;-0.00509;0.67448;7.30774
91;2020;3;19;0;3583.83887;17919.71289;0.19999;-0.00509;0.67411;7.30106
91;2020;3;19;0;3583.83862;17919.71094;0.19999;-0.00509;0.67381;7.29568
91;2020;3;19;0;3583.83887;17919.71289;0.19999;-0.00509;0.67356;7.29113
91;2020;3;19;0;3583.83838;17919.71094;0.19999;-0.00509;0.67323;7.28525
91;2020;3;19;0;3583.83813;17919.71094;0.19999;-0.00509;0.67292;7.27953
91;2020;3;19;0;3583.83862;17919.71094;0.19999;-0.00509;0.67300;7.28099
91;2020;3;19;0;3583.83887;17919.71289;0.19999;-0.00509;0.67361;7.29210
91;2020;3;19;0;3583.83887;17919.71289;0.19999;-0.00509;0.67423;7.30315
91;2020;3;19;0;3583.83911;17919.71289;0.19999;-0.00509;0.67440;7.30620
91;2020;3;19;0;3583.83862;17919.71094;0.19999;-0.00509;0.67429;7.30429
91;2020;3;19;0;3583.83911;17919.71289;0.19999;-0.00509;0.67400;7.29899
91;2020;3;19;0;3583.83838;17919.71094;0.19999;-0.00509;0.67366;7.29301
91;2020;3;19;0;3583.83862;17919.71094;0.19999;-0.00509;0.67358;7.29154
91;2020;3;19;0;3583.83887;17919.71289;0.19999;-0.00509;0.67361;7.29207
91;2020;3;19;0;3583.83862;17919.71094;0.19999;-0.00509;0.67357;7.29137
91;2020;3;19;0;3583.83887;17919.71289;0.19999;-0.00509;0.67353;7.29059
91;2020;3;19;0;3583.83862;17919.71094;0.19999;-0.00509;0.67346;7.28927
91;2020;3;20;0;3583.84204;17919.71875;0.19999;-0.02053;0.67924;7.39384
91;2020;3;20;0;3583.84692;17919.72656;0.19999;-0.02053;0.68928;7.57692
91;2020;3;20;0;3583.85010;17919.73242;0.19999;-0.02053;0.69625;7.70507
91;2020;3;20;0;3583.85278;17919.73828;0.19999;-0.02053;0.70072;7.78776
91;2020;3;20;0;3583.85425;17919.74023;0.19999;-0.02053;0.70359;7.84093
91;2020;3;20;0;3583.85522;17919.74023;0.19999;-0.02053;0.70522;7.87116
91;2020;3;20;0;3583.85547;17919.74023;0.19999;-0.02053;0.70650;7.89506
91;2020;3;20;0;3583.85596;17919.74219;0.19999;-0.02053;0.70706;7.90550
91;2020;3;20;0;3583.85645;17919.74219;0.19999;-0.02054;0.70745;7.91269
91;2020;3;20;0;3583.85645;17919.74219;0.19999;-0.02054;0.70768;7.91705
91;2020;3;20;0;3583.85669;17919.74219;0.19999;-0.02054;0.70789;7.92102
91;2020;3;20;0;3583.85645;17919.74219;0.19999;-0.02054;0.70814;7.92569
91;2020;3;20;0;3583.85693;17919.74414;0.19999;-0.02054;0.70826;7.92782
91;2020;3;20;0;3583.85645;17919.74219;0.19999;-0.02054;0.70833;7.92923
91;2020;3;20;0;3583.85693;17919.74414;0.19999;-0.02054;0.70823;7.92719
91;2020;3;20;0;3583.85620;17919.74219;0.19999;-0.02054;0.70807;7.92421
91;2020;3;20;0;3583.85645;17919.74219;0.19999;-0.02054;0.70783;7.91978
91;2020;3;20;0;3583.85669;17919.74219;0.19999;-0.02054;0.70772;7.91779
91;2020;3;20;0;3583.85620;17919.74219;0.19999;-0.02054;0.70765;7.91639
91;2020;3;20;0;3583.85645;17919.74219;0.19999;-0.02054;0.70780;7.91932
91;2020;3;20;0;3583.85693;17919.74414;0.19999;-0.02054;0.70818;7.92642
91;2020;3;20;0;3583.85645;17919.74219;0.19999;-0.02054;0.70860;7.93425
91;2020;3;20;0;3583.85718;17919.74414;0.19999;-0.02054;0.70864;7.93484
91;2020;3;20;0;3583.85669;17919.74219;0.19999;-0.02054;0.70839;7.93021
91;2020;3;20;0;3583.85645;17919.74219;0.19999;-0.02054;0.70809;7.92468
91;2020;3;20;0;3583.85669;17919.74219;0.19999;-0.02054;0.70788;7.92078
91;2020;3;20;0;3583.85645;17919.74219;0.19999;-0.02054;0.70770;7.91736
91;2020;3;20;0;3583.85645;17919.74219;0.19999;-0.02054;0.70762;7.91590
91;2020;3;20;0;3583.85645;17919.74219;0.19999;-0.02054;0.70747;7.91302
91;2020;3;20;0;3583.85645;17919.74219;0.19999;-0.02054;0.70735;7.91084
91;2020;3;20;0;3583.85645;17919.74219;0.19999;-0.02054;0.70746;7.91295
91;2020;3;20;0;3583.85645;17919.74219;0.19999;-0.02054;0.70760;7.91556
91;2020;3;20;0;3583.85645;17919.74219;0.19999;-0.02054;0.70750;7.91370
91;2020;3;20;0;3583.85620;17919.74219;0.19999;-0.02054;0.70716;7.90739
91;2020;3;20;0;3583.85596;17919.74219;0.19999;-0.02054;0.70687;7.90198
91;2020;3;20;0;3583.85596;17919.74219;0.19999;-0.02054;0.70666;7.89802
91;2020;3;20;0;3583.85571;17919.74219;0.19999;-0.02054;0.70621;7.88957
91;2020;3;20;0;3583.85498;17919.74023;0.19999;-0.02054;0.70511;7.86912
91;2020;3;20;0;3583.85400;17919.74023;0.19999;-0.02053;0.70329;7.83539
91;2020;3;20;0;3583.85303;17919.73828;0.19999;-0.02053;0.70127;7.79779
91;2020;3;20;0;3583.85181;17919.73633;0.19999;-0.02053;0.69970;7.76880
91;2020;3;20;0;3583.85181;17919.73633;0.19999;-0.02053;0.69882;7.75259
91;2020;3;20;0;3583.85156;17919.73633;0.19999;-0.02053;0.69841;7.74495
91;2020;3;20;0;3583.85132;17919.73438;0.19999;-0.02053;0.69819;7.74096
91;2020;3;20;0;3583.85107;17919.73438;0.19999;-0.02053;0.69796;7.73669
91;2020;3;20;0;3583.85107;17919.73438;0.19999;-0.02053;0.69761;7.73016
91;2020;3;20;0;3583.85083;17919.73438;0.19999;-0.02053;0.69718;7.72224
91;2020;3;20;0;3583.85034;17919.73242;0.19999;-0.02053;0.69686;7.71638
91;2020;3;21;0;3583.84790;17919.72852;0.19999;-0.00847;0.69194;7.62573
91;2020;3;21;0;3583.84375;17919.72070;0.19999;-0.00847;0.68406;7.48150
91;2020;3;21;0;3583.84131;17919.71680;0.19999;-0.00846;0.67893;7.38828
91;2020;3;21;0;3583.84009;17919.71484;0.19999;-0.00846;0.67591;7.33362
91;2020;3;21;0;3583.83838;17919.71094;0.19999;-0.00846;0.67389;7.29711
91;2020;3;21;0;3583.83765;17919.70898;0.19999;-0.00846;0.67207;7.26423
91;2020;3;21;0;3583.83691;17919.70898;0.19999;-0.00846;0.67026;7.23160
91;2020;3;21;0;3583.83594;17919.70703;0.19999;-0.00846;0.66855;7.20101
91;2020;3;21;0;3583.83521;17919.70508;0.19999;-0.00846;0.66716;7.17599
91;2020;3;21;0;3583.83472;17919.70508;0.19999;-0.00846;0.66615;7.15792
91;2020;3;21;0;3583.83423;17919.70312;0.19999;-0.00846;0.66537;7.14398
91;2020;3;21;0;3583.83398;17919.70312;0.19999;-0.00846;0.66494;7.13633
91;2020;3;21;0;3583.83423;17919.70312;0.19999;-0.00846;0.66467;7.13136
91;2020;3;21;0;3583.83374;17919.70312;0.19999;-0.00846;0.66422;7.12344
91;2020;3;21;0;3583.83350;17919.70117;0.19999;-0.00846;0.66377;7.11536
91;2020;3;21;0;3583.83325;17919.70117;0.19999;-0.00846;0.66327;7.10643
91;2020;3;21;0;3583.83276;17919.70117;0.19999;-0.00846;0.66286;7.09907
91;2020;3;21;0;3583.83252;17919.70117;0.19999;-0.00846;0.66250;7.09271
91;2020;3;21;0;3583.83276;17919.70117;0.19999;-0.00846;0.66220;7.08728
91;2020;3;21;0;3583.83228;17919.69922;0.19999;-0.00846;0.66191;7.08211
91;2020;3;21;0;3583.83252;17919.70117;0.19999;-0.00846;0.66165;7.07748
91;2020;3;21;0;3583.83228;17919.69922;0.19999;-0.00846;0.66143;7.07363
91;2020;3;21;0;3583.83252;17919.70117;0.19999;-0.00846;0.66130;7.07122
91;2020;3;21;0;3583.83203;17919.69922;0.19999;-0.00846;0.66112;7.06802
91;2020;3;21;0;3583.83203;17919.69922;0.19999;-0.00846;0.66095;7.06503
91;2020;3;21;0;3583.83203;17919.69922;0.19999;-0.00846;0.66087;7.06365
91;2020;3;21;0;3583.83203;17919.69922;0.19999;-0.00846;0.66083;7.06298
91;2020;3;21;0;3583.83179;17919.69922;0.19999;-0.00846;0.66072;7.06100
91;2020;3;21;0;3583.83203;17919.69922;0.19999;-0.00846;0.66060;7.05884
91;2020;3;21;0;3583.83179;17919.69922;0.19999;-0.00846;0.66056;7.05803
91;2020;3;21;0;3583.83203;17919.69922;0.19999;-0.00846;0.66070;7.06053
91;2020;3;21;0;3583.83203;17919.69922;0.19999;-0.00846;0.66100;7.06593
91;2020;3;21;0;3583.83228;17919.69922;0.19999;-0.00846;0.66128;7.07093
91;2020;3;21;0;3583.83252;17919.70117;0.19999;-0.00846;0.66134;7.07198
91;2020;3;21;0;3583.83203;17919.69922;0.19999;-0.00846;0.66119;7.06927
91;2020;3;21;0;3583.83203;17919.69922;0.19999;-0.00846;0.66094;7.06489
91;2020;3;21;0;3583.83179;17919.69922;0.19999;-0.00846;0.66071;7.06072
91;2020;3;21;0;3583.83203;17919.69922;0.19999;-0.00846;0.66057;7.05822
91;2020;3;21;0;3583.83179;17919.69922;0.19999;-0.00846;0.66052;7.05738
91;2020;3;21;0;3583.83203;17919.69922;0.19999;-0.00846;0.66042;7.05560
91;2020;3;21;0;3583.83154;17919.69922;0.19999;-0.00846;0.66021;7.05188
91;2020;3;21;0;3583.83154;17919.69922;0.19999;-0.00846;0.66000;7.04807
91;2020;3;21;0;3583.83154;17919.69922;0.19999;-0.00846;0.65987;7.04577
91;2020;3;21;0;3583.83130;17919.69727;0.19999;-0.00846;0.65978;7.04427
91;2020;3;21;0;3583.83130;17919.69727;0.19999;-0.00846;0.65959;7.04092
91;2020;3;21;0;3583.83105;17919.69727;0.19999;-0.00846;0.65924;7.03453
91;2020;3;21;0;3583.83057;17919.69727;0.19999;-0.00846;0.65882;7.02705
91;2020;3;21;0;3583.83032;17919.69531;0.19999;-0.00846;0.65842;7.02006
91;2020;3;22;0;3583.82886;17919.69531;0.19999;-0.00434;0.65484;6.95645
91;2020;3;22;0;3583.82544;17919.68945;0.19999;-0.00434;0.64840;6.84289
91;2020;3;22;0;3583.82324;17919.68555;0.19999;-0.00434;0.64396;6.76497
91;2020;3;22;0;3583.82178;17919.68164;0.19999;-0.00434;0.64149;6.72173
91;2020;3;22;0;3583.82056;17919.67969;0.19999;-0.00434;0.63958;6.68843
91;2020;3;22;0;3583.82007;17919.67969;0.19999;-0.00434;0.63801;6.66113
91;2020;3;22;0;3583.81909;17919.67773;0.19999;-0.00433;0.63646;6.63421
91;2020;3;22;0;3583.81885;17919.67773;0.19999;-0.00433;0.63512;6.61084
91;2020;3;22;0;3583.81812;17919.67578;0.19999;-0.00433;0.63419;6.59469
91;2020;3;22;0;3583.81787;17919.67578;0.19999;-0.00433;0.63373;6.58673
91;2020;3;22;0;3583.81738;17919.67383;0.19999;-0.00433;0.63341;6.58118
91;2020;3;22;0;3583.81714;17919.67383;0.19999;-0.00433;0.63290;6.57249
91;2020;3;22;0;3583.81714;17919.67383;0.19999;-0.00433;0.63242;6.56413
91;2020;3;22;0;3583.81689;17919.67383;0.19999;-0.00433;0.63199;6.55664
91;2020;3;22;0;3583.81689;17919.67383;0.19999;-0.00433;0.63150;6.54824
91;2020;3;22;0;3583.81665;17919.67188;0.19999;-0.00433;0.63107;6.54075
91;2020;3;22;0;3583.81616;17919.67188;0.19999;-0.00433;0.63069;6.53422
91;2020;3;22;0;3583.81592;17919.67188;0.19999;-0.00433;0.63032;6.52787
91;2020;3;22;0;3583.81592;17919.67188;0.19999;-0.00433;0.63000;6.52227
91;2020;3;22;0;3583.81567;17919.67188;0.19999;-0.00433;0.62967;6.51656
91;2020;3;22;0;3583.81543;17919.66992;0.19999;-0.00433;0.62935;6.51112
91;2020;3;22;0;3583.81543;17919.66992;0.19999;-0.00433;0.62900;6.50501
91;2020;3;22;0;3583.81519;17919.66992;0.19999;-0.00433;0.62857;6.49760
91;2020;3;22;0;3583.81519;17919.66992;0.19999;-0.00433;0.62804;6.48846
91;2020;3;22;0;3583.81494;17919.66992;0.19999;-0.00433;0.62754;6.47986
91;2020;3;22;0;3583.81445;17919.66797;0.19999;-0.00433;0.62716;6.47346
91;2020;3;22;0;3583.81396;17919.66797;0.19999;-0.00433;0.62691;6.46912
91;2020;3;22;0;3583.81396;17919.66797;0.19999;-0.00433;0.62667;6.46498
91;2020;3;22;0;3583.81372;17919.66797;0.19999;-0.00433;0.62634;6.45924
91;2020;3;22;0;3583.81372;17919.66797;0.19999;-0.00433;0.62595;6.45253
91;2020;3;22;0;3583.81372;17919.66797;0.19999;-0.00433;0.62564;6.44731
91;2020;3;22;0;3583.81348;17919.66602;0.19999;-0.00433;0.62542;6.44356
91;2020;3;22;0;3583.81372;17919.66797;0.19999;-0.00433;0.62526;6.44075
91;2020;3;22;0;3583.81323;17919.66602;0.19999;-0.00433;0.62512;6.43825
91;2020;3;22;0;3583.81323;17919.66602;0.19999;-0.00433;0.62487;6.43398
91;2020;3;22;0;3583.81299;17919.66602;0.19999;-0.00433;0.62454;6.42836
91;2020;3;22;0;3583.81323;17919.66602;0.19999;-0.00433;0.62431;6.42442
91;2020;3;22;0;3583.81274;17919.66602;0.19999;-0.00433;0.62414;6.42158
91;2020;3;22;0;3583.81274;17919.66602;0.19999;-0.00433;0.62392;6.41778
91;2020;3;22;0;3583.81274;17919.66602;0.19999;-0.00433;0.62376;6.41497
91;2020;3;22;0;3583.81274;17919.66602;0.19999;-0.00433;0.62377;6.41523
91;2020;3;22;0;3583.81274;17919.66602;0.19999;-0.00433;0.62385;6.41651
91;2020;3;22;0;3583.81274;17919.66602;0.19999;-0.00433;0.62392;6.41771
91;2020;3;22;0;3583.81274;17919.66602;0.19999;-0.00433;0.62404;6.41984
91;2020;3;22;0;3583.81274;17919.66602;0.19999;-0.00433;0.62416;6.42185
91;2020;3;22;0;3583.81299;17919.66602;0.19999;-0.00433;0.62424;6.42326
91;2020;3;22;0;3583.81323;17919.66602;0.19999;-0.00433;0.62431;6.42446
91;2020;3;22;0;3583.81274;17919.66602;0.19999;-0.00433;0.62418;6.42225
91;2020;3;23;0;3583.81274;17919.66602;0.19999;-0.00383;0.62330;6.40718
91;2020;3;23;0;3583.81177;17919.66406;0.19999;-0.00383;0.62160;6.37795
91;2020;3;23;0;3583.81055;17919.66211;0.19999;-0.00383;0.61999;6.35045
91;2020;3;23;0;3583.81006;17919.66016;0.19999;-0.00383;0.61895;6.33274
91;2020;3;23;0;3583.80957;17919.66016;0.19999;-0.00383;0.61808;6.31787
91;2020;3;23;0;3583.80933;17919.66016;0.19999;-0.00383;0.61734;6.30541
91;2020;3;23;0;3583.80933;17919.66016;0.19999;-0.00383;0.61677;6.29561
91;2020;3;23;0;3583.80884;17919.65820;0.19999;-0.00383;0.61617;6.28536
91;2020;3;23;0;3583.80859;17919.65820;0.19999;-0.00383;0.61556;6.27509
91;2020;3;23;0;3583.80811;17919.65625;0.19999;-0.00383;0.61513;6.26778
91;2020;3;23;0;3583.80786;17919.65625;0.19999;-0.00383;0.61505;6.26637
91;2020;3;23;0;3583.80811;17919.65625;0.19999;-0.00383;0.61489;6.26375
91;2020;3;23;0;3583.80737;17919.65625;0.19999;-0.00383;0.61435;6.25460
91;2020;3;23;0;3583.80737;17919.65625;0.19999;-0.00383;0.61386;6.24615
91;2020;3;23;0;3583.80737;17919.65625;0.19999;-0.00383;0.61349;6.23997
91;2020;3;23;0;3583.80713;17919.65430;0.19999;-0.00383;0.61307;6.23288
91;2020;3;23;0;3583.80713;17919.65430;0.19999;-0.00383;0.61269;6.22641
91;2020;3;23;0;3583.80688;17919.65430;0.19999;-0.00383;0.61234;6.22038
91;2020;3;23;0;3583.80664;17919.65430;0.19999;-0.00383;0.61203;6.21522
91;2020;3;23;0;3583.80640;17919.65430;0.19999;-0.00383;0.61188;6.21272
91;2020;3;23;0;3583.80615;17919.65430;0.19999;-0.00383;0.61195;6.21382
91;2020;3;23;0;3583.80664;17919.65430;0.19999;-0.00383;0.61217;6.21762
91;2020;3;23;0;3583.80664;17919.65430;0.19999;-0.00383;0.61235;6.22054
91;2020;3;23;0;3583.80664;17919.65430;0.19999;-0.00383;0.61226;6.21917
91;2020;3;23;0;3583.80640;17919.65430;0.19999;-0.00383;0.61187;6.21253
91;2020;3;23;0;3583.80591;17919.65234;0.19999;-0.00383;0.61128;6.20246
91;2020;3;23;0;3583.80566;17919.65234;0.19999;-0.00383;0.61071;6.19282
91;2020;3;23;0;3583.80566;17919.65234;0.19999;-0.00383;0.61025;6.18511
91;2020;3;23;0;3583.80542;17919.65234;0.19999;-0.00383;0.60993;6.17973
91;2020;3;23;0;3583.80566;17919.65234;0.19999;-0.00383;0.60995;6.18004
91;2020;3;23;0;3583.80566;17919.65234;0.19999;-0.00383;0.61014;6.18322
91;2020;3;23;0;3583.80542;17919.65234;0.19999;-0.00383;0.61011;6.18274
91;2020;3;23;0;3583.80566;17919.65234;0.19999;-0.00383;0.61005;6.18178
91;2020;3;23;0;3583.80542;17919.65234;0.19999;-0.00383;0.61008;6.18222
91;2020;3;23;0;3583.80566;17919.65234;0.19999;-0.00383;0.61002;6.18115
91;2020;3;23;0;3583.80542;17919.65234;0.19999;-0.00383;0.61006;6.18193
91;2020;3;23;0;3583.80591;17919.65234;0.19999;-0.00383;0.61032;6.18621
91;2020;3;23;0;3583.80542;17919.65234;0.19999;-0.00383;0.61020;6.18433
91;2020;3;23;0;3583.80542;17919.65234;0.19999;-0.00383;0.60934;6.16971
91;2020;3;23;0;3583.80469;17919.65039;0.19999;-0.00383;0.60811;6.14908
91;2020;3;23;0;3583.80371;17919.65039;0.19999;-0.00383;0.60692;6.12898
91;2020;3;23;0;3583.80371;17919.65039;0.19999;-0.00383;0.60598;6.11312
91;2020;3;23;0;3583.80322;17919.65039;0.19999;-0.00383;0.60543;6.10397
91;2020;3;23;0;3583.80322;17919.65039;0.19999;-0.00383;0.60507;6.09779
91;2020;3;23;0;3583.80298;17919.65039;0.19999;-0.00383;0.60464;6.09065
91;2020;3;23;0;3583.80249;17919.64844;0.19999;-0.00383;0.60416;6.08262
91;2020;3;23;0;3583.80200;17919.64844;0.19999;-0.00383;0.60375;6.07564
91;2020;3;23;0;3583.80176;17919.64648;0.19999;-0.00383;0.60343;6.07040
91;2020;3;24;0;3583.80444;17919.65039;0.19999;-0.01437;0.60815;6.14968
91;2020;3;24;0;3583.80933;17919.66016;0.19999;-0.01437;0.61727;6.30409
91;2020;3;24;0;3583.81299;17919.66602;0.19999;-0.01437;0.62428;6.42395
91;2020;3;24;0;3583.81494;17919.66992;0.19999;-0.01437;0.62858;6.49780
91;2020;3;24;0;3583.81665;17919.67188;0.19999;-0.01437;0.63152;6.54852
91;2020;3;24;0;3583.81787;17919.67578;0.19999;-0.01437;0.63378;6.58759
91;2020;3;24;0;3583.81885;17919.67773;0.19999;-0.01438;0.63567;6.62044
91;2020;3;24;0;3583.81958;17919.67773;0.19999;-0.01438;0.63724;6.64773
91;2020;3;24;0;3583.82031;17919.67969;0.19999;-0.01438;0.63851;6.66990
91;2020;3;24;0;3583.82104;17919.68164;0.19999;-0.01438;0.63941;6.68552
91;2020;3;24;0;3583.82129;17919.68164;0.19999;-0.01438;0.64027;6.70055
91;2020;3;24;0;3583.82129;17919.68164;0.19999;-0.01438;0.64088;6.71115
91;2020;3;24;0;3583.82129;17919.68164;0.19999;-0.01438;0.64108;6.71465
91;2020;3;24;0;3583.82153;17919.68164;0.19999;-0.01438;0.64123;6.71729
91;2020;3;24;0;3583.82178;17919.68164;0.19999;-0.01438;0.64132;6.71873
91;2020;3;24;0;3583.82178;17919.68164;0.19999;-0.01438;0.64136;6.71950
91;2020;3;24;0;3583.82178;17919.68164;0.19999;-0.01438;0.64137;6.71969
91;2020;3;24;0;3583.82178;17919.68164;0.19999;-0.01438;0.64142;6.72053
91;2020;3;24;0;3583.82178;17919.68164;0.19999;-0.01438;0.64144;6.72089
91;2020;3;24;0;3583.82178;17919.68164;0.19999;-0.01438;0.64149;6.72170
91;2020;3;24;0;3583.82178;17919.68164;0.19999;-0.01438;0.64150;6.72200
91;2020;3;24;0;3583.82178;17919.68164;0.19999;-0.01438;0.64153;6.72246
91;2020;3;24;0;3583.82178;17919.68164;0.19999;-0.01438;0.64154;6.72259
91;2020;3;24;0;3583.82178;17919.68164;0.19999;-0.01438;0.64155;6.72290
91;2020;3;24;0;3583.82178;17919.68164;0.19999;-0.01438;0.64156;6.72305
91;2020;3;24;0;3583.82178;17919.68164;0.19999;-0.01438;0.64157;6.72324
91;2020;3;24;0;3583.82178;17919.68164;0.19999;-0.01438;0.64158;6.72329
91;2020;3;24;0;3583.82178;17919.68164;0.19999;-0.01438;0.64158;6.72343
91;2020;3;24;0;3583.82202;17919.68359;0.19999;-0.01438;0.64160;6.72366
91;2020;3;24;0;3583.82227;17919.68359;0.19999;-0.01438;0.64163;6.72417
91;2020;3;24;0;3583.82202;17919.68359;0.19999;-0.01438;0.64166;6.72480
91;2020;3;24;0;3583.82227;17919.68359;0.19999;-0.01438;0.64169;6.72535
91;2020;3;24;0;3583.82202;17919.68359;0.19999;-0.01438;0.64171;6.72557
91;2020;3;24;0;3583.82227;17919.68359;0.19999;-0.01438;0.64171;6.72554
91;2020;3;24;0;3583.82202;17919.68359;0.19999;-0.01438;0.64174;6.72621
91;2020;3;24;0;3583.82227;17919.68359;0.19999;-0.01438;0.64184;6.72794
91;2020;3;24;0;3583.82202;17919.68359;0.19999;-0.01438;0.64186;6.72825
91;2020;3;24;0;3583.82227;17919.68359;0.19999;-0.01438;0.64185;6.72804
91;2020;3;24;0;3583.82202;17919.68359;0.19999;-0.01438;0.64187;6.72836
91;2020;3;24;0;3583.82227;17919.68359;0.19999;-0.01438;0.64186;6.72817
91;2020;3;24;0;3583.82202;17919.68359;0.19999;-0.01438;0.64185;6.72801
91;2020;3;24;0;3583.82227;17919.68359;0.19999;-0.01438;0.64182;6.72752
91;2020;3;24;0;3583.82202;17919.68359;0.19999;-0.01438;0.64180;6.72713
91;2020;3;24;0;3583.82227;17919.68359;0.19999;-0.01438;0.64177;6.72672
91;2020;3;24;0;3583.82202;17919.68359;0.19999;-0.01438;0.64176;6.72643
91;2020;3;24;0;3583.82227;17919.68359;0.19999;-0.01438;0.64174;6.72614
91;2020;3;24;0;3583.82202;17919.68359;0.19999;-0.01438;0.64172;6.72572
91;2020;3;24;0;3583.82227;17919.68359;0.19999;-0.01438;0.64169;6.72524
91;2020;3;25;0;3583.81982;17919.67773;0.19999;-0.00654;0.63795;6.66008
91;2020;3;25;0;3583.81665;17919.67188;0.19999;-0.00654;0.63156;6.54931
91;2020;3;25;0;3583.81421;17919.66797;0.19999;-0.00653;0.62710;6.47231
91;2020;3;25;0;3583.81323;17919.66602;0.19999;-0.00653;0.62463;6.42995
91;2020;3;25;0;3583.81226;17919.66406;0.19999;-0.00653;0.62318;6.40506
91;2020;3;25;0;3583.81152;17919.66406;0.19999;-0.00653;0.62182;6.38170
91;2020;3;25;0;3583.81104;17919.66211;0.19999;-0.00653;0.62056;6.36025
91;2020;3;25;0;3583.81030;17919.66016;0.19999;-0.00653;0.61930;6.33868
91;2020;3;25;0;3583.80957;17919.66016;0.19999;-0.00653;0.61812;6.31862
91;2020;3;25;0;3583.80884;17919.65820;0.19999;-0.00653;0.61718;6.30269
91;2020;3;25;0;3583.80884;17919.65820;0.19999;-0.00653;0.61640;6.28939
91;2020;3;25;0;3583.80859;17919.65820;0.19999;-0.00653;0.61603;6.28299
91;2020;3;25;0;3583.80884;17919.65820;0.19999;-0.00653;0.61612;6.28460
91;2020;3;25;0;3583.80859;17919.65820;0.19999;-0.00653;0.61617;6.28547
91;2020;3;25;0;3583.80884;17919.65820;0.19999;-0.00653;0.61590;6.28091
91;2020;3;25;0;3583.80835;17919.65820;0.19999;-0.00653;0.61570;6.27746
91;2020;3;25;0;3583.80859;17919.65820;0.19999;-0.00653;0.61580;6.27912
91;2020;3;25;0;3583.80859;17919.65820;0.19999;-0.00653;0.61576;6.27839
91;2020;3;25;0;3583.80859;17919.65820;0.19999;-0.00653;0.61545;6.27313
91;2020;3;25;0;3583.80835;17919.65820;0.19999;-0.00653;0.61514;6.26793
91;2020;3;25;0;3583.80811;17919.65625;0.19999;-0.00653;0.61497;6.26499
91;2020;3;25;0;3583.80811;17919.65625;0.19999;-0.00653;0.61484;6.26289
91;2020;3;25;0;3583.80786;17919.65625;0.19999;-0.00653;0.61474;6.26119
91;2020;3;25;0;3583.80762;17919.65625;0.19999;-0.00653;0.61457;6.25831
91;2020;3;25;0;3583.80762;17919.65625;0.19999;-0.00653;0.61436;6.25471
91;2020;3;25;0;3583.80762;17919.65625;0.19999;-0.00653;0.61401;6.24871
91;2020;3;25;0;3583.80713;17919.65430;0.19999;-0.00653;0.61336;6.23779
91;2020;3;25;0;3583.80713;17919.65430;0.19999;-0.00653;0.61311;6.23348
91;2020;3;25;0;3583.80737;17919.65625;0.19999;-0.00653;0.61383;6.24567
91;2020;3;25;0;3583.80737;17919.65625;0.19999;-0.00653;0.61433;6.25411
91;2020;3;25;0;3583.80737;17919.65625;0.19999;-0.00653;0.61393;6.24740
91;2020;3;25;0;3583.80713;17919.65430;0.19999;-0.00653;0.61360;6.24178
91;2020;3;25;0;3583.80737;17919.65625;0.19999;-0.00653;0.61346;6.23948
91;2020;3;25;0;3583.80688;17919.65430;0.19999;-0.00653;0.61320;6.23506
91;2020;3;25;0;3583.80737;17919.65625;0.19999;-0.00653;0.61300;6.23156
91;2020;3;25;0;3583.80664;17919.65430;0.19999;-0.00653;0.61279;6.22814
91;2020;3;25;0;3583.80688;17919.65430;0.19999;-0.00653;0.61258;6.22455
91;2020;3;25;0;3583.80688;17919.65430;0.19999;-0.00653;0.61239;6.22127
91;2020;3;25;0;3583.80688;17919.65430;0.19999;-0.00653;0.61219;6.21791
91;2020;3;25;0;3583.80664;17919.65430;0.19999;-0.00653;0.61200;6.21470
91;2020;3;25;0;3583.80640;17919.65430;0.19999;-0.00653;0.61181;6.21151
91;2020;3;25;0;3583.80640;17919.65430;0.19999;-0.00653;0.61163;6.20847
91;2020;3;25;0;3583.80615;17919.65430;0.19999;-0.00653;0.61147;6.20575
91;2020;3;25;0;3583.80591;17919.65234;0.19999;-0.00653;0.61133;6.20341
91;2020;3;25;0;3583.80615;17919.65430;0.19999;-0.00653;0.61121;6.20126
91;2020;3;25;0;3583.80591;17919.65234;0.19999;-0.00653;0.61133;6.20328
91;2020;3;25;0;3583.80640;17919.65430;0.19999;-0.00653;0.61193;6.21349
91;2020;3;25;0;3583.80664;17919.65430;0.19999;-0.00653;0.61228;6.21940
91;2020;3;26;0;3583.80493;17919.65039;0.19999;-0.00351;0.60929;6.16893
91;2020;3;26;0;3583.80200;17919.64844;0.19999;-0.00351;0.60354;6.07221
91;2020;3;26;0;3583.79956;17919.64258;0.19999;-0.00351;0.59916;5.99890
91;2020;3;26;0;3583.79858;17919.64062;0.19999;-0.00351;0.59686;5.96061
91;2020;3;26;0;3583.79736;17919.63867;0.19999;-0.00351;0.59488;5.92771
91;2020;3;26;0;3583.79614;17919.63672;0.19999;-0.00351;0.59224;5.88389
91;2020;3;26;0;3583.79517;17919.63477;0.19999;-0.00351;0.59027;5.85137
91;2020;3;26;0;3583.79443;17919.63281;0.19999;-0.00351;0.58941;5.83709
91;2020;3;26;0;3583.79419;17919.63281;0.19999;-0.00351;0.58834;5.81937
91;2020;3;26;0;3583.79370;17919.63281;0.19999;-0.00351;0.58701;5.79753
91;2020;3;26;0;3583.79297;17919.63086;0.19999;-0.00351;0.58562;5.77463
91;2020;3;26;0;3583.79150;17919.62891;0.19999;-0.00351;0.58380;5.74479
91;2020;3;26;0;3583.79126;17919.62695;0.19999;-0.00351;0.58269;5.72667
91;2020;3;26;0;3583.79102;17919.62695;0.19999;-0.00351;0.58287;5.72950
91;2020;3;26;0;3583.79150;17919.62891;0.19999;-0.00351;0.58297;5.73112
91;2020;3;26;0;3583.79126;17919.62695;0.19999;-0.00351;0.58278;5.72811
91;2020;3;26;0;3583.79102;17919.62695;0.19999;-0.00351;0.58270;5.72680
91;2020;3;26;0;3583.79126;17919.62695;0.19999;-0.00351;0.58255;5.72422
91;2020;3;26;0;3583.79077;17919.62695;0.19999;-0.00351;0.58238;5.72158
91;2020;3;26;0;3583.79077;17919.62695;0.19999;-0.00351;0.58219;5.71848
91;2020;3;26;0;3583.79053;17919.62695;0.19999;-0.00351;0.58200;5.71525
91;2020;3;26;0;3583.79077;17919.62695;0.19999;-0.00350;0.58180;5.71209
91;2020;3;26;0;3583.79053;17919.62695;0.19999;-0.00351;0.58162;5.70901
91;2020;3;26;0;3583.79053;17919.62695;0.19999;-0.00350;0.58144;5.70606
91;2020;3;26;0;3583.79053;17919.62695;0.19999;-0.00350;0.58126;5.70326
91;2020;3;26;0;3583.79053;17919.62695;0.19999;-0.00350;0.58110;5.70059
91;2020;3;26;0;3583.79028;17919.62500;0.19999;-0.00350;0.58095;5.69808
91;2020;3;26;0;3583.79053;17919.62695;0.19999;-0.00350;0.58080;5.69564
91;2020;3;26;0;3583.79028;17919.62500;0.19999;-0.00350;0.58068;5.69369
91;2020;3;26;0;3583.79053;17919.62695;0.19999;-0.00350;0.58067;5.69348
91;2020;3;26;0;3583.79028;17919.62500;0.19999;-0.00350;0.58079;5.69544
91;2020;3;26;0;3583.79053;17919.62695;0.19999;-0.00350;0.58087;5.69681
91;2020;3;26;0;3583.79028;17919.62500;0.19999;-0.00350;0.58078;5.69531
91;2020;3;26;0;3583.79028;17919.62500;0.19999;-0.00350;0.58059;5.69221
91;2020;3;26;0;3583.79028;17919.62500;0.19999;-0.00350;0.58040;5.68909
91;2020;3;26;0;3583.79028;17919.62500;0.19999;-0.00350;0.58021;5.68598
91;2020;3;26;0;3583.79004;17919.62500;0.19999;-0.00350;0.58003;5.68302
91;2020;3;26;0;3583.78979;17919.62500;0.19999;-0.00350;0.57988;5.68071
91;2020;3;26;0;3583.78979;17919.62500;0.19999;-0.00350;0.57985;5.68017
91;2020;3;26;0;3583.78979;17919.62500;0.19999;-0.00350;0.57993;5.68147
91;2020;3;26;0;3583.78979;17919.62500;0.19999;-0.00350;0.57996;5.68196
91;2020;3;26;0;3583.78979;17919.62500;0.19999;-0.00350;0.57987;5.68048
91;2020;3;26;0;3583.78979;17919.62500;0.19999;-0.00350;0.57983;5.67991
91;2020;3;26;0;3583.78979;17919.62500;0.19999;-0.00350;0.57990;5.68098
91;2020;3;26;0;3583.78979;17919.62500;0.19999;-0.00350;0.57985;5.68014
91;2020;3;26;0;3583.78955;17919.62500;0.19999;-0.00350;0.57964;5.67666
91;2020;3;26;0;3583.78931;17919.62500;0.19999;-0.00350;0.57941;5.67296
91;2020;3;26;0;3583.78931;17919.62500;0.19999;-0.00350;0.57916;5.66890
91;2020;3;27;0;3583.78979;17919.62500;0.19999;-0.00619;0.58050;5.69079
91;2020;3;27;0;3583.79150;17919.62891;0.19999;-0.00619;0.58363;5.74202
91;2020;3;27;0;3583.79321;17919.63086;0.19999;-0.00619;0.58672;5.79275
91;2020;3;27;0;3583.79419;17919.63281;0.19999;-0.00619;0.58895;5.82951
91;2020;3;27;0;3583.79517;17919.63477;0.19999;-0.00619;0.59017;5.84968
91;2020;3;27;0;3583.79565;17919.63672;0.19999;-0.00619;0.59115;5.86576
91;2020;3;27;0;3583.79614;17919.63672;0.19999;-0.00619;0.59211;5.88164
91;2020;3;27;0;3583.79688;17919.63867;0.19999;-0.00619;0.59285;5.89398
91;2020;3;27;0;3583.79688;17919.63867;0.19999;-0.00619;0.59349;5.90453
91;2020;3;27;0;3583.79712;17919.63867;0.19999;-0.00619;0.59395;5.91226
91;2020;3;27;0;3583.79712;17919.63867;0.19999;-0.00619;0.59428;5.91763
91;2020;3;27;0;3583.79712;17919.63867;0.19999;-0.00619;0.59450;5.92142
91;2020;3;27;0;3583.79712;17919.63867;0.19999;-0.00619;0.59465;5.92379
91;2020;3;27;0;3583.79736;17919.63867;0.19999;-0.00619;0.59475;5.92543
91;2020;3;27;0;3583.79761;17919.63867;0.19999;-0.00619;0.59480;5.92633
91;2020;3;27;0;3583.79736;17919.63867;0.19999;-0.00619;0.59484;5.92695
91;2020;3;27;0;3583.79761;17919.63867;0.19999;-0.00619;0.59485;5.92718
91;2020;3;27;0;3583.79736;17919.63867;0.19999;-0.00619;0.59486;5.92734
91;2020;3;27;0;3583.79761;17919.63867;0.19999;-0.00619;0.59486;5.92733
91;2020;3;27;0;3583.79736;17919.63867;0.19999;-0.00619;0.59488;5.92769
91;2020;3;27;0;3583.79761;17919.63867;0.19999;-0.00619;0.59495;5.92877
91;2020;3;27;0;3583.79736;17919.63867;0.19999;-0.00619;0.59506;5.93067
91;2020;3;27;0;3583.79785;17919.64062;0.19999;-0.00619;0.59516;5.93228
91;2020;3;27;0;3583.79785;17919.64062;0.19999;-0.00619;0.59519;5.93288
91;2020;3;27;0;3583.79785;17919.64062;0.19999;-0.00619;0.59517;5.93254
91;2020;3;27;0;3583.79761;17919.63867;0.19999;-0.00619;0.59513;5.93188
91;2020;3;27;0;3583.79736;17919.63867;0.19999;-0.00619;0.59509;5.93115
91;2020;3;27;0;3583.79761;17919.63867;0.19999;-0.00619;0.59506;5.93066
91;2020;3;27;0;3583.79736;17919.63867;0.19999;-0.00619;0.59505;5.93045
91;2020;3;27;0;3583.79761;17919.63867;0.19999;-0.00619;0.59503;5.93023
91;2020;3;27;0;3583.79736;17919.63867;0.19999;-0.00619;0.59500;5.92965
91;2020;3;27;0;3583.79761;17919.63867;0.19999;-0.00619;0.59494;5.92865
91;2020;3;27;0;3583.79736;17919.63867;0.19999;-0.00619;0.59485;5.92714
91;2020;3;27;0;3583.79761;17919.63867;0.19999;-0.00619;0.59477;5.92586
91;2020;3;27;0;3583.79736;17919.63867;0.19999;-0.00619;0.59471;5.92489
91;2020;3;27;0;3583.79736;17919.63867;0.19999;-0.00619;0.59461;5.92315
91;2020;3;27;0;3583.79736;17919.63867;0.19999;-0.00619;0.59449;5.92121
91;2020;3;27;0;3583.79736;17919.63867;0.19999;-0.00619;0.59438;5.91928
91;2020;3;27;0;3583.79736;17919.63867;0.19999;-0.00619;0.59423;5.91690
91;2020;3;27;0;3583.79712;17919.63867;0.19999;-0.00619;0.59407;5.91428
91;2020;3;27;0;3583.79688;17919.63867;0.19999;-0.00619;0.59391;5.91152
91;2020;3;27;0;3583.79712;17919.63867;0.19999;-0.00619;0.59377;5.90917
91;2020;3;27;0;3583.79663;17919.63672;0.19999;-0.00619;0.59366;5.90745
91;2020;3;27;0;3583.79712;17919.63867;0.19999;-0.00619;0.59360;5.90634
91;2020;3;27;0;3583.79663;17919.63672;0.19999;-0.00619;0.59355;5.90557
91;2020;3;27;0;3583.79712;17919.63867;0.19999;-0.00619;0.59351;5.90492
91;2020;3;27;0;3583.79663;17919.63672;0.19999;-0.00619;0.59348;5.90434
91;2020;3;27;0;3583.79712;17919.63867;0.19999;-0.00619;0.59344;5.90380
91;2020;3;28;0;3583.79614;17919.63672;0.19999;-0.00421;0.59196;5.87919
91;2020;3;28;0;3583.79443;17919.63281;0.19999;-0.00421;0.58876;5.82644
91;2020;3;28;0;3583.79272;17919.63086;0.19999;-0.00421;0.58559;5.77421
91;2020;3;28;0;3583.79175;17919.62891;0.19999;-0.00421;0.58355;5.74062
91;2020;3;28;0;3583.79077;17919.62695;0.19999;-0.00421;0.58243;5.72235
91;2020;3;28;0;3583.79077;17919.62695;0.19999;-0.00421;0.58134;5.70458
91;2020;3;28;0;3583.79028;17919.62500;0.19999;-0.00421;0.58034;5.68820
91;2020;3;28;0;3583.78955;17919.62500;0.19999;-0.00421;0.57953;5.67494
91;2020;3;28;0;3583.78906;17919.62305;0.19999;-0.00421;0.57885;5.66384
91;2020;3;28;0;3583.78931;17919.62500;0.19999;-0.00421;0.57832;5.65524
91;2020;3;28;0;3583.78882;17919.62305;0.19999;-0.00421;0.57793;5.64876
91;2020;3;28;0;3583.78857;17919.62305;0.19999;-0.00421;0.57763;5.64387
91;2020;3;28;0;3583.78882;17919.62305;0.19999;-0.00421;0.57739;5.63997
91;2020;3;28;0;3583.78833;17919.62305;0.19999;-0.00421;0.57718;5.63670
91;2020;3;28;0;3583.78833;17919.62305;0.19999;-0.00421;0.57701;5.63384
91;2020;3;28;0;3583.78809;17919.62109;0.19999;-0.00421;0.57685;5.63133
91;2020;3;28;0;3583.78809;17919.62109;0.19999;-0.00421;0.57671;5.62905
91;2020;3;28;0;3583.78809;17919.62109;0.19999;-0.00421;0.57658;5.62687
91;2020;3;28;0;3583.78809;17919.62109;0.19999;-0.00421;0.57644;5.62463
91;2020;3;28;0;3583.78784;17919.62109;0.19999;-0.00421;0.57629;5.62219
91;2020;3;28;0;3583.78760;17919.62109;0.19999;-0.00421;0.57613;5.61951
91;2020;3;28;0;3583.78784;17919.62109;0.19999;-0.00421;0.57595;5.61669
91;2020;3;28;0;3583.78735;17919.62109;0.19999;-0.00421;0.57578;5.61388
91;2020;3;28;0;3583.78735;17919.62109;0.19999;-0.00421;0.57562;5.61123
91;2020;3;28;0;3583.78735;17919.62109;0.19999;-0.00421;0.57548;5.60897
91;2020;3;28;0;3583.78711;17919.61914;0.19999;-0.00421;0.57537;5.60719
91;2020;3;28;0;3583.78735;17919.62109;0.19999;-0.00421;0.57529;5.60586
91;2020;3;28;0;3583.78711;17919.61914;0.19999;-0.00421;0.57525;5.60518
91;2020;3;28;0;3583.78735;17919.62109;0.19999;-0.00421;0.57525;5.60530
91;2020;3;28;0;3583.78711;17919.61914;0.19999;-0.00421;0.57526;5.60541
91;2020;3;28;0;3583.78735;17919.62109;0.19999;-0.00421;0.57520;5.60443
91;2020;3;28;0;3583.78711;17919.61914;0.19999;-0.00421;0.57507;5.60234
91;2020;3;28;0;3583.78711;17919.61914;0.19999;-0.00421;0.57493;5.60010
91;2020;3;28;0;3583.78711;17919.61914;0.19999;-0.00421;0.57481;5.59807
91;2020;3;28;0;3583.78711;17919.61914;0.19999;-0.00421;0.57467;5.59578
91;2020;3;28;0;3583.78687;17919.61914;0.19999;-0.00421;0.57449;5.59292
91;2020;3;28;0;3583.78711;17919.61914;0.19999;-0.00421;0.57430;5.58981
91;2020;3;28;0;3583.78687;17919.61914;0.19999;-0.00421;0.57409;5.58641
91;2020;3;28;0;3583.78687;17919.61914;0.19999;-0.00421;0.57384;5.58243
91;2020;3;28;0;3583.78662;17919.61914;0.19999;-0.00421;0.57358;5.57816
91;2020;3;28;0;3583.78638;17919.61914;0.19999;-0.00421;0.57335;5.57442
91;2020;3;28;0;3583.78638;17919.61914;0.19999;-0.00421;0.57318;5.57162
91;2020;3;28;0;3583.78613;17919.61914;0.19999;-0.00421;0.57306;5.56967
91;2020;3;28;0;3583.78589;17919.61719;0.19999;-0.00421;0.57297;5.56824
91;2020;3;28;0;3583.78613;17919.61914;0.19999;-0.00421;0.57290;5.56707
91;2020;3;28;0;3583.78589;17919.61719;0.19999;-0.00421;0.57283;5.56606
91;2020;3;28;0;3583.78613;17919.61914;0.19999;-0.00421;0.57278;5.56512
91;2020;3;28;0;3583.78589;17919.61719;0.19999;-0.00421;0.57272;5.56422
91;2020;3;29;0;3583.78882;17919.62305;0.19999;-0.01526;0.57742;5.64050
91;2020;3;29;0;3583.79321;17919.63086;0.19999;-0.01527;0.58640;5.78748
91;2020;3;29;0;3583.79736;17919.63867;0.19999;-0.01527;0.59401;5.91328
91;2020;3;29;0;3583.80005;17919.64453;0.19999;-0.01527;0.59932;6.00156
91;2020;3;29;0;3583.80176;17919.64648;0.19999;-0.01527;0.60287;6.06097
91;2020;3;29;0;3583.80322;17919.65039;0.19999;-0.01527;0.60567;6.10800
91;2020;3;29;0;3583.80469;17919.65039;0.19999;-0.01527;0.60817;6.15002
91;2020;3;29;0;3583.80542;17919.65234;0.19999;-0.01528;0.61002;6.18128
91;2020;3;29;0;3583.80615;17919.65430;0.19999;-0.01528;0.61159;6.20783
91;2020;3;29;0;3583.80688;17919.65430;0.19999;-0.01528;0.61273;6.22701
91;2020;3;29;0;3583.80713;17919.65430;0.19999;-0.01528;0.61343;6.23888
91;2020;3;29;0;3583.80737;17919.65625;0.19999;-0.01528;0.61398;6.24818
91;2020;3;29;0;3583.80762;17919.65625;0.19999;-0.01528;0.61431;6.25391
91;2020;3;29;0;3583.80762;17919.65625;0.19999;-0.01528;0.61459;6.25862
91;2020;3;29;0;3583.80762;17919.65625;0.19999;-0.01528;0.61476;6.26140
91;2020;3;29;0;3583.80786;17919.65625;0.19999;-0.01528;0.61491;6.26404
91;2020;3;29;0;3583.80811;17919.65625;0.19999;-0.01528;0.61500;6.26562
91;2020;3;29;0;3583.80811;17919.65625;0.19999;-0.01528;0.61510;6.26732
91;2020;3;29;0;3583.80811;17919.65625;0.19999;-0.01528;0.61517;6.26839
91;2020;3;29;0;3583.80811;17919.65625;0.19999;-0.01528;0.61524;6.26960
91;2020;3;29;0;3583.80811;17919.65625;0.19999;-0.01528;0.61529;6.27042
91;2020;3;29;0;3583.80811;17919.65625;0.19999;-0.01528;0.61534;6.27135
91;2020;3;29;0;3583.80835;17919.65820;0.19999;-0.01528;0.61538;6.27203
91;2020;3;29;0;3583.80859;17919.65820;0.19999;-0.01528;0.61543;6.27277
91;2020;3;29;0;3583.80835;17919.65820;0.19999;-0.01528;0.61546;6.27336
91;2020;3;29;0;3583.80859;17919.65820;0.19999;-0.01528;0.61550;6.27396
91;2020;3;29;0;3583.80835;17919.65820;0.19999;-0.01528;0.61552;6.27446
91;2020;3;29;0;3583.80859;17919.65820;0.19999;-0.01528;0.61555;6.27497
91;2020;3;29;0;3583.80835;17919.65820;0.19999;-0.01528;0.61558;6.27540
91;2020;3;29;0;3583.80859;17919.65820;0.19999;-0.01528;0.61560;6.27582
91;2020;3;29;0;3583.80835;17919.65820;0.19999;-0.01528;0.61563;6.27620
91;2020;3;29;0;3583.80859;17919.65820;0.19999;-0.01528;0.61565;6.27654
91;2020;3;29;0;3583.80835;17919.65820;0.19999;-0.01528;0.61567;6.27686
91;2020;3;29;0;3583.80859;17919.65820;0.19999;-0.01528;0.61568;6.27715
91;2020;3;29;0;3583.80835;17919.65820;0.19999;-0.01528;0.61570;6.27742
91;2020;3;29;0;3583.80859;17919.65820;0.19999;-0.01528;0.61571;6.27768
91;2020;3;29;0;3583.80835;17919.65820;0.19999;-0.01528;0.61574;6.27810
91;2020;3;29;0;3583.80859;17919.65820;0.19999;-0.01528;0.61578;6.27881
91;2020;3;29;0;3583.80859;17919.65820;0.19999;-0.01528;0.61583;6.27970
91;2020;3;29;0;3583.80859;17919.65820;0.19999;-0.01528;0.61587;6.28036
91;2020;3;29;0;3583.80859;17919.65820;0.19999;-0.01528;0.61589;6.28069
91;2020;3;29;0;3583.80859;17919.65820;0.19999;-0.01528;0.61590;6.28086
91;2020;3;29;0;3583.80859;17919.65820;0.19999;-0.01528;0.61591;6.28100
91;2020;3;29;0;3583.80859;17919.65820;0.19999;-0.01528;0.61592;6.28109
91;2020;3;29;0;3583.80859;17919.65820;0.19999;-0.01528;0.61592;6.28116
91;2020;3;29;0;3583.80859;17919.65820;0.19999;-0.01528;0.61592;6.28120
91;2020;3;29;0;3583.80859;17919.65820;0.19999;-0.01528;0.61592;6.28123
91;2020;3;29;0;3583.80859;17919.65820;0.19999;-0.01528;0.61592;6.28125
91;2020;3;30;0;3583.83740;17919.70898;0.19999;-0.09020;0.66907;7.21028
91;2020;3;30;0;3583.88721;17919.79688;0.20000;-0.09022;0.76551;9.02450
91;2020;3;30;0;3583.91943;17919.85547;0.20000;-0.09025;0.82779;10.28093
91;2020;3;30;0;3583.93774;17919.88672;0.20000;-0.09026;0.86404;11.04227
91;2020;3;30;0;3583.95117;17919.91211;0.20000;-0.09027;0.88933;11.58623
91;2020;3;30;0;3583.96045;17919.92773;0.20000;-0.09028;0.90769;11.98756
91;2020;3;30;0;3583.96582;17919.93750;0.20000;-0.09029;0.91813;12.21826
91;2020;3;30;0;3583.96875;17919.94336;0.20000;-0.09029;0.92392;12.34699
91;2020;3;30;0;3583.97046;17919.94531;0.20000;-0.09029;0.92722;12.42055
91;2020;3;30;0;3583.97144;17919.94727;0.20000;-0.09029;0.92921;12.46490
91;2020;3;30;0;3583.97266;17919.94922;0.20000;-0.09029;0.93126;12.51092
91;2020;3;30;0;3583.97339;17919.95117;0.20000;-0.09029;0.93316;12.55335
91;2020;3;30;0;3583.97461;17919.95312;0.20000;-0.09029;0.93471;12.58817
91;2020;3;30;0;3583.97510;17919.95508;0.20000;-0.09029;0.93581;12.61288
91;2020;3;30;0;3583.97534;17919.95508;0.20000;-0.09029;0.93647;12.62764
91;2020;3;30;0;3583.97559;17919.95508;0.20000;-0.09029;0.93704;12.64045
91;2020;3;30;0;3583.97607;17919.95703;0.20000;-0.09029;0.93723;12.64475
91;2020;3;30;0;3583.97559;17919.95508;0.20000;-0.09029;0.93763;12.65385
91;2020;3;30;0;3583.97656;17919.95703;0.20000;-0.09029;0.93812;12.66471
91;2020;3;30;0;3583.97632;17919.95703;0.20000;-0.09030;0.93868;12.67728
91;2020;3;30;0;3583.97681;17919.95703;0.20000;-0.09029;0.93911;12.68698
91;2020;3;30;0;3583.97705;17919.95898;0.20000;-0.09030;0.93961;12.69837
91;2020;3;30;0;3583.97681;17919.95703;0.20000;-0.09030;0.93988;12.70439
91;2020;3;30;0;3583.97729;17919.95898;0.20000;-0.09030;0.94030;12.71395
91;2020;3;30;0;3583.97754;17919.95898;0.20000;-0.09030;0.94077;12.72448
91;2020;3;30;0;3583.97803;17919.96094;0.20000;-0.09030;0.94145;12.73982
91;2020;3;30;0;3583.97827;17919.96094;0.20000;-0.09030;0.94199;12.75205
91;2020;3;30;0;3583.97803;17919.96094;0.20000;-0.09030;0.94218;12.75634
91;2020;3;30;0;3583.97827;17919.96094;0.20000;-0.09030;0.94228;12.75859
91;2020;3;30;0;3583.97827;17919.96094;0.20000;-0.09030;0.94266;12.76700
91;2020;3;30;0;3583.97852;17919.96094;0.20000;-0.09030;0.94294;12.77342
91;2020;3;30;0;3583.97900;17919.96289;0.20000;-0.09030;0.94326;12.78059
91;2020;3;30;0;3583.97925;17919.96289;0.20000;-0.09030;0.94386;12.79429
91;2020;3;30;0;3583.97925;17919.96289;0.20000;-0.09030;0.94459;12.81063
91;2020;3;30;0;3583.97949;17919.96289;0.20000;-0.09030;0.94498;12.81942
91;2020;3;30;0;3583.97998;17919.96289;0.20000;-0.09030;0.94522;12.82489
91;2020;3;30;0;3583.98022;17919.96289;0.20000;-0.09030;0.94553;12.83188
91;2020;3;30;0;3583.98022;17919.96289;0.20000;-0.09030;0.94577;12.83739
91;2020;3;30;0;3583.98022;17919.96289;0.20000;-0.09030;0.94602;12.84313
91;2020;3;30;0;3583.98071;17919.96289;0.20000;-0.09030;0.94653;12.85452
91;2020;3;30;0;3583.98096;17919.96289;0.20000;-0.09030;0.94706;12.86658
91;2020;3;30;0;3583.98071;17919.96289;0.20000;-0.09030;0.94728;12.87167
91;2020;3;30;0;3583.98120;17919.96484;0.20000;-0.09030;0.94747;12.87587
91;2020;3;30;0;3583.98120;17919.96484;0.20000;-0.09030;0.94785;12.88445
91;2020;3;30;0;3583.98145;17919.96484;0.20000;-0.09030;0.94816;12.89146
91;2020;3;30;0;3583.98120;17919.96484;0.20000;-0.09030;0.94838;12.89648
91;2020;3;30;0;3583.98169;17919.96484;0.20000;-0.09030;0.94882;12.90635
91;2020;3;30;0;3583.98218;17919.96680;0.20000;-0.09030;0.94940;12.91954
91;2020;3;31;0;3583.97852;17919.96094;0.20000;-0.06166;0.94213;12.75511
91;2020;3;31;0;3583.97388;17919.95312;0.20000;-0.06166;0.93361;12.56337
91;2020;3;31;0;3583.97241;17919.94922;0.20000;-0.06166;0.93046;12.49297
91;2020;3;31;0;3583.97119;17919.94727;0.20000;-0.06166;0.92813;12.44087
91;2020;3;31;0;3583.97119;17919.94727;0.20000;-0.06166;0.92843;12.44744
91;2020;3;31;0;3583.97119;17919.94727;0.20000;-0.06166;0.92856;12.45039
91;2020;3;31;0;3583.97095;17919.94727;0.20000;-0.06166;0.92811;12.44035
91;2020;3;31;0;3583.97095;17919.94727;0.20000;-0.06166;0.92843;12.44744
91;2020;3;31;0;3583.97119;17919.94727;0.20000;-0.06166;0.92882;12.45619
91;2020;3;31;0;3583.97168;17919.94922;0.20000;-0.06166;0.92917;12.46394
91;2020;3;31;0;3583.97192;17919.94922;0.20000;-0.06166;0.92911;12.46263
91;2020;3;31;0;3583.97168;17919.94922;0.20000;-0.06166;0.92920;12.46477
91;2020;3;31;0;3583.97192;17919.94922;0.20000;-0.06166;0.92948;12.47087
91;2020;3;31;0;3583.97192;17919.94922;0.20000;-0.06166;0.92961;12.47378
91;2020;3;31;0;3583.97192;17919.94922;0.20000;-0.06166;0.92986;12.47950
91;2020;3;31;0;3583.97363;17919.95117;0.20000;-0.06166;0.93265;12.54203
91;2020;3;31;0;3583.97803;17919.96094;0.20000;-0.06166;0.94098;12.72912
91;2020;3;31;0;3583.98193;17919.96484;0.20000;-0.06166;0.94883;12.90675
91;2020;3;31;0;3583.98242;17919.96680;0.20000;-0.06166;0.94979;12.92851
91;2020;3;31;0;3583.98193;17919.96484;0.20000;-0.06166;0.94873;12.90448
91;2020;3;31;0;3583.98218;17919.96680;0.20000;-0.06166;0.94936;12.91868
91;2020;3;31;0;3583.98242;17919.96680;0.20000;-0.06166;0.94954;12.92268
91;2020;3;31;0;3583.98242;17919.96680;0.20000;-0.06166;0.94976;12.92782
91;2020;3;31;0;3583.98242;17919.96680;0.20000;-0.06166;0.95004;12.93421
91;2020;3;31;0;3583.98267;17919.96680;0.20000;-0.06166;0.95013;12.93619
91;2020;3;31;0;3583.98242;17919.96680;0.20000;-0.06166;0.95033;12.94076
91;2020;3;31;0;3583.98267;17919.96680;0.20000;-0.06166;0.95054;12.94541
91;2020;3;31;0;3583.98267;17919.96680;0.20000;-0.06166;0.95088;12.95316
91;2020;3;31;0;3583.98315;17919.96680;0.20000;-0.06166;0.95185;12.97529
91;2020;3;31;0;3583.98413;17919.96875;0.20000;-0.06166;0.95380;13.01958
91;2020;3;31;0;3583.98560;17919.97266;0.20000;-0.06166;0.95608;13.07141
91;2020;3;31;0;3583.98633;17919.97266;0.20000;-0.06166;0.95738;13.10101
91;2020;3;31;0;3583.98657;17919.97461;0.20000;-0.06167;0.95769;13.10808
91;2020;3;31;0;3583.98682;17919.97461;0.20000;-0.06167;0.95782;13.11107
91;2020;3;31;0;3583.98657;17919.97461;0.20000;-0.06167;0.95795;13.11414
91;2020;3;31;0;3583.98682;17919.97461;0.20000;-0.06167;0.95799;13.11510
91;2020;3;31;0;3583.98657;17919.97461;0.20000;-0.06167;0.95806;13.11654
91;2020;3;31;0;3583.98682;17919.97461;0.20000;-0.06167;0.95796;13.11440
91;2020;3;31;0;3583.98657;17919.97461;0.20000;-0.06167;0.95771;13.10874
91;2020;3;31;0;3583.98682;17919.97461;0.20000;-0.06167;0.95782;13.11107
91;2020;3;31;0;3583.98682;17919.97461;0.20000;-0.06167;0.95819;13.11958
91;2020;3;31;0;3583.98682;17919.97461;0.20000;-0.06167;0.95838;13.12391
91;2020;3;31;0;3583.98706;17919.97461;0.20000;-0.06167;0.95873;13.13182
91;2020;3;31;0;3583.98706;17919.97461;0.20000;-0.06167;0.95921;13.14294
91;2020;3;31;0;3583.98706;17919.97461;0.20000;-0.06167;0.95940;13.14718
91;2020;3;31;0;3583.98706;17919.97461;0.20000;-0.06167;0.95935;13.14617
91;2020;3;31;0;3583.98706;17919.97461;0.20000;-0.06167;0.95934;13.14574
91;2020;3;31;0;3583.98706;17919.97461;0.20000;-0.06167;0.95945;13.14825
91;2020;4;1;0;3583.96729;17919.93945;0.20000;-0.01493;0.92233;12.31145
91;2020;4;1;0;3583.93237;17919.87695;0.20000;-0.01492;0.85511;10.85262
91;2020;4;1;0;3583.90942;17919.83594;0.20000;-0.01490;0.81086;9.93289
91;2020;4;1;0;3583.89844;17919.81836;0.20000;-0.01488;0.78896;9.48988
91;2020;4;1;0;3583.89282;17919.80859;0.20000;-0.01488;0.77754;9.26198
91;2020;4;1;0;3583.88965;17919.80273;0.20000;-0.01488;0.77110;9.13445
91;2020;4;1;0;3583.88721;17919.79688;0.20000;-0.01487;0.76695;9.05279
91;2020;4;1;0;3583.88550;17919.79492;0.20000;-0.01487;0.76410;8.99671
91;2020;4;1;0;3583.88403;17919.79102;0.20000;-0.01487;0.76157;8.94721
91;2020;4;1;0;3583.88354;17919.79102;0.20000;-0.01487;0.76012;8.91878
91;2020;4;1;0;3583.88306;17919.78906;0.20000;-0.01487;0.75899;8.89672
91;2020;4;1;0;3583.88257;17919.78906;0.20000;-0.01487;0.75824;8.88209
91;2020;4;1;0;3583.88208;17919.78906;0.20000;-0.01487;0.75736;8.86475
91;2020;4;1;0;3583.88159;17919.78711;0.20000;-0.01487;0.75656;8.84934
91;2020;4;1;0;3583.88135;17919.78711;0.20000;-0.01487;0.75602;8.83868
91;2020;4;1;0;3583.88135;17919.78711;0.20000;-0.01487;0.75565;8.83142
91;2020;4;1;0;3583.88110;17919.78711;0.20000;-0.01487;0.75538;8.82620
91;2020;4;1;0;3583.88135;17919.78711;0.20000;-0.01487;0.75501;8.81910
91;2020;4;1;0;3583.88086;17919.78516;0.20000;-0.01487;0.75481;8.81519
91;2020;4;1;0;3583.88086;17919.78516;0.20000;-0.01487;0.75471;8.81315
91;2020;4;1;0;3583.88086;17919.78516;0.20000;-0.01487;0.75476;8.81419
91;2020;4;1;0;3583.88086;17919.78516;0.20000;-0.01487;0.75473;8.81363
91;2020;4;1;0;3583.88086;17919.78516;0.20000;-0.01487;0.75474;8.81376
91;2020;4;1;0;3583.88086;17919.78516;0.20000;-0.01487;0.75467;8.81239
91;2020;4;1;0;3583.88086;17919.78516;0.20000;-0.01487;0.75467;8.81250
91;2020;4;1;0;3583.88086;17919.78516;0.20000;-0.01487;0.75459;8.81082
91;2020;4;1;0;3583.88062;17919.78516;0.20000;-0.01487;0.75434;8.80601
91;2020;4;1;0;3583.88037;17919.78516;0.20000;-0.01487;0.75384;8.79625
91;2020;4;1;0;3583.87988;17919.78516;0.20000;-0.01487;0.75329;8.78567
91;2020;4;1;0;3583.87964;17919.78516;0.20000;-0.01487;0.75267;8.77361
91;2020;4;1;0;3583.87939;17919.78516;0.20000;-0.01487;0.75200;8.76046
91;2020;4;1;0;3583.87939;17919.78516;0.20000;-0.01487;0.75126;8.74623
91;2020;4;1;0;3583.87891;17919.78516;0.20000;-0.01487;0.75062;8.73373
91;2020;4;1;0;3583.87866;17919.78320;0.20000;-0.01487;0.75009;8.72345
91;2020;4;1;0;3583.87817;17919.78320;0.20000;-0.01487;0.74981;8.71808
91;2020;4;1;0;3583.87817;17919.78320;0.20000;-0.01487;0.74997;8.72112
91;2020;4;1;0;3583.87842;17919.78320;0.20000;-0.01487;0.75056;8.73255
91;2020;4;1;0;3583.87891;17919.78516;0.20000;-0.01487;0.75106;8.74219
91;2020;4;1;0;3583.87915;17919.78516;0.20000;-0.01487;0.75100;8.74104
91;2020;4;1;0;3583.87866;17919.78320;0.20000;-0.01487;0.75044;8.73033
91;2020;4;1;0;3583.87842;17919.78320;0.20000;-0.01487;0.74985;8.71891
91;2020;4;1;0;3583.87817;17919.78320;0.20000;-0.01487;0.74963;8.71450
91;2020;4;1;0;3583.87817;17919.78320;0.20000;-0.01487;0.74988;8.71933
91;2020;4;1;0;3583.87817;17919.78320;0.20000;-0.01487;0.75026;8.72678
91;2020;4;1;0;3583.87842;17919.78320;0.20000;-0.01487;0.75037;8.72889
91;2020;4;1;0;3583.87842;17919.78320;0.20000;-0.01487;0.75010;8.72376
91;2020;4;1;0;3583.87817;17919.78320;0.20000;-0.01487;0.74947;8.71137
91;2020;4;1;0;3583.87720;17919.78125;0.20000;-0.01487;0.74835;8.68969
91;2020;4;2;0;3583.87109;17919.76953;0.20000;-0.00647;0.73664;8.46443
91;2020;4;2;0;3583.85986;17919.74805;0.20000;-0.00646;0.71502;8.05436
91;2020;4;2;0;3583.85229;17919.73633;0.19999;-0.00646;0.70006;7.77549
91;2020;4;2;0;3583.84814;17919.72852;0.19999;-0.00645;0.69264;7.63865
91;2020;4;2;0;3583.84570;17919.72461;0.19999;-0.00645;0.68738;7.54218
91;2020;4;2;0;3583.84424;17919.72266;0.19999;-0.00645;0.68412;7.48270
91;2020;4;2;0;3583.84302;17919.71875;0.19999;-0.00645;0.68192;7.44260
91;2020;4;2;0;3583.84180;17919.71680;0.19999;-0.00645;0.67960;7.40042
91;2020;4;2;0;3583.84082;17919.71484;0.19999;-0.00645;0.67755;7.36322
91;2020;4;2;0;3583.83984;17919.71289;0.19999;-0.00645;0.67603;7.33577
91;2020;4;2;0;3583.83911;17919.71289;0.19999;-0.00645;0.67478;7.31309
91;2020;4;2;0;3583.83887;17919.71289;0.19999;-0.00645;0.67395;7.29824
91;2020;4;2;0;3583.83813;17919.71094;0.19999;-0.00645;0.67330;7.28651
91;2020;4;2;0;3583.83813;17919.71094;0.19999;-0.00645;0.67277;7.27684
91;2020;4;2;0;3583.83789;17919.71094;0.19999;-0.00645;0.67239;7.27011
91;2020;4;2;0;3583.83813;17919.71094;0.19999;-0.00645;0.67218;7.26622
91;2020;4;2;0;3583.83789;17919.71094;0.19999;-0.00645;0.67206;7.26415
91;2020;4;2;0;3583.83789;17919.71094;0.19999;-0.00645;0.67183;7.25997
91;2020;4;2;0;3583.83765;17919.70898;0.19999;-0.00645;0.67144;7.25290
91;2020;4;2;0;3583.83716;17919.70898;0.19999;-0.00645;0.67089;7.24295
91;2020;4;2;0;3583.83667;17919.70703;0.19999;-0.00645;0.67033;7.23294
91;2020;4;2;0;3583.83643;17919.70703;0.19999;-0.00645;0.66984;7.22419
91;2020;4;2;0;3583.83643;17919.70703;0.19999;-0.00645;0.66947;7.21751
91;2020;4;2;0;3583.83618;17919.70703;0.19999;-0.00645;0.66908;7.21040
91;2020;4;2;0;3583.83618;17919.70703;0.19999;-0.00645;0.66864;7.20258
91;2020;4;2;0;3583.83618;17919.70703;0.19999;-0.00645;0.66825;7.19564
91;2020;4;2;0;3583.83594;17919.70703;0.19999;-0.00645;0.66804;7.19181
91;2020;4;2;0;3583.83569;17919.70703;0.19999;-0.00645;0.66790;7.18931
91;2020;4;2;0;3583.83545;17919.70508;0.19999;-0.00644;0.66769;7.18548
91;2020;4;2;0;3583.83496;17919.70508;0.19999;-0.00644;0.66731;7.17873
91;2020;4;2;0;3583.83472;17919.70508;0.19999;-0.00644;0.66674;7.16842
91;2020;4;2;0;3583.83447;17919.70312;0.19999;-0.00644;0.66583;7.15213
91;2020;4;2;0;3583.83398;17919.70312;0.19999;-0.00644;0.66452;7.12878
91;2020;4;2;0;3583.83301;17919.70117;0.19999;-0.00644;0.66302;7.10193
91;2020;4;2;0;3583.83252;17919.70117;0.19999;-0.00644;0.66174;7.07908
91;2020;4;2;0;3583.83203;17919.69922;0.19999;-0.00644;0.66094;7.06492
91;2020;4;2;0;3583.83179;17919.69922;0.19999;-0.00644;0.66053;7.05764
91;2020;4;2;0;3583.83154;17919.69922;0.19999;-0.00644;0.66018;7.05136
91;2020;4;2;0;3583.83105;17919.69727;0.19999;-0.00644;0.65965;7.04194
91;2020;4;2;0;3583.83081;17919.69727;0.19999;-0.00644;0.65896;7.02960
91;2020;4;2;0;3583.83057;17919.69727;0.19999;-0.00644;0.65824;7.01676
91;2020;4;2;0;3583.83057;17919.69727;0.19999;-0.00644;0.65756;7.00476
91;2020;4;2;0;3583.83008;17919.69531;0.19999;-0.00644;0.65698;6.99448
91;2020;4;2;0;3583.82983;17919.69531;0.19999;-0.00644;0.65660;6.98771
91;2020;4;2;0;3583.82935;17919.69531;0.19999;-0.00644;0.65646;6.98526
91;2020;4;2;0;3583.82935;17919.69531;0.19999;-0.00644;0.65646;6.98525
91;2020;4;2;0;3583.82935;17919.69531;0.19999;-0.00644;0.65643;6.98477
91;2020;4;2;0;3583.82935;17919.69531;0.19999;-0.00644;0.65644;6.98485
91;2020;4;3;0;3583.83423;17919.70312;0.19999;-0.02654;0.66484;7.13440
91;2020;4;3;0;3583.84082;17919.71484;0.19999;-0.02654;0.67828;7.37649
91;2020;4;3;0;3583.84497;17919.72266;0.19999;-0.02654;0.68614;7.51948
91;2020;4;3;0;3583.84766;17919.72852;0.19999;-0.02654;0.69094;7.60730
91;2020;4;3;0;3583.84985;17919.73242;0.19999;-0.02655;0.69474;7.67721
91;2020;4;3;0;3583.85059;17919.73438;0.19999;-0.02655;0.69712;7.72103
91;2020;4;3;0;3583.85181;17919.73633;0.19999;-0.02655;0.69902;7.75617
91;2020;4;3;0;3583.85229;17919.73633;0.19999;-0.02655;0.69994;7.77321
91;2020;4;3;0;3583.85278;17919.73828;0.19999;-0.02655;0.70070;7.78730
91;2020;4;3;0;3583.85303;17919.73828;0.19999;-0.02655;0.70126;7.79773
91;2020;4;3;0;3583.85327;17919.73828;0.19999;-0.02655;0.70164;7.80472
91;2020;4;3;0;3583.85352;17919.73828;0.19999;-0.02655;0.70196;7.81065
91;2020;4;3;0;3583.85352;17919.73828;0.19999;-0.02655;0.70212;7.81359
91;2020;4;3;0;3583.85352;17919.73828;0.19999;-0.02655;0.70244;7.81949
91;2020;4;3;0;3583.85352;17919.73828;0.19999;-0.02655;0.70251;7.82081
91;2020;4;3;0;3583.85352;17919.73828;0.19999;-0.02655;0.70255;7.82159
91;2020;4;3;0;3583.85352;17919.73828;0.19999;-0.02655;0.70255;7.82156
91;2020;4;3;0;3583.85352;17919.73828;0.19999;-0.02655;0.70256;7.82185
91;2020;4;3;0;3583.85352;17919.73828;0.19999;-0.02655;0.70254;7.82146
91;2020;4;3;0;3583.85376;17919.74023;0.19999;-0.02655;0.70260;7.82245
91;2020;4;3;0;3583.85352;17919.73828;0.19999;-0.02655;0.70266;7.82370
91;2020;4;3;0;3583.85376;17919.74023;0.19999;-0.02655;0.70280;7.82620
91;2020;4;3;0;3583.85352;17919.73828;0.19999;-0.02655;0.70285;7.82711
91;2020;4;3;0;3583.85376;17919.74023;0.19999;-0.02655;0.70285;7.82715
91;2020;4;3;0;3583.85352;17919.73828;0.19999;-0.02655;0.70276;7.82547
91;2020;4;3;0;3583.85376;17919.74023;0.19999;-0.02655;0.70268;7.82395
91;2020;4;3;0;3583.85327;17919.73828;0.19999;-0.02655;0.70256;7.82184
91;2020;4;3;0;3583.85376;17919.74023;0.19999;-0.02655;0.70248;7.82024
91;2020;4;3;0;3583.85327;17919.73828;0.19999;-0.02655;0.70239;7.81866
91;2020;4;3;0;3583.85376;17919.74023;0.19999;-0.02655;0.70237;7.81833
91;2020;4;3;0;3583.85327;17919.73828;0.19999;-0.02655;0.70242;7.81926
91;2020;4;3;0;3583.85376;17919.74023;0.19999;-0.02655;0.70256;7.82184
91;2020;4;3;0;3583.85352;17919.73828;0.19999;-0.02655;0.70270;7.82434
91;2020;4;3;0;3583.85376;17919.74023;0.19999;-0.02655;0.70276;7.82548
91;2020;4;3;0;3583.85352;17919.73828;0.19999;-0.02655;0.70271;7.82459
91;2020;4;3;0;3583.85376;17919.74023;0.19999;-0.02655;0.70262;7.82286
91;2020;4;3;0;3583.85327;17919.73828;0.19999;-0.02655;0.70253;7.82128
91;2020;4;3;0;3583.85376;17919.74023;0.19999;-0.02655;0.70249;7.82041
91;2020;4;3;0;3583.85327;17919.73828;0.19999;-0.02655;0.70244;7.81953
91;2020;4;3;0;3583.85376;17919.74023;0.19999;-0.02655;0.70236;7.81804
91;2020;4;3;0;3583.85327;17919.73828;0.19999;-0.02655;0.70226;7.81625
91;2020;4;3;0;3583.85376;17919.74023;0.19999;-0.02655;0.70220;7.81504
91;2020;4;3;0;3583.85327;17919.73828;0.19999;-0.02655;0.70215;7.81413
91;2020;4;3;0;3583.85352;17919.73828;0.19999;-0.02655;0.70207;7.81273
91;2020;4;3;0;3583.85327;17919.73828;0.19999;-0.02655;0.70198;7.81097
91;2020;4;3;0;3583.85352;17919.73828;0.19999;-0.02655;0.70190;7.80948
91;2020;4;3;0;3583.85327;17919.73828;0.19999;-0.02655;0.70184;7.80838
91;2020;4;3;0;3583.85352;17919.73828;0.19999;-0.02655;0.70178;7.80739
91;2020;4;4;0;3583.84985;17919.73242;0.19999;-0.01040;0.69544;7.69020
91;2020;4;4;0;3583.84497;17919.72266;0.19999;-0.01040;0.68540;7.50600
91;2020;4;4;0;3583.84155;17919.71680;0.19999;-0.01039;0.67930;7.39495
91;2020;4;4;0;3583.83960;17919.71289;0.19999;-0.01039;0.67563;7.32842
91;2020;4;4;0;3583.83838;17919.71094;0.19999;-0.01039;0.67303;7.28164
91;2020;4;4;0;3583.83716;17919.70898;0.19999;-0.01039;0.67102;7.24535
91;2020;4;4;0;3583.83643;17919.70703;0.19999;-0.01039;0.66945;7.21709
91;2020;4;4;0;3583.83618;17919.70703;0.19999;-0.01039;0.66837;7.19767
91;2020;4;4;0;3583.83545;17919.70508;0.19999;-0.01039;0.66741;7.18060
91;2020;4;4;0;3583.83496;17919.70508;0.19999;-0.01039;0.66661;7.16610
91;2020;4;4;0;3583.83447;17919.70312;0.19999;-0.01039;0.66595;7.15432
91;2020;4;4;0;3583.83423;17919.70312;0.19999;-0.01039;0.66541;7.14474
91;2020;4;4;0;3583.83447;17919.70312;0.19999;-0.01039;0.66508;7.13885
91;2020;4;4;0;3583.83398;17919.70312;0.19999;-0.01039;0.66488;7.13528
91;2020;4;4;0;3583.83398;17919.70312;0.19999;-0.01039;0.66479;7.13365
91;2020;4;4;0;3583.83398;17919.70312;0.19999;-0.01039;0.66454;7.12915
91;2020;4;4;0;3583.83374;17919.70312;0.19999;-0.01039;0.66413;7.12180
91;2020;4;4;0;3583.83350;17919.70117;0.19999;-0.01039;0.66360;7.11236
91;2020;4;4;0;3583.83301;17919.70117;0.19999;-0.01039;0.66323;7.10567
91;2020;4;4;0;3583.83276;17919.70117;0.19999;-0.01039;0.66307;7.10280
91;2020;4;4;0;3583.83325;17919.70117;0.19999;-0.01039;0.66320;7.10521
91;2020;4;4;0;3583.83325;17919.70117;0.19999;-0.01039;0.66347;7.11006
91;2020;4;4;0;3583.83350;17919.70117;0.19999;-0.01039;0.66370;7.11417
91;2020;4;4;0;3583.83325;17919.70117;0.19999;-0.01039;0.66367;7.11352
91;2020;4;4;0;3583.83325;17919.70117;0.19999;-0.01039;0.66340;7.10881
91;2020;4;4;0;3583.83301;17919.70117;0.19999;-0.01039;0.66299;7.10134
91;2020;4;4;0;3583.83252;17919.70117;0.19999;-0.01039;0.66249;7.09259
91;2020;4;4;0;3583.83276;17919.70117;0.19999;-0.01039;0.66193;7.08247
91;2020;4;4;0;3583.83228;17919.69922;0.19999;-0.01039;0.66140;7.07306
91;2020;4;4;0;3583.83203;17919.69922;0.19999;-0.01039;0.66101;7.06615
91;2020;4;4;0;3583.83228;17919.69922;0.19999;-0.01039;0.66079;7.06214
91;2020;4;4;0;3583.83179;17919.69922;0.19999;-0.01039;0.66075;7.06148
91;2020;4;4;0;3583.83203;17919.69922;0.19999;-0.01039;0.66088;7.06380
91;2020;4;4;0;3583.83228;17919.69922;0.19999;-0.01039;0.66088;7.06373
91;2020;4;4;0;3583.83179;17919.69922;0.19999;-0.01039;0.66065;7.05973
91;2020;4;4;0;3583.83179;17919.69922;0.19999;-0.01039;0.66041;7.05545
91;2020;4;4;0;3583.83154;17919.69922;0.19999;-0.01039;0.66023;7.05218
91;2020;4;4;0;3583.83154;17919.69922;0.19999;-0.01039;0.66013;7.05049
91;2020;4;4;0;3583.83154;17919.69922;0.19999;-0.01039;0.66008;7.04952
91;2020;4;4;0;3583.83130;17919.69727;0.19999;-0.01039;0.65973;7.04340
91;2020;4;4;0;3583.83081;17919.69727;0.19999;-0.01039;0.65903;7.03082
91;2020;4;4;0;3583.83032;17919.69531;0.19999;-0.01039;0.65816;7.01549
91;2020;4;4;0;3583.83032;17919.69531;0.19999;-0.01039;0.65725;6.99922
91;2020;4;4;0;3583.82983;17919.69531;0.19999;-0.01039;0.65648;6.98554
91;2020;4;4;0;3583.82935;17919.69531;0.19999;-0.01039;0.65602;6.97750
91;2020;4;4;0;3583.82935;17919.69531;0.19999;-0.01039;0.65573;6.97223
91;2020;4;4;0;3583.82910;17919.69531;0.19999;-0.01039;0.65553;6.96874
91;2020;4;4;0;3583.82886;17919.69531;0.19999;-0.01039;0.65550;6.96817
91;2020;4;5;0;3583.82666;17919.69141;0.19999;-0.00628;0.65156;6.89862
91;2020;4;5;0;3583.82275;17919.68359;0.19999;-0.00628;0.64392;6.76418
91;2020;4;5;0;3583.82007;17919.67969;0.19999;-0.00628;0.63880;6.67487
91;2020;4;5;0;3583.81909;17919.67773;0.19999;-0.00628;0.63587;6.62396
91;2020;4;5;0;3583.81738;17919.67383;0.19999;-0.00628;0.63306;6.57517
91;2020;4;5;0;3583.81616;17919.67188;0.19999;-0.00627;0.63075;6.53525
91;2020;4;5;0;3583.81519;17919.66992;0.19999;-0.00627;0.62885;6.50250
91;2020;4;5;0;3583.81445;17919.66797;0.19999;-0.00627;0.62731;6.47592
91;2020;4;5;0;3583.81396;17919.66797;0.19999;-0.00627;0.62591;6.45181
91;2020;4;5;0;3583.81323;17919.66602;0.19999;-0.00627;0.62480;6.43291
91;2020;4;5;0;3583.81250;17919.66602;0.19999;-0.00627;0.62403;6.41966
91;2020;4;5;0;3583.81250;17919.66602;0.19999;-0.00627;0.62342;6.40915
91;2020;4;5;0;3583.81226;17919.66406;0.19999;-0.00627;0.62295;6.40113
91;2020;4;5;0;3583.81201;17919.66406;0.19999;-0.00627;0.62259;6.39495
91;2020;4;5;0;3583.81152;17919.66406;0.19999;-0.00627;0.62232;6.39027
91;2020;4;5;0;3583.81152;17919.66406;0.19999;-0.00627;0.62210;6.38663
91;2020;4;5;0;3583.81152;17919.66406;0.19999;-0.00627;0.62195;6.38402
91;2020;4;5;0;3583.81128;17919.66211;0.19999;-0.00627;0.62182;6.38174
91;2020;4;5;0;3583.81152;17919.66406;0.19999;-0.00627;0.62173;6.38017
91;2020;4;5;0;3583.81128;17919.66211;0.19999;-0.00627;0.62162;6.37837
91;2020;4;5;0;3583.81152;17919.66406;0.19999;-0.00627;0.62152;6.37657
91;2020;4;5;0;3583.81104;17919.66211;0.19999;-0.00627;0.62138;6.37429
91;2020;4;5;0;3583.81152;17919.66406;0.19999;-0.00627;0.62126;6.37223
91;2020;4;5;0;3583.81104;17919.66211;0.19999;-0.00627;0.62113;6.36999
91;2020;4;5;0;3583.81152;17919.66406;0.19999;-0.00627;0.62099;6.36765
91;2020;4;5;0;3583.81079;17919.66211;0.19999;-0.00627;0.62083;6.36493
91;2020;4;5;0;3583.81104;17919.66211;0.19999;-0.00627;0.62069;6.36240
91;2020;4;5;0;3583.81128;17919.66211;0.19999;-0.00627;0.62056;6.36029
91;2020;4;5;0;3583.81104;17919.66211;0.19999;-0.00627;0.62047;6.35872
91;2020;4;5;0;3583.81104;17919.66211;0.19999;-0.00627;0.62037;6.35702
91;2020;4;5;0;3583.81104;17919.66211;0.19999;-0.00627;0.62024;6.35475
91;2020;4;5;0;3583.81104;17919.66211;0.19999;-0.00627;0.62007;6.35181
91;2020;4;5;0;3583.81079;17919.66211;0.19999;-0.00627;0.61988;6.34855
91;2020;4;5;0;3583.81055;17919.66211;0.19999;-0.00627;0.61968;6.34522
91;2020;4;5;0;3583.81055;17919.66211;0.19999;-0.00627;0.61947;6.34170
91;2020;4;5;0;3583.81055;17919.66211;0.19999;-0.00627;0.61922;6.33743
91;2020;4;5;0;3583.81030;17919.66016;0.19999;-0.00627;0.61895;6.33276
91;2020;4;5;0;3583.81006;17919.66016;0.19999;-0.00627;0.61873;6.32896
91;2020;4;5;0;3583.80981;17919.66016;0.19999;-0.00627;0.61855;6.32594
91;2020;4;5;0;3583.80957;17919.66016;0.19999;-0.00627;0.61835;6.32251
91;2020;4;5;0;3583.80957;17919.66016;0.19999;-0.00627;0.61810;6.31820
91;2020;4;5;0;3583.80957;17919.66016;0.19999;-0.00627;0.61786;6.31418
91;2020;4;5;0;3583.80957;17919.66016;0.19999;-0.00627;0.61778;6.31284
91;2020;4;5;0;3583.80957;17919.66016;0.19999;-0.00627;0.61783;6.31367
91;2020;4;5;0;3583.80957;17919.66016;0.19999;-0.00627;0.61781;6.31331
91;2020;4;5;0;3583.80957;17919.66016;0.19999;-0.00627;0.61790;6.31479
91;2020;4;5;0;3583.80981;17919.66016;0.19999;-0.00627;0.61834;6.32234
91;2020;4;5;0;3583.80957;17919.66016;0.19999;-0.00627;0.61854;6.32585
91;2020;4;6;0;3583.80908;17919.65820;0.19999;-0.00473;0.61711;6.30142
91;2020;4;6;0;3583.80737;17919.65625;0.19999;-0.00473;0.61397;6.24811
91;2020;4;6;0;3583.80591;17919.65234;0.19999;-0.00473;0.61095;6.19697
91;2020;4;6;0;3583.80542;17919.65234;0.19999;-0.00472;0.60929;6.16893
91;2020;4;6;0;3583.80469;17919.65039;0.19999;-0.00472;0.60822;6.15081
91;2020;4;6;0;3583.80371;17919.65039;0.19999;-0.00472;0.60703;6.13074
91;2020;4;6;0;3583.80347;17919.65039;0.19999;-0.00472;0.60584;6.11078
91;2020;4;6;0;3583.80273;17919.64844;0.19999;-0.00472;0.60487;6.09455
91;2020;4;6;0;3583.80249;17919.64844;0.19999;-0.00472;0.60419;6.08304
91;2020;4;6;0;3583.80200;17919.64844;0.19999;-0.00472;0.60364;6.07382
91;2020;4;6;0;3583.80225;17919.64844;0.19999;-0.00472;0.60325;6.06727
91;2020;4;6;0;3583.80176;17919.64648;0.19999;-0.00472;0.60285;6.06065
91;2020;4;6;0;3583.80151;17919.64648;0.19999;-0.00472;0.60249;6.05449
91;2020;4;6;0;3583.80151;17919.64648;0.19999;-0.00472;0.60219;6.04947
91;2020;4;6;0;3583.80127;17919.64648;0.19999;-0.00472;0.60184;6.04373
91;2020;4;6;0;3583.80078;17919.64453;0.19999;-0.00472;0.60154;6.03859
91;2020;4;6;0;3583.80078;17919.64453;0.19999;-0.00472;0.60133;6.03523
91;2020;4;6;0;3583.80054;17919.64453;0.19999;-0.00472;0.60119;6.03288
91;2020;4;6;0;3583.80078;17919.64453;0.19999;-0.00472;0.60106;6.03069
91;2020;4;6;0;3583.80054;17919.64453;0.19999;-0.00472;0.60089;6.02777
91;2020;4;6;0;3583.80054;17919.64453;0.19999;-0.00472;0.60074;6.02531
91;2020;4;6;0;3583.80054;17919.64453;0.19999;-0.00472;0.60075;6.02540
91;2020;4;6;0;3583.80078;17919.64453;0.19999;-0.00472;0.60098;6.02924
91;2020;4;6;0;3583.80054;17919.64453;0.19999;-0.00472;0.60117;6.03253
91;2020;4;6;0;3583.80078;17919.64453;0.19999;-0.00472;0.60107;6.03077
91;2020;4;6;0;3583.80054;17919.64453;0.19999;-0.00472;0.60091;6.02806
91;2020;4;6;0;3583.80078;17919.64453;0.19999;-0.00472;0.60086;6.02736
91;2020;4;6;0;3583.80054;17919.64453;0.19999;-0.00472;0.60078;6.02589
91;2020;4;6;0;3583.80054;17919.64453;0.19999;-0.00472;0.60059;6.02285
91;2020;4;6;0;3583.80054;17919.64453;0.19999;-0.00472;0.60038;6.01928
91;2020;4;6;0;3583.80029;17919.64453;0.19999;-0.00472;0.60021;6.01640
91;2020;4;6;0;3583.80054;17919.64453;0.19999;-0.00472;0.60006;6.01398
91;2020;4;6;0;3583.80029;17919.64453;0.19999;-0.00472;0.59987;6.01078
91;2020;4;6;0;3583.80029;17919.64453;0.19999;-0.00472;0.59960;6.00631
91;2020;4;6;0;3583.80029;17919.64453;0.19999;-0.00472;0.59946;6.00397
91;2020;4;6;0;3583.80029;17919.64453;0.19999;-0.00472;0.59959;6.00614
91;2020;4;6;0;3583.80029;17919.64453;0.19999;-0.00472;0.59958;6.00590
91;2020;4;6;0;3583.80005;17919.64453;0.19999;-0.00472;0.59925;6.00034
91;2020;4;6;0;3583.79980;17919.64258;0.19999;-0.00472;0.59903;5.99665
91;2020;4;6;0;3583.80005;17919.64453;0.19999;-0.00472;0.59900;5.99624
91;2020;4;6;0;3583.79980;17919.64258;0.19999;-0.00472;0.59898;5.99582
91;2020;4;6;0;3583.80005;17919.64453;0.19999;-0.00472;0.59892;5.99498
91;2020;4;6;0;3583.79956;17919.64258;0.19999;-0.00472;0.59885;5.99377
91;2020;4;6;0;3583.79956;17919.64258;0.19999;-0.00472;0.59872;5.99164
91;2020;4;6;0;3583.79956;17919.64258;0.19999;-0.00472;0.59850;5.98786
91;2020;4;6;0;3583.79932;17919.64258;0.19999;-0.00472;0.59828;5.98415
91;2020;4;6;0;3583.79932;17919.64258;0.19999;-0.00472;0.59809;5.98106
91;2020;4;6;0;3583.79907;17919.64258;0.19999;-0.00472;0.59783;5.97666
91;2020;4;7;0;3583.79858;17919.64062;0.19999;-0.00342;0.59639;5.95276
91;2020;4;7;0;3583.79663;17919.63672;0.19999;-0.00342;0.59335;5.90233
91;2020;4;7;0;3583.79517;17919.63477;0.19999;-0.00342;0.59075;5.85916
91;2020;4;7;0;3583.79492;17919.63477;0.19999;-0.00342;0.58952;5.83887
91;2020;4;7;0;3583.79419;17919.63281;0.19999;-0.00342;0.58825;5.81797
91;2020;4;7;0;3583.79346;17919.63086;0.19999;-0.00342;0.58674;5.79306
91;2020;4;7;0;3583.79297;17919.63086;0.19999;-0.00342;0.58562;5.77465
91;2020;4;7;0;3583.79224;17919.62891;0.19999;-0.00342;0.58472;5.75984
91;2020;4;7;0;3583.79175;17919.62891;0.19999;-0.00342;0.58410;5.74972
91;2020;4;7;0;3583.79224;17919.62891;0.19999;-0.00342;0.58399;5.74789
91;2020;4;7;0;3583.79175;17919.62891;0.19999;-0.00342;0.58412;5.75004
91;2020;4;7;0;3583.79224;17919.62891;0.19999;-0.00342;0.58396;5.74740
91;2020;4;7;0;3583.79150;17919.62891;0.19999;-0.00342;0.58350;5.73983
91;2020;4;7;0;3583.79150;17919.62891;0.19999;-0.00342;0.58306;5.73271
91;2020;4;7;0;3583.79126;17919.62695;0.19999;-0.00342;0.58268;5.72638
91;2020;4;7;0;3583.79102;17919.62695;0.19999;-0.00342;0.58231;5.72040
91;2020;4;7;0;3583.79077;17919.62695;0.19999;-0.00342;0.58205;5.71605
91;2020;4;7;0;3583.79077;17919.62695;0.19999;-0.00342;0.58184;5.71269
91;2020;4;7;0;3583.79077;17919.62695;0.19999;-0.00342;0.58164;5.70933
91;2020;4;7;0;3583.79053;17919.62695;0.19999;-0.00342;0.58150;5.70713
91;2020;4;7;0;3583.79053;17919.62695;0.19999;-0.00342;0.58157;5.70829
91;2020;4;7;0;3583.79028;17919.62500;0.19999;-0.00342;0.58153;5.70759
91;2020;4;7;0;3583.79053;17919.62695;0.19999;-0.00342;0.58119;5.70211
91;2020;4;7;0;3583.79004;17919.62500;0.19999;-0.00342;0.58097;5.69848
91;2020;4;7;0;3583.79053;17919.62695;0.19999;-0.00342;0.58085;5.69650
91;2020;4;7;0;3583.78979;17919.62500;0.19999;-0.00342;0.58055;5.69151
91;2020;4;7;0;3583.78979;17919.62500;0.19999;-0.00342;0.58013;5.68469
91;2020;4;7;0;3583.78979;17919.62500;0.19999;-0.00342;0.57969;5.67750
91;2020;4;7;0;3583.78955;17919.62500;0.19999;-0.00342;0.57932;5.67150
91;2020;4;7;0;3583.78955;17919.62500;0.19999;-0.00342;0.57915;5.66871
91;2020;4;7;0;3583.78979;17919.62500;0.19999;-0.00342;0.57924;5.67012
91;2020;4;7;0;3583.78955;17919.62500;0.19999;-0.00342;0.57927;5.67065
91;2020;4;7;0;3583.78955;17919.62500;0.19999;-0.00342;0.57898;5.66590
91;2020;4;7;0;3583.78955;17919.62500;0.19999;-0.00342;0.57879;5.66288
91;2020;4;7;0;3583.78955;17919.62500;0.19999;-0.00342;0.57894;5.66524
91;2020;4;7;0;3583.78955;17919.62500;0.19999;-0.00342;0.57896;5.66568
91;2020;4;7;0;3583.78931;17919.62500;0.19999;-0.00342;0.57868;5.66112
91;2020;4;7;0;3583.78906;17919.62305;0.19999;-0.00342;0.57839;5.65632
91;2020;4;7;0;3583.78882;17919.62305;0.19999;-0.00342;0.57817;5.65275
91;2020;4;7;0;3583.78857;17919.62305;0.19999;-0.00342;0.57795;5.64911
91;2020;4;7;0;3583.78857;17919.62305;0.19999;-0.00342;0.57780;5.64667
91;2020;4;7;0;3583.78857;17919.62305;0.19999;-0.00342;0.57779;5.64657
91;2020;4;7;0;3583.78882;17919.62305;0.19999;-0.00342;0.57805;5.65072
91;2020;4;7;0;3583.78882;17919.62305;0.19999;-0.00342;0.57838;5.65620
91;2020;4;7;0;3583.78882;17919.62305;0.19999;-0.00342;0.57831;5.65503
91;2020;4;7;0;3583.78857;17919.62305;0.19999;-0.00342;0.57792;5.64869
91;2020;4;7;0;3583.78857;17919.62305;0.19999;-0.00342;0.57759;5.64329
91;2020;4;7;0;3583.78833;17919.62305;0.19999;-0.00342;0.57729;5.63846
91;2020;4;8;0;3583.78809;17919.62109;0.19999;-0.00254;0.57615;5.61985
91;2020;4;8;0;3583.78662;17919.61914;0.19999;-0.00254;0.57385;5.58250
91;2020;4;8;0;3583.78564;17919.61719;0.19999;-0.00254;0.57169;5.54760
91;2020;4;8;0;3583.78491;17919.61523;0.19999;-0.00254;0.57040;5.52674
91;2020;4;8;0;3583.78442;17919.61523;0.19999;-0.00254;0.56928;5.50867
91;2020;4;8;0;3583.78394;17919.61328;0.19999;-0.00254;0.56800;5.48807
91;2020;4;8;0;3583.78296;17919.61328;0.19999;-0.00253;0.56703;5.47246
91;2020;4;8;0;3583.78296;17919.61328;0.19999;-0.00253;0.56659;5.46528
91;2020;4;8;0;3583.78271;17919.61133;0.19999;-0.00253;0.56626;5.45994
91;2020;4;8;0;3583.78247;17919.61133;0.19999;-0.00253;0.56558;5.44912
91;2020;4;8;0;3583.78198;17919.61133;0.19999;-0.00253;0.56484;5.43729
91;2020;4;8;0;3583.78149;17919.60938;0.19999;-0.00253;0.56464;5.43403
91;2020;4;8;0;3583.78174;17919.60938;0.19999;-0.00253;0.56469;5.43476
91;2020;4;8;0;3583.78174;17919.60938;0.19999;-0.00253;0.56433;5.42898
91;2020;4;8;0;3583.78149;17919.60938;0.19999;-0.00253;0.56386;5.42148
91;2020;4;8;0;3583.78101;17919.60938;0.19999;-0.00253;0.56335;5.41340
91;2020;4;8;0;3583.78101;17919.60938;0.19999;-0.00253;0.56243;5.39862
91;2020;4;8;0;3583.78101;17919.60938;0.19999;-0.00253;0.56243;5.39862
91;2020;4;8;0;3583.78149;17919.60938;0.19999;-0.00253;0.56332;5.41288
91;2020;4;8;0;3583.78052;17919.60742;0.19999;-0.00253;0.56278;5.40415
91;2020;4;8;0;3583.78027;17919.60742;0.19999;-0.00253;0.56170;5.38688
91;2020;4;8;0;3583.77979;17919.60742;0.19999;-0.00253;0.56125;5.37981
91;2020;4;8;0;3583.77954;17919.60742;0.19999;-0.00253;0.56059;5.36926
91;2020;4;8;0;3583.77954;17919.60742;0.19999;-0.00253;0.56007;5.36094
91;2020;4;8;0;3583.77954;17919.60742;0.19999;-0.00253;0.56035;5.36540
91;2020;4;8;0;3583.78027;17919.60742;0.19999;-0.00253;0.56155;5.38458
91;2020;4;8;0;3583.78027;17919.60742;0.19999;-0.00253;0.56204;5.39235
91;2020;4;8;0;3583.77954;17919.60742;0.19999;-0.00253;0.56066;5.37037
91;2020;4;8;0;3583.77930;17919.60742;0.19999;-0.00253;0.55984;5.35720
91;2020;4;8;0;3583.78003;17919.60742;0.19999;-0.00253;0.56058;5.36902
91;2020;4;8;0;3583.77979;17919.60742;0.19999;-0.00253;0.56091;5.37430
91;2020;4;8;0;3583.77930;17919.60742;0.19999;-0.00253;0.56044;5.36681
91;2020;4;8;0;3583.77930;17919.60742;0.19999;-0.00253;0.55933;5.34909
91;2020;4;8;0;3583.77783;17919.60547;0.19999;-0.00253;0.55677;5.30831
91;2020;4;8;0;3583.77661;17919.60156;0.19999;-0.00253;0.55473;5.27600
91;2020;4;8;0;3583.77661;17919.60156;0.19999;-0.00253;0.55463;5.27440
91;2020;4;8;0;3583.77637;17919.60156;0.19999;-0.00253;0.55433;5.26963
91;2020;4;8;0;3583.77588;17919.60156;0.19999;-0.00253;0.55366;5.25896
91;2020;4;8;0;3583.77588;17919.60156;0.19999;-0.00253;0.55348;5.25612
91;2020;4;8;0;3583.77563;17919.60156;0.19999;-0.00253;0.55337;5.25441
91;2020;4;8;0;3583.77588;17919.60156;0.19999;-0.00253;0.55335;5.25413
91;2020;4;8;0;3583.77588;17919.60156;0.19999;-0.00253;0.55346;5.25587
91;2020;4;8;0;3583.77588;17919.60156;0.19999;-0.00253;0.55362;5.25844
91;2020;4;8;0;3583.77588;17919.60156;0.19999;-0.00253;0.55375;5.26042
91;2020;4;8;0;3583.77588;17919.60156;0.19999;-0.00253;0.55372;5.26005
91;2020;4;8;0;3583.77588;17919.60156;0.19999;-0.00253;0.55360;5.25812
91;2020;4;8;0;3583.77563;17919.60156;0.19999;-0.00253;0.55342;5.25518
91;2020;4;8;0;3583.77588;17919.60156;0.19999;-0.00253;0.55321;5.25184
91;2020;4;9;0;3583.77588;17919.60156;0.19999;-0.00327;0.55337;5.25447
91;2020;4;9;0;3583.77612;17919.60156;0.19999;-0.00327;0.55380;5.26118
91;2020;4;9;0;3583.77661;17919.60156;0.19999;-0.00327;0.55428;5.26888
91;2020;4;9;0;3583.77686;17919.60352;0.19999;-0.00327;0.55479;5.27695
91;2020;4;9;0;3583.77661;17919.60156;0.19999;-0.00327;0.55477;5.27657
91;2020;4;9;0;3583.77686;17919.60352;0.19999;-0.00327;0.55456;5.27331
91;2020;4;9;0;3583.77661;17919.60156;0.19999;-0.00327;0.55452;5.27265
91;2020;4;9;0;3583.77686;17919.60352;0.19999;-0.00327;0.55440;5.27077
91;2020;4;9;0;3583.77637;17919.60156;0.19999;-0.00327;0.55430;5.26921
91;2020;4;9;0;3583.77637;17919.60156;0.19999;-0.00327;0.55422;5.26784
91;2020;4;9;0;3583.77637;17919.60156;0.19999;-0.00327;0.55413;5.26654
91;2020;4;9;0;3583.77637;17919.60156;0.19999;-0.00327;0.55408;5.26575
91;2020;4;9;0;3583.77637;17919.60156;0.19999;-0.00327;0.55406;5.26530
91;2020;4;9;0;3583.77637;17919.60156;0.19999;-0.00327;0.55406;5.26532
91;2020;4;9;0;3583.77637;17919.60156;0.19999;-0.00327;0.55406;5.26533
91;2020;4;9;0;3583.77637;17919.60156;0.19999;-0.00327;0.55405;5.26528
91;2020;4;9;0;3583.77637;17919.60156;0.19999;-0.00327;0.55403;5.26486
91;2020;4;9;0;3583.77637;17919.60156;0.19999;-0.00327;0.55397;5.26393
91;2020;4;9;0;3583.77612;17919.60156;0.19999;-0.00327;0.55389;5.26261
91;2020;4;9;0;3583.77637;17919.60156;0.19999;-0.00327;0.55382;5.26153
91;2020;4;9;0;3583.77612;17919.60156;0.19999;-0.00327;0.55375;5.26053
91;2020;4;9;0;3583.77637;17919.60156;0.19999;-0.00327;0.55364;5.25874
91;2020;4;9;0;3583.77588;17919.60156;0.19999;-0.00327;0.55343;5.25534
91;2020;4;9;0;3583.77588;17919.60156;0.19999;-0.00327;0.55313;5.25061
91;2020;4;9;0;3583.77563;17919.60156;0.19999;-0.00327;0.55282;5.24579
91;2020;4;9;0;3583.77563;17919.60156;0.19999;-0.00327;0.55259;5.24208
91;2020;4;9;0;3583.77539;17919.59961;0.19999;-0.00327;0.55245;5.23992
91;2020;4;9;0;3583.77515;17919.59961;0.19999;-0.00327;0.55239;5.23896
91;2020;4;9;0;3583.77539;17919.59961;0.19999;-0.00327;0.55235;5.23825
91;2020;4;9;0;3583.77515;17919.59961;0.19999;-0.00327;0.55229;5.23729
91;2020;4;9;0;3583.77539;17919.59961;0.19999;-0.00327;0.55222;5.23619
91;2020;4;9;0;3583.77515;17919.59961;0.19999;-0.00327;0.55214;5.23503
91;2020;4;9;0;3583.77539;17919.59961;0.19999;-0.00327;0.55206;5.23378
91;2020;4;9;0;3583.77490;17919.59961;0.19999;-0.00327;0.55198;5.23253
91;2020;4;9;0;3583.77490;17919.59961;0.19999;-0.00327;0.55191;5.23137
91;2020;4;9;0;3583.77490;17919.59961;0.19999;-0.00327;0.55184;5.23026
91;2020;4;9;0;3583.77490;17919.59961;0.19999;-0.00327;0.55177;5.22918
91;2020;4;9;0;3583.77490;17919.59961;0.19999;-0.00327;0.55171;5.22822
91;2020;4;9;0;3583.77490;17919.59961;0.19999;-0.00327;0.55168;5.22772
91;2020;4;9;0;3583.77490;17919.59961;0.19999;-0.00327;0.55170;5.22806
91;2020;4;9;0;3583.77490;17919.59961;0.19999;-0.00327;0.55176;5.22898
91;2020;4;9;0;3583.77490;17919.59961;0.19999;-0.00327;0.55180;5.22963
91;2020;4;9;0;3583.77490;17919.59961;0.19999;-0.00327;0.55179;5.22945
91;2020;4;9;0;3583.77490;17919.59961;0.19999;-0.00327;0.55173;5.22844
91;2020;4;9;0;3583.77490;17919.59961;0.19999;-0.00327;0.55164;5.22707
91;2020;4;9;0;3583.77466;17919.59961;0.19999;-0.00327;0.55155;5.22575
91;2020;4;9;0;3583.77490;17919.59961;0.19999;-0.00327;0.55147;5.22445
91;2020;4;9;0;3583.77466;17919.59961;0.19999;-0.00327;0.55139;5.22313
91;2020;4;10;0;3583.77539;17919.59961;0.19999;-0.00376;0.55203;5.23326
91;2020;4;10;0;3583.77637;17919.60156;0.19999;-0.00376;0.55340;5.25487
91;2020;4;10;0;3583.77637;17919.60156;0.19999;-0.00376;0.55465;5.27478
91;2020;4;10;0;3583.77710;17919.60352;0.19999;-0.00376;0.55576;5.29224
91;2020;4;10;0;3583.77783;17919.60547;0.19999;-0.00376;0.55654;5.30476
91;2020;4;10;0;3583.77783;17919.60547;0.19999;-0.00376;0.55710;5.31365
91;2020;4;10;0;3583.77808;17919.60547;0.19999;-0.00376;0.55756;5.32095
91;2020;4;10;0;3583.77808;17919.60547;0.19999;-0.00376;0.55784;5.32545
91;2020;4;10;0;3583.77808;17919.60547;0.19999;-0.00376;0.55805;5.32867
91;2020;4;10;0;3583.77832;17919.60547;0.19999;-0.00376;0.55817;5.33062
91;2020;4;10;0;3583.77856;17919.60547;0.19999;-0.00376;0.55825;5.33185
91;2020;4;10;0;3583.77856;17919.60547;0.19999;-0.00376;0.55829;5.33251
91;2020;4;10;0;3583.77856;17919.60547;0.19999;-0.00376;0.55830;5.33276
91;2020;4;10;0;3583.77856;17919.60547;0.19999;-0.00376;0.55830;5.33269
91;2020;4;10;0;3583.77856;17919.60547;0.19999;-0.00376;0.55829;5.33248
91;2020;4;10;0;3583.77856;17919.60547;0.19999;-0.00376;0.55830;5.33265
91;2020;4;10;0;3583.77856;17919.60547;0.19999;-0.00376;0.55837;5.33375
91;2020;4;10;0;3583.77856;17919.60547;0.19999;-0.00376;0.55847;5.33536
91;2020;4;10;0;3583.77856;17919.60547;0.19999;-0.00376;0.55851;5.33609
91;2020;4;10;0;3583.77856;17919.60547;0.19999;-0.00376;0.55847;5.33545
91;2020;4;10;0;3583.77856;17919.60547;0.19999;-0.00376;0.55839;5.33415
91;2020;4;10;0;3583.77856;17919.60547;0.19999;-0.00376;0.55830;5.33276
91;2020;4;10;0;3583.77856;17919.60547;0.19999;-0.00376;0.55821;5.33126
91;2020;4;10;0;3583.77832;17919.60547;0.19999;-0.00376;0.55812;5.32981
91;2020;4;10;0;3583.77832;17919.60547;0.19999;-0.00376;0.55806;5.32882
91;2020;4;10;0;3583.77832;17919.60547;0.19999;-0.00376;0.55805;5.32872
91;2020;4;10;0;3583.77832;17919.60547;0.19999;-0.00376;0.55807;5.32901
91;2020;4;10;0;3583.77832;17919.60547;0.19999;-0.00376;0.55804;5.32851
91;2020;4;10;0;3583.77832;17919.60547;0.19999;-0.00376;0.55795;5.32717
91;2020;4;10;0;3583.77832;17919.60547;0.19999;-0.00376;0.55789;5.32621
91;2020;4;10;0;3583.77832;17919.60547;0.19999;-0.00376;0.55787;5.32581
91;2020;4;10;0;3583.77832;17919.60547;0.19999;-0.00376;0.55782;5.32501
91;2020;4;10;0;3583.77832;17919.60547;0.19999;-0.00376;0.55769;5.32304
91;2020;4;10;0;3583.77808;17919.60547;0.19999;-0.00376;0.55748;5.31959
91;2020;4;10;0;3583.77783;17919.60547;0.19999;-0.00376;0.55721;5.31536
91;2020;4;10;0;3583.77783;17919.60547;0.19999;-0.00376;0.55700;5.31202
91;2020;4;10;0;3583.77783;17919.60547;0.19999;-0.00376;0.55688;5.31017
91;2020;4;10;0;3583.77783;17919.60547;0.19999;-0.00376;0.55681;5.30900
91;2020;4;10;0;3583.77783;17919.60547;0.19999;-0.00376;0.55675;5.30799
91;2020;4;10;0;3583.77759;17919.60352;0.19999;-0.00376;0.55669;5.30712
91;2020;4;10;0;3583.77734;17919.60352;0.19999;-0.00376;0.55664;5.30631
91;2020;4;10;0;3583.77759;17919.60352;0.19999;-0.00376;0.55659;5.30552
91;2020;4;10;0;3583.77734;17919.60352;0.19999;-0.00376;0.55654;5.30476
91;2020;4;10;0;3583.77759;17919.60352;0.19999;-0.00376;0.55650;5.30404
91;2020;4;10;0;3583.77734;17919.60352;0.19999;-0.00376;0.55645;5.30329
91;2020;4;10;0;3583.77759;17919.60352;0.19999;-0.00376;0.55640;5.30243
91;2020;4;10;0;3583.77734;17919.60352;0.19999;-0.00376;0.55634;5.30146
91;2020;4;10;0;3583.77759;17919.60352;0.19999;-0.00376;0.55627;5.30048
91;2020;4;11;0;3583.77686;17919.60352;0.19999;-0.00287;0.55511;5.28193
91;2020;4;11;0;3583.77515;17919.59961;0.19999;-0.00287;0.55253;5.24110
91;2020;4;11;0;3583.77393;17919.59766;0.19999;-0.00287;0.55004;5.20184
91;2020;4;11;0;3583.77344;17919.59570;0.19999;-0.00287;0.54838;5.17564
91;2020;4;11;0;3583.77246;17919.59570;0.19999;-0.00287;0.54733;5.15927
91;2020;4;11;0;3583.77271;17919.59570;0.19999;-0.00287;0.54645;5.14538
91;2020;4;11;0;3583.77197;17919.59375;0.19999;-0.00287;0.54566;5.13295
91;2020;4;11;0;3583.77173;17919.59375;0.19999;-0.00287;0.54504;5.12330
91;2020;4;11;0;3583.77100;17919.59180;0.19999;-0.00287;0.54451;5.11498
91;2020;4;11;0;3583.77124;17919.59180;0.19999;-0.00287;0.54408;5.10820
91;2020;4;11;0;3583.77075;17919.59180;0.19999;-0.00287;0.54372;5.10256
91;2020;4;11;0;3583.77100;17919.59180;0.19999;-0.00287;0.54342;5.09788
91;2020;4;11;0;3583.77075;17919.59180;0.19999;-0.00287;0.54316;5.09393
91;2020;4;11;0;3583.77075;17919.59180;0.19999;-0.00287;0.54295;5.09060
91;2020;4;11;0;3583.77075;17919.59180;0.19999;-0.00287;0.54278;5.08787
91;2020;4;11;0;3583.77051;17919.59180;0.19999;-0.00287;0.54263;5.08557
91;2020;4;11;0;3583.77026;17919.58984;0.19999;-0.00287;0.54250;5.08362
91;2020;4;11;0;3583.77051;17919.59180;0.19999;-0.00287;0.54239;5.08184
91;2020;4;11;0;3583.77026;17919.58984;0.19999;-0.00287;0.54229;5.08024
91;2020;4;11;0;3583.77051;17919.59180;0.19999;-0.00287;0.54219;5.07874
91;2020;4;11;0;3583.77002;17919.58984;0.19999;-0.00287;0.54211;5.07740
91;2020;4;11;0;3583.77002;17919.58984;0.19999;-0.00287;0.54203;5.07614
91;2020;4;11;0;3583.77002;17919.58984;0.19999;-0.00287;0.54195;5.07493
91;2020;4;11;0;3583.77002;17919.58984;0.19999;-0.00287;0.54186;5.07362
91;2020;4;11;0;3583.77002;17919.58984;0.19999;-0.00287;0.54178;5.07226
91;2020;4;11;0;3583.76978;17919.58984;0.19999;-0.00287;0.54169;5.07090
91;2020;4;11;0;3583.76978;17919.58984;0.19999;-0.00287;0.54161;5.06962
91;2020;4;11;0;3583.76978;17919.58984;0.19999;-0.00287;0.54153;5.06839
91;2020;4;11;0;3583.76978;17919.58984;0.19999;-0.00287;0.54145;5.06721
91;2020;4;11;0;3583.76978;17919.58984;0.19999;-0.00287;0.54138;5.06604
91;2020;4;11;0;3583.76978;17919.58984;0.19999;-0.00287;0.54131;5.06491
91;2020;4;11;0;3583.76953;17919.58984;0.19999;-0.00287;0.54123;5.06378
91;2020;4;11;0;3583.76929;17919.58984;0.19999;-0.00287;0.54116;5.06268
91;2020;4;11;0;3583.76953;17919.58984;0.19999;-0.00287;0.54109;5.06158
91;2020;4;11;0;3583.76929;17919.58984;0.19999;-0.00287;0.54102;5.06050
91;2020;4;11;0;3583.76953;17919.58984;0.19999;-0.00287;0.54095;5.05943
91;2020;4;11;0;3583.76929;17919.58984;0.19999;-0.00287;0.54089;5.05837
91;2020;4;11;0;3583.76953;17919.58984;0.19999;-0.00287;0.54082;5.05732
91;2020;4;11;0;3583.76904;17919.58789;0.19999;-0.00287;0.54075;5.05628
91;2020;4;11;0;3583.76904;17919.58789;0.19999;-0.00287;0.54069;5.05525
91;2020;4;11;0;3583.76904;17919.58789;0.19999;-0.00287;0.54062;5.05423
91;2020;4;11;0;3583.76904;17919.58789;0.19999;-0.00287;0.54056;5.05322
91;2020;4;11;0;3583.76904;17919.58789;0.19999;-0.00287;0.54049;5.05222
91;2020;4;11;0;3583.76904;17919.58789;0.19999;-0.00287;0.54043;5.05123
91;2020;4;11;0;3583.76904;17919.58789;0.19999;-0.00287;0.54036;5.05025
91;2020;4;11;0;3583.76880;17919.58789;0.19999;-0.00287;0.54030;5.04927
91;2020;4;11;0;3583.76904;17919.58789;0.19999;-0.00287;0.54024;5.04830
91;2020;4;11;0;3583.76880;17919.58789;0.19999;-0.00287;0.54018;5.04734
91;2020;4;12;0;3583.76880;17919.58789;0.19999;-0.00247;0.53922;5.03236
91;2020;4;12;0;3583.76758;17919.58594;0.19999;-0.00247;0.53705;4.99867
91;2020;4;12;0;3583.76611;17919.58398;0.19999;-0.00247;0.53505;4.96780
91;2020;4;12;0;3583.76562;17919.58203;0.19999;-0.00247;0.53370;4.94687
91;2020;4;12;0;3583.76514;17919.58203;0.19999;-0.00247;0.53255;4.92909
91;2020;4;12;0;3583.76465;17919.58008;0.19999;-0.00247;0.53150;4.91294
91;2020;4;12;0;3583.76416;17919.58008;0.19999;-0.00247;0.53062;4.89934
91;2020;4;12;0;3583.76343;17919.57812;0.19999;-0.00246;0.52989;4.88811
91;2020;4;12;0;3583.76343;17919.57812;0.19999;-0.00246;0.52926;4.87848
91;2020;4;12;0;3583.76318;17919.57812;0.19999;-0.00246;0.52874;4.87051
91;2020;4;12;0;3583.76318;17919.57812;0.19999;-0.00246;0.52830;4.86370
91;2020;4;12;0;3583.76294;17919.57812;0.19999;-0.00246;0.52793;4.85807
91;2020;4;12;0;3583.76245;17919.57617;0.19999;-0.00246;0.52764;4.85355
91;2020;4;12;0;3583.76245;17919.57617;0.19999;-0.00246;0.52741;4.85008
91;2020;4;12;0;3583.76245;17919.57617;0.19999;-0.00246;0.52724;4.84745
91;2020;4;12;0;3583.76221;17919.57617;0.19999;-0.00246;0.52710;4.84532
91;2020;4;12;0;3583.76221;17919.57617;0.19999;-0.00246;0.52699;4.84357
91;2020;4;12;0;3583.76221;17919.57617;0.19999;-0.00246;0.52688;4.84197
91;2020;4;12;0;3583.76221;17919.57617;0.19999;-0.00246;0.52678;4.84044
91;2020;4;12;0;3583.76196;17919.57617;0.19999;-0.00246;0.52667;4.83876
91;2020;4;12;0;3583.76172;17919.57422;0.19999;-0.00246;0.52655;4.83686
91;2020;4;12;0;3583.76196;17919.57617;0.19999;-0.00246;0.52641;4.83471
91;2020;4;12;0;3583.76172;17919.57422;0.19999;-0.00246;0.52626;4.83245
91;2020;4;12;0;3583.76172;17919.57422;0.19999;-0.00246;0.52612;4.83025
91;2020;4;12;0;3583.76172;17919.57422;0.19999;-0.00246;0.52599;4.82827
91;2020;4;12;0;3583.76172;17919.57422;0.19999;-0.00246;0.52587;4.82652
91;2020;4;12;0;3583.76147;17919.57422;0.19999;-0.00246;0.52577;4.82502
91;2020;4;12;0;3583.76123;17919.57422;0.19999;-0.00246;0.52569;4.82370
91;2020;4;12;0;3583.76147;17919.57422;0.19999;-0.00246;0.52561;4.82252
91;2020;4;12;0;3583.76123;17919.57422;0.19999;-0.00246;0.52554;4.82142
91;2020;4;12;0;3583.76147;17919.57422;0.19999;-0.00246;0.52547;4.82039
91;2020;4;12;0;3583.76123;17919.57422;0.19999;-0.00246;0.52541;4.81940
91;2020;4;12;0;3583.76147;17919.57422;0.19999;-0.00246;0.52534;4.81843
91;2020;4;12;0;3583.76099;17919.57422;0.19999;-0.00246;0.52528;4.81748
91;2020;4;12;0;3583.76147;17919.57422;0.19999;-0.00246;0.52522;4.81654
91;2020;4;12;0;3583.76099;17919.57422;0.19999;-0.00246;0.52516;4.81562
91;2020;4;12;0;3583.76147;17919.57422;0.19999;-0.00246;0.52510;4.81469
91;2020;4;12;0;3583.76099;17919.57422;0.19999;-0.00246;0.52504;4.81376
91;2020;4;12;0;3583.76147;17919.57422;0.19999;-0.00246;0.52497;4.81271
91;2020;4;12;0;3583.76099;17919.57422;0.19999;-0.00246;0.52487;4.81126
91;2020;4;12;0;3583.76123;17919.57422;0.19999;-0.00246;0.52474;4.80918
91;2020;4;12;0;3583.76099;17919.57422;0.19999;-0.00246;0.52457;4.80668
91;2020;4;12;0;3583.76123;17919.57422;0.19999;-0.00246;0.52442;4.80432
91;2020;4;12;0;3583.76074;17919.57227;0.19999;-0.00246;0.52430;4.80249
91;2020;4;12;0;3583.76074;17919.57227;0.19999;-0.00246;0.52421;4.80109
91;2020;4;12;0;3583.76074;17919.57227;0.19999;-0.00246;0.52413;4.79992
91;2020;4;12;0;3583.76074;17919.57227;0.19999;-0.00246;0.52406;4.79889
91;2020;4;12;0;3583.76074;17919.57227;0.19999;-0.00246;0.52400;4.79793
91;2020;4;13;0;3583.76392;17919.57812;0.19999;-0.01204;0.53033;4.89491
91;2020;4;13;0;3583.77124;17919.59180;0.19999;-0.01204;0.54404;5.10757
91;2020;4;13;0;3583.77808;17919.60547;0.19999;-0.01205;0.55702;5.31229
91;2020;4;13;0;3583.78271;17919.61133;0.19999;-0.01205;0.56651;5.46408
91;2020;4;13;0;3583.78589;17919.61719;0.19999;-0.01205;0.57253;5.56114
91;2020;4;13;0;3583.78809;17919.62109;0.19999;-0.01206;0.57720;5.63693
91;2020;4;13;0;3583.79028;17919.62500;0.19999;-0.01206;0.58117;5.70171
91;2020;4;13;0;3583.79199;17919.62891;0.19999;-0.01206;0.58399;5.74785
91;2020;4;13;0;3583.79272;17919.63086;0.19999;-0.01206;0.58618;5.78390
91;2020;4;13;0;3583.79419;17919.63281;0.19999;-0.01206;0.58791;5.81240
91;2020;4;13;0;3583.79468;17919.63477;0.19999;-0.01206;0.58924;5.83421
91;2020;4;13;0;3583.79517;17919.63477;0.19999;-0.01206;0.59028;5.85153
91;2020;4;13;0;3583.79565;17919.63672;0.19999;-0.01206;0.59105;5.86417
91;2020;4;13;0;3583.79590;17919.63672;0.19999;-0.01206;0.59164;5.87395
91;2020;4;13;0;3583.79590;17919.63672;0.19999;-0.01206;0.59204;5.88053
91;2020;4;13;0;3583.79590;17919.63672;0.19999;-0.01206;0.59235;5.88567
91;2020;4;13;0;3583.79614;17919.63672;0.19999;-0.01206;0.59256;5.88921
91;2020;4;13;0;3583.79639;17919.63672;0.19999;-0.01206;0.59275;5.89233
91;2020;4;13;0;3583.79663;17919.63672;0.19999;-0.01206;0.59289;5.89461
91;2020;4;13;0;3583.79688;17919.63867;0.19999;-0.01206;0.59302;5.89682
91;2020;4;13;0;3583.79663;17919.63672;0.19999;-0.01206;0.59313;5.89855
91;2020;4;13;0;3583.79688;17919.63867;0.19999;-0.01206;0.59323;5.90032
91;2020;4;13;0;3583.79688;17919.63867;0.19999;-0.01206;0.59332;5.90177
91;2020;4;13;0;3583.79688;17919.63867;0.19999;-0.01206;0.59341;5.90326
91;2020;4;13;0;3583.79688;17919.63867;0.19999;-0.01206;0.59349;5.90453
91;2020;4;13;0;3583.79688;17919.63867;0.19999;-0.01206;0.59356;5.90583
91;2020;4;13;0;3583.79688;17919.63867;0.19999;-0.01206;0.59363;5.90697
91;2020;4;13;0;3583.79688;17919.63867;0.19999;-0.01206;0.59370;5.90812
91;2020;4;13;0;3583.79688;17919.63867;0.19999;-0.01206;0.59376;5.90915
91;2020;4;13;0;3583.79712;17919.63867;0.19999;-0.01206;0.59383;5.91016
91;2020;4;13;0;3583.79688;17919.63867;0.19999;-0.01206;0.59388;5.91109
91;2020;4;13;0;3583.79712;17919.63867;0.19999;-0.01206;0.59394;5.91200
91;2020;4;13;0;3583.79688;17919.63867;0.19999;-0.01206;0.59399;5.91284
91;2020;4;13;0;3583.79712;17919.63867;0.19999;-0.01206;0.59404;5.91364
91;2020;4;13;0;3583.79688;17919.63867;0.19999;-0.01206;0.59408;5.91440
91;2020;4;13;0;3583.79712;17919.63867;0.19999;-0.01206;0.59412;5.91511
91;2020;4;13;0;3583.79688;17919.63867;0.19999;-0.01206;0.59417;5.91579
91;2020;4;13;0;3583.79712;17919.63867;0.19999;-0.01206;0.59420;5.91642
91;2020;4;13;0;3583.79688;17919.63867;0.19999;-0.01206;0.59424;5.91702
91;2020;4;13;0;3583.79736;17919.63867;0.19999;-0.01206;0.59427;5.91758
91;2020;4;13;0;3583.79736;17919.63867;0.19999;-0.01206;0.59431;5.91811
91;2020;4;13;0;3583.79736;17919.63867;0.19999;-0.01206;0.59433;5.91860
91;2020;4;13;0;3583.79736;17919.63867;0.19999;-0.01206;0.59436;5.91906
91;2020;4;13;0;3583.79736;17919.63867;0.19999;-0.01206;0.59439;5.91950
91;2020;4;13;0;3583.79736;17919.63867;0.19999;-0.01206;0.59441;5.91990
91;2020;4;13;0;3583.79736;17919.63867;0.19999;-0.01206;0.59444;5.92027
91;2020;4;13;0;3583.79736;17919.63867;0.19999;-0.01206;0.59446;5.92061
91;2020;4;13;0;3583.79736;17919.63867;0.19999;-0.01206;0.59448;5.92093
91;2020;4;14;0;3583.80664;17919.65430;0.19999;-0.04154;0.61113;6.19994
91;2020;4;14;0;3583.82202;17919.68359;0.19999;-0.04155;0.64155;6.72277
91;2020;4;14;0;3583.83301;17919.70117;0.19999;-0.04156;0.66250;7.09262
91;2020;4;14;0;3583.84009;17919.71484;0.19999;-0.04156;0.67607;7.33641
91;2020;4;14;0;3583.84595;17919.72461;0.19999;-0.04157;0.68832;7.55940
91;2020;4;14;0;3583.85181;17919.73633;0.19999;-0.04157;0.69880;7.75216
91;2020;4;14;0;3583.85620;17919.74219;0.19999;-0.04157;0.70797;7.92238
91;2020;4;14;0;3583.85938;17919.74805;0.19999;-0.04157;0.71424;8.03965
91;2020;4;14;0;3583.86182;17919.75195;0.20000;-0.04158;0.71839;8.11766
91;2020;4;14;0;3583.86279;17919.75391;0.20000;-0.04158;0.72063;8.16002
91;2020;4;14;0;3583.86353;17919.75586;0.20000;-0.04158;0.72204;8.18662
91;2020;4;14;0;3583.86450;17919.75781;0.20000;-0.04158;0.72304;8.20552
91;2020;4;14;0;3583.86450;17919.75781;0.20000;-0.04158;0.72381;8.22010
91;2020;4;14;0;3583.86475;17919.75781;0.20000;-0.04158;0.72435;8.23030
91;2020;4;14;0;3583.86499;17919.75781;0.20000;-0.04158;0.72467;8.23643
91;2020;4;14;0;3583.86523;17919.75977;0.20000;-0.04158;0.72507;8.24385
91;2020;4;14;0;3583.86572;17919.75977;0.20000;-0.04158;0.72534;8.24900
91;2020;4;14;0;3583.86597;17919.75977;0.20000;-0.04158;0.72567;8.25522
91;2020;4;14;0;3583.86572;17919.75977;0.20000;-0.04158;0.72604;8.26234
91;2020;4;14;0;3583.86621;17919.76172;0.20000;-0.04158;0.72637;8.26865
91;2020;4;14;0;3583.86572;17919.75977;0.20000;-0.04158;0.72643;8.26978
91;2020;4;14;0;3583.86621;17919.76172;0.20000;-0.04158;0.72644;8.26997
91;2020;4;14;0;3583.86572;17919.75977;0.20000;-0.04158;0.72637;8.26861
91;2020;4;14;0;3583.86621;17919.76172;0.20000;-0.04158;0.72634;8.26802
91;2020;4;14;0;3583.86572;17919.75977;0.20000;-0.04158;0.72646;8.27029
91;2020;4;14;0;3583.86646;17919.76172;0.20000;-0.04158;0.72664;8.27369
91;2020;4;14;0;3583.86621;17919.76172;0.20000;-0.04158;0.72681;8.27687
91;2020;4;14;0;3583.86597;17919.75977;0.20000;-0.04158;0.72695;8.27960
91;2020;4;14;0;3583.86621;17919.76172;0.20000;-0.04158;0.72703;8.28113
91;2020;4;14;0;3583.86621;17919.76172;0.20000;-0.04158;0.72726;8.28543
91;2020;4;14;0;3583.86646;17919.76172;0.20000;-0.04158;0.72786;8.29686
91;2020;4;14;0;3583.86694;17919.76172;0.20000;-0.04158;0.72833;8.30587
91;2020;4;14;0;3583.86694;17919.76172;0.20000;-0.04158;0.72840;8.30703
91;2020;4;14;0;3583.86719;17919.76172;0.20000;-0.04158;0.72847;8.30844
91;2020;4;14;0;3583.86719;17919.76172;0.20000;-0.04158;0.72862;8.31137
91;2020;4;14;0;3583.86719;17919.76172;0.20000;-0.04158;0.72863;8.31143
91;2020;4;14;0;3583.86719;17919.76172;0.20000;-0.04158;0.72861;8.31112
91;2020;4;14;0;3583.86719;17919.76172;0.20000;-0.04158;0.72863;8.31147
91;2020;4;14;0;3583.86719;17919.76172;0.20000;-0.04158;0.72875;8.31380
91;2020;4;14;0;3583.86719;17919.76172;0.20000;-0.04158;0.72890;8.31654
91;2020;4;14;0;3583.86743;17919.76367;0.20000;-0.04158;0.72903;8.31918
91;2020;4;14;0;3583.86768;17919.76367;0.20000;-0.04158;0.72920;8.32226
91;2020;4;14;0;3583.86768;17919.76367;0.20000;-0.04158;0.72956;8.32921
91;2020;4;14;0;3583.86792;17919.76367;0.20000;-0.04158;0.73027;8.34269
91;2020;4;14;0;3583.86816;17919.76367;0.20000;-0.04158;0.73090;8.35472
91;2020;4;14;0;3583.86841;17919.76562;0.20000;-0.04158;0.73116;8.35961
91;2020;4;14;0;3583.86841;17919.76562;0.20000;-0.04158;0.73145;8.36521
91;2020;4;14;0;3583.86865;17919.76562;0.20000;-0.04158;0.73181;8.37201
91;2020;4;15;0;3583.86157;17919.75195;0.20000;-0.01458;0.71892;8.12770
91;2020;4;15;0;3583.85156;17919.73633;0.19999;-0.01457;0.69877;7.75165
91;2020;4;15;0;3583.84546;17919.72461;0.19999;-0.01457;0.68699;7.53505
91;2020;4;15;0;3583.84155;17919.71680;0.19999;-0.01456;0.67928;7.39462
91;2020;4;15;0;3583.83911;17919.71289;0.19999;-0.01456;0.67460;7.30998
91;2020;4;15;0;3583.83740;17919.70898;0.19999;-0.01456;0.67121;7.24883
91;2020;4;15;0;3583.83545;17919.70508;0.19999;-0.01456;0.66815;7.19371
91;2020;4;15;0;3583.83472;17919.70508;0.19999;-0.01456;0.66624;7.15958
91;2020;4;15;0;3583.83423;17919.70312;0.19999;-0.01456;0.66468;7.13164
91;2020;4;15;0;3583.83350;17919.70117;0.19999;-0.01456;0.66372;7.11439
91;2020;4;15;0;3583.83276;17919.70117;0.19999;-0.01456;0.66302;7.10197
91;2020;4;15;0;3583.83276;17919.70117;0.19999;-0.01456;0.66242;7.09133
91;2020;4;15;0;3583.83252;17919.70117;0.19999;-0.01456;0.66194;7.08270
91;2020;4;15;0;3583.83228;17919.69922;0.19999;-0.01456;0.66138;7.07277
91;2020;4;15;0;3583.83179;17919.69922;0.19999;-0.01456;0.66093;7.06460
91;2020;4;15;0;3583.83154;17919.69922;0.19999;-0.01456;0.66065;7.05965
91;2020;4;15;0;3583.83179;17919.69922;0.19999;-0.01456;0.66054;7.05774
91;2020;4;15;0;3583.83130;17919.69727;0.19999;-0.01456;0.66030;7.05353
91;2020;4;15;0;3583.83179;17919.69922;0.19999;-0.01456;0.66014;7.05066
91;2020;4;15;0;3583.83130;17919.69727;0.19999;-0.01456;0.66001;7.04823
91;2020;4;15;0;3583.83179;17919.69922;0.19999;-0.01456;0.65993;7.04683
91;2020;4;15;0;3583.83105;17919.69727;0.19999;-0.01456;0.65985;7.04549
91;2020;4;15;0;3583.83130;17919.69727;0.19999;-0.01456;0.65978;7.04428
91;2020;4;15;0;3583.83154;17919.69922;0.19999;-0.01456;0.65965;7.04183
91;2020;4;15;0;3583.83130;17919.69727;0.19999;-0.01456;0.65953;7.03983
91;2020;4;15;0;3583.83154;17919.69922;0.19999;-0.01456;0.65940;7.03751
91;2020;4;15;0;3583.83105;17919.69727;0.19999;-0.01456;0.65930;7.03563
91;2020;4;15;0;3583.83105;17919.69727;0.19999;-0.01456;0.65918;7.03356
91;2020;4;15;0;3583.83105;17919.69727;0.19999;-0.01456;0.65909;7.03186
91;2020;4;15;0;3583.83105;17919.69727;0.19999;-0.01456;0.65898;7.03003
91;2020;4;15;0;3583.83081;17919.69727;0.19999;-0.01456;0.65890;7.02849
91;2020;4;15;0;3583.83081;17919.69727;0.19999;-0.01456;0.65881;7.02689
91;2020;4;15;0;3583.83081;17919.69727;0.19999;-0.01456;0.65873;7.02561
91;2020;4;15;0;3583.83081;17919.69727;0.19999;-0.01456;0.65869;7.02477
91;2020;4;15;0;3583.83081;17919.69727;0.19999;-0.01456;0.65872;7.02536
91;2020;4;15;0;3583.83081;17919.69727;0.19999;-0.01456;0.65886;7.02786
91;2020;4;15;0;3583.83105;17919.69727;0.19999;-0.01456;0.65909;7.03195
91;2020;4;15;0;3583.83105;17919.69727;0.19999;-0.01456;0.65930;7.03572
91;2020;4;15;0;3583.83130;17919.69727;0.19999;-0.01456;0.65942;7.03776
91;2020;4;15;0;3583.83154;17919.69922;0.19999;-0.01456;0.65943;7.03790
91;2020;4;15;0;3583.83105;17919.69727;0.19999;-0.01456;0.65938;7.03708
91;2020;4;15;0;3583.83105;17919.69727;0.19999;-0.01456;0.65931;7.03582
91;2020;4;15;0;3583.83105;17919.69727;0.19999;-0.01456;0.65923;7.03443
91;2020;4;15;0;3583.83105;17919.69727;0.19999;-0.01456;0.65915;7.03296
91;2020;4;15;0;3583.83105;17919.69727;0.19999;-0.01456;0.65907;7.03152
91;2020;4;15;0;3583.83105;17919.69727;0.19999;-0.01456;0.65899;7.03010
91;2020;4;15;0;3583.83081;17919.69727;0.19999;-0.01456;0.65891;7.02875
91;2020;4;15;0;3583.83081;17919.69727;0.19999;-0.01456;0.65884;7.02742
91;2020;4;16;0;3583.82690;17919.69141;0.19999;-0.00650;0.65167;6.90054
91;2020;4;16;0;3583.82007;17919.67969;0.19999;-0.00650;0.63857;6.67089
91;2020;4;16;0;3583.81592;17919.67188;0.19999;-0.00649;0.62996;6.52155
91;2020;4;16;0;3583.81299;17919.66602;0.19999;-0.00649;0.62475;6.43192
91;2020;4;16;0;3583.81079;17919.66211;0.19999;-0.00649;0.62039;6.35737
91;2020;4;16;0;3583.80908;17919.65820;0.19999;-0.00649;0.61697;6.29911
91;2020;4;16;0;3583.80737;17919.65625;0.19999;-0.00649;0.61390;6.24695
91;2020;4;16;0;3583.80615;17919.65430;0.19999;-0.00649;0.61141;6.20475
91;2020;4;16;0;3583.80518;17919.65234;0.19999;-0.00649;0.60941;6.17086
91;2020;4;16;0;3583.80444;17919.65039;0.19999;-0.00649;0.60794;6.14605
91;2020;4;16;0;3583.80396;17919.65039;0.19999;-0.00649;0.60649;6.12179
91;2020;4;16;0;3583.80249;17919.64844;0.19999;-0.00649;0.60455;6.08908
91;2020;4;16;0;3583.80127;17919.64648;0.19999;-0.00649;0.60192;6.04510
91;2020;4;16;0;3583.79980;17919.64258;0.19999;-0.00648;0.59928;6.00089
91;2020;4;16;0;3583.79858;17919.64062;0.19999;-0.00648;0.59717;5.96574
91;2020;4;16;0;3583.79785;17919.64062;0.19999;-0.00648;0.59559;5.93946
91;2020;4;16;0;3583.79736;17919.63867;0.19999;-0.00648;0.59461;5.92319
91;2020;4;16;0;3583.79712;17919.63867;0.19999;-0.00648;0.59396;5.91233
91;2020;4;16;0;3583.79712;17919.63867;0.19999;-0.00648;0.59349;5.90452
91;2020;4;16;0;3583.79688;17919.63867;0.19999;-0.00648;0.59319;5.89970
91;2020;4;16;0;3583.79663;17919.63672;0.19999;-0.00648;0.59327;5.90094
91;2020;4;16;0;3583.79688;17919.63867;0.19999;-0.00648;0.59341;5.90321
91;2020;4;16;0;3583.79688;17919.63867;0.19999;-0.00648;0.59335;5.90224
91;2020;4;16;0;3583.79663;17919.63672;0.19999;-0.00648;0.59326;5.90077
91;2020;4;16;0;3583.79663;17919.63672;0.19999;-0.00648;0.59323;5.90021
91;2020;4;16;0;3583.79663;17919.63672;0.19999;-0.00648;0.59311;5.89830
91;2020;4;16;0;3583.79663;17919.63672;0.19999;-0.00648;0.59299;5.89634
91;2020;4;16;0;3583.79663;17919.63672;0.19999;-0.00648;0.59290;5.89473
91;2020;4;16;0;3583.79663;17919.63672;0.19999;-0.00648;0.59288;5.89455
91;2020;4;16;0;3583.79663;17919.63672;0.19999;-0.00648;0.59288;5.89452
91;2020;4;16;0;3583.79639;17919.63672;0.19999;-0.00648;0.59281;5.89334
91;2020;4;16;0;3583.79614;17919.63672;0.19999;-0.00648;0.59279;5.89295
91;2020;4;16;0;3583.79663;17919.63672;0.19999;-0.00648;0.59281;5.89333
91;2020;4;16;0;3583.79639;17919.63672;0.19999;-0.00648;0.59271;5.89174
91;2020;4;16;0;3583.79614;17919.63672;0.19999;-0.00648;0.59253;5.88867
91;2020;4;16;0;3583.79639;17919.63672;0.19999;-0.00648;0.59238;5.88623
91;2020;4;16;0;3583.79590;17919.63672;0.19999;-0.00648;0.59230;5.88487
91;2020;4;16;0;3583.79590;17919.63672;0.19999;-0.00648;0.59225;5.88398
91;2020;4;16;0;3583.79590;17919.63672;0.19999;-0.00648;0.59217;5.88265
91;2020;4;16;0;3583.79590;17919.63672;0.19999;-0.00648;0.59205;5.88066
91;2020;4;16;0;3583.79590;17919.63672;0.19999;-0.00648;0.59192;5.87859
91;2020;4;16;0;3583.79565;17919.63672;0.19999;-0.00648;0.59182;5.87686
91;2020;4;16;0;3583.79590;17919.63672;0.19999;-0.00648;0.59173;5.87537
91;2020;4;16;0;3583.79565;17919.63672;0.19999;-0.00648;0.59162;5.87360
91;2020;4;16;0;3583.79590;17919.63672;0.19999;-0.00648;0.59146;5.87097
91;2020;4;16;0;3583.79541;17919.63477;0.19999;-0.00648;0.59125;5.86753
91;2020;4;16;0;3583.79590;17919.63672;0.19999;-0.00648;0.59105;5.86416
91;2020;4;16;0;3583.79517;17919.63477;0.19999;-0.00648;0.59090;5.86176
91;2020;4;17;0;3583.79492;17919.63477;0.19999;-0.00611;0.58991;5.84539
91;2020;4;17;0;3583.79395;17919.63281;0.19999;-0.00611;0.58747;5.80510
91;2020;4;17;0;3583.79248;17919.63086;0.19999;-0.00611;0.58523;5.76833
91;2020;4;17;0;3583.79199;17919.62891;0.19999;-0.00611;0.58398;5.74768
91;2020;4;17;0;3583.79102;17919.62695;0.19999;-0.00611;0.58267;5.72626
91;2020;4;17;0;3583.79077;17919.62695;0.19999;-0.00611;0.58137;5.70500
91;2020;4;17;0;3583.79004;17919.62500;0.19999;-0.00611;0.58028;5.68722
91;2020;4;17;0;3583.78931;17919.62500;0.19999;-0.00611;0.57922;5.66995
91;2020;4;17;0;3583.78931;17919.62500;0.19999;-0.00611;0.57840;5.65653
91;2020;4;17;0;3583.78906;17919.62305;0.19999;-0.00611;0.57793;5.64881
91;2020;4;17;0;3583.78882;17919.62305;0.19999;-0.00611;0.57785;5.64756
91;2020;4;17;0;3583.78882;17919.62305;0.19999;-0.00611;0.57777;5.64626
91;2020;4;17;0;3583.78857;17919.62305;0.19999;-0.00611;0.57734;5.63921
91;2020;4;17;0;3583.78833;17919.62305;0.19999;-0.00611;0.57707;5.63481
91;2020;4;17;0;3583.78833;17919.62305;0.19999;-0.00611;0.57716;5.63628
91;2020;4;17;0;3583.78833;17919.62305;0.19999;-0.00611;0.57726;5.63793
91;2020;4;17;0;3583.78833;17919.62305;0.19999;-0.00611;0.57723;5.63745
91;2020;4;17;0;3583.78833;17919.62305;0.19999;-0.00611;0.57708;5.63500
91;2020;4;17;0;3583.78833;17919.62305;0.19999;-0.00611;0.57694;5.63270
91;2020;4;17;0;3583.78809;17919.62109;0.19999;-0.00611;0.57684;5.63111
91;2020;4;17;0;3583.78784;17919.62109;0.19999;-0.00611;0.57662;5.62758
91;2020;4;17;0;3583.78784;17919.62109;0.19999;-0.00610;0.57625;5.62146
91;2020;4;17;0;3583.78760;17919.62109;0.19999;-0.00610;0.57591;5.61603
91;2020;4;17;0;3583.78735;17919.62109;0.19999;-0.00610;0.57569;5.61236
91;2020;4;17;0;3583.78735;17919.62109;0.19999;-0.00610;0.57541;5.60781
91;2020;4;17;0;3583.78735;17919.62109;0.19999;-0.00610;0.57507;5.60228
91;2020;4;17;0;3583.78711;17919.61914;0.19999;-0.00610;0.57483;5.59842
91;2020;4;17;0;3583.78735;17919.62109;0.19999;-0.00610;0.57473;5.59674
91;2020;4;17;0;3583.78711;17919.61914;0.19999;-0.00610;0.57470;5.59638
91;2020;4;17;0;3583.78735;17919.62109;0.19999;-0.00610;0.57484;5.59856
91;2020;4;17;0;3583.78735;17919.62109;0.19999;-0.00610;0.57521;5.60466
91;2020;4;17;0;3583.78760;17919.62109;0.19999;-0.00610;0.57552;5.60964
91;2020;4;17;0;3583.78711;17919.61914;0.19999;-0.00610;0.57547;5.60889
91;2020;4;17;0;3583.78760;17919.62109;0.19999;-0.00610;0.57531;5.60616
91;2020;4;17;0;3583.78711;17919.61914;0.19999;-0.00610;0.57512;5.60320
91;2020;4;17;0;3583.78735;17919.62109;0.19999;-0.00610;0.57495;5.60036
91;2020;4;17;0;3583.78711;17919.61914;0.19999;-0.00610;0.57500;5.60113
91;2020;4;17;0;3583.78760;17919.62109;0.19999;-0.00610;0.57506;5.60209
91;2020;4;17;0;3583.78687;17919.61914;0.19999;-0.00610;0.57490;5.59955
91;2020;4;17;0;3583.78711;17919.61914;0.19999;-0.00610;0.57474;5.59699
91;2020;4;17;0;3583.78735;17919.62109;0.19999;-0.00610;0.57462;5.59498
91;2020;4;17;0;3583.78687;17919.61914;0.19999;-0.00610;0.57447;5.59261
91;2020;4;17;0;3583.78687;17919.61914;0.19999;-0.00610;0.57441;5.59156
91;2020;4;17;0;3583.78687;17919.61914;0.19999;-0.00610;0.57435;5.59061
91;2020;4;17;0;3583.78687;17919.61914;0.19999;-0.00610;0.57415;5.58743
91;2020;4;17;0;3583.78662;17919.61914;0.19999;-0.00610;0.57381;5.58182
91;2020;4;17;0;3583.78638;17919.61914;0.19999;-0.00610;0.57340;5.57524
91;2020;4;17;0;3583.78589;17919.61719;0.19999;-0.00610;0.57306;5.56976
91;2020;4;18;0;3583.78589;17919.61719;0.19999;-0.00472;0.57210;5.55426
91;2020;4;18;0;3583.78491;17919.61523;0.19999;-0.00472;0.57004;5.52083
91;2020;4;18;0;3583.78320;17919.61328;0.19999;-0.00472;0.56755;5.48073
91;2020;4;18;0;3583.78223;17919.61133;0.19999;-0.00471;0.56554;5.44843
91;2020;4;18;0;3583.78149;17919.60938;0.19999;-0.00471;0.56414;5.42594
91;2020;4;18;0;3583.78101;17919.60938;0.19999;-0.00471;0.56289;5.40592
91;2020;4;18;0;3583.78027;17919.60742;0.19999;-0.00471;0.56151;5.38396
91;2020;4;18;0;3583.77979;17919.60742;0.19999;-0.00471;0.56035;5.36535
91;2020;4;18;0;3583.77930;17919.60742;0.19999;-0.00471;0.55967;5.35450
91;2020;4;18;0;3583.77905;17919.60742;0.19999;-0.00471;0.55937;5.34979
91;2020;4;18;0;3583.77881;17919.60742;0.19999;-0.00471;0.55917;5.34659
91;2020;4;18;0;3583.77881;17919.60742;0.19999;-0.00471;0.55883;5.34113
91;2020;4;18;0;3583.77881;17919.60742;0.19999;-0.00471;0.55873;5.33960
91;2020;4;18;0;3583.77881;17919.60742;0.19999;-0.00471;0.55871;5.33921
91;2020;4;18;0;3583.77856;17919.60547;0.19999;-0.00471;0.55833;5.33318
91;2020;4;18;0;3583.77856;17919.60547;0.19999;-0.00471;0.55795;5.32707
91;2020;4;18;0;3583.77856;17919.60547;0.19999;-0.00471;0.55778;5.32437
91;2020;4;18;0;3583.77856;17919.60547;0.19999;-0.00471;0.55784;5.32540
91;2020;4;18;0;3583.77856;17919.60547;0.19999;-0.00471;0.55806;5.32886
91;2020;4;18;0;3583.77856;17919.60547;0.19999;-0.00471;0.55797;5.32742
91;2020;4;18;0;3583.77832;17919.60547;0.19999;-0.00471;0.55746;5.31939
91;2020;4;18;0;3583.77759;17919.60352;0.19999;-0.00471;0.55673;5.30769
91;2020;4;18;0;3583.77734;17919.60352;0.19999;-0.00471;0.55613;5.29817
91;2020;4;18;0;3583.77710;17919.60352;0.19999;-0.00471;0.55594;5.29520
91;2020;4;18;0;3583.77734;17919.60352;0.19999;-0.00471;0.55581;5.29311
91;2020;4;18;0;3583.77686;17919.60352;0.19999;-0.00471;0.55556;5.28917
91;2020;4;18;0;3583.77734;17919.60352;0.19999;-0.00471;0.55538;5.28631
91;2020;4;18;0;3583.77661;17919.60156;0.19999;-0.00471;0.55521;5.28353
91;2020;4;18;0;3583.77710;17919.60352;0.19999;-0.00471;0.55542;5.28690
91;2020;4;18;0;3583.77759;17919.60352;0.19999;-0.00471;0.55646;5.30341
91;2020;4;18;0;3583.77783;17919.60547;0.19999;-0.00471;0.55719;5.31502
91;2020;4;18;0;3583.77734;17919.60352;0.19999;-0.00471;0.55668;5.30694
91;2020;4;18;0;3583.77710;17919.60352;0.19999;-0.00471;0.55607;5.29730
91;2020;4;18;0;3583.77734;17919.60352;0.19999;-0.00471;0.55582;5.29333
91;2020;4;18;0;3583.77686;17919.60352;0.19999;-0.00471;0.55543;5.28702
91;2020;4;18;0;3583.77710;17919.60352;0.19999;-0.00471;0.55507;5.28136
91;2020;4;18;0;3583.77686;17919.60352;0.19999;-0.00471;0.55516;5.28274
91;2020;4;18;0;3583.77759;17919.60352;0.19999;-0.00471;0.55599;5.29590
91;2020;4;18;0;3583.77759;17919.60352;0.19999;-0.00471;0.55644;5.30308
91;2020;4;18;0;3583.77710;17919.60352;0.19999;-0.00471;0.55558;5.28949
91;2020;4;18;0;3583.77686;17919.60352;0.19999;-0.00471;0.55508;5.28152
91;2020;4;18;0;3583.77734;17919.60352;0.19999;-0.00471;0.55565;5.29052
91;2020;4;18;0;3583.77710;17919.60352;0.19999;-0.00471;0.55580;5.29296
91;2020;4;18;0;3583.77710;17919.60352;0.19999;-0.00471;0.55536;5.28601
91;2020;4;18;0;3583.77661;17919.60156;0.19999;-0.00471;0.55455;5.27313
91;2020;4;18;0;3583.77563;17919.60156;0.19999;-0.00471;0.55266;5.24321
91;2020;4;18;0;3583.77466;17919.59961;0.19999;-0.00471;0.55117;5.21965
91;2020;4;18;0;3583.77515;17919.59961;0.19999;-0.00471;0.55125;5.22088
91;2020;4;19;0;3583.77490;17919.59961;0.19999;-0.00512;0.55134;5.22228
91;2020;4;19;0;3583.77441;17919.59766;0.19999;-0.00512;0.55088;5.21504
91;2020;4;19;0;3583.77441;17919.59766;0.19999;-0.00511;0.55066;5.21161
91;2020;4;19;0;3583.77441;17919.59766;0.19999;-0.00511;0.55068;5.21196
91;2020;4;19;0;3583.77417;17919.59766;0.19999;-0.00511;0.55042;5.20791
91;2020;4;19;0;3583.77417;17919.59766;0.19999;-0.00511;0.55013;5.20322
91;2020;4;19;0;3583.77417;17919.59766;0.19999;-0.00511;0.55005;5.20196
91;2020;4;19;0;3583.77417;17919.59766;0.19999;-0.00511;0.55000;5.20122
91;2020;4;19;0;3583.77417;17919.59766;0.19999;-0.00511;0.54999;5.20104
91;2020;4;19;0;3583.77417;17919.59766;0.19999;-0.00511;0.55000;5.20127
91;2020;4;19;0;3583.77417;17919.59766;0.19999;-0.00511;0.55002;5.20157
91;2020;4;19;0;3583.77417;17919.59766;0.19999;-0.00511;0.55006;5.20216
91;2020;4;19;0;3583.77417;17919.59766;0.19999;-0.00511;0.55011;5.20294
91;2020;4;19;0;3583.77417;17919.59766;0.19999;-0.00511;0.55016;5.20370
91;2020;4;19;0;3583.77441;17919.59766;0.19999;-0.00511;0.55017;5.20389
91;2020;4;19;0;3583.77393;17919.59766;0.19999;-0.00511;0.55016;5.20370
91;2020;4;19;0;3583.77441;17919.59766;0.19999;-0.00511;0.55015;5.20351
91;2020;4;19;0;3583.77393;17919.59766;0.19999;-0.00511;0.55013;5.20325
91;2020;4;19;0;3583.77441;17919.59766;0.19999;-0.00511;0.55011;5.20288
91;2020;4;19;0;3583.77393;17919.59766;0.19999;-0.00511;0.55008;5.20249
91;2020;4;19;0;3583.77441;17919.59766;0.19999;-0.00511;0.55005;5.20205
91;2020;4;19;0;3583.77393;17919.59766;0.19999;-0.00511;0.55002;5.20159
91;2020;4;19;0;3583.77441;17919.59766;0.19999;-0.00511;0.54999;5.20109
91;2020;4;19;0;3583.77393;17919.59766;0.19999;-0.00511;0.54996;5.20058
91;2020;4;19;0;3583.77441;17919.59766;0.19999;-0.00511;0.54993;5.20011
91;2020;4;19;0;3583.77393;17919.59766;0.19999;-0.00511;0.54992;5.19997
91;2020;4;19;0;3583.77441;17919.59766;0.19999;-0.00511;0.54996;5.20051
91;2020;4;19;0;3583.77393;17919.59766;0.19999;-0.00511;0.55002;5.20149
91;2020;4;19;0;3583.77441;17919.59766;0.19999;-0.00511;0.55005;5.20207
91;2020;4;19;0;3583.77393;17919.59766;0.19999;-0.00511;0.55004;5.20189
91;2020;4;19;0;3583.77441;17919.59766;0.19999;-0.00511;0.55001;5.20134
91;2020;4;19;0;3583.77393;17919.59766;0.19999;-0.00511;0.54997;5.20072
91;2020;4;19;0;3583.77441;17919.59766;0.19999;-0.00511;0.54992;5.20001
91;2020;4;19;0;3583.77393;17919.59766;0.19999;-0.00511;0.54988;5.19927
91;2020;4;19;0;3583.77441;17919.59766;0.19999;-0.00511;0.54983;5.19851
91;2020;4;19;0;3583.77393;17919.59766;0.19999;-0.00511;0.54978;5.19774
91;2020;4;19;0;3583.77441;17919.59766;0.19999;-0.00511;0.54973;5.19696
91;2020;4;19;0;3583.77368;17919.59766;0.19999;-0.00511;0.54968;5.19618
91;2020;4;19;0;3583.77393;17919.59766;0.19999;-0.00511;0.54963;5.19540
91;2020;4;19;0;3583.77417;17919.59766;0.19999;-0.00511;0.54958;5.19461
91;2020;4;19;0;3583.77393;17919.59766;0.19999;-0.00511;0.54953;5.19383
91;2020;4;19;0;3583.77417;17919.59766;0.19999;-0.00511;0.54948;5.19304
91;2020;4;19;0;3583.77393;17919.59766;0.19999;-0.00511;0.54943;5.19225
91;2020;4;19;0;3583.77417;17919.59766;0.19999;-0.00511;0.54938;5.19146
91;2020;4;19;0;3583.77393;17919.59766;0.19999;-0.00511;0.54933;5.19067
91;2020;4;19;0;3583.77417;17919.59766;0.19999;-0.00511;0.54928;5.18987
91;2020;4;19;0;3583.77368;17919.59766;0.19999;-0.00511;0.54923;5.18908
91;2020;4;19;0;3583.77368;17919.59766;0.19999;-0.00511;0.54918;5.18829
91;2020;4;20;0;3583.77417;17919.59766;0.19999;-0.00693;0.55049;5.20893
91;2020;4;20;0;3583.77588;17919.60156;0.19999;-0.00693;0.55303;5.24907
91;2020;4;20;0;3583.77686;17919.60352;0.19999;-0.00693;0.55504;5.28092
91;2020;4;20;0;3583.77759;17919.60352;0.19999;-0.00693;0.55647;5.30360
91;2020;4;20;0;3583.77808;17919.60547;0.19999;-0.00693;0.55746;5.31937
91;2020;4;20;0;3583.77856;17919.60547;0.19999;-0.00694;0.55819;5.33099
91;2020;4;20;0;3583.77881;17919.60742;0.19999;-0.00694;0.55886;5.34169
91;2020;4;20;0;3583.77881;17919.60742;0.19999;-0.00694;0.55939;5.35007
91;2020;4;20;0;3583.77905;17919.60742;0.19999;-0.00694;0.55985;5.35746
91;2020;4;20;0;3583.77954;17919.60742;0.19999;-0.00694;0.56023;5.36348
91;2020;4;20;0;3583.77979;17919.60742;0.19999;-0.00694;0.56053;5.36818
91;2020;4;20;0;3583.77979;17919.60742;0.19999;-0.00694;0.56074;5.37165
91;2020;4;20;0;3583.77979;17919.60742;0.19999;-0.00694;0.56089;5.37394
91;2020;4;20;0;3583.78003;17919.60742;0.19999;-0.00694;0.56098;5.37544
91;2020;4;20;0;3583.78027;17919.60742;0.19999;-0.00694;0.56103;5.37621
91;2020;4;20;0;3583.78003;17919.60742;0.19999;-0.00694;0.56105;5.37661
91;2020;4;20;0;3583.78027;17919.60742;0.19999;-0.00694;0.56105;5.37661
91;2020;4;20;0;3583.78003;17919.60742;0.19999;-0.00694;0.56105;5.37647
91;2020;4;20;0;3583.78027;17919.60742;0.19999;-0.00694;0.56102;5.37611
91;2020;4;20;0;3583.78003;17919.60742;0.19999;-0.00694;0.56100;5.37571
91;2020;4;20;0;3583.78027;17919.60742;0.19999;-0.00694;0.56096;5.37518
91;2020;4;20;0;3583.77979;17919.60742;0.19999;-0.00694;0.56093;5.37464
91;2020;4;20;0;3583.77979;17919.60742;0.19999;-0.00694;0.56089;5.37397
91;2020;4;20;0;3583.77979;17919.60742;0.19999;-0.00694;0.56084;5.37318
91;2020;4;20;0;3583.77979;17919.60742;0.19999;-0.00694;0.56077;5.37208
91;2020;4;20;0;3583.77979;17919.60742;0.19999;-0.00694;0.56069;5.37073
91;2020;4;20;0;3583.77979;17919.60742;0.19999;-0.00694;0.56059;5.36913
91;2020;4;20;0;3583.77954;17919.60742;0.19999;-0.00694;0.56048;5.36744
91;2020;4;20;0;3583.77954;17919.60742;0.19999;-0.00694;0.56038;5.36579
91;2020;4;20;0;3583.77954;17919.60742;0.19999;-0.00694;0.56028;5.36432
91;2020;4;20;0;3583.77954;17919.60742;0.19999;-0.00694;0.56020;5.36302
91;2020;4;20;0;3583.77954;17919.60742;0.19999;-0.00694;0.56013;5.36190
91;2020;4;20;0;3583.77954;17919.60742;0.19999;-0.00694;0.56007;5.36090
91;2020;4;20;0;3583.77930;17919.60742;0.19999;-0.00694;0.56001;5.35998
91;2020;4;20;0;3583.77905;17919.60742;0.19999;-0.00694;0.55996;5.35912
91;2020;4;20;0;3583.77930;17919.60742;0.19999;-0.00694;0.55991;5.35831
91;2020;4;20;0;3583.77905;17919.60742;0.19999;-0.00694;0.55986;5.35750
91;2020;4;20;0;3583.77930;17919.60742;0.19999;-0.00694;0.55981;5.35672
91;2020;4;20;0;3583.77905;17919.60742;0.19999;-0.00694;0.55976;5.35594
91;2020;4;20;0;3583.77930;17919.60742;0.19999;-0.00694;0.55971;5.35518
91;2020;4;20;0;3583.77905;17919.60742;0.19999;-0.00694;0.55966;5.35441
91;2020;4;20;0;3583.77930;17919.60742;0.19999;-0.00694;0.55962;5.35365
91;2020;4;20;0;3583.77905;17919.60742;0.19999;-0.00694;0.55957;5.35289
91;2020;4;20;0;3583.77905;17919.60742;0.19999;-0.00694;0.55952;5.35221
91;2020;4;20;0;3583.77905;17919.60742;0.19999;-0.00694;0.55951;5.35190
91;2020;4;20;0;3583.77905;17919.60742;0.19999;-0.00694;0.55953;5.35237
91;2020;4;20;0;3583.77930;17919.60742;0.19999;-0.00694;0.55960;5.35333
91;2020;4;20;0;3583.77905;17919.60742;0.19999;-0.00694;0.55963;5.35383
91;2020;4;21;0;3583.78101;17919.60938;0.19999;-0.01598;0.56306;5.40862
91;2020;4;21;0;3583.78418;17919.61523;0.19999;-0.01598;0.56947;5.51172
91;2020;4;21;0;3583.78711;17919.61914;0.19999;-0.01598;0.57485;5.59872
91;2020;4;21;0;3583.78882;17919.62305;0.19999;-0.01598;0.57870;5.66143
91;2020;4;21;0;3583.79053;17919.62695;0.19999;-0.01598;0.58191;5.71385
91;2020;4;21;0;3583.79272;17919.63086;0.19999;-0.01598;0.58508;5.76580
91;2020;4;21;0;3583.79395;17919.63281;0.19999;-0.01599;0.58817;5.81671
91;2020;4;21;0;3583.79565;17919.63672;0.19999;-0.01599;0.59081;5.86015
91;2020;4;21;0;3583.79663;17919.63672;0.19999;-0.01599;0.59290;5.89481
91;2020;4;21;0;3583.79712;17919.63867;0.19999;-0.01599;0.59448;5.92100
91;2020;4;21;0;3583.79761;17919.63867;0.19999;-0.01599;0.59558;5.93927
91;2020;4;21;0;3583.79834;17919.64062;0.19999;-0.01599;0.59635;5.95215
91;2020;4;21;0;3583.79834;17919.64062;0.19999;-0.01599;0.59683;5.96013
91;2020;4;21;0;3583.79858;17919.64062;0.19999;-0.01599;0.59717;5.96573
91;2020;4;21;0;3583.79883;17919.64258;0.19999;-0.01599;0.59736;5.96885
91;2020;4;21;0;3583.79858;17919.64062;0.19999;-0.01599;0.59749;5.97104
91;2020;4;21;0;3583.79883;17919.64258;0.19999;-0.01599;0.59752;5.97152
91;2020;4;21;0;3583.79858;17919.64062;0.19999;-0.01599;0.59751;5.97132
91;2020;4;21;0;3583.79883;17919.64258;0.19999;-0.01599;0.59745;5.97031
91;2020;4;21;0;3583.79858;17919.64062;0.19999;-0.01599;0.59742;5.96993
91;2020;4;21;0;3583.79883;17919.64258;0.19999;-0.01599;0.59742;5.96991
91;2020;4;21;0;3583.79858;17919.64062;0.19999;-0.01599;0.59746;5.97052
91;2020;4;21;0;3583.79883;17919.64258;0.19999;-0.01599;0.59749;5.97106
91;2020;4;21;0;3583.79858;17919.64062;0.19999;-0.01599;0.59753;5.97177
91;2020;4;21;0;3583.79907;17919.64258;0.19999;-0.01599;0.59756;5.97231
91;2020;4;21;0;3583.79907;17919.64258;0.19999;-0.01599;0.59760;5.97289
91;2020;4;21;0;3583.79907;17919.64258;0.19999;-0.01599;0.59762;5.97331
91;2020;4;21;0;3583.79907;17919.64258;0.19999;-0.01599;0.59765;5.97374
91;2020;4;21;0;3583.79907;17919.64258;0.19999;-0.01599;0.59767;5.97404
91;2020;4;21;0;3583.79907;17919.64258;0.19999;-0.01599;0.59769;5.97434
91;2020;4;21;0;3583.79907;17919.64258;0.19999;-0.01599;0.59770;5.97455
91;2020;4;21;0;3583.79907;17919.64258;0.19999;-0.01599;0.59771;5.97473
91;2020;4;21;0;3583.79907;17919.64258;0.19999;-0.01599;0.59775;5.97539
91;2020;4;21;0;3583.79907;17919.64258;0.19999;-0.01599;0.59787;5.97733
91;2020;4;21;0;3583.79907;17919.64258;0.19999;-0.01599;0.59790;5.97790
91;2020;4;21;0;3583.79907;17919.64258;0.19999;-0.01599;0.59788;5.97757
91;2020;4;21;0;3583.79907;17919.64258;0.19999;-0.01599;0.59790;5.97784
91;2020;4;21;0;3583.79907;17919.64258;0.19999;-0.01599;0.59789;5.97766
91;2020;4;21;0;3583.79907;17919.64258;0.19999;-0.01599;0.59790;5.97788
91;2020;4;21;0;3583.79907;17919.64258;0.19999;-0.01599;0.59792;5.97816
91;2020;4;21;0;3583.79907;17919.64258;0.19999;-0.01599;0.59796;5.97889
91;2020;4;21;0;3583.79907;17919.64258;0.19999;-0.01599;0.59801;5.97967
91;2020;4;21;0;3583.79932;17919.64258;0.19999;-0.01599;0.59804;5.98027
91;2020;4;21;0;3583.79932;17919.64258;0.19999;-0.01599;0.59806;5.98060
91;2020;4;21;0;3583.79932;17919.64258;0.19999;-0.01599;0.59807;5.98071
91;2020;4;21;0;3583.79932;17919.64258;0.19999;-0.01599;0.59807;5.98077
91;2020;4;21;0;3583.79932;17919.64258;0.19999;-0.01599;0.59807;5.98068
91;2020;4;21;0;3583.79932;17919.64258;0.19999;-0.01599;0.59806;5.98059
91;2020;4;22;0;3583.79736;17919.63867;0.19999;-0.00836;0.59506;5.93070
91;2020;4;22;0;3583.79492;17919.63477;0.19999;-0.00836;0.59012;5.84882
91;2020;4;22;0;3583.79297;17919.63086;0.19999;-0.00836;0.58643;5.78797
91;2020;4;22;0;3583.79175;17919.62891;0.19999;-0.00836;0.58391;5.74659
91;2020;4;22;0;3583.79102;17919.62695;0.19999;-0.00836;0.58231;5.72041
91;2020;4;22;0;3583.79004;17919.62500;0.19999;-0.00836;0.58078;5.69527
91;2020;4;22;0;3583.78931;17919.62500;0.19999;-0.00836;0.57922;5.66987
91;2020;4;22;0;3583.78857;17919.62305;0.19999;-0.00836;0.57790;5.64837
91;2020;4;22;0;3583.78809;17919.62109;0.19999;-0.00836;0.57681;5.63062
91;2020;4;22;0;3583.78760;17919.62109;0.19999;-0.00836;0.57594;5.61653
91;2020;4;22;0;3583.78711;17919.61914;0.19999;-0.00836;0.57531;5.60615
91;2020;4;22;0;3583.78687;17919.61914;0.19999;-0.00836;0.57482;5.59824
91;2020;4;22;0;3583.78687;17919.61914;0.19999;-0.00836;0.57448;5.59268
91;2020;4;22;0;3583.78687;17919.61914;0.19999;-0.00836;0.57421;5.58832
91;2020;4;22;0;3583.78662;17919.61914;0.19999;-0.00836;0.57401;5.58520
91;2020;4;22;0;3583.78687;17919.61914;0.19999;-0.00836;0.57385;5.58256
91;2020;4;22;0;3583.78662;17919.61914;0.19999;-0.00836;0.57374;5.58077
91;2020;4;22;0;3583.78687;17919.61914;0.19999;-0.00836;0.57366;5.57946
91;2020;4;22;0;3583.78638;17919.61914;0.19999;-0.00836;0.57362;5.57875
91;2020;4;22;0;3583.78638;17919.61914;0.19999;-0.00836;0.57356;5.57780
91;2020;4;22;0;3583.78638;17919.61914;0.19999;-0.00836;0.57349;5.57672
91;2020;4;22;0;3583.78638;17919.61914;0.19999;-0.00836;0.57342;5.57558
91;2020;4;22;0;3583.78638;17919.61914;0.19999;-0.00836;0.57338;5.57494
91;2020;4;22;0;3583.78638;17919.61914;0.19999;-0.00836;0.57337;5.57469
91;2020;4;22;0;3583.78638;17919.61914;0.19999;-0.00836;0.57337;5.57473
91;2020;4;22;0;3583.78638;17919.61914;0.19999;-0.00836;0.57335;5.57448
91;2020;4;22;0;3583.78638;17919.61914;0.19999;-0.00836;0.57331;5.57379
91;2020;4;22;0;3583.78638;17919.61914;0.19999;-0.00836;0.57324;5.57257
91;2020;4;22;0;3583.78613;17919.61914;0.19999;-0.00836;0.57314;5.57102
91;2020;4;22;0;3583.78613;17919.61914;0.19999;-0.00836;0.57302;5.56915
91;2020;4;22;0;3583.78613;17919.61914;0.19999;-0.00836;0.57291;5.56723
91;2020;4;22;0;3583.78613;17919.61914;0.19999;-0.00836;0.57279;5.56536
91;2020;4;22;0;3583.78613;17919.61914;0.19999;-0.00836;0.57269;5.56372
91;2020;4;22;0;3583.78589;17919.61719;0.19999;-0.00836;0.57260;5.56226
91;2020;4;22;0;3583.78564;17919.61719;0.19999;-0.00836;0.57252;5.56101
91;2020;4;22;0;3583.78589;17919.61719;0.19999;-0.00836;0.57245;5.55987
91;2020;4;22;0;3583.78564;17919.61719;0.19999;-0.00836;0.57239;5.55885
91;2020;4;22;0;3583.78589;17919.61719;0.19999;-0.00836;0.57233;5.55788
91;2020;4;22;0;3583.78564;17919.61719;0.19999;-0.00836;0.57227;5.55697
91;2020;4;22;0;3583.78589;17919.61719;0.19999;-0.00836;0.57222;5.55610
91;2020;4;22;0;3583.78540;17919.61719;0.19999;-0.00836;0.57218;5.55543
91;2020;4;22;0;3583.78540;17919.61719;0.19999;-0.00836;0.57216;5.55508
91;2020;4;22;0;3583.78540;17919.61719;0.19999;-0.00836;0.57215;5.55492
91;2020;4;22;0;3583.78540;17919.61719;0.19999;-0.00836;0.57212;5.55453
91;2020;4;22;0;3583.78540;17919.61719;0.19999;-0.00836;0.57208;5.55379
91;2020;4;22;0;3583.78540;17919.61719;0.19999;-0.00836;0.57202;5.55290
91;2020;4;22;0;3583.78540;17919.61719;0.19999;-0.00836;0.57197;5.55200
91;2020;4;22;0;3583.78540;17919.61719;0.19999;-0.00836;0.57191;5.55110
91;2020;4;23;0;3583.78442;17919.61523;0.19999;-0.00517;0.56971;5.51561
91;2020;4;23;0;3583.78223;17919.61133;0.19999;-0.00517;0.56549;5.44769
91;2020;4;23;0;3583.78052;17919.60742;0.19999;-0.00516;0.56201;5.39195
91;2020;4;23;0;3583.77905;17919.60742;0.19999;-0.00516;0.55944;5.35085
91;2020;4;23;0;3583.77759;17919.60352;0.19999;-0.00516;0.55723;5.31571
91;2020;4;23;0;3583.77686;17919.60352;0.19999;-0.00516;0.55523;5.28386
91;2020;4;23;0;3583.77612;17919.60156;0.19999;-0.00516;0.55343;5.25540
91;2020;4;23;0;3583.77515;17919.59961;0.19999;-0.00516;0.55197;5.23224
91;2020;4;23;0;3583.77441;17919.59766;0.19999;-0.00516;0.55077;5.21338
91;2020;4;23;0;3583.77417;17919.59766;0.19999;-0.00516;0.54981;5.19817
91;2020;4;23;0;3583.77368;17919.59766;0.19999;-0.00516;0.54901;5.18561
91;2020;4;23;0;3583.77344;17919.59570;0.19999;-0.00516;0.54836;5.17547
91;2020;4;23;0;3583.77295;17919.59570;0.19999;-0.00516;0.54788;5.16780
91;2020;4;23;0;3583.77319;17919.59570;0.19999;-0.00516;0.54752;5.16217
91;2020;4;23;0;3583.77271;17919.59570;0.19999;-0.00516;0.54730;5.15869
91;2020;4;23;0;3583.77271;17919.59570;0.19999;-0.00516;0.54716;5.15652
91;2020;4;23;0;3583.77271;17919.59570;0.19999;-0.00516;0.54704;5.15469
91;2020;4;23;0;3583.77246;17919.59570;0.19999;-0.00516;0.54685;5.15171
91;2020;4;23;0;3583.77271;17919.59570;0.19999;-0.00516;0.54660;5.14771
91;2020;4;23;0;3583.77222;17919.59375;0.19999;-0.00516;0.54631;5.14324
91;2020;4;23;0;3583.77222;17919.59375;0.19999;-0.00516;0.54606;5.13929
91;2020;4;23;0;3583.77197;17919.59375;0.19999;-0.00516;0.54586;5.13613
91;2020;4;23;0;3583.77197;17919.59375;0.19999;-0.00516;0.54574;5.13421
91;2020;4;23;0;3583.77197;17919.59375;0.19999;-0.00516;0.54567;5.13310
91;2020;4;23;0;3583.77197;17919.59375;0.19999;-0.00516;0.54560;5.13205
91;2020;4;23;0;3583.77197;17919.59375;0.19999;-0.00516;0.54551;5.13057
91;2020;4;23;0;3583.77173;17919.59375;0.19999;-0.00516;0.54541;5.12901
91;2020;4;23;0;3583.77148;17919.59375;0.19999;-0.00516;0.54531;5.12753
91;2020;4;23;0;3583.77173;17919.59375;0.19999;-0.00516;0.54522;5.12617
91;2020;4;23;0;3583.77148;17919.59375;0.19999;-0.00516;0.54516;5.12511
91;2020;4;23;0;3583.77173;17919.59375;0.19999;-0.00516;0.54513;5.12462
91;2020;4;23;0;3583.77148;17919.59375;0.19999;-0.00516;0.54511;5.12439
91;2020;4;23;0;3583.77173;17919.59375;0.19999;-0.00516;0.54507;5.12374
91;2020;4;23;0;3583.77124;17919.59180;0.19999;-0.00516;0.54500;5.12263
91;2020;4;23;0;3583.77124;17919.59180;0.19999;-0.00516;0.54494;5.12172
91;2020;4;23;0;3583.77124;17919.59180;0.19999;-0.00516;0.54490;5.12107
91;2020;4;23;0;3583.77124;17919.59180;0.19999;-0.00516;0.54484;5.12007
91;2020;4;23;0;3583.77124;17919.59180;0.19999;-0.00516;0.54472;5.11829
91;2020;4;23;0;3583.77124;17919.59180;0.19999;-0.00516;0.54457;5.11588
91;2020;4;23;0;3583.77100;17919.59180;0.19999;-0.00516;0.54442;5.11351
91;2020;4;23;0;3583.77124;17919.59180;0.19999;-0.00516;0.54431;5.11180
91;2020;4;23;0;3583.77100;17919.59180;0.19999;-0.00516;0.54424;5.11070
91;2020;4;23;0;3583.77124;17919.59180;0.19999;-0.00516;0.54418;5.10982
91;2020;4;23;0;3583.77100;17919.59180;0.19999;-0.00516;0.54413;5.10902
91;2020;4;23;0;3583.77124;17919.59180;0.19999;-0.00516;0.54408;5.10828
91;2020;4;23;0;3583.77075;17919.59180;0.19999;-0.00516;0.54404;5.10757
91;2020;4;23;0;3583.77124;17919.59180;0.19999;-0.00516;0.54399;5.10687
91;2020;4;23;0;3583.77075;17919.59180;0.19999;-0.00516;0.54395;5.10618
91;2020;4;24;0;3583.77026;17919.58984;0.19999;-0.00357;0.54283;5.08876
91;2020;4;24;0;3583.76880;17919.58789;0.19999;-0.00357;0.54033;5.04969
91;2020;4;24;0;3583.76782;17919.58594;0.19999;-0.00357;0.53772;5.00916
91;2020;4;24;0;3583.76685;17919.58398;0.19999;-0.00357;0.53569;4.97770
91;2020;4;24;0;3583.76562;17919.58203;0.19999;-0.00357;0.53406;4.95248
91;2020;4;24;0;3583.76514;17919.58203;0.19999;-0.00357;0.53255;4.92904
91;2020;4;24;0;3583.76416;17919.58008;0.19999;-0.00357;0.53113;4.90718
91;2020;4;24;0;3583.76392;17919.57812;0.19999;-0.00357;0.52989;4.88810
91;2020;4;24;0;3583.76318;17919.57812;0.19999;-0.00357;0.52888;4.87255
91;2020;4;24;0;3583.76270;17919.57617;0.19999;-0.00357;0.52811;4.86085
91;2020;4;24;0;3583.76245;17919.57617;0.19999;-0.00357;0.52755;4.85224
91;2020;4;24;0;3583.76245;17919.57617;0.19999;-0.00357;0.52714;4.84588
91;2020;4;24;0;3583.76245;17919.57617;0.19999;-0.00357;0.52684;4.84130
91;2020;4;24;0;3583.76221;17919.57617;0.19999;-0.00357;0.52661;4.83785
91;2020;4;24;0;3583.76196;17919.57617;0.19999;-0.00357;0.52645;4.83531
91;2020;4;24;0;3583.76221;17919.57617;0.19999;-0.00357;0.52631;4.83324
91;2020;4;24;0;3583.76172;17919.57422;0.19999;-0.00357;0.52621;4.83163
91;2020;4;24;0;3583.76172;17919.57422;0.19999;-0.00357;0.52611;4.83018
91;2020;4;24;0;3583.76172;17919.57422;0.19999;-0.00357;0.52603;4.82897
91;2020;4;24;0;3583.76172;17919.57422;0.19999;-0.00357;0.52596;4.82780
91;2020;4;24;0;3583.76172;17919.57422;0.19999;-0.00357;0.52589;4.82676
91;2020;4;24;0;3583.76172;17919.57422;0.19999;-0.00357;0.52582;4.82574
91;2020;4;24;0;3583.76147;17919.57422;0.19999;-0.00357;0.52576;4.82478
91;2020;4;24;0;3583.76147;17919.57422;0.19999;-0.00357;0.52570;4.82383
91;2020;4;24;0;3583.76147;17919.57422;0.19999;-0.00357;0.52564;4.82292
91;2020;4;24;0;3583.76147;17919.57422;0.19999;-0.00357;0.52558;4.82201
91;2020;4;24;0;3583.76147;17919.57422;0.19999;-0.00357;0.52552;4.82113
91;2020;4;24;0;3583.76147;17919.57422;0.19999;-0.00357;0.52546;4.82025
91;2020;4;24;0;3583.76147;17919.57422;0.19999;-0.00357;0.52541;4.81939
91;2020;4;24;0;3583.76147;17919.57422;0.19999;-0.00357;0.52535;4.81853
91;2020;4;24;0;3583.76123;17919.57422;0.19999;-0.00357;0.52529;4.81768
91;2020;4;24;0;3583.76099;17919.57422;0.19999;-0.00357;0.52524;4.81682
91;2020;4;24;0;3583.76123;17919.57422;0.19999;-0.00357;0.52518;4.81594
91;2020;4;24;0;3583.76099;17919.57422;0.19999;-0.00357;0.52512;4.81500
91;2020;4;24;0;3583.76123;17919.57422;0.19999;-0.00357;0.52505;4.81402
91;2020;4;24;0;3583.76099;17919.57422;0.19999;-0.00357;0.52499;4.81304
91;2020;4;24;0;3583.76123;17919.57422;0.19999;-0.00357;0.52493;4.81205
91;2020;4;24;0;3583.76099;17919.57422;0.19999;-0.00357;0.52486;4.81099
91;2020;4;24;0;3583.76099;17919.57422;0.19999;-0.00357;0.52477;4.80972
91;2020;4;24;0;3583.76099;17919.57422;0.19999;-0.00357;0.52467;4.80812
91;2020;4;24;0;3583.76099;17919.57422;0.19999;-0.00357;0.52454;4.80622
91;2020;4;24;0;3583.76099;17919.57422;0.19999;-0.00357;0.52441;4.80415
91;2020;4;24;0;3583.76074;17919.57227;0.19999;-0.00357;0.52428;4.80211
91;2020;4;24;0;3583.76050;17919.57227;0.19999;-0.00357;0.52415;4.80028
91;2020;4;24;0;3583.76074;17919.57227;0.19999;-0.00357;0.52405;4.79869
91;2020;4;24;0;3583.76050;17919.57227;0.19999;-0.00357;0.52396;4.79734
91;2020;4;24;0;3583.76050;17919.57227;0.19999;-0.00357;0.52389;4.79619
91;2020;4;24;0;3583.76050;17919.57227;0.19999;-0.00357;0.52382;4.79517
91;2020;4;25;0;3583.76050;17919.57227;0.19999;-0.00274;0.52304;4.78323
91;2020;4;25;0;3583.75952;17919.57031;0.19999;-0.00274;0.52118;4.75503
91;2020;4;25;0;3583.75806;17919.56836;0.19999;-0.00274;0.51914;4.72402
91;2020;4;25;0;3583.75732;17919.56641;0.19999;-0.00274;0.51744;4.69816
91;2020;4;25;0;3583.75635;17919.56445;0.19999;-0.00274;0.51592;4.67517
91;2020;4;25;0;3583.75562;17919.56445;0.19999;-0.00274;0.51453;4.65432
91;2020;4;25;0;3583.75513;17919.56250;0.19999;-0.00274;0.51338;4.63695
91;2020;4;25;0;3583.75464;17919.56250;0.19999;-0.00274;0.51246;4.62307
91;2020;4;25;0;3583.75415;17919.56250;0.19999;-0.00274;0.51171;4.61181
91;2020;4;25;0;3583.75391;17919.56250;0.19999;-0.00274;0.51112;4.60291
91;2020;4;25;0;3583.75366;17919.56250;0.19999;-0.00274;0.51066;4.59602
91;2020;4;25;0;3583.75317;17919.56055;0.19999;-0.00274;0.51031;4.59077
91;2020;4;25;0;3583.75317;17919.56055;0.19999;-0.00274;0.51005;4.58688
91;2020;4;25;0;3583.75293;17919.56055;0.19999;-0.00274;0.50985;4.58386
91;2020;4;25;0;3583.75317;17919.56055;0.19999;-0.00274;0.50969;4.58159
91;2020;4;25;0;3583.75293;17919.56055;0.19999;-0.00274;0.50957;4.57970
91;2020;4;25;0;3583.75317;17919.56055;0.19999;-0.00274;0.50947;4.57818
91;2020;4;25;0;3583.75269;17919.56055;0.19999;-0.00274;0.50937;4.57681
91;2020;4;25;0;3583.75317;17919.56055;0.19999;-0.00274;0.50929;4.57561
91;2020;4;25;0;3583.75269;17919.56055;0.19999;-0.00274;0.50922;4.57446
91;2020;4;25;0;3583.75317;17919.56055;0.19999;-0.00274;0.50915;4.57339
91;2020;4;25;0;3583.75269;17919.56055;0.19999;-0.00274;0.50908;4.57234
91;2020;4;25;0;3583.75317;17919.56055;0.19999;-0.00274;0.50901;4.57133
91;2020;4;25;0;3583.75269;17919.56055;0.19999;-0.00274;0.50894;4.57032
91;2020;4;25;0;3583.75293;17919.56055;0.19999;-0.00274;0.50888;4.56934
91;2020;4;25;0;3583.75269;17919.56055;0.19999;-0.00274;0.50881;4.56836
91;2020;4;25;0;3583.75293;17919.56055;0.19999;-0.00274;0.50875;4.56740
91;2020;4;25;0;3583.75269;17919.56055;0.19999;-0.00274;0.50868;4.56643
91;2020;4;25;0;3583.75293;17919.56055;0.19999;-0.00274;0.50862;4.56547
91;2020;4;25;0;3583.75269;17919.56055;0.19999;-0.00274;0.50855;4.56452
91;2020;4;25;0;3583.75293;17919.56055;0.19999;-0.00274;0.50849;4.56356
91;2020;4;25;0;3583.75244;17919.56055;0.19999;-0.00274;0.50843;4.56261
91;2020;4;25;0;3583.75244;17919.56055;0.19999;-0.00274;0.50836;4.56166
91;2020;4;25;0;3583.75244;17919.56055;0.19999;-0.00274;0.50830;4.56072
91;2020;4;25;0;3583.75244;17919.56055;0.19999;-0.00274;0.50824;4.55977
91;2020;4;25;0;3583.75244;17919.56055;0.19999;-0.00274;0.50817;4.55883
91;2020;4;25;0;3583.75244;17919.56055;0.19999;-0.00274;0.50811;4.55788
91;2020;4;25;0;3583.75244;17919.56055;0.19999;-0.00274;0.50805;4.55694
91;2020;4;25;0;3583.75244;17919.56055;0.19999;-0.00274;0.50798;4.55599
91;2020;4;25;0;3583.75220;17919.55859;0.19999;-0.00274;0.50792;4.55505
91;2020;4;25;0;3583.75220;17919.55859;0.19999;-0.00274;0.50786;4.55411
91;2020;4;25;0;3583.75220;17919.55859;0.19999;-0.00274;0.50779;4.55317
91;2020;4;25;0;3583.75220;17919.55859;0.19999;-0.00274;0.50773;4.55223
91;2020;4;25;0;3583.75220;17919.55859;0.19999;-0.00274;0.50767;4.55129
91;2020;4;25;0;3583.75220;17919.55859;0.19999;-0.00274;0.50761;4.55035
91;2020;4;25;0;3583.75220;17919.55859;0.19999;-0.00274;0.50754;4.54941
91;2020;4;25;0;3583.75195;17919.55859;0.19999;-0.00274;0.50748;4.54848
91;2020;4;25;0;3583.75171;17919.55859;0.19999;-0.00274;0.50742;4.54754
91;2020;4;26;0;3583.75195;17919.55859;0.19999;-0.00193;0.50673;4.53720
91;2020;4;26;0;3583.75073;17919.55664;0.19999;-0.00193;0.50506;4.51242
91;2020;4;26;0;3583.74976;17919.55469;0.19999;-0.00193;0.50319;4.48454
91;2020;4;26;0;3583.74902;17919.55273;0.19999;-0.00193;0.50163;4.46140
91;2020;4;26;0;3583.74829;17919.55273;0.19999;-0.00193;0.50024;4.44082
91;2020;4;26;0;3583.74780;17919.55078;0.19999;-0.00193;0.49895;4.42179
91;2020;4;26;0;3583.74731;17919.55078;0.19999;-0.00193;0.49785;4.40556
91;2020;4;26;0;3583.74658;17919.54883;0.19999;-0.00193;0.49694;4.39217
91;2020;4;26;0;3583.74585;17919.54688;0.19999;-0.00193;0.49620;4.38115
91;2020;4;26;0;3583.74585;17919.54688;0.19999;-0.00193;0.49559;4.37227
91;2020;4;26;0;3583.74561;17919.54688;0.19999;-0.00193;0.49512;4.36528
91;2020;4;26;0;3583.74536;17919.54688;0.19999;-0.00193;0.49475;4.35984
91;2020;4;26;0;3583.74512;17919.54688;0.19999;-0.00193;0.49447;4.35573
91;2020;4;26;0;3583.74512;17919.54688;0.19999;-0.00193;0.49425;4.35250
91;2020;4;26;0;3583.74512;17919.54688;0.19999;-0.00193;0.49408;4.35001
91;2020;4;26;0;3583.74512;17919.54688;0.19999;-0.00193;0.49393;4.34793
91;2020;4;26;0;3583.74487;17919.54492;0.19999;-0.00193;0.49382;4.34619
91;2020;4;26;0;3583.74463;17919.54492;0.19999;-0.00193;0.49370;4.34457
91;2020;4;26;0;3583.74487;17919.54492;0.19999;-0.00193;0.49360;4.34309
91;2020;4;26;0;3583.74463;17919.54492;0.19999;-0.00193;0.49351;4.34164
91;2020;4;26;0;3583.74463;17919.54492;0.19999;-0.00193;0.49341;4.34024
91;2020;4;26;0;3583.74463;17919.54492;0.19999;-0.00193;0.49331;4.33883
91;2020;4;26;0;3583.74463;17919.54492;0.19999;-0.00193;0.49322;4.33747
91;2020;4;26;0;3583.74463;17919.54492;0.19999;-0.00193;0.49313;4.33613
91;2020;4;26;0;3583.74463;17919.54492;0.19999;-0.00193;0.49304;4.33481
91;2020;4;26;0;3583.74438;17919.54492;0.19999;-0.00193;0.49295;4.33350
91;2020;4;26;0;3583.74463;17919.54492;0.19999;-0.00193;0.49286;4.33221
91;2020;4;26;0;3583.74438;17919.54492;0.19999;-0.00193;0.49277;4.33093
91;2020;4;26;0;3583.74463;17919.54492;0.19999;-0.00193;0.49269;4.32966
91;2020;4;26;0;3583.74438;17919.54492;0.19999;-0.00193;0.49260;4.32839
91;2020;4;26;0;3583.74463;17919.54492;0.19999;-0.00193;0.49252;4.32713
91;2020;4;26;0;3583.74414;17919.54492;0.19999;-0.00193;0.49243;4.32588
91;2020;4;26;0;3583.74414;17919.54492;0.19999;-0.00193;0.49234;4.32463
91;2020;4;26;0;3583.74414;17919.54492;0.19999;-0.00193;0.49226;4.32339
91;2020;4;26;0;3583.74414;17919.54492;0.19999;-0.00193;0.49218;4.32216
91;2020;4;26;0;3583.74414;17919.54492;0.19999;-0.00193;0.49209;4.32093
91;2020;4;26;0;3583.74390;17919.54297;0.19999;-0.00193;0.49201;4.31971
91;2020;4;26;0;3583.74390;17919.54297;0.19999;-0.00193;0.49192;4.31849
91;2020;4;26;0;3583.74390;17919.54297;0.19999;-0.00193;0.49184;4.31727
91;2020;4;26;0;3583.74390;17919.54297;0.19999;-0.00193;0.49176;4.31606
91;2020;4;26;0;3583.74390;17919.54297;0.19999;-0.00193;0.49168;4.31486
91;2020;4;26;0;3583.74390;17919.54297;0.19999;-0.00193;0.49159;4.31366
91;2020;4;26;0;3583.74365;17919.54297;0.19999;-0.00193;0.49151;4.31246
91;2020;4;26;0;3583.74341;17919.54297;0.19999;-0.00193;0.49143;4.31127
91;2020;4;26;0;3583.74365;17919.54297;0.19999;-0.00193;0.49135;4.31008
91;2020;4;26;0;3583.74341;17919.54297;0.19999;-0.00193;0.49127;4.30889
91;2020;4;26;0;3583.74365;17919.54297;0.19999;-0.00193;0.49119;4.30771
91;2020;4;26;0;3583.74316;17919.54297;0.19999;-0.00193;0.49111;4.30653
91;2020;4;27;0;3583.74316;17919.54297;0.19999;-0.00137;0.49054;4.29824
91;2020;4;27;0;3583.74243;17919.54102;0.19999;-0.00137;0.48918;4.27846
91;2020;4;27;0;3583.74170;17919.53906;0.19999;-0.00137;0.48762;4.25571
91;2020;4;27;0;3583.74121;17919.53906;0.19999;-0.00137;0.48630;4.23650
91;2020;4;27;0;3583.74072;17919.53711;0.19999;-0.00137;0.48510;4.21910
91;2020;4;27;0;3583.73975;17919.53711;0.19999;-0.00137;0.48396;4.20263
91;2020;4;27;0;3583.73926;17919.53516;0.19999;-0.00137;0.48297;4.18830
91;2020;4;27;0;3583.73877;17919.53516;0.19999;-0.00137;0.48214;4.17621
91;2020;4;27;0;3583.73828;17919.53320;0.19999;-0.00137;0.48143;4.16605
91;2020;4;27;0;3583.73804;17919.53320;0.19999;-0.00137;0.48085;4.15770
91;2020;4;27;0;3583.73804;17919.53320;0.19999;-0.00137;0.48038;4.15095
91;2020;4;27;0;3583.73779;17919.53320;0.19999;-0.00137;0.48001;4.14560
91;2020;4;27;0;3583.73779;17919.53320;0.19999;-0.00137;0.47972;4.14145
91;2020;4;27;0;3583.73779;17919.53320;0.19999;-0.00137;0.47949;4.13814
91;2020;4;27;0;3583.73755;17919.53125;0.19999;-0.00137;0.47931;4.13555
91;2020;4;27;0;3583.73730;17919.53125;0.19999;-0.00137;0.47916;4.13337
91;2020;4;27;0;3583.73755;17919.53125;0.19999;-0.00137;0.47904;4.13155
91;2020;4;27;0;3583.73706;17919.53125;0.19999;-0.00137;0.47892;4.12992
91;2020;4;27;0;3583.73706;17919.53125;0.19999;-0.00137;0.47882;4.12846
91;2020;4;27;0;3583.73706;17919.53125;0.19999;-0.00137;0.47872;4.12707
91;2020;4;27;0;3583.73706;17919.53125;0.19999;-0.00137;0.47863;4.12576
91;2020;4;27;0;3583.73706;17919.53125;0.19999;-0.00137;0.47854;4.12448
91;2020;4;27;0;3583.73706;17919.53125;0.19999;-0.00137;0.47846;4.12324
91;2020;4;27;0;3583.73682;17919.53125;0.19999;-0.00137;0.47837;4.12202
91;2020;4;27;0;3583.73682;17919.53125;0.19999;-0.00137;0.47829;4.12081
91;2020;4;27;0;3583.73682;17919.53125;0.19999;-0.00137;0.47820;4.11962
91;2020;4;27;0;3583.73682;17919.53125;0.19999;-0.00137;0.47812;4.11843
91;2020;4;27;0;3583.73682;17919.53125;0.19999;-0.00137;0.47804;4.11725
91;2020;4;27;0;3583.73657;17919.53125;0.19999;-0.00137;0.47796;4.11609
91;2020;4;27;0;3583.73633;17919.52930;0.19999;-0.00137;0.47788;4.11492
91;2020;4;27;0;3583.73657;17919.53125;0.19999;-0.00137;0.47780;4.11376
91;2020;4;27;0;3583.73633;17919.52930;0.19999;-0.00137;0.47772;4.11261
91;2020;4;27;0;3583.73657;17919.53125;0.19999;-0.00137;0.47764;4.11146
91;2020;4;27;0;3583.73633;17919.52930;0.19999;-0.00137;0.47756;4.11031
91;2020;4;27;0;3583.73633;17919.52930;0.19999;-0.00137;0.47748;4.10917
91;2020;4;27;0;3583.73633;17919.52930;0.19999;-0.00137;0.47740;4.10803
91;2020;4;27;0;3583.73633;17919.52930;0.19999;-0.00137;0.47732;4.10689
91;2020;4;27;0;3583.73633;17919.52930;0.19999;-0.00137;0.47724;4.10576
91;2020;4;27;0;3583.73633;17919.52930;0.19999;-0.00137;0.47716;4.10463
91;2020;4;27;0;3583.73633;17919.52930;0.19999;-0.00137;0.47708;4.10350
91;2020;4;27;0;3583.73608;17919.52930;0.19999;-0.00137;0.47700;4.10238
91;2020;4;27;0;3583.73584;17919.52930;0.19999;-0.00137;0.47692;4.10125
91;2020;4;27;0;3583.73608;17919.52930;0.19999;-0.00137;0.47685;4.10013
91;2020;4;27;0;3583.73584;17919.52930;0.19999;-0.00137;0.47677;4.09902
91;2020;4;27;0;3583.73608;17919.52930;0.19999;-0.00137;0.47669;4.09790
91;2020;4;27;0;3583.73584;17919.52930;0.19999;-0.00137;0.47661;4.09679
91;2020;4;27;0;3583.73584;17919.52930;0.19999;-0.00137;0.47654;4.09568
91;2020;4;27;0;3583.73584;17919.52930;0.19999;-0.00137;0.47646;4.09457
91;2020;4;28;0;3583.73560;17919.52930;0.19999;-0.00106;0.47605;4.08877
91;2020;4;28;0;3583.73486;17919.52734;0.19999;-0.00106;0.47511;4.07521
91;2020;4;28;0;3583.73462;17919.52734;0.19999;-0.00106;0.47402;4.05978
91;2020;4;28;0;3583.73438;17919.52539;0.19999;-0.00106;0.47310;4.04662
91;2020;4;28;0;3583.73364;17919.52539;0.19999;-0.00106;0.47220;4.03378
91;2020;4;28;0;3583.73315;17919.52344;0.19999;-0.00106;0.47129;4.02076
91;2020;4;28;0;3583.73267;17919.52344;0.19999;-0.00106;0.47045;4.00891
91;2020;4;28;0;3583.73242;17919.52344;0.19999;-0.00106;0.46973;3.99860
91;2020;4;28;0;3583.73193;17919.52148;0.19999;-0.00106;0.46910;3.98972
91;2020;4;28;0;3583.73169;17919.52148;0.19999;-0.00106;0.46857;3.98215
91;2020;4;28;0;3583.73120;17919.51953;0.19999;-0.00106;0.46811;3.97569
91;2020;4;28;0;3583.73169;17919.52148;0.19999;-0.00106;0.46772;3.97020
91;2020;4;28;0;3583.73096;17919.51953;0.19999;-0.00106;0.46740;3.96563
91;2020;4;28;0;3583.73096;17919.51953;0.19999;-0.00106;0.46713;3.96184
91;2020;4;28;0;3583.73096;17919.51953;0.19999;-0.00106;0.46691;3.95876
91;2020;4;28;0;3583.73071;17919.51953;0.19999;-0.00106;0.46673;3.95620
91;2020;4;28;0;3583.73071;17919.51953;0.19999;-0.00106;0.46658;3.95409
91;2020;4;28;0;3583.73071;17919.51953;0.19999;-0.00106;0.46645;3.95226
91;2020;4;28;0;3583.73071;17919.51953;0.19999;-0.00106;0.46634;3.95066
91;2020;4;28;0;3583.73047;17919.51953;0.19999;-0.00106;0.46623;3.94918
91;2020;4;28;0;3583.73022;17919.51758;0.19999;-0.00106;0.46614;3.94781
91;2020;4;28;0;3583.73047;17919.51953;0.19999;-0.00106;0.46604;3.94649
91;2020;4;28;0;3583.73022;17919.51758;0.19999;-0.00106;0.46595;3.94522
91;2020;4;28;0;3583.73047;17919.51953;0.19999;-0.00106;0.46586;3.94396
91;2020;4;28;0;3583.72998;17919.51758;0.19999;-0.00106;0.46578;3.94273
91;2020;4;28;0;3583.72998;17919.51758;0.19999;-0.00106;0.46569;3.94150
91;2020;4;28;0;3583.72998;17919.51758;0.19999;-0.00106;0.46560;3.94028
91;2020;4;28;0;3583.72998;17919.51758;0.19999;-0.00106;0.46552;3.93907
91;2020;4;28;0;3583.72998;17919.51758;0.19999;-0.00106;0.46543;3.93786
91;2020;4;28;0;3583.72998;17919.51758;0.19999;-0.00106;0.46535;3.93664
91;2020;4;28;0;3583.72974;17919.51758;0.19999;-0.00106;0.46526;3.93544
91;2020;4;28;0;3583.72998;17919.51758;0.19999;-0.00106;0.46517;3.93423
91;2020;4;28;0;3583.72974;17919.51758;0.19999;-0.00106;0.46509;3.93303
91;2020;4;28;0;3583.72998;17919.51758;0.19999;-0.00106;0.46500;3.93182
91;2020;4;28;0;3583.72974;17919.51758;0.19999;-0.00106;0.46492;3.93062
91;2020;4;28;0;3583.72974;17919.51758;0.19999;-0.00106;0.46483;3.92942
91;2020;4;28;0;3583.72974;17919.51758;0.19999;-0.00106;0.46475;3.92821
91;2020;4;28;0;3583.72974;17919.51758;0.19999;-0.00106;0.46466;3.92701
91;2020;4;28;0;3583.72974;17919.51758;0.19999;-0.00106;0.46458;3.92581
91;2020;4;28;0;3583.72974;17919.51758;0.19999;-0.00106;0.46449;3.92461
91;2020;4;28;0;3583.72974;17919.51758;0.19999;-0.00106;0.46441;3.92341
91;2020;4;28;0;3583.72949;17919.51758;0.19999;-0.00106;0.46432;3.92221
91;2020;4;28;0;3583.72974;17919.51758;0.19999;-0.00106;0.46424;3.92101
91;2020;4;28;0;3583.72949;17919.51758;0.19999;-0.00106;0.46415;3.91981
91;2020;4;28;0;3583.72974;17919.51758;0.19999;-0.00106;0.46407;3.91861
91;2020;4;28;0;3583.72949;17919.51758;0.19999;-0.00106;0.46398;3.91741
91;2020;4;28;0;3583.72949;17919.51758;0.19999;-0.00106;0.46389;3.91622
91;2020;4;28;0;3583.72949;17919.51758;0.19999;-0.00106;0.46381;3.91502
91;2020;4;29;0;3583.72900;17919.51758;0.19999;-0.00086;0.46340;3.90922
91;2020;4;29;0;3583.72827;17919.51758;0.19999;-0.00086;0.46242;3.89552
91;2020;4;29;0;3583.72803;17919.51562;0.19999;-0.00086;0.46133;3.88020
91;2020;4;29;0;3583.72778;17919.51562;0.19999;-0.00086;0.46043;3.86758
91;2020;4;29;0;3583.72705;17919.51367;0.19999;-0.00086;0.45954;3.85520
91;2020;4;29;0;3583.72656;17919.51367;0.19999;-0.00086;0.45862;3.84229
91;2020;4;29;0;3583.72607;17919.51367;0.19999;-0.00085;0.45775;3.83018
91;2020;4;29;0;3583.72583;17919.51172;0.19999;-0.00085;0.45698;3.81936
91;2020;4;29;0;3583.72559;17919.51172;0.19999;-0.00085;0.45629;3.80980
91;2020;4;29;0;3583.72510;17919.51172;0.19999;-0.00085;0.45570;3.80160
91;2020;4;29;0;3583.72461;17919.50977;0.19999;-0.00085;0.45520;3.79471
91;2020;4;29;0;3583.72437;17919.50977;0.19999;-0.00085;0.45480;3.78907
91;2020;4;29;0;3583.72437;17919.50977;0.19999;-0.00085;0.45447;3.78454
91;2020;4;29;0;3583.72437;17919.50977;0.19999;-0.00085;0.45421;3.78090
91;2020;4;29;0;3583.72412;17919.50977;0.19999;-0.00085;0.45400;3.77798
91;2020;4;29;0;3583.72437;17919.50977;0.19999;-0.00085;0.45382;3.77556
91;2020;4;29;0;3583.72412;17919.50977;0.19999;-0.00085;0.45368;3.77352
91;2020;4;29;0;3583.72412;17919.50977;0.19999;-0.00085;0.45355;3.77172
91;2020;4;29;0;3583.72412;17919.50977;0.19999;-0.00085;0.45343;3.77010
91;2020;4;29;0;3583.72412;17919.50977;0.19999;-0.00085;0.45332;3.76859
91;2020;4;29;0;3583.72412;17919.50977;0.19999;-0.00085;0.45322;3.76717
91;2020;4;29;0;3583.72388;17919.50781;0.19999;-0.00085;0.45312;3.76579
91;2020;4;29;0;3583.72363;17919.50781;0.19999;-0.00085;0.45302;3.76445
91;2020;4;29;0;3583.72363;17919.50781;0.19999;-0.00085;0.45293;3.76313
91;2020;4;29;0;3583.72363;17919.50781;0.19999;-0.00085;0.45283;3.76183
91;2020;4;29;0;3583.72363;17919.50781;0.19999;-0.00085;0.45274;3.76054
91;2020;4;29;0;3583.72339;17919.50781;0.19999;-0.00085;0.45265;3.75926
91;2020;4;29;0;3583.72314;17919.50781;0.19999;-0.00085;0.45256;3.75798
91;2020;4;29;0;3583.72339;17919.50781;0.19999;-0.00085;0.45246;3.75671
91;2020;4;29;0;3583.72314;17919.50781;0.19999;-0.00085;0.45237;3.75545
91;2020;4;29;0;3583.72339;17919.50781;0.19999;-0.00085;0.45228;3.75418
91;2020;4;29;0;3583.72290;17919.50781;0.19999;-0.00085;0.45219;3.75291
91;2020;4;29;0;3583.72290;17919.50781;0.19999;-0.00085;0.45210;3.75162
91;2020;4;29;0;3583.72290;17919.50781;0.19999;-0.00085;0.45200;3.75030
91;2020;4;29;0;3583.72290;17919.50781;0.19999;-0.00085;0.45190;3.74895
91;2020;4;29;0;3583.72290;17919.50781;0.19999;-0.00085;0.45181;3.74761
91;2020;4;29;0;3583.72266;17919.50586;0.19999;-0.00085;0.45171;3.74627
91;2020;4;29;0;3583.72290;17919.50781;0.19999;-0.00085;0.45161;3.74494
91;2020;4;29;0;3583.72266;17919.50586;0.19999;-0.00085;0.45152;3.74361
91;2020;4;29;0;3583.72290;17919.50781;0.19999;-0.00085;0.45142;3.74228
91;2020;4;29;0;3583.72266;17919.50586;0.19999;-0.00085;0.45133;3.74096
91;2020;4;29;0;3583.72266;17919.50586;0.19999;-0.00085;0.45123;3.73965
91;2020;4;29;0;3583.72266;17919.50586;0.19999;-0.00085;0.45114;3.73834
91;2020;4;29;0;3583.72266;17919.50586;0.19999;-0.00085;0.45104;3.73703
91;2020;4;29;0;3583.72266;17919.50586;0.19999;-0.00085;0.45095;3.73573
91;2020;4;29;0;3583.72266;17919.50586;0.19999;-0.00085;0.45085;3.73443
91;2020;4;29;0;3583.72241;17919.50586;0.19999;-0.00085;0.45076;3.73313
91;2020;4;29;0;3583.72266;17919.50586;0.19999;-0.00085;0.45066;3.73184
91;2020;4;30;0;3583.72241;17919.50586;0.19999;-0.00064;0.45037;3.72772
91;2020;4;30;0;3583.72168;17919.50391;0.19999;-0.00064;0.44974;3.71905
91;2020;4;30;0;3583.72168;17919.50391;0.19999;-0.00064;0.44905;3.70957
91;2020;4;30;0;3583.72119;17919.50391;0.19999;-0.00064;0.44840;3.70060
91;2020;4;30;0;3583.72070;17919.50195;0.19999;-0.00063;0.44756;3.68903
91;2020;4;30;0;3583.72021;17919.50195;0.19999;-0.00063;0.44657;3.67553
91;2020;4;30;0;3583.71948;17919.50000;0.19999;-0.00063;0.44564;3.66271
91;2020;4;30;0;3583.71948;17919.50000;0.19999;-0.00063;0.44477;3.65086
91;2020;4;30;0;3583.71899;17919.50000;0.19999;-0.00063;0.44399;3.64024
91;2020;4;30;0;3583.71851;17919.49805;0.19999;-0.00063;0.44332;3.63103
91;2020;4;30;0;3583.71802;17919.49805;0.19999;-0.00063;0.44275;3.62319
91;2020;4;30;0;3583.71777;17919.49805;0.19999;-0.00063;0.44227;3.61673
91;2020;4;30;0;3583.71777;17919.49805;0.19999;-0.00063;0.44189;3.61152
91;2020;4;30;0;3583.71777;17919.49805;0.19999;-0.00063;0.44158;3.60735
91;2020;4;30;0;3583.71753;17919.49609;0.19999;-0.00063;0.44134;3.60402
91;2020;4;30;0;3583.71777;17919.49805;0.19999;-0.00063;0.44114;3.60129
91;2020;4;30;0;3583.71753;17919.49609;0.19999;-0.00063;0.44097;3.59903
91;2020;4;30;0;3583.71753;17919.49609;0.19999;-0.00063;0.44083;3.59707
91;2020;4;30;0;3583.71753;17919.49609;0.19999;-0.00063;0.44070;3.59533
91;2020;4;30;0;3583.71753;17919.49609;0.19999;-0.00063;0.44058;3.59373
91;2020;4;30;0;3583.71729;17919.49609;0.19999;-0.00063;0.44047;3.59222
91;2020;4;30;0;3583.71704;17919.49609;0.19999;-0.00063;0.44036;3.59077
91;2020;4;30;0;3583.71729;17919.49609;0.19999;-0.00063;0.44026;3.58936
91;2020;4;30;0;3583.71704;17919.49609;0.19999;-0.00063;0.44016;3.58796
91;2020;4;30;0;3583.71729;17919.49609;0.19999;-0.00063;0.44005;3.58656
91;2020;4;30;0;3583.71680;17919.49609;0.19999;-0.00063;0.43995;3.58511
91;2020;4;30;0;3583.71680;17919.49609;0.19999;-0.00063;0.43984;3.58359
91;2020;4;30;0;3583.71680;17919.49609;0.19999;-0.00063;0.43972;3.58198
91;2020;4;30;0;3583.71680;17919.49609;0.19999;-0.00063;0.43959;3.58028
91;2020;4;30;0;3583.71655;17919.49609;0.19999;-0.00063;0.43946;3.57855
91;2020;4;30;0;3583.71655;17919.49609;0.19999;-0.00063;0.43934;3.57682
91;2020;4;30;0;3583.71655;17919.49609;0.19999;-0.00063;0.43921;3.57514
91;2020;4;30;0;3583.71631;17919.49414;0.19999;-0.00063;0.43909;3.57352
91;2020;4;30;0;3583.71606;17919.49414;0.19999;-0.00063;0.43898;3.57196
91;2020;4;30;0;3583.71631;17919.49414;0.19999;-0.00063;0.43887;3.57046
91;2020;4;30;0;3583.71606;17919.49414;0.19999;-0.00063;0.43876;3.56901
91;2020;4;30;0;3583.71631;17919.49414;0.19999;-0.00063;0.43866;3.56758
91;2020;4;30;0;3583.71582;17919.49414;0.19999;-0.00063;0.43855;3.56618
91;2020;4;30;0;3583.71631;17919.49414;0.19999;-0.00063;0.43845;3.56479
91;2020;4;30;0;3583.71582;17919.49414;0.19999;-0.00063;0.43835;3.56341
91;2020;4;30;0;3583.71631;17919.49414;0.19999;-0.00063;0.43825;3.56204
91;2020;4;30;0;3583.71558;17919.49414;0.19999;-0.00063;0.43815;3.56067
91;2020;4;30;0;3583.71582;17919.49414;0.19999;-0.00063;0.43804;3.55930
91;2020;4;30;0;3583.71606;17919.49414;0.19999;-0.00063;0.43794;3.55794
91;2020;4;30;0;3583.71582;17919.49414;0.19999;-0.00063;0.43784;3.55657
91;2020;4;30;0;3583.71606;17919.49414;0.19999;-0.00063;0.43774;3.55521
91;2020;4;30;0;3583.71558;17919.49414;0.19999;-0.00063;0.43764;3.55383
91;2020;4;30;0;3583.71558;17919.49414;0.19999;-0.00063;0.43754;3.55243
91;2020;5;1;0;3583.71631;17919.49414;0.19999;-0.00380;0.43920;3.57500
91;2020;5;1;0;3583.71924;17919.50000;0.19999;-0.00380;0.44384;3.63810
91;2020;5;1;0;3583.72217;17919.50586;0.19999;-0.00380;0.45002;3.72288
91;2020;5;1;0;3583.72485;17919.50977;0.19999;-0.00381;0.45523;3.79500
91;2020;5;1;0;3583.72656;17919.51367;0.19999;-0.00381;0.45830;3.83777
91;2020;5;1;0;3583.72754;17919.51562;0.19999;-0.00381;0.46028;3.86549
91;2020;5;1;0;3583.72876;17919.51758;0.19999;-0.00381;0.46221;3.89258
91;2020;5;1;0;3583.72925;17919.51758;0.19999;-0.00381;0.46379;3.91467
91;2020;5;1;0;3583.73022;17919.51758;0.19999;-0.00381;0.46506;3.93256
91;2020;5;1;0;3583.73022;17919.51758;0.19999;-0.00381;0.46615;3.94806
91;2020;5;1;0;3583.73071;17919.51953;0.19999;-0.00381;0.46702;3.96031
91;2020;5;1;0;3583.73120;17919.51953;0.19999;-0.00381;0.46784;3.97191
91;2020;5;1;0;3583.73193;17919.52148;0.19999;-0.00381;0.46864;3.98323
91;2020;5;1;0;3583.73193;17919.52148;0.19999;-0.00381;0.46925;3.99185
91;2020;5;1;0;3583.73193;17919.52148;0.19999;-0.00381;0.46955;3.99615
91;2020;5;1;0;3583.73218;17919.52148;0.19999;-0.00381;0.46982;3.99991
91;2020;5;1;0;3583.73242;17919.52344;0.19999;-0.00381;0.47002;4.00278
91;2020;5;1;0;3583.73242;17919.52344;0.19999;-0.00381;0.47017;4.00493
91;2020;5;1;0;3583.73242;17919.52344;0.19999;-0.00381;0.47030;4.00669
91;2020;5;1;0;3583.73242;17919.52344;0.19999;-0.00381;0.47039;4.00808
91;2020;5;1;0;3583.73242;17919.52344;0.19999;-0.00381;0.47048;4.00924
91;2020;5;1;0;3583.73267;17919.52344;0.19999;-0.00381;0.47055;4.01024
91;2020;5;1;0;3583.73291;17919.52344;0.19999;-0.00381;0.47061;4.01109
91;2020;5;1;0;3583.73291;17919.52344;0.19999;-0.00381;0.47067;4.01194
91;2020;5;1;0;3583.73291;17919.52344;0.19999;-0.00381;0.47074;4.01301
91;2020;5;1;0;3583.73291;17919.52344;0.19999;-0.00381;0.47084;4.01447
91;2020;5;1;0;3583.73291;17919.52344;0.19999;-0.00381;0.47094;4.01591
91;2020;5;1;0;3583.73315;17919.52344;0.19999;-0.00381;0.47102;4.01695
91;2020;5;1;0;3583.73340;17919.52344;0.19999;-0.00381;0.47107;4.01764
91;2020;5;1;0;3583.73315;17919.52344;0.19999;-0.00381;0.47114;4.01873
91;2020;5;1;0;3583.73340;17919.52344;0.19999;-0.00381;0.47133;4.02145
91;2020;5;1;0;3583.73340;17919.52344;0.19999;-0.00381;0.47159;4.02509
91;2020;5;1;0;3583.73340;17919.52344;0.19999;-0.00381;0.47171;4.02679
91;2020;5;1;0;3583.73340;17919.52344;0.19999;-0.00381;0.47170;4.02660
91;2020;5;1;0;3583.73340;17919.52344;0.19999;-0.00381;0.47170;4.02671
91;2020;5;1;0;3583.73340;17919.52344;0.19999;-0.00381;0.47173;4.02709
91;2020;5;1;0;3583.73340;17919.52344;0.19999;-0.00381;0.47174;4.02721
91;2020;5;1;0;3583.73340;17919.52344;0.19999;-0.00381;0.47175;4.02738
91;2020;5;1;0;3583.73340;17919.52344;0.19999;-0.00381;0.47176;4.02753
91;2020;5;1;0;3583.73340;17919.52344;0.19999;-0.00381;0.47177;4.02762
91;2020;5;1;0;3583.73340;17919.52344;0.19999;-0.00381;0.47178;4.02772
91;2020;5;1;0;3583.73340;17919.52344;0.19999;-0.00381;0.47178;4.02778
91;2020;5;1;0;3583.73340;17919.52344;0.19999;-0.00381;0.47178;4.02783
91;2020;5;1;0;3583.73340;17919.52344;0.19999;-0.00381;0.47178;4.02785
91;2020;5;1;0;3583.73340;17919.52344;0.19999;-0.00381;0.47178;4.02785
91;2020;5;1;0;3583.73340;17919.52344;0.19999;-0.00381;0.47178;4.02784
91;2020;5;1;0;3583.73340;17919.52344;0.19999;-0.00381;0.47178;4.02781
91;2020;5;1;0;3583.73340;17919.52344;0.19999;-0.00381;0.47178;4.02776
91;2020;5;2;0;3583.73315;17919.52344;0.19999;-0.00184;0.47087;4.01479
91;2020;5;2;0;3583.73169;17919.52148;0.19999;-0.00184;0.46840;3.97975
91;2020;5;2;0;3583.72998;17919.51758;0.19999;-0.00184;0.46497;3.93133
91;2020;5;2;0;3583.72876;17919.51758;0.19999;-0.00184;0.46232;3.89410
91;2020;5;2;0;3583.72778;17919.51562;0.19999;-0.00184;0.46152;3.88287
91;2020;5;2;0;3583.72827;17919.51758;0.19999;-0.00183;0.46143;3.88156
91;2020;5;2;0;3583.72778;17919.51562;0.19999;-0.00184;0.46117;3.87800
91;2020;5;2;0;3583.72803;17919.51562;0.19999;-0.00183;0.46102;3.87579
91;2020;5;2;0;3583.72778;17919.51562;0.19999;-0.00183;0.46088;3.87385
91;2020;5;2;0;3583.72803;17919.51562;0.19999;-0.00183;0.46069;3.87123
91;2020;5;2;0;3583.72754;17919.51562;0.19999;-0.00183;0.46052;3.86881
91;2020;5;2;0;3583.72754;17919.51562;0.19999;-0.00183;0.46031;3.86592
91;2020;5;2;0;3583.72729;17919.51562;0.19999;-0.00183;0.46012;3.86322
91;2020;5;2;0;3583.72729;17919.51562;0.19999;-0.00183;0.45991;3.86036
91;2020;5;2;0;3583.72729;17919.51562;0.19999;-0.00183;0.45973;3.85777
91;2020;5;2;0;3583.72705;17919.51367;0.19999;-0.00183;0.45954;3.85516
91;2020;5;2;0;3583.72681;17919.51367;0.19999;-0.00183;0.45937;3.85281
91;2020;5;2;0;3583.72681;17919.51367;0.19999;-0.00183;0.45921;3.85047
91;2020;5;2;0;3583.72681;17919.51367;0.19999;-0.00183;0.45905;3.84834
91;2020;5;2;0;3583.72681;17919.51367;0.19999;-0.00183;0.45890;3.84623
91;2020;5;2;0;3583.72656;17919.51367;0.19999;-0.00183;0.45876;3.84425
91;2020;5;2;0;3583.72632;17919.51367;0.19999;-0.00183;0.45862;3.84231
91;2020;5;2;0;3583.72656;17919.51367;0.19999;-0.00183;0.45849;3.84046
91;2020;5;2;0;3583.72632;17919.51367;0.19999;-0.00183;0.45836;3.83865
91;2020;5;2;0;3583.72632;17919.51367;0.19999;-0.00183;0.45823;3.83690
91;2020;5;2;0;3583.72632;17919.51367;0.19999;-0.00183;0.45811;3.83519
91;2020;5;2;0;3583.72632;17919.51367;0.19999;-0.00183;0.45799;3.83353
91;2020;5;2;0;3583.72632;17919.51367;0.19999;-0.00183;0.45788;3.83191
91;2020;5;2;0;3583.72607;17919.51367;0.19999;-0.00183;0.45776;3.83034
91;2020;5;2;0;3583.72632;17919.51367;0.19999;-0.00183;0.45765;3.82880
91;2020;5;2;0;3583.72607;17919.51367;0.19999;-0.00183;0.45755;3.82729
91;2020;5;2;0;3583.72632;17919.51367;0.19999;-0.00183;0.45744;3.82583
91;2020;5;2;0;3583.72583;17919.51172;0.19999;-0.00183;0.45734;3.82439
91;2020;5;2;0;3583.72583;17919.51172;0.19999;-0.00183;0.45724;3.82299
91;2020;5;2;0;3583.72583;17919.51172;0.19999;-0.00183;0.45714;3.82162
91;2020;5;2;0;3583.72583;17919.51172;0.19999;-0.00183;0.45704;3.82028
91;2020;5;2;0;3583.72583;17919.51172;0.19999;-0.00183;0.45695;3.81897
91;2020;5;2;0;3583.72559;17919.51172;0.19999;-0.00183;0.45686;3.81768
91;2020;5;2;0;3583.72559;17919.51172;0.19999;-0.00183;0.45677;3.81642
91;2020;5;2;0;3583.72559;17919.51172;0.19999;-0.00183;0.45668;3.81520
91;2020;5;2;0;3583.72559;17919.51172;0.19999;-0.00183;0.45659;3.81399
91;2020;5;2;0;3583.72559;17919.51172;0.19999;-0.00183;0.45651;3.81281
91;2020;5;2;0;3583.72534;17919.51172;0.19999;-0.00183;0.45642;3.81165
91;2020;5;2;0;3583.72510;17919.51172;0.19999;-0.00183;0.45634;3.81051
91;2020;5;2;0;3583.72534;17919.51172;0.19999;-0.00183;0.45626;3.80940
91;2020;5;2;0;3583.72510;17919.51172;0.19999;-0.00183;0.45618;3.80831
91;2020;5;2;0;3583.72534;17919.51172;0.19999;-0.00183;0.45611;3.80724
91;2020;5;2;0;3583.72510;17919.51172;0.19999;-0.00183;0.45603;3.80618
91;2020;5;3;0;3583.72461;17919.50977;0.19999;-0.00094;0.45510;3.79331
91;2020;5;3;0;3583.72339;17919.50781;0.19999;-0.00094;0.45306;3.76497
91;2020;5;3;0;3583.72266;17919.50586;0.19999;-0.00094;0.45100;3.73651
91;2020;5;3;0;3583.72168;17919.50391;0.19999;-0.00094;0.44931;3.71320
91;2020;5;3;0;3583.72095;17919.50391;0.19999;-0.00094;0.44793;3.69415
91;2020;5;3;0;3583.72046;17919.50195;0.19999;-0.00094;0.44680;3.67870
91;2020;5;3;0;3583.71997;17919.50195;0.19999;-0.00094;0.44578;3.66469
91;2020;5;3;0;3583.71948;17919.50000;0.19999;-0.00094;0.44495;3.65331
91;2020;5;3;0;3583.71899;17919.50000;0.19999;-0.00094;0.44425;3.64373
91;2020;5;3;0;3583.71851;17919.49805;0.19999;-0.00094;0.44366;3.63564
91;2020;5;3;0;3583.71875;17919.50000;0.19999;-0.00094;0.44317;3.62897
91;2020;5;3;0;3583.71826;17919.49805;0.19999;-0.00094;0.44275;3.62331
91;2020;5;3;0;3583.71826;17919.49805;0.19999;-0.00094;0.44242;3.61880
91;2020;5;3;0;3583.71802;17919.49805;0.19999;-0.00094;0.44214;3.61500
91;2020;5;3;0;3583.71826;17919.49805;0.19999;-0.00094;0.44193;3.61202
91;2020;5;3;0;3583.71777;17919.49805;0.19999;-0.00094;0.44174;3.60948
91;2020;5;3;0;3583.71777;17919.49805;0.19999;-0.00094;0.44159;3.60745
91;2020;5;3;0;3583.71777;17919.49805;0.19999;-0.00094;0.44146;3.60565
91;2020;5;3;0;3583.71753;17919.49609;0.19999;-0.00094;0.44135;3.60414
91;2020;5;3;0;3583.71753;17919.49609;0.19999;-0.00094;0.44124;3.60274
91;2020;5;3;0;3583.71753;17919.49609;0.19999;-0.00094;0.44115;3.60150
91;2020;5;3;0;3583.71753;17919.49609;0.19999;-0.00094;0.44107;3.60031
91;2020;5;3;0;3583.71753;17919.49609;0.19999;-0.00094;0.44098;3.59921
91;2020;5;3;0;3583.71729;17919.49609;0.19999;-0.00094;0.44091;3.59813
91;2020;5;3;0;3583.71704;17919.49609;0.19999;-0.00094;0.44083;3.59709
91;2020;5;3;0;3583.71729;17919.49609;0.19999;-0.00094;0.44075;3.59608
91;2020;5;3;0;3583.71704;17919.49609;0.19999;-0.00094;0.44068;3.59508
91;2020;5;3;0;3583.71729;17919.49609;0.19999;-0.00094;0.44061;3.59411
91;2020;5;3;0;3583.71704;17919.49609;0.19999;-0.00094;0.44054;3.59314
91;2020;5;3;0;3583.71704;17919.49609;0.19999;-0.00094;0.44047;3.59219
91;2020;5;3;0;3583.71704;17919.49609;0.19999;-0.00094;0.44040;3.59125
91;2020;5;3;0;3583.71704;17919.49609;0.19999;-0.00094;0.44033;3.59032
91;2020;5;3;0;3583.71704;17919.49609;0.19999;-0.00094;0.44026;3.58939
91;2020;5;3;0;3583.71704;17919.49609;0.19999;-0.00094;0.44020;3.58848
91;2020;5;3;0;3583.71704;17919.49609;0.19999;-0.00094;0.44013;3.58757
91;2020;5;3;0;3583.71704;17919.49609;0.19999;-0.00094;0.44006;3.58667
91;2020;5;3;0;3583.71680;17919.49609;0.19999;-0.00094;0.44000;3.58577
91;2020;5;3;0;3583.71655;17919.49609;0.19999;-0.00094;0.43993;3.58488
91;2020;5;3;0;3583.71680;17919.49609;0.19999;-0.00094;0.43987;3.58400
91;2020;5;3;0;3583.71655;17919.49609;0.19999;-0.00094;0.43980;3.58312
91;2020;5;3;0;3583.71680;17919.49609;0.19999;-0.00094;0.43974;3.58224
91;2020;5;3;0;3583.71655;17919.49609;0.19999;-0.00094;0.43967;3.58137
91;2020;5;3;0;3583.71680;17919.49609;0.19999;-0.00094;0.43961;3.58050
91;2020;5;3;0;3583.71631;17919.49414;0.19999;-0.00094;0.43954;3.57964
91;2020;5;3;0;3583.71680;17919.49609;0.19999;-0.00094;0.43948;3.57878
91;2020;5;3;0;3583.71631;17919.49414;0.19999;-0.00094;0.43942;3.57792
91;2020;5;3;0;3583.71680;17919.49609;0.19999;-0.00094;0.43936;3.57707
91;2020;5;3;0;3583.71631;17919.49414;0.19999;-0.00094;0.43929;3.57622
91;2020;5;4;0;3583.71631;17919.49414;0.19999;-0.00054;0.43885;3.57019
91;2020;5;4;0;3583.71558;17919.49414;0.19999;-0.00054;0.43769;3.55452
91;2020;5;4;0;3583.71509;17919.49219;0.19999;-0.00054;0.43623;3.53482
91;2020;5;4;0;3583.71436;17919.49023;0.19999;-0.00054;0.43498;3.51795
91;2020;5;4;0;3583.71338;17919.49023;0.19999;-0.00053;0.43390;3.50330
91;2020;5;4;0;3583.71313;17919.48828;0.19999;-0.00053;0.43283;3.48892
91;2020;5;4;0;3583.71240;17919.48828;0.19999;-0.00053;0.43183;3.47553
91;2020;5;4;0;3583.71216;17919.48633;0.19999;-0.00053;0.43095;3.46376
91;2020;5;4;0;3583.71191;17919.48633;0.19999;-0.00053;0.43020;3.45367
91;2020;5;4;0;3583.71143;17919.48633;0.19999;-0.00053;0.42956;3.44511
91;2020;5;4;0;3583.71094;17919.48438;0.19999;-0.00053;0.42902;3.43798
91;2020;5;4;0;3583.71069;17919.48438;0.19999;-0.00053;0.42858;3.43211
91;2020;5;4;0;3583.71069;17919.48438;0.19999;-0.00053;0.42823;3.42739
91;2020;5;4;0;3583.71069;17919.48438;0.19999;-0.00053;0.42795;3.42360
91;2020;5;4;0;3583.71045;17919.48438;0.19999;-0.00053;0.42772;3.42058
91;2020;5;4;0;3583.71069;17919.48438;0.19999;-0.00053;0.42753;3.41811
91;2020;5;4;0;3583.71045;17919.48438;0.19999;-0.00053;0.42738;3.41609
91;2020;5;4;0;3583.71045;17919.48438;0.19999;-0.00053;0.42725;3.41436
91;2020;5;4;0;3583.71045;17919.48438;0.19999;-0.00053;0.42714;3.41285
91;2020;5;4;0;3583.71045;17919.48438;0.19999;-0.00053;0.42704;3.41149
91;2020;5;4;0;3583.71045;17919.48438;0.19999;-0.00053;0.42694;3.41023
91;2020;5;4;0;3583.71021;17919.48242;0.19999;-0.00053;0.42685;3.40904
91;2020;5;4;0;3583.70996;17919.48242;0.19999;-0.00053;0.42677;3.40791
91;2020;5;4;0;3583.71021;17919.48242;0.19999;-0.00053;0.42669;3.40680
91;2020;5;4;0;3583.70996;17919.48242;0.19999;-0.00053;0.42660;3.40572
91;2020;5;4;0;3583.71021;17919.48242;0.19999;-0.00053;0.42652;3.40465
91;2020;5;4;0;3583.70996;17919.48242;0.19999;-0.00053;0.42644;3.40359
91;2020;5;4;0;3583.70996;17919.48242;0.19999;-0.00053;0.42637;3.40255
91;2020;5;4;0;3583.70996;17919.48242;0.19999;-0.00053;0.42629;3.40151
91;2020;5;4;0;3583.70996;17919.48242;0.19999;-0.00053;0.42621;3.40048
91;2020;5;4;0;3583.70996;17919.48242;0.19999;-0.00053;0.42613;3.39945
91;2020;5;4;0;3583.70996;17919.48242;0.19999;-0.00053;0.42606;3.39842
91;2020;5;4;0;3583.70996;17919.48242;0.19999;-0.00053;0.42598;3.39740
91;2020;5;4;0;3583.70972;17919.48242;0.19999;-0.00053;0.42590;3.39638
91;2020;5;4;0;3583.70947;17919.48242;0.19999;-0.00053;0.42583;3.39536
91;2020;5;4;0;3583.70947;17919.48242;0.19999;-0.00053;0.42575;3.39435
91;2020;5;4;0;3583.70947;17919.48242;0.19999;-0.00053;0.42567;3.39333
91;2020;5;4;0;3583.70947;17919.48242;0.19999;-0.00053;0.42560;3.39232
91;2020;5;4;0;3583.70947;17919.48242;0.19999;-0.00053;0.42552;3.39130
91;2020;5;4;0;3583.70923;17919.48242;0.19999;-0.00053;0.42544;3.39029
91;2020;5;4;0;3583.70898;17919.48047;0.19999;-0.00053;0.42537;3.38926
91;2020;5;4;0;3583.70923;17919.48242;0.19999;-0.00053;0.42529;3.38822
91;2020;5;4;0;3583.70898;17919.48047;0.19999;-0.00053;0.42521;3.38716
91;2020;5;4;0;3583.70923;17919.48242;0.19999;-0.00053;0.42513;3.38609
91;2020;5;4;0;3583.70898;17919.48047;0.19999;-0.00053;0.42505;3.38501
91;2020;5;4;0;3583.70898;17919.48047;0.19999;-0.00053;0.42496;3.38392
91;2020;5;4;0;3583.70898;17919.48047;0.19999;-0.00053;0.42488;3.38284
91;2020;5;4;0;3583.70898;17919.48047;0.19999;-0.00053;0.42480;3.38175
91;2020;5;5;0;3583.70874;17919.48047;0.19999;-0.00040;0.42455;3.37837
91;2020;5;5;0;3583.70825;17919.48047;0.19999;-0.00040;0.42397;3.37076
91;2020;5;5;0;3583.70850;17919.48047;0.19999;-0.00040;0.42328;3.36167
91;2020;5;5;0;3583.70776;17919.47852;0.19999;-0.00040;0.42268;3.35362
91;2020;5;5;0;3583.70776;17919.47852;0.19999;-0.00040;0.42206;3.34543
91;2020;5;5;0;3583.70752;17919.47852;0.19999;-0.00040;0.42137;3.33641
91;2020;5;5;0;3583.70679;17919.47656;0.19999;-0.00040;0.42069;3.32740
91;2020;5;5;0;3583.70654;17919.47656;0.19999;-0.00040;0.42005;3.31898
91;2020;5;5;0;3583.70605;17919.47656;0.19999;-0.00040;0.41947;3.31133
91;2020;5;5;0;3583.70605;17919.47656;0.19999;-0.00040;0.41895;3.30451
91;2020;5;5;0;3583.70605;17919.47656;0.19999;-0.00040;0.41850;3.29853
91;2020;5;5;0;3583.70581;17919.47461;0.19999;-0.00040;0.41811;3.29342
91;2020;5;5;0;3583.70532;17919.47461;0.19999;-0.00040;0.41778;3.28914
91;2020;5;5;0;3583.70483;17919.47266;0.19999;-0.00040;0.41751;3.28559
91;2020;5;5;0;3583.70483;17919.47266;0.19999;-0.00040;0.41729;3.28266
91;2020;5;5;0;3583.70483;17919.47266;0.19999;-0.00040;0.41710;3.28022
91;2020;5;5;0;3583.70459;17919.47266;0.19999;-0.00040;0.41694;3.27815
91;2020;5;5;0;3583.70483;17919.47266;0.19999;-0.00040;0.41681;3.27636
91;2020;5;5;0;3583.70459;17919.47266;0.19999;-0.00040;0.41668;3.27476
91;2020;5;5;0;3583.70459;17919.47266;0.19999;-0.00040;0.41657;3.27330
91;2020;5;5;0;3583.70459;17919.47266;0.19999;-0.00040;0.41647;3.27194
91;2020;5;5;0;3583.70459;17919.47266;0.19999;-0.00040;0.41637;3.27064
91;2020;5;5;0;3583.70459;17919.47266;0.19999;-0.00040;0.41627;3.26938
91;2020;5;5;0;3583.70459;17919.47266;0.19999;-0.00040;0.41618;3.26815
91;2020;5;5;0;3583.70435;17919.47266;0.19999;-0.00040;0.41609;3.26694
91;2020;5;5;0;3583.70459;17919.47266;0.19999;-0.00040;0.41600;3.26575
91;2020;5;5;0;3583.70435;17919.47266;0.19999;-0.00040;0.41591;3.26456
91;2020;5;5;0;3583.70459;17919.47266;0.19999;-0.00040;0.41581;3.26338
91;2020;5;5;0;3583.70435;17919.47266;0.19999;-0.00040;0.41573;3.26220
91;2020;5;5;0;3583.70435;17919.47266;0.19999;-0.00040;0.41564;3.26103
91;2020;5;5;0;3583.70435;17919.47266;0.19999;-0.00040;0.41555;3.25986
91;2020;5;5;0;3583.70435;17919.47266;0.19999;-0.00040;0.41546;3.25869
91;2020;5;5;0;3583.70435;17919.47266;0.19999;-0.00040;0.41537;3.25753
91;2020;5;5;0;3583.70435;17919.47266;0.19999;-0.00040;0.41528;3.25636
91;2020;5;5;0;3583.70410;17919.47266;0.19999;-0.00040;0.41519;3.25520
91;2020;5;5;0;3583.70386;17919.47266;0.19999;-0.00040;0.41510;3.25403
91;2020;5;5;0;3583.70410;17919.47266;0.19999;-0.00040;0.41501;3.25287
91;2020;5;5;0;3583.70386;17919.47266;0.19999;-0.00040;0.41492;3.25171
91;2020;5;5;0;3583.70410;17919.47266;0.19999;-0.00040;0.41483;3.25055
91;2020;5;5;0;3583.70386;17919.47266;0.19999;-0.00040;0.41474;3.24939
91;2020;5;5;0;3583.70386;17919.47266;0.19999;-0.00040;0.41466;3.24824
91;2020;5;5;0;3583.70386;17919.47266;0.19999;-0.00040;0.41457;3.24708
91;2020;5;5;0;3583.70386;17919.47266;0.19999;-0.00040;0.41448;3.24592
91;2020;5;5;0;3583.70386;17919.47266;0.19999;-0.00040;0.41439;3.24476
91;2020;5;5;0;3583.70386;17919.47266;0.19999;-0.00040;0.41430;3.24361
91;2020;5;5;0;3583.70361;17919.47266;0.19999;-0.00040;0.41421;3.24245
91;2020;5;5;0;3583.70337;17919.47266;0.19999;-0.00040;0.41412;3.24130
91;2020;5;5;0;3583.70337;17919.47266;0.19999;-0.00040;0.41404;3.24015
91;2020;5;6;0;3583.70312;17919.47266;0.19999;-0.00020;0.41376;3.23656
91;2020;5;6;0;3583.70264;17919.47070;0.19999;-0.00020;0.41316;3.22868
91;2020;5;6;0;3583.70239;17919.47070;0.19999;-0.00020;0.41242;3.21914
91;2020;5;6;0;3583.70215;17919.47070;0.19999;-0.00020;0.41174;3.21020
91;2020;5;6;0;3583.70215;17919.47070;0.19999;-0.00020;0.41101;3.20083
91;2020;5;6;0;3583.70166;17919.46875;0.19999;-0.00020;0.41022;3.19058
91;2020;5;6;0;3583.70117;17919.46875;0.19999;-0.00020;0.40944;3.18038
91;2020;5;6;0;3583.70068;17919.46680;0.19999;-0.00020;0.40870;3.17087
91;2020;5;6;0;3583.70020;17919.46680;0.19999;-0.00020;0.40804;3.16226
91;2020;5;6;0;3583.69995;17919.46680;0.19999;-0.00020;0.40744;3.15460
91;2020;5;6;0;3583.69995;17919.46680;0.19999;-0.00020;0.40692;3.14789
91;2020;5;6;0;3583.69971;17919.46680;0.19999;-0.00020;0.40647;3.14211
91;2020;5;6;0;3583.69922;17919.46484;0.19999;-0.00020;0.40610;3.13726
91;2020;5;6;0;3583.69873;17919.46484;0.19999;-0.00020;0.40578;3.13321
91;2020;5;6;0;3583.69873;17919.46484;0.19999;-0.00020;0.40552;3.12987
91;2020;5;6;0;3583.69849;17919.46289;0.19999;-0.00020;0.40531;3.12707
91;2020;5;6;0;3583.69873;17919.46484;0.19999;-0.00020;0.40512;3.12472
91;2020;5;6;0;3583.69849;17919.46289;0.19999;-0.00020;0.40496;3.12268
91;2020;5;6;0;3583.69849;17919.46289;0.19999;-0.00020;0.40482;3.12089
91;2020;5;6;0;3583.69849;17919.46289;0.19999;-0.00020;0.40470;3.11927
91;2020;5;6;0;3583.69849;17919.46289;0.19999;-0.00020;0.40458;3.11777
91;2020;5;6;0;3583.69849;17919.46289;0.19999;-0.00020;0.40447;3.11635
91;2020;5;6;0;3583.69824;17919.46289;0.19999;-0.00020;0.40436;3.11498
91;2020;5;6;0;3583.69849;17919.46289;0.19999;-0.00020;0.40426;3.11366
91;2020;5;6;0;3583.69824;17919.46289;0.19999;-0.00020;0.40416;3.11236
91;2020;5;6;0;3583.69849;17919.46289;0.19999;-0.00020;0.40406;3.11107
91;2020;5;6;0;3583.69824;17919.46289;0.19999;-0.00020;0.40396;3.10980
91;2020;5;6;0;3583.69824;17919.46289;0.19999;-0.00020;0.40386;3.10854
91;2020;5;6;0;3583.69824;17919.46289;0.19999;-0.00020;0.40376;3.10728
91;2020;5;6;0;3583.69824;17919.46289;0.19999;-0.00020;0.40367;3.10602
91;2020;5;6;0;3583.69824;17919.46289;0.19999;-0.00020;0.40357;3.10477
91;2020;5;6;0;3583.69800;17919.46289;0.19999;-0.00020;0.40347;3.10352
91;2020;5;6;0;3583.69775;17919.46289;0.19999;-0.00020;0.40337;3.10228
91;2020;5;6;0;3583.69775;17919.46289;0.19999;-0.00020;0.40328;3.10103
91;2020;5;6;0;3583.69775;17919.46289;0.19999;-0.00020;0.40318;3.09979
91;2020;5;6;0;3583.69775;17919.46289;0.19999;-0.00020;0.40308;3.09854
91;2020;5;6;0;3583.69751;17919.46094;0.19999;-0.00020;0.40299;3.09730
91;2020;5;6;0;3583.69727;17919.46094;0.19999;-0.00020;0.40289;3.09606
91;2020;5;6;0;3583.69751;17919.46094;0.19999;-0.00020;0.40279;3.09482
91;2020;5;6;0;3583.69727;17919.46094;0.19999;-0.00020;0.40269;3.09358
91;2020;5;6;0;3583.69751;17919.46094;0.19999;-0.00020;0.40260;3.09234
91;2020;5;6;0;3583.69702;17919.46094;0.19999;-0.00020;0.40250;3.09110
91;2020;5;6;0;3583.69702;17919.46094;0.19999;-0.00020;0.40240;3.08986
91;2020;5;6;0;3583.69702;17919.46094;0.19999;-0.00020;0.40231;3.08862
91;2020;5;6;0;3583.69702;17919.46094;0.19999;-0.00020;0.40221;3.08738
91;2020;5;6;0;3583.69702;17919.46094;0.19999;-0.00020;0.40211;3.08614
91;2020;5;6;0;3583.69678;17919.46094;0.19999;-0.00020;0.40202;3.08490
91;2020;5;6;0;3583.69702;17919.46094;0.19999;-0.00020;0.40192;3.08366
91;2020;5;7;0;3583.44727;17919.01758;0.19998;0.00000;0.40159;3.07947
91;2020;5;7;0;3583.19751;17918.57422;0.19997;0.00000;0.40088;3.07039
91;2020;5;7;0;3582.94727;17918.13086;0.19996;0.00000;0.40007;3.05999
91;2020;5;7;0;3582.69702;17917.68555;0.19995;0.00000;0.39933;3.05056
91;2020;5;7;0;3582.44629;17917.24023;0.19994;0.00000;0.39853;3.04046
91;2020;5;7;0;3582.19531;17916.79492;0.19994;0.00000;0.39764;3.02917
91;2020;5;7;0;3581.94385;17916.34766;0.19993;0.00000;0.39674;3.01774
91;2020;5;7;0;3581.69214;17915.90039;0.19992;0.00000;0.39589;3.00695
91;2020;5;7;0;3581.44019;17915.45312;0.19991;0.00000;0.39511;2.99711
91;2020;5;7;0;3581.18799;17915.00586;0.19990;0.00000;0.39442;2.98830
91;2020;5;7;0;3580.93555;17914.55664;0.19989;0.00000;0.39380;2.98053
91;2020;5;7;0;3580.68286;17914.10742;0.19988;0.00000;0.39326;2.97376
91;2020;5;7;0;3580.43018;17913.66016;0.19987;0.00000;0.39281;2.96800
91;2020;5;7;0;3580.17725;17913.21094;0.19986;0.00000;0.39242;2.96314
91;2020;5;7;0;3579.92432;17912.76172;0.19985;0.00000;0.39210;2.95908
91;2020;5;7;0;3579.67139;17912.31250;0.19984;0.00000;0.39183;2.95568
91;2020;5;7;0;3579.41846;17911.86328;0.19984;0.00000;0.39160;2.95282
91;2020;5;7;0;3579.16553;17911.41406;0.19983;0.00000;0.39140;2.95037
91;2020;5;7;0;3578.91284;17910.96484;0.19982;0.00000;0.39123;2.94824
91;2020;5;7;0;3578.65991;17910.51562;0.19981;0.00000;0.39108;2.94634
91;2020;5;7;0;3578.40723;17910.06641;0.19980;0.00000;0.39095;2.94461
91;2020;5;7;0;3578.15454;17909.61719;0.19979;0.00000;0.39082;2.94299
91;2020;5;7;0;3577.90210;17909.16992;0.19978;0.00000;0.39069;2.94146
91;2020;5;7;0;3577.64941;17908.72070;0.19977;0.00000;0.39058;2.93999
91;2020;5;7;0;3577.39673;17908.27148;0.19976;0.00000;0.39046;2.93855
91;2020;5;7;0;3577.14429;17907.82227;0.19975;0.00000;0.39035;2.93715
91;2020;5;7;0;3576.89185;17907.37305;0.19974;0.00000;0.39024;2.93576
91;2020;5;7;0;3576.63965;17906.92578;0.19974;0.00000;0.39013;2.93438
91;2020;5;7;0;3576.38721;17906.47656;0.19973;0.00000;0.39002;2.93302
91;2020;5;7;0;3576.13501;17906.02930;0.19972;0.00000;0.38991;2.93166
91;2020;5;7;0;3575.88281;17905.58008;0.19971;0.00000;0.38980;2.93030
91;2020;5;7;0;3575.63086;17905.13281;0.19970;0.00000;0.38970;2.92894
91;2020;5;7;0;3575.37866;17904.68555;0.19969;0.00000;0.38959;2.92759
91;2020;5;7;0;3575.12671;17904.23633;0.19968;0.00000;0.38948;2.92624
91;2020;5;7;0;3574.87476;17903.78906;0.19967;0.00000;0.38937;2.92489
91;2020;5;7;0;3574.62305;17903.34180;0.19966;0.00000;0.38927;2.92355
91;2020;5;7;0;3574.37134;17902.89453;0.19965;0.00000;0.38916;2.92220
91;2020;5;7;0;3574.11938;17902.44531;0.19964;0.00000;0.38905;2.92085
91;2020;5;7;0;3573.86768;17901.99805;0.19964;0.00000;0.38894;2.91951
91;2020;5;7;0;3573.61597;17901.55078;0.19963;0.00000;0.38883;2.91816
91;2020;5;7;0;3573.36450;17901.10352;0.19962;0.00000;0.38873;2.91681
91;2020;5;7;0;3573.11304;17900.65625;0.19961;0.00000;0.38862;2.91547
91;2020;5;7;0;3572.86157;17900.20898;0.19960;0.00000;0.38851;2.91412
91;2020;5;7;0;3572.61011;17899.76172;0.19959;0.00000;0.38840;2.91278
91;2020;5;7;0;3572.35889;17899.31445;0.19958;0.00000;0.38830;2.91143
91;2020;5;7;0;3572.10767;17898.86719;0.19957;0.00000;0.38819;2.91009
91;2020;5;7;0;3571.85669;17898.42188;0.19956;0.00000;0.38808;2.90874
91;2020;5;7;0;3571.60547;17897.97461;0.19955;0.00000;0.38797;2.90740
91;2020;5;8;0;3571.21899;17897.28711;0.19954;0.00000;0.38774;2.90454
91;2020;5;8;0;3570.83252;17896.59961;0.19953;0.00000;0.38726;2.89855
91;2020;5;8;0;3570.44604;17895.91211;0.19951;0.00000;0.38669;2.89138
91;2020;5;8;0;3570.05957;17895.22461;0.19950;0.00000;0.38614;2.88454
91;2020;5;8;0;3569.67261;17894.53516;0.19948;0.00000;0.38547;2.87613
91;2020;5;8;0;3569.28540;17893.84766;0.19947;0.00000;0.38462;2.86563
91;2020;5;8;0;3568.89795;17893.15625;0.19946;0.00000;0.38372;2.85445
91;2020;5;8;0;3568.51025;17892.46875;0.19944;0.00000;0.38283;2.84340
91;2020;5;8;0;3568.12231;17891.77539;0.19943;0.00000;0.38198;2.83286
91;2020;5;8;0;3567.73413;17891.08594;0.19941;0.00000;0.38118;2.82309
91;2020;5;8;0;3567.34595;17890.39453;0.19940;0.00000;0.38046;2.81413
91;2020;5;8;0;3566.95728;17889.70312;0.19939;0.00000;0.37981;2.80611
91;2020;5;8;0;3566.56860;17889.00977;0.19937;0.00000;0.37924;2.79908
91;2020;5;8;0;3566.17993;17888.31836;0.19936;0.00000;0.37875;2.79306
91;2020;5;8;0;3565.79102;17887.62695;0.19934;0.00000;0.37833;2.78797
91;2020;5;8;0;3565.40210;17886.93359;0.19933;0.00000;0.37798;2.78370
91;2020;5;8;0;3565.01343;17886.24219;0.19932;0.00000;0.37769;2.78012
91;2020;5;8;0;3564.62451;17885.54688;0.19930;0.00000;0.37745;2.77710
91;2020;5;8;0;3564.23584;17884.85547;0.19929;0.00000;0.37723;2.77451
91;2020;5;8;0;3563.84741;17884.16602;0.19927;0.00000;0.37705;2.77227
91;2020;5;8;0;3563.45898;17883.47266;0.19926;0.00000;0.37689;2.77028
91;2020;5;8;0;3563.07056;17882.78125;0.19925;0.00000;0.37674;2.76847
91;2020;5;8;0;3562.68237;17882.08789;0.19923;0.00000;0.37660;2.76680
91;2020;5;8;0;3562.29443;17881.39844;0.19922;0.00000;0.37648;2.76522
91;2020;5;8;0;3561.90625;17880.70508;0.19920;0.00000;0.37635;2.76371
91;2020;5;8;0;3561.51831;17880.01367;0.19919;0.00000;0.37623;2.76225
91;2020;5;8;0;3561.13062;17879.32422;0.19918;0.00000;0.37612;2.76082
91;2020;5;8;0;3560.74316;17878.63281;0.19916;0.00000;0.37600;2.75941
91;2020;5;8;0;3560.35547;17877.94336;0.19915;0.00000;0.37589;2.75802
91;2020;5;8;0;3559.96802;17877.25000;0.19913;0.00000;0.37578;2.75665
91;2020;5;8;0;3559.58081;17876.56055;0.19912;0.00000;0.37566;2.75527
91;2020;5;8;0;3559.19360;17875.86914;0.19911;0.00000;0.37555;2.75391
91;2020;5;8;0;3558.80664;17875.18164;0.19909;0.00000;0.37544;2.75255
91;2020;5;8;0;3558.41968;17874.49023;0.19908;0.00000;0.37533;2.75119
91;2020;5;8;0;3558.03296;17873.80078;0.19906;0.00000;0.37522;2.74984
91;2020;5;8;0;3557.64624;17873.11133;0.19905;0.00000;0.37511;2.74849
91;2020;5;8;0;3557.25977;17872.42188;0.19904;0.00000;0.37500;2.74714
91;2020;5;8;0;3556.87354;17871.73242;0.19902;0.00000;0.37489;2.74579
91;2020;5;8;0;3556.48706;17871.04492;0.19901;0.00000;0.37478;2.74444
91;2020;5;8;0;3556.10083;17870.35547;0.19899;0.00000;0.37467;2.74309
91;2020;5;8;0;3555.71484;17869.66602;0.19898;0.00000;0.37456;2.74175
91;2020;5;8;0;3555.32886;17868.97852;0.19897;0.00000;0.37444;2.74040
91;2020;5;8;0;3554.94312;17868.28906;0.19895;0.00000;0.37433;2.73905
91;2020;5;8;0;3554.55737;17867.60156;0.19894;0.00000;0.37422;2.73771
91;2020;5;8;0;3554.17188;17866.91406;0.19892;0.00000;0.37411;2.73637
91;2020;5;8;0;3553.78638;17866.22656;0.19891;0.00000;0.37400;2.73502
91;2020;5;8;0;3553.40112;17865.53711;0.19890;0.00000;0.37389;2.73368
91;2020;5;8;0;3553.01587;17864.84961;0.19888;0.00000;0.37378;2.73234
91;2020;5;9;0;3552.31616;17863.60156;0.19886;0.00000;0.37356;2.72967
91;2020;5;9;0;3551.61670;17862.35352;0.19883;0.00000;0.37311;2.72410
91;2020;5;9;0;3550.91724;17861.10352;0.19881;0.00000;0.37254;2.71718
91;2020;5;9;0;3550.21777;17859.85547;0.19878;0.00000;0.37205;2.71129
91;2020;5;9;0;3549.51855;17858.60547;0.19876;0.00000;0.37163;2.70615
91;2020;5;9;0;3548.81934;17857.35742;0.19873;0.00000;0.37120;2.70095
91;2020;5;9;0;3548.12012;17856.10742;0.19871;0.00000;0.37078;2.69586
91;2020;5;9;0;3547.42114;17854.85938;0.19868;0.00000;0.37039;2.69114
91;2020;5;9;0;3546.72241;17853.61133;0.19866;0.00000;0.37004;2.68689
91;2020;5;9;0;3546.02368;17852.36328;0.19863;0.00000;0.36973;2.68314
91;2020;5;9;0;3545.32520;17851.11523;0.19861;0.00000;0.36946;2.67981
91;2020;5;9;0;3544.62671;17849.86523;0.19858;0.00000;0.36921;2.67682
91;2020;5;9;0;3543.92871;17848.61719;0.19855;0.00000;0.36899;2.67415
91;2020;5;9;0;3543.23096;17847.36914;0.19853;0.00000;0.36879;2.67172
91;2020;5;9;0;3542.53320;17846.12305;0.19850;0.00000;0.36860;2.66951
91;2020;5;9;0;3541.83594;17844.87500;0.19848;0.00000;0.36843;2.66748
91;2020;5;9;0;3541.13892;17843.62891;0.19845;0.00000;0.36828;2.66560
91;2020;5;9;0;3540.44189;17842.38086;0.19843;0.00000;0.36813;2.66382
91;2020;5;9;0;3539.74512;17841.13477;0.19840;0.00000;0.36799;2.66214
91;2020;5;9;0;3539.04883;17839.89062;0.19838;0.00000;0.36786;2.66052
91;2020;5;9;0;3538.35278;17838.64453;0.19835;0.00000;0.36773;2.65895
91;2020;5;9;0;3537.65674;17837.39844;0.19833;0.00000;0.36760;2.65742
91;2020;5;9;0;3536.96118;17836.15430;0.19830;0.00000;0.36748;2.65592
91;2020;5;9;0;3536.26587;17834.90820;0.19828;0.00000;0.36735;2.65444
91;2020;5;9;0;3535.57080;17833.66406;0.19825;0.00000;0.36723;2.65297
91;2020;5;9;0;3534.87598;17832.41992;0.19823;0.00000;0.36711;2.65152
91;2020;5;9;0;3534.18140;17831.17578;0.19820;0.00000;0.36699;2.65007
91;2020;5;9;0;3533.48706;17829.93164;0.19818;0.00000;0.36687;2.64863
91;2020;5;9;0;3532.79297;17828.68945;0.19815;0.00000;0.36675;2.64720
91;2020;5;9;0;3532.09912;17827.44531;0.19813;0.00000;0.36663;2.64576
91;2020;5;9;0;3531.40576;17826.20312;0.19810;0.00000;0.36651;2.64434
91;2020;5;9;0;3530.71240;17824.96094;0.19808;0.00000;0.36639;2.64291
91;2020;5;9;0;3530.01929;17823.71875;0.19805;0.00000;0.36628;2.64149
91;2020;5;9;0;3529.32666;17822.47852;0.19803;0.00000;0.36616;2.64006
91;2020;5;9;0;3528.63428;17821.23633;0.19800;0.00000;0.36604;2.63864
91;2020;5;9;0;3527.94214;17819.99609;0.19798;0.00000;0.36592;2.63722
91;2020;5;9;0;3527.25000;17818.75195;0.19795;0.00000;0.36580;2.63581
91;2020;5;9;0;3526.55835;17817.51172;0.19793;0.00000;0.36569;2.63439
91;2020;5;9;0;3525.86694;17816.27344;0.19790;0.00000;0.36557;2.63297
91;2020;5;9;0;3525.17578;17815.03320;0.19788;0.00000;0.36545;2.63156
91;2020;5;9;0;3524.48486;17813.79297;0.19785;0.00000;0.36533;2.63014
91;2020;5;9;0;3523.79419;17812.55469;0.19783;0.00000;0.36521;2.62873
91;2020;5;9;0;3523.10376;17811.31641;0.19780;0.00000;0.36510;2.62731
91;2020;5;9;0;3522.41357;17810.07812;0.19778;0.00000;0.36498;2.62590
91;2020;5;9;0;3521.72363;17808.83984;0.19775;0.00000;0.36486;2.62449
91;2020;5;9;0;3521.03418;17807.60156;0.19773;0.00000;0.36474;2.62308
91;2020;5;9;0;3520.34473;17806.36133;0.19770;0.00000;0.36462;2.62166
91;2020;5;9;0;3519.65552;17805.12500;0.19768;0.00000;0.36451;2.62025
91;2020;5;10;0;3518.74854;17803.49609;0.19764;0.00000;0.36429;2.61771
91;2020;5;10;0;3517.84155;17801.86719;0.19761;0.00000;0.36388;2.61279
91;2020;5;10;0;3516.93481;17800.23828;0.19758;0.00000;0.36338;2.60681
91;2020;5;10;0;3516.02832;17798.60938;0.19755;0.00000;0.36290;2.60101
91;2020;5;10;0;3515.12183;17796.98047;0.19751;0.00000;0.36234;2.59433
91;2020;5;10;0;3514.21558;17795.35156;0.19748;0.00000;0.36167;2.58639
91;2020;5;10;0;3513.30933;17793.72266;0.19745;0.00000;0.36098;2.57811
91;2020;5;10;0;3512.40308;17792.09375;0.19741;0.00000;0.36030;2.57009
91;2020;5;10;0;3511.49707;17790.46289;0.19738;0.00000;0.35967;2.56258
91;2020;5;10;0;3510.59106;17788.83398;0.19735;0.00000;0.35909;2.55568
91;2020;5;10;0;3509.68506;17787.20508;0.19732;0.00000;0.35855;2.54933
91;2020;5;10;0;3508.77930;17785.57617;0.19728;0.00000;0.35806;2.54353
91;2020;5;10;0;3507.87378;17783.94531;0.19725;0.00000;0.35762;2.53829
91;2020;5;10;0;3506.96851;17782.31641;0.19722;0.00000;0.35723;2.53361
91;2020;5;10;0;3506.06348;17780.68750;0.19718;0.00000;0.35688;2.52947
91;2020;5;10;0;3505.15869;17779.05664;0.19715;0.00000;0.35657;2.52584
91;2020;5;10;0;3504.25415;17777.42969;0.19712;0.00000;0.35630;2.52266
91;2020;5;10;0;3503.34985;17775.80078;0.19709;0.00000;0.35606;2.51985
91;2020;5;10;0;3502.44604;17774.17188;0.19705;0.00000;0.35585;2.51736
91;2020;5;10;0;3501.54248;17772.54492;0.19702;0.00000;0.35566;2.51513
91;2020;5;10;0;3500.63916;17770.91797;0.19699;0.00000;0.35549;2.51309
91;2020;5;10;0;3499.73633;17769.28906;0.19695;0.00000;0.35533;2.51121
91;2020;5;10;0;3498.83374;17767.66211;0.19692;0.00000;0.35518;2.50945
91;2020;5;10;0;3497.93164;17766.03711;0.19689;0.00000;0.35504;2.50777
91;2020;5;10;0;3497.03003;17764.41016;0.19686;0.00000;0.35490;2.50617
91;2020;5;10;0;3496.12842;17762.78516;0.19682;0.00000;0.35477;2.50461
91;2020;5;10;0;3495.22729;17761.15820;0.19679;0.00000;0.35464;2.50309
91;2020;5;10;0;3494.32666;17759.53516;0.19676;0.00000;0.35451;2.50160
91;2020;5;10;0;3493.42627;17757.91016;0.19673;0.00000;0.35439;2.50012
91;2020;5;10;0;3492.52612;17756.28516;0.19669;0.00000;0.35426;2.49866
91;2020;5;10;0;3491.62646;17754.66211;0.19666;0.00000;0.35414;2.49722
91;2020;5;10;0;3490.72705;17753.03711;0.19663;0.00000;0.35402;2.49578
91;2020;5;10;0;3489.82812;17751.41602;0.19659;0.00000;0.35389;2.49434
91;2020;5;10;0;3488.92969;17749.79297;0.19656;0.00000;0.35377;2.49291
91;2020;5;10;0;3488.03149;17748.17188;0.19653;0.00000;0.35365;2.49148
91;2020;5;10;0;3487.13354;17746.54883;0.19650;0.00000;0.35353;2.49006
91;2020;5;10;0;3486.23608;17744.92773;0.19646;0.00000;0.35341;2.48864
91;2020;5;10;0;3485.33887;17743.30469;0.19643;0.00000;0.35329;2.48722
91;2020;5;10;0;3484.44214;17741.68555;0.19640;0.00000;0.35317;2.48580
91;2020;5;10;0;3483.54590;17740.06445;0.19637;0.00000;0.35305;2.48438
91;2020;5;10;0;3482.64966;17738.44531;0.19633;0.00000;0.35292;2.48296
91;2020;5;10;0;3481.75391;17736.82422;0.19630;0.00000;0.35280;2.48155
91;2020;5;10;0;3480.85840;17735.20703;0.19627;0.00000;0.35268;2.48013
91;2020;5;10;0;3479.96338;17733.58594;0.19624;0.00000;0.35256;2.47871
91;2020;5;10;0;3479.06885;17731.96875;0.19620;0.00000;0.35244;2.47730
91;2020;5;10;0;3478.17432;17730.34961;0.19617;0.00000;0.35232;2.47589
91;2020;5;10;0;3477.28027;17728.73242;0.19614;0.00000;0.35220;2.47447
91;2020;5;10;0;3476.38672;17727.11523;0.19611;0.00000;0.35208;2.47306
91;2020;5;11;0;3475.33984;17725.22070;0.19607;0.00000;0.35187;2.47067
91;2020;5;11;0;3474.29321;17723.32422;0.19603;0.00000;0.35148;2.46606
91;2020;5;11;0;3473.24683;17721.42969;0.19599;0.00000;0.35101;2.46054
91;2020;5;11;0;3472.20068;17719.53516;0.19595;0.00000;0.35063;2.45606
91;2020;5;11;0;3471.15503;17717.63867;0.19592;0.00000;0.35028;2.45209
91;2020;5;11;0;3470.10962;17715.74609;0.19588;0.00000;0.34991;2.44774
91;2020;5;11;0;3469.06445;17713.85156;0.19584;0.00000;0.34953;2.44326
91;2020;5;11;0;3468.01953;17711.95703;0.19580;0.00000;0.34916;2.43901
91;2020;5;11;0;3466.97510;17710.06445;0.19576;0.00000;0.34884;2.43521
91;2020;5;11;0;3465.93091;17708.16992;0.19573;0.00000;0.34856;2.43198
91;2020;5;11;0;3464.88721;17706.27539;0.19569;0.00000;0.34832;2.42926
91;2020;5;11;0;3463.84399;17704.38477;0.19565;0.00000;0.34813;2.42696
91;2020;5;11;0;3462.80103;17702.49023;0.19561;0.00000;0.34795;2.42496
91;2020;5;11;0;3461.75854;17700.59961;0.19557;0.00000;0.34780;2.42316
91;2020;5;11;0;3460.71655;17698.70898;0.19554;0.00000;0.34766;2.42151
91;2020;5;11;0;3459.67505;17696.81641;0.19550;0.00000;0.34752;2.41993
91;2020;5;11;0;3458.63354;17694.92578;0.19546;0.00000;0.34739;2.41841
91;2020;5;11;0;3457.59253;17693.03516;0.19542;0.00000;0.34726;2.41691
91;2020;5;11;0;3456.55200;17691.14453;0.19538;0.00000;0.34713;2.41542
91;2020;5;11;0;3455.51196;17689.25391;0.19535;0.00000;0.34701;2.41394
91;2020;5;11;0;3454.47241;17687.36523;0.19531;0.00000;0.34688;2.41247
91;2020;5;11;0;3453.43311;17685.47656;0.19527;0.00000;0.34675;2.41099
91;2020;5;11;0;3452.39429;17683.58789;0.19523;0.00000;0.34662;2.40951
91;2020;5;11;0;3451.35596;17681.70117;0.19519;0.00000;0.34650;2.40804
91;2020;5;11;0;3450.31812;17679.81250;0.19516;0.00000;0.34637;2.40656
91;2020;5;11;0;3449.28076;17677.92578;0.19512;0.00000;0.34624;2.40508
91;2020;5;11;0;3448.24390;17676.03906;0.19508;0.00000;0.34611;2.40361
91;2020;5;11;0;3447.20728;17674.15234;0.19504;0.00000;0.34599;2.40213
91;2020;5;11;0;3446.17114;17672.26562;0.19500;0.00000;0.34586;2.40065
91;2020;5;11;0;3445.13550;17670.37891;0.19497;0.00000;0.34573;2.39918
91;2020;5;11;0;3444.10034;17668.49609;0.19493;0.00000;0.34560;2.39770
91;2020;5;11;0;3443.06543;17666.60938;0.19489;0.00000;0.34548;2.39623
91;2020;5;11;0;3442.03076;17664.72656;0.19485;0.00000;0.34535;2.39476
91;2020;5;11;0;3440.99658;17662.84180;0.19482;0.00000;0.34522;2.39328
91;2020;5;11;0;3439.96289;17660.95898;0.19478;0.00000;0.34509;2.39181
91;2020;5;11;0;3438.92969;17659.07422;0.19474;0.00000;0.34497;2.39034
91;2020;5;11;0;3437.89697;17657.19141;0.19470;0.00000;0.34484;2.38887
91;2020;5;11;0;3436.86450;17655.31055;0.19466;0.00000;0.34471;2.38740
91;2020;5;11;0;3435.83252;17653.42773;0.19463;0.00000;0.34458;2.38593
91;2020;5;11;0;3434.80103;17651.54688;0.19459;0.00000;0.34446;2.38446
91;2020;5;11;0;3433.77002;17649.66602;0.19455;0.00000;0.34433;2.38299
91;2020;5;11;0;3432.73950;17647.78320;0.19451;0.00000;0.34420;2.38152
91;2020;5;11;0;3431.70923;17645.90430;0.19448;0.00000;0.34407;2.38005
91;2020;5;11;0;3430.67944;17644.02539;0.19444;0.00000;0.34395;2.37858
91;2020;5;11;0;3429.65015;17642.14453;0.19440;0.00000;0.34382;2.37711
91;2020;5;11;0;3428.62109;17640.26758;0.19436;0.00000;0.34369;2.37565
91;2020;5;11;0;3427.59253;17638.38672;0.19433;0.00000;0.34356;2.37418
91;2020;5;11;0;3426.56445;17636.50781;0.19429;0.00000;0.34344;2.37271
91;2020;5;12;0;3425.36523;17634.31836;0.19424;0.00000;0.34322;2.37027
91;2020;5;12;0;3424.16626;17632.12695;0.19420;0.00000;0.34282;2.36561
91;2020;5;12;0;3422.96777;17629.93555;0.19416;0.00000;0.34231;2.35980
91;2020;5;12;0;3421.76953;17627.74609;0.19411;0.00000;0.34183;2.35425
91;2020;5;12;0;3420.57153;17625.55273;0.19407;0.00000;0.34130;2.34813
91;2020;5;12;0;3419.37378;17623.36133;0.19403;0.00000;0.34065;2.34071
91;2020;5;12;0;3418.17651;17621.17188;0.19398;0.00000;0.33995;2.33272
91;2020;5;12;0;3416.97925;17618.98047;0.19394;0.00000;0.33927;2.32488
91;2020;5;12;0;3415.78223;17616.78906;0.19389;0.00000;0.33863;2.31762
91;2020;5;12;0;3414.58545;17614.59766;0.19385;0.00000;0.33806;2.31116
91;2020;5;12;0;3413.38916;17612.40625;0.19381;0.00000;0.33756;2.30546
91;2020;5;12;0;3412.19312;17610.21484;0.19376;0.00000;0.33712;2.30043
91;2020;5;12;0;3410.99731;17608.02539;0.19372;0.00000;0.33673;2.29599
91;2020;5;12;0;3409.80200;17605.83398;0.19367;0.00000;0.33638;2.29205
91;2020;5;12;0;3408.60718;17603.64258;0.19363;0.00000;0.33608;2.28856
91;2020;5;12;0;3407.41284;17601.45508;0.19359;0.00000;0.33580;2.28544
91;2020;5;12;0;3406.21875;17599.26367;0.19354;0.00000;0.33555;2.28264
91;2020;5;12;0;3405.02515;17597.07422;0.19350;0.00000;0.33533;2.28011
91;2020;5;12;0;3403.83228;17594.88477;0.19346;0.00000;0.33513;2.27780
91;2020;5;12;0;3402.63965;17592.69727;0.19341;0.00000;0.33494;2.27567
91;2020;5;12;0;3401.44751;17590.50977;0.19337;0.00000;0.33476;2.27368
91;2020;5;12;0;3400.25586;17588.32031;0.19332;0.00000;0.33460;2.27181
91;2020;5;12;0;3399.06470;17586.13477;0.19328;0.00000;0.33444;2.27003
91;2020;5;12;0;3397.87402;17583.94727;0.19324;0.00000;0.33429;2.26832
91;2020;5;12;0;3396.68384;17581.75977;0.19319;0.00000;0.33414;2.26666
91;2020;5;12;0;3395.49414;17579.57422;0.19315;0.00000;0.33400;2.26504
91;2020;5;12;0;3394.30518;17577.38867;0.19311;0.00000;0.33386;2.26345
91;2020;5;12;0;3393.11646;17575.20312;0.19306;0.00000;0.33372;2.26188
91;2020;5;12;0;3391.92822;17573.01953;0.19302;0.00000;0.33358;2.26034
91;2020;5;12;0;3390.74048;17570.83398;0.19298;0.00000;0.33345;2.25880
91;2020;5;12;0;3389.55322;17568.64844;0.19293;0.00000;0.33331;2.25728
91;2020;5;12;0;3388.36670;17566.46484;0.19289;0.00000;0.33318;2.25576
91;2020;5;12;0;3387.18042;17564.28320;0.19284;0.00000;0.33304;2.25425
91;2020;5;12;0;3385.99463;17562.09961;0.19280;0.00000;0.33291;2.25274
91;2020;5;12;0;3384.80933;17559.91797;0.19276;0.00000;0.33278;2.25124
91;2020;5;12;0;3383.62476;17557.73633;0.19271;0.00000;0.33264;2.24973
91;2020;5;12;0;3382.44067;17555.55469;0.19267;0.00000;0.33251;2.24823
91;2020;5;12;0;3381.25684;17553.37305;0.19263;0.00000;0.33238;2.24673
91;2020;5;12;0;3380.07349;17551.19141;0.19258;0.00000;0.33224;2.24524
91;2020;5;12;0;3378.89087;17549.01172;0.19254;0.00000;0.33211;2.24374
91;2020;5;12;0;3377.70874;17546.83203;0.19250;0.00000;0.33198;2.24224
91;2020;5;12;0;3376.52710;17544.65430;0.19245;0.00000;0.33185;2.24075
91;2020;5;12;0;3375.34595;17542.47461;0.19241;0.00000;0.33171;2.23926
91;2020;5;12;0;3374.16528;17540.29492;0.19237;0.00000;0.33158;2.23776
91;2020;5;12;0;3372.98511;17538.11719;0.19232;0.00000;0.33145;2.23627
91;2020;5;12;0;3371.80542;17535.93945;0.19228;0.00000;0.33131;2.23478
91;2020;5;12;0;3370.62622;17533.76172;0.19224;0.00000;0.33118;2.23328
91;2020;5;12;0;3369.44751;17531.58594;0.19219;0.00000;0.33105;2.23179
91;2020;5;13;0;3368.12939;17529.15039;0.19214;0.00000;0.33082;2.22927
91;2020;5;13;0;3366.81152;17526.71484;0.19210;0.00000;0.33039;2.22445
91;2020;5;13;0;3365.49414;17524.27930;0.19205;0.00000;0.32989;2.21876
91;2020;5;13;0;3364.17725;17521.84570;0.19200;0.00000;0.32948;2.21420
91;2020;5;13;0;3362.86084;17519.41211;0.19195;0.00000;0.32913;2.21025
91;2020;5;13;0;3361.54468;17516.97852;0.19190;0.00000;0.32876;2.20612
91;2020;5;13;0;3360.22925;17514.54492;0.19185;0.00000;0.32839;2.20204
91;2020;5;13;0;3358.91406;17512.10938;0.19181;0.00000;0.32805;2.19823
91;2020;5;13;0;3357.59937;17509.67773;0.19176;0.00000;0.32774;2.19477
91;2020;5;13;0;3356.28516;17507.24414;0.19171;0.00000;0.32747;2.19174
91;2020;5;13;0;3354.97168;17504.81250;0.19166;0.00000;0.32723;2.18906
91;2020;5;13;0;3353.65845;17502.37891;0.19161;0.00000;0.32702;2.18668
91;2020;5;13;0;3352.34595;17499.94727;0.19156;0.00000;0.32682;2.18452
91;2020;5;13;0;3351.03394;17497.51562;0.19151;0.00000;0.32664;2.18252
91;2020;5;13;0;3349.72241;17495.08398;0.19147;0.00000;0.32647;2.18062
91;2020;5;13;0;3348.41138;17492.65234;0.19142;0.00000;0.32631;2.17881
91;2020;5;13;0;3347.10107;17490.22266;0.19137;0.00000;0.32615;2.17705
91;2020;5;13;0;3345.79126;17487.79297;0.19132;0.00000;0.32600;2.17533
91;2020;5;13;0;3344.48193;17485.36328;0.19127;0.00000;0.32585;2.17365
91;2020;5;13;0;3343.17310;17482.93359;0.19122;0.00000;0.32570;2.17199
91;2020;5;13;0;3341.86475;17480.50586;0.19118;0.00000;0.32555;2.17035
91;2020;5;13;0;3340.55713;17478.07812;0.19113;0.00000;0.32540;2.16872
91;2020;5;13;0;3339.25000;17475.64844;0.19108;0.00000;0.32526;2.16710
91;2020;5;13;0;3337.94336;17473.22070;0.19103;0.00000;0.32511;2.16550
91;2020;5;13;0;3336.63721;17470.79492;0.19098;0.00000;0.32497;2.16390
91;2020;5;13;0;3335.33179;17468.36523;0.19094;0.00000;0.32483;2.16231
91;2020;5;13;0;3334.02686;17465.94141;0.19089;0.00000;0.32468;2.16072
91;2020;5;13;0;3332.72266;17463.51562;0.19084;0.00000;0.32454;2.15913
91;2020;5;13;0;3331.41870;17461.08789;0.19079;0.00000;0.32440;2.15755
91;2020;5;13;0;3330.11548;17458.66406;0.19074;0.00000;0.32425;2.15597
91;2020;5;13;0;3328.81274;17456.23828;0.19069;0.00000;0.32411;2.15439
91;2020;5;13;0;3327.51074;17453.81445;0.19065;0.00000;0.32397;2.15281
91;2020;5;13;0;3326.20923;17451.39258;0.19060;0.00000;0.32383;2.15123
91;2020;5;13;0;3324.90820;17448.96875;0.19055;0.00000;0.32368;2.14965
91;2020;5;13;0;3323.60767;17446.54492;0.19050;0.00000;0.32354;2.14808
91;2020;5;13;0;3322.30786;17444.12305;0.19045;0.00000;0.32340;2.14650
91;2020;5;13;0;3321.00854;17441.70117;0.19041;0.00000;0.32326;2.14493
91;2020;5;13;0;3319.70996;17439.27930;0.19036;0.00000;0.32311;2.14335
91;2020;5;13;0;3318.41162;17436.85742;0.19031;0.00000;0.32297;2.14178
91;2020;5;13;0;3317.11401;17434.43555;0.19026;0.00000;0.32283;2.14020
91;2020;5;13;0;3315.81689;17432.01758;0.19021;0.00000;0.32269;2.13862
91;2020;5;13;0;3314.52051;17429.59570;0.19017;0.00000;0.32254;2.13705
91;2020;5;13;0;3313.22461;17427.17773;0.19012;0.00000;0.32240;2.13547
91;2020;5;13;0;3311.92920;17424.75781;0.19007;0.00000;0.32226;2.13390
91;2020;5;13;0;3310.63428;17422.33984;0.19002;0.00000;0.32212;2.13232
91;2020;5;13;0;3309.34009;17419.92188;0.18997;0.00000;0.32197;2.13075
91;2020;5;13;0;3308.04639;17417.50586;0.18993;0.00000;0.32183;2.12917
91;2020;5;13;0;3306.75317;17415.08594;0.18988;0.00000;0.32169;2.12759
91;2020;5;14;0;3305.21362;17412.20898;0.18982;0.00000;0.32148;2.12536
91;2020;5;14;0;3303.67480;17409.33008;0.18976;0.00000;0.32115;2.12174
91;2020;5;14;0;3302.13647;17406.45312;0.18971;0.00000;0.32079;2.11767
91;2020;5;14;0;3300.59863;17403.57422;0.18965;0.00000;0.32046;2.11408
91;2020;5;14;0;3299.06152;17400.69727;0.18959;0.00000;0.32006;2.10972
91;2020;5;14;0;3297.52490;17397.81836;0.18954;0.00000;0.31951;2.10369
91;2020;5;14;0;3295.98853;17394.94141;0.18948;0.00000;0.31888;2.09679
91;2020;5;14;0;3294.45264;17392.06445;0.18942;0.00000;0.31824;2.08972
91;2020;5;14;0;3292.91724;17389.18555;0.18937;0.00000;0.31762;2.08293
91;2020;5;14;0;3291.38208;17386.30664;0.18931;0.00000;0.31705;2.07674
91;2020;5;14;0;3289.84741;17383.42969;0.18925;0.00000;0.31654;2.07120
91;2020;5;14;0;3288.31323;17380.55078;0.18920;0.00000;0.31609;2.06627
91;2020;5;14;0;3286.77954;17377.67383;0.18914;0.00000;0.31569;2.06188
91;2020;5;14;0;3285.24658;17374.79492;0.18908;0.00000;0.31533;2.05795
91;2020;5;14;0;3283.71411;17371.91797;0.18902;0.00000;0.31500;2.05443
91;2020;5;14;0;3282.18237;17369.04102;0.18897;0.00000;0.31471;2.05123
91;2020;5;14;0;3280.65112;17366.16406;0.18891;0.00000;0.31444;2.04833
91;2020;5;14;0;3279.12061;17363.28711;0.18885;0.00000;0.31420;2.04566
91;2020;5;14;0;3277.59058;17360.41016;0.18880;0.00000;0.31397;2.04320
91;2020;5;14;0;3276.06128;17357.53516;0.18874;0.00000;0.31376;2.04091
91;2020;5;14;0;3274.53271;17354.66016;0.18868;0.00000;0.31356;2.03875
91;2020;5;14;0;3273.00464;17351.78320;0.18863;0.00000;0.31337;2.03671
91;2020;5;14;0;3271.47729;17348.91016;0.18857;0.00000;0.31319;2.03475
91;2020;5;14;0;3269.95068;17346.03516;0.18851;0.00000;0.31302;2.03287
91;2020;5;14;0;3268.42480;17343.16211;0.18846;0.00000;0.31285;2.03104
91;2020;5;14;0;3266.89941;17340.28711;0.18840;0.00000;0.31268;2.02925
91;2020;5;14;0;3265.37476;17337.41602;0.18834;0.00000;0.31252;2.02750
91;2020;5;14;0;3263.85059;17334.54297;0.18829;0.00000;0.31236;2.02578
91;2020;5;14;0;3262.32715;17331.66797;0.18823;0.00000;0.31220;2.02407
91;2020;5;14;0;3260.80444;17328.79688;0.18817;0.00000;0.31204;2.02237
91;2020;5;14;0;3259.28223;17325.92578;0.18812;0.00000;0.31189;2.02069
91;2020;5;14;0;3257.76074;17323.05273;0.18806;0.00000;0.31173;2.01902
91;2020;5;14;0;3256.23999;17320.18359;0.18800;0.00000;0.31158;2.01735
91;2020;5;14;0;3254.71997;17317.31250;0.18795;0.00000;0.31142;2.01568
91;2020;5;14;0;3253.20068;17314.44141;0.18789;0.00000;0.31127;2.01402
91;2020;5;14;0;3251.68188;17311.57227;0.18783;0.00000;0.31112;2.01236
91;2020;5;14;0;3250.16382;17308.70312;0.18778;0.00000;0.31096;2.01070
91;2020;5;14;0;3248.64648;17305.83398;0.18772;0.00000;0.31081;2.00905
91;2020;5;14;0;3247.12988;17302.96680;0.18766;0.00000;0.31066;2.00739
91;2020;5;14;0;3245.61377;17300.09766;0.18761;0.00000;0.31050;2.00573
91;2020;5;14;0;3244.09839;17297.23047;0.18755;0.00000;0.31035;2.00408
91;2020;5;14;0;3242.58374;17294.36328;0.18749;0.00000;0.31019;2.00242
91;2020;5;14;0;3241.06982;17291.49609;0.18744;0.00000;0.31004;2.00076
91;2020;5;14;0;3239.55664;17288.63086;0.18738;0.00000;0.30989;1.99911
91;2020;5;14;0;3238.04370;17285.76367;0.18732;0.00000;0.30973;1.99745
91;2020;5;14;0;3236.53149;17282.89844;0.18727;0.00000;0.30958;1.99579
91;2020;5;14;0;3235.02002;17280.03125;0.18721;0.00000;0.30942;1.99413
91;2020;5;14;0;3233.50928;17277.16797;0.18716;0.00000;0.30927;1.99247
91;2020;5;15;0;3232.20337;17274.68945;0.18711;0.00000;0.30908;1.99047
91;2020;5;15;0;3230.89795;17272.21094;0.18706;0.00000;0.30881;1.98754
91;2020;5;15;0;3229.59302;17269.73633;0.18701;0.00000;0.30856;1.98484
91;2020;5;15;0;3228.28882;17267.25977;0.18696;0.00000;0.30845;1.98375
91;2020;5;15;0;3226.98486;17264.78516;0.18691;0.00000;0.30836;1.98275
91;2020;5;15;0;3225.68164;17262.30664;0.18686;0.00000;0.30818;1.98075
91;2020;5;15;0;3224.37891;17259.83203;0.18681;0.00000;0.30800;1.97886
91;2020;5;15;0;3223.07690;17257.35938;0.18677;0.00000;0.30786;1.97734
91;2020;5;15;0;3221.77515;17254.88281;0.18672;0.00000;0.30773;1.97596
91;2020;5;15;0;3220.47412;17252.41016;0.18667;0.00000;0.30762;1.97476
91;2020;5;15;0;3219.17383;17249.93750;0.18662;0.00000;0.30751;1.97363
91;2020;5;15;0;3217.87402;17247.46484;0.18657;0.00000;0.30741;1.97256
91;2020;5;15;0;3216.57495;17244.99219;0.18652;0.00000;0.30731;1.97149
91;2020;5;15;0;3215.27637;17242.52148;0.18647;0.00000;0.30721;1.97040
91;2020;5;15;0;3213.97852;17240.04883;0.18643;0.00000;0.30710;1.96927
91;2020;5;15;0;3212.68115;17237.57812;0.18638;0.00000;0.30699;1.96809
91;2020;5;15;0;3211.38428;17235.10938;0.18633;0.00000;0.30687;1.96684
91;2020;5;15;0;3210.08789;17232.63867;0.18628;0.00000;0.30675;1.96555
91;2020;5;15;0;3208.79224;17230.16992;0.18623;0.00000;0.30663;1.96420
91;2020;5;15;0;3207.49707;17227.70117;0.18618;0.00000;0.30650;1.96280
91;2020;5;15;0;3206.20264;17225.23242;0.18613;0.00000;0.30636;1.96137
91;2020;5;15;0;3204.90869;17222.76367;0.18609;0.00000;0.30622;1.95990
91;2020;5;15;0;3203.61523;17220.29492;0.18604;0.00000;0.30608;1.95841
91;2020;5;15;0;3202.32227;17217.82812;0.18599;0.00000;0.30594;1.95689
91;2020;5;15;0;3201.03003;17215.36133;0.18594;0.00000;0.30580;1.95536
91;2020;5;15;0;3199.73828;17212.89648;0.18589;0.00000;0.30565;1.95381
91;2020;5;15;0;3198.44727;17210.42969;0.18584;0.00000;0.30551;1.95226
91;2020;5;15;0;3197.15674;17207.96484;0.18580;0.00000;0.30536;1.95069
91;2020;5;15;0;3195.86670;17205.49805;0.18575;0.00000;0.30521;1.94912
91;2020;5;15;0;3194.57739;17203.03516;0.18570;0.00000;0.30506;1.94754
91;2020;5;15;0;3193.28857;17200.57031;0.18565;0.00000;0.30492;1.94596
91;2020;5;15;0;3192.00049;17198.10742;0.18560;0.00000;0.30477;1.94437
91;2020;5;15;0;3190.71265;17195.64453;0.18555;0.00000;0.30462;1.94277
91;2020;5;15;0;3189.42554;17193.18164;0.18551;0.00000;0.30447;1.94118
91;2020;5;15;0;3188.13892;17190.71875;0.18546;0.00000;0.30432;1.93958
91;2020;5;15;0;3186.85303;17188.25781;0.18541;0.00000;0.30416;1.93798
91;2020;5;15;0;3185.56738;17185.79492;0.18536;0.00000;0.30401;1.93637
91;2020;5;15;0;3184.28247;17183.33594;0.18531;0.00000;0.30386;1.93477
91;2020;5;15;0;3182.99805;17180.87500;0.18526;0.00000;0.30371;1.93316
91;2020;5;15;0;3181.71436;17178.41406;0.18522;0.00000;0.30356;1.93155
91;2020;5;15;0;3180.43115;17175.95508;0.18517;0.00000;0.30341;1.92993
91;2020;5;15;0;3179.14844;17173.49414;0.18512;0.00000;0.30325;1.92832
91;2020;5;15;0;3177.86621;17171.03711;0.18507;0.00000;0.30310;1.92670
91;2020;5;15;0;3176.58472;17168.57812;0.18502;0.00000;0.30295;1.92508
91;2020;5;15;0;3175.30371;17166.11914;0.18498;0.00000;0.30280;1.92346
91;2020;5;15;0;3174.02319;17163.66211;0.18493;0.00000;0.30264;1.92184
91;2020;5;15;0;3172.74316;17161.20508;0.18488;0.00000;0.30249;1.92021
91;2020;5;15;0;3171.46387;17158.74805;0.18483;0.00000;0.30233;1.91858
91;2020;5;16;0;3175.99731;17167.45117;0.18500;0.00000;0.30329;1.92872
91;2020;5;16;0;3180.53027;17176.14453;0.18517;0.00000;0.30637;1.96147
91;2020;5;16;0;3185.06323;17184.83008;0.18534;0.00000;0.31066;2.00746
91;2020;5;16;0;3189.59619;17193.50781;0.18551;0.00000;0.31498;2.05422
91;2020;5;16;0;3194.12842;17202.17578;0.18568;0.00000;0.31818;2.08907
91;2020;5;16;0;3198.65942;17210.83398;0.18585;0.00000;0.32000;2.10901
91;2020;5;16;0;3203.18872;17219.48242;0.18602;0.00000;0.32138;2.12421
91;2020;5;16;0;3207.71631;17228.11719;0.18619;0.00000;0.32257;2.13738
91;2020;5;16;0;3212.24219;17236.74219;0.18636;0.00000;0.32349;2.14755
91;2020;5;16;0;3216.76636;17245.35742;0.18653;0.00000;0.32425;2.15594
91;2020;5;16;0;3221.28857;17253.95898;0.18670;0.00000;0.32484;2.16244
91;2020;5;16;0;3225.80884;17262.55078;0.18687;0.00000;0.32532;2.16775
91;2020;5;16;0;3230.32690;17271.12891;0.18704;0.00000;0.32569;2.17186
91;2020;5;16;0;3234.84277;17279.69531;0.18720;0.00000;0.32598;2.17518
91;2020;5;16;0;3239.35669;17288.25000;0.18737;0.00000;0.32622;2.17776
91;2020;5;16;0;3243.86865;17296.79492;0.18754;0.00000;0.32640;2.17981
91;2020;5;16;0;3248.37817;17305.32812;0.18771;0.00000;0.32654;2.18141
91;2020;5;16;0;3252.88550;17313.84766;0.18788;0.00000;0.32666;2.18266
91;2020;5;16;0;3257.39087;17322.35547;0.18805;0.00000;0.32674;2.18364
91;2020;5;16;0;3261.89404;17330.85352;0.18821;0.00000;0.32681;2.18439
91;2020;5;16;0;3266.39502;17339.33789;0.18838;0.00000;0.32687;2.18500
91;2020;5;16;0;3270.89380;17347.81250;0.18855;0.00000;0.32691;2.18545
91;2020;5;16;0;3275.39038;17356.27344;0.18872;0.00000;0.32694;2.18582
91;2020;5;16;0;3279.88477;17364.72461;0.18888;0.00000;0.32696;2.18608
91;2020;5;16;0;3284.37720;17373.16211;0.18905;0.00000;0.32698;2.18630
91;2020;5;16;0;3288.86719;17381.58984;0.18922;0.00000;0.32700;2.18644
91;2020;5;16;0;3293.35498;17390.00586;0.18938;0.00000;0.32700;2.18654
91;2020;5;16;0;3297.84082;17398.41211;0.18955;0.00000;0.32701;2.18659
91;2020;5;16;0;3302.32422;17406.80469;0.18971;0.00000;0.32701;2.18662
91;2020;5;16;0;3306.80542;17415.18555;0.18988;0.00000;0.32701;2.18660
91;2020;5;16;0;3311.28442;17423.55469;0.19005;0.00000;0.32701;2.18656
91;2020;5;16;0;3315.76123;17431.91211;0.19021;0.00000;0.32700;2.18648
91;2020;5;16;0;3320.23608;17440.25977;0.19038;0.00000;0.32699;2.18639
91;2020;5;16;0;3324.70850;17448.59766;0.19054;0.00000;0.32698;2.18626
91;2020;5;16;0;3329.17896;17456.91992;0.19071;0.00000;0.32697;2.18612
91;2020;5;16;0;3333.64722;17465.23438;0.19087;0.00000;0.32695;2.18596
91;2020;5;16;0;3338.11328;17473.53711;0.19104;0.00000;0.32694;2.18577
91;2020;5;16;0;3342.57715;17481.82812;0.19120;0.00000;0.32692;2.18557
91;2020;5;16;0;3347.03882;17490.10742;0.19137;0.00000;0.32690;2.18535
91;2020;5;16;0;3351.49829;17498.37695;0.19153;0.00000;0.32688;2.18511
91;2020;5;16;0;3355.95581;17506.63477;0.19170;0.00000;0.32685;2.18485
91;2020;5;16;0;3360.41089;17514.88086;0.19186;0.00000;0.32683;2.18458
91;2020;5;16;0;3364.86401;17523.11719;0.19202;0.00000;0.32680;2.18430
91;2020;5;16;0;3369.31470;17531.33984;0.19219;0.00000;0.32678;2.18400
91;2020;5;16;0;3373.76343;17539.55273;0.19235;0.00000;0.32675;2.18368
91;2020;5;16;0;3378.20996;17547.75586;0.19252;0.00000;0.32672;2.18336
91;2020;5;16;0;3382.65430;17555.94727;0.19268;0.00000;0.32669;2.18302
91;2020;5;16;0;3387.09668;17564.12891;0.19284;0.00000;0.32666;2.18267
91;2020;5;17;0;3387.32520;17564.55078;0.19285;0.00000;0.32595;2.17480
91;2020;5;17;0;3387.55249;17564.96680;0.19286;0.00000;0.32375;2.15044
91;2020;5;17;0;3387.77783;17565.38281;0.19287;0.00000;0.32036;2.11302
91;2020;5;17;0;3388.00146;17565.79492;0.19287;0.00000;0.31692;2.07536
91;2020;5;17;0;3388.22388;17566.20312;0.19288;0.00000;0.31470;2.05113
91;2020;5;17;0;3388.44556;17566.61133;0.19289;0.00000;0.31374;2.04074
91;2020;5;17;0;3388.66699;17567.01953;0.19290;0.00000;0.31317;2.03458
91;2020;5;17;0;3388.88794;17567.42578;0.19291;0.00000;0.31276;2.03013
91;2020;5;17;0;3389.10864;17567.83203;0.19292;0.00000;0.31251;2.02746
91;2020;5;17;0;3389.32935;17568.23633;0.19292;0.00000;0.31234;2.02557
91;2020;5;17;0;3389.54980;17568.64258;0.19293;0.00000;0.31224;2.02444
91;2020;5;17;0;3389.77026;17569.04883;0.19294;0.00000;0.31216;2.02367
91;2020;5;17;0;3389.99048;17569.45312;0.19295;0.00000;0.31213;2.02324
91;2020;5;17;0;3390.21045;17569.85938;0.19296;0.00000;0.31209;2.02289
91;2020;5;17;0;3390.43018;17570.26367;0.19296;0.00000;0.31206;2.02257
91;2020;5;17;0;3390.64990;17570.66797;0.19297;0.00000;0.31202;2.02214
91;2020;5;17;0;3390.86963;17571.07227;0.19298;0.00000;0.31197;2.02157
91;2020;5;17;0;3391.08911;17571.47656;0.19299;0.00000;0.31190;2.02081
91;2020;5;17;0;3391.30859;17571.87891;0.19300;0.00000;0.31181;2.01989
91;2020;5;17;0;3391.52783;17572.28125;0.19300;0.00000;0.31171;2.01880
91;2020;5;17;0;3391.74683;17572.68359;0.19301;0.00000;0.31160;2.01756
91;2020;5;17;0;3391.96582;17573.08594;0.19302;0.00000;0.31147;2.01622
91;2020;5;17;0;3392.18457;17573.48828;0.19303;0.00000;0.31134;2.01479
91;2020;5;17;0;3392.40308;17573.89062;0.19304;0.00000;0.31120;2.01330
91;2020;5;17;0;3392.62134;17574.29297;0.19304;0.00000;0.31106;2.01176
91;2020;5;17;0;3392.83960;17574.69336;0.19305;0.00000;0.31092;2.01020
91;2020;5;17;0;3393.05762;17575.09570;0.19306;0.00000;0.31077;2.00862
91;2020;5;17;0;3393.27539;17575.49609;0.19307;0.00000;0.31062;2.00704
91;2020;5;17;0;3393.49316;17575.89648;0.19308;0.00000;0.31048;2.00546
91;2020;5;17;0;3393.71045;17576.29492;0.19308;0.00000;0.31033;2.00389
91;2020;5;17;0;3393.92773;17576.69531;0.19309;0.00000;0.31019;2.00233
91;2020;5;17;0;3394.14478;17577.09375;0.19310;0.00000;0.31004;2.00080
91;2020;5;17;0;3394.36157;17577.49219;0.19311;0.00000;0.30990;1.99927
91;2020;5;17;0;3394.57837;17577.89062;0.19312;0.00000;0.30976;1.99777
91;2020;5;17;0;3394.79492;17578.28906;0.19312;0.00000;0.30962;1.99628
91;2020;5;17;0;3395.01123;17578.68555;0.19313;0.00000;0.30949;1.99482
91;2020;5;17;0;3395.22729;17579.08398;0.19314;0.00000;0.30935;1.99337
91;2020;5;17;0;3395.44336;17579.48047;0.19315;0.00000;0.30922;1.99194
91;2020;5;17;0;3395.65942;17579.87695;0.19316;0.00000;0.30909;1.99053
91;2020;5;17;0;3395.87500;17580.27344;0.19316;0.00000;0.30896;1.98914
91;2020;5;17;0;3396.09058;17580.67188;0.19317;0.00000;0.30883;1.98776
91;2020;5;17;0;3396.30591;17581.06641;0.19318;0.00000;0.30870;1.98640
91;2020;5;17;0;3396.52100;17581.46094;0.19319;0.00000;0.30858;1.98506
91;2020;5;17;0;3396.73608;17581.85742;0.19320;0.00000;0.30845;1.98373
91;2020;5;17;0;3396.95093;17582.25195;0.19320;0.00000;0.30833;1.98242
91;2020;5;17;0;3397.16577;17582.64648;0.19321;0.00000;0.30821;1.98113
91;2020;5;17;0;3397.38013;17583.03906;0.19322;0.00000;0.30809;1.97985
91;2020;5;17;0;3397.59448;17583.43359;0.19323;0.00000;0.30797;1.97858
91;2020;5;18;0;3395.71436;17579.97852;0.19316;0.00000;0.30726;1.97099
91;2020;5;18;0;3393.83398;17576.52344;0.19309;0.00000;0.30556;1.95287
91;2020;5;18;0;3391.95361;17573.06445;0.19302;0.00000;0.30364;1.93240
91;2020;5;18;0;3390.07324;17569.60742;0.19295;0.00000;0.30191;1.91413
91;2020;5;18;0;3388.19287;17566.14648;0.19288;0.00000;0.30037;1.89780
91;2020;5;18;0;3386.31274;17562.68555;0.19281;0.00000;0.29904;1.88387
91;2020;5;18;0;3384.43286;17559.22266;0.19274;0.00000;0.29776;1.87041
91;2020;5;18;0;3382.55322;17555.75977;0.19267;0.00000;0.29651;1.85739
91;2020;5;18;0;3380.67383;17552.29688;0.19261;0.00000;0.29535;1.84529
91;2020;5;18;0;3378.79468;17548.83398;0.19254;0.00000;0.29427;1.83406
91;2020;5;18;0;3376.91602;17545.36914;0.19247;0.00000;0.29329;1.82386
91;2020;5;18;0;3375.03809;17541.90430;0.19240;0.00000;0.29238;1.81450
91;2020;5;18;0;3373.16040;17538.43945;0.19233;0.00000;0.29157;1.80605
91;2020;5;18;0;3371.28320;17534.97461;0.19226;0.00000;0.29082;1.79838
91;2020;5;18;0;3369.40649;17531.50977;0.19219;0.00000;0.29016;1.79154
91;2020;5;18;0;3367.53052;17528.04492;0.19212;0.00000;0.28956;1.78541
91;2020;5;18;0;3365.65503;17524.57812;0.19205;0.00000;0.28903;1.77998
91;2020;5;18;0;3363.78027;17521.11328;0.19198;0.00000;0.28856;1.77515
91;2020;5;18;0;3361.90625;17517.64648;0.19192;0.00000;0.28815;1.77087
91;2020;5;18;0;3360.03296;17514.18164;0.19185;0.00000;0.28777;1.76707
91;2020;5;18;0;3358.16016;17510.71484;0.19178;0.00000;0.28744;1.76367
91;2020;5;18;0;3356.28833;17507.25000;0.19171;0.00000;0.28714;1.76061
91;2020;5;18;0;3354.41724;17503.78516;0.19164;0.00000;0.28687;1.75783
91;2020;5;18;0;3352.54688;17500.32031;0.19157;0.00000;0.28662;1.75530
91;2020;5;18;0;3350.67749;17496.85547;0.19150;0.00000;0.28639;1.75294
91;2020;5;18;0;3348.80859;17493.39062;0.19143;0.00000;0.28618;1.75075
91;2020;5;18;0;3346.94067;17489.92578;0.19136;0.00000;0.28597;1.74868
91;2020;5;18;0;3345.07349;17486.46094;0.19130;0.00000;0.28578;1.74672
91;2020;5;18;0;3343.20728;17482.99805;0.19123;0.00000;0.28560;1.74484
91;2020;5;18;0;3341.34155;17479.53320;0.19116;0.00000;0.28542;1.74303
91;2020;5;18;0;3339.47681;17476.07031;0.19109;0.00000;0.28525;1.74126
91;2020;5;18;0;3337.61304;17472.60742;0.19102;0.00000;0.28508;1.73955
91;2020;5;18;0;3335.75000;17469.14453;0.19095;0.00000;0.28491;1.73787
91;2020;5;18;0;3333.88794;17465.68164;0.19088;0.00000;0.28475;1.73622
91;2020;5;18;0;3332.02637;17462.22070;0.19081;0.00000;0.28459;1.73460
91;2020;5;18;0;3330.16577;17458.75781;0.19074;0.00000;0.28443;1.73299
91;2020;5;18;0;3328.30591;17455.29688;0.19068;0.00000;0.28428;1.73141
91;2020;5;18;0;3326.44702;17451.83594;0.19061;0.00000;0.28412;1.72984
91;2020;5;18;0;3324.58887;17448.37500;0.19054;0.00000;0.28397;1.72828
91;2020;5;18;0;3322.73145;17444.91211;0.19047;0.00000;0.28381;1.72674
91;2020;5;18;0;3320.87476;17441.45117;0.19040;0.00000;0.28366;1.72520
91;2020;5;18;0;3319.01904;17437.99023;0.19033;0.00000;0.28351;1.72367
91;2020;5;18;0;3317.16406;17434.52930;0.19026;0.00000;0.28336;1.72216
91;2020;5;18;0;3315.31006;17431.07031;0.19020;0.00000;0.28321;1.72065
91;2020;5;18;0;3313.45703;17427.61133;0.19013;0.00000;0.28307;1.71914
91;2020;5;18;0;3311.60449;17424.15234;0.19006;0.00000;0.28292;1.71765
91;2020;5;18;0;3309.75293;17420.69336;0.18999;0.00000;0.28277;1.71616
91;2020;5;18;0;3307.90210;17417.23438;0.18992;0.00000;0.28262;1.71467
91;2020;5;19;0;3308.95239;17419.19727;0.18996;0.00000;0.28274;1.71587
91;2020;5;19;0;3310.00244;17421.15820;0.19000;0.00000;0.28317;1.72018
91;2020;5;19;0;3311.05225;17423.12109;0.19004;0.00000;0.28358;1.72430
91;2020;5;19;0;3312.10181;17425.08203;0.19008;0.00000;0.28399;1.72848
91;2020;5;19;0;3313.15112;17427.04102;0.19012;0.00000;0.28443;1.73301
91;2020;5;19;0;3314.19995;17429.00000;0.19015;0.00000;0.28478;1.73655
91;2020;5;19;0;3315.24854;17430.95703;0.19019;0.00000;0.28506;1.73938
91;2020;5;19;0;3316.29663;17432.91211;0.19023;0.00000;0.28529;1.74167
91;2020;5;19;0;3317.34424;17434.86719;0.19027;0.00000;0.28545;1.74332
91;2020;5;19;0;3318.39136;17436.82031;0.19031;0.00000;0.28557;1.74452
91;2020;5;19;0;3319.43823;17438.77344;0.19035;0.00000;0.28564;1.74523
91;2020;5;19;0;3320.48462;17440.72461;0.19039;0.00000;0.28567;1.74560
91;2020;5;19;0;3321.53027;17442.67383;0.19043;0.00000;0.28567;1.74562
91;2020;5;19;0;3322.57544;17444.62109;0.19046;0.00000;0.28565;1.74540
91;2020;5;19;0;3323.62012;17446.56836;0.19050;0.00000;0.28561;1.74495
91;2020;5;19;0;3324.66431;17448.51367;0.19054;0.00000;0.28555;1.74433
91;2020;5;19;0;3325.70801;17450.45898;0.19058;0.00000;0.28547;1.74357
91;2020;5;19;0;3326.75098;17452.40039;0.19062;0.00000;0.28539;1.74270
91;2020;5;19;0;3327.79346;17454.34180;0.19066;0.00000;0.28529;1.74173
91;2020;5;19;0;3328.83545;17456.28125;0.19070;0.00000;0.28519;1.74070
91;2020;5;19;0;3329.87695;17458.22070;0.19073;0.00000;0.28508;1.73961
91;2020;5;19;0;3330.91772;17460.15625;0.19077;0.00000;0.28497;1.73847
91;2020;5;19;0;3331.95801;17462.09375;0.19081;0.00000;0.28486;1.73730
91;2020;5;19;0;3332.99780;17464.02734;0.19085;0.00000;0.28474;1.73611
91;2020;5;19;0;3334.03687;17465.95898;0.19089;0.00000;0.28462;1.73490
91;2020;5;19;0;3335.07544;17467.89062;0.19093;0.00000;0.28450;1.73368
91;2020;5;19;0;3336.11353;17469.82031;0.19096;0.00000;0.28438;1.73245
91;2020;5;19;0;3337.15088;17471.74805;0.19100;0.00000;0.28426;1.73121
91;2020;5;19;0;3338.18774;17473.67578;0.19104;0.00000;0.28413;1.72996
91;2020;5;19;0;3339.22388;17475.59961;0.19108;0.00000;0.28401;1.72871
91;2020;5;19;0;3340.25952;17477.52344;0.19112;0.00000;0.28389;1.72746
91;2020;5;19;0;3341.29468;17479.44727;0.19116;0.00000;0.28376;1.72621
91;2020;5;19;0;3342.32910;17481.36719;0.19119;0.00000;0.28364;1.72496
91;2020;5;19;0;3343.36304;17483.28516;0.19123;0.00000;0.28352;1.72371
91;2020;5;19;0;3344.39648;17485.20508;0.19127;0.00000;0.28339;1.72246
91;2020;5;19;0;3345.42920;17487.12109;0.19131;0.00000;0.28327;1.72121
91;2020;5;19;0;3346.46143;17489.03711;0.19135;0.00000;0.28315;1.71996
91;2020;5;19;0;3347.49316;17490.95117;0.19138;0.00000;0.28302;1.71871
91;2020;5;19;0;3348.52417;17492.86328;0.19142;0.00000;0.28290;1.71747
91;2020;5;19;0;3349.55469;17494.77344;0.19146;0.00000;0.28278;1.71623
91;2020;5;19;0;3350.58472;17496.68359;0.19150;0.00000;0.28265;1.71499
91;2020;5;19;0;3351.61401;17498.59180;0.19154;0.00000;0.28253;1.71375
91;2020;5;19;0;3352.64282;17500.49805;0.19157;0.00000;0.28241;1.71251
91;2020;5;19;0;3353.67114;17502.40234;0.19161;0.00000;0.28229;1.71128
91;2020;5;19;0;3354.69897;17504.30664;0.19165;0.00000;0.28217;1.71004
91;2020;5;19;0;3355.72632;17506.20898;0.19169;0.00000;0.28204;1.70881
91;2020;5;19;0;3356.75317;17508.10938;0.19173;0.00000;0.28192;1.70759
91;2020;5;19;0;3357.77930;17510.01172;0.19176;0.00000;0.28180;1.70636
91;2020;5;20;0;3356.12280;17506.94336;0.19170;0.00000;0.28130;1.70133
91;2020;5;20;0;3354.46655;17503.87695;0.19164;0.00000;0.28018;1.69008
91;2020;5;20;0;3352.81030;17500.80859;0.19158;0.00000;0.27888;1.67703
91;2020;5;20;0;3351.15430;17497.73828;0.19152;0.00000;0.27769;1.66505
91;2020;5;20;0;3349.49854;17494.66992;0.19146;0.00000;0.27654;1.65365
91;2020;5;20;0;3347.84277;17491.59766;0.19140;0.00000;0.27543;1.64255
91;2020;5;20;0;3346.18750;17488.52734;0.19134;0.00000;0.27434;1.63169
91;2020;5;20;0;3344.53247;17485.45703;0.19128;0.00000;0.27329;1.62138
91;2020;5;20;0;3342.87769;17482.38672;0.19121;0.00000;0.27233;1.61186
91;2020;5;20;0;3341.22314;17479.31445;0.19115;0.00000;0.27145;1.60321
91;2020;5;20;0;3339.56909;17476.24219;0.19109;0.00000;0.27067;1.59547
91;2020;5;20;0;3337.91553;17473.16797;0.19103;0.00000;0.26996;1.58852
91;2020;5;20;0;3336.26221;17470.09570;0.19097;0.00000;0.26932;1.58230
91;2020;5;20;0;3334.60962;17467.02539;0.19091;0.00000;0.26875;1.57669
91;2020;5;20;0;3332.95752;17463.95117;0.19085;0.00000;0.26823;1.57164
91;2020;5;20;0;3331.30591;17460.87891;0.19079;0.00000;0.26776;1.56707
91;2020;5;20;0;3329.65503;17457.80664;0.19073;0.00000;0.26734;1.56294
91;2020;5;20;0;3328.00464;17454.73438;0.19066;0.00000;0.26695;1.55918
91;2020;5;20;0;3326.35474;17451.66211;0.19060;0.00000;0.26660;1.55577
91;2020;5;20;0;3324.70557;17448.59180;0.19054;0.00000;0.26628;1.55265
91;2020;5;20;0;3323.05713;17445.51953;0.19048;0.00000;0.26599;1.54980
91;2020;5;20;0;3321.40942;17442.44727;0.19042;0.00000;0.26572;1.54717
91;2020;5;20;0;3319.76221;17439.37695;0.19036;0.00000;0.26547;1.54474
91;2020;5;20;0;3318.11572;17436.30469;0.19030;0.00000;0.26523;1.54247
91;2020;5;20;0;3316.46997;17433.23438;0.19024;0.00000;0.26502;1.54035
91;2020;5;20;0;3314.82471;17430.16602;0.19018;0.00000;0.26481;1.53835
91;2020;5;20;0;3313.18042;17427.09570;0.19012;0.00000;0.26461;1.53644
91;2020;5;20;0;3311.53687;17424.02734;0.19006;0.00000;0.26442;1.53462
91;2020;5;20;0;3309.89404;17420.95703;0.19000;0.00000;0.26424;1.53287
91;2020;5;20;0;3308.25171;17417.88867;0.18993;0.00000;0.26407;1.53118
91;2020;5;20;0;3306.61011;17414.82031;0.18987;0.00000;0.26390;1.52953
91;2020;5;20;0;3304.96924;17411.75195;0.18981;0.00000;0.26373;1.52793
91;2020;5;20;0;3303.32910;17408.68359;0.18975;0.00000;0.26357;1.52636
91;2020;5;20;0;3301.68994;17405.61523;0.18969;0.00000;0.26341;1.52481
91;2020;5;20;0;3300.05127;17402.54883;0.18963;0.00000;0.26325;1.52329
91;2020;5;20;0;3298.41333;17399.48242;0.18957;0.00000;0.26309;1.52179
91;2020;5;20;0;3296.77612;17396.41602;0.18951;0.00000;0.26294;1.52030
91;2020;5;20;0;3295.13965;17393.35156;0.18945;0.00000;0.26279;1.51883
91;2020;5;20;0;3293.50391;17390.28711;0.18939;0.00000;0.26264;1.51737
91;2020;5;20;0;3291.86865;17387.22070;0.18933;0.00000;0.26249;1.51592
91;2020;5;20;0;3290.23413;17384.15625;0.18927;0.00000;0.26234;1.51448
91;2020;5;20;0;3288.60059;17381.09180;0.18921;0.00000;0.26219;1.51305
91;2020;5;20;0;3286.96777;17378.02734;0.18915;0.00000;0.26204;1.51163
91;2020;5;20;0;3285.33569;17374.96289;0.18908;0.00000;0.26189;1.51021
91;2020;5;20;0;3283.70410;17371.90039;0.18902;0.00000;0.26175;1.50880
91;2020;5;20;0;3282.07324;17368.83789;0.18896;0.00000;0.26160;1.50740
91;2020;5;20;0;3280.44312;17365.77344;0.18890;0.00000;0.26145;1.50600
91;2020;5;20;0;3278.81372;17362.71094;0.18884;0.00000;0.26131;1.50460
91;2020;5;21;0;3278.55078;17362.21680;0.18883;0.00000;0.26120;1.50352
91;2020;5;21;0;3278.28760;17361.72266;0.18882;0.00000;0.26097;1.50133
91;2020;5;21;0;3278.02441;17361.22656;0.18881;0.00000;0.26056;1.49747
91;2020;5;21;0;3277.76123;17360.73242;0.18880;0.00000;0.26027;1.49465
91;2020;5;21;0;3277.49805;17360.23633;0.18879;0.00000;0.26012;1.49322
91;2020;5;21;0;3277.23486;17359.74219;0.18878;0.00000;0.25995;1.49157
91;2020;5;21;0;3276.97192;17359.24805;0.18877;0.00000;0.25975;1.48968
91;2020;5;21;0;3276.70874;17358.75391;0.18876;0.00000;0.25955;1.48780
91;2020;5;21;0;3276.44580;17358.25977;0.18875;0.00000;0.25936;1.48591
91;2020;5;21;0;3276.18262;17357.76367;0.18874;0.00000;0.25917;1.48413
91;2020;5;21;0;3275.91968;17357.26953;0.18873;0.00000;0.25899;1.48244
91;2020;5;21;0;3275.65674;17356.77539;0.18873;0.00000;0.25883;1.48088
91;2020;5;21;0;3275.39380;17356.27930;0.18872;0.00000;0.25868;1.47943
91;2020;5;21;0;3275.13086;17355.78516;0.18871;0.00000;0.25853;1.47808
91;2020;5;21;0;3274.86816;17355.29297;0.18870;0.00000;0.25840;1.47680
91;2020;5;21;0;3274.60547;17354.79688;0.18869;0.00000;0.25827;1.47558
91;2020;5;21;0;3274.34277;17354.30273;0.18868;0.00000;0.25815;1.47440
91;2020;5;21;0;3274.08008;17353.80859;0.18867;0.00000;0.25803;1.47323
91;2020;5;21;0;3273.81763;17353.31445;0.18866;0.00000;0.25790;1.47208
91;2020;5;21;0;3273.55518;17352.82031;0.18865;0.00000;0.25778;1.47093
91;2020;5;21;0;3273.29272;17352.32617;0.18864;0.00000;0.25766;1.46978
91;2020;5;21;0;3273.03027;17351.83203;0.18863;0.00000;0.25754;1.46861
91;2020;5;21;0;3272.76807;17351.33984;0.18862;0.00000;0.25742;1.46744
91;2020;5;21;0;3272.50586;17350.84766;0.18861;0.00000;0.25729;1.46626
91;2020;5;21;0;3272.24390;17350.35352;0.18860;0.00000;0.25717;1.46507
91;2020;5;21;0;3271.98169;17349.85938;0.18859;0.00000;0.25704;1.46386
91;2020;5;21;0;3271.71973;17349.36719;0.18858;0.00000;0.25691;1.46265
91;2020;5;21;0;3271.45776;17348.87305;0.18857;0.00000;0.25678;1.46143
91;2020;5;21;0;3271.19580;17348.38086;0.18856;0.00000;0.25665;1.46021
91;2020;5;21;0;3270.93384;17347.88672;0.18855;0.00000;0.25652;1.45898
91;2020;5;21;0;3270.67212;17347.39453;0.18854;0.00000;0.25640;1.45775
91;2020;5;21;0;3270.41040;17346.90039;0.18853;0.00000;0.25626;1.45652
91;2020;5;21;0;3270.14868;17346.41016;0.18852;0.00000;0.25613;1.45528
91;2020;5;21;0;3269.88696;17345.91602;0.18851;0.00000;0.25600;1.45405
91;2020;5;21;0;3269.62549;17345.42383;0.18850;0.00000;0.25587;1.45281
91;2020;5;21;0;3269.36401;17344.93164;0.18849;0.00000;0.25574;1.45158
91;2020;5;21;0;3269.10254;17344.43945;0.18848;0.00000;0.25561;1.45034
91;2020;5;21;0;3268.84106;17343.94531;0.18847;0.00000;0.25548;1.44911
91;2020;5;21;0;3268.57983;17343.45312;0.18846;0.00000;0.25535;1.44788
91;2020;5;21;0;3268.31860;17342.96094;0.18845;0.00000;0.25522;1.44666
91;2020;5;21;0;3268.05737;17342.46875;0.18844;0.00000;0.25509;1.44543
91;2020;5;21;0;3267.79614;17341.97656;0.18843;0.00000;0.25496;1.44421
91;2020;5;21;0;3267.53516;17341.48633;0.18842;0.00000;0.25483;1.44299
91;2020;5;21;0;3267.27417;17340.99414;0.18841;0.00000;0.25471;1.44178
91;2020;5;21;0;3267.01318;17340.50391;0.18840;0.00000;0.25458;1.44056
91;2020;5;21;0;3266.75220;17340.01172;0.18839;0.00000;0.25445;1.43935
91;2020;5;21;0;3266.49146;17339.51953;0.18838;0.00000;0.25432;1.43815
91;2020;5;21;0;3266.23071;17339.02930;0.18837;0.00000;0.25419;1.43694
91;2020;5;22;0;3263.79248;17334.43164;0.18828;0.00000;0.25374;1.43269
91;2020;5;22;0;3261.35498;17329.83594;0.18819;0.00000;0.25276;1.42351
91;2020;5;22;0;3258.91797;17325.23828;0.18810;0.00000;0.25167;1.41326
91;2020;5;22;0;3256.48169;17320.63867;0.18801;0.00000;0.25076;1.40478
91;2020;5;22;0;3254.04639;17316.03906;0.18792;0.00000;0.24999;1.39754
91;2020;5;22;0;3251.61157;17311.43945;0.18783;0.00000;0.24926;1.39073
91;2020;5;22;0;3249.17773;17306.83984;0.18774;0.00000;0.24854;1.38412
91;2020;5;22;0;3246.74487;17302.23828;0.18765;0.00000;0.24787;1.37786
91;2020;5;22;0;3244.31274;17297.63672;0.18756;0.00000;0.24723;1.37191
91;2020;5;22;0;3241.88135;17293.03125;0.18747;0.00000;0.24662;1.36626
91;2020;5;22;0;3239.45093;17288.42969;0.18738;0.00000;0.24604;1.36095
91;2020;5;22;0;3237.02148;17283.82617;0.18729;0.00000;0.24550;1.35594
91;2020;5;22;0;3234.59277;17279.22070;0.18720;0.00000;0.24498;1.35124
91;2020;5;22;0;3232.16528;17274.61719;0.18710;0.00000;0.24450;1.34681
91;2020;5;22;0;3229.73877;17270.01172;0.18701;0.00000;0.24405;1.34265
91;2020;5;22;0;3227.31323;17265.40625;0.18692;0.00000;0.24362;1.33875
91;2020;5;22;0;3224.88867;17260.80078;0.18683;0.00000;0.24322;1.33509
91;2020;5;22;0;3222.46509;17256.19531;0.18674;0.00000;0.24285;1.33167
91;2020;5;22;0;3220.04248;17251.58984;0.18665;0.00000;0.24250;1.32847
91;2020;5;22;0;3217.62085;17246.98242;0.18656;0.00000;0.24217;1.32547
91;2020;5;22;0;3215.20020;17242.37500;0.18647;0.00000;0.24186;1.32267
91;2020;5;22;0;3212.78076;17237.76953;0.18638;0.00000;0.24158;1.32004
91;2020;5;22;0;3210.36255;17233.16211;0.18629;0.00000;0.24130;1.31757
91;2020;5;22;0;3207.94507;17228.55273;0.18620;0.00000;0.24105;1.31525
91;2020;5;22;0;3205.52881;17223.94727;0.18611;0.00000;0.24081;1.31305
91;2020;5;22;0;3203.11377;17219.33984;0.18602;0.00000;0.24058;1.31096
91;2020;5;22;0;3200.69946;17214.73242;0.18593;0.00000;0.24036;1.30897
91;2020;5;22;0;3198.28638;17210.12109;0.18584;0.00000;0.24015;1.30707
91;2020;5;22;0;3195.87451;17205.51367;0.18575;0.00000;0.23995;1.30525
91;2020;5;22;0;3193.46387;17200.90625;0.18566;0.00000;0.23975;1.30349
91;2020;5;22;0;3191.05396;17196.29883;0.18557;0.00000;0.23956;1.30178
91;2020;5;22;0;3188.64526;17191.68750;0.18548;0.00000;0.23938;1.30012
91;2020;5;22;0;3186.23779;17187.08008;0.18539;0.00000;0.23920;1.29851
91;2020;5;22;0;3183.83130;17182.47070;0.18530;0.00000;0.23903;1.29693
91;2020;5;22;0;3181.42603;17177.86133;0.18521;0.00000;0.23886;1.29539
91;2020;5;22;0;3179.02197;17173.25391;0.18511;0.00000;0.23869;1.29387
91;2020;5;22;0;3176.61890;17168.64258;0.18502;0.00000;0.23852;1.29238
91;2020;5;22;0;3174.21680;17164.03320;0.18493;0.00000;0.23836;1.29091
91;2020;5;22;0;3171.81592;17159.42383;0.18484;0.00000;0.23820;1.28946
91;2020;5;22;0;3169.41626;17154.81445;0.18475;0.00000;0.23804;1.28802
91;2020;5;22;0;3167.01758;17150.20508;0.18466;0.00000;0.23789;1.28661
91;2020;5;22;0;3164.62012;17145.59375;0.18457;0.00000;0.23773;1.28521
91;2020;5;22;0;3162.22363;17140.98438;0.18448;0.00000;0.23758;1.28382
91;2020;5;22;0;3159.82837;17136.37500;0.18439;0.00000;0.23742;1.28245
91;2020;5;22;0;3157.43408;17131.76367;0.18430;0.00000;0.23727;1.28109
91;2020;5;22;0;3155.04102;17127.15430;0.18421;0.00000;0.23712;1.27974
91;2020;5;22;0;3152.64917;17122.54297;0.18412;0.00000;0.23697;1.27840
91;2020;5;22;0;3150.25854;17117.93359;0.18403;0.00000;0.23683;1.27708
91;2020;5;23;0;3148.31030;17114.17578;0.18396;0.00000;0.23661;1.27518
91;2020;5;23;0;3146.36279;17110.41602;0.18389;0.00000;0.23619;1.27139
91;2020;5;23;0;3144.41602;17106.65625;0.18381;0.00000;0.23564;1.26645
91;2020;5;23;0;3142.46997;17102.89844;0.18374;0.00000;0.23525;1.26295
91;2020;5;23;0;3140.52490;17099.13867;0.18367;0.00000;0.23506;1.26124
91;2020;5;23;0;3138.58057;17095.38086;0.18359;0.00000;0.23491;1.25988
91;2020;5;23;0;3136.63721;17091.62305;0.18352;0.00000;0.23476;1.25853
91;2020;5;23;0;3134.69458;17087.86328;0.18345;0.00000;0.23462;1.25727
91;2020;5;23;0;3132.75293;17084.10547;0.18337;0.00000;0.23447;1.25601
91;2020;5;23;0;3130.81226;17080.34961;0.18330;0.00000;0.23434;1.25477
91;2020;5;23;0;3128.87256;17076.59180;0.18323;0.00000;0.23420;1.25356
91;2020;5;23;0;3126.93384;17072.83594;0.18315;0.00000;0.23407;1.25239
91;2020;5;23;0;3124.99585;17069.07617;0.18308;0.00000;0.23395;1.25129
91;2020;5;23;0;3123.05884;17065.32227;0.18301;0.00000;0.23383;1.25025
91;2020;5;23;0;3121.12280;17061.56641;0.18293;0.00000;0.23372;1.24927
91;2020;5;23;0;3119.18774;17057.80859;0.18286;0.00000;0.23361;1.24835
91;2020;5;23;0;3117.25342;17054.05469;0.18279;0.00000;0.23351;1.24745
91;2020;5;23;0;3115.32007;17050.29688;0.18271;0.00000;0.23342;1.24658
91;2020;5;23;0;3113.38745;17046.54297;0.18264;0.00000;0.23332;1.24572
91;2020;5;23;0;3111.45581;17042.78711;0.18257;0.00000;0.23322;1.24485
91;2020;5;23;0;3109.52515;17039.03320;0.18249;0.00000;0.23312;1.24397
91;2020;5;23;0;3107.59546;17035.27734;0.18242;0.00000;0.23302;1.24307
91;2020;5;23;0;3105.66675;17031.52539;0.18235;0.00000;0.23292;1.24215
91;2020;5;23;0;3103.73901;17027.77148;0.18228;0.00000;0.23281;1.24120
91;2020;5;23;0;3101.81226;17024.01758;0.18220;0.00000;0.23270;1.24024
91;2020;5;23;0;3099.88623;17020.26562;0.18213;0.00000;0.23259;1.23925
91;2020;5;23;0;3097.96118;17016.51172;0.18206;0.00000;0.23248;1.23824
91;2020;5;23;0;3096.03711;17012.75977;0.18198;0.00000;0.23236;1.23721
91;2020;5;23;0;3094.11401;17009.00781;0.18191;0.00000;0.23224;1.23617
91;2020;5;23;0;3092.19189;17005.25586;0.18184;0.00000;0.23213;1.23511
91;2020;5;23;0;3090.27051;17001.50391;0.18176;0.00000;0.23201;1.23404
91;2020;5;23;0;3088.34985;16997.75195;0.18169;0.00000;0.23188;1.23297
91;2020;5;23;0;3086.43018;16994.00195;0.18162;0.00000;0.23176;1.23188
91;2020;5;23;0;3084.51147;16990.25000;0.18155;0.00000;0.23164;1.23079
91;2020;5;23;0;3082.59375;16986.50000;0.18147;0.00000;0.23151;1.22970
91;2020;5;23;0;3080.67700;16982.75000;0.18140;0.00000;0.23139;1.22860
91;2020;5;23;0;3078.76123;16979.00000;0.18133;0.00000;0.23127;1.22749
91;2020;5;23;0;3076.84644;16975.25000;0.18125;0.00000;0.23114;1.22639
91;2020;5;23;0;3074.93237;16971.50195;0.18118;0.00000;0.23102;1.22528
91;2020;5;23;0;3073.01904;16967.75195;0.18111;0.00000;0.23089;1.22418
91;2020;5;23;0;3071.10669;16964.00195;0.18104;0.00000;0.23077;1.22307
91;2020;5;23;0;3069.19531;16960.25586;0.18096;0.00000;0.23064;1.22197
91;2020;5;23;0;3067.28491;16956.50586;0.18089;0.00000;0.23052;1.22086
91;2020;5;23;0;3065.37549;16952.75977;0.18082;0.00000;0.23039;1.21976
91;2020;5;23;0;3063.46680;16949.01172;0.18075;0.00000;0.23026;1.21865
91;2020;5;23;0;3061.55908;16945.26172;0.18067;0.00000;0.23014;1.21755
91;2020;5;23;0;3059.65234;16941.51758;0.18060;0.00000;0.23001;1.21645
91;2020;5;23;0;3057.74658;16937.76953;0.18053;0.00000;0.22989;1.21534
91;2020;5;24;0;3054.71094;16931.79883;0.18041;0.00000;0.22956;1.21240
91;2020;5;24;0;3051.67651;16925.82617;0.18030;0.00000;0.22882;1.20592
91;2020;5;24;0;3048.64307;16919.85352;0.18018;0.00000;0.22793;1.19810
91;2020;5;24;0;3045.61084;16913.87500;0.18007;0.00000;0.22720;1.19170
91;2020;5;24;0;3042.57983;16907.89844;0.17995;0.00000;0.22661;1.18658
91;2020;5;24;0;3039.55005;16901.91992;0.17983;0.00000;0.22604;1.18161
91;2020;5;24;0;3036.52148;16895.93945;0.17972;0.00000;0.22546;1.17656
91;2020;5;24;0;3033.49438;16889.95898;0.17960;0.00000;0.22489;1.17160
91;2020;5;24;0;3030.46851;16883.97656;0.17949;0.00000;0.22433;1.16677
91;2020;5;24;0;3027.44385;16877.99219;0.17937;0.00000;0.22379;1.16207
91;2020;5;24;0;3024.42041;16872.00781;0.17926;0.00000;0.22327;1.15755
91;2020;5;24;0;3021.39819;16866.02148;0.17914;0.00000;0.22276;1.15322
91;2020;5;24;0;3018.37720;16860.03320;0.17903;0.00000;0.22229;1.14910
91;2020;5;24;0;3015.35767;16854.04297;0.17891;0.00000;0.22183;1.14519
91;2020;5;24;0;3012.33936;16848.05273;0.17879;0.00000;0.22140;1.14149
91;2020;5;24;0;3009.32251;16842.06055;0.17868;0.00000;0.22100;1.13800
91;2020;5;24;0;3006.30713;16836.06836;0.17856;0.00000;0.22061;1.13471
91;2020;5;24;0;3003.29297;16830.07422;0.17845;0.00000;0.22025;1.13161
91;2020;5;24;0;3000.28027;16824.07812;0.17833;0.00000;0.21991;1.12869
91;2020;5;24;0;2997.26880;16818.08203;0.17822;0.00000;0.21959;1.12595
91;2020;5;24;0;2994.25879;16812.08398;0.17810;0.00000;0.21929;1.12338
91;2020;5;24;0;2991.25024;16806.08594;0.17799;0.00000;0.21901;1.12097
91;2020;5;24;0;2988.24316;16800.08789;0.17787;0.00000;0.21874;1.11869
91;2020;5;24;0;2985.23755;16794.08789;0.17776;0.00000;0.21849;1.11655
91;2020;5;24;0;2982.23340;16788.08594;0.17764;0.00000;0.21825;1.11452
91;2020;5;24;0;2979.23071;16782.08398;0.17752;0.00000;0.21802;1.11260
91;2020;5;24;0;2976.22925;16776.08008;0.17741;0.00000;0.21781;1.11077
91;2020;5;24;0;2973.22925;16770.07422;0.17729;0.00000;0.21760;1.10902
91;2020;5;24;0;2970.23071;16764.06836;0.17718;0.00000;0.21741;1.10735
91;2020;5;24;0;2967.23389;16758.06445;0.17706;0.00000;0.21722;1.10574
91;2020;5;24;0;2964.23853;16752.05664;0.17695;0.00000;0.21703;1.10419
91;2020;5;24;0;2961.24463;16746.04883;0.17683;0.00000;0.21686;1.10269
91;2020;5;24;0;2958.25195;16740.03906;0.17672;0.00000;0.21668;1.10123
91;2020;5;24;0;2955.26074;16734.02930;0.17660;0.00000;0.21652;1.09980
91;2020;5;24;0;2952.27100;16728.01562;0.17649;0.00000;0.21635;1.09841
91;2020;5;24;0;2949.28296;16722.00586;0.17637;0.00000;0.21619;1.09704
91;2020;5;24;0;2946.29639;16715.99219;0.17626;0.00000;0.21603;1.09570
91;2020;5;24;0;2943.31128;16709.97656;0.17614;0.00000;0.21587;1.09438
91;2020;5;24;0;2940.32764;16703.96289;0.17603;0.00000;0.21572;1.09307
91;2020;5;24;0;2937.34546;16697.94531;0.17591;0.00000;0.21557;1.09179
91;2020;5;24;0;2934.36475;16691.92969;0.17580;0.00000;0.21542;1.09051
91;2020;5;24;0;2931.38550;16685.91211;0.17568;0.00000;0.21527;1.08925
91;2020;5;24;0;2928.40796;16679.89453;0.17557;0.00000;0.21512;1.08800
91;2020;5;24;0;2925.43188;16673.87305;0.17545;0.00000;0.21497;1.08676
91;2020;5;24;0;2922.45703;16667.85352;0.17533;0.00000;0.21483;1.08553
91;2020;5;24;0;2919.48364;16661.83203;0.17522;0.00000;0.21468;1.08431
91;2020;5;24;0;2916.51172;16655.80859;0.17510;0.00000;0.21454;1.08310
91;2020;5;24;0;2913.54126;16649.78516;0.17499;0.00000;0.21439;1.08189
91;2020;5;25;0;2910.83936;16644.30078;0.17489;0.00000;0.21417;1.08000
91;2020;5;25;0;2908.13843;16638.81836;0.17478;0.00000;0.21368;1.07594
91;2020;5;25;0;2905.43872;16633.33203;0.17468;0.00000;0.21304;1.07057
91;2020;5;25;0;2902.73999;16627.84766;0.17457;0.00000;0.21262;1.06703
91;2020;5;25;0;2900.04272;16622.35938;0.17447;0.00000;0.21246;1.06567
91;2020;5;25;0;2897.34692;16616.87500;0.17436;0.00000;0.21232;1.06453
91;2020;5;25;0;2894.65234;16611.38672;0.17426;0.00000;0.21216;1.06319
91;2020;5;25;0;2891.95923;16605.89844;0.17415;0.00000;0.21202;1.06198
91;2020;5;25;0;2889.26758;16600.41211;0.17405;0.00000;0.21188;1.06085
91;2020;5;25;0;2886.57715;16594.92188;0.17394;0.00000;0.21176;1.05985
91;2020;5;25;0;2883.88818;16589.43359;0.17384;0.00000;0.21165;1.05894
91;2020;5;25;0;2881.20044;16583.94141;0.17373;0.00000;0.21155;1.05812
91;2020;5;25;0;2878.51416;16578.45312;0.17363;0.00000;0.21147;1.05739
91;2020;5;25;0;2875.82935;16572.96289;0.17353;0.00000;0.21139;1.05673
91;2020;5;25;0;2873.14575;16567.46875;0.17342;0.00000;0.21131;1.05612
91;2020;5;25;0;2870.46362;16561.97852;0.17332;0.00000;0.21125;1.05555
91;2020;5;25;0;2867.78296;16556.48633;0.17321;0.00000;0.21118;1.05501
91;2020;5;25;0;2865.10352;16550.99219;0.17311;0.00000;0.21112;1.05447
91;2020;5;25;0;2862.42554;16545.50000;0.17300;0.00000;0.21105;1.05393
91;2020;5;25;0;2859.74878;16540.00586;0.17290;0.00000;0.21098;1.05336
91;2020;5;25;0;2857.07373;16534.51172;0.17279;0.00000;0.21091;1.05277
91;2020;5;25;0;2854.40015;16529.01758;0.17269;0.00000;0.21084;1.05215
91;2020;5;25;0;2851.72778;16523.52344;0.17259;0.00000;0.21076;1.05149
91;2020;5;25;0;2849.05688;16518.02930;0.17248;0.00000;0.21067;1.05079
91;2020;5;25;0;2846.38745;16512.53125;0.17238;0.00000;0.21058;1.05005
91;2020;5;25;0;2843.71924;16507.03516;0.17227;0.00000;0.21049;1.04928
91;2020;5;25;0;2841.05249;16501.53906;0.17217;0.00000;0.21040;1.04848
91;2020;5;25;0;2838.38696;16496.04297;0.17206;0.00000;0.21030;1.04765
91;2020;5;25;0;2835.72290;16490.54492;0.17196;0.00000;0.21019;1.04680
91;2020;5;25;0;2833.06030;16485.04492;0.17186;0.00000;0.21009;1.04592
91;2020;5;25;0;2830.39893;16479.54688;0.17175;0.00000;0.20998;1.04502
91;2020;5;25;0;2827.73901;16474.04883;0.17165;0.00000;0.20987;1.04411
91;2020;5;25;0;2825.08057;16468.54883;0.17154;0.00000;0.20976;1.04319
91;2020;5;25;0;2822.42334;16463.04883;0.17144;0.00000;0.20964;1.04225
91;2020;5;25;0;2819.76758;16457.54883;0.17134;0.00000;0.20953;1.04130
91;2020;5;25;0;2817.11304;16452.04492;0.17123;0.00000;0.20941;1.04035
91;2020;5;25;0;2814.45996;16446.54297;0.17113;0.00000;0.20930;1.03939
91;2020;5;25;0;2811.80835;16441.04102;0.17102;0.00000;0.20918;1.03842
91;2020;5;25;0;2809.15796;16435.53906;0.17092;0.00000;0.20906;1.03745
91;2020;5;25;0;2806.50903;16430.03516;0.17082;0.00000;0.20895;1.03647
91;2020;5;25;0;2803.86157;16424.53320;0.17071;0.00000;0.20883;1.03549
91;2020;5;25;0;2801.21533;16419.02930;0.17061;0.00000;0.20871;1.03451
91;2020;5;25;0;2798.57031;16413.52344;0.17050;0.00000;0.20859;1.03352
91;2020;5;25;0;2795.92676;16408.01758;0.17040;0.00000;0.20847;1.03254
91;2020;5;25;0;2793.28442;16402.51172;0.17030;0.00000;0.20835;1.03155
91;2020;5;25;0;2790.64355;16397.00586;0.17019;0.00000;0.20823;1.03056
91;2020;5;25;0;2788.00391;16391.49805;0.17009;0.00000;0.20811;1.02957
91;2020;5;25;0;2785.36572;16385.99023;0.16998;0.00000;0.20799;1.02858
91;2020;5;26;0;2782.41235;16379.82031;0.16987;0.00000;0.20772;1.02635
91;2020;5;26;0;2779.46021;16373.64941;0.16975;0.00000;0.20701;1.02052
91;2020;5;26;0;2776.50903;16367.47656;0.16964;0.00000;0.20597;1.01197
91;2020;5;26;0;2773.55908;16361.30078;0.16952;0.00000;0.20512;1.00501
91;2020;5;26;0;2770.61035;16355.12305;0.16940;0.00000;0.20462;1.00098
91;2020;5;26;0;2767.66309;16348.94531;0.16929;0.00000;0.20424;0.99788
91;2020;5;26;0;2764.71729;16342.76562;0.16917;0.00000;0.20386;0.99477
91;2020;5;26;0;2761.77295;16336.58691;0.16905;0.00000;0.20348;0.99167
91;2020;5;26;0;2758.82983;16330.40332;0.16894;0.00000;0.20309;0.98850
91;2020;5;26;0;2755.88818;16324.22070;0.16882;0.00000;0.20269;0.98530
91;2020;5;26;0;2752.94800;16318.03516;0.16871;0.00000;0.20230;0.98211
91;2020;5;26;0;2750.00903;16311.85059;0.16859;0.00000;0.20191;0.97895
91;2020;5;26;0;2747.07178;16305.66309;0.16847;0.00000;0.20153;0.97586
91;2020;5;26;0;2744.13574;16299.47461;0.16836;0.00000;0.20115;0.97286
91;2020;5;26;0;2741.20117;16293.28613;0.16824;0.00000;0.20079;0.96995
91;2020;5;26;0;2738.26807;16287.09473;0.16813;0.00000;0.20045;0.96716
91;2020;5;26;0;2735.33643;16280.90234;0.16801;0.00000;0.20011;0.96448
91;2020;5;26;0;2732.40601;16274.70801;0.16789;0.00000;0.19979;0.96192
91;2020;5;26;0;2729.47729;16268.51367;0.16778;0.00000;0.19949;0.95948
91;2020;5;26;0;2726.54980;16262.31738;0.16766;0.00000;0.19920;0.95716
91;2020;5;26;0;2723.62378;16256.12109;0.16754;0.00000;0.19893;0.95496
91;2020;5;26;0;2720.69946;16249.92383;0.16743;0.00000;0.19866;0.95288
91;2020;5;26;0;2717.77661;16243.72363;0.16731;0.00000;0.19842;0.95090
91;2020;5;26;0;2714.85498;16237.52344;0.16720;0.00000;0.19818;0.94902
91;2020;5;26;0;2711.93506;16231.32129;0.16708;0.00000;0.19796;0.94723
91;2020;5;26;0;2709.01660;16225.11816;0.16696;0.00000;0.19775;0.94553
91;2020;5;26;0;2706.09961;16218.91406;0.16685;0.00000;0.19754;0.94391
91;2020;5;26;0;2703.18433;16212.70996;0.16673;0.00000;0.19735;0.94235
91;2020;5;26;0;2700.27026;16206.50293;0.16662;0.00000;0.19716;0.94085
91;2020;5;26;0;2697.35791;16200.29688;0.16650;0.00000;0.19697;0.93940
91;2020;5;26;0;2694.44702;16194.08789;0.16638;0.00000;0.19680;0.93800
91;2020;5;26;0;2691.53760;16187.87891;0.16627;0.00000;0.19663;0.93664
91;2020;5;26;0;2688.62988;16181.66895;0.16615;0.00000;0.19646;0.93531
91;2020;5;26;0;2685.72363;16175.45801;0.16604;0.00000;0.19630;0.93401
91;2020;5;26;0;2682.81885;16169.24512;0.16592;0.00000;0.19613;0.93273
91;2020;5;26;0;2679.91577;16163.03223;0.16581;0.00000;0.19598;0.93148
91;2020;5;26;0;2677.01392;16156.81738;0.16569;0.00000;0.19582;0.93024
91;2020;5;26;0;2674.11353;16150.60156;0.16557;0.00000;0.19567;0.92902
91;2020;5;26;0;2671.21484;16144.38477;0.16546;0.00000;0.19551;0.92782
91;2020;5;26;0;2668.31763;16138.16699;0.16534;0.00000;0.19536;0.92662
91;2020;5;26;0;2665.42212;16131.94824;0.16523;0.00000;0.19521;0.92543
91;2020;5;26;0;2662.52808;16125.72754;0.16511;0.00000;0.19506;0.92424
91;2020;5;26;0;2659.63550;16119.50684;0.16499;0.00000;0.19491;0.92306
91;2020;5;26;0;2656.74463;16113.28418;0.16488;0.00000;0.19476;0.92189
91;2020;5;26;0;2653.85522;16107.06152;0.16476;0.00000;0.19461;0.92072
91;2020;5;26;0;2650.96729;16100.83789;0.16465;0.00000;0.19447;0.91955
91;2020;5;26;0;2648.08105;16094.61328;0.16453;0.00000;0.19432;0.91839
91;2020;5;26;0;2645.19629;16088.38672;0.16442;0.00000;0.19417;0.91722
91;2020;5;27;0;2641.87744;16081.21777;0.16428;0.00000;0.19387;0.91488
91;2020;5;27;0;2638.56030;16074.04688;0.16415;0.00000;0.19320;0.90962
91;2020;5;27;0;2635.24438;16066.87402;0.16402;0.00000;0.19228;0.90235
91;2020;5;27;0;2631.93018;16059.69727;0.16388;0.00000;0.19145;0.89588
91;2020;5;27;0;2628.61743;16052.51953;0.16375;0.00000;0.19083;0.89106
91;2020;5;27;0;2625.30615;16045.33887;0.16362;0.00000;0.19028;0.88682
91;2020;5;27;0;2621.99658;16038.15527;0.16348;0.00000;0.18973;0.88256
91;2020;5;27;0;2618.68848;16030.96875;0.16335;0.00000;0.18919;0.87834
91;2020;5;27;0;2615.38184;16023.78125;0.16322;0.00000;0.18865;0.87414
91;2020;5;27;0;2612.07715;16016.59180;0.16309;0.00000;0.18811;0.86999
91;2020;5;27;0;2608.77393;16009.39844;0.16295;0.00000;0.18758;0.86591
91;2020;5;27;0;2605.47217;16002.20312;0.16282;0.00000;0.18706;0.86192
91;2020;5;27;0;2602.17212;15995.00391;0.16269;0.00000;0.18655;0.85804
91;2020;5;27;0;2598.87354;15987.80469;0.16255;0.00000;0.18606;0.85429
91;2020;5;27;0;2595.57666;15980.60156;0.16242;0.00000;0.18559;0.85068
91;2020;5;27;0;2592.28149;15973.39746;0.16229;0.00000;0.18514;0.84722
91;2020;5;27;0;2588.98779;15966.18945;0.16215;0.00000;0.18471;0.84393
91;2020;5;27;0;2585.69604;15958.98047;0.16202;0.00000;0.18429;0.84079
91;2020;5;27;0;2582.40576;15951.76855;0.16189;0.00000;0.18390;0.83781
91;2020;5;27;0;2579.11719;15944.55469;0.16176;0.00000;0.18353;0.83499
91;2020;5;27;0;2575.83032;15937.33887;0.16162;0.00000;0.18318;0.83231
91;2020;5;27;0;2572.54517;15930.12109;0.16149;0.00000;0.18284;0.82978
91;2020;5;27;0;2569.26172;15922.89941;0.16136;0.00000;0.18252;0.82737
91;2020;5;27;0;2565.97998;15915.67578;0.16122;0.00000;0.18222;0.82509
91;2020;5;27;0;2562.69995;15908.45312;0.16109;0.00000;0.18193;0.82291
91;2020;5;27;0;2559.42163;15901.22559;0.16096;0.00000;0.18166;0.82083
91;2020;5;27;0;2556.14502;15893.99512;0.16082;0.00000;0.18139;0.81884
91;2020;5;27;0;2552.87036;15886.76367;0.16069;0.00000;0.18114;0.81693
91;2020;5;27;0;2549.59741;15879.53125;0.16056;0.00000;0.18089;0.81509
91;2020;5;27;0;2546.32593;15872.29492;0.16043;0.00000;0.18066;0.81331
91;2020;5;27;0;2543.05640;15865.05859;0.16029;0.00000;0.18043;0.81159
91;2020;5;27;0;2539.78857;15857.81836;0.16016;0.00000;0.18020;0.80991
91;2020;5;27;0;2536.52271;15850.57617;0.16003;0.00000;0.17998;0.80827
91;2020;5;27;0;2533.25854;15843.33203;0.15989;0.00000;0.17977;0.80666
91;2020;5;27;0;2529.99585;15836.08691;0.15976;0.00000;0.17956;0.80508
91;2020;5;27;0;2526.73511;15828.83887;0.15963;0.00000;0.17935;0.80353
91;2020;5;27;0;2523.47607;15821.58789;0.15950;0.00000;0.17914;0.80199
91;2020;5;27;0;2520.21899;15814.33594;0.15936;0.00000;0.17894;0.80047
91;2020;5;27;0;2516.96362;15807.08105;0.15923;0.00000;0.17874;0.79897
91;2020;5;27;0;2513.71021;15799.82617;0.15910;0.00000;0.17854;0.79747
91;2020;5;27;0;2510.45850;15792.56738;0.15896;0.00000;0.17834;0.79599
91;2020;5;27;0;2507.20825;15785.30664;0.15883;0.00000;0.17814;0.79451
91;2020;5;27;0;2503.95996;15778.04395;0.15870;0.00000;0.17794;0.79305
91;2020;5;27;0;2500.71338;15770.77734;0.15857;0.00000;0.17775;0.79161
91;2020;5;27;0;2497.46875;15763.51074;0.15843;0.00000;0.17756;0.79018
91;2020;5;27;0;2494.22583;15756.24316;0.15830;0.00000;0.17736;0.78876
91;2020;5;27;0;2490.98486;15748.97070;0.15817;0.00000;0.17717;0.78735
91;2020;5;27;0;2487.74561;15741.69922;0.15804;0.00000;0.17699;0.78596
91;2020;5;28;0;2484.34668;15734.06055;0.15790;0.00000;0.17674;0.78413
91;2020;5;28;0;2480.94971;15726.41992;0.15776;0.00000;0.17635;0.78126
91;2020;5;28;0;2477.55444;15718.77734;0.15762;0.00000;0.17587;0.77772
91;2020;5;28;0;2474.16089;15711.13086;0.15748;0.00000;0.17544;0.77452
91;2020;5;28;0;2470.76929;15703.48145;0.15734;0.00000;0.17510;0.77205
91;2020;5;28;0;2467.37964;15695.83105;0.15720;0.00000;0.17482;0.77000
91;2020;5;28;0;2463.99170;15688.17773;0.15706;0.00000;0.17456;0.76810
91;2020;5;28;0;2460.60547;15680.52051;0.15692;0.00000;0.17431;0.76628
91;2020;5;28;0;2457.22119;15672.86133;0.15678;0.00000;0.17407;0.76452
91;2020;5;28;0;2453.83887;15665.20020;0.15664;0.00000;0.17383;0.76277
91;2020;5;28;0;2450.45850;15657.53613;0.15650;0.00000;0.17360;0.76104
91;2020;5;28;0;2447.07983;15649.86914;0.15636;0.00000;0.17336;0.75931
91;2020;5;28;0;2443.70312;15642.19922;0.15623;0.00000;0.17312;0.75757
91;2020;5;28;0;2440.32812;15634.52734;0.15609;0.00000;0.17288;0.75584
91;2020;5;28;0;2436.95508;15626.85352;0.15595;0.00000;0.17265;0.75410
91;2020;5;28;0;2433.58398;15619.17578;0.15581;0.00000;0.17241;0.75236
91;2020;5;28;0;2430.21460;15611.49512;0.15567;0.00000;0.17217;0.75062
91;2020;5;28;0;2426.84717;15603.81348;0.15553;0.00000;0.17193;0.74889
91;2020;5;28;0;2423.48169;15596.12793;0.15539;0.00000;0.17169;0.74717
91;2020;5;28;0;2420.11816;15588.44141;0.15525;0.00000;0.17146;0.74546
91;2020;5;28;0;2416.75635;15580.75098;0.15511;0.00000;0.17122;0.74377
91;2020;5;28;0;2413.39624;15573.05762;0.15497;0.00000;0.17099;0.74210
91;2020;5;28;0;2410.03809;15565.36230;0.15483;0.00000;0.17077;0.74047
91;2020;5;28;0;2406.68188;15557.66504;0.15469;0.00000;0.17055;0.73887
91;2020;5;28;0;2403.32764;15549.96289;0.15456;0.00000;0.17033;0.73732
91;2020;5;28;0;2399.97534;15542.26074;0.15442;0.00000;0.17012;0.73582
91;2020;5;28;0;2396.62500;15534.55469;0.15428;0.00000;0.16992;0.73437
91;2020;5;28;0;2393.27637;15526.84668;0.15414;0.00000;0.16973;0.73299
91;2020;5;28;0;2389.92969;15519.13672;0.15400;0.00000;0.16955;0.73167
91;2020;5;28;0;2386.58472;15511.42188;0.15386;0.00000;0.16937;0.73041
91;2020;5;28;0;2383.24170;15503.70605;0.15372;0.00000;0.16920;0.72920
91;2020;5;28;0;2379.90063;15495.98633;0.15358;0.00000;0.16904;0.72805
91;2020;5;28;0;2376.56152;15488.26562;0.15344;0.00000;0.16889;0.72694
91;2020;5;28;0;2373.22437;15480.54199;0.15330;0.00000;0.16874;0.72588
91;2020;5;28;0;2369.88916;15472.81543;0.15316;0.00000;0.16860;0.72486
91;2020;5;28;0;2366.55591;15465.08691;0.15303;0.00000;0.16846;0.72386
91;2020;5;28;0;2363.22461;15457.35547;0.15289;0.00000;0.16832;0.72289
91;2020;5;28;0;2359.89526;15449.62109;0.15275;0.00000;0.16819;0.72195
91;2020;5;28;0;2356.56787;15441.88574;0.15261;0.00000;0.16806;0.72102
91;2020;5;28;0;2353.24243;15434.14648;0.15247;0.00000;0.16793;0.72011
91;2020;5;28;0;2349.91870;15426.40527;0.15233;0.00000;0.16781;0.71921
91;2020;5;28;0;2346.59692;15418.66113;0.15219;0.00000;0.16768;0.71832
91;2020;5;28;0;2343.27710;15410.91309;0.15205;0.00000;0.16756;0.71744
91;2020;5;28;0;2339.95923;15403.16406;0.15191;0.00000;0.16744;0.71657
91;2020;5;28;0;2336.64331;15395.41309;0.15178;0.00000;0.16732;0.71570
91;2020;5;28;0;2333.32935;15387.65820;0.15164;0.00000;0.16719;0.71484
91;2020;5;28;0;2330.01733;15379.90039;0.15150;0.00000;0.16707;0.71398
91;2020;5;28;0;2326.70728;15372.14160;0.15136;0.00000;0.16695;0.71312
91;2020;5;29;0;2323.95166;15365.67676;0.15124;0.00000;0.16695;0.71310
91;2020;5;29;0;2321.19800;15359.21094;0.15113;0.00000;0.16728;0.71547
91;2020;5;29;0;2318.44629;15352.74414;0.15101;0.00000;0.16800;0.72058
91;2020;5;29;0;2315.69678;15346.27832;0.15090;0.00000;0.16888;0.72688
91;2020;5;29;0;2312.94922;15339.81348;0.15078;0.00000;0.16965;0.73238
91;2020;5;29;0;2310.20361;15333.34668;0.15067;0.00000;0.17017;0.73619
91;2020;5;29;0;2307.45996;15326.87988;0.15055;0.00000;0.17052;0.73868
91;2020;5;29;0;2304.71802;15320.41211;0.15043;0.00000;0.17079;0.74064
91;2020;5;29;0;2301.97778;15313.94434;0.15032;0.00000;0.17104;0.74243
91;2020;5;29;0;2299.23950;15307.47461;0.15020;0.00000;0.17128;0.74419
91;2020;5;29;0;2296.50293;15301.00488;0.15009;0.00000;0.17152;0.74593
91;2020;5;29;0;2293.76831;15294.53516;0.14997;0.00000;0.17176;0.74763
91;2020;5;29;0;2291.03516;15288.06250;0.14986;0.00000;0.17198;0.74926
91;2020;5;29;0;2288.30396;15281.59082;0.14974;0.00000;0.17219;0.75081
91;2020;5;29;0;2285.57471;15275.11816;0.14963;0.00000;0.17239;0.75226
91;2020;5;29;0;2282.84692;15268.64453;0.14951;0.00000;0.17258;0.75360
91;2020;5;29;0;2280.12109;15262.16992;0.14940;0.00000;0.17275;0.75483
91;2020;5;29;0;2277.39722;15255.69531;0.14928;0.00000;0.17290;0.75593
91;2020;5;29;0;2274.67480;15249.21875;0.14917;0.00000;0.17303;0.75692
91;2020;5;29;0;2271.95435;15242.74219;0.14905;0.00000;0.17315;0.75779
91;2020;5;29;0;2269.23535;15236.26465;0.14894;0.00000;0.17326;0.75855
91;2020;5;29;0;2266.51831;15229.78613;0.14882;0.00000;0.17334;0.75919
91;2020;5;29;0;2263.80298;15223.30664;0.14871;0.00000;0.17342;0.75973
91;2020;5;29;0;2261.08911;15216.82520;0.14859;0.00000;0.17348;0.76016
91;2020;5;29;0;2258.37720;15210.34473;0.14848;0.00000;0.17352;0.76049
91;2020;5;29;0;2255.66699;15203.86230;0.14836;0.00000;0.17355;0.76073
91;2020;5;29;0;2252.95825;15197.37891;0.14825;0.00000;0.17357;0.76087
91;2020;5;29;0;2250.25146;15190.89453;0.14813;0.00000;0.17358;0.76094
91;2020;5;29;0;2247.54639;15184.41016;0.14802;0.00000;0.17358;0.76092
91;2020;5;29;0;2244.84277;15177.92383;0.14790;0.00000;0.17357;0.76084
91;2020;5;29;0;2242.14087;15171.43555;0.14779;0.00000;0.17355;0.76069
91;2020;5;29;0;2239.44043;15164.94727;0.14767;0.00000;0.17352;0.76047
91;2020;5;29;0;2236.74194;15158.45801;0.14756;0.00000;0.17348;0.76020
91;2020;5;29;0;2234.04517;15151.96777;0.14744;0.00000;0.17344;0.75989
91;2020;5;29;0;2231.34985;15145.47656;0.14733;0.00000;0.17339;0.75952
91;2020;5;29;0;2228.65625;15138.98340;0.14721;0.00000;0.17333;0.75912
91;2020;5;29;0;2225.96436;15132.48926;0.14710;0.00000;0.17327;0.75868
91;2020;5;29;0;2223.27393;15125.99512;0.14698;0.00000;0.17321;0.75821
91;2020;5;29;0;2220.58521;15119.49805;0.14687;0.00000;0.17314;0.75771
91;2020;5;29;0;2217.89819;15113.00195;0.14675;0.00000;0.17307;0.75718
91;2020;5;29;0;2215.21265;15106.50391;0.14664;0.00000;0.17299;0.75663
91;2020;5;29;0;2212.52905;15100.00391;0.14653;0.00000;0.17292;0.75606
91;2020;5;29;0;2209.84717;15093.50488;0.14641;0.00000;0.17283;0.75547
91;2020;5;29;0;2207.16675;15087.00293;0.14630;0.00000;0.17275;0.75486
91;2020;5;29;0;2204.48804;15080.50098;0.14618;0.00000;0.17267;0.75424
91;2020;5;29;0;2201.81104;15073.99805;0.14607;0.00000;0.17258;0.75361
91;2020;5;29;0;2199.13550;15067.49316;0.14595;0.00000;0.17249;0.75296
91;2020;5;29;0;2196.46167;15060.98730;0.14584;0.00000;0.17240;0.75231
91;2020;5;30;0;2194.17285;15055.41309;0.14574;0.00000;0.17239;0.75225
91;2020;5;30;0;2191.88550;15049.83984;0.14564;0.00000;0.17260;0.75374
91;2020;5;30;0;2189.59985;15044.26758;0.14554;0.00000;0.17306;0.75711
91;2020;5;30;0;2187.31616;15038.69629;0.14545;0.00000;0.17375;0.76213
91;2020;5;30;0;2185.03418;15033.12500;0.14535;0.00000;0.17451;0.76769
91;2020;5;30;0;2182.75391;15027.55371;0.14525;0.00000;0.17513;0.77230
91;2020;5;30;0;2180.47534;15021.98340;0.14515;0.00000;0.17562;0.77584
91;2020;5;30;0;2178.19824;15016.41309;0.14505;0.00000;0.17603;0.77890
91;2020;5;30;0;2175.92285;15010.84277;0.14496;0.00000;0.17642;0.78176
91;2020;5;30;0;2173.64917;15005.27344;0.14486;0.00000;0.17679;0.78450
91;2020;5;30;0;2171.37720;14999.70312;0.14476;0.00000;0.17715;0.78714
91;2020;5;30;0;2169.10669;14994.13379;0.14466;0.00000;0.17749;0.78966
91;2020;5;30;0;2166.83789;14988.56445;0.14457;0.00000;0.17781;0.79204
91;2020;5;30;0;2164.57080;14982.99609;0.14447;0.00000;0.17811;0.79426
91;2020;5;30;0;2162.30518;14977.42773;0.14437;0.00000;0.17838;0.79630
91;2020;5;30;0;2160.04126;14971.85840;0.14427;0.00000;0.17863;0.79816
91;2020;5;30;0;2157.77881;14966.29004;0.14418;0.00000;0.17885;0.79984
91;2020;5;30;0;2155.51807;14960.72168;0.14408;0.00000;0.17905;0.80132
91;2020;5;30;0;2153.25854;14955.15332;0.14398;0.00000;0.17923;0.80262
91;2020;5;30;0;2151.00073;14949.58496;0.14388;0.00000;0.17938;0.80373
91;2020;5;30;0;2148.74438;14944.01562;0.14379;0.00000;0.17950;0.80468
91;2020;5;30;0;2146.48950;14938.44727;0.14369;0.00000;0.17961;0.80546
91;2020;5;30;0;2144.23608;14932.87891;0.14359;0.00000;0.17969;0.80609
91;2020;5;30;0;2141.98438;14927.31055;0.14349;0.00000;0.17976;0.80659
91;2020;5;30;0;2139.73389;14921.74023;0.14340;0.00000;0.17981;0.80696
91;2020;5;30;0;2137.48486;14916.17090;0.14330;0.00000;0.17984;0.80722
91;2020;5;30;0;2135.23730;14910.60156;0.14320;0.00000;0.17987;0.80738
91;2020;5;30;0;2132.99146;14905.03320;0.14311;0.00000;0.17988;0.80746
91;2020;5;30;0;2130.74683;14899.46289;0.14301;0.00000;0.17988;0.80746
91;2020;5;30;0;2128.50366;14893.89355;0.14291;0.00000;0.17987;0.80739
91;2020;5;30;0;2126.26196;14888.32227;0.14281;0.00000;0.17985;0.80726
91;2020;5;30;0;2124.02148;14882.75195;0.14272;0.00000;0.17983;0.80708
91;2020;5;30;0;2121.78271;14877.18164;0.14262;0.00000;0.17980;0.80686
91;2020;5;30;0;2119.54541;14871.61133;0.14252;0.00000;0.17976;0.80661
91;2020;5;30;0;2117.30933;14866.04004;0.14243;0.00000;0.17972;0.80632
91;2020;5;30;0;2115.07471;14860.46875;0.14233;0.00000;0.17968;0.80600
91;2020;5;30;0;2112.84155;14854.89746;0.14223;0.00000;0.17964;0.80566
91;2020;5;30;0;2110.60986;14849.32520;0.14214;0.00000;0.17959;0.80530
91;2020;5;30;0;2108.37939;14843.75293;0.14204;0.00000;0.17954;0.80493
91;2020;5;30;0;2106.15039;14838.18066;0.14194;0.00000;0.17948;0.80453
91;2020;5;30;0;2103.92285;14832.60742;0.14184;0.00000;0.17943;0.80413
91;2020;5;30;0;2101.69653;14827.03418;0.14175;0.00000;0.17937;0.80371
91;2020;5;30;0;2099.47192;14821.46094;0.14165;0.00000;0.17932;0.80329
91;2020;5;30;0;2097.24878;14815.88770;0.14155;0.00000;0.17926;0.80285
91;2020;5;30;0;2095.02710;14810.31445;0.14146;0.00000;0.17920;0.80241
91;2020;5;30;0;2092.80664;14804.74121;0.14136;0.00000;0.17914;0.80196
91;2020;5;30;0;2090.58765;14799.16699;0.14126;0.00000;0.17908;0.80150
91;2020;5;30;0;2088.37012;14793.59180;0.14117;0.00000;0.17902;0.80104
91;2020;5;31;0;2088.14966;14793.03809;0.14116;0.00000;0.17931;0.80322
91;2020;5;31;0;2087.92993;14792.48535;0.14115;0.00000;0.18032;0.81078
91;2020;5;31;0;2087.71094;14791.93359;0.14114;0.00000;0.18170;0.82118
91;2020;5;31;0;2087.49292;14791.38574;0.14113;0.00000;0.18305;0.83135
91;2020;5;31;0;2087.27563;14790.83984;0.14112;0.00000;0.18422;0.84023
91;2020;5;31;0;2087.05884;14790.29395;0.14111;0.00000;0.18509;0.84683
91;2020;5;31;0;2086.84277;14789.75098;0.14110;0.00000;0.18573;0.85175
91;2020;5;31;0;2086.62695;14789.20703;0.14109;0.00000;0.18630;0.85611
91;2020;5;31;0;2086.41162;14788.66602;0.14108;0.00000;0.18683;0.86018
91;2020;5;31;0;2086.19653;14788.12402;0.14107;0.00000;0.18735;0.86417
91;2020;5;31;0;2085.98193;14787.58398;0.14106;0.00000;0.18785;0.86801
91;2020;5;31;0;2085.76782;14787.04590;0.14105;0.00000;0.18833;0.87173
91;2020;5;31;0;2085.55396;14786.50781;0.14104;0.00000;0.18880;0.87530
91;2020;5;31;0;2085.34058;14785.97070;0.14104;0.00000;0.18924;0.87872
91;2020;5;31;0;2085.12744;14785.43359;0.14103;0.00000;0.18966;0.88200
91;2020;5;31;0;2084.91479;14784.89844;0.14102;0.00000;0.19007;0.88514
91;2020;5;31;0;2084.70239;14784.36328;0.14101;0.00000;0.19045;0.88815
91;2020;5;31;0;2084.49048;14783.83008;0.14100;0.00000;0.19082;0.89102
91;2020;5;31;0;2084.27856;14783.29590;0.14099;0.00000;0.19118;0.89376
91;2020;5;31;0;2084.06714;14782.76367;0.14098;0.00000;0.19150;0.89633
91;2020;5;31;0;2083.85596;14782.23242;0.14097;0.00000;0.19181;0.89873
91;2020;5;31;0;2083.64502;14781.70117;0.14096;0.00000;0.19210;0.90095
91;2020;5;31;0;2083.43457;14781.17188;0.14095;0.00000;0.19236;0.90298
91;2020;5;31;0;2083.22412;14780.64160;0.14094;0.00000;0.19259;0.90480
91;2020;5;31;0;2083.01416;14780.11328;0.14093;0.00000;0.19280;0.90643
91;2020;5;31;0;2082.80420;14779.58398;0.14092;0.00000;0.19298;0.90787
91;2020;5;31;0;2082.59473;14779.05566;0.14092;0.00000;0.19314;0.90912
91;2020;5;31;0;2082.38525;14778.52832;0.14091;0.00000;0.19328;0.91019
91;2020;5;31;0;2082.17603;14778.00098;0.14090;0.00000;0.19339;0.91110
91;2020;5;31;0;2081.96680;14777.47461;0.14089;0.00000;0.19349;0.91186
91;2020;5;31;0;2081.75806;14776.94824;0.14088;0.00000;0.19357;0.91249
91;2020;5;31;0;2081.54932;14776.42188;0.14087;0.00000;0.19363;0.91300
91;2020;5;31;0;2081.34082;14775.89746;0.14086;0.00000;0.19369;0.91340
91;2020;5;31;0;2081.13232;14775.37109;0.14085;0.00000;0.19373;0.91372
91;2020;5;31;0;2080.92407;14774.84668;0.14084;0.00000;0.19375;0.91395
91;2020;5;31;0;2080.71606;14774.32227;0.14083;0.00000;0.19378;0.91411
91;2020;5;31;0;2080.50806;14773.79785;0.14082;0.00000;0.19379;0.91421
91;2020;5;31;0;2080.30029;14773.27441;0.14082;0.00000;0.19380;0.91427
91;2020;5;31;0;2080.09253;14772.75000;0.14081;0.00000;0.19380;0.91427
91;2020;5;31;0;2079.88501;14772.22754;0.14080;0.00000;0.19379;0.91424
91;2020;5;31;0;2079.67749;14771.70312;0.14079;0.00000;0.19378;0.91418
91;2020;5;31;0;2079.47021;14771.18164;0.14078;0.00000;0.19377;0.91408
91;2020;5;31;0;2079.26294;14770.65820;0.14077;0.00000;0.19376;0.91397
91;2020;5;31;0;2079.05591;14770.13672;0.14076;0.00000;0.19374;0.91383
91;2020;5;31;0;2078.84888;14769.61523;0.14075;0.00000;0.19372;0.91367
91;2020;5;31;0;2078.64209;14769.09277;0.14074;0.00000;0.19370;0.91350
91;2020;5;31;0;2078.43530;14768.57129;0.14073;0.00000;0.19367;0.91332
91;2020;5;31;0;2078.22876;14768.05078;0.14072;0.00000;0.19365;0.91312
91;2020;6;1;0;2075.79883;14761.91797;0.14062;0.00000;0.19335;0.91074
91;2020;6;1;0;2073.36987;14755.78418;0.14051;0.00000;0.19250;0.90414
91;2020;6;1;0;2070.94165;14749.64746;0.14041;0.00000;0.19117;0.89371
91;2020;6;1;0;2068.51416;14743.50781;0.14030;0.00000;0.18935;0.87959
91;2020;6;1;0;2066.08740;14737.36621;0.14019;0.00000;0.18740;0.86455
91;2020;6;1;0;2063.66138;14731.22070;0.14009;0.00000;0.18591;0.85309
91;2020;6;1;0;2061.23633;14725.07227;0.13998;0.00000;0.18485;0.84502
91;2020;6;1;0;2058.81250;14718.92383;0.13988;0.00000;0.18396;0.83828
91;2020;6;1;0;2056.38989;14712.77344;0.13977;0.00000;0.18316;0.83221
91;2020;6;1;0;2053.96826;14706.62012;0.13966;0.00000;0.18239;0.82639
91;2020;6;1;0;2051.54785;14700.46680;0.13956;0.00000;0.18166;0.82083
91;2020;6;1;0;2049.12891;14694.31152;0.13945;0.00000;0.18094;0.81543
91;2020;6;1;0;2046.71106;14688.15430;0.13934;0.00000;0.18024;0.81021
91;2020;6;1;0;2044.29456;14681.99512;0.13924;0.00000;0.17957;0.80518
91;2020;6;1;0;2041.87927;14675.83594;0.13913;0.00000;0.17892;0.80032
91;2020;6;1;0;2039.46533;14669.67480;0.13903;0.00000;0.17829;0.79566
91;2020;6;1;0;2037.05273;14663.51270;0.13892;0.00000;0.17769;0.79118
91;2020;6;1;0;2034.64136;14657.34766;0.13881;0.00000;0.17711;0.78690
91;2020;6;1;0;2032.23132;14651.18262;0.13871;0.00000;0.17656;0.78282
91;2020;6;1;0;2029.82251;14645.01562;0.13860;0.00000;0.17604;0.77896
91;2020;6;1;0;2027.41504;14638.84766;0.13850;0.00000;0.17554;0.77529
91;2020;6;1;0;2025.00903;14632.67773;0.13839;0.00000;0.17507;0.77184
91;2020;6;1;0;2022.60425;14626.50684;0.13828;0.00000;0.17463;0.76858
91;2020;6;1;0;2020.20093;14620.33496;0.13818;0.00000;0.17421;0.76553
91;2020;6;1;0;2017.79907;14614.16211;0.13807;0.00000;0.17382;0.76267
91;2020;6;1;0;2015.39856;14607.98828;0.13797;0.00000;0.17345;0.75998
91;2020;6;1;0;2012.99951;14601.81348;0.13786;0.00000;0.17311;0.75747
91;2020;6;1;0;2010.60181;14595.63770;0.13775;0.00000;0.17279;0.75512
91;2020;6;1;0;2008.20557;14589.45996;0.13765;0.00000;0.17248;0.75292
91;2020;6;1;0;2005.81079;14583.28125;0.13754;0.00000;0.17220;0.75086
91;2020;6;1;0;2003.41748;14577.10254;0.13744;0.00000;0.17193;0.74892
91;2020;6;1;0;2001.02563;14570.92285;0.13733;0.00000;0.17168;0.74709
91;2020;6;1;0;1998.63525;14564.74121;0.13722;0.00000;0.17144;0.74536
91;2020;6;1;0;1996.24634;14558.55859;0.13712;0.00000;0.17122;0.74373
91;2020;6;1;0;1993.85889;14552.37598;0.13701;0.00000;0.17100;0.74217
91;2020;6;1;0;1991.47302;14546.19141;0.13691;0.00000;0.17080;0.74069
91;2020;6;1;0;1989.08862;14540.00684;0.13680;0.00000;0.17060;0.73927
91;2020;6;1;0;1986.70569;14533.82129;0.13670;0.00000;0.17041;0.73791
91;2020;6;1;0;1984.32434;14527.63477;0.13659;0.00000;0.17023;0.73659
91;2020;6;1;0;1981.94446;14521.44727;0.13648;0.00000;0.17005;0.73532
91;2020;6;1;0;1979.56604;14515.25879;0.13638;0.00000;0.16988;0.73409
91;2020;6;1;0;1977.18921;14509.06934;0.13627;0.00000;0.16972;0.73289
91;2020;6;1;0;1974.81384;14502.87988;0.13617;0.00000;0.16955;0.73172
91;2020;6;1;0;1972.44006;14496.68945;0.13606;0.00000;0.16939;0.73058
91;2020;6;1;0;1970.06775;14490.49805;0.13596;0.00000;0.16924;0.72946
91;2020;6;1;0;1967.69690;14484.30469;0.13585;0.00000;0.16909;0.72835
91;2020;6;1;0;1965.32764;14478.11133;0.13574;0.00000;0.16893;0.72727
91;2020;6;1;0;1962.95996;14471.91699;0.13564;0.00000;0.16878;0.72620
91;2020;6;2;0;1959.91321;14463.94043;0.13550;0.00000;0.16838;0.72333
91;2020;6;2;0;1956.86792;14455.95801;0.13537;0.00000;0.16740;0.71626
91;2020;6;2;0;1953.82385;14447.97168;0.13523;0.00000;0.16602;0.70646
91;2020;6;2;0;1950.78125;14439.98145;0.13510;0.00000;0.16469;0.69711
91;2020;6;2;0;1947.74011;14431.98633;0.13496;0.00000;0.16359;0.68934
91;2020;6;2;0;1944.70056;14423.98730;0.13482;0.00000;0.16271;0.68315
91;2020;6;2;0;1941.66284;14415.98438;0.13469;0.00000;0.16196;0.67790
91;2020;6;2;0;1938.62671;14407.97852;0.13455;0.00000;0.16126;0.67306
91;2020;6;2;0;1935.59229;14399.96973;0.13442;0.00000;0.16060;0.66846
91;2020;6;2;0;1932.55969;14391.95605;0.13428;0.00000;0.15995;0.66397
91;2020;6;2;0;1929.52881;14383.93945;0.13414;0.00000;0.15932;0.65958
91;2020;6;2;0;1926.49976;14375.92090;0.13401;0.00000;0.15869;0.65529
91;2020;6;2;0;1923.47241;14367.89746;0.13387;0.00000;0.15809;0.65112
91;2020;6;2;0;1920.44690;14359.87012;0.13374;0.00000;0.15750;0.64708
91;2020;6;2;0;1917.42310;14351.83984;0.13360;0.00000;0.15693;0.64317
91;2020;6;2;0;1914.40100;14343.80664;0.13347;0.00000;0.15637;0.63941
91;2020;6;2;0;1911.38074;14335.76953;0.13333;0.00000;0.15584;0.63579
91;2020;6;2;0;1908.36230;14327.72852;0.13319;0.00000;0.15533;0.63233
91;2020;6;2;0;1905.34570;14319.68457;0.13306;0.00000;0.15484;0.62901
91;2020;6;2;0;1902.33093;14311.63867;0.13292;0.00000;0.15437;0.62583
91;2020;6;2;0;1899.31799;14303.58691;0.13279;0.00000;0.15392;0.62279
91;2020;6;2;0;1896.30688;14295.53418;0.13265;0.00000;0.15349;0.61989
91;2020;6;2;0;1893.29773;14287.47754;0.13251;0.00000;0.15308;0.61711
91;2020;6;2;0;1890.29041;14279.41699;0.13238;0.00000;0.15269;0.61446
91;2020;6;2;0;1887.28503;14271.35352;0.13224;0.00000;0.15231;0.61193
91;2020;6;2;0;1884.28149;14263.28711;0.13211;0.00000;0.15195;0.60952
91;2020;6;2;0;1881.27991;14255.21680;0.13197;0.00000;0.15160;0.60721
91;2020;6;2;0;1878.28015;14247.14453;0.13184;0.00000;0.15127;0.60500
91;2020;6;2;0;1875.28235;14239.06836;0.13170;0.00000;0.15095;0.60289
91;2020;6;2;0;1872.28650;14230.98926;0.13156;0.00000;0.15065;0.60087
91;2020;6;2;0;1869.29260;14222.90723;0.13143;0.00000;0.15036;0.59892
91;2020;6;2;0;1866.30054;14214.82227;0.13129;0.00000;0.15007;0.59705
91;2020;6;2;0;1863.31055;14206.73340;0.13116;0.00000;0.14980;0.59525
91;2020;6;2;0;1860.32251;14198.64160;0.13102;0.00000;0.14954;0.59351
91;2020;6;2;0;1857.33643;14190.54785;0.13089;0.00000;0.14928;0.59182
91;2020;6;2;0;1854.35229;14182.45020;0.13075;0.00000;0.14904;0.59019
91;2020;6;2;0;1851.37012;14174.34863;0.13061;0.00000;0.14879;0.58859
91;2020;6;2;0;1848.38989;14166.24512;0.13048;0.00000;0.14856;0.58703
91;2020;6;2;0;1845.41174;14158.13867;0.13034;0.00000;0.14833;0.58551
91;2020;6;2;0;1842.43555;14150.02930;0.13021;0.00000;0.14810;0.58401
91;2020;6;2;0;1839.46130;14141.91602;0.13007;0.00000;0.14788;0.58254
91;2020;6;2;0;1836.48901;14133.80078;0.12994;0.00000;0.14765;0.58109
91;2020;6;2;0;1833.51880;14125.68164;0.12980;0.00000;0.14744;0.57966
91;2020;6;2;0;1830.55054;14117.55957;0.12966;0.00000;0.14722;0.57824
91;2020;6;2;0;1827.58423;14109.43457;0.12953;0.00000;0.14700;0.57684
91;2020;6;2;0;1824.62000;14101.30664;0.12939;0.00000;0.14679;0.57545
91;2020;6;2;0;1821.65771;14093.17578;0.12926;0.00000;0.14658;0.57407
91;2020;6;2;0;1818.69739;14085.04102;0.12912;0.00000;0.14637;0.57271
91;2020;6;3;0;1815.75903;14076.95898;0.12899;0.00000;0.14615;0.57126
91;2020;6;3;0;1812.82251;14068.87402;0.12885;0.00000;0.14588;0.56948
91;2020;6;3;0;1809.88794;14060.78516;0.12872;0.00000;0.14557;0.56748
91;2020;6;3;0;1806.95544;14052.69336;0.12858;0.00000;0.14530;0.56574
91;2020;6;3;0;1804.02478;14044.59863;0.12845;0.00000;0.14510;0.56446
91;2020;6;3;0;1801.09619;14036.50098;0.12832;0.00000;0.14494;0.56339
91;2020;6;3;0;1798.16956;14028.40039;0.12818;0.00000;0.14477;0.56229
91;2020;6;3;0;1795.24500;14020.29688;0.12805;0.00000;0.14459;0.56113
91;2020;6;3;0;1792.32239;14012.19043;0.12791;0.00000;0.14440;0.55993
91;2020;6;3;0;1789.40173;14004.08008;0.12778;0.00000;0.14421;0.55869
91;2020;6;3;0;1786.48315;13995.96875;0.12764;0.00000;0.14402;0.55745
91;2020;6;3;0;1783.56653;13987.85254;0.12751;0.00000;0.14383;0.55620
91;2020;6;3;0;1780.65198;13979.73438;0.12737;0.00000;0.14363;0.55496
91;2020;6;3;0;1777.73938;13971.61328;0.12724;0.00000;0.14344;0.55373
91;2020;6;3;0;1774.82874;13963.48828;0.12710;0.00000;0.14325;0.55250
91;2020;6;3;0;1771.92017;13955.36133;0.12697;0.00000;0.14306;0.55129
91;2020;6;3;0;1769.01355;13947.23047;0.12684;0.00000;0.14288;0.55009
91;2020;6;3;0;1766.10901;13939.09668;0.12670;0.00000;0.14269;0.54890
91;2020;6;3;0;1763.20642;13930.95996;0.12657;0.00000;0.14251;0.54773
91;2020;6;3;0;1760.30579;13922.82129;0.12643;0.00000;0.14233;0.54658
91;2020;6;3;0;1757.40723;13914.67871;0.12630;0.00000;0.14215;0.54544
91;2020;6;3;0;1754.51074;13906.53320;0.12616;0.00000;0.14197;0.54432
91;2020;6;3;0;1751.61621;13898.38477;0.12603;0.00000;0.14180;0.54321
91;2020;6;3;0;1748.72363;13890.23340;0.12590;0.00000;0.14163;0.54212
91;2020;6;3;0;1745.83313;13882.07910;0.12576;0.00000;0.14146;0.54105
91;2020;6;3;0;1742.94470;13873.92090;0.12563;0.00000;0.14130;0.53999
91;2020;6;3;0;1740.05823;13865.76074;0.12549;0.00000;0.14113;0.53895
91;2020;6;3;0;1737.17383;13857.59668;0.12536;0.00000;0.14097;0.53792
91;2020;6;3;0;1734.29150;13849.43066;0.12522;0.00000;0.14081;0.53691
91;2020;6;3;0;1731.41113;13841.26172;0.12509;0.00000;0.14066;0.53591
91;2020;6;3;0;1728.53284;13833.08887;0.12496;0.00000;0.14050;0.53494
91;2020;6;3;0;1725.65662;13824.91309;0.12482;0.00000;0.14035;0.53397
91;2020;6;3;0;1722.78247;13816.73633;0.12469;0.00000;0.14020;0.53303
91;2020;6;3;0;1719.91016;13808.55371;0.12455;0.00000;0.14005;0.53210
91;2020;6;3;0;1717.03992;13800.37012;0.12442;0.00000;0.13991;0.53118
91;2020;6;3;0;1714.17175;13792.18164;0.12429;0.00000;0.13977;0.53029
91;2020;6;3;0;1711.30566;13783.99121;0.12415;0.00000;0.13963;0.52941
91;2020;6;3;0;1708.44153;13775.79785;0.12402;0.00000;0.13949;0.52854
91;2020;6;3;0;1705.57947;13767.60059;0.12388;0.00000;0.13936;0.52769
91;2020;6;3;0;1702.71948;13759.40234;0.12375;0.00000;0.13922;0.52686
91;2020;6;3;0;1699.86157;13751.19922;0.12362;0.00000;0.13909;0.52604
91;2020;6;3;0;1697.00574;13742.99414;0.12348;0.00000;0.13897;0.52523
91;2020;6;3;0;1694.15186;13734.78516;0.12335;0.00000;0.13884;0.52444
91;2020;6;3;0;1691.30017;13726.57324;0.12321;0.00000;0.13872;0.52367
91;2020;6;3;0;1688.45056;13718.35938;0.12308;0.00000;0.13860;0.52290
91;2020;6;3;0;1685.60303;13710.14258;0.12295;0.00000;0.13848;0.52215
91;2020;6;3;0;1682.75757;13701.92188;0.12281;0.00000;0.13836;0.52140
91;2020;6;3;0;1679.91406;13693.69922;0.12268;0.00000;0.13824;0.52067
91;2020;6;4;0;1676.97815;13685.19824;0.12254;0.00000;0.13810;0.51977
91;2020;6;4;0;1674.04431;13676.69434;0.12240;0.00000;0.13788;0.51838
91;2020;6;4;0;1671.11255;13668.18750;0.12226;0.00000;0.13757;0.51648
91;2020;6;4;0;1668.18286;13659.67676;0.12212;0.00000;0.13724;0.51441
91;2020;6;4;0;1665.25513;13651.16113;0.12199;0.00000;0.13693;0.51249
91;2020;6;4;0;1662.32947;13642.64355;0.12185;0.00000;0.13666;0.51078
91;2020;6;4;0;1659.40588;13634.12109;0.12171;0.00000;0.13641;0.50922
91;2020;6;4;0;1656.48438;13625.59570;0.12157;0.00000;0.13617;0.50774
91;2020;6;4;0;1653.56494;13617.06641;0.12143;0.00000;0.13594;0.50631
91;2020;6;4;0;1650.64758;13608.53320;0.12130;0.00000;0.13572;0.50492
91;2020;6;4;0;1647.73230;13599.99609;0.12116;0.00000;0.13550;0.50355
91;2020;6;4;0;1644.81909;13591.45605;0.12102;0.00000;0.13528;0.50220
91;2020;6;4;0;1641.90808;13582.91211;0.12088;0.00000;0.13506;0.50088
91;2020;6;4;0;1638.99915;13574.36523;0.12074;0.00000;0.13485;0.49958
91;2020;6;4;0;1636.09229;13565.81348;0.12060;0.00000;0.13465;0.49831
91;2020;6;4;0;1633.18750;13557.25879;0.12047;0.00000;0.13445;0.49707
91;2020;6;4;0;1630.28491;13548.70117;0.12033;0.00000;0.13425;0.49587
91;2020;6;4;0;1627.38440;13540.13965;0.12019;0.00000;0.13406;0.49470
91;2020;6;4;0;1624.48596;13531.57422;0.12005;0.00000;0.13388;0.49357
91;2020;6;4;0;1621.58960;13523.00488;0.11991;0.00000;0.13370;0.49248
91;2020;6;4;0;1618.69543;13514.43262;0.11978;0.00000;0.13353;0.49143
91;2020;6;4;0;1615.80334;13505.85547;0.11964;0.00000;0.13336;0.49042
91;2020;6;4;0;1612.91345;13497.27637;0.11950;0.00000;0.13321;0.48945
91;2020;6;4;0;1610.02576;13488.69336;0.11936;0.00000;0.13305;0.48850
91;2020;6;4;0;1607.14014;13480.10645;0.11922;0.00000;0.13290;0.48760
91;2020;6;4;0;1604.25671;13471.51660;0.11909;0.00000;0.13276;0.48672
91;2020;6;4;0;1601.37537;13462.92285;0.11895;0.00000;0.13262;0.48587
91;2020;6;4;0;1598.49622;13454.32520;0.11881;0.00000;0.13249;0.48505
91;2020;6;4;0;1595.61926;13445.72363;0.11867;0.00000;0.13236;0.48426
91;2020;6;4;0;1592.74438;13437.12012;0.11853;0.00000;0.13223;0.48349
91;2020;6;4;0;1589.87170;13428.51074;0.11840;0.00000;0.13211;0.48274
91;2020;6;4;0;1587.00110;13419.89941;0.11826;0.00000;0.13199;0.48200
91;2020;6;4;0;1584.13269;13411.28418;0.11812;0.00000;0.13187;0.48129
91;2020;6;4;0;1581.26648;13402.66504;0.11798;0.00000;0.13176;0.48060
91;2020;6;4;0;1578.40234;13394.04297;0.11784;0.00000;0.13164;0.47992
91;2020;6;4;0;1575.54041;13385.41699;0.11771;0.00000;0.13153;0.47925
91;2020;6;4;0;1572.68066;13376.78711;0.11757;0.00000;0.13143;0.47860
91;2020;6;4;0;1569.82312;13368.15430;0.11743;0.00000;0.13132;0.47796
91;2020;6;4;0;1566.96777;13359.51758;0.11729;0.00000;0.13122;0.47733
91;2020;6;4;0;1564.11462;13350.87793;0.11715;0.00000;0.13111;0.47671
91;2020;6;4;0;1561.26355;13342.23438;0.11702;0.00000;0.13101;0.47610
91;2020;6;4;0;1558.41467;13333.58594;0.11688;0.00000;0.13092;0.47550
91;2020;6;4;0;1555.56799;13324.93555;0.11674;0.00000;0.13082;0.47491
91;2020;6;4;0;1552.72363;13316.28223;0.11660;0.00000;0.13072;0.47432
91;2020;6;4;0;1549.88135;13307.62402;0.11647;0.00000;0.13063;0.47374
91;2020;6;4;0;1547.04126;13298.96191;0.11633;0.00000;0.13053;0.47317
91;2020;6;4;0;1544.20337;13290.29688;0.11619;0.00000;0.13044;0.47261
91;2020;6;4;0;1541.36755;13281.62793;0.11605;0.00000;0.13034;0.47205
91;2020;6;5;0;1538.45251;13272.70605;0.11591;0.00000;0.13023;0.47133
91;2020;6;5;0;1535.53967;13263.77930;0.11577;0.00000;0.13004;0.47019
91;2020;6;5;0;1532.62915;13254.84961;0.11563;0.00000;0.12979;0.46869
91;2020;6;5;0;1529.72070;13245.91602;0.11549;0.00000;0.12953;0.46716
91;2020;6;5;0;1526.81445;13236.97656;0.11534;0.00000;0.12931;0.46582
91;2020;6;5;0;1523.91052;13228.03418;0.11520;0.00000;0.12912;0.46468
91;2020;6;5;0;1521.00879;13219.08789;0.11506;0.00000;0.12895;0.46367
91;2020;6;5;0;1518.10925;13210.13672;0.11492;0.00000;0.12879;0.46272
91;2020;6;5;0;1515.21191;13201.18066;0.11478;0.00000;0.12864;0.46180
91;2020;6;5;0;1512.31677;13192.22266;0.11464;0.00000;0.12848;0.46086
91;2020;6;5;0;1509.42383;13183.25781;0.11450;0.00000;0.12832;0.45991
91;2020;6;5;0;1506.53320;13174.29004;0.11435;0.00000;0.12816;0.45895
91;2020;6;5;0;1503.64478;13165.31836;0.11421;0.00000;0.12800;0.45796
91;2020;6;5;0;1500.75854;13156.34277;0.11407;0.00000;0.12783;0.45697
91;2020;6;5;0;1497.87463;13147.36230;0.11393;0.00000;0.12766;0.45597
91;2020;6;5;0;1494.99292;13138.37891;0.11379;0.00000;0.12749;0.45496
91;2020;6;5;0;1492.11353;13129.38965;0.11365;0.00000;0.12732;0.45396
91;2020;6;5;0;1489.23633;13120.39648;0.11351;0.00000;0.12716;0.45297
91;2020;6;5;0;1486.36121;13111.40039;0.11336;0.00000;0.12699;0.45198
91;2020;6;5;0;1483.48840;13102.39844;0.11322;0.00000;0.12683;0.45102
91;2020;6;5;0;1480.61780;13093.39258;0.11308;0.00000;0.12667;0.45007
91;2020;6;5;0;1477.74951;13084.38281;0.11294;0.00000;0.12651;0.44914
91;2020;6;5;0;1474.88342;13075.36914;0.11280;0.00000;0.12636;0.44823
91;2020;6;5;0;1472.01965;13066.35059;0.11266;0.00000;0.12621;0.44734
91;2020;6;5;0;1469.15808;13057.32910;0.11252;0.00000;0.12606;0.44647
91;2020;6;5;0;1466.29883;13048.30273;0.11237;0.00000;0.12592;0.44563
91;2020;6;5;0;1463.44177;13039.27148;0.11223;0.00000;0.12578;0.44480
91;2020;6;5;0;1460.58704;13030.23730;0.11209;0.00000;0.12564;0.44400
91;2020;6;5;0;1457.73450;13021.19727;0.11195;0.00000;0.12551;0.44321
91;2020;6;5;0;1454.88428;13012.15430;0.11181;0.00000;0.12538;0.44245
91;2020;6;5;0;1452.03625;13003.10645;0.11167;0.00000;0.12525;0.44170
91;2020;6;5;0;1449.19055;12994.05469;0.11153;0.00000;0.12512;0.44096
91;2020;6;5;0;1446.34705;12984.99805;0.11139;0.00000;0.12500;0.44025
91;2020;6;5;0;1443.50598;12975.93848;0.11124;0.00000;0.12488;0.43954
91;2020;6;5;0;1440.66711;12966.87305;0.11110;0.00000;0.12476;0.43886
91;2020;6;5;0;1437.83057;12957.80566;0.11096;0.00000;0.12465;0.43818
91;2020;6;5;0;1434.99622;12948.73145;0.11082;0.00000;0.12454;0.43751
91;2020;6;5;0;1432.16418;12939.65430;0.11068;0.00000;0.12442;0.43686
91;2020;6;5;0;1429.33447;12930.57324;0.11054;0.00000;0.12431;0.43622
91;2020;6;5;0;1426.50696;12921.48730;0.11040;0.00000;0.12421;0.43558
91;2020;6;5;0;1423.68176;12912.39746;0.11026;0.00000;0.12410;0.43496
91;2020;6;5;0;1420.85889;12903.30273;0.11012;0.00000;0.12399;0.43434
91;2020;6;5;0;1418.03833;12894.20410;0.10997;0.00000;0.12389;0.43373
91;2020;6;5;0;1415.22009;12885.10156;0.10983;0.00000;0.12379;0.43313
91;2020;6;5;0;1412.40405;12875.99414;0.10969;0.00000;0.12368;0.43253
91;2020;6;5;0;1409.59033;12866.88281;0.10955;0.00000;0.12358;0.43194
91;2020;6;5;0;1406.77893;12857.76758;0.10941;0.00000;0.12348;0.43136
91;2020;6;5;0;1403.96985;12848.64844;0.10927;0.00000;0.12338;0.43078
91;2020;6;6;0;1401.70093;12841.27344;0.10916;0.00000;0.12334;0.43056
91;2020;6;6;0;1399.43396;12833.89648;0.10904;0.00000;0.12344;0.43114
91;2020;6;6;0;1397.16907;12826.51953;0.10893;0.00000;0.12370;0.43266
91;2020;6;6;0;1394.90625;12819.14160;0.10881;0.00000;0.12415;0.43526
91;2020;6;6;0;1392.64563;12811.76367;0.10870;0.00000;0.12474;0.43869
91;2020;6;6;0;1390.38733;12804.38379;0.10859;0.00000;0.12529;0.44193
91;2020;6;6;0;1388.13110;12797.00391;0.10847;0.00000;0.12570;0.44435
91;2020;6;6;0;1385.87695;12789.62402;0.10836;0.00000;0.12599;0.44608
91;2020;6;6;0;1383.62476;12782.24219;0.10825;0.00000;0.12622;0.44742
91;2020;6;6;0;1381.37451;12774.85938;0.10813;0.00000;0.12642;0.44857
91;2020;6;6;0;1379.12634;12767.47461;0.10802;0.00000;0.12659;0.44963
91;2020;6;6;0;1376.88013;12760.08887;0.10791;0.00000;0.12677;0.45065
91;2020;6;6;0;1374.63586;12752.70215;0.10779;0.00000;0.12693;0.45164
91;2020;6;6;0;1372.39355;12745.31348;0.10768;0.00000;0.12709;0.45259
91;2020;6;6;0;1370.15332;12737.92480;0.10756;0.00000;0.12725;0.45352
91;2020;6;6;0;1367.91516;12730.53418;0.10745;0.00000;0.12740;0.45442
91;2020;6;6;0;1365.67896;12723.14355;0.10734;0.00000;0.12755;0.45530
91;2020;6;6;0;1363.44470;12715.75000;0.10722;0.00000;0.12769;0.45614
91;2020;6;6;0;1361.21240;12708.35645;0.10711;0.00000;0.12783;0.45696
91;2020;6;6;0;1358.98206;12700.96094;0.10700;0.00000;0.12796;0.45774
91;2020;6;6;0;1356.75366;12693.56348;0.10689;0.00000;0.12809;0.45849
91;2020;6;6;0;1354.52734;12686.16602;0.10677;0.00000;0.12821;0.45921
91;2020;6;6;0;1352.30298;12678.76660;0.10666;0.00000;0.12832;0.45989
91;2020;6;6;0;1350.08057;12671.36621;0.10655;0.00000;0.12843;0.46054
91;2020;6;6;0;1347.86011;12663.96387;0.10643;0.00000;0.12853;0.46116
91;2020;6;6;0;1345.64160;12656.56055;0.10632;0.00000;0.12863;0.46175
91;2020;6;6;0;1343.42493;12649.15625;0.10621;0.00000;0.12872;0.46230
91;2020;6;6;0;1341.21033;12641.75000;0.10609;0.00000;0.12881;0.46282
91;2020;6;6;0;1338.99768;12634.34277;0.10598;0.00000;0.12889;0.46330
91;2020;6;6;0;1336.78699;12626.93457;0.10587;0.00000;0.12896;0.46375
91;2020;6;6;0;1334.57825;12619.52344;0.10576;0.00000;0.12903;0.46416
91;2020;6;6;0;1332.37134;12612.11230;0.10564;0.00000;0.12909;0.46453
91;2020;6;6;0;1330.16638;12604.69922;0.10553;0.00000;0.12915;0.46487
91;2020;6;6;0;1327.96350;12597.28516;0.10542;0.00000;0.12920;0.46516
91;2020;6;6;0;1325.76257;12589.87012;0.10530;0.00000;0.12924;0.46542
91;2020;6;6;0;1323.56348;12582.45312;0.10519;0.00000;0.12928;0.46564
91;2020;6;6;0;1321.36633;12575.03418;0.10508;0.00000;0.12931;0.46582
91;2020;6;6;0;1319.17102;12567.61426;0.10497;0.00000;0.12933;0.46596
91;2020;6;6;0;1316.97778;12560.19238;0.10485;0.00000;0.12935;0.46606
91;2020;6;6;0;1314.78638;12552.77051;0.10474;0.00000;0.12936;0.46613
91;2020;6;6;0;1312.59692;12545.34570;0.10463;0.00000;0.12937;0.46616
91;2020;6;6;0;1310.40930;12537.91895;0.10452;0.00000;0.12937;0.46616
91;2020;6;6;0;1308.22363;12530.49219;0.10440;0.00000;0.12936;0.46612
91;2020;6;6;0;1306.03992;12523.06250;0.10429;0.00000;0.12935;0.46606
91;2020;6;6;0;1303.85815;12515.63281;0.10418;0.00000;0.12933;0.46596
91;2020;6;6;0;1301.67822;12508.20117;0.10407;0.00000;0.12931;0.46584
91;2020;6;6;0;1299.50012;12500.76758;0.10395;0.00000;0.12929;0.46569
91;2020;6;6;0;1297.32397;12493.33203;0.10384;0.00000;0.12926;0.46552
91;2020;6;7;0;1294.70117;12484.35938;0.10371;0.00000;0.12919;0.46512
91;2020;6;7;0;1292.08057;12475.38477;0.10357;0.00000;0.12909;0.46449
91;2020;6;7;0;1289.46216;12466.40430;0.10344;0.00000;0.12897;0.46375
91;2020;6;7;0;1286.84607;12457.41992;0.10330;0.00000;0.12876;0.46252
91;2020;6;7;0;1284.23206;12448.43066;0.10316;0.00000;0.12843;0.46053
91;2020;6;7;0;1281.62024;12439.43750;0.10303;0.00000;0.12808;0.45844
91;2020;6;7;0;1279.01062;12430.44141;0.10289;0.00000;0.12779;0.45676
91;2020;6;7;0;1276.40308;12421.43848;0.10276;0.00000;0.12757;0.45544
91;2020;6;7;0;1273.79785;12412.43359;0.10262;0.00000;0.12739;0.45436
91;2020;6;7;0;1271.19482;12403.42285;0.10249;0.00000;0.12723;0.45340
91;2020;6;7;0;1268.59412;12394.40918;0.10235;0.00000;0.12708;0.45251
91;2020;6;7;0;1265.99561;12385.39062;0.10222;0.00000;0.12694;0.45167
91;2020;6;7;0;1263.39941;12376.36914;0.10208;0.00000;0.12681;0.45088
91;2020;6;7;0;1260.80542;12367.34277;0.10195;0.00000;0.12668;0.45012
91;2020;6;7;0;1258.21375;12358.31250;0.10181;0.00000;0.12655;0.44939
91;2020;6;7;0;1255.62427;12349.27832;0.10168;0.00000;0.12643;0.44868
91;2020;6;7;0;1253.03711;12340.23926;0.10154;0.00000;0.12632;0.44799
91;2020;6;7;0;1250.45215;12331.19629;0.10141;0.00000;0.12620;0.44730
91;2020;6;7;0;1247.86951;12322.15039;0.10127;0.00000;0.12609;0.44663
91;2020;6;7;0;1245.28906;12313.09863;0.10114;0.00000;0.12597;0.44595
91;2020;6;7;0;1242.71094;12304.04297;0.10100;0.00000;0.12586;0.44528
91;2020;6;7;0;1240.13513;12294.98438;0.10087;0.00000;0.12574;0.44461
91;2020;6;7;0;1237.56165;12285.92090;0.10073;0.00000;0.12563;0.44394
91;2020;6;7;0;1234.99036;12276.85352;0.10060;0.00000;0.12552;0.44326
91;2020;6;7;0;1232.42139;12267.78223;0.10046;0.00000;0.12540;0.44259
91;2020;6;7;0;1229.85474;12258.70703;0.10033;0.00000;0.12529;0.44191
91;2020;6;7;0;1227.29028;12249.62695;0.10019;0.00000;0.12517;0.44123
91;2020;6;7;0;1224.72815;12240.54297;0.10006;0.00000;0.12506;0.44056
91;2020;6;7;0;1222.16821;12231.45410;0.09992;0.00000;0.12494;0.43989
91;2020;6;7;0;1219.61060;12222.36230;0.09979;0.00000;0.12483;0.43921
91;2020;6;7;0;1217.05530;12213.26562;0.09965;0.00000;0.12471;0.43855
91;2020;6;7;0;1214.50220;12204.16406;0.09952;0.00000;0.12460;0.43788
91;2020;6;7;0;1211.95142;12195.05957;0.09938;0.00000;0.12449;0.43723
91;2020;6;7;0;1209.40308;12185.95020;0.09925;0.00000;0.12438;0.43657
91;2020;6;7;0;1206.85693;12176.83789;0.09911;0.00000;0.12426;0.43593
91;2020;6;7;0;1204.31311;12167.71973;0.09898;0.00000;0.12416;0.43529
91;2020;6;7;0;1201.77161;12158.59863;0.09884;0.00000;0.12405;0.43466
91;2020;6;7;0;1199.23230;12149.47266;0.09871;0.00000;0.12394;0.43403
91;2020;6;7;0;1196.69531;12140.34277;0.09857;0.00000;0.12383;0.43342
91;2020;6;7;0;1194.16064;12131.20898;0.09844;0.00000;0.12373;0.43281
91;2020;6;7;0;1191.62817;12122.07031;0.09830;0.00000;0.12363;0.43221
91;2020;6;7;0;1189.09814;12112.92773;0.09817;0.00000;0.12353;0.43161
91;2020;6;7;0;1186.57043;12103.78125;0.09803;0.00000;0.12342;0.43102
91;2020;6;7;0;1184.04492;12094.62988;0.09790;0.00000;0.12332;0.43044
91;2020;6;7;0;1181.52173;12085.47363;0.09776;0.00000;0.12323;0.42987
91;2020;6;7;0;1179.00085;12076.31543;0.09763;0.00000;0.12313;0.42930
91;2020;6;7;0;1176.48230;12067.15039;0.09749;0.00000;0.12303;0.42874
91;2020;6;7;0;1173.96594;12057.98242;0.09736;0.00000;0.12294;0.42819
91;2020;6;8;0;1171.26782;12048.13770;0.09722;0.00000;0.12279;0.42732
91;2020;6;8;0;1168.57214;12038.28711;0.09707;0.00000;0.12250;0.42565
91;2020;6;8;0;1165.87891;12028.43066;0.09693;0.00000;0.12208;0.42324
91;2020;6;8;0;1163.18787;12018.56738;0.09678;0.00000;0.12159;0.42041
91;2020;6;8;0;1160.49902;12008.69824;0.09664;0.00000;0.12107;0.41741
91;2020;6;8;0;1157.81250;11998.82324;0.09649;0.00000;0.12058;0.41460
91;2020;6;8;0;1155.12830;11988.94141;0.09635;0.00000;0.12015;0.41213
91;2020;6;8;0;1152.44653;11979.05273;0.09621;0.00000;0.11977;0.40994
91;2020;6;8;0;1149.76709;11969.15918;0.09606;0.00000;0.11941;0.40792
91;2020;6;8;0;1147.08997;11959.25781;0.09592;0.00000;0.11907;0.40598
91;2020;6;8;0;1144.41516;11949.35254;0.09577;0.00000;0.11874;0.40409
91;2020;6;8;0;1141.74280;11939.43945;0.09563;0.00000;0.11841;0.40222
91;2020;6;8;0;1139.07288;11929.52148;0.09548;0.00000;0.11808;0.40038
91;2020;6;8;0;1136.40527;11919.59570;0.09534;0.00000;0.11776;0.39857
91;2020;6;8;0;1133.74011;11909.66504;0.09519;0.00000;0.11744;0.39679
91;2020;6;8;0;1131.07727;11899.72754;0.09505;0.00000;0.11714;0.39505
91;2020;6;8;0;1128.41687;11889.78418;0.09491;0.00000;0.11684;0.39336
91;2020;6;8;0;1125.75891;11879.83496;0.09476;0.00000;0.11654;0.39172
91;2020;6;8;0;1123.10339;11869.88086;0.09462;0.00000;0.11626;0.39013
91;2020;6;8;0;1120.45020;11859.91797;0.09447;0.00000;0.11598;0.38858
91;2020;6;8;0;1117.79956;11849.95117;0.09433;0.00000;0.11571;0.38707
91;2020;6;8;0;1115.15125;11839.97754;0.09419;0.00000;0.11545;0.38560
91;2020;6;8;0;1112.50549;11829.99902;0.09404;0.00000;0.11519;0.38418
91;2020;6;8;0;1109.86206;11820.01172;0.09390;0.00000;0.11494;0.38279
91;2020;6;8;0;1107.22119;11810.02051;0.09375;0.00000;0.11470;0.38144
91;2020;6;8;0;1104.58264;11800.02344;0.09361;0.00000;0.11446;0.38014
91;2020;6;8;0;1101.94666;11790.01855;0.09346;0.00000;0.11423;0.37887
91;2020;6;8;0;1099.31311;11780.00879;0.09332;0.00000;0.11401;0.37764
91;2020;6;8;0;1096.68201;11769.99219;0.09318;0.00000;0.11380;0.37645
91;2020;6;8;0;1094.05334;11759.96973;0.09303;0.00000;0.11359;0.37530
91;2020;6;8;0;1091.42725;11749.94238;0.09289;0.00000;0.11338;0.37418
91;2020;6;8;0;1088.80359;11739.90820;0.09274;0.00000;0.11319;0.37310
91;2020;6;8;0;1086.18237;11729.86719;0.09260;0.00000;0.11300;0.37205
91;2020;6;8;0;1083.56360;11719.82031;0.09246;0.00000;0.11281;0.37104
91;2020;6;8;0;1080.94739;11709.76758;0.09231;0.00000;0.11263;0.37006
91;2020;6;8;0;1078.33362;11699.70801;0.09217;0.00000;0.11246;0.36911
91;2020;6;8;0;1075.72241;11689.64453;0.09202;0.00000;0.11229;0.36820
91;2020;6;8;0;1073.11377;11679.57324;0.09188;0.00000;0.11213;0.36731
91;2020;6;8;0;1070.50757;11669.49609;0.09174;0.00000;0.11197;0.36645
91;2020;6;8;0;1067.90393;11659.41309;0.09159;0.00000;0.11182;0.36562
91;2020;6;8;0;1065.30286;11649.32422;0.09145;0.00000;0.11167;0.36481
91;2020;6;8;0;1062.70422;11639.22852;0.09130;0.00000;0.11153;0.36403
91;2020;6;8;0;1060.10815;11629.12793;0.09116;0.00000;0.11139;0.36327
91;2020;6;8;0;1057.51465;11619.02051;0.09102;0.00000;0.11125;0.36253
91;2020;6;8;0;1054.92358;11608.90723;0.09087;0.00000;0.11112;0.36181
91;2020;6;8;0;1052.33508;11598.78711;0.09073;0.00000;0.11099;0.36111
91;2020;6;8;0;1049.74915;11588.66113;0.09058;0.00000;0.11086;0.36043
91;2020;6;8;0;1047.16565;11578.52930;0.09044;0.00000;0.11074;0.35977
91;2020;6;9;0;1044.58508;11568.39258;0.09030;0.00000;0.11061;0.35908
91;2020;6;9;0;1042.00708;11558.25000;0.09015;0.00000;0.11048;0.35835
91;2020;6;9;0;1039.43164;11548.10059;0.09001;0.00000;0.11037;0.35776
91;2020;6;9;0;1036.85876;11537.94531;0.08987;0.00000;0.11032;0.35747
91;2020;6;9;0;1034.28845;11527.78418;0.08972;0.00000;0.11030;0.35739
91;2020;6;9;0;1031.72083;11517.61719;0.08958;0.00000;0.11030;0.35737
91;2020;6;9;0;1029.15576;11507.44434;0.08943;0.00000;0.11028;0.35728
91;2020;6;9;0;1026.59338;11497.26465;0.08929;0.00000;0.11025;0.35709
91;2020;6;9;0;1024.03357;11487.08008;0.08915;0.00000;0.11020;0.35683
91;2020;6;9;0;1021.47632;11476.88965;0.08900;0.00000;0.11014;0.35651
91;2020;6;9;0;1018.92169;11466.69238;0.08886;0.00000;0.11007;0.35616
91;2020;6;9;0;1016.36957;11456.48926;0.08872;0.00000;0.11000;0.35578
91;2020;6;9;0;1013.82007;11446.27930;0.08857;0.00000;0.10993;0.35539
91;2020;6;9;0;1011.27319;11436.06348;0.08843;0.00000;0.10986;0.35498
91;2020;6;9;0;1008.72888;11425.84180;0.08828;0.00000;0.10978;0.35456
91;2020;6;9;0;1006.18719;11415.61328;0.08814;0.00000;0.10970;0.35413
91;2020;6;9;0;1003.64807;11405.37891;0.08800;0.00000;0.10962;0.35369
91;2020;6;9;0;1001.11157;11395.13867;0.08785;0.00000;0.10953;0.35325
91;2020;6;9;0;998.57764;11384.89160;0.08771;0.00000;0.10945;0.35280
91;2020;6;9;0;996.04626;11374.63867;0.08757;0.00000;0.10936;0.35234
91;2020;6;9;0;993.51746;11364.37891;0.08742;0.00000;0.10928;0.35188
91;2020;6;9;0;990.99133;11354.11230;0.08728;0.00000;0.10919;0.35142
91;2020;6;9;0;988.46777;11343.84082;0.08714;0.00000;0.10911;0.35095
91;2020;6;9;0;985.94684;11333.56250;0.08699;0.00000;0.10902;0.35049
91;2020;6;9;0;983.42847;11323.27734;0.08685;0.00000;0.10893;0.35003
91;2020;6;9;0;980.91272;11312.98633;0.08671;0.00000;0.10885;0.34956
91;2020;6;9;0;978.39954;11302.68945;0.08656;0.00000;0.10876;0.34911
91;2020;6;9;0;975.88898;11292.38477;0.08642;0.00000;0.10868;0.34865
91;2020;6;9;0;973.38098;11282.07520;0.08628;0.00000;0.10859;0.34820
91;2020;6;9;0;970.87567;11271.75781;0.08613;0.00000;0.10851;0.34775
91;2020;6;9;0;968.37292;11261.43555;0.08599;0.00000;0.10842;0.34730
91;2020;6;9;0;965.87280;11251.10547;0.08585;0.00000;0.10834;0.34686
91;2020;6;9;0;963.37524;11240.76953;0.08570;0.00000;0.10826;0.34642
91;2020;6;9;0;960.88037;11230.42773;0.08556;0.00000;0.10818;0.34599
91;2020;6;9;0;958.38806;11220.07910;0.08542;0.00000;0.10810;0.34556
91;2020;6;9;0;955.89844;11209.72363;0.08527;0.00000;0.10802;0.34513
91;2020;6;9;0;953.41138;11199.36230;0.08513;0.00000;0.10794;0.34471
91;2020;6;9;0;950.92694;11188.99316;0.08499;0.00000;0.10786;0.34429
91;2020;6;9;0;948.44513;11178.61816;0.08484;0.00000;0.10778;0.34388
91;2020;6;9;0;945.96594;11168.23633;0.08470;0.00000;0.10770;0.34347
91;2020;6;9;0;943.48944;11157.84863;0.08456;0.00000;0.10763;0.34307
91;2020;6;9;0;941.01550;11147.45410;0.08442;0.00000;0.10755;0.34267
91;2020;6;9;0;938.54425;11137.05371;0.08427;0.00000;0.10748;0.34227
91;2020;6;9;0;936.07562;11126.64648;0.08413;0.00000;0.10740;0.34188
91;2020;6;9;0;933.60962;11116.23242;0.08399;0.00000;0.10733;0.34149
91;2020;6;9;0;931.14624;11105.81152;0.08384;0.00000;0.10726;0.34110
91;2020;6;9;0;928.68555;11095.38379;0.08370;0.00000;0.10719;0.34072
91;2020;6;9;0;926.22748;11084.95020;0.08356;0.00000;0.10712;0.34034
91;2020;6;10;0;923.74323;11074.38770;0.08341;0.00000;0.10702;0.33986
91;2020;6;10;0;921.26160;11063.81738;0.08327;0.00000;0.10687;0.33907
91;2020;6;10;0;918.78265;11053.24023;0.08312;0.00000;0.10667;0.33801
91;2020;6;10;0;916.30627;11042.65527;0.08298;0.00000;0.10646;0.33688
91;2020;6;10;0;913.83246;11032.06348;0.08283;0.00000;0.10625;0.33578
91;2020;6;10;0;911.36133;11021.46387;0.08269;0.00000;0.10606;0.33475
91;2020;6;10;0;908.89282;11010.85840;0.08255;0.00000;0.10587;0.33379
91;2020;6;10;0;906.42694;11000.24414;0.08240;0.00000;0.10570;0.33287
91;2020;6;10;0;903.96368;10989.62305;0.08226;0.00000;0.10553;0.33198
91;2020;6;10;0;901.50311;10978.99512;0.08211;0.00000;0.10536;0.33109
91;2020;6;10;0;899.04517;10968.36035;0.08197;0.00000;0.10519;0.33022
91;2020;6;10;0;896.58990;10957.71680;0.08182;0.00000;0.10502;0.32933
91;2020;6;10;0;894.13721;10947.06738;0.08168;0.00000;0.10485;0.32845
91;2020;6;10;0;891.68719;10936.41016;0.08153;0.00000;0.10468;0.32756
91;2020;6;10;0;889.23981;10925.74512;0.08139;0.00000;0.10451;0.32667
91;2020;6;10;0;886.79510;10915.07324;0.08125;0.00000;0.10434;0.32578
91;2020;6;10;0;884.35303;10904.39355;0.08110;0.00000;0.10417;0.32490
91;2020;6;10;0;881.91364;10893.70703;0.08096;0.00000;0.10400;0.32403
91;2020;6;10;0;879.47687;10883.01172;0.08081;0.00000;0.10384;0.32317
91;2020;6;10;0;877.04279;10872.30957;0.08067;0.00000;0.10367;0.32232
91;2020;6;10;0;874.61139;10861.60156;0.08052;0.00000;0.10351;0.32149
91;2020;6;10;0;872.18268;10850.88477;0.08038;0.00000;0.10336;0.32068
91;2020;6;10;0;869.75665;10840.16113;0.08023;0.00000;0.10320;0.31989
91;2020;6;10;0;867.33331;10829.42969;0.08009;0.00000;0.10306;0.31912
91;2020;6;10;0;864.91266;10818.69141;0.07995;0.00000;0.10291;0.31837
91;2020;6;10;0;862.49469;10807.94531;0.07980;0.00000;0.10277;0.31765
91;2020;6;10;0;860.07941;10797.19141;0.07966;0.00000;0.10263;0.31695
91;2020;6;10;0;857.66681;10786.43066;0.07951;0.00000;0.10250;0.31627
91;2020;6;10;0;855.25690;10775.66211;0.07937;0.00000;0.10237;0.31561
91;2020;6;10;0;852.84967;10764.88574;0.07923;0.00000;0.10225;0.31498
91;2020;6;10;0;850.44513;10754.10254;0.07908;0.00000;0.10213;0.31436
91;2020;6;10;0;848.04333;10743.31152;0.07894;0.00000;0.10202;0.31377
91;2020;6;10;0;845.64423;10732.51270;0.07879;0.00000;0.10190;0.31319
91;2020;6;10;0;843.24786;10721.70703;0.07865;0.00000;0.10179;0.31263
91;2020;6;10;0;840.85419;10710.89258;0.07850;0.00000;0.10169;0.31209
91;2020;6;10;0;838.46326;10700.07129;0.07836;0.00000;0.10158;0.31156
91;2020;6;10;0;836.07507;10689.24316;0.07822;0.00000;0.10148;0.31105
91;2020;6;10;0;833.68964;10678.40723;0.07807;0.00000;0.10139;0.31055
91;2020;6;10;0;831.30688;10667.56250;0.07793;0.00000;0.10129;0.31007
91;2020;6;10;0;828.92688;10656.71191;0.07778;0.00000;0.10120;0.30960
91;2020;6;10;0;826.54962;10645.85254;0.07764;0.00000;0.10111;0.30913
91;2020;6;10;0;824.17511;10634.98535;0.07750;0.00000;0.10102;0.30868
91;2020;6;10;0;821.80334;10624.11133;0.07735;0.00000;0.10093;0.30824
91;2020;6;10;0;819.43433;10613.22949;0.07721;0.00000;0.10085;0.30780
91;2020;6;10;0;817.06805;10602.34082;0.07706;0.00000;0.10076;0.30738
91;2020;6;10;0;814.70453;10591.44336;0.07692;0.00000;0.10068;0.30696
91;2020;6;10;0;812.34375;10580.53809;0.07678;0.00000;0.10060;0.30655
91;2020;6;10;0;809.98578;10569.62598;0.07663;0.00000;0.10052;0.30615
91;2020;6;11;0;808.89313;10564.56250;0.07657;0.00000;0.10062;0.30666
91;2020;6;11;0;807.80212;10559.50195;0.07650;0.00000;0.10117;0.30946
91;2020;6;11;0;806.71295;10554.44531;0.07643;0.00000;0.10224;0.31492
91;2020;6;11;0;805.62592;10549.39551;0.07637;0.00000;0.10374;0.32267
91;2020;6;11;0;804.54114;10544.35059;0.07630;0.00000;0.10551;0.33190
91;2020;6;11;0;803.45844;10539.31152;0.07623;0.00000;0.10723;0.34094
91;2020;6;11;0;802.37781;10534.27734;0.07617;0.00000;0.10864;0.34847
91;2020;6;11;0;801.29907;10529.24707;0.07610;0.00000;0.10977;0.35454
91;2020;6;11;0;800.22205;10524.22168;0.07604;0.00000;0.11068;0.35944
91;2020;6;11;0;799.14673;10519.19922;0.07597;0.00000;0.11145;0.36363
91;2020;6;11;0;798.07300;10514.17969;0.07590;0.00000;0.11214;0.36739
91;2020;6;11;0;797.00092;10509.16406;0.07584;0.00000;0.11278;0.37090
91;2020;6;11;0;795.93042;10504.15137;0.07577;0.00000;0.11339;0.37422
91;2020;6;11;0;794.86157;10499.14160;0.07571;0.00000;0.11397;0.37741
91;2020;6;11;0;793.79431;10494.13574;0.07564;0.00000;0.11452;0.38047
91;2020;6;11;0;792.72858;10489.13184;0.07558;0.00000;0.11505;0.38341
91;2020;6;11;0;791.66443;10484.13086;0.07551;0.00000;0.11556;0.38623
91;2020;6;11;0;790.60181;10479.13379;0.07545;0.00000;0.11604;0.38893
91;2020;6;11;0;789.54065;10474.13867;0.07538;0.00000;0.11650;0.39149
91;2020;6;11;0;788.48102;10469.14648;0.07531;0.00000;0.11694;0.39393
91;2020;6;11;0;787.42285;10464.15723;0.07525;0.00000;0.11735;0.39623
91;2020;6;11;0;786.36621;10459.16992;0.07518;0.00000;0.11773;0.39840
91;2020;6;11;0;785.31104;10454.18652;0.07512;0.00000;0.11809;0.40044
91;2020;6;11;0;784.25732;10449.20410;0.07505;0.00000;0.11843;0.40235
91;2020;6;11;0;783.20502;10444.22461;0.07499;0.00000;0.11874;0.40413
91;2020;6;11;0;782.15411;10439.24805;0.07492;0.00000;0.11904;0.40579
91;2020;6;11;0;781.10468;10434.27344;0.07486;0.00000;0.11931;0.40733
91;2020;6;11;0;780.05664;10429.30176;0.07479;0.00000;0.11956;0.40876
91;2020;6;11;0;779.01001;10424.33301;0.07473;0.00000;0.11979;0.41008
91;2020;6;11;0;777.96478;10419.36621;0.07467;0.00000;0.12000;0.41130
91;2020;6;11;0;776.92090;10414.40039;0.07460;0.00000;0.12020;0.41243
91;2020;6;11;0;775.87842;10409.43750;0.07454;0.00000;0.12038;0.41346
91;2020;6;11;0;774.83728;10404.47656;0.07447;0.00000;0.12055;0.41441
91;2020;6;11;0;773.79749;10399.51953;0.07441;0.00000;0.12070;0.41528
91;2020;6;11;0;772.75909;10394.56250;0.07434;0.00000;0.12084;0.41608
91;2020;6;11;0;771.72198;10389.60840;0.07428;0.00000;0.12097;0.41681
91;2020;6;11;0;770.68622;10384.65625;0.07421;0.00000;0.12108;0.41748
91;2020;6;11;0;769.65173;10379.70605;0.07415;0.00000;0.12119;0.41809
91;2020;6;11;0;768.61865;10374.75879;0.07409;0.00000;0.12128;0.41864
91;2020;6;11;0;767.58685;10369.81152;0.07402;0.00000;0.12137;0.41914
91;2020;6;11;0;766.55634;10364.86816;0.07396;0.00000;0.12145;0.41960
91;2020;6;11;0;765.52710;10359.92578;0.07389;0.00000;0.12152;0.42001
91;2020;6;11;0;764.49921;10354.98535;0.07383;0.00000;0.12159;0.42038
91;2020;6;11;0;763.47260;10350.04785;0.07377;0.00000;0.12164;0.42072
91;2020;6;11;0;762.44727;10345.11133;0.07370;0.00000;0.12170;0.42102
91;2020;6;11;0;761.42322;10340.17676;0.07364;0.00000;0.12174;0.42129
91;2020;6;11;0;760.40051;10335.24414;0.07357;0.00000;0.12179;0.42153
91;2020;6;11;0;759.37909;10330.31348;0.07351;0.00000;0.12182;0.42175
91;2020;6;12;0;757.29852;10320.25781;0.07338;0.00000;0.12175;0.42134
91;2020;6;12;0;755.22040;10310.19531;0.07325;0.00000;0.12144;0.41952
91;2020;6;12;0;753.14447;10300.12695;0.07312;0.00000;0.12080;0.41584
91;2020;6;12;0;751.07062;10290.04980;0.07299;0.00000;0.11979;0.41006
91;2020;6;12;0;748.99866;10279.96387;0.07286;0.00000;0.11851;0.40281
91;2020;6;12;0;746.92865;10269.86914;0.07273;0.00000;0.11726;0.39576
91;2020;6;12;0;744.86078;10259.76758;0.07260;0.00000;0.11625;0.39006
91;2020;6;12;0;742.79504;10249.65918;0.07247;0.00000;0.11546;0.38568
91;2020;6;12;0;740.73157;10239.54199;0.07234;0.00000;0.11485;0.38228
91;2020;6;12;0;738.67047;10229.41895;0.07221;0.00000;0.11434;0.37948
91;2020;6;12;0;736.61169;10219.28809;0.07208;0.00000;0.11390;0.37705
91;2020;6;12;0;734.55536;10209.15332;0.07195;0.00000;0.11351;0.37485
91;2020;6;12;0;732.50140;10199.01074;0.07182;0.00000;0.11313;0.37280
91;2020;6;12;0;730.44989;10188.86133;0.07169;0.00000;0.11278;0.37086
91;2020;6;12;0;728.40076;10178.70605;0.07156;0.00000;0.11244;0.36902
91;2020;6;12;0;726.35413;10168.54395;0.07143;0.00000;0.11212;0.36725
91;2020;6;12;0;724.30994;10158.37695;0.07130;0.00000;0.11181;0.36557
91;2020;6;12;0;722.26819;10148.20215;0.07117;0.00000;0.11151;0.36395
91;2020;6;12;0;720.22888;10138.02148;0.07104;0.00000;0.11123;0.36240
91;2020;6;12;0;718.19208;10127.83496;0.07091;0.00000;0.11095;0.36092
91;2020;6;12;0;716.15771;10117.64160;0.07078;0.00000;0.11069;0.35950
91;2020;6;12;0;714.12585;10107.44238;0.07065;0.00000;0.11044;0.35814
91;2020;6;12;0;712.09650;10097.23730;0.07052;0.00000;0.11020;0.35684
91;2020;6;12;0;710.06964;10087.02539;0.07039;0.00000;0.10997;0.35559
91;2020;6;12;0;708.04535;10076.80859;0.07026;0.00000;0.10975;0.35440
91;2020;6;12;0;706.02350;10066.58398;0.07014;0.00000;0.10954;0.35326
91;2020;6;12;0;704.00415;10056.35449;0.07001;0.00000;0.10933;0.35218
91;2020;6;12;0;701.98737;10046.11816;0.06988;0.00000;0.10914;0.35115
91;2020;6;12;0;699.97308;10035.87598;0.06975;0.00000;0.10896;0.35016
91;2020;6;12;0;697.96136;10025.62793;0.06962;0.00000;0.10878;0.34923
91;2020;6;12;0;695.95221;10015.37402;0.06949;0.00000;0.10862;0.34833
91;2020;6;12;0;693.94556;10005.11328;0.06936;0.00000;0.10846;0.34748
91;2020;6;12;0;691.94147;9994.84668;0.06923;0.00000;0.10831;0.34667
91;2020;6;12;0;689.93994;9984.57422;0.06910;0.00000;0.10816;0.34590
91;2020;6;12;0;687.94098;9974.29590;0.06897;0.00000;0.10802;0.34516
91;2020;6;12;0;685.94458;9964.01074;0.06884;0.00000;0.10789;0.34446
91;2020;6;12;0;683.95074;9953.71973;0.06871;0.00000;0.10776;0.34378
91;2020;6;12;0;681.95953;9943.42383;0.06858;0.00000;0.10764;0.34314
91;2020;6;12;0;679.97089;9933.12109;0.06845;0.00000;0.10752;0.34252
91;2020;6;12;0;677.98480;9922.81152;0.06833;0.00000;0.10741;0.34192
91;2020;6;12;0;676.00128;9912.49707;0.06820;0.00000;0.10730;0.34134
91;2020;6;12;0;674.02039;9902.17676;0.06807;0.00000;0.10720;0.34079
91;2020;6;12;0;672.04211;9891.85059;0.06794;0.00000;0.10710;0.34025
91;2020;6;12;0;670.06641;9881.51660;0.06781;0.00000;0.10700;0.33972
91;2020;6;12;0;668.09326;9871.17871;0.06768;0.00000;0.10690;0.33922
91;2020;6;12;0;666.12280;9860.83301;0.06755;0.00000;0.10681;0.33872
91;2020;6;12;0;664.15491;9850.48242;0.06742;0.00000;0.10672;0.33824
91;2020;6;12;0;662.18958;9840.12500;0.06729;0.00000;0.10663;0.33778
91;2020;6;13;0;659.94183;9828.25586;0.06715;0.00000;0.10645;0.33682
91;2020;6;13;0;657.69684;9816.37402;0.06700;0.00000;0.10601;0.33450
91;2020;6;13;0;655.45453;9804.48047;0.06685;0.00000;0.10531;0.33086
91;2020;6;13;0;653.21490;9792.57520;0.06671;0.00000;0.10453;0.32679
91;2020;6;13;0;650.97797;9780.65820;0.06656;0.00000;0.10380;0.32299
91;2020;6;13;0;648.74371;9768.72852;0.06641;0.00000;0.10318;0.31977
91;2020;6;13;0;646.51227;9756.78711;0.06626;0.00000;0.10266;0.31707
91;2020;6;13;0;644.28363;9744.83496;0.06612;0.00000;0.10220;0.31472
91;2020;6;13;0;642.05786;9732.87109;0.06597;0.00000;0.10178;0.31258
91;2020;6;13;0;639.83496;9720.89648;0.06582;0.00000;0.10139;0.31055
91;2020;6;13;0;637.61493;9708.90918;0.06567;0.00000;0.10100;0.30858
91;2020;6;13;0;635.39777;9696.91211;0.06553;0.00000;0.10062;0.30666
91;2020;6;13;0;633.18347;9684.90332;0.06538;0.00000;0.10025;0.30479
91;2020;6;13;0;630.97211;9672.88281;0.06523;0.00000;0.09990;0.30299
91;2020;6;13;0;628.76367;9660.85156;0.06508;0.00000;0.09956;0.30129
91;2020;6;13;0;626.55811;9648.80762;0.06494;0.00000;0.09924;0.29966
91;2020;6;13;0;624.35547;9636.75293;0.06479;0.00000;0.09893;0.29810
91;2020;6;13;0;622.15576;9624.68652;0.06464;0.00000;0.09863;0.29659
91;2020;6;13;0;619.95898;9612.60938;0.06449;0.00000;0.09833;0.29512
91;2020;6;13;0;617.76520;9600.52148;0.06435;0.00000;0.09805;0.29370
91;2020;6;13;0;615.57434;9588.42188;0.06420;0.00000;0.09777;0.29232
91;2020;6;13;0;613.38647;9576.30957;0.06405;0.00000;0.09750;0.29099
91;2020;6;13;0;611.20154;9564.18652;0.06391;0.00000;0.09725;0.28971
91;2020;6;13;0;609.01959;9552.05176;0.06376;0.00000;0.09700;0.28847
91;2020;6;13;0;606.84064;9539.90625;0.06361;0.00000;0.09676;0.28729
91;2020;6;13;0;604.66473;9527.75000;0.06346;0.00000;0.09653;0.28615
91;2020;6;13;0;602.49176;9515.58203;0.06332;0.00000;0.09631;0.28505
91;2020;6;13;0;600.32178;9503.40137;0.06317;0.00000;0.09609;0.28400
91;2020;6;13;0;598.15485;9491.20996;0.06302;0.00000;0.09589;0.28299
91;2020;6;13;0;595.99097;9479.00781;0.06287;0.00000;0.09569;0.28203
91;2020;6;13;0;593.83008;9466.79297;0.06273;0.00000;0.09550;0.28110
91;2020;6;13;0;591.67224;9454.56836;0.06258;0.00000;0.09532;0.28021
91;2020;6;13;0;589.51746;9442.33105;0.06243;0.00000;0.09515;0.27935
91;2020;6;13;0;587.36572;9430.08203;0.06229;0.00000;0.09498;0.27853
91;2020;6;13;0;585.21698;9417.82227;0.06214;0.00000;0.09482;0.27774
91;2020;6;13;0;583.07135;9405.54980;0.06199;0.00000;0.09466;0.27698
91;2020;6;13;0;580.92877;9393.26562;0.06185;0.00000;0.09451;0.27625
91;2020;6;13;0;578.78925;9380.97168;0.06170;0.00000;0.09437;0.27554
91;2020;6;13;0;576.65283;9368.66406;0.06155;0.00000;0.09423;0.27486
91;2020;6;13;0;574.51953;9356.34668;0.06140;0.00000;0.09409;0.27421
91;2020;6;13;0;572.38928;9344.01660;0.06126;0.00000;0.09396;0.27358
91;2020;6;13;0;570.26215;9331.67578;0.06111;0.00000;0.09384;0.27297
91;2020;6;13;0;568.13806;9319.32227;0.06096;0.00000;0.09371;0.27238
91;2020;6;13;0;566.01709;9306.95703;0.06082;0.00000;0.09360;0.27181
91;2020;6;13;0;563.89929;9294.58105;0.06067;0.00000;0.09348;0.27125
91;2020;6;13;0;561.78455;9282.19336;0.06052;0.00000;0.09337;0.27072
91;2020;6;13;0;559.67291;9269.79199;0.06038;0.00000;0.09326;0.27020
91;2020;6;13;0;557.56445;9257.38086;0.06023;0.00000;0.09316;0.26970
91;2020;6;14;0;555.41394;9244.69043;0.06008;0.00000;0.09304;0.26913
91;2020;6;14;0;553.26660;9231.98730;0.05993;0.00000;0.09289;0.26840
91;2020;6;14;0;551.12244;9219.26953;0.05978;0.00000;0.09273;0.26761
91;2020;6;14;0;548.98145;9206.54102;0.05963;0.00000;0.09258;0.26691
91;2020;6;14;0;546.84363;9193.79785;0.05948;0.00000;0.09244;0.26626
91;2020;6;14;0;544.70898;9181.04199;0.05933;0.00000;0.09231;0.26562
91;2020;6;14;0;542.57751;9168.27344;0.05918;0.00000;0.09218;0.26500
91;2020;6;14;0;540.44928;9155.49121;0.05903;0.00000;0.09205;0.26438
91;2020;6;14;0;538.32428;9142.69629;0.05888;0.00000;0.09192;0.26375
91;2020;6;14;0;536.20251;9129.88867;0.05873;0.00000;0.09179;0.26312
91;2020;6;14;0;534.08392;9117.06641;0.05858;0.00000;0.09165;0.26247
91;2020;6;14;0;531.96851;9104.23145;0.05843;0.00000;0.09152;0.26182
91;2020;6;14;0;529.85632;9091.38281;0.05828;0.00000;0.09138;0.26116
91;2020;6;14;0;527.74738;9078.52148;0.05813;0.00000;0.09124;0.26049
91;2020;6;14;0;525.64160;9065.64551;0.05798;0.00000;0.09110;0.25982
91;2020;6;14;0;523.53906;9052.75586;0.05783;0.00000;0.09095;0.25915
91;2020;6;14;0;521.43976;9039.85352;0.05768;0.00000;0.09081;0.25848
91;2020;6;14;0;519.34369;9026.93750;0.05753;0.00000;0.09068;0.25782
91;2020;6;14;0;517.25085;9014.00781;0.05738;0.00000;0.09054;0.25717
91;2020;6;14;0;515.16132;9001.06445;0.05723;0.00000;0.09040;0.25652
91;2020;6;14;0;513.07501;8988.10840;0.05708;0.00000;0.09027;0.25589
91;2020;6;14;0;510.99191;8975.13770;0.05693;0.00000;0.09014;0.25527
91;2020;6;14;0;508.91208;8962.15332;0.05678;0.00000;0.09001;0.25467
91;2020;6;14;0;506.83551;8949.15430;0.05664;0.00000;0.08988;0.25407
91;2020;6;14;0;504.76221;8936.14160;0.05649;0.00000;0.08976;0.25349
91;2020;6;14;0;502.69217;8923.11621;0.05634;0.00000;0.08964;0.25293
91;2020;6;14;0;500.62540;8910.07520;0.05619;0.00000;0.08952;0.25238
91;2020;6;14;0;498.56192;8897.02148;0.05604;0.00000;0.08941;0.25184
91;2020;6;14;0;496.50171;8883.95215;0.05589;0.00000;0.08929;0.25131
91;2020;6;14;0;494.44479;8870.87109;0.05574;0.00000;0.08919;0.25080
91;2020;6;14;0;492.39117;8857.77344;0.05559;0.00000;0.08908;0.25029
91;2020;6;14;0;490.34085;8844.66309;0.05544;0.00000;0.08897;0.24980
91;2020;6;14;0;488.29382;8831.53809;0.05529;0.00000;0.08887;0.24932
91;2020;6;14;0;486.25009;8818.39941;0.05514;0.00000;0.08877;0.24885
91;2020;6;14;0;484.20969;8805.24512;0.05499;0.00000;0.08867;0.24839
91;2020;6;14;0;482.17258;8792.07715;0.05484;0.00000;0.08857;0.24794
91;2020;6;14;0;480.13879;8778.89551;0.05469;0.00000;0.08848;0.24750
91;2020;6;14;0;478.10834;8765.69824;0.05454;0.00000;0.08839;0.24707
91;2020;6;14;0;476.08121;8752.48730;0.05439;0.00000;0.08830;0.24664
91;2020;6;14;0;474.05743;8739.26270;0.05424;0.00000;0.08821;0.24622
91;2020;6;14;0;472.03699;8726.02246;0.05410;0.00000;0.08812;0.24581
91;2020;6;14;0;470.01987;8712.76758;0.05395;0.00000;0.08803;0.24540
91;2020;6;14;0;468.00610;8699.49707;0.05380;0.00000;0.08794;0.24500
91;2020;6;14;0;465.99570;8686.21387;0.05365;0.00000;0.08786;0.24461
91;2020;6;14;0;463.98865;8672.91504;0.05350;0.00000;0.08777;0.24422
91;2020;6;14;0;461.98492;8659.60059;0.05335;0.00000;0.08769;0.24384
91;2020;6;14;0;459.98459;8646.27148;0.05320;0.00000;0.08761;0.24346
91;2020;6;14;0;457.98764;8632.92871;0.05305;0.00000;0.08753;0.24308
91;2020;6;15;0;455.95828;8619.33008;0.05290;0.00000;0.08743;0.24264
91;2020;6;15;0;453.93231;8605.71582;0.05275;0.00000;0.08730;0.24202
91;2020;6;15;0;451.90976;8592.08496;0.05260;0.00000;0.08714;0.24129
91;2020;6;15;0;449.89062;8578.43750;0.05244;0.00000;0.08698;0.24056
91;2020;6;15;0;447.87488;8564.77344;0.05229;0.00000;0.08684;0.23989
91;2020;6;15;0;445.86255;8551.09375;0.05214;0.00000;0.08671;0.23929
91;2020;6;15;0;443.85367;8537.39746;0.05199;0.00000;0.08660;0.23879
91;2020;6;15;0;441.84827;8523.68359;0.05184;0.00000;0.08650;0.23834
91;2020;6;15;0;439.84631;8509.95508;0.05169;0.00000;0.08641;0.23795
91;2020;6;15;0;437.84781;8496.20898;0.05153;0.00000;0.08634;0.23758
91;2020;6;15;0;435.85281;8482.44629;0.05138;0.00000;0.08626;0.23725
91;2020;6;15;0;433.86130;8468.66797;0.05123;0.00000;0.08619;0.23693
91;2020;6;15;0;431.87326;8454.87207;0.05108;0.00000;0.08613;0.23663
91;2020;6;15;0;429.88873;8441.06055;0.05093;0.00000;0.08607;0.23635
91;2020;6;15;0;427.90768;8427.23145;0.05078;0.00000;0.08601;0.23607
91;2020;6;15;0;425.93015;8413.38672;0.05063;0.00000;0.08595;0.23580
91;2020;6;15;0;423.95615;8399.52441;0.05047;0.00000;0.08589;0.23554
91;2020;6;15;0;421.98563;8385.64453;0.05032;0.00000;0.08583;0.23528
91;2020;6;15;0;420.01865;8371.74805;0.05017;0.00000;0.08578;0.23502
91;2020;6;15;0;418.05521;8357.83496;0.05002;0.00000;0.08572;0.23477
91;2020;6;15;0;416.09528;8343.90527;0.04987;0.00000;0.08567;0.23452
91;2020;6;15;0;414.13889;8329.95703;0.04972;0.00000;0.08561;0.23427
91;2020;6;15;0;412.18604;8315.99316;0.04957;0.00000;0.08556;0.23402
91;2020;6;15;0;410.23669;8302.00977;0.04941;0.00000;0.08550;0.23377
91;2020;6;15;0;408.29092;8288.01074;0.04926;0.00000;0.08545;0.23352
91;2020;6;15;0;406.34869;8273.99414;0.04911;0.00000;0.08539;0.23327
91;2020;6;15;0;404.41000;8259.95898;0.04896;0.00000;0.08534;0.23302
91;2020;6;15;0;402.47488;8245.90723;0.04881;0.00000;0.08528;0.23278
91;2020;6;15;0;400.54333;8231.83789;0.04866;0.00000;0.08523;0.23253
91;2020;6;15;0;398.61536;8217.75000;0.04851;0.00000;0.08518;0.23229
91;2020;6;15;0;396.69095;8203.64453;0.04836;0.00000;0.08512;0.23204
91;2020;6;15;0;394.77011;8189.52197;0.04820;0.00000;0.08507;0.23180
91;2020;6;15;0;392.85284;8175.38086;0.04805;0.00000;0.08501;0.23156
91;2020;6;15;0;390.93918;8161.22217;0.04790;0.00000;0.08496;0.23131
91;2020;6;15;0;389.02908;8147.04492;0.04775;0.00000;0.08491;0.23107
91;2020;6;15;0;387.12259;8132.84912;0.04760;0.00000;0.08485;0.23083
91;2020;6;15;0;385.21973;8118.63623;0.04745;0.00000;0.08480;0.23059
91;2020;6;15;0;383.32043;8104.40479;0.04730;0.00000;0.08475;0.23035
91;2020;6;15;0;381.42477;8090.15479;0.04715;0.00000;0.08470;0.23011
91;2020;6;15;0;379.53271;8075.88574;0.04700;0.00000;0.08464;0.22987
91;2020;6;15;0;377.64426;8061.59814;0.04684;0.00000;0.08459;0.22964
91;2020;6;15;0;375.75943;8047.29248;0.04669;0.00000;0.08454;0.22940
91;2020;6;15;0;373.87827;8032.96826;0.04654;0.00000;0.08449;0.22916
91;2020;6;15;0;372.00073;8018.62451;0.04639;0.00000;0.08443;0.22893
91;2020;6;15;0;370.12680;8004.26318;0.04624;0.00000;0.08438;0.22870
91;2020;6;15;0;368.25653;7989.88184;0.04609;0.00000;0.08433;0.22846
91;2020;6;15;0;366.38992;7975.48193;0.04594;0.00000;0.08428;0.22823
91;2020;6;15;0;364.52695;7961.06250;0.04579;0.00000;0.08423;0.22800
91;2020;6;16;0;362.57349;7945.89258;0.04563;0.00000;0.08416;0.22771
91;2020;6;16;0;360.62384;7930.69873;0.04547;0.00000;0.08407;0.22727
91;2020;6;16;0;358.67801;7915.48193;0.04531;0.00000;0.08392;0.22663
91;2020;6;16;0;356.73596;7900.24121;0.04516;0.00000;0.08375;0.22584
91;2020;6;16;0;354.79770;7884.97705;0.04500;0.00000;0.08357;0.22503
91;2020;6;16;0;352.86325;7869.68945;0.04484;0.00000;0.08340;0.22429
91;2020;6;16;0;350.93265;7854.37842;0.04468;0.00000;0.08325;0.22361
91;2020;6;16;0;349.00589;7839.04248;0.04452;0.00000;0.08311;0.22296
91;2020;6;16;0;347.08298;7823.68408;0.04436;0.00000;0.08296;0.22231
91;2020;6;16;0;345.16388;7808.30029;0.04420;0.00000;0.08281;0.22165
91;2020;6;16;0;343.24863;7792.89258;0.04405;0.00000;0.08266;0.22098
91;2020;6;16;0;341.33725;7777.46045;0.04389;0.00000;0.08251;0.22030
91;2020;6;16;0;339.42972;7762.00391;0.04373;0.00000;0.08235;0.21961
91;2020;6;16;0;337.52606;7746.52295;0.04357;0.00000;0.08220;0.21890
91;2020;6;16;0;335.62625;7731.01611;0.04341;0.00000;0.08203;0.21819
91;2020;6;16;0;333.73035;7715.48584;0.04325;0.00000;0.08187;0.21747
91;2020;6;16;0;331.83832;7699.92969;0.04310;0.00000;0.08171;0.21675
91;2020;6;16;0;329.95016;7684.34863;0.04294;0.00000;0.08155;0.21604
91;2020;6;16;0;328.06592;7668.74219;0.04278;0.00000;0.08139;0.21533
91;2020;6;16;0;326.18558;7653.11035;0.04262;0.00000;0.08123;0.21464
91;2020;6;16;0;324.30914;7637.45312;0.04246;0.00000;0.08107;0.21395
91;2020;6;16;0;322.43661;7621.77002;0.04230;0.00000;0.08092;0.21328
91;2020;6;16;0;320.56799;7606.06104;0.04215;0.00000;0.08077;0.21262
91;2020;6;16;0;318.70331;7590.32568;0.04199;0.00000;0.08063;0.21198
91;2020;6;16;0;316.84259;7574.56543;0.04183;0.00000;0.08048;0.21135
91;2020;6;16;0;314.98581;7558.77832;0.04167;0.00000;0.08034;0.21074
91;2020;6;16;0;313.13297;7542.96436;0.04151;0.00000;0.08021;0.21016
91;2020;6;16;0;311.28412;7527.12500;0.04135;0.00000;0.08008;0.20958
91;2020;6;16;0;309.43924;7511.25830;0.04120;0.00000;0.07995;0.20903
91;2020;6;16;0;307.59836;7495.36523;0.04104;0.00000;0.07983;0.20850
91;2020;6;16;0;305.76147;7479.44580;0.04088;0.00000;0.07971;0.20798
91;2020;6;16;0;303.92859;7463.49951;0.04072;0.00000;0.07960;0.20748
91;2020;6;16;0;302.09970;7447.52539;0.04056;0.00000;0.07949;0.20700
91;2020;6;16;0;300.27484;7431.52490;0.04041;0.00000;0.07938;0.20654
91;2020;6;16;0;298.45401;7415.49658;0.04025;0.00000;0.07927;0.20609
91;2020;6;16;0;296.63721;7399.44092;0.04009;0.00000;0.07917;0.20565
91;2020;6;16;0;294.82446;7383.35791;0.03993;0.00000;0.07908;0.20523
91;2020;6;16;0;293.01578;7367.24707;0.03977;0.00000;0.07898;0.20482
91;2020;6;16;0;291.21115;7351.10840;0.03961;0.00000;0.07889;0.20442
91;2020;6;16;0;289.41061;7334.94141;0.03946;0.00000;0.07880;0.20404
91;2020;6;16;0;287.61414;7318.74658;0.03930;0.00000;0.07871;0.20367
91;2020;6;16;0;285.82175;7302.52344;0.03914;0.00000;0.07863;0.20330
91;2020;6;16;0;284.03345;7286.27197;0.03898;0.00000;0.07855;0.20295
91;2020;6;16;0;282.24927;7269.99121;0.03882;0.00000;0.07847;0.20260
91;2020;6;16;0;280.46918;7253.68213;0.03867;0.00000;0.07839;0.20227
91;2020;6;16;0;278.69321;7237.34424;0.03851;0.00000;0.07831;0.20194
91;2020;6;16;0;276.92139;7220.97705;0.03835;0.00000;0.07824;0.20162
91;2020;6;16;0;275.15369;7204.58105;0.03819;0.00000;0.07816;0.20130
91;2020;6;17;0;273.43802;7188.60205;0.03804;0.00000;0.07809;0.20100
91;2020;6;17;0;271.72638;7172.59570;0.03788;0.00000;0.07803;0.20071
91;2020;6;17;0;270.01880;7156.56299;0.03773;0.00000;0.07795;0.20039
91;2020;6;17;0;268.31525;7140.50244;0.03758;0.00000;0.07788;0.20007
91;2020;6;17;0;266.61575;7124.41455;0.03742;0.00000;0.07780;0.19976
91;2020;6;17;0;264.92035;7108.29980;0.03727;0.00000;0.07774;0.19948
91;2020;6;17;0;263.22903;7092.15723;0.03712;0.00000;0.07768;0.19924
91;2020;6;17;0;261.54178;7075.98633;0.03696;0.00000;0.07763;0.19903
91;2020;6;17;0;259.85864;7059.78760;0.03681;0.00000;0.07759;0.19885
91;2020;6;17;0;258.17960;7043.56152;0.03665;0.00000;0.07755;0.19869
91;2020;6;17;0;256.50467;7027.30664;0.03650;0.00000;0.07752;0.19855
91;2020;6;17;0;254.83389;7011.02344;0.03635;0.00000;0.07749;0.19842
91;2020;6;17;0;253.16725;6994.71240;0.03619;0.00000;0.07746;0.19830
91;2020;6;17;0;251.50478;6978.37256;0.03604;0.00000;0.07744;0.19820
91;2020;6;17;0;249.84644;6962.00439;0.03589;0.00000;0.07741;0.19809
91;2020;6;17;0;248.19226;6945.60645;0.03573;0.00000;0.07738;0.19797
91;2020;6;17;0;246.54224;6929.17969;0.03558;0.00000;0.07735;0.19780
91;2020;6;17;0;244.89636;6912.72363;0.03543;0.00000;0.07729;0.19758
91;2020;6;17;0;243.25465;6896.23779;0.03527;0.00000;0.07723;0.19731
91;2020;6;17;0;241.61713;6879.72266;0.03512;0.00000;0.07717;0.19707
91;2020;6;17;0;239.98380;6863.17725;0.03497;0.00000;0.07713;0.19690
91;2020;6;17;0;238.35466;6846.60205;0.03481;0.00000;0.07711;0.19680
91;2020;6;17;0;236.72974;6829.99707;0.03466;0.00000;0.07710;0.19675
91;2020;6;17;0;235.10904;6813.36133;0.03451;0.00000;0.07709;0.19671
91;2020;6;17;0;233.49258;6796.69580;0.03435;0.00000;0.07708;0.19669
91;2020;6;17;0;231.88037;6779.99951;0.03420;0.00000;0.07708;0.19667
91;2020;6;17;0;230.27240;6763.27197;0.03405;0.00000;0.07708;0.19665
91;2020;6;17;0;228.66870;6746.51416;0.03389;0.00000;0.07707;0.19662
91;2020;6;17;0;227.06926;6729.72510;0.03374;0.00000;0.07706;0.19658
91;2020;6;17;0;225.47409;6712.90479;0.03359;0.00000;0.07705;0.19655
91;2020;6;17;0;223.88321;6696.05322;0.03344;0.00000;0.07704;0.19651
91;2020;6;17;0;222.29662;6679.16992;0.03328;0.00000;0.07703;0.19645
91;2020;6;17;0;220.71429;6662.25391;0.03313;0.00000;0.07701;0.19639
91;2020;6;17;0;219.13629;6645.30664;0.03298;0.00000;0.07700;0.19634
91;2020;6;17;0;217.56259;6628.32617;0.03282;0.00000;0.07699;0.19627
91;2020;6;17;0;215.99321;6611.31396;0.03267;0.00000;0.07697;0.19620
91;2020;6;17;0;214.42815;6594.26904;0.03252;0.00000;0.07695;0.19611
91;2020;6;17;0;212.86742;6577.19092;0.03236;0.00000;0.07693;0.19604
91;2020;6;17;0;211.31102;6560.07959;0.03221;0.00000;0.07691;0.19595
91;2020;6;17;0;209.75899;6542.93506;0.03206;0.00000;0.07689;0.19586
91;2020;6;17;0;208.21130;6525.75732;0.03191;0.00000;0.07687;0.19576
91;2020;6;17;0;206.66797;6508.54492;0.03175;0.00000;0.07684;0.19566
91;2020;6;17;0;205.12901;6491.29883;0.03160;0.00000;0.07682;0.19556
91;2020;6;17;0;203.59444;6474.01904;0.03145;0.00000;0.07679;0.19545
91;2020;6;17;0;202.06424;6456.70410;0.03130;0.00000;0.07677;0.19533
91;2020;6;17;0;200.53844;6439.35498;0.03114;0.00000;0.07674;0.19522
91;2020;6;17;0;199.01704;6421.97070;0.03099;0.00000;0.07671;0.19511
91;2020;6;17;0;197.50005;6404.55127;0.03084;0.00000;0.07668;0.19499
91;2020;6;18;0;195.81528;6385.10303;0.03067;0.00000;0.07663;0.19475
91;2020;6;18;0;194.13539;6365.60449;0.03050;0.00000;0.07652;0.19429
91;2020;6;18;0;192.46039;6346.05322;0.03033;0.00000;0.07636;0.19361
91;2020;6;18;0;190.79025;6326.44971;0.03016;0.00000;0.07617;0.19281
91;2020;6;18;0;189.12500;6306.79297;0.02999;0.00000;0.07598;0.19200
91;2020;6;18;0;187.46468;6287.08252;0.02982;0.00000;0.07579;0.19124
91;2020;6;18;0;185.80927;6267.31836;0.02965;0.00000;0.07563;0.19055
91;2020;6;18;0;184.15881;6247.50000;0.02948;0.00000;0.07548;0.18991
91;2020;6;18;0;182.51334;6227.62695;0.02931;0.00000;0.07533;0.18929
91;2020;6;18;0;180.87285;6207.69873;0.02914;0.00000;0.07518;0.18866
91;2020;6;18;0;179.23734;6187.71436;0.02897;0.00000;0.07503;0.18804
91;2020;6;18;0;177.60683;6167.67383;0.02880;0.00000;0.07488;0.18740
91;2020;6;18;0;175.98134;6147.57666;0.02863;0.00000;0.07473;0.18676
91;2020;6;18;0;174.36089;6127.42236;0.02846;0.00000;0.07457;0.18612
91;2020;6;18;0;172.74547;6107.20996;0.02829;0.00000;0.07442;0.18547
91;2020;6;18;0;171.13512;6086.93896;0.02812;0.00000;0.07426;0.18482
91;2020;6;18;0;169.52985;6066.60938;0.02794;0.00000;0.07410;0.18417
91;2020;6;18;0;167.92967;6046.22021;0.02777;0.00000;0.07395;0.18353
91;2020;6;18;0;166.33459;6025.77051;0.02760;0.00000;0.07379;0.18289
91;2020;6;18;0;164.74464;6005.26123;0.02743;0.00000;0.07364;0.18225
91;2020;6;18;0;163.15984;5984.69043;0.02726;0.00000;0.07349;0.18163
91;2020;6;18;0;161.58017;5964.05762;0.02709;0.00000;0.07334;0.18102
91;2020;6;18;0;160.00568;5943.36230;0.02692;0.00000;0.07319;0.18042
91;2020;6;18;0;158.43637;5922.60449;0.02675;0.00000;0.07305;0.17983
91;2020;6;18;0;156.87227;5901.78223;0.02658;0.00000;0.07291;0.17925
91;2020;6;18;0;155.31339;5880.89648;0.02641;0.00000;0.07277;0.17869
91;2020;6;18;0;153.75975;5859.94580;0.02624;0.00000;0.07264;0.17815
91;2020;6;18;0;152.21138;5838.93018;0.02607;0.00000;0.07251;0.17762
91;2020;6;18;0;150.66829;5817.84863;0.02590;0.00000;0.07238;0.17711
91;2020;6;18;0;149.13048;5796.70020;0.02573;0.00000;0.07226;0.17661
91;2020;6;18;0;147.59799;5775.48438;0.02556;0.00000;0.07214;0.17613
91;2020;6;18;0;146.07083;5754.20020;0.02539;0.00000;0.07203;0.17567
91;2020;6;18;0;144.54903;5732.84766;0.02521;0.00000;0.07192;0.17521
91;2020;6;18;0;143.03259;5711.42578;0.02504;0.00000;0.07181;0.17478
91;2020;6;18;0;141.52156;5689.93359;0.02487;0.00000;0.07171;0.17435
91;2020;6;18;0;140.01593;5668.37158;0.02470;0.00000;0.07161;0.17394
91;2020;6;18;0;138.51572;5646.73682;0.02453;0.00000;0.07151;0.17355
91;2020;6;18;0;137.02097;5625.03027;0.02436;0.00000;0.07141;0.17316
91;2020;6;18;0;135.53169;5603.25098;0.02419;0.00000;0.07132;0.17279
91;2020;6;18;0;134.04788;5581.39746;0.02402;0.00000;0.07123;0.17243
91;2020;6;18;0;132.56958;5559.46924;0.02385;0.00000;0.07114;0.17207
91;2020;6;18;0;131.09682;5537.46582;0.02367;0.00000;0.07106;0.17173
91;2020;6;18;0;129.62959;5515.38623;0.02350;0.00000;0.07097;0.17140
91;2020;6;18;0;128.16794;5493.22949;0.02333;0.00000;0.07089;0.17107
91;2020;6;18;0;126.71188;5470.99463;0.02316;0.00000;0.07082;0.17076
91;2020;6;18;0;125.26141;5448.68115;0.02299;0.00000;0.07074;0.17045
91;2020;6;18;0;123.81658;5426.28760;0.02282;0.00000;0.07066;0.17015
91;2020;6;18;0;122.37740;5403.81348;0.02265;0.00000;0.07059;0.16986
91;2020;6;19;0;120.99970;5382.14014;0.02248;0.00000;0.07053;0.16960
91;2020;6;19;0;119.62749;5360.39307;0.02232;0.00000;0.07048;0.16941
91;2020;6;19;0;118.26078;5338.57324;0.02215;0.00000;0.07044;0.16926
91;2020;6;19;0;116.89960;5316.67969;0.02199;0.00000;0.07041;0.16913
91;2020;6;19;0;115.54396;5294.71045;0.02182;0.00000;0.07039;0.16903
91;2020;6;19;0;114.19389;5272.66602;0.02166;0.00000;0.07036;0.16895
91;2020;6;19;0;112.84940;5250.54492;0.02149;0.00000;0.07034;0.16884
91;2020;6;19;0;111.51051;5228.34668;0.02133;0.00000;0.07031;0.16873
91;2020;6;19;0;110.17724;5206.06934;0.02116;0.00000;0.07028;0.16862
91;2020;6;19;0;108.84962;5183.71387;0.02100;0.00000;0.07026;0.16853
91;2020;6;19;0;107.52766;5161.27783;0.02083;0.00000;0.07024;0.16846
91;2020;6;19;0;106.21139;5138.76074;0.02067;0.00000;0.07023;0.16840
91;2020;6;19;0;104.90083;5116.16211;0.02050;0.00000;0.07022;0.16835
91;2020;6;19;0;103.59599;5093.48047;0.02034;0.00000;0.07020;0.16831
91;2020;6;19;0;102.29691;5070.71484;0.02017;0.00000;0.07020;0.16827
91;2020;6;19;0;101.00361;5047.86475;0.02001;0.00000;0.07019;0.16824
91;2020;6;19;0;99.71610;5024.92871;0.01984;0.00000;0.07018;0.16821
91;2020;6;19;0;98.43440;5001.90527;0.01968;0.00000;0.07017;0.16819
91;2020;6;19;0;97.15855;4978.79443;0.01951;0.00000;0.07017;0.16817
91;2020;6;19;0;95.88855;4955.59473;0.01935;0.00000;0.07017;0.16816
91;2020;6;19;0;94.62444;4932.30371;0.01918;0.00000;0.07016;0.16814
91;2020;6;19;0;93.36623;4908.92236;0.01902;0.00000;0.07016;0.16813
91;2020;6;19;0;92.11396;4885.44873;0.01885;0.00000;0.07016;0.16812
91;2020;6;19;0;90.86765;4861.88086;0.01869;0.00000;0.07016;0.16812
91;2020;6;19;0;89.62730;4838.21826;0.01852;0.00000;0.07015;0.16811
91;2020;6;19;0;88.39296;4814.45947;0.01836;0.00000;0.07015;0.16810
91;2020;6;19;0;87.16464;4790.60303;0.01819;0.00000;0.07015;0.16809
91;2020;6;19;0;85.94238;4766.64844;0.01803;0.00000;0.07015;0.16808
91;2020;6;19;0;84.72617;4742.59326;0.01786;0.00000;0.07015;0.16807
91;2020;6;19;0;83.51608;4718.43701;0.01770;0.00000;0.07014;0.16806
91;2020;6;19;0;82.31210;4694.17725;0.01753;0.00000;0.07014;0.16805
91;2020;6;19;0;81.11427;4669.81348;0.01737;0.00000;0.07013;0.16803
91;2020;6;19;0;79.92262;4645.34375;0.01720;0.00000;0.07013;0.16801
91;2020;6;19;0;78.73716;4620.76709;0.01704;0.00000;0.07012;0.16799
91;2020;6;19;0;77.55794;4596.08105;0.01687;0.00000;0.07012;0.16797
91;2020;6;19;0;76.38497;4571.28564;0.01671;0.00000;0.07011;0.16794
91;2020;6;19;0;75.21828;4546.37695;0.01654;0.00000;0.07010;0.16791
91;2020;6;19;0;74.05789;4521.35498;0.01638;0.00000;0.07010;0.16788
91;2020;6;19;0;72.90385;4496.21777;0.01621;0.00000;0.07009;0.16784
91;2020;6;19;0;71.75616;4470.96338;0.01605;0.00000;0.07008;0.16781
91;2020;6;19;0;70.61488;4445.58936;0.01588;0.00000;0.07007;0.16777
91;2020;6;19;0;69.48001;4420.09473;0.01572;0.00000;0.07006;0.16772
91;2020;6;19;0;68.35160;4394.47803;0.01555;0.00000;0.07005;0.16768
91;2020;6;19;0;67.22968;4368.73584;0.01539;0.00000;0.07003;0.16763
91;2020;6;19;0;66.11427;4342.86719;0.01522;0.00000;0.07002;0.16758
91;2020;6;19;0;65.00540;4316.87012;0.01506;0.00000;0.07001;0.16752
91;2020;6;19;0;63.90312;4290.74170;0.01489;0.00000;0.06999;0.16747
91;2020;6;19;0;62.80745;4264.48096;0.01473;0.00000;0.06998;0.16741
91;2020;6;20;0;61.58913;4234.93066;0.01454;0.00000;0.06994;0.16727
91;2020;6;20;0;60.37825;4205.18506;0.01436;0.00000;0.06987;0.16698
91;2020;6;20;0;59.17485;4175.23975;0.01417;0.00000;0.06976;0.16654
91;2020;6;20;0;57.97897;4145.08936;0.01399;0.00000;0.06963;0.16603
91;2020;6;20;0;56.79064;4114.72998;0.01380;0.00000;0.06950;0.16550
91;2020;6;20;0;55.60994;4084.15649;0.01362;0.00000;0.06937;0.16497
91;2020;6;20;0;54.43691;4053.36426;0.01343;0.00000;0.06925;0.16450
91;2020;6;20;0;53.27162;4022.34839;0.01324;0.00000;0.06913;0.16405
91;2020;6;20;0;52.11412;3991.10352;0.01306;0.00000;0.06903;0.16362
91;2020;6;20;0;50.96448;3959.62451;0.01287;0.00000;0.06892;0.16320
91;2020;6;20;0;49.82275;3927.90527;0.01268;0.00000;0.06881;0.16277
91;2020;6;20;0;48.68898;3895.94043;0.01250;0.00000;0.06870;0.16233
91;2020;6;20;0;47.56325;3863.72314;0.01231;0.00000;0.06859;0.16189
91;2020;6;20;0;46.44561;3831.24707;0.01212;0.00000;0.06847;0.16145
91;2020;6;20;0;45.33612;3798.50562;0.01194;0.00000;0.06836;0.16100
91;2020;6;20;0;44.23486;3765.49146;0.01175;0.00000;0.06825;0.16055
91;2020;6;20;0;43.14190;3732.19800;0.01156;0.00000;0.06813;0.16010
91;2020;6;20;0;42.05729;3698.61646;0.01137;0.00000;0.06801;0.15965
91;2020;6;20;0;40.98111;3664.73950;0.01118;0.00000;0.06790;0.15920
91;2020;6;20;0;39.91345;3630.55859;0.01099;0.00000;0.06778;0.15875
91;2020;6;20;0;38.85437;3596.06445;0.01080;0.00000;0.06767;0.15831
91;2020;6;20;0;37.80394;3561.24829;0.01062;0.00000;0.06756;0.15787
91;2020;6;20;0;36.76226;3526.10010;0.01043;0.00000;0.06745;0.15743
91;2020;6;20;0;35.72942;3490.60962;0.01024;0.00000;0.06733;0.15700
91;2020;6;20;0;34.70548;3454.76587;0.01005;0.00000;0.06723;0.15658
91;2020;6;20;0;33.69055;3418.55786;0.00986;0.00000;0.06712;0.15616
91;2020;6;20;0;32.68471;3381.97339;0.00966;0.00000;0.06701;0.15576
91;2020;6;20;0;31.68807;3345.00000;0.00947;0.00000;0.06691;0.15536
91;2020;6;20;0;30.70072;3307.62378;0.00928;0.00000;0.06681;0.15497
91;2020;6;20;0;29.72276;3269.83081;0.00909;0.00000;0.06671;0.15459
91;2020;6;20;0;28.75430;3231.60620;0.00890;0.00000;0.06662;0.15422
91;2020;6;20;0;27.79545;3192.93335;0.00871;0.00000;0.06652;0.15386
91;2020;6;20;0;26.84631;3153.79590;0.00851;0.00000;0.06643;0.15350
91;2020;6;20;0;25.90702;3114.17505;0.00832;0.00000;0.06634;0.15316
91;2020;6;20;0;24.97768;3074.05176;0.00813;0.00000;0.06625;0.15282
91;2020;6;20;0;24.05844;3033.40503;0.00793;0.00000;0.06617;0.15250
91;2020;6;20;0;23.14941;2992.21265;0.00774;0.00000;0.06609;0.15218
91;2020;6;20;0;22.25074;2950.45117;0.00754;0.00000;0.06600;0.15186
91;2020;6;20;0;21.36257;2908.09448;0.00735;0.00000;0.06592;0.15156
91;2020;6;20;0;20.48504;2865.11450;0.00715;0.00000;0.06584;0.15125
91;2020;6;20;0;19.61833;2821.48169;0.00695;0.00000;0.06577;0.15095
91;2020;6;20;0;18.76258;2777.16382;0.00676;0.00000;0.06569;0.15065
91;2020;6;20;0;17.91798;2732.12524;0.00656;0.00000;0.06561;0.15036
91;2020;6;20;0;17.08470;2686.32788;0.00636;0.00000;0.06554;0.15008
91;2020;6;20;0;16.26293;2639.72949;0.00616;0.00000;0.06547;0.14981
91;2020;6;20;0;15.45288;2592.28467;0.00596;0.00000;0.06540;0.14955
91;2020;6;20;0;14.65477;2543.94238;0.00576;0.00000;0.06533;0.14930
91;2020;6;20;0;13.86881;2494.64697;0.00556;0.00000;0.06527;0.14906
91;2020;6;21;0;13.12965;2446.61426;0.00537;0.00000;0.06521;0.14884
91;2020;6;21;0;12.40257;2397.63379;0.00517;0.00000;0.06517;0.14869
91;2020;6;21;0;11.68783;2347.64404;0.00498;0.00000;0.06514;0.14858
91;2020;6;21;0;10.98567;2296.57495;0.00478;0.00000;0.06511;0.14847
91;2020;6;21;0;10.29636;2244.34937;0.00459;0.00000;0.06508;0.14833
91;2020;6;21;0;9.62018;2190.87915;0.00439;0.00000;0.06504;0.14819
91;2020;6;21;0;8.95746;2136.06543;0.00419;0.00000;0.06500;0.14804
91;2020;6;21;0;8.30851;2079.79443;0.00399;0.00000;0.06496;0.14788
91;2020;6;21;0;7.67372;2021.93652;0.00380;0.00000;0.06492;0.14774
91;2020;6;21;0;7.05348;1962.34045;0.00359;0.00000;0.06489;0.14762
91;2020;6;21;0;6.44823;1900.82959;0.00339;0.00000;0.06486;0.14750
91;2020;6;21;0;5.85844;1837.19507;0.00319;0.00000;0.06483;0.14738
91;2020;6;21;0;5.28465;1771.18640;0.00298;0.00000;0.06480;0.14727
91;2020;6;21;0;4.72745;1702.50000;0.00278;0.00000;0.06477;0.14716
91;2020;6;21;0;4.18752;1630.76025;0.00257;0.00000;0.06474;0.14706
91;2020;6;21;0;3.66561;1555.49475;0.00236;0.00000;0.06472;0.14695
91;2020;6;21;0;3.16261;1476.09436;0.00214;0.00000;0.06469;0.14685
91;2020;6;21;0;2.67955;1391.75110;0.00193;0.00000;0.06466;0.14674
91;2020;6;21;0;2.21768;1301.35254;0.00170;0.00000;0.06463;0.14662
91;2020;6;21;0;1.77850;1203.29370;0.00148;0.00000;0.06460;0.14651
91;2020;6;21;0;1.36392;1095.10498;0.00125;0.00000;0.06457;0.14639
91;2020;6;21;0;0.97650;972.61566;0.00100;0.00000;0.06453;0.14626
91;2020;6;21;0;0.61979;827.67328;0.00075;0.00000;0.06450;0.14614
91;2020;6;21;0;0.29942;639.28925;0.00047;0.00000;0.06447;0.14601
91;2020;6;21;0;0.02624;269.39050;0.00010;0.00000;0.06443;0.14587
91;2020;6;21;0;0.00100;84.46319;0.00001;0.00000;0.06437;0.14565
91;2020;6;21;0;0.00100;84.46319;0.00001;0.00000;0.06432;0.14548
91;2020;6;21;0;0.00100;84.46319;0.00001;0.00000;0.06430;0.14538
91;2020;6;21;0;0.00100;84.46319;0.00001;0.00000;0.06427;0.14526
91;2020;6;21;0;0.00100;84.46319;0.00001;0.00000;0.06424;0.14515
91;2020;6;21;0;0.00100;84.46319;0.00001;0.00000;0.06421;0.14503
91;2020;6;21;0;0.00100;84.46319;0.00001;0.00000;0.06418;0.14492
91;2020;6;21;0;0.00100;84.46319;0.00001;0.00000;0.06415;0.14480
91;2020;6;21;0;0.00100;84.46319;0.00001;0.00000;0.06412;0.14469
91;2020;6;21;0;0.00100;84.46319;0.00001;0.00000;0.06409;0.14458
91;2020;6;21;0;0.00100;84.46319;0.00001;0.00000;0.06405;0.14446
91;2020;6;21;0;0.00100;84.46319;0.00001;0.00000;0.06402;0.14435
91;2020;6;21;0;0.00100;84.46319;0.00001;0.00000;0.06399;0.14424
91;2020;6;21;0;0.00100;84.46319;0.00001;0.00000;0.06396;0.14412
91;2020;6;21;0;0.00100;84.46319;0.00001;0.00000;0.06394;0.14401
91;2020;6;21;0;0.00100;84.46319;0.00001;0.00000;0.06391;0.14390
91;2020;6;21;0;0.00100;84.46319;0.00001;0.00000;0.06388;0.14379
91;2020;6;21;0;0.00100;84.46319;0.00001;0.00000;0.06385;0.14368
91;2020;6;21;0;0.00100;84.46319;0.00001;0.00000;0.06382;0.14357
91;2020;6;21;0;0.00100;84.46319;0.00001;0.00000;0.06379;0.14346
91;2020;6;21;0;0.00100;84.46319;0.00001;0.00000;0.06376;0.14336
91;2020;6;21;0;0.00100;84.46319;0.00001;0.00000;0.06373;0.14325
91;2020;6;21;0;0.00100;84.46319;0.00001;0.00000;0.06370;0.14314
91;2020;6;22;0;0.00100;84.46319;0.00001;0.00000;0.06366;0.14298
91;2020;6;22;0;0.00100;84.46319;0.00001;0.00000;0.06360;0.14275
91;2020;6;22;0;0.00100;84.46319;0.00001;0.00000;0.06352;0.14245
91;2020;6;22;0;0.00100;84.46319;0.00001;0.00000;0.06342;0.14209
91;2020;6;22;0;0.00100;84.46319;0.00001;0.00000;0.06332;0.14170
91;2020;6;22;0;0.00100;84.46319;0.00001;0.00000;0.06321;0.14130
91;2020;6;22;0;0.00100;84.46319;0.00001;0.00000;0.06311;0.14093
91;2020;6;22;0;0.00100;84.46319;0.00001;0.00000;0.06302;0.14058
91;2020;6;22;0;0.00100;84.46319;0.00001;0.00000;0.06293;0.14025
91;2020;6;22;0;0.00100;84.46319;0.00001;0.00000;0.06284;0.13993
91;2020;6;22;0;0.00100;84.46319;0.00001;0.00000;0.06276;0.13961
91;2020;6;22;0;0.00100;84.46319;0.00001;0.00000;0.06267;0.13930
91;2020;6;22;0;0.00100;84.46319;0.00001;0.00000;0.06259;0.13898
91;2020;6;22;0;0.00100;84.46319;0.00001;0.00000;0.06250;0.13867
91;2020;6;22;0;0.00100;84.46319;0.00001;0.00000;0.06242;0.13836
91;2020;6;22;0;0.00100;84.46319;0.00001;0.00000;0.06233;0.13805
91;2020;6;22;0;0.00100;84.46319;0.00001;0.00000;0.06225;0.13774
91;2020;6;22;0;0.00100;84.46319;0.00001;0.00000;0.06217;0.13743
91;2020;6;22;0;0.00100;84.46319;0.00001;0.00000;0.06208;0.13713
91;2020;6;22;0;0.00100;84.46319;0.00001;0.00000;0.06200;0.13683
91;2020;6;22;0;0.00100;84.46319;0.00001;0.00000;0.06192;0.13653
91;2020;6;22;0;0.00100;84.46319;0.00001;0.00000;0.06184;0.13623
91;2020;6;22;0;0.00100;84.46319;0.00001;0.00000;0.06176;0.13594
91;2020;6;22;0;0.00100;84.46319;0.00001;0.00000;0.06168;0.13565
91;2020;6;22;0;0.00100;84.46319;0.00001;0.00000;0.06160;0.13537
91;2020;6;22;0;0.00100;84.46319;0.00001;0.00000;0.06153;0.13509
91;2020;6;22;0;0.00100;84.46319;0.00001;0.00000;0.06145;0.13481
91;2020;6;22;0;0.00100;84.46319;0.00001;0.00000;0.06138;0.13454
91;2020;6;22;0;0.00100;84.46319;0.00001;0.00000;0.06130;0.13427
91;2020;6;22;0;0.00100;84.46319;0.00001;0.00000;0.06123;0.13401
91;2020;6;22;0;0.00100;84.46319;0.00001;0.00000;0.06116;0.13376
91;2020;6;22;0;0.00100;84.46319;0.00001;0.00000;0.06109;0.13351
91;2020;6;22;0;0.00100;84.46319;0.00001;0.00000;0.06103;0.13326
91;2020;6;22;0;0.00100;84.46319;0.00001;0.00000;0.06096;0.13302
91;2020;6;22;0;0.00100;84.46319;0.00001;0.00000;0.06090;0.13278
91;2020;6;22;0;0.00100;84.46319;0.00001;0.00000;0.06083;0.13255
91;2020;6;22;0;0.00100;84.46319;0.00001;0.00000;0.06077;0.13233
91;2020;6;22;0;0.00100;84.46319;0.00001;0.00000;0.06071;0.13210
91;2020;6;22;0;0.00100;84.46319;0.00001;0.00000;0.06065;0.13189
91;2020;6;22;0;0.00100;84.46319;0.00001;0.00000;0.06059;0.13167
91;2020;6;22;0;0.00100;84.46319;0.00001;0.00000;0.06053;0.13146
91;2020;6;22;0;0.00100;84.46319;0.00001;0.00000;0.06047;0.13126
91;2020;6;22;0;0.00100;84.46319;0.00001;0.00000;0.06042;0.13105
91;2020;6;22;0;0.00100;84.46319;0.00001;0.00000;0.06036;0.13086
91;2020;6;22;0;0.00100;84.46319;0.00001;0.00000;0.06031;0.13066
91;2020;6;22;0;0.00100;84.46319;0.00001;0.00000;0.06026;0.13047
91;2020;6;22;0;0.00100;84.46319;0.00001;0.00000;0.06020;0.13028
91;2020;6;22;0;0.00100;84.46319;0.00001;0.00000;0.06015;0.13010
91;2020;6;23;0;0.00100;84.46319;0.00001;0.00000;0.06013;0.13000
91;2020;6;23;0;0.00100;84.46319;0.00001;0.00000;0.06014;0.13005
91;2020;6;23;0;0.00100;84.46319;0.00001;0.00000;0.06024;0.13041
91;2020;6;23;0;0.00100;84.46319;0.00001;0.00000;0.06051;0.13139
91;2020;6;23;0;0.00100;84.46319;0.00001;0.00000;0.06099;0.13311
91;2020;6;23;0;0.00100;84.46319;0.00001;0.00000;0.06163;0.13546
91;2020;6;23;0;0.00100;84.46319;0.00001;0.00000;0.06232;0.13801
91;2020;6;23;0;0.00100;84.46319;0.00001;0.00000;0.06297;0.14043
91;2020;6;23;0;0.00100;84.46319;0.00001;0.00000;0.06354;0.14252
91;2020;6;23;0;0.00100;84.46319;0.00001;0.00000;0.06401;0.14428
91;2020;6;23;0;0.00100;84.46319;0.00001;0.00000;0.06440;0.14576
91;2020;6;23;0;0.00100;84.46319;0.00001;0.00000;0.06473;0.14702
91;2020;6;23;0;0.00100;84.46319;0.00001;0.00000;0.06503;0.14814
91;2020;6;23;0;0.00100;84.46319;0.00001;0.00000;0.06530;0.14916
91;2020;6;23;0;0.00100;84.46319;0.00001;0.00000;0.06555;0.15013
91;2020;6;23;0;0.00100;84.46319;0.00001;0.00000;0.06579;0.15104
91;2020;6;23;0;0.00100;84.46319;0.00001;0.00000;0.06602;0.15193
91;2020;6;23;0;0.00100;84.46319;0.00001;0.00000;0.06625;0.15280
91;2020;6;23;0;0.00100;84.46319;0.00001;0.00000;0.06647;0.15364
91;2020;6;23;0;0.00100;84.46319;0.00001;0.00000;0.06668;0.15447
91;2020;6;23;0;0.00100;84.46319;0.00001;0.00000;0.06689;0.15528
91;2020;6;23;0;0.00100;84.46319;0.00001;0.00000;0.06709;0.15607
91;2020;6;23;0;0.00100;84.46319;0.00001;0.00000;0.06729;0.15684
91;2020;6;23;0;0.00100;84.46319;0.00001;0.00000;0.06749;0.15760
91;2020;6;23;0;0.00100;84.46319;0.00001;0.00000;0.06768;0.15834
91;2020;6;23;0;0.00100;84.46319;0.00001;0.00000;0.06786;0.15905
91;2020;6;23;0;0.00100;84.46319;0.00001;0.00000;0.06804;0.15975
91;2020;6;23;0;0.00100;84.46319;0.00001;0.00000;0.06821;0.16042
91;2020;6;23;0;0.00100;84.46319;0.00001;0.00000;0.06838;0.16107
91;2020;6;23;0;0.00100;84.46319;0.00001;0.00000;0.06854;0.16170
91;2020;6;23;0;0.00100;84.46319;0.00001;0.00000;0.06869;0.16231
91;2020;6;23;0;0.00100;84.46319;0.00001;0.00000;0.06884;0.16289
91;2020;6;23;0;0.00100;84.46319;0.00001;0.00000;0.06898;0.16344
91;2020;6;23;0;0.00100;84.46319;0.00001;0.00000;0.06911;0.16398
91;2020;6;23;0;0.00100;84.46319;0.00001;0.00000;0.06924;0.16448
91;2020;6;23;0;0.00100;84.46319;0.00001;0.00000;0.06936;0.16497
91;2020;6;23;0;0.00100;84.46319;0.00001;0.00000;0.06948;0.16544
91;2020;6;23;0;0.00100;84.46319;0.00001;0.00000;0.06960;0.16591
91;2020;6;23;0;0.00100;84.46319;0.00001;0.00000;0.06972;0.16636
91;2020;6;23;0;0.00100;84.46319;0.00001;0.00000;0.06982;0.16680
91;2020;6;23;0;0.00100;84.46319;0.00001;0.00000;0.06993;0.16722
91;2020;6;23;0;0.00100;84.46319;0.00001;0.00000;0.07003;0.16762
91;2020;6;23;0;0.00100;84.46319;0.00001;0.00000;0.07013;0.16800
91;2020;6;23;0;0.00100;84.46319;0.00001;0.00000;0.07022;0.16836
91;2020;6;23;0;0.00100;84.46319;0.00001;0.00000;0.07031;0.16871
91;2020;6;23;0;0.00100;84.46319;0.00001;0.00000;0.07039;0.16904
91;2020;6;23;0;0.00100;84.46319;0.00001;0.00000;0.07047;0.16936
91;2020;6;23;0;0.00100;84.46319;0.00001;0.00000;0.07054;0.16965
91;2020;6;24;0;3.37742;1510.93250;0.00224;0.00000;0.07104;0.17168
91;2020;6;24;0;6.39751;1895.50854;0.00338;0.00000;0.07256;0.17782
91;2020;6;24;0;9.32224;2166.54785;0.00430;0.00000;0.07491;0.18752
91;2020;6;24;0;12.18025;2382.28809;0.00511;0.00000;0.07768;0.19923
91;2020;6;24;0;14.98562;2564.18335;0.00584;0.00000;0.08084;0.21292
91;2020;6;24;0;17.74687;2722.83521;0.00652;0.00000;0.08415;0.22762
91;2020;6;24;0;20.46967;2864.35107;0.00715;0.00000;0.08713;0.24124
91;2020;6;24;0;23.15806;2992.60962;0.00774;0.00000;0.08964;0.25293
91;2020;6;24;0;25.81513;3110.24976;0.00830;0.00000;0.09169;0.26262
91;2020;6;24;0;28.44340;3219.15918;0.00884;0.00000;0.09341;0.27089
91;2020;6;24;0;31.04492;3320.74048;0.00935;0.00000;0.09488;0.27803
91;2020;6;24;0;33.62147;3416.06812;0.00984;0.00000;0.09618;0.28444
91;2020;6;24;0;36.17456;3505.98535;0.01032;0.00000;0.09738;0.29036
91;2020;6;24;0;38.70551;3591.16772;0.01078;0.00000;0.09850;0.29596
91;2020;6;24;0;41.21548;3672.16553;0.01122;0.00000;0.09957;0.30132
91;2020;6;24;0;43.70551;3749.43384;0.01166;0.00000;0.10059;0.30650
91;2020;6;24;0;46.17652;3823.35278;0.01208;0.00000;0.10158;0.31152
91;2020;6;24;0;48.62933;3894.24536;0.01249;0.00000;0.10252;0.31638
91;2020;6;24;0;51.06468;3962.38647;0.01289;0.00000;0.10344;0.32109
91;2020;6;24;0;53.48325;4028.01343;0.01328;0.00000;0.10432;0.32566
91;2020;6;24;0;55.88565;4091.33301;0.01366;0.00000;0.10516;0.33007
91;2020;6;24;0;58.27245;4152.52539;0.01403;0.00000;0.10598;0.33433
91;2020;6;24;0;60.64417;4211.75000;0.01440;0.00000;0.10675;0.33843
91;2020;6;24;0;63.00127;4269.14746;0.01476;0.00000;0.10750;0.34238
91;2020;6;24;0;65.34422;4324.84375;0.01511;0.00000;0.10821;0.34618
91;2020;6;24;0;67.67342;4378.95020;0.01545;0.00000;0.10890;0.34983
91;2020;6;24;0;69.98926;4431.56787;0.01579;0.00000;0.10955;0.35333
91;2020;6;24;0;72.29208;4482.78809;0.01613;0.00000;0.11017;0.35668
91;2020;6;24;0;74.58224;4532.69336;0.01645;0.00000;0.11076;0.35989
91;2020;6;24;0;76.86005;4581.35742;0.01678;0.00000;0.11133;0.36295
91;2020;6;24;0;79.12581;4628.85059;0.01709;0.00000;0.11187;0.36587
91;2020;6;24;0;81.37979;4675.23389;0.01741;0.00000;0.11237;0.36865
91;2020;6;24;0;83.62227;4720.56543;0.01771;0.00000;0.11285;0.37127
91;2020;6;24;0;85.85349;4764.89746;0.01802;0.00000;0.11331;0.37376
91;2020;6;24;0;88.07369;4808.27930;0.01832;0.00000;0.11373;0.37610
91;2020;6;24;0;90.28310;4850.75537;0.01861;0.00000;0.11413;0.37831
91;2020;6;24;0;92.48193;4892.36768;0.01890;0.00000;0.11451;0.38038
91;2020;6;24;0;94.67039;4933.15430;0.01919;0.00000;0.11485;0.38231
91;2020;6;24;0;96.84868;4973.15186;0.01947;0.00000;0.11518;0.38412
91;2020;6;24;0;99.01698;5012.39404;0.01975;0.00000;0.11548;0.38581
91;2020;6;24;0;101.17547;5050.91162;0.02003;0.00000;0.11577;0.38738
91;2020;6;24;0;103.32433;5088.73486;0.02030;0.00000;0.11603;0.38885
91;2020;6;24;0;105.46371;5125.89014;0.02057;0.00000;0.11627;0.39021
91;2020;6;24;0;107.59378;5162.40430;0.02084;0.00000;0.11650;0.39148
91;2020;6;24;0;109.71470;5198.30078;0.02111;0.00000;0.11671;0.39267
91;2020;6;24;0;111.82661;5233.60254;0.02137;0.00000;0.11691;0.39377
91;2020;6;24;0;113.92965;5268.33154;0.02163;0.00000;0.11709;0.39481
91;2020;6;24;0;116.02396;5302.50830;0.02188;0.00000;0.11726;0.39577
91;2020;6;25;0;115.28793;5290.54297;0.02179;0.00000;0.11715;0.39512
91;2020;6;25;0;114.55457;5278.57178;0.02170;0.00000;0.11649;0.39142
91;2020;6;25;0;113.82365;5266.59131;0.02161;0.00000;0.11536;0.38513
91;2020;6;25;0;113.09489;5254.59668;0.02152;0.00000;0.11376;0.37625
91;2020;6;25;0;112.36807;5242.58398;0.02143;0.00000;0.11167;0.36483
91;2020;6;25;0;111.64319;5230.55371;0.02134;0.00000;0.10951;0.35310
91;2020;6;25;0;110.92040;5218.50830;0.02126;0.00000;0.10765;0.34318
91;2020;6;25;0;110.19991;5206.44971;0.02117;0.00000;0.10615;0.33525
91;2020;6;25;0;109.48187;5194.38232;0.02108;0.00000;0.10495;0.32897
91;2020;6;25;0;108.76639;5182.30664;0.02099;0.00000;0.10396;0.32381
91;2020;6;25;0;108.05353;5170.22412;0.02090;0.00000;0.10310;0.31936
91;2020;6;25;0;107.34334;5158.13574;0.02081;0.00000;0.10233;0.31538
91;2020;6;25;0;106.63584;5146.04150;0.02072;0.00000;0.10161;0.31169
91;2020;6;25;0;105.93107;5133.94238;0.02063;0.00000;0.10093;0.30822
91;2020;6;25;0;105.22902;5121.83838;0.02055;0.00000;0.10028;0.30491
91;2020;6;25;0;104.52972;5109.72998;0.02046;0.00000;0.09965;0.30174
91;2020;6;25;0;103.83317;5097.61719;0.02037;0.00000;0.09904;0.29868
91;2020;6;25;0;103.13939;5085.50000;0.02028;0.00000;0.09846;0.29575
91;2020;6;25;0;102.44839;5073.37939;0.02019;0.00000;0.09790;0.29294
91;2020;6;25;0;101.76020;5061.25488;0.02011;0.00000;0.09735;0.29024
91;2020;6;25;0;101.07481;5049.12744;0.02002;0.00000;0.09684;0.28767
91;2020;6;25;0;100.39224;5036.99756;0.01993;0.00000;0.09634;0.28520
91;2020;6;25;0;99.71250;5024.86426;0.01984;0.00000;0.09585;0.28283
91;2020;6;25;0;99.03559;5012.72852;0.01976;0.00000;0.09538;0.28051
91;2020;6;25;0;98.36152;5000.59033;0.01967;0.00000;0.09492;0.27826
91;2020;6;25;0;97.69030;4988.45020;0.01958;0.00000;0.09448;0.27612
91;2020;6;25;0;97.02195;4976.30859;0.01950;0.00000;0.09408;0.27413
91;2020;6;25;0;96.35648;4964.16553;0.01941;0.00000;0.09370;0.27229
91;2020;6;25;0;95.69392;4952.02148;0.01932;0.00000;0.09334;0.27058
91;2020;6;25;0;95.03426;4939.87646;0.01924;0.00000;0.09301;0.26897
91;2020;6;25;0;94.37751;4927.73096;0.01915;0.00000;0.09269;0.26745
91;2020;6;25;0;93.72369;4915.58594;0.01907;0.00000;0.09239;0.26600
91;2020;6;25;0;93.07281;4903.44043;0.01898;0.00000;0.09210;0.26462
91;2020;6;25;0;92.42486;4891.29541;0.01890;0.00000;0.09183;0.26331
91;2020;6;25;0;91.77985;4879.15088;0.01881;0.00000;0.09157;0.26206
91;2020;6;25;0;91.13780;4867.00732;0.01873;0.00000;0.09132;0.26087
91;2020;6;25;0;90.49871;4854.86426;0.01864;0.00000;0.09108;0.25974
91;2020;6;25;0;89.86258;4842.72266;0.01856;0.00000;0.09086;0.25867
91;2020;6;25;0;89.22942;4830.58301;0.01847;0.00000;0.09064;0.25766
91;2020;6;25;0;88.59922;4818.44434;0.01839;0.00000;0.09044;0.25670
91;2020;6;25;0;87.97201;4806.30811;0.01830;0.00000;0.09024;0.25578
91;2020;6;25;0;87.34778;4794.17383;0.01822;0.00000;0.09006;0.25491
91;2020;6;25;0;86.72653;4782.04199;0.01814;0.00000;0.08988;0.25408
91;2020;6;25;0;86.10828;4769.91260;0.01805;0.00000;0.08972;0.25329
91;2020;6;25;0;85.49302;4757.78613;0.01797;0.00000;0.08956;0.25253
91;2020;6;25;0;84.88075;4745.66260;0.01789;0.00000;0.08940;0.25181
91;2020;6;25;0;84.27148;4733.54248;0.01780;0.00000;0.08926;0.25113
91;2020;6;25;0;83.66521;4721.42578;0.01772;0.00000;0.08912;0.25047
91;2020;6;26;0;82.48058;4697.58594;0.01756;0.00000;0.08881;0.24904
91;2020;6;26;0;81.30157;4673.63867;0.01740;0.00000;0.08810;0.24572
91;2020;6;26;0;80.12813;4649.58057;0.01723;0.00000;0.08711;0.24115
91;2020;6;26;0;78.96030;4625.41113;0.01707;0.00000;0.08616;0.23680
91;2020;6;26;0;77.79818;4601.12988;0.01691;0.00000;0.08533;0.23300
91;2020;6;26;0;76.64185;4576.73682;0.01675;0.00000;0.08462;0.22978
91;2020;6;26;0;75.49139;4552.22998;0.01658;0.00000;0.08404;0.22714
91;2020;6;26;0;74.34689;4527.61035;0.01642;0.00000;0.08353;0.22483
91;2020;6;26;0;73.20839;4502.87598;0.01626;0.00000;0.08306;0.22275
91;2020;6;26;0;72.07593;4478.02539;0.01610;0.00000;0.08262;0.22080
91;2020;6;26;0;70.94954;4453.05664;0.01593;0.00000;0.08220;0.21891
91;2020;6;26;0;69.82926;4427.96924;0.01577;0.00000;0.08179;0.21709
91;2020;6;26;0;68.71513;4402.76025;0.01561;0.00000;0.08138;0.21529
91;2020;6;26;0;67.60718;4377.42773;0.01544;0.00000;0.08098;0.21352
91;2020;6;26;0;66.50543;4351.97070;0.01528;0.00000;0.08058;0.21178
91;2020;6;26;0;65.40994;4326.38721;0.01512;0.00000;0.08019;0.21006
91;2020;6;26;0;64.32072;4300.67480;0.01496;0.00000;0.07980;0.20838
91;2020;6;26;0;63.23782;4274.83105;0.01479;0.00000;0.07942;0.20672
91;2020;6;26;0;62.16128;4248.85449;0.01463;0.00000;0.07905;0.20510
91;2020;6;26;0;61.09112;4222.74316;0.01447;0.00000;0.07868;0.20352
91;2020;6;26;0;60.02739;4196.49414;0.01430;0.00000;0.07832;0.20198
91;2020;6;26;0;58.97012;4170.10596;0.01414;0.00000;0.07797;0.20048
91;2020;6;26;0;57.91936;4143.57617;0.01398;0.00000;0.07763;0.19903
91;2020;6;26;0;56.87514;4116.90234;0.01382;0.00000;0.07730;0.19762
91;2020;6;26;0;55.83752;4090.08179;0.01365;0.00000;0.07698;0.19626
91;2020;6;26;0;54.80651;4063.11230;0.01349;0.00000;0.07667;0.19495
91;2020;6;26;0;53.78219;4035.99097;0.01333;0.00000;0.07637;0.19368
91;2020;6;26;0;52.76457;4008.71606;0.01316;0.00000;0.07609;0.19246
91;2020;6;26;0;51.75372;3981.28369;0.01300;0.00000;0.07581;0.19128
91;2020;6;26;0;50.74967;3953.69214;0.01284;0.00000;0.07554;0.19015
91;2020;6;26;0;49.75246;3925.93774;0.01267;0.00000;0.07528;0.18907
91;2020;6;26;0;48.76216;3898.01782;0.01251;0.00000;0.07503;0.18802
91;2020;6;26;0;47.77879;3869.92944;0.01235;0.00000;0.07479;0.18703
91;2020;6;26;0;46.80241;3841.66919;0.01218;0.00000;0.07456;0.18607
91;2020;6;26;0;45.83307;3813.23364;0.01202;0.00000;0.07434;0.18516
91;2020;6;26;0;44.87081;3784.62012;0.01186;0.00000;0.07413;0.18429
91;2020;6;26;0;43.91568;3755.82422;0.01169;0.00000;0.07393;0.18345
91;2020;6;26;0;42.96774;3726.84277;0.01153;0.00000;0.07373;0.18265
91;2020;6;26;0;42.02703;3697.67188;0.01137;0.00000;0.07355;0.18188
91;2020;6;26;0;41.09360;3668.30713;0.01120;0.00000;0.07337;0.18115
91;2020;6;26;0;40.16751;3638.74561;0.01104;0.00000;0.07320;0.18044
91;2020;6;26;0;39.24882;3608.98169;0.01088;0.00000;0.07303;0.17976
91;2020;6;26;0;38.33757;3579.01221;0.01071;0.00000;0.07287;0.17911
91;2020;6;26;0;37.43381;3548.83179;0.01055;0.00000;0.07272;0.17848
91;2020;6;26;0;36.53761;3518.43555;0.01038;0.00000;0.07257;0.17788
91;2020;6;26;0;35.64902;3487.81934;0.01022;0.00000;0.07243;0.17730
91;2020;6;26;0;34.76809;3456.97705;0.01006;0.00000;0.07229;0.17674
91;2020;6;26;0;33.89490;3425.90405;0.00989;0.00000;0.07216;0.17621
91;2020;6;27;0;32.99508;3393.33862;0.00972;0.00000;0.07202;0.17564
91;2020;6;27;0;32.10339;3360.49731;0.00955;0.00000;0.07185;0.17492
91;2020;6;27;0;31.21988;3327.37183;0.00938;0.00000;0.07162;0.17399
91;2020;6;27;0;30.34461;3293.95337;0.00921;0.00000;0.07136;0.17294
91;2020;6;27;0;29.47765;3260.23340;0.00904;0.00000;0.07111;0.17196
91;2020;6;27;0;28.61911;3226.20459;0.00887;0.00000;0.07091;0.17115
91;2020;6;27;0;27.76909;3191.85840;0.00870;0.00000;0.07075;0.17051
91;2020;6;27;0;26.92767;3157.18530;0.00853;0.00000;0.07062;0.16998
91;2020;6;27;0;26.09496;3122.17578;0.00836;0.00000;0.07051;0.16953
91;2020;6;27;0;25.27103;3086.81909;0.00819;0.00000;0.07041;0.16913
91;2020;6;27;0;24.45598;3051.10425;0.00802;0.00000;0.07032;0.16876
91;2020;6;27;0;23.64991;3015.01904;0.00784;0.00000;0.07023;0.16841
91;2020;6;27;0;22.85290;2978.55127;0.00767;0.00000;0.07015;0.16809
91;2020;6;27;0;22.06506;2941.68750;0.00750;0.00000;0.07007;0.16777
91;2020;6;27;0;21.28648;2904.41357;0.00733;0.00000;0.07000;0.16748
91;2020;6;27;0;20.51728;2866.71411;0.00716;0.00000;0.06993;0.16721
91;2020;6;27;0;19.75756;2828.57373;0.00698;0.00000;0.06986;0.16695
91;2020;6;27;0;19.00743;2789.97534;0.00681;0.00000;0.06980;0.16671
91;2020;6;27;0;18.26702;2750.90039;0.00664;0.00000;0.06975;0.16649
91;2020;6;27;0;17.53643;2711.32959;0.00647;0.00000;0.06970;0.16630
91;2020;6;27;0;16.81581;2671.24268;0.00630;0.00000;0.06965;0.16612
91;2020;6;27;0;16.10527;2630.61694;0.00612;0.00000;0.06961;0.16596
91;2020;6;27;0;15.40496;2589.42798;0.00595;0.00000;0.06958;0.16581
91;2020;6;27;0;14.71502;2547.65063;0.00578;0.00000;0.06955;0.16569
91;2020;6;27;0;14.03561;2505.25659;0.00560;0.00000;0.06952;0.16558
91;2020;6;27;0;13.36687;2462.21558;0.00543;0.00000;0.06950;0.16549
91;2020;6;27;0;12.70896;2418.49463;0.00525;0.00000;0.06948;0.16541
91;2020;6;27;0;12.06207;2374.05737;0.00508;0.00000;0.06946;0.16534
91;2020;6;27;0;11.42638;2328.86548;0.00491;0.00000;0.06945;0.16529
91;2020;6;27;0;10.80206;2282.87549;0.00473;0.00000;0.06943;0.16524
91;2020;6;27;0;10.18933;2236.03979;0.00456;0.00000;0.06942;0.16521
91;2020;6;27;0;9.58839;2188.30640;0.00438;0.00000;0.06942;0.16518
91;2020;6;27;0;8.99947;2139.61694;0.00421;0.00000;0.06941;0.16515
91;2020;6;27;0;8.42282;2089.90674;0.00403;0.00000;0.06941;0.16514
91;2020;6;27;0;7.85868;2039.10315;0.00385;0.00000;0.06940;0.16512
91;2020;6;27;0;7.30733;1987.12427;0.00368;0.00000;0.06940;0.16511
91;2020;6;27;0;6.76906;1933.87781;0.00350;0.00000;0.06940;0.16511
91;2020;6;27;0;6.24420;1879.25757;0.00332;0.00000;0.06940;0.16510
91;2020;6;27;0;5.73308;1823.14221;0.00314;0.00000;0.06940;0.16509
91;2020;6;27;0;5.23608;1765.39062;0.00297;0.00000;0.06939;0.16509
91;2020;6;27;0;4.75361;1705.83765;0.00279;0.00000;0.06939;0.16508
91;2020;6;27;0;4.28611;1644.28809;0.00261;0.00000;0.06939;0.16507
91;2020;6;27;0;3.83410;1580.50781;0.00243;0.00000;0.06939;0.16505
91;2020;6;27;0;3.39811;1514.21216;0.00224;0.00000;0.06938;0.16504
91;2020;6;27;0;2.97879;1445.04968;0.00206;0.00000;0.06938;0.16502
91;2020;6;27;0;2.57685;1372.57654;0.00188;0.00000;0.06937;0.16500
91;2020;6;27;0;2.19312;1296.21863;0.00169;0.00000;0.06937;0.16498
91;2020;6;27;0;1.82856;1215.21130;0.00150;0.00000;0.06936;0.16495
91;2020;6;28;0;2.31492;1321.32898;0.00175;0.00000;0.06944;0.16527
91;2020;6;28;0;2.77481;1409.11694;0.00197;0.00000;0.06974;0.16646
91;2020;6;28;0;3.21297;1484.39612;0.00216;0.00000;0.07030;0.16870
91;2020;6;28;0;3.63270;1550.52356;0.00234;0.00000;0.07118;0.17221
91;2020;6;28;0;4.03650;1609.63525;0.00251;0.00000;0.07243;0.17728
91;2020;6;28;0;4.42623;1663.17212;0.00266;0.00000;0.07394;0.18350
91;2020;6;28;0;4.80329;1712.14551;0.00281;0.00000;0.07546;0.18981
91;2020;6;28;0;5.16872;1757.29565;0.00294;0.00000;0.07680;0.19549
91;2020;6;28;0;5.52338;1799.18494;0.00307;0.00000;0.07793;0.20029
91;2020;6;28;0;5.86796;1838.25488;0.00319;0.00000;0.07885;0.20427
91;2020;6;28;0;6.20312;1874.85986;0.00331;0.00000;0.07963;0.20762
91;2020;6;28;0;6.52941;1909.29041;0.00342;0.00000;0.08029;0.21053
91;2020;6;28;0;6.84734;1941.78735;0.00353;0.00000;0.08089;0.21313
91;2020;6;28;0;7.15738;1972.55273;0.00363;0.00000;0.08143;0.21552
91;2020;6;28;0;7.45994;2001.75781;0.00373;0.00000;0.08194;0.21775
91;2020;6;28;0;7.75539;2029.54895;0.00382;0.00000;0.08241;0.21986
91;2020;6;28;0;8.04408;2056.05200;0.00391;0.00000;0.08287;0.22188
91;2020;6;28;0;8.32633;2081.37646;0.00400;0.00000;0.08330;0.22381
91;2020;6;28;0;8.60241;2105.61792;0.00409;0.00000;0.08371;0.22566
91;2020;6;28;0;8.87260;2128.86035;0.00417;0.00000;0.08410;0.22744
91;2020;6;28;0;9.13713;2151.17798;0.00425;0.00000;0.08448;0.22914
91;2020;6;28;0;9.39623;2172.63672;0.00432;0.00000;0.08484;0.23077
91;2020;6;28;0;9.65010;2193.29590;0.00440;0.00000;0.08518;0.23233
91;2020;6;28;0;9.89895;2213.20801;0.00447;0.00000;0.08551;0.23382
91;2020;6;28;0;10.14293;2232.42065;0.00454;0.00000;0.08583;0.23525
91;2020;6;28;0;10.38224;2250.97705;0.00461;0.00000;0.08612;0.23662
91;2020;6;28;0;10.61702;2268.91650;0.00468;0.00000;0.08641;0.23793
91;2020;6;28;0;10.84742;2286.27417;0.00474;0.00000;0.08668;0.23918
91;2020;6;28;0;11.07359;2303.08301;0.00481;0.00000;0.08694;0.24039
91;2020;6;28;0;11.29565;2319.37256;0.00487;0.00000;0.08719;0.24154
91;2020;6;28;0;11.51373;2335.17065;0.00493;0.00000;0.08743;0.24264
91;2020;6;28;0;11.72796;2350.50195;0.00499;0.00000;0.08766;0.24371
91;2020;6;28;0;11.93843;2365.39014;0.00505;0.00000;0.08788;0.24472
91;2020;6;28;0;12.14526;2379.85669;0.00510;0.00000;0.08809;0.24570
91;2020;6;28;0;12.34855;2393.92139;0.00516;0.00000;0.08830;0.24664
91;2020;6;28;0;12.54840;2407.60303;0.00521;0.00000;0.08849;0.24754
91;2020;6;28;0;12.74489;2420.91919;0.00526;0.00000;0.08867;0.24840
91;2020;6;28;0;12.93812;2433.88525;0.00532;0.00000;0.08885;0.24922
91;2020;6;28;0;13.12817;2446.51685;0.00537;0.00000;0.08902;0.25001
91;2020;6;28;0;13.31512;2458.82764;0.00542;0.00000;0.08918;0.25076
91;2020;6;28;0;13.49905;2470.83130;0.00546;0.00000;0.08933;0.25147
91;2020;6;28;0;13.68002;2482.53955;0.00551;0.00000;0.08947;0.25215
91;2020;6;28;0;13.85812;2493.96436;0.00556;0.00000;0.08961;0.25280
91;2020;6;28;0;14.03340;2505.11694;0.00560;0.00000;0.08974;0.25341
91;2020;6;28;0;14.20594;2516.00708;0.00565;0.00000;0.08986;0.25399
91;2020;6;28;0;14.37579;2526.64502;0.00569;0.00000;0.08998;0.25454
91;2020;6;28;0;14.54302;2537.03955;0.00573;0.00000;0.09009;0.25506
91;2020;6;28;0;14.70768;2547.19946;0.00577;0.00000;0.09020;0.25555
91;2020;6;29;0;14.68318;2545.69214;0.00577;0.00000;0.09032;0.25612
91;2020;6;29;0;14.65918;2544.21436;0.00576;0.00000;0.09053;0.25714
91;2020;6;29;0;14.63576;2542.77051;0.00576;0.00000;0.09090;0.25890
91;2020;6;29;0;14.61294;2541.36279;0.00575;0.00000;0.09137;0.26110
91;2020;6;29;0;14.59070;2539.98901;0.00574;0.00000;0.09180;0.26318
91;2020;6;29;0;14.56899;2538.64697;0.00574;0.00000;0.09217;0.26492
91;2020;6;29;0;14.54779;2537.33496;0.00573;0.00000;0.09249;0.26645
91;2020;6;29;0;14.52707;2536.05151;0.00573;0.00000;0.09279;0.26790
91;2020;6;29;0;14.50684;2534.79688;0.00572;0.00000;0.09308;0.26934
91;2020;6;29;0;14.48707;2533.57031;0.00572;0.00000;0.09338;0.27079
91;2020;6;29;0;14.46777;2532.37183;0.00571;0.00000;0.09369;0.27225
91;2020;6;29;0;14.44893;2531.20068;0.00571;0.00000;0.09399;0.27371
91;2020;6;29;0;14.43054;2530.05688;0.00570;0.00000;0.09429;0.27517
91;2020;6;29;0;14.41260;2528.93945;0.00570;0.00000;0.09458;0.27661
91;2020;6;29;0;14.39509;2527.84814;0.00569;0.00000;0.09488;0.27803
91;2020;6;29;0;14.37800;2526.78223;0.00569;0.00000;0.09516;0.27942
91;2020;6;29;0;14.36132;2525.74170;0.00569;0.00000;0.09543;0.28076
91;2020;6;29;0;14.34504;2524.72485;0.00568;0.00000;0.09570;0.28207
91;2020;6;29;0;14.32915;2523.73193;0.00568;0.00000;0.09595;0.28332
91;2020;6;29;0;14.31364;2522.76172;0.00567;0.00000;0.09620;0.28452
91;2020;6;29;0;14.29849;2521.81372;0.00567;0.00000;0.09643;0.28566
91;2020;6;29;0;14.28369;2520.88672;0.00567;0.00000;0.09665;0.28674
91;2020;6;29;0;14.26924;2519.98096;0.00566;0.00000;0.09685;0.28776
91;2020;6;29;0;14.25511;2519.09473;0.00566;0.00000;0.09705;0.28871
91;2020;6;29;0;14.24129;2518.22803;0.00566;0.00000;0.09723;0.28960
91;2020;6;29;0;14.22779;2517.37988;0.00565;0.00000;0.09739;0.29043
91;2020;6;29;0;14.21457;2516.54980;0.00565;0.00000;0.09755;0.29120
91;2020;6;29;0;14.20164;2515.73682;0.00565;0.00000;0.09769;0.29191
91;2020;6;29;0;14.18898;2514.94067;0.00564;0.00000;0.09782;0.29257
91;2020;6;29;0;14.17659;2514.16064;0.00564;0.00000;0.09794;0.29318
91;2020;6;29;0;14.16445;2513.39600;0.00564;0.00000;0.09806;0.29373
91;2020;6;29;0;14.15255;2512.64673;0.00563;0.00000;0.09816;0.29424
91;2020;6;29;0;14.14090;2511.91162;0.00563;0.00000;0.09825;0.29471
91;2020;6;29;0;14.12947;2511.19092;0.00563;0.00000;0.09834;0.29515
91;2020;6;29;0;14.11826;2510.48389;0.00562;0.00000;0.09842;0.29554
91;2020;6;29;0;14.10728;2509.79004;0.00562;0.00000;0.09849;0.29591
91;2020;6;29;0;14.09650;2509.10913;0.00562;0.00000;0.09856;0.29624
91;2020;6;29;0;14.08592;2508.44092;0.00562;0.00000;0.09862;0.29655
91;2020;6;29;0;14.07554;2507.78467;0.00561;0.00000;0.09868;0.29683
91;2020;6;29;0;14.06536;2507.14014;0.00561;0.00000;0.09873;0.29710
91;2020;6;29;0;14.05536;2506.50732;0.00561;0.00000;0.09878;0.29734
91;2020;6;29;0;14.04554;2505.88599;0.00561;0.00000;0.09882;0.29757
91;2020;6;29;0;14.03590;2505.27539;0.00560;0.00000;0.09886;0.29778
91;2020;6;29;0;14.02644;2504.67578;0.00560;0.00000;0.09890;0.29797
91;2020;6;29;0;14.01715;2504.08643;0.00560;0.00000;0.09894;0.29816
91;2020;6;29;0;14.00802;2503.50757;0.00560;0.00000;0.09897;0.29833
91;2020;6;29;0;13.99906;2502.93896;0.00559;0.00000;0.09901;0.29850
91;2020;6;29;0;13.99026;2502.38013;0.00559;0.00000;0.09904;0.29865
